"","country","iso3","Year","Month","date","cases","source"
"1","Afghanistan","AFG",2025,1,2025-01-01,71,"WHO"
"2","Afghanistan","AFG",2025,2,2025-02-01,26,"WHO"
"3","Afghanistan","AFG",2025,3,2025-03-01,18,"WHO"
"4","Afghanistan","AFG",2025,4,2025-04-01,131,"WHO"
"5","Afghanistan","AFG",2025,5,2025-05-01,216,"WHO"
"6","Afghanistan","AFG",2025,6,2025-06-01,166,"WHO"
"7","Afghanistan","AFG",2025,7,2025-07-01,339,"WHO"
"8","Afghanistan","AFG",2025,8,2025-08-01,273,"WHO"
"9","Afghanistan","AFG",2025,9,2025-09-01,297,"WHO"
"10","Afghanistan","AFG",2025,10,2025-10-01,1826,"WHO"
"11","Afghanistan","AFG",2025,11,2025-11-01,1021,"WHO"
"12","Afghanistan","AFG",2025,12,2025-12-01,NA,NA
"13","Afghanistan","AFG",2026,1,2026-01-01,NA,NA
"14","Afghanistan","AFG",2026,2,2026-02-01,NA,NA
"15","Afghanistan","AFG",2026,3,2026-03-01,NA,NA
"16","Afghanistan","AFG",2026,4,2026-04-01,NA,NA
"17","Afghanistan","AFG",2026,5,2026-05-01,NA,NA
"18","Afghanistan","AFG",2026,6,2026-06-01,NA,NA
"19","Afghanistan","AFG",2026,7,2026-07-01,NA,NA
"20","Afghanistan","AFG",2026,8,2026-08-01,NA,NA
"21","Afghanistan","AFG",2026,9,2026-09-01,NA,NA
"22","Afghanistan","AFG",2026,10,2026-10-01,NA,NA
"23","Afghanistan","AFG",2026,11,2026-11-01,NA,NA
"24","Afghanistan","AFG",2026,12,2026-12-01,NA,NA
"25","Albania","ALB",2025,1,2025-01-01,0,"WHO"
"26","Albania","ALB",2025,2,2025-02-01,0,"WHO"
"27","Albania","ALB",2025,3,2025-03-01,0,"WHO"
"28","Albania","ALB",2025,4,2025-04-01,0,"WHO"
"29","Albania","ALB",2025,5,2025-05-01,0,"WHO"
"30","Albania","ALB",2025,6,2025-06-01,0,"WHO"
"31","Albania","ALB",2025,7,2025-07-01,0,"WHO"
"32","Albania","ALB",2025,8,2025-08-01,0,"WHO"
"33","Albania","ALB",2025,9,2025-09-01,0,"WHO"
"34","Albania","ALB",2025,10,2025-10-01,0,"WHO"
"35","Albania","ALB",2025,11,2025-11-01,0,"WHO"
"36","Albania","ALB",2025,12,2025-12-01,0,"WHO"
"37","Albania","ALB",2026,1,2026-01-01,NA,NA
"38","Albania","ALB",2026,2,2026-02-01,NA,NA
"39","Albania","ALB",2026,3,2026-03-01,NA,NA
"40","Albania","ALB",2026,4,2026-04-01,NA,NA
"41","Albania","ALB",2026,5,2026-05-01,NA,NA
"42","Albania","ALB",2026,6,2026-06-01,NA,NA
"43","Albania","ALB",2026,7,2026-07-01,NA,NA
"44","Albania","ALB",2026,8,2026-08-01,NA,NA
"45","Albania","ALB",2026,9,2026-09-01,NA,NA
"46","Albania","ALB",2026,10,2026-10-01,NA,NA
"47","Albania","ALB",2026,11,2026-11-01,NA,NA
"48","Albania","ALB",2026,12,2026-12-01,NA,NA
"49","Andorra","AND",2025,1,2025-01-01,0,"WHO"
"50","Andorra","AND",2025,2,2025-02-01,0,"WHO"
"51","Andorra","AND",2025,3,2025-03-01,0,"WHO"
"52","Andorra","AND",2025,4,2025-04-01,0,"WHO"
"53","Andorra","AND",2025,5,2025-05-01,0,"WHO"
"54","Andorra","AND",2025,6,2025-06-01,0,"WHO"
"55","Andorra","AND",2025,7,2025-07-01,0,"WHO"
"56","Andorra","AND",2025,8,2025-08-01,0,"WHO"
"57","Andorra","AND",2025,9,2025-09-01,0,"WHO"
"58","Andorra","AND",2025,10,2025-10-01,0,"WHO"
"59","Andorra","AND",2025,11,2025-11-01,0,"WHO"
"60","Andorra","AND",2025,12,2025-12-01,0,"WHO"
"61","Andorra","AND",2026,1,2026-01-01,NA,NA
"62","Andorra","AND",2026,2,2026-02-01,NA,NA
"63","Andorra","AND",2026,3,2026-03-01,NA,NA
"64","Andorra","AND",2026,4,2026-04-01,NA,NA
"65","Andorra","AND",2026,5,2026-05-01,NA,NA
"66","Andorra","AND",2026,6,2026-06-01,NA,NA
"67","Andorra","AND",2026,7,2026-07-01,NA,NA
"68","Andorra","AND",2026,8,2026-08-01,NA,NA
"69","Andorra","AND",2026,9,2026-09-01,NA,NA
"70","Andorra","AND",2026,10,2026-10-01,NA,NA
"71","Andorra","AND",2026,11,2026-11-01,NA,NA
"72","Andorra","AND",2026,12,2026-12-01,NA,NA
"73","Angola","AGO",2025,1,2025-01-01,NA,NA
"74","Angola","AGO",2025,2,2025-02-01,60,"WHO"
"75","Angola","AGO",2025,3,2025-03-01,NA,NA
"76","Angola","AGO",2025,4,2025-04-01,NA,NA
"77","Angola","AGO",2025,5,2025-05-01,NA,NA
"78","Angola","AGO",2025,6,2025-06-01,NA,NA
"79","Angola","AGO",2025,7,2025-07-01,34,"WHO"
"80","Angola","AGO",2025,8,2025-08-01,58,"WHO"
"81","Angola","AGO",2025,9,2025-09-01,15,"WHO"
"82","Angola","AGO",2025,10,2025-10-01,43,"WHO"
"83","Angola","AGO",2025,11,2025-11-01,7,"WHO"
"84","Angola","AGO",2025,12,2025-12-01,17,"WHO"
"85","Angola","AGO",2026,1,2026-01-01,NA,NA
"86","Angola","AGO",2026,2,2026-02-01,NA,NA
"87","Angola","AGO",2026,3,2026-03-01,NA,NA
"88","Angola","AGO",2026,4,2026-04-01,NA,NA
"89","Angola","AGO",2026,5,2026-05-01,NA,NA
"90","Angola","AGO",2026,6,2026-06-01,NA,NA
"91","Angola","AGO",2026,7,2026-07-01,NA,NA
"92","Angola","AGO",2026,8,2026-08-01,NA,NA
"93","Angola","AGO",2026,9,2026-09-01,NA,NA
"94","Angola","AGO",2026,10,2026-10-01,NA,NA
"95","Angola","AGO",2026,11,2026-11-01,NA,NA
"96","Angola","AGO",2026,12,2026-12-01,NA,NA
"97","Anguilla","AIA",2025,1,2025-01-01,0,"WHO"
"98","Anguilla","AIA",2025,2,2025-02-01,0,"WHO"
"99","Anguilla","AIA",2025,3,2025-03-01,1,"PAHO"
"100","Anguilla","AIA",2025,4,2025-04-01,0,"WHO"
"101","Anguilla","AIA",2025,5,2025-05-01,0,"WHO"
"102","Anguilla","AIA",2025,6,2025-06-01,0,"WHO"
"103","Anguilla","AIA",2025,7,2025-07-01,0,"WHO"
"104","Anguilla","AIA",2025,8,2025-08-01,0,"WHO"
"105","Anguilla","AIA",2025,9,2025-09-01,2,"PAHO"
"106","Anguilla","AIA",2025,10,2025-10-01,1,"WHO"
"107","Anguilla","AIA",2025,11,2025-11-01,NA,"PAHO"
"108","Anguilla","AIA",2025,12,2025-12-01,NA,"PAHO"
"109","Anguilla","AIA",2026,1,2026-01-01,NA,"PAHO"
"110","Anguilla","AIA",2026,2,2026-02-01,NA,NA
"111","Anguilla","AIA",2026,3,2026-03-01,NA,NA
"112","Anguilla","AIA",2026,4,2026-04-01,NA,NA
"113","Anguilla","AIA",2026,5,2026-05-01,NA,NA
"114","Anguilla","AIA",2026,6,2026-06-01,NA,NA
"115","Anguilla","AIA",2026,7,2026-07-01,NA,NA
"116","Anguilla","AIA",2026,8,2026-08-01,NA,NA
"117","Anguilla","AIA",2026,9,2026-09-01,NA,NA
"118","Anguilla","AIA",2026,10,2026-10-01,NA,NA
"119","Anguilla","AIA",2026,11,2026-11-01,NA,NA
"120","Anguilla","AIA",2026,12,2026-12-01,NA,NA
"121","Antigua and Barbuda","ATG",2025,1,2025-01-01,0,"WHO"
"122","Antigua and Barbuda","ATG",2025,2,2025-02-01,0,"WHO"
"123","Antigua and Barbuda","ATG",2025,3,2025-03-01,2,"PAHO"
"124","Antigua and Barbuda","ATG",2025,4,2025-04-01,1,"PAHO"
"125","Antigua and Barbuda","ATG",2025,5,2025-05-01,1,"PAHO"
"126","Antigua and Barbuda","ATG",2025,6,2025-06-01,2,"PAHO"
"127","Antigua and Barbuda","ATG",2025,7,2025-07-01,2,"PAHO"
"128","Antigua and Barbuda","ATG",2025,8,2025-08-01,2,"PAHO"
"129","Antigua and Barbuda","ATG",2025,9,2025-09-01,4,"PAHO"
"130","Antigua and Barbuda","ATG",2025,10,2025-10-01,1,"PAHO"
"131","Antigua and Barbuda","ATG",2025,11,2025-11-01,NA,"WHO"
"132","Antigua and Barbuda","ATG",2025,12,2025-12-01,NA,"WHO"
"133","Antigua and Barbuda","ATG",2026,1,2026-01-01,NA,NA
"134","Antigua and Barbuda","ATG",2026,2,2026-02-01,NA,NA
"135","Antigua and Barbuda","ATG",2026,3,2026-03-01,NA,NA
"136","Antigua and Barbuda","ATG",2026,4,2026-04-01,NA,NA
"137","Antigua and Barbuda","ATG",2026,5,2026-05-01,NA,NA
"138","Antigua and Barbuda","ATG",2026,6,2026-06-01,NA,NA
"139","Antigua and Barbuda","ATG",2026,7,2026-07-01,NA,NA
"140","Antigua and Barbuda","ATG",2026,8,2026-08-01,NA,NA
"141","Antigua and Barbuda","ATG",2026,9,2026-09-01,NA,NA
"142","Antigua and Barbuda","ATG",2026,10,2026-10-01,NA,NA
"143","Antigua and Barbuda","ATG",2026,11,2026-11-01,NA,NA
"144","Antigua and Barbuda","ATG",2026,12,2026-12-01,NA,NA
"145","Argentina","ARG",2025,1,2025-01-01,275,"PAHO"
"146","Argentina","ARG",2025,2,2025-02-01,1341,"PAHO"
"147","Argentina","ARG",2025,3,2025-03-01,8513,"PAHO"
"148","Argentina","ARG",2025,4,2025-04-01,5428,"PAHO"
"149","Argentina","ARG",2025,5,2025-05-01,1976,"PAHO"
"150","Argentina","ARG",2025,6,2025-06-01,86,"PAHO"
"151","Argentina","ARG",2025,7,2025-07-01,16,"PAHO"
"152","Argentina","ARG",2025,8,2025-08-01,4,"PAHO"
"153","Argentina","ARG",2025,9,2025-09-01,0,"WHO"
"154","Argentina","ARG",2025,10,2025-10-01,4781,"PAHO"
"155","Argentina","ARG",2025,11,2025-11-01,3,"PAHO"
"156","Argentina","ARG",2025,12,2025-12-01,3,"PAHO"
"157","Argentina","ARG",2026,1,2026-01-01,5,"PAHO"
"158","Argentina","ARG",2026,2,2026-02-01,NA,NA
"159","Argentina","ARG",2026,3,2026-03-01,NA,NA
"160","Argentina","ARG",2026,4,2026-04-01,NA,NA
"161","Argentina","ARG",2026,5,2026-05-01,NA,NA
"162","Argentina","ARG",2026,6,2026-06-01,NA,NA
"163","Argentina","ARG",2026,7,2026-07-01,NA,NA
"164","Argentina","ARG",2026,8,2026-08-01,NA,NA
"165","Argentina","ARG",2026,9,2026-09-01,NA,NA
"166","Argentina","ARG",2026,10,2026-10-01,NA,NA
"167","Argentina","ARG",2026,11,2026-11-01,NA,NA
"168","Argentina","ARG",2026,12,2026-12-01,NA,NA
"169","Armenia","ARM",2025,1,2025-01-01,0,"WHO"
"170","Armenia","ARM",2025,2,2025-02-01,0,"WHO"
"171","Armenia","ARM",2025,3,2025-03-01,0,"WHO"
"172","Armenia","ARM",2025,4,2025-04-01,0,"WHO"
"173","Armenia","ARM",2025,5,2025-05-01,0,"WHO"
"174","Armenia","ARM",2025,6,2025-06-01,0,"WHO"
"175","Armenia","ARM",2025,7,2025-07-01,0,"WHO"
"176","Armenia","ARM",2025,8,2025-08-01,0,"WHO"
"177","Armenia","ARM",2025,9,2025-09-01,0,"WHO"
"178","Armenia","ARM",2025,10,2025-10-01,0,"WHO"
"179","Armenia","ARM",2025,11,2025-11-01,0,"WHO"
"180","Armenia","ARM",2025,12,2025-12-01,0,"WHO"
"181","Armenia","ARM",2026,1,2026-01-01,NA,NA
"182","Armenia","ARM",2026,2,2026-02-01,NA,NA
"183","Armenia","ARM",2026,3,2026-03-01,NA,NA
"184","Armenia","ARM",2026,4,2026-04-01,NA,NA
"185","Armenia","ARM",2026,5,2026-05-01,NA,NA
"186","Armenia","ARM",2026,6,2026-06-01,NA,NA
"187","Armenia","ARM",2026,7,2026-07-01,NA,NA
"188","Armenia","ARM",2026,8,2026-08-01,NA,NA
"189","Armenia","ARM",2026,9,2026-09-01,NA,NA
"190","Armenia","ARM",2026,10,2026-10-01,NA,NA
"191","Armenia","ARM",2026,11,2026-11-01,NA,NA
"192","Armenia","ARM",2026,12,2026-12-01,NA,NA
"193","Aruba","ABW",2025,1,2025-01-01,0,"WHO"
"194","Aruba","ABW",2025,2,2025-02-01,2,"PAHO"
"195","Aruba","ABW",2025,3,2025-03-01,0,"WHO"
"196","Aruba","ABW",2025,4,2025-04-01,2,"PAHO"
"197","Aruba","ABW",2025,5,2025-05-01,2,"PAHO"
"198","Aruba","ABW",2025,6,2025-06-01,4,"PAHO"
"199","Aruba","ABW",2025,7,2025-07-01,2,"PAHO"
"200","Aruba","ABW",2025,8,2025-08-01,2,"PAHO"
"201","Aruba","ABW",2025,9,2025-09-01,0,"WHO"
"202","Aruba","ABW",2025,10,2025-10-01,0,"WHO"
"203","Aruba","ABW",2025,11,2025-11-01,NA,"WHO"
"204","Aruba","ABW",2025,12,2025-12-01,NA,"WHO"
"205","Aruba","ABW",2026,1,2026-01-01,NA,NA
"206","Aruba","ABW",2026,2,2026-02-01,NA,NA
"207","Aruba","ABW",2026,3,2026-03-01,NA,NA
"208","Aruba","ABW",2026,4,2026-04-01,NA,NA
"209","Aruba","ABW",2026,5,2026-05-01,NA,NA
"210","Aruba","ABW",2026,6,2026-06-01,NA,NA
"211","Aruba","ABW",2026,7,2026-07-01,NA,NA
"212","Aruba","ABW",2026,8,2026-08-01,NA,NA
"213","Aruba","ABW",2026,9,2026-09-01,NA,NA
"214","Aruba","ABW",2026,10,2026-10-01,NA,NA
"215","Aruba","ABW",2026,11,2026-11-01,NA,NA
"216","Aruba","ABW",2026,12,2026-12-01,NA,NA
"217","Australia","AUS",2025,1,2025-01-01,283,"WHO"
"218","Australia","AUS",2025,2,2025-02-01,220,"WHO"
"219","Australia","AUS",2025,3,2025-03-01,220,"WHO"
"220","Australia","AUS",2025,4,2025-04-01,195,"WHO"
"221","Australia","AUS",2025,5,2025-05-01,135,"WHO"
"222","Australia","AUS",2025,6,2025-06-01,120,"WHO"
"223","Australia","AUS",2025,7,2025-07-01,159,"WHO"
"224","Australia","AUS",2025,8,2025-08-01,126,"WHO"
"225","Australia","AUS",2025,9,2025-09-01,87,"WHO"
"226","Australia","AUS",2025,10,2025-10-01,144,"WHO"
"227","Australia","AUS",2025,11,2025-11-01,114,"WHO"
"228","Australia","AUS",2025,12,2025-12-01,86,"WHO"
"229","Australia","AUS",2026,1,2026-01-01,NA,NA
"230","Australia","AUS",2026,2,2026-02-01,NA,NA
"231","Australia","AUS",2026,3,2026-03-01,NA,NA
"232","Australia","AUS",2026,4,2026-04-01,NA,NA
"233","Australia","AUS",2026,5,2026-05-01,NA,NA
"234","Australia","AUS",2026,6,2026-06-01,NA,NA
"235","Australia","AUS",2026,7,2026-07-01,NA,NA
"236","Australia","AUS",2026,8,2026-08-01,NA,NA
"237","Australia","AUS",2026,9,2026-09-01,NA,NA
"238","Australia","AUS",2026,10,2026-10-01,NA,NA
"239","Australia","AUS",2026,11,2026-11-01,NA,NA
"240","Australia","AUS",2026,12,2026-12-01,NA,NA
"241","Austria","AUT",2025,1,2025-01-01,0,"WHO"
"242","Austria","AUT",2025,2,2025-02-01,0,"WHO"
"243","Austria","AUT",2025,3,2025-03-01,0,"WHO"
"244","Austria","AUT",2025,4,2025-04-01,0,"WHO"
"245","Austria","AUT",2025,5,2025-05-01,0,"WHO"
"246","Austria","AUT",2025,6,2025-06-01,0,"WHO"
"247","Austria","AUT",2025,7,2025-07-01,0,"WHO"
"248","Austria","AUT",2025,8,2025-08-01,0,"WHO"
"249","Austria","AUT",2025,9,2025-09-01,0,"WHO"
"250","Austria","AUT",2025,10,2025-10-01,0,"WHO"
"251","Austria","AUT",2025,11,2025-11-01,0,"WHO"
"252","Austria","AUT",2025,12,2025-12-01,0,"WHO"
"253","Austria","AUT",2026,1,2026-01-01,NA,NA
"254","Austria","AUT",2026,2,2026-02-01,NA,NA
"255","Austria","AUT",2026,3,2026-03-01,NA,NA
"256","Austria","AUT",2026,4,2026-04-01,NA,NA
"257","Austria","AUT",2026,5,2026-05-01,NA,NA
"258","Austria","AUT",2026,6,2026-06-01,NA,NA
"259","Austria","AUT",2026,7,2026-07-01,NA,NA
"260","Austria","AUT",2026,8,2026-08-01,NA,NA
"261","Austria","AUT",2026,9,2026-09-01,NA,NA
"262","Austria","AUT",2026,10,2026-10-01,NA,NA
"263","Austria","AUT",2026,11,2026-11-01,NA,NA
"264","Austria","AUT",2026,12,2026-12-01,NA,NA
"265","Autonomous Region of Madeira","MDR",2025,1,2025-01-01,2,"WHO"
"266","Autonomous Region of Madeira","MDR",2025,2,2025-02-01,0,"WHO"
"267","Autonomous Region of Madeira","MDR",2025,3,2025-03-01,0,"WHO"
"268","Autonomous Region of Madeira","MDR",2025,4,2025-04-01,0,"WHO"
"269","Autonomous Region of Madeira","MDR",2025,5,2025-05-01,NA,NA
"270","Autonomous Region of Madeira","MDR",2025,6,2025-06-01,NA,NA
"271","Autonomous Region of Madeira","MDR",2025,7,2025-07-01,NA,NA
"272","Autonomous Region of Madeira","MDR",2025,8,2025-08-01,NA,NA
"273","Autonomous Region of Madeira","MDR",2025,9,2025-09-01,NA,NA
"274","Autonomous Region of Madeira","MDR",2025,10,2025-10-01,NA,NA
"275","Autonomous Region of Madeira","MDR",2025,11,2025-11-01,NA,NA
"276","Autonomous Region of Madeira","MDR",2025,12,2025-12-01,NA,NA
"277","Autonomous Region of Madeira","MDR",2026,1,2026-01-01,NA,NA
"278","Autonomous Region of Madeira","MDR",2026,2,2026-02-01,NA,NA
"279","Autonomous Region of Madeira","MDR",2026,3,2026-03-01,NA,NA
"280","Autonomous Region of Madeira","MDR",2026,4,2026-04-01,NA,NA
"281","Autonomous Region of Madeira","MDR",2026,5,2026-05-01,NA,NA
"282","Autonomous Region of Madeira","MDR",2026,6,2026-06-01,NA,NA
"283","Autonomous Region of Madeira","MDR",2026,7,2026-07-01,NA,NA
"284","Autonomous Region of Madeira","MDR",2026,8,2026-08-01,NA,NA
"285","Autonomous Region of Madeira","MDR",2026,9,2026-09-01,NA,NA
"286","Autonomous Region of Madeira","MDR",2026,10,2026-10-01,NA,NA
"287","Autonomous Region of Madeira","MDR",2026,11,2026-11-01,NA,NA
"288","Autonomous Region of Madeira","MDR",2026,12,2026-12-01,NA,NA
"289","Azerbaijan","AZE",2025,1,2025-01-01,0,"WHO"
"290","Azerbaijan","AZE",2025,2,2025-02-01,0,"WHO"
"291","Azerbaijan","AZE",2025,3,2025-03-01,0,"WHO"
"292","Azerbaijan","AZE",2025,4,2025-04-01,0,"WHO"
"293","Azerbaijan","AZE",2025,5,2025-05-01,0,"WHO"
"294","Azerbaijan","AZE",2025,6,2025-06-01,0,"WHO"
"295","Azerbaijan","AZE",2025,7,2025-07-01,0,"WHO"
"296","Azerbaijan","AZE",2025,8,2025-08-01,0,"WHO"
"297","Azerbaijan","AZE",2025,9,2025-09-01,0,"WHO"
"298","Azerbaijan","AZE",2025,10,2025-10-01,0,"WHO"
"299","Azerbaijan","AZE",2025,11,2025-11-01,0,"WHO"
"300","Azerbaijan","AZE",2025,12,2025-12-01,0,"WHO"
"301","Azerbaijan","AZE",2026,1,2026-01-01,NA,NA
"302","Azerbaijan","AZE",2026,2,2026-02-01,NA,NA
"303","Azerbaijan","AZE",2026,3,2026-03-01,NA,NA
"304","Azerbaijan","AZE",2026,4,2026-04-01,NA,NA
"305","Azerbaijan","AZE",2026,5,2026-05-01,NA,NA
"306","Azerbaijan","AZE",2026,6,2026-06-01,NA,NA
"307","Azerbaijan","AZE",2026,7,2026-07-01,NA,NA
"308","Azerbaijan","AZE",2026,8,2026-08-01,NA,NA
"309","Azerbaijan","AZE",2026,9,2026-09-01,NA,NA
"310","Azerbaijan","AZE",2026,10,2026-10-01,NA,NA
"311","Azerbaijan","AZE",2026,11,2026-11-01,NA,NA
"312","Azerbaijan","AZE",2026,12,2026-12-01,NA,NA
"313","Bahamas","BHS",2025,1,2025-01-01,NA,"WHO"
"314","Bahamas","BHS",2025,2,2025-02-01,NA,"WHO"
"315","Bahamas","BHS",2025,3,2025-03-01,NA,"WHO"
"316","Bahamas","BHS",2025,4,2025-04-01,NA,"WHO"
"317","Bahamas","BHS",2025,5,2025-05-01,NA,"WHO"
"318","Bahamas","BHS",2025,6,2025-06-01,NA,"WHO"
"319","Bahamas","BHS",2025,7,2025-07-01,NA,"WHO"
"320","Bahamas","BHS",2025,8,2025-08-01,NA,"WHO"
"321","Bahamas","BHS",2025,9,2025-09-01,NA,"WHO"
"322","Bahamas","BHS",2025,10,2025-10-01,NA,"WHO"
"323","Bahamas","BHS",2025,11,2025-11-01,NA,"WHO"
"324","Bahamas","BHS",2025,12,2025-12-01,NA,"WHO"
"325","Bahamas","BHS",2026,1,2026-01-01,NA,NA
"326","Bahamas","BHS",2026,2,2026-02-01,NA,NA
"327","Bahamas","BHS",2026,3,2026-03-01,NA,NA
"328","Bahamas","BHS",2026,4,2026-04-01,NA,NA
"329","Bahamas","BHS",2026,5,2026-05-01,NA,NA
"330","Bahamas","BHS",2026,6,2026-06-01,NA,NA
"331","Bahamas","BHS",2026,7,2026-07-01,NA,NA
"332","Bahamas","BHS",2026,8,2026-08-01,NA,NA
"333","Bahamas","BHS",2026,9,2026-09-01,NA,NA
"334","Bahamas","BHS",2026,10,2026-10-01,NA,NA
"335","Bahamas","BHS",2026,11,2026-11-01,NA,NA
"336","Bahamas","BHS",2026,12,2026-12-01,NA,NA
"337","Bangladesh","BGD",2025,1,2025-01-01,1161,"SEARO"
"338","Bangladesh","BGD",2025,2,2025-02-01,374,"SEARO"
"339","Bangladesh","BGD",2025,3,2025-03-01,336,"SEARO"
"340","Bangladesh","BGD",2025,4,2025-04-01,701,"SEARO"
"341","Bangladesh","BGD",2025,5,2025-05-01,1773,"SEARO"
"342","Bangladesh","BGD",2025,6,2025-06-01,5951,"SEARO"
"343","Bangladesh","BGD",2025,7,2025-07-01,10684,"SEARO"
"344","Bangladesh","BGD",2025,8,2025-08-01,10496,"SEARO"
"345","Bangladesh","BGD",2025,9,2025-09-01,15866,"SEARO"
"346","Bangladesh","BGD",2025,10,2025-10-01,22520,"SEARO"
"347","Bangladesh","BGD",2025,11,2025-11-01,24540,"SEARO"
"348","Bangladesh","BGD",2025,12,2025-12-01,8465,"SEARO"
"349","Bangladesh","BGD",2026,1,2026-01-01,1081,"SEARO"
"350","Bangladesh","BGD",2026,2,2026-02-01,0,"SEARO"
"351","Bangladesh","BGD",2026,3,2026-03-01,0,"SEARO"
"352","Bangladesh","BGD",2026,4,2026-04-01,0,"SEARO"
"353","Bangladesh","BGD",2026,5,2026-05-01,0,"SEARO"
"354","Bangladesh","BGD",2026,6,2026-06-01,0,"SEARO"
"355","Bangladesh","BGD",2026,7,2026-07-01,0,"SEARO"
"356","Bangladesh","BGD",2026,8,2026-08-01,0,"SEARO"
"357","Bangladesh","BGD",2026,9,2026-09-01,0,"SEARO"
"358","Bangladesh","BGD",2026,10,2026-10-01,0,"SEARO"
"359","Bangladesh","BGD",2026,11,2026-11-01,0,"SEARO"
"360","Bangladesh","BGD",2026,12,2026-12-01,0,"SEARO"
"361","Barbados","BRB",2025,1,2025-01-01,28,"PAHO"
"362","Barbados","BRB",2025,2,2025-02-01,16,"PAHO"
"363","Barbados","BRB",2025,3,2025-03-01,12,"PAHO"
"364","Barbados","BRB",2025,4,2025-04-01,18,"PAHO"
"365","Barbados","BRB",2025,5,2025-05-01,10,"PAHO"
"366","Barbados","BRB",2025,6,2025-06-01,11,"PAHO"
"367","Barbados","BRB",2025,7,2025-07-01,13,"PAHO"
"368","Barbados","BRB",2025,8,2025-08-01,144,"PAHO"
"369","Barbados","BRB",2025,9,2025-09-01,129,"PAHO"
"370","Barbados","BRB",2025,10,2025-10-01,12,"PAHO"
"371","Barbados","BRB",2025,11,2025-11-01,24,"PAHO"
"372","Barbados","BRB",2025,12,2025-12-01,6,"PAHO"
"373","Barbados","BRB",2026,1,2026-01-01,3,"PAHO"
"374","Barbados","BRB",2026,2,2026-02-01,NA,NA
"375","Barbados","BRB",2026,3,2026-03-01,NA,NA
"376","Barbados","BRB",2026,4,2026-04-01,NA,NA
"377","Barbados","BRB",2026,5,2026-05-01,NA,NA
"378","Barbados","BRB",2026,6,2026-06-01,NA,NA
"379","Barbados","BRB",2026,7,2026-07-01,NA,NA
"380","Barbados","BRB",2026,8,2026-08-01,NA,NA
"381","Barbados","BRB",2026,9,2026-09-01,NA,NA
"382","Barbados","BRB",2026,10,2026-10-01,NA,NA
"383","Barbados","BRB",2026,11,2026-11-01,NA,NA
"384","Barbados","BRB",2026,12,2026-12-01,NA,NA
"385","Belarus","BLR",2025,1,2025-01-01,0,"WHO"
"386","Belarus","BLR",2025,2,2025-02-01,0,"WHO"
"387","Belarus","BLR",2025,3,2025-03-01,0,"WHO"
"388","Belarus","BLR",2025,4,2025-04-01,0,"WHO"
"389","Belarus","BLR",2025,5,2025-05-01,0,"WHO"
"390","Belarus","BLR",2025,6,2025-06-01,0,"WHO"
"391","Belarus","BLR",2025,7,2025-07-01,0,"WHO"
"392","Belarus","BLR",2025,8,2025-08-01,0,"WHO"
"393","Belarus","BLR",2025,9,2025-09-01,0,"WHO"
"394","Belarus","BLR",2025,10,2025-10-01,0,"WHO"
"395","Belarus","BLR",2025,11,2025-11-01,0,"WHO"
"396","Belarus","BLR",2025,12,2025-12-01,0,"WHO"
"397","Belarus","BLR",2026,1,2026-01-01,NA,NA
"398","Belarus","BLR",2026,2,2026-02-01,NA,NA
"399","Belarus","BLR",2026,3,2026-03-01,NA,NA
"400","Belarus","BLR",2026,4,2026-04-01,NA,NA
"401","Belarus","BLR",2026,5,2026-05-01,NA,NA
"402","Belarus","BLR",2026,6,2026-06-01,NA,NA
"403","Belarus","BLR",2026,7,2026-07-01,NA,NA
"404","Belarus","BLR",2026,8,2026-08-01,NA,NA
"405","Belarus","BLR",2026,9,2026-09-01,NA,NA
"406","Belarus","BLR",2026,10,2026-10-01,NA,NA
"407","Belarus","BLR",2026,11,2026-11-01,NA,NA
"408","Belarus","BLR",2026,12,2026-12-01,NA,NA
"409","Belgium","BEL",2025,1,2025-01-01,0,"WHO"
"410","Belgium","BEL",2025,2,2025-02-01,0,"WHO"
"411","Belgium","BEL",2025,3,2025-03-01,0,"WHO"
"412","Belgium","BEL",2025,4,2025-04-01,0,"WHO"
"413","Belgium","BEL",2025,5,2025-05-01,0,"WHO"
"414","Belgium","BEL",2025,6,2025-06-01,0,"WHO"
"415","Belgium","BEL",2025,7,2025-07-01,0,"WHO"
"416","Belgium","BEL",2025,8,2025-08-01,0,"WHO"
"417","Belgium","BEL",2025,9,2025-09-01,0,"WHO"
"418","Belgium","BEL",2025,10,2025-10-01,0,"WHO"
"419","Belgium","BEL",2025,11,2025-11-01,0,"WHO"
"420","Belgium","BEL",2025,12,2025-12-01,0,"WHO"
"421","Belgium","BEL",2026,1,2026-01-01,NA,NA
"422","Belgium","BEL",2026,2,2026-02-01,NA,NA
"423","Belgium","BEL",2026,3,2026-03-01,NA,NA
"424","Belgium","BEL",2026,4,2026-04-01,NA,NA
"425","Belgium","BEL",2026,5,2026-05-01,NA,NA
"426","Belgium","BEL",2026,6,2026-06-01,NA,NA
"427","Belgium","BEL",2026,7,2026-07-01,NA,NA
"428","Belgium","BEL",2026,8,2026-08-01,NA,NA
"429","Belgium","BEL",2026,9,2026-09-01,NA,NA
"430","Belgium","BEL",2026,10,2026-10-01,NA,NA
"431","Belgium","BEL",2026,11,2026-11-01,NA,NA
"432","Belgium","BEL",2026,12,2026-12-01,NA,NA
"433","Belize","BLZ",2025,1,2025-01-01,54,"PAHO"
"434","Belize","BLZ",2025,2,2025-02-01,57,"PAHO"
"435","Belize","BLZ",2025,3,2025-03-01,98,"PAHO"
"436","Belize","BLZ",2025,4,2025-04-01,57,"PAHO"
"437","Belize","BLZ",2025,5,2025-05-01,71,"PAHO"
"438","Belize","BLZ",2025,6,2025-06-01,129,"PAHO"
"439","Belize","BLZ",2025,7,2025-07-01,298,"PAHO"
"440","Belize","BLZ",2025,8,2025-08-01,575,"PAHO"
"441","Belize","BLZ",2025,9,2025-09-01,625,"PAHO"
"442","Belize","BLZ",2025,10,2025-10-01,412,"PAHO"
"443","Belize","BLZ",2025,11,2025-11-01,221,"PAHO"
"444","Belize","BLZ",2025,12,2025-12-01,200,"PAHO"
"445","Belize","BLZ",2026,1,2026-01-01,NA,NA
"446","Belize","BLZ",2026,2,2026-02-01,NA,NA
"447","Belize","BLZ",2026,3,2026-03-01,NA,NA
"448","Belize","BLZ",2026,4,2026-04-01,NA,NA
"449","Belize","BLZ",2026,5,2026-05-01,NA,NA
"450","Belize","BLZ",2026,6,2026-06-01,NA,NA
"451","Belize","BLZ",2026,7,2026-07-01,NA,NA
"452","Belize","BLZ",2026,8,2026-08-01,NA,NA
"453","Belize","BLZ",2026,9,2026-09-01,NA,NA
"454","Belize","BLZ",2026,10,2026-10-01,NA,NA
"455","Belize","BLZ",2026,11,2026-11-01,NA,NA
"456","Belize","BLZ",2026,12,2026-12-01,NA,NA
"457","Benin","BEN",2025,1,2025-01-01,0,"WHO"
"458","Benin","BEN",2025,2,2025-02-01,3,"WHO"
"459","Benin","BEN",2025,3,2025-03-01,1,"WHO"
"460","Benin","BEN",2025,4,2025-04-01,0,"WHO"
"461","Benin","BEN",2025,5,2025-05-01,3,"WHO"
"462","Benin","BEN",2025,6,2025-06-01,13,"WHO"
"463","Benin","BEN",2025,7,2025-07-01,28,"WHO"
"464","Benin","BEN",2025,8,2025-08-01,17,"WHO"
"465","Benin","BEN",2025,9,2025-09-01,3,"WHO"
"466","Benin","BEN",2025,10,2025-10-01,4,"WHO"
"467","Benin","BEN",2025,11,2025-11-01,3,"WHO"
"468","Benin","BEN",2025,12,2025-12-01,5,"WHO"
"469","Benin","BEN",2026,1,2026-01-01,NA,NA
"470","Benin","BEN",2026,2,2026-02-01,NA,NA
"471","Benin","BEN",2026,3,2026-03-01,NA,NA
"472","Benin","BEN",2026,4,2026-04-01,NA,NA
"473","Benin","BEN",2026,5,2026-05-01,NA,NA
"474","Benin","BEN",2026,6,2026-06-01,NA,NA
"475","Benin","BEN",2026,7,2026-07-01,NA,NA
"476","Benin","BEN",2026,8,2026-08-01,NA,NA
"477","Benin","BEN",2026,9,2026-09-01,NA,NA
"478","Benin","BEN",2026,10,2026-10-01,NA,NA
"479","Benin","BEN",2026,11,2026-11-01,NA,NA
"480","Benin","BEN",2026,12,2026-12-01,NA,NA
"481","Bermuda","BMU",2025,1,2025-01-01,0,"WHO"
"482","Bermuda","BMU",2025,2,2025-02-01,0,"WHO"
"483","Bermuda","BMU",2025,3,2025-03-01,0,"WHO"
"484","Bermuda","BMU",2025,4,2025-04-01,0,"WHO"
"485","Bermuda","BMU",2025,5,2025-05-01,0,"WHO"
"486","Bermuda","BMU",2025,6,2025-06-01,0,"WHO"
"487","Bermuda","BMU",2025,7,2025-07-01,0,"WHO"
"488","Bermuda","BMU",2025,8,2025-08-01,0,"WHO"
"489","Bermuda","BMU",2025,9,2025-09-01,0,"WHO"
"490","Bermuda","BMU",2025,10,2025-10-01,1,"PAHO"
"491","Bermuda","BMU",2025,11,2025-11-01,NA,"PAHO"
"492","Bermuda","BMU",2025,12,2025-12-01,NA,"WHO"
"493","Bermuda","BMU",2026,1,2026-01-01,NA,NA
"494","Bermuda","BMU",2026,2,2026-02-01,NA,NA
"495","Bermuda","BMU",2026,3,2026-03-01,NA,NA
"496","Bermuda","BMU",2026,4,2026-04-01,NA,NA
"497","Bermuda","BMU",2026,5,2026-05-01,NA,NA
"498","Bermuda","BMU",2026,6,2026-06-01,NA,NA
"499","Bermuda","BMU",2026,7,2026-07-01,NA,NA
"500","Bermuda","BMU",2026,8,2026-08-01,NA,NA
"501","Bermuda","BMU",2026,9,2026-09-01,NA,NA
"502","Bermuda","BMU",2026,10,2026-10-01,NA,NA
"503","Bermuda","BMU",2026,11,2026-11-01,NA,NA
"504","Bermuda","BMU",2026,12,2026-12-01,NA,NA
"505","Bhutan","BTN",2025,1,2025-01-01,2,"SEARO"
"506","Bhutan","BTN",2025,2,2025-02-01,0,"SEARO"
"507","Bhutan","BTN",2025,3,2025-03-01,1,"SEARO"
"508","Bhutan","BTN",2025,4,2025-04-01,0,"SEARO"
"509","Bhutan","BTN",2025,5,2025-05-01,1,"SEARO"
"510","Bhutan","BTN",2025,6,2025-06-01,0,"SEARO"
"511","Bhutan","BTN",2025,7,2025-07-01,3,"SEARO"
"512","Bhutan","BTN",2025,8,2025-08-01,22,"SEARO"
"513","Bhutan","BTN",2025,9,2025-09-01,5,"SEARO"
"514","Bhutan","BTN",2025,10,2025-10-01,1,"SEARO"
"515","Bhutan","BTN",2025,11,2025-11-01,0,"SEARO"
"516","Bhutan","BTN",2025,12,2025-12-01,0,"SEARO"
"517","Bhutan","BTN",2026,1,2026-01-01,0,"SEARO"
"518","Bhutan","BTN",2026,2,2026-02-01,0,"SEARO"
"519","Bhutan","BTN",2026,3,2026-03-01,0,"SEARO"
"520","Bhutan","BTN",2026,4,2026-04-01,0,"SEARO"
"521","Bhutan","BTN",2026,5,2026-05-01,0,"SEARO"
"522","Bhutan","BTN",2026,6,2026-06-01,0,"SEARO"
"523","Bhutan","BTN",2026,7,2026-07-01,0,"SEARO"
"524","Bhutan","BTN",2026,8,2026-08-01,0,"SEARO"
"525","Bhutan","BTN",2026,9,2026-09-01,0,"SEARO"
"526","Bhutan","BTN",2026,10,2026-10-01,0,"SEARO"
"527","Bhutan","BTN",2026,11,2026-11-01,0,"SEARO"
"528","Bhutan","BTN",2026,12,2026-12-01,0,"SEARO"
"529","Bolivia","BOL",2025,1,2025-01-01,4204,"PAHO"
"530","Bolivia","BOL",2025,2,2025-02-01,3443,"PAHO"
"531","Bolivia","BOL",2025,3,2025-03-01,5848,"PAHO"
"532","Bolivia","BOL",2025,4,2025-04-01,4561,"PAHO"
"533","Bolivia","BOL",2025,5,2025-05-01,5762,"PAHO"
"534","Bolivia","BOL",2025,6,2025-06-01,4063,"PAHO"
"535","Bolivia","BOL",2025,7,2025-07-01,1141,"PAHO"
"536","Bolivia","BOL",2025,8,2025-08-01,844,"PAHO"
"537","Bolivia","BOL",2025,9,2025-09-01,1168,"PAHO"
"538","Bolivia","BOL",2025,10,2025-10-01,1063,"PAHO"
"539","Bolivia","BOL",2025,11,2025-11-01,1842,"PAHO"
"540","Bolivia","BOL",2025,12,2025-12-01,4527,"PAHO"
"541","Bolivia","BOL",2026,1,2026-01-01,4297,"PAHO"
"542","Bolivia","BOL",2026,2,2026-02-01,NA,NA
"543","Bolivia","BOL",2026,3,2026-03-01,NA,NA
"544","Bolivia","BOL",2026,4,2026-04-01,NA,NA
"545","Bolivia","BOL",2026,5,2026-05-01,NA,NA
"546","Bolivia","BOL",2026,6,2026-06-01,NA,NA
"547","Bolivia","BOL",2026,7,2026-07-01,NA,NA
"548","Bolivia","BOL",2026,8,2026-08-01,NA,NA
"549","Bolivia","BOL",2026,9,2026-09-01,NA,NA
"550","Bolivia","BOL",2026,10,2026-10-01,NA,NA
"551","Bolivia","BOL",2026,11,2026-11-01,NA,NA
"552","Bolivia","BOL",2026,12,2026-12-01,NA,NA
"553","Bonaire, Saint Eustatius and Saba","BES",2025,1,2025-01-01,NA,"WHO"
"554","Bonaire, Saint Eustatius and Saba","BES",2025,2,2025-02-01,NA,"WHO"
"555","Bonaire, Saint Eustatius and Saba","BES",2025,3,2025-03-01,NA,"WHO"
"556","Bonaire, Saint Eustatius and Saba","BES",2025,4,2025-04-01,NA,"WHO"
"557","Bonaire, Saint Eustatius and Saba","BES",2025,5,2025-05-01,NA,"WHO"
"558","Bonaire, Saint Eustatius and Saba","BES",2025,6,2025-06-01,NA,"WHO"
"559","Bonaire, Saint Eustatius and Saba","BES",2025,7,2025-07-01,NA,"WHO"
"560","Bonaire, Saint Eustatius and Saba","BES",2025,8,2025-08-01,NA,"WHO"
"561","Bonaire, Saint Eustatius and Saba","BES",2025,9,2025-09-01,NA,"WHO"
"562","Bonaire, Saint Eustatius and Saba","BES",2025,10,2025-10-01,NA,"WHO"
"563","Bonaire, Saint Eustatius and Saba","BES",2025,11,2025-11-01,NA,"WHO"
"564","Bonaire, Saint Eustatius and Saba","BES",2025,12,2025-12-01,NA,"WHO"
"565","Bonaire, Saint Eustatius and Saba","BES",2026,1,2026-01-01,NA,NA
"566","Bonaire, Saint Eustatius and Saba","BES",2026,2,2026-02-01,NA,NA
"567","Bonaire, Saint Eustatius and Saba","BES",2026,3,2026-03-01,NA,NA
"568","Bonaire, Saint Eustatius and Saba","BES",2026,4,2026-04-01,NA,NA
"569","Bonaire, Saint Eustatius and Saba","BES",2026,5,2026-05-01,NA,NA
"570","Bonaire, Saint Eustatius and Saba","BES",2026,6,2026-06-01,NA,NA
"571","Bonaire, Saint Eustatius and Saba","BES",2026,7,2026-07-01,NA,NA
"572","Bonaire, Saint Eustatius and Saba","BES",2026,8,2026-08-01,NA,NA
"573","Bonaire, Saint Eustatius and Saba","BES",2026,9,2026-09-01,NA,NA
"574","Bonaire, Saint Eustatius and Saba","BES",2026,10,2026-10-01,NA,NA
"575","Bonaire, Saint Eustatius and Saba","BES",2026,11,2026-11-01,NA,NA
"576","Bonaire, Saint Eustatius and Saba","BES",2026,12,2026-12-01,NA,NA
"577","Bosnia and Herzegovina","BIH",2025,1,2025-01-01,0,"WHO"
"578","Bosnia and Herzegovina","BIH",2025,2,2025-02-01,0,"WHO"
"579","Bosnia and Herzegovina","BIH",2025,3,2025-03-01,0,"WHO"
"580","Bosnia and Herzegovina","BIH",2025,4,2025-04-01,0,"WHO"
"581","Bosnia and Herzegovina","BIH",2025,5,2025-05-01,0,"WHO"
"582","Bosnia and Herzegovina","BIH",2025,6,2025-06-01,0,"WHO"
"583","Bosnia and Herzegovina","BIH",2025,7,2025-07-01,0,"WHO"
"584","Bosnia and Herzegovina","BIH",2025,8,2025-08-01,0,"WHO"
"585","Bosnia and Herzegovina","BIH",2025,9,2025-09-01,0,"WHO"
"586","Bosnia and Herzegovina","BIH",2025,10,2025-10-01,0,"WHO"
"587","Bosnia and Herzegovina","BIH",2025,11,2025-11-01,0,"WHO"
"588","Bosnia and Herzegovina","BIH",2025,12,2025-12-01,0,"WHO"
"589","Bosnia and Herzegovina","BIH",2026,1,2026-01-01,NA,NA
"590","Bosnia and Herzegovina","BIH",2026,2,2026-02-01,NA,NA
"591","Bosnia and Herzegovina","BIH",2026,3,2026-03-01,NA,NA
"592","Bosnia and Herzegovina","BIH",2026,4,2026-04-01,NA,NA
"593","Bosnia and Herzegovina","BIH",2026,5,2026-05-01,NA,NA
"594","Bosnia and Herzegovina","BIH",2026,6,2026-06-01,NA,NA
"595","Bosnia and Herzegovina","BIH",2026,7,2026-07-01,NA,NA
"596","Bosnia and Herzegovina","BIH",2026,8,2026-08-01,NA,NA
"597","Bosnia and Herzegovina","BIH",2026,9,2026-09-01,NA,NA
"598","Bosnia and Herzegovina","BIH",2026,10,2026-10-01,NA,NA
"599","Bosnia and Herzegovina","BIH",2026,11,2026-11-01,NA,NA
"600","Bosnia and Herzegovina","BIH",2026,12,2026-12-01,NA,NA
"601","Botswana","BWA",2025,1,2025-01-01,NA,NA
"602","Botswana","BWA",2025,2,2025-02-01,0,"WHO"
"603","Botswana","BWA",2025,3,2025-03-01,0,"WHO"
"604","Botswana","BWA",2025,4,2025-04-01,0,"WHO"
"605","Botswana","BWA",2025,5,2025-05-01,0,"WHO"
"606","Botswana","BWA",2025,6,2025-06-01,0,"WHO"
"607","Botswana","BWA",2025,7,2025-07-01,0,"WHO"
"608","Botswana","BWA",2025,8,2025-08-01,0,"WHO"
"609","Botswana","BWA",2025,9,2025-09-01,0,"WHO"
"610","Botswana","BWA",2025,10,2025-10-01,0,"WHO"
"611","Botswana","BWA",2025,11,2025-11-01,0,"WHO"
"612","Botswana","BWA",2025,12,2025-12-01,0,"WHO"
"613","Botswana","BWA",2026,1,2026-01-01,NA,NA
"614","Botswana","BWA",2026,2,2026-02-01,NA,NA
"615","Botswana","BWA",2026,3,2026-03-01,NA,NA
"616","Botswana","BWA",2026,4,2026-04-01,NA,NA
"617","Botswana","BWA",2026,5,2026-05-01,NA,NA
"618","Botswana","BWA",2026,6,2026-06-01,NA,NA
"619","Botswana","BWA",2026,7,2026-07-01,NA,NA
"620","Botswana","BWA",2026,8,2026-08-01,NA,NA
"621","Botswana","BWA",2026,9,2026-09-01,NA,NA
"622","Botswana","BWA",2026,10,2026-10-01,NA,NA
"623","Botswana","BWA",2026,11,2026-11-01,NA,NA
"624","Botswana","BWA",2026,12,2026-12-01,NA,NA
"625","Brazil","BRA",2025,1,2025-01-01,461795,"PAHO"
"626","Brazil","BRA",2025,2,2025-02-01,568383,"PAHO"
"627","Brazil","BRA",2025,3,2025-03-01,868524,"PAHO"
"628","Brazil","BRA",2025,4,2025-04-01,613570,"PAHO"
"629","Brazil","BRA",2025,5,2025-05-01,465470,"PAHO"
"630","Brazil","BRA",2025,6,2025-06-01,209066,"PAHO"
"631","Brazil","BRA",2025,7,2025-07-01,88869,"PAHO"
"632","Brazil","BRA",2025,8,2025-08-01,92967,"PAHO"
"633","Brazil","BRA",2025,9,2025-09-01,134877,"PAHO"
"634","Brazil","BRA",2025,10,2025-10-01,116170,"PAHO"
"635","Brazil","BRA",2025,11,2025-11-01,127928,"PAHO"
"636","Brazil","BRA",2025,12,2025-12-01,159718,"PAHO"
"637","Brazil","BRA",2026,1,2026-01-01,143391,"PAHO"
"638","Brazil","BRA",2026,2,2026-02-01,NA,NA
"639","Brazil","BRA",2026,3,2026-03-01,NA,NA
"640","Brazil","BRA",2026,4,2026-04-01,NA,NA
"641","Brazil","BRA",2026,5,2026-05-01,NA,NA
"642","Brazil","BRA",2026,6,2026-06-01,NA,NA
"643","Brazil","BRA",2026,7,2026-07-01,NA,NA
"644","Brazil","BRA",2026,8,2026-08-01,NA,NA
"645","Brazil","BRA",2026,9,2026-09-01,NA,NA
"646","Brazil","BRA",2026,10,2026-10-01,NA,NA
"647","Brazil","BRA",2026,11,2026-11-01,NA,NA
"648","Brazil","BRA",2026,12,2026-12-01,NA,NA
"649","British Virgin Islands","VGB",2025,1,2025-01-01,NA,NA
"650","British Virgin Islands","VGB",2025,2,2025-02-01,NA,NA
"651","British Virgin Islands","VGB",2025,3,2025-03-01,NA,NA
"652","British Virgin Islands","VGB",2025,4,2025-04-01,NA,NA
"653","British Virgin Islands","VGB",2025,5,2025-05-01,NA,NA
"654","British Virgin Islands","VGB",2025,6,2025-06-01,NA,NA
"655","British Virgin Islands","VGB",2025,7,2025-07-01,NA,NA
"656","British Virgin Islands","VGB",2025,8,2025-08-01,0,"WHO"
"657","British Virgin Islands","VGB",2025,9,2025-09-01,NA,NA
"658","British Virgin Islands","VGB",2025,10,2025-10-01,7,"WHO"
"659","British Virgin Islands","VGB",2025,11,2025-11-01,NA,NA
"660","British Virgin Islands","VGB",2025,12,2025-12-01,NA,"WHO"
"661","British Virgin Islands","VGB",2026,1,2026-01-01,NA,NA
"662","British Virgin Islands","VGB",2026,2,2026-02-01,NA,NA
"663","British Virgin Islands","VGB",2026,3,2026-03-01,NA,NA
"664","British Virgin Islands","VGB",2026,4,2026-04-01,NA,NA
"665","British Virgin Islands","VGB",2026,5,2026-05-01,NA,NA
"666","British Virgin Islands","VGB",2026,6,2026-06-01,NA,NA
"667","British Virgin Islands","VGB",2026,7,2026-07-01,NA,NA
"668","British Virgin Islands","VGB",2026,8,2026-08-01,NA,NA
"669","British Virgin Islands","VGB",2026,9,2026-09-01,NA,NA
"670","British Virgin Islands","VGB",2026,10,2026-10-01,NA,NA
"671","British Virgin Islands","VGB",2026,11,2026-11-01,NA,NA
"672","British Virgin Islands","VGB",2026,12,2026-12-01,NA,NA
"673","Bulgaria","BGR",2025,1,2025-01-01,0,"WHO"
"674","Bulgaria","BGR",2025,2,2025-02-01,0,"WHO"
"675","Bulgaria","BGR",2025,3,2025-03-01,0,"WHO"
"676","Bulgaria","BGR",2025,4,2025-04-01,0,"WHO"
"677","Bulgaria","BGR",2025,5,2025-05-01,0,"WHO"
"678","Bulgaria","BGR",2025,6,2025-06-01,0,"WHO"
"679","Bulgaria","BGR",2025,7,2025-07-01,0,"WHO"
"680","Bulgaria","BGR",2025,8,2025-08-01,0,"WHO"
"681","Bulgaria","BGR",2025,9,2025-09-01,0,"WHO"
"682","Bulgaria","BGR",2025,10,2025-10-01,0,"WHO"
"683","Bulgaria","BGR",2025,11,2025-11-01,0,"WHO"
"684","Bulgaria","BGR",2025,12,2025-12-01,0,"WHO"
"685","Bulgaria","BGR",2026,1,2026-01-01,NA,NA
"686","Bulgaria","BGR",2026,2,2026-02-01,NA,NA
"687","Bulgaria","BGR",2026,3,2026-03-01,NA,NA
"688","Bulgaria","BGR",2026,4,2026-04-01,NA,NA
"689","Bulgaria","BGR",2026,5,2026-05-01,NA,NA
"690","Bulgaria","BGR",2026,6,2026-06-01,NA,NA
"691","Bulgaria","BGR",2026,7,2026-07-01,NA,NA
"692","Bulgaria","BGR",2026,8,2026-08-01,NA,NA
"693","Bulgaria","BGR",2026,9,2026-09-01,NA,NA
"694","Bulgaria","BGR",2026,10,2026-10-01,NA,NA
"695","Bulgaria","BGR",2026,11,2026-11-01,NA,NA
"696","Bulgaria","BGR",2026,12,2026-12-01,NA,NA
"697","Burkina Faso","BFA",2025,1,2025-01-01,4242,"WHO"
"698","Burkina Faso","BFA",2025,2,2025-02-01,2543,"WHO"
"699","Burkina Faso","BFA",2025,3,2025-03-01,2130,"WHO"
"700","Burkina Faso","BFA",2025,4,2025-04-01,2026,"WHO"
"701","Burkina Faso","BFA",2025,5,2025-05-01,1981,"WHO"
"702","Burkina Faso","BFA",2025,6,2025-06-01,1894,"WHO"
"703","Burkina Faso","BFA",2025,7,2025-07-01,3584,"WHO"
"704","Burkina Faso","BFA",2025,8,2025-08-01,3123,"WHO"
"705","Burkina Faso","BFA",2025,9,2025-09-01,6374,"WHO"
"706","Burkina Faso","BFA",2025,10,2025-10-01,11453,"WHO"
"707","Burkina Faso","BFA",2025,11,2025-11-01,9011,"WHO"
"708","Burkina Faso","BFA",2025,12,2025-12-01,5074,"WHO"
"709","Burkina Faso","BFA",2026,1,2026-01-01,NA,NA
"710","Burkina Faso","BFA",2026,2,2026-02-01,NA,NA
"711","Burkina Faso","BFA",2026,3,2026-03-01,NA,NA
"712","Burkina Faso","BFA",2026,4,2026-04-01,NA,NA
"713","Burkina Faso","BFA",2026,5,2026-05-01,NA,NA
"714","Burkina Faso","BFA",2026,6,2026-06-01,NA,NA
"715","Burkina Faso","BFA",2026,7,2026-07-01,NA,NA
"716","Burkina Faso","BFA",2026,8,2026-08-01,NA,NA
"717","Burkina Faso","BFA",2026,9,2026-09-01,NA,NA
"718","Burkina Faso","BFA",2026,10,2026-10-01,NA,NA
"719","Burkina Faso","BFA",2026,11,2026-11-01,NA,NA
"720","Burkina Faso","BFA",2026,12,2026-12-01,NA,NA
"721","Cabo Verde","CPV",2025,1,2025-01-01,340,"WHO"
"722","Cabo Verde","CPV",2025,2,2025-02-01,162,"WHO"
"723","Cabo Verde","CPV",2025,3,2025-03-01,27,"WHO"
"724","Cabo Verde","CPV",2025,4,2025-04-01,14,"WHO"
"725","Cabo Verde","CPV",2025,5,2025-05-01,83,"WHO"
"726","Cabo Verde","CPV",2025,6,2025-06-01,58,"WHO"
"727","Cabo Verde","CPV",2025,7,2025-07-01,43,"WHO"
"728","Cabo Verde","CPV",2025,8,2025-08-01,44,"WHO"
"729","Cabo Verde","CPV",2025,9,2025-09-01,12,"WHO"
"730","Cabo Verde","CPV",2025,10,2025-10-01,NA,NA
"731","Cabo Verde","CPV",2025,11,2025-11-01,NA,NA
"732","Cabo Verde","CPV",2025,12,2025-12-01,9,"WHO"
"733","Cabo Verde","CPV",2026,1,2026-01-01,NA,NA
"734","Cabo Verde","CPV",2026,2,2026-02-01,NA,NA
"735","Cabo Verde","CPV",2026,3,2026-03-01,NA,NA
"736","Cabo Verde","CPV",2026,4,2026-04-01,NA,NA
"737","Cabo Verde","CPV",2026,5,2026-05-01,NA,NA
"738","Cabo Verde","CPV",2026,6,2026-06-01,NA,NA
"739","Cabo Verde","CPV",2026,7,2026-07-01,NA,NA
"740","Cabo Verde","CPV",2026,8,2026-08-01,NA,NA
"741","Cabo Verde","CPV",2026,9,2026-09-01,NA,NA
"742","Cabo Verde","CPV",2026,10,2026-10-01,NA,NA
"743","Cabo Verde","CPV",2026,11,2026-11-01,NA,NA
"744","Cabo Verde","CPV",2026,12,2026-12-01,NA,NA
"745","Cambodia","KHM",2025,1,2025-01-01,761,"WHO"
"746","Cambodia","KHM",2025,2,2025-02-01,498,"WHO"
"747","Cambodia","KHM",2025,3,2025-03-01,600,"WHO"
"748","Cambodia","KHM",2025,4,2025-04-01,935,"WHO"
"749","Cambodia","KHM",2025,5,2025-05-01,3233,"WHO"
"750","Cambodia","KHM",2025,6,2025-06-01,6602,"WHO"
"751","Cambodia","KHM",2025,7,2025-07-01,14728,"WHO"
"752","Cambodia","KHM",2025,8,2025-08-01,9948,"WHO"
"753","Cambodia","KHM",2025,9,2025-09-01,7408,"WHO"
"754","Cambodia","KHM",2025,10,2025-10-01,8685,"WHO"
"755","Cambodia","KHM",2025,11,2025-11-01,6058,"WHO"
"756","Cambodia","KHM",2025,12,2025-12-01,3560,"WHO"
"757","Cambodia","KHM",2026,1,2026-01-01,NA,NA
"758","Cambodia","KHM",2026,2,2026-02-01,NA,NA
"759","Cambodia","KHM",2026,3,2026-03-01,NA,NA
"760","Cambodia","KHM",2026,4,2026-04-01,NA,NA
"761","Cambodia","KHM",2026,5,2026-05-01,NA,NA
"762","Cambodia","KHM",2026,6,2026-06-01,NA,NA
"763","Cambodia","KHM",2026,7,2026-07-01,NA,NA
"764","Cambodia","KHM",2026,8,2026-08-01,NA,NA
"765","Cambodia","KHM",2026,9,2026-09-01,NA,NA
"766","Cambodia","KHM",2026,10,2026-10-01,NA,NA
"767","Cambodia","KHM",2026,11,2026-11-01,NA,NA
"768","Cambodia","KHM",2026,12,2026-12-01,NA,NA
"769","Cameroon","CMR",2025,1,2025-01-01,0,"WHO"
"770","Cameroon","CMR",2025,2,2025-02-01,0,"WHO"
"771","Cameroon","CMR",2025,3,2025-03-01,60,"WHO"
"772","Cameroon","CMR",2025,4,2025-04-01,0,"WHO"
"773","Cameroon","CMR",2025,5,2025-05-01,1,"WHO"
"774","Cameroon","CMR",2025,6,2025-06-01,0,"WHO"
"775","Cameroon","CMR",2025,7,2025-07-01,0,"WHO"
"776","Cameroon","CMR",2025,8,2025-08-01,0,"WHO"
"777","Cameroon","CMR",2025,9,2025-09-01,0,"WHO"
"778","Cameroon","CMR",2025,10,2025-10-01,0,"WHO"
"779","Cameroon","CMR",2025,11,2025-11-01,3,"WHO"
"780","Cameroon","CMR",2025,12,2025-12-01,1,"WHO"
"781","Cameroon","CMR",2026,1,2026-01-01,NA,NA
"782","Cameroon","CMR",2026,2,2026-02-01,NA,NA
"783","Cameroon","CMR",2026,3,2026-03-01,NA,NA
"784","Cameroon","CMR",2026,4,2026-04-01,NA,NA
"785","Cameroon","CMR",2026,5,2026-05-01,NA,NA
"786","Cameroon","CMR",2026,6,2026-06-01,NA,NA
"787","Cameroon","CMR",2026,7,2026-07-01,NA,NA
"788","Cameroon","CMR",2026,8,2026-08-01,NA,NA
"789","Cameroon","CMR",2026,9,2026-09-01,NA,NA
"790","Cameroon","CMR",2026,10,2026-10-01,NA,NA
"791","Cameroon","CMR",2026,11,2026-11-01,NA,NA
"792","Cameroon","CMR",2026,12,2026-12-01,NA,NA
"793","Canada","CAN",2025,1,2025-01-01,0,"WHO"
"794","Canada","CAN",2025,2,2025-02-01,0,"WHO"
"795","Canada","CAN",2025,3,2025-03-01,0,"WHO"
"796","Canada","CAN",2025,4,2025-04-01,0,"WHO"
"797","Canada","CAN",2025,5,2025-05-01,0,"WHO"
"798","Canada","CAN",2025,6,2025-06-01,0,"WHO"
"799","Canada","CAN",2025,7,2025-07-01,0,"WHO"
"800","Canada","CAN",2025,8,2025-08-01,0,"WHO"
"801","Canada","CAN",2025,9,2025-09-01,0,"WHO"
"802","Canada","CAN",2025,10,2025-10-01,0,"WHO"
"803","Canada","CAN",2025,11,2025-11-01,0,"WHO"
"804","Canada","CAN",2025,12,2025-12-01,0,"WHO"
"805","Canada","CAN",2026,1,2026-01-01,NA,"PAHO"
"806","Canada","CAN",2026,2,2026-02-01,NA,NA
"807","Canada","CAN",2026,3,2026-03-01,NA,NA
"808","Canada","CAN",2026,4,2026-04-01,NA,NA
"809","Canada","CAN",2026,5,2026-05-01,NA,NA
"810","Canada","CAN",2026,6,2026-06-01,NA,NA
"811","Canada","CAN",2026,7,2026-07-01,NA,NA
"812","Canada","CAN",2026,8,2026-08-01,NA,NA
"813","Canada","CAN",2026,9,2026-09-01,NA,NA
"814","Canada","CAN",2026,10,2026-10-01,NA,NA
"815","Canada","CAN",2026,11,2026-11-01,NA,NA
"816","Canada","CAN",2026,12,2026-12-01,NA,NA
"817","Cayman Islands","CYM",2025,1,2025-01-01,0,"WHO"
"818","Cayman Islands","CYM",2025,2,2025-02-01,0,"WHO"
"819","Cayman Islands","CYM",2025,3,2025-03-01,0,"WHO"
"820","Cayman Islands","CYM",2025,4,2025-04-01,0,"WHO"
"821","Cayman Islands","CYM",2025,5,2025-05-01,0,"WHO"
"822","Cayman Islands","CYM",2025,6,2025-06-01,0,"WHO"
"823","Cayman Islands","CYM",2025,7,2025-07-01,0,"WHO"
"824","Cayman Islands","CYM",2025,8,2025-08-01,0,"WHO"
"825","Cayman Islands","CYM",2025,9,2025-09-01,0,"WHO"
"826","Cayman Islands","CYM",2025,10,2025-10-01,0,"WHO"
"827","Cayman Islands","CYM",2025,11,2025-11-01,NA,"PAHO"
"828","Cayman Islands","CYM",2025,12,2025-12-01,NA,"PAHO"
"829","Cayman Islands","CYM",2026,1,2026-01-01,NA,"PAHO"
"830","Cayman Islands","CYM",2026,2,2026-02-01,NA,NA
"831","Cayman Islands","CYM",2026,3,2026-03-01,NA,NA
"832","Cayman Islands","CYM",2026,4,2026-04-01,NA,NA
"833","Cayman Islands","CYM",2026,5,2026-05-01,NA,NA
"834","Cayman Islands","CYM",2026,6,2026-06-01,NA,NA
"835","Cayman Islands","CYM",2026,7,2026-07-01,NA,NA
"836","Cayman Islands","CYM",2026,8,2026-08-01,NA,NA
"837","Cayman Islands","CYM",2026,9,2026-09-01,NA,NA
"838","Cayman Islands","CYM",2026,10,2026-10-01,NA,NA
"839","Cayman Islands","CYM",2026,11,2026-11-01,NA,NA
"840","Cayman Islands","CYM",2026,12,2026-12-01,NA,NA
"841","Chad","TCD",2025,1,2025-01-01,11,"WHO"
"842","Chad","TCD",2025,2,2025-02-01,0,"WHO"
"843","Chad","TCD",2025,3,2025-03-01,0,"WHO"
"844","Chad","TCD",2025,4,2025-04-01,0,"WHO"
"845","Chad","TCD",2025,5,2025-05-01,6,"WHO"
"846","Chad","TCD",2025,6,2025-06-01,0,"WHO"
"847","Chad","TCD",2025,7,2025-07-01,0,"WHO"
"848","Chad","TCD",2025,8,2025-08-01,0,"WHO"
"849","Chad","TCD",2025,9,2025-09-01,0,"WHO"
"850","Chad","TCD",2025,10,2025-10-01,0,"WHO"
"851","Chad","TCD",2025,11,2025-11-01,0,"WHO"
"852","Chad","TCD",2025,12,2025-12-01,0,"WHO"
"853","Chad","TCD",2026,1,2026-01-01,NA,NA
"854","Chad","TCD",2026,2,2026-02-01,NA,NA
"855","Chad","TCD",2026,3,2026-03-01,NA,NA
"856","Chad","TCD",2026,4,2026-04-01,NA,NA
"857","Chad","TCD",2026,5,2026-05-01,NA,NA
"858","Chad","TCD",2026,6,2026-06-01,NA,NA
"859","Chad","TCD",2026,7,2026-07-01,NA,NA
"860","Chad","TCD",2026,8,2026-08-01,NA,NA
"861","Chad","TCD",2026,9,2026-09-01,NA,NA
"862","Chad","TCD",2026,10,2026-10-01,NA,NA
"863","Chad","TCD",2026,11,2026-11-01,NA,NA
"864","Chad","TCD",2026,12,2026-12-01,NA,NA
"865","Chile","CHL",2025,1,2025-01-01,0,"WHO"
"866","Chile","CHL",2025,2,2025-02-01,0,"WHO"
"867","Chile","CHL",2025,3,2025-03-01,0,"WHO"
"868","Chile","CHL",2025,4,2025-04-01,0,"WHO"
"869","Chile","CHL",2025,5,2025-05-01,0,"WHO"
"870","Chile","CHL",2025,6,2025-06-01,0,"WHO"
"871","Chile","CHL",2025,7,2025-07-01,0,"WHO"
"872","Chile","CHL",2025,8,2025-08-01,0,"WHO"
"873","Chile","CHL",2025,9,2025-09-01,0,"WHO"
"874","Chile","CHL",2025,10,2025-10-01,0,"WHO"
"875","Chile","CHL",2025,11,2025-11-01,0,"WHO"
"876","Chile","CHL",2025,12,2025-12-01,NA,"PAHO"
"877","Chile","CHL",2026,1,2026-01-01,NA,"PAHO"
"878","Chile","CHL",2026,2,2026-02-01,NA,NA
"879","Chile","CHL",2026,3,2026-03-01,NA,NA
"880","Chile","CHL",2026,4,2026-04-01,NA,NA
"881","Chile","CHL",2026,5,2026-05-01,NA,NA
"882","Chile","CHL",2026,6,2026-06-01,NA,NA
"883","Chile","CHL",2026,7,2026-07-01,NA,NA
"884","Chile","CHL",2026,8,2026-08-01,NA,NA
"885","Chile","CHL",2026,9,2026-09-01,NA,NA
"886","Chile","CHL",2026,10,2026-10-01,NA,NA
"887","Chile","CHL",2026,11,2026-11-01,NA,NA
"888","Chile","CHL",2026,12,2026-12-01,NA,NA
"889","China","CHN",2025,1,2025-01-01,49,"WHO"
"890","China","CHN",2025,2,2025-02-01,51,"WHO"
"891","China","CHN",2025,3,2025-03-01,38,"WHO"
"892","China","CHN",2025,4,2025-04-01,74,"WHO"
"893","China","CHN",2025,5,2025-05-01,126,"WHO"
"894","China","CHN",2025,6,2025-06-01,225,"WHO"
"895","China","CHN",2025,7,2025-07-01,694,"WHO"
"896","China","CHN",2025,8,2025-08-01,1702,"WHO"
"897","China","CHN",2025,9,2025-09-01,2321,"WHO"
"898","China","CHN",2025,10,2025-10-01,3727,"WHO"
"899","China","CHN",2025,11,2025-11-01,849,"WHO"
"900","China","CHN",2025,12,2025-12-01,151,"WHO"
"901","China","CHN",2026,1,2026-01-01,NA,NA
"902","China","CHN",2026,2,2026-02-01,NA,NA
"903","China","CHN",2026,3,2026-03-01,NA,NA
"904","China","CHN",2026,4,2026-04-01,NA,NA
"905","China","CHN",2026,5,2026-05-01,NA,NA
"906","China","CHN",2026,6,2026-06-01,NA,NA
"907","China","CHN",2026,7,2026-07-01,NA,NA
"908","China","CHN",2026,8,2026-08-01,NA,NA
"909","China","CHN",2026,9,2026-09-01,NA,NA
"910","China","CHN",2026,10,2026-10-01,NA,NA
"911","China","CHN",2026,11,2026-11-01,NA,NA
"912","China","CHN",2026,12,2026-12-01,NA,NA
"913","Colombia","COL",2025,1,2025-01-01,19794,"PAHO"
"914","Colombia","COL",2025,2,2025-02-01,14705,"PAHO"
"915","Colombia","COL",2025,3,2025-03-01,16984,"PAHO"
"916","Colombia","COL",2025,4,2025-04-01,13301,"PAHO"
"917","Colombia","COL",2025,5,2025-05-01,11614,"PAHO"
"918","Colombia","COL",2025,6,2025-06-01,11049,"PAHO"
"919","Colombia","COL",2025,7,2025-07-01,7429,"PAHO"
"920","Colombia","COL",2025,8,2025-08-01,5159,"PAHO"
"921","Colombia","COL",2025,9,2025-09-01,6506,"PAHO"
"922","Colombia","COL",2025,10,2025-10-01,4615,"PAHO"
"923","Colombia","COL",2025,11,2025-11-01,6554,"PAHO"
"924","Colombia","COL",2025,12,2025-12-01,7409,"PAHO"
"925","Colombia","COL",2026,1,2026-01-01,11537,"PAHO"
"926","Colombia","COL",2026,2,2026-02-01,NA,NA
"927","Colombia","COL",2026,3,2026-03-01,NA,NA
"928","Colombia","COL",2026,4,2026-04-01,NA,NA
"929","Colombia","COL",2026,5,2026-05-01,NA,NA
"930","Colombia","COL",2026,6,2026-06-01,NA,NA
"931","Colombia","COL",2026,7,2026-07-01,NA,NA
"932","Colombia","COL",2026,8,2026-08-01,NA,NA
"933","Colombia","COL",2026,9,2026-09-01,NA,NA
"934","Colombia","COL",2026,10,2026-10-01,NA,NA
"935","Colombia","COL",2026,11,2026-11-01,NA,NA
"936","Colombia","COL",2026,12,2026-12-01,NA,NA
"937","Comoros","COM",2025,1,2025-01-01,NA,NA
"938","Comoros","COM",2025,2,2025-02-01,NA,NA
"939","Comoros","COM",2025,3,2025-03-01,NA,NA
"940","Comoros","COM",2025,4,2025-04-01,NA,NA
"941","Comoros","COM",2025,5,2025-05-01,NA,NA
"942","Comoros","COM",2025,6,2025-06-01,NA,NA
"943","Comoros","COM",2025,7,2025-07-01,NA,NA
"944","Comoros","COM",2025,8,2025-08-01,NA,NA
"945","Comoros","COM",2025,9,2025-09-01,41,"WHO"
"946","Comoros","COM",2025,10,2025-10-01,NA,NA
"947","Comoros","COM",2025,11,2025-11-01,NA,NA
"948","Comoros","COM",2025,12,2025-12-01,NA,NA
"949","Comoros","COM",2026,1,2026-01-01,NA,NA
"950","Comoros","COM",2026,2,2026-02-01,NA,NA
"951","Comoros","COM",2026,3,2026-03-01,NA,NA
"952","Comoros","COM",2026,4,2026-04-01,NA,NA
"953","Comoros","COM",2026,5,2026-05-01,NA,NA
"954","Comoros","COM",2026,6,2026-06-01,NA,NA
"955","Comoros","COM",2026,7,2026-07-01,NA,NA
"956","Comoros","COM",2026,8,2026-08-01,NA,NA
"957","Comoros","COM",2026,9,2026-09-01,NA,NA
"958","Comoros","COM",2026,10,2026-10-01,NA,NA
"959","Comoros","COM",2026,11,2026-11-01,NA,NA
"960","Comoros","COM",2026,12,2026-12-01,NA,NA
"961","Cook Islands","COK",2025,1,2025-01-01,0,"WHO"
"962","Cook Islands","COK",2025,2,2025-02-01,1,"WHO"
"963","Cook Islands","COK",2025,3,2025-03-01,0,"WHO"
"964","Cook Islands","COK",2025,4,2025-04-01,1,"WHO"
"965","Cook Islands","COK",2025,5,2025-05-01,12,"WHO"
"966","Cook Islands","COK",2025,6,2025-06-01,23,"WHO"
"967","Cook Islands","COK",2025,7,2025-07-01,34,"WHO"
"968","Cook Islands","COK",2025,8,2025-08-01,18,"WHO"
"969","Cook Islands","COK",2025,9,2025-09-01,40,"WHO"
"970","Cook Islands","COK",2025,10,2025-10-01,34,"WHO"
"971","Cook Islands","COK",2025,11,2025-11-01,59,"WHO"
"972","Cook Islands","COK",2025,12,2025-12-01,12,"WHO"
"973","Cook Islands","COK",2026,1,2026-01-01,NA,NA
"974","Cook Islands","COK",2026,2,2026-02-01,NA,NA
"975","Cook Islands","COK",2026,3,2026-03-01,NA,NA
"976","Cook Islands","COK",2026,4,2026-04-01,NA,NA
"977","Cook Islands","COK",2026,5,2026-05-01,NA,NA
"978","Cook Islands","COK",2026,6,2026-06-01,NA,NA
"979","Cook Islands","COK",2026,7,2026-07-01,NA,NA
"980","Cook Islands","COK",2026,8,2026-08-01,NA,NA
"981","Cook Islands","COK",2026,9,2026-09-01,NA,NA
"982","Cook Islands","COK",2026,10,2026-10-01,NA,NA
"983","Cook Islands","COK",2026,11,2026-11-01,NA,NA
"984","Cook Islands","COK",2026,12,2026-12-01,NA,NA
"985","Costa Rica","CRI",2025,1,2025-01-01,544,"PAHO"
"986","Costa Rica","CRI",2025,2,2025-02-01,260,"PAHO"
"987","Costa Rica","CRI",2025,3,2025-03-01,286,"PAHO"
"988","Costa Rica","CRI",2025,4,2025-04-01,165,"PAHO"
"989","Costa Rica","CRI",2025,5,2025-05-01,185,"PAHO"
"990","Costa Rica","CRI",2025,6,2025-06-01,326,"PAHO"
"991","Costa Rica","CRI",2025,7,2025-07-01,492,"PAHO"
"992","Costa Rica","CRI",2025,8,2025-08-01,654,"PAHO"
"993","Costa Rica","CRI",2025,9,2025-09-01,911,"PAHO"
"994","Costa Rica","CRI",2025,10,2025-10-01,793,"PAHO"
"995","Costa Rica","CRI",2025,11,2025-11-01,793,"PAHO"
"996","Costa Rica","CRI",2025,12,2025-12-01,720,"PAHO"
"997","Costa Rica","CRI",2026,1,2026-01-01,279,"PAHO"
"998","Costa Rica","CRI",2026,2,2026-02-01,NA,NA
"999","Costa Rica","CRI",2026,3,2026-03-01,NA,NA
"1000","Costa Rica","CRI",2026,4,2026-04-01,NA,NA
"1001","Costa Rica","CRI",2026,5,2026-05-01,NA,NA
"1002","Costa Rica","CRI",2026,6,2026-06-01,NA,NA
"1003","Costa Rica","CRI",2026,7,2026-07-01,NA,NA
"1004","Costa Rica","CRI",2026,8,2026-08-01,NA,NA
"1005","Costa Rica","CRI",2026,9,2026-09-01,NA,NA
"1006","Costa Rica","CRI",2026,10,2026-10-01,NA,NA
"1007","Costa Rica","CRI",2026,11,2026-11-01,NA,NA
"1008","Costa Rica","CRI",2026,12,2026-12-01,NA,NA
"1009","Côte d'Ivoire","CIV",2025,1,2025-01-01,23,"WHO"
"1010","Côte d'Ivoire","CIV",2025,2,2025-02-01,5,"WHO"
"1011","Côte d'Ivoire","CIV",2025,3,2025-03-01,15,"WHO"
"1012","Côte d'Ivoire","CIV",2025,4,2025-04-01,15,"WHO"
"1013","Côte d'Ivoire","CIV",2025,5,2025-05-01,28,"WHO"
"1014","Côte d'Ivoire","CIV",2025,6,2025-06-01,78,"WHO"
"1015","Côte d'Ivoire","CIV",2025,7,2025-07-01,106,"WHO"
"1016","Côte d'Ivoire","CIV",2025,8,2025-08-01,39,"WHO"
"1017","Côte d'Ivoire","CIV",2025,9,2025-09-01,28,"WHO"
"1018","Côte d'Ivoire","CIV",2025,10,2025-10-01,0,"WHO"
"1019","Côte d'Ivoire","CIV",2025,11,2025-11-01,19,"WHO"
"1020","Côte d'Ivoire","CIV",2025,12,2025-12-01,40,"WHO"
"1021","Côte d'Ivoire","CIV",2026,1,2026-01-01,NA,NA
"1022","Côte d'Ivoire","CIV",2026,2,2026-02-01,NA,NA
"1023","Côte d'Ivoire","CIV",2026,3,2026-03-01,NA,NA
"1024","Côte d'Ivoire","CIV",2026,4,2026-04-01,NA,NA
"1025","Côte d'Ivoire","CIV",2026,5,2026-05-01,NA,NA
"1026","Côte d'Ivoire","CIV",2026,6,2026-06-01,NA,NA
"1027","Côte d'Ivoire","CIV",2026,7,2026-07-01,NA,NA
"1028","Côte d'Ivoire","CIV",2026,8,2026-08-01,NA,NA
"1029","Côte d'Ivoire","CIV",2026,9,2026-09-01,NA,NA
"1030","Côte d'Ivoire","CIV",2026,10,2026-10-01,NA,NA
"1031","Côte d'Ivoire","CIV",2026,11,2026-11-01,NA,NA
"1032","Côte d'Ivoire","CIV",2026,12,2026-12-01,NA,NA
"1033","Croatia","HRV",2025,1,2025-01-01,0,"WHO"
"1034","Croatia","HRV",2025,2,2025-02-01,0,"WHO"
"1035","Croatia","HRV",2025,3,2025-03-01,0,"WHO"
"1036","Croatia","HRV",2025,4,2025-04-01,0,"WHO"
"1037","Croatia","HRV",2025,5,2025-05-01,0,"WHO"
"1038","Croatia","HRV",2025,6,2025-06-01,0,"WHO"
"1039","Croatia","HRV",2025,7,2025-07-01,0,"WHO"
"1040","Croatia","HRV",2025,8,2025-08-01,0,"WHO"
"1041","Croatia","HRV",2025,9,2025-09-01,0,"WHO"
"1042","Croatia","HRV",2025,10,2025-10-01,0,"WHO"
"1043","Croatia","HRV",2025,11,2025-11-01,0,"WHO"
"1044","Croatia","HRV",2025,12,2025-12-01,0,"WHO"
"1045","Croatia","HRV",2026,1,2026-01-01,NA,NA
"1046","Croatia","HRV",2026,2,2026-02-01,NA,NA
"1047","Croatia","HRV",2026,3,2026-03-01,NA,NA
"1048","Croatia","HRV",2026,4,2026-04-01,NA,NA
"1049","Croatia","HRV",2026,5,2026-05-01,NA,NA
"1050","Croatia","HRV",2026,6,2026-06-01,NA,NA
"1051","Croatia","HRV",2026,7,2026-07-01,NA,NA
"1052","Croatia","HRV",2026,8,2026-08-01,NA,NA
"1053","Croatia","HRV",2026,9,2026-09-01,NA,NA
"1054","Croatia","HRV",2026,10,2026-10-01,NA,NA
"1055","Croatia","HRV",2026,11,2026-11-01,NA,NA
"1056","Croatia","HRV",2026,12,2026-12-01,NA,NA
"1057","Cuba","CUB",2025,1,2025-01-01,NA,"PAHO"
"1058","Cuba","CUB",2025,2,2025-02-01,NA,"PAHO"
"1059","Cuba","CUB",2025,3,2025-03-01,NA,"PAHO"
"1060","Cuba","CUB",2025,4,2025-04-01,NA,"PAHO"
"1061","Cuba","CUB",2025,5,2025-05-01,NA,"PAHO"
"1062","Cuba","CUB",2025,6,2025-06-01,NA,"PAHO"
"1063","Cuba","CUB",2025,7,2025-07-01,3945,"WHO"
"1064","Cuba","CUB",2025,8,2025-08-01,NA,"PAHO"
"1065","Cuba","CUB",2025,9,2025-09-01,2574,"WHO"
"1066","Cuba","CUB",2025,10,2025-10-01,NA,"PAHO"
"1067","Cuba","CUB",2025,11,2025-11-01,19476,"WHO"
"1068","Cuba","CUB",2025,12,2025-12-01,13406,"PAHO"
"1069","Cuba","CUB",2026,1,2026-01-01,NA,NA
"1070","Cuba","CUB",2026,2,2026-02-01,NA,NA
"1071","Cuba","CUB",2026,3,2026-03-01,NA,NA
"1072","Cuba","CUB",2026,4,2026-04-01,NA,NA
"1073","Cuba","CUB",2026,5,2026-05-01,NA,NA
"1074","Cuba","CUB",2026,6,2026-06-01,NA,NA
"1075","Cuba","CUB",2026,7,2026-07-01,NA,NA
"1076","Cuba","CUB",2026,8,2026-08-01,NA,NA
"1077","Cuba","CUB",2026,9,2026-09-01,NA,NA
"1078","Cuba","CUB",2026,10,2026-10-01,NA,NA
"1079","Cuba","CUB",2026,11,2026-11-01,NA,NA
"1080","Cuba","CUB",2026,12,2026-12-01,NA,NA
"1081","Curaçao","CUW",2025,1,2025-01-01,NA,"WHO"
"1082","Curaçao","CUW",2025,2,2025-02-01,NA,"WHO"
"1083","Curaçao","CUW",2025,3,2025-03-01,NA,"WHO"
"1084","Curaçao","CUW",2025,4,2025-04-01,NA,"WHO"
"1085","Curaçao","CUW",2025,5,2025-05-01,NA,"WHO"
"1086","Curaçao","CUW",2025,6,2025-06-01,NA,"WHO"
"1087","Curaçao","CUW",2025,7,2025-07-01,NA,"WHO"
"1088","Curaçao","CUW",2025,8,2025-08-01,NA,"WHO"
"1089","Curaçao","CUW",2025,9,2025-09-01,NA,"WHO"
"1090","Curaçao","CUW",2025,10,2025-10-01,NA,"WHO"
"1091","Curaçao","CUW",2025,11,2025-11-01,NA,"WHO"
"1092","Curaçao","CUW",2025,12,2025-12-01,NA,"WHO"
"1093","Curaçao","CUW",2026,1,2026-01-01,NA,NA
"1094","Curaçao","CUW",2026,2,2026-02-01,NA,NA
"1095","Curaçao","CUW",2026,3,2026-03-01,NA,NA
"1096","Curaçao","CUW",2026,4,2026-04-01,NA,NA
"1097","Curaçao","CUW",2026,5,2026-05-01,NA,NA
"1098","Curaçao","CUW",2026,6,2026-06-01,NA,NA
"1099","Curaçao","CUW",2026,7,2026-07-01,NA,NA
"1100","Curaçao","CUW",2026,8,2026-08-01,NA,NA
"1101","Curaçao","CUW",2026,9,2026-09-01,NA,NA
"1102","Curaçao","CUW",2026,10,2026-10-01,NA,NA
"1103","Curaçao","CUW",2026,11,2026-11-01,NA,NA
"1104","Curaçao","CUW",2026,12,2026-12-01,NA,NA
"1105","Cyprus","CYP",2025,1,2025-01-01,0,"WHO"
"1106","Cyprus","CYP",2025,2,2025-02-01,0,"WHO"
"1107","Cyprus","CYP",2025,3,2025-03-01,0,"WHO"
"1108","Cyprus","CYP",2025,4,2025-04-01,0,"WHO"
"1109","Cyprus","CYP",2025,5,2025-05-01,0,"WHO"
"1110","Cyprus","CYP",2025,6,2025-06-01,0,"WHO"
"1111","Cyprus","CYP",2025,7,2025-07-01,0,"WHO"
"1112","Cyprus","CYP",2025,8,2025-08-01,0,"WHO"
"1113","Cyprus","CYP",2025,9,2025-09-01,0,"WHO"
"1114","Cyprus","CYP",2025,10,2025-10-01,0,"WHO"
"1115","Cyprus","CYP",2025,11,2025-11-01,0,"WHO"
"1116","Cyprus","CYP",2025,12,2025-12-01,0,"WHO"
"1117","Cyprus","CYP",2026,1,2026-01-01,NA,NA
"1118","Cyprus","CYP",2026,2,2026-02-01,NA,NA
"1119","Cyprus","CYP",2026,3,2026-03-01,NA,NA
"1120","Cyprus","CYP",2026,4,2026-04-01,NA,NA
"1121","Cyprus","CYP",2026,5,2026-05-01,NA,NA
"1122","Cyprus","CYP",2026,6,2026-06-01,NA,NA
"1123","Cyprus","CYP",2026,7,2026-07-01,NA,NA
"1124","Cyprus","CYP",2026,8,2026-08-01,NA,NA
"1125","Cyprus","CYP",2026,9,2026-09-01,NA,NA
"1126","Cyprus","CYP",2026,10,2026-10-01,NA,NA
"1127","Cyprus","CYP",2026,11,2026-11-01,NA,NA
"1128","Cyprus","CYP",2026,12,2026-12-01,NA,NA
"1129","Czechia","CZE",2025,1,2025-01-01,0,"WHO"
"1130","Czechia","CZE",2025,2,2025-02-01,0,"WHO"
"1131","Czechia","CZE",2025,3,2025-03-01,0,"WHO"
"1132","Czechia","CZE",2025,4,2025-04-01,0,"WHO"
"1133","Czechia","CZE",2025,5,2025-05-01,0,"WHO"
"1134","Czechia","CZE",2025,6,2025-06-01,0,"WHO"
"1135","Czechia","CZE",2025,7,2025-07-01,0,"WHO"
"1136","Czechia","CZE",2025,8,2025-08-01,0,"WHO"
"1137","Czechia","CZE",2025,9,2025-09-01,0,"WHO"
"1138","Czechia","CZE",2025,10,2025-10-01,0,"WHO"
"1139","Czechia","CZE",2025,11,2025-11-01,0,"WHO"
"1140","Czechia","CZE",2025,12,2025-12-01,0,"WHO"
"1141","Czechia","CZE",2026,1,2026-01-01,NA,NA
"1142","Czechia","CZE",2026,2,2026-02-01,NA,NA
"1143","Czechia","CZE",2026,3,2026-03-01,NA,NA
"1144","Czechia","CZE",2026,4,2026-04-01,NA,NA
"1145","Czechia","CZE",2026,5,2026-05-01,NA,NA
"1146","Czechia","CZE",2026,6,2026-06-01,NA,NA
"1147","Czechia","CZE",2026,7,2026-07-01,NA,NA
"1148","Czechia","CZE",2026,8,2026-08-01,NA,NA
"1149","Czechia","CZE",2026,9,2026-09-01,NA,NA
"1150","Czechia","CZE",2026,10,2026-10-01,NA,NA
"1151","Czechia","CZE",2026,11,2026-11-01,NA,NA
"1152","Czechia","CZE",2026,12,2026-12-01,NA,NA
"1153","Denmark","DNK",2025,1,2025-01-01,0,"WHO"
"1154","Denmark","DNK",2025,2,2025-02-01,0,"WHO"
"1155","Denmark","DNK",2025,3,2025-03-01,0,"WHO"
"1156","Denmark","DNK",2025,4,2025-04-01,0,"WHO"
"1157","Denmark","DNK",2025,5,2025-05-01,0,"WHO"
"1158","Denmark","DNK",2025,6,2025-06-01,0,"WHO"
"1159","Denmark","DNK",2025,7,2025-07-01,0,"WHO"
"1160","Denmark","DNK",2025,8,2025-08-01,0,"WHO"
"1161","Denmark","DNK",2025,9,2025-09-01,0,"WHO"
"1162","Denmark","DNK",2025,10,2025-10-01,0,"WHO"
"1163","Denmark","DNK",2025,11,2025-11-01,0,"WHO"
"1164","Denmark","DNK",2025,12,2025-12-01,0,"WHO"
"1165","Denmark","DNK",2026,1,2026-01-01,NA,NA
"1166","Denmark","DNK",2026,2,2026-02-01,NA,NA
"1167","Denmark","DNK",2026,3,2026-03-01,NA,NA
"1168","Denmark","DNK",2026,4,2026-04-01,NA,NA
"1169","Denmark","DNK",2026,5,2026-05-01,NA,NA
"1170","Denmark","DNK",2026,6,2026-06-01,NA,NA
"1171","Denmark","DNK",2026,7,2026-07-01,NA,NA
"1172","Denmark","DNK",2026,8,2026-08-01,NA,NA
"1173","Denmark","DNK",2026,9,2026-09-01,NA,NA
"1174","Denmark","DNK",2026,10,2026-10-01,NA,NA
"1175","Denmark","DNK",2026,11,2026-11-01,NA,NA
"1176","Denmark","DNK",2026,12,2026-12-01,NA,NA
"1177","Dominican Republic","DOM",2025,1,2025-01-01,201,"PAHO"
"1178","Dominican Republic","DOM",2025,2,2025-02-01,166,"PAHO"
"1179","Dominican Republic","DOM",2025,3,2025-03-01,239,"PAHO"
"1180","Dominican Republic","DOM",2025,4,2025-04-01,126,"PAHO"
"1181","Dominican Republic","DOM",2025,5,2025-05-01,166,"PAHO"
"1182","Dominican Republic","DOM",2025,6,2025-06-01,178,"PAHO"
"1183","Dominican Republic","DOM",2025,7,2025-07-01,139,"PAHO"
"1184","Dominican Republic","DOM",2025,8,2025-08-01,117,"PAHO"
"1185","Dominican Republic","DOM",2025,9,2025-09-01,168,"PAHO"
"1186","Dominican Republic","DOM",2025,10,2025-10-01,172,"PAHO"
"1187","Dominican Republic","DOM",2025,11,2025-11-01,196,"PAHO"
"1188","Dominican Republic","DOM",2025,12,2025-12-01,148,"PAHO"
"1189","Dominican Republic","DOM",2026,1,2026-01-01,110,"PAHO"
"1190","Dominican Republic","DOM",2026,2,2026-02-01,NA,NA
"1191","Dominican Republic","DOM",2026,3,2026-03-01,NA,NA
"1192","Dominican Republic","DOM",2026,4,2026-04-01,NA,NA
"1193","Dominican Republic","DOM",2026,5,2026-05-01,NA,NA
"1194","Dominican Republic","DOM",2026,6,2026-06-01,NA,NA
"1195","Dominican Republic","DOM",2026,7,2026-07-01,NA,NA
"1196","Dominican Republic","DOM",2026,8,2026-08-01,NA,NA
"1197","Dominican Republic","DOM",2026,9,2026-09-01,NA,NA
"1198","Dominican Republic","DOM",2026,10,2026-10-01,NA,NA
"1199","Dominican Republic","DOM",2026,11,2026-11-01,NA,NA
"1200","Dominican Republic","DOM",2026,12,2026-12-01,NA,NA
"1201","Ecuador","ECU",2025,1,2025-01-01,4513,"PAHO"
"1202","Ecuador","ECU",2025,2,2025-02-01,4122,"PAHO"
"1203","Ecuador","ECU",2025,3,2025-03-01,5770,"PAHO"
"1204","Ecuador","ECU",2025,4,2025-04-01,4985,"PAHO"
"1205","Ecuador","ECU",2025,5,2025-05-01,5324,"PAHO"
"1206","Ecuador","ECU",2025,6,2025-06-01,4741,"PAHO"
"1207","Ecuador","ECU",2025,7,2025-07-01,2452,"PAHO"
"1208","Ecuador","ECU",2025,8,2025-08-01,1362,"PAHO"
"1209","Ecuador","ECU",2025,9,2025-09-01,1326,"PAHO"
"1210","Ecuador","ECU",2025,10,2025-10-01,963,"PAHO"
"1211","Ecuador","ECU",2025,11,2025-11-01,926,"PAHO"
"1212","Ecuador","ECU",2025,12,2025-12-01,1325,"PAHO"
"1213","Ecuador","ECU",2026,1,2026-01-01,1836,"PAHO"
"1214","Ecuador","ECU",2026,2,2026-02-01,NA,NA
"1215","Ecuador","ECU",2026,3,2026-03-01,NA,NA
"1216","Ecuador","ECU",2026,4,2026-04-01,NA,NA
"1217","Ecuador","ECU",2026,5,2026-05-01,NA,NA
"1218","Ecuador","ECU",2026,6,2026-06-01,NA,NA
"1219","Ecuador","ECU",2026,7,2026-07-01,NA,NA
"1220","Ecuador","ECU",2026,8,2026-08-01,NA,NA
"1221","Ecuador","ECU",2026,9,2026-09-01,NA,NA
"1222","Ecuador","ECU",2026,10,2026-10-01,NA,NA
"1223","Ecuador","ECU",2026,11,2026-11-01,NA,NA
"1224","Ecuador","ECU",2026,12,2026-12-01,NA,NA
"1225","El Salvador","SLV",2025,1,2025-01-01,411,"PAHO"
"1226","El Salvador","SLV",2025,2,2025-02-01,358,"PAHO"
"1227","El Salvador","SLV",2025,3,2025-03-01,492,"PAHO"
"1228","El Salvador","SLV",2025,4,2025-04-01,379,"PAHO"
"1229","El Salvador","SLV",2025,5,2025-05-01,391,"PAHO"
"1230","El Salvador","SLV",2025,6,2025-06-01,616,"PAHO"
"1231","El Salvador","SLV",2025,7,2025-07-01,732,"PAHO"
"1232","El Salvador","SLV",2025,8,2025-08-01,690,"PAHO"
"1233","El Salvador","SLV",2025,9,2025-09-01,811,"PAHO"
"1234","El Salvador","SLV",2025,10,2025-10-01,458,"PAHO"
"1235","El Salvador","SLV",2025,11,2025-11-01,298,"PAHO"
"1236","El Salvador","SLV",2025,12,2025-12-01,197,"PAHO"
"1237","El Salvador","SLV",2026,1,2026-01-01,636,"PAHO"
"1238","El Salvador","SLV",2026,2,2026-02-01,NA,NA
"1239","El Salvador","SLV",2026,3,2026-03-01,NA,NA
"1240","El Salvador","SLV",2026,4,2026-04-01,NA,NA
"1241","El Salvador","SLV",2026,5,2026-05-01,NA,NA
"1242","El Salvador","SLV",2026,6,2026-06-01,NA,NA
"1243","El Salvador","SLV",2026,7,2026-07-01,NA,NA
"1244","El Salvador","SLV",2026,8,2026-08-01,NA,NA
"1245","El Salvador","SLV",2026,9,2026-09-01,NA,NA
"1246","El Salvador","SLV",2026,10,2026-10-01,NA,NA
"1247","El Salvador","SLV",2026,11,2026-11-01,NA,NA
"1248","El Salvador","SLV",2026,12,2026-12-01,NA,NA
"1249","Equatorial Guinea","GNQ",2025,1,2025-01-01,NA,NA
"1250","Equatorial Guinea","GNQ",2025,2,2025-02-01,0,"WHO"
"1251","Equatorial Guinea","GNQ",2025,3,2025-03-01,0,"WHO"
"1252","Equatorial Guinea","GNQ",2025,4,2025-04-01,0,"WHO"
"1253","Equatorial Guinea","GNQ",2025,5,2025-05-01,0,"WHO"
"1254","Equatorial Guinea","GNQ",2025,6,2025-06-01,0,"WHO"
"1255","Equatorial Guinea","GNQ",2025,7,2025-07-01,0,"WHO"
"1256","Equatorial Guinea","GNQ",2025,8,2025-08-01,0,"WHO"
"1257","Equatorial Guinea","GNQ",2025,9,2025-09-01,0,"WHO"
"1258","Equatorial Guinea","GNQ",2025,10,2025-10-01,0,"WHO"
"1259","Equatorial Guinea","GNQ",2025,11,2025-11-01,0,"WHO"
"1260","Equatorial Guinea","GNQ",2025,12,2025-12-01,0,"WHO"
"1261","Equatorial Guinea","GNQ",2026,1,2026-01-01,NA,NA
"1262","Equatorial Guinea","GNQ",2026,2,2026-02-01,NA,NA
"1263","Equatorial Guinea","GNQ",2026,3,2026-03-01,NA,NA
"1264","Equatorial Guinea","GNQ",2026,4,2026-04-01,NA,NA
"1265","Equatorial Guinea","GNQ",2026,5,2026-05-01,NA,NA
"1266","Equatorial Guinea","GNQ",2026,6,2026-06-01,NA,NA
"1267","Equatorial Guinea","GNQ",2026,7,2026-07-01,NA,NA
"1268","Equatorial Guinea","GNQ",2026,8,2026-08-01,NA,NA
"1269","Equatorial Guinea","GNQ",2026,9,2026-09-01,NA,NA
"1270","Equatorial Guinea","GNQ",2026,10,2026-10-01,NA,NA
"1271","Equatorial Guinea","GNQ",2026,11,2026-11-01,NA,NA
"1272","Equatorial Guinea","GNQ",2026,12,2026-12-01,NA,NA
"1273","Eritrea","ERI",2025,1,2025-01-01,NA,NA
"1274","Eritrea","ERI",2025,2,2025-02-01,18,"WHO"
"1275","Eritrea","ERI",2025,3,2025-03-01,NA,NA
"1276","Eritrea","ERI",2025,4,2025-04-01,48,"WHO"
"1277","Eritrea","ERI",2025,5,2025-05-01,NA,NA
"1278","Eritrea","ERI",2025,6,2025-06-01,NA,NA
"1279","Eritrea","ERI",2025,7,2025-07-01,9,"WHO"
"1280","Eritrea","ERI",2025,8,2025-08-01,NA,NA
"1281","Eritrea","ERI",2025,9,2025-09-01,3493,"WHO"
"1282","Eritrea","ERI",2025,10,2025-10-01,39,"WHO"
"1283","Eritrea","ERI",2025,11,2025-11-01,465,"WHO"
"1284","Eritrea","ERI",2025,12,2025-12-01,246,"WHO"
"1285","Eritrea","ERI",2026,1,2026-01-01,NA,NA
"1286","Eritrea","ERI",2026,2,2026-02-01,NA,NA
"1287","Eritrea","ERI",2026,3,2026-03-01,NA,NA
"1288","Eritrea","ERI",2026,4,2026-04-01,NA,NA
"1289","Eritrea","ERI",2026,5,2026-05-01,NA,NA
"1290","Eritrea","ERI",2026,6,2026-06-01,NA,NA
"1291","Eritrea","ERI",2026,7,2026-07-01,NA,NA
"1292","Eritrea","ERI",2026,8,2026-08-01,NA,NA
"1293","Eritrea","ERI",2026,9,2026-09-01,NA,NA
"1294","Eritrea","ERI",2026,10,2026-10-01,NA,NA
"1295","Eritrea","ERI",2026,11,2026-11-01,NA,NA
"1296","Eritrea","ERI",2026,12,2026-12-01,NA,NA
"1297","Estonia","EST",2025,1,2025-01-01,0,"WHO"
"1298","Estonia","EST",2025,2,2025-02-01,0,"WHO"
"1299","Estonia","EST",2025,3,2025-03-01,0,"WHO"
"1300","Estonia","EST",2025,4,2025-04-01,0,"WHO"
"1301","Estonia","EST",2025,5,2025-05-01,0,"WHO"
"1302","Estonia","EST",2025,6,2025-06-01,0,"WHO"
"1303","Estonia","EST",2025,7,2025-07-01,0,"WHO"
"1304","Estonia","EST",2025,8,2025-08-01,0,"WHO"
"1305","Estonia","EST",2025,9,2025-09-01,0,"WHO"
"1306","Estonia","EST",2025,10,2025-10-01,0,"WHO"
"1307","Estonia","EST",2025,11,2025-11-01,0,"WHO"
"1308","Estonia","EST",2025,12,2025-12-01,0,"WHO"
"1309","Estonia","EST",2026,1,2026-01-01,NA,NA
"1310","Estonia","EST",2026,2,2026-02-01,NA,NA
"1311","Estonia","EST",2026,3,2026-03-01,NA,NA
"1312","Estonia","EST",2026,4,2026-04-01,NA,NA
"1313","Estonia","EST",2026,5,2026-05-01,NA,NA
"1314","Estonia","EST",2026,6,2026-06-01,NA,NA
"1315","Estonia","EST",2026,7,2026-07-01,NA,NA
"1316","Estonia","EST",2026,8,2026-08-01,NA,NA
"1317","Estonia","EST",2026,9,2026-09-01,NA,NA
"1318","Estonia","EST",2026,10,2026-10-01,NA,NA
"1319","Estonia","EST",2026,11,2026-11-01,NA,NA
"1320","Estonia","EST",2026,12,2026-12-01,NA,NA
"1321","Ethiopia","ETH",2025,1,2025-01-01,NA,NA
"1322","Ethiopia","ETH",2025,2,2025-02-01,114,"WHO"
"1323","Ethiopia","ETH",2025,3,2025-03-01,140,"WHO"
"1324","Ethiopia","ETH",2025,4,2025-04-01,1625,"WHO"
"1325","Ethiopia","ETH",2025,5,2025-05-01,344,"WHO"
"1326","Ethiopia","ETH",2025,6,2025-06-01,80,"WHO"
"1327","Ethiopia","ETH",2025,7,2025-07-01,98,"WHO"
"1328","Ethiopia","ETH",2025,8,2025-08-01,32,"WHO"
"1329","Ethiopia","ETH",2025,9,2025-09-01,62,"WHO"
"1330","Ethiopia","ETH",2025,10,2025-10-01,438,"WHO"
"1331","Ethiopia","ETH",2025,11,2025-11-01,686,"WHO"
"1332","Ethiopia","ETH",2025,12,2025-12-01,255,"WHO"
"1333","Ethiopia","ETH",2026,1,2026-01-01,NA,NA
"1334","Ethiopia","ETH",2026,2,2026-02-01,NA,NA
"1335","Ethiopia","ETH",2026,3,2026-03-01,NA,NA
"1336","Ethiopia","ETH",2026,4,2026-04-01,NA,NA
"1337","Ethiopia","ETH",2026,5,2026-05-01,NA,NA
"1338","Ethiopia","ETH",2026,6,2026-06-01,NA,NA
"1339","Ethiopia","ETH",2026,7,2026-07-01,NA,NA
"1340","Ethiopia","ETH",2026,8,2026-08-01,NA,NA
"1341","Ethiopia","ETH",2026,9,2026-09-01,NA,NA
"1342","Ethiopia","ETH",2026,10,2026-10-01,NA,NA
"1343","Ethiopia","ETH",2026,11,2026-11-01,NA,NA
"1344","Ethiopia","ETH",2026,12,2026-12-01,NA,NA
"1345","Fiji","FJI",2025,1,2025-01-01,1629,"WHO"
"1346","Fiji","FJI",2025,2,2025-02-01,3394,"WHO"
"1347","Fiji","FJI",2025,3,2025-03-01,4509,"WHO"
"1348","Fiji","FJI",2025,4,2025-04-01,4703,"WHO"
"1349","Fiji","FJI",2025,5,2025-05-01,3696,"WHO"
"1350","Fiji","FJI",2025,6,2025-06-01,1894,"WHO"
"1351","Fiji","FJI",2025,7,2025-07-01,1502,"WHO"
"1352","Fiji","FJI",2025,8,2025-08-01,822,"WHO"
"1353","Fiji","FJI",2025,9,2025-09-01,741,"WHO"
"1354","Fiji","FJI",2025,10,2025-10-01,1286,"WHO"
"1355","Fiji","FJI",2025,11,2025-11-01,819,"WHO"
"1356","Fiji","FJI",2025,12,2025-12-01,517,"WHO"
"1357","Fiji","FJI",2026,1,2026-01-01,NA,NA
"1358","Fiji","FJI",2026,2,2026-02-01,NA,NA
"1359","Fiji","FJI",2026,3,2026-03-01,NA,NA
"1360","Fiji","FJI",2026,4,2026-04-01,NA,NA
"1361","Fiji","FJI",2026,5,2026-05-01,NA,NA
"1362","Fiji","FJI",2026,6,2026-06-01,NA,NA
"1363","Fiji","FJI",2026,7,2026-07-01,NA,NA
"1364","Fiji","FJI",2026,8,2026-08-01,NA,NA
"1365","Fiji","FJI",2026,9,2026-09-01,NA,NA
"1366","Fiji","FJI",2026,10,2026-10-01,NA,NA
"1367","Fiji","FJI",2026,11,2026-11-01,NA,NA
"1368","Fiji","FJI",2026,12,2026-12-01,NA,NA
"1369","Finland","FIN",2025,1,2025-01-01,0,"WHO"
"1370","Finland","FIN",2025,2,2025-02-01,0,"WHO"
"1371","Finland","FIN",2025,3,2025-03-01,0,"WHO"
"1372","Finland","FIN",2025,4,2025-04-01,0,"WHO"
"1373","Finland","FIN",2025,5,2025-05-01,0,"WHO"
"1374","Finland","FIN",2025,6,2025-06-01,0,"WHO"
"1375","Finland","FIN",2025,7,2025-07-01,0,"WHO"
"1376","Finland","FIN",2025,8,2025-08-01,0,"WHO"
"1377","Finland","FIN",2025,9,2025-09-01,0,"WHO"
"1378","Finland","FIN",2025,10,2025-10-01,0,"WHO"
"1379","Finland","FIN",2025,11,2025-11-01,0,"WHO"
"1380","Finland","FIN",2025,12,2025-12-01,0,"WHO"
"1381","Finland","FIN",2026,1,2026-01-01,NA,NA
"1382","Finland","FIN",2026,2,2026-02-01,NA,NA
"1383","Finland","FIN",2026,3,2026-03-01,NA,NA
"1384","Finland","FIN",2026,4,2026-04-01,NA,NA
"1385","Finland","FIN",2026,5,2026-05-01,NA,NA
"1386","Finland","FIN",2026,6,2026-06-01,NA,NA
"1387","Finland","FIN",2026,7,2026-07-01,NA,NA
"1388","Finland","FIN",2026,8,2026-08-01,NA,NA
"1389","Finland","FIN",2026,9,2026-09-01,NA,NA
"1390","Finland","FIN",2026,10,2026-10-01,NA,NA
"1391","Finland","FIN",2026,11,2026-11-01,NA,NA
"1392","Finland","FIN",2026,12,2026-12-01,NA,NA
"1393","France","FRA",2025,1,2025-01-01,0,"WHO"
"1394","France","FRA",2025,2,2025-02-01,0,"WHO"
"1395","France","FRA",2025,3,2025-03-01,0,"WHO"
"1396","France","FRA",2025,4,2025-04-01,0,"WHO"
"1397","France","FRA",2025,5,2025-05-01,0,"WHO"
"1398","France","FRA",2025,6,2025-06-01,10,"WHO"
"1399","France","FRA",2025,7,2025-07-01,15,"WHO"
"1400","France","FRA",2025,8,2025-08-01,3,"WHO"
"1401","France","FRA",2025,9,2025-09-01,1,"WHO"
"1402","France","FRA",2025,10,2025-10-01,0,"WHO"
"1403","France","FRA",2025,11,2025-11-01,0,"WHO"
"1404","France","FRA",2025,12,2025-12-01,0,"WHO"
"1405","France","FRA",2026,1,2026-01-01,NA,NA
"1406","France","FRA",2026,2,2026-02-01,NA,NA
"1407","France","FRA",2026,3,2026-03-01,NA,NA
"1408","France","FRA",2026,4,2026-04-01,NA,NA
"1409","France","FRA",2026,5,2026-05-01,NA,NA
"1410","France","FRA",2026,6,2026-06-01,NA,NA
"1411","France","FRA",2026,7,2026-07-01,NA,NA
"1412","France","FRA",2026,8,2026-08-01,NA,NA
"1413","France","FRA",2026,9,2026-09-01,NA,NA
"1414","France","FRA",2026,10,2026-10-01,NA,NA
"1415","France","FRA",2026,11,2026-11-01,NA,NA
"1416","France","FRA",2026,12,2026-12-01,NA,NA
"1417","French Guiana","GUF",2025,1,2025-01-01,NA,"PAHO"
"1418","French Guiana","GUF",2025,2,2025-02-01,NA,"PAHO"
"1419","French Guiana","GUF",2025,3,2025-03-01,NA,"PAHO"
"1420","French Guiana","GUF",2025,4,2025-04-01,175,"WHO"
"1421","French Guiana","GUF",2025,5,2025-05-01,33,"PAHO"
"1422","French Guiana","GUF",2025,6,2025-06-01,24,"PAHO"
"1423","French Guiana","GUF",2025,7,2025-07-01,12,"PAHO"
"1424","French Guiana","GUF",2025,8,2025-08-01,18,"PAHO"
"1425","French Guiana","GUF",2025,9,2025-09-01,17,"PAHO"
"1426","French Guiana","GUF",2025,10,2025-10-01,14,"PAHO"
"1427","French Guiana","GUF",2025,11,2025-11-01,11,"PAHO"
"1428","French Guiana","GUF",2025,12,2025-12-01,14,"PAHO"
"1429","French Guiana","GUF",2026,1,2026-01-01,1,"PAHO"
"1430","French Guiana","GUF",2026,2,2026-02-01,NA,NA
"1431","French Guiana","GUF",2026,3,2026-03-01,NA,NA
"1432","French Guiana","GUF",2026,4,2026-04-01,NA,NA
"1433","French Guiana","GUF",2026,5,2026-05-01,NA,NA
"1434","French Guiana","GUF",2026,6,2026-06-01,NA,NA
"1435","French Guiana","GUF",2026,7,2026-07-01,NA,NA
"1436","French Guiana","GUF",2026,8,2026-08-01,NA,NA
"1437","French Guiana","GUF",2026,9,2026-09-01,NA,NA
"1438","French Guiana","GUF",2026,10,2026-10-01,NA,NA
"1439","French Guiana","GUF",2026,11,2026-11-01,NA,NA
"1440","French Guiana","GUF",2026,12,2026-12-01,NA,NA
"1441","French Polynesia","PYF",2025,1,2025-01-01,223,"WHO"
"1442","French Polynesia","PYF",2025,2,2025-02-01,131,"WHO"
"1443","French Polynesia","PYF",2025,3,2025-03-01,240,"WHO"
"1444","French Polynesia","PYF",2025,4,2025-04-01,168,"WHO"
"1445","French Polynesia","PYF",2025,5,2025-05-01,203,"WHO"
"1446","French Polynesia","PYF",2025,6,2025-06-01,84,"WHO"
"1447","French Polynesia","PYF",2025,7,2025-07-01,0,"WHO"
"1448","French Polynesia","PYF",2025,8,2025-08-01,0,"WHO"
"1449","French Polynesia","PYF",2025,9,2025-09-01,0,"WHO"
"1450","French Polynesia","PYF",2025,10,2025-10-01,0,"WHO"
"1451","French Polynesia","PYF",2025,11,2025-11-01,29,"WHO"
"1452","French Polynesia","PYF",2025,12,2025-12-01,0,"WHO"
"1453","French Polynesia","PYF",2026,1,2026-01-01,NA,NA
"1454","French Polynesia","PYF",2026,2,2026-02-01,NA,NA
"1455","French Polynesia","PYF",2026,3,2026-03-01,NA,NA
"1456","French Polynesia","PYF",2026,4,2026-04-01,NA,NA
"1457","French Polynesia","PYF",2026,5,2026-05-01,NA,NA
"1458","French Polynesia","PYF",2026,6,2026-06-01,NA,NA
"1459","French Polynesia","PYF",2026,7,2026-07-01,NA,NA
"1460","French Polynesia","PYF",2026,8,2026-08-01,NA,NA
"1461","French Polynesia","PYF",2026,9,2026-09-01,NA,NA
"1462","French Polynesia","PYF",2026,10,2026-10-01,NA,NA
"1463","French Polynesia","PYF",2026,11,2026-11-01,NA,NA
"1464","French Polynesia","PYF",2026,12,2026-12-01,NA,NA
"1465","Gabon","GAB",2025,1,2025-01-01,0,"WHO"
"1466","Gabon","GAB",2025,2,2025-02-01,0,"WHO"
"1467","Gabon","GAB",2025,3,2025-03-01,0,"WHO"
"1468","Gabon","GAB",2025,4,2025-04-01,0,"WHO"
"1469","Gabon","GAB",2025,5,2025-05-01,0,"WHO"
"1470","Gabon","GAB",2025,6,2025-06-01,0,"WHO"
"1471","Gabon","GAB",2025,7,2025-07-01,0,"WHO"
"1472","Gabon","GAB",2025,8,2025-08-01,0,"WHO"
"1473","Gabon","GAB",2025,9,2025-09-01,0,"WHO"
"1474","Gabon","GAB",2025,10,2025-10-01,0,"WHO"
"1475","Gabon","GAB",2025,11,2025-11-01,0,"WHO"
"1476","Gabon","GAB",2025,12,2025-12-01,0,"WHO"
"1477","Gabon","GAB",2026,1,2026-01-01,NA,NA
"1478","Gabon","GAB",2026,2,2026-02-01,NA,NA
"1479","Gabon","GAB",2026,3,2026-03-01,NA,NA
"1480","Gabon","GAB",2026,4,2026-04-01,NA,NA
"1481","Gabon","GAB",2026,5,2026-05-01,NA,NA
"1482","Gabon","GAB",2026,6,2026-06-01,NA,NA
"1483","Gabon","GAB",2026,7,2026-07-01,NA,NA
"1484","Gabon","GAB",2026,8,2026-08-01,NA,NA
"1485","Gabon","GAB",2026,9,2026-09-01,NA,NA
"1486","Gabon","GAB",2026,10,2026-10-01,NA,NA
"1487","Gabon","GAB",2026,11,2026-11-01,NA,NA
"1488","Gabon","GAB",2026,12,2026-12-01,NA,NA
"1489","Gambia","GMB",2025,1,2025-01-01,NA,NA
"1490","Gambia","GMB",2025,2,2025-02-01,0,"WHO"
"1491","Gambia","GMB",2025,3,2025-03-01,0,"WHO"
"1492","Gambia","GMB",2025,4,2025-04-01,0,"WHO"
"1493","Gambia","GMB",2025,5,2025-05-01,0,"WHO"
"1494","Gambia","GMB",2025,6,2025-06-01,0,"WHO"
"1495","Gambia","GMB",2025,7,2025-07-01,0,"WHO"
"1496","Gambia","GMB",2025,8,2025-08-01,NA,NA
"1497","Gambia","GMB",2025,9,2025-09-01,0,"WHO"
"1498","Gambia","GMB",2025,10,2025-10-01,0,"WHO"
"1499","Gambia","GMB",2025,11,2025-11-01,0,"WHO"
"1500","Gambia","GMB",2025,12,2025-12-01,NA,NA
"1501","Gambia","GMB",2026,1,2026-01-01,NA,NA
"1502","Gambia","GMB",2026,2,2026-02-01,NA,NA
"1503","Gambia","GMB",2026,3,2026-03-01,NA,NA
"1504","Gambia","GMB",2026,4,2026-04-01,NA,NA
"1505","Gambia","GMB",2026,5,2026-05-01,NA,NA
"1506","Gambia","GMB",2026,6,2026-06-01,NA,NA
"1507","Gambia","GMB",2026,7,2026-07-01,NA,NA
"1508","Gambia","GMB",2026,8,2026-08-01,NA,NA
"1509","Gambia","GMB",2026,9,2026-09-01,NA,NA
"1510","Gambia","GMB",2026,10,2026-10-01,NA,NA
"1511","Gambia","GMB",2026,11,2026-11-01,NA,NA
"1512","Gambia","GMB",2026,12,2026-12-01,NA,NA
"1513","Georgia","GEO",2025,1,2025-01-01,0,"WHO"
"1514","Georgia","GEO",2025,2,2025-02-01,0,"WHO"
"1515","Georgia","GEO",2025,3,2025-03-01,0,"WHO"
"1516","Georgia","GEO",2025,4,2025-04-01,0,"WHO"
"1517","Georgia","GEO",2025,5,2025-05-01,0,"WHO"
"1518","Georgia","GEO",2025,6,2025-06-01,0,"WHO"
"1519","Georgia","GEO",2025,7,2025-07-01,0,"WHO"
"1520","Georgia","GEO",2025,8,2025-08-01,0,"WHO"
"1521","Georgia","GEO",2025,9,2025-09-01,0,"WHO"
"1522","Georgia","GEO",2025,10,2025-10-01,0,"WHO"
"1523","Georgia","GEO",2025,11,2025-11-01,0,"WHO"
"1524","Georgia","GEO",2025,12,2025-12-01,0,"WHO"
"1525","Georgia","GEO",2026,1,2026-01-01,NA,NA
"1526","Georgia","GEO",2026,2,2026-02-01,NA,NA
"1527","Georgia","GEO",2026,3,2026-03-01,NA,NA
"1528","Georgia","GEO",2026,4,2026-04-01,NA,NA
"1529","Georgia","GEO",2026,5,2026-05-01,NA,NA
"1530","Georgia","GEO",2026,6,2026-06-01,NA,NA
"1531","Georgia","GEO",2026,7,2026-07-01,NA,NA
"1532","Georgia","GEO",2026,8,2026-08-01,NA,NA
"1533","Georgia","GEO",2026,9,2026-09-01,NA,NA
"1534","Georgia","GEO",2026,10,2026-10-01,NA,NA
"1535","Georgia","GEO",2026,11,2026-11-01,NA,NA
"1536","Georgia","GEO",2026,12,2026-12-01,NA,NA
"1537","Germany","DEU",2025,1,2025-01-01,0,"WHO"
"1538","Germany","DEU",2025,2,2025-02-01,0,"WHO"
"1539","Germany","DEU",2025,3,2025-03-01,0,"WHO"
"1540","Germany","DEU",2025,4,2025-04-01,0,"WHO"
"1541","Germany","DEU",2025,5,2025-05-01,0,"WHO"
"1542","Germany","DEU",2025,6,2025-06-01,0,"WHO"
"1543","Germany","DEU",2025,7,2025-07-01,0,"WHO"
"1544","Germany","DEU",2025,8,2025-08-01,0,"WHO"
"1545","Germany","DEU",2025,9,2025-09-01,0,"WHO"
"1546","Germany","DEU",2025,10,2025-10-01,0,"WHO"
"1547","Germany","DEU",2025,11,2025-11-01,0,"WHO"
"1548","Germany","DEU",2025,12,2025-12-01,0,"WHO"
"1549","Germany","DEU",2026,1,2026-01-01,NA,NA
"1550","Germany","DEU",2026,2,2026-02-01,NA,NA
"1551","Germany","DEU",2026,3,2026-03-01,NA,NA
"1552","Germany","DEU",2026,4,2026-04-01,NA,NA
"1553","Germany","DEU",2026,5,2026-05-01,NA,NA
"1554","Germany","DEU",2026,6,2026-06-01,NA,NA
"1555","Germany","DEU",2026,7,2026-07-01,NA,NA
"1556","Germany","DEU",2026,8,2026-08-01,NA,NA
"1557","Germany","DEU",2026,9,2026-09-01,NA,NA
"1558","Germany","DEU",2026,10,2026-10-01,NA,NA
"1559","Germany","DEU",2026,11,2026-11-01,NA,NA
"1560","Germany","DEU",2026,12,2026-12-01,NA,NA
"1561","Ghana","GHA",2025,1,2025-01-01,0,"WHO"
"1562","Ghana","GHA",2025,2,2025-02-01,2,"WHO"
"1563","Ghana","GHA",2025,3,2025-03-01,0,"WHO"
"1564","Ghana","GHA",2025,4,2025-04-01,0,"WHO"
"1565","Ghana","GHA",2025,5,2025-05-01,0,"WHO"
"1566","Ghana","GHA",2025,6,2025-06-01,4,"WHO"
"1567","Ghana","GHA",2025,7,2025-07-01,2,"WHO"
"1568","Ghana","GHA",2025,8,2025-08-01,3,"WHO"
"1569","Ghana","GHA",2025,9,2025-09-01,0,"WHO"
"1570","Ghana","GHA",2025,10,2025-10-01,4,"WHO"
"1571","Ghana","GHA",2025,11,2025-11-01,0,"WHO"
"1572","Ghana","GHA",2025,12,2025-12-01,5,"WHO"
"1573","Ghana","GHA",2026,1,2026-01-01,NA,NA
"1574","Ghana","GHA",2026,2,2026-02-01,NA,NA
"1575","Ghana","GHA",2026,3,2026-03-01,NA,NA
"1576","Ghana","GHA",2026,4,2026-04-01,NA,NA
"1577","Ghana","GHA",2026,5,2026-05-01,NA,NA
"1578","Ghana","GHA",2026,6,2026-06-01,NA,NA
"1579","Ghana","GHA",2026,7,2026-07-01,NA,NA
"1580","Ghana","GHA",2026,8,2026-08-01,NA,NA
"1581","Ghana","GHA",2026,9,2026-09-01,NA,NA
"1582","Ghana","GHA",2026,10,2026-10-01,NA,NA
"1583","Ghana","GHA",2026,11,2026-11-01,NA,NA
"1584","Ghana","GHA",2026,12,2026-12-01,NA,NA
"1585","Greece","GRC",2025,1,2025-01-01,0,"WHO"
"1586","Greece","GRC",2025,2,2025-02-01,0,"WHO"
"1587","Greece","GRC",2025,3,2025-03-01,0,"WHO"
"1588","Greece","GRC",2025,4,2025-04-01,0,"WHO"
"1589","Greece","GRC",2025,5,2025-05-01,0,"WHO"
"1590","Greece","GRC",2025,6,2025-06-01,0,"WHO"
"1591","Greece","GRC",2025,7,2025-07-01,0,"WHO"
"1592","Greece","GRC",2025,8,2025-08-01,0,"WHO"
"1593","Greece","GRC",2025,9,2025-09-01,0,"WHO"
"1594","Greece","GRC",2025,10,2025-10-01,0,"WHO"
"1595","Greece","GRC",2025,11,2025-11-01,0,"WHO"
"1596","Greece","GRC",2025,12,2025-12-01,0,"WHO"
"1597","Greece","GRC",2026,1,2026-01-01,NA,NA
"1598","Greece","GRC",2026,2,2026-02-01,NA,NA
"1599","Greece","GRC",2026,3,2026-03-01,NA,NA
"1600","Greece","GRC",2026,4,2026-04-01,NA,NA
"1601","Greece","GRC",2026,5,2026-05-01,NA,NA
"1602","Greece","GRC",2026,6,2026-06-01,NA,NA
"1603","Greece","GRC",2026,7,2026-07-01,NA,NA
"1604","Greece","GRC",2026,8,2026-08-01,NA,NA
"1605","Greece","GRC",2026,9,2026-09-01,NA,NA
"1606","Greece","GRC",2026,10,2026-10-01,NA,NA
"1607","Greece","GRC",2026,11,2026-11-01,NA,NA
"1608","Greece","GRC",2026,12,2026-12-01,NA,NA
"1609","Grenada","GRD",2025,1,2025-01-01,16,"PAHO"
"1610","Grenada","GRD",2025,2,2025-02-01,16,"PAHO"
"1611","Grenada","GRD",2025,3,2025-03-01,24,"PAHO"
"1612","Grenada","GRD",2025,4,2025-04-01,16,"PAHO"
"1613","Grenada","GRD",2025,5,2025-05-01,7,"PAHO"
"1614","Grenada","GRD",2025,6,2025-06-01,12,"PAHO"
"1615","Grenada","GRD",2025,7,2025-07-01,15,"PAHO"
"1616","Grenada","GRD",2025,8,2025-08-01,18,"PAHO"
"1617","Grenada","GRD",2025,9,2025-09-01,23,"PAHO"
"1618","Grenada","GRD",2025,10,2025-10-01,27,"PAHO"
"1619","Grenada","GRD",2025,11,2025-11-01,32,"PAHO"
"1620","Grenada","GRD",2025,12,2025-12-01,66,"PAHO"
"1621","Grenada","GRD",2026,1,2026-01-01,25,"PAHO"
"1622","Grenada","GRD",2026,2,2026-02-01,NA,NA
"1623","Grenada","GRD",2026,3,2026-03-01,NA,NA
"1624","Grenada","GRD",2026,4,2026-04-01,NA,NA
"1625","Grenada","GRD",2026,5,2026-05-01,NA,NA
"1626","Grenada","GRD",2026,6,2026-06-01,NA,NA
"1627","Grenada","GRD",2026,7,2026-07-01,NA,NA
"1628","Grenada","GRD",2026,8,2026-08-01,NA,NA
"1629","Grenada","GRD",2026,9,2026-09-01,NA,NA
"1630","Grenada","GRD",2026,10,2026-10-01,NA,NA
"1631","Grenada","GRD",2026,11,2026-11-01,NA,NA
"1632","Grenada","GRD",2026,12,2026-12-01,NA,NA
"1633","Guadeloupe","GLP",2025,1,2025-01-01,2220,"PAHO"
"1634","Guadeloupe","GLP",2025,2,2025-02-01,970,"PAHO"
"1635","Guadeloupe","GLP",2025,3,2025-03-01,970,"PAHO"
"1636","Guadeloupe","GLP",2025,4,2025-04-01,0,"WHO"
"1637","Guadeloupe","GLP",2025,5,2025-05-01,210,"PAHO"
"1638","Guadeloupe","GLP",2025,6,2025-06-01,265,"PAHO"
"1639","Guadeloupe","GLP",2025,7,2025-07-01,NA,"PAHO"
"1640","Guadeloupe","GLP",2025,8,2025-08-01,NA,"PAHO"
"1641","Guadeloupe","GLP",2025,9,2025-09-01,155,"WHO"
"1642","Guadeloupe","GLP",2025,10,2025-10-01,NA,"PAHO"
"1643","Guadeloupe","GLP",2025,11,2025-11-01,84,"WHO"
"1644","Guadeloupe","GLP",2025,12,2025-12-01,340,"PAHO"
"1645","Guadeloupe","GLP",2026,1,2026-01-01,22,"PAHO"
"1646","Guadeloupe","GLP",2026,2,2026-02-01,NA,NA
"1647","Guadeloupe","GLP",2026,3,2026-03-01,NA,NA
"1648","Guadeloupe","GLP",2026,4,2026-04-01,NA,NA
"1649","Guadeloupe","GLP",2026,5,2026-05-01,NA,NA
"1650","Guadeloupe","GLP",2026,6,2026-06-01,NA,NA
"1651","Guadeloupe","GLP",2026,7,2026-07-01,NA,NA
"1652","Guadeloupe","GLP",2026,8,2026-08-01,NA,NA
"1653","Guadeloupe","GLP",2026,9,2026-09-01,NA,NA
"1654","Guadeloupe","GLP",2026,10,2026-10-01,NA,NA
"1655","Guadeloupe","GLP",2026,11,2026-11-01,NA,NA
"1656","Guadeloupe","GLP",2026,12,2026-12-01,NA,NA
"1657","Guam","GUM",2025,1,2025-01-01,0,"WHO"
"1658","Guam","GUM",2025,2,2025-02-01,0,"WHO"
"1659","Guam","GUM",2025,3,2025-03-01,1,"WHO"
"1660","Guam","GUM",2025,4,2025-04-01,0,"WHO"
"1661","Guam","GUM",2025,5,2025-05-01,0,"WHO"
"1662","Guam","GUM",2025,6,2025-06-01,0,"WHO"
"1663","Guam","GUM",2025,7,2025-07-01,0,"WHO"
"1664","Guam","GUM",2025,8,2025-08-01,1,"WHO"
"1665","Guam","GUM",2025,9,2025-09-01,0,"WHO"
"1666","Guam","GUM",2025,10,2025-10-01,0,"WHO"
"1667","Guam","GUM",2025,11,2025-11-01,0,"WHO"
"1668","Guam","GUM",2025,12,2025-12-01,0,"WHO"
"1669","Guam","GUM",2026,1,2026-01-01,NA,NA
"1670","Guam","GUM",2026,2,2026-02-01,NA,NA
"1671","Guam","GUM",2026,3,2026-03-01,NA,NA
"1672","Guam","GUM",2026,4,2026-04-01,NA,NA
"1673","Guam","GUM",2026,5,2026-05-01,NA,NA
"1674","Guam","GUM",2026,6,2026-06-01,NA,NA
"1675","Guam","GUM",2026,7,2026-07-01,NA,NA
"1676","Guam","GUM",2026,8,2026-08-01,NA,NA
"1677","Guam","GUM",2026,9,2026-09-01,NA,NA
"1678","Guam","GUM",2026,10,2026-10-01,NA,NA
"1679","Guam","GUM",2026,11,2026-11-01,NA,NA
"1680","Guam","GUM",2026,12,2026-12-01,NA,NA
"1681","Guatemala","GTM",2025,1,2025-01-01,4342,"PAHO"
"1682","Guatemala","GTM",2025,2,2025-02-01,3502,"PAHO"
"1683","Guatemala","GTM",2025,3,2025-03-01,5449,"PAHO"
"1684","Guatemala","GTM",2025,4,2025-04-01,3995,"PAHO"
"1685","Guatemala","GTM",2025,5,2025-05-01,4924,"PAHO"
"1686","Guatemala","GTM",2025,6,2025-06-01,5885,"PAHO"
"1687","Guatemala","GTM",2025,7,2025-07-01,4076,"PAHO"
"1688","Guatemala","GTM",2025,8,2025-08-01,3936,"PAHO"
"1689","Guatemala","GTM",2025,9,2025-09-01,4227,"PAHO"
"1690","Guatemala","GTM",2025,10,2025-10-01,3369,"PAHO"
"1691","Guatemala","GTM",2025,11,2025-11-01,2893,"PAHO"
"1692","Guatemala","GTM",2025,12,2025-12-01,3182,"PAHO"
"1693","Guatemala","GTM",2026,1,2026-01-01,NA,NA
"1694","Guatemala","GTM",2026,2,2026-02-01,NA,NA
"1695","Guatemala","GTM",2026,3,2026-03-01,NA,NA
"1696","Guatemala","GTM",2026,4,2026-04-01,NA,NA
"1697","Guatemala","GTM",2026,5,2026-05-01,NA,NA
"1698","Guatemala","GTM",2026,6,2026-06-01,NA,NA
"1699","Guatemala","GTM",2026,7,2026-07-01,NA,NA
"1700","Guatemala","GTM",2026,8,2026-08-01,NA,NA
"1701","Guatemala","GTM",2026,9,2026-09-01,NA,NA
"1702","Guatemala","GTM",2026,10,2026-10-01,NA,NA
"1703","Guatemala","GTM",2026,11,2026-11-01,NA,NA
"1704","Guatemala","GTM",2026,12,2026-12-01,NA,NA
"1705","Guinea-Bissau","GNB",2025,1,2025-01-01,0,"WHO"
"1706","Guinea-Bissau","GNB",2025,2,2025-02-01,0,"WHO"
"1707","Guinea-Bissau","GNB",2025,3,2025-03-01,0,"WHO"
"1708","Guinea-Bissau","GNB",2025,4,2025-04-01,0,"WHO"
"1709","Guinea-Bissau","GNB",2025,5,2025-05-01,0,"WHO"
"1710","Guinea-Bissau","GNB",2025,6,2025-06-01,0,"WHO"
"1711","Guinea-Bissau","GNB",2025,7,2025-07-01,0,"WHO"
"1712","Guinea-Bissau","GNB",2025,8,2025-08-01,0,"WHO"
"1713","Guinea-Bissau","GNB",2025,9,2025-09-01,0,"WHO"
"1714","Guinea-Bissau","GNB",2025,10,2025-10-01,0,"WHO"
"1715","Guinea-Bissau","GNB",2025,11,2025-11-01,NA,NA
"1716","Guinea-Bissau","GNB",2025,12,2025-12-01,NA,NA
"1717","Guinea-Bissau","GNB",2026,1,2026-01-01,NA,NA
"1718","Guinea-Bissau","GNB",2026,2,2026-02-01,NA,NA
"1719","Guinea-Bissau","GNB",2026,3,2026-03-01,NA,NA
"1720","Guinea-Bissau","GNB",2026,4,2026-04-01,NA,NA
"1721","Guinea-Bissau","GNB",2026,5,2026-05-01,NA,NA
"1722","Guinea-Bissau","GNB",2026,6,2026-06-01,NA,NA
"1723","Guinea-Bissau","GNB",2026,7,2026-07-01,NA,NA
"1724","Guinea-Bissau","GNB",2026,8,2026-08-01,NA,NA
"1725","Guinea-Bissau","GNB",2026,9,2026-09-01,NA,NA
"1726","Guinea-Bissau","GNB",2026,10,2026-10-01,NA,NA
"1727","Guinea-Bissau","GNB",2026,11,2026-11-01,NA,NA
"1728","Guinea-Bissau","GNB",2026,12,2026-12-01,NA,NA
"1729","Guyana","GUY",2025,1,2025-01-01,5033,"PAHO"
"1730","Guyana","GUY",2025,2,2025-02-01,4229,"PAHO"
"1731","Guyana","GUY",2025,3,2025-03-01,6799,"PAHO"
"1732","Guyana","GUY",2025,4,2025-04-01,3800,"PAHO"
"1733","Guyana","GUY",2025,5,2025-05-01,8305,"PAHO"
"1734","Guyana","GUY",2025,6,2025-06-01,10602,"PAHO"
"1735","Guyana","GUY",2025,7,2025-07-01,5363,"PAHO"
"1736","Guyana","GUY",2025,8,2025-08-01,4582,"PAHO"
"1737","Guyana","GUY",2025,9,2025-09-01,6071,"PAHO"
"1738","Guyana","GUY",2025,10,2025-10-01,8398,"PAHO"
"1739","Guyana","GUY",2025,11,2025-11-01,10882,"PAHO"
"1740","Guyana","GUY",2025,12,2025-12-01,29682,"PAHO"
"1741","Guyana","GUY",2026,1,2026-01-01,13364,"PAHO"
"1742","Guyana","GUY",2026,2,2026-02-01,NA,NA
"1743","Guyana","GUY",2026,3,2026-03-01,NA,NA
"1744","Guyana","GUY",2026,4,2026-04-01,NA,NA
"1745","Guyana","GUY",2026,5,2026-05-01,NA,NA
"1746","Guyana","GUY",2026,6,2026-06-01,NA,NA
"1747","Guyana","GUY",2026,7,2026-07-01,NA,NA
"1748","Guyana","GUY",2026,8,2026-08-01,NA,NA
"1749","Guyana","GUY",2026,9,2026-09-01,NA,NA
"1750","Guyana","GUY",2026,10,2026-10-01,NA,NA
"1751","Guyana","GUY",2026,11,2026-11-01,NA,NA
"1752","Guyana","GUY",2026,12,2026-12-01,NA,NA
"1753","Haiti","HTI",2025,1,2025-01-01,NA,"WHO"
"1754","Haiti","HTI",2025,2,2025-02-01,NA,"WHO"
"1755","Haiti","HTI",2025,3,2025-03-01,NA,"WHO"
"1756","Haiti","HTI",2025,4,2025-04-01,NA,"WHO"
"1757","Haiti","HTI",2025,5,2025-05-01,NA,"WHO"
"1758","Haiti","HTI",2025,6,2025-06-01,NA,"WHO"
"1759","Haiti","HTI",2025,7,2025-07-01,NA,"WHO"
"1760","Haiti","HTI",2025,8,2025-08-01,NA,"WHO"
"1761","Haiti","HTI",2025,9,2025-09-01,NA,"WHO"
"1762","Haiti","HTI",2025,10,2025-10-01,NA,"WHO"
"1763","Haiti","HTI",2025,11,2025-11-01,NA,"WHO"
"1764","Haiti","HTI",2025,12,2025-12-01,NA,"WHO"
"1765","Haiti","HTI",2026,1,2026-01-01,NA,NA
"1766","Haiti","HTI",2026,2,2026-02-01,NA,NA
"1767","Haiti","HTI",2026,3,2026-03-01,NA,NA
"1768","Haiti","HTI",2026,4,2026-04-01,NA,NA
"1769","Haiti","HTI",2026,5,2026-05-01,NA,NA
"1770","Haiti","HTI",2026,6,2026-06-01,NA,NA
"1771","Haiti","HTI",2026,7,2026-07-01,NA,NA
"1772","Haiti","HTI",2026,8,2026-08-01,NA,NA
"1773","Haiti","HTI",2026,9,2026-09-01,NA,NA
"1774","Haiti","HTI",2026,10,2026-10-01,NA,NA
"1775","Haiti","HTI",2026,11,2026-11-01,NA,NA
"1776","Haiti","HTI",2026,12,2026-12-01,NA,NA
"1777","Holy See","VAT",2025,1,2025-01-01,0,"WHO"
"1778","Holy See","VAT",2025,2,2025-02-01,0,"WHO"
"1779","Holy See","VAT",2025,3,2025-03-01,0,"WHO"
"1780","Holy See","VAT",2025,4,2025-04-01,0,"WHO"
"1781","Holy See","VAT",2025,5,2025-05-01,0,"WHO"
"1782","Holy See","VAT",2025,6,2025-06-01,0,"WHO"
"1783","Holy See","VAT",2025,7,2025-07-01,0,"WHO"
"1784","Holy See","VAT",2025,8,2025-08-01,0,"WHO"
"1785","Holy See","VAT",2025,9,2025-09-01,0,"WHO"
"1786","Holy See","VAT",2025,10,2025-10-01,0,"WHO"
"1787","Holy See","VAT",2025,11,2025-11-01,0,"WHO"
"1788","Holy See","VAT",2025,12,2025-12-01,0,"WHO"
"1789","Holy See","VAT",2026,1,2026-01-01,NA,NA
"1790","Holy See","VAT",2026,2,2026-02-01,NA,NA
"1791","Holy See","VAT",2026,3,2026-03-01,NA,NA
"1792","Holy See","VAT",2026,4,2026-04-01,NA,NA
"1793","Holy See","VAT",2026,5,2026-05-01,NA,NA
"1794","Holy See","VAT",2026,6,2026-06-01,NA,NA
"1795","Holy See","VAT",2026,7,2026-07-01,NA,NA
"1796","Holy See","VAT",2026,8,2026-08-01,NA,NA
"1797","Holy See","VAT",2026,9,2026-09-01,NA,NA
"1798","Holy See","VAT",2026,10,2026-10-01,NA,NA
"1799","Holy See","VAT",2026,11,2026-11-01,NA,NA
"1800","Holy See","VAT",2026,12,2026-12-01,NA,NA
"1801","Honduras","HND",2025,1,2025-01-01,1434,"PAHO"
"1802","Honduras","HND",2025,2,2025-02-01,1274,"PAHO"
"1803","Honduras","HND",2025,3,2025-03-01,2134,"PAHO"
"1804","Honduras","HND",2025,4,2025-04-01,1467,"PAHO"
"1805","Honduras","HND",2025,5,2025-05-01,1678,"PAHO"
"1806","Honduras","HND",2025,6,2025-06-01,1835,"PAHO"
"1807","Honduras","HND",2025,7,2025-07-01,1424,"PAHO"
"1808","Honduras","HND",2025,8,2025-08-01,1222,"PAHO"
"1809","Honduras","HND",2025,9,2025-09-01,1176,"PAHO"
"1810","Honduras","HND",2025,10,2025-10-01,1216,"PAHO"
"1811","Honduras","HND",2025,11,2025-11-01,1235,"PAHO"
"1812","Honduras","HND",2025,12,2025-12-01,1489,"PAHO"
"1813","Honduras","HND",2026,1,2026-01-01,954,"PAHO"
"1814","Honduras","HND",2026,2,2026-02-01,NA,NA
"1815","Honduras","HND",2026,3,2026-03-01,NA,NA
"1816","Honduras","HND",2026,4,2026-04-01,NA,NA
"1817","Honduras","HND",2026,5,2026-05-01,NA,NA
"1818","Honduras","HND",2026,6,2026-06-01,NA,NA
"1819","Honduras","HND",2026,7,2026-07-01,NA,NA
"1820","Honduras","HND",2026,8,2026-08-01,NA,NA
"1821","Honduras","HND",2026,9,2026-09-01,NA,NA
"1822","Honduras","HND",2026,10,2026-10-01,NA,NA
"1823","Honduras","HND",2026,11,2026-11-01,NA,NA
"1824","Honduras","HND",2026,12,2026-12-01,NA,NA
"1825","Hungary","HUN",2025,1,2025-01-01,0,"WHO"
"1826","Hungary","HUN",2025,2,2025-02-01,0,"WHO"
"1827","Hungary","HUN",2025,3,2025-03-01,0,"WHO"
"1828","Hungary","HUN",2025,4,2025-04-01,0,"WHO"
"1829","Hungary","HUN",2025,5,2025-05-01,0,"WHO"
"1830","Hungary","HUN",2025,6,2025-06-01,0,"WHO"
"1831","Hungary","HUN",2025,7,2025-07-01,0,"WHO"
"1832","Hungary","HUN",2025,8,2025-08-01,0,"WHO"
"1833","Hungary","HUN",2025,9,2025-09-01,0,"WHO"
"1834","Hungary","HUN",2025,10,2025-10-01,0,"WHO"
"1835","Hungary","HUN",2025,11,2025-11-01,0,"WHO"
"1836","Hungary","HUN",2025,12,2025-12-01,0,"WHO"
"1837","Hungary","HUN",2026,1,2026-01-01,NA,NA
"1838","Hungary","HUN",2026,2,2026-02-01,NA,NA
"1839","Hungary","HUN",2026,3,2026-03-01,NA,NA
"1840","Hungary","HUN",2026,4,2026-04-01,NA,NA
"1841","Hungary","HUN",2026,5,2026-05-01,NA,NA
"1842","Hungary","HUN",2026,6,2026-06-01,NA,NA
"1843","Hungary","HUN",2026,7,2026-07-01,NA,NA
"1844","Hungary","HUN",2026,8,2026-08-01,NA,NA
"1845","Hungary","HUN",2026,9,2026-09-01,NA,NA
"1846","Hungary","HUN",2026,10,2026-10-01,NA,NA
"1847","Hungary","HUN",2026,11,2026-11-01,NA,NA
"1848","Hungary","HUN",2026,12,2026-12-01,NA,NA
"1849","Iceland","ISL",2025,1,2025-01-01,0,"WHO"
"1850","Iceland","ISL",2025,2,2025-02-01,0,"WHO"
"1851","Iceland","ISL",2025,3,2025-03-01,0,"WHO"
"1852","Iceland","ISL",2025,4,2025-04-01,0,"WHO"
"1853","Iceland","ISL",2025,5,2025-05-01,0,"WHO"
"1854","Iceland","ISL",2025,6,2025-06-01,0,"WHO"
"1855","Iceland","ISL",2025,7,2025-07-01,0,"WHO"
"1856","Iceland","ISL",2025,8,2025-08-01,0,"WHO"
"1857","Iceland","ISL",2025,9,2025-09-01,0,"WHO"
"1858","Iceland","ISL",2025,10,2025-10-01,0,"WHO"
"1859","Iceland","ISL",2025,11,2025-11-01,0,"WHO"
"1860","Iceland","ISL",2025,12,2025-12-01,0,"WHO"
"1861","Iceland","ISL",2026,1,2026-01-01,NA,NA
"1862","Iceland","ISL",2026,2,2026-02-01,NA,NA
"1863","Iceland","ISL",2026,3,2026-03-01,NA,NA
"1864","Iceland","ISL",2026,4,2026-04-01,NA,NA
"1865","Iceland","ISL",2026,5,2026-05-01,NA,NA
"1866","Iceland","ISL",2026,6,2026-06-01,NA,NA
"1867","Iceland","ISL",2026,7,2026-07-01,NA,NA
"1868","Iceland","ISL",2026,8,2026-08-01,NA,NA
"1869","Iceland","ISL",2026,9,2026-09-01,NA,NA
"1870","Iceland","ISL",2026,10,2026-10-01,NA,NA
"1871","Iceland","ISL",2026,11,2026-11-01,NA,NA
"1872","Iceland","ISL",2026,12,2026-12-01,NA,NA
"1873","India","IND",2025,1,2025-01-01,4700,"SEARO"
"1874","India","IND",2025,2,2025-02-01,3806,"SEARO"
"1875","India","IND",2025,3,2025-03-01,3517,"SEARO"
"1876","India","IND",2025,4,2025-04-01,2700,"SEARO"
"1877","India","IND",2025,5,2025-05-01,3766,"SEARO"
"1878","India","IND",2025,6,2025-06-01,6459,"SEARO"
"1879","India","IND",2025,7,2025-07-01,10302,"SEARO"
"1880","India","IND",2025,8,2025-08-01,14303,"SEARO"
"1881","India","IND",2025,9,2025-09-01,18803,"SEARO"
"1882","India","IND",2025,10,2025-10-01,22659,"SEARO"
"1883","India","IND",2025,11,2025-11-01,22175,"SEARO"
"1884","India","IND",2025,12,2025-12-01,7539,"SEARO"
"1885","India","IND",2026,1,2026-01-01,3544,"SEARO"
"1886","India","IND",2026,2,2026-02-01,0,"SEARO"
"1887","India","IND",2026,3,2026-03-01,0,"SEARO"
"1888","India","IND",2026,4,2026-04-01,0,"SEARO"
"1889","India","IND",2026,5,2026-05-01,0,"SEARO"
"1890","India","IND",2026,6,2026-06-01,0,"SEARO"
"1891","India","IND",2026,7,2026-07-01,0,"SEARO"
"1892","India","IND",2026,8,2026-08-01,0,"SEARO"
"1893","India","IND",2026,9,2026-09-01,0,"SEARO"
"1894","India","IND",2026,10,2026-10-01,0,"SEARO"
"1895","India","IND",2026,11,2026-11-01,0,"SEARO"
"1896","India","IND",2026,12,2026-12-01,0,"SEARO"
"1897","Indonesia","IDN",2025,1,2025-01-01,21417,"SEARO"
"1898","Indonesia","IDN",2025,2,2025-02-01,17160,"SEARO"
"1899","Indonesia","IDN",2025,3,2025-03-01,11795,"SEARO"
"1900","Indonesia","IDN",2025,4,2025-04-01,5750,"SEARO"
"1901","Indonesia","IDN",2025,5,2025-05-01,157,"SEARO"
"1902","Indonesia","IDN",2025,6,2025-06-01,0,"SEARO"
"1903","Indonesia","IDN",2025,7,2025-07-01,0,"SEARO"
"1904","Indonesia","IDN",2025,8,2025-08-01,0,"SEARO"
"1905","Indonesia","IDN",2025,9,2025-09-01,0,"SEARO"
"1906","Indonesia","IDN",2025,10,2025-10-01,0,"SEARO"
"1907","Indonesia","IDN",2025,11,2025-11-01,0,"SEARO"
"1908","Indonesia","IDN",2025,12,2025-12-01,0,"SEARO"
"1909","Indonesia","IDN",2026,1,2026-01-01,NA,NA
"1910","Indonesia","IDN",2026,2,2026-02-01,NA,NA
"1911","Indonesia","IDN",2026,3,2026-03-01,NA,NA
"1912","Indonesia","IDN",2026,4,2026-04-01,NA,NA
"1913","Indonesia","IDN",2026,5,2026-05-01,NA,NA
"1914","Indonesia","IDN",2026,6,2026-06-01,NA,NA
"1915","Indonesia","IDN",2026,7,2026-07-01,NA,NA
"1916","Indonesia","IDN",2026,8,2026-08-01,NA,NA
"1917","Indonesia","IDN",2026,9,2026-09-01,NA,NA
"1918","Indonesia","IDN",2026,10,2026-10-01,NA,NA
"1919","Indonesia","IDN",2026,11,2026-11-01,NA,NA
"1920","Indonesia","IDN",2026,12,2026-12-01,NA,NA
"1921","Iran (Islamic Republic of)","IRN",2025,1,2025-01-01,93,"WHO"
"1922","Iran (Islamic Republic of)","IRN",2025,2,2025-02-01,22,"WHO"
"1923","Iran (Islamic Republic of)","IRN",2025,3,2025-03-01,10,"WHO"
"1924","Iran (Islamic Republic of)","IRN",2025,4,2025-04-01,12,"WHO"
"1925","Iran (Islamic Republic of)","IRN",2025,5,2025-05-01,57,"WHO"
"1926","Iran (Islamic Republic of)","IRN",2025,6,2025-06-01,128,"WHO"
"1927","Iran (Islamic Republic of)","IRN",2025,7,2025-07-01,84,"WHO"
"1928","Iran (Islamic Republic of)","IRN",2025,8,2025-08-01,42,"WHO"
"1929","Iran (Islamic Republic of)","IRN",2025,9,2025-09-01,NA,NA
"1930","Iran (Islamic Republic of)","IRN",2025,10,2025-10-01,NA,NA
"1931","Iran (Islamic Republic of)","IRN",2025,11,2025-11-01,NA,NA
"1932","Iran (Islamic Republic of)","IRN",2025,12,2025-12-01,NA,NA
"1933","Iran (Islamic Republic of)","IRN",2026,1,2026-01-01,NA,NA
"1934","Iran (Islamic Republic of)","IRN",2026,2,2026-02-01,NA,NA
"1935","Iran (Islamic Republic of)","IRN",2026,3,2026-03-01,NA,NA
"1936","Iran (Islamic Republic of)","IRN",2026,4,2026-04-01,NA,NA
"1937","Iran (Islamic Republic of)","IRN",2026,5,2026-05-01,NA,NA
"1938","Iran (Islamic Republic of)","IRN",2026,6,2026-06-01,NA,NA
"1939","Iran (Islamic Republic of)","IRN",2026,7,2026-07-01,NA,NA
"1940","Iran (Islamic Republic of)","IRN",2026,8,2026-08-01,NA,NA
"1941","Iran (Islamic Republic of)","IRN",2026,9,2026-09-01,NA,NA
"1942","Iran (Islamic Republic of)","IRN",2026,10,2026-10-01,NA,NA
"1943","Iran (Islamic Republic of)","IRN",2026,11,2026-11-01,NA,NA
"1944","Iran (Islamic Republic of)","IRN",2026,12,2026-12-01,NA,NA
"1945","Ireland","IRL",2025,1,2025-01-01,0,"WHO"
"1946","Ireland","IRL",2025,2,2025-02-01,0,"WHO"
"1947","Ireland","IRL",2025,3,2025-03-01,0,"WHO"
"1948","Ireland","IRL",2025,4,2025-04-01,0,"WHO"
"1949","Ireland","IRL",2025,5,2025-05-01,0,"WHO"
"1950","Ireland","IRL",2025,6,2025-06-01,0,"WHO"
"1951","Ireland","IRL",2025,7,2025-07-01,0,"WHO"
"1952","Ireland","IRL",2025,8,2025-08-01,0,"WHO"
"1953","Ireland","IRL",2025,9,2025-09-01,0,"WHO"
"1954","Ireland","IRL",2025,10,2025-10-01,0,"WHO"
"1955","Ireland","IRL",2025,11,2025-11-01,0,"WHO"
"1956","Ireland","IRL",2025,12,2025-12-01,0,"WHO"
"1957","Ireland","IRL",2026,1,2026-01-01,NA,NA
"1958","Ireland","IRL",2026,2,2026-02-01,NA,NA
"1959","Ireland","IRL",2026,3,2026-03-01,NA,NA
"1960","Ireland","IRL",2026,4,2026-04-01,NA,NA
"1961","Ireland","IRL",2026,5,2026-05-01,NA,NA
"1962","Ireland","IRL",2026,6,2026-06-01,NA,NA
"1963","Ireland","IRL",2026,7,2026-07-01,NA,NA
"1964","Ireland","IRL",2026,8,2026-08-01,NA,NA
"1965","Ireland","IRL",2026,9,2026-09-01,NA,NA
"1966","Ireland","IRL",2026,10,2026-10-01,NA,NA
"1967","Ireland","IRL",2026,11,2026-11-01,NA,NA
"1968","Ireland","IRL",2026,12,2026-12-01,NA,NA
"1969","Israel","ISR",2025,1,2025-01-01,0,"WHO"
"1970","Israel","ISR",2025,2,2025-02-01,0,"WHO"
"1971","Israel","ISR",2025,3,2025-03-01,0,"WHO"
"1972","Israel","ISR",2025,4,2025-04-01,0,"WHO"
"1973","Israel","ISR",2025,5,2025-05-01,0,"WHO"
"1974","Israel","ISR",2025,6,2025-06-01,0,"WHO"
"1975","Israel","ISR",2025,7,2025-07-01,0,"WHO"
"1976","Israel","ISR",2025,8,2025-08-01,0,"WHO"
"1977","Israel","ISR",2025,9,2025-09-01,0,"WHO"
"1978","Israel","ISR",2025,10,2025-10-01,0,"WHO"
"1979","Israel","ISR",2025,11,2025-11-01,0,"WHO"
"1980","Israel","ISR",2025,12,2025-12-01,0,"WHO"
"1981","Israel","ISR",2026,1,2026-01-01,NA,NA
"1982","Israel","ISR",2026,2,2026-02-01,NA,NA
"1983","Israel","ISR",2026,3,2026-03-01,NA,NA
"1984","Israel","ISR",2026,4,2026-04-01,NA,NA
"1985","Israel","ISR",2026,5,2026-05-01,NA,NA
"1986","Israel","ISR",2026,6,2026-06-01,NA,NA
"1987","Israel","ISR",2026,7,2026-07-01,NA,NA
"1988","Israel","ISR",2026,8,2026-08-01,NA,NA
"1989","Israel","ISR",2026,9,2026-09-01,NA,NA
"1990","Israel","ISR",2026,10,2026-10-01,NA,NA
"1991","Israel","ISR",2026,11,2026-11-01,NA,NA
"1992","Israel","ISR",2026,12,2026-12-01,NA,NA
"1993","Italy","ITA",2025,1,2025-01-01,0,"WHO"
"1994","Italy","ITA",2025,2,2025-02-01,0,"WHO"
"1995","Italy","ITA",2025,3,2025-03-01,0,"WHO"
"1996","Italy","ITA",2025,4,2025-04-01,0,"WHO"
"1997","Italy","ITA",2025,5,2025-05-01,0,"WHO"
"1998","Italy","ITA",2025,6,2025-06-01,0,"WHO"
"1999","Italy","ITA",2025,7,2025-07-01,4,"WHO"
"2000","Italy","ITA",2025,8,2025-08-01,0,"WHO"
"2001","Italy","ITA",2025,9,2025-09-01,0,"WHO"
"2002","Italy","ITA",2025,10,2025-10-01,0,"WHO"
"2003","Italy","ITA",2025,11,2025-11-01,0,"WHO"
"2004","Italy","ITA",2025,12,2025-12-01,0,"WHO"
"2005","Italy","ITA",2026,1,2026-01-01,NA,NA
"2006","Italy","ITA",2026,2,2026-02-01,NA,NA
"2007","Italy","ITA",2026,3,2026-03-01,NA,NA
"2008","Italy","ITA",2026,4,2026-04-01,NA,NA
"2009","Italy","ITA",2026,5,2026-05-01,NA,NA
"2010","Italy","ITA",2026,6,2026-06-01,NA,NA
"2011","Italy","ITA",2026,7,2026-07-01,NA,NA
"2012","Italy","ITA",2026,8,2026-08-01,NA,NA
"2013","Italy","ITA",2026,9,2026-09-01,NA,NA
"2014","Italy","ITA",2026,10,2026-10-01,NA,NA
"2015","Italy","ITA",2026,11,2026-11-01,NA,NA
"2016","Italy","ITA",2026,12,2026-12-01,NA,NA
"2017","Jamaica","JAM",2025,1,2025-01-01,46,"PAHO"
"2018","Jamaica","JAM",2025,2,2025-02-01,38,"PAHO"
"2019","Jamaica","JAM",2025,3,2025-03-01,37,"PAHO"
"2020","Jamaica","JAM",2025,4,2025-04-01,44,"PAHO"
"2021","Jamaica","JAM",2025,5,2025-05-01,30,"PAHO"
"2022","Jamaica","JAM",2025,6,2025-06-01,65,"PAHO"
"2023","Jamaica","JAM",2025,7,2025-07-01,48,"PAHO"
"2024","Jamaica","JAM",2025,8,2025-08-01,17,"PAHO"
"2025","Jamaica","JAM",2025,9,2025-09-01,54,"PAHO"
"2026","Jamaica","JAM",2025,10,2025-10-01,33,"PAHO"
"2027","Jamaica","JAM",2025,11,2025-11-01,117,"PAHO"
"2028","Jamaica","JAM",2025,12,2025-12-01,73,"PAHO"
"2029","Jamaica","JAM",2026,1,2026-01-01,37,"PAHO"
"2030","Jamaica","JAM",2026,2,2026-02-01,NA,NA
"2031","Jamaica","JAM",2026,3,2026-03-01,NA,NA
"2032","Jamaica","JAM",2026,4,2026-04-01,NA,NA
"2033","Jamaica","JAM",2026,5,2026-05-01,NA,NA
"2034","Jamaica","JAM",2026,6,2026-06-01,NA,NA
"2035","Jamaica","JAM",2026,7,2026-07-01,NA,NA
"2036","Jamaica","JAM",2026,8,2026-08-01,NA,NA
"2037","Jamaica","JAM",2026,9,2026-09-01,NA,NA
"2038","Jamaica","JAM",2026,10,2026-10-01,NA,NA
"2039","Jamaica","JAM",2026,11,2026-11-01,NA,NA
"2040","Jamaica","JAM",2026,12,2026-12-01,NA,NA
"2041","Kazakhstan","KAZ",2025,1,2025-01-01,0,"WHO"
"2042","Kazakhstan","KAZ",2025,2,2025-02-01,0,"WHO"
"2043","Kazakhstan","KAZ",2025,3,2025-03-01,0,"WHO"
"2044","Kazakhstan","KAZ",2025,4,2025-04-01,0,"WHO"
"2045","Kazakhstan","KAZ",2025,5,2025-05-01,0,"WHO"
"2046","Kazakhstan","KAZ",2025,6,2025-06-01,0,"WHO"
"2047","Kazakhstan","KAZ",2025,7,2025-07-01,0,"WHO"
"2048","Kazakhstan","KAZ",2025,8,2025-08-01,0,"WHO"
"2049","Kazakhstan","KAZ",2025,9,2025-09-01,0,"WHO"
"2050","Kazakhstan","KAZ",2025,10,2025-10-01,0,"WHO"
"2051","Kazakhstan","KAZ",2025,11,2025-11-01,0,"WHO"
"2052","Kazakhstan","KAZ",2025,12,2025-12-01,0,"WHO"
"2053","Kazakhstan","KAZ",2026,1,2026-01-01,NA,NA
"2054","Kazakhstan","KAZ",2026,2,2026-02-01,NA,NA
"2055","Kazakhstan","KAZ",2026,3,2026-03-01,NA,NA
"2056","Kazakhstan","KAZ",2026,4,2026-04-01,NA,NA
"2057","Kazakhstan","KAZ",2026,5,2026-05-01,NA,NA
"2058","Kazakhstan","KAZ",2026,6,2026-06-01,NA,NA
"2059","Kazakhstan","KAZ",2026,7,2026-07-01,NA,NA
"2060","Kazakhstan","KAZ",2026,8,2026-08-01,NA,NA
"2061","Kazakhstan","KAZ",2026,9,2026-09-01,NA,NA
"2062","Kazakhstan","KAZ",2026,10,2026-10-01,NA,NA
"2063","Kazakhstan","KAZ",2026,11,2026-11-01,NA,NA
"2064","Kazakhstan","KAZ",2026,12,2026-12-01,NA,NA
"2065","Kenya","KEN",2025,1,2025-01-01,855,"WHO"
"2066","Kenya","KEN",2025,2,2025-02-01,673,"WHO"
"2067","Kenya","KEN",2025,3,2025-03-01,NA,NA
"2068","Kenya","KEN",2025,4,2025-04-01,64,"WHO"
"2069","Kenya","KEN",2025,5,2025-05-01,816,"WHO"
"2070","Kenya","KEN",2025,6,2025-06-01,NA,NA
"2071","Kenya","KEN",2025,7,2025-07-01,1241,"WHO"
"2072","Kenya","KEN",2025,8,2025-08-01,740,"WHO"
"2073","Kenya","KEN",2025,9,2025-09-01,650,"WHO"
"2074","Kenya","KEN",2025,10,2025-10-01,932,"WHO"
"2075","Kenya","KEN",2025,11,2025-11-01,313,"WHO"
"2076","Kenya","KEN",2025,12,2025-12-01,461,"WHO"
"2077","Kenya","KEN",2026,1,2026-01-01,NA,NA
"2078","Kenya","KEN",2026,2,2026-02-01,NA,NA
"2079","Kenya","KEN",2026,3,2026-03-01,NA,NA
"2080","Kenya","KEN",2026,4,2026-04-01,NA,NA
"2081","Kenya","KEN",2026,5,2026-05-01,NA,NA
"2082","Kenya","KEN",2026,6,2026-06-01,NA,NA
"2083","Kenya","KEN",2026,7,2026-07-01,NA,NA
"2084","Kenya","KEN",2026,8,2026-08-01,NA,NA
"2085","Kenya","KEN",2026,9,2026-09-01,NA,NA
"2086","Kenya","KEN",2026,10,2026-10-01,NA,NA
"2087","Kenya","KEN",2026,11,2026-11-01,NA,NA
"2088","Kenya","KEN",2026,12,2026-12-01,NA,NA
"2089","Kiribati","KIR",2025,1,2025-01-01,0,"WHO"
"2090","Kiribati","KIR",2025,2,2025-02-01,0,"WHO"
"2091","Kiribati","KIR",2025,3,2025-03-01,5,"WHO"
"2092","Kiribati","KIR",2025,4,2025-04-01,21,"WHO"
"2093","Kiribati","KIR",2025,5,2025-05-01,95,"WHO"
"2094","Kiribati","KIR",2025,6,2025-06-01,380,"WHO"
"2095","Kiribati","KIR",2025,7,2025-07-01,494,"WHO"
"2096","Kiribati","KIR",2025,8,2025-08-01,163,"WHO"
"2097","Kiribati","KIR",2025,9,2025-09-01,198,"WHO"
"2098","Kiribati","KIR",2025,10,2025-10-01,40,"WHO"
"2099","Kiribati","KIR",2025,11,2025-11-01,12,"WHO"
"2100","Kiribati","KIR",2025,12,2025-12-01,4,"WHO"
"2101","Kiribati","KIR",2026,1,2026-01-01,NA,NA
"2102","Kiribati","KIR",2026,2,2026-02-01,NA,NA
"2103","Kiribati","KIR",2026,3,2026-03-01,NA,NA
"2104","Kiribati","KIR",2026,4,2026-04-01,NA,NA
"2105","Kiribati","KIR",2026,5,2026-05-01,NA,NA
"2106","Kiribati","KIR",2026,6,2026-06-01,NA,NA
"2107","Kiribati","KIR",2026,7,2026-07-01,NA,NA
"2108","Kiribati","KIR",2026,8,2026-08-01,NA,NA
"2109","Kiribati","KIR",2026,9,2026-09-01,NA,NA
"2110","Kiribati","KIR",2026,10,2026-10-01,NA,NA
"2111","Kiribati","KIR",2026,11,2026-11-01,NA,NA
"2112","Kiribati","KIR",2026,12,2026-12-01,NA,NA
"2113","Kyrgyzstan","KGZ",2025,1,2025-01-01,0,"WHO"
"2114","Kyrgyzstan","KGZ",2025,2,2025-02-01,0,"WHO"
"2115","Kyrgyzstan","KGZ",2025,3,2025-03-01,0,"WHO"
"2116","Kyrgyzstan","KGZ",2025,4,2025-04-01,0,"WHO"
"2117","Kyrgyzstan","KGZ",2025,5,2025-05-01,0,"WHO"
"2118","Kyrgyzstan","KGZ",2025,6,2025-06-01,0,"WHO"
"2119","Kyrgyzstan","KGZ",2025,7,2025-07-01,0,"WHO"
"2120","Kyrgyzstan","KGZ",2025,8,2025-08-01,0,"WHO"
"2121","Kyrgyzstan","KGZ",2025,9,2025-09-01,0,"WHO"
"2122","Kyrgyzstan","KGZ",2025,10,2025-10-01,0,"WHO"
"2123","Kyrgyzstan","KGZ",2025,11,2025-11-01,0,"WHO"
"2124","Kyrgyzstan","KGZ",2025,12,2025-12-01,0,"WHO"
"2125","Kyrgyzstan","KGZ",2026,1,2026-01-01,NA,NA
"2126","Kyrgyzstan","KGZ",2026,2,2026-02-01,NA,NA
"2127","Kyrgyzstan","KGZ",2026,3,2026-03-01,NA,NA
"2128","Kyrgyzstan","KGZ",2026,4,2026-04-01,NA,NA
"2129","Kyrgyzstan","KGZ",2026,5,2026-05-01,NA,NA
"2130","Kyrgyzstan","KGZ",2026,6,2026-06-01,NA,NA
"2131","Kyrgyzstan","KGZ",2026,7,2026-07-01,NA,NA
"2132","Kyrgyzstan","KGZ",2026,8,2026-08-01,NA,NA
"2133","Kyrgyzstan","KGZ",2026,9,2026-09-01,NA,NA
"2134","Kyrgyzstan","KGZ",2026,10,2026-10-01,NA,NA
"2135","Kyrgyzstan","KGZ",2026,11,2026-11-01,NA,NA
"2136","Kyrgyzstan","KGZ",2026,12,2026-12-01,NA,NA
"2137","Lao People's Democratic Republic","LAO",2025,1,2025-01-01,253,"WHO"
"2138","Lao People's Democratic Republic","LAO",2025,2,2025-02-01,165,"WHO"
"2139","Lao People's Democratic Republic","LAO",2025,3,2025-03-01,138,"WHO"
"2140","Lao People's Democratic Republic","LAO",2025,4,2025-04-01,173,"WHO"
"2141","Lao People's Democratic Republic","LAO",2025,5,2025-05-01,614,"WHO"
"2142","Lao People's Democratic Republic","LAO",2025,6,2025-06-01,1271,"WHO"
"2143","Lao People's Democratic Republic","LAO",2025,7,2025-07-01,2741,"WHO"
"2144","Lao People's Democratic Republic","LAO",2025,8,2025-08-01,2506,"WHO"
"2145","Lao People's Democratic Republic","LAO",2025,9,2025-09-01,1369,"WHO"
"2146","Lao People's Democratic Republic","LAO",2025,10,2025-10-01,1552,"WHO"
"2147","Lao People's Democratic Republic","LAO",2025,11,2025-11-01,890,"WHO"
"2148","Lao People's Democratic Republic","LAO",2025,12,2025-12-01,573,"WHO"
"2149","Lao People's Democratic Republic","LAO",2026,1,2026-01-01,NA,NA
"2150","Lao People's Democratic Republic","LAO",2026,2,2026-02-01,NA,NA
"2151","Lao People's Democratic Republic","LAO",2026,3,2026-03-01,NA,NA
"2152","Lao People's Democratic Republic","LAO",2026,4,2026-04-01,NA,NA
"2153","Lao People's Democratic Republic","LAO",2026,5,2026-05-01,NA,NA
"2154","Lao People's Democratic Republic","LAO",2026,6,2026-06-01,NA,NA
"2155","Lao People's Democratic Republic","LAO",2026,7,2026-07-01,NA,NA
"2156","Lao People's Democratic Republic","LAO",2026,8,2026-08-01,NA,NA
"2157","Lao People's Democratic Republic","LAO",2026,9,2026-09-01,NA,NA
"2158","Lao People's Democratic Republic","LAO",2026,10,2026-10-01,NA,NA
"2159","Lao People's Democratic Republic","LAO",2026,11,2026-11-01,NA,NA
"2160","Lao People's Democratic Republic","LAO",2026,12,2026-12-01,NA,NA
"2161","Latvia","LVA",2025,1,2025-01-01,0,"WHO"
"2162","Latvia","LVA",2025,2,2025-02-01,0,"WHO"
"2163","Latvia","LVA",2025,3,2025-03-01,0,"WHO"
"2164","Latvia","LVA",2025,4,2025-04-01,0,"WHO"
"2165","Latvia","LVA",2025,5,2025-05-01,0,"WHO"
"2166","Latvia","LVA",2025,6,2025-06-01,0,"WHO"
"2167","Latvia","LVA",2025,7,2025-07-01,0,"WHO"
"2168","Latvia","LVA",2025,8,2025-08-01,0,"WHO"
"2169","Latvia","LVA",2025,9,2025-09-01,0,"WHO"
"2170","Latvia","LVA",2025,10,2025-10-01,0,"WHO"
"2171","Latvia","LVA",2025,11,2025-11-01,0,"WHO"
"2172","Latvia","LVA",2025,12,2025-12-01,0,"WHO"
"2173","Latvia","LVA",2026,1,2026-01-01,NA,NA
"2174","Latvia","LVA",2026,2,2026-02-01,NA,NA
"2175","Latvia","LVA",2026,3,2026-03-01,NA,NA
"2176","Latvia","LVA",2026,4,2026-04-01,NA,NA
"2177","Latvia","LVA",2026,5,2026-05-01,NA,NA
"2178","Latvia","LVA",2026,6,2026-06-01,NA,NA
"2179","Latvia","LVA",2026,7,2026-07-01,NA,NA
"2180","Latvia","LVA",2026,8,2026-08-01,NA,NA
"2181","Latvia","LVA",2026,9,2026-09-01,NA,NA
"2182","Latvia","LVA",2026,10,2026-10-01,NA,NA
"2183","Latvia","LVA",2026,11,2026-11-01,NA,NA
"2184","Latvia","LVA",2026,12,2026-12-01,NA,NA
"2185","Liberia","LBR",2025,1,2025-01-01,3,"WHO"
"2186","Liberia","LBR",2025,2,2025-02-01,0,"WHO"
"2187","Liberia","LBR",2025,3,2025-03-01,0,"WHO"
"2188","Liberia","LBR",2025,4,2025-04-01,1,"WHO"
"2189","Liberia","LBR",2025,5,2025-05-01,0,"WHO"
"2190","Liberia","LBR",2025,6,2025-06-01,0,"WHO"
"2191","Liberia","LBR",2025,7,2025-07-01,0,"WHO"
"2192","Liberia","LBR",2025,8,2025-08-01,0,"WHO"
"2193","Liberia","LBR",2025,9,2025-09-01,0,"WHO"
"2194","Liberia","LBR",2025,10,2025-10-01,0,"WHO"
"2195","Liberia","LBR",2025,11,2025-11-01,0,"WHO"
"2196","Liberia","LBR",2025,12,2025-12-01,0,"WHO"
"2197","Liberia","LBR",2026,1,2026-01-01,NA,NA
"2198","Liberia","LBR",2026,2,2026-02-01,NA,NA
"2199","Liberia","LBR",2026,3,2026-03-01,NA,NA
"2200","Liberia","LBR",2026,4,2026-04-01,NA,NA
"2201","Liberia","LBR",2026,5,2026-05-01,NA,NA
"2202","Liberia","LBR",2026,6,2026-06-01,NA,NA
"2203","Liberia","LBR",2026,7,2026-07-01,NA,NA
"2204","Liberia","LBR",2026,8,2026-08-01,NA,NA
"2205","Liberia","LBR",2026,9,2026-09-01,NA,NA
"2206","Liberia","LBR",2026,10,2026-10-01,NA,NA
"2207","Liberia","LBR",2026,11,2026-11-01,NA,NA
"2208","Liberia","LBR",2026,12,2026-12-01,NA,NA
"2209","Liechtenstein","LIE",2025,1,2025-01-01,0,"WHO"
"2210","Liechtenstein","LIE",2025,2,2025-02-01,0,"WHO"
"2211","Liechtenstein","LIE",2025,3,2025-03-01,0,"WHO"
"2212","Liechtenstein","LIE",2025,4,2025-04-01,0,"WHO"
"2213","Liechtenstein","LIE",2025,5,2025-05-01,0,"WHO"
"2214","Liechtenstein","LIE",2025,6,2025-06-01,0,"WHO"
"2215","Liechtenstein","LIE",2025,7,2025-07-01,0,"WHO"
"2216","Liechtenstein","LIE",2025,8,2025-08-01,0,"WHO"
"2217","Liechtenstein","LIE",2025,9,2025-09-01,0,"WHO"
"2218","Liechtenstein","LIE",2025,10,2025-10-01,0,"WHO"
"2219","Liechtenstein","LIE",2025,11,2025-11-01,0,"WHO"
"2220","Liechtenstein","LIE",2025,12,2025-12-01,0,"WHO"
"2221","Liechtenstein","LIE",2026,1,2026-01-01,NA,NA
"2222","Liechtenstein","LIE",2026,2,2026-02-01,NA,NA
"2223","Liechtenstein","LIE",2026,3,2026-03-01,NA,NA
"2224","Liechtenstein","LIE",2026,4,2026-04-01,NA,NA
"2225","Liechtenstein","LIE",2026,5,2026-05-01,NA,NA
"2226","Liechtenstein","LIE",2026,6,2026-06-01,NA,NA
"2227","Liechtenstein","LIE",2026,7,2026-07-01,NA,NA
"2228","Liechtenstein","LIE",2026,8,2026-08-01,NA,NA
"2229","Liechtenstein","LIE",2026,9,2026-09-01,NA,NA
"2230","Liechtenstein","LIE",2026,10,2026-10-01,NA,NA
"2231","Liechtenstein","LIE",2026,11,2026-11-01,NA,NA
"2232","Liechtenstein","LIE",2026,12,2026-12-01,NA,NA
"2233","Lithuania","LTU",2025,1,2025-01-01,0,"WHO"
"2234","Lithuania","LTU",2025,2,2025-02-01,0,"WHO"
"2235","Lithuania","LTU",2025,3,2025-03-01,0,"WHO"
"2236","Lithuania","LTU",2025,4,2025-04-01,0,"WHO"
"2237","Lithuania","LTU",2025,5,2025-05-01,0,"WHO"
"2238","Lithuania","LTU",2025,6,2025-06-01,0,"WHO"
"2239","Lithuania","LTU",2025,7,2025-07-01,0,"WHO"
"2240","Lithuania","LTU",2025,8,2025-08-01,0,"WHO"
"2241","Lithuania","LTU",2025,9,2025-09-01,0,"WHO"
"2242","Lithuania","LTU",2025,10,2025-10-01,0,"WHO"
"2243","Lithuania","LTU",2025,11,2025-11-01,0,"WHO"
"2244","Lithuania","LTU",2025,12,2025-12-01,0,"WHO"
"2245","Lithuania","LTU",2026,1,2026-01-01,NA,NA
"2246","Lithuania","LTU",2026,2,2026-02-01,NA,NA
"2247","Lithuania","LTU",2026,3,2026-03-01,NA,NA
"2248","Lithuania","LTU",2026,4,2026-04-01,NA,NA
"2249","Lithuania","LTU",2026,5,2026-05-01,NA,NA
"2250","Lithuania","LTU",2026,6,2026-06-01,NA,NA
"2251","Lithuania","LTU",2026,7,2026-07-01,NA,NA
"2252","Lithuania","LTU",2026,8,2026-08-01,NA,NA
"2253","Lithuania","LTU",2026,9,2026-09-01,NA,NA
"2254","Lithuania","LTU",2026,10,2026-10-01,NA,NA
"2255","Lithuania","LTU",2026,11,2026-11-01,NA,NA
"2256","Lithuania","LTU",2026,12,2026-12-01,NA,NA
"2257","Luxembourg","LUX",2025,1,2025-01-01,0,"WHO"
"2258","Luxembourg","LUX",2025,2,2025-02-01,0,"WHO"
"2259","Luxembourg","LUX",2025,3,2025-03-01,0,"WHO"
"2260","Luxembourg","LUX",2025,4,2025-04-01,0,"WHO"
"2261","Luxembourg","LUX",2025,5,2025-05-01,0,"WHO"
"2262","Luxembourg","LUX",2025,6,2025-06-01,0,"WHO"
"2263","Luxembourg","LUX",2025,7,2025-07-01,0,"WHO"
"2264","Luxembourg","LUX",2025,8,2025-08-01,0,"WHO"
"2265","Luxembourg","LUX",2025,9,2025-09-01,0,"WHO"
"2266","Luxembourg","LUX",2025,10,2025-10-01,0,"WHO"
"2267","Luxembourg","LUX",2025,11,2025-11-01,0,"WHO"
"2268","Luxembourg","LUX",2025,12,2025-12-01,0,"WHO"
"2269","Luxembourg","LUX",2026,1,2026-01-01,NA,NA
"2270","Luxembourg","LUX",2026,2,2026-02-01,NA,NA
"2271","Luxembourg","LUX",2026,3,2026-03-01,NA,NA
"2272","Luxembourg","LUX",2026,4,2026-04-01,NA,NA
"2273","Luxembourg","LUX",2026,5,2026-05-01,NA,NA
"2274","Luxembourg","LUX",2026,6,2026-06-01,NA,NA
"2275","Luxembourg","LUX",2026,7,2026-07-01,NA,NA
"2276","Luxembourg","LUX",2026,8,2026-08-01,NA,NA
"2277","Luxembourg","LUX",2026,9,2026-09-01,NA,NA
"2278","Luxembourg","LUX",2026,10,2026-10-01,NA,NA
"2279","Luxembourg","LUX",2026,11,2026-11-01,NA,NA
"2280","Luxembourg","LUX",2026,12,2026-12-01,NA,NA
"2281","Malawi","MWI",2025,1,2025-01-01,0,"WHO"
"2282","Malawi","MWI",2025,2,2025-02-01,0,"WHO"
"2283","Malawi","MWI",2025,3,2025-03-01,0,"WHO"
"2284","Malawi","MWI",2025,4,2025-04-01,0,"WHO"
"2285","Malawi","MWI",2025,5,2025-05-01,0,"WHO"
"2286","Malawi","MWI",2025,6,2025-06-01,0,"WHO"
"2287","Malawi","MWI",2025,7,2025-07-01,0,"WHO"
"2288","Malawi","MWI",2025,8,2025-08-01,0,"WHO"
"2289","Malawi","MWI",2025,9,2025-09-01,0,"WHO"
"2290","Malawi","MWI",2025,10,2025-10-01,0,"WHO"
"2291","Malawi","MWI",2025,11,2025-11-01,0,"WHO"
"2292","Malawi","MWI",2025,12,2025-12-01,0,"WHO"
"2293","Malawi","MWI",2026,1,2026-01-01,NA,NA
"2294","Malawi","MWI",2026,2,2026-02-01,NA,NA
"2295","Malawi","MWI",2026,3,2026-03-01,NA,NA
"2296","Malawi","MWI",2026,4,2026-04-01,NA,NA
"2297","Malawi","MWI",2026,5,2026-05-01,NA,NA
"2298","Malawi","MWI",2026,6,2026-06-01,NA,NA
"2299","Malawi","MWI",2026,7,2026-07-01,NA,NA
"2300","Malawi","MWI",2026,8,2026-08-01,NA,NA
"2301","Malawi","MWI",2026,9,2026-09-01,NA,NA
"2302","Malawi","MWI",2026,10,2026-10-01,NA,NA
"2303","Malawi","MWI",2026,11,2026-11-01,NA,NA
"2304","Malawi","MWI",2026,12,2026-12-01,NA,NA
"2305","Malaysia","MYS",2025,1,2025-01-01,6676,"WHO"
"2306","Malaysia","MYS",2025,2,2025-02-01,5049,"WHO"
"2307","Malaysia","MYS",2025,3,2025-03-01,4571,"WHO"
"2308","Malaysia","MYS",2025,4,2025-04-01,5383,"WHO"
"2309","Malaysia","MYS",2025,5,2025-05-01,4877,"WHO"
"2310","Malaysia","MYS",2025,6,2025-06-01,4657,"WHO"
"2311","Malaysia","MYS",2025,7,2025-07-01,5065,"WHO"
"2312","Malaysia","MYS",2025,8,2025-08-01,3338,"WHO"
"2313","Malaysia","MYS",2025,9,2025-09-01,2969,"WHO"
"2314","Malaysia","MYS",2025,10,2025-10-01,4398,"WHO"
"2315","Malaysia","MYS",2025,11,2025-11-01,3449,"WHO"
"2316","Malaysia","MYS",2025,12,2025-12-01,974,"WHO"
"2317","Malaysia","MYS",2026,1,2026-01-01,NA,NA
"2318","Malaysia","MYS",2026,2,2026-02-01,NA,NA
"2319","Malaysia","MYS",2026,3,2026-03-01,NA,NA
"2320","Malaysia","MYS",2026,4,2026-04-01,NA,NA
"2321","Malaysia","MYS",2026,5,2026-05-01,NA,NA
"2322","Malaysia","MYS",2026,6,2026-06-01,NA,NA
"2323","Malaysia","MYS",2026,7,2026-07-01,NA,NA
"2324","Malaysia","MYS",2026,8,2026-08-01,NA,NA
"2325","Malaysia","MYS",2026,9,2026-09-01,NA,NA
"2326","Malaysia","MYS",2026,10,2026-10-01,NA,NA
"2327","Malaysia","MYS",2026,11,2026-11-01,NA,NA
"2328","Malaysia","MYS",2026,12,2026-12-01,NA,NA
"2329","Maldives","MDV",2025,1,2025-01-01,72,"SEARO"
"2330","Maldives","MDV",2025,2,2025-02-01,74,"SEARO"
"2331","Maldives","MDV",2025,3,2025-03-01,69,"SEARO"
"2332","Maldives","MDV",2025,4,2025-04-01,120,"SEARO"
"2333","Maldives","MDV",2025,5,2025-05-01,116,"SEARO"
"2334","Maldives","MDV",2025,6,2025-06-01,165,"SEARO"
"2335","Maldives","MDV",2025,7,2025-07-01,168,"SEARO"
"2336","Maldives","MDV",2025,8,2025-08-01,256,"SEARO"
"2337","Maldives","MDV",2025,9,2025-09-01,252,"SEARO"
"2338","Maldives","MDV",2025,10,2025-10-01,373,"SEARO"
"2339","Maldives","MDV",2025,11,2025-11-01,376,"SEARO"
"2340","Maldives","MDV",2025,12,2025-12-01,411,"SEARO"
"2341","Maldives","MDV",2026,1,2026-01-01,NA,NA
"2342","Maldives","MDV",2026,2,2026-02-01,NA,NA
"2343","Maldives","MDV",2026,3,2026-03-01,NA,NA
"2344","Maldives","MDV",2026,4,2026-04-01,NA,NA
"2345","Maldives","MDV",2026,5,2026-05-01,NA,NA
"2346","Maldives","MDV",2026,6,2026-06-01,NA,NA
"2347","Maldives","MDV",2026,7,2026-07-01,NA,NA
"2348","Maldives","MDV",2026,8,2026-08-01,NA,NA
"2349","Maldives","MDV",2026,9,2026-09-01,NA,NA
"2350","Maldives","MDV",2026,10,2026-10-01,NA,NA
"2351","Maldives","MDV",2026,11,2026-11-01,NA,NA
"2352","Maldives","MDV",2026,12,2026-12-01,NA,NA
"2353","Mali","MLI",2025,1,2025-01-01,511,"WHO"
"2354","Mali","MLI",2025,2,2025-02-01,453,"WHO"
"2355","Mali","MLI",2025,3,2025-03-01,332,"WHO"
"2356","Mali","MLI",2025,4,2025-04-01,186,"WHO"
"2357","Mali","MLI",2025,5,2025-05-01,242,"WHO"
"2358","Mali","MLI",2025,6,2025-06-01,233,"WHO"
"2359","Mali","MLI",2025,7,2025-07-01,384,"WHO"
"2360","Mali","MLI",2025,8,2025-08-01,361,"WHO"
"2361","Mali","MLI",2025,9,2025-09-01,272,"WHO"
"2362","Mali","MLI",2025,10,2025-10-01,490,"WHO"
"2363","Mali","MLI",2025,11,2025-11-01,506,"WHO"
"2364","Mali","MLI",2025,12,2025-12-01,NA,NA
"2365","Mali","MLI",2026,1,2026-01-01,NA,NA
"2366","Mali","MLI",2026,2,2026-02-01,NA,NA
"2367","Mali","MLI",2026,3,2026-03-01,NA,NA
"2368","Mali","MLI",2026,4,2026-04-01,NA,NA
"2369","Mali","MLI",2026,5,2026-05-01,NA,NA
"2370","Mali","MLI",2026,6,2026-06-01,NA,NA
"2371","Mali","MLI",2026,7,2026-07-01,NA,NA
"2372","Mali","MLI",2026,8,2026-08-01,NA,NA
"2373","Mali","MLI",2026,9,2026-09-01,NA,NA
"2374","Mali","MLI",2026,10,2026-10-01,NA,NA
"2375","Mali","MLI",2026,11,2026-11-01,NA,NA
"2376","Mali","MLI",2026,12,2026-12-01,NA,NA
"2377","Malta","MLT",2025,1,2025-01-01,0,"WHO"
"2378","Malta","MLT",2025,2,2025-02-01,0,"WHO"
"2379","Malta","MLT",2025,3,2025-03-01,0,"WHO"
"2380","Malta","MLT",2025,4,2025-04-01,0,"WHO"
"2381","Malta","MLT",2025,5,2025-05-01,0,"WHO"
"2382","Malta","MLT",2025,6,2025-06-01,0,"WHO"
"2383","Malta","MLT",2025,7,2025-07-01,0,"WHO"
"2384","Malta","MLT",2025,8,2025-08-01,0,"WHO"
"2385","Malta","MLT",2025,9,2025-09-01,0,"WHO"
"2386","Malta","MLT",2025,10,2025-10-01,0,"WHO"
"2387","Malta","MLT",2025,11,2025-11-01,0,"WHO"
"2388","Malta","MLT",2025,12,2025-12-01,0,"WHO"
"2389","Malta","MLT",2026,1,2026-01-01,NA,NA
"2390","Malta","MLT",2026,2,2026-02-01,NA,NA
"2391","Malta","MLT",2026,3,2026-03-01,NA,NA
"2392","Malta","MLT",2026,4,2026-04-01,NA,NA
"2393","Malta","MLT",2026,5,2026-05-01,NA,NA
"2394","Malta","MLT",2026,6,2026-06-01,NA,NA
"2395","Malta","MLT",2026,7,2026-07-01,NA,NA
"2396","Malta","MLT",2026,8,2026-08-01,NA,NA
"2397","Malta","MLT",2026,9,2026-09-01,NA,NA
"2398","Malta","MLT",2026,10,2026-10-01,NA,NA
"2399","Malta","MLT",2026,11,2026-11-01,NA,NA
"2400","Malta","MLT",2026,12,2026-12-01,NA,NA
"2401","Marshall Islands","MHL",2025,1,2025-01-01,0,"WHO"
"2402","Marshall Islands","MHL",2025,2,2025-02-01,0,"WHO"
"2403","Marshall Islands","MHL",2025,3,2025-03-01,0,"WHO"
"2404","Marshall Islands","MHL",2025,4,2025-04-01,0,"WHO"
"2405","Marshall Islands","MHL",2025,5,2025-05-01,0,"WHO"
"2406","Marshall Islands","MHL",2025,6,2025-06-01,0,"WHO"
"2407","Marshall Islands","MHL",2025,7,2025-07-01,0,"WHO"
"2408","Marshall Islands","MHL",2025,8,2025-08-01,0,"WHO"
"2409","Marshall Islands","MHL",2025,9,2025-09-01,0,"WHO"
"2410","Marshall Islands","MHL",2025,10,2025-10-01,0,"WHO"
"2411","Marshall Islands","MHL",2025,11,2025-11-01,0,"WHO"
"2412","Marshall Islands","MHL",2025,12,2025-12-01,0,"WHO"
"2413","Marshall Islands","MHL",2026,1,2026-01-01,NA,NA
"2414","Marshall Islands","MHL",2026,2,2026-02-01,NA,NA
"2415","Marshall Islands","MHL",2026,3,2026-03-01,NA,NA
"2416","Marshall Islands","MHL",2026,4,2026-04-01,NA,NA
"2417","Marshall Islands","MHL",2026,5,2026-05-01,NA,NA
"2418","Marshall Islands","MHL",2026,6,2026-06-01,NA,NA
"2419","Marshall Islands","MHL",2026,7,2026-07-01,NA,NA
"2420","Marshall Islands","MHL",2026,8,2026-08-01,NA,NA
"2421","Marshall Islands","MHL",2026,9,2026-09-01,NA,NA
"2422","Marshall Islands","MHL",2026,10,2026-10-01,NA,NA
"2423","Marshall Islands","MHL",2026,11,2026-11-01,NA,NA
"2424","Marshall Islands","MHL",2026,12,2026-12-01,NA,NA
"2425","Martinique","MTQ",2025,1,2025-01-01,293,"PAHO"
"2426","Martinique","MTQ",2025,2,2025-02-01,100,"PAHO"
"2427","Martinique","MTQ",2025,3,2025-03-01,282,"PAHO"
"2428","Martinique","MTQ",2025,4,2025-04-01,100,"PAHO"
"2429","Martinique","MTQ",2025,5,2025-05-01,130,"PAHO"
"2430","Martinique","MTQ",2025,6,2025-06-01,90,"PAHO"
"2431","Martinique","MTQ",2025,7,2025-07-01,NA,"PAHO"
"2432","Martinique","MTQ",2025,8,2025-08-01,NA,"PAHO"
"2433","Martinique","MTQ",2025,9,2025-09-01,105,"WHO"
"2434","Martinique","MTQ",2025,10,2025-10-01,NA,"PAHO"
"2435","Martinique","MTQ",2025,11,2025-11-01,30,"WHO"
"2436","Martinique","MTQ",2025,12,2025-12-01,150,"PAHO"
"2437","Martinique","MTQ",2026,1,2026-01-01,61,"PAHO"
"2438","Martinique","MTQ",2026,2,2026-02-01,NA,NA
"2439","Martinique","MTQ",2026,3,2026-03-01,NA,NA
"2440","Martinique","MTQ",2026,4,2026-04-01,NA,NA
"2441","Martinique","MTQ",2026,5,2026-05-01,NA,NA
"2442","Martinique","MTQ",2026,6,2026-06-01,NA,NA
"2443","Martinique","MTQ",2026,7,2026-07-01,NA,NA
"2444","Martinique","MTQ",2026,8,2026-08-01,NA,NA
"2445","Martinique","MTQ",2026,9,2026-09-01,NA,NA
"2446","Martinique","MTQ",2026,10,2026-10-01,NA,NA
"2447","Martinique","MTQ",2026,11,2026-11-01,NA,NA
"2448","Martinique","MTQ",2026,12,2026-12-01,NA,NA
"2449","Mauritania","MRT",2025,1,2025-01-01,102,"WHO"
"2450","Mauritania","MRT",2025,2,2025-02-01,66,"WHO"
"2451","Mauritania","MRT",2025,3,2025-03-01,35,"WHO"
"2452","Mauritania","MRT",2025,4,2025-04-01,41,"WHO"
"2453","Mauritania","MRT",2025,5,2025-05-01,3,"WHO"
"2454","Mauritania","MRT",2025,6,2025-06-01,179,"WHO"
"2455","Mauritania","MRT",2025,7,2025-07-01,82,"WHO"
"2456","Mauritania","MRT",2025,8,2025-08-01,37,"WHO"
"2457","Mauritania","MRT",2025,9,2025-09-01,37,"WHO"
"2458","Mauritania","MRT",2025,10,2025-10-01,3135,"WHO"
"2459","Mauritania","MRT",2025,11,2025-11-01,1923,"WHO"
"2460","Mauritania","MRT",2025,12,2025-12-01,NA,NA
"2461","Mauritania","MRT",2026,1,2026-01-01,NA,NA
"2462","Mauritania","MRT",2026,2,2026-02-01,NA,NA
"2463","Mauritania","MRT",2026,3,2026-03-01,NA,NA
"2464","Mauritania","MRT",2026,4,2026-04-01,NA,NA
"2465","Mauritania","MRT",2026,5,2026-05-01,NA,NA
"2466","Mauritania","MRT",2026,6,2026-06-01,NA,NA
"2467","Mauritania","MRT",2026,7,2026-07-01,NA,NA
"2468","Mauritania","MRT",2026,8,2026-08-01,NA,NA
"2469","Mauritania","MRT",2026,9,2026-09-01,NA,NA
"2470","Mauritania","MRT",2026,10,2026-10-01,NA,NA
"2471","Mauritania","MRT",2026,11,2026-11-01,NA,NA
"2472","Mauritania","MRT",2026,12,2026-12-01,NA,NA
"2473","Mauritius","MUS",2025,1,2025-01-01,79,"WHO"
"2474","Mauritius","MUS",2025,2,2025-02-01,32,"WHO"
"2475","Mauritius","MUS",2025,3,2025-03-01,145,"WHO"
"2476","Mauritius","MUS",2025,4,2025-04-01,361,"WHO"
"2477","Mauritius","MUS",2025,5,2025-05-01,544,"WHO"
"2478","Mauritius","MUS",2025,6,2025-06-01,NA,NA
"2479","Mauritius","MUS",2025,7,2025-07-01,255,"WHO"
"2480","Mauritius","MUS",2025,8,2025-08-01,143,"WHO"
"2481","Mauritius","MUS",2025,9,2025-09-01,82,"WHO"
"2482","Mauritius","MUS",2025,10,2025-10-01,81,"WHO"
"2483","Mauritius","MUS",2025,11,2025-11-01,NA,NA
"2484","Mauritius","MUS",2025,12,2025-12-01,46,"WHO"
"2485","Mauritius","MUS",2026,1,2026-01-01,NA,NA
"2486","Mauritius","MUS",2026,2,2026-02-01,NA,NA
"2487","Mauritius","MUS",2026,3,2026-03-01,NA,NA
"2488","Mauritius","MUS",2026,4,2026-04-01,NA,NA
"2489","Mauritius","MUS",2026,5,2026-05-01,NA,NA
"2490","Mauritius","MUS",2026,6,2026-06-01,NA,NA
"2491","Mauritius","MUS",2026,7,2026-07-01,NA,NA
"2492","Mauritius","MUS",2026,8,2026-08-01,NA,NA
"2493","Mauritius","MUS",2026,9,2026-09-01,NA,NA
"2494","Mauritius","MUS",2026,10,2026-10-01,NA,NA
"2495","Mauritius","MUS",2026,11,2026-11-01,NA,NA
"2496","Mauritius","MUS",2026,12,2026-12-01,NA,NA
"2497","Mayotte","MYT",2025,1,2025-01-01,0,"WHO"
"2498","Mayotte","MYT",2025,2,2025-02-01,3,"WHO"
"2499","Mayotte","MYT",2025,3,2025-03-01,2,"WHO"
"2500","Mayotte","MYT",2025,4,2025-04-01,4,"WHO"
"2501","Mayotte","MYT",2025,5,2025-05-01,16,"WHO"
"2502","Mayotte","MYT",2025,6,2025-06-01,2,"WHO"
"2503","Mayotte","MYT",2025,7,2025-07-01,2,"WHO"
"2504","Mayotte","MYT",2025,8,2025-08-01,0,"WHO"
"2505","Mayotte","MYT",2025,9,2025-09-01,0,"WHO"
"2506","Mayotte","MYT",2025,10,2025-10-01,0,"WHO"
"2507","Mayotte","MYT",2025,11,2025-11-01,0,"WHO"
"2508","Mayotte","MYT",2025,12,2025-12-01,NA,NA
"2509","Mayotte","MYT",2026,1,2026-01-01,NA,NA
"2510","Mayotte","MYT",2026,2,2026-02-01,NA,NA
"2511","Mayotte","MYT",2026,3,2026-03-01,NA,NA
"2512","Mayotte","MYT",2026,4,2026-04-01,NA,NA
"2513","Mayotte","MYT",2026,5,2026-05-01,NA,NA
"2514","Mayotte","MYT",2026,6,2026-06-01,NA,NA
"2515","Mayotte","MYT",2026,7,2026-07-01,NA,NA
"2516","Mayotte","MYT",2026,8,2026-08-01,NA,NA
"2517","Mayotte","MYT",2026,9,2026-09-01,NA,NA
"2518","Mayotte","MYT",2026,10,2026-10-01,NA,NA
"2519","Mayotte","MYT",2026,11,2026-11-01,NA,NA
"2520","Mayotte","MYT",2026,12,2026-12-01,NA,NA
"2521","Mexico","MEX",2025,1,2025-01-01,11125,"PAHO"
"2522","Mexico","MEX",2025,2,2025-02-01,8287,"PAHO"
"2523","Mexico","MEX",2025,3,2025-03-01,9680,"PAHO"
"2524","Mexico","MEX",2025,4,2025-04-01,6002,"PAHO"
"2525","Mexico","MEX",2025,5,2025-05-01,7905,"PAHO"
"2526","Mexico","MEX",2025,6,2025-06-01,12409,"PAHO"
"2527","Mexico","MEX",2025,7,2025-07-01,11822,"PAHO"
"2528","Mexico","MEX",2025,8,2025-08-01,13638,"PAHO"
"2529","Mexico","MEX",2025,9,2025-09-01,21031,"PAHO"
"2530","Mexico","MEX",2025,10,2025-10-01,21250,"PAHO"
"2531","Mexico","MEX",2025,11,2025-11-01,14725,"PAHO"
"2532","Mexico","MEX",2025,12,2025-12-01,7377,"PAHO"
"2533","Mexico","MEX",2026,1,2026-01-01,4828,"PAHO"
"2534","Mexico","MEX",2026,2,2026-02-01,NA,NA
"2535","Mexico","MEX",2026,3,2026-03-01,NA,NA
"2536","Mexico","MEX",2026,4,2026-04-01,NA,NA
"2537","Mexico","MEX",2026,5,2026-05-01,NA,NA
"2538","Mexico","MEX",2026,6,2026-06-01,NA,NA
"2539","Mexico","MEX",2026,7,2026-07-01,NA,NA
"2540","Mexico","MEX",2026,8,2026-08-01,NA,NA
"2541","Mexico","MEX",2026,9,2026-09-01,NA,NA
"2542","Mexico","MEX",2026,10,2026-10-01,NA,NA
"2543","Mexico","MEX",2026,11,2026-11-01,NA,NA
"2544","Mexico","MEX",2026,12,2026-12-01,NA,NA
"2545","Micronesia (Federated States of)","FSM",2025,1,2025-01-01,5,"WHO"
"2546","Micronesia (Federated States of)","FSM",2025,2,2025-02-01,9,"WHO"
"2547","Micronesia (Federated States of)","FSM",2025,3,2025-03-01,1,"WHO"
"2548","Micronesia (Federated States of)","FSM",2025,4,2025-04-01,3,"WHO"
"2549","Micronesia (Federated States of)","FSM",2025,5,2025-05-01,1,"WHO"
"2550","Micronesia (Federated States of)","FSM",2025,6,2025-06-01,2,"WHO"
"2551","Micronesia (Federated States of)","FSM",2025,7,2025-07-01,6,"WHO"
"2552","Micronesia (Federated States of)","FSM",2025,8,2025-08-01,4,"WHO"
"2553","Micronesia (Federated States of)","FSM",2025,9,2025-09-01,2,"WHO"
"2554","Micronesia (Federated States of)","FSM",2025,10,2025-10-01,6,"WHO"
"2555","Micronesia (Federated States of)","FSM",2025,11,2025-11-01,1,"WHO"
"2556","Micronesia (Federated States of)","FSM",2025,12,2025-12-01,4,"WHO"
"2557","Micronesia (Federated States of)","FSM",2026,1,2026-01-01,NA,NA
"2558","Micronesia (Federated States of)","FSM",2026,2,2026-02-01,NA,NA
"2559","Micronesia (Federated States of)","FSM",2026,3,2026-03-01,NA,NA
"2560","Micronesia (Federated States of)","FSM",2026,4,2026-04-01,NA,NA
"2561","Micronesia (Federated States of)","FSM",2026,5,2026-05-01,NA,NA
"2562","Micronesia (Federated States of)","FSM",2026,6,2026-06-01,NA,NA
"2563","Micronesia (Federated States of)","FSM",2026,7,2026-07-01,NA,NA
"2564","Micronesia (Federated States of)","FSM",2026,8,2026-08-01,NA,NA
"2565","Micronesia (Federated States of)","FSM",2026,9,2026-09-01,NA,NA
"2566","Micronesia (Federated States of)","FSM",2026,10,2026-10-01,NA,NA
"2567","Micronesia (Federated States of)","FSM",2026,11,2026-11-01,NA,NA
"2568","Micronesia (Federated States of)","FSM",2026,12,2026-12-01,NA,NA
"2569","Monaco","MCO",2025,1,2025-01-01,0,"WHO"
"2570","Monaco","MCO",2025,2,2025-02-01,0,"WHO"
"2571","Monaco","MCO",2025,3,2025-03-01,0,"WHO"
"2572","Monaco","MCO",2025,4,2025-04-01,0,"WHO"
"2573","Monaco","MCO",2025,5,2025-05-01,0,"WHO"
"2574","Monaco","MCO",2025,6,2025-06-01,0,"WHO"
"2575","Monaco","MCO",2025,7,2025-07-01,0,"WHO"
"2576","Monaco","MCO",2025,8,2025-08-01,0,"WHO"
"2577","Monaco","MCO",2025,9,2025-09-01,0,"WHO"
"2578","Monaco","MCO",2025,10,2025-10-01,0,"WHO"
"2579","Monaco","MCO",2025,11,2025-11-01,0,"WHO"
"2580","Monaco","MCO",2025,12,2025-12-01,0,"WHO"
"2581","Monaco","MCO",2026,1,2026-01-01,NA,NA
"2582","Monaco","MCO",2026,2,2026-02-01,NA,NA
"2583","Monaco","MCO",2026,3,2026-03-01,NA,NA
"2584","Monaco","MCO",2026,4,2026-04-01,NA,NA
"2585","Monaco","MCO",2026,5,2026-05-01,NA,NA
"2586","Monaco","MCO",2026,6,2026-06-01,NA,NA
"2587","Monaco","MCO",2026,7,2026-07-01,NA,NA
"2588","Monaco","MCO",2026,8,2026-08-01,NA,NA
"2589","Monaco","MCO",2026,9,2026-09-01,NA,NA
"2590","Monaco","MCO",2026,10,2026-10-01,NA,NA
"2591","Monaco","MCO",2026,11,2026-11-01,NA,NA
"2592","Monaco","MCO",2026,12,2026-12-01,NA,NA
"2593","Montenegro","MNE",2025,1,2025-01-01,0,"WHO"
"2594","Montenegro","MNE",2025,2,2025-02-01,0,"WHO"
"2595","Montenegro","MNE",2025,3,2025-03-01,0,"WHO"
"2596","Montenegro","MNE",2025,4,2025-04-01,0,"WHO"
"2597","Montenegro","MNE",2025,5,2025-05-01,0,"WHO"
"2598","Montenegro","MNE",2025,6,2025-06-01,0,"WHO"
"2599","Montenegro","MNE",2025,7,2025-07-01,0,"WHO"
"2600","Montenegro","MNE",2025,8,2025-08-01,0,"WHO"
"2601","Montenegro","MNE",2025,9,2025-09-01,0,"WHO"
"2602","Montenegro","MNE",2025,10,2025-10-01,0,"WHO"
"2603","Montenegro","MNE",2025,11,2025-11-01,0,"WHO"
"2604","Montenegro","MNE",2025,12,2025-12-01,0,"WHO"
"2605","Montenegro","MNE",2026,1,2026-01-01,NA,NA
"2606","Montenegro","MNE",2026,2,2026-02-01,NA,NA
"2607","Montenegro","MNE",2026,3,2026-03-01,NA,NA
"2608","Montenegro","MNE",2026,4,2026-04-01,NA,NA
"2609","Montenegro","MNE",2026,5,2026-05-01,NA,NA
"2610","Montenegro","MNE",2026,6,2026-06-01,NA,NA
"2611","Montenegro","MNE",2026,7,2026-07-01,NA,NA
"2612","Montenegro","MNE",2026,8,2026-08-01,NA,NA
"2613","Montenegro","MNE",2026,9,2026-09-01,NA,NA
"2614","Montenegro","MNE",2026,10,2026-10-01,NA,NA
"2615","Montenegro","MNE",2026,11,2026-11-01,NA,NA
"2616","Montenegro","MNE",2026,12,2026-12-01,NA,NA
"2617","Montserrat","MSR",2025,1,2025-01-01,0,"WHO"
"2618","Montserrat","MSR",2025,2,2025-02-01,0,"WHO"
"2619","Montserrat","MSR",2025,3,2025-03-01,0,"WHO"
"2620","Montserrat","MSR",2025,4,2025-04-01,1,"PAHO"
"2621","Montserrat","MSR",2025,5,2025-05-01,0,"WHO"
"2622","Montserrat","MSR",2025,6,2025-06-01,0,"WHO"
"2623","Montserrat","MSR",2025,7,2025-07-01,0,"WHO"
"2624","Montserrat","MSR",2025,8,2025-08-01,0,"WHO"
"2625","Montserrat","MSR",2025,9,2025-09-01,2,"PAHO"
"2626","Montserrat","MSR",2025,10,2025-10-01,2,"WHO"
"2627","Montserrat","MSR",2025,11,2025-11-01,NA,"PAHO"
"2628","Montserrat","MSR",2025,12,2025-12-01,NA,"WHO"
"2629","Montserrat","MSR",2026,1,2026-01-01,NA,NA
"2630","Montserrat","MSR",2026,2,2026-02-01,NA,NA
"2631","Montserrat","MSR",2026,3,2026-03-01,NA,NA
"2632","Montserrat","MSR",2026,4,2026-04-01,NA,NA
"2633","Montserrat","MSR",2026,5,2026-05-01,NA,NA
"2634","Montserrat","MSR",2026,6,2026-06-01,NA,NA
"2635","Montserrat","MSR",2026,7,2026-07-01,NA,NA
"2636","Montserrat","MSR",2026,8,2026-08-01,NA,NA
"2637","Montserrat","MSR",2026,9,2026-09-01,NA,NA
"2638","Montserrat","MSR",2026,10,2026-10-01,NA,NA
"2639","Montserrat","MSR",2026,11,2026-11-01,NA,NA
"2640","Montserrat","MSR",2026,12,2026-12-01,NA,NA
"2641","Myanmar","MMR",2025,1,2025-01-01,172,"SEARO"
"2642","Myanmar","MMR",2025,2,2025-02-01,120,"SEARO"
"2643","Myanmar","MMR",2025,3,2025-03-01,167,"SEARO"
"2644","Myanmar","MMR",2025,4,2025-04-01,235,"SEARO"
"2645","Myanmar","MMR",2025,5,2025-05-01,699,"SEARO"
"2646","Myanmar","MMR",2025,6,2025-06-01,1744,"SEARO"
"2647","Myanmar","MMR",2025,7,2025-07-01,3065,"SEARO"
"2648","Myanmar","MMR",2025,8,2025-08-01,2415,"SEARO"
"2649","Myanmar","MMR",2025,9,2025-09-01,1576,"SEARO"
"2650","Myanmar","MMR",2025,10,2025-10-01,943,"SEARO"
"2651","Myanmar","MMR",2025,11,2025-11-01,594,"SEARO"
"2652","Myanmar","MMR",2025,12,2025-12-01,310,"SEARO"
"2653","Myanmar","MMR",2026,1,2026-01-01,NA,NA
"2654","Myanmar","MMR",2026,2,2026-02-01,NA,NA
"2655","Myanmar","MMR",2026,3,2026-03-01,NA,NA
"2656","Myanmar","MMR",2026,4,2026-04-01,NA,NA
"2657","Myanmar","MMR",2026,5,2026-05-01,NA,NA
"2658","Myanmar","MMR",2026,6,2026-06-01,NA,NA
"2659","Myanmar","MMR",2026,7,2026-07-01,NA,NA
"2660","Myanmar","MMR",2026,8,2026-08-01,NA,NA
"2661","Myanmar","MMR",2026,9,2026-09-01,NA,NA
"2662","Myanmar","MMR",2026,10,2026-10-01,NA,NA
"2663","Myanmar","MMR",2026,11,2026-11-01,NA,NA
"2664","Myanmar","MMR",2026,12,2026-12-01,NA,NA
"2665","Nauru","NRU",2025,1,2025-01-01,0,"WHO"
"2666","Nauru","NRU",2025,2,2025-02-01,0,"WHO"
"2667","Nauru","NRU",2025,3,2025-03-01,0,"WHO"
"2668","Nauru","NRU",2025,4,2025-04-01,0,"WHO"
"2669","Nauru","NRU",2025,5,2025-05-01,0,"WHO"
"2670","Nauru","NRU",2025,6,2025-06-01,1,"WHO"
"2671","Nauru","NRU",2025,7,2025-07-01,313,"WHO"
"2672","Nauru","NRU",2025,8,2025-08-01,120,"WHO"
"2673","Nauru","NRU",2025,9,2025-09-01,17,"WHO"
"2674","Nauru","NRU",2025,10,2025-10-01,0,"WHO"
"2675","Nauru","NRU",2025,11,2025-11-01,0,"WHO"
"2676","Nauru","NRU",2025,12,2025-12-01,2,"WHO"
"2677","Nauru","NRU",2026,1,2026-01-01,NA,NA
"2678","Nauru","NRU",2026,2,2026-02-01,NA,NA
"2679","Nauru","NRU",2026,3,2026-03-01,NA,NA
"2680","Nauru","NRU",2026,4,2026-04-01,NA,NA
"2681","Nauru","NRU",2026,5,2026-05-01,NA,NA
"2682","Nauru","NRU",2026,6,2026-06-01,NA,NA
"2683","Nauru","NRU",2026,7,2026-07-01,NA,NA
"2684","Nauru","NRU",2026,8,2026-08-01,NA,NA
"2685","Nauru","NRU",2026,9,2026-09-01,NA,NA
"2686","Nauru","NRU",2026,10,2026-10-01,NA,NA
"2687","Nauru","NRU",2026,11,2026-11-01,NA,NA
"2688","Nauru","NRU",2026,12,2026-12-01,NA,NA
"2689","Nepal","NPL",2025,1,2025-01-01,259,"SEARO"
"2690","Nepal","NPL",2025,2,2025-02-01,252,"SEARO"
"2691","Nepal","NPL",2025,3,2025-03-01,254,"SEARO"
"2692","Nepal","NPL",2025,4,2025-04-01,224,"SEARO"
"2693","Nepal","NPL",2025,5,2025-05-01,314,"SEARO"
"2694","Nepal","NPL",2025,6,2025-06-01,530,"SEARO"
"2695","Nepal","NPL",2025,7,2025-07-01,830,"SEARO"
"2696","Nepal","NPL",2025,8,2025-08-01,1197,"SEARO"
"2697","Nepal","NPL",2025,9,2025-09-01,1636,"SEARO"
"2698","Nepal","NPL",2025,10,2025-10-01,1869,"SEARO"
"2699","Nepal","NPL",2025,11,2025-11-01,891,"SEARO"
"2700","Nepal","NPL",2025,12,2025-12-01,317,"SEARO"
"2701","Nepal","NPL",2026,1,2026-01-01,178,"SEARO"
"2702","Nepal","NPL",2026,2,2026-02-01,0,"SEARO"
"2703","Nepal","NPL",2026,3,2026-03-01,0,"SEARO"
"2704","Nepal","NPL",2026,4,2026-04-01,0,"SEARO"
"2705","Nepal","NPL",2026,5,2026-05-01,0,"SEARO"
"2706","Nepal","NPL",2026,6,2026-06-01,0,"SEARO"
"2707","Nepal","NPL",2026,7,2026-07-01,0,"SEARO"
"2708","Nepal","NPL",2026,8,2026-08-01,0,"SEARO"
"2709","Nepal","NPL",2026,9,2026-09-01,0,"SEARO"
"2710","Nepal","NPL",2026,10,2026-10-01,0,"SEARO"
"2711","Nepal","NPL",2026,11,2026-11-01,0,"SEARO"
"2712","Nepal","NPL",2026,12,2026-12-01,0,"SEARO"
"2713","Netherlands (Kingdom of the)","NLD",2025,1,2025-01-01,0,"WHO"
"2714","Netherlands (Kingdom of the)","NLD",2025,2,2025-02-01,0,"WHO"
"2715","Netherlands (Kingdom of the)","NLD",2025,3,2025-03-01,0,"WHO"
"2716","Netherlands (Kingdom of the)","NLD",2025,4,2025-04-01,0,"WHO"
"2717","Netherlands (Kingdom of the)","NLD",2025,5,2025-05-01,0,"WHO"
"2718","Netherlands (Kingdom of the)","NLD",2025,6,2025-06-01,0,"WHO"
"2719","Netherlands (Kingdom of the)","NLD",2025,7,2025-07-01,0,"WHO"
"2720","Netherlands (Kingdom of the)","NLD",2025,8,2025-08-01,0,"WHO"
"2721","Netherlands (Kingdom of the)","NLD",2025,9,2025-09-01,0,"WHO"
"2722","Netherlands (Kingdom of the)","NLD",2025,10,2025-10-01,0,"WHO"
"2723","Netherlands (Kingdom of the)","NLD",2025,11,2025-11-01,0,"WHO"
"2724","Netherlands (Kingdom of the)","NLD",2025,12,2025-12-01,0,"WHO"
"2725","Netherlands (Kingdom of the)","NLD",2026,1,2026-01-01,NA,NA
"2726","Netherlands (Kingdom of the)","NLD",2026,2,2026-02-01,NA,NA
"2727","Netherlands (Kingdom of the)","NLD",2026,3,2026-03-01,NA,NA
"2728","Netherlands (Kingdom of the)","NLD",2026,4,2026-04-01,NA,NA
"2729","Netherlands (Kingdom of the)","NLD",2026,5,2026-05-01,NA,NA
"2730","Netherlands (Kingdom of the)","NLD",2026,6,2026-06-01,NA,NA
"2731","Netherlands (Kingdom of the)","NLD",2026,7,2026-07-01,NA,NA
"2732","Netherlands (Kingdom of the)","NLD",2026,8,2026-08-01,NA,NA
"2733","Netherlands (Kingdom of the)","NLD",2026,9,2026-09-01,NA,NA
"2734","Netherlands (Kingdom of the)","NLD",2026,10,2026-10-01,NA,NA
"2735","Netherlands (Kingdom of the)","NLD",2026,11,2026-11-01,NA,NA
"2736","Netherlands (Kingdom of the)","NLD",2026,12,2026-12-01,NA,NA
"2737","New Caledonia","NCL",2025,1,2025-01-01,0,"WHO"
"2738","New Caledonia","NCL",2025,2,2025-02-01,0,"WHO"
"2739","New Caledonia","NCL",2025,3,2025-03-01,0,"WHO"
"2740","New Caledonia","NCL",2025,4,2025-04-01,2,"WHO"
"2741","New Caledonia","NCL",2025,5,2025-05-01,1,"WHO"
"2742","New Caledonia","NCL",2025,6,2025-06-01,0,"WHO"
"2743","New Caledonia","NCL",2025,7,2025-07-01,0,"WHO"
"2744","New Caledonia","NCL",2025,8,2025-08-01,0,"WHO"
"2745","New Caledonia","NCL",2025,9,2025-09-01,2,"WHO"
"2746","New Caledonia","NCL",2025,10,2025-10-01,0,"WHO"
"2747","New Caledonia","NCL",2025,11,2025-11-01,0,"WHO"
"2748","New Caledonia","NCL",2025,12,2025-12-01,0,"WHO"
"2749","New Caledonia","NCL",2026,1,2026-01-01,NA,NA
"2750","New Caledonia","NCL",2026,2,2026-02-01,NA,NA
"2751","New Caledonia","NCL",2026,3,2026-03-01,NA,NA
"2752","New Caledonia","NCL",2026,4,2026-04-01,NA,NA
"2753","New Caledonia","NCL",2026,5,2026-05-01,NA,NA
"2754","New Caledonia","NCL",2026,6,2026-06-01,NA,NA
"2755","New Caledonia","NCL",2026,7,2026-07-01,NA,NA
"2756","New Caledonia","NCL",2026,8,2026-08-01,NA,NA
"2757","New Caledonia","NCL",2026,9,2026-09-01,NA,NA
"2758","New Caledonia","NCL",2026,10,2026-10-01,NA,NA
"2759","New Caledonia","NCL",2026,11,2026-11-01,NA,NA
"2760","New Caledonia","NCL",2026,12,2026-12-01,NA,NA
"2761","Nicaragua","NIC",2025,1,2025-01-01,5702,"PAHO"
"2762","Nicaragua","NIC",2025,2,2025-02-01,NA,"WHO"
"2763","Nicaragua","NIC",2025,3,2025-03-01,NA,"WHO"
"2764","Nicaragua","NIC",2025,4,2025-04-01,NA,"WHO"
"2765","Nicaragua","NIC",2025,5,2025-05-01,NA,"WHO"
"2766","Nicaragua","NIC",2025,6,2025-06-01,NA,"WHO"
"2767","Nicaragua","NIC",2025,7,2025-07-01,NA,"WHO"
"2768","Nicaragua","NIC",2025,8,2025-08-01,NA,"WHO"
"2769","Nicaragua","NIC",2025,9,2025-09-01,NA,"WHO"
"2770","Nicaragua","NIC",2025,10,2025-10-01,NA,"WHO"
"2771","Nicaragua","NIC",2025,11,2025-11-01,NA,"WHO"
"2772","Nicaragua","NIC",2025,12,2025-12-01,NA,"WHO"
"2773","Nicaragua","NIC",2026,1,2026-01-01,NA,NA
"2774","Nicaragua","NIC",2026,2,2026-02-01,NA,NA
"2775","Nicaragua","NIC",2026,3,2026-03-01,NA,NA
"2776","Nicaragua","NIC",2026,4,2026-04-01,NA,NA
"2777","Nicaragua","NIC",2026,5,2026-05-01,NA,NA
"2778","Nicaragua","NIC",2026,6,2026-06-01,NA,NA
"2779","Nicaragua","NIC",2026,7,2026-07-01,NA,NA
"2780","Nicaragua","NIC",2026,8,2026-08-01,NA,NA
"2781","Nicaragua","NIC",2026,9,2026-09-01,NA,NA
"2782","Nicaragua","NIC",2026,10,2026-10-01,NA,NA
"2783","Nicaragua","NIC",2026,11,2026-11-01,NA,NA
"2784","Nicaragua","NIC",2026,12,2026-12-01,NA,NA
"2785","Niger","NER",2025,1,2025-01-01,0,"WHO"
"2786","Niger","NER",2025,2,2025-02-01,0,"WHO"
"2787","Niger","NER",2025,3,2025-03-01,0,"WHO"
"2788","Niger","NER",2025,4,2025-04-01,0,"WHO"
"2789","Niger","NER",2025,5,2025-05-01,0,"WHO"
"2790","Niger","NER",2025,6,2025-06-01,0,"WHO"
"2791","Niger","NER",2025,7,2025-07-01,0,"WHO"
"2792","Niger","NER",2025,8,2025-08-01,0,"WHO"
"2793","Niger","NER",2025,9,2025-09-01,0,"WHO"
"2794","Niger","NER",2025,10,2025-10-01,0,"WHO"
"2795","Niger","NER",2025,11,2025-11-01,0,"WHO"
"2796","Niger","NER",2025,12,2025-12-01,0,"WHO"
"2797","Niger","NER",2026,1,2026-01-01,NA,NA
"2798","Niger","NER",2026,2,2026-02-01,NA,NA
"2799","Niger","NER",2026,3,2026-03-01,NA,NA
"2800","Niger","NER",2026,4,2026-04-01,NA,NA
"2801","Niger","NER",2026,5,2026-05-01,NA,NA
"2802","Niger","NER",2026,6,2026-06-01,NA,NA
"2803","Niger","NER",2026,7,2026-07-01,NA,NA
"2804","Niger","NER",2026,8,2026-08-01,NA,NA
"2805","Niger","NER",2026,9,2026-09-01,NA,NA
"2806","Niger","NER",2026,10,2026-10-01,NA,NA
"2807","Niger","NER",2026,11,2026-11-01,NA,NA
"2808","Niger","NER",2026,12,2026-12-01,NA,NA
"2809","Niue","NIU",2025,1,2025-01-01,0,"WHO"
"2810","Niue","NIU",2025,2,2025-02-01,0,"WHO"
"2811","Niue","NIU",2025,3,2025-03-01,0,"WHO"
"2812","Niue","NIU",2025,4,2025-04-01,0,"WHO"
"2813","Niue","NIU",2025,5,2025-05-01,0,"WHO"
"2814","Niue","NIU",2025,6,2025-06-01,0,"WHO"
"2815","Niue","NIU",2025,7,2025-07-01,0,"WHO"
"2816","Niue","NIU",2025,8,2025-08-01,0,"WHO"
"2817","Niue","NIU",2025,9,2025-09-01,0,"WHO"
"2818","Niue","NIU",2025,10,2025-10-01,0,"WHO"
"2819","Niue","NIU",2025,11,2025-11-01,0,"WHO"
"2820","Niue","NIU",2025,12,2025-12-01,0,"WHO"
"2821","Niue","NIU",2026,1,2026-01-01,NA,NA
"2822","Niue","NIU",2026,2,2026-02-01,NA,NA
"2823","Niue","NIU",2026,3,2026-03-01,NA,NA
"2824","Niue","NIU",2026,4,2026-04-01,NA,NA
"2825","Niue","NIU",2026,5,2026-05-01,NA,NA
"2826","Niue","NIU",2026,6,2026-06-01,NA,NA
"2827","Niue","NIU",2026,7,2026-07-01,NA,NA
"2828","Niue","NIU",2026,8,2026-08-01,NA,NA
"2829","Niue","NIU",2026,9,2026-09-01,NA,NA
"2830","Niue","NIU",2026,10,2026-10-01,NA,NA
"2831","Niue","NIU",2026,11,2026-11-01,NA,NA
"2832","Niue","NIU",2026,12,2026-12-01,NA,NA
"2833","North Macedonia","MKD",2025,1,2025-01-01,0,"WHO"
"2834","North Macedonia","MKD",2025,2,2025-02-01,0,"WHO"
"2835","North Macedonia","MKD",2025,3,2025-03-01,0,"WHO"
"2836","North Macedonia","MKD",2025,4,2025-04-01,0,"WHO"
"2837","North Macedonia","MKD",2025,5,2025-05-01,0,"WHO"
"2838","North Macedonia","MKD",2025,6,2025-06-01,0,"WHO"
"2839","North Macedonia","MKD",2025,7,2025-07-01,0,"WHO"
"2840","North Macedonia","MKD",2025,8,2025-08-01,0,"WHO"
"2841","North Macedonia","MKD",2025,9,2025-09-01,0,"WHO"
"2842","North Macedonia","MKD",2025,10,2025-10-01,0,"WHO"
"2843","North Macedonia","MKD",2025,11,2025-11-01,0,"WHO"
"2844","North Macedonia","MKD",2025,12,2025-12-01,0,"WHO"
"2845","North Macedonia","MKD",2026,1,2026-01-01,NA,NA
"2846","North Macedonia","MKD",2026,2,2026-02-01,NA,NA
"2847","North Macedonia","MKD",2026,3,2026-03-01,NA,NA
"2848","North Macedonia","MKD",2026,4,2026-04-01,NA,NA
"2849","North Macedonia","MKD",2026,5,2026-05-01,NA,NA
"2850","North Macedonia","MKD",2026,6,2026-06-01,NA,NA
"2851","North Macedonia","MKD",2026,7,2026-07-01,NA,NA
"2852","North Macedonia","MKD",2026,8,2026-08-01,NA,NA
"2853","North Macedonia","MKD",2026,9,2026-09-01,NA,NA
"2854","North Macedonia","MKD",2026,10,2026-10-01,NA,NA
"2855","North Macedonia","MKD",2026,11,2026-11-01,NA,NA
"2856","North Macedonia","MKD",2026,12,2026-12-01,NA,NA
"2857","Northern Mariana Islands (Commonwealth of the)","MNP",2025,1,2025-01-01,0,"WHO"
"2858","Northern Mariana Islands (Commonwealth of the)","MNP",2025,2,2025-02-01,0,"WHO"
"2859","Northern Mariana Islands (Commonwealth of the)","MNP",2025,3,2025-03-01,1,"WHO"
"2860","Northern Mariana Islands (Commonwealth of the)","MNP",2025,4,2025-04-01,0,"WHO"
"2861","Northern Mariana Islands (Commonwealth of the)","MNP",2025,5,2025-05-01,0,"WHO"
"2862","Northern Mariana Islands (Commonwealth of the)","MNP",2025,6,2025-06-01,0,"WHO"
"2863","Northern Mariana Islands (Commonwealth of the)","MNP",2025,7,2025-07-01,0,"WHO"
"2864","Northern Mariana Islands (Commonwealth of the)","MNP",2025,8,2025-08-01,0,"WHO"
"2865","Northern Mariana Islands (Commonwealth of the)","MNP",2025,9,2025-09-01,0,"WHO"
"2866","Northern Mariana Islands (Commonwealth of the)","MNP",2025,10,2025-10-01,0,"WHO"
"2867","Northern Mariana Islands (Commonwealth of the)","MNP",2025,11,2025-11-01,0,"WHO"
"2868","Northern Mariana Islands (Commonwealth of the)","MNP",2025,12,2025-12-01,0,"WHO"
"2869","Northern Mariana Islands (Commonwealth of the)","MNP",2026,1,2026-01-01,NA,NA
"2870","Northern Mariana Islands (Commonwealth of the)","MNP",2026,2,2026-02-01,NA,NA
"2871","Northern Mariana Islands (Commonwealth of the)","MNP",2026,3,2026-03-01,NA,NA
"2872","Northern Mariana Islands (Commonwealth of the)","MNP",2026,4,2026-04-01,NA,NA
"2873","Northern Mariana Islands (Commonwealth of the)","MNP",2026,5,2026-05-01,NA,NA
"2874","Northern Mariana Islands (Commonwealth of the)","MNP",2026,6,2026-06-01,NA,NA
"2875","Northern Mariana Islands (Commonwealth of the)","MNP",2026,7,2026-07-01,NA,NA
"2876","Northern Mariana Islands (Commonwealth of the)","MNP",2026,8,2026-08-01,NA,NA
"2877","Northern Mariana Islands (Commonwealth of the)","MNP",2026,9,2026-09-01,NA,NA
"2878","Northern Mariana Islands (Commonwealth of the)","MNP",2026,10,2026-10-01,NA,NA
"2879","Northern Mariana Islands (Commonwealth of the)","MNP",2026,11,2026-11-01,NA,NA
"2880","Northern Mariana Islands (Commonwealth of the)","MNP",2026,12,2026-12-01,NA,NA
"2881","Norway","NOR",2025,1,2025-01-01,0,"WHO"
"2882","Norway","NOR",2025,2,2025-02-01,0,"WHO"
"2883","Norway","NOR",2025,3,2025-03-01,0,"WHO"
"2884","Norway","NOR",2025,4,2025-04-01,0,"WHO"
"2885","Norway","NOR",2025,5,2025-05-01,0,"WHO"
"2886","Norway","NOR",2025,6,2025-06-01,0,"WHO"
"2887","Norway","NOR",2025,7,2025-07-01,0,"WHO"
"2888","Norway","NOR",2025,8,2025-08-01,0,"WHO"
"2889","Norway","NOR",2025,9,2025-09-01,0,"WHO"
"2890","Norway","NOR",2025,10,2025-10-01,0,"WHO"
"2891","Norway","NOR",2025,11,2025-11-01,0,"WHO"
"2892","Norway","NOR",2025,12,2025-12-01,0,"WHO"
"2893","Norway","NOR",2026,1,2026-01-01,NA,NA
"2894","Norway","NOR",2026,2,2026-02-01,NA,NA
"2895","Norway","NOR",2026,3,2026-03-01,NA,NA
"2896","Norway","NOR",2026,4,2026-04-01,NA,NA
"2897","Norway","NOR",2026,5,2026-05-01,NA,NA
"2898","Norway","NOR",2026,6,2026-06-01,NA,NA
"2899","Norway","NOR",2026,7,2026-07-01,NA,NA
"2900","Norway","NOR",2026,8,2026-08-01,NA,NA
"2901","Norway","NOR",2026,9,2026-09-01,NA,NA
"2902","Norway","NOR",2026,10,2026-10-01,NA,NA
"2903","Norway","NOR",2026,11,2026-11-01,NA,NA
"2904","Norway","NOR",2026,12,2026-12-01,NA,NA
"2905","Pakistan","PAK",2025,1,2025-01-01,3743,"WHO"
"2906","Pakistan","PAK",2025,2,2025-02-01,2496,"WHO"
"2907","Pakistan","PAK",2025,3,2025-03-01,615,"WHO"
"2908","Pakistan","PAK",2025,4,2025-04-01,431,"WHO"
"2909","Pakistan","PAK",2025,5,2025-05-01,499,"WHO"
"2910","Pakistan","PAK",2025,6,2025-06-01,598,"WHO"
"2911","Pakistan","PAK",2025,7,2025-07-01,1029,"WHO"
"2912","Pakistan","PAK",2025,8,2025-08-01,1015,"WHO"
"2913","Pakistan","PAK",2025,9,2025-09-01,3275,"WHO"
"2914","Pakistan","PAK",2025,10,2025-10-01,7780,"WHO"
"2915","Pakistan","PAK",2025,11,2025-11-01,5115,"WHO"
"2916","Pakistan","PAK",2025,12,2025-12-01,884,"WHO"
"2917","Pakistan","PAK",2026,1,2026-01-01,NA,NA
"2918","Pakistan","PAK",2026,2,2026-02-01,NA,NA
"2919","Pakistan","PAK",2026,3,2026-03-01,NA,NA
"2920","Pakistan","PAK",2026,4,2026-04-01,NA,NA
"2921","Pakistan","PAK",2026,5,2026-05-01,NA,NA
"2922","Pakistan","PAK",2026,6,2026-06-01,NA,NA
"2923","Pakistan","PAK",2026,7,2026-07-01,NA,NA
"2924","Pakistan","PAK",2026,8,2026-08-01,NA,NA
"2925","Pakistan","PAK",2026,9,2026-09-01,NA,NA
"2926","Pakistan","PAK",2026,10,2026-10-01,NA,NA
"2927","Pakistan","PAK",2026,11,2026-11-01,NA,NA
"2928","Pakistan","PAK",2026,12,2026-12-01,NA,NA
"2929","Palau","PLW",2025,1,2025-01-01,0,"WHO"
"2930","Palau","PLW",2025,2,2025-02-01,0,"WHO"
"2931","Palau","PLW",2025,3,2025-03-01,0,"WHO"
"2932","Palau","PLW",2025,4,2025-04-01,0,"WHO"
"2933","Palau","PLW",2025,5,2025-05-01,0,"WHO"
"2934","Palau","PLW",2025,6,2025-06-01,1,"WHO"
"2935","Palau","PLW",2025,7,2025-07-01,6,"WHO"
"2936","Palau","PLW",2025,8,2025-08-01,9,"WHO"
"2937","Palau","PLW",2025,9,2025-09-01,10,"WHO"
"2938","Palau","PLW",2025,10,2025-10-01,20,"WHO"
"2939","Palau","PLW",2025,11,2025-11-01,1,"WHO"
"2940","Palau","PLW",2025,12,2025-12-01,0,"WHO"
"2941","Palau","PLW",2026,1,2026-01-01,NA,NA
"2942","Palau","PLW",2026,2,2026-02-01,NA,NA
"2943","Palau","PLW",2026,3,2026-03-01,NA,NA
"2944","Palau","PLW",2026,4,2026-04-01,NA,NA
"2945","Palau","PLW",2026,5,2026-05-01,NA,NA
"2946","Palau","PLW",2026,6,2026-06-01,NA,NA
"2947","Palau","PLW",2026,7,2026-07-01,NA,NA
"2948","Palau","PLW",2026,8,2026-08-01,NA,NA
"2949","Palau","PLW",2026,9,2026-09-01,NA,NA
"2950","Palau","PLW",2026,10,2026-10-01,NA,NA
"2951","Palau","PLW",2026,11,2026-11-01,NA,NA
"2952","Palau","PLW",2026,12,2026-12-01,NA,NA
"2953","Panama","PAN",2025,1,2025-01-01,2339,"PAHO"
"2954","Panama","PAN",2025,2,2025-02-01,1335,"PAHO"
"2955","Panama","PAN",2025,3,2025-03-01,1273,"PAHO"
"2956","Panama","PAN",2025,4,2025-04-01,827,"PAHO"
"2957","Panama","PAN",2025,5,2025-05-01,962,"PAHO"
"2958","Panama","PAN",2025,6,2025-06-01,1813,"PAHO"
"2959","Panama","PAN",2025,7,2025-07-01,2331,"PAHO"
"2960","Panama","PAN",2025,8,2025-08-01,1935,"PAHO"
"2961","Panama","PAN",2025,9,2025-09-01,2345,"PAHO"
"2962","Panama","PAN",2025,10,2025-10-01,1557,"PAHO"
"2963","Panama","PAN",2025,11,2025-11-01,1349,"PAHO"
"2964","Panama","PAN",2025,12,2025-12-01,1459,"PAHO"
"2965","Panama","PAN",2026,1,2026-01-01,719,"PAHO"
"2966","Panama","PAN",2026,2,2026-02-01,NA,NA
"2967","Panama","PAN",2026,3,2026-03-01,NA,NA
"2968","Panama","PAN",2026,4,2026-04-01,NA,NA
"2969","Panama","PAN",2026,5,2026-05-01,NA,NA
"2970","Panama","PAN",2026,6,2026-06-01,NA,NA
"2971","Panama","PAN",2026,7,2026-07-01,NA,NA
"2972","Panama","PAN",2026,8,2026-08-01,NA,NA
"2973","Panama","PAN",2026,9,2026-09-01,NA,NA
"2974","Panama","PAN",2026,10,2026-10-01,NA,NA
"2975","Panama","PAN",2026,11,2026-11-01,NA,NA
"2976","Panama","PAN",2026,12,2026-12-01,NA,NA
"2977","Paraguay","PRY",2025,1,2025-01-01,4664,"PAHO"
"2978","Paraguay","PRY",2025,2,2025-02-01,3832,"PAHO"
"2979","Paraguay","PRY",2025,3,2025-03-01,4747,"PAHO"
"2980","Paraguay","PRY",2025,4,2025-04-01,2923,"PAHO"
"2981","Paraguay","PRY",2025,5,2025-05-01,3701,"PAHO"
"2982","Paraguay","PRY",2025,6,2025-06-01,1971,"PAHO"
"2983","Paraguay","PRY",2025,7,2025-07-01,870,"PAHO"
"2984","Paraguay","PRY",2025,8,2025-08-01,877,"PAHO"
"2985","Paraguay","PRY",2025,9,2025-09-01,1338,"PAHO"
"2986","Paraguay","PRY",2025,10,2025-10-01,1750,"PAHO"
"2987","Paraguay","PRY",2025,11,2025-11-01,2523,"PAHO"
"2988","Paraguay","PRY",2025,12,2025-12-01,2460,"PAHO"
"2989","Paraguay","PRY",2026,1,2026-01-01,2960,"PAHO"
"2990","Paraguay","PRY",2026,2,2026-02-01,NA,NA
"2991","Paraguay","PRY",2026,3,2026-03-01,NA,NA
"2992","Paraguay","PRY",2026,4,2026-04-01,NA,NA
"2993","Paraguay","PRY",2026,5,2026-05-01,NA,NA
"2994","Paraguay","PRY",2026,6,2026-06-01,NA,NA
"2995","Paraguay","PRY",2026,7,2026-07-01,NA,NA
"2996","Paraguay","PRY",2026,8,2026-08-01,NA,NA
"2997","Paraguay","PRY",2026,9,2026-09-01,NA,NA
"2998","Paraguay","PRY",2026,10,2026-10-01,NA,NA
"2999","Paraguay","PRY",2026,11,2026-11-01,NA,NA
"3000","Paraguay","PRY",2026,12,2026-12-01,NA,NA
"3001","Peru","PER",2025,1,2025-01-01,6182,"PAHO"
"3002","Peru","PER",2025,2,2025-02-01,4516,"PAHO"
"3003","Peru","PER",2025,3,2025-03-01,7093,"PAHO"
"3004","Peru","PER",2025,4,2025-04-01,6207,"PAHO"
"3005","Peru","PER",2025,5,2025-05-01,3573,"PAHO"
"3006","Peru","PER",2025,6,2025-06-01,2451,"PAHO"
"3007","Peru","PER",2025,7,2025-07-01,1191,"PAHO"
"3008","Peru","PER",2025,8,2025-08-01,827,"PAHO"
"3009","Peru","PER",2025,9,2025-09-01,1116,"PAHO"
"3010","Peru","PER",2025,10,2025-10-01,969,"PAHO"
"3011","Peru","PER",2025,11,2025-11-01,1567,"PAHO"
"3012","Peru","PER",2025,12,2025-12-01,2369,"PAHO"
"3013","Peru","PER",2026,1,2026-01-01,4344,"PAHO"
"3014","Peru","PER",2026,2,2026-02-01,NA,NA
"3015","Peru","PER",2026,3,2026-03-01,NA,NA
"3016","Peru","PER",2026,4,2026-04-01,NA,NA
"3017","Peru","PER",2026,5,2026-05-01,NA,NA
"3018","Peru","PER",2026,6,2026-06-01,NA,NA
"3019","Peru","PER",2026,7,2026-07-01,NA,NA
"3020","Peru","PER",2026,8,2026-08-01,NA,NA
"3021","Peru","PER",2026,9,2026-09-01,NA,NA
"3022","Peru","PER",2026,10,2026-10-01,NA,NA
"3023","Peru","PER",2026,11,2026-11-01,NA,NA
"3024","Peru","PER",2026,12,2026-12-01,NA,NA
"3025","Pitcairn Islands","PCN",2025,1,2025-01-01,0,"WHO"
"3026","Pitcairn Islands","PCN",2025,2,2025-02-01,0,"WHO"
"3027","Pitcairn Islands","PCN",2025,3,2025-03-01,1,"WHO"
"3028","Pitcairn Islands","PCN",2025,4,2025-04-01,0,"WHO"
"3029","Pitcairn Islands","PCN",2025,5,2025-05-01,0,"WHO"
"3030","Pitcairn Islands","PCN",2025,6,2025-06-01,0,"WHO"
"3031","Pitcairn Islands","PCN",2025,7,2025-07-01,0,"WHO"
"3032","Pitcairn Islands","PCN",2025,8,2025-08-01,0,"WHO"
"3033","Pitcairn Islands","PCN",2025,9,2025-09-01,0,"WHO"
"3034","Pitcairn Islands","PCN",2025,10,2025-10-01,0,"WHO"
"3035","Pitcairn Islands","PCN",2025,11,2025-11-01,0,"WHO"
"3036","Pitcairn Islands","PCN",2025,12,2025-12-01,0,"WHO"
"3037","Pitcairn Islands","PCN",2026,1,2026-01-01,NA,NA
"3038","Pitcairn Islands","PCN",2026,2,2026-02-01,NA,NA
"3039","Pitcairn Islands","PCN",2026,3,2026-03-01,NA,NA
"3040","Pitcairn Islands","PCN",2026,4,2026-04-01,NA,NA
"3041","Pitcairn Islands","PCN",2026,5,2026-05-01,NA,NA
"3042","Pitcairn Islands","PCN",2026,6,2026-06-01,NA,NA
"3043","Pitcairn Islands","PCN",2026,7,2026-07-01,NA,NA
"3044","Pitcairn Islands","PCN",2026,8,2026-08-01,NA,NA
"3045","Pitcairn Islands","PCN",2026,9,2026-09-01,NA,NA
"3046","Pitcairn Islands","PCN",2026,10,2026-10-01,NA,NA
"3047","Pitcairn Islands","PCN",2026,11,2026-11-01,NA,NA
"3048","Pitcairn Islands","PCN",2026,12,2026-12-01,NA,NA
"3049","Poland","POL",2025,1,2025-01-01,0,"WHO"
"3050","Poland","POL",2025,2,2025-02-01,0,"WHO"
"3051","Poland","POL",2025,3,2025-03-01,0,"WHO"
"3052","Poland","POL",2025,4,2025-04-01,0,"WHO"
"3053","Poland","POL",2025,5,2025-05-01,0,"WHO"
"3054","Poland","POL",2025,6,2025-06-01,0,"WHO"
"3055","Poland","POL",2025,7,2025-07-01,0,"WHO"
"3056","Poland","POL",2025,8,2025-08-01,0,"WHO"
"3057","Poland","POL",2025,9,2025-09-01,0,"WHO"
"3058","Poland","POL",2025,10,2025-10-01,0,"WHO"
"3059","Poland","POL",2025,11,2025-11-01,0,"WHO"
"3060","Poland","POL",2025,12,2025-12-01,0,"WHO"
"3061","Poland","POL",2026,1,2026-01-01,NA,NA
"3062","Poland","POL",2026,2,2026-02-01,NA,NA
"3063","Poland","POL",2026,3,2026-03-01,NA,NA
"3064","Poland","POL",2026,4,2026-04-01,NA,NA
"3065","Poland","POL",2026,5,2026-05-01,NA,NA
"3066","Poland","POL",2026,6,2026-06-01,NA,NA
"3067","Poland","POL",2026,7,2026-07-01,NA,NA
"3068","Poland","POL",2026,8,2026-08-01,NA,NA
"3069","Poland","POL",2026,9,2026-09-01,NA,NA
"3070","Poland","POL",2026,10,2026-10-01,NA,NA
"3071","Poland","POL",2026,11,2026-11-01,NA,NA
"3072","Poland","POL",2026,12,2026-12-01,NA,NA
"3073","Portugal","PRT",2025,1,2025-01-01,0,"WHO"
"3074","Portugal","PRT",2025,2,2025-02-01,0,"WHO"
"3075","Portugal","PRT",2025,3,2025-03-01,0,"WHO"
"3076","Portugal","PRT",2025,4,2025-04-01,0,"WHO"
"3077","Portugal","PRT",2025,5,2025-05-01,0,"WHO"
"3078","Portugal","PRT",2025,6,2025-06-01,0,"WHO"
"3079","Portugal","PRT",2025,7,2025-07-01,0,"WHO"
"3080","Portugal","PRT",2025,8,2025-08-01,0,"WHO"
"3081","Portugal","PRT",2025,9,2025-09-01,0,"WHO"
"3082","Portugal","PRT",2025,10,2025-10-01,0,"WHO"
"3083","Portugal","PRT",2025,11,2025-11-01,0,"WHO"
"3084","Portugal","PRT",2025,12,2025-12-01,0,"WHO"
"3085","Portugal","PRT",2026,1,2026-01-01,NA,NA
"3086","Portugal","PRT",2026,2,2026-02-01,NA,NA
"3087","Portugal","PRT",2026,3,2026-03-01,NA,NA
"3088","Portugal","PRT",2026,4,2026-04-01,NA,NA
"3089","Portugal","PRT",2026,5,2026-05-01,NA,NA
"3090","Portugal","PRT",2026,6,2026-06-01,NA,NA
"3091","Portugal","PRT",2026,7,2026-07-01,NA,NA
"3092","Portugal","PRT",2026,8,2026-08-01,NA,NA
"3093","Portugal","PRT",2026,9,2026-09-01,NA,NA
"3094","Portugal","PRT",2026,10,2026-10-01,NA,NA
"3095","Portugal","PRT",2026,11,2026-11-01,NA,NA
"3096","Portugal","PRT",2026,12,2026-12-01,NA,NA
"3097","Puerto Rico","PRI",2025,1,2025-01-01,662,"PAHO"
"3098","Puerto Rico","PRI",2025,2,2025-02-01,389,"PAHO"
"3099","Puerto Rico","PRI",2025,3,2025-03-01,327,"PAHO"
"3100","Puerto Rico","PRI",2025,4,2025-04-01,193,"PAHO"
"3101","Puerto Rico","PRI",2025,5,2025-05-01,191,"PAHO"
"3102","Puerto Rico","PRI",2025,6,2025-06-01,295,"PAHO"
"3103","Puerto Rico","PRI",2025,7,2025-07-01,208,"PAHO"
"3104","Puerto Rico","PRI",2025,8,2025-08-01,193,"PAHO"
"3105","Puerto Rico","PRI",2025,9,2025-09-01,229,"PAHO"
"3106","Puerto Rico","PRI",2025,10,2025-10-01,269,"PAHO"
"3107","Puerto Rico","PRI",2025,11,2025-11-01,242,"PAHO"
"3108","Puerto Rico","PRI",2025,12,2025-12-01,121,"PAHO"
"3109","Puerto Rico","PRI",2026,1,2026-01-01,188,"PAHO"
"3110","Puerto Rico","PRI",2026,2,2026-02-01,NA,NA
"3111","Puerto Rico","PRI",2026,3,2026-03-01,NA,NA
"3112","Puerto Rico","PRI",2026,4,2026-04-01,NA,NA
"3113","Puerto Rico","PRI",2026,5,2026-05-01,NA,NA
"3114","Puerto Rico","PRI",2026,6,2026-06-01,NA,NA
"3115","Puerto Rico","PRI",2026,7,2026-07-01,NA,NA
"3116","Puerto Rico","PRI",2026,8,2026-08-01,NA,NA
"3117","Puerto Rico","PRI",2026,9,2026-09-01,NA,NA
"3118","Puerto Rico","PRI",2026,10,2026-10-01,NA,NA
"3119","Puerto Rico","PRI",2026,11,2026-11-01,NA,NA
"3120","Puerto Rico","PRI",2026,12,2026-12-01,NA,NA
"3121","Republic of Moldova","MDA",2025,1,2025-01-01,0,"WHO"
"3122","Republic of Moldova","MDA",2025,2,2025-02-01,0,"WHO"
"3123","Republic of Moldova","MDA",2025,3,2025-03-01,0,"WHO"
"3124","Republic of Moldova","MDA",2025,4,2025-04-01,0,"WHO"
"3125","Republic of Moldova","MDA",2025,5,2025-05-01,0,"WHO"
"3126","Republic of Moldova","MDA",2025,6,2025-06-01,0,"WHO"
"3127","Republic of Moldova","MDA",2025,7,2025-07-01,0,"WHO"
"3128","Republic of Moldova","MDA",2025,8,2025-08-01,0,"WHO"
"3129","Republic of Moldova","MDA",2025,9,2025-09-01,0,"WHO"
"3130","Republic of Moldova","MDA",2025,10,2025-10-01,0,"WHO"
"3131","Republic of Moldova","MDA",2025,11,2025-11-01,0,"WHO"
"3132","Republic of Moldova","MDA",2025,12,2025-12-01,0,"WHO"
"3133","Republic of Moldova","MDA",2026,1,2026-01-01,NA,NA
"3134","Republic of Moldova","MDA",2026,2,2026-02-01,NA,NA
"3135","Republic of Moldova","MDA",2026,3,2026-03-01,NA,NA
"3136","Republic of Moldova","MDA",2026,4,2026-04-01,NA,NA
"3137","Republic of Moldova","MDA",2026,5,2026-05-01,NA,NA
"3138","Republic of Moldova","MDA",2026,6,2026-06-01,NA,NA
"3139","Republic of Moldova","MDA",2026,7,2026-07-01,NA,NA
"3140","Republic of Moldova","MDA",2026,8,2026-08-01,NA,NA
"3141","Republic of Moldova","MDA",2026,9,2026-09-01,NA,NA
"3142","Republic of Moldova","MDA",2026,10,2026-10-01,NA,NA
"3143","Republic of Moldova","MDA",2026,11,2026-11-01,NA,NA
"3144","Republic of Moldova","MDA",2026,12,2026-12-01,NA,NA
"3145","Réunion","REU",2025,1,2025-01-01,10,"WHO"
"3146","Réunion","REU",2025,2,2025-02-01,0,"WHO"
"3147","Réunion","REU",2025,3,2025-03-01,2,"WHO"
"3148","Réunion","REU",2025,4,2025-04-01,5,"WHO"
"3149","Réunion","REU",2025,5,2025-05-01,0,"WHO"
"3150","Réunion","REU",2025,6,2025-06-01,0,"WHO"
"3151","Réunion","REU",2025,7,2025-07-01,0,"WHO"
"3152","Réunion","REU",2025,8,2025-08-01,0,"WHO"
"3153","Réunion","REU",2025,9,2025-09-01,0,"WHO"
"3154","Réunion","REU",2025,10,2025-10-01,0,"WHO"
"3155","Réunion","REU",2025,11,2025-11-01,0,"WHO"
"3156","Réunion","REU",2025,12,2025-12-01,0,"WHO"
"3157","Réunion","REU",2026,1,2026-01-01,NA,NA
"3158","Réunion","REU",2026,2,2026-02-01,NA,NA
"3159","Réunion","REU",2026,3,2026-03-01,NA,NA
"3160","Réunion","REU",2026,4,2026-04-01,NA,NA
"3161","Réunion","REU",2026,5,2026-05-01,NA,NA
"3162","Réunion","REU",2026,6,2026-06-01,NA,NA
"3163","Réunion","REU",2026,7,2026-07-01,NA,NA
"3164","Réunion","REU",2026,8,2026-08-01,NA,NA
"3165","Réunion","REU",2026,9,2026-09-01,NA,NA
"3166","Réunion","REU",2026,10,2026-10-01,NA,NA
"3167","Réunion","REU",2026,11,2026-11-01,NA,NA
"3168","Réunion","REU",2026,12,2026-12-01,NA,NA
"3169","Romania","ROU",2025,1,2025-01-01,0,"WHO"
"3170","Romania","ROU",2025,2,2025-02-01,0,"WHO"
"3171","Romania","ROU",2025,3,2025-03-01,0,"WHO"
"3172","Romania","ROU",2025,4,2025-04-01,0,"WHO"
"3173","Romania","ROU",2025,5,2025-05-01,0,"WHO"
"3174","Romania","ROU",2025,6,2025-06-01,0,"WHO"
"3175","Romania","ROU",2025,7,2025-07-01,0,"WHO"
"3176","Romania","ROU",2025,8,2025-08-01,0,"WHO"
"3177","Romania","ROU",2025,9,2025-09-01,0,"WHO"
"3178","Romania","ROU",2025,10,2025-10-01,0,"WHO"
"3179","Romania","ROU",2025,11,2025-11-01,0,"WHO"
"3180","Romania","ROU",2025,12,2025-12-01,0,"WHO"
"3181","Romania","ROU",2026,1,2026-01-01,NA,NA
"3182","Romania","ROU",2026,2,2026-02-01,NA,NA
"3183","Romania","ROU",2026,3,2026-03-01,NA,NA
"3184","Romania","ROU",2026,4,2026-04-01,NA,NA
"3185","Romania","ROU",2026,5,2026-05-01,NA,NA
"3186","Romania","ROU",2026,6,2026-06-01,NA,NA
"3187","Romania","ROU",2026,7,2026-07-01,NA,NA
"3188","Romania","ROU",2026,8,2026-08-01,NA,NA
"3189","Romania","ROU",2026,9,2026-09-01,NA,NA
"3190","Romania","ROU",2026,10,2026-10-01,NA,NA
"3191","Romania","ROU",2026,11,2026-11-01,NA,NA
"3192","Romania","ROU",2026,12,2026-12-01,NA,NA
"3193","Russian Federation","RUS",2025,1,2025-01-01,0,"WHO"
"3194","Russian Federation","RUS",2025,2,2025-02-01,0,"WHO"
"3195","Russian Federation","RUS",2025,3,2025-03-01,0,"WHO"
"3196","Russian Federation","RUS",2025,4,2025-04-01,0,"WHO"
"3197","Russian Federation","RUS",2025,5,2025-05-01,0,"WHO"
"3198","Russian Federation","RUS",2025,6,2025-06-01,0,"WHO"
"3199","Russian Federation","RUS",2025,7,2025-07-01,0,"WHO"
"3200","Russian Federation","RUS",2025,8,2025-08-01,0,"WHO"
"3201","Russian Federation","RUS",2025,9,2025-09-01,0,"WHO"
"3202","Russian Federation","RUS",2025,10,2025-10-01,0,"WHO"
"3203","Russian Federation","RUS",2025,11,2025-11-01,0,"WHO"
"3204","Russian Federation","RUS",2025,12,2025-12-01,0,"WHO"
"3205","Russian Federation","RUS",2026,1,2026-01-01,NA,NA
"3206","Russian Federation","RUS",2026,2,2026-02-01,NA,NA
"3207","Russian Federation","RUS",2026,3,2026-03-01,NA,NA
"3208","Russian Federation","RUS",2026,4,2026-04-01,NA,NA
"3209","Russian Federation","RUS",2026,5,2026-05-01,NA,NA
"3210","Russian Federation","RUS",2026,6,2026-06-01,NA,NA
"3211","Russian Federation","RUS",2026,7,2026-07-01,NA,NA
"3212","Russian Federation","RUS",2026,8,2026-08-01,NA,NA
"3213","Russian Federation","RUS",2026,9,2026-09-01,NA,NA
"3214","Russian Federation","RUS",2026,10,2026-10-01,NA,NA
"3215","Russian Federation","RUS",2026,11,2026-11-01,NA,NA
"3216","Russian Federation","RUS",2026,12,2026-12-01,NA,NA
"3217","Rwanda","RWA",2025,1,2025-01-01,0,"WHO"
"3218","Rwanda","RWA",2025,2,2025-02-01,0,"WHO"
"3219","Rwanda","RWA",2025,3,2025-03-01,0,"WHO"
"3220","Rwanda","RWA",2025,4,2025-04-01,0,"WHO"
"3221","Rwanda","RWA",2025,5,2025-05-01,0,"WHO"
"3222","Rwanda","RWA",2025,6,2025-06-01,0,"WHO"
"3223","Rwanda","RWA",2025,7,2025-07-01,0,"WHO"
"3224","Rwanda","RWA",2025,8,2025-08-01,0,"WHO"
"3225","Rwanda","RWA",2025,9,2025-09-01,0,"WHO"
"3226","Rwanda","RWA",2025,10,2025-10-01,0,"WHO"
"3227","Rwanda","RWA",2025,11,2025-11-01,0,"WHO"
"3228","Rwanda","RWA",2025,12,2025-12-01,0,"WHO"
"3229","Rwanda","RWA",2026,1,2026-01-01,NA,NA
"3230","Rwanda","RWA",2026,2,2026-02-01,NA,NA
"3231","Rwanda","RWA",2026,3,2026-03-01,NA,NA
"3232","Rwanda","RWA",2026,4,2026-04-01,NA,NA
"3233","Rwanda","RWA",2026,5,2026-05-01,NA,NA
"3234","Rwanda","RWA",2026,6,2026-06-01,NA,NA
"3235","Rwanda","RWA",2026,7,2026-07-01,NA,NA
"3236","Rwanda","RWA",2026,8,2026-08-01,NA,NA
"3237","Rwanda","RWA",2026,9,2026-09-01,NA,NA
"3238","Rwanda","RWA",2026,10,2026-10-01,NA,NA
"3239","Rwanda","RWA",2026,11,2026-11-01,NA,NA
"3240","Rwanda","RWA",2026,12,2026-12-01,NA,NA
"3241","Saint Barthelemy","BLM",2025,1,2025-01-01,17,"PAHO"
"3242","Saint Barthelemy","BLM",2025,2,2025-02-01,1,"PAHO"
"3243","Saint Barthelemy","BLM",2025,3,2025-03-01,2,"PAHO"
"3244","Saint Barthelemy","BLM",2025,4,2025-04-01,NA,NA
"3245","Saint Barthelemy","BLM",2025,5,2025-05-01,NA,NA
"3246","Saint Barthelemy","BLM",2025,6,2025-06-01,NA,NA
"3247","Saint Barthelemy","BLM",2025,7,2025-07-01,NA,"PAHO"
"3248","Saint Barthelemy","BLM",2025,8,2025-08-01,NA,"PAHO"
"3249","Saint Barthelemy","BLM",2025,9,2025-09-01,NA,NA
"3250","Saint Barthelemy","BLM",2025,10,2025-10-01,NA,"PAHO"
"3251","Saint Barthelemy","BLM",2025,11,2025-11-01,NA,"PAHO"
"3252","Saint Barthelemy","BLM",2025,12,2025-12-01,NA,NA
"3253","Saint Barthelemy","BLM",2026,1,2026-01-01,NA,"PAHO"
"3254","Saint Barthelemy","BLM",2026,2,2026-02-01,NA,NA
"3255","Saint Barthelemy","BLM",2026,3,2026-03-01,NA,NA
"3256","Saint Barthelemy","BLM",2026,4,2026-04-01,NA,NA
"3257","Saint Barthelemy","BLM",2026,5,2026-05-01,NA,NA
"3258","Saint Barthelemy","BLM",2026,6,2026-06-01,NA,NA
"3259","Saint Barthelemy","BLM",2026,7,2026-07-01,NA,NA
"3260","Saint Barthelemy","BLM",2026,8,2026-08-01,NA,NA
"3261","Saint Barthelemy","BLM",2026,9,2026-09-01,NA,NA
"3262","Saint Barthelemy","BLM",2026,10,2026-10-01,NA,NA
"3263","Saint Barthelemy","BLM",2026,11,2026-11-01,NA,NA
"3264","Saint Barthelemy","BLM",2026,12,2026-12-01,NA,NA
"3265","Saint Barthélemy","BLM",2025,1,2025-01-01,NA,NA
"3266","Saint Barthélemy","BLM",2025,2,2025-02-01,NA,NA
"3267","Saint Barthélemy","BLM",2025,3,2025-03-01,NA,NA
"3268","Saint Barthélemy","BLM",2025,4,2025-04-01,0,"WHO"
"3269","Saint Barthélemy","BLM",2025,5,2025-05-01,0,"WHO"
"3270","Saint Barthélemy","BLM",2025,6,2025-06-01,0,"WHO"
"3271","Saint Barthélemy","BLM",2025,7,2025-07-01,NA,NA
"3272","Saint Barthélemy","BLM",2025,8,2025-08-01,NA,NA
"3273","Saint Barthélemy","BLM",2025,9,2025-09-01,0,"WHO"
"3274","Saint Barthélemy","BLM",2025,10,2025-10-01,NA,NA
"3275","Saint Barthélemy","BLM",2025,11,2025-11-01,NA,NA
"3276","Saint Barthélemy","BLM",2025,12,2025-12-01,0,"WHO"
"3277","Saint Barthélemy","BLM",2026,1,2026-01-01,NA,NA
"3278","Saint Barthélemy","BLM",2026,2,2026-02-01,NA,NA
"3279","Saint Barthélemy","BLM",2026,3,2026-03-01,NA,NA
"3280","Saint Barthélemy","BLM",2026,4,2026-04-01,NA,NA
"3281","Saint Barthélemy","BLM",2026,5,2026-05-01,NA,NA
"3282","Saint Barthélemy","BLM",2026,6,2026-06-01,NA,NA
"3283","Saint Barthélemy","BLM",2026,7,2026-07-01,NA,NA
"3284","Saint Barthélemy","BLM",2026,8,2026-08-01,NA,NA
"3285","Saint Barthélemy","BLM",2026,9,2026-09-01,NA,NA
"3286","Saint Barthélemy","BLM",2026,10,2026-10-01,NA,NA
"3287","Saint Barthélemy","BLM",2026,11,2026-11-01,NA,NA
"3288","Saint Barthélemy","BLM",2026,12,2026-12-01,NA,NA
"3289","Saint Kitts and Nevis","KNA",2025,1,2025-01-01,0,"WHO"
"3290","Saint Kitts and Nevis","KNA",2025,2,2025-02-01,4,"PAHO"
"3291","Saint Kitts and Nevis","KNA",2025,3,2025-03-01,0,"WHO"
"3292","Saint Kitts and Nevis","KNA",2025,4,2025-04-01,0,"WHO"
"3293","Saint Kitts and Nevis","KNA",2025,5,2025-05-01,0,"WHO"
"3294","Saint Kitts and Nevis","KNA",2025,6,2025-06-01,0,"WHO"
"3295","Saint Kitts and Nevis","KNA",2025,7,2025-07-01,0,"WHO"
"3296","Saint Kitts and Nevis","KNA",2025,8,2025-08-01,0,"WHO"
"3297","Saint Kitts and Nevis","KNA",2025,9,2025-09-01,3,"PAHO"
"3298","Saint Kitts and Nevis","KNA",2025,10,2025-10-01,2,"PAHO"
"3299","Saint Kitts and Nevis","KNA",2025,11,2025-11-01,0,"WHO"
"3300","Saint Kitts and Nevis","KNA",2025,12,2025-12-01,2,"PAHO"
"3301","Saint Kitts and Nevis","KNA",2026,1,2026-01-01,5,"PAHO"
"3302","Saint Kitts and Nevis","KNA",2026,2,2026-02-01,NA,NA
"3303","Saint Kitts and Nevis","KNA",2026,3,2026-03-01,NA,NA
"3304","Saint Kitts and Nevis","KNA",2026,4,2026-04-01,NA,NA
"3305","Saint Kitts and Nevis","KNA",2026,5,2026-05-01,NA,NA
"3306","Saint Kitts and Nevis","KNA",2026,6,2026-06-01,NA,NA
"3307","Saint Kitts and Nevis","KNA",2026,7,2026-07-01,NA,NA
"3308","Saint Kitts and Nevis","KNA",2026,8,2026-08-01,NA,NA
"3309","Saint Kitts and Nevis","KNA",2026,9,2026-09-01,NA,NA
"3310","Saint Kitts and Nevis","KNA",2026,10,2026-10-01,NA,NA
"3311","Saint Kitts and Nevis","KNA",2026,11,2026-11-01,NA,NA
"3312","Saint Kitts and Nevis","KNA",2026,12,2026-12-01,NA,NA
"3313","Saint Lucia","LCA",2025,1,2025-01-01,8,"PAHO"
"3314","Saint Lucia","LCA",2025,2,2025-02-01,10,"PAHO"
"3315","Saint Lucia","LCA",2025,3,2025-03-01,6,"PAHO"
"3316","Saint Lucia","LCA",2025,4,2025-04-01,6,"PAHO"
"3317","Saint Lucia","LCA",2025,5,2025-05-01,1,"PAHO"
"3318","Saint Lucia","LCA",2025,6,2025-06-01,8,"PAHO"
"3319","Saint Lucia","LCA",2025,7,2025-07-01,3,"PAHO"
"3320","Saint Lucia","LCA",2025,8,2025-08-01,1,"PAHO"
"3321","Saint Lucia","LCA",2025,9,2025-09-01,2,"PAHO"
"3322","Saint Lucia","LCA",2025,10,2025-10-01,3,"PAHO"
"3323","Saint Lucia","LCA",2025,11,2025-11-01,1,"PAHO"
"3324","Saint Lucia","LCA",2025,12,2025-12-01,-2,"WHO"
"3325","Saint Lucia","LCA",2026,1,2026-01-01,NA,"PAHO"
"3326","Saint Lucia","LCA",2026,2,2026-02-01,NA,NA
"3327","Saint Lucia","LCA",2026,3,2026-03-01,NA,NA
"3328","Saint Lucia","LCA",2026,4,2026-04-01,NA,NA
"3329","Saint Lucia","LCA",2026,5,2026-05-01,NA,NA
"3330","Saint Lucia","LCA",2026,6,2026-06-01,NA,NA
"3331","Saint Lucia","LCA",2026,7,2026-07-01,NA,NA
"3332","Saint Lucia","LCA",2026,8,2026-08-01,NA,NA
"3333","Saint Lucia","LCA",2026,9,2026-09-01,NA,NA
"3334","Saint Lucia","LCA",2026,10,2026-10-01,NA,NA
"3335","Saint Lucia","LCA",2026,11,2026-11-01,NA,NA
"3336","Saint Lucia","LCA",2026,12,2026-12-01,NA,NA
"3337","Saint Martin","MAF",2025,1,2025-01-01,53,"PAHO"
"3338","Saint Martin","MAF",2025,2,2025-02-01,17,"PAHO"
"3339","Saint Martin","MAF",2025,3,2025-03-01,18,"PAHO"
"3340","Saint Martin","MAF",2025,4,2025-04-01,32,"PAHO"
"3341","Saint Martin","MAF",2025,5,2025-05-01,34,"PAHO"
"3342","Saint Martin","MAF",2025,6,2025-06-01,30,"PAHO"
"3343","Saint Martin","MAF",2025,7,2025-07-01,NA,"PAHO"
"3344","Saint Martin","MAF",2025,8,2025-08-01,NA,"PAHO"
"3345","Saint Martin","MAF",2025,9,2025-09-01,20,"WHO"
"3346","Saint Martin","MAF",2025,10,2025-10-01,NA,"PAHO"
"3347","Saint Martin","MAF",2025,11,2025-11-01,5,"WHO"
"3348","Saint Martin","MAF",2025,12,2025-12-01,5,"PAHO"
"3349","Saint Martin","MAF",2026,1,2026-01-01,NA,"PAHO"
"3350","Saint Martin","MAF",2026,2,2026-02-01,NA,NA
"3351","Saint Martin","MAF",2026,3,2026-03-01,NA,NA
"3352","Saint Martin","MAF",2026,4,2026-04-01,NA,NA
"3353","Saint Martin","MAF",2026,5,2026-05-01,NA,NA
"3354","Saint Martin","MAF",2026,6,2026-06-01,NA,NA
"3355","Saint Martin","MAF",2026,7,2026-07-01,NA,NA
"3356","Saint Martin","MAF",2026,8,2026-08-01,NA,NA
"3357","Saint Martin","MAF",2026,9,2026-09-01,NA,NA
"3358","Saint Martin","MAF",2026,10,2026-10-01,NA,NA
"3359","Saint Martin","MAF",2026,11,2026-11-01,NA,NA
"3360","Saint Martin","MAF",2026,12,2026-12-01,NA,NA
"3361","Saint Vincent and the Grenadines","VCT",2025,1,2025-01-01,0,"WHO"
"3362","Saint Vincent and the Grenadines","VCT",2025,2,2025-02-01,2,"PAHO"
"3363","Saint Vincent and the Grenadines","VCT",2025,3,2025-03-01,0,"WHO"
"3364","Saint Vincent and the Grenadines","VCT",2025,4,2025-04-01,1,"PAHO"
"3365","Saint Vincent and the Grenadines","VCT",2025,5,2025-05-01,0,"WHO"
"3366","Saint Vincent and the Grenadines","VCT",2025,6,2025-06-01,2,"PAHO"
"3367","Saint Vincent and the Grenadines","VCT",2025,7,2025-07-01,0,"WHO"
"3368","Saint Vincent and the Grenadines","VCT",2025,8,2025-08-01,0,"WHO"
"3369","Saint Vincent and the Grenadines","VCT",2025,9,2025-09-01,0,"WHO"
"3370","Saint Vincent and the Grenadines","VCT",2025,10,2025-10-01,1,"PAHO"
"3371","Saint Vincent and the Grenadines","VCT",2025,11,2025-11-01,0,"WHO"
"3372","Saint Vincent and the Grenadines","VCT",2025,12,2025-12-01,2,"PAHO"
"3373","Saint Vincent and the Grenadines","VCT",2026,1,2026-01-01,1,"PAHO"
"3374","Saint Vincent and the Grenadines","VCT",2026,2,2026-02-01,1,"PAHO"
"3375","Saint Vincent and the Grenadines","VCT",2026,3,2026-03-01,NA,NA
"3376","Saint Vincent and the Grenadines","VCT",2026,4,2026-04-01,NA,NA
"3377","Saint Vincent and the Grenadines","VCT",2026,5,2026-05-01,NA,NA
"3378","Saint Vincent and the Grenadines","VCT",2026,6,2026-06-01,NA,NA
"3379","Saint Vincent and the Grenadines","VCT",2026,7,2026-07-01,NA,NA
"3380","Saint Vincent and the Grenadines","VCT",2026,8,2026-08-01,NA,NA
"3381","Saint Vincent and the Grenadines","VCT",2026,9,2026-09-01,NA,NA
"3382","Saint Vincent and the Grenadines","VCT",2026,10,2026-10-01,NA,NA
"3383","Saint Vincent and the Grenadines","VCT",2026,11,2026-11-01,NA,NA
"3384","Saint Vincent and the Grenadines","VCT",2026,12,2026-12-01,NA,NA
"3385","Samoa","WSM",2025,1,2025-01-01,4,"WHO"
"3386","Samoa","WSM",2025,2,2025-02-01,1,"WHO"
"3387","Samoa","WSM",2025,3,2025-03-01,0,"WHO"
"3388","Samoa","WSM",2025,4,2025-04-01,40,"WHO"
"3389","Samoa","WSM",2025,5,2025-05-01,227,"WHO"
"3390","Samoa","WSM",2025,6,2025-06-01,599,"WHO"
"3391","Samoa","WSM",2025,7,2025-07-01,5131,"WHO"
"3392","Samoa","WSM",2025,8,2025-08-01,5925,"WHO"
"3393","Samoa","WSM",2025,9,2025-09-01,2410,"WHO"
"3394","Samoa","WSM",2025,10,2025-10-01,1528,"WHO"
"3395","Samoa","WSM",2025,11,2025-11-01,485,"WHO"
"3396","Samoa","WSM",2025,12,2025-12-01,146,"WHO"
"3397","Samoa","WSM",2026,1,2026-01-01,NA,NA
"3398","Samoa","WSM",2026,2,2026-02-01,NA,NA
"3399","Samoa","WSM",2026,3,2026-03-01,NA,NA
"3400","Samoa","WSM",2026,4,2026-04-01,NA,NA
"3401","Samoa","WSM",2026,5,2026-05-01,NA,NA
"3402","Samoa","WSM",2026,6,2026-06-01,NA,NA
"3403","Samoa","WSM",2026,7,2026-07-01,NA,NA
"3404","Samoa","WSM",2026,8,2026-08-01,NA,NA
"3405","Samoa","WSM",2026,9,2026-09-01,NA,NA
"3406","Samoa","WSM",2026,10,2026-10-01,NA,NA
"3407","Samoa","WSM",2026,11,2026-11-01,NA,NA
"3408","Samoa","WSM",2026,12,2026-12-01,NA,NA
"3409","San Marino","SMR",2025,1,2025-01-01,0,"WHO"
"3410","San Marino","SMR",2025,2,2025-02-01,0,"WHO"
"3411","San Marino","SMR",2025,3,2025-03-01,0,"WHO"
"3412","San Marino","SMR",2025,4,2025-04-01,0,"WHO"
"3413","San Marino","SMR",2025,5,2025-05-01,0,"WHO"
"3414","San Marino","SMR",2025,6,2025-06-01,0,"WHO"
"3415","San Marino","SMR",2025,7,2025-07-01,0,"WHO"
"3416","San Marino","SMR",2025,8,2025-08-01,0,"WHO"
"3417","San Marino","SMR",2025,9,2025-09-01,0,"WHO"
"3418","San Marino","SMR",2025,10,2025-10-01,0,"WHO"
"3419","San Marino","SMR",2025,11,2025-11-01,0,"WHO"
"3420","San Marino","SMR",2025,12,2025-12-01,0,"WHO"
"3421","San Marino","SMR",2026,1,2026-01-01,NA,NA
"3422","San Marino","SMR",2026,2,2026-02-01,NA,NA
"3423","San Marino","SMR",2026,3,2026-03-01,NA,NA
"3424","San Marino","SMR",2026,4,2026-04-01,NA,NA
"3425","San Marino","SMR",2026,5,2026-05-01,NA,NA
"3426","San Marino","SMR",2026,6,2026-06-01,NA,NA
"3427","San Marino","SMR",2026,7,2026-07-01,NA,NA
"3428","San Marino","SMR",2026,8,2026-08-01,NA,NA
"3429","San Marino","SMR",2026,9,2026-09-01,NA,NA
"3430","San Marino","SMR",2026,10,2026-10-01,NA,NA
"3431","San Marino","SMR",2026,11,2026-11-01,NA,NA
"3432","San Marino","SMR",2026,12,2026-12-01,NA,NA
"3433","Sao Tome and Principe","STP",2025,1,2025-01-01,0,"WHO"
"3434","Sao Tome and Principe","STP",2025,2,2025-02-01,0,"WHO"
"3435","Sao Tome and Principe","STP",2025,3,2025-03-01,0,"WHO"
"3436","Sao Tome and Principe","STP",2025,4,2025-04-01,0,"WHO"
"3437","Sao Tome and Principe","STP",2025,5,2025-05-01,0,"WHO"
"3438","Sao Tome and Principe","STP",2025,6,2025-06-01,0,"WHO"
"3439","Sao Tome and Principe","STP",2025,7,2025-07-01,0,"WHO"
"3440","Sao Tome and Principe","STP",2025,8,2025-08-01,0,"WHO"
"3441","Sao Tome and Principe","STP",2025,9,2025-09-01,0,"WHO"
"3442","Sao Tome and Principe","STP",2025,10,2025-10-01,0,"WHO"
"3443","Sao Tome and Principe","STP",2025,11,2025-11-01,0,"WHO"
"3444","Sao Tome and Principe","STP",2025,12,2025-12-01,0,"WHO"
"3445","Sao Tome and Principe","STP",2026,1,2026-01-01,NA,NA
"3446","Sao Tome and Principe","STP",2026,2,2026-02-01,NA,NA
"3447","Sao Tome and Principe","STP",2026,3,2026-03-01,NA,NA
"3448","Sao Tome and Principe","STP",2026,4,2026-04-01,NA,NA
"3449","Sao Tome and Principe","STP",2026,5,2026-05-01,NA,NA
"3450","Sao Tome and Principe","STP",2026,6,2026-06-01,NA,NA
"3451","Sao Tome and Principe","STP",2026,7,2026-07-01,NA,NA
"3452","Sao Tome and Principe","STP",2026,8,2026-08-01,NA,NA
"3453","Sao Tome and Principe","STP",2026,9,2026-09-01,NA,NA
"3454","Sao Tome and Principe","STP",2026,10,2026-10-01,NA,NA
"3455","Sao Tome and Principe","STP",2026,11,2026-11-01,NA,NA
"3456","Sao Tome and Principe","STP",2026,12,2026-12-01,NA,NA
"3457","Senegal","SEN",2025,1,2025-01-01,92,"WHO"
"3458","Senegal","SEN",2025,2,2025-02-01,140,"WHO"
"3459","Senegal","SEN",2025,3,2025-03-01,89,"WHO"
"3460","Senegal","SEN",2025,4,2025-04-01,130,"WHO"
"3461","Senegal","SEN",2025,5,2025-05-01,201,"WHO"
"3462","Senegal","SEN",2025,6,2025-06-01,225,"WHO"
"3463","Senegal","SEN",2025,7,2025-07-01,304,"WHO"
"3464","Senegal","SEN",2025,8,2025-08-01,356,"WHO"
"3465","Senegal","SEN",2025,9,2025-09-01,878,"WHO"
"3466","Senegal","SEN",2025,10,2025-10-01,3616,"WHO"
"3467","Senegal","SEN",2025,11,2025-11-01,4923,"WHO"
"3468","Senegal","SEN",2025,12,2025-12-01,1509,"WHO"
"3469","Senegal","SEN",2026,1,2026-01-01,NA,NA
"3470","Senegal","SEN",2026,2,2026-02-01,NA,NA
"3471","Senegal","SEN",2026,3,2026-03-01,NA,NA
"3472","Senegal","SEN",2026,4,2026-04-01,NA,NA
"3473","Senegal","SEN",2026,5,2026-05-01,NA,NA
"3474","Senegal","SEN",2026,6,2026-06-01,NA,NA
"3475","Senegal","SEN",2026,7,2026-07-01,NA,NA
"3476","Senegal","SEN",2026,8,2026-08-01,NA,NA
"3477","Senegal","SEN",2026,9,2026-09-01,NA,NA
"3478","Senegal","SEN",2026,10,2026-10-01,NA,NA
"3479","Senegal","SEN",2026,11,2026-11-01,NA,NA
"3480","Senegal","SEN",2026,12,2026-12-01,NA,NA
"3481","Serbia","SRB",2025,1,2025-01-01,0,"WHO"
"3482","Serbia","SRB",2025,2,2025-02-01,0,"WHO"
"3483","Serbia","SRB",2025,3,2025-03-01,0,"WHO"
"3484","Serbia","SRB",2025,4,2025-04-01,0,"WHO"
"3485","Serbia","SRB",2025,5,2025-05-01,0,"WHO"
"3486","Serbia","SRB",2025,6,2025-06-01,0,"WHO"
"3487","Serbia","SRB",2025,7,2025-07-01,0,"WHO"
"3488","Serbia","SRB",2025,8,2025-08-01,0,"WHO"
"3489","Serbia","SRB",2025,9,2025-09-01,0,"WHO"
"3490","Serbia","SRB",2025,10,2025-10-01,0,"WHO"
"3491","Serbia","SRB",2025,11,2025-11-01,0,"WHO"
"3492","Serbia","SRB",2025,12,2025-12-01,0,"WHO"
"3493","Serbia","SRB",2026,1,2026-01-01,NA,NA
"3494","Serbia","SRB",2026,2,2026-02-01,NA,NA
"3495","Serbia","SRB",2026,3,2026-03-01,NA,NA
"3496","Serbia","SRB",2026,4,2026-04-01,NA,NA
"3497","Serbia","SRB",2026,5,2026-05-01,NA,NA
"3498","Serbia","SRB",2026,6,2026-06-01,NA,NA
"3499","Serbia","SRB",2026,7,2026-07-01,NA,NA
"3500","Serbia","SRB",2026,8,2026-08-01,NA,NA
"3501","Serbia","SRB",2026,9,2026-09-01,NA,NA
"3502","Serbia","SRB",2026,10,2026-10-01,NA,NA
"3503","Serbia","SRB",2026,11,2026-11-01,NA,NA
"3504","Serbia","SRB",2026,12,2026-12-01,NA,NA
"3505","Seychelles","SYC",2025,1,2025-01-01,1,"WHO"
"3506","Seychelles","SYC",2025,2,2025-02-01,0,"WHO"
"3507","Seychelles","SYC",2025,3,2025-03-01,0,"WHO"
"3508","Seychelles","SYC",2025,4,2025-04-01,10,"WHO"
"3509","Seychelles","SYC",2025,5,2025-05-01,1,"WHO"
"3510","Seychelles","SYC",2025,6,2025-06-01,NA,NA
"3511","Seychelles","SYC",2025,7,2025-07-01,0,"WHO"
"3512","Seychelles","SYC",2025,8,2025-08-01,7,"WHO"
"3513","Seychelles","SYC",2025,9,2025-09-01,5,"WHO"
"3514","Seychelles","SYC",2025,10,2025-10-01,7,"WHO"
"3515","Seychelles","SYC",2025,11,2025-11-01,14,"WHO"
"3516","Seychelles","SYC",2025,12,2025-12-01,60,"WHO"
"3517","Seychelles","SYC",2026,1,2026-01-01,NA,NA
"3518","Seychelles","SYC",2026,2,2026-02-01,NA,NA
"3519","Seychelles","SYC",2026,3,2026-03-01,NA,NA
"3520","Seychelles","SYC",2026,4,2026-04-01,NA,NA
"3521","Seychelles","SYC",2026,5,2026-05-01,NA,NA
"3522","Seychelles","SYC",2026,6,2026-06-01,NA,NA
"3523","Seychelles","SYC",2026,7,2026-07-01,NA,NA
"3524","Seychelles","SYC",2026,8,2026-08-01,NA,NA
"3525","Seychelles","SYC",2026,9,2026-09-01,NA,NA
"3526","Seychelles","SYC",2026,10,2026-10-01,NA,NA
"3527","Seychelles","SYC",2026,11,2026-11-01,NA,NA
"3528","Seychelles","SYC",2026,12,2026-12-01,NA,NA
"3529","Sierra Leone","SLE",2025,1,2025-01-01,0,"WHO"
"3530","Sierra Leone","SLE",2025,2,2025-02-01,0,"WHO"
"3531","Sierra Leone","SLE",2025,3,2025-03-01,0,"WHO"
"3532","Sierra Leone","SLE",2025,4,2025-04-01,0,"WHO"
"3533","Sierra Leone","SLE",2025,5,2025-05-01,0,"WHO"
"3534","Sierra Leone","SLE",2025,6,2025-06-01,0,"WHO"
"3535","Sierra Leone","SLE",2025,7,2025-07-01,0,"WHO"
"3536","Sierra Leone","SLE",2025,8,2025-08-01,0,"WHO"
"3537","Sierra Leone","SLE",2025,9,2025-09-01,0,"WHO"
"3538","Sierra Leone","SLE",2025,10,2025-10-01,29,"WHO"
"3539","Sierra Leone","SLE",2025,11,2025-11-01,0,"WHO"
"3540","Sierra Leone","SLE",2025,12,2025-12-01,0,"WHO"
"3541","Sierra Leone","SLE",2026,1,2026-01-01,NA,NA
"3542","Sierra Leone","SLE",2026,2,2026-02-01,NA,NA
"3543","Sierra Leone","SLE",2026,3,2026-03-01,NA,NA
"3544","Sierra Leone","SLE",2026,4,2026-04-01,NA,NA
"3545","Sierra Leone","SLE",2026,5,2026-05-01,NA,NA
"3546","Sierra Leone","SLE",2026,6,2026-06-01,NA,NA
"3547","Sierra Leone","SLE",2026,7,2026-07-01,NA,NA
"3548","Sierra Leone","SLE",2026,8,2026-08-01,NA,NA
"3549","Sierra Leone","SLE",2026,9,2026-09-01,NA,NA
"3550","Sierra Leone","SLE",2026,10,2026-10-01,NA,NA
"3551","Sierra Leone","SLE",2026,11,2026-11-01,NA,NA
"3552","Sierra Leone","SLE",2026,12,2026-12-01,NA,NA
"3553","Singapore","SGP",2025,1,2025-01-01,486,"WHO"
"3554","Singapore","SGP",2025,2,2025-02-01,380,"WHO"
"3555","Singapore","SGP",2025,3,2025-03-01,356,"WHO"
"3556","Singapore","SGP",2025,4,2025-04-01,380,"WHO"
"3557","Singapore","SGP",2025,5,2025-05-01,532,"WHO"
"3558","Singapore","SGP",2025,6,2025-06-01,449,"WHO"
"3559","Singapore","SGP",2025,7,2025-07-01,465,"WHO"
"3560","Singapore","SGP",2025,8,2025-08-01,233,"WHO"
"3561","Singapore","SGP",2025,9,2025-09-01,176,"WHO"
"3562","Singapore","SGP",2025,10,2025-10-01,224,"WHO"
"3563","Singapore","SGP",2025,11,2025-11-01,160,"WHO"
"3564","Singapore","SGP",2025,12,2025-12-01,157,"WHO"
"3565","Singapore","SGP",2026,1,2026-01-01,NA,NA
"3566","Singapore","SGP",2026,2,2026-02-01,NA,NA
"3567","Singapore","SGP",2026,3,2026-03-01,NA,NA
"3568","Singapore","SGP",2026,4,2026-04-01,NA,NA
"3569","Singapore","SGP",2026,5,2026-05-01,NA,NA
"3570","Singapore","SGP",2026,6,2026-06-01,NA,NA
"3571","Singapore","SGP",2026,7,2026-07-01,NA,NA
"3572","Singapore","SGP",2026,8,2026-08-01,NA,NA
"3573","Singapore","SGP",2026,9,2026-09-01,NA,NA
"3574","Singapore","SGP",2026,10,2026-10-01,NA,NA
"3575","Singapore","SGP",2026,11,2026-11-01,NA,NA
"3576","Singapore","SGP",2026,12,2026-12-01,NA,NA
"3577","Sint Maarten","SXM",2025,1,2025-01-01,NA,NA
"3578","Sint Maarten","SXM",2025,2,2025-02-01,NA,NA
"3579","Sint Maarten","SXM",2025,3,2025-03-01,NA,NA
"3580","Sint Maarten","SXM",2025,4,2025-04-01,NA,NA
"3581","Sint Maarten","SXM",2025,5,2025-05-01,6,"PAHO"
"3582","Sint Maarten","SXM",2025,6,2025-06-01,NA,NA
"3583","Sint Maarten","SXM",2025,7,2025-07-01,2,"PAHO"
"3584","Sint Maarten","SXM",2025,8,2025-08-01,NA,NA
"3585","Sint Maarten","SXM",2025,9,2025-09-01,NA,NA
"3586","Sint Maarten","SXM",2025,10,2025-10-01,NA,NA
"3587","Sint Maarten","SXM",2025,11,2025-11-01,NA,NA
"3588","Sint Maarten","SXM",2025,12,2025-12-01,NA,NA
"3589","Sint Maarten","SXM",2026,1,2026-01-01,NA,NA
"3590","Sint Maarten","SXM",2026,2,2026-02-01,NA,NA
"3591","Sint Maarten","SXM",2026,3,2026-03-01,NA,NA
"3592","Sint Maarten","SXM",2026,4,2026-04-01,NA,NA
"3593","Sint Maarten","SXM",2026,5,2026-05-01,NA,NA
"3594","Sint Maarten","SXM",2026,6,2026-06-01,NA,NA
"3595","Sint Maarten","SXM",2026,7,2026-07-01,NA,NA
"3596","Sint Maarten","SXM",2026,8,2026-08-01,NA,NA
"3597","Sint Maarten","SXM",2026,9,2026-09-01,NA,NA
"3598","Sint Maarten","SXM",2026,10,2026-10-01,NA,NA
"3599","Sint Maarten","SXM",2026,11,2026-11-01,NA,NA
"3600","Sint Maarten","SXM",2026,12,2026-12-01,NA,NA
"3601","Sint Maarten (Dutch part)","SXM",2025,1,2025-01-01,0,"WHO"
"3602","Sint Maarten (Dutch part)","SXM",2025,2,2025-02-01,0,"WHO"
"3603","Sint Maarten (Dutch part)","SXM",2025,3,2025-03-01,0,"WHO"
"3604","Sint Maarten (Dutch part)","SXM",2025,4,2025-04-01,0,"WHO"
"3605","Sint Maarten (Dutch part)","SXM",2025,5,2025-05-01,NA,NA
"3606","Sint Maarten (Dutch part)","SXM",2025,6,2025-06-01,0,"WHO"
"3607","Sint Maarten (Dutch part)","SXM",2025,7,2025-07-01,NA,NA
"3608","Sint Maarten (Dutch part)","SXM",2025,8,2025-08-01,NA,"WHO"
"3609","Sint Maarten (Dutch part)","SXM",2025,9,2025-09-01,NA,"WHO"
"3610","Sint Maarten (Dutch part)","SXM",2025,10,2025-10-01,NA,"WHO"
"3611","Sint Maarten (Dutch part)","SXM",2025,11,2025-11-01,NA,"WHO"
"3612","Sint Maarten (Dutch part)","SXM",2025,12,2025-12-01,NA,"WHO"
"3613","Sint Maarten (Dutch part)","SXM",2026,1,2026-01-01,NA,NA
"3614","Sint Maarten (Dutch part)","SXM",2026,2,2026-02-01,NA,NA
"3615","Sint Maarten (Dutch part)","SXM",2026,3,2026-03-01,NA,NA
"3616","Sint Maarten (Dutch part)","SXM",2026,4,2026-04-01,NA,NA
"3617","Sint Maarten (Dutch part)","SXM",2026,5,2026-05-01,NA,NA
"3618","Sint Maarten (Dutch part)","SXM",2026,6,2026-06-01,NA,NA
"3619","Sint Maarten (Dutch part)","SXM",2026,7,2026-07-01,NA,NA
"3620","Sint Maarten (Dutch part)","SXM",2026,8,2026-08-01,NA,NA
"3621","Sint Maarten (Dutch part)","SXM",2026,9,2026-09-01,NA,NA
"3622","Sint Maarten (Dutch part)","SXM",2026,10,2026-10-01,NA,NA
"3623","Sint Maarten (Dutch part)","SXM",2026,11,2026-11-01,NA,NA
"3624","Sint Maarten (Dutch part)","SXM",2026,12,2026-12-01,NA,NA
"3625","Slovakia","SVK",2025,1,2025-01-01,0,"WHO"
"3626","Slovakia","SVK",2025,2,2025-02-01,0,"WHO"
"3627","Slovakia","SVK",2025,3,2025-03-01,0,"WHO"
"3628","Slovakia","SVK",2025,4,2025-04-01,0,"WHO"
"3629","Slovakia","SVK",2025,5,2025-05-01,0,"WHO"
"3630","Slovakia","SVK",2025,6,2025-06-01,0,"WHO"
"3631","Slovakia","SVK",2025,7,2025-07-01,0,"WHO"
"3632","Slovakia","SVK",2025,8,2025-08-01,0,"WHO"
"3633","Slovakia","SVK",2025,9,2025-09-01,0,"WHO"
"3634","Slovakia","SVK",2025,10,2025-10-01,0,"WHO"
"3635","Slovakia","SVK",2025,11,2025-11-01,0,"WHO"
"3636","Slovakia","SVK",2025,12,2025-12-01,0,"WHO"
"3637","Slovakia","SVK",2026,1,2026-01-01,NA,NA
"3638","Slovakia","SVK",2026,2,2026-02-01,NA,NA
"3639","Slovakia","SVK",2026,3,2026-03-01,NA,NA
"3640","Slovakia","SVK",2026,4,2026-04-01,NA,NA
"3641","Slovakia","SVK",2026,5,2026-05-01,NA,NA
"3642","Slovakia","SVK",2026,6,2026-06-01,NA,NA
"3643","Slovakia","SVK",2026,7,2026-07-01,NA,NA
"3644","Slovakia","SVK",2026,8,2026-08-01,NA,NA
"3645","Slovakia","SVK",2026,9,2026-09-01,NA,NA
"3646","Slovakia","SVK",2026,10,2026-10-01,NA,NA
"3647","Slovakia","SVK",2026,11,2026-11-01,NA,NA
"3648","Slovakia","SVK",2026,12,2026-12-01,NA,NA
"3649","Slovenia","SVN",2025,1,2025-01-01,0,"WHO"
"3650","Slovenia","SVN",2025,2,2025-02-01,0,"WHO"
"3651","Slovenia","SVN",2025,3,2025-03-01,0,"WHO"
"3652","Slovenia","SVN",2025,4,2025-04-01,0,"WHO"
"3653","Slovenia","SVN",2025,5,2025-05-01,0,"WHO"
"3654","Slovenia","SVN",2025,6,2025-06-01,0,"WHO"
"3655","Slovenia","SVN",2025,7,2025-07-01,0,"WHO"
"3656","Slovenia","SVN",2025,8,2025-08-01,0,"WHO"
"3657","Slovenia","SVN",2025,9,2025-09-01,0,"WHO"
"3658","Slovenia","SVN",2025,10,2025-10-01,0,"WHO"
"3659","Slovenia","SVN",2025,11,2025-11-01,0,"WHO"
"3660","Slovenia","SVN",2025,12,2025-12-01,0,"WHO"
"3661","Slovenia","SVN",2026,1,2026-01-01,NA,NA
"3662","Slovenia","SVN",2026,2,2026-02-01,NA,NA
"3663","Slovenia","SVN",2026,3,2026-03-01,NA,NA
"3664","Slovenia","SVN",2026,4,2026-04-01,NA,NA
"3665","Slovenia","SVN",2026,5,2026-05-01,NA,NA
"3666","Slovenia","SVN",2026,6,2026-06-01,NA,NA
"3667","Slovenia","SVN",2026,7,2026-07-01,NA,NA
"3668","Slovenia","SVN",2026,8,2026-08-01,NA,NA
"3669","Slovenia","SVN",2026,9,2026-09-01,NA,NA
"3670","Slovenia","SVN",2026,10,2026-10-01,NA,NA
"3671","Slovenia","SVN",2026,11,2026-11-01,NA,NA
"3672","Slovenia","SVN",2026,12,2026-12-01,NA,NA
"3673","Solomon Islands","SLB",2025,1,2025-01-01,47,"WHO"
"3674","Solomon Islands","SLB",2025,2,2025-02-01,34,"WHO"
"3675","Solomon Islands","SLB",2025,3,2025-03-01,30,"WHO"
"3676","Solomon Islands","SLB",2025,4,2025-04-01,30,"WHO"
"3677","Solomon Islands","SLB",2025,5,2025-05-01,28,"WHO"
"3678","Solomon Islands","SLB",2025,6,2025-06-01,13,"WHO"
"3679","Solomon Islands","SLB",2025,7,2025-07-01,5,"WHO"
"3680","Solomon Islands","SLB",2025,8,2025-08-01,23,"WHO"
"3681","Solomon Islands","SLB",2025,9,2025-09-01,20,"WHO"
"3682","Solomon Islands","SLB",2025,10,2025-10-01,30,"WHO"
"3683","Solomon Islands","SLB",2025,11,2025-11-01,14,"WHO"
"3684","Solomon Islands","SLB",2025,12,2025-12-01,14,"WHO"
"3685","Solomon Islands","SLB",2026,1,2026-01-01,NA,NA
"3686","Solomon Islands","SLB",2026,2,2026-02-01,NA,NA
"3687","Solomon Islands","SLB",2026,3,2026-03-01,NA,NA
"3688","Solomon Islands","SLB",2026,4,2026-04-01,NA,NA
"3689","Solomon Islands","SLB",2026,5,2026-05-01,NA,NA
"3690","Solomon Islands","SLB",2026,6,2026-06-01,NA,NA
"3691","Solomon Islands","SLB",2026,7,2026-07-01,NA,NA
"3692","Solomon Islands","SLB",2026,8,2026-08-01,NA,NA
"3693","Solomon Islands","SLB",2026,9,2026-09-01,NA,NA
"3694","Solomon Islands","SLB",2026,10,2026-10-01,NA,NA
"3695","Solomon Islands","SLB",2026,11,2026-11-01,NA,NA
"3696","Solomon Islands","SLB",2026,12,2026-12-01,NA,NA
"3697","Spain","ESP",2025,1,2025-01-01,0,"WHO"
"3698","Spain","ESP",2025,2,2025-02-01,0,"WHO"
"3699","Spain","ESP",2025,3,2025-03-01,0,"WHO"
"3700","Spain","ESP",2025,4,2025-04-01,0,"WHO"
"3701","Spain","ESP",2025,5,2025-05-01,0,"WHO"
"3702","Spain","ESP",2025,6,2025-06-01,0,"WHO"
"3703","Spain","ESP",2025,7,2025-07-01,0,"WHO"
"3704","Spain","ESP",2025,8,2025-08-01,0,"WHO"
"3705","Spain","ESP",2025,9,2025-09-01,0,"WHO"
"3706","Spain","ESP",2025,10,2025-10-01,0,"WHO"
"3707","Spain","ESP",2025,11,2025-11-01,0,"WHO"
"3708","Spain","ESP",2025,12,2025-12-01,0,"WHO"
"3709","Spain","ESP",2026,1,2026-01-01,NA,NA
"3710","Spain","ESP",2026,2,2026-02-01,NA,NA
"3711","Spain","ESP",2026,3,2026-03-01,NA,NA
"3712","Spain","ESP",2026,4,2026-04-01,NA,NA
"3713","Spain","ESP",2026,5,2026-05-01,NA,NA
"3714","Spain","ESP",2026,6,2026-06-01,NA,NA
"3715","Spain","ESP",2026,7,2026-07-01,NA,NA
"3716","Spain","ESP",2026,8,2026-08-01,NA,NA
"3717","Spain","ESP",2026,9,2026-09-01,NA,NA
"3718","Spain","ESP",2026,10,2026-10-01,NA,NA
"3719","Spain","ESP",2026,11,2026-11-01,NA,NA
"3720","Spain","ESP",2026,12,2026-12-01,NA,NA
"3721","Sri Lanka","LKA",2025,1,2025-01-01,4942,"SEARO"
"3722","Sri Lanka","LKA",2025,2,2025-02-01,3666,"SEARO"
"3723","Sri Lanka","LKA",2025,3,2025-03-01,3771,"SEARO"
"3724","Sri Lanka","LKA",2025,4,2025-04-01,5171,"SEARO"
"3725","Sri Lanka","LKA",2025,5,2025-05-01,6035,"SEARO"
"3726","Sri Lanka","LKA",2025,6,2025-06-01,5468,"SEARO"
"3727","Sri Lanka","LKA",2025,7,2025-07-01,4838,"SEARO"
"3728","Sri Lanka","LKA",2025,8,2025-08-01,2746,"SEARO"
"3729","Sri Lanka","LKA",2025,9,2025-09-01,2403,"SEARO"
"3730","Sri Lanka","LKA",2025,10,2025-10-01,2717,"SEARO"
"3731","Sri Lanka","LKA",2025,11,2025-11-01,3806,"SEARO"
"3732","Sri Lanka","LKA",2025,12,2025-12-01,5900,"SEARO"
"3733","Sri Lanka","LKA",2026,1,2026-01-01,NA,NA
"3734","Sri Lanka","LKA",2026,2,2026-02-01,NA,NA
"3735","Sri Lanka","LKA",2026,3,2026-03-01,NA,NA
"3736","Sri Lanka","LKA",2026,4,2026-04-01,NA,NA
"3737","Sri Lanka","LKA",2026,5,2026-05-01,NA,NA
"3738","Sri Lanka","LKA",2026,6,2026-06-01,NA,NA
"3739","Sri Lanka","LKA",2026,7,2026-07-01,NA,NA
"3740","Sri Lanka","LKA",2026,8,2026-08-01,NA,NA
"3741","Sri Lanka","LKA",2026,9,2026-09-01,NA,NA
"3742","Sri Lanka","LKA",2026,10,2026-10-01,NA,NA
"3743","Sri Lanka","LKA",2026,11,2026-11-01,NA,NA
"3744","Sri Lanka","LKA",2026,12,2026-12-01,NA,NA
"3745","Sudan","SDN",2025,1,2025-01-01,822,"WHO"
"3746","Sudan","SDN",2025,2,2025-02-01,816,"WHO"
"3747","Sudan","SDN",2025,3,2025-03-01,669,"WHO"
"3748","Sudan","SDN",2025,4,2025-04-01,838,"WHO"
"3749","Sudan","SDN",2025,5,2025-05-01,853,"WHO"
"3750","Sudan","SDN",2025,6,2025-06-01,335,"WHO"
"3751","Sudan","SDN",2025,7,2025-07-01,741,"WHO"
"3752","Sudan","SDN",2025,8,2025-08-01,3791,"WHO"
"3753","Sudan","SDN",2025,9,2025-09-01,12511,"WHO"
"3754","Sudan","SDN",2025,10,2025-10-01,18678,"WHO"
"3755","Sudan","SDN",2025,11,2025-11-01,6632,"WHO"
"3756","Sudan","SDN",2025,12,2025-12-01,2006,"WHO"
"3757","Sudan","SDN",2026,1,2026-01-01,NA,NA
"3758","Sudan","SDN",2026,2,2026-02-01,NA,NA
"3759","Sudan","SDN",2026,3,2026-03-01,NA,NA
"3760","Sudan","SDN",2026,4,2026-04-01,NA,NA
"3761","Sudan","SDN",2026,5,2026-05-01,NA,NA
"3762","Sudan","SDN",2026,6,2026-06-01,NA,NA
"3763","Sudan","SDN",2026,7,2026-07-01,NA,NA
"3764","Sudan","SDN",2026,8,2026-08-01,NA,NA
"3765","Sudan","SDN",2026,9,2026-09-01,NA,NA
"3766","Sudan","SDN",2026,10,2026-10-01,NA,NA
"3767","Sudan","SDN",2026,11,2026-11-01,NA,NA
"3768","Sudan","SDN",2026,12,2026-12-01,NA,NA
"3769","Suriname","SUR",2025,1,2025-01-01,75,"PAHO"
"3770","Suriname","SUR",2025,2,2025-02-01,162,"PAHO"
"3771","Suriname","SUR",2025,3,2025-03-01,289,"PAHO"
"3772","Suriname","SUR",2025,4,2025-04-01,98,"PAHO"
"3773","Suriname","SUR",2025,5,2025-05-01,204,"PAHO"
"3774","Suriname","SUR",2025,6,2025-06-01,119,"PAHO"
"3775","Suriname","SUR",2025,7,2025-07-01,115,"PAHO"
"3776","Suriname","SUR",2025,8,2025-08-01,133,"PAHO"
"3777","Suriname","SUR",2025,9,2025-09-01,67,"PAHO"
"3778","Suriname","SUR",2025,10,2025-10-01,19,"PAHO"
"3779","Suriname","SUR",2025,11,2025-11-01,42,"PAHO"
"3780","Suriname","SUR",2025,12,2025-12-01,19,"PAHO"
"3781","Suriname","SUR",2026,1,2026-01-01,NA,NA
"3782","Suriname","SUR",2026,2,2026-02-01,NA,NA
"3783","Suriname","SUR",2026,3,2026-03-01,NA,NA
"3784","Suriname","SUR",2026,4,2026-04-01,NA,NA
"3785","Suriname","SUR",2026,5,2026-05-01,NA,NA
"3786","Suriname","SUR",2026,6,2026-06-01,NA,NA
"3787","Suriname","SUR",2026,7,2026-07-01,NA,NA
"3788","Suriname","SUR",2026,8,2026-08-01,NA,NA
"3789","Suriname","SUR",2026,9,2026-09-01,NA,NA
"3790","Suriname","SUR",2026,10,2026-10-01,NA,NA
"3791","Suriname","SUR",2026,11,2026-11-01,NA,NA
"3792","Suriname","SUR",2026,12,2026-12-01,NA,NA
"3793","Sweden","SWE",2025,1,2025-01-01,0,"WHO"
"3794","Sweden","SWE",2025,2,2025-02-01,0,"WHO"
"3795","Sweden","SWE",2025,3,2025-03-01,0,"WHO"
"3796","Sweden","SWE",2025,4,2025-04-01,0,"WHO"
"3797","Sweden","SWE",2025,5,2025-05-01,0,"WHO"
"3798","Sweden","SWE",2025,6,2025-06-01,0,"WHO"
"3799","Sweden","SWE",2025,7,2025-07-01,0,"WHO"
"3800","Sweden","SWE",2025,8,2025-08-01,0,"WHO"
"3801","Sweden","SWE",2025,9,2025-09-01,0,"WHO"
"3802","Sweden","SWE",2025,10,2025-10-01,0,"WHO"
"3803","Sweden","SWE",2025,11,2025-11-01,0,"WHO"
"3804","Sweden","SWE",2025,12,2025-12-01,0,"WHO"
"3805","Sweden","SWE",2026,1,2026-01-01,NA,NA
"3806","Sweden","SWE",2026,2,2026-02-01,NA,NA
"3807","Sweden","SWE",2026,3,2026-03-01,NA,NA
"3808","Sweden","SWE",2026,4,2026-04-01,NA,NA
"3809","Sweden","SWE",2026,5,2026-05-01,NA,NA
"3810","Sweden","SWE",2026,6,2026-06-01,NA,NA
"3811","Sweden","SWE",2026,7,2026-07-01,NA,NA
"3812","Sweden","SWE",2026,8,2026-08-01,NA,NA
"3813","Sweden","SWE",2026,9,2026-09-01,NA,NA
"3814","Sweden","SWE",2026,10,2026-10-01,NA,NA
"3815","Sweden","SWE",2026,11,2026-11-01,NA,NA
"3816","Sweden","SWE",2026,12,2026-12-01,NA,NA
"3817","Switzerland","CHE",2025,1,2025-01-01,0,"WHO"
"3818","Switzerland","CHE",2025,2,2025-02-01,0,"WHO"
"3819","Switzerland","CHE",2025,3,2025-03-01,0,"WHO"
"3820","Switzerland","CHE",2025,4,2025-04-01,0,"WHO"
"3821","Switzerland","CHE",2025,5,2025-05-01,0,"WHO"
"3822","Switzerland","CHE",2025,6,2025-06-01,0,"WHO"
"3823","Switzerland","CHE",2025,7,2025-07-01,0,"WHO"
"3824","Switzerland","CHE",2025,8,2025-08-01,0,"WHO"
"3825","Switzerland","CHE",2025,9,2025-09-01,0,"WHO"
"3826","Switzerland","CHE",2025,10,2025-10-01,0,"WHO"
"3827","Switzerland","CHE",2025,11,2025-11-01,0,"WHO"
"3828","Switzerland","CHE",2025,12,2025-12-01,0,"WHO"
"3829","Switzerland","CHE",2026,1,2026-01-01,NA,NA
"3830","Switzerland","CHE",2026,2,2026-02-01,NA,NA
"3831","Switzerland","CHE",2026,3,2026-03-01,NA,NA
"3832","Switzerland","CHE",2026,4,2026-04-01,NA,NA
"3833","Switzerland","CHE",2026,5,2026-05-01,NA,NA
"3834","Switzerland","CHE",2026,6,2026-06-01,NA,NA
"3835","Switzerland","CHE",2026,7,2026-07-01,NA,NA
"3836","Switzerland","CHE",2026,8,2026-08-01,NA,NA
"3837","Switzerland","CHE",2026,9,2026-09-01,NA,NA
"3838","Switzerland","CHE",2026,10,2026-10-01,NA,NA
"3839","Switzerland","CHE",2026,11,2026-11-01,NA,NA
"3840","Switzerland","CHE",2026,12,2026-12-01,NA,NA
"3841","Tajikistan","TJK",2025,1,2025-01-01,0,"WHO"
"3842","Tajikistan","TJK",2025,2,2025-02-01,0,"WHO"
"3843","Tajikistan","TJK",2025,3,2025-03-01,0,"WHO"
"3844","Tajikistan","TJK",2025,4,2025-04-01,0,"WHO"
"3845","Tajikistan","TJK",2025,5,2025-05-01,0,"WHO"
"3846","Tajikistan","TJK",2025,6,2025-06-01,0,"WHO"
"3847","Tajikistan","TJK",2025,7,2025-07-01,0,"WHO"
"3848","Tajikistan","TJK",2025,8,2025-08-01,0,"WHO"
"3849","Tajikistan","TJK",2025,9,2025-09-01,0,"WHO"
"3850","Tajikistan","TJK",2025,10,2025-10-01,0,"WHO"
"3851","Tajikistan","TJK",2025,11,2025-11-01,0,"WHO"
"3852","Tajikistan","TJK",2025,12,2025-12-01,0,"WHO"
"3853","Tajikistan","TJK",2026,1,2026-01-01,NA,NA
"3854","Tajikistan","TJK",2026,2,2026-02-01,NA,NA
"3855","Tajikistan","TJK",2026,3,2026-03-01,NA,NA
"3856","Tajikistan","TJK",2026,4,2026-04-01,NA,NA
"3857","Tajikistan","TJK",2026,5,2026-05-01,NA,NA
"3858","Tajikistan","TJK",2026,6,2026-06-01,NA,NA
"3859","Tajikistan","TJK",2026,7,2026-07-01,NA,NA
"3860","Tajikistan","TJK",2026,8,2026-08-01,NA,NA
"3861","Tajikistan","TJK",2026,9,2026-09-01,NA,NA
"3862","Tajikistan","TJK",2026,10,2026-10-01,NA,NA
"3863","Tajikistan","TJK",2026,11,2026-11-01,NA,NA
"3864","Tajikistan","TJK",2026,12,2026-12-01,NA,NA
"3865","Thailand","THA",2025,1,2025-01-01,4005,"SEARO"
"3866","Thailand","THA",2025,2,2025-02-01,2269,"SEARO"
"3867","Thailand","THA",2025,3,2025-03-01,2447,"SEARO"
"3868","Thailand","THA",2025,4,2025-04-01,2271,"SEARO"
"3869","Thailand","THA",2025,5,2025-05-01,4683,"SEARO"
"3870","Thailand","THA",2025,6,2025-06-01,8697,"SEARO"
"3871","Thailand","THA",2025,7,2025-07-01,10987,"SEARO"
"3872","Thailand","THA",2025,8,2025-08-01,8610,"SEARO"
"3873","Thailand","THA",2025,9,2025-09-01,4012,"SEARO"
"3874","Thailand","THA",2025,10,2025-10-01,3814,"SEARO"
"3875","Thailand","THA",2025,11,2025-11-01,3218,"SEARO"
"3876","Thailand","THA",2025,12,2025-12-01,2427,"SEARO"
"3877","Thailand","THA",2026,1,2026-01-01,1903,"SEARO"
"3878","Thailand","THA",2026,2,2026-02-01,0,"SEARO"
"3879","Thailand","THA",2026,3,2026-03-01,0,"SEARO"
"3880","Thailand","THA",2026,4,2026-04-01,0,"SEARO"
"3881","Thailand","THA",2026,5,2026-05-01,0,"SEARO"
"3882","Thailand","THA",2026,6,2026-06-01,0,"SEARO"
"3883","Thailand","THA",2026,7,2026-07-01,0,"SEARO"
"3884","Thailand","THA",2026,8,2026-08-01,0,"SEARO"
"3885","Thailand","THA",2026,9,2026-09-01,0,"SEARO"
"3886","Thailand","THA",2026,10,2026-10-01,0,"SEARO"
"3887","Thailand","THA",2026,11,2026-11-01,0,"SEARO"
"3888","Thailand","THA",2026,12,2026-12-01,0,"SEARO"
"3889","Timor-Leste","TLS",2025,1,2025-01-01,130,"SEARO"
"3890","Timor-Leste","TLS",2025,2,2025-02-01,189,"SEARO"
"3891","Timor-Leste","TLS",2025,3,2025-03-01,192,"SEARO"
"3892","Timor-Leste","TLS",2025,4,2025-04-01,131,"SEARO"
"3893","Timor-Leste","TLS",2025,5,2025-05-01,111,"SEARO"
"3894","Timor-Leste","TLS",2025,6,2025-06-01,74,"SEARO"
"3895","Timor-Leste","TLS",2025,7,2025-07-01,85,"SEARO"
"3896","Timor-Leste","TLS",2025,8,2025-08-01,58,"SEARO"
"3897","Timor-Leste","TLS",2025,9,2025-09-01,51,"SEARO"
"3898","Timor-Leste","TLS",2025,10,2025-10-01,99,"SEARO"
"3899","Timor-Leste","TLS",2025,11,2025-11-01,111,"SEARO"
"3900","Timor-Leste","TLS",2025,12,2025-12-01,279,"SEARO"
"3901","Timor-Leste","TLS",2026,1,2026-01-01,1281,"SEARO"
"3902","Timor-Leste","TLS",2026,2,2026-02-01,0,"SEARO"
"3903","Timor-Leste","TLS",2026,3,2026-03-01,0,"SEARO"
"3904","Timor-Leste","TLS",2026,4,2026-04-01,0,"SEARO"
"3905","Timor-Leste","TLS",2026,5,2026-05-01,0,"SEARO"
"3906","Timor-Leste","TLS",2026,6,2026-06-01,0,"SEARO"
"3907","Timor-Leste","TLS",2026,7,2026-07-01,0,"SEARO"
"3908","Timor-Leste","TLS",2026,8,2026-08-01,0,"SEARO"
"3909","Timor-Leste","TLS",2026,9,2026-09-01,0,"SEARO"
"3910","Timor-Leste","TLS",2026,10,2026-10-01,0,"SEARO"
"3911","Timor-Leste","TLS",2026,11,2026-11-01,0,"SEARO"
"3912","Timor-Leste","TLS",2026,12,2026-12-01,0,"SEARO"
"3913","Togo","TGO",2025,1,2025-01-01,0,"WHO"
"3914","Togo","TGO",2025,2,2025-02-01,0,"WHO"
"3915","Togo","TGO",2025,3,2025-03-01,0,"WHO"
"3916","Togo","TGO",2025,4,2025-04-01,0,"WHO"
"3917","Togo","TGO",2025,5,2025-05-01,0,"WHO"
"3918","Togo","TGO",2025,6,2025-06-01,0,"WHO"
"3919","Togo","TGO",2025,7,2025-07-01,0,"WHO"
"3920","Togo","TGO",2025,8,2025-08-01,0,"WHO"
"3921","Togo","TGO",2025,9,2025-09-01,0,"WHO"
"3922","Togo","TGO",2025,10,2025-10-01,0,"WHO"
"3923","Togo","TGO",2025,11,2025-11-01,0,"WHO"
"3924","Togo","TGO",2025,12,2025-12-01,0,"WHO"
"3925","Togo","TGO",2026,1,2026-01-01,NA,NA
"3926","Togo","TGO",2026,2,2026-02-01,NA,NA
"3927","Togo","TGO",2026,3,2026-03-01,NA,NA
"3928","Togo","TGO",2026,4,2026-04-01,NA,NA
"3929","Togo","TGO",2026,5,2026-05-01,NA,NA
"3930","Togo","TGO",2026,6,2026-06-01,NA,NA
"3931","Togo","TGO",2026,7,2026-07-01,NA,NA
"3932","Togo","TGO",2026,8,2026-08-01,NA,NA
"3933","Togo","TGO",2026,9,2026-09-01,NA,NA
"3934","Togo","TGO",2026,10,2026-10-01,NA,NA
"3935","Togo","TGO",2026,11,2026-11-01,NA,NA
"3936","Togo","TGO",2026,12,2026-12-01,NA,NA
"3937","Tokelau","TKL",2025,1,2025-01-01,0,"WHO"
"3938","Tokelau","TKL",2025,2,2025-02-01,0,"WHO"
"3939","Tokelau","TKL",2025,3,2025-03-01,0,"WHO"
"3940","Tokelau","TKL",2025,4,2025-04-01,0,"WHO"
"3941","Tokelau","TKL",2025,5,2025-05-01,0,"WHO"
"3942","Tokelau","TKL",2025,6,2025-06-01,0,"WHO"
"3943","Tokelau","TKL",2025,7,2025-07-01,0,"WHO"
"3944","Tokelau","TKL",2025,8,2025-08-01,0,"WHO"
"3945","Tokelau","TKL",2025,9,2025-09-01,0,"WHO"
"3946","Tokelau","TKL",2025,10,2025-10-01,0,"WHO"
"3947","Tokelau","TKL",2025,11,2025-11-01,0,"WHO"
"3948","Tokelau","TKL",2025,12,2025-12-01,0,"WHO"
"3949","Tokelau","TKL",2026,1,2026-01-01,NA,NA
"3950","Tokelau","TKL",2026,2,2026-02-01,NA,NA
"3951","Tokelau","TKL",2026,3,2026-03-01,NA,NA
"3952","Tokelau","TKL",2026,4,2026-04-01,NA,NA
"3953","Tokelau","TKL",2026,5,2026-05-01,NA,NA
"3954","Tokelau","TKL",2026,6,2026-06-01,NA,NA
"3955","Tokelau","TKL",2026,7,2026-07-01,NA,NA
"3956","Tokelau","TKL",2026,8,2026-08-01,NA,NA
"3957","Tokelau","TKL",2026,9,2026-09-01,NA,NA
"3958","Tokelau","TKL",2026,10,2026-10-01,NA,NA
"3959","Tokelau","TKL",2026,11,2026-11-01,NA,NA
"3960","Tokelau","TKL",2026,12,2026-12-01,NA,NA
"3961","Tonga","TON",2025,1,2025-01-01,0,"WHO"
"3962","Tonga","TON",2025,2,2025-02-01,249,"WHO"
"3963","Tonga","TON",2025,3,2025-03-01,603,"WHO"
"3964","Tonga","TON",2025,4,2025-04-01,433,"WHO"
"3965","Tonga","TON",2025,5,2025-05-01,563,"WHO"
"3966","Tonga","TON",2025,6,2025-06-01,207,"WHO"
"3967","Tonga","TON",2025,7,2025-07-01,109,"WHO"
"3968","Tonga","TON",2025,8,2025-08-01,11,"WHO"
"3969","Tonga","TON",2025,9,2025-09-01,1,"WHO"
"3970","Tonga","TON",2025,10,2025-10-01,7,"WHO"
"3971","Tonga","TON",2025,11,2025-11-01,1,"WHO"
"3972","Tonga","TON",2025,12,2025-12-01,0,"WHO"
"3973","Tonga","TON",2026,1,2026-01-01,NA,NA
"3974","Tonga","TON",2026,2,2026-02-01,NA,NA
"3975","Tonga","TON",2026,3,2026-03-01,NA,NA
"3976","Tonga","TON",2026,4,2026-04-01,NA,NA
"3977","Tonga","TON",2026,5,2026-05-01,NA,NA
"3978","Tonga","TON",2026,6,2026-06-01,NA,NA
"3979","Tonga","TON",2026,7,2026-07-01,NA,NA
"3980","Tonga","TON",2026,8,2026-08-01,NA,NA
"3981","Tonga","TON",2026,9,2026-09-01,NA,NA
"3982","Tonga","TON",2026,10,2026-10-01,NA,NA
"3983","Tonga","TON",2026,11,2026-11-01,NA,NA
"3984","Tonga","TON",2026,12,2026-12-01,NA,NA
"3985","Trinidad and Tobago","TTO",2025,1,2025-01-01,0,"WHO"
"3986","Trinidad and Tobago","TTO",2025,2,2025-02-01,0,"WHO"
"3987","Trinidad and Tobago","TTO",2025,3,2025-03-01,0,"WHO"
"3988","Trinidad and Tobago","TTO",2025,4,2025-04-01,0,"WHO"
"3989","Trinidad and Tobago","TTO",2025,5,2025-05-01,9,"PAHO"
"3990","Trinidad and Tobago","TTO",2025,6,2025-06-01,23,"PAHO"
"3991","Trinidad and Tobago","TTO",2025,7,2025-07-01,8,"PAHO"
"3992","Trinidad and Tobago","TTO",2025,8,2025-08-01,7,"PAHO"
"3993","Trinidad and Tobago","TTO",2025,9,2025-09-01,12,"PAHO"
"3994","Trinidad and Tobago","TTO",2025,10,2025-10-01,14,"PAHO"
"3995","Trinidad and Tobago","TTO",2025,11,2025-11-01,NA,"PAHO"
"3996","Trinidad and Tobago","TTO",2025,12,2025-12-01,NA,"PAHO"
"3997","Trinidad and Tobago","TTO",2026,1,2026-01-01,NA,NA
"3998","Trinidad and Tobago","TTO",2026,2,2026-02-01,NA,NA
"3999","Trinidad and Tobago","TTO",2026,3,2026-03-01,NA,NA
"4000","Trinidad and Tobago","TTO",2026,4,2026-04-01,NA,NA
"4001","Trinidad and Tobago","TTO",2026,5,2026-05-01,NA,NA
"4002","Trinidad and Tobago","TTO",2026,6,2026-06-01,NA,NA
"4003","Trinidad and Tobago","TTO",2026,7,2026-07-01,NA,NA
"4004","Trinidad and Tobago","TTO",2026,8,2026-08-01,NA,NA
"4005","Trinidad and Tobago","TTO",2026,9,2026-09-01,NA,NA
"4006","Trinidad and Tobago","TTO",2026,10,2026-10-01,NA,NA
"4007","Trinidad and Tobago","TTO",2026,11,2026-11-01,NA,NA
"4008","Trinidad and Tobago","TTO",2026,12,2026-12-01,NA,NA
"4009","Türkiye","TUR",2025,1,2025-01-01,0,"WHO"
"4010","Türkiye","TUR",2025,2,2025-02-01,0,"WHO"
"4011","Türkiye","TUR",2025,3,2025-03-01,0,"WHO"
"4012","Türkiye","TUR",2025,4,2025-04-01,0,"WHO"
"4013","Türkiye","TUR",2025,5,2025-05-01,0,"WHO"
"4014","Türkiye","TUR",2025,6,2025-06-01,0,"WHO"
"4015","Türkiye","TUR",2025,7,2025-07-01,0,"WHO"
"4016","Türkiye","TUR",2025,8,2025-08-01,0,"WHO"
"4017","Türkiye","TUR",2025,9,2025-09-01,0,"WHO"
"4018","Türkiye","TUR",2025,10,2025-10-01,0,"WHO"
"4019","Türkiye","TUR",2025,11,2025-11-01,0,"WHO"
"4020","Türkiye","TUR",2025,12,2025-12-01,0,"WHO"
"4021","Türkiye","TUR",2026,1,2026-01-01,NA,NA
"4022","Türkiye","TUR",2026,2,2026-02-01,NA,NA
"4023","Türkiye","TUR",2026,3,2026-03-01,NA,NA
"4024","Türkiye","TUR",2026,4,2026-04-01,NA,NA
"4025","Türkiye","TUR",2026,5,2026-05-01,NA,NA
"4026","Türkiye","TUR",2026,6,2026-06-01,NA,NA
"4027","Türkiye","TUR",2026,7,2026-07-01,NA,NA
"4028","Türkiye","TUR",2026,8,2026-08-01,NA,NA
"4029","Türkiye","TUR",2026,9,2026-09-01,NA,NA
"4030","Türkiye","TUR",2026,10,2026-10-01,NA,NA
"4031","Türkiye","TUR",2026,11,2026-11-01,NA,NA
"4032","Türkiye","TUR",2026,12,2026-12-01,NA,NA
"4033","Turkmenistan","TKM",2025,1,2025-01-01,0,"WHO"
"4034","Turkmenistan","TKM",2025,2,2025-02-01,0,"WHO"
"4035","Turkmenistan","TKM",2025,3,2025-03-01,0,"WHO"
"4036","Turkmenistan","TKM",2025,4,2025-04-01,0,"WHO"
"4037","Turkmenistan","TKM",2025,5,2025-05-01,0,"WHO"
"4038","Turkmenistan","TKM",2025,6,2025-06-01,0,"WHO"
"4039","Turkmenistan","TKM",2025,7,2025-07-01,0,"WHO"
"4040","Turkmenistan","TKM",2025,8,2025-08-01,0,"WHO"
"4041","Turkmenistan","TKM",2025,9,2025-09-01,0,"WHO"
"4042","Turkmenistan","TKM",2025,10,2025-10-01,0,"WHO"
"4043","Turkmenistan","TKM",2025,11,2025-11-01,0,"WHO"
"4044","Turkmenistan","TKM",2025,12,2025-12-01,0,"WHO"
"4045","Turkmenistan","TKM",2026,1,2026-01-01,NA,NA
"4046","Turkmenistan","TKM",2026,2,2026-02-01,NA,NA
"4047","Turkmenistan","TKM",2026,3,2026-03-01,NA,NA
"4048","Turkmenistan","TKM",2026,4,2026-04-01,NA,NA
"4049","Turkmenistan","TKM",2026,5,2026-05-01,NA,NA
"4050","Turkmenistan","TKM",2026,6,2026-06-01,NA,NA
"4051","Turkmenistan","TKM",2026,7,2026-07-01,NA,NA
"4052","Turkmenistan","TKM",2026,8,2026-08-01,NA,NA
"4053","Turkmenistan","TKM",2026,9,2026-09-01,NA,NA
"4054","Turkmenistan","TKM",2026,10,2026-10-01,NA,NA
"4055","Turkmenistan","TKM",2026,11,2026-11-01,NA,NA
"4056","Turkmenistan","TKM",2026,12,2026-12-01,NA,NA
"4057","Turks and Caicos Islands","TCA",2025,1,2025-01-01,0,"WHO"
"4058","Turks and Caicos Islands","TCA",2025,2,2025-02-01,0,"WHO"
"4059","Turks and Caicos Islands","TCA",2025,3,2025-03-01,0,"WHO"
"4060","Turks and Caicos Islands","TCA",2025,4,2025-04-01,0,"WHO"
"4061","Turks and Caicos Islands","TCA",2025,5,2025-05-01,1,"PAHO"
"4062","Turks and Caicos Islands","TCA",2025,6,2025-06-01,0,"WHO"
"4063","Turks and Caicos Islands","TCA",2025,7,2025-07-01,0,"WHO"
"4064","Turks and Caicos Islands","TCA",2025,8,2025-08-01,0,"WHO"
"4065","Turks and Caicos Islands","TCA",2025,9,2025-09-01,0,"WHO"
"4066","Turks and Caicos Islands","TCA",2025,10,2025-10-01,0,"WHO"
"4067","Turks and Caicos Islands","TCA",2025,11,2025-11-01,NA,"PAHO"
"4068","Turks and Caicos Islands","TCA",2025,12,2025-12-01,NA,"WHO"
"4069","Turks and Caicos Islands","TCA",2026,1,2026-01-01,NA,NA
"4070","Turks and Caicos Islands","TCA",2026,2,2026-02-01,NA,NA
"4071","Turks and Caicos Islands","TCA",2026,3,2026-03-01,NA,NA
"4072","Turks and Caicos Islands","TCA",2026,4,2026-04-01,NA,NA
"4073","Turks and Caicos Islands","TCA",2026,5,2026-05-01,NA,NA
"4074","Turks and Caicos Islands","TCA",2026,6,2026-06-01,NA,NA
"4075","Turks and Caicos Islands","TCA",2026,7,2026-07-01,NA,NA
"4076","Turks and Caicos Islands","TCA",2026,8,2026-08-01,NA,NA
"4077","Turks and Caicos Islands","TCA",2026,9,2026-09-01,NA,NA
"4078","Turks and Caicos Islands","TCA",2026,10,2026-10-01,NA,NA
"4079","Turks and Caicos Islands","TCA",2026,11,2026-11-01,NA,NA
"4080","Turks and Caicos Islands","TCA",2026,12,2026-12-01,NA,NA
"4081","Tuvalu","TUV",2025,1,2025-01-01,0,"WHO"
"4082","Tuvalu","TUV",2025,2,2025-02-01,0,"WHO"
"4083","Tuvalu","TUV",2025,3,2025-03-01,0,"WHO"
"4084","Tuvalu","TUV",2025,4,2025-04-01,0,"WHO"
"4085","Tuvalu","TUV",2025,5,2025-05-01,0,"WHO"
"4086","Tuvalu","TUV",2025,6,2025-06-01,0,"WHO"
"4087","Tuvalu","TUV",2025,7,2025-07-01,0,"WHO"
"4088","Tuvalu","TUV",2025,8,2025-08-01,0,"WHO"
"4089","Tuvalu","TUV",2025,9,2025-09-01,26,"WHO"
"4090","Tuvalu","TUV",2025,10,2025-10-01,3,"WHO"
"4091","Tuvalu","TUV",2025,11,2025-11-01,1,"WHO"
"4092","Tuvalu","TUV",2025,12,2025-12-01,0,"WHO"
"4093","Tuvalu","TUV",2026,1,2026-01-01,NA,NA
"4094","Tuvalu","TUV",2026,2,2026-02-01,NA,NA
"4095","Tuvalu","TUV",2026,3,2026-03-01,NA,NA
"4096","Tuvalu","TUV",2026,4,2026-04-01,NA,NA
"4097","Tuvalu","TUV",2026,5,2026-05-01,NA,NA
"4098","Tuvalu","TUV",2026,6,2026-06-01,NA,NA
"4099","Tuvalu","TUV",2026,7,2026-07-01,NA,NA
"4100","Tuvalu","TUV",2026,8,2026-08-01,NA,NA
"4101","Tuvalu","TUV",2026,9,2026-09-01,NA,NA
"4102","Tuvalu","TUV",2026,10,2026-10-01,NA,NA
"4103","Tuvalu","TUV",2026,11,2026-11-01,NA,NA
"4104","Tuvalu","TUV",2026,12,2026-12-01,NA,NA
"4105","Ukraine","UKR",2025,1,2025-01-01,0,"WHO"
"4106","Ukraine","UKR",2025,2,2025-02-01,0,"WHO"
"4107","Ukraine","UKR",2025,3,2025-03-01,0,"WHO"
"4108","Ukraine","UKR",2025,4,2025-04-01,0,"WHO"
"4109","Ukraine","UKR",2025,5,2025-05-01,0,"WHO"
"4110","Ukraine","UKR",2025,6,2025-06-01,0,"WHO"
"4111","Ukraine","UKR",2025,7,2025-07-01,0,"WHO"
"4112","Ukraine","UKR",2025,8,2025-08-01,0,"WHO"
"4113","Ukraine","UKR",2025,9,2025-09-01,0,"WHO"
"4114","Ukraine","UKR",2025,10,2025-10-01,0,"WHO"
"4115","Ukraine","UKR",2025,11,2025-11-01,0,"WHO"
"4116","Ukraine","UKR",2025,12,2025-12-01,0,"WHO"
"4117","Ukraine","UKR",2026,1,2026-01-01,NA,NA
"4118","Ukraine","UKR",2026,2,2026-02-01,NA,NA
"4119","Ukraine","UKR",2026,3,2026-03-01,NA,NA
"4120","Ukraine","UKR",2026,4,2026-04-01,NA,NA
"4121","Ukraine","UKR",2026,5,2026-05-01,NA,NA
"4122","Ukraine","UKR",2026,6,2026-06-01,NA,NA
"4123","Ukraine","UKR",2026,7,2026-07-01,NA,NA
"4124","Ukraine","UKR",2026,8,2026-08-01,NA,NA
"4125","Ukraine","UKR",2026,9,2026-09-01,NA,NA
"4126","Ukraine","UKR",2026,10,2026-10-01,NA,NA
"4127","Ukraine","UKR",2026,11,2026-11-01,NA,NA
"4128","Ukraine","UKR",2026,12,2026-12-01,NA,NA
"4129","United Kingdom of Great Britain and Northern Ireland","GBR",2025,1,2025-01-01,0,"WHO"
"4130","United Kingdom of Great Britain and Northern Ireland","GBR",2025,2,2025-02-01,0,"WHO"
"4131","United Kingdom of Great Britain and Northern Ireland","GBR",2025,3,2025-03-01,0,"WHO"
"4132","United Kingdom of Great Britain and Northern Ireland","GBR",2025,4,2025-04-01,0,"WHO"
"4133","United Kingdom of Great Britain and Northern Ireland","GBR",2025,5,2025-05-01,0,"WHO"
"4134","United Kingdom of Great Britain and Northern Ireland","GBR",2025,6,2025-06-01,0,"WHO"
"4135","United Kingdom of Great Britain and Northern Ireland","GBR",2025,7,2025-07-01,0,"WHO"
"4136","United Kingdom of Great Britain and Northern Ireland","GBR",2025,8,2025-08-01,0,"WHO"
"4137","United Kingdom of Great Britain and Northern Ireland","GBR",2025,9,2025-09-01,0,"WHO"
"4138","United Kingdom of Great Britain and Northern Ireland","GBR",2025,10,2025-10-01,0,"WHO"
"4139","United Kingdom of Great Britain and Northern Ireland","GBR",2025,11,2025-11-01,0,"WHO"
"4140","United Kingdom of Great Britain and Northern Ireland","GBR",2025,12,2025-12-01,0,"WHO"
"4141","United Kingdom of Great Britain and Northern Ireland","GBR",2026,1,2026-01-01,NA,NA
"4142","United Kingdom of Great Britain and Northern Ireland","GBR",2026,2,2026-02-01,NA,NA
"4143","United Kingdom of Great Britain and Northern Ireland","GBR",2026,3,2026-03-01,NA,NA
"4144","United Kingdom of Great Britain and Northern Ireland","GBR",2026,4,2026-04-01,NA,NA
"4145","United Kingdom of Great Britain and Northern Ireland","GBR",2026,5,2026-05-01,NA,NA
"4146","United Kingdom of Great Britain and Northern Ireland","GBR",2026,6,2026-06-01,NA,NA
"4147","United Kingdom of Great Britain and Northern Ireland","GBR",2026,7,2026-07-01,NA,NA
"4148","United Kingdom of Great Britain and Northern Ireland","GBR",2026,8,2026-08-01,NA,NA
"4149","United Kingdom of Great Britain and Northern Ireland","GBR",2026,9,2026-09-01,NA,NA
"4150","United Kingdom of Great Britain and Northern Ireland","GBR",2026,10,2026-10-01,NA,NA
"4151","United Kingdom of Great Britain and Northern Ireland","GBR",2026,11,2026-11-01,NA,NA
"4152","United Kingdom of Great Britain and Northern Ireland","GBR",2026,12,2026-12-01,NA,NA
"4153","United Republic of Tanzania","TZA",2025,1,2025-01-01,1,"WHO"
"4154","United Republic of Tanzania","TZA",2025,2,2025-02-01,3,"WHO"
"4155","United Republic of Tanzania","TZA",2025,3,2025-03-01,0,"WHO"
"4156","United Republic of Tanzania","TZA",2025,4,2025-04-01,3,"WHO"
"4157","United Republic of Tanzania","TZA",2025,5,2025-05-01,10,"WHO"
"4158","United Republic of Tanzania","TZA",2025,6,2025-06-01,62,"WHO"
"4159","United Republic of Tanzania","TZA",2025,7,2025-07-01,76,"WHO"
"4160","United Republic of Tanzania","TZA",2025,8,2025-08-01,2,"WHO"
"4161","United Republic of Tanzania","TZA",2025,9,2025-09-01,2,"WHO"
"4162","United Republic of Tanzania","TZA",2025,10,2025-10-01,0,"WHO"
"4163","United Republic of Tanzania","TZA",2025,11,2025-11-01,0,"WHO"
"4164","United Republic of Tanzania","TZA",2025,12,2025-12-01,4,"WHO"
"4165","United Republic of Tanzania","TZA",2026,1,2026-01-01,NA,NA
"4166","United Republic of Tanzania","TZA",2026,2,2026-02-01,NA,NA
"4167","United Republic of Tanzania","TZA",2026,3,2026-03-01,NA,NA
"4168","United Republic of Tanzania","TZA",2026,4,2026-04-01,NA,NA
"4169","United Republic of Tanzania","TZA",2026,5,2026-05-01,NA,NA
"4170","United Republic of Tanzania","TZA",2026,6,2026-06-01,NA,NA
"4171","United Republic of Tanzania","TZA",2026,7,2026-07-01,NA,NA
"4172","United Republic of Tanzania","TZA",2026,8,2026-08-01,NA,NA
"4173","United Republic of Tanzania","TZA",2026,9,2026-09-01,NA,NA
"4174","United Republic of Tanzania","TZA",2026,10,2026-10-01,NA,NA
"4175","United Republic of Tanzania","TZA",2026,11,2026-11-01,NA,NA
"4176","United Republic of Tanzania","TZA",2026,12,2026-12-01,NA,NA
"4177","United States of America","USA",2025,1,2025-01-01,78,"PAHO"
"4178","United States of America","USA",2025,2,2025-02-01,65,"PAHO"
"4179","United States of America","USA",2025,3,2025-03-01,71,"PAHO"
"4180","United States of America","USA",2025,4,2025-04-01,62,"PAHO"
"4181","United States of America","USA",2025,5,2025-05-01,46,"PAHO"
"4182","United States of America","USA",2025,6,2025-06-01,79,"PAHO"
"4183","United States of America","USA",2025,7,2025-07-01,79,"PAHO"
"4184","United States of America","USA",2025,8,2025-08-01,120,"PAHO"
"4185","United States of America","USA",2025,9,2025-09-01,213,"PAHO"
"4186","United States of America","USA",2025,10,2025-10-01,133,"PAHO"
"4187","United States of America","USA",2025,11,2025-11-01,132,"PAHO"
"4188","United States of America","USA",2025,12,2025-12-01,75,"PAHO"
"4189","United States of America","USA",2026,1,2026-01-01,22,"PAHO"
"4190","United States of America","USA",2026,2,2026-02-01,NA,NA
"4191","United States of America","USA",2026,3,2026-03-01,NA,NA
"4192","United States of America","USA",2026,4,2026-04-01,NA,NA
"4193","United States of America","USA",2026,5,2026-05-01,NA,NA
"4194","United States of America","USA",2026,6,2026-06-01,NA,NA
"4195","United States of America","USA",2026,7,2026-07-01,NA,NA
"4196","United States of America","USA",2026,8,2026-08-01,NA,NA
"4197","United States of America","USA",2026,9,2026-09-01,NA,NA
"4198","United States of America","USA",2026,10,2026-10-01,NA,NA
"4199","United States of America","USA",2026,11,2026-11-01,NA,NA
"4200","United States of America","USA",2026,12,2026-12-01,NA,NA
"4201","United States Virgin Islands","VIR",2025,1,2025-01-01,NA,NA
"4202","United States Virgin Islands","VIR",2025,2,2025-02-01,NA,NA
"4203","United States Virgin Islands","VIR",2025,3,2025-03-01,NA,NA
"4204","United States Virgin Islands","VIR",2025,4,2025-04-01,0,"WHO"
"4205","United States Virgin Islands","VIR",2025,5,2025-05-01,NA,NA
"4206","United States Virgin Islands","VIR",2025,6,2025-06-01,NA,NA
"4207","United States Virgin Islands","VIR",2025,7,2025-07-01,0,"WHO"
"4208","United States Virgin Islands","VIR",2025,8,2025-08-01,0,"WHO"
"4209","United States Virgin Islands","VIR",2025,9,2025-09-01,0,"WHO"
"4210","United States Virgin Islands","VIR",2025,10,2025-10-01,0,"WHO"
"4211","United States Virgin Islands","VIR",2025,11,2025-11-01,0,"WHO"
"4212","United States Virgin Islands","VIR",2025,12,2025-12-01,0,"WHO"
"4213","United States Virgin Islands","VIR",2026,1,2026-01-01,NA,NA
"4214","United States Virgin Islands","VIR",2026,2,2026-02-01,NA,NA
"4215","United States Virgin Islands","VIR",2026,3,2026-03-01,NA,NA
"4216","United States Virgin Islands","VIR",2026,4,2026-04-01,NA,NA
"4217","United States Virgin Islands","VIR",2026,5,2026-05-01,NA,NA
"4218","United States Virgin Islands","VIR",2026,6,2026-06-01,NA,NA
"4219","United States Virgin Islands","VIR",2026,7,2026-07-01,NA,NA
"4220","United States Virgin Islands","VIR",2026,8,2026-08-01,NA,NA
"4221","United States Virgin Islands","VIR",2026,9,2026-09-01,NA,NA
"4222","United States Virgin Islands","VIR",2026,10,2026-10-01,NA,NA
"4223","United States Virgin Islands","VIR",2026,11,2026-11-01,NA,NA
"4224","United States Virgin Islands","VIR",2026,12,2026-12-01,NA,NA
"4225","Uruguay","URY",2025,1,2025-01-01,0,"WHO"
"4226","Uruguay","URY",2025,2,2025-02-01,0,"WHO"
"4227","Uruguay","URY",2025,3,2025-03-01,1,"PAHO"
"4228","Uruguay","URY",2025,4,2025-04-01,1,"PAHO"
"4229","Uruguay","URY",2025,5,2025-05-01,4,"PAHO"
"4230","Uruguay","URY",2025,6,2025-06-01,0,"WHO"
"4231","Uruguay","URY",2025,7,2025-07-01,0,"WHO"
"4232","Uruguay","URY",2025,8,2025-08-01,0,"WHO"
"4233","Uruguay","URY",2025,9,2025-09-01,0,"WHO"
"4234","Uruguay","URY",2025,10,2025-10-01,0,"WHO"
"4235","Uruguay","URY",2025,11,2025-11-01,1,"PAHO"
"4236","Uruguay","URY",2025,12,2025-12-01,0,"WHO"
"4237","Uruguay","URY",2026,1,2026-01-01,NA,"PAHO"
"4238","Uruguay","URY",2026,2,2026-02-01,NA,NA
"4239","Uruguay","URY",2026,3,2026-03-01,NA,NA
"4240","Uruguay","URY",2026,4,2026-04-01,NA,NA
"4241","Uruguay","URY",2026,5,2026-05-01,NA,NA
"4242","Uruguay","URY",2026,6,2026-06-01,NA,NA
"4243","Uruguay","URY",2026,7,2026-07-01,NA,NA
"4244","Uruguay","URY",2026,8,2026-08-01,NA,NA
"4245","Uruguay","URY",2026,9,2026-09-01,NA,NA
"4246","Uruguay","URY",2026,10,2026-10-01,NA,NA
"4247","Uruguay","URY",2026,11,2026-11-01,NA,NA
"4248","Uruguay","URY",2026,12,2026-12-01,NA,NA
"4249","Uzbekistan","UZB",2025,1,2025-01-01,0,"WHO"
"4250","Uzbekistan","UZB",2025,2,2025-02-01,0,"WHO"
"4251","Uzbekistan","UZB",2025,3,2025-03-01,0,"WHO"
"4252","Uzbekistan","UZB",2025,4,2025-04-01,0,"WHO"
"4253","Uzbekistan","UZB",2025,5,2025-05-01,0,"WHO"
"4254","Uzbekistan","UZB",2025,6,2025-06-01,0,"WHO"
"4255","Uzbekistan","UZB",2025,7,2025-07-01,0,"WHO"
"4256","Uzbekistan","UZB",2025,8,2025-08-01,0,"WHO"
"4257","Uzbekistan","UZB",2025,9,2025-09-01,0,"WHO"
"4258","Uzbekistan","UZB",2025,10,2025-10-01,0,"WHO"
"4259","Uzbekistan","UZB",2025,11,2025-11-01,0,"WHO"
"4260","Uzbekistan","UZB",2025,12,2025-12-01,0,"WHO"
"4261","Uzbekistan","UZB",2026,1,2026-01-01,NA,NA
"4262","Uzbekistan","UZB",2026,2,2026-02-01,NA,NA
"4263","Uzbekistan","UZB",2026,3,2026-03-01,NA,NA
"4264","Uzbekistan","UZB",2026,4,2026-04-01,NA,NA
"4265","Uzbekistan","UZB",2026,5,2026-05-01,NA,NA
"4266","Uzbekistan","UZB",2026,6,2026-06-01,NA,NA
"4267","Uzbekistan","UZB",2026,7,2026-07-01,NA,NA
"4268","Uzbekistan","UZB",2026,8,2026-08-01,NA,NA
"4269","Uzbekistan","UZB",2026,9,2026-09-01,NA,NA
"4270","Uzbekistan","UZB",2026,10,2026-10-01,NA,NA
"4271","Uzbekistan","UZB",2026,11,2026-11-01,NA,NA
"4272","Uzbekistan","UZB",2026,12,2026-12-01,NA,NA
"4273","Vanuatu","VUT",2025,1,2025-01-01,74,"WHO"
"4274","Vanuatu","VUT",2025,2,2025-02-01,10,"WHO"
"4275","Vanuatu","VUT",2025,3,2025-03-01,0,"WHO"
"4276","Vanuatu","VUT",2025,4,2025-04-01,1,"WHO"
"4277","Vanuatu","VUT",2025,5,2025-05-01,0,"WHO"
"4278","Vanuatu","VUT",2025,6,2025-06-01,0,"WHO"
"4279","Vanuatu","VUT",2025,7,2025-07-01,1,"WHO"
"4280","Vanuatu","VUT",2025,8,2025-08-01,0,"WHO"
"4281","Vanuatu","VUT",2025,9,2025-09-01,2,"WHO"
"4282","Vanuatu","VUT",2025,10,2025-10-01,4,"WHO"
"4283","Vanuatu","VUT",2025,11,2025-11-01,12,"WHO"
"4284","Vanuatu","VUT",2025,12,2025-12-01,26,"WHO"
"4285","Vanuatu","VUT",2026,1,2026-01-01,NA,NA
"4286","Vanuatu","VUT",2026,2,2026-02-01,NA,NA
"4287","Vanuatu","VUT",2026,3,2026-03-01,NA,NA
"4288","Vanuatu","VUT",2026,4,2026-04-01,NA,NA
"4289","Vanuatu","VUT",2026,5,2026-05-01,NA,NA
"4290","Vanuatu","VUT",2026,6,2026-06-01,NA,NA
"4291","Vanuatu","VUT",2026,7,2026-07-01,NA,NA
"4292","Vanuatu","VUT",2026,8,2026-08-01,NA,NA
"4293","Vanuatu","VUT",2026,9,2026-09-01,NA,NA
"4294","Vanuatu","VUT",2026,10,2026-10-01,NA,NA
"4295","Vanuatu","VUT",2026,11,2026-11-01,NA,NA
"4296","Vanuatu","VUT",2026,12,2026-12-01,NA,NA
"4297","Viet Nam","VNM",2025,1,2025-01-01,8655,"WHO"
"4298","Viet Nam","VNM",2025,2,2025-02-01,4923,"WHO"
"4299","Viet Nam","VNM",2025,3,2025-03-01,2903,"WHO"
"4300","Viet Nam","VNM",2025,4,2025-04-01,2654,"WHO"
"4301","Viet Nam","VNM",2025,5,2025-05-01,4792,"WHO"
"4302","Viet Nam","VNM",2025,6,2025-06-01,4860,"WHO"
"4303","Viet Nam","VNM",2025,7,2025-07-01,NA,NA
"4304","Viet Nam","VNM",2025,8,2025-08-01,NA,NA
"4305","Viet Nam","VNM",2025,9,2025-09-01,NA,NA
"4306","Viet Nam","VNM",2025,10,2025-10-01,NA,NA
"4307","Viet Nam","VNM",2025,11,2025-11-01,NA,NA
"4308","Viet Nam","VNM",2025,12,2025-12-01,NA,NA
"4309","Viet Nam","VNM",2026,1,2026-01-01,NA,NA
"4310","Viet Nam","VNM",2026,2,2026-02-01,NA,NA
"4311","Viet Nam","VNM",2026,3,2026-03-01,NA,NA
"4312","Viet Nam","VNM",2026,4,2026-04-01,NA,NA
"4313","Viet Nam","VNM",2026,5,2026-05-01,NA,NA
"4314","Viet Nam","VNM",2026,6,2026-06-01,NA,NA
"4315","Viet Nam","VNM",2026,7,2026-07-01,NA,NA
"4316","Viet Nam","VNM",2026,8,2026-08-01,NA,NA
"4317","Viet Nam","VNM",2026,9,2026-09-01,NA,NA
"4318","Viet Nam","VNM",2026,10,2026-10-01,NA,NA
"4319","Viet Nam","VNM",2026,11,2026-11-01,NA,NA
"4320","Viet Nam","VNM",2026,12,2026-12-01,NA,NA
"4321","Virgin Islands (UK)","VGB",2025,1,2025-01-01,11,"PAHO"
"4322","Virgin Islands (UK)","VGB",2025,2,2025-02-01,4,"PAHO"
"4323","Virgin Islands (UK)","VGB",2025,3,2025-03-01,6,"PAHO"
"4324","Virgin Islands (UK)","VGB",2025,4,2025-04-01,4,"PAHO"
"4325","Virgin Islands (UK)","VGB",2025,5,2025-05-01,1,"PAHO"
"4326","Virgin Islands (UK)","VGB",2025,6,2025-06-01,1,"PAHO"
"4327","Virgin Islands (UK)","VGB",2025,7,2025-07-01,1,"PAHO"
"4328","Virgin Islands (UK)","VGB",2025,8,2025-08-01,NA,NA
"4329","Virgin Islands (UK)","VGB",2025,9,2025-09-01,8,"PAHO"
"4330","Virgin Islands (UK)","VGB",2025,10,2025-10-01,NA,NA
"4331","Virgin Islands (UK)","VGB",2025,11,2025-11-01,10,"PAHO"
"4332","Virgin Islands (UK)","VGB",2025,12,2025-12-01,NA,NA
"4333","Virgin Islands (UK)","VGB",2026,1,2026-01-01,NA,NA
"4334","Virgin Islands (UK)","VGB",2026,2,2026-02-01,NA,NA
"4335","Virgin Islands (UK)","VGB",2026,3,2026-03-01,NA,NA
"4336","Virgin Islands (UK)","VGB",2026,4,2026-04-01,NA,NA
"4337","Virgin Islands (UK)","VGB",2026,5,2026-05-01,NA,NA
"4338","Virgin Islands (UK)","VGB",2026,6,2026-06-01,NA,NA
"4339","Virgin Islands (UK)","VGB",2026,7,2026-07-01,NA,NA
"4340","Virgin Islands (UK)","VGB",2026,8,2026-08-01,NA,NA
"4341","Virgin Islands (UK)","VGB",2026,9,2026-09-01,NA,NA
"4342","Virgin Islands (UK)","VGB",2026,10,2026-10-01,NA,NA
"4343","Virgin Islands (UK)","VGB",2026,11,2026-11-01,NA,NA
"4344","Virgin Islands (UK)","VGB",2026,12,2026-12-01,NA,NA
"4345","Virgin Islands (US)","VIR",2025,1,2025-01-01,1,"PAHO"
"4346","Virgin Islands (US)","VIR",2025,2,2025-02-01,32,"PAHO"
"4347","Virgin Islands (US)","VIR",2025,3,2025-03-01,8,"PAHO"
"4348","Virgin Islands (US)","VIR",2025,4,2025-04-01,NA,NA
"4349","Virgin Islands (US)","VIR",2025,5,2025-05-01,4,"PAHO"
"4350","Virgin Islands (US)","VIR",2025,6,2025-06-01,2,"PAHO"
"4351","Virgin Islands (US)","VIR",2025,7,2025-07-01,NA,NA
"4352","Virgin Islands (US)","VIR",2025,8,2025-08-01,NA,NA
"4353","Virgin Islands (US)","VIR",2025,9,2025-09-01,NA,NA
"4354","Virgin Islands (US)","VIR",2025,10,2025-10-01,NA,NA
"4355","Virgin Islands (US)","VIR",2025,11,2025-11-01,NA,NA
"4356","Virgin Islands (US)","VIR",2025,12,2025-12-01,NA,NA
"4357","Virgin Islands (US)","VIR",2026,1,2026-01-01,NA,"PAHO"
"4358","Virgin Islands (US)","VIR",2026,2,2026-02-01,NA,NA
"4359","Virgin Islands (US)","VIR",2026,3,2026-03-01,NA,NA
"4360","Virgin Islands (US)","VIR",2026,4,2026-04-01,NA,NA
"4361","Virgin Islands (US)","VIR",2026,5,2026-05-01,NA,NA
"4362","Virgin Islands (US)","VIR",2026,6,2026-06-01,NA,NA
"4363","Virgin Islands (US)","VIR",2026,7,2026-07-01,NA,NA
"4364","Virgin Islands (US)","VIR",2026,8,2026-08-01,NA,NA
"4365","Virgin Islands (US)","VIR",2026,9,2026-09-01,NA,NA
"4366","Virgin Islands (US)","VIR",2026,10,2026-10-01,NA,NA
"4367","Virgin Islands (US)","VIR",2026,11,2026-11-01,NA,NA
"4368","Virgin Islands (US)","VIR",2026,12,2026-12-01,NA,NA
"4369","Wallis and Futuna","WLF",2025,1,2025-01-01,7,"WHO"
"4370","Wallis and Futuna","WLF",2025,2,2025-02-01,4,"WHO"
"4371","Wallis and Futuna","WLF",2025,3,2025-03-01,2,"WHO"
"4372","Wallis and Futuna","WLF",2025,4,2025-04-01,1,"WHO"
"4373","Wallis and Futuna","WLF",2025,5,2025-05-01,1,"WHO"
"4374","Wallis and Futuna","WLF",2025,6,2025-06-01,1,"WHO"
"4375","Wallis and Futuna","WLF",2025,7,2025-07-01,3,"WHO"
"4376","Wallis and Futuna","WLF",2025,8,2025-08-01,2,"WHO"
"4377","Wallis and Futuna","WLF",2025,9,2025-09-01,2,"WHO"
"4378","Wallis and Futuna","WLF",2025,10,2025-10-01,3,"WHO"
"4379","Wallis and Futuna","WLF",2025,11,2025-11-01,3,"WHO"
"4380","Wallis and Futuna","WLF",2025,12,2025-12-01,NA,NA
"4381","Wallis and Futuna","WLF",2026,1,2026-01-01,NA,NA
"4382","Wallis and Futuna","WLF",2026,2,2026-02-01,NA,NA
"4383","Wallis and Futuna","WLF",2026,3,2026-03-01,NA,NA
"4384","Wallis and Futuna","WLF",2026,4,2026-04-01,NA,NA
"4385","Wallis and Futuna","WLF",2026,5,2026-05-01,NA,NA
"4386","Wallis and Futuna","WLF",2026,6,2026-06-01,NA,NA
"4387","Wallis and Futuna","WLF",2026,7,2026-07-01,NA,NA
"4388","Wallis and Futuna","WLF",2026,8,2026-08-01,NA,NA
"4389","Wallis and Futuna","WLF",2026,9,2026-09-01,NA,NA
"4390","Wallis and Futuna","WLF",2026,10,2026-10-01,NA,NA
"4391","Wallis and Futuna","WLF",2026,11,2026-11-01,NA,NA
"4392","Wallis and Futuna","WLF",2026,12,2026-12-01,NA,NA
