"country","iso3","year","ext_date","EW","onset_date","total_den","total_corrected_cases","total_applied_cases","d","rf","correction_applied","correction_excluded","correction_reason"
"Canada","CAN",2024,"20260921",10,2024-03-04,0,NA,0,133,NA,FALSE,TRUE,"no_lookup_match"
"Canada","CAN",2025,"20260921",10,2025-03-03,0,NA,0,81,NA,FALSE,TRUE,"no_lookup_match"
"Canada","CAN",2026,"20260921",10,2026-03-02,0,NA,0,29,NA,FALSE,TRUE,"no_lookup_match"
"United States of America","USA",2024,"20260921",10,2024-03-04,220,NA,220,133,NA,FALSE,TRUE,"no_lookup_match"
"United States of America","USA",2025,"20260921",10,2025-03-03,156,NA,156,81,NA,FALSE,TRUE,"no_lookup_match"
"United States of America","USA",2026,"20260921",10,2026-03-02,54,NA,54,29,NA,FALSE,TRUE,"no_lookup_match"
"Belize","BLZ",2024,"20260921",10,2024-03-04,159,NA,159,133,NA,FALSE,TRUE,"country_excluded"
"Belize","BLZ",2025,"20260921",10,2025-03-03,129,NA,129,81,NA,FALSE,TRUE,"country_excluded"
"Belize","BLZ",2026,"20260921",10,2026-03-02,263,NA,263,29,NA,FALSE,TRUE,"country_excluded"
"Costa Rica","CRI",2024,"20260921",10,2024-03-04,5415,NA,5415,133,NA,FALSE,TRUE,"no_lookup_match"
"Costa Rica","CRI",2025,"20260921",10,2025-03-03,852,NA,852,81,NA,FALSE,TRUE,"no_lookup_match"
"Costa Rica","CRI",2026,"20260921",10,2026-03-02,428,433,433,29,1.01258044184865,TRUE,FALSE,"applied_mean"
"El Salvador","SLV",2025,"20260921",10,2025-03-03,866,NA,866,81,NA,FALSE,TRUE,"no_lookup_match"
"El Salvador","SLV",2024,"20260921",10,2024-03-04,1101,NA,1101,133,NA,FALSE,TRUE,"no_lookup_match"
"El Salvador","SLV",2026,"20260921",10,2026-03-02,1196,1196,1196,29,1,TRUE,FALSE,"applied_mean"
"Guatemala","GTM",2025,"20260921",10,2025-03-03,9040,NA,9040,81,NA,FALSE,TRUE,"no_lookup_match"
"Guatemala","GTM",2026,"20260921",10,2026-03-02,6358,7493,7493,29,1.17853530056382,TRUE,FALSE,"applied_mean"
"Guatemala","GTM",2024,"20260921",10,2024-03-04,13533,NA,13533,133,NA,FALSE,TRUE,"no_lookup_match"
"Honduras","HND",2025,"20260921",10,2025-03-03,3085,NA,3085,81,NA,FALSE,TRUE,"no_lookup_match"
"Honduras","HND",2024,"20260921",10,2024-03-04,7856,NA,7856,133,NA,FALSE,TRUE,"no_lookup_match"
"Honduras","HND",2026,"20260921",10,2026-03-02,1896,1896,1896,29,1,TRUE,FALSE,"applied_mean"
"Mexico","MEX",2024,"20260921",10,2024-03-04,38656,NA,38656,133,NA,FALSE,TRUE,"no_lookup_match"
"Mexico","MEX",2025,"20260921",10,2025-03-03,21459,NA,21459,81,NA,FALSE,TRUE,"no_lookup_match"
"Mexico","MEX",2026,"20260921",10,2026-03-02,12100,12093,12093,29,0.999412826036046,TRUE,FALSE,"applied_mean"
"Nicaragua","NIC",2025,"20260921",4,2025-01-20,5702,NA,5702,87,NA,FALSE,TRUE,"no_lookup_match"
"Nicaragua","NIC",2024,"20260921",10,2024-03-04,17335,NA,17335,133,NA,FALSE,TRUE,"no_lookup_match"
"Panama","PAN",2024,"20260921",10,2024-03-04,4013,NA,4013,133,NA,FALSE,TRUE,"no_lookup_match"
"Panama","PAN",2025,"20260921",10,2025-03-03,3952,NA,3952,81,NA,FALSE,TRUE,"no_lookup_match"
"Panama","PAN",2026,"20260921",10,2026-03-02,1953,1910,1910,29,0.97788053875446,TRUE,FALSE,"applied_mean"
"Bolivia","BOL",2024,"20260921",10,2024-03-04,17269,NA,17269,133,NA,FALSE,TRUE,"no_lookup_match"
"Bolivia","BOL",2025,"20260921",10,2025-03-03,8360,NA,8360,81,NA,FALSE,TRUE,"no_lookup_match"
"Bolivia","BOL",2026,"20260921",10,2026-03-02,34585,36653,36653,29,1.05980870664684,TRUE,FALSE,"applied_mean"
"Colombia","COL",2025,"20260921",10,2025-03-03,37883,NA,37883,81,NA,FALSE,TRUE,"no_lookup_match"
"Colombia","COL",2024,"20260921",10,2024-03-04,62926,NA,62926,133,NA,FALSE,TRUE,"no_lookup_match"
"Colombia","COL",2026,"20260921",10,2026-03-02,23111,23111,23111,29,1,TRUE,FALSE,"applied_mean"
"Ecuador","ECU",2024,"20260921",10,2024-03-04,11415,NA,11415,133,NA,FALSE,TRUE,"no_lookup_match"
"Ecuador","ECU",2025,"20260921",10,2025-03-03,9566,NA,9566,81,NA,FALSE,TRUE,"no_lookup_match"
"Ecuador","ECU",2026,"20260921",10,2026-03-02,4565,4575,4575,29,1.00217407097381,TRUE,FALSE,"applied_mean"
"Peru","PER",2024,"20260921",10,2024-03-04,64554,NA,64554,133,NA,FALSE,TRUE,"no_lookup_match"
"Peru","PER",2025,"20260921",10,2025-03-03,11884,NA,11884,81,NA,FALSE,TRUE,"no_lookup_match"
"Peru","PER",2026,"20260921",10,2026-03-02,5703,5536,5536,29,0.970734647658144,TRUE,FALSE,"applied_mean"
"Venezuela","VEN",2024,"20260921",10,2024-03-04,6365,NA,6365,133,NA,FALSE,TRUE,"no_lookup_match"
"Venezuela","VEN",2025,"20260921",10,2025-03-03,11685,NA,11685,81,NA,FALSE,TRUE,"no_lookup_match"
"Venezuela","VEN",2026,"20260921",10,2026-03-02,4089,NA,4089,29,NA,FALSE,TRUE,"no_lookup_match"
"Argentina","ARG",2026,"20260921",10,2026-03-02,22,25,25,29,1.14223934041849,TRUE,FALSE,"applied_mean"
"Argentina","ARG",2024,"20260921",10,2024-03-04,151323,NA,151323,133,NA,FALSE,TRUE,"no_lookup_match"
"Argentina","ARG",2025,"20260921",10,2025-03-03,2541,NA,2541,81,NA,FALSE,TRUE,"no_lookup_match"
"Brazil","BRA",2024,"20260921",10,2024-03-04,3046664,NA,3046664,133,NA,FALSE,TRUE,"no_lookup_match"
"Brazil","BRA",2025,"20260921",10,2025-03-03,1190251,NA,1190251,81,NA,FALSE,TRUE,"no_lookup_match"
"Brazil","BRA",2026,"20260921",10,2026-03-02,403121,400809,400809,29,0.994263622321808,TRUE,FALSE,"applied_mean"
"Chile","CHL",2024,"20260921",10,2024-03-04,0,NA,0,133,NA,FALSE,TRUE,"no_lookup_match"
"Chile","CHL",2025,"20260921",10,2025-03-03,0,NA,0,81,NA,FALSE,TRUE,"no_lookup_match"
"Chile","CHL",2026,"20260921",10,2026-03-02,14,NA,14,29,NA,FALSE,TRUE,"no_lookup_match"
"Paraguay","PRY",2024,"20260921",10,2024-03-04,181726,NA,181726,133,NA,FALSE,TRUE,"no_lookup_match"
"Paraguay","PRY",2026,"20260921",10,2026-03-02,5105,5100,5100,29,0.998998895999568,TRUE,FALSE,"applied_mean"
"Paraguay","PRY",2025,"20260921",10,2025-03-03,9681,NA,9681,81,NA,FALSE,TRUE,"no_lookup_match"
"Uruguay","URY",2024,"20260921",10,2024-03-04,98,NA,98,133,NA,FALSE,TRUE,"no_lookup_match"
"Uruguay","URY",2025,"20260921",10,2025-03-03,0,NA,0,81,NA,FALSE,TRUE,"no_lookup_match"
"Uruguay","URY",2026,"20260921",10,2026-03-02,0,0,0,29,1,TRUE,FALSE,"applied_mean"
"Cuba","CUB",2026,"20260921",10,2026-03-02,912,NA,912,29,NA,FALSE,TRUE,"no_lookup_match"
"Dominican Republic","DOM",2024,"20260921",10,2024-03-04,5394,NA,5394,133,NA,FALSE,TRUE,"no_lookup_match"
"Dominican Republic","DOM",2025,"20260921",10,2025-03-03,407,NA,407,81,NA,FALSE,TRUE,"no_lookup_match"
"Dominican Republic","DOM",2026,"20260921",10,2026-03-02,238,238,238,29,1,TRUE,FALSE,"applied_mean"
"Puerto Rico","PRI",2024,"20260921",10,2024-03-04,571,NA,571,133,NA,FALSE,TRUE,"no_lookup_match"
"Puerto Rico","PRI",2025,"20260921",10,2025-03-03,1124,NA,1124,81,NA,FALSE,TRUE,"no_lookup_match"
"Puerto Rico","PRI",2026,"20260921",10,2026-03-02,391,391,391,29,1,TRUE,FALSE,"applied_mean"
"Anguilla","AIA",2025,"20260921",10,2025-03-03,0,NA,0,81,NA,FALSE,TRUE,"no_lookup_match"
"Anguilla","AIA",2026,"20260921",10,2026-03-02,0,0,0,29,1,TRUE,FALSE,"applied_mean"
"Antigua and Barbuda","ATG",2025,"20260921",10,2025-03-03,0,NA,0,81,NA,FALSE,TRUE,"no_lookup_match"
"Antigua and Barbuda","ATG",2026,"20260921",10,2026-03-02,4,4,4,29,1,TRUE,FALSE,"applied_mean"
"Antigua and Barbuda","ATG",2024,"20260921",4,2024-01-22,41,NA,41,139,NA,FALSE,TRUE,"no_lookup_match"
"Aruba","ABW",2024,"20260921",10,2024-03-04,10,NA,10,133,NA,FALSE,TRUE,"no_lookup_match"
"Aruba","ABW",2025,"20260921",10,2025-03-03,2,NA,2,81,NA,FALSE,TRUE,"no_lookup_match"
"Bahamas","BHS",2024,"20260921",8,2024-02-19,0,NA,0,135,NA,FALSE,TRUE,"no_lookup_match"
"Bahamas","BHS",2026,"20260921",10,2026-03-02,0,0,0,29,1,TRUE,FALSE,"applied_mean"
"Barbados","BRB",2025,"20260921",10,2025-03-03,48,NA,48,81,NA,FALSE,TRUE,"no_lookup_match"
"Barbados","BRB",2026,"20260921",10,2026-03-02,24,22,22,29,0.929862605163974,TRUE,FALSE,"applied_mean"
"Barbados","BRB",2024,"20260921",10,2024-03-04,840,NA,840,133,NA,FALSE,TRUE,"no_lookup_match"
"Bermuda","BMU",2024,"20260921",10,2024-03-04,0,NA,0,133,NA,FALSE,TRUE,"no_lookup_match"
"Bermuda","BMU",2025,"20260921",10,2025-03-03,0,NA,0,81,NA,FALSE,TRUE,"no_lookup_match"
"Bermuda","BMU",2026,"20260921",10,2026-03-02,1,1,1,29,1,TRUE,FALSE,"applied_mean"
"Bonaire, Saint Eustatius and Saba","BES",2024,"20260921",10,2024-03-04,177,NA,177,133,NA,FALSE,TRUE,"no_lookup_match"
"Cayman Islands","CYM",2024,"20260921",10,2024-03-04,3,NA,3,133,NA,FALSE,TRUE,"no_lookup_match"
"Cayman Islands","CYM",2025,"20260921",10,2025-03-03,0,NA,0,81,NA,FALSE,TRUE,"no_lookup_match"
"Cayman Islands","CYM",2026,"20260921",10,2026-03-02,0,0,0,29,1,TRUE,FALSE,"applied_mean"
"Curaçao","CUW",2024,"20260921",10,2024-03-04,181,NA,181,133,NA,FALSE,TRUE,"no_lookup_match"
"French Guiana","GUF",2024,"20260921",10,2024-03-04,9449,NA,9449,133,NA,FALSE,TRUE,"no_lookup_match"
"French Guiana","GUF",2026,"20260921",10,2026-03-02,4,4,4,29,1,TRUE,FALSE,"applied_mean"
"Grenada","GRD",2024,"20260921",10,2024-03-04,88,NA,88,133,NA,FALSE,TRUE,"no_lookup_match"
"Grenada","GRD",2025,"20260921",10,2025-03-03,38,NA,38,81,NA,FALSE,TRUE,"no_lookup_match"
"Grenada","GRD",2026,"20260921",10,2026-03-02,33,33,33,29,1,TRUE,FALSE,"applied_mean"
"Guadeloupe","GLP",2026,"20260921",10,2026-03-02,188,188,188,29,1,TRUE,FALSE,"applied_mean"
"Guadeloupe","GLP",2024,"20260921",10,2024-03-04,2340,NA,2340,133,NA,FALSE,TRUE,"no_lookup_match"
"Guadeloupe","GLP",2025,"20260921",10,2025-03-03,3340,NA,3340,81,NA,FALSE,TRUE,"no_lookup_match"
"Guyana","GUY",2024,"20260921",10,2024-03-04,8286,NA,8286,133,NA,FALSE,TRUE,"no_lookup_match"
"Guyana","GUY",2025,"20260921",10,2025-03-03,10545,NA,10545,81,NA,FALSE,TRUE,"no_lookup_match"
"Guyana","GUY",2026,"20260921",10,2026-03-02,20922,21664,21664,29,1.03547697998504,TRUE,FALSE,"applied_mean"
"Jamaica","JAM",2024,"20260921",10,2024-03-04,815,NA,815,133,NA,FALSE,TRUE,"no_lookup_match"
"Jamaica","JAM",2025,"20260921",10,2025-03-03,104,NA,104,81,NA,FALSE,TRUE,"no_lookup_match"
"Jamaica","JAM",2026,"20260921",10,2026-03-02,64,64,64,29,1,TRUE,FALSE,"applied_mean"
"Martinique","MTQ",2025,"20260921",10,2025-03-03,420,NA,420,81,NA,FALSE,TRUE,"no_lookup_match"
"Martinique","MTQ",2024,"20260921",10,2024-03-04,3715,NA,3715,133,NA,FALSE,TRUE,"no_lookup_match"
"Martinique","MTQ",2026,"20260921",10,2026-03-02,680,680,680,29,1,TRUE,FALSE,"applied_mean"
"Montserrat","MSR",2024,"20260921",10,2024-03-04,1,NA,1,133,NA,FALSE,TRUE,"no_lookup_match"
"Montserrat","MSR",2025,"20260921",10,2025-03-03,0,NA,0,81,NA,FALSE,TRUE,"no_lookup_match"
"Montserrat","MSR",2026,"20260921",10,2026-03-02,0,0,0,29,1,TRUE,FALSE,"applied_mean"
"Saint Barthelemy","BLM",2025,"20260921",10,2025-03-03,18,NA,18,81,NA,FALSE,TRUE,"no_lookup_match"
"Saint Barthelemy","BLM",2026,"20260921",10,2026-03-02,0,0,0,29,1,TRUE,FALSE,"applied_mean"
"Saint Barthelemy","BLM",2024,"20260921",10,2024-03-04,108,NA,108,133,NA,FALSE,TRUE,"no_lookup_match"
"Saint Kitts and Nevis","KNA",2024,"20260921",10,2024-03-04,142,NA,142,133,NA,FALSE,TRUE,"no_lookup_match"
"Saint Kitts and Nevis","KNA",2025,"20260921",10,2025-03-03,4,NA,4,81,NA,FALSE,TRUE,"no_lookup_match"
"Saint Kitts and Nevis","KNA",2026,"20260921",10,2026-03-02,6,6,6,29,1.00918534753313,TRUE,FALSE,"applied_mean"
"Saint Lucia","LCA",2024,"20260921",10,2024-03-04,4,NA,4,133,NA,FALSE,TRUE,"no_lookup_match"
"Saint Lucia","LCA",2025,"20260921",10,2025-03-03,20,NA,20,81,NA,FALSE,TRUE,"no_lookup_match"
"Saint Lucia","LCA",2026,"20260921",10,2026-03-02,1,1,1,29,1,TRUE,FALSE,"applied_mean"
"Saint Martin",NA,2025,"20260921",10,2025-03-03,70,NA,70,81,NA,FALSE,TRUE,"no_lookup_match"
"Saint Martin",NA,2026,"20260921",10,2026-03-02,4,NA,4,29,NA,FALSE,TRUE,"no_lookup_match"
"Saint Martin",NA,2024,"20260921",10,2024-03-04,404,NA,404,133,NA,FALSE,TRUE,"no_lookup_match"
"Saint Vincent and the Grenadines","VCT",2025,"20260921",10,2025-03-03,2,NA,2,81,NA,FALSE,TRUE,"no_lookup_match"
"Saint Vincent and the Grenadines","VCT",2026,"20260921",10,2026-03-02,2,2,2,29,1,TRUE,FALSE,"applied_mean"
"Sint Maarten","SXM",2024,"20260921",10,2024-03-04,95,NA,95,133,NA,FALSE,TRUE,"no_lookup_match"
"Sint Maarten","SXM",2025,"20260921",10,2025-03-03,0,NA,0,81,NA,FALSE,TRUE,"no_lookup_match"
"Suriname","SUR",2024,"20260921",10,2024-03-04,71,NA,71,133,NA,FALSE,TRUE,"no_lookup_match"
"Suriname","SUR",2025,"20260921",10,2025-03-03,292,NA,292,81,NA,FALSE,TRUE,"no_lookup_match"
"Suriname","SUR",2026,"20260921",10,2026-03-02,300,300,300,29,1,TRUE,FALSE,"applied_mean"
"Trinidad and Tobago","TTO",2025,"20260921",10,2025-03-03,0,NA,0,81,NA,FALSE,TRUE,"no_lookup_match"
"Trinidad and Tobago","TTO",2026,"20260921",10,2026-03-02,2,2,2,29,1,TRUE,FALSE,"applied_mean"
"Trinidad and Tobago","TTO",2024,"20260921",5,2024-01-29,110,NA,110,138,NA,FALSE,TRUE,"no_lookup_match"
"Turks and Caicos Islands","TCA",2025,"20260921",10,2025-03-03,0,NA,0,81,NA,FALSE,TRUE,"no_lookup_match"
"Turks and Caicos Islands","TCA",2026,"20260921",10,2026-03-02,8,8,8,29,1,TRUE,FALSE,"applied_mean"
"Turks and Caicos Islands","TCA",2024,"20260921",4,2024-01-22,27,NA,27,139,NA,FALSE,TRUE,"no_lookup_match"
"Virgin Islands (UK)","VGB",2025,"20260921",10,2025-03-03,16,NA,16,81,NA,FALSE,TRUE,"no_lookup_match"
"Virgin Islands (UK)","VGB",2026,"20260921",10,2026-03-02,0,NA,0,29,NA,FALSE,TRUE,"no_lookup_match"
"Virgin Islands (US)","VIR",2024,"20260921",10,2024-03-04,0,NA,0,133,NA,FALSE,TRUE,"no_lookup_match"
"Virgin Islands (US)","VIR",2025,"20260921",10,2025-03-03,33,NA,33,81,NA,FALSE,TRUE,"no_lookup_match"
"Virgin Islands (US)","VIR",2026,"20260921",10,2026-03-02,0,NA,0,29,NA,FALSE,TRUE,"no_lookup_match"
"Canada","CAN",2024,"20260921",11,2024-03-11,0,NA,0,132,NA,FALSE,TRUE,"no_lookup_match"
"Canada","CAN",2025,"20260921",11,2025-03-10,0,NA,0,80,NA,FALSE,TRUE,"no_lookup_match"
"Canada","CAN",2026,"20260921",11,2026-03-09,0,NA,0,28,NA,FALSE,TRUE,"no_lookup_match"
"United States of America","USA",2024,"20260921",11,2024-03-11,246,NA,246,132,NA,FALSE,TRUE,"no_lookup_match"
"United States of America","USA",2025,"20260921",11,2025-03-10,167,NA,167,80,NA,FALSE,TRUE,"no_lookup_match"
"United States of America","USA",2026,"20260921",11,2026-03-09,70,NA,70,28,NA,FALSE,TRUE,"no_lookup_match"
"Belize","BLZ",2024,"20260921",11,2024-03-11,170,NA,170,132,NA,FALSE,TRUE,"country_excluded"
"Belize","BLZ",2025,"20260921",11,2025-03-10,151,NA,151,80,NA,FALSE,TRUE,"country_excluded"
"Belize","BLZ",2026,"20260921",11,2026-03-09,272,NA,272,28,NA,FALSE,TRUE,"country_excluded"
"Costa Rica","CRI",2024,"20260921",11,2024-03-11,5671,NA,5671,132,NA,FALSE,TRUE,"no_lookup_match"
"Costa Rica","CRI",2025,"20260921",11,2025-03-10,907,NA,907,80,NA,FALSE,TRUE,"no_lookup_match"
"Costa Rica","CRI",2026,"20260921",11,2026-03-09,457,463,463,28,1.01307517877177,TRUE,FALSE,"applied_mean"
"El Salvador","SLV",2025,"20260921",11,2025-03-10,967,NA,967,80,NA,FALSE,TRUE,"no_lookup_match"
"El Salvador","SLV",2024,"20260921",11,2024-03-11,1217,NA,1217,132,NA,FALSE,TRUE,"no_lookup_match"
"El Salvador","SLV",2026,"20260921",11,2026-03-09,1293,1293,1293,28,1,TRUE,FALSE,"applied_mean"
"Guatemala","GTM",2025,"20260921",11,2025-03-10,10166,NA,10166,80,NA,FALSE,TRUE,"no_lookup_match"
"Guatemala","GTM",2026,"20260921",11,2026-03-09,7167,8685,8685,28,1.21183362597514,TRUE,FALSE,"applied_mean"
"Guatemala","GTM",2024,"20260921",11,2024-03-11,14696,NA,14696,132,NA,FALSE,TRUE,"no_lookup_match"
"Honduras","HND",2025,"20260921",11,2025-03-10,3443,NA,3443,80,NA,FALSE,TRUE,"no_lookup_match"
"Honduras","HND",2024,"20260921",11,2024-03-11,8821,NA,8821,132,NA,FALSE,TRUE,"no_lookup_match"
"Honduras","HND",2026,"20260921",11,2026-03-09,2073,2073,2073,28,1,TRUE,FALSE,"applied_mean"
"Mexico","MEX",2024,"20260921",11,2024-03-11,41954,NA,41954,132,NA,FALSE,TRUE,"no_lookup_match"
"Mexico","MEX",2025,"20260921",11,2025-03-10,23254,NA,23254,80,NA,FALSE,TRUE,"no_lookup_match"
"Mexico","MEX",2026,"20260921",11,2026-03-09,13118,13109,13109,28,0.999321798262295,TRUE,FALSE,"applied_mean"
"Nicaragua","NIC",2025,"20260921",4,2025-01-20,5702,NA,5702,87,NA,FALSE,TRUE,"no_lookup_match"
"Nicaragua","NIC",2024,"20260921",11,2024-03-11,18527,NA,18527,132,NA,FALSE,TRUE,"no_lookup_match"
"Panama","PAN",2024,"20260921",11,2024-03-11,4228,NA,4228,132,NA,FALSE,TRUE,"no_lookup_match"
"Panama","PAN",2025,"20260921",11,2025-03-10,4225,NA,4225,80,NA,FALSE,TRUE,"no_lookup_match"
"Panama","PAN",2026,"20260921",11,2026-03-09,2119,2063,2063,28,0.973488594838747,TRUE,FALSE,"applied_mean"
"Bolivia","BOL",2024,"20260921",11,2024-03-11,19731,NA,19731,132,NA,FALSE,TRUE,"no_lookup_match"
"Bolivia","BOL",2025,"20260921",11,2025-03-10,9286,NA,9286,80,NA,FALSE,TRUE,"no_lookup_match"
"Bolivia","BOL",2026,"20260921",11,2026-03-09,37898,40720,40720,28,1.07445150269714,TRUE,FALSE,"applied_mean"
"Colombia","COL",2025,"20260921",11,2025-03-10,41252,NA,41252,80,NA,FALSE,TRUE,"no_lookup_match"
"Colombia","COL",2024,"20260921",11,2024-03-11,69837,NA,69837,132,NA,FALSE,TRUE,"no_lookup_match"
"Colombia","COL",2026,"20260921",11,2026-03-09,25378,25378,25378,28,1,TRUE,FALSE,"applied_mean"
"Ecuador","ECU",2024,"20260921",11,2024-03-11,13086,NA,13086,132,NA,FALSE,TRUE,"no_lookup_match"
"Ecuador","ECU",2025,"20260921",11,2025-03-10,10615,NA,10615,80,NA,FALSE,TRUE,"no_lookup_match"
"Ecuador","ECU",2026,"20260921",11,2026-03-09,5301,5312,5312,28,1.0020703481719,TRUE,FALSE,"applied_mean"
"Peru","PER",2024,"20260921",11,2024-03-11,82591,NA,82591,132,NA,FALSE,TRUE,"no_lookup_match"
"Peru","PER",2025,"20260921",11,2025-03-10,13143,NA,13143,80,NA,FALSE,TRUE,"no_lookup_match"
"Peru","PER",2026,"20260921",11,2026-03-09,6629,6480,6480,28,0.977556552934325,TRUE,FALSE,"applied_mean"
"Venezuela","VEN",2024,"20260921",11,2024-03-11,7013,NA,7013,132,NA,FALSE,TRUE,"no_lookup_match"
"Venezuela","VEN",2025,"20260921",11,2025-03-10,12739,NA,12739,80,NA,FALSE,TRUE,"no_lookup_match"
"Venezuela","VEN",2026,"20260921",11,2026-03-09,4430,NA,4430,28,NA,FALSE,TRUE,"no_lookup_match"
"Argentina","ARG",2024,"20260921",11,2024-03-11,203004,NA,203004,132,NA,FALSE,TRUE,"no_lookup_match"
"Argentina","ARG",2025,"20260921",11,2025-03-10,3959,NA,3959,80,NA,FALSE,TRUE,"no_lookup_match"
"Argentina","ARG",2026,"20260921",11,2026-03-09,25,29,29,28,1.17996604230208,TRUE,FALSE,"applied_mean"
"Brazil","BRA",2024,"20260921",11,2024-03-11,3633330,NA,3633330,132,NA,FALSE,TRUE,"no_lookup_match"
"Brazil","BRA",2025,"20260921",11,2025-03-10,1365815,NA,1365815,80,NA,FALSE,TRUE,"no_lookup_match"
"Brazil","BRA",2026,"20260921",11,2026-03-09,461609,458642,458642,28,0.993572060567943,TRUE,FALSE,"applied_mean"
"Chile","CHL",2024,"20260921",11,2024-03-11,2,NA,2,132,NA,FALSE,TRUE,"no_lookup_match"
"Chile","CHL",2025,"20260921",11,2025-03-10,0,NA,0,80,NA,FALSE,TRUE,"no_lookup_match"
"Chile","CHL",2026,"20260921",11,2026-03-09,14,NA,14,28,NA,FALSE,TRUE,"no_lookup_match"
"Paraguay","PRY",2024,"20260921",11,2024-03-11,196397,NA,196397,132,NA,FALSE,TRUE,"no_lookup_match"
"Paraguay","PRY",2026,"20260921",11,2026-03-09,5433,5425,5425,28,0.998443649700154,TRUE,FALSE,"applied_mean"
"Paraguay","PRY",2025,"20260921",11,2025-03-10,10696,NA,10696,80,NA,FALSE,TRUE,"no_lookup_match"
"Uruguay","URY",2024,"20260921",11,2024-03-11,167,NA,167,132,NA,FALSE,TRUE,"no_lookup_match"
"Uruguay","URY",2025,"20260921",11,2025-03-10,0,NA,0,80,NA,FALSE,TRUE,"no_lookup_match"
"Uruguay","URY",2026,"20260921",11,2026-03-09,0,0,0,28,1,TRUE,FALSE,"applied_mean"
"Cuba","CUB",2026,"20260921",11,2026-03-09,960,NA,960,28,NA,FALSE,TRUE,"no_lookup_match"
"Dominican Republic","DOM",2024,"20260921",11,2024-03-11,5677,NA,5677,132,NA,FALSE,TRUE,"no_lookup_match"
"Dominican Republic","DOM",2025,"20260921",11,2025-03-10,445,NA,445,80,NA,FALSE,TRUE,"no_lookup_match"
"Dominican Republic","DOM",2026,"20260921",11,2026-03-09,260,260,260,28,1,TRUE,FALSE,"applied_mean"
"Puerto Rico","PRI",2024,"20260921",11,2024-03-11,623,NA,623,132,NA,FALSE,TRUE,"no_lookup_match"
"Puerto Rico","PRI",2025,"20260921",11,2025-03-10,1209,NA,1209,80,NA,FALSE,TRUE,"no_lookup_match"
"Puerto Rico","PRI",2026,"20260921",11,2026-03-09,427,427,427,28,1,TRUE,FALSE,"applied_mean"
"Anguilla","AIA",2025,"20260921",11,2025-03-10,0,NA,0,80,NA,FALSE,TRUE,"no_lookup_match"
"Anguilla","AIA",2026,"20260921",11,2026-03-09,0,0,0,28,1,TRUE,FALSE,"applied_mean"
"Antigua and Barbuda","ATG",2025,"20260921",11,2025-03-10,0,NA,0,80,NA,FALSE,TRUE,"no_lookup_match"
"Antigua and Barbuda","ATG",2026,"20260921",11,2026-03-09,4,4,4,28,1,TRUE,FALSE,"applied_mean"
"Antigua and Barbuda","ATG",2024,"20260921",4,2024-01-22,41,NA,41,139,NA,FALSE,TRUE,"no_lookup_match"
"Aruba","ABW",2024,"20260921",11,2024-03-11,14,NA,14,132,NA,FALSE,TRUE,"no_lookup_match"
"Aruba","ABW",2025,"20260921",11,2025-03-10,2,NA,2,80,NA,FALSE,TRUE,"no_lookup_match"
"Bahamas","BHS",2024,"20260921",8,2024-02-19,0,NA,0,135,NA,FALSE,TRUE,"no_lookup_match"
"Bahamas","BHS",2026,"20260921",11,2026-03-09,0,0,0,28,1,TRUE,FALSE,"applied_mean"
"Barbados","BRB",2025,"20260921",11,2025-03-10,51,NA,51,80,NA,FALSE,TRUE,"no_lookup_match"
"Barbados","BRB",2026,"20260921",11,2026-03-09,25,23,23,28,0.904639046214473,TRUE,FALSE,"applied_mean"
"Barbados","BRB",2024,"20260921",11,2024-03-11,920,NA,920,132,NA,FALSE,TRUE,"no_lookup_match"
"Bermuda","BMU",2024,"20260921",11,2024-03-11,0,NA,0,132,NA,FALSE,TRUE,"no_lookup_match"
"Bermuda","BMU",2025,"20260921",11,2025-03-10,0,NA,0,80,NA,FALSE,TRUE,"no_lookup_match"
"Bermuda","BMU",2026,"20260921",11,2026-03-09,1,NA,1,28,NA,FALSE,TRUE,"no_lookup_match"
"Bonaire, Saint Eustatius and Saba","BES",2024,"20260921",11,2024-03-11,193,NA,193,132,NA,FALSE,TRUE,"no_lookup_match"
"Cayman Islands","CYM",2024,"20260921",11,2024-03-11,3,NA,3,132,NA,FALSE,TRUE,"no_lookup_match"
"Cayman Islands","CYM",2025,"20260921",11,2025-03-10,0,NA,0,80,NA,FALSE,TRUE,"no_lookup_match"
"Cayman Islands","CYM",2026,"20260921",11,2026-03-09,0,0,0,28,1,TRUE,FALSE,"applied_mean"
"Curaçao","CUW",2024,"20260921",11,2024-03-11,221,NA,221,132,NA,FALSE,TRUE,"no_lookup_match"
"French Guiana","GUF",2024,"20260921",11,2024-03-11,10298,NA,10298,132,NA,FALSE,TRUE,"no_lookup_match"
"French Guiana","GUF",2026,"20260921",11,2026-03-09,4,4,4,28,1,TRUE,FALSE,"applied_mean"
"Grenada","GRD",2024,"20260921",11,2024-03-11,95,NA,95,132,NA,FALSE,TRUE,"no_lookup_match"
"Grenada","GRD",2025,"20260921",11,2025-03-10,40,NA,40,80,NA,FALSE,TRUE,"no_lookup_match"
"Grenada","GRD",2026,"20260921",11,2026-03-09,37,37,37,28,1,TRUE,FALSE,"applied_mean"
"Guadeloupe","GLP",2026,"20260921",11,2026-03-09,228,228,228,28,1,TRUE,FALSE,"applied_mean"
"Guadeloupe","GLP",2024,"20260921",11,2024-03-11,2600,NA,2600,132,NA,FALSE,TRUE,"no_lookup_match"
"Guadeloupe","GLP",2025,"20260921",11,2025-03-10,3760,NA,3760,80,NA,FALSE,TRUE,"no_lookup_match"
"Guyana","GUY",2024,"20260921",11,2024-03-11,9244,NA,9244,132,NA,FALSE,TRUE,"no_lookup_match"
"Guyana","GUY",2025,"20260921",11,2025-03-10,11847,NA,11847,80,NA,FALSE,TRUE,"no_lookup_match"
"Guyana","GUY",2026,"20260921",11,2026-03-09,22661,23533,23533,28,1.03850087348859,TRUE,FALSE,"applied_mean"
"Jamaica","JAM",2024,"20260921",11,2024-03-11,815,NA,815,132,NA,FALSE,TRUE,"no_lookup_match"
"Jamaica","JAM",2025,"20260921",11,2025-03-10,104,NA,104,80,NA,FALSE,TRUE,"no_lookup_match"
"Jamaica","JAM",2026,"20260921",11,2026-03-09,64,64,64,28,1,TRUE,FALSE,"applied_mean"
"Martinique","MTQ",2025,"20260921",11,2025-03-10,470,NA,470,80,NA,FALSE,TRUE,"no_lookup_match"
"Martinique","MTQ",2024,"20260921",11,2024-03-11,3990,NA,3990,132,NA,FALSE,TRUE,"no_lookup_match"
"Martinique","MTQ",2026,"20260921",11,2026-03-09,819,819,819,28,1,TRUE,FALSE,"applied_mean"
"Montserrat","MSR",2024,"20260921",11,2024-03-11,1,NA,1,132,NA,FALSE,TRUE,"no_lookup_match"
"Montserrat","MSR",2025,"20260921",11,2025-03-10,0,NA,0,80,NA,FALSE,TRUE,"no_lookup_match"
"Montserrat","MSR",2026,"20260921",11,2026-03-09,0,0,0,28,1,TRUE,FALSE,"applied_mean"
"Saint Barthelemy","BLM",2025,"20260921",11,2025-03-10,20,NA,20,80,NA,FALSE,TRUE,"no_lookup_match"
"Saint Barthelemy","BLM",2026,"20260921",11,2026-03-09,0,0,0,28,1,TRUE,FALSE,"applied_mean"
"Saint Barthelemy","BLM",2024,"20260921",11,2024-03-11,111,NA,111,132,NA,FALSE,TRUE,"no_lookup_match"
"Saint Kitts and Nevis","KNA",2024,"20260921",11,2024-03-11,146,NA,146,132,NA,FALSE,TRUE,"no_lookup_match"
"Saint Kitts and Nevis","KNA",2025,"20260921",11,2025-03-10,4,NA,4,80,NA,FALSE,TRUE,"no_lookup_match"
"Saint Kitts and Nevis","KNA",2026,"20260921",11,2026-03-09,7,7,7,28,1.01115704137224,TRUE,FALSE,"applied_mean"
"Saint Lucia","LCA",2024,"20260921",11,2024-03-11,4,NA,4,132,NA,FALSE,TRUE,"no_lookup_match"
"Saint Lucia","LCA",2025,"20260921",11,2025-03-10,21,NA,21,80,NA,FALSE,TRUE,"no_lookup_match"
"Saint Lucia","LCA",2026,"20260921",11,2026-03-09,2,2,2,28,1,TRUE,FALSE,"applied_mean"
"Saint Martin",NA,2025,"20260921",11,2025-03-10,80,NA,80,80,NA,FALSE,TRUE,"no_lookup_match"
"Saint Martin",NA,2026,"20260921",11,2026-03-09,4,NA,4,28,NA,FALSE,TRUE,"no_lookup_match"
"Saint Martin",NA,2024,"20260921",11,2024-03-11,415,NA,415,132,NA,FALSE,TRUE,"no_lookup_match"
"Saint Vincent and the Grenadines","VCT",2025,"20260921",11,2025-03-10,2,NA,2,80,NA,FALSE,TRUE,"no_lookup_match"
"Saint Vincent and the Grenadines","VCT",2026,"20260921",11,2026-03-09,2,2,2,28,1,TRUE,FALSE,"applied_mean"
"Sint Maarten","SXM",2024,"20260921",11,2024-03-11,103,NA,103,132,NA,FALSE,TRUE,"no_lookup_match"
"Sint Maarten","SXM",2025,"20260921",11,2025-03-10,0,NA,0,80,NA,FALSE,TRUE,"no_lookup_match"
"Suriname","SUR",2024,"20260921",11,2024-03-11,79,NA,79,132,NA,FALSE,TRUE,"no_lookup_match"
"Suriname","SUR",2025,"20260921",11,2025-03-10,361,NA,361,80,NA,FALSE,TRUE,"no_lookup_match"
"Suriname","SUR",2026,"20260921",11,2026-03-09,319,319,319,28,1,TRUE,FALSE,"applied_mean"
"Trinidad and Tobago","TTO",2025,"20260921",11,2025-03-10,0,NA,0,80,NA,FALSE,TRUE,"no_lookup_match"
"Trinidad and Tobago","TTO",2026,"20260921",11,2026-03-09,2,2,2,28,1,TRUE,FALSE,"applied_mean"
"Trinidad and Tobago","TTO",2024,"20260921",5,2024-01-29,110,NA,110,138,NA,FALSE,TRUE,"no_lookup_match"
"Turks and Caicos Islands","TCA",2025,"20260921",11,2025-03-10,0,NA,0,80,NA,FALSE,TRUE,"no_lookup_match"
"Turks and Caicos Islands","TCA",2026,"20260921",11,2026-03-09,8,8,8,28,1,TRUE,FALSE,"applied_mean"
"Turks and Caicos Islands","TCA",2024,"20260921",4,2024-01-22,27,NA,27,139,NA,FALSE,TRUE,"no_lookup_match"
"Virgin Islands (UK)","VGB",2025,"20260921",11,2025-03-10,17,NA,17,80,NA,FALSE,TRUE,"no_lookup_match"
"Virgin Islands (UK)","VGB",2026,"20260921",11,2026-03-09,0,NA,0,28,NA,FALSE,TRUE,"no_lookup_match"
"Virgin Islands (US)","VIR",2024,"20260921",11,2024-03-11,0,NA,0,132,NA,FALSE,TRUE,"no_lookup_match"
"Virgin Islands (US)","VIR",2025,"20260921",11,2025-03-10,40,NA,40,80,NA,FALSE,TRUE,"no_lookup_match"
"Virgin Islands (US)","VIR",2026,"20260921",11,2026-03-09,0,NA,0,28,NA,FALSE,TRUE,"no_lookup_match"
"Canada","CAN",2024,"20260921",12,2024-03-18,0,NA,0,131,NA,FALSE,TRUE,"no_lookup_match"
"Canada","CAN",2025,"20260921",12,2025-03-17,0,NA,0,79,NA,FALSE,TRUE,"no_lookup_match"
"Canada","CAN",2026,"20260921",12,2026-03-16,0,NA,0,27,NA,FALSE,TRUE,"no_lookup_match"
"United States of America","USA",2024,"20260921",12,2024-03-18,277,NA,277,131,NA,FALSE,TRUE,"no_lookup_match"
"United States of America","USA",2025,"20260921",12,2025-03-17,172,NA,172,79,NA,FALSE,TRUE,"no_lookup_match"
"United States of America","USA",2026,"20260921",12,2026-03-16,82,NA,82,27,NA,FALSE,TRUE,"no_lookup_match"
"Belize","BLZ",2024,"20260921",12,2024-03-18,179,NA,179,131,NA,FALSE,TRUE,"country_excluded"
"Belize","BLZ",2025,"20260921",12,2025-03-17,165,NA,165,79,NA,FALSE,TRUE,"country_excluded"
"Belize","BLZ",2026,"20260921",12,2026-03-16,285,NA,285,27,NA,FALSE,TRUE,"country_excluded"
"Costa Rica","CRI",2024,"20260921",12,2024-03-18,5909,NA,5909,131,NA,FALSE,TRUE,"no_lookup_match"
"Costa Rica","CRI",2025,"20260921",12,2025-03-17,981,NA,981,79,NA,FALSE,TRUE,"no_lookup_match"
"Costa Rica","CRI",2026,"20260921",12,2026-03-16,485,491,491,27,1.01210489048411,TRUE,FALSE,"applied_mean"
"El Salvador","SLV",2025,"20260921",12,2025-03-17,1066,NA,1066,79,NA,FALSE,TRUE,"no_lookup_match"
"El Salvador","SLV",2024,"20260921",12,2024-03-18,1335,NA,1335,131,NA,FALSE,TRUE,"no_lookup_match"
"El Salvador","SLV",2026,"20260921",12,2026-03-16,1397,1397,1397,27,1,TRUE,FALSE,"applied_mean"
"Guatemala","GTM",2025,"20260921",12,2025-03-17,11142,NA,11142,79,NA,FALSE,TRUE,"no_lookup_match"
"Guatemala","GTM",2026,"20260921",12,2026-03-16,7987,9936,9936,27,1.24402889327886,TRUE,FALSE,"applied_mean"
"Guatemala","GTM",2024,"20260921",12,2024-03-18,15859,NA,15859,131,NA,FALSE,TRUE,"no_lookup_match"
"Honduras","HND",2024,"20260921",12,2024-03-18,9878,NA,9878,131,NA,FALSE,TRUE,"no_lookup_match"
"Honduras","HND",2025,"20260921",12,2025-03-17,3909,NA,3909,79,NA,FALSE,TRUE,"no_lookup_match"
"Honduras","HND",2026,"20260921",12,2026-03-16,2192,2192,2192,27,1,TRUE,FALSE,"applied_mean"
"Mexico","MEX",2024,"20260921",12,2024-03-18,45194,NA,45194,131,NA,FALSE,TRUE,"no_lookup_match"
"Mexico","MEX",2025,"20260921",12,2025-03-17,25061,NA,25061,79,NA,FALSE,TRUE,"no_lookup_match"
"Mexico","MEX",2026,"20260921",12,2026-03-16,14164,14153,14153,27,0.999252622706637,TRUE,FALSE,"applied_mean"
"Nicaragua","NIC",2025,"20260921",4,2025-01-20,5702,NA,5702,87,NA,FALSE,TRUE,"no_lookup_match"
"Nicaragua","NIC",2024,"20260921",12,2024-03-18,19583,NA,19583,131,NA,FALSE,TRUE,"no_lookup_match"
"Panama","PAN",2024,"20260921",12,2024-03-18,4470,NA,4470,131,NA,FALSE,TRUE,"no_lookup_match"
"Panama","PAN",2025,"20260921",12,2025-03-17,4484,NA,4484,79,NA,FALSE,TRUE,"no_lookup_match"
"Panama","PAN",2026,"20260921",12,2026-03-16,2295,2223,2223,27,0.968699898459765,TRUE,FALSE,"applied_mean"
"Bolivia","BOL",2024,"20260921",12,2024-03-18,22423,NA,22423,131,NA,FALSE,TRUE,"no_lookup_match"
"Bolivia","BOL",2025,"20260921",12,2025-03-17,10526,NA,10526,79,NA,FALSE,TRUE,"no_lookup_match"
"Bolivia","BOL",2026,"20260921",12,2026-03-16,40889,44410,44410,27,1.08611110681612,TRUE,FALSE,"applied_mean"
"Colombia","COL",2025,"20260921",12,2025-03-17,44616,NA,44616,79,NA,FALSE,TRUE,"no_lookup_match"
"Colombia","COL",2024,"20260921",12,2024-03-18,76984,NA,76984,131,NA,FALSE,TRUE,"no_lookup_match"
"Colombia","COL",2026,"20260921",12,2026-03-16,27675,27675,27675,27,1,TRUE,FALSE,"applied_mean"
"Ecuador","ECU",2024,"20260921",12,2024-03-18,15009,NA,15009,131,NA,FALSE,TRUE,"no_lookup_match"
"Ecuador","ECU",2025,"20260921",12,2025-03-17,11804,NA,11804,79,NA,FALSE,TRUE,"no_lookup_match"
"Ecuador","ECU",2026,"20260921",12,2026-03-16,6139,6151,6151,27,1.00196560839608,TRUE,FALSE,"applied_mean"
"Peru","PER",2024,"20260921",12,2024-03-18,101031,NA,101031,131,NA,FALSE,TRUE,"no_lookup_match"
"Peru","PER",2025,"20260921",12,2025-03-17,14490,NA,14490,79,NA,FALSE,TRUE,"no_lookup_match"
"Peru","PER",2026,"20260921",12,2026-03-16,7626,7501,7501,27,0.983664337581413,TRUE,FALSE,"applied_mean"
"Venezuela","VEN",2024,"20260921",12,2024-03-18,7611,NA,7611,131,NA,FALSE,TRUE,"no_lookup_match"
"Venezuela","VEN",2025,"20260921",12,2025-03-17,13638,NA,13638,79,NA,FALSE,TRUE,"no_lookup_match"
"Venezuela","VEN",2026,"20260921",12,2026-03-16,4731,NA,4731,27,NA,FALSE,TRUE,"no_lookup_match"
"Argentina","ARG",2024,"20260921",12,2024-03-18,274996,NA,274996,131,NA,FALSE,TRUE,"no_lookup_match"
"Argentina","ARG",2025,"20260921",12,2025-03-17,5539,NA,5539,79,NA,FALSE,TRUE,"no_lookup_match"
"Argentina","ARG",2026,"20260921",12,2026-03-16,30,36,36,27,1.21074150912647,TRUE,FALSE,"applied_mean"
"Brazil","BRA",2024,"20260921",12,2024-03-18,4254665,NA,4254665,131,NA,FALSE,TRUE,"no_lookup_match"
"Brazil","BRA",2025,"20260921",12,2025-03-17,1546978,NA,1546978,79,NA,FALSE,TRUE,"no_lookup_match"
"Brazil","BRA",2026,"20260921",12,2026-03-16,519261,515543,515543,27,0.992839816100729,TRUE,FALSE,"applied_mean"
"Chile","CHL",2025,"20260921",12,2025-03-17,0,NA,0,79,NA,FALSE,TRUE,"no_lookup_match"
"Chile","CHL",2024,"20260921",12,2024-03-18,26,NA,26,131,NA,FALSE,TRUE,"no_lookup_match"
"Chile","CHL",2026,"20260921",12,2026-03-16,14,NA,14,27,NA,FALSE,TRUE,"no_lookup_match"
"Paraguay","PRY",2024,"20260921",12,2024-03-18,209014,NA,209014,131,NA,FALSE,TRUE,"no_lookup_match"
"Paraguay","PRY",2026,"20260921",12,2026-03-16,5756,5731,5731,27,0.995616780670837,TRUE,FALSE,"applied_mean"
"Paraguay","PRY",2025,"20260921",12,2025-03-17,11648,NA,11648,79,NA,FALSE,TRUE,"no_lookup_match"
"Uruguay","URY",2024,"20260921",12,2024-03-18,307,NA,307,131,NA,FALSE,TRUE,"no_lookup_match"
"Uruguay","URY",2025,"20260921",12,2025-03-17,1,NA,1,79,NA,FALSE,TRUE,"no_lookup_match"
"Uruguay","URY",2026,"20260921",12,2026-03-16,0,0,0,27,1,TRUE,FALSE,"applied_mean"
"Cuba","CUB",2026,"20260921",12,2026-03-16,985,NA,985,27,NA,FALSE,TRUE,"no_lookup_match"
"Dominican Republic","DOM",2024,"20260921",12,2024-03-18,5917,NA,5917,131,NA,FALSE,TRUE,"no_lookup_match"
"Dominican Republic","DOM",2025,"20260921",12,2025-03-17,495,NA,495,79,NA,FALSE,TRUE,"no_lookup_match"
"Dominican Republic","DOM",2026,"20260921",12,2026-03-16,287,287,287,27,1,TRUE,FALSE,"applied_mean"
"Puerto Rico","PRI",2024,"20260921",12,2024-03-18,667,NA,667,131,NA,FALSE,TRUE,"no_lookup_match"
"Puerto Rico","PRI",2025,"20260921",12,2025-03-17,1270,NA,1270,79,NA,FALSE,TRUE,"no_lookup_match"
"Puerto Rico","PRI",2026,"20260921",12,2026-03-16,472,472,472,27,1,TRUE,FALSE,"applied_mean"
"Anguilla","AIA",2025,"20260921",12,2025-03-17,1,NA,1,79,NA,FALSE,TRUE,"no_lookup_match"
"Anguilla","AIA",2026,"20260921",12,2026-03-16,0,0,0,27,1,TRUE,FALSE,"applied_mean"
"Antigua and Barbuda","ATG",2025,"20260921",12,2025-03-17,2,NA,2,79,NA,FALSE,TRUE,"no_lookup_match"
"Antigua and Barbuda","ATG",2026,"20260921",12,2026-03-16,4,4,4,27,1,TRUE,FALSE,"applied_mean"
"Antigua and Barbuda","ATG",2024,"20260921",12,2024-03-18,41,NA,41,131,NA,FALSE,TRUE,"no_lookup_match"
"Aruba","ABW",2024,"20260921",12,2024-03-18,16,NA,16,131,NA,FALSE,TRUE,"no_lookup_match"
"Aruba","ABW",2025,"20260921",12,2025-03-17,2,NA,2,79,NA,FALSE,TRUE,"no_lookup_match"
"Bahamas","BHS",2024,"20260921",8,2024-02-19,0,NA,0,135,NA,FALSE,TRUE,"no_lookup_match"
"Bahamas","BHS",2026,"20260921",12,2026-03-16,0,0,0,27,1,TRUE,FALSE,"applied_mean"
"Barbados","BRB",2025,"20260921",12,2025-03-17,53,NA,53,79,NA,FALSE,TRUE,"no_lookup_match"
"Barbados","BRB",2026,"20260921",12,2026-03-16,25,22,22,27,0.88559711778146,TRUE,FALSE,"applied_mean"
"Barbados","BRB",2024,"20260921",12,2024-03-18,971,NA,971,131,NA,FALSE,TRUE,"no_lookup_match"
"Bermuda","BMU",2024,"20260921",12,2024-03-18,0,NA,0,131,NA,FALSE,TRUE,"no_lookup_match"
"Bermuda","BMU",2025,"20260921",12,2025-03-17,0,NA,0,79,NA,FALSE,TRUE,"no_lookup_match"
"Bermuda","BMU",2026,"20260921",12,2026-03-16,1,NA,1,27,NA,FALSE,TRUE,"no_lookup_match"
"Bonaire, Saint Eustatius and Saba","BES",2024,"20260921",12,2024-03-18,207,NA,207,131,NA,FALSE,TRUE,"no_lookup_match"
"Cayman Islands","CYM",2024,"20260921",12,2024-03-18,3,NA,3,131,NA,FALSE,TRUE,"no_lookup_match"
"Cayman Islands","CYM",2025,"20260921",12,2025-03-17,0,NA,0,79,NA,FALSE,TRUE,"no_lookup_match"
"Cayman Islands","CYM",2026,"20260921",12,2026-03-16,0,0,0,27,1,TRUE,FALSE,"applied_mean"
"Curaçao","CUW",2024,"20260921",12,2024-03-18,262,NA,262,131,NA,FALSE,TRUE,"no_lookup_match"
"French Guiana","GUF",2024,"20260921",12,2024-03-18,10860,NA,10860,131,NA,FALSE,TRUE,"no_lookup_match"
"French Guiana","GUF",2026,"20260921",12,2026-03-16,4,4,4,27,1,TRUE,FALSE,"applied_mean"
"Grenada","GRD",2024,"20260921",12,2024-03-18,104,NA,104,131,NA,FALSE,TRUE,"no_lookup_match"
"Grenada","GRD",2025,"20260921",12,2025-03-17,48,NA,48,79,NA,FALSE,TRUE,"no_lookup_match"
"Grenada","GRD",2026,"20260921",12,2026-03-16,43,43,43,27,1,TRUE,FALSE,"applied_mean"
"Guadeloupe","GLP",2026,"20260921",12,2026-03-16,268,268,268,27,1,TRUE,FALSE,"applied_mean"
"Guadeloupe","GLP",2024,"20260921",12,2024-03-18,2750,NA,2750,131,NA,FALSE,TRUE,"no_lookup_match"
"Guadeloupe","GLP",2025,"20260921",12,2025-03-17,3920,NA,3920,79,NA,FALSE,TRUE,"no_lookup_match"
"Guyana","GUY",2024,"20260921",12,2024-03-18,10119,NA,10119,131,NA,FALSE,TRUE,"no_lookup_match"
"Guyana","GUY",2025,"20260921",12,2025-03-17,13473,NA,13473,79,NA,FALSE,TRUE,"no_lookup_match"
"Guyana","GUY",2026,"20260921",12,2026-03-16,24150,25120,25120,27,1.04016421833772,TRUE,FALSE,"applied_mean"
"Jamaica","JAM",2024,"20260921",12,2024-03-18,938,NA,938,131,NA,FALSE,TRUE,"no_lookup_match"
"Jamaica","JAM",2025,"20260921",12,2025-03-17,121,NA,121,79,NA,FALSE,TRUE,"no_lookup_match"
"Jamaica","JAM",2026,"20260921",12,2026-03-16,77,77,77,27,1,TRUE,FALSE,"applied_mean"
"Martinique","MTQ",2025,"20260921",12,2025-03-17,515,NA,515,79,NA,FALSE,TRUE,"no_lookup_match"
"Martinique","MTQ",2024,"20260921",12,2024-03-18,4305,NA,4305,131,NA,FALSE,TRUE,"no_lookup_match"
"Martinique","MTQ",2026,"20260921",12,2026-03-16,939,939,939,27,1,TRUE,FALSE,"applied_mean"
"Montserrat","MSR",2024,"20260921",12,2024-03-18,1,NA,1,131,NA,FALSE,TRUE,"no_lookup_match"
"Montserrat","MSR",2025,"20260921",12,2025-03-17,0,NA,0,79,NA,FALSE,TRUE,"no_lookup_match"
"Montserrat","MSR",2026,"20260921",12,2026-03-16,0,0,0,27,1,TRUE,FALSE,"applied_mean"
"Saint Barthelemy","BLM",2025,"20260921",12,2025-03-17,20,NA,20,79,NA,FALSE,TRUE,"no_lookup_match"
"Saint Barthelemy","BLM",2026,"20260921",12,2026-03-16,0,0,0,27,1,TRUE,FALSE,"applied_mean"
"Saint Barthelemy","BLM",2024,"20260921",12,2024-03-18,111,NA,111,131,NA,FALSE,TRUE,"no_lookup_match"
"Saint Kitts and Nevis","KNA",2024,"20260921",12,2024-03-18,146,NA,146,131,NA,FALSE,TRUE,"no_lookup_match"
"Saint Kitts and Nevis","KNA",2025,"20260921",12,2025-03-17,4,NA,4,79,NA,FALSE,TRUE,"no_lookup_match"
"Saint Kitts and Nevis","KNA",2026,"20260921",12,2026-03-16,9,9,9,27,1.01287168172264,TRUE,FALSE,"applied_mean"
"Saint Lucia","LCA",2024,"20260921",12,2024-03-18,4,NA,4,131,NA,FALSE,TRUE,"no_lookup_match"
"Saint Lucia","LCA",2025,"20260921",12,2025-03-17,22,NA,22,79,NA,FALSE,TRUE,"no_lookup_match"
"Saint Lucia","LCA",2026,"20260921",12,2026-03-16,4,4,4,27,1,TRUE,FALSE,"applied_mean"
"Saint Martin",NA,2025,"20260921",12,2025-03-17,80,NA,80,79,NA,FALSE,TRUE,"no_lookup_match"
"Saint Martin",NA,2026,"20260921",12,2026-03-16,4,NA,4,27,NA,FALSE,TRUE,"no_lookup_match"
"Saint Martin",NA,2024,"20260921",12,2024-03-18,424,NA,424,131,NA,FALSE,TRUE,"no_lookup_match"
"Saint Vincent and the Grenadines","VCT",2024,"20260921",12,2024-03-18,2,NA,2,131,NA,FALSE,TRUE,"no_lookup_match"
"Saint Vincent and the Grenadines","VCT",2025,"20260921",12,2025-03-17,2,NA,2,79,NA,FALSE,TRUE,"no_lookup_match"
"Saint Vincent and the Grenadines","VCT",2026,"20260921",12,2026-03-16,2,2,2,27,1,TRUE,FALSE,"applied_mean"
"Sint Maarten","SXM",2024,"20260921",12,2024-03-18,115,NA,115,131,NA,FALSE,TRUE,"no_lookup_match"
"Sint Maarten","SXM",2025,"20260921",12,2025-03-17,0,NA,0,79,NA,FALSE,TRUE,"no_lookup_match"
"Suriname","SUR",2024,"20260921",12,2024-03-18,80,NA,80,131,NA,FALSE,TRUE,"no_lookup_match"
"Suriname","SUR",2025,"20260921",12,2025-03-17,421,NA,421,79,NA,FALSE,TRUE,"no_lookup_match"
"Suriname","SUR",2026,"20260921",12,2026-03-16,320,320,320,27,1,TRUE,FALSE,"applied_mean"
"Trinidad and Tobago","TTO",2025,"20260921",12,2025-03-17,0,NA,0,79,NA,FALSE,TRUE,"no_lookup_match"
"Trinidad and Tobago","TTO",2026,"20260921",12,2026-03-16,29,29,29,27,1,TRUE,FALSE,"applied_mean"
"Trinidad and Tobago","TTO",2024,"20260921",5,2024-01-29,110,NA,110,138,NA,FALSE,TRUE,"no_lookup_match"
"Turks and Caicos Islands","TCA",2025,"20260921",12,2025-03-17,0,NA,0,79,NA,FALSE,TRUE,"no_lookup_match"
"Turks and Caicos Islands","TCA",2026,"20260921",12,2026-03-16,8,8,8,27,1,TRUE,FALSE,"applied_mean"
"Turks and Caicos Islands","TCA",2024,"20260921",12,2024-03-18,92,NA,92,131,NA,FALSE,TRUE,"no_lookup_match"
"Virgin Islands (UK)","VGB",2025,"20260921",12,2025-03-17,19,NA,19,79,NA,FALSE,TRUE,"no_lookup_match"
"Virgin Islands (UK)","VGB",2026,"20260921",12,2026-03-16,3,NA,3,27,NA,FALSE,TRUE,"no_lookup_match"
"Virgin Islands (US)","VIR",2024,"20260921",12,2024-03-18,0,NA,0,131,NA,FALSE,TRUE,"no_lookup_match"
"Virgin Islands (US)","VIR",2025,"20260921",12,2025-03-17,40,NA,40,79,NA,FALSE,TRUE,"no_lookup_match"
"Virgin Islands (US)","VIR",2026,"20260921",12,2026-03-16,0,NA,0,27,NA,FALSE,TRUE,"no_lookup_match"
"Canada","CAN",2024,"20260921",13,2024-03-25,0,NA,0,130,NA,FALSE,TRUE,"no_lookup_match"
"Canada","CAN",2025,"20260921",13,2025-03-24,0,NA,0,78,NA,FALSE,TRUE,"no_lookup_match"
"Canada","CAN",2026,"20260921",13,2026-03-23,0,NA,0,26,NA,FALSE,TRUE,"no_lookup_match"
"United States of America","USA",2024,"20260921",13,2024-03-25,309,NA,309,130,NA,FALSE,TRUE,"no_lookup_match"
"United States of America","USA",2025,"20260921",13,2025-03-24,200,NA,200,78,NA,FALSE,TRUE,"no_lookup_match"
"United States of America","USA",2026,"20260921",13,2026-03-23,83,NA,83,26,NA,FALSE,TRUE,"no_lookup_match"
"Belize","BLZ",2024,"20260921",13,2024-03-25,184,NA,184,130,NA,FALSE,TRUE,"country_excluded"
"Belize","BLZ",2025,"20260921",13,2025-03-24,192,NA,192,78,NA,FALSE,TRUE,"country_excluded"
"Belize","BLZ",2026,"20260921",13,2026-03-23,292,NA,292,26,NA,FALSE,TRUE,"country_excluded"
"Costa Rica","CRI",2024,"20260921",13,2024-03-25,6087,NA,6087,130,NA,FALSE,TRUE,"no_lookup_match"
"Costa Rica","CRI",2025,"20260921",13,2025-03-24,1040,NA,1040,78,NA,FALSE,TRUE,"no_lookup_match"
"Costa Rica","CRI",2026,"20260921",13,2026-03-23,522,527,527,26,1.01008999252502,TRUE,FALSE,"applied_mean"
"El Salvador","SLV",2025,"20260921",13,2025-03-24,1164,NA,1164,78,NA,FALSE,TRUE,"no_lookup_match"
"El Salvador","SLV",2024,"20260921",13,2024-03-25,1451,NA,1451,130,NA,FALSE,TRUE,"no_lookup_match"
"El Salvador","SLV",2026,"20260921",13,2026-03-23,1479,1479,1479,26,1,TRUE,FALSE,"applied_mean"
"Guatemala","GTM",2025,"20260921",13,2025-03-24,12277,NA,12277,78,NA,FALSE,TRUE,"no_lookup_match"
"Guatemala","GTM",2026,"20260921",13,2026-03-23,8512,10776,10776,26,1.26598992514226,TRUE,FALSE,"applied_mean"
"Guatemala","GTM",2024,"20260921",13,2024-03-25,16594,NA,16594,130,NA,FALSE,TRUE,"no_lookup_match"
"Honduras","HND",2024,"20260921",13,2024-03-25,10563,NA,10563,130,NA,FALSE,TRUE,"no_lookup_match"
"Honduras","HND",2025,"20260921",13,2025-03-24,4387,NA,4387,78,NA,FALSE,TRUE,"no_lookup_match"
"Honduras","HND",2026,"20260921",13,2026-03-23,2284,2284,2284,26,1,TRUE,FALSE,"applied_mean"
"Mexico","MEX",2024,"20260921",13,2024-03-25,47387,NA,47387,130,NA,FALSE,TRUE,"no_lookup_match"
"Mexico","MEX",2025,"20260921",13,2025-03-24,27025,NA,27025,78,NA,FALSE,TRUE,"no_lookup_match"
"Mexico","MEX",2026,"20260921",13,2026-03-23,14940,14928,14928,26,0.999174574069777,TRUE,FALSE,"applied_mean"
"Nicaragua","NIC",2025,"20260921",4,2025-01-20,5702,NA,5702,87,NA,FALSE,TRUE,"no_lookup_match"
"Nicaragua","NIC",2024,"20260921",13,2024-03-25,20300,NA,20300,130,NA,FALSE,TRUE,"no_lookup_match"
"Panama","PAN",2024,"20260921",13,2024-03-25,4660,NA,4660,130,NA,FALSE,TRUE,"no_lookup_match"
"Panama","PAN",2025,"20260921",13,2025-03-24,4726,NA,4726,78,NA,FALSE,TRUE,"no_lookup_match"
"Panama","PAN",2026,"20260921",13,2026-03-23,2445,2359,2359,26,0.964873430940199,TRUE,FALSE,"applied_mean"
"Bolivia","BOL",2024,"20260921",13,2024-03-25,25473,NA,25473,130,NA,FALSE,TRUE,"no_lookup_match"
"Bolivia","BOL",2025,"20260921",13,2025-03-24,12009,NA,12009,78,NA,FALSE,TRUE,"no_lookup_match"
"Bolivia","BOL",2026,"20260921",13,2026-03-23,43438,47559,47559,26,1.09486095980009,TRUE,FALSE,"applied_mean"
"Colombia","COL",2025,"20260921",13,2025-03-24,47834,NA,47834,78,NA,FALSE,TRUE,"no_lookup_match"
"Colombia","COL",2024,"20260921",13,2024-03-25,83278,NA,83278,130,NA,FALSE,TRUE,"no_lookup_match"
"Colombia","COL",2026,"20260921",13,2026-03-23,29628,29628,29628,26,1,TRUE,FALSE,"applied_mean"
"Ecuador","ECU",2024,"20260921",13,2024-03-25,17056,NA,17056,130,NA,FALSE,TRUE,"no_lookup_match"
"Ecuador","ECU",2025,"20260921",13,2025-03-24,13061,NA,13061,78,NA,FALSE,TRUE,"no_lookup_match"
"Ecuador","ECU",2026,"20260921",13,2026-03-23,6964,6977,6977,26,1.00187930713499,TRUE,FALSE,"applied_mean"
"Peru","PER",2024,"20260921",13,2024-03-25,118617,NA,118617,130,NA,FALSE,TRUE,"no_lookup_match"
"Peru","PER",2025,"20260921",13,2025-03-24,15928,NA,15928,78,NA,FALSE,TRUE,"no_lookup_match"
"Peru","PER",2026,"20260921",13,2026-03-23,8687,8583,8583,26,0.988053561489558,TRUE,FALSE,"applied_mean"
"Venezuela","VEN",2024,"20260921",13,2024-03-25,8038,NA,8038,130,NA,FALSE,TRUE,"no_lookup_match"
"Venezuela","VEN",2025,"20260921",13,2025-03-24,14459,NA,14459,78,NA,FALSE,TRUE,"no_lookup_match"
"Venezuela","VEN",2026,"20260921",13,2026-03-23,4906,NA,4906,26,NA,FALSE,TRUE,"no_lookup_match"
"Argentina","ARG",2024,"20260921",13,2024-03-25,342782,NA,342782,130,NA,FALSE,TRUE,"no_lookup_match"
"Argentina","ARG",2025,"20260921",13,2025-03-24,7629,NA,7629,78,NA,FALSE,TRUE,"no_lookup_match"
"Argentina","ARG",2026,"20260921",13,2026-03-23,32,39,39,26,1.22806894328789,TRUE,FALSE,"applied_mean"
"Brazil","BRA",2024,"20260921",13,2024-03-25,4785231,NA,4785231,130,NA,FALSE,TRUE,"no_lookup_match"
"Brazil","BRA",2025,"20260921",13,2025-03-24,1724783,NA,1724783,78,NA,FALSE,TRUE,"no_lookup_match"
"Brazil","BRA",2026,"20260921",13,2026-03-23,571746,567269,567269,26,0.992169870434308,TRUE,FALSE,"applied_mean"
"Chile","CHL",2025,"20260921",13,2025-03-24,0,NA,0,78,NA,FALSE,TRUE,"no_lookup_match"
"Chile","CHL",2024,"20260921",13,2024-03-25,37,NA,37,130,NA,FALSE,TRUE,"no_lookup_match"
"Chile","CHL",2026,"20260921",13,2026-03-23,16,NA,16,26,NA,FALSE,TRUE,"no_lookup_match"
"Paraguay","PRY",2024,"20260921",13,2024-03-25,218446,NA,218446,130,NA,FALSE,TRUE,"no_lookup_match"
"Paraguay","PRY",2026,"20260921",13,2026-03-23,6100,6054,6054,26,0.992481148225691,TRUE,FALSE,"applied_mean"
"Paraguay","PRY",2025,"20260921",13,2025-03-24,12432,NA,12432,78,NA,FALSE,TRUE,"no_lookup_match"
"Uruguay","URY",2025,"20260921",13,2025-03-24,1,NA,1,78,NA,FALSE,TRUE,"no_lookup_match"
"Uruguay","URY",2026,"20260921",13,2026-03-23,0,0,0,26,1,TRUE,FALSE,"applied_mean"
"Uruguay","URY",2024,"20260921",13,2024-03-25,457,NA,457,130,NA,FALSE,TRUE,"no_lookup_match"
"Cuba","CUB",2026,"20260921",13,2026-03-23,1006,NA,1006,26,NA,FALSE,TRUE,"no_lookup_match"
"Dominican Republic","DOM",2024,"20260921",13,2024-03-25,6098,NA,6098,130,NA,FALSE,TRUE,"no_lookup_match"
"Dominican Republic","DOM",2025,"20260921",13,2025-03-24,547,NA,547,78,NA,FALSE,TRUE,"no_lookup_match"
"Dominican Republic","DOM",2026,"20260921",13,2026-03-23,300,300,300,26,1,TRUE,FALSE,"applied_mean"
"Puerto Rico","PRI",2024,"20260921",13,2024-03-25,732,NA,732,130,NA,FALSE,TRUE,"no_lookup_match"
"Puerto Rico","PRI",2025,"20260921",13,2025-03-24,1321,NA,1321,78,NA,FALSE,TRUE,"no_lookup_match"
"Puerto Rico","PRI",2026,"20260921",13,2026-03-23,492,492,492,26,0.999848484848485,TRUE,FALSE,"applied_mean"
"Anguilla","AIA",2025,"20260921",13,2025-03-24,1,NA,1,78,NA,FALSE,TRUE,"no_lookup_match"
"Anguilla","AIA",2026,"20260921",13,2026-03-23,0,0,0,26,1,TRUE,FALSE,"applied_mean"
"Antigua and Barbuda","ATG",2025,"20260921",13,2025-03-24,2,NA,2,78,NA,FALSE,TRUE,"no_lookup_match"
"Antigua and Barbuda","ATG",2026,"20260921",13,2026-03-23,4,4,4,26,1,TRUE,FALSE,"applied_mean"
"Antigua and Barbuda","ATG",2024,"20260921",12,2024-03-18,41,NA,41,131,NA,FALSE,TRUE,"no_lookup_match"
"Aruba","ABW",2024,"20260921",12,2024-03-18,16,NA,16,131,NA,FALSE,TRUE,"no_lookup_match"
"Aruba","ABW",2025,"20260921",13,2025-03-24,2,NA,2,78,NA,FALSE,TRUE,"no_lookup_match"
"Bahamas","BHS",2024,"20260921",8,2024-02-19,0,NA,0,135,NA,FALSE,TRUE,"no_lookup_match"
"Bahamas","BHS",2026,"20260921",13,2026-03-23,0,0,0,26,1,TRUE,FALSE,"applied_mean"
"Barbados","BRB",2025,"20260921",13,2025-03-24,56,NA,56,78,NA,FALSE,TRUE,"no_lookup_match"
"Barbados","BRB",2026,"20260921",13,2026-03-23,25,22,22,26,0.871291983481193,TRUE,FALSE,"applied_mean"
"Barbados","BRB",2024,"20260921",13,2024-03-25,973,NA,973,130,NA,FALSE,TRUE,"no_lookup_match"
"Bermuda","BMU",2024,"20260921",13,2024-03-25,0,NA,0,130,NA,FALSE,TRUE,"no_lookup_match"
"Bermuda","BMU",2025,"20260921",13,2025-03-24,0,NA,0,78,NA,FALSE,TRUE,"no_lookup_match"
"Bermuda","BMU",2026,"20260921",13,2026-03-23,1,NA,1,26,NA,FALSE,TRUE,"no_lookup_match"
"Bonaire, Saint Eustatius and Saba","BES",2024,"20260921",12,2024-03-18,207,NA,207,131,NA,FALSE,TRUE,"no_lookup_match"
"Cayman Islands","CYM",2024,"20260921",13,2024-03-25,3,NA,3,130,NA,FALSE,TRUE,"no_lookup_match"
"Cayman Islands","CYM",2025,"20260921",13,2025-03-24,0,NA,0,78,NA,FALSE,TRUE,"no_lookup_match"
"Cayman Islands","CYM",2026,"20260921",13,2026-03-23,0,0,0,26,1,TRUE,FALSE,"applied_mean"
"Curaçao","CUW",2024,"20260921",12,2024-03-18,262,NA,262,131,NA,FALSE,TRUE,"no_lookup_match"
"French Guiana","GUF",2024,"20260921",13,2024-03-25,11532,NA,11532,130,NA,FALSE,TRUE,"no_lookup_match"
"French Guiana","GUF",2026,"20260921",13,2026-03-23,6,6,6,26,1,TRUE,FALSE,"applied_mean"
"Grenada","GRD",2024,"20260921",13,2024-03-25,108,NA,108,130,NA,FALSE,TRUE,"no_lookup_match"
"Grenada","GRD",2025,"20260921",13,2025-03-24,52,NA,52,78,NA,FALSE,TRUE,"no_lookup_match"
"Grenada","GRD",2026,"20260921",13,2026-03-23,47,47,47,26,1,TRUE,FALSE,"applied_mean"
"Guadeloupe","GLP",2026,"20260921",13,2026-03-23,298,298,298,26,1,TRUE,FALSE,"applied_mean"
"Guadeloupe","GLP",2024,"20260921",13,2024-03-25,2960,NA,2960,130,NA,FALSE,TRUE,"no_lookup_match"
"Guadeloupe","GLP",2025,"20260921",13,2025-03-24,4160,NA,4160,78,NA,FALSE,TRUE,"no_lookup_match"
"Guyana","GUY",2024,"20260921",13,2024-03-25,10728,NA,10728,130,NA,FALSE,TRUE,"no_lookup_match"
"Guyana","GUY",2025,"20260921",13,2025-03-24,14873,NA,14873,78,NA,FALSE,TRUE,"no_lookup_match"
"Guyana","GUY",2026,"20260921",13,2026-03-23,25520,26551,26551,26,1.04041620085206,TRUE,FALSE,"applied_mean"
"Jamaica","JAM",2024,"20260921",13,2024-03-25,1010,NA,1010,130,NA,FALSE,TRUE,"no_lookup_match"
"Jamaica","JAM",2025,"20260921",13,2025-03-24,121,NA,121,78,NA,FALSE,TRUE,"no_lookup_match"
"Jamaica","JAM",2026,"20260921",13,2026-03-23,77,77,77,26,1,TRUE,FALSE,"applied_mean"
"Martinique","MTQ",2025,"20260921",13,2025-03-24,675,NA,675,78,NA,FALSE,TRUE,"no_lookup_match"
"Martinique","MTQ",2024,"20260921",13,2024-03-25,4555,NA,4555,130,NA,FALSE,TRUE,"no_lookup_match"
"Martinique","MTQ",2026,"20260921",13,2026-03-23,1009,1009,1009,26,1,TRUE,FALSE,"applied_mean"
"Montserrat","MSR",2024,"20260921",13,2024-03-25,1,NA,1,130,NA,FALSE,TRUE,"no_lookup_match"
"Montserrat","MSR",2025,"20260921",13,2025-03-24,0,NA,0,78,NA,FALSE,TRUE,"no_lookup_match"
"Montserrat","MSR",2026,"20260921",13,2026-03-23,0,0,0,26,1,TRUE,FALSE,"applied_mean"
"Saint Barthelemy","BLM",2025,"20260921",13,2025-03-24,20,NA,20,78,NA,FALSE,TRUE,"no_lookup_match"
"Saint Barthelemy","BLM",2026,"20260921",13,2026-03-23,0,0,0,26,1,TRUE,FALSE,"applied_mean"
"Saint Barthelemy","BLM",2024,"20260921",13,2024-03-25,114,NA,114,130,NA,FALSE,TRUE,"no_lookup_match"
"Saint Kitts and Nevis","KNA",2024,"20260921",13,2024-03-25,150,NA,150,130,NA,FALSE,TRUE,"no_lookup_match"
"Saint Kitts and Nevis","KNA",2025,"20260921",13,2025-03-24,4,NA,4,78,NA,FALSE,TRUE,"no_lookup_match"
"Saint Kitts and Nevis","KNA",2026,"20260921",13,2026-03-23,13,13,13,26,1.0137990750553,TRUE,FALSE,"applied_mean"
"Saint Lucia","LCA",2024,"20260921",13,2024-03-25,4,NA,4,130,NA,FALSE,TRUE,"no_lookup_match"
"Saint Lucia","LCA",2025,"20260921",13,2025-03-24,23,NA,23,78,NA,FALSE,TRUE,"no_lookup_match"
"Saint Lucia","LCA",2026,"20260921",13,2026-03-23,4,4,4,26,1,TRUE,FALSE,"applied_mean"
"Saint Martin",NA,2025,"20260921",13,2025-03-24,80,NA,80,78,NA,FALSE,TRUE,"no_lookup_match"
"Saint Martin",NA,2026,"20260921",13,2026-03-23,4,NA,4,26,NA,FALSE,TRUE,"no_lookup_match"
"Saint Martin",NA,2024,"20260921",13,2024-03-25,439,NA,439,130,NA,FALSE,TRUE,"no_lookup_match"
"Saint Vincent and the Grenadines","VCT",2024,"20260921",12,2024-03-18,2,NA,2,131,NA,FALSE,TRUE,"no_lookup_match"
"Saint Vincent and the Grenadines","VCT",2025,"20260921",13,2025-03-24,2,NA,2,78,NA,FALSE,TRUE,"no_lookup_match"
"Saint Vincent and the Grenadines","VCT",2026,"20260921",13,2026-03-23,2,2,2,26,1,TRUE,FALSE,"applied_mean"
"Sint Maarten","SXM",2024,"20260921",12,2024-03-18,115,NA,115,131,NA,FALSE,TRUE,"no_lookup_match"
"Sint Maarten","SXM",2025,"20260921",13,2025-03-24,0,NA,0,78,NA,FALSE,TRUE,"no_lookup_match"
"Suriname","SUR",2024,"20260921",13,2024-03-25,82,NA,82,130,NA,FALSE,TRUE,"no_lookup_match"
"Suriname","SUR",2025,"20260921",13,2025-03-24,476,NA,476,78,NA,FALSE,TRUE,"no_lookup_match"
"Suriname","SUR",2026,"20260921",13,2026-03-23,323,323,323,26,1,TRUE,FALSE,"applied_mean"
"Trinidad and Tobago","TTO",2025,"20260921",13,2025-03-24,0,NA,0,78,NA,FALSE,TRUE,"no_lookup_match"
"Trinidad and Tobago","TTO",2026,"20260921",13,2026-03-23,29,29,29,26,1,TRUE,FALSE,"applied_mean"
"Trinidad and Tobago","TTO",2024,"20260921",5,2024-01-29,110,NA,110,138,NA,FALSE,TRUE,"no_lookup_match"
"Turks and Caicos Islands","TCA",2025,"20260921",13,2025-03-24,0,NA,0,78,NA,FALSE,TRUE,"no_lookup_match"
"Turks and Caicos Islands","TCA",2026,"20260921",12,2026-03-16,8,8,8,27,1,TRUE,FALSE,"applied_mean"
"Turks and Caicos Islands","TCA",2024,"20260921",12,2024-03-18,92,NA,92,131,NA,FALSE,TRUE,"no_lookup_match"
"Virgin Islands (UK)","VGB",2025,"20260921",13,2025-03-24,20,NA,20,78,NA,FALSE,TRUE,"no_lookup_match"
"Virgin Islands (UK)","VGB",2026,"20260921",13,2026-03-23,3,NA,3,26,NA,FALSE,TRUE,"no_lookup_match"
"Virgin Islands (US)","VIR",2024,"20260921",13,2024-03-25,0,NA,0,130,NA,FALSE,TRUE,"no_lookup_match"
"Virgin Islands (US)","VIR",2025,"20260921",13,2025-03-24,41,NA,41,78,NA,FALSE,TRUE,"no_lookup_match"
"Virgin Islands (US)","VIR",2026,"20260921",13,2026-03-23,0,NA,0,26,NA,FALSE,TRUE,"no_lookup_match"
"Canada","CAN",2024,"20260921",14,2024-04-01,0,NA,0,129,NA,FALSE,TRUE,"no_lookup_match"
"Canada","CAN",2025,"20260921",14,2025-03-31,0,NA,0,77,NA,FALSE,TRUE,"no_lookup_match"
"Canada","CAN",2026,"20260921",14,2026-03-30,0,NA,0,25,NA,FALSE,TRUE,"no_lookup_match"
"United States of America","USA",2024,"20260921",14,2024-04-01,371,NA,371,129,NA,FALSE,TRUE,"no_lookup_match"
"United States of America","USA",2025,"20260921",14,2025-03-31,214,NA,214,77,NA,FALSE,TRUE,"no_lookup_match"
"United States of America","USA",2026,"20260921",14,2026-03-30,91,NA,91,25,NA,FALSE,TRUE,"no_lookup_match"
"Belize","BLZ",2024,"20260921",14,2024-04-01,196,NA,196,129,NA,FALSE,TRUE,"country_excluded"
"Belize","BLZ",2025,"20260921",14,2025-03-31,209,NA,209,77,NA,FALSE,TRUE,"country_excluded"
"Belize","BLZ",2026,"20260921",14,2026-03-30,306,NA,306,25,NA,FALSE,TRUE,"country_excluded"
"Costa Rica","CRI",2024,"20260921",14,2024-04-01,6334,NA,6334,129,NA,FALSE,TRUE,"no_lookup_match"
"Costa Rica","CRI",2025,"20260921",14,2025-03-31,1090,NA,1090,77,NA,FALSE,TRUE,"no_lookup_match"
"Costa Rica","CRI",2026,"20260921",14,2026-03-30,553,558,558,25,1.00918186463303,TRUE,FALSE,"applied_mean"
"El Salvador","SLV",2025,"20260921",14,2025-03-31,1261,NA,1261,77,NA,FALSE,TRUE,"no_lookup_match"
"El Salvador","SLV",2024,"20260921",14,2024-04-01,1570,NA,1570,129,NA,FALSE,TRUE,"no_lookup_match"
"El Salvador","SLV",2026,"20260921",14,2026-03-30,1565,1565,1565,25,1,TRUE,FALSE,"applied_mean"
"Guatemala","GTM",2025,"20260921",14,2025-03-31,13293,NA,13293,77,NA,FALSE,TRUE,"no_lookup_match"
"Guatemala","GTM",2026,"20260921",14,2026-03-30,9384,12857,12857,25,1.37014923187033,TRUE,FALSE,"applied_mean"
"Guatemala","GTM",2024,"20260921",14,2024-04-01,18064,NA,18064,129,NA,FALSE,TRUE,"no_lookup_match"
"Honduras","HND",2024,"20260921",14,2024-04-01,11713,NA,11713,129,NA,FALSE,TRUE,"no_lookup_match"
"Honduras","HND",2025,"20260921",14,2025-03-31,4842,NA,4842,77,NA,FALSE,TRUE,"no_lookup_match"
"Honduras","HND",2026,"20260921",14,2026-03-30,2425,2425,2425,25,1,TRUE,FALSE,"applied_mean"
"Mexico","MEX",2024,"20260921",14,2024-04-01,50414,NA,50414,129,NA,FALSE,TRUE,"no_lookup_match"
"Mexico","MEX",2025,"20260921",14,2025-03-31,29092,NA,29092,77,NA,FALSE,TRUE,"no_lookup_match"
"Mexico","MEX",2026,"20260921",14,2026-03-30,16019,15999,15999,25,0.99876669095489,TRUE,FALSE,"applied_mean"
"Nicaragua","NIC",2025,"20260921",4,2025-01-20,5702,NA,5702,87,NA,FALSE,TRUE,"no_lookup_match"
"Nicaragua","NIC",2024,"20260921",14,2024-04-01,21199,NA,21199,129,NA,FALSE,TRUE,"no_lookup_match"
"Panama","PAN",2024,"20260921",14,2024-04-01,4852,NA,4852,129,NA,FALSE,TRUE,"no_lookup_match"
"Panama","PAN",2025,"20260921",14,2025-03-31,4947,NA,4947,77,NA,FALSE,TRUE,"no_lookup_match"
"Panama","PAN",2026,"20260921",14,2026-03-30,2607,2477,2477,25,0.94998255429646,TRUE,FALSE,"applied_mean"
"Bolivia","BOL",2024,"20260921",14,2024-04-01,27929,NA,27929,129,NA,FALSE,TRUE,"no_lookup_match"
"Bolivia","BOL",2025,"20260921",14,2025-03-31,13495,NA,13495,77,NA,FALSE,TRUE,"no_lookup_match"
"Bolivia","BOL",2026,"20260921",14,2026-03-30,46017,51949,51949,25,1.12890865693561,TRUE,FALSE,"applied_mean"
"Colombia","COL",2025,"20260921",14,2025-03-31,51483,NA,51483,77,NA,FALSE,TRUE,"no_lookup_match"
"Colombia","COL",2024,"20260921",14,2024-04-01,94558,NA,94558,129,NA,FALSE,TRUE,"no_lookup_match"
"Colombia","COL",2026,"20260921",14,2026-03-30,31632,31632,31632,25,1,TRUE,FALSE,"applied_mean"
"Ecuador","ECU",2024,"20260921",14,2024-04-01,19165,NA,19165,129,NA,FALSE,TRUE,"no_lookup_match"
"Ecuador","ECU",2025,"20260921",14,2025-03-31,14405,NA,14405,77,NA,FALSE,TRUE,"no_lookup_match"
"Ecuador","ECU",2026,"20260921",14,2026-03-30,7959,7971,7971,25,1.00150808210746,TRUE,FALSE,"applied_mean"
"Peru","PER",2024,"20260921",14,2024-04-01,140245,NA,140245,129,NA,FALSE,TRUE,"no_lookup_match"
"Peru","PER",2025,"20260921",14,2025-03-31,17791,NA,17791,77,NA,FALSE,TRUE,"no_lookup_match"
"Peru","PER",2026,"20260921",14,2026-03-30,10042,10138,10138,25,1.00956206793654,TRUE,FALSE,"applied_mean"
"Venezuela","VEN",2024,"20260921",14,2024-04-01,8668,NA,8668,129,NA,FALSE,TRUE,"no_lookup_match"
"Venezuela","VEN",2025,"20260921",14,2025-03-31,15279,NA,15279,77,NA,FALSE,TRUE,"no_lookup_match"
"Venezuela","VEN",2026,"20260921",14,2026-03-30,5172,NA,5172,25,NA,FALSE,TRUE,"no_lookup_match"
"Argentina","ARG",2024,"20260921",14,2024-04-01,413975,NA,413975,129,NA,FALSE,TRUE,"no_lookup_match"
"Argentina","ARG",2025,"20260921",14,2025-03-31,10129,NA,10129,77,NA,FALSE,TRUE,"no_lookup_match"
"Argentina","ARG",2026,"20260921",14,2026-03-30,38,51,51,25,1.3323773655213,TRUE,FALSE,"applied_mean"
"Brazil","BRA",2024,"20260921",14,2024-04-01,5391054,NA,5391054,129,NA,FALSE,TRUE,"no_lookup_match"
"Brazil","BRA",2025,"20260921",14,2025-03-31,1902709,NA,1902709,77,NA,FALSE,TRUE,"no_lookup_match"
"Brazil","BRA",2026,"20260921",14,2026-03-30,631549,626623,626623,25,0.992200679817713,TRUE,FALSE,"applied_mean"
"Chile","CHL",2025,"20260921",14,2025-03-31,0,NA,0,77,NA,FALSE,TRUE,"no_lookup_match"
"Chile","CHL",2024,"20260921",14,2024-04-01,58,NA,58,129,NA,FALSE,TRUE,"no_lookup_match"
"Chile","CHL",2026,"20260921",14,2026-03-30,17,NA,17,25,NA,FALSE,TRUE,"no_lookup_match"
"Paraguay","PRY",2024,"20260921",14,2024-04-01,229096,NA,229096,129,NA,FALSE,TRUE,"no_lookup_match"
"Paraguay","PRY",2026,"20260921",14,2026-03-30,6415,6347,6347,25,0.989427256389076,TRUE,FALSE,"applied_mean"
"Paraguay","PRY",2025,"20260921",14,2025-03-31,13243,NA,13243,77,NA,FALSE,TRUE,"no_lookup_match"
"Uruguay","URY",2025,"20260921",14,2025-03-31,1,NA,1,77,NA,FALSE,TRUE,"no_lookup_match"
"Uruguay","URY",2026,"20260921",14,2026-03-30,0,NA,0,25,NA,FALSE,TRUE,"insufficient_n_rf"
"Uruguay","URY",2024,"20260921",14,2024-04-01,704,NA,704,129,NA,FALSE,TRUE,"no_lookup_match"
"Cuba","CUB",2026,"20260921",14,2026-03-30,1031,NA,1031,25,NA,FALSE,TRUE,"no_lookup_match"
"Dominican Republic","DOM",2024,"20260921",14,2024-04-01,6334,NA,6334,129,NA,FALSE,TRUE,"no_lookup_match"
"Dominican Republic","DOM",2025,"20260921",14,2025-03-31,606,NA,606,77,NA,FALSE,TRUE,"no_lookup_match"
"Dominican Republic","DOM",2026,"20260921",14,2026-03-30,320,320,320,25,0.999661933739013,TRUE,FALSE,"applied_mean"
"Puerto Rico","PRI",2024,"20260921",14,2024-04-01,810,NA,810,129,NA,FALSE,TRUE,"no_lookup_match"
"Puerto Rico","PRI",2025,"20260921",14,2025-03-31,1378,NA,1378,77,NA,FALSE,TRUE,"no_lookup_match"
"Puerto Rico","PRI",2026,"20260921",14,2026-03-30,514,514,514,25,0.999593370972299,TRUE,FALSE,"applied_mean"
"Anguilla","AIA",2025,"20260921",14,2025-03-31,1,NA,1,77,NA,FALSE,TRUE,"no_lookup_match"
"Anguilla","AIA",2026,"20260921",14,2026-03-30,0,NA,0,25,NA,FALSE,TRUE,"insufficient_n_rf"
"Antigua and Barbuda","ATG",2025,"20260921",14,2025-03-31,2,NA,2,77,NA,FALSE,TRUE,"no_lookup_match"
"Antigua and Barbuda","ATG",2026,"20260921",14,2026-03-30,4,4,4,25,1,TRUE,FALSE,"applied_mean"
"Antigua and Barbuda","ATG",2024,"20260921",12,2024-03-18,41,NA,41,131,NA,FALSE,TRUE,"no_lookup_match"
"Aruba","ABW",2024,"20260921",12,2024-03-18,16,NA,16,131,NA,FALSE,TRUE,"no_lookup_match"
"Aruba","ABW",2025,"20260921",14,2025-03-31,2,NA,2,77,NA,FALSE,TRUE,"no_lookup_match"
"Bahamas","BHS",2024,"20260921",8,2024-02-19,0,NA,0,135,NA,FALSE,TRUE,"no_lookup_match"
"Bahamas","BHS",2026,"20260921",14,2026-03-30,0,NA,0,25,NA,FALSE,TRUE,"insufficient_n_rf"
"Barbados","BRB",2025,"20260921",14,2025-03-31,56,NA,56,77,NA,FALSE,TRUE,"no_lookup_match"
"Barbados","BRB",2026,"20260921",14,2026-03-30,29,23,23,25,0.809017508347397,TRUE,FALSE,"applied_mean"
"Barbados","BRB",2024,"20260921",14,2024-04-01,991,NA,991,129,NA,FALSE,TRUE,"no_lookup_match"
"Bermuda","BMU",2024,"20260921",14,2024-04-01,0,NA,0,129,NA,FALSE,TRUE,"no_lookup_match"
"Bermuda","BMU",2025,"20260921",14,2025-03-31,0,NA,0,77,NA,FALSE,TRUE,"no_lookup_match"
"Bermuda","BMU",2026,"20260921",14,2026-03-30,1,NA,1,25,NA,FALSE,TRUE,"no_lookup_match"
"Bonaire, Saint Eustatius and Saba","BES",2024,"20260921",12,2024-03-18,207,NA,207,131,NA,FALSE,TRUE,"no_lookup_match"
"Cayman Islands","CYM",2024,"20260921",14,2024-04-01,3,NA,3,129,NA,FALSE,TRUE,"no_lookup_match"
"Cayman Islands","CYM",2025,"20260921",14,2025-03-31,0,NA,0,77,NA,FALSE,TRUE,"no_lookup_match"
"Cayman Islands","CYM",2026,"20260921",14,2026-03-30,0,NA,0,25,NA,FALSE,TRUE,"insufficient_n_rf"
"Curaçao","CUW",2024,"20260921",12,2024-03-18,262,NA,262,131,NA,FALSE,TRUE,"no_lookup_match"
"French Guiana","GUF",2024,"20260921",14,2024-04-01,11638,NA,11638,129,NA,FALSE,TRUE,"no_lookup_match"
"French Guiana","GUF",2026,"20260921",14,2026-03-30,6,6,6,25,1,TRUE,FALSE,"applied_mean"
"Grenada","GRD",2024,"20260921",14,2024-04-01,113,NA,113,129,NA,FALSE,TRUE,"no_lookup_match"
"Grenada","GRD",2025,"20260921",14,2025-03-31,56,NA,56,77,NA,FALSE,TRUE,"no_lookup_match"
"Grenada","GRD",2026,"20260921",14,2026-03-30,49,49,49,25,1,TRUE,FALSE,"applied_mean"
"Guadeloupe","GLP",2026,"20260921",14,2026-03-30,298,298,298,25,1,TRUE,FALSE,"applied_mean"
"Guadeloupe","GLP",2024,"20260921",14,2024-04-01,3160,NA,3160,129,NA,FALSE,TRUE,"no_lookup_match"
"Guadeloupe","GLP",2025,"20260921",14,2025-03-31,4160,NA,4160,77,NA,FALSE,TRUE,"no_lookup_match"
"Guyana","GUY",2024,"20260921",14,2024-04-01,11364,NA,11364,129,NA,FALSE,TRUE,"no_lookup_match"
"Guyana","GUY",2025,"20260921",14,2025-03-31,16061,NA,16061,77,NA,FALSE,TRUE,"no_lookup_match"
"Guyana","GUY",2026,"20260921",14,2026-03-30,27126,28334,28334,25,1.04453432991612,TRUE,FALSE,"applied_mean"
"Jamaica","JAM",2024,"20260921",14,2024-04-01,1098,NA,1098,129,NA,FALSE,TRUE,"no_lookup_match"
"Jamaica","JAM",2025,"20260921",14,2025-03-31,121,NA,121,77,NA,FALSE,TRUE,"no_lookup_match"
"Jamaica","JAM",2026,"20260921",14,2026-03-30,78,78,78,25,1,TRUE,FALSE,"applied_mean"
"Martinique","MTQ",2025,"20260921",14,2025-03-31,675,NA,675,77,NA,FALSE,TRUE,"no_lookup_match"
"Martinique","MTQ",2024,"20260921",14,2024-04-01,4705,NA,4705,129,NA,FALSE,TRUE,"no_lookup_match"
"Martinique","MTQ",2026,"20260921",14,2026-03-30,1084,1084,1084,25,1,TRUE,FALSE,"applied_mean"
"Montserrat","MSR",2024,"20260921",14,2024-04-01,1,NA,1,129,NA,FALSE,TRUE,"no_lookup_match"
"Montserrat","MSR",2025,"20260921",14,2025-03-31,0,NA,0,77,NA,FALSE,TRUE,"no_lookup_match"
"Montserrat","MSR",2026,"20260921",14,2026-03-30,0,0,0,25,1,TRUE,FALSE,"applied_mean"
"Saint Barthelemy","BLM",2025,"20260921",14,2025-03-31,20,NA,20,77,NA,FALSE,TRUE,"no_lookup_match"
"Saint Barthelemy","BLM",2026,"20260921",14,2026-03-30,0,0,0,25,1,TRUE,FALSE,"applied_mean"
"Saint Barthelemy","BLM",2024,"20260921",14,2024-04-01,116,NA,116,129,NA,FALSE,TRUE,"no_lookup_match"
"Saint Kitts and Nevis","KNA",2024,"20260921",14,2024-04-01,150,NA,150,129,NA,FALSE,TRUE,"no_lookup_match"
"Saint Kitts and Nevis","KNA",2025,"20260921",14,2025-03-31,4,NA,4,77,NA,FALSE,TRUE,"no_lookup_match"
"Saint Kitts and Nevis","KNA",2026,"20260921",13,2026-03-23,13,13,13,26,1.0137990750553,TRUE,FALSE,"applied_mean"
"Saint Lucia","LCA",2024,"20260921",14,2024-04-01,4,NA,4,129,NA,FALSE,TRUE,"no_lookup_match"
"Saint Lucia","LCA",2025,"20260921",14,2025-03-31,24,NA,24,77,NA,FALSE,TRUE,"no_lookup_match"
"Saint Lucia","LCA",2026,"20260921",14,2026-03-30,4,4,4,25,1,TRUE,FALSE,"applied_mean"
"Saint Martin",NA,2025,"20260921",14,2025-03-31,88,NA,88,77,NA,FALSE,TRUE,"no_lookup_match"
"Saint Martin",NA,2026,"20260921",14,2026-03-30,4,NA,4,25,NA,FALSE,TRUE,"no_lookup_match"
"Saint Martin",NA,2024,"20260921",14,2024-04-01,449,NA,449,129,NA,FALSE,TRUE,"no_lookup_match"
"Saint Vincent and the Grenadines","VCT",2024,"20260921",12,2024-03-18,2,NA,2,131,NA,FALSE,TRUE,"no_lookup_match"
"Saint Vincent and the Grenadines","VCT",2025,"20260921",14,2025-03-31,2,NA,2,77,NA,FALSE,TRUE,"no_lookup_match"
"Saint Vincent and the Grenadines","VCT",2026,"20260921",14,2026-03-30,2,NA,2,25,NA,FALSE,TRUE,"insufficient_n_rf"
"Sint Maarten","SXM",2024,"20260921",12,2024-03-18,115,NA,115,131,NA,FALSE,TRUE,"no_lookup_match"
"Sint Maarten","SXM",2025,"20260921",14,2025-03-31,0,NA,0,77,NA,FALSE,TRUE,"no_lookup_match"
"Suriname","SUR",2025,"20260921",14,2025-03-31,526,NA,526,77,NA,FALSE,TRUE,"no_lookup_match"
"Suriname","SUR",2026,"20260921",14,2026-03-30,327,327,327,25,1,TRUE,FALSE,"applied_mean"
"Suriname","SUR",2024,"20260921",14,2024-04-01,88,NA,88,129,NA,FALSE,TRUE,"no_lookup_match"
"Trinidad and Tobago","TTO",2025,"20260921",14,2025-03-31,0,NA,0,77,NA,FALSE,TRUE,"no_lookup_match"
"Trinidad and Tobago","TTO",2026,"20260921",14,2026-03-30,29,29,29,25,1,TRUE,FALSE,"applied_mean"
"Trinidad and Tobago","TTO",2024,"20260921",5,2024-01-29,110,NA,110,138,NA,FALSE,TRUE,"no_lookup_match"
"Turks and Caicos Islands","TCA",2025,"20260921",14,2025-03-31,0,NA,0,77,NA,FALSE,TRUE,"no_lookup_match"
"Turks and Caicos Islands","TCA",2026,"20260921",12,2026-03-16,8,8,8,27,1,TRUE,FALSE,"applied_mean"
"Turks and Caicos Islands","TCA",2024,"20260921",12,2024-03-18,92,NA,92,131,NA,FALSE,TRUE,"no_lookup_match"
"Virgin Islands (UK)","VGB",2025,"20260921",14,2025-03-31,21,NA,21,77,NA,FALSE,TRUE,"no_lookup_match"
"Virgin Islands (UK)","VGB",2026,"20260921",14,2026-03-30,3,NA,3,25,NA,FALSE,TRUE,"no_lookup_match"
"Virgin Islands (US)","VIR",2024,"20260921",14,2024-04-01,0,NA,0,129,NA,FALSE,TRUE,"no_lookup_match"
"Virgin Islands (US)","VIR",2025,"20260921",14,2025-03-31,41,NA,41,77,NA,FALSE,TRUE,"no_lookup_match"
"Virgin Islands (US)","VIR",2026,"20260921",14,2026-03-30,0,NA,0,25,NA,FALSE,TRUE,"no_lookup_match"
"Canada","CAN",2024,"20260921",15,2024-04-08,0,NA,0,128,NA,FALSE,TRUE,"no_lookup_match"
"Canada","CAN",2025,"20260921",15,2025-04-07,0,NA,0,76,NA,FALSE,TRUE,"no_lookup_match"
"Canada","CAN",2026,"20260921",15,2026-04-06,0,NA,0,24,NA,FALSE,TRUE,"no_lookup_match"
"United States of America","USA",2024,"20260921",15,2024-04-08,411,NA,411,128,NA,FALSE,TRUE,"no_lookup_match"
"United States of America","USA",2025,"20260921",15,2025-04-07,232,NA,232,76,NA,FALSE,TRUE,"no_lookup_match"
"United States of America","USA",2026,"20260921",15,2026-04-06,95,NA,95,24,NA,FALSE,TRUE,"no_lookup_match"
"Belize","BLZ",2024,"20260921",15,2024-04-08,212,NA,212,128,NA,FALSE,TRUE,"country_excluded"
"Belize","BLZ",2025,"20260921",15,2025-04-07,221,NA,221,76,NA,FALSE,TRUE,"country_excluded"
"Belize","BLZ",2026,"20260921",15,2026-04-06,317,NA,317,24,NA,FALSE,TRUE,"country_excluded"
"Costa Rica","CRI",2024,"20260921",15,2024-04-08,6550,NA,6550,128,NA,FALSE,TRUE,"no_lookup_match"
"Costa Rica","CRI",2025,"20260921",15,2025-04-07,1120,NA,1120,76,NA,FALSE,TRUE,"no_lookup_match"
"Costa Rica","CRI",2026,"20260921",15,2026-04-06,589,591,591,24,1.00299629744317,TRUE,FALSE,"applied_mean"
"El Salvador","SLV",2025,"20260921",15,2025-04-07,1357,NA,1357,76,NA,FALSE,TRUE,"no_lookup_match"
"El Salvador","SLV",2024,"20260921",15,2024-04-08,1688,NA,1688,128,NA,FALSE,TRUE,"no_lookup_match"
"El Salvador","SLV",2026,"20260921",15,2026-04-06,1646,1646,1646,24,1,TRUE,FALSE,"applied_mean"
"Guatemala","GTM",2025,"20260921",15,2025-04-07,14511,NA,14511,76,NA,FALSE,TRUE,"no_lookup_match"
"Guatemala","GTM",2026,"20260921",15,2026-04-06,10270,14478,14478,24,1.40969688373807,TRUE,FALSE,"applied_mean"
"Guatemala","GTM",2024,"20260921",15,2024-04-08,19477,NA,19477,128,NA,FALSE,TRUE,"no_lookup_match"
"Honduras","HND",2024,"20260921",15,2024-04-08,13197,NA,13197,128,NA,FALSE,TRUE,"no_lookup_match"
"Honduras","HND",2025,"20260921",15,2025-04-07,5189,NA,5189,76,NA,FALSE,TRUE,"no_lookup_match"
"Honduras","HND",2026,"20260921",15,2026-04-06,2593,2593,2593,24,1,TRUE,FALSE,"applied_mean"
"Mexico","MEX",2024,"20260921",15,2024-04-08,53968,NA,53968,128,NA,FALSE,TRUE,"no_lookup_match"
"Mexico","MEX",2025,"20260921",15,2025-04-07,30826,NA,30826,76,NA,FALSE,TRUE,"no_lookup_match"
"Mexico","MEX",2026,"20260921",15,2026-04-06,17250,17226,17226,24,0.998606890066271,TRUE,FALSE,"applied_mean"
"Nicaragua","NIC",2025,"20260921",4,2025-01-20,5702,NA,5702,87,NA,FALSE,TRUE,"no_lookup_match"
"Nicaragua","NIC",2024,"20260921",15,2024-04-08,22212,NA,22212,128,NA,FALSE,TRUE,"no_lookup_match"
"Panama","PAN",2024,"20260921",15,2024-04-08,5071,NA,5071,128,NA,FALSE,TRUE,"no_lookup_match"
"Panama","PAN",2025,"20260921",15,2025-04-07,5138,NA,5138,76,NA,FALSE,TRUE,"no_lookup_match"
"Panama","PAN",2026,"20260921",15,2026-04-06,2732,2578,2578,24,0.943637581095804,TRUE,FALSE,"applied_mean"
"Bolivia","BOL",2024,"20260921",15,2024-04-08,30387,NA,30387,128,NA,FALSE,TRUE,"no_lookup_match"
"Bolivia","BOL",2025,"20260921",15,2025-04-07,14867,NA,14867,76,NA,FALSE,TRUE,"no_lookup_match"
"Bolivia","BOL",2026,"20260921",15,2026-04-06,48445,55279,55279,24,1.14106572459245,TRUE,FALSE,"applied_mean"
"Colombia","COL",2025,"20260921",15,2025-04-07,54263,NA,54263,76,NA,FALSE,TRUE,"no_lookup_match"
"Colombia","COL",2024,"20260921",15,2024-04-08,103323,NA,103323,128,NA,FALSE,TRUE,"no_lookup_match"
"Colombia","COL",2026,"20260921",15,2026-04-06,33321,33321,33321,24,1,TRUE,FALSE,"applied_mean"
"Ecuador","ECU",2024,"20260921",15,2024-04-08,21162,NA,21162,128,NA,FALSE,TRUE,"no_lookup_match"
"Ecuador","ECU",2025,"20260921",15,2025-04-07,15814,NA,15814,76,NA,FALSE,TRUE,"no_lookup_match"
"Ecuador","ECU",2026,"20260921",15,2026-04-06,8982,8992,8992,24,1.0011214094863,TRUE,FALSE,"applied_mean"
"Peru","PER",2024,"20260921",15,2024-04-08,161427,NA,161427,128,NA,FALSE,TRUE,"no_lookup_match"
"Peru","PER",2025,"20260921",15,2025-04-07,19642,NA,19642,76,NA,FALSE,TRUE,"no_lookup_match"
"Peru","PER",2026,"20260921",15,2026-04-06,11628,11852,11852,24,1.01926602375785,TRUE,FALSE,"applied_mean"
"Venezuela","VEN",2024,"20260921",15,2024-04-08,9297,NA,9297,128,NA,FALSE,TRUE,"no_lookup_match"
"Venezuela","VEN",2025,"20260921",15,2025-04-07,15944,NA,15944,76,NA,FALSE,TRUE,"no_lookup_match"
"Venezuela","VEN",2026,"20260921",15,2026-04-06,5404,NA,5404,24,NA,FALSE,TRUE,"no_lookup_match"
"Argentina","ARG",2024,"20260921",15,2024-04-08,471579,NA,471579,128,NA,FALSE,TRUE,"no_lookup_match"
"Argentina","ARG",2025,"20260921",15,2025-04-07,11716,NA,11716,76,NA,FALSE,TRUE,"no_lookup_match"
"Argentina","ARG",2026,"20260921",15,2026-04-06,43,60,60,24,1.40332444342119,TRUE,FALSE,"applied_mean"
"Brazil","BRA",2024,"20260921",15,2024-04-08,5992158,NA,5992158,128,NA,FALSE,TRUE,"no_lookup_match"
"Brazil","BRA",2025,"20260921",15,2025-04-07,2069695,NA,2069695,76,NA,FALSE,TRUE,"no_lookup_match"
"Brazil","BRA",2026,"20260921",15,2026-04-06,686974,682068,682068,24,0.992858401624143,TRUE,FALSE,"applied_mean"
"Chile","CHL",2025,"20260921",15,2025-04-07,0,NA,0,76,NA,FALSE,TRUE,"no_lookup_match"
"Chile","CHL",2024,"20260921",15,2024-04-08,86,NA,86,128,NA,FALSE,TRUE,"no_lookup_match"
"Chile","CHL",2026,"20260921",15,2026-04-06,17,NA,17,24,NA,FALSE,TRUE,"insufficient_n_rf"
"Paraguay","PRY",2024,"20260921",15,2024-04-08,238288,NA,238288,128,NA,FALSE,TRUE,"no_lookup_match"
"Paraguay","PRY",2025,"20260921",15,2025-04-07,14026,NA,14026,76,NA,FALSE,TRUE,"no_lookup_match"
"Paraguay","PRY",2026,"20260921",15,2026-04-06,6755,6692,6692,24,0.9906094928676,TRUE,FALSE,"applied_mean"
"Uruguay","URY",2025,"20260921",15,2025-04-07,2,NA,2,76,NA,FALSE,TRUE,"no_lookup_match"
"Uruguay","URY",2026,"20260921",15,2026-04-06,0,NA,0,24,NA,FALSE,TRUE,"insufficient_n_rf"
"Uruguay","URY",2024,"20260921",15,2024-04-08,822,NA,822,128,NA,FALSE,TRUE,"no_lookup_match"
"Cuba","CUB",2026,"20260921",15,2026-04-06,1056,NA,1056,24,NA,FALSE,TRUE,"no_lookup_match"
"Dominican Republic","DOM",2024,"20260921",15,2024-04-08,6523,NA,6523,128,NA,FALSE,TRUE,"no_lookup_match"
"Dominican Republic","DOM",2025,"20260921",15,2025-04-07,635,NA,635,76,NA,FALSE,TRUE,"no_lookup_match"
"Dominican Republic","DOM",2026,"20260921",15,2026-04-06,339,338,338,24,0.997683476834768,TRUE,FALSE,"applied_mean"
"Puerto Rico","PRI",2024,"20260921",15,2024-04-08,876,NA,876,128,NA,FALSE,TRUE,"no_lookup_match"
"Puerto Rico","PRI",2025,"20260921",15,2025-04-07,1424,NA,1424,76,NA,FALSE,TRUE,"no_lookup_match"
"Puerto Rico","PRI",2026,"20260921",15,2026-04-06,551,551,551,24,0.99933171280774,TRUE,FALSE,"applied_mean"
"Anguilla","AIA",2025,"20260921",15,2025-04-07,1,NA,1,76,NA,FALSE,TRUE,"no_lookup_match"
"Anguilla","AIA",2026,"20260921",15,2026-04-06,0,NA,0,24,NA,FALSE,TRUE,"no_lookup_match"
"Antigua and Barbuda","ATG",2025,"20260921",15,2025-04-07,2,NA,2,76,NA,FALSE,TRUE,"no_lookup_match"
"Antigua and Barbuda","ATG",2026,"20260921",15,2026-04-06,4,4,4,24,1,TRUE,FALSE,"applied_mean"
"Antigua and Barbuda","ATG",2024,"20260921",12,2024-03-18,41,NA,41,131,NA,FALSE,TRUE,"no_lookup_match"
"Aruba","ABW",2024,"20260921",12,2024-03-18,16,NA,16,131,NA,FALSE,TRUE,"no_lookup_match"
"Aruba","ABW",2025,"20260921",15,2025-04-07,2,NA,2,76,NA,FALSE,TRUE,"no_lookup_match"
"Bahamas","BHS",2024,"20260921",8,2024-02-19,0,NA,0,135,NA,FALSE,TRUE,"no_lookup_match"
"Bahamas","BHS",2026,"20260921",15,2026-04-06,0,NA,0,24,NA,FALSE,TRUE,"no_lookup_match"
"Barbados","BRB",2025,"20260921",15,2025-04-07,64,NA,64,76,NA,FALSE,TRUE,"no_lookup_match"
"Barbados","BRB",2026,"20260921",15,2026-04-06,30,23,23,24,0.761691760122266,TRUE,FALSE,"applied_mean"
"Barbados","BRB",2024,"20260921",15,2024-04-08,1004,NA,1004,128,NA,FALSE,TRUE,"no_lookup_match"
"Bermuda","BMU",2024,"20260921",15,2024-04-08,0,NA,0,128,NA,FALSE,TRUE,"no_lookup_match"
"Bermuda","BMU",2025,"20260921",15,2025-04-07,0,NA,0,76,NA,FALSE,TRUE,"no_lookup_match"
"Bermuda","BMU",2026,"20260921",15,2026-04-06,1,NA,1,24,NA,FALSE,TRUE,"no_lookup_match"
"Bonaire, Saint Eustatius and Saba","BES",2024,"20260921",12,2024-03-18,207,NA,207,131,NA,FALSE,TRUE,"no_lookup_match"
"Cayman Islands","CYM",2024,"20260921",15,2024-04-08,3,NA,3,128,NA,FALSE,TRUE,"no_lookup_match"
"Cayman Islands","CYM",2025,"20260921",15,2025-04-07,0,NA,0,76,NA,FALSE,TRUE,"no_lookup_match"
"Cayman Islands","CYM",2026,"20260921",15,2026-04-06,0,NA,0,24,NA,FALSE,TRUE,"insufficient_n_rf"
"Curaçao","CUW",2024,"20260921",12,2024-03-18,262,NA,262,131,NA,FALSE,TRUE,"no_lookup_match"
"French Guiana","GUF",2024,"20260921",14,2024-04-01,11638,NA,11638,129,NA,FALSE,TRUE,"no_lookup_match"
"French Guiana","GUF",2026,"20260921",15,2026-04-06,6,6,6,24,1,TRUE,FALSE,"applied_mean"
"Grenada","GRD",2024,"20260921",15,2024-04-08,118,NA,118,128,NA,FALSE,TRUE,"no_lookup_match"
"Grenada","GRD",2025,"20260921",15,2025-04-07,61,NA,61,76,NA,FALSE,TRUE,"no_lookup_match"
"Grenada","GRD",2026,"20260921",15,2026-04-06,52,52,52,24,1,TRUE,FALSE,"applied_mean"
"Guadeloupe","GLP",2026,"20260921",15,2026-04-06,298,298,298,24,1,TRUE,FALSE,"applied_mean"
"Guadeloupe","GLP",2024,"20260921",15,2024-04-08,3275,NA,3275,128,NA,FALSE,TRUE,"no_lookup_match"
"Guadeloupe","GLP",2025,"20260921",15,2025-04-07,4160,NA,4160,76,NA,FALSE,TRUE,"no_lookup_match"
"Guyana","GUY",2024,"20260921",15,2024-04-08,12235,NA,12235,128,NA,FALSE,TRUE,"no_lookup_match"
"Guyana","GUY",2025,"20260921",15,2025-04-07,17097,NA,17097,76,NA,FALSE,TRUE,"no_lookup_match"
"Guyana","GUY",2026,"20260921",15,2026-04-06,28910,30011,30011,24,1.03809990888104,TRUE,FALSE,"applied_mean"
"Jamaica","JAM",2024,"20260921",15,2024-04-08,1133,NA,1133,128,NA,FALSE,TRUE,"no_lookup_match"
"Jamaica","JAM",2025,"20260921",15,2025-04-07,139,NA,139,76,NA,FALSE,TRUE,"no_lookup_match"
"Jamaica","JAM",2026,"20260921",15,2026-04-06,78,78,78,24,1,TRUE,FALSE,"applied_mean"
"Martinique","MTQ",2025,"20260921",15,2025-04-07,675,NA,675,76,NA,FALSE,TRUE,"no_lookup_match"
"Martinique","MTQ",2024,"20260921",15,2024-04-08,4975,NA,4975,128,NA,FALSE,TRUE,"no_lookup_match"
"Martinique","MTQ",2026,"20260921",15,2026-04-06,1159,1159,1159,24,1,TRUE,FALSE,"applied_mean"
"Montserrat","MSR",2024,"20260921",15,2024-04-08,1,NA,1,128,NA,FALSE,TRUE,"no_lookup_match"
"Montserrat","MSR",2025,"20260921",15,2025-04-07,0,NA,0,76,NA,FALSE,TRUE,"no_lookup_match"
"Montserrat","MSR",2026,"20260921",15,2026-04-06,0,0,0,24,1,TRUE,FALSE,"applied_mean"
"Saint Barthelemy","BLM",2025,"20260921",15,2025-04-07,20,NA,20,76,NA,FALSE,TRUE,"no_lookup_match"
"Saint Barthelemy","BLM",2026,"20260921",15,2026-04-06,0,0,0,24,1,TRUE,FALSE,"applied_mean"
"Saint Barthelemy","BLM",2024,"20260921",15,2024-04-08,120,NA,120,128,NA,FALSE,TRUE,"no_lookup_match"
"Saint Kitts and Nevis","KNA",2024,"20260921",15,2024-04-08,150,NA,150,128,NA,FALSE,TRUE,"no_lookup_match"
"Saint Kitts and Nevis","KNA",2025,"20260921",15,2025-04-07,4,NA,4,76,NA,FALSE,TRUE,"no_lookup_match"
"Saint Kitts and Nevis","KNA",2026,"20260921",13,2026-03-23,13,13,13,26,1.0137990750553,TRUE,FALSE,"applied_mean"
"Saint Lucia","LCA",2024,"20260921",15,2024-04-08,4,NA,4,128,NA,FALSE,TRUE,"no_lookup_match"
"Saint Lucia","LCA",2025,"20260921",15,2025-04-07,25,NA,25,76,NA,FALSE,TRUE,"no_lookup_match"
"Saint Lucia","LCA",2026,"20260921",15,2026-04-06,4,4,4,24,1,TRUE,FALSE,"applied_mean"
"Saint Martin",NA,2025,"20260921",15,2025-04-07,96,NA,96,76,NA,FALSE,TRUE,"no_lookup_match"
"Saint Martin",NA,2026,"20260921",15,2026-04-06,4,NA,4,24,NA,FALSE,TRUE,"no_lookup_match"
"Saint Martin",NA,2024,"20260921",15,2024-04-08,459,NA,459,128,NA,FALSE,TRUE,"no_lookup_match"
"Saint Vincent and the Grenadines","VCT",2024,"20260921",12,2024-03-18,2,NA,2,131,NA,FALSE,TRUE,"no_lookup_match"
"Saint Vincent and the Grenadines","VCT",2025,"20260921",15,2025-04-07,2,NA,2,76,NA,FALSE,TRUE,"no_lookup_match"
"Saint Vincent and the Grenadines","VCT",2026,"20260921",15,2026-04-06,2,NA,2,24,NA,FALSE,TRUE,"no_lookup_match"
"Sint Maarten","SXM",2024,"20260921",12,2024-03-18,115,NA,115,131,NA,FALSE,TRUE,"no_lookup_match"
"Sint Maarten","SXM",2025,"20260921",15,2025-04-07,0,NA,0,76,NA,FALSE,TRUE,"no_lookup_match"
"Suriname","SUR",2025,"20260921",15,2025-04-07,555,NA,555,76,NA,FALSE,TRUE,"no_lookup_match"
"Suriname","SUR",2026,"20260921",15,2026-04-06,391,391,391,24,1,TRUE,FALSE,"applied_mean"
"Suriname","SUR",2024,"20260921",15,2024-04-08,88,NA,88,128,NA,FALSE,TRUE,"no_lookup_match"
"Trinidad and Tobago","TTO",2025,"20260921",15,2025-04-07,0,NA,0,76,NA,FALSE,TRUE,"no_lookup_match"
"Trinidad and Tobago","TTO",2026,"20260921",15,2026-04-06,29,29,29,24,1,TRUE,FALSE,"applied_mean"
"Trinidad and Tobago","TTO",2024,"20260921",5,2024-01-29,110,NA,110,138,NA,FALSE,TRUE,"no_lookup_match"
"Turks and Caicos Islands","TCA",2025,"20260921",15,2025-04-07,0,NA,0,76,NA,FALSE,TRUE,"no_lookup_match"
"Turks and Caicos Islands","TCA",2026,"20260921",12,2026-03-16,8,8,8,27,1,TRUE,FALSE,"applied_mean"
"Turks and Caicos Islands","TCA",2024,"20260921",12,2024-03-18,92,NA,92,131,NA,FALSE,TRUE,"no_lookup_match"
"Virgin Islands (UK)","VGB",2025,"20260921",15,2025-04-07,22,NA,22,76,NA,FALSE,TRUE,"no_lookup_match"
"Virgin Islands (UK)","VGB",2026,"20260921",15,2026-04-06,3,NA,3,24,NA,FALSE,TRUE,"no_lookup_match"
"Virgin Islands (US)","VIR",2024,"20260921",15,2024-04-08,0,NA,0,128,NA,FALSE,TRUE,"no_lookup_match"
"Virgin Islands (US)","VIR",2025,"20260921",15,2025-04-07,41,NA,41,76,NA,FALSE,TRUE,"no_lookup_match"
"Virgin Islands (US)","VIR",2026,"20260921",15,2026-04-06,0,NA,0,24,NA,FALSE,TRUE,"no_lookup_match"
"Canada","CAN",2024,"20260921",16,2024-04-15,0,NA,0,127,NA,FALSE,TRUE,"no_lookup_match"
"Canada","CAN",2025,"20260921",16,2025-04-14,0,NA,0,75,NA,FALSE,TRUE,"no_lookup_match"
"Canada","CAN",2026,"20260921",16,2026-04-13,0,NA,0,23,NA,FALSE,TRUE,"no_lookup_match"
"United States of America","USA",2024,"20260921",16,2024-04-15,468,NA,468,127,NA,FALSE,TRUE,"no_lookup_match"
"United States of America","USA",2025,"20260921",16,2025-04-14,235,NA,235,75,NA,FALSE,TRUE,"no_lookup_match"
"United States of America","USA",2026,"20260921",16,2026-04-13,101,NA,101,23,NA,FALSE,TRUE,"no_lookup_match"
"Belize","BLZ",2024,"20260921",16,2024-04-15,217,NA,217,127,NA,FALSE,TRUE,"country_excluded"
"Belize","BLZ",2025,"20260921",16,2025-04-14,234,NA,234,75,NA,FALSE,TRUE,"country_excluded"
"Belize","BLZ",2026,"20260921",15,2026-04-06,317,NA,317,24,NA,FALSE,TRUE,"country_excluded"
"Costa Rica","CRI",2024,"20260921",16,2024-04-15,6764,NA,6764,127,NA,FALSE,TRUE,"no_lookup_match"
"Costa Rica","CRI",2025,"20260921",16,2025-04-14,1173,NA,1173,75,NA,FALSE,TRUE,"no_lookup_match"
"Costa Rica","CRI",2026,"20260921",16,2026-04-13,620,619,619,23,0.998767037955435,TRUE,FALSE,"applied_mean"
"El Salvador","SLV",2025,"20260921",16,2025-04-14,1452,NA,1452,75,NA,FALSE,TRUE,"no_lookup_match"
"El Salvador","SLV",2024,"20260921",16,2024-04-15,1809,NA,1809,127,NA,FALSE,TRUE,"no_lookup_match"
"El Salvador","SLV",2026,"20260921",16,2026-04-13,1732,1732,1732,23,1,TRUE,FALSE,"applied_mean"
"Guatemala","GTM",2025,"20260921",16,2025-04-14,15305,NA,15305,75,NA,FALSE,TRUE,"no_lookup_match"
"Guatemala","GTM",2026,"20260921",16,2026-04-13,11121,15561,15561,23,1.39927457462863,TRUE,FALSE,"applied_mean"
"Guatemala","GTM",2024,"20260921",16,2024-04-15,20963,NA,20963,127,NA,FALSE,TRUE,"no_lookup_match"
"Honduras","HND",2024,"20260921",16,2024-04-15,14818,NA,14818,127,NA,FALSE,TRUE,"no_lookup_match"
"Honduras","HND",2025,"20260921",16,2025-04-14,5538,NA,5538,75,NA,FALSE,TRUE,"no_lookup_match"
"Honduras","HND",2026,"20260921",16,2026-04-13,2813,2813,2813,23,1,TRUE,FALSE,"applied_mean"
"Mexico","MEX",2024,"20260921",16,2024-04-15,57582,NA,57582,127,NA,FALSE,TRUE,"no_lookup_match"
"Mexico","MEX",2025,"20260921",16,2025-04-14,32026,NA,32026,75,NA,FALSE,TRUE,"no_lookup_match"
"Mexico","MEX",2026,"20260921",16,2026-04-13,18399,18374,18374,23,0.998660792537315,TRUE,FALSE,"applied_mean"
"Nicaragua","NIC",2025,"20260921",4,2025-01-20,5702,NA,5702,87,NA,FALSE,TRUE,"no_lookup_match"
"Nicaragua","NIC",2024,"20260921",16,2024-04-15,23237,NA,23237,127,NA,FALSE,TRUE,"no_lookup_match"
"Panama","PAN",2024,"20260921",16,2024-04-15,5314,NA,5314,127,NA,FALSE,TRUE,"no_lookup_match"
"Panama","PAN",2025,"20260921",16,2025-04-14,5363,NA,5363,75,NA,FALSE,TRUE,"no_lookup_match"
"Panama","PAN",2026,"20260921",16,2026-04-13,2878,2715,2715,23,0.943473444863966,TRUE,FALSE,"applied_mean"
"Bolivia","BOL",2024,"20260921",16,2024-04-15,32939,NA,32939,127,NA,FALSE,TRUE,"no_lookup_match"
"Bolivia","BOL",2025,"20260921",16,2025-04-14,15921,NA,15921,75,NA,FALSE,TRUE,"no_lookup_match"
"Bolivia","BOL",2026,"20260921",16,2026-04-13,50879,57882,57882,23,1.13763346701648,TRUE,FALSE,"applied_mean"
"Colombia","COL",2025,"20260921",16,2025-04-14,58800,NA,58800,75,NA,FALSE,TRUE,"no_lookup_match"
"Colombia","COL",2024,"20260921",16,2024-04-15,112140,NA,112140,127,NA,FALSE,TRUE,"no_lookup_match"
"Colombia","COL",2026,"20260921",16,2026-04-13,35405,35405,35405,23,1,TRUE,FALSE,"applied_mean"
"Ecuador","ECU",2024,"20260921",16,2024-04-15,23361,NA,23361,127,NA,FALSE,TRUE,"no_lookup_match"
"Ecuador","ECU",2025,"20260921",16,2025-04-14,16792,NA,16792,75,NA,FALSE,TRUE,"no_lookup_match"
"Ecuador","ECU",2026,"20260921",16,2026-04-13,10133,10144,10144,23,1.00108627836613,TRUE,FALSE,"applied_mean"
"Peru","PER",2024,"20260921",16,2024-04-15,182778,NA,182778,127,NA,FALSE,TRUE,"no_lookup_match"
"Peru","PER",2025,"20260921",16,2025-04-14,21248,NA,21248,75,NA,FALSE,TRUE,"no_lookup_match"
"Peru","PER",2026,"20260921",16,2026-04-13,13408,13665,13665,23,1.01916638578574,TRUE,FALSE,"applied_mean"
"Venezuela","VEN",2024,"20260921",16,2024-04-15,9874,NA,9874,127,NA,FALSE,TRUE,"no_lookup_match"
"Venezuela","VEN",2025,"20260921",16,2025-04-14,16397,NA,16397,75,NA,FALSE,TRUE,"no_lookup_match"
"Venezuela","VEN",2026,"20260921",16,2026-04-13,5639,NA,5639,23,NA,FALSE,TRUE,"no_lookup_match"
"Argentina","ARG",2024,"20260921",16,2024-04-15,512209,NA,512209,127,NA,FALSE,TRUE,"no_lookup_match"
"Argentina","ARG",2025,"20260921",16,2025-04-14,12860,NA,12860,75,NA,FALSE,TRUE,"no_lookup_match"
"Argentina","ARG",2026,"20260921",16,2026-04-13,47,68,68,23,1.44043754799665,TRUE,FALSE,"applied_mean"
"Brazil","BRA",2024,"20260921",16,2024-04-15,6550386,NA,6550386,127,NA,FALSE,TRUE,"no_lookup_match"
"Brazil","BRA",2025,"20260921",16,2025-04-14,2212320,NA,2212320,75,NA,FALSE,TRUE,"no_lookup_match"
"Brazil","BRA",2026,"20260921",16,2026-04-13,740963,736570,736570,23,0.994071011590689,TRUE,FALSE,"applied_mean"
"Chile","CHL",2025,"20260921",16,2025-04-14,0,NA,0,75,NA,FALSE,TRUE,"no_lookup_match"
"Chile","CHL",2024,"20260921",16,2024-04-15,101,NA,101,127,NA,FALSE,TRUE,"no_lookup_match"
"Chile","CHL",2026,"20260921",16,2026-04-13,17,NA,17,23,NA,FALSE,TRUE,"insufficient_n_rf"
"Paraguay","PRY",2024,"20260921",16,2024-04-15,246535,NA,246535,127,NA,FALSE,TRUE,"no_lookup_match"
"Paraguay","PRY",2025,"20260921",16,2025-04-14,14659,NA,14659,75,NA,FALSE,TRUE,"no_lookup_match"
"Paraguay","PRY",2026,"20260921",16,2026-04-13,7144,7082,7082,23,0.991263205185791,TRUE,FALSE,"applied_mean"
"Uruguay","URY",2025,"20260921",16,2025-04-14,2,NA,2,75,NA,FALSE,TRUE,"no_lookup_match"
"Uruguay","URY",2026,"20260921",16,2026-04-13,0,NA,0,23,NA,FALSE,TRUE,"insufficient_n_rf"
"Uruguay","URY",2024,"20260921",16,2024-04-15,916,NA,916,127,NA,FALSE,TRUE,"no_lookup_match"
"Cuba","CUB",2026,"20260921",16,2026-04-13,1103,NA,1103,23,NA,FALSE,TRUE,"no_lookup_match"
"Dominican Republic","DOM",2024,"20260921",16,2024-04-15,6751,NA,6751,127,NA,FALSE,TRUE,"no_lookup_match"
"Dominican Republic","DOM",2025,"20260921",16,2025-04-14,661,NA,661,75,NA,FALSE,TRUE,"no_lookup_match"
"Dominican Republic","DOM",2026,"20260921",16,2026-04-13,359,359,359,23,1,TRUE,FALSE,"applied_mean"
"Puerto Rico","PRI",2024,"20260921",16,2024-04-15,941,NA,941,127,NA,FALSE,TRUE,"no_lookup_match"
"Puerto Rico","PRI",2025,"20260921",16,2025-04-14,1476,NA,1476,75,NA,FALSE,TRUE,"no_lookup_match"
"Puerto Rico","PRI",2026,"20260921",16,2026-04-13,582,582,582,23,0.999142318868346,TRUE,FALSE,"applied_mean"
"Anguilla","AIA",2025,"20260921",16,2025-04-14,1,NA,1,75,NA,FALSE,TRUE,"no_lookup_match"
"Anguilla","AIA",2026,"20260921",16,2026-04-13,0,NA,0,23,NA,FALSE,TRUE,"no_lookup_match"
"Antigua and Barbuda","ATG",2025,"20260921",16,2025-04-14,3,NA,3,75,NA,FALSE,TRUE,"no_lookup_match"
"Antigua and Barbuda","ATG",2026,"20260921",16,2026-04-13,4,4,4,23,1,TRUE,FALSE,"applied_mean"
"Antigua and Barbuda","ATG",2024,"20260921",16,2024-04-15,115,NA,115,127,NA,FALSE,TRUE,"no_lookup_match"
"Aruba","ABW",2024,"20260921",12,2024-03-18,16,NA,16,131,NA,FALSE,TRUE,"no_lookup_match"
"Aruba","ABW",2025,"20260921",16,2025-04-14,4,NA,4,75,NA,FALSE,TRUE,"no_lookup_match"
"Bahamas","BHS",2024,"20260921",8,2024-02-19,0,NA,0,135,NA,FALSE,TRUE,"no_lookup_match"
"Bahamas","BHS",2026,"20260921",16,2026-04-13,1,NA,1,23,NA,FALSE,TRUE,"no_lookup_match"
"Barbados","BRB",2025,"20260921",16,2025-04-14,68,NA,68,75,NA,FALSE,TRUE,"no_lookup_match"
"Barbados","BRB",2026,"20260921",16,2026-04-13,32,24,24,23,0.749543571449078,TRUE,FALSE,"applied_mean"
"Barbados","BRB",2024,"20260921",16,2024-04-15,1013,NA,1013,127,NA,FALSE,TRUE,"no_lookup_match"
"Bermuda","BMU",2024,"20260921",16,2024-04-15,0,NA,0,127,NA,FALSE,TRUE,"no_lookup_match"
"Bermuda","BMU",2025,"20260921",16,2025-04-14,0,NA,0,75,NA,FALSE,TRUE,"no_lookup_match"
"Bermuda","BMU",2026,"20260921",16,2026-04-13,1,NA,1,23,NA,FALSE,TRUE,"no_lookup_match"
"Bonaire, Saint Eustatius and Saba","BES",2024,"20260921",12,2024-03-18,207,NA,207,131,NA,FALSE,TRUE,"no_lookup_match"
"Cayman Islands","CYM",2024,"20260921",16,2024-04-15,3,NA,3,127,NA,FALSE,TRUE,"no_lookup_match"
"Cayman Islands","CYM",2025,"20260921",16,2025-04-14,0,NA,0,75,NA,FALSE,TRUE,"no_lookup_match"
"Cayman Islands","CYM",2026,"20260921",16,2026-04-13,0,0,0,23,1,TRUE,FALSE,"applied_mean"
"Curaçao","CUW",2024,"20260921",12,2024-03-18,262,NA,262,131,NA,FALSE,TRUE,"no_lookup_match"
"French Guiana","GUF",2024,"20260921",16,2024-04-15,12819,NA,12819,127,NA,FALSE,TRUE,"no_lookup_match"
"French Guiana","GUF",2026,"20260921",16,2026-04-13,9,9,9,23,1,TRUE,FALSE,"applied_mean"
"Grenada","GRD",2024,"20260921",16,2024-04-15,123,NA,123,127,NA,FALSE,TRUE,"no_lookup_match"
"Grenada","GRD",2025,"20260921",16,2025-04-14,64,NA,64,75,NA,FALSE,TRUE,"no_lookup_match"
"Grenada","GRD",2026,"20260921",16,2026-04-13,56,56,56,23,1,TRUE,FALSE,"applied_mean"
"Guadeloupe","GLP",2026,"20260921",16,2026-04-13,315,315,315,23,1,TRUE,FALSE,"applied_mean"
"Guadeloupe","GLP",2024,"20260921",16,2024-04-15,3340,NA,3340,127,NA,FALSE,TRUE,"no_lookup_match"
"Guadeloupe","GLP",2025,"20260921",16,2025-04-14,4160,NA,4160,75,NA,FALSE,TRUE,"no_lookup_match"
"Guyana","GUY",2024,"20260921",16,2024-04-15,12950,NA,12950,127,NA,FALSE,TRUE,"no_lookup_match"
"Guyana","GUY",2025,"20260921",16,2025-04-14,17981,NA,17981,75,NA,FALSE,TRUE,"no_lookup_match"
"Guyana","GUY",2026,"20260921",16,2026-04-13,30604,31771,31771,23,1.0381296911273,TRUE,FALSE,"applied_mean"
"Jamaica","JAM",2024,"20260921",16,2024-04-15,1173,NA,1173,127,NA,FALSE,TRUE,"no_lookup_match"
"Jamaica","JAM",2025,"20260921",16,2025-04-14,141,NA,141,75,NA,FALSE,TRUE,"no_lookup_match"
"Jamaica","JAM",2026,"20260921",16,2026-04-13,95,95,95,23,1,TRUE,FALSE,"applied_mean"
"Martinique","MTQ",2025,"20260921",16,2025-04-14,675,NA,675,75,NA,FALSE,TRUE,"no_lookup_match"
"Martinique","MTQ",2024,"20260921",16,2024-04-15,5140,NA,5140,127,NA,FALSE,TRUE,"no_lookup_match"
"Martinique","MTQ",2026,"20260921",16,2026-04-13,1234,1234,1234,23,1,TRUE,FALSE,"applied_mean"
"Montserrat","MSR",2024,"20260921",16,2024-04-15,1,NA,1,127,NA,FALSE,TRUE,"no_lookup_match"
"Montserrat","MSR",2025,"20260921",16,2025-04-14,1,NA,1,75,NA,FALSE,TRUE,"no_lookup_match"
"Montserrat","MSR",2026,"20260921",16,2026-04-13,0,0,0,23,1,TRUE,FALSE,"applied_mean"
"Saint Barthelemy","BLM",2025,"20260921",16,2025-04-14,20,NA,20,75,NA,FALSE,TRUE,"no_lookup_match"
"Saint Barthelemy","BLM",2026,"20260921",16,2026-04-13,0,0,0,23,1,TRUE,FALSE,"applied_mean"
"Saint Barthelemy","BLM",2024,"20260921",16,2024-04-15,121,NA,121,127,NA,FALSE,TRUE,"no_lookup_match"
"Saint Kitts and Nevis","KNA",2024,"20260921",16,2024-04-15,150,NA,150,127,NA,FALSE,TRUE,"no_lookup_match"
"Saint Kitts and Nevis","KNA",2025,"20260921",16,2025-04-14,4,NA,4,75,NA,FALSE,TRUE,"no_lookup_match"
"Saint Kitts and Nevis","KNA",2026,"20260921",13,2026-03-23,13,13,13,26,1.0137990750553,TRUE,FALSE,"applied_mean"
"Saint Lucia","LCA",2024,"20260921",16,2024-04-15,4,NA,4,127,NA,FALSE,TRUE,"no_lookup_match"
"Saint Lucia","LCA",2025,"20260921",16,2025-04-14,28,NA,28,75,NA,FALSE,TRUE,"no_lookup_match"
"Saint Lucia","LCA",2026,"20260921",16,2026-04-13,4,4,4,23,1,TRUE,FALSE,"applied_mean"
"Saint Martin",NA,2025,"20260921",16,2025-04-14,104,NA,104,75,NA,FALSE,TRUE,"no_lookup_match"
"Saint Martin",NA,2026,"20260921",16,2026-04-13,4,NA,4,23,NA,FALSE,TRUE,"no_lookup_match"
"Saint Martin",NA,2024,"20260921",16,2024-04-15,469,NA,469,127,NA,FALSE,TRUE,"no_lookup_match"
"Saint Vincent and the Grenadines","VCT",2024,"20260921",12,2024-03-18,2,NA,2,131,NA,FALSE,TRUE,"no_lookup_match"
"Saint Vincent and the Grenadines","VCT",2025,"20260921",16,2025-04-14,3,NA,3,75,NA,FALSE,TRUE,"no_lookup_match"
"Saint Vincent and the Grenadines","VCT",2026,"20260921",16,2026-04-13,3,3,3,23,1,TRUE,FALSE,"applied_mean"
"Sint Maarten","SXM",2024,"20260921",12,2024-03-18,115,NA,115,131,NA,FALSE,TRUE,"no_lookup_match"
"Sint Maarten","SXM",2025,"20260921",16,2025-04-14,0,NA,0,75,NA,FALSE,TRUE,"no_lookup_match"
"Suriname","SUR",2025,"20260921",16,2025-04-14,574,NA,574,75,NA,FALSE,TRUE,"no_lookup_match"
"Suriname","SUR",2026,"20260921",16,2026-04-13,408,408,408,23,1,TRUE,FALSE,"applied_mean"
"Suriname","SUR",2024,"20260921",16,2024-04-15,88,NA,88,127,NA,FALSE,TRUE,"no_lookup_match"
"Trinidad and Tobago","TTO",2025,"20260921",16,2025-04-14,0,NA,0,75,NA,FALSE,TRUE,"no_lookup_match"
"Trinidad and Tobago","TTO",2026,"20260921",16,2026-04-13,43,43,43,23,1,TRUE,FALSE,"applied_mean"
"Trinidad and Tobago","TTO",2024,"20260921",5,2024-01-29,110,NA,110,138,NA,FALSE,TRUE,"no_lookup_match"
"Turks and Caicos Islands","TCA",2025,"20260921",16,2025-04-14,0,NA,0,75,NA,FALSE,TRUE,"no_lookup_match"
"Turks and Caicos Islands","TCA",2026,"20260921",12,2026-03-16,8,8,8,27,1,TRUE,FALSE,"applied_mean"
"Turks and Caicos Islands","TCA",2024,"20260921",12,2024-03-18,92,NA,92,131,NA,FALSE,TRUE,"no_lookup_match"
"Virgin Islands (UK)","VGB",2024,"20260921",16,2024-04-15,5,NA,5,127,NA,FALSE,TRUE,"no_lookup_match"
"Virgin Islands (UK)","VGB",2025,"20260921",16,2025-04-14,23,NA,23,75,NA,FALSE,TRUE,"no_lookup_match"
"Virgin Islands (UK)","VGB",2026,"20260921",16,2026-04-13,11,NA,11,23,NA,FALSE,TRUE,"no_lookup_match"
"Virgin Islands (US)","VIR",2024,"20260921",16,2024-04-15,0,NA,0,127,NA,FALSE,TRUE,"no_lookup_match"
"Virgin Islands (US)","VIR",2025,"20260921",16,2025-04-14,41,NA,41,75,NA,FALSE,TRUE,"no_lookup_match"
"Virgin Islands (US)","VIR",2026,"20260921",16,2026-04-13,0,NA,0,23,NA,FALSE,TRUE,"no_lookup_match"
"Canada","CAN",2024,"20260921",17,2024-04-22,0,NA,0,126,NA,FALSE,TRUE,"no_lookup_match"
"Canada","CAN",2025,"20260921",17,2025-04-21,0,NA,0,74,NA,FALSE,TRUE,"no_lookup_match"
"Canada","CAN",2026,"20260921",17,2026-04-20,0,NA,0,22,NA,FALSE,TRUE,"no_lookup_match"
"United States of America","USA",2024,"20260921",17,2024-04-22,511,NA,511,126,NA,FALSE,TRUE,"no_lookup_match"
"United States of America","USA",2025,"20260921",17,2025-04-21,252,NA,252,74,NA,FALSE,TRUE,"no_lookup_match"
"United States of America","USA",2026,"20260921",17,2026-04-20,105,NA,105,22,NA,FALSE,TRUE,"no_lookup_match"
"Belize","BLZ",2024,"20260921",17,2024-04-22,230,NA,230,126,NA,FALSE,TRUE,"country_excluded"
"Belize","BLZ",2025,"20260921",17,2025-04-21,258,NA,258,74,NA,FALSE,TRUE,"country_excluded"
"Belize","BLZ",2026,"20260921",15,2026-04-06,317,NA,317,24,NA,FALSE,TRUE,"country_excluded"
"Costa Rica","CRI",2024,"20260921",17,2024-04-22,6980,NA,6980,126,NA,FALSE,TRUE,"no_lookup_match"
"Costa Rica","CRI",2025,"20260921",17,2025-04-21,1215,NA,1215,74,NA,FALSE,TRUE,"no_lookup_match"
"Costa Rica","CRI",2026,"20260921",17,2026-04-20,655,652,652,22,0.995682055719068,TRUE,FALSE,"applied_mean"
"El Salvador","SLV",2025,"20260921",17,2025-04-21,1546,NA,1546,74,NA,FALSE,TRUE,"no_lookup_match"
"El Salvador","SLV",2024,"20260921",17,2024-04-22,1931,NA,1931,126,NA,FALSE,TRUE,"no_lookup_match"
"El Salvador","SLV",2026,"20260921",17,2026-04-20,1825,1825,1825,22,1,TRUE,FALSE,"applied_mean"
"Guatemala","GTM",2025,"20260921",17,2025-04-21,16407,NA,16407,74,NA,FALSE,TRUE,"no_lookup_match"
"Guatemala","GTM",2026,"20260921",17,2026-04-20,11881,16511,16511,22,1.38966761324434,TRUE,FALSE,"applied_mean"
"Guatemala","GTM",2024,"20260921",17,2024-04-22,22679,NA,22679,126,NA,FALSE,TRUE,"no_lookup_match"
"Honduras","HND",2024,"20260921",17,2024-04-22,16580,NA,16580,126,NA,FALSE,TRUE,"no_lookup_match"
"Honduras","HND",2025,"20260921",17,2025-04-21,5953,NA,5953,74,NA,FALSE,TRUE,"no_lookup_match"
"Honduras","HND",2026,"20260921",17,2026-04-20,2985,2985,2985,22,1,TRUE,FALSE,"applied_mean"
"Mexico","MEX",2024,"20260921",17,2024-04-22,60881,NA,60881,126,NA,FALSE,TRUE,"no_lookup_match"
"Mexico","MEX",2025,"20260921",17,2025-04-21,33585,NA,33585,74,NA,FALSE,TRUE,"no_lookup_match"
"Mexico","MEX",2026,"20260921",17,2026-04-20,19444,19420,19420,22,0.998781330982532,TRUE,FALSE,"applied_mean"
"Nicaragua","NIC",2025,"20260921",4,2025-01-20,5702,NA,5702,87,NA,FALSE,TRUE,"no_lookup_match"
"Nicaragua","NIC",2024,"20260921",17,2024-04-22,24236,NA,24236,126,NA,FALSE,TRUE,"no_lookup_match"
"Panama","PAN",2024,"20260921",17,2024-04-22,5480,NA,5480,126,NA,FALSE,TRUE,"no_lookup_match"
"Panama","PAN",2025,"20260921",17,2025-04-21,5576,NA,5576,74,NA,FALSE,TRUE,"no_lookup_match"
"Panama","PAN",2026,"20260921",17,2026-04-20,2995,2823,2823,22,0.942729250666136,TRUE,FALSE,"applied_mean"
"Bolivia","BOL",2024,"20260921",17,2024-04-22,35719,NA,35719,126,NA,FALSE,TRUE,"no_lookup_match"
"Bolivia","BOL",2025,"20260921",17,2025-04-21,17094,NA,17094,74,NA,FALSE,TRUE,"no_lookup_match"
"Bolivia","BOL",2026,"20260921",17,2026-04-20,52453,59573,59573,22,1.13574459238662,TRUE,FALSE,"applied_mean"
"Colombia","COL",2025,"20260921",17,2025-04-21,62149,NA,62149,74,NA,FALSE,TRUE,"no_lookup_match"
"Colombia","COL",2024,"20260921",17,2024-04-22,120507,NA,120507,126,NA,FALSE,TRUE,"no_lookup_match"
"Colombia","COL",2026,"20260921",17,2026-04-20,37413,37413,37413,22,1,TRUE,FALSE,"applied_mean"
"Ecuador","ECU",2024,"20260921",17,2024-04-22,25241,NA,25241,126,NA,FALSE,TRUE,"no_lookup_match"
"Ecuador","ECU",2025,"20260921",17,2025-04-21,18486,NA,18486,74,NA,FALSE,TRUE,"no_lookup_match"
"Ecuador","ECU",2026,"20260921",17,2026-04-20,11120,11132,11132,22,1.00103522151008,TRUE,FALSE,"applied_mean"
"Peru","PER",2024,"20260921",17,2024-04-22,199933,NA,199933,126,NA,FALSE,TRUE,"no_lookup_match"
"Peru","PER",2025,"20260921",17,2025-04-21,22800,NA,22800,74,NA,FALSE,TRUE,"no_lookup_match"
"Peru","PER",2026,"20260921",17,2026-04-20,14886,15142,15142,22,1.01721247527324,TRUE,FALSE,"applied_mean"
"Venezuela","VEN",2024,"20260921",17,2024-04-22,10538,NA,10538,126,NA,FALSE,TRUE,"no_lookup_match"
"Venezuela","VEN",2025,"20260921",17,2025-04-21,17020,NA,17020,74,NA,FALSE,TRUE,"no_lookup_match"
"Venezuela","VEN",2026,"20260921",17,2026-04-20,5876,NA,5876,22,NA,FALSE,TRUE,"no_lookup_match"
"Argentina","ARG",2024,"20260921",17,2024-04-22,542647,NA,542647,126,NA,FALSE,TRUE,"no_lookup_match"
"Argentina","ARG",2025,"20260921",17,2025-04-21,14403,NA,14403,74,NA,FALSE,TRUE,"no_lookup_match"
"Argentina","ARG",2026,"20260921",17,2026-04-20,50,74,74,22,1.4887710155089,TRUE,FALSE,"applied_mean"
"Brazil","BRA",2024,"20260921",17,2024-04-22,7043291,NA,7043291,126,NA,FALSE,TRUE,"no_lookup_match"
"Brazil","BRA",2025,"20260921",17,2025-04-21,2375452,NA,2375452,74,NA,FALSE,TRUE,"no_lookup_match"
"Brazil","BRA",2026,"20260921",17,2026-04-20,790761,787375,787375,22,0.99571816913418,TRUE,FALSE,"applied_mean"
"Chile","CHL",2025,"20260921",17,2025-04-21,0,NA,0,74,NA,FALSE,TRUE,"no_lookup_match"
"Chile","CHL",2024,"20260921",17,2024-04-22,122,NA,122,126,NA,FALSE,TRUE,"no_lookup_match"
"Chile","CHL",2026,"20260921",17,2026-04-20,17,NA,17,22,NA,FALSE,TRUE,"insufficient_n_rf"
"Paraguay","PRY",2024,"20260921",17,2024-04-22,253572,NA,253572,126,NA,FALSE,TRUE,"no_lookup_match"
"Paraguay","PRY",2025,"20260921",17,2025-04-21,15376,NA,15376,74,NA,FALSE,TRUE,"no_lookup_match"
"Paraguay","PRY",2026,"20260921",17,2026-04-20,7506,7439,7439,22,0.991037763820869,TRUE,FALSE,"applied_mean"
"Uruguay","URY",2025,"20260921",17,2025-04-21,2,NA,2,74,NA,FALSE,TRUE,"no_lookup_match"
"Uruguay","URY",2026,"20260921",17,2026-04-20,0,NA,0,22,NA,FALSE,TRUE,"rf_exceeds_max"
"Uruguay","URY",2024,"20260921",17,2024-04-22,1029,NA,1029,126,NA,FALSE,TRUE,"no_lookup_match"
"Cuba","CUB",2026,"20260921",17,2026-04-20,1140,NA,1140,22,NA,FALSE,TRUE,"no_lookup_match"
"Dominican Republic","DOM",2024,"20260921",17,2024-04-22,6829,NA,6829,126,NA,FALSE,TRUE,"no_lookup_match"
"Dominican Republic","DOM",2025,"20260921",17,2025-04-21,699,NA,699,74,NA,FALSE,TRUE,"no_lookup_match"
"Dominican Republic","DOM",2026,"20260921",17,2026-04-20,386,386,386,22,1,TRUE,FALSE,"applied_mean"
"Puerto Rico","PRI",2024,"20260921",17,2024-04-22,999,NA,999,126,NA,FALSE,TRUE,"no_lookup_match"
"Puerto Rico","PRI",2025,"20260921",17,2025-04-21,1530,NA,1530,74,NA,FALSE,TRUE,"no_lookup_match"
"Puerto Rico","PRI",2026,"20260921",17,2026-04-20,606,605,605,22,0.999003787655713,TRUE,FALSE,"applied_mean"
"Anguilla","AIA",2025,"20260921",17,2025-04-21,1,NA,1,74,NA,FALSE,TRUE,"no_lookup_match"
"Anguilla","AIA",2026,"20260921",17,2026-04-20,0,NA,0,22,NA,FALSE,TRUE,"no_lookup_match"
"Antigua and Barbuda","ATG",2025,"20260921",17,2025-04-21,3,NA,3,74,NA,FALSE,TRUE,"no_lookup_match"
"Antigua and Barbuda","ATG",2026,"20260921",17,2026-04-20,4,4,4,22,1,TRUE,FALSE,"applied_mean"
"Antigua and Barbuda","ATG",2024,"20260921",16,2024-04-15,115,NA,115,127,NA,FALSE,TRUE,"no_lookup_match"
"Aruba","ABW",2024,"20260921",12,2024-03-18,16,NA,16,131,NA,FALSE,TRUE,"no_lookup_match"
"Aruba","ABW",2025,"20260921",17,2025-04-21,4,NA,4,74,NA,FALSE,TRUE,"no_lookup_match"
"Bahamas","BHS",2024,"20260921",8,2024-02-19,0,NA,0,135,NA,FALSE,TRUE,"no_lookup_match"
"Bahamas","BHS",2026,"20260921",17,2026-04-20,1,NA,1,22,NA,FALSE,TRUE,"no_lookup_match"
"Barbados","BRB",2025,"20260921",17,2025-04-21,73,NA,73,74,NA,FALSE,TRUE,"no_lookup_match"
"Barbados","BRB",2026,"20260921",17,2026-04-20,34,26,26,22,0.757758906670339,TRUE,FALSE,"applied_mean"
"Barbados","BRB",2024,"20260921",17,2024-04-22,1023,NA,1023,126,NA,FALSE,TRUE,"no_lookup_match"
"Bermuda","BMU",2024,"20260921",17,2024-04-22,0,NA,0,126,NA,FALSE,TRUE,"no_lookup_match"
"Bermuda","BMU",2025,"20260921",17,2025-04-21,0,NA,0,74,NA,FALSE,TRUE,"no_lookup_match"
"Bermuda","BMU",2026,"20260921",17,2026-04-20,1,NA,1,22,NA,FALSE,TRUE,"no_lookup_match"
"Bonaire, Saint Eustatius and Saba","BES",2024,"20260921",12,2024-03-18,207,NA,207,131,NA,FALSE,TRUE,"no_lookup_match"
"Cayman Islands","CYM",2024,"20260921",17,2024-04-22,3,NA,3,126,NA,FALSE,TRUE,"no_lookup_match"
"Cayman Islands","CYM",2025,"20260921",17,2025-04-21,0,NA,0,74,NA,FALSE,TRUE,"no_lookup_match"
"Cayman Islands","CYM",2026,"20260921",17,2026-04-20,0,0,0,22,1,TRUE,FALSE,"applied_mean"
"Curaçao","CUW",2024,"20260921",12,2024-03-18,262,NA,262,131,NA,FALSE,TRUE,"no_lookup_match"
"French Guiana","GUF",2024,"20260921",16,2024-04-15,12819,NA,12819,127,NA,FALSE,TRUE,"no_lookup_match"
"French Guiana","GUF",2026,"20260921",17,2026-04-20,9,9,9,22,1,TRUE,FALSE,"applied_mean"
"Grenada","GRD",2024,"20260921",17,2024-04-22,126,NA,126,126,NA,FALSE,TRUE,"no_lookup_match"
"Grenada","GRD",2025,"20260921",17,2025-04-21,67,NA,67,74,NA,FALSE,TRUE,"no_lookup_match"
"Grenada","GRD",2026,"20260921",17,2026-04-20,58,58,58,22,1,TRUE,FALSE,"applied_mean"
"Guadeloupe","GLP",2026,"20260921",17,2026-04-20,332,332,332,22,1,TRUE,FALSE,"applied_mean"
"Guadeloupe","GLP",2024,"20260921",17,2024-04-22,3340,NA,3340,126,NA,FALSE,TRUE,"no_lookup_match"
"Guadeloupe","GLP",2025,"20260921",17,2025-04-21,4160,NA,4160,74,NA,FALSE,TRUE,"no_lookup_match"
"Guyana","GUY",2024,"20260921",17,2024-04-22,14264,NA,14264,126,NA,FALSE,TRUE,"no_lookup_match"
"Guyana","GUY",2025,"20260921",17,2025-04-21,18877,NA,18877,74,NA,FALSE,TRUE,"no_lookup_match"
"Guyana","GUY",2026,"20260921",17,2026-04-20,31957,33291,33291,22,1.04175126579923,TRUE,FALSE,"applied_mean"
"Jamaica","JAM",2024,"20260921",17,2024-04-22,1223,NA,1223,126,NA,FALSE,TRUE,"no_lookup_match"
"Jamaica","JAM",2025,"20260921",17,2025-04-21,162,NA,162,74,NA,FALSE,TRUE,"no_lookup_match"
"Jamaica","JAM",2026,"20260921",17,2026-04-20,99,99,99,22,1,TRUE,FALSE,"applied_mean"
"Martinique","MTQ",2025,"20260921",17,2025-04-21,725,NA,725,74,NA,FALSE,TRUE,"no_lookup_match"
"Martinique","MTQ",2024,"20260921",17,2024-04-22,5140,NA,5140,126,NA,FALSE,TRUE,"no_lookup_match"
"Martinique","MTQ",2026,"20260921",17,2026-04-20,1264,1264,1264,22,1,TRUE,FALSE,"applied_mean"
"Montserrat","MSR",2024,"20260921",17,2024-04-22,1,NA,1,126,NA,FALSE,TRUE,"no_lookup_match"
"Montserrat","MSR",2025,"20260921",17,2025-04-21,1,NA,1,74,NA,FALSE,TRUE,"no_lookup_match"
"Montserrat","MSR",2026,"20260921",17,2026-04-20,0,0,0,22,1,TRUE,FALSE,"applied_mean"
"Saint Barthelemy","BLM",2025,"20260921",17,2025-04-21,20,NA,20,74,NA,FALSE,TRUE,"no_lookup_match"
"Saint Barthelemy","BLM",2026,"20260921",17,2026-04-20,0,0,0,22,1,TRUE,FALSE,"applied_mean"
"Saint Barthelemy","BLM",2024,"20260921",17,2024-04-22,121,NA,121,126,NA,FALSE,TRUE,"no_lookup_match"
"Saint Kitts and Nevis","KNA",2024,"20260921",17,2024-04-22,150,NA,150,126,NA,FALSE,TRUE,"no_lookup_match"
"Saint Kitts and Nevis","KNA",2025,"20260921",17,2025-04-21,4,NA,4,74,NA,FALSE,TRUE,"no_lookup_match"
"Saint Kitts and Nevis","KNA",2026,"20260921",13,2026-03-23,13,13,13,26,1.0137990750553,TRUE,FALSE,"applied_mean"
"Saint Lucia","LCA",2024,"20260921",17,2024-04-22,5,NA,5,126,NA,FALSE,TRUE,"no_lookup_match"
"Saint Lucia","LCA",2025,"20260921",17,2025-04-21,28,NA,28,74,NA,FALSE,TRUE,"no_lookup_match"
"Saint Lucia","LCA",2026,"20260921",17,2026-04-20,4,4,4,22,1,TRUE,FALSE,"applied_mean"
"Saint Martin",NA,2025,"20260921",17,2025-04-21,112,NA,112,74,NA,FALSE,TRUE,"no_lookup_match"
"Saint Martin",NA,2026,"20260921",17,2026-04-20,7,NA,7,22,NA,FALSE,TRUE,"no_lookup_match"
"Saint Martin",NA,2024,"20260921",17,2024-04-22,469,NA,469,126,NA,FALSE,TRUE,"no_lookup_match"
"Saint Vincent and the Grenadines","VCT",2025,"20260921",17,2025-04-21,3,NA,3,74,NA,FALSE,TRUE,"no_lookup_match"
"Saint Vincent and the Grenadines","VCT",2026,"20260921",17,2026-04-20,3,3,3,22,1,TRUE,FALSE,"applied_mean"
"Saint Vincent and the Grenadines","VCT",2024,"20260921",17,2024-04-22,2,NA,2,126,NA,FALSE,TRUE,"no_lookup_match"
"Sint Maarten","SXM",2024,"20260921",12,2024-03-18,115,NA,115,131,NA,FALSE,TRUE,"no_lookup_match"
"Sint Maarten","SXM",2025,"20260921",17,2025-04-21,0,NA,0,74,NA,FALSE,TRUE,"no_lookup_match"
"Suriname","SUR",2025,"20260921",17,2025-04-21,602,NA,602,74,NA,FALSE,TRUE,"no_lookup_match"
"Suriname","SUR",2026,"20260921",17,2026-04-20,413,413,413,22,1,TRUE,FALSE,"applied_mean"
"Suriname","SUR",2024,"20260921",17,2024-04-22,93,NA,93,126,NA,FALSE,TRUE,"no_lookup_match"
"Trinidad and Tobago","TTO",2025,"20260921",17,2025-04-21,0,NA,0,74,NA,FALSE,TRUE,"no_lookup_match"
"Trinidad and Tobago","TTO",2026,"20260921",17,2026-04-20,43,43,43,22,1,TRUE,FALSE,"applied_mean"
"Trinidad and Tobago","TTO",2024,"20260921",5,2024-01-29,110,NA,110,138,NA,FALSE,TRUE,"no_lookup_match"
"Turks and Caicos Islands","TCA",2025,"20260921",17,2025-04-21,0,NA,0,74,NA,FALSE,TRUE,"no_lookup_match"
"Turks and Caicos Islands","TCA",2026,"20260921",12,2026-03-16,8,8,8,27,1,TRUE,FALSE,"applied_mean"
"Turks and Caicos Islands","TCA",2024,"20260921",12,2024-03-18,92,NA,92,131,NA,FALSE,TRUE,"no_lookup_match"
"Virgin Islands (UK)","VGB",2024,"20260921",16,2024-04-15,5,NA,5,127,NA,FALSE,TRUE,"no_lookup_match"
"Virgin Islands (UK)","VGB",2025,"20260921",17,2025-04-21,24,NA,24,74,NA,FALSE,TRUE,"no_lookup_match"
"Virgin Islands (UK)","VGB",2026,"20260921",17,2026-04-20,11,NA,11,22,NA,FALSE,TRUE,"no_lookup_match"
"Virgin Islands (US)","VIR",2024,"20260921",17,2024-04-22,0,NA,0,126,NA,FALSE,TRUE,"no_lookup_match"
"Virgin Islands (US)","VIR",2025,"20260921",17,2025-04-21,41,NA,41,74,NA,FALSE,TRUE,"no_lookup_match"
"Virgin Islands (US)","VIR",2026,"20260921",17,2026-04-20,0,NA,0,22,NA,FALSE,TRUE,"no_lookup_match"
"Canada","CAN",2024,"20260921",18,2024-04-29,0,NA,0,125,NA,FALSE,TRUE,"no_lookup_match"
"Canada","CAN",2025,"20260921",18,2025-04-28,0,NA,0,73,NA,FALSE,TRUE,"no_lookup_match"
"Canada","CAN",2026,"20260921",18,2026-04-27,0,NA,0,21,NA,FALSE,TRUE,"no_lookup_match"
"United States of America","USA",2024,"20260921",18,2024-04-29,549,NA,549,125,NA,FALSE,TRUE,"no_lookup_match"
"United States of America","USA",2025,"20260921",18,2025-04-28,276,NA,276,73,NA,FALSE,TRUE,"no_lookup_match"
"United States of America","USA",2026,"20260921",18,2026-04-27,107,NA,107,21,NA,FALSE,TRUE,"no_lookup_match"
"Belize","BLZ",2024,"20260921",18,2024-04-29,237,NA,237,125,NA,FALSE,TRUE,"country_excluded"
"Belize","BLZ",2025,"20260921",18,2025-04-28,266,NA,266,73,NA,FALSE,TRUE,"country_excluded"
"Belize","BLZ",2026,"20260921",15,2026-04-06,317,NA,317,24,NA,FALSE,TRUE,"country_excluded"
"Costa Rica","CRI",2024,"20260921",18,2024-04-29,7203,NA,7203,125,NA,FALSE,TRUE,"no_lookup_match"
"Costa Rica","CRI",2025,"20260921",18,2025-04-28,1255,NA,1255,73,NA,FALSE,TRUE,"no_lookup_match"
"Costa Rica","CRI",2026,"20260921",18,2026-04-27,706,701,701,21,0.993102740055167,TRUE,FALSE,"applied_mean"
"El Salvador","SLV",2025,"20260921",18,2025-04-28,1640,NA,1640,73,NA,FALSE,TRUE,"no_lookup_match"
"El Salvador","SLV",2024,"20260921",18,2024-04-29,2056,NA,2056,125,NA,FALSE,TRUE,"no_lookup_match"
"El Salvador","SLV",2026,"20260921",18,2026-04-27,1923,1923,1923,21,1,TRUE,FALSE,"applied_mean"
"Guatemala","GTM",2025,"20260921",18,2025-04-28,17288,NA,17288,73,NA,FALSE,TRUE,"no_lookup_match"
"Guatemala","GTM",2026,"20260921",18,2026-04-27,12602,17390,17390,21,1.37992454971903,TRUE,FALSE,"applied_mean"
"Guatemala","GTM",2024,"20260921",18,2024-04-29,24368,NA,24368,125,NA,FALSE,TRUE,"no_lookup_match"
"Honduras","HND",2024,"20260921",18,2024-04-29,18219,NA,18219,125,NA,FALSE,TRUE,"no_lookup_match"
"Honduras","HND",2025,"20260921",18,2025-04-28,6309,NA,6309,73,NA,FALSE,TRUE,"no_lookup_match"
"Honduras","HND",2026,"20260921",18,2026-04-27,3194,3194,3194,21,1,TRUE,FALSE,"applied_mean"
"Mexico","MEX",2024,"20260921",18,2024-04-29,64187,NA,64187,125,NA,FALSE,TRUE,"no_lookup_match"
"Mexico","MEX",2025,"20260921",18,2025-04-28,35094,NA,35094,73,NA,FALSE,TRUE,"no_lookup_match"
"Mexico","MEX",2026,"20260921",18,2026-04-27,20610,20586,20586,21,0.998846500221986,TRUE,FALSE,"applied_mean"
"Nicaragua","NIC",2025,"20260921",4,2025-01-20,5702,NA,5702,87,NA,FALSE,TRUE,"no_lookup_match"
"Nicaragua","NIC",2024,"20260921",18,2024-04-29,25132,NA,25132,125,NA,FALSE,TRUE,"no_lookup_match"
"Panama","PAN",2024,"20260921",18,2024-04-29,5692,NA,5692,125,NA,FALSE,TRUE,"no_lookup_match"
"Panama","PAN",2025,"20260921",18,2025-04-28,5774,NA,5774,73,NA,FALSE,TRUE,"no_lookup_match"
"Panama","PAN",2026,"20260921",18,2026-04-27,3172,2998,2998,21,0.945061475846768,TRUE,FALSE,"applied_mean"
"Bolivia","BOL",2024,"20260921",18,2024-04-29,38162,NA,38162,125,NA,FALSE,TRUE,"no_lookup_match"
"Bolivia","BOL",2025,"20260921",18,2025-04-28,18056,NA,18056,73,NA,FALSE,TRUE,"no_lookup_match"
"Bolivia","BOL",2026,"20260921",18,2026-04-27,54082,61379,61379,21,1.13492094394731,TRUE,FALSE,"applied_mean"
"Colombia","COL",2025,"20260921",18,2025-04-28,64784,NA,64784,73,NA,FALSE,TRUE,"no_lookup_match"
"Colombia","COL",2024,"20260921",18,2024-04-29,128881,NA,128881,125,NA,FALSE,TRUE,"no_lookup_match"
"Colombia","COL",2026,"20260921",18,2026-04-27,39395,39395,39395,21,1,TRUE,FALSE,"applied_mean"
"Ecuador","ECU",2024,"20260921",18,2024-04-29,27081,NA,27081,125,NA,FALSE,TRUE,"no_lookup_match"
"Ecuador","ECU",2025,"20260921",18,2025-04-28,19390,NA,19390,73,NA,FALSE,TRUE,"no_lookup_match"
"Ecuador","ECU",2026,"20260921",18,2026-04-27,12078,12090,12090,21,1.00096258940444,TRUE,FALSE,"applied_mean"
"Peru","PER",2024,"20260921",18,2024-04-29,214850,NA,214850,125,NA,FALSE,TRUE,"no_lookup_match"
"Peru","PER",2025,"20260921",18,2025-04-28,23998,NA,23998,73,NA,FALSE,TRUE,"no_lookup_match"
"Peru","PER",2026,"20260921",18,2026-04-27,16461,16700,16700,21,1.01448974755849,TRUE,FALSE,"applied_mean"
"Venezuela","VEN",2024,"20260921",18,2024-04-29,11107,NA,11107,125,NA,FALSE,TRUE,"no_lookup_match"
"Venezuela","VEN",2025,"20260921",18,2025-04-28,17634,NA,17634,73,NA,FALSE,TRUE,"no_lookup_match"
"Venezuela","VEN",2026,"20260921",18,2026-04-27,6137,NA,6137,21,NA,FALSE,TRUE,"no_lookup_match"
"Argentina","ARG",2024,"20260921",18,2024-04-29,562359,NA,562359,125,NA,FALSE,TRUE,"no_lookup_match"
"Argentina","ARG",2025,"20260921",18,2025-04-28,15557,NA,15557,73,NA,FALSE,TRUE,"no_lookup_match"
"Argentina","ARG",2026,"20260921",18,2026-04-27,52,79,79,21,1.52129266231469,TRUE,FALSE,"applied_mean"
"Brazil","BRA",2024,"20260921",18,2024-04-29,7515361,NA,7515361,125,NA,FALSE,TRUE,"no_lookup_match"
"Brazil","BRA",2025,"20260921",18,2025-04-28,2517545,NA,2517545,73,NA,FALSE,TRUE,"no_lookup_match"
"Brazil","BRA",2026,"20260921",18,2026-04-27,841143,839319,839319,21,0.997831216910122,TRUE,FALSE,"applied_mean"
"Chile","CHL",2025,"20260921",18,2025-04-28,0,NA,0,73,NA,FALSE,TRUE,"no_lookup_match"
"Chile","CHL",2024,"20260921",18,2024-04-29,132,NA,132,125,NA,FALSE,TRUE,"no_lookup_match"
"Chile","CHL",2026,"20260921",18,2026-04-27,22,22,22,21,1,TRUE,FALSE,"applied_mean"
"Paraguay","PRY",2024,"20260921",18,2024-04-29,260772,NA,260772,125,NA,FALSE,TRUE,"no_lookup_match"
"Paraguay","PRY",2025,"20260921",18,2025-04-28,16166,NA,16166,73,NA,FALSE,TRUE,"no_lookup_match"
"Paraguay","PRY",2026,"20260921",18,2026-04-27,7804,7730,7730,21,0.990543711568621,TRUE,FALSE,"applied_mean"
"Uruguay","URY",2025,"20260921",18,2025-04-28,2,NA,2,73,NA,FALSE,TRUE,"no_lookup_match"
"Uruguay","URY",2026,"20260921",18,2026-04-27,0,NA,0,21,NA,FALSE,TRUE,"rf_exceeds_max"
"Uruguay","URY",2024,"20260921",18,2024-04-29,1089,NA,1089,125,NA,FALSE,TRUE,"no_lookup_match"
"Cuba","CUB",2026,"20260921",18,2026-04-27,1184,NA,1184,21,NA,FALSE,TRUE,"no_lookup_match"
"Dominican Republic","DOM",2024,"20260921",18,2024-04-29,7016,NA,7016,125,NA,FALSE,TRUE,"no_lookup_match"
"Dominican Republic","DOM",2025,"20260921",18,2025-04-28,732,NA,732,73,NA,FALSE,TRUE,"no_lookup_match"
"Dominican Republic","DOM",2026,"20260921",18,2026-04-27,413,413,413,21,1,TRUE,FALSE,"applied_mean"
"Puerto Rico","PRI",2024,"20260921",18,2024-04-29,1073,NA,1073,125,NA,FALSE,TRUE,"no_lookup_match"
"Puerto Rico","PRI",2025,"20260921",18,2025-04-28,1571,NA,1571,73,NA,FALSE,TRUE,"no_lookup_match"
"Puerto Rico","PRI",2026,"20260921",18,2026-04-27,638,637,637,21,0.998837148906053,TRUE,FALSE,"applied_mean"
"Anguilla","AIA",2025,"20260921",18,2025-04-28,1,NA,1,73,NA,FALSE,TRUE,"no_lookup_match"
"Anguilla","AIA",2026,"20260921",18,2026-04-27,0,NA,0,21,NA,FALSE,TRUE,"no_lookup_match"
"Antigua and Barbuda","ATG",2025,"20260921",18,2025-04-28,3,NA,3,73,NA,FALSE,TRUE,"no_lookup_match"
"Antigua and Barbuda","ATG",2026,"20260921",18,2026-04-27,4,4,4,21,1,TRUE,FALSE,"applied_mean"
"Antigua and Barbuda","ATG",2024,"20260921",16,2024-04-15,115,NA,115,127,NA,FALSE,TRUE,"no_lookup_match"
"Aruba","ABW",2024,"20260921",12,2024-03-18,16,NA,16,131,NA,FALSE,TRUE,"no_lookup_match"
"Aruba","ABW",2025,"20260921",18,2025-04-28,4,NA,4,73,NA,FALSE,TRUE,"no_lookup_match"
"Bahamas","BHS",2024,"20260921",8,2024-02-19,0,NA,0,135,NA,FALSE,TRUE,"no_lookup_match"
"Bahamas","BHS",2026,"20260921",18,2026-04-27,1,NA,1,21,NA,FALSE,TRUE,"no_lookup_match"
"Barbados","BRB",2025,"20260921",18,2025-04-28,74,NA,74,73,NA,FALSE,TRUE,"no_lookup_match"
"Barbados","BRB",2026,"20260921",18,2026-04-27,38,29,29,21,0.7738764337395,TRUE,FALSE,"applied_mean"
"Barbados","BRB",2024,"20260921",18,2024-04-29,1024,NA,1024,125,NA,FALSE,TRUE,"no_lookup_match"
"Bermuda","BMU",2024,"20260921",18,2024-04-29,0,NA,0,125,NA,FALSE,TRUE,"no_lookup_match"
"Bermuda","BMU",2025,"20260921",18,2025-04-28,0,NA,0,73,NA,FALSE,TRUE,"no_lookup_match"
"Bermuda","BMU",2026,"20260921",18,2026-04-27,1,NA,1,21,NA,FALSE,TRUE,"no_lookup_match"
"Bonaire, Saint Eustatius and Saba","BES",2024,"20260921",12,2024-03-18,207,NA,207,131,NA,FALSE,TRUE,"no_lookup_match"
"Cayman Islands","CYM",2024,"20260921",18,2024-04-29,3,NA,3,125,NA,FALSE,TRUE,"no_lookup_match"
"Cayman Islands","CYM",2025,"20260921",18,2025-04-28,0,NA,0,73,NA,FALSE,TRUE,"no_lookup_match"
"Cayman Islands","CYM",2026,"20260921",18,2026-04-27,0,0,0,21,1,TRUE,FALSE,"applied_mean"
"Curaçao","CUW",2024,"20260921",12,2024-03-18,262,NA,262,131,NA,FALSE,TRUE,"no_lookup_match"
"French Guiana","GUF",2024,"20260921",18,2024-04-29,13326,NA,13326,125,NA,FALSE,TRUE,"no_lookup_match"
"French Guiana","GUF",2025,"20260921",18,2025-04-28,175,NA,175,73,NA,FALSE,TRUE,"no_lookup_match"
"French Guiana","GUF",2026,"20260921",18,2026-04-27,10,10,10,21,1,TRUE,FALSE,"applied_mean"
"Grenada","GRD",2024,"20260921",18,2024-04-29,138,NA,138,125,NA,FALSE,TRUE,"no_lookup_match"
"Grenada","GRD",2025,"20260921",18,2025-04-28,72,NA,72,73,NA,FALSE,TRUE,"no_lookup_match"
"Grenada","GRD",2026,"20260921",18,2026-04-27,60,60,60,21,1,TRUE,FALSE,"applied_mean"
"Guadeloupe","GLP",2026,"20260921",18,2026-04-27,349,349,349,21,1,TRUE,FALSE,"applied_mean"
"Guadeloupe","GLP",2024,"20260921",18,2024-04-29,3395,NA,3395,125,NA,FALSE,TRUE,"no_lookup_match"
"Guadeloupe","GLP",2025,"20260921",18,2025-04-28,4160,NA,4160,73,NA,FALSE,TRUE,"no_lookup_match"
"Guyana","GUY",2024,"20260921",18,2024-04-29,15397,NA,15397,125,NA,FALSE,TRUE,"no_lookup_match"
"Guyana","GUY",2025,"20260921",18,2025-04-28,19861,NA,19861,73,NA,FALSE,TRUE,"no_lookup_match"
"Guyana","GUY",2026,"20260921",18,2026-04-27,33411,34990,34990,21,1.04725875041234,TRUE,FALSE,"applied_mean"
"Jamaica","JAM",2024,"20260921",18,2024-04-29,1234,NA,1234,125,NA,FALSE,TRUE,"no_lookup_match"
"Jamaica","JAM",2025,"20260921",18,2025-04-28,165,NA,165,73,NA,FALSE,TRUE,"no_lookup_match"
"Jamaica","JAM",2026,"20260921",18,2026-04-27,103,103,103,21,1,TRUE,FALSE,"applied_mean"
"Martinique","MTQ",2025,"20260921",18,2025-04-28,775,NA,775,73,NA,FALSE,TRUE,"no_lookup_match"
"Martinique","MTQ",2024,"20260921",18,2024-04-29,5285,NA,5285,125,NA,FALSE,TRUE,"no_lookup_match"
"Martinique","MTQ",2026,"20260921",18,2026-04-27,1294,1294,1294,21,1,TRUE,FALSE,"applied_mean"
"Montserrat","MSR",2024,"20260921",18,2024-04-29,1,NA,1,125,NA,FALSE,TRUE,"no_lookup_match"
"Montserrat","MSR",2025,"20260921",18,2025-04-28,1,NA,1,73,NA,FALSE,TRUE,"no_lookup_match"
"Montserrat","MSR",2026,"20260921",18,2026-04-27,0,0,0,21,1,TRUE,FALSE,"applied_mean"
"Saint Barthelemy","BLM",2025,"20260921",18,2025-04-28,20,NA,20,73,NA,FALSE,TRUE,"no_lookup_match"
"Saint Barthelemy","BLM",2026,"20260921",18,2026-04-27,0,0,0,21,1,TRUE,FALSE,"applied_mean"
"Saint Barthelemy","BLM",2024,"20260921",18,2024-04-29,121,NA,121,125,NA,FALSE,TRUE,"no_lookup_match"
"Saint Kitts and Nevis","KNA",2024,"20260921",18,2024-04-29,153,NA,153,125,NA,FALSE,TRUE,"no_lookup_match"
"Saint Kitts and Nevis","KNA",2025,"20260921",18,2025-04-28,4,NA,4,73,NA,FALSE,TRUE,"no_lookup_match"
"Saint Kitts and Nevis","KNA",2026,"20260921",13,2026-03-23,13,13,13,26,1.0137990750553,TRUE,FALSE,"applied_mean"
"Saint Lucia","LCA",2024,"20260921",18,2024-04-29,5,NA,5,125,NA,FALSE,TRUE,"no_lookup_match"
"Saint Lucia","LCA",2025,"20260921",18,2025-04-28,30,NA,30,73,NA,FALSE,TRUE,"no_lookup_match"
"Saint Lucia","LCA",2026,"20260921",18,2026-04-27,4,4,4,21,1,TRUE,FALSE,"applied_mean"
"Saint Martin",NA,2025,"20260921",18,2025-04-28,120,NA,120,73,NA,FALSE,TRUE,"no_lookup_match"
"Saint Martin",NA,2026,"20260921",18,2026-04-27,7,NA,7,21,NA,FALSE,TRUE,"no_lookup_match"
"Saint Martin",NA,2024,"20260921",18,2024-04-29,469,NA,469,125,NA,FALSE,TRUE,"no_lookup_match"
"Saint Vincent and the Grenadines","VCT",2025,"20260921",18,2025-04-28,3,NA,3,73,NA,FALSE,TRUE,"no_lookup_match"
"Saint Vincent and the Grenadines","VCT",2026,"20260921",18,2026-04-27,3,3,3,21,1,TRUE,FALSE,"applied_mean"
"Saint Vincent and the Grenadines","VCT",2024,"20260921",17,2024-04-22,2,NA,2,126,NA,FALSE,TRUE,"no_lookup_match"
"Sint Maarten","SXM",2024,"20260921",12,2024-03-18,115,NA,115,131,NA,FALSE,TRUE,"no_lookup_match"
"Sint Maarten","SXM",2025,"20260921",18,2025-04-28,0,NA,0,73,NA,FALSE,TRUE,"no_lookup_match"
"Suriname","SUR",2025,"20260921",18,2025-04-28,624,NA,624,73,NA,FALSE,TRUE,"no_lookup_match"
"Suriname","SUR",2026,"20260921",18,2026-04-27,416,416,416,21,1,TRUE,FALSE,"applied_mean"
"Suriname","SUR",2024,"20260921",18,2024-04-29,93,NA,93,125,NA,FALSE,TRUE,"no_lookup_match"
"Trinidad and Tobago","TTO",2025,"20260921",18,2025-04-28,0,NA,0,73,NA,FALSE,TRUE,"no_lookup_match"
"Trinidad and Tobago","TTO",2026,"20260921",18,2026-04-27,43,43,43,21,1,TRUE,FALSE,"applied_mean"
"Trinidad and Tobago","TTO",2024,"20260921",5,2024-01-29,110,NA,110,138,NA,FALSE,TRUE,"no_lookup_match"
"Turks and Caicos Islands","TCA",2025,"20260921",18,2025-04-28,0,NA,0,73,NA,FALSE,TRUE,"no_lookup_match"
"Turks and Caicos Islands","TCA",2026,"20260921",12,2026-03-16,8,8,8,27,1,TRUE,FALSE,"applied_mean"
"Turks and Caicos Islands","TCA",2024,"20260921",12,2024-03-18,92,NA,92,131,NA,FALSE,TRUE,"no_lookup_match"
"Virgin Islands (UK)","VGB",2024,"20260921",16,2024-04-15,5,NA,5,127,NA,FALSE,TRUE,"no_lookup_match"
"Virgin Islands (UK)","VGB",2025,"20260921",18,2025-04-28,25,NA,25,73,NA,FALSE,TRUE,"no_lookup_match"
"Virgin Islands (UK)","VGB",2026,"20260921",18,2026-04-27,11,NA,11,21,NA,FALSE,TRUE,"no_lookup_match"
"Virgin Islands (US)","VIR",2024,"20260921",18,2024-04-29,0,NA,0,125,NA,FALSE,TRUE,"no_lookup_match"
"Virgin Islands (US)","VIR",2025,"20260921",18,2025-04-28,41,NA,41,73,NA,FALSE,TRUE,"no_lookup_match"
"Virgin Islands (US)","VIR",2026,"20260921",18,2026-04-27,0,NA,0,21,NA,FALSE,TRUE,"no_lookup_match"
"Canada","CAN",2024,"20260921",19,2024-05-06,0,NA,0,124,NA,FALSE,TRUE,"no_lookup_match"
"Canada","CAN",2025,"20260921",19,2025-05-05,0,NA,0,72,NA,FALSE,TRUE,"no_lookup_match"
"Canada","CAN",2026,"20260921",19,2026-05-04,0,NA,0,20,NA,FALSE,TRUE,"no_lookup_match"
"United States of America","USA",2024,"20260921",19,2024-05-06,590,NA,590,124,NA,FALSE,TRUE,"no_lookup_match"
"United States of America","USA",2025,"20260921",19,2025-05-05,289,NA,289,72,NA,FALSE,TRUE,"no_lookup_match"
"United States of America","USA",2026,"20260921",19,2026-05-04,116,NA,116,20,NA,FALSE,TRUE,"no_lookup_match"
"Belize","BLZ",2024,"20260921",19,2024-05-06,250,NA,250,124,NA,FALSE,TRUE,"country_excluded"
"Belize","BLZ",2025,"20260921",19,2025-05-05,280,NA,280,72,NA,FALSE,TRUE,"country_excluded"
"Belize","BLZ",2026,"20260921",15,2026-04-06,317,NA,317,24,NA,FALSE,TRUE,"country_excluded"
"Costa Rica","CRI",2024,"20260921",19,2024-05-06,7488,NA,7488,124,NA,FALSE,TRUE,"no_lookup_match"
"Costa Rica","CRI",2025,"20260921",19,2025-05-05,1305,NA,1305,72,NA,FALSE,TRUE,"no_lookup_match"
"Costa Rica","CRI",2026,"20260921",19,2026-05-04,764,757,757,20,0.990859042092893,TRUE,FALSE,"applied_mean"
"El Salvador","SLV",2025,"20260921",19,2025-05-05,1735,NA,1735,72,NA,FALSE,TRUE,"no_lookup_match"
"El Salvador","SLV",2024,"20260921",19,2024-05-06,2194,NA,2194,124,NA,FALSE,TRUE,"no_lookup_match"
"El Salvador","SLV",2026,"20260921",19,2026-05-04,1979,1979,1979,20,1,TRUE,FALSE,"applied_mean"
"Guatemala","GTM",2025,"20260921",19,2025-05-05,18475,NA,18475,72,NA,FALSE,TRUE,"no_lookup_match"
"Guatemala","GTM",2026,"20260921",19,2026-05-04,13382,18320,18320,20,1.36900174364501,TRUE,FALSE,"applied_mean"
"Guatemala","GTM",2024,"20260921",19,2024-05-06,26468,NA,26468,124,NA,FALSE,TRUE,"no_lookup_match"
"Honduras","HND",2024,"20260921",19,2024-05-06,20541,NA,20541,124,NA,FALSE,TRUE,"no_lookup_match"
"Honduras","HND",2025,"20260921",19,2025-05-05,6667,NA,6667,72,NA,FALSE,TRUE,"no_lookup_match"
"Honduras","HND",2026,"20260921",19,2026-05-04,3369,3369,3369,20,1,TRUE,FALSE,"applied_mean"
"Mexico","MEX",2024,"20260921",19,2024-05-06,67484,NA,67484,124,NA,FALSE,TRUE,"no_lookup_match"
"Mexico","MEX",2025,"20260921",19,2025-05-05,36925,NA,36925,72,NA,FALSE,TRUE,"no_lookup_match"
"Mexico","MEX",2026,"20260921",19,2026-05-04,21810,21784,21784,20,0.998823096596608,TRUE,FALSE,"applied_mean"
"Nicaragua","NIC",2025,"20260921",4,2025-01-20,5702,NA,5702,87,NA,FALSE,TRUE,"no_lookup_match"
"Nicaragua","NIC",2024,"20260921",19,2024-05-06,26174,NA,26174,124,NA,FALSE,TRUE,"no_lookup_match"
"Panama","PAN",2024,"20260921",19,2024-05-06,5972,NA,5972,124,NA,FALSE,TRUE,"no_lookup_match"
"Panama","PAN",2025,"20260921",19,2025-05-05,6019,NA,6019,72,NA,FALSE,TRUE,"no_lookup_match"
"Panama","PAN",2026,"20260921",19,2026-05-04,3352,3179,3179,20,0.948247517317938,TRUE,FALSE,"applied_mean"
"Bolivia","BOL",2024,"20260921",19,2024-05-06,40648,NA,40648,124,NA,FALSE,TRUE,"no_lookup_match"
"Bolivia","BOL",2025,"20260921",19,2025-05-05,19243,NA,19243,72,NA,FALSE,TRUE,"no_lookup_match"
"Bolivia","BOL",2026,"20260921",19,2026-05-04,55039,62381,62381,20,1.13339346400137,TRUE,FALSE,"applied_mean"
"Colombia","COL",2025,"20260921",19,2025-05-05,67591,NA,67591,72,NA,FALSE,TRUE,"no_lookup_match"
"Colombia","COL",2024,"20260921",19,2024-05-06,137175,NA,137175,124,NA,FALSE,TRUE,"no_lookup_match"
"Colombia","COL",2026,"20260921",19,2026-05-04,41516,41516,41516,20,1,TRUE,FALSE,"applied_mean"
"Ecuador","ECU",2024,"20260921",19,2024-05-06,29131,NA,29131,124,NA,FALSE,TRUE,"no_lookup_match"
"Ecuador","ECU",2025,"20260921",19,2025-05-05,20601,NA,20601,72,NA,FALSE,TRUE,"no_lookup_match"
"Ecuador","ECU",2026,"20260921",19,2026-05-04,13202,13214,13214,20,1.00090413124408,TRUE,FALSE,"applied_mean"
"Peru","PER",2024,"20260921",19,2024-05-06,227039,NA,227039,124,NA,FALSE,TRUE,"no_lookup_match"
"Peru","PER",2025,"20260921",19,2025-05-05,25165,NA,25165,72,NA,FALSE,TRUE,"no_lookup_match"
"Peru","PER",2026,"20260921",19,2026-05-04,18247,18468,18468,20,1.01213266645247,TRUE,FALSE,"applied_mean"
"Venezuela","VEN",2024,"20260921",19,2024-05-06,11823,NA,11823,124,NA,FALSE,TRUE,"no_lookup_match"
"Venezuela","VEN",2025,"20260921",19,2025-05-05,18238,NA,18238,72,NA,FALSE,TRUE,"no_lookup_match"
"Venezuela","VEN",2026,"20260921",19,2026-05-04,6390,NA,6390,20,NA,FALSE,TRUE,"no_lookup_match"
"Argentina","ARG",2024,"20260921",19,2024-05-06,573852,NA,573852,124,NA,FALSE,TRUE,"no_lookup_match"
"Argentina","ARG",2025,"20260921",19,2025-05-05,16502,NA,16502,72,NA,FALSE,TRUE,"no_lookup_match"
"Argentina","ARG",2026,"20260921",19,2026-05-04,52,80,80,20,1.53938887239228,TRUE,FALSE,"applied_mean"
"Brazil","BRA",2024,"20260921",19,2024-05-06,7984636,NA,7984636,124,NA,FALSE,TRUE,"no_lookup_match"
"Brazil","BRA",2025,"20260921",19,2025-05-05,2661799,NA,2661799,72,NA,FALSE,TRUE,"no_lookup_match"
"Brazil","BRA",2026,"20260921",19,2026-05-04,887089,887508,887508,20,1.00047252176116,TRUE,FALSE,"applied_mean"
"Chile","CHL",2025,"20260921",19,2025-05-05,0,NA,0,72,NA,FALSE,TRUE,"no_lookup_match"
"Chile","CHL",2024,"20260921",19,2024-05-06,138,NA,138,124,NA,FALSE,TRUE,"no_lookup_match"
"Chile","CHL",2026,"20260921",19,2026-05-04,25,25,25,20,1,TRUE,FALSE,"applied_mean"
"Paraguay","PRY",2024,"20260921",19,2024-05-06,268043,NA,268043,124,NA,FALSE,TRUE,"no_lookup_match"
"Paraguay","PRY",2025,"20260921",19,2025-05-05,17117,NA,17117,72,NA,FALSE,TRUE,"no_lookup_match"
"Paraguay","PRY",2026,"20260921",19,2026-05-04,7946,7864,7864,20,0.989626647189517,TRUE,FALSE,"applied_mean"
"Uruguay","URY",2025,"20260921",19,2025-05-05,2,NA,2,72,NA,FALSE,TRUE,"no_lookup_match"
"Uruguay","URY",2026,"20260921",19,2026-05-04,0,NA,0,20,NA,FALSE,TRUE,"rf_exceeds_max"
"Uruguay","URY",2024,"20260921",19,2024-05-06,1112,NA,1112,124,NA,FALSE,TRUE,"no_lookup_match"
"Cuba","CUB",2026,"20260921",19,2026-05-04,1221,NA,1221,20,NA,FALSE,TRUE,"no_lookup_match"
"Dominican Republic","DOM",2024,"20260921",19,2024-05-06,7127,NA,7127,124,NA,FALSE,TRUE,"no_lookup_match"
"Dominican Republic","DOM",2025,"20260921",19,2025-05-05,768,NA,768,72,NA,FALSE,TRUE,"no_lookup_match"
"Dominican Republic","DOM",2026,"20260921",19,2026-05-04,445,445,445,20,1,TRUE,FALSE,"applied_mean"
"Puerto Rico","PRI",2024,"20260921",19,2024-05-06,1142,NA,1142,124,NA,FALSE,TRUE,"no_lookup_match"
"Puerto Rico","PRI",2025,"20260921",19,2025-05-05,1619,NA,1619,72,NA,FALSE,TRUE,"no_lookup_match"
"Puerto Rico","PRI",2026,"20260921",19,2026-05-04,659,658,658,20,0.998687628478877,TRUE,FALSE,"applied_mean"
"Anguilla","AIA",2025,"20260921",19,2025-05-05,1,NA,1,72,NA,FALSE,TRUE,"no_lookup_match"
"Anguilla","AIA",2026,"20260921",19,2026-05-04,0,NA,0,20,NA,FALSE,TRUE,"no_lookup_match"
"Antigua and Barbuda","ATG",2025,"20260921",19,2025-05-05,3,NA,3,72,NA,FALSE,TRUE,"no_lookup_match"
"Antigua and Barbuda","ATG",2026,"20260921",19,2026-05-04,4,4,4,20,1,TRUE,FALSE,"applied_mean"
"Antigua and Barbuda","ATG",2024,"20260921",16,2024-04-15,115,NA,115,127,NA,FALSE,TRUE,"no_lookup_match"
"Aruba","ABW",2024,"20260921",12,2024-03-18,16,NA,16,131,NA,FALSE,TRUE,"no_lookup_match"
"Aruba","ABW",2025,"20260921",19,2025-05-05,4,NA,4,72,NA,FALSE,TRUE,"no_lookup_match"
"Bahamas","BHS",2024,"20260921",8,2024-02-19,0,NA,0,135,NA,FALSE,TRUE,"no_lookup_match"
"Bahamas","BHS",2026,"20260921",19,2026-05-04,1,NA,1,20,NA,FALSE,TRUE,"no_lookup_match"
"Barbados","BRB",2025,"20260921",19,2025-05-05,76,NA,76,72,NA,FALSE,TRUE,"no_lookup_match"
"Barbados","BRB",2026,"20260921",19,2026-05-04,40,32,32,20,0.790447343052366,TRUE,FALSE,"applied_mean"
"Barbados","BRB",2024,"20260921",19,2024-05-06,1032,NA,1032,124,NA,FALSE,TRUE,"no_lookup_match"
"Bermuda","BMU",2024,"20260921",19,2024-05-06,0,NA,0,124,NA,FALSE,TRUE,"no_lookup_match"
"Bermuda","BMU",2025,"20260921",19,2025-05-05,0,NA,0,72,NA,FALSE,TRUE,"no_lookup_match"
"Bermuda","BMU",2026,"20260921",19,2026-05-04,1,NA,1,20,NA,FALSE,TRUE,"no_lookup_match"
"Bonaire, Saint Eustatius and Saba","BES",2024,"20260921",12,2024-03-18,207,NA,207,131,NA,FALSE,TRUE,"no_lookup_match"
"Cayman Islands","CYM",2024,"20260921",19,2024-05-06,3,NA,3,124,NA,FALSE,TRUE,"no_lookup_match"
"Cayman Islands","CYM",2025,"20260921",19,2025-05-05,0,NA,0,72,NA,FALSE,TRUE,"no_lookup_match"
"Cayman Islands","CYM",2026,"20260921",19,2026-05-04,0,0,0,20,1,TRUE,FALSE,"applied_mean"
"Curaçao","CUW",2024,"20260921",12,2024-03-18,262,NA,262,131,NA,FALSE,TRUE,"no_lookup_match"
"French Guiana","GUF",2024,"20260921",19,2024-05-06,13685,NA,13685,124,NA,FALSE,TRUE,"no_lookup_match"
"French Guiana","GUF",2025,"20260921",19,2025-05-05,175,NA,175,72,NA,FALSE,TRUE,"no_lookup_match"
"French Guiana","GUF",2026,"20260921",19,2026-05-04,10,10,10,20,1,TRUE,FALSE,"applied_mean"
"Grenada","GRD",2024,"20260921",19,2024-05-06,146,NA,146,124,NA,FALSE,TRUE,"no_lookup_match"
"Grenada","GRD",2025,"20260921",19,2025-05-05,73,NA,73,72,NA,FALSE,TRUE,"no_lookup_match"
"Grenada","GRD",2026,"20260921",19,2026-05-04,61,61,61,20,1,TRUE,FALSE,"applied_mean"
"Guadeloupe","GLP",2026,"20260921",19,2026-05-04,366,366,366,20,1,TRUE,FALSE,"applied_mean"
"Guadeloupe","GLP",2024,"20260921",19,2024-05-06,3450,NA,3450,124,NA,FALSE,TRUE,"no_lookup_match"
"Guadeloupe","GLP",2025,"20260921",19,2025-05-05,4160,NA,4160,72,NA,FALSE,TRUE,"no_lookup_match"
"Guyana","GUY",2024,"20260921",19,2024-05-06,16307,NA,16307,124,NA,FALSE,TRUE,"no_lookup_match"
"Guyana","GUY",2025,"20260921",19,2025-05-05,21163,NA,21163,72,NA,FALSE,TRUE,"no_lookup_match"
"Guyana","GUY",2026,"20260921",19,2026-05-04,34758,36620,36620,20,1.05356702917618,TRUE,FALSE,"applied_mean"
"Jamaica","JAM",2024,"20260921",19,2024-05-06,1266,NA,1266,124,NA,FALSE,TRUE,"no_lookup_match"
"Jamaica","JAM",2025,"20260921",19,2025-05-05,175,NA,175,72,NA,FALSE,TRUE,"no_lookup_match"
"Jamaica","JAM",2026,"20260921",19,2026-05-04,108,108,108,20,1,TRUE,FALSE,"applied_mean"
"Martinique","MTQ",2025,"20260921",19,2025-05-05,825,NA,825,72,NA,FALSE,TRUE,"no_lookup_match"
"Martinique","MTQ",2024,"20260921",19,2024-05-06,5360,NA,5360,124,NA,FALSE,TRUE,"no_lookup_match"
"Martinique","MTQ",2026,"20260921",19,2026-05-04,1324,1324,1324,20,1,TRUE,FALSE,"applied_mean"
"Montserrat","MSR",2024,"20260921",19,2024-05-06,1,NA,1,124,NA,FALSE,TRUE,"no_lookup_match"
"Montserrat","MSR",2025,"20260921",19,2025-05-05,1,NA,1,72,NA,FALSE,TRUE,"no_lookup_match"
"Montserrat","MSR",2026,"20260921",19,2026-05-04,0,0,0,20,1,TRUE,FALSE,"applied_mean"
"Saint Barthelemy","BLM",2025,"20260921",19,2025-05-05,20,NA,20,72,NA,FALSE,TRUE,"no_lookup_match"
"Saint Barthelemy","BLM",2026,"20260921",19,2026-05-04,0,0,0,20,1,TRUE,FALSE,"applied_mean"
"Saint Barthelemy","BLM",2024,"20260921",19,2024-05-06,122,NA,122,124,NA,FALSE,TRUE,"no_lookup_match"
"Saint Kitts and Nevis","KNA",2024,"20260921",19,2024-05-06,157,NA,157,124,NA,FALSE,TRUE,"no_lookup_match"
"Saint Kitts and Nevis","KNA",2025,"20260921",19,2025-05-05,4,NA,4,72,NA,FALSE,TRUE,"no_lookup_match"
"Saint Kitts and Nevis","KNA",2026,"20260921",13,2026-03-23,13,13,13,26,1.0137990750553,TRUE,FALSE,"applied_mean"
"Saint Lucia","LCA",2024,"20260921",19,2024-05-06,5,NA,5,124,NA,FALSE,TRUE,"no_lookup_match"
"Saint Lucia","LCA",2025,"20260921",19,2025-05-05,30,NA,30,72,NA,FALSE,TRUE,"no_lookup_match"
"Saint Lucia","LCA",2026,"20260921",19,2026-05-04,4,4,4,20,1,TRUE,FALSE,"applied_mean"
"Saint Martin",NA,2025,"20260921",19,2025-05-05,128,NA,128,72,NA,FALSE,TRUE,"no_lookup_match"
"Saint Martin",NA,2026,"20260921",19,2026-05-04,7,NA,7,20,NA,FALSE,TRUE,"no_lookup_match"
"Saint Martin",NA,2024,"20260921",19,2024-05-06,489,NA,489,124,NA,FALSE,TRUE,"no_lookup_match"
"Saint Vincent and the Grenadines","VCT",2025,"20260921",19,2025-05-05,3,NA,3,72,NA,FALSE,TRUE,"no_lookup_match"
"Saint Vincent and the Grenadines","VCT",2026,"20260921",19,2026-05-04,3,3,3,20,1,TRUE,FALSE,"applied_mean"
"Saint Vincent and the Grenadines","VCT",2024,"20260921",17,2024-04-22,2,NA,2,126,NA,FALSE,TRUE,"no_lookup_match"
"Sint Maarten","SXM",2024,"20260921",12,2024-03-18,115,NA,115,131,NA,FALSE,TRUE,"no_lookup_match"
"Sint Maarten","SXM",2025,"20260921",19,2025-05-05,6,NA,6,72,NA,FALSE,TRUE,"no_lookup_match"
"Suriname","SUR",2025,"20260921",19,2025-05-05,660,NA,660,72,NA,FALSE,TRUE,"no_lookup_match"
"Suriname","SUR",2024,"20260921",19,2024-05-06,93,NA,93,124,NA,FALSE,TRUE,"no_lookup_match"
"Suriname","SUR",2026,"20260921",19,2026-05-04,418,418,418,20,1,TRUE,FALSE,"applied_mean"
"Trinidad and Tobago","TTO",2025,"20260921",19,2025-05-05,0,NA,0,72,NA,FALSE,TRUE,"no_lookup_match"
"Trinidad and Tobago","TTO",2026,"20260921",19,2026-05-04,43,NA,43,20,NA,FALSE,TRUE,"no_lookup_match"
"Trinidad and Tobago","TTO",2024,"20260921",5,2024-01-29,110,NA,110,138,NA,FALSE,TRUE,"no_lookup_match"
"Turks and Caicos Islands","TCA",2025,"20260921",19,2025-05-05,0,NA,0,72,NA,FALSE,TRUE,"no_lookup_match"
"Turks and Caicos Islands","TCA",2026,"20260921",12,2026-03-16,8,8,8,27,1,TRUE,FALSE,"applied_mean"
"Turks and Caicos Islands","TCA",2024,"20260921",12,2024-03-18,92,NA,92,131,NA,FALSE,TRUE,"no_lookup_match"
"Virgin Islands (UK)","VGB",2024,"20260921",16,2024-04-15,5,NA,5,127,NA,FALSE,TRUE,"no_lookup_match"
"Virgin Islands (UK)","VGB",2025,"20260921",19,2025-05-05,25,NA,25,72,NA,FALSE,TRUE,"no_lookup_match"
"Virgin Islands (UK)","VGB",2026,"20260921",19,2026-05-04,11,NA,11,20,NA,FALSE,TRUE,"no_lookup_match"
"Virgin Islands (US)","VIR",2024,"20260921",19,2024-05-06,0,NA,0,124,NA,FALSE,TRUE,"no_lookup_match"
"Virgin Islands (US)","VIR",2025,"20260921",19,2025-05-05,43,NA,43,72,NA,FALSE,TRUE,"no_lookup_match"
"Virgin Islands (US)","VIR",2026,"20260921",19,2026-05-04,0,NA,0,20,NA,FALSE,TRUE,"no_lookup_match"
"Canada","CAN",2024,"20260921",1,2024-01-01,0,NA,0,142,NA,FALSE,TRUE,"no_lookup_match"
"Canada","CAN",2024,"20260921",1,2024-12-30,0,NA,0,90,NA,FALSE,TRUE,"no_lookup_match"
"Canada","CAN",2025,"20260921",1,2025-12-29,0,NA,0,38,NA,FALSE,TRUE,"no_lookup_match"
"United States of America","USA",2024,"20260921",1,2024-01-01,0,NA,0,142,NA,FALSE,TRUE,"no_lookup_match"
"United States of America","USA",2024,"20260921",1,2024-12-30,0,NA,0,90,NA,FALSE,TRUE,"no_lookup_match"
"United States of America","USA",2025,"20260921",1,2025-12-29,4,NA,4,38,NA,FALSE,TRUE,"no_lookup_match"
"Belize","BLZ",2024,"20260921",1,2024-01-01,17,NA,17,142,NA,FALSE,TRUE,"country_excluded"
"Belize","BLZ",2024,"20260921",1,2024-12-30,14,NA,14,90,NA,FALSE,TRUE,"country_excluded"
"Belize","BLZ",2025,"20260921",1,2025-12-29,45,NA,45,38,NA,FALSE,TRUE,"country_excluded"
"Costa Rica","CRI",2024,"20260921",1,2024-01-01,917,NA,917,142,NA,FALSE,TRUE,"no_lookup_match"
"Costa Rica","CRI",2024,"20260921",1,2024-12-30,153,NA,153,90,NA,FALSE,TRUE,"no_lookup_match"
"Costa Rica","CRI",2025,"20260921",1,2025-12-29,81,81,81,38,1,TRUE,FALSE,"applied_mean"
"El Salvador","SLV",2024,"20260921",1,2024-12-30,75,NA,75,90,NA,FALSE,TRUE,"no_lookup_match"
"El Salvador","SLV",2024,"20260921",1,2024-01-01,75,NA,75,142,NA,FALSE,TRUE,"no_lookup_match"
"El Salvador","SLV",2025,"20260921",1,2025-12-29,214,214,214,38,1,TRUE,FALSE,"applied_mean"
"Guatemala","GTM",2025,"20260921",1,2025-12-29,602,602,602,38,1,TRUE,FALSE,"applied_mean"
"Guatemala","GTM",2024,"20260921",1,2024-01-01,1618,NA,1618,142,NA,FALSE,TRUE,"no_lookup_match"
"Guatemala","GTM",2024,"20260921",1,2024-12-30,591,NA,591,90,NA,FALSE,TRUE,"no_lookup_match"
"Honduras","HND",2024,"20260921",1,2024-12-30,124,NA,124,90,NA,FALSE,TRUE,"no_lookup_match"
"Honduras","HND",2025,"20260921",1,2025-12-29,280,280,280,38,1,TRUE,FALSE,"applied_mean"
"Honduras","HND",2024,"20260921",1,2024-01-01,711,NA,711,142,NA,FALSE,TRUE,"no_lookup_match"
"Mexico","MEX",2024,"20260921",1,2024-01-01,3653,NA,3653,142,NA,FALSE,TRUE,"no_lookup_match"
"Mexico","MEX",2024,"20260921",1,2024-12-30,1568,NA,1568,90,NA,FALSE,TRUE,"no_lookup_match"
"Mexico","MEX",2025,"20260921",1,2025-12-29,1323,1323,1323,38,1,TRUE,FALSE,"applied_mean"
"Nicaragua","NIC",2024,"20260921",1,2024-12-30,1070,NA,1070,90,NA,FALSE,TRUE,"no_lookup_match"
"Nicaragua","NIC",2024,"20260921",1,2024-01-01,1547,NA,1547,142,NA,FALSE,TRUE,"no_lookup_match"
"Panama","PAN",2024,"20260921",1,2024-01-01,513,NA,513,142,NA,FALSE,TRUE,"no_lookup_match"
"Panama","PAN",2024,"20260921",1,2024-12-30,425,NA,425,90,NA,FALSE,TRUE,"no_lookup_match"
"Panama","PAN",2025,"20260921",1,2025-12-29,210,210,210,38,1,TRUE,FALSE,"applied_mean"
"Bolivia","BOL",2025,"20260921",1,2025-12-29,1380,1380,1380,38,1,TRUE,FALSE,"applied_mean"
"Bolivia","BOL",2024,"20260921",1,2024-01-01,1124,NA,1124,142,NA,FALSE,TRUE,"no_lookup_match"
"Bolivia","BOL",2024,"20260921",1,2024-12-30,795,NA,795,90,NA,FALSE,TRUE,"no_lookup_match"
"Colombia","COL",2024,"20260921",1,2024-12-30,2393,NA,2393,90,NA,FALSE,TRUE,"no_lookup_match"
"Colombia","COL",2024,"20260921",1,2024-01-01,3748,NA,3748,142,NA,FALSE,TRUE,"no_lookup_match"
"Colombia","COL",2025,"20260921",1,2025-12-29,1860,1860,1860,38,1,TRUE,FALSE,"applied_mean"
"Ecuador","ECU",2024,"20260921",1,2024-01-01,476,NA,476,142,NA,FALSE,TRUE,"no_lookup_match"
"Ecuador","ECU",2024,"20260921",1,2024-12-30,547,NA,547,90,NA,FALSE,TRUE,"no_lookup_match"
"Ecuador","ECU",2025,"20260921",1,2025-12-29,253,254,254,38,1.00235219343574,TRUE,FALSE,"applied_mean"
"Peru","PER",2024,"20260921",1,2024-01-01,1623,NA,1623,142,NA,FALSE,TRUE,"no_lookup_match"
"Peru","PER",2024,"20260921",1,2024-12-30,900,NA,900,90,NA,FALSE,TRUE,"no_lookup_match"
"Peru","PER",2025,"20260921",1,2025-12-29,424,400,400,38,0.942789030683527,TRUE,FALSE,"applied_mean"
"Venezuela","VEN",2024,"20260921",1,2024-01-01,484,NA,484,142,NA,FALSE,TRUE,"no_lookup_match"
"Venezuela","VEN",2024,"20260921",1,2024-12-30,816,NA,816,90,NA,FALSE,TRUE,"no_lookup_match"
"Venezuela","VEN",2025,"20260921",1,2025-12-29,378,NA,378,38,NA,FALSE,TRUE,"no_lookup_match"
"Argentina","ARG",2025,"20260921",1,2025-12-29,2,2,2,38,1.08333042036328,TRUE,FALSE,"applied_mean"
"Argentina","ARG",2024,"20260921",1,2024-01-01,5149,NA,5149,142,NA,FALSE,TRUE,"no_lookup_match"
"Argentina","ARG",2024,"20260921",1,2024-12-30,25,NA,25,90,NA,FALSE,TRUE,"no_lookup_match"
"Brazil","BRA",2024,"20260921",1,2024-01-01,82893,NA,82893,142,NA,FALSE,TRUE,"no_lookup_match"
"Brazil","BRA",2024,"20260921",1,2024-12-30,64260,NA,64260,90,NA,FALSE,TRUE,"no_lookup_match"
"Brazil","BRA",2025,"20260921",1,2025-12-29,31917,31919,31919,38,1.00004995866772,TRUE,FALSE,"applied_mean"
"Chile","CHL",2024,"20260921",1,2024-01-01,0,NA,0,142,NA,FALSE,TRUE,"no_lookup_match"
"Chile","CHL",2024,"20260921",1,2024-12-30,0,NA,0,90,NA,FALSE,TRUE,"no_lookup_match"
"Chile","CHL",2025,"20260921",1,2025-12-29,0,NA,0,38,NA,FALSE,TRUE,"no_lookup_match"
"Paraguay","PRY",2024,"20260921",1,2024-12-30,879,NA,879,90,NA,FALSE,TRUE,"no_lookup_match"
"Paraguay","PRY",2025,"20260921",1,2025-12-29,596,596,596,38,1,TRUE,FALSE,"applied_mean"
"Paraguay","PRY",2024,"20260921",1,2024-01-01,15956,NA,15956,142,NA,FALSE,TRUE,"no_lookup_match"
"Uruguay","URY",2024,"20260921",1,2024-01-01,2,NA,2,142,NA,FALSE,TRUE,"no_lookup_match"
"Uruguay","URY",2024,"20260921",1,2024-12-30,0,NA,0,90,NA,FALSE,TRUE,"no_lookup_match"
"Uruguay","URY",2025,"20260921",1,2025-12-29,0,0,0,38,1,TRUE,FALSE,"applied_mean"
"Cuba","CUB",2025,"20260921",1,2025-12-29,186,NA,186,38,NA,FALSE,TRUE,"no_lookup_match"
"Dominican Republic","DOM",2024,"20260921",1,2024-01-01,765,NA,765,142,NA,FALSE,TRUE,"no_lookup_match"
"Dominican Republic","DOM",2024,"20260921",1,2024-12-30,30,NA,30,90,NA,FALSE,TRUE,"no_lookup_match"
"Dominican Republic","DOM",2025,"20260921",1,2025-12-29,12,12,12,38,1,TRUE,FALSE,"applied_mean"
"Puerto Rico","PRI",2024,"20260921",1,2024-01-01,51,NA,51,142,NA,FALSE,TRUE,"no_lookup_match"
"Puerto Rico","PRI",2024,"20260921",1,2024-12-30,124,NA,124,90,NA,FALSE,TRUE,"no_lookup_match"
"Puerto Rico","PRI",2025,"20260921",1,2025-12-29,39,39,39,38,1,TRUE,FALSE,"applied_mean"
"Anguilla","AIA",2024,"20260921",1,2024-12-30,0,NA,0,90,NA,FALSE,TRUE,"no_lookup_match"
"Anguilla","AIA",2025,"20260921",1,2025-12-29,0,NA,0,38,NA,FALSE,TRUE,"no_lookup_match"
"Antigua and Barbuda","ATG",2024,"20260921",1,2024-12-30,0,NA,0,90,NA,FALSE,TRUE,"no_lookup_match"
"Antigua and Barbuda","ATG",2025,"20260921",1,2025-12-29,0,0,0,38,1,TRUE,FALSE,"applied_mean"
"Aruba","ABW",2024,"20260921",1,2024-01-01,0,NA,0,142,NA,FALSE,TRUE,"no_lookup_match"
"Aruba","ABW",2024,"20260921",1,2024-12-30,0,NA,0,90,NA,FALSE,TRUE,"no_lookup_match"
"Bahamas","BHS",2024,"20260921",1,2024-01-01,0,NA,0,142,NA,FALSE,TRUE,"no_lookup_match"
"Bahamas","BHS",2025,"20260921",1,2025-12-29,0,0,0,38,1,TRUE,FALSE,"applied_mean"
"Barbados","BRB",2024,"20260921",1,2024-12-30,0,NA,0,90,NA,FALSE,TRUE,"no_lookup_match"
"Barbados","BRB",2025,"20260921",1,2025-12-29,2,2,2,38,1,TRUE,FALSE,"applied_mean"
"Barbados","BRB",2024,"20260921",1,2024-01-01,27,NA,27,142,NA,FALSE,TRUE,"no_lookup_match"
"Bermuda","BMU",2024,"20260921",1,2024-01-01,0,NA,0,142,NA,FALSE,TRUE,"no_lookup_match"
"Bermuda","BMU",2024,"20260921",1,2024-12-30,0,NA,0,90,NA,FALSE,TRUE,"no_lookup_match"
"Bermuda","BMU",2025,"20260921",1,2025-12-29,0,0,0,38,1,TRUE,FALSE,"applied_mean"
"Bonaire, Saint Eustatius and Saba","BES",2024,"20260921",1,2024-01-01,10,NA,10,142,NA,FALSE,TRUE,"no_lookup_match"
"Cayman Islands","CYM",2024,"20260921",1,2024-01-01,0,NA,0,142,NA,FALSE,TRUE,"no_lookup_match"
"Cayman Islands","CYM",2024,"20260921",1,2024-12-30,0,NA,0,90,NA,FALSE,TRUE,"no_lookup_match"
"Cayman Islands","CYM",2025,"20260921",1,2025-12-29,0,0,0,38,1,TRUE,FALSE,"applied_mean"
"Curaçao","CUW",2024,"20260921",1,2024-01-01,4,NA,4,142,NA,FALSE,TRUE,"no_lookup_match"
"French Guiana","GUF",2025,"20260921",1,2025-12-29,0,NA,0,38,NA,FALSE,TRUE,"insufficient_n_rf"
"Grenada","GRD",2024,"20260921",1,2024-01-01,7,NA,7,142,NA,FALSE,TRUE,"no_lookup_match"
"Grenada","GRD",2024,"20260921",1,2024-12-30,2,NA,2,90,NA,FALSE,TRUE,"no_lookup_match"
"Grenada","GRD",2025,"20260921",1,2025-12-29,2,2,2,38,1,TRUE,FALSE,"applied_mean"
"Guadeloupe","GLP",2024,"20260921",1,2024-12-30,250,NA,250,90,NA,FALSE,TRUE,"no_lookup_match"
"Guadeloupe","GLP",2024,"20260921",1,2024-01-01,275,NA,275,142,NA,FALSE,TRUE,"no_lookup_match"
"Guyana","GUY",2024,"20260921",1,2024-01-01,404,NA,404,142,NA,FALSE,TRUE,"no_lookup_match"
"Guyana","GUY",2024,"20260921",1,2024-12-30,694,NA,694,90,NA,FALSE,TRUE,"no_lookup_match"
"Guyana","GUY",2025,"20260921",1,2025-12-29,2249,2287,2287,38,1.01669342237147,TRUE,FALSE,"applied_mean"
"Jamaica","JAM",2024,"20260921",1,2024-01-01,33,NA,33,142,NA,FALSE,TRUE,"no_lookup_match"
"Jamaica","JAM",2024,"20260921",1,2024-12-30,0,NA,0,90,NA,FALSE,TRUE,"no_lookup_match"
"Jamaica","JAM",2025,"20260921",1,2025-12-29,4,4,4,38,1,TRUE,FALSE,"applied_mean"
"Martinique","MTQ",2024,"20260921",1,2024-12-30,30,NA,30,90,NA,FALSE,TRUE,"no_lookup_match"
"Martinique","MTQ",2024,"20260921",1,2024-01-01,225,NA,225,142,NA,FALSE,TRUE,"no_lookup_match"
"Montserrat","MSR",2024,"20260921",1,2024-01-01,0,NA,0,142,NA,FALSE,TRUE,"no_lookup_match"
"Montserrat","MSR",2024,"20260921",1,2024-12-30,0,NA,0,90,NA,FALSE,TRUE,"no_lookup_match"
"Montserrat","MSR",2025,"20260921",1,2025-12-29,0,0,0,38,1,TRUE,FALSE,"applied_mean"
"Saint Barthelemy","BLM",2024,"20260921",1,2024-12-30,3,NA,3,90,NA,FALSE,TRUE,"no_lookup_match"
"Saint Barthelemy","BLM",2025,"20260921",1,2025-12-29,0,0,0,38,1,TRUE,FALSE,"applied_mean"
"Saint Barthelemy","BLM",2024,"20260921",1,2024-01-01,25,NA,25,142,NA,FALSE,TRUE,"no_lookup_match"
"Saint Kitts and Nevis","KNA",2024,"20260921",1,2024-01-01,30,NA,30,142,NA,FALSE,TRUE,"no_lookup_match"
"Saint Kitts and Nevis","KNA",2024,"20260921",1,2024-12-30,0,NA,0,90,NA,FALSE,TRUE,"no_lookup_match"
"Saint Kitts and Nevis","KNA",2025,"20260921",1,2025-12-29,0,0,0,38,1,TRUE,FALSE,"applied_mean"
"Saint Lucia","LCA",2024,"20260921",1,2024-01-01,0,NA,0,142,NA,FALSE,TRUE,"no_lookup_match"
"Saint Lucia","LCA",2024,"20260921",1,2024-12-30,0,NA,0,90,NA,FALSE,TRUE,"no_lookup_match"
"Saint Lucia","LCA",2025,"20260921",1,2025-12-29,0,0,0,38,1,TRUE,FALSE,"applied_mean"
"Saint Martin",NA,2024,"20260921",1,2024-12-30,0,NA,0,90,NA,FALSE,TRUE,"no_lookup_match"
"Saint Martin",NA,2025,"20260921",1,2025-12-29,0,NA,0,38,NA,FALSE,TRUE,"no_lookup_match"
"Saint Martin",NA,2024,"20260921",1,2024-01-01,28,NA,28,142,NA,FALSE,TRUE,"no_lookup_match"
"Saint Vincent and the Grenadines","VCT",2024,"20260921",1,2024-12-30,0,NA,0,90,NA,FALSE,TRUE,"no_lookup_match"
"Saint Vincent and the Grenadines","VCT",2025,"20260921",1,2025-12-29,0,0,0,38,1,TRUE,FALSE,"applied_mean"
"Sint Maarten","SXM",2024,"20260921",1,2024-01-01,11,NA,11,142,NA,FALSE,TRUE,"no_lookup_match"
"Sint Maarten","SXM",2024,"20260921",1,2024-12-30,0,NA,0,90,NA,FALSE,TRUE,"no_lookup_match"
"Suriname","SUR",2024,"20260921",1,2024-01-01,5,NA,5,142,NA,FALSE,TRUE,"no_lookup_match"
"Suriname","SUR",2024,"20260921",1,2024-12-30,6,NA,6,90,NA,FALSE,TRUE,"no_lookup_match"
"Suriname","SUR",2025,"20260921",1,2025-12-29,3,3,3,38,1,TRUE,FALSE,"applied_mean"
"Trinidad and Tobago","TTO",2024,"20260921",1,2024-12-30,0,NA,0,90,NA,FALSE,TRUE,"no_lookup_match"
"Trinidad and Tobago","TTO",2025,"20260921",1,2025-12-29,0,NA,0,38,NA,FALSE,TRUE,"no_lookup_match"
"Turks and Caicos Islands","TCA",2024,"20260921",1,2024-12-30,0,NA,0,90,NA,FALSE,TRUE,"no_lookup_match"
"Turks and Caicos Islands","TCA",2025,"20260921",1,2025-12-29,0,0,0,38,1,TRUE,FALSE,"applied_mean"
"Virgin Islands (UK)","VGB",2024,"20260921",1,2024-12-30,2,NA,2,90,NA,FALSE,TRUE,"no_lookup_match"
"Virgin Islands (UK)","VGB",2025,"20260921",1,2025-12-29,0,NA,0,38,NA,FALSE,TRUE,"no_lookup_match"
"Virgin Islands (US)","VIR",2024,"20260921",1,2024-01-01,0,NA,0,142,NA,FALSE,TRUE,"no_lookup_match"
"Virgin Islands (US)","VIR",2024,"20260921",1,2024-12-30,0,NA,0,90,NA,FALSE,TRUE,"no_lookup_match"
"Virgin Islands (US)","VIR",2025,"20260921",1,2025-12-29,0,NA,0,38,NA,FALSE,TRUE,"no_lookup_match"
"Canada","CAN",2024,"20260921",20,2024-05-13,0,NA,0,123,NA,FALSE,TRUE,"no_lookup_match"
"Canada","CAN",2025,"20260921",20,2025-05-12,0,NA,0,71,NA,FALSE,TRUE,"no_lookup_match"
"Canada","CAN",2026,"20260921",20,2026-05-11,0,NA,0,19,NA,FALSE,TRUE,"no_lookup_match"
"United States of America","USA",2024,"20260921",20,2024-05-13,608,NA,608,123,NA,FALSE,TRUE,"no_lookup_match"
"United States of America","USA",2025,"20260921",20,2025-05-12,302,NA,302,71,NA,FALSE,TRUE,"no_lookup_match"
"United States of America","USA",2026,"20260921",20,2026-05-11,117,NA,117,19,NA,FALSE,TRUE,"no_lookup_match"
"Belize","BLZ",2024,"20260921",20,2024-05-13,271,NA,271,123,NA,FALSE,TRUE,"country_excluded"
"Belize","BLZ",2025,"20260921",20,2025-05-12,300,NA,300,71,NA,FALSE,TRUE,"country_excluded"
"Belize","BLZ",2026,"20260921",15,2026-04-06,317,NA,317,24,NA,FALSE,TRUE,"country_excluded"
"Costa Rica","CRI",2024,"20260921",20,2024-05-13,7768,NA,7768,123,NA,FALSE,TRUE,"no_lookup_match"
"Costa Rica","CRI",2025,"20260921",20,2025-05-12,1356,NA,1356,71,NA,FALSE,TRUE,"no_lookup_match"
"Costa Rica","CRI",2026,"20260921",20,2026-05-11,828,819,819,19,0.988770070385388,TRUE,FALSE,"applied_mean"
"El Salvador","SLV",2025,"20260921",20,2025-05-12,1831,NA,1831,71,NA,FALSE,TRUE,"no_lookup_match"
"El Salvador","SLV",2024,"20260921",20,2024-05-13,2344,NA,2344,123,NA,FALSE,TRUE,"no_lookup_match"
"El Salvador","SLV",2026,"20260921",20,2026-05-11,2034,2034,2034,19,1,TRUE,FALSE,"applied_mean"
"Guatemala","GTM",2025,"20260921",20,2025-05-12,19716,NA,19716,71,NA,FALSE,TRUE,"no_lookup_match"
"Guatemala","GTM",2026,"20260921",20,2026-05-11,14105,19179,19179,19,1.35974311889373,TRUE,FALSE,"applied_mean"
"Guatemala","GTM",2024,"20260921",20,2024-05-13,29023,NA,29023,123,NA,FALSE,TRUE,"no_lookup_match"
"Honduras","HND",2024,"20260921",20,2024-05-13,23057,NA,23057,123,NA,FALSE,TRUE,"no_lookup_match"
"Honduras","HND",2025,"20260921",20,2025-05-12,7078,NA,7078,71,NA,FALSE,TRUE,"no_lookup_match"
"Honduras","HND",2026,"20260921",20,2026-05-11,3627,3627,3627,19,1,TRUE,FALSE,"applied_mean"
"Mexico","MEX",2024,"20260921",20,2024-05-13,71477,NA,71477,123,NA,FALSE,TRUE,"no_lookup_match"
"Mexico","MEX",2025,"20260921",20,2025-05-12,38888,NA,38888,71,NA,FALSE,TRUE,"no_lookup_match"
"Mexico","MEX",2026,"20260921",20,2026-05-11,23064,23036,23036,19,0.998804626214609,TRUE,FALSE,"applied_mean"
"Nicaragua","NIC",2025,"20260921",4,2025-01-20,5702,NA,5702,87,NA,FALSE,TRUE,"no_lookup_match"
"Nicaragua","NIC",2024,"20260921",20,2024-05-13,27375,NA,27375,123,NA,FALSE,TRUE,"no_lookup_match"
"Panama","PAN",2024,"20260921",20,2024-05-13,6285,NA,6285,123,NA,FALSE,TRUE,"no_lookup_match"
"Panama","PAN",2025,"20260921",20,2025-05-12,6260,NA,6260,71,NA,FALSE,TRUE,"no_lookup_match"
"Panama","PAN",2026,"20260921",20,2026-05-11,3522,3353,3353,19,0.951975870624046,TRUE,FALSE,"applied_mean"
"Bolivia","BOL",2024,"20260921",20,2024-05-13,42555,NA,42555,123,NA,FALSE,TRUE,"no_lookup_match"
"Bolivia","BOL",2025,"20260921",20,2025-05-12,20694,NA,20694,71,NA,FALSE,TRUE,"no_lookup_match"
"Bolivia","BOL",2026,"20260921",20,2026-05-11,55689,63044,63044,19,1.13206408050193,TRUE,FALSE,"applied_mean"
"Colombia","COL",2025,"20260921",20,2025-05-12,70786,NA,70786,71,NA,FALSE,TRUE,"no_lookup_match"
"Colombia","COL",2024,"20260921",20,2024-05-13,147136,NA,147136,123,NA,FALSE,TRUE,"no_lookup_match"
"Colombia","COL",2026,"20260921",20,2026-05-11,43868,43868,43868,19,1,TRUE,FALSE,"applied_mean"
"Ecuador","ECU",2024,"20260921",20,2024-05-13,31241,NA,31241,123,NA,FALSE,TRUE,"no_lookup_match"
"Ecuador","ECU",2025,"20260921",20,2025-05-12,22411,NA,22411,71,NA,FALSE,TRUE,"no_lookup_match"
"Ecuador","ECU",2026,"20260921",20,2026-05-11,14455,14467,14467,19,1.0008541906951,TRUE,FALSE,"applied_mean"
"Peru","PER",2024,"20260921",20,2024-05-13,236391,NA,236391,123,NA,FALSE,TRUE,"no_lookup_match"
"Peru","PER",2025,"20260921",20,2025-05-12,26142,NA,26142,71,NA,FALSE,TRUE,"no_lookup_match"
"Peru","PER",2026,"20260921",20,2026-05-11,20072,20278,20278,19,1.01024583725337,TRUE,FALSE,"applied_mean"
"Venezuela","VEN",2024,"20260921",20,2024-05-13,12699,NA,12699,123,NA,FALSE,TRUE,"no_lookup_match"
"Venezuela","VEN",2025,"20260921",20,2025-05-12,18984,NA,18984,71,NA,FALSE,TRUE,"no_lookup_match"
"Venezuela","VEN",2026,"20260921",20,2026-05-11,6647,NA,6647,19,NA,FALSE,TRUE,"no_lookup_match"
"Argentina","ARG",2024,"20260921",20,2024-05-13,578221,NA,578221,123,NA,FALSE,TRUE,"no_lookup_match"
"Argentina","ARG",2025,"20260921",20,2025-05-12,17178,NA,17178,71,NA,FALSE,TRUE,"no_lookup_match"
"Argentina","ARG",2026,"20260921",20,2026-05-11,52,80,80,19,1.52994896480422,TRUE,FALSE,"applied_mean"
"Brazil","BRA",2024,"20260921",20,2024-05-13,8402938,NA,8402938,123,NA,FALSE,TRUE,"no_lookup_match"
"Brazil","BRA",2025,"20260921",20,2025-05-12,2790495,NA,2790495,71,NA,FALSE,TRUE,"no_lookup_match"
"Brazil","BRA",2026,"20260921",20,2026-05-11,929986,933337,933337,19,1.00360365077485,TRUE,FALSE,"applied_mean"
"Chile","CHL",2025,"20260921",20,2025-05-12,0,NA,0,71,NA,FALSE,TRUE,"no_lookup_match"
"Chile","CHL",2024,"20260921",20,2024-05-13,145,NA,145,123,NA,FALSE,TRUE,"no_lookup_match"
"Chile","CHL",2026,"20260921",20,2026-05-11,27,27,27,19,1,TRUE,FALSE,"applied_mean"
"Paraguay","PRY",2024,"20260921",20,2024-05-13,271736,NA,271736,123,NA,FALSE,TRUE,"no_lookup_match"
"Paraguay","PRY",2025,"20260921",20,2025-05-12,17931,NA,17931,71,NA,FALSE,TRUE,"no_lookup_match"
"Paraguay","PRY",2026,"20260921",20,2026-05-11,8073,7981,7981,19,0.988597912562101,TRUE,FALSE,"applied_mean"
"Uruguay","URY",2025,"20260921",20,2025-05-12,6,NA,6,71,NA,FALSE,TRUE,"no_lookup_match"
"Uruguay","URY",2026,"20260921",20,2026-05-11,0,0,0,19,4.04424778761062,TRUE,FALSE,"applied_median"
"Uruguay","URY",2024,"20260921",20,2024-05-13,1122,NA,1122,123,NA,FALSE,TRUE,"no_lookup_match"
"Cuba","CUB",2026,"20260921",20,2026-05-11,1307,NA,1307,19,NA,FALSE,TRUE,"no_lookup_match"
"Dominican Republic","DOM",2024,"20260921",20,2024-05-13,7318,NA,7318,123,NA,FALSE,TRUE,"no_lookup_match"
"Dominican Republic","DOM",2025,"20260921",20,2025-05-12,799,NA,799,71,NA,FALSE,TRUE,"no_lookup_match"
"Dominican Republic","DOM",2026,"20260921",20,2026-05-11,493,493,493,19,1,TRUE,FALSE,"applied_mean"
"Puerto Rico","PRI",2024,"20260921",20,2024-05-13,1222,NA,1222,123,NA,FALSE,TRUE,"no_lookup_match"
"Puerto Rico","PRI",2025,"20260921",20,2025-05-12,1665,NA,1665,71,NA,FALSE,TRUE,"no_lookup_match"
"Puerto Rico","PRI",2026,"20260921",20,2026-05-11,684,683,683,19,0.998550624505552,TRUE,FALSE,"applied_mean"
"Anguilla","AIA",2025,"20260921",20,2025-05-12,1,NA,1,71,NA,FALSE,TRUE,"no_lookup_match"
"Anguilla","AIA",2026,"20260921",20,2026-05-11,0,NA,0,19,NA,FALSE,TRUE,"no_lookup_match"
"Antigua and Barbuda","ATG",2025,"20260921",20,2025-05-12,3,NA,3,71,NA,FALSE,TRUE,"no_lookup_match"
"Antigua and Barbuda","ATG",2026,"20260921",20,2026-05-11,4,4,4,19,1,TRUE,FALSE,"applied_mean"
"Antigua and Barbuda","ATG",2024,"20260921",20,2024-05-13,123,NA,123,123,NA,FALSE,TRUE,"no_lookup_match"
"Aruba","ABW",2024,"20260921",20,2024-05-13,57,NA,57,123,NA,FALSE,TRUE,"no_lookup_match"
"Aruba","ABW",2025,"20260921",20,2025-05-12,6,NA,6,71,NA,FALSE,TRUE,"no_lookup_match"
"Bahamas","BHS",2024,"20260921",8,2024-02-19,0,NA,0,135,NA,FALSE,TRUE,"no_lookup_match"
"Bahamas","BHS",2026,"20260921",20,2026-05-11,1,NA,1,19,NA,FALSE,TRUE,"no_lookup_match"
"Barbados","BRB",2025,"20260921",20,2025-05-12,79,NA,79,71,NA,FALSE,TRUE,"no_lookup_match"
"Barbados","BRB",2026,"20260921",20,2026-05-11,43,35,35,19,0.80260191000001,TRUE,FALSE,"applied_mean"
"Barbados","BRB",2024,"20260921",20,2024-05-13,1035,NA,1035,123,NA,FALSE,TRUE,"no_lookup_match"
"Bermuda","BMU",2024,"20260921",20,2024-05-13,0,NA,0,123,NA,FALSE,TRUE,"no_lookup_match"
"Bermuda","BMU",2025,"20260921",20,2025-05-12,0,NA,0,71,NA,FALSE,TRUE,"no_lookup_match"
"Bermuda","BMU",2026,"20260921",20,2026-05-11,1,NA,1,19,NA,FALSE,TRUE,"no_lookup_match"
"Bonaire, Saint Eustatius and Saba","BES",2024,"20260921",12,2024-03-18,207,NA,207,131,NA,FALSE,TRUE,"no_lookup_match"
"Cayman Islands","CYM",2024,"20260921",20,2024-05-13,3,NA,3,123,NA,FALSE,TRUE,"no_lookup_match"
"Cayman Islands","CYM",2025,"20260921",20,2025-05-12,0,NA,0,71,NA,FALSE,TRUE,"no_lookup_match"
"Cayman Islands","CYM",2026,"20260921",20,2026-05-11,0,0,0,19,1,TRUE,FALSE,"applied_mean"
"Curaçao","CUW",2024,"20260921",12,2024-03-18,262,NA,262,131,NA,FALSE,TRUE,"no_lookup_match"
"French Guiana","GUF",2024,"20260921",20,2024-05-13,14084,NA,14084,123,NA,FALSE,TRUE,"no_lookup_match"
"French Guiana","GUF",2025,"20260921",20,2025-05-12,197,NA,197,71,NA,FALSE,TRUE,"no_lookup_match"
"French Guiana","GUF",2026,"20260921",20,2026-05-11,10,10,10,19,1,TRUE,FALSE,"applied_mean"
"Grenada","GRD",2024,"20260921",20,2024-05-13,148,NA,148,123,NA,FALSE,TRUE,"no_lookup_match"
"Grenada","GRD",2025,"20260921",20,2025-05-12,73,NA,73,71,NA,FALSE,TRUE,"no_lookup_match"
"Grenada","GRD",2026,"20260921",20,2026-05-11,66,66,66,19,1,TRUE,FALSE,"applied_mean"
"Guadeloupe","GLP",2026,"20260921",20,2026-05-11,383,383,383,19,1,TRUE,FALSE,"applied_mean"
"Guadeloupe","GLP",2024,"20260921",20,2024-05-13,3535,NA,3535,123,NA,FALSE,TRUE,"no_lookup_match"
"Guadeloupe","GLP",2025,"20260921",20,2025-05-12,4160,NA,4160,71,NA,FALSE,TRUE,"no_lookup_match"
"Guyana","GUY",2024,"20260921",20,2024-05-13,17530,NA,17530,123,NA,FALSE,TRUE,"no_lookup_match"
"Guyana","GUY",2025,"20260921",20,2025-05-12,23322,NA,23322,71,NA,FALSE,TRUE,"no_lookup_match"
"Guyana","GUY",2026,"20260921",20,2026-05-11,35717,37899,37899,19,1.06109256977865,TRUE,FALSE,"applied_mean"
"Jamaica","JAM",2024,"20260921",20,2024-05-13,1292,NA,1292,123,NA,FALSE,TRUE,"no_lookup_match"
"Jamaica","JAM",2025,"20260921",20,2025-05-12,175,NA,175,71,NA,FALSE,TRUE,"no_lookup_match"
"Jamaica","JAM",2026,"20260921",20,2026-05-11,113,113,113,19,1,TRUE,FALSE,"applied_mean"
"Martinique","MTQ",2025,"20260921",20,2025-05-12,875,NA,875,71,NA,FALSE,TRUE,"no_lookup_match"
"Martinique","MTQ",2024,"20260921",20,2024-05-13,5440,NA,5440,123,NA,FALSE,TRUE,"no_lookup_match"
"Martinique","MTQ",2026,"20260921",20,2026-05-11,1354,1354,1354,19,1,TRUE,FALSE,"applied_mean"
"Montserrat","MSR",2024,"20260921",20,2024-05-13,1,NA,1,123,NA,FALSE,TRUE,"no_lookup_match"
"Montserrat","MSR",2025,"20260921",20,2025-05-12,1,NA,1,71,NA,FALSE,TRUE,"no_lookup_match"
"Montserrat","MSR",2026,"20260921",20,2026-05-11,0,0,0,19,1,TRUE,FALSE,"applied_mean"
"Saint Barthelemy","BLM",2025,"20260921",20,2025-05-12,20,NA,20,71,NA,FALSE,TRUE,"no_lookup_match"
"Saint Barthelemy","BLM",2026,"20260921",20,2026-05-11,0,0,0,19,1,TRUE,FALSE,"applied_mean"
"Saint Barthelemy","BLM",2024,"20260921",20,2024-05-13,123,NA,123,123,NA,FALSE,TRUE,"no_lookup_match"
"Saint Kitts and Nevis","KNA",2024,"20260921",20,2024-05-13,161,NA,161,123,NA,FALSE,TRUE,"no_lookup_match"
"Saint Kitts and Nevis","KNA",2025,"20260921",20,2025-05-12,4,NA,4,71,NA,FALSE,TRUE,"no_lookup_match"
"Saint Kitts and Nevis","KNA",2026,"20260921",13,2026-03-23,13,13,13,26,1.0137990750553,TRUE,FALSE,"applied_mean"
"Saint Lucia","LCA",2024,"20260921",20,2024-05-13,5,NA,5,123,NA,FALSE,TRUE,"no_lookup_match"
"Saint Lucia","LCA",2025,"20260921",20,2025-05-12,30,NA,30,71,NA,FALSE,TRUE,"no_lookup_match"
"Saint Lucia","LCA",2026,"20260921",20,2026-05-11,4,4,4,19,1,TRUE,FALSE,"applied_mean"
"Saint Martin",NA,2025,"20260921",20,2025-05-12,136,NA,136,71,NA,FALSE,TRUE,"no_lookup_match"
"Saint Martin",NA,2026,"20260921",20,2026-05-11,7,NA,7,19,NA,FALSE,TRUE,"no_lookup_match"
"Saint Martin",NA,2024,"20260921",20,2024-05-13,495,NA,495,123,NA,FALSE,TRUE,"no_lookup_match"
"Saint Vincent and the Grenadines","VCT",2025,"20260921",20,2025-05-12,3,NA,3,71,NA,FALSE,TRUE,"no_lookup_match"
"Saint Vincent and the Grenadines","VCT",2026,"20260921",20,2026-05-11,3,3,3,19,1,TRUE,FALSE,"applied_mean"
"Saint Vincent and the Grenadines","VCT",2024,"20260921",20,2024-05-13,11,NA,11,123,NA,FALSE,TRUE,"no_lookup_match"
"Sint Maarten","SXM",2024,"20260921",12,2024-03-18,115,NA,115,131,NA,FALSE,TRUE,"no_lookup_match"
"Sint Maarten","SXM",2025,"20260921",20,2025-05-12,6,NA,6,71,NA,FALSE,TRUE,"no_lookup_match"
"Suriname","SUR",2025,"20260921",20,2025-05-12,712,NA,712,71,NA,FALSE,TRUE,"no_lookup_match"
"Suriname","SUR",2024,"20260921",20,2024-05-13,95,NA,95,123,NA,FALSE,TRUE,"no_lookup_match"
"Suriname","SUR",2026,"20260921",19,2026-05-04,418,418,418,20,1,TRUE,FALSE,"applied_mean"
"Trinidad and Tobago","TTO",2025,"20260921",20,2025-05-12,0,NA,0,71,NA,FALSE,TRUE,"no_lookup_match"
"Trinidad and Tobago","TTO",2026,"20260921",20,2026-05-11,43,NA,43,19,NA,FALSE,TRUE,"no_lookup_match"
"Trinidad and Tobago","TTO",2024,"20260921",5,2024-01-29,110,NA,110,138,NA,FALSE,TRUE,"no_lookup_match"
"Turks and Caicos Islands","TCA",2025,"20260921",20,2025-05-12,0,NA,0,71,NA,FALSE,TRUE,"no_lookup_match"
"Turks and Caicos Islands","TCA",2026,"20260921",12,2026-03-16,8,8,8,27,1,TRUE,FALSE,"applied_mean"
"Turks and Caicos Islands","TCA",2024,"20260921",20,2024-05-13,102,NA,102,123,NA,FALSE,TRUE,"no_lookup_match"
"Virgin Islands (UK)","VGB",2024,"20260921",16,2024-04-15,5,NA,5,127,NA,FALSE,TRUE,"no_lookup_match"
"Virgin Islands (UK)","VGB",2025,"20260921",20,2025-05-12,26,NA,26,71,NA,FALSE,TRUE,"no_lookup_match"
"Virgin Islands (UK)","VGB",2026,"20260921",20,2026-05-11,15,NA,15,19,NA,FALSE,TRUE,"no_lookup_match"
"Virgin Islands (US)","VIR",2024,"20260921",20,2024-05-13,6,NA,6,123,NA,FALSE,TRUE,"no_lookup_match"
"Virgin Islands (US)","VIR",2025,"20260921",20,2025-05-12,43,NA,43,71,NA,FALSE,TRUE,"no_lookup_match"
"Virgin Islands (US)","VIR",2026,"20260921",20,2026-05-11,0,NA,0,19,NA,FALSE,TRUE,"no_lookup_match"
"Canada","CAN",2024,"20260921",21,2024-05-20,0,NA,0,122,NA,FALSE,TRUE,"no_lookup_match"
"Canada","CAN",2025,"20260921",21,2025-05-19,0,NA,0,70,NA,FALSE,TRUE,"no_lookup_match"
"Canada","CAN",2026,"20260921",21,2026-05-18,0,NA,0,18,NA,FALSE,TRUE,"no_lookup_match"
"United States of America","USA",2024,"20260921",21,2024-05-20,626,NA,626,122,NA,FALSE,TRUE,"no_lookup_match"
"United States of America","USA",2025,"20260921",21,2025-05-19,308,NA,308,70,NA,FALSE,TRUE,"no_lookup_match"
"United States of America","USA",2026,"20260921",21,2026-05-18,120,NA,120,18,NA,FALSE,TRUE,"no_lookup_match"
"Belize","BLZ",2024,"20260921",21,2024-05-20,297,NA,297,122,NA,FALSE,TRUE,"country_excluded"
"Belize","BLZ",2025,"20260921",21,2025-05-19,321,NA,321,70,NA,FALSE,TRUE,"country_excluded"
"Belize","BLZ",2026,"20260921",15,2026-04-06,317,NA,317,24,NA,FALSE,TRUE,"country_excluded"
"Costa Rica","CRI",2024,"20260921",21,2024-05-20,8136,NA,8136,122,NA,FALSE,TRUE,"no_lookup_match"
"Costa Rica","CRI",2025,"20260921",21,2025-05-19,1391,NA,1391,70,NA,FALSE,TRUE,"no_lookup_match"
"Costa Rica","CRI",2026,"20260921",21,2026-05-18,885,873,873,18,0.986620166309785,TRUE,FALSE,"applied_mean"
"El Salvador","SLV",2025,"20260921",21,2025-05-19,1928,NA,1928,70,NA,FALSE,TRUE,"no_lookup_match"
"El Salvador","SLV",2024,"20260921",21,2024-05-20,2504,NA,2504,122,NA,FALSE,TRUE,"no_lookup_match"
"El Salvador","SLV",2026,"20260921",21,2026-05-18,2087,2087,2087,18,1,TRUE,FALSE,"applied_mean"
"Guatemala","GTM",2025,"20260921",21,2025-05-19,20990,NA,20990,70,NA,FALSE,TRUE,"no_lookup_match"
"Guatemala","GTM",2026,"20260921",21,2026-05-18,14377,19434,19434,18,1.35172203651479,TRUE,FALSE,"applied_mean"
"Guatemala","GTM",2024,"20260921",21,2024-05-20,32011,NA,32011,122,NA,FALSE,TRUE,"no_lookup_match"
"Honduras","HND",2024,"20260921",21,2024-05-20,25859,NA,25859,122,NA,FALSE,TRUE,"no_lookup_match"
"Honduras","HND",2025,"20260921",21,2025-05-19,7581,NA,7581,70,NA,FALSE,TRUE,"no_lookup_match"
"Honduras","HND",2026,"20260921",21,2026-05-18,3815,3815,3815,18,1,TRUE,FALSE,"applied_mean"
"Mexico","MEX",2024,"20260921",21,2024-05-20,75859,NA,75859,122,NA,FALSE,TRUE,"no_lookup_match"
"Mexico","MEX",2025,"20260921",21,2025-05-19,40901,NA,40901,70,NA,FALSE,TRUE,"no_lookup_match"
"Mexico","MEX",2026,"20260921",21,2026-05-18,24261,24232,24232,18,0.998806570682624,TRUE,FALSE,"applied_mean"
"Nicaragua","NIC",2025,"20260921",4,2025-01-20,5702,NA,5702,87,NA,FALSE,TRUE,"no_lookup_match"
"Nicaragua","NIC",2024,"20260921",21,2024-05-20,28705,NA,28705,122,NA,FALSE,TRUE,"no_lookup_match"
"Panama","PAN",2024,"20260921",21,2024-05-20,6571,NA,6571,122,NA,FALSE,TRUE,"no_lookup_match"
"Panama","PAN",2025,"20260921",21,2025-05-19,6510,NA,6510,70,NA,FALSE,TRUE,"no_lookup_match"
"Panama","PAN",2026,"20260921",21,2026-05-18,3690,3528,3528,18,0.956128130735365,TRUE,FALSE,"applied_mean"
"Bolivia","BOL",2024,"20260921",21,2024-05-20,44185,NA,44185,122,NA,FALSE,TRUE,"no_lookup_match"
"Bolivia","BOL",2025,"20260921",21,2025-05-19,22320,NA,22320,70,NA,FALSE,TRUE,"no_lookup_match"
"Bolivia","BOL",2026,"20260921",21,2026-05-18,56200,63575,63575,18,1.13122668742588,TRUE,FALSE,"applied_mean"
"Colombia","COL",2025,"20260921",21,2025-05-19,73742,NA,73742,70,NA,FALSE,TRUE,"no_lookup_match"
"Colombia","COL",2024,"20260921",21,2024-05-20,157097,NA,157097,122,NA,FALSE,TRUE,"no_lookup_match"
"Colombia","COL",2026,"20260921",21,2026-05-18,46002,46002,46002,18,1,TRUE,FALSE,"applied_mean"
"Ecuador","ECU",2024,"20260921",21,2024-05-20,33224,NA,33224,122,NA,FALSE,TRUE,"no_lookup_match"
"Ecuador","ECU",2025,"20260921",21,2025-05-19,23623,NA,23623,70,NA,FALSE,TRUE,"no_lookup_match"
"Ecuador","ECU",2026,"20260921",21,2026-05-18,15417,15429,15429,18,1.00080854062447,TRUE,FALSE,"applied_mean"
"Peru","PER",2024,"20260921",21,2024-05-20,242949,NA,242949,122,NA,FALSE,TRUE,"no_lookup_match"
"Peru","PER",2025,"20260921",21,2025-05-19,26903,NA,26903,70,NA,FALSE,TRUE,"no_lookup_match"
"Peru","PER",2026,"20260921",21,2026-05-18,21896,22086,22086,18,1.00867591698064,TRUE,FALSE,"applied_mean"
"Venezuela","VEN",2024,"20260921",21,2024-05-20,13737,NA,13737,122,NA,FALSE,TRUE,"no_lookup_match"
"Venezuela","VEN",2025,"20260921",21,2025-05-19,19857,NA,19857,70,NA,FALSE,TRUE,"no_lookup_match"
"Venezuela","VEN",2026,"20260921",21,2026-05-18,6888,NA,6888,18,NA,FALSE,TRUE,"no_lookup_match"
"Argentina","ARG",2024,"20260921",21,2024-05-20,579907,NA,579907,122,NA,FALSE,TRUE,"no_lookup_match"
"Argentina","ARG",2025,"20260921",21,2025-05-19,17422,NA,17422,70,NA,FALSE,TRUE,"no_lookup_match"
"Argentina","ARG",2026,"20260921",21,2026-05-18,54,82,82,18,1.51074437025319,TRUE,FALSE,"applied_mean"
"Brazil","BRA",2024,"20260921",21,2024-05-20,8710247,NA,8710247,122,NA,FALSE,TRUE,"no_lookup_match"
"Brazil","BRA",2025,"20260921",21,2025-05-19,2902914,NA,2902914,70,NA,FALSE,TRUE,"no_lookup_match"
"Brazil","BRA",2026,"20260921",21,2026-05-18,969343,976229,976229,18,1.00710358585233,TRUE,FALSE,"applied_mean"
"Chile","CHL",2025,"20260921",21,2025-05-19,0,NA,0,70,NA,FALSE,TRUE,"no_lookup_match"
"Chile","CHL",2024,"20260921",21,2024-05-20,148,NA,148,122,NA,FALSE,TRUE,"no_lookup_match"
"Chile","CHL",2026,"20260921",21,2026-05-18,27,27,27,18,1.01785714285714,TRUE,FALSE,"applied_mean"
"Paraguay","PRY",2024,"20260921",21,2024-05-20,273836,NA,273836,122,NA,FALSE,TRUE,"no_lookup_match"
"Paraguay","PRY",2025,"20260921",21,2025-05-19,19019,NA,19019,70,NA,FALSE,TRUE,"no_lookup_match"
"Paraguay","PRY",2026,"20260921",21,2026-05-18,8218,8116,8116,18,0.987638376755886,TRUE,FALSE,"applied_mean"
"Uruguay","URY",2025,"20260921",21,2025-05-19,6,NA,6,70,NA,FALSE,TRUE,"no_lookup_match"
"Uruguay","URY",2026,"20260921",21,2026-05-18,0,0,0,18,4.04424778761062,TRUE,FALSE,"applied_median"
"Uruguay","URY",2024,"20260921",21,2024-05-20,1122,NA,1122,122,NA,FALSE,TRUE,"no_lookup_match"
"Cuba","CUB",2026,"20260921",21,2026-05-18,1372,NA,1372,18,NA,FALSE,TRUE,"no_lookup_match"
"Dominican Republic","DOM",2024,"20260921",21,2024-05-20,7445,NA,7445,122,NA,FALSE,TRUE,"no_lookup_match"
"Dominican Republic","DOM",2025,"20260921",21,2025-05-19,846,NA,846,70,NA,FALSE,TRUE,"no_lookup_match"
"Dominican Republic","DOM",2026,"20260921",21,2026-05-18,532,532,532,18,1,TRUE,FALSE,"applied_mean"
"Puerto Rico","PRI",2024,"20260921",21,2024-05-20,1331,NA,1331,122,NA,FALSE,TRUE,"no_lookup_match"
"Puerto Rico","PRI",2025,"20260921",21,2025-05-19,1714,NA,1714,70,NA,FALSE,TRUE,"no_lookup_match"
"Puerto Rico","PRI",2026,"20260921",21,2026-05-18,711,710,710,18,0.998537340273833,TRUE,FALSE,"applied_mean"
"Anguilla","AIA",2025,"20260921",21,2025-05-19,1,NA,1,70,NA,FALSE,TRUE,"no_lookup_match"
"Anguilla","AIA",2026,"20260921",21,2026-05-18,0,NA,0,18,NA,FALSE,TRUE,"no_lookup_match"
"Antigua and Barbuda","ATG",2025,"20260921",21,2025-05-19,4,NA,4,70,NA,FALSE,TRUE,"no_lookup_match"
"Antigua and Barbuda","ATG",2026,"20260921",21,2026-05-18,4,4,4,18,1,TRUE,FALSE,"applied_mean"
"Antigua and Barbuda","ATG",2024,"20260921",20,2024-05-13,123,NA,123,123,NA,FALSE,TRUE,"no_lookup_match"
"Aruba","ABW",2024,"20260921",20,2024-05-13,57,NA,57,123,NA,FALSE,TRUE,"no_lookup_match"
"Aruba","ABW",2025,"20260921",21,2025-05-19,6,NA,6,70,NA,FALSE,TRUE,"no_lookup_match"
"Bahamas","BHS",2024,"20260921",8,2024-02-19,0,NA,0,135,NA,FALSE,TRUE,"no_lookup_match"
"Bahamas","BHS",2026,"20260921",20,2026-05-11,1,NA,1,19,NA,FALSE,TRUE,"no_lookup_match"
"Barbados","BRB",2025,"20260921",21,2025-05-19,83,NA,83,70,NA,FALSE,TRUE,"no_lookup_match"
"Barbados","BRB",2026,"20260921",21,2026-05-18,45,36,36,18,0.810395880356228,TRUE,FALSE,"applied_mean"
"Barbados","BRB",2024,"20260921",21,2024-05-20,1038,NA,1038,122,NA,FALSE,TRUE,"no_lookup_match"
"Bermuda","BMU",2024,"20260921",21,2024-05-20,0,NA,0,122,NA,FALSE,TRUE,"no_lookup_match"
"Bermuda","BMU",2025,"20260921",21,2025-05-19,0,NA,0,70,NA,FALSE,TRUE,"no_lookup_match"
"Bermuda","BMU",2026,"20260921",21,2026-05-18,1,NA,1,18,NA,FALSE,TRUE,"no_lookup_match"
"Bonaire, Saint Eustatius and Saba","BES",2024,"20260921",12,2024-03-18,207,NA,207,131,NA,FALSE,TRUE,"no_lookup_match"
"Cayman Islands","CYM",2024,"20260921",21,2024-05-20,3,NA,3,122,NA,FALSE,TRUE,"no_lookup_match"
"Cayman Islands","CYM",2025,"20260921",21,2025-05-19,0,NA,0,70,NA,FALSE,TRUE,"no_lookup_match"
"Cayman Islands","CYM",2026,"20260921",21,2026-05-18,0,0,0,18,1,TRUE,FALSE,"applied_mean"
"Curaçao","CUW",2024,"20260921",12,2024-03-18,262,NA,262,131,NA,FALSE,TRUE,"no_lookup_match"
"French Guiana","GUF",2024,"20260921",21,2024-05-20,14297,NA,14297,122,NA,FALSE,TRUE,"no_lookup_match"
"French Guiana","GUF",2025,"20260921",21,2025-05-19,197,NA,197,70,NA,FALSE,TRUE,"no_lookup_match"
"French Guiana","GUF",2026,"20260921",21,2026-05-18,11,11,11,18,1,TRUE,FALSE,"applied_mean"
"Grenada","GRD",2024,"20260921",21,2024-05-20,153,NA,153,122,NA,FALSE,TRUE,"no_lookup_match"
"Grenada","GRD",2025,"20260921",21,2025-05-19,76,NA,76,70,NA,FALSE,TRUE,"no_lookup_match"
"Grenada","GRD",2026,"20260921",21,2026-05-18,75,75,75,18,1,TRUE,FALSE,"applied_mean"
"Guadeloupe","GLP",2026,"20260921",20,2026-05-11,383,383,383,19,1,TRUE,FALSE,"applied_mean"
"Guadeloupe","GLP",2024,"20260921",21,2024-05-20,3615,NA,3615,122,NA,FALSE,TRUE,"no_lookup_match"
"Guadeloupe","GLP",2025,"20260921",21,2025-05-19,4265,NA,4265,70,NA,FALSE,TRUE,"no_lookup_match"
"Guyana","GUY",2024,"20260921",21,2024-05-20,18744,NA,18744,122,NA,FALSE,TRUE,"no_lookup_match"
"Guyana","GUY",2025,"20260921",21,2025-05-19,25813,NA,25813,70,NA,FALSE,TRUE,"no_lookup_match"
"Guyana","GUY",2026,"20260921",21,2026-05-18,35768,38280,38280,18,1.07023450069502,TRUE,FALSE,"applied_mean"
"Jamaica","JAM",2025,"20260921",21,2025-05-19,195,NA,195,70,NA,FALSE,TRUE,"no_lookup_match"
"Jamaica","JAM",2026,"20260921",21,2026-05-18,114,114,114,18,1,TRUE,FALSE,"applied_mean"
"Jamaica","JAM",2024,"20260921",21,2024-05-20,1311,NA,1311,122,NA,FALSE,TRUE,"no_lookup_match"
"Martinique","MTQ",2025,"20260921",21,2025-05-19,875,NA,875,70,NA,FALSE,TRUE,"no_lookup_match"
"Martinique","MTQ",2024,"20260921",21,2024-05-20,5485,NA,5485,122,NA,FALSE,TRUE,"no_lookup_match"
"Martinique","MTQ",2026,"20260921",20,2026-05-11,1354,1354,1354,19,1,TRUE,FALSE,"applied_mean"
"Montserrat","MSR",2024,"20260921",21,2024-05-20,1,NA,1,122,NA,FALSE,TRUE,"no_lookup_match"
"Montserrat","MSR",2025,"20260921",21,2025-05-19,1,NA,1,70,NA,FALSE,TRUE,"no_lookup_match"
"Montserrat","MSR",2026,"20260921",21,2026-05-18,0,0,0,18,1,TRUE,FALSE,"applied_mean"
"Saint Barthelemy","BLM",2025,"20260921",21,2025-05-19,20,NA,20,70,NA,FALSE,TRUE,"no_lookup_match"
"Saint Barthelemy","BLM",2026,"20260921",20,2026-05-11,0,0,0,19,1,TRUE,FALSE,"applied_mean"
"Saint Barthelemy","BLM",2024,"20260921",21,2024-05-20,124,NA,124,122,NA,FALSE,TRUE,"no_lookup_match"
"Saint Kitts and Nevis","KNA",2024,"20260921",21,2024-05-20,167,NA,167,122,NA,FALSE,TRUE,"no_lookup_match"
"Saint Kitts and Nevis","KNA",2025,"20260921",21,2025-05-19,4,NA,4,70,NA,FALSE,TRUE,"no_lookup_match"
"Saint Kitts and Nevis","KNA",2026,"20260921",13,2026-03-23,13,13,13,26,1.0137990750553,TRUE,FALSE,"applied_mean"
"Saint Lucia","LCA",2025,"20260921",21,2025-05-19,31,NA,31,70,NA,FALSE,TRUE,"no_lookup_match"
"Saint Lucia","LCA",2026,"20260921",21,2026-05-18,4,4,4,18,1,TRUE,FALSE,"applied_mean"
"Saint Lucia","LCA",2024,"20260921",21,2024-05-20,7,NA,7,122,NA,FALSE,TRUE,"no_lookup_match"
"Saint Martin",NA,2025,"20260921",21,2025-05-19,144,NA,144,70,NA,FALSE,TRUE,"no_lookup_match"
"Saint Martin",NA,2026,"20260921",20,2026-05-11,7,NA,7,19,NA,FALSE,TRUE,"no_lookup_match"
"Saint Martin",NA,2024,"20260921",21,2024-05-20,515,NA,515,122,NA,FALSE,TRUE,"no_lookup_match"
"Saint Vincent and the Grenadines","VCT",2025,"20260921",21,2025-05-19,3,NA,3,70,NA,FALSE,TRUE,"no_lookup_match"
"Saint Vincent and the Grenadines","VCT",2026,"20260921",21,2026-05-18,3,3,3,18,1,TRUE,FALSE,"applied_mean"
"Saint Vincent and the Grenadines","VCT",2024,"20260921",20,2024-05-13,11,NA,11,123,NA,FALSE,TRUE,"no_lookup_match"
"Sint Maarten","SXM",2024,"20260921",12,2024-03-18,115,NA,115,131,NA,FALSE,TRUE,"no_lookup_match"
"Sint Maarten","SXM",2025,"20260921",21,2025-05-19,6,NA,6,70,NA,FALSE,TRUE,"no_lookup_match"
"Suriname","SUR",2025,"20260921",21,2025-05-19,797,NA,797,70,NA,FALSE,TRUE,"no_lookup_match"
"Suriname","SUR",2024,"20260921",20,2024-05-13,95,NA,95,123,NA,FALSE,TRUE,"no_lookup_match"
"Suriname","SUR",2026,"20260921",19,2026-05-04,418,418,418,20,1,TRUE,FALSE,"applied_mean"
"Trinidad and Tobago","TTO",2025,"20260921",21,2025-05-19,4,NA,4,70,NA,FALSE,TRUE,"no_lookup_match"
"Trinidad and Tobago","TTO",2026,"20260921",21,2026-05-18,43,NA,43,18,NA,FALSE,TRUE,"no_lookup_match"
"Trinidad and Tobago","TTO",2024,"20260921",21,2024-05-20,224,NA,224,122,NA,FALSE,TRUE,"no_lookup_match"
"Turks and Caicos Islands","TCA",2025,"20260921",21,2025-05-19,1,NA,1,70,NA,FALSE,TRUE,"no_lookup_match"
"Turks and Caicos Islands","TCA",2026,"20260921",12,2026-03-16,8,8,8,27,1,TRUE,FALSE,"applied_mean"
"Turks and Caicos Islands","TCA",2024,"20260921",21,2024-05-20,102,NA,102,122,NA,FALSE,TRUE,"no_lookup_match"
"Virgin Islands (UK)","VGB",2024,"20260921",16,2024-04-15,5,NA,5,127,NA,FALSE,TRUE,"no_lookup_match"
"Virgin Islands (UK)","VGB",2025,"20260921",21,2025-05-19,26,NA,26,70,NA,FALSE,TRUE,"no_lookup_match"
"Virgin Islands (UK)","VGB",2026,"20260921",21,2026-05-18,15,NA,15,18,NA,FALSE,TRUE,"no_lookup_match"
"Virgin Islands (US)","VIR",2024,"20260921",21,2024-05-20,6,NA,6,122,NA,FALSE,TRUE,"no_lookup_match"
"Virgin Islands (US)","VIR",2025,"20260921",21,2025-05-19,43,NA,43,70,NA,FALSE,TRUE,"no_lookup_match"
"Virgin Islands (US)","VIR",2026,"20260921",21,2026-05-18,0,NA,0,18,NA,FALSE,TRUE,"no_lookup_match"
"Canada","CAN",2024,"20260921",22,2024-05-27,0,NA,0,121,NA,FALSE,TRUE,"no_lookup_match"
"Canada","CAN",2025,"20260921",22,2025-05-26,0,NA,0,69,NA,FALSE,TRUE,"no_lookup_match"
"Canada","CAN",2026,"20260921",22,2026-05-25,0,NA,0,17,NA,FALSE,TRUE,"no_lookup_match"
"United States of America","USA",2024,"20260921",22,2024-05-27,679,NA,679,121,NA,FALSE,TRUE,"no_lookup_match"
"United States of America","USA",2025,"20260921",22,2025-05-26,322,NA,322,69,NA,FALSE,TRUE,"no_lookup_match"
"United States of America","USA",2026,"20260921",22,2026-05-25,129,NA,129,17,NA,FALSE,TRUE,"no_lookup_match"
"Belize","BLZ",2024,"20260921",22,2024-05-27,303,NA,303,121,NA,FALSE,TRUE,"country_excluded"
"Belize","BLZ",2025,"20260921",22,2025-05-26,337,NA,337,69,NA,FALSE,TRUE,"country_excluded"
"Belize","BLZ",2026,"20260921",15,2026-04-06,317,NA,317,24,NA,FALSE,TRUE,"country_excluded"
"Costa Rica","CRI",2024,"20260921",22,2024-05-27,8625,NA,8625,121,NA,FALSE,TRUE,"no_lookup_match"
"Costa Rica","CRI",2025,"20260921",22,2025-05-26,1440,NA,1440,69,NA,FALSE,TRUE,"no_lookup_match"
"Costa Rica","CRI",2026,"20260921",22,2026-05-25,978,963,963,17,0.98430915459053,TRUE,FALSE,"applied_mean"
"El Salvador","SLV",2025,"20260921",22,2025-05-26,2031,NA,2031,69,NA,FALSE,TRUE,"no_lookup_match"
"El Salvador","SLV",2024,"20260921",22,2024-05-27,2678,NA,2678,121,NA,FALSE,TRUE,"no_lookup_match"
"El Salvador","SLV",2026,"20260921",22,2026-05-25,2142,2142,2142,17,1,TRUE,FALSE,"applied_mean"
"Guatemala","GTM",2025,"20260921",22,2025-05-26,22212,NA,22212,69,NA,FALSE,TRUE,"no_lookup_match"
"Guatemala","GTM",2026,"20260921",22,2026-05-25,14696,19769,19769,17,1.3452291794291,TRUE,FALSE,"applied_mean"
"Guatemala","GTM",2024,"20260921",22,2024-05-27,36163,NA,36163,121,NA,FALSE,TRUE,"no_lookup_match"
"Honduras","HND",2024,"20260921",22,2024-05-27,29159,NA,29159,121,NA,FALSE,TRUE,"no_lookup_match"
"Honduras","HND",2025,"20260921",22,2025-05-26,7987,NA,7987,69,NA,FALSE,TRUE,"no_lookup_match"
"Honduras","HND",2026,"20260921",22,2026-05-25,4014,4014,4014,17,1,TRUE,FALSE,"applied_mean"
"Mexico","MEX",2024,"20260921",22,2024-05-27,81185,NA,81185,121,NA,FALSE,TRUE,"no_lookup_match"
"Mexico","MEX",2025,"20260921",22,2025-05-26,42999,NA,42999,69,NA,FALSE,TRUE,"no_lookup_match"
"Mexico","MEX",2026,"20260921",22,2026-05-25,25596,25566,25566,17,0.998811750195619,TRUE,FALSE,"applied_mean"
"Nicaragua","NIC",2025,"20260921",4,2025-01-20,5702,NA,5702,87,NA,FALSE,TRUE,"no_lookup_match"
"Nicaragua","NIC",2024,"20260921",22,2024-05-27,29975,NA,29975,121,NA,FALSE,TRUE,"no_lookup_match"
"Panama","PAN",2024,"20260921",22,2024-05-27,6875,NA,6875,121,NA,FALSE,TRUE,"no_lookup_match"
"Panama","PAN",2025,"20260921",22,2025-05-26,6736,NA,6736,69,NA,FALSE,TRUE,"no_lookup_match"
"Panama","PAN",2026,"20260921",22,2026-05-25,3883,3719,3719,17,0.957718136837861,TRUE,FALSE,"applied_mean"
"Bolivia","BOL",2024,"20260921",22,2024-05-27,45228,NA,45228,121,NA,FALSE,TRUE,"no_lookup_match"
"Bolivia","BOL",2025,"20260921",22,2025-05-26,23818,NA,23818,69,NA,FALSE,TRUE,"no_lookup_match"
"Bolivia","BOL",2026,"20260921",22,2026-05-25,56518,63904,63904,17,1.13068259401725,TRUE,FALSE,"applied_mean"
"Colombia","COL",2025,"20260921",22,2025-05-26,76398,NA,76398,69,NA,FALSE,TRUE,"no_lookup_match"
"Colombia","COL",2024,"20260921",22,2024-05-27,166334,NA,166334,121,NA,FALSE,TRUE,"no_lookup_match"
"Colombia","COL",2026,"20260921",22,2026-05-25,48343,48343,48343,17,1,TRUE,FALSE,"applied_mean"
"Ecuador","ECU",2024,"20260921",22,2024-05-27,35211,NA,35211,121,NA,FALSE,TRUE,"no_lookup_match"
"Ecuador","ECU",2025,"20260921",22,2025-05-26,24714,NA,24714,69,NA,FALSE,TRUE,"no_lookup_match"
"Ecuador","ECU",2026,"20260921",22,2026-05-25,16527,16540,16540,17,1.00077133676148,TRUE,FALSE,"applied_mean"
"Peru","PER",2024,"20260921",22,2024-05-27,247097,NA,247097,121,NA,FALSE,TRUE,"no_lookup_match"
"Peru","PER",2025,"20260921",22,2025-05-26,27571,NA,27571,69,NA,FALSE,TRUE,"no_lookup_match"
"Peru","PER",2026,"20260921",22,2026-05-25,23731,23907,23907,17,1.00740331212842,TRUE,FALSE,"applied_mean"
"Venezuela","VEN",2024,"20260921",22,2024-05-27,14819,NA,14819,121,NA,FALSE,TRUE,"no_lookup_match"
"Venezuela","VEN",2025,"20260921",22,2025-05-26,20835,NA,20835,69,NA,FALSE,TRUE,"no_lookup_match"
"Venezuela","VEN",2026,"20260921",22,2026-05-25,7178,NA,7178,17,NA,FALSE,TRUE,"no_lookup_match"
"Argentina","ARG",2024,"20260921",22,2024-05-27,580362,NA,580362,121,NA,FALSE,TRUE,"no_lookup_match"
"Argentina","ARG",2025,"20260921",22,2025-05-26,17533,NA,17533,69,NA,FALSE,TRUE,"no_lookup_match"
"Argentina","ARG",2026,"20260921",22,2026-05-25,56,84,84,17,1.49331089195434,TRUE,FALSE,"applied_mean"
"Brazil","BRA",2024,"20260921",22,2024-05-27,8908716,NA,8908716,121,NA,FALSE,TRUE,"no_lookup_match"
"Brazil","BRA",2025,"20260921",22,2025-05-26,2983992,NA,2983992,69,NA,FALSE,TRUE,"no_lookup_match"
"Brazil","BRA",2026,"20260921",22,2026-05-25,1001840,1012732,1012732,17,1.01087241465831,TRUE,FALSE,"applied_mean"
"Chile","CHL",2025,"20260921",22,2025-05-26,0,NA,0,69,NA,FALSE,TRUE,"no_lookup_match"
"Chile","CHL",2024,"20260921",22,2024-05-27,151,NA,151,121,NA,FALSE,TRUE,"no_lookup_match"
"Chile","CHL",2026,"20260921",22,2026-05-25,27,30,30,17,1.11559523809524,TRUE,FALSE,"applied_mean"
"Paraguay","PRY",2024,"20260921",22,2024-05-27,275458,NA,275458,121,NA,FALSE,TRUE,"no_lookup_match"
"Paraguay","PRY",2025,"20260921",22,2025-05-26,19867,NA,19867,69,NA,FALSE,TRUE,"no_lookup_match"
"Paraguay","PRY",2026,"20260921",22,2026-05-25,8398,8288,8288,17,0.986925406369306,TRUE,FALSE,"applied_mean"
"Uruguay","URY",2025,"20260921",22,2025-05-26,6,NA,6,69,NA,FALSE,TRUE,"no_lookup_match"
"Uruguay","URY",2026,"20260921",22,2026-05-25,0,0,0,17,4.02285714285714,TRUE,FALSE,"applied_median"
"Uruguay","URY",2024,"20260921",22,2024-05-27,1123,NA,1123,121,NA,FALSE,TRUE,"no_lookup_match"
"Cuba","CUB",2026,"20260921",22,2026-05-25,1448,NA,1448,17,NA,FALSE,TRUE,"no_lookup_match"
"Dominican Republic","DOM",2024,"20260921",22,2024-05-27,7574,NA,7574,121,NA,FALSE,TRUE,"no_lookup_match"
"Dominican Republic","DOM",2025,"20260921",22,2025-05-26,898,NA,898,69,NA,FALSE,TRUE,"no_lookup_match"
"Dominican Republic","DOM",2026,"20260921",22,2026-05-25,548,548,548,17,1,TRUE,FALSE,"applied_mean"
"Puerto Rico","PRI",2024,"20260921",22,2024-05-27,1457,NA,1457,121,NA,FALSE,TRUE,"no_lookup_match"
"Puerto Rico","PRI",2025,"20260921",22,2025-05-26,1762,NA,1762,69,NA,FALSE,TRUE,"no_lookup_match"
"Puerto Rico","PRI",2026,"20260921",22,2026-05-25,738,737,737,17,0.998666797439585,TRUE,FALSE,"applied_mean"
"Anguilla","AIA",2025,"20260921",22,2025-05-26,1,NA,1,69,NA,FALSE,TRUE,"no_lookup_match"
"Anguilla","AIA",2026,"20260921",22,2026-05-25,0,NA,0,17,NA,FALSE,TRUE,"no_lookup_match"
"Antigua and Barbuda","ATG",2025,"20260921",22,2025-05-26,4,NA,4,69,NA,FALSE,TRUE,"no_lookup_match"
"Antigua and Barbuda","ATG",2026,"20260921",22,2026-05-25,4,4,4,17,1,TRUE,FALSE,"applied_mean"
"Antigua and Barbuda","ATG",2024,"20260921",20,2024-05-13,123,NA,123,123,NA,FALSE,TRUE,"no_lookup_match"
"Aruba","ABW",2024,"20260921",20,2024-05-13,57,NA,57,123,NA,FALSE,TRUE,"no_lookup_match"
"Aruba","ABW",2025,"20260921",22,2025-05-26,6,NA,6,69,NA,FALSE,TRUE,"no_lookup_match"
"Bahamas","BHS",2024,"20260921",8,2024-02-19,0,NA,0,135,NA,FALSE,TRUE,"no_lookup_match"
"Bahamas","BHS",2026,"20260921",20,2026-05-11,1,NA,1,19,NA,FALSE,TRUE,"no_lookup_match"
"Barbados","BRB",2025,"20260921",22,2025-05-26,84,NA,84,69,NA,FALSE,TRUE,"no_lookup_match"
"Barbados","BRB",2026,"20260921",22,2026-05-25,48,39,39,17,0.815033849914679,TRUE,FALSE,"applied_mean"
"Barbados","BRB",2024,"20260921",22,2024-05-27,1039,NA,1039,121,NA,FALSE,TRUE,"no_lookup_match"
"Bermuda","BMU",2024,"20260921",22,2024-05-27,0,NA,0,121,NA,FALSE,TRUE,"no_lookup_match"
"Bermuda","BMU",2025,"20260921",22,2025-05-26,0,NA,0,69,NA,FALSE,TRUE,"no_lookup_match"
"Bermuda","BMU",2026,"20260921",22,2026-05-25,1,NA,1,17,NA,FALSE,TRUE,"no_lookup_match"
"Bonaire, Saint Eustatius and Saba","BES",2024,"20260921",12,2024-03-18,207,NA,207,131,NA,FALSE,TRUE,"no_lookup_match"
"Cayman Islands","CYM",2024,"20260921",22,2024-05-27,3,NA,3,121,NA,FALSE,TRUE,"no_lookup_match"
"Cayman Islands","CYM",2025,"20260921",22,2025-05-26,0,NA,0,69,NA,FALSE,TRUE,"no_lookup_match"
"Cayman Islands","CYM",2026,"20260921",22,2026-05-25,0,0,0,17,1,TRUE,FALSE,"applied_mean"
"Curaçao","CUW",2024,"20260921",12,2024-03-18,262,NA,262,131,NA,FALSE,TRUE,"no_lookup_match"
"French Guiana","GUF",2024,"20260921",22,2024-05-27,14660,NA,14660,121,NA,FALSE,TRUE,"no_lookup_match"
"French Guiana","GUF",2025,"20260921",22,2025-05-26,208,NA,208,69,NA,FALSE,TRUE,"no_lookup_match"
"French Guiana","GUF",2026,"20260921",22,2026-05-25,11,11,11,17,1,TRUE,FALSE,"applied_mean"
"Grenada","GRD",2024,"20260921",22,2024-05-27,164,NA,164,121,NA,FALSE,TRUE,"no_lookup_match"
"Grenada","GRD",2025,"20260921",22,2025-05-26,79,NA,79,69,NA,FALSE,TRUE,"no_lookup_match"
"Grenada","GRD",2026,"20260921",22,2026-05-25,80,80,80,17,1,TRUE,FALSE,"applied_mean"
"Guadeloupe","GLP",2026,"20260921",20,2026-05-11,383,383,383,19,1,TRUE,FALSE,"applied_mean"
"Guadeloupe","GLP",2024,"20260921",22,2024-05-27,3685,NA,3685,121,NA,FALSE,TRUE,"no_lookup_match"
"Guadeloupe","GLP",2025,"20260921",22,2025-05-26,4370,NA,4370,69,NA,FALSE,TRUE,"no_lookup_match"
"Guyana","GUY",2024,"20260921",22,2024-05-27,20070,NA,20070,121,NA,FALSE,TRUE,"no_lookup_match"
"Guyana","GUY",2025,"20260921",22,2025-05-26,28166,NA,28166,69,NA,FALSE,TRUE,"no_lookup_match"
"Guyana","GUY",2026,"20260921",22,2026-05-25,35768,38647,38647,17,1.08048170134352,TRUE,FALSE,"applied_mean"
"Jamaica","JAM",2025,"20260921",21,2025-05-19,195,NA,195,70,NA,FALSE,TRUE,"no_lookup_match"
"Jamaica","JAM",2026,"20260921",22,2026-05-25,114,114,114,17,1,TRUE,FALSE,"applied_mean"
"Jamaica","JAM",2024,"20260921",22,2024-05-27,1342,NA,1342,121,NA,FALSE,TRUE,"no_lookup_match"
"Martinique","MTQ",2025,"20260921",22,2025-05-26,905,NA,905,69,NA,FALSE,TRUE,"no_lookup_match"
"Martinique","MTQ",2024,"20260921",22,2024-05-27,5625,NA,5625,121,NA,FALSE,TRUE,"no_lookup_match"
"Martinique","MTQ",2026,"20260921",20,2026-05-11,1354,1354,1354,19,1,TRUE,FALSE,"applied_mean"
"Montserrat","MSR",2024,"20260921",22,2024-05-27,1,NA,1,121,NA,FALSE,TRUE,"no_lookup_match"
"Montserrat","MSR",2025,"20260921",22,2025-05-26,1,NA,1,69,NA,FALSE,TRUE,"no_lookup_match"
"Montserrat","MSR",2026,"20260921",22,2026-05-25,0,0,0,17,1,TRUE,FALSE,"applied_mean"
"Saint Barthelemy","BLM",2025,"20260921",22,2025-05-26,20,NA,20,69,NA,FALSE,TRUE,"no_lookup_match"
"Saint Barthelemy","BLM",2026,"20260921",20,2026-05-11,0,0,0,19,1,TRUE,FALSE,"applied_mean"
"Saint Barthelemy","BLM",2024,"20260921",22,2024-05-27,135,NA,135,121,NA,FALSE,TRUE,"no_lookup_match"
"Saint Kitts and Nevis","KNA",2024,"20260921",22,2024-05-27,175,NA,175,121,NA,FALSE,TRUE,"no_lookup_match"
"Saint Kitts and Nevis","KNA",2025,"20260921",22,2025-05-26,4,NA,4,69,NA,FALSE,TRUE,"no_lookup_match"
"Saint Kitts and Nevis","KNA",2026,"20260921",13,2026-03-23,13,13,13,26,1.0137990750553,TRUE,FALSE,"applied_mean"
"Saint Lucia","LCA",2025,"20260921",22,2025-05-26,31,NA,31,69,NA,FALSE,TRUE,"no_lookup_match"
"Saint Lucia","LCA",2026,"20260921",22,2026-05-25,4,4,4,17,1,TRUE,FALSE,"applied_mean"
"Saint Lucia","LCA",2024,"20260921",22,2024-05-27,7,NA,7,121,NA,FALSE,TRUE,"no_lookup_match"
"Saint Martin",NA,2025,"20260921",22,2025-05-26,154,NA,154,69,NA,FALSE,TRUE,"no_lookup_match"
"Saint Martin",NA,2026,"20260921",20,2026-05-11,7,NA,7,19,NA,FALSE,TRUE,"no_lookup_match"
"Saint Martin",NA,2024,"20260921",22,2024-05-27,515,NA,515,121,NA,FALSE,TRUE,"no_lookup_match"
"Saint Vincent and the Grenadines","VCT",2025,"20260921",22,2025-05-26,3,NA,3,69,NA,FALSE,TRUE,"no_lookup_match"
"Saint Vincent and the Grenadines","VCT",2026,"20260921",22,2026-05-25,3,3,3,17,1,TRUE,FALSE,"applied_mean"
"Saint Vincent and the Grenadines","VCT",2024,"20260921",20,2024-05-13,11,NA,11,123,NA,FALSE,TRUE,"no_lookup_match"
"Sint Maarten","SXM",2024,"20260921",12,2024-03-18,115,NA,115,131,NA,FALSE,TRUE,"no_lookup_match"
"Sint Maarten","SXM",2025,"20260921",22,2025-05-26,6,NA,6,69,NA,FALSE,TRUE,"no_lookup_match"
"Suriname","SUR",2025,"20260921",22,2025-05-26,828,NA,828,69,NA,FALSE,TRUE,"no_lookup_match"
"Suriname","SUR",2024,"20260921",20,2024-05-13,95,NA,95,123,NA,FALSE,TRUE,"no_lookup_match"
"Suriname","SUR",2026,"20260921",19,2026-05-04,418,418,418,20,1,TRUE,FALSE,"applied_mean"
"Trinidad and Tobago","TTO",2025,"20260921",22,2025-05-26,9,NA,9,69,NA,FALSE,TRUE,"no_lookup_match"
"Trinidad and Tobago","TTO",2026,"20260921",22,2026-05-25,43,NA,43,17,NA,FALSE,TRUE,"no_lookup_match"
"Trinidad and Tobago","TTO",2024,"20260921",21,2024-05-20,224,NA,224,122,NA,FALSE,TRUE,"no_lookup_match"
"Turks and Caicos Islands","TCA",2025,"20260921",22,2025-05-26,1,NA,1,69,NA,FALSE,TRUE,"no_lookup_match"
"Turks and Caicos Islands","TCA",2026,"20260921",12,2026-03-16,8,8,8,27,1,TRUE,FALSE,"applied_mean"
"Turks and Caicos Islands","TCA",2024,"20260921",22,2024-05-27,102,NA,102,121,NA,FALSE,TRUE,"no_lookup_match"
"Virgin Islands (UK)","VGB",2024,"20260921",16,2024-04-15,5,NA,5,127,NA,FALSE,TRUE,"no_lookup_match"
"Virgin Islands (UK)","VGB",2025,"20260921",22,2025-05-26,26,NA,26,69,NA,FALSE,TRUE,"no_lookup_match"
"Virgin Islands (UK)","VGB",2026,"20260921",22,2026-05-25,15,NA,15,17,NA,FALSE,TRUE,"no_lookup_match"
"Virgin Islands (US)","VIR",2024,"20260921",22,2024-05-27,6,NA,6,121,NA,FALSE,TRUE,"no_lookup_match"
"Virgin Islands (US)","VIR",2025,"20260921",22,2025-05-26,45,NA,45,69,NA,FALSE,TRUE,"no_lookup_match"
"Virgin Islands (US)","VIR",2026,"20260921",22,2026-05-25,0,NA,0,17,NA,FALSE,TRUE,"no_lookup_match"
"Canada","CAN",2024,"20260921",23,2024-06-03,0,NA,0,120,NA,FALSE,TRUE,"no_lookup_match"
"Canada","CAN",2025,"20260921",23,2025-06-02,0,NA,0,68,NA,FALSE,TRUE,"no_lookup_match"
"Canada","CAN",2026,"20260921",23,2026-06-01,0,NA,0,16,NA,FALSE,TRUE,"no_lookup_match"
"United States of America","USA",2024,"20260921",23,2024-06-03,725,NA,725,120,NA,FALSE,TRUE,"no_lookup_match"
"United States of America","USA",2025,"20260921",23,2025-06-02,339,NA,339,68,NA,FALSE,TRUE,"no_lookup_match"
"United States of America","USA",2026,"20260921",23,2026-06-01,136,NA,136,16,NA,FALSE,TRUE,"no_lookup_match"
"Belize","BLZ",2024,"20260921",23,2024-06-03,322,NA,322,120,NA,FALSE,TRUE,"country_excluded"
"Belize","BLZ",2025,"20260921",23,2025-06-02,365,NA,365,68,NA,FALSE,TRUE,"country_excluded"
"Belize","BLZ",2026,"20260921",15,2026-04-06,317,NA,317,24,NA,FALSE,TRUE,"country_excluded"
"Costa Rica","CRI",2024,"20260921",23,2024-06-03,9261,NA,9261,120,NA,FALSE,TRUE,"no_lookup_match"
"Costa Rica","CRI",2025,"20260921",23,2025-06-02,1481,NA,1481,68,NA,FALSE,TRUE,"no_lookup_match"
"Costa Rica","CRI",2026,"20260921",23,2026-06-01,1074,1055,1055,16,0.981891830396902,TRUE,FALSE,"applied_mean"
"El Salvador","SLV",2025,"20260921",23,2025-06-02,2137,NA,2137,68,NA,FALSE,TRUE,"no_lookup_match"
"El Salvador","SLV",2024,"20260921",23,2024-06-03,2860,NA,2860,120,NA,FALSE,TRUE,"no_lookup_match"
"El Salvador","SLV",2026,"20260921",23,2026-06-01,2208,2208,2208,16,1,TRUE,FALSE,"applied_mean"
"Guatemala","GTM",2025,"20260921",23,2025-06-02,23438,NA,23438,68,NA,FALSE,TRUE,"no_lookup_match"
"Guatemala","GTM",2026,"20260921",23,2026-06-01,14968,20046,20046,16,1.33925789338906,TRUE,FALSE,"applied_mean"
"Guatemala","GTM",2024,"20260921",23,2024-06-03,41265,NA,41265,120,NA,FALSE,TRUE,"no_lookup_match"
"Honduras","HND",2024,"20260921",23,2024-06-03,34757,NA,34757,120,NA,FALSE,TRUE,"no_lookup_match"
"Honduras","HND",2025,"20260921",23,2025-06-02,8358,NA,8358,68,NA,FALSE,TRUE,"no_lookup_match"
"Honduras","HND",2026,"20260921",23,2026-06-01,4239,4239,4239,16,1,TRUE,FALSE,"applied_mean"
"Mexico","MEX",2024,"20260921",23,2024-06-03,87720,NA,87720,120,NA,FALSE,TRUE,"no_lookup_match"
"Mexico","MEX",2025,"20260921",23,2025-06-02,45360,NA,45360,68,NA,FALSE,TRUE,"no_lookup_match"
"Mexico","MEX",2026,"20260921",23,2026-06-01,27104,27072,27072,16,0.998822666369846,TRUE,FALSE,"applied_mean"
"Nicaragua","NIC",2025,"20260921",4,2025-01-20,5702,NA,5702,87,NA,FALSE,TRUE,"no_lookup_match"
"Nicaragua","NIC",2024,"20260921",23,2024-06-03,31459,NA,31459,120,NA,FALSE,TRUE,"no_lookup_match"
"Panama","PAN",2024,"20260921",23,2024-06-03,7221,NA,7221,120,NA,FALSE,TRUE,"no_lookup_match"
"Panama","PAN",2025,"20260921",23,2025-06-02,7022,NA,7022,68,NA,FALSE,TRUE,"no_lookup_match"
"Panama","PAN",2026,"20260921",23,2026-06-01,4105,3928,3928,16,0.956861186593358,TRUE,FALSE,"applied_mean"
"Bolivia","BOL",2024,"20260921",23,2024-06-03,46107,NA,46107,120,NA,FALSE,TRUE,"no_lookup_match"
"Bolivia","BOL",2025,"20260921",23,2025-06-02,25011,NA,25011,68,NA,FALSE,TRUE,"no_lookup_match"
"Bolivia","BOL",2026,"20260921",23,2026-06-01,56875,64316,64316,16,1.13083938519325,TRUE,FALSE,"applied_mean"
"Colombia","COL",2025,"20260921",23,2025-06-02,78405,NA,78405,68,NA,FALSE,TRUE,"no_lookup_match"
"Colombia","COL",2024,"20260921",23,2024-06-03,175962,NA,175962,120,NA,FALSE,TRUE,"no_lookup_match"
"Colombia","COL",2026,"20260921",23,2026-06-01,50625,50625,50625,16,1,TRUE,FALSE,"applied_mean"
"Ecuador","ECU",2024,"20260921",23,2024-06-03,36837,NA,36837,120,NA,FALSE,TRUE,"no_lookup_match"
"Ecuador","ECU",2025,"20260921",23,2025-06-02,25889,NA,25889,68,NA,FALSE,TRUE,"no_lookup_match"
"Ecuador","ECU",2026,"20260921",23,2026-06-01,17648,17661,17661,16,1.00074186855511,TRUE,FALSE,"applied_mean"
"Peru","PER",2024,"20260921",23,2024-06-03,249925,NA,249925,120,NA,FALSE,TRUE,"no_lookup_match"
"Peru","PER",2025,"20260921",23,2025-06-02,28175,NA,28175,68,NA,FALSE,TRUE,"no_lookup_match"
"Peru","PER",2026,"20260921",23,2026-06-01,25612,25781,25781,16,1.00659299721167,TRUE,FALSE,"applied_mean"
"Venezuela","VEN",2024,"20260921",23,2024-06-03,16100,NA,16100,120,NA,FALSE,TRUE,"no_lookup_match"
"Venezuela","VEN",2025,"20260921",23,2025-06-02,21954,NA,21954,68,NA,FALSE,TRUE,"no_lookup_match"
"Venezuela","VEN",2026,"20260921",23,2026-06-01,7476,NA,7476,16,NA,FALSE,TRUE,"no_lookup_match"
"Argentina","ARG",2024,"20260921",23,2024-06-03,580586,NA,580586,120,NA,FALSE,TRUE,"no_lookup_match"
"Argentina","ARG",2025,"20260921",23,2025-06-02,17568,NA,17568,68,NA,FALSE,TRUE,"no_lookup_match"
"Argentina","ARG",2026,"20260921",23,2026-06-01,56,82,82,16,1.46893413451354,TRUE,FALSE,"applied_mean"
"Brazil","BRA",2024,"20260921",23,2024-06-03,9065533,NA,9065533,120,NA,FALSE,TRUE,"no_lookup_match"
"Brazil","BRA",2025,"20260921",23,2025-06-02,3050370,NA,3050370,68,NA,FALSE,TRUE,"no_lookup_match"
"Brazil","BRA",2026,"20260921",23,2026-06-01,1033138,1048304,1048304,16,1.01467991542554,TRUE,FALSE,"applied_mean"
"Chile","CHL",2025,"20260921",23,2025-06-02,0,NA,0,68,NA,FALSE,TRUE,"no_lookup_match"
"Chile","CHL",2024,"20260921",23,2024-06-03,156,NA,156,120,NA,FALSE,TRUE,"no_lookup_match"
"Chile","CHL",2026,"20260921",23,2026-06-01,27,31,31,16,1.16435064935065,TRUE,FALSE,"applied_mean"
"Paraguay","PRY",2024,"20260921",23,2024-06-03,276842,NA,276842,120,NA,FALSE,TRUE,"no_lookup_match"
"Paraguay","PRY",2025,"20260921",23,2025-06-02,20635,NA,20635,68,NA,FALSE,TRUE,"no_lookup_match"
"Paraguay","PRY",2026,"20260921",23,2026-06-01,8509,8396,8396,16,0.98666518307744,TRUE,FALSE,"applied_mean"
"Uruguay","URY",2025,"20260921",23,2025-06-02,6,NA,6,68,NA,FALSE,TRUE,"no_lookup_match"
"Uruguay","URY",2026,"20260921",23,2026-06-01,0,0,0,16,3.18604651162791,TRUE,FALSE,"applied_median"
"Uruguay","URY",2024,"20260921",23,2024-06-03,1123,NA,1123,120,NA,FALSE,TRUE,"no_lookup_match"
"Cuba","CUB",2026,"20260921",23,2026-06-01,1532,NA,1532,16,NA,FALSE,TRUE,"no_lookup_match"
"Dominican Republic","DOM",2024,"20260921",23,2024-06-03,7790,NA,7790,120,NA,FALSE,TRUE,"no_lookup_match"
"Dominican Republic","DOM",2025,"20260921",23,2025-06-02,947,NA,947,68,NA,FALSE,TRUE,"no_lookup_match"
"Dominican Republic","DOM",2026,"20260921",23,2026-06-01,580,580,580,16,1,TRUE,FALSE,"applied_mean"
"Puerto Rico","PRI",2024,"20260921",23,2024-06-03,1551,NA,1551,120,NA,FALSE,TRUE,"no_lookup_match"
"Puerto Rico","PRI",2025,"20260921",23,2025-06-02,1817,NA,1817,68,NA,FALSE,TRUE,"no_lookup_match"
"Puerto Rico","PRI",2026,"20260921",23,2026-06-01,769,768,768,16,0.998743572258084,TRUE,FALSE,"applied_mean"
"Anguilla","AIA",2025,"20260921",23,2025-06-02,1,NA,1,68,NA,FALSE,TRUE,"no_lookup_match"
"Anguilla","AIA",2026,"20260921",23,2026-06-01,0,NA,0,16,NA,FALSE,TRUE,"no_lookup_match"
"Antigua and Barbuda","ATG",2025,"20260921",23,2025-06-02,5,NA,5,68,NA,FALSE,TRUE,"no_lookup_match"
"Antigua and Barbuda","ATG",2026,"20260921",23,2026-06-01,4,4,4,16,1,TRUE,FALSE,"applied_mean"
"Antigua and Barbuda","ATG",2024,"20260921",20,2024-05-13,123,NA,123,123,NA,FALSE,TRUE,"no_lookup_match"
"Aruba","ABW",2024,"20260921",20,2024-05-13,57,NA,57,123,NA,FALSE,TRUE,"no_lookup_match"
"Aruba","ABW",2025,"20260921",23,2025-06-02,6,NA,6,68,NA,FALSE,TRUE,"no_lookup_match"
"Bahamas","BHS",2024,"20260921",8,2024-02-19,0,NA,0,135,NA,FALSE,TRUE,"no_lookup_match"
"Bahamas","BHS",2026,"20260921",20,2026-05-11,1,NA,1,19,NA,FALSE,TRUE,"no_lookup_match"
"Barbados","BRB",2025,"20260921",23,2025-06-02,87,NA,87,68,NA,FALSE,TRUE,"no_lookup_match"
"Barbados","BRB",2026,"20260921",23,2026-06-01,54,44,44,16,0.814835030333771,TRUE,FALSE,"applied_mean"
"Barbados","BRB",2024,"20260921",23,2024-06-03,1040,NA,1040,120,NA,FALSE,TRUE,"no_lookup_match"
"Bermuda","BMU",2024,"20260921",23,2024-06-03,0,NA,0,120,NA,FALSE,TRUE,"no_lookup_match"
"Bermuda","BMU",2025,"20260921",23,2025-06-02,0,NA,0,68,NA,FALSE,TRUE,"no_lookup_match"
"Bermuda","BMU",2026,"20260921",23,2026-06-01,1,NA,1,16,NA,FALSE,TRUE,"no_lookup_match"
"Bonaire, Saint Eustatius and Saba","BES",2024,"20260921",12,2024-03-18,207,NA,207,131,NA,FALSE,TRUE,"no_lookup_match"
"Cayman Islands","CYM",2024,"20260921",23,2024-06-03,3,NA,3,120,NA,FALSE,TRUE,"no_lookup_match"
"Cayman Islands","CYM",2025,"20260921",23,2025-06-02,0,NA,0,68,NA,FALSE,TRUE,"no_lookup_match"
"Cayman Islands","CYM",2026,"20260921",23,2026-06-01,0,0,0,16,1,TRUE,FALSE,"applied_mean"
"Curaçao","CUW",2024,"20260921",12,2024-03-18,262,NA,262,131,NA,FALSE,TRUE,"no_lookup_match"
"French Guiana","GUF",2024,"20260921",23,2024-06-03,14916,NA,14916,120,NA,FALSE,TRUE,"no_lookup_match"
"French Guiana","GUF",2025,"20260921",23,2025-06-02,208,NA,208,68,NA,FALSE,TRUE,"no_lookup_match"
"French Guiana","GUF",2026,"20260921",23,2026-06-01,11,11,11,16,1,TRUE,FALSE,"applied_mean"
"Grenada","GRD",2024,"20260921",23,2024-06-03,173,NA,173,120,NA,FALSE,TRUE,"no_lookup_match"
"Grenada","GRD",2025,"20260921",23,2025-06-02,82,NA,82,68,NA,FALSE,TRUE,"no_lookup_match"
"Grenada","GRD",2026,"20260921",23,2026-06-01,82,82,82,16,1,TRUE,FALSE,"applied_mean"
"Guadeloupe","GLP",2026,"20260921",20,2026-05-11,383,383,383,19,1,TRUE,FALSE,"applied_mean"
"Guadeloupe","GLP",2024,"20260921",23,2024-06-03,3745,NA,3745,120,NA,FALSE,TRUE,"no_lookup_match"
"Guadeloupe","GLP",2025,"20260921",23,2025-06-02,4475,NA,4475,68,NA,FALSE,TRUE,"no_lookup_match"
"Guyana","GUY",2025,"20260921",23,2025-06-02,30746,NA,30746,68,NA,FALSE,TRUE,"no_lookup_match"
"Guyana","GUY",2026,"20260921",23,2026-06-01,35768,38967,38967,16,1.08942803963056,TRUE,FALSE,"applied_mean"
"Guyana","GUY",2024,"20260921",23,2024-06-03,21444,NA,21444,120,NA,FALSE,TRUE,"no_lookup_match"
"Jamaica","JAM",2025,"20260921",21,2025-05-19,195,NA,195,70,NA,FALSE,TRUE,"no_lookup_match"
"Jamaica","JAM",2026,"20260921",23,2026-06-01,125,125,125,16,1,TRUE,FALSE,"applied_mean"
"Jamaica","JAM",2024,"20260921",23,2024-06-03,1352,NA,1352,120,NA,FALSE,TRUE,"no_lookup_match"
"Martinique","MTQ",2025,"20260921",23,2025-06-02,935,NA,935,68,NA,FALSE,TRUE,"no_lookup_match"
"Martinique","MTQ",2024,"20260921",23,2024-06-03,5665,NA,5665,120,NA,FALSE,TRUE,"no_lookup_match"
"Martinique","MTQ",2026,"20260921",20,2026-05-11,1354,1354,1354,19,1,TRUE,FALSE,"applied_mean"
"Montserrat","MSR",2024,"20260921",23,2024-06-03,1,NA,1,120,NA,FALSE,TRUE,"no_lookup_match"
"Montserrat","MSR",2025,"20260921",23,2025-06-02,1,NA,1,68,NA,FALSE,TRUE,"no_lookup_match"
"Montserrat","MSR",2026,"20260921",23,2026-06-01,0,0,0,16,1,TRUE,FALSE,"applied_mean"
"Saint Barthelemy","BLM",2025,"20260921",23,2025-06-02,20,NA,20,68,NA,FALSE,TRUE,"no_lookup_match"
"Saint Barthelemy","BLM",2026,"20260921",20,2026-05-11,0,0,0,19,1,TRUE,FALSE,"applied_mean"
"Saint Barthelemy","BLM",2024,"20260921",23,2024-06-03,138,NA,138,120,NA,FALSE,TRUE,"no_lookup_match"
"Saint Kitts and Nevis","KNA",2024,"20260921",23,2024-06-03,180,NA,180,120,NA,FALSE,TRUE,"no_lookup_match"
"Saint Kitts and Nevis","KNA",2025,"20260921",23,2025-06-02,4,NA,4,68,NA,FALSE,TRUE,"no_lookup_match"
"Saint Kitts and Nevis","KNA",2026,"20260921",13,2026-03-23,13,13,13,26,1.0137990750553,TRUE,FALSE,"applied_mean"
"Saint Lucia","LCA",2025,"20260921",23,2025-06-02,31,NA,31,68,NA,FALSE,TRUE,"no_lookup_match"
"Saint Lucia","LCA",2026,"20260921",23,2026-06-01,5,5,5,16,1,TRUE,FALSE,"applied_mean"
"Saint Lucia","LCA",2024,"20260921",23,2024-06-03,10,NA,10,120,NA,FALSE,TRUE,"no_lookup_match"
"Saint Martin",NA,2025,"20260921",23,2025-06-02,164,NA,164,68,NA,FALSE,TRUE,"no_lookup_match"
"Saint Martin",NA,2026,"20260921",20,2026-05-11,7,NA,7,19,NA,FALSE,TRUE,"no_lookup_match"
"Saint Martin",NA,2024,"20260921",23,2024-06-03,525,NA,525,120,NA,FALSE,TRUE,"no_lookup_match"
"Saint Vincent and the Grenadines","VCT",2025,"20260921",23,2025-06-02,4,NA,4,68,NA,FALSE,TRUE,"no_lookup_match"
"Saint Vincent and the Grenadines","VCT",2026,"20260921",23,2026-06-01,3,3,3,16,1,TRUE,FALSE,"applied_mean"
"Saint Vincent and the Grenadines","VCT",2024,"20260921",20,2024-05-13,11,NA,11,123,NA,FALSE,TRUE,"no_lookup_match"
"Sint Maarten","SXM",2024,"20260921",12,2024-03-18,115,NA,115,131,NA,FALSE,TRUE,"no_lookup_match"
"Sint Maarten","SXM",2025,"20260921",23,2025-06-02,6,NA,6,68,NA,FALSE,TRUE,"no_lookup_match"
"Suriname","SUR",2025,"20260921",23,2025-06-02,855,NA,855,68,NA,FALSE,TRUE,"no_lookup_match"
"Suriname","SUR",2024,"20260921",20,2024-05-13,95,NA,95,123,NA,FALSE,TRUE,"no_lookup_match"
"Suriname","SUR",2026,"20260921",19,2026-05-04,418,418,418,20,1,TRUE,FALSE,"applied_mean"
"Trinidad and Tobago","TTO",2025,"20260921",23,2025-06-02,14,NA,14,68,NA,FALSE,TRUE,"no_lookup_match"
"Trinidad and Tobago","TTO",2026,"20260921",23,2026-06-01,43,NA,43,16,NA,FALSE,TRUE,"no_lookup_match"
"Trinidad and Tobago","TTO",2024,"20260921",21,2024-05-20,224,NA,224,122,NA,FALSE,TRUE,"no_lookup_match"
"Turks and Caicos Islands","TCA",2025,"20260921",23,2025-06-02,1,NA,1,68,NA,FALSE,TRUE,"no_lookup_match"
"Turks and Caicos Islands","TCA",2026,"20260921",12,2026-03-16,8,8,8,27,1,TRUE,FALSE,"applied_mean"
"Turks and Caicos Islands","TCA",2024,"20260921",23,2024-06-03,102,NA,102,120,NA,FALSE,TRUE,"no_lookup_match"
"Virgin Islands (UK)","VGB",2024,"20260921",16,2024-04-15,5,NA,5,127,NA,FALSE,TRUE,"no_lookup_match"
"Virgin Islands (UK)","VGB",2025,"20260921",23,2025-06-02,26,NA,26,68,NA,FALSE,TRUE,"no_lookup_match"
"Virgin Islands (UK)","VGB",2026,"20260921",23,2026-06-01,15,NA,15,16,NA,FALSE,TRUE,"no_lookup_match"
"Virgin Islands (US)","VIR",2024,"20260921",23,2024-06-03,6,NA,6,120,NA,FALSE,TRUE,"no_lookup_match"
"Virgin Islands (US)","VIR",2025,"20260921",23,2025-06-02,47,NA,47,68,NA,FALSE,TRUE,"no_lookup_match"
"Virgin Islands (US)","VIR",2026,"20260921",23,2026-06-01,0,NA,0,16,NA,FALSE,TRUE,"no_lookup_match"
"Canada","CAN",2024,"20260921",24,2024-06-10,0,NA,0,119,NA,FALSE,TRUE,"no_lookup_match"
"Canada","CAN",2025,"20260921",24,2025-06-09,0,NA,0,67,NA,FALSE,TRUE,"no_lookup_match"
"Canada","CAN",2026,"20260921",24,2026-06-08,0,NA,0,15,NA,FALSE,TRUE,"no_lookup_match"
"United States of America","USA",2024,"20260921",24,2024-06-10,758,NA,758,119,NA,FALSE,TRUE,"no_lookup_match"
"United States of America","USA",2025,"20260921",24,2025-06-09,359,NA,359,67,NA,FALSE,TRUE,"no_lookup_match"
"United States of America","USA",2026,"20260921",24,2026-06-08,138,NA,138,15,NA,FALSE,TRUE,"no_lookup_match"
"Belize","BLZ",2024,"20260921",24,2024-06-10,345,NA,345,119,NA,FALSE,TRUE,"country_excluded"
"Belize","BLZ",2025,"20260921",24,2025-06-09,387,NA,387,67,NA,FALSE,TRUE,"country_excluded"
"Belize","BLZ",2026,"20260921",15,2026-04-06,317,NA,317,24,NA,FALSE,TRUE,"country_excluded"
"Costa Rica","CRI",2024,"20260921",24,2024-06-10,9909,NA,9909,119,NA,FALSE,TRUE,"no_lookup_match"
"Costa Rica","CRI",2025,"20260921",24,2025-06-09,1540,NA,1540,67,NA,FALSE,TRUE,"no_lookup_match"
"Costa Rica","CRI",2026,"20260921",24,2026-06-08,1202,1177,1177,15,0.979423053047149,TRUE,FALSE,"applied_mean"
"El Salvador","SLV",2024,"20260921",24,2024-06-10,3045,NA,3045,119,NA,FALSE,TRUE,"no_lookup_match"
"El Salvador","SLV",2025,"20260921",24,2025-06-09,2251,NA,2251,67,NA,FALSE,TRUE,"no_lookup_match"
"El Salvador","SLV",2026,"20260921",24,2026-06-08,2277,2277,2277,15,1,TRUE,FALSE,"applied_mean"
"Guatemala","GTM",2025,"20260921",24,2025-06-09,24750,NA,24750,67,NA,FALSE,TRUE,"no_lookup_match"
"Guatemala","GTM",2026,"20260921",24,2026-06-08,15262,20361,20361,15,1.33413001188477,TRUE,FALSE,"applied_mean"
"Guatemala","GTM",2024,"20260921",24,2024-06-10,46711,NA,46711,119,NA,FALSE,TRUE,"no_lookup_match"
"Honduras","HND",2024,"20260921",24,2024-06-10,41800,NA,41800,119,NA,FALSE,TRUE,"no_lookup_match"
"Honduras","HND",2025,"20260921",24,2025-06-09,8743,NA,8743,67,NA,FALSE,TRUE,"no_lookup_match"
"Honduras","HND",2026,"20260921",24,2026-06-08,4535,4535,4535,15,1,TRUE,FALSE,"applied_mean"
"Mexico","MEX",2024,"20260921",24,2024-06-10,95402,NA,95402,119,NA,FALSE,TRUE,"no_lookup_match"
"Mexico","MEX",2025,"20260921",24,2025-06-09,47828,NA,47828,67,NA,FALSE,TRUE,"no_lookup_match"
"Mexico","MEX",2026,"20260921",24,2026-06-08,28945,28912,28912,15,0.998850438463655,TRUE,FALSE,"applied_mean"
"Nicaragua","NIC",2025,"20260921",4,2025-01-20,5702,NA,5702,87,NA,FALSE,TRUE,"no_lookup_match"
"Nicaragua","NIC",2024,"20260921",24,2024-06-10,33290,NA,33290,119,NA,FALSE,TRUE,"no_lookup_match"
"Panama","PAN",2024,"20260921",24,2024-06-10,7720,NA,7720,119,NA,FALSE,TRUE,"no_lookup_match"
"Panama","PAN",2025,"20260921",24,2025-06-09,7326,NA,7326,67,NA,FALSE,TRUE,"no_lookup_match"
"Panama","PAN",2026,"20260921",24,2026-06-08,4411,4217,4217,15,0.956104779368234,TRUE,FALSE,"applied_mean"
"Bolivia","BOL",2024,"20260921",24,2024-06-10,46758,NA,46758,119,NA,FALSE,TRUE,"no_lookup_match"
"Bolivia","BOL",2025,"20260921",24,2025-06-09,26105,NA,26105,67,NA,FALSE,TRUE,"no_lookup_match"
"Bolivia","BOL",2026,"20260921",24,2026-06-08,57136,64665,64665,15,1.13176913814536,TRUE,FALSE,"applied_mean"
"Colombia","COL",2025,"20260921",24,2025-06-09,80916,NA,80916,67,NA,FALSE,TRUE,"no_lookup_match"
"Colombia","COL",2024,"20260921",24,2024-06-10,185751,NA,185751,119,NA,FALSE,TRUE,"no_lookup_match"
"Colombia","COL",2026,"20260921",24,2026-06-08,52518,52518,52518,15,1,TRUE,FALSE,"applied_mean"
"Ecuador","ECU",2024,"20260921",24,2024-06-10,38457,NA,38457,119,NA,FALSE,TRUE,"no_lookup_match"
"Ecuador","ECU",2025,"20260921",24,2025-06-09,26911,NA,26911,67,NA,FALSE,TRUE,"no_lookup_match"
"Ecuador","ECU",2026,"20260921",24,2026-06-08,18791,18804,18804,15,1.00071765327251,TRUE,FALSE,"applied_mean"
"Peru","PER",2024,"20260921",24,2024-06-10,251979,NA,251979,119,NA,FALSE,TRUE,"no_lookup_match"
"Peru","PER",2025,"20260921",24,2025-06-09,28664,NA,28664,67,NA,FALSE,TRUE,"no_lookup_match"
"Peru","PER",2026,"20260921",24,2026-06-08,27426,27590,27590,15,1.00598760245093,TRUE,FALSE,"applied_mean"
"Venezuela","VEN",2024,"20260921",24,2024-06-10,17618,NA,17618,119,NA,FALSE,TRUE,"no_lookup_match"
"Venezuela","VEN",2025,"20260921",24,2025-06-09,23107,NA,23107,67,NA,FALSE,TRUE,"no_lookup_match"
"Venezuela","VEN",2026,"20260921",24,2026-06-08,7773,NA,7773,15,NA,FALSE,TRUE,"no_lookup_match"
"Argentina","ARG",2024,"20260921",24,2024-06-10,580861,NA,580861,119,NA,FALSE,TRUE,"no_lookup_match"
"Argentina","ARG",2025,"20260921",24,2025-06-09,17589,NA,17589,67,NA,FALSE,TRUE,"no_lookup_match"
"Argentina","ARG",2026,"20260921",24,2026-06-08,56,81,81,15,1.43809487326609,TRUE,FALSE,"applied_mean"
"Brazil","BRA",2024,"20260921",24,2024-06-10,9210956,NA,9210956,119,NA,FALSE,TRUE,"no_lookup_match"
"Brazil","BRA",2025,"20260921",24,2025-06-09,3098402,NA,3098402,67,NA,FALSE,TRUE,"no_lookup_match"
"Brazil","BRA",2026,"20260921",24,2026-06-08,1062504,1082144,1082144,15,1.01848473468585,TRUE,FALSE,"applied_mean"
"Chile","CHL",2025,"20260921",24,2025-06-09,0,NA,0,67,NA,FALSE,TRUE,"no_lookup_match"
"Chile","CHL",2024,"20260921",24,2024-06-10,156,NA,156,119,NA,FALSE,TRUE,"no_lookup_match"
"Chile","CHL",2026,"20260921",24,2026-06-08,27,32,32,15,1.1799849257885,TRUE,FALSE,"applied_mean"
"Paraguay","PRY",2024,"20260921",24,2024-06-10,278677,NA,278677,119,NA,FALSE,TRUE,"no_lookup_match"
"Paraguay","PRY",2025,"20260921",24,2025-06-09,21109,NA,21109,67,NA,FALSE,TRUE,"no_lookup_match"
"Paraguay","PRY",2026,"20260921",24,2026-06-08,8609,8494,8494,15,0.986697718511068,TRUE,FALSE,"applied_mean"
"Uruguay","URY",2025,"20260921",24,2025-06-09,6,NA,6,67,NA,FALSE,TRUE,"no_lookup_match"
"Uruguay","URY",2026,"20260921",24,2026-06-08,0,0,0,15,2.54444444444444,TRUE,FALSE,"applied_median"
"Uruguay","URY",2024,"20260921",24,2024-06-10,1123,NA,1123,119,NA,FALSE,TRUE,"no_lookup_match"
"Cuba","CUB",2026,"20260921",24,2026-06-08,1623,NA,1623,15,NA,FALSE,TRUE,"no_lookup_match"
"Dominican Republic","DOM",2024,"20260921",24,2024-06-10,7968,NA,7968,119,NA,FALSE,TRUE,"no_lookup_match"
"Dominican Republic","DOM",2025,"20260921",24,2025-06-09,986,NA,986,67,NA,FALSE,TRUE,"no_lookup_match"
"Dominican Republic","DOM",2026,"20260921",24,2026-06-08,630,630,630,15,1,TRUE,FALSE,"applied_mean"
"Puerto Rico","PRI",2024,"20260921",24,2024-06-10,1639,NA,1639,119,NA,FALSE,TRUE,"no_lookup_match"
"Puerto Rico","PRI",2025,"20260921",24,2025-06-09,1883,NA,1883,67,NA,FALSE,TRUE,"no_lookup_match"
"Puerto Rico","PRI",2026,"20260921",24,2026-06-08,789,788,788,15,0.998808463509361,TRUE,FALSE,"applied_mean"
"Anguilla","AIA",2025,"20260921",24,2025-06-09,1,NA,1,67,NA,FALSE,TRUE,"no_lookup_match"
"Anguilla","AIA",2026,"20260921",24,2026-06-08,0,NA,0,15,NA,FALSE,TRUE,"no_lookup_match"
"Antigua and Barbuda","ATG",2025,"20260921",24,2025-06-09,6,NA,6,67,NA,FALSE,TRUE,"no_lookup_match"
"Antigua and Barbuda","ATG",2026,"20260921",24,2026-06-08,8,8,8,15,1,TRUE,FALSE,"applied_mean"
"Antigua and Barbuda","ATG",2024,"20260921",20,2024-05-13,123,NA,123,123,NA,FALSE,TRUE,"no_lookup_match"
"Aruba","ABW",2024,"20260921",20,2024-05-13,57,NA,57,123,NA,FALSE,TRUE,"no_lookup_match"
"Aruba","ABW",2025,"20260921",24,2025-06-09,8,NA,8,67,NA,FALSE,TRUE,"no_lookup_match"
"Bahamas","BHS",2024,"20260921",8,2024-02-19,0,NA,0,135,NA,FALSE,TRUE,"no_lookup_match"
"Bahamas","BHS",2026,"20260921",20,2026-05-11,1,NA,1,19,NA,FALSE,TRUE,"no_lookup_match"
"Barbados","BRB",2025,"20260921",24,2025-06-09,91,NA,91,67,NA,FALSE,TRUE,"no_lookup_match"
"Barbados","BRB",2026,"20260921",24,2026-06-08,55,45,45,15,0.813037119473403,TRUE,FALSE,"applied_mean"
"Barbados","BRB",2024,"20260921",24,2024-06-10,1040,NA,1040,119,NA,FALSE,TRUE,"no_lookup_match"
"Bermuda","BMU",2024,"20260921",24,2024-06-10,0,NA,0,119,NA,FALSE,TRUE,"no_lookup_match"
"Bermuda","BMU",2025,"20260921",24,2025-06-09,0,NA,0,67,NA,FALSE,TRUE,"no_lookup_match"
"Bermuda","BMU",2026,"20260921",24,2026-06-08,2,NA,2,15,NA,FALSE,TRUE,"no_lookup_match"
"Bonaire, Saint Eustatius and Saba","BES",2024,"20260921",12,2024-03-18,207,NA,207,131,NA,FALSE,TRUE,"no_lookup_match"
"Cayman Islands","CYM",2024,"20260921",24,2024-06-10,3,NA,3,119,NA,FALSE,TRUE,"no_lookup_match"
"Cayman Islands","CYM",2025,"20260921",24,2025-06-09,0,NA,0,67,NA,FALSE,TRUE,"no_lookup_match"
"Cayman Islands","CYM",2026,"20260921",24,2026-06-08,0,0,0,15,1,TRUE,FALSE,"applied_mean"
"Curaçao","CUW",2024,"20260921",12,2024-03-18,262,NA,262,131,NA,FALSE,TRUE,"no_lookup_match"
"French Guiana","GUF",2024,"20260921",24,2024-06-10,15080,NA,15080,119,NA,FALSE,TRUE,"no_lookup_match"
"French Guiana","GUF",2025,"20260921",24,2025-06-09,224,NA,224,67,NA,FALSE,TRUE,"no_lookup_match"
"French Guiana","GUF",2026,"20260921",24,2026-06-08,11,11,11,15,1,TRUE,FALSE,"applied_mean"
"Grenada","GRD",2024,"20260921",24,2024-06-10,188,NA,188,119,NA,FALSE,TRUE,"no_lookup_match"
"Grenada","GRD",2025,"20260921",24,2025-06-09,85,NA,85,67,NA,FALSE,TRUE,"no_lookup_match"
"Grenada","GRD",2026,"20260921",24,2026-06-08,85,85,85,15,1,TRUE,FALSE,"applied_mean"
"Guadeloupe","GLP",2026,"20260921",20,2026-05-11,383,383,383,19,1,TRUE,FALSE,"applied_mean"
"Guadeloupe","GLP",2024,"20260921",24,2024-06-10,3905,NA,3905,119,NA,FALSE,TRUE,"no_lookup_match"
"Guadeloupe","GLP",2025,"20260921",24,2025-06-09,4580,NA,4580,67,NA,FALSE,TRUE,"no_lookup_match"
"Guyana","GUY",2025,"20260921",24,2025-06-09,33059,NA,33059,67,NA,FALSE,TRUE,"no_lookup_match"
"Guyana","GUY",2026,"20260921",24,2026-06-08,35768,39196,39196,15,1.09584151189067,TRUE,FALSE,"applied_mean"
"Guyana","GUY",2024,"20260921",24,2024-06-10,22970,NA,22970,119,NA,FALSE,TRUE,"no_lookup_match"
"Jamaica","JAM",2025,"20260921",24,2025-06-09,218,NA,218,67,NA,FALSE,TRUE,"no_lookup_match"
"Jamaica","JAM",2026,"20260921",24,2026-06-08,125,125,125,15,1,TRUE,FALSE,"applied_mean"
"Jamaica","JAM",2024,"20260921",24,2024-06-10,1359,NA,1359,119,NA,FALSE,TRUE,"no_lookup_match"
"Martinique","MTQ",2025,"20260921",24,2025-06-09,965,NA,965,67,NA,FALSE,TRUE,"no_lookup_match"
"Martinique","MTQ",2024,"20260921",24,2024-06-10,5690,NA,5690,119,NA,FALSE,TRUE,"no_lookup_match"
"Martinique","MTQ",2026,"20260921",20,2026-05-11,1354,1354,1354,19,1,TRUE,FALSE,"applied_mean"
"Montserrat","MSR",2024,"20260921",24,2024-06-10,2,NA,2,119,NA,FALSE,TRUE,"no_lookup_match"
"Montserrat","MSR",2025,"20260921",24,2025-06-09,1,NA,1,67,NA,FALSE,TRUE,"no_lookup_match"
"Montserrat","MSR",2026,"20260921",24,2026-06-08,0,0,0,15,1,TRUE,FALSE,"applied_mean"
"Saint Barthelemy","BLM",2025,"20260921",24,2025-06-09,20,NA,20,67,NA,FALSE,TRUE,"no_lookup_match"
"Saint Barthelemy","BLM",2026,"20260921",20,2026-05-11,0,0,0,19,1,TRUE,FALSE,"applied_mean"
"Saint Barthelemy","BLM",2024,"20260921",24,2024-06-10,141,NA,141,119,NA,FALSE,TRUE,"no_lookup_match"
"Saint Kitts and Nevis","KNA",2024,"20260921",24,2024-06-10,186,NA,186,119,NA,FALSE,TRUE,"no_lookup_match"
"Saint Kitts and Nevis","KNA",2025,"20260921",24,2025-06-09,4,NA,4,67,NA,FALSE,TRUE,"no_lookup_match"
"Saint Kitts and Nevis","KNA",2026,"20260921",13,2026-03-23,13,13,13,26,1.0137990750553,TRUE,FALSE,"applied_mean"
"Saint Lucia","LCA",2025,"20260921",24,2025-06-09,33,NA,33,67,NA,FALSE,TRUE,"no_lookup_match"
"Saint Lucia","LCA",2026,"20260921",24,2026-06-08,6,6,6,15,1,TRUE,FALSE,"applied_mean"
"Saint Lucia","LCA",2024,"20260921",24,2024-06-10,11,NA,11,119,NA,FALSE,TRUE,"no_lookup_match"
"Saint Martin",NA,2025,"20260921",24,2025-06-09,174,NA,174,67,NA,FALSE,TRUE,"no_lookup_match"
"Saint Martin",NA,2026,"20260921",20,2026-05-11,7,NA,7,19,NA,FALSE,TRUE,"no_lookup_match"
"Saint Martin",NA,2024,"20260921",24,2024-06-10,530,NA,530,119,NA,FALSE,TRUE,"no_lookup_match"
"Saint Vincent and the Grenadines","VCT",2025,"20260921",24,2025-06-09,5,NA,5,67,NA,FALSE,TRUE,"no_lookup_match"
"Saint Vincent and the Grenadines","VCT",2026,"20260921",24,2026-06-08,3,3,3,15,1,TRUE,FALSE,"applied_mean"
"Saint Vincent and the Grenadines","VCT",2024,"20260921",24,2024-06-10,18,NA,18,119,NA,FALSE,TRUE,"no_lookup_match"
"Sint Maarten","SXM",2024,"20260921",12,2024-03-18,115,NA,115,131,NA,FALSE,TRUE,"no_lookup_match"
"Sint Maarten","SXM",2025,"20260921",24,2025-06-09,6,NA,6,67,NA,FALSE,TRUE,"no_lookup_match"
"Suriname","SUR",2025,"20260921",24,2025-06-09,882,NA,882,67,NA,FALSE,TRUE,"no_lookup_match"
"Suriname","SUR",2024,"20260921",20,2024-05-13,95,NA,95,123,NA,FALSE,TRUE,"no_lookup_match"
"Suriname","SUR",2026,"20260921",19,2026-05-04,418,418,418,20,1,TRUE,FALSE,"applied_mean"
"Trinidad and Tobago","TTO",2025,"20260921",24,2025-06-09,20,NA,20,67,NA,FALSE,TRUE,"no_lookup_match"
"Trinidad and Tobago","TTO",2026,"20260921",24,2026-06-08,54,NA,54,15,NA,FALSE,TRUE,"no_lookup_match"
"Trinidad and Tobago","TTO",2024,"20260921",24,2024-06-10,348,NA,348,119,NA,FALSE,TRUE,"no_lookup_match"
"Turks and Caicos Islands","TCA",2025,"20260921",24,2025-06-09,1,NA,1,67,NA,FALSE,TRUE,"no_lookup_match"
"Turks and Caicos Islands","TCA",2026,"20260921",12,2026-03-16,8,8,8,27,1,TRUE,FALSE,"applied_mean"
"Turks and Caicos Islands","TCA",2024,"20260921",24,2024-06-10,102,NA,102,119,NA,FALSE,TRUE,"no_lookup_match"
"Virgin Islands (UK)","VGB",2024,"20260921",24,2024-06-10,9,NA,9,119,NA,FALSE,TRUE,"no_lookup_match"
"Virgin Islands (UK)","VGB",2025,"20260921",24,2025-06-09,27,NA,27,67,NA,FALSE,TRUE,"no_lookup_match"
"Virgin Islands (UK)","VGB",2026,"20260921",24,2026-06-08,15,NA,15,15,NA,FALSE,TRUE,"no_lookup_match"
"Virgin Islands (US)","VIR",2024,"20260921",24,2024-06-10,6,NA,6,119,NA,FALSE,TRUE,"no_lookup_match"
"Virgin Islands (US)","VIR",2025,"20260921",24,2025-06-09,47,NA,47,67,NA,FALSE,TRUE,"no_lookup_match"
"Virgin Islands (US)","VIR",2026,"20260921",24,2026-06-08,0,NA,0,15,NA,FALSE,TRUE,"no_lookup_match"
"Canada","CAN",2024,"20260921",25,2024-06-17,0,NA,0,118,NA,FALSE,TRUE,"no_lookup_match"
"Canada","CAN",2025,"20260921",25,2025-06-16,0,NA,0,66,NA,FALSE,TRUE,"no_lookup_match"
"Canada","CAN",2026,"20260921",25,2026-06-15,0,NA,0,14,NA,FALSE,TRUE,"no_lookup_match"
"United States of America","USA",2024,"20260921",25,2024-06-17,773,NA,773,118,NA,FALSE,TRUE,"no_lookup_match"
"United States of America","USA",2025,"20260921",25,2025-06-16,366,NA,366,66,NA,FALSE,TRUE,"no_lookup_match"
"United States of America","USA",2026,"20260921",25,2026-06-15,150,NA,150,14,NA,FALSE,TRUE,"no_lookup_match"
"Belize","BLZ",2024,"20260921",25,2024-06-17,363,NA,363,118,NA,FALSE,TRUE,"country_excluded"
"Belize","BLZ",2025,"20260921",25,2025-06-16,406,NA,406,66,NA,FALSE,TRUE,"country_excluded"
"Belize","BLZ",2026,"20260921",15,2026-04-06,317,NA,317,24,NA,FALSE,TRUE,"country_excluded"
"Costa Rica","CRI",2024,"20260921",25,2024-06-17,10699,NA,10699,118,NA,FALSE,TRUE,"no_lookup_match"
"Costa Rica","CRI",2025,"20260921",25,2025-06-16,1610,NA,1610,66,NA,FALSE,TRUE,"no_lookup_match"
"Costa Rica","CRI",2026,"20260921",25,2026-06-15,1383,1351,1351,14,0.976656998579012,TRUE,FALSE,"applied_mean"
"El Salvador","SLV",2024,"20260921",25,2024-06-17,3253,NA,3253,118,NA,FALSE,TRUE,"no_lookup_match"
"El Salvador","SLV",2025,"20260921",25,2025-06-16,2371,NA,2371,66,NA,FALSE,TRUE,"no_lookup_match"
"El Salvador","SLV",2026,"20260921",25,2026-06-15,2353,2353,2353,14,1,TRUE,FALSE,"applied_mean"
"Guatemala","GTM",2025,"20260921",25,2025-06-16,25834,NA,25834,66,NA,FALSE,TRUE,"no_lookup_match"
"Guatemala","GTM",2026,"20260921",25,2026-06-15,15544,20685,20685,14,1.33074652842428,TRUE,FALSE,"applied_mean"
"Guatemala","GTM",2024,"20260921",25,2024-06-17,51581,NA,51581,118,NA,FALSE,TRUE,"no_lookup_match"
"Honduras","HND",2024,"20260921",25,2024-06-17,49987,NA,49987,118,NA,FALSE,TRUE,"no_lookup_match"
"Honduras","HND",2025,"20260921",25,2025-06-16,9088,NA,9088,66,NA,FALSE,TRUE,"no_lookup_match"
"Honduras","HND",2026,"20260921",25,2026-06-15,4862,4862,4862,14,1,TRUE,FALSE,"applied_mean"
"Mexico","MEX",2024,"20260921",25,2024-06-17,104419,NA,104419,118,NA,FALSE,TRUE,"no_lookup_match"
"Mexico","MEX",2025,"20260921",25,2025-06-16,50172,NA,50172,66,NA,FALSE,TRUE,"no_lookup_match"
"Mexico","MEX",2026,"20260921",25,2026-06-15,30816,30782,30782,14,0.998889117313821,TRUE,FALSE,"applied_mean"
"Nicaragua","NIC",2025,"20260921",4,2025-01-20,5702,NA,5702,87,NA,FALSE,TRUE,"no_lookup_match"
"Nicaragua","NIC",2024,"20260921",25,2024-06-17,35436,NA,35436,118,NA,FALSE,TRUE,"no_lookup_match"
"Panama","PAN",2024,"20260921",25,2024-06-17,8380,NA,8380,118,NA,FALSE,TRUE,"no_lookup_match"
"Panama","PAN",2025,"20260921",25,2025-06-16,7678,NA,7678,66,NA,FALSE,TRUE,"no_lookup_match"
"Panama","PAN",2026,"20260921",25,2026-06-15,4732,4519,4519,14,0.954891997378436,TRUE,FALSE,"applied_mean"
"Bolivia","BOL",2024,"20260921",25,2024-06-17,47219,NA,47219,118,NA,FALSE,TRUE,"no_lookup_match"
"Bolivia","BOL",2025,"20260921",25,2025-06-16,26967,NA,26967,66,NA,FALSE,TRUE,"no_lookup_match"
"Bolivia","BOL",2026,"20260921",25,2026-06-15,57313,64981,64981,14,1.13379065227522,TRUE,FALSE,"applied_mean"
"Colombia","COL",2025,"20260921",25,2025-06-16,83083,NA,83083,66,NA,FALSE,TRUE,"no_lookup_match"
"Colombia","COL",2024,"20260921",25,2024-06-17,194535,NA,194535,118,NA,FALSE,TRUE,"no_lookup_match"
"Colombia","COL",2026,"20260921",25,2026-06-15,54438,54438,54438,14,1,TRUE,FALSE,"applied_mean"
"Ecuador","ECU",2024,"20260921",25,2024-06-17,39852,NA,39852,118,NA,FALSE,TRUE,"no_lookup_match"
"Ecuador","ECU",2025,"20260921",25,2025-06-16,27953,NA,27953,66,NA,FALSE,TRUE,"no_lookup_match"
"Ecuador","ECU",2026,"20260921",25,2026-06-15,19843,19857,19857,14,1.00069655840267,TRUE,FALSE,"applied_mean"
"Peru","PER",2024,"20260921",25,2024-06-17,253602,NA,253602,118,NA,FALSE,TRUE,"no_lookup_match"
"Peru","PER",2025,"20260921",25,2025-06-16,29161,NA,29161,66,NA,FALSE,TRUE,"no_lookup_match"
"Peru","PER",2026,"20260921",25,2026-06-15,28991,29157,29157,14,1.00574056142319,TRUE,FALSE,"applied_mean"
"Venezuela","VEN",2024,"20260921",25,2024-06-17,19085,NA,19085,118,NA,FALSE,TRUE,"no_lookup_match"
"Venezuela","VEN",2025,"20260921",25,2025-06-16,24198,NA,24198,66,NA,FALSE,TRUE,"no_lookup_match"
"Venezuela","VEN",2026,"20260921",25,2026-06-15,8035,NA,8035,14,NA,FALSE,TRUE,"no_lookup_match"
"Argentina","ARG",2024,"20260921",25,2024-06-17,581041,NA,581041,118,NA,FALSE,TRUE,"no_lookup_match"
"Argentina","ARG",2025,"20260921",25,2025-06-16,17604,NA,17604,66,NA,FALSE,TRUE,"no_lookup_match"
"Argentina","ARG",2026,"20260921",25,2026-06-15,56,78,78,14,1.39336783234308,TRUE,FALSE,"applied_mean"
"Brazil","BRA",2024,"20260921",25,2024-06-17,9331358,NA,9331358,118,NA,FALSE,TRUE,"no_lookup_match"
"Brazil","BRA",2025,"20260921",25,2025-06-16,3135360,NA,3135360,66,NA,FALSE,TRUE,"no_lookup_match"
"Brazil","BRA",2026,"20260921",25,2026-06-15,1086602,1110751,1110751,14,1.02222393027409,TRUE,FALSE,"applied_mean"
"Chile","CHL",2025,"20260921",25,2025-06-16,0,NA,0,66,NA,FALSE,TRUE,"no_lookup_match"
"Chile","CHL",2024,"20260921",25,2024-06-17,156,NA,156,118,NA,FALSE,TRUE,"no_lookup_match"
"Chile","CHL",2026,"20260921",25,2026-06-15,27,31,31,14,1.14911152764761,TRUE,FALSE,"applied_mean"
"Paraguay","PRY",2024,"20260921",25,2024-06-17,280139,NA,280139,118,NA,FALSE,TRUE,"no_lookup_match"
"Paraguay","PRY",2025,"20260921",25,2025-06-16,21484,NA,21484,66,NA,FALSE,TRUE,"no_lookup_match"
"Paraguay","PRY",2026,"20260921",25,2026-06-15,8691,8575,8575,14,0.986669147725534,TRUE,FALSE,"applied_mean"
"Uruguay","URY",2025,"20260921",25,2025-06-16,6,NA,6,66,NA,FALSE,TRUE,"no_lookup_match"
"Uruguay","URY",2026,"20260921",25,2026-06-15,0,0,0,14,2.54444444444444,TRUE,FALSE,"applied_median"
"Uruguay","URY",2024,"20260921",25,2024-06-17,1125,NA,1125,118,NA,FALSE,TRUE,"no_lookup_match"
"Cuba","CUB",2026,"20260921",25,2026-06-15,1746,NA,1746,14,NA,FALSE,TRUE,"no_lookup_match"
"Dominican Republic","DOM",2024,"20260921",25,2024-06-17,8126,NA,8126,118,NA,FALSE,TRUE,"no_lookup_match"
"Dominican Republic","DOM",2025,"20260921",25,2025-06-16,1022,NA,1022,66,NA,FALSE,TRUE,"no_lookup_match"
"Dominican Republic","DOM",2026,"20260921",25,2026-06-15,655,655,655,14,1,TRUE,FALSE,"applied_mean"
"Puerto Rico","PRI",2024,"20260921",25,2024-06-17,1756,NA,1756,118,NA,FALSE,TRUE,"no_lookup_match"
"Puerto Rico","PRI",2025,"20260921",25,2025-06-16,1943,NA,1943,66,NA,FALSE,TRUE,"no_lookup_match"
"Puerto Rico","PRI",2026,"20260921",25,2026-06-15,816,815,815,14,0.998978389853697,TRUE,FALSE,"applied_mean"
"Anguilla","AIA",2025,"20260921",25,2025-06-16,1,NA,1,66,NA,FALSE,TRUE,"no_lookup_match"
"Anguilla","AIA",2026,"20260921",25,2026-06-15,0,NA,0,14,NA,FALSE,TRUE,"no_lookup_match"
"Antigua and Barbuda","ATG",2025,"20260921",25,2025-06-16,6,NA,6,66,NA,FALSE,TRUE,"no_lookup_match"
"Antigua and Barbuda","ATG",2026,"20260921",25,2026-06-15,8,8,8,14,1,TRUE,FALSE,"applied_mean"
"Antigua and Barbuda","ATG",2024,"20260921",20,2024-05-13,123,NA,123,123,NA,FALSE,TRUE,"no_lookup_match"
"Aruba","ABW",2024,"20260921",20,2024-05-13,57,NA,57,123,NA,FALSE,TRUE,"no_lookup_match"
"Aruba","ABW",2025,"20260921",25,2025-06-16,8,NA,8,66,NA,FALSE,TRUE,"no_lookup_match"
"Bahamas","BHS",2024,"20260921",8,2024-02-19,0,NA,0,135,NA,FALSE,TRUE,"no_lookup_match"
"Bahamas","BHS",2026,"20260921",20,2026-05-11,1,NA,1,19,NA,FALSE,TRUE,"no_lookup_match"
"Barbados","BRB",2025,"20260921",25,2025-06-16,92,NA,92,66,NA,FALSE,TRUE,"no_lookup_match"
"Barbados","BRB",2026,"20260921",25,2026-06-15,60,49,49,14,0.809848729506267,TRUE,FALSE,"applied_mean"
"Barbados","BRB",2024,"20260921",25,2024-06-17,1043,NA,1043,118,NA,FALSE,TRUE,"no_lookup_match"
"Bermuda","BMU",2024,"20260921",25,2024-06-17,0,NA,0,118,NA,FALSE,TRUE,"no_lookup_match"
"Bermuda","BMU",2025,"20260921",25,2025-06-16,0,NA,0,66,NA,FALSE,TRUE,"no_lookup_match"
"Bermuda","BMU",2026,"20260921",24,2026-06-08,2,NA,2,15,NA,FALSE,TRUE,"no_lookup_match"
"Bonaire, Saint Eustatius and Saba","BES",2024,"20260921",12,2024-03-18,207,NA,207,131,NA,FALSE,TRUE,"no_lookup_match"
"Cayman Islands","CYM",2024,"20260921",24,2024-06-10,3,NA,3,119,NA,FALSE,TRUE,"no_lookup_match"
"Cayman Islands","CYM",2025,"20260921",25,2025-06-16,0,NA,0,66,NA,FALSE,TRUE,"no_lookup_match"
"Cayman Islands","CYM",2026,"20260921",25,2026-06-15,0,0,0,14,1,TRUE,FALSE,"applied_mean"
"Curaçao","CUW",2024,"20260921",12,2024-03-18,262,NA,262,131,NA,FALSE,TRUE,"no_lookup_match"
"French Guiana","GUF",2024,"20260921",25,2024-06-17,15323,NA,15323,118,NA,FALSE,TRUE,"no_lookup_match"
"French Guiana","GUF",2025,"20260921",25,2025-06-16,224,NA,224,66,NA,FALSE,TRUE,"no_lookup_match"
"French Guiana","GUF",2026,"20260921",25,2026-06-15,11,11,11,14,1,TRUE,FALSE,"applied_mean"
"Grenada","GRD",2024,"20260921",25,2024-06-17,200,NA,200,118,NA,FALSE,TRUE,"no_lookup_match"
"Grenada","GRD",2025,"20260921",25,2025-06-16,88,NA,88,66,NA,FALSE,TRUE,"no_lookup_match"
"Grenada","GRD",2026,"20260921",25,2026-06-15,85,85,85,14,1,TRUE,FALSE,"applied_mean"
"Guadeloupe","GLP",2026,"20260921",20,2026-05-11,383,383,383,19,1,TRUE,FALSE,"applied_mean"
"Guadeloupe","GLP",2024,"20260921",25,2024-06-17,4030,NA,4030,118,NA,FALSE,TRUE,"no_lookup_match"
"Guadeloupe","GLP",2025,"20260921",25,2025-06-16,4635,NA,4635,66,NA,FALSE,TRUE,"no_lookup_match"
"Guyana","GUY",2025,"20260921",25,2025-06-16,35098,NA,35098,66,NA,FALSE,TRUE,"no_lookup_match"
"Guyana","GUY",2026,"20260921",25,2026-06-15,35768,39388,39388,14,1.10121007553855,TRUE,FALSE,"applied_mean"
"Guyana","GUY",2024,"20260921",25,2024-06-17,24643,NA,24643,118,NA,FALSE,TRUE,"no_lookup_match"
"Jamaica","JAM",2025,"20260921",25,2025-06-16,232,NA,232,66,NA,FALSE,TRUE,"no_lookup_match"
"Jamaica","JAM",2026,"20260921",25,2026-06-15,125,125,125,14,1,TRUE,FALSE,"applied_mean"
"Jamaica","JAM",2024,"20260921",25,2024-06-17,1394,NA,1394,118,NA,FALSE,TRUE,"no_lookup_match"
"Martinique","MTQ",2025,"20260921",25,2025-06-16,995,NA,995,66,NA,FALSE,TRUE,"no_lookup_match"
"Martinique","MTQ",2024,"20260921",25,2024-06-17,5725,NA,5725,118,NA,FALSE,TRUE,"no_lookup_match"
"Martinique","MTQ",2026,"20260921",20,2026-05-11,1354,1354,1354,19,1,TRUE,FALSE,"applied_mean"
"Montserrat","MSR",2024,"20260921",25,2024-06-17,2,NA,2,118,NA,FALSE,TRUE,"no_lookup_match"
"Montserrat","MSR",2025,"20260921",25,2025-06-16,1,NA,1,66,NA,FALSE,TRUE,"no_lookup_match"
"Montserrat","MSR",2026,"20260921",25,2026-06-15,0,0,0,14,1,TRUE,FALSE,"applied_mean"
"Saint Barthelemy","BLM",2025,"20260921",24,2025-06-09,20,NA,20,67,NA,FALSE,TRUE,"no_lookup_match"
"Saint Barthelemy","BLM",2026,"20260921",20,2026-05-11,0,0,0,19,1,TRUE,FALSE,"applied_mean"
"Saint Barthelemy","BLM",2024,"20260921",25,2024-06-17,141,NA,141,118,NA,FALSE,TRUE,"no_lookup_match"
"Saint Kitts and Nevis","KNA",2024,"20260921",25,2024-06-17,190,NA,190,118,NA,FALSE,TRUE,"no_lookup_match"
"Saint Kitts and Nevis","KNA",2025,"20260921",25,2025-06-16,4,NA,4,66,NA,FALSE,TRUE,"no_lookup_match"
"Saint Kitts and Nevis","KNA",2026,"20260921",13,2026-03-23,13,13,13,26,1.0137990750553,TRUE,FALSE,"applied_mean"
"Saint Lucia","LCA",2025,"20260921",25,2025-06-16,33,NA,33,66,NA,FALSE,TRUE,"no_lookup_match"
"Saint Lucia","LCA",2026,"20260921",25,2026-06-15,6,6,6,14,1,TRUE,FALSE,"applied_mean"
"Saint Lucia","LCA",2024,"20260921",25,2024-06-17,13,NA,13,118,NA,FALSE,TRUE,"no_lookup_match"
"Saint Martin",NA,2025,"20260921",25,2025-06-16,184,NA,184,66,NA,FALSE,TRUE,"no_lookup_match"
"Saint Martin",NA,2026,"20260921",20,2026-05-11,7,NA,7,19,NA,FALSE,TRUE,"no_lookup_match"
"Saint Martin",NA,2024,"20260921",25,2024-06-17,535,NA,535,118,NA,FALSE,TRUE,"no_lookup_match"
"Saint Vincent and the Grenadines","VCT",2025,"20260921",25,2025-06-16,5,NA,5,66,NA,FALSE,TRUE,"no_lookup_match"
"Saint Vincent and the Grenadines","VCT",2026,"20260921",25,2026-06-15,3,3,3,14,1,TRUE,FALSE,"applied_mean"
"Saint Vincent and the Grenadines","VCT",2024,"20260921",24,2024-06-10,18,NA,18,119,NA,FALSE,TRUE,"no_lookup_match"
"Sint Maarten","SXM",2024,"20260921",12,2024-03-18,115,NA,115,131,NA,FALSE,TRUE,"no_lookup_match"
"Sint Maarten","SXM",2025,"20260921",25,2025-06-16,6,NA,6,66,NA,FALSE,TRUE,"no_lookup_match"
"Suriname","SUR",2025,"20260921",25,2025-06-16,913,NA,913,66,NA,FALSE,TRUE,"no_lookup_match"
"Suriname","SUR",2024,"20260921",20,2024-05-13,95,NA,95,123,NA,FALSE,TRUE,"no_lookup_match"
"Suriname","SUR",2026,"20260921",19,2026-05-04,418,418,418,20,1,TRUE,FALSE,"applied_mean"
"Trinidad and Tobago","TTO",2025,"20260921",25,2025-06-16,25,NA,25,66,NA,FALSE,TRUE,"no_lookup_match"
"Trinidad and Tobago","TTO",2026,"20260921",25,2026-06-15,54,NA,54,14,NA,FALSE,TRUE,"insufficient_n_rf"
"Trinidad and Tobago","TTO",2024,"20260921",24,2024-06-10,348,NA,348,119,NA,FALSE,TRUE,"no_lookup_match"
"Turks and Caicos Islands","TCA",2025,"20260921",25,2025-06-16,1,NA,1,66,NA,FALSE,TRUE,"no_lookup_match"
"Turks and Caicos Islands","TCA",2026,"20260921",12,2026-03-16,8,8,8,27,1,TRUE,FALSE,"applied_mean"
"Turks and Caicos Islands","TCA",2024,"20260921",24,2024-06-10,102,NA,102,119,NA,FALSE,TRUE,"no_lookup_match"
"Virgin Islands (UK)","VGB",2024,"20260921",24,2024-06-10,9,NA,9,119,NA,FALSE,TRUE,"no_lookup_match"
"Virgin Islands (UK)","VGB",2025,"20260921",25,2025-06-16,27,NA,27,66,NA,FALSE,TRUE,"no_lookup_match"
"Virgin Islands (UK)","VGB",2026,"20260921",24,2026-06-08,15,NA,15,15,NA,FALSE,TRUE,"no_lookup_match"
"Virgin Islands (US)","VIR",2024,"20260921",25,2024-06-17,10,NA,10,118,NA,FALSE,TRUE,"no_lookup_match"
"Virgin Islands (US)","VIR",2025,"20260921",25,2025-06-16,47,NA,47,66,NA,FALSE,TRUE,"no_lookup_match"
"Virgin Islands (US)","VIR",2026,"20260921",25,2026-06-15,0,NA,0,14,NA,FALSE,TRUE,"no_lookup_match"
"Canada","CAN",2024,"20260921",26,2024-06-24,0,NA,0,117,NA,FALSE,TRUE,"no_lookup_match"
"Canada","CAN",2025,"20260921",26,2025-06-23,0,NA,0,65,NA,FALSE,TRUE,"no_lookup_match"
"Canada","CAN",2026,"20260921",26,2026-06-22,0,NA,0,13,NA,FALSE,TRUE,"no_lookup_match"
"United States of America","USA",2024,"20260921",26,2024-06-24,815,NA,815,117,NA,FALSE,TRUE,"no_lookup_match"
"United States of America","USA",2025,"20260921",26,2025-06-23,390,NA,390,65,NA,FALSE,TRUE,"no_lookup_match"
"United States of America","USA",2026,"20260921",26,2026-06-22,163,NA,163,13,NA,FALSE,TRUE,"no_lookup_match"
"Belize","BLZ",2024,"20260921",26,2024-06-24,374,NA,374,117,NA,FALSE,TRUE,"country_excluded"
"Belize","BLZ",2025,"20260921",26,2025-06-23,427,NA,427,65,NA,FALSE,TRUE,"country_excluded"
"Belize","BLZ",2026,"20260921",15,2026-04-06,317,NA,317,24,NA,FALSE,TRUE,"country_excluded"
"Costa Rica","CRI",2024,"20260921",26,2024-06-24,11438,NA,11438,117,NA,FALSE,TRUE,"no_lookup_match"
"Costa Rica","CRI",2025,"20260921",26,2025-06-23,1677,NA,1677,65,NA,FALSE,TRUE,"no_lookup_match"
"Costa Rica","CRI",2026,"20260921",26,2026-06-22,1577,1535,1535,13,0.973367099408304,TRUE,FALSE,"applied_mean"
"El Salvador","SLV",2024,"20260921",26,2024-06-24,3463,NA,3463,117,NA,FALSE,TRUE,"no_lookup_match"
"El Salvador","SLV",2025,"20260921",26,2025-06-23,2501,NA,2501,65,NA,FALSE,TRUE,"no_lookup_match"
"El Salvador","SLV",2026,"20260921",26,2026-06-22,2460,2460,2460,13,1,TRUE,FALSE,"applied_mean"
"Guatemala","GTM",2025,"20260921",26,2025-06-23,27099,NA,27099,65,NA,FALSE,TRUE,"no_lookup_match"
"Guatemala","GTM",2026,"20260921",26,2026-06-22,15679,20828,20828,13,1.32839399642986,TRUE,FALSE,"applied_mean"
"Guatemala","GTM",2024,"20260921",26,2024-06-24,56611,NA,56611,117,NA,FALSE,TRUE,"no_lookup_match"
"Honduras","HND",2024,"20260921",26,2024-06-24,58250,NA,58250,117,NA,FALSE,TRUE,"no_lookup_match"
"Honduras","HND",2025,"20260921",26,2025-06-23,9460,NA,9460,65,NA,FALSE,TRUE,"no_lookup_match"
"Honduras","HND",2026,"20260921",26,2026-06-22,5167,5167,5167,13,1,TRUE,FALSE,"applied_mean"
"Mexico","MEX",2024,"20260921",26,2024-06-24,113173,NA,113173,117,NA,FALSE,TRUE,"no_lookup_match"
"Mexico","MEX",2025,"20260921",26,2025-06-23,52604,NA,52604,65,NA,FALSE,TRUE,"no_lookup_match"
"Mexico","MEX",2026,"20260921",26,2026-06-22,32646,32610,32610,13,0.998912442528845,TRUE,FALSE,"applied_mean"
"Nicaragua","NIC",2025,"20260921",4,2025-01-20,5702,NA,5702,87,NA,FALSE,TRUE,"no_lookup_match"
"Nicaragua","NIC",2024,"20260921",26,2024-06-24,37793,NA,37793,117,NA,FALSE,TRUE,"no_lookup_match"
"Panama","PAN",2024,"20260921",26,2024-06-24,9143,NA,9143,117,NA,FALSE,TRUE,"no_lookup_match"
"Panama","PAN",2025,"20260921",26,2025-06-23,8108,NA,8108,65,NA,FALSE,TRUE,"no_lookup_match"
"Panama","PAN",2026,"20260921",26,2026-06-22,5127,4886,4886,13,0.952969811403743,TRUE,FALSE,"applied_mean"
"Bolivia","BOL",2024,"20260921",26,2024-06-24,47631,NA,47631,117,NA,FALSE,TRUE,"no_lookup_match"
"Bolivia","BOL",2025,"20260921",26,2025-06-23,27577,NA,27577,65,NA,FALSE,TRUE,"no_lookup_match"
"Bolivia","BOL",2026,"20260921",26,2026-06-22,57489,65357,65357,13,1.13685815613962,TRUE,FALSE,"applied_mean"
"Colombia","COL",2025,"20260921",26,2025-06-23,85188,NA,85188,65,NA,FALSE,TRUE,"no_lookup_match"
"Colombia","COL",2024,"20260921",26,2024-06-24,201684,NA,201684,117,NA,FALSE,TRUE,"no_lookup_match"
"Colombia","COL",2026,"20260921",26,2026-06-22,56797,56797,56797,13,1,TRUE,FALSE,"applied_mean"
"Ecuador","ECU",2024,"20260921",26,2024-06-24,41403,NA,41403,117,NA,FALSE,TRUE,"no_lookup_match"
"Ecuador","ECU",2025,"20260921",26,2025-06-23,28831,NA,28831,65,NA,FALSE,TRUE,"no_lookup_match"
"Ecuador","ECU",2026,"20260921",26,2026-06-22,20978,20992,20992,13,1.00067893296659,TRUE,FALSE,"applied_mean"
"Peru","PER",2024,"20260921",26,2024-06-24,254592,NA,254592,117,NA,FALSE,TRUE,"no_lookup_match"
"Peru","PER",2025,"20260921",26,2025-06-23,29589,NA,29589,65,NA,FALSE,TRUE,"no_lookup_match"
"Peru","PER",2026,"20260921",26,2026-06-22,30580,30752,30752,13,1.00563007023773,TRUE,FALSE,"applied_mean"
"Venezuela","VEN",2024,"20260921",26,2024-06-24,20570,NA,20570,117,NA,FALSE,TRUE,"no_lookup_match"
"Venezuela","VEN",2025,"20260921",26,2025-06-23,25228,NA,25228,65,NA,FALSE,TRUE,"no_lookup_match"
"Venezuela","VEN",2026,"20260921",26,2026-06-22,8315,NA,8315,13,NA,FALSE,TRUE,"no_lookup_match"
"Argentina","ARG",2024,"20260921",26,2024-06-24,581238,NA,581238,117,NA,FALSE,TRUE,"no_lookup_match"
"Argentina","ARG",2025,"20260921",26,2025-06-23,17613,NA,17613,65,NA,FALSE,TRUE,"no_lookup_match"
"Argentina","ARG",2026,"20260921",26,2026-06-22,56,75,75,13,1.33840425548341,TRUE,FALSE,"applied_mean"
"Brazil","BRA",2024,"20260921",26,2024-06-24,9418182,NA,9418182,117,NA,FALSE,TRUE,"no_lookup_match"
"Brazil","BRA",2025,"20260921",26,2025-06-23,3166234,NA,3166234,65,NA,FALSE,TRUE,"no_lookup_match"
"Brazil","BRA",2026,"20260921",26,2026-06-22,1111808,1140636,1140636,13,1.02592937812463,TRUE,FALSE,"applied_mean"
"Chile","CHL",2025,"20260921",26,2025-06-23,0,NA,0,65,NA,FALSE,TRUE,"no_lookup_match"
"Chile","CHL",2024,"20260921",26,2024-06-24,157,NA,157,117,NA,FALSE,TRUE,"no_lookup_match"
"Chile","CHL",2026,"20260921",26,2026-06-22,27,29,29,13,1.08858306507477,TRUE,FALSE,"applied_mean"
"Paraguay","PRY",2024,"20260921",26,2024-06-24,281095,NA,281095,117,NA,FALSE,TRUE,"no_lookup_match"
"Paraguay","PRY",2025,"20260921",26,2025-06-23,21680,NA,21680,65,NA,FALSE,TRUE,"no_lookup_match"
"Paraguay","PRY",2026,"20260921",26,2026-06-22,8797,8679,8679,13,0.986555500508316,TRUE,FALSE,"applied_mean"
"Uruguay","URY",2025,"20260921",26,2025-06-23,6,NA,6,65,NA,FALSE,TRUE,"no_lookup_match"
"Uruguay","URY",2026,"20260921",26,2026-06-22,0,0,0,13,2.22021534371702,TRUE,FALSE,"applied_mean"
"Uruguay","URY",2024,"20260921",26,2024-06-24,1125,NA,1125,117,NA,FALSE,TRUE,"no_lookup_match"
"Cuba","CUB",2026,"20260921",25,2026-06-15,1746,NA,1746,14,NA,FALSE,TRUE,"no_lookup_match"
"Dominican Republic","DOM",2024,"20260921",26,2024-06-24,8312,NA,8312,117,NA,FALSE,TRUE,"no_lookup_match"
"Dominican Republic","DOM",2025,"20260921",26,2025-06-23,1053,NA,1053,65,NA,FALSE,TRUE,"no_lookup_match"
"Dominican Republic","DOM",2026,"20260921",26,2026-06-22,689,689,689,13,1,TRUE,FALSE,"applied_mean"
"Puerto Rico","PRI",2024,"20260921",26,2024-06-24,1874,NA,1874,117,NA,FALSE,TRUE,"no_lookup_match"
"Puerto Rico","PRI",2025,"20260921",26,2025-06-23,1992,NA,1992,65,NA,FALSE,TRUE,"no_lookup_match"
"Puerto Rico","PRI",2026,"20260921",26,2026-06-22,839,838,838,13,0.999149763308305,TRUE,FALSE,"applied_mean"
"Anguilla","AIA",2025,"20260921",26,2025-06-23,1,NA,1,65,NA,FALSE,TRUE,"no_lookup_match"
"Anguilla","AIA",2026,"20260921",26,2026-06-22,0,NA,0,13,NA,FALSE,TRUE,"no_lookup_match"
"Antigua and Barbuda","ATG",2025,"20260921",26,2025-06-23,6,NA,6,65,NA,FALSE,TRUE,"no_lookup_match"
"Antigua and Barbuda","ATG",2026,"20260921",26,2026-06-22,8,8,8,13,1,TRUE,FALSE,"applied_mean"
"Antigua and Barbuda","ATG",2024,"20260921",20,2024-05-13,123,NA,123,123,NA,FALSE,TRUE,"no_lookup_match"
"Aruba","ABW",2024,"20260921",20,2024-05-13,57,NA,57,123,NA,FALSE,TRUE,"no_lookup_match"
"Aruba","ABW",2025,"20260921",26,2025-06-23,8,NA,8,65,NA,FALSE,TRUE,"no_lookup_match"
"Bahamas","BHS",2024,"20260921",8,2024-02-19,0,NA,0,135,NA,FALSE,TRUE,"no_lookup_match"
"Bahamas","BHS",2026,"20260921",20,2026-05-11,1,NA,1,19,NA,FALSE,TRUE,"no_lookup_match"
"Barbados","BRB",2025,"20260921",26,2025-06-23,93,NA,93,65,NA,FALSE,TRUE,"no_lookup_match"
"Barbados","BRB",2026,"20260921",26,2026-06-22,64,52,52,13,0.806526008169865,TRUE,FALSE,"applied_mean"
"Barbados","BRB",2024,"20260921",26,2024-06-24,1044,NA,1044,117,NA,FALSE,TRUE,"no_lookup_match"
"Bermuda","BMU",2024,"20260921",26,2024-06-24,0,NA,0,117,NA,FALSE,TRUE,"no_lookup_match"
"Bermuda","BMU",2025,"20260921",26,2025-06-23,0,NA,0,65,NA,FALSE,TRUE,"no_lookup_match"
"Bermuda","BMU",2026,"20260921",24,2026-06-08,2,NA,2,15,NA,FALSE,TRUE,"no_lookup_match"
"Bonaire, Saint Eustatius and Saba","BES",2024,"20260921",12,2024-03-18,207,NA,207,131,NA,FALSE,TRUE,"no_lookup_match"
"Cayman Islands","CYM",2024,"20260921",24,2024-06-10,3,NA,3,119,NA,FALSE,TRUE,"no_lookup_match"
"Cayman Islands","CYM",2025,"20260921",26,2025-06-23,0,NA,0,65,NA,FALSE,TRUE,"no_lookup_match"
"Cayman Islands","CYM",2026,"20260921",26,2026-06-22,0,0,0,13,1,TRUE,FALSE,"applied_mean"
"Curaçao","CUW",2024,"20260921",12,2024-03-18,262,NA,262,131,NA,FALSE,TRUE,"no_lookup_match"
"French Guiana","GUF",2024,"20260921",26,2024-06-24,15477,NA,15477,117,NA,FALSE,TRUE,"no_lookup_match"
"French Guiana","GUF",2025,"20260921",26,2025-06-23,232,NA,232,65,NA,FALSE,TRUE,"no_lookup_match"
"French Guiana","GUF",2026,"20260921",26,2026-06-22,11,11,11,13,1,TRUE,FALSE,"applied_mean"
"Grenada","GRD",2024,"20260921",26,2024-06-24,217,NA,217,117,NA,FALSE,TRUE,"no_lookup_match"
"Grenada","GRD",2025,"20260921",26,2025-06-23,89,NA,89,65,NA,FALSE,TRUE,"no_lookup_match"
"Grenada","GRD",2026,"20260921",26,2026-06-22,88,88,88,13,1,TRUE,FALSE,"applied_mean"
"Guadeloupe","GLP",2026,"20260921",20,2026-05-11,383,383,383,19,1,TRUE,FALSE,"applied_mean"
"Guadeloupe","GLP",2024,"20260921",26,2024-06-24,4050,NA,4050,117,NA,FALSE,TRUE,"no_lookup_match"
"Guadeloupe","GLP",2025,"20260921",25,2025-06-16,4635,NA,4635,66,NA,FALSE,TRUE,"no_lookup_match"
"Guyana","GUY",2025,"20260921",26,2025-06-23,36917,NA,36917,65,NA,FALSE,TRUE,"no_lookup_match"
"Guyana","GUY",2026,"20260921",25,2026-06-15,35768,39388,39388,14,1.10121007553855,TRUE,FALSE,"applied_mean"
"Guyana","GUY",2024,"20260921",26,2024-06-24,26548,NA,26548,117,NA,FALSE,TRUE,"no_lookup_match"
"Jamaica","JAM",2025,"20260921",26,2025-06-23,255,NA,255,65,NA,FALSE,TRUE,"no_lookup_match"
"Jamaica","JAM",2026,"20260921",26,2026-06-22,134,134,134,13,1,TRUE,FALSE,"applied_mean"
"Jamaica","JAM",2024,"20260921",26,2024-06-24,1399,NA,1399,117,NA,FALSE,TRUE,"no_lookup_match"
"Martinique","MTQ",2025,"20260921",25,2025-06-16,995,NA,995,66,NA,FALSE,TRUE,"no_lookup_match"
"Martinique","MTQ",2024,"20260921",26,2024-06-24,5785,NA,5785,117,NA,FALSE,TRUE,"no_lookup_match"
"Martinique","MTQ",2026,"20260921",20,2026-05-11,1354,1354,1354,19,1,TRUE,FALSE,"applied_mean"
"Montserrat","MSR",2024,"20260921",26,2024-06-24,2,NA,2,117,NA,FALSE,TRUE,"no_lookup_match"
"Montserrat","MSR",2025,"20260921",26,2025-06-23,1,NA,1,65,NA,FALSE,TRUE,"no_lookup_match"
"Montserrat","MSR",2026,"20260921",26,2026-06-22,0,0,0,13,1,TRUE,FALSE,"applied_mean"
"Saint Barthelemy","BLM",2025,"20260921",24,2025-06-09,20,NA,20,67,NA,FALSE,TRUE,"no_lookup_match"
"Saint Barthelemy","BLM",2026,"20260921",20,2026-05-11,0,0,0,19,1,TRUE,FALSE,"applied_mean"
"Saint Barthelemy","BLM",2024,"20260921",26,2024-06-24,141,NA,141,117,NA,FALSE,TRUE,"no_lookup_match"
"Saint Kitts and Nevis","KNA",2024,"20260921",26,2024-06-24,198,NA,198,117,NA,FALSE,TRUE,"no_lookup_match"
"Saint Kitts and Nevis","KNA",2025,"20260921",26,2025-06-23,4,NA,4,65,NA,FALSE,TRUE,"no_lookup_match"
"Saint Kitts and Nevis","KNA",2026,"20260921",13,2026-03-23,13,13,13,26,1.0137990750553,TRUE,FALSE,"applied_mean"
"Saint Lucia","LCA",2025,"20260921",26,2025-06-23,36,NA,36,65,NA,FALSE,TRUE,"no_lookup_match"
"Saint Lucia","LCA",2026,"20260921",26,2026-06-22,6,6,6,13,1,TRUE,FALSE,"applied_mean"
"Saint Lucia","LCA",2024,"20260921",26,2024-06-24,13,NA,13,117,NA,FALSE,TRUE,"no_lookup_match"
"Saint Martin",NA,2025,"20260921",25,2025-06-16,184,NA,184,66,NA,FALSE,TRUE,"no_lookup_match"
"Saint Martin",NA,2026,"20260921",20,2026-05-11,7,NA,7,19,NA,FALSE,TRUE,"no_lookup_match"
"Saint Martin",NA,2024,"20260921",26,2024-06-24,555,NA,555,117,NA,FALSE,TRUE,"no_lookup_match"
"Saint Vincent and the Grenadines","VCT",2025,"20260921",26,2025-06-23,5,NA,5,65,NA,FALSE,TRUE,"no_lookup_match"
"Saint Vincent and the Grenadines","VCT",2026,"20260921",26,2026-06-22,3,3,3,13,1,TRUE,FALSE,"applied_mean"
"Saint Vincent and the Grenadines","VCT",2024,"20260921",24,2024-06-10,18,NA,18,119,NA,FALSE,TRUE,"no_lookup_match"
"Sint Maarten","SXM",2024,"20260921",12,2024-03-18,115,NA,115,131,NA,FALSE,TRUE,"no_lookup_match"
"Sint Maarten","SXM",2025,"20260921",26,2025-06-23,6,NA,6,65,NA,FALSE,TRUE,"no_lookup_match"
"Suriname","SUR",2025,"20260921",26,2025-06-23,931,NA,931,65,NA,FALSE,TRUE,"no_lookup_match"
"Suriname","SUR",2024,"20260921",20,2024-05-13,95,NA,95,123,NA,FALSE,TRUE,"no_lookup_match"
"Suriname","SUR",2026,"20260921",19,2026-05-04,418,418,418,20,1,TRUE,FALSE,"applied_mean"
"Trinidad and Tobago","TTO",2025,"20260921",26,2025-06-23,32,NA,32,65,NA,FALSE,TRUE,"no_lookup_match"
"Trinidad and Tobago","TTO",2026,"20260921",26,2026-06-22,54,54,54,13,1,TRUE,FALSE,"applied_mean"
"Trinidad and Tobago","TTO",2024,"20260921",24,2024-06-10,348,NA,348,119,NA,FALSE,TRUE,"no_lookup_match"
"Turks and Caicos Islands","TCA",2025,"20260921",26,2025-06-23,1,NA,1,65,NA,FALSE,TRUE,"no_lookup_match"
"Turks and Caicos Islands","TCA",2026,"20260921",12,2026-03-16,8,8,8,27,1,TRUE,FALSE,"applied_mean"
"Turks and Caicos Islands","TCA",2024,"20260921",24,2024-06-10,102,NA,102,119,NA,FALSE,TRUE,"no_lookup_match"
"Virgin Islands (UK)","VGB",2024,"20260921",24,2024-06-10,9,NA,9,119,NA,FALSE,TRUE,"no_lookup_match"
"Virgin Islands (UK)","VGB",2025,"20260921",26,2025-06-23,27,NA,27,65,NA,FALSE,TRUE,"no_lookup_match"
"Virgin Islands (UK)","VGB",2026,"20260921",24,2026-06-08,15,NA,15,15,NA,FALSE,TRUE,"no_lookup_match"
"Virgin Islands (US)","VIR",2024,"20260921",26,2024-06-24,14,NA,14,117,NA,FALSE,TRUE,"no_lookup_match"
"Virgin Islands (US)","VIR",2025,"20260921",26,2025-06-23,47,NA,47,65,NA,FALSE,TRUE,"no_lookup_match"
"Virgin Islands (US)","VIR",2026,"20260921",26,2026-06-22,0,NA,0,13,NA,FALSE,TRUE,"no_lookup_match"
"Canada","CAN",2024,"20260921",27,2024-07-01,0,NA,0,116,NA,FALSE,TRUE,"no_lookup_match"
"Canada","CAN",2025,"20260921",27,2025-06-30,0,NA,0,64,NA,FALSE,TRUE,"no_lookup_match"
"Canada","CAN",2026,"20260921",27,2026-06-29,0,NA,0,12,NA,FALSE,TRUE,"no_lookup_match"
"United States of America","USA",2024,"20260921",27,2024-07-01,851,NA,851,116,NA,FALSE,TRUE,"no_lookup_match"
"United States of America","USA",2025,"20260921",27,2025-06-30,401,NA,401,64,NA,FALSE,TRUE,"no_lookup_match"
"United States of America","USA",2026,"20260921",27,2026-06-29,173,NA,173,12,NA,FALSE,TRUE,"no_lookup_match"
"Belize","BLZ",2024,"20260921",27,2024-07-01,389,NA,389,116,NA,FALSE,TRUE,"country_excluded"
"Belize","BLZ",2025,"20260921",27,2025-06-30,466,NA,466,64,NA,FALSE,TRUE,"country_excluded"
"Belize","BLZ",2026,"20260921",15,2026-04-06,317,NA,317,24,NA,FALSE,TRUE,"country_excluded"
"Costa Rica","CRI",2026,"20260921",27,2026-06-29,1804,1749,1749,12,0.969726339084637,TRUE,FALSE,"applied_mean"
"Costa Rica","CRI",2024,"20260921",27,2024-07-01,12196,NA,12196,116,NA,FALSE,TRUE,"no_lookup_match"
"Costa Rica","CRI",2025,"20260921",27,2025-06-30,1766,NA,1766,64,NA,FALSE,TRUE,"no_lookup_match"
"El Salvador","SLV",2024,"20260921",27,2024-07-01,3692,NA,3692,116,NA,FALSE,TRUE,"no_lookup_match"
"El Salvador","SLV",2025,"20260921",27,2025-06-30,2647,NA,2647,64,NA,FALSE,TRUE,"no_lookup_match"
"El Salvador","SLV",2026,"20260921",27,2026-06-29,2581,2581,2581,12,1,TRUE,FALSE,"applied_mean"
"Guatemala","GTM",2025,"20260921",27,2025-06-30,28097,NA,28097,64,NA,FALSE,TRUE,"no_lookup_match"
"Guatemala","GTM",2026,"20260921",26,2026-06-22,15679,20828,20828,13,1.32839399642986,TRUE,FALSE,"applied_mean"
"Guatemala","GTM",2024,"20260921",27,2024-07-01,62286,NA,62286,116,NA,FALSE,TRUE,"no_lookup_match"
"Honduras","HND",2024,"20260921",27,2024-07-01,66592,NA,66592,116,NA,FALSE,TRUE,"no_lookup_match"
"Honduras","HND",2025,"20260921",27,2025-06-30,9822,NA,9822,64,NA,FALSE,TRUE,"no_lookup_match"
"Honduras","HND",2026,"20260921",27,2026-06-29,5543,5543,5543,12,1,TRUE,FALSE,"applied_mean"
"Mexico","MEX",2024,"20260921",27,2024-07-01,122957,NA,122957,116,NA,FALSE,TRUE,"no_lookup_match"
"Mexico","MEX",2025,"20260921",27,2025-06-30,55408,NA,55408,64,NA,FALSE,TRUE,"no_lookup_match"
"Mexico","MEX",2026,"20260921",27,2026-06-29,34428,34389,34389,12,0.998881672134636,TRUE,FALSE,"applied_mean"
"Nicaragua","NIC",2025,"20260921",4,2025-01-20,5702,NA,5702,87,NA,FALSE,TRUE,"no_lookup_match"
"Nicaragua","NIC",2024,"20260921",27,2024-07-01,40008,NA,40008,116,NA,FALSE,TRUE,"no_lookup_match"
"Panama","PAN",2024,"20260921",27,2024-07-01,10090,NA,10090,116,NA,FALSE,TRUE,"no_lookup_match"
"Panama","PAN",2025,"20260921",27,2025-06-30,8549,NA,8549,64,NA,FALSE,TRUE,"no_lookup_match"
"Panama","PAN",2026,"20260921",27,2026-06-29,5694,5418,5418,12,0.951537992717454,TRUE,FALSE,"applied_mean"
"Bolivia","BOL",2024,"20260921",27,2024-07-01,47940,NA,47940,116,NA,FALSE,TRUE,"no_lookup_match"
"Bolivia","BOL",2025,"20260921",27,2025-06-30,27881,NA,27881,64,NA,FALSE,TRUE,"no_lookup_match"
"Bolivia","BOL",2026,"20260921",27,2026-06-29,57642,65750,65750,12,1.14065936540989,TRUE,FALSE,"applied_mean"
"Colombia","COL",2025,"20260921",27,2025-06-30,87447,NA,87447,64,NA,FALSE,TRUE,"no_lookup_match"
"Colombia","COL",2024,"20260921",27,2024-07-01,209211,NA,209211,116,NA,FALSE,TRUE,"no_lookup_match"
"Colombia","COL",2026,"20260921",27,2026-06-29,59262,59262,59262,12,1,TRUE,FALSE,"applied_mean"
"Ecuador","ECU",2024,"20260921",27,2024-07-01,42792,NA,42792,116,NA,FALSE,TRUE,"no_lookup_match"
"Ecuador","ECU",2025,"20260921",27,2025-06-30,29455,NA,29455,64,NA,FALSE,TRUE,"no_lookup_match"
"Ecuador","ECU",2026,"20260921",27,2026-06-29,22194,22209,22209,12,1.00066460926896,TRUE,FALSE,"applied_mean"
"Peru","PER",2024,"20260921",27,2024-07-01,255496,NA,255496,116,NA,FALSE,TRUE,"no_lookup_match"
"Peru","PER",2025,"20260921",27,2025-06-30,30022,NA,30022,64,NA,FALSE,TRUE,"no_lookup_match"
"Peru","PER",2026,"20260921",27,2026-06-29,32437,32612,32612,12,1.00538074093976,TRUE,FALSE,"applied_mean"
"Venezuela","VEN",2024,"20260921",27,2024-07-01,22173,NA,22173,116,NA,FALSE,TRUE,"no_lookup_match"
"Venezuela","VEN",2025,"20260921",27,2025-06-30,26214,NA,26214,64,NA,FALSE,TRUE,"no_lookup_match"
"Venezuela","VEN",2026,"20260921",27,2026-06-29,8564,NA,8564,12,NA,FALSE,TRUE,"no_lookup_match"
"Argentina","ARG",2024,"20260921",27,2024-07-01,581254,NA,581254,116,NA,FALSE,TRUE,"no_lookup_match"
"Argentina","ARG",2025,"20260921",27,2025-06-30,17619,NA,17619,64,NA,FALSE,TRUE,"no_lookup_match"
"Argentina","ARG",2026,"20260921",27,2026-06-29,56,72,72,12,1.28515804860673,TRUE,FALSE,"applied_mean"
"Brazil","BRA",2024,"20260921",27,2024-07-01,9483402,NA,9483402,116,NA,FALSE,TRUE,"no_lookup_match"
"Brazil","BRA",2025,"20260921",27,2025-06-30,3193340,NA,3193340,64,NA,FALSE,TRUE,"no_lookup_match"
"Brazil","BRA",2026,"20260921",27,2026-06-29,1134248,1167846,1167846,12,1.02962132154822,TRUE,FALSE,"applied_mean"
"Chile","CHL",2025,"20260921",27,2025-06-30,0,NA,0,64,NA,FALSE,TRUE,"no_lookup_match"
"Chile","CHL",2024,"20260921",27,2024-07-01,157,NA,157,116,NA,FALSE,TRUE,"no_lookup_match"
"Chile","CHL",2026,"20260921",27,2026-06-29,27,28,28,12,1.04728176402075,TRUE,FALSE,"applied_mean"
"Paraguay","PRY",2024,"20260921",27,2024-07-01,281756,NA,281756,116,NA,FALSE,TRUE,"no_lookup_match"
"Paraguay","PRY",2025,"20260921",27,2025-06-30,21838,NA,21838,64,NA,FALSE,TRUE,"no_lookup_match"
"Paraguay","PRY",2026,"20260921",27,2026-06-29,8920,8799,8799,12,0.986401599210856,TRUE,FALSE,"applied_mean"
"Uruguay","URY",2025,"20260921",27,2025-06-30,6,NA,6,64,NA,FALSE,TRUE,"no_lookup_match"
"Uruguay","URY",2026,"20260921",27,2026-06-29,0,0,0,12,1.74430617621413,TRUE,FALSE,"applied_mean"
"Uruguay","URY",2024,"20260921",27,2024-07-01,1126,NA,1126,116,NA,FALSE,TRUE,"no_lookup_match"
"Cuba","CUB",2026,"20260921",25,2026-06-15,1746,NA,1746,14,NA,FALSE,TRUE,"no_lookup_match"
"Dominican Republic","DOM",2024,"20260921",27,2024-07-01,8448,NA,8448,116,NA,FALSE,TRUE,"no_lookup_match"
"Dominican Republic","DOM",2025,"20260921",27,2025-06-30,1076,NA,1076,64,NA,FALSE,TRUE,"no_lookup_match"
"Dominican Republic","DOM",2026,"20260921",27,2026-06-29,713,713,713,12,1,TRUE,FALSE,"applied_mean"
"Puerto Rico","PRI",2024,"20260921",27,2024-07-01,2018,NA,2018,116,NA,FALSE,TRUE,"no_lookup_match"
"Puerto Rico","PRI",2025,"20260921",27,2025-06-30,2057,NA,2057,64,NA,FALSE,TRUE,"no_lookup_match"
"Puerto Rico","PRI",2026,"20260921",27,2026-06-29,854,853,853,12,0.999304760084518,TRUE,FALSE,"applied_mean"
"Anguilla","AIA",2025,"20260921",27,2025-06-30,1,NA,1,64,NA,FALSE,TRUE,"no_lookup_match"
"Anguilla","AIA",2026,"20260921",27,2026-06-29,0,NA,0,12,NA,FALSE,TRUE,"no_lookup_match"
"Antigua and Barbuda","ATG",2025,"20260921",27,2025-06-30,6,NA,6,64,NA,FALSE,TRUE,"no_lookup_match"
"Antigua and Barbuda","ATG",2026,"20260921",27,2026-06-29,8,8,8,12,1,TRUE,FALSE,"applied_mean"
"Antigua and Barbuda","ATG",2024,"20260921",20,2024-05-13,123,NA,123,123,NA,FALSE,TRUE,"no_lookup_match"
"Aruba","ABW",2024,"20260921",20,2024-05-13,57,NA,57,123,NA,FALSE,TRUE,"no_lookup_match"
"Aruba","ABW",2025,"20260921",27,2025-06-30,10,NA,10,64,NA,FALSE,TRUE,"no_lookup_match"
"Bahamas","BHS",2024,"20260921",8,2024-02-19,0,NA,0,135,NA,FALSE,TRUE,"no_lookup_match"
"Bahamas","BHS",2026,"20260921",20,2026-05-11,1,NA,1,19,NA,FALSE,TRUE,"no_lookup_match"
"Barbados","BRB",2025,"20260921",27,2025-06-30,95,NA,95,64,NA,FALSE,TRUE,"no_lookup_match"
"Barbados","BRB",2026,"20260921",27,2026-06-29,66,53,53,12,0.804799053774325,TRUE,FALSE,"applied_mean"
"Barbados","BRB",2024,"20260921",27,2024-07-01,1046,NA,1046,116,NA,FALSE,TRUE,"no_lookup_match"
"Bermuda","BMU",2024,"20260921",27,2024-07-01,0,NA,0,116,NA,FALSE,TRUE,"no_lookup_match"
"Bermuda","BMU",2025,"20260921",27,2025-06-30,0,NA,0,64,NA,FALSE,TRUE,"no_lookup_match"
"Bermuda","BMU",2026,"20260921",24,2026-06-08,2,NA,2,15,NA,FALSE,TRUE,"no_lookup_match"
"Bonaire, Saint Eustatius and Saba","BES",2024,"20260921",12,2024-03-18,207,NA,207,131,NA,FALSE,TRUE,"no_lookup_match"
"Cayman Islands","CYM",2024,"20260921",24,2024-06-10,3,NA,3,119,NA,FALSE,TRUE,"no_lookup_match"
"Cayman Islands","CYM",2025,"20260921",27,2025-06-30,0,NA,0,64,NA,FALSE,TRUE,"no_lookup_match"
"Cayman Islands","CYM",2026,"20260921",27,2026-06-29,0,0,0,12,1,TRUE,FALSE,"applied_mean"
"Curaçao","CUW",2024,"20260921",12,2024-03-18,262,NA,262,131,NA,FALSE,TRUE,"no_lookup_match"
"French Guiana","GUF",2024,"20260921",27,2024-07-01,15717,NA,15717,116,NA,FALSE,TRUE,"no_lookup_match"
"French Guiana","GUF",2025,"20260921",27,2025-06-30,232,NA,232,64,NA,FALSE,TRUE,"no_lookup_match"
"French Guiana","GUF",2026,"20260921",27,2026-06-29,11,11,11,12,1,TRUE,FALSE,"applied_mean"
"Grenada","GRD",2024,"20260921",27,2024-07-01,217,NA,217,116,NA,FALSE,TRUE,"no_lookup_match"
"Grenada","GRD",2025,"20260921",27,2025-06-30,91,NA,91,64,NA,FALSE,TRUE,"no_lookup_match"
"Grenada","GRD",2026,"20260921",27,2026-06-29,93,93,93,12,1,TRUE,FALSE,"applied_mean"
"Guadeloupe","GLP",2026,"20260921",20,2026-05-11,383,383,383,19,1,TRUE,FALSE,"applied_mean"
"Guadeloupe","GLP",2024,"20260921",27,2024-07-01,4060,NA,4060,116,NA,FALSE,TRUE,"no_lookup_match"
"Guadeloupe","GLP",2025,"20260921",25,2025-06-16,4635,NA,4635,66,NA,FALSE,TRUE,"no_lookup_match"
"Guyana","GUY",2025,"20260921",27,2025-06-30,38768,NA,38768,64,NA,FALSE,TRUE,"no_lookup_match"
"Guyana","GUY",2026,"20260921",25,2026-06-15,35768,39388,39388,14,1.10121007553855,TRUE,FALSE,"applied_mean"
"Guyana","GUY",2024,"20260921",27,2024-07-01,28756,NA,28756,116,NA,FALSE,TRUE,"no_lookup_match"
"Jamaica","JAM",2025,"20260921",27,2025-06-30,260,NA,260,64,NA,FALSE,TRUE,"no_lookup_match"
"Jamaica","JAM",2026,"20260921",27,2026-06-29,134,134,134,12,1,TRUE,FALSE,"applied_mean"
"Jamaica","JAM",2024,"20260921",27,2024-07-01,1406,NA,1406,116,NA,FALSE,TRUE,"no_lookup_match"
"Martinique","MTQ",2025,"20260921",25,2025-06-16,995,NA,995,66,NA,FALSE,TRUE,"no_lookup_match"
"Martinique","MTQ",2024,"20260921",27,2024-07-01,5805,NA,5805,116,NA,FALSE,TRUE,"no_lookup_match"
"Martinique","MTQ",2026,"20260921",20,2026-05-11,1354,1354,1354,19,1,TRUE,FALSE,"applied_mean"
"Montserrat","MSR",2024,"20260921",27,2024-07-01,2,NA,2,116,NA,FALSE,TRUE,"no_lookup_match"
"Montserrat","MSR",2025,"20260921",27,2025-06-30,1,NA,1,64,NA,FALSE,TRUE,"no_lookup_match"
"Montserrat","MSR",2026,"20260921",27,2026-06-29,0,0,0,12,1,TRUE,FALSE,"applied_mean"
"Saint Barthelemy","BLM",2025,"20260921",24,2025-06-09,20,NA,20,67,NA,FALSE,TRUE,"no_lookup_match"
"Saint Barthelemy","BLM",2026,"20260921",20,2026-05-11,0,0,0,19,1,TRUE,FALSE,"applied_mean"
"Saint Barthelemy","BLM",2024,"20260921",27,2024-07-01,143,NA,143,116,NA,FALSE,TRUE,"no_lookup_match"
"Saint Kitts and Nevis","KNA",2024,"20260921",27,2024-07-01,198,NA,198,116,NA,FALSE,TRUE,"no_lookup_match"
"Saint Kitts and Nevis","KNA",2025,"20260921",27,2025-06-30,4,NA,4,64,NA,FALSE,TRUE,"no_lookup_match"
"Saint Kitts and Nevis","KNA",2026,"20260921",13,2026-03-23,13,13,13,26,1.0137990750553,TRUE,FALSE,"applied_mean"
"Saint Lucia","LCA",2025,"20260921",27,2025-06-30,39,NA,39,64,NA,FALSE,TRUE,"no_lookup_match"
"Saint Lucia","LCA",2026,"20260921",27,2026-06-29,6,6,6,12,1,TRUE,FALSE,"applied_mean"
"Saint Lucia","LCA",2024,"20260921",27,2024-07-01,13,NA,13,116,NA,FALSE,TRUE,"no_lookup_match"
"Saint Martin",NA,2025,"20260921",25,2025-06-16,184,NA,184,66,NA,FALSE,TRUE,"no_lookup_match"
"Saint Martin",NA,2026,"20260921",20,2026-05-11,7,NA,7,19,NA,FALSE,TRUE,"no_lookup_match"
"Saint Martin",NA,2024,"20260921",27,2024-07-01,555,NA,555,116,NA,FALSE,TRUE,"no_lookup_match"
"Saint Vincent and the Grenadines","VCT",2025,"20260921",27,2025-06-30,5,NA,5,64,NA,FALSE,TRUE,"no_lookup_match"
"Saint Vincent and the Grenadines","VCT",2026,"20260921",27,2026-06-29,3,3,3,12,1,TRUE,FALSE,"applied_mean"
"Saint Vincent and the Grenadines","VCT",2024,"20260921",24,2024-06-10,18,NA,18,119,NA,FALSE,TRUE,"no_lookup_match"
"Sint Maarten","SXM",2024,"20260921",12,2024-03-18,115,NA,115,131,NA,FALSE,TRUE,"no_lookup_match"
"Sint Maarten","SXM",2025,"20260921",27,2025-06-30,6,NA,6,64,NA,FALSE,TRUE,"no_lookup_match"
"Suriname","SUR",2025,"20260921",27,2025-06-30,947,NA,947,64,NA,FALSE,TRUE,"no_lookup_match"
"Suriname","SUR",2024,"20260921",20,2024-05-13,95,NA,95,123,NA,FALSE,TRUE,"no_lookup_match"
"Suriname","SUR",2026,"20260921",19,2026-05-04,418,418,418,20,1,TRUE,FALSE,"applied_mean"
"Trinidad and Tobago","TTO",2025,"20260921",27,2025-06-30,32,NA,32,64,NA,FALSE,TRUE,"no_lookup_match"
"Trinidad and Tobago","TTO",2026,"20260921",27,2026-06-29,54,54,54,12,1,TRUE,FALSE,"applied_mean"
"Trinidad and Tobago","TTO",2024,"20260921",24,2024-06-10,348,NA,348,119,NA,FALSE,TRUE,"no_lookup_match"
"Turks and Caicos Islands","TCA",2025,"20260921",27,2025-06-30,1,NA,1,64,NA,FALSE,TRUE,"no_lookup_match"
"Turks and Caicos Islands","TCA",2026,"20260921",12,2026-03-16,8,8,8,27,1,TRUE,FALSE,"applied_mean"
"Turks and Caicos Islands","TCA",2024,"20260921",24,2024-06-10,102,NA,102,119,NA,FALSE,TRUE,"no_lookup_match"
"Virgin Islands (UK)","VGB",2024,"20260921",24,2024-06-10,9,NA,9,119,NA,FALSE,TRUE,"no_lookup_match"
"Virgin Islands (UK)","VGB",2025,"20260921",27,2025-06-30,27,NA,27,64,NA,FALSE,TRUE,"no_lookup_match"
"Virgin Islands (UK)","VGB",2026,"20260921",24,2026-06-08,15,NA,15,15,NA,FALSE,TRUE,"no_lookup_match"
"Virgin Islands (US)","VIR",2024,"20260921",27,2024-07-01,15,NA,15,116,NA,FALSE,TRUE,"no_lookup_match"
"Virgin Islands (US)","VIR",2025,"20260921",27,2025-06-30,47,NA,47,64,NA,FALSE,TRUE,"no_lookup_match"
"Virgin Islands (US)","VIR",2026,"20260921",27,2026-06-29,0,NA,0,12,NA,FALSE,TRUE,"no_lookup_match"
"Canada","CAN",2024,"20260921",28,2024-07-08,0,NA,0,115,NA,FALSE,TRUE,"no_lookup_match"
"Canada","CAN",2025,"20260921",28,2025-07-07,0,NA,0,63,NA,FALSE,TRUE,"no_lookup_match"
"Canada","CAN",2026,"20260921",28,2026-07-06,0,NA,0,11,NA,FALSE,TRUE,"no_lookup_match"
"United States of America","USA",2024,"20260921",28,2024-07-08,887,NA,887,115,NA,FALSE,TRUE,"no_lookup_match"
"United States of America","USA",2025,"20260921",28,2025-07-07,423,NA,423,63,NA,FALSE,TRUE,"no_lookup_match"
"United States of America","USA",2026,"20260921",28,2026-07-06,183,NA,183,11,NA,FALSE,TRUE,"no_lookup_match"
"Belize","BLZ",2024,"20260921",28,2024-07-08,405,NA,405,115,NA,FALSE,TRUE,"country_excluded"
"Belize","BLZ",2025,"20260921",28,2025-07-07,501,NA,501,63,NA,FALSE,TRUE,"country_excluded"
"Belize","BLZ",2026,"20260921",15,2026-04-06,317,NA,317,24,NA,FALSE,TRUE,"country_excluded"
"Costa Rica","CRI",2026,"20260921",28,2026-07-06,2051,1980,1980,11,0.965521872519681,TRUE,FALSE,"applied_mean"
"Costa Rica","CRI",2024,"20260921",28,2024-07-08,12964,NA,12964,115,NA,FALSE,TRUE,"no_lookup_match"
"Costa Rica","CRI",2025,"20260921",28,2025-07-07,1875,NA,1875,63,NA,FALSE,TRUE,"no_lookup_match"
"El Salvador","SLV",2024,"20260921",28,2024-07-08,3933,NA,3933,115,NA,FALSE,TRUE,"no_lookup_match"
"El Salvador","SLV",2025,"20260921",28,2025-07-07,2811,NA,2811,63,NA,FALSE,TRUE,"no_lookup_match"
"El Salvador","SLV",2026,"20260921",28,2026-07-06,2723,2723,2723,11,1,TRUE,FALSE,"applied_mean"
"Guatemala","GTM",2025,"20260921",28,2025-07-07,29171,NA,29171,63,NA,FALSE,TRUE,"no_lookup_match"
"Guatemala","GTM",2026,"20260921",26,2026-06-22,15679,20828,20828,13,1.32839399642986,TRUE,FALSE,"applied_mean"
"Guatemala","GTM",2024,"20260921",28,2024-07-08,68620,NA,68620,115,NA,FALSE,TRUE,"no_lookup_match"
"Honduras","HND",2024,"20260921",28,2024-07-08,74763,NA,74763,115,NA,FALSE,TRUE,"no_lookup_match"
"Honduras","HND",2025,"20260921",28,2025-07-07,10207,NA,10207,63,NA,FALSE,TRUE,"no_lookup_match"
"Honduras","HND",2026,"20260921",28,2026-07-06,5896,5896,5896,11,0.999992029332058,TRUE,FALSE,"applied_mean"
"Mexico","MEX",2024,"20260921",28,2024-07-08,133492,NA,133492,115,NA,FALSE,TRUE,"no_lookup_match"
"Mexico","MEX",2025,"20260921",28,2025-07-07,58411,NA,58411,63,NA,FALSE,TRUE,"no_lookup_match"
"Mexico","MEX",2026,"20260921",28,2026-07-06,36151,36109,36109,11,0.998832963104523,TRUE,FALSE,"applied_mean"
"Nicaragua","NIC",2025,"20260921",4,2025-01-20,5702,NA,5702,87,NA,FALSE,TRUE,"no_lookup_match"
"Nicaragua","NIC",2024,"20260921",28,2024-07-08,42055,NA,42055,115,NA,FALSE,TRUE,"no_lookup_match"
"Panama","PAN",2024,"20260921",28,2024-07-08,11249,NA,11249,115,NA,FALSE,TRUE,"no_lookup_match"
"Panama","PAN",2025,"20260921",28,2025-07-07,9058,NA,9058,63,NA,FALSE,TRUE,"no_lookup_match"
"Panama","PAN",2026,"20260921",28,2026-07-06,6225,5920,5920,11,0.95096132761314,TRUE,FALSE,"applied_mean"
"Bolivia","BOL",2024,"20260921",28,2024-07-08,48159,NA,48159,115,NA,FALSE,TRUE,"no_lookup_match"
"Bolivia","BOL",2025,"20260921",28,2025-07-07,28186,NA,28186,63,NA,FALSE,TRUE,"no_lookup_match"
"Bolivia","BOL",2026,"20260921",28,2026-07-06,57787,66157,66157,11,1.14483920217029,TRUE,FALSE,"applied_mean"
"Colombia","COL",2025,"20260921",28,2025-07-07,89387,NA,89387,63,NA,FALSE,TRUE,"no_lookup_match"
"Colombia","COL",2024,"20260921",28,2024-07-08,216698,NA,216698,115,NA,FALSE,TRUE,"no_lookup_match"
"Colombia","COL",2026,"20260921",28,2026-07-06,61627,61627,61627,11,1,TRUE,FALSE,"applied_mean"
"Ecuador","ECU",2024,"20260921",28,2024-07-08,44131,NA,44131,115,NA,FALSE,TRUE,"no_lookup_match"
"Ecuador","ECU",2025,"20260921",28,2025-07-07,30077,NA,30077,63,NA,FALSE,TRUE,"no_lookup_match"
"Ecuador","ECU",2026,"20260921",28,2026-07-06,23306,23321,23321,11,1.00065349942675,TRUE,FALSE,"applied_mean"
"Peru","PER",2024,"20260921",28,2024-07-08,256191,NA,256191,115,NA,FALSE,TRUE,"no_lookup_match"
"Peru","PER",2025,"20260921",28,2025-07-07,30380,NA,30380,63,NA,FALSE,TRUE,"no_lookup_match"
"Peru","PER",2026,"20260921",28,2026-07-06,34190,34360,34360,11,1.00497649906408,TRUE,FALSE,"applied_mean"
"Venezuela","VEN",2024,"20260921",28,2024-07-08,24195,NA,24195,115,NA,FALSE,TRUE,"no_lookup_match"
"Venezuela","VEN",2025,"20260921",28,2025-07-07,27161,NA,27161,63,NA,FALSE,TRUE,"no_lookup_match"
"Venezuela","VEN",2026,"20260921",28,2026-07-06,8890,NA,8890,11,NA,FALSE,TRUE,"no_lookup_match"
"Argentina","ARG",2024,"20260921",28,2024-07-08,581263,NA,581263,115,NA,FALSE,TRUE,"no_lookup_match"
"Argentina","ARG",2025,"20260921",28,2025-07-07,17625,NA,17625,63,NA,FALSE,TRUE,"no_lookup_match"
"Argentina","ARG",2026,"20260921",28,2026-07-06,56,69,69,11,1.23509574272432,TRUE,FALSE,"applied_mean"
"Brazil","BRA",2024,"20260921",28,2024-07-08,9530719,NA,9530719,115,NA,FALSE,TRUE,"no_lookup_match"
"Brazil","BRA",2025,"20260921",28,2025-07-07,3217957,NA,3217957,63,NA,FALSE,TRUE,"no_lookup_match"
"Brazil","BRA",2026,"20260921",28,2026-07-06,1154337,1192665,1192665,11,1.03320338220995,TRUE,FALSE,"applied_mean"
"Chile","CHL",2025,"20260921",28,2025-07-07,0,NA,0,63,NA,FALSE,TRUE,"no_lookup_match"
"Chile","CHL",2024,"20260921",28,2024-07-08,157,NA,157,115,NA,FALSE,TRUE,"no_lookup_match"
"Chile","CHL",2026,"20260921",28,2026-07-06,27,28,28,11,1.02335048696448,TRUE,FALSE,"applied_mean"
"Paraguay","PRY",2024,"20260921",28,2024-07-08,282076,NA,282076,115,NA,FALSE,TRUE,"no_lookup_match"
"Paraguay","PRY",2025,"20260921",28,2025-07-07,22061,NA,22061,63,NA,FALSE,TRUE,"no_lookup_match"
"Paraguay","PRY",2026,"20260921",28,2026-07-06,9060,8934,8934,11,0.986051668253958,TRUE,FALSE,"applied_mean"
"Uruguay","URY",2025,"20260921",28,2025-07-07,6,NA,6,63,NA,FALSE,TRUE,"no_lookup_match"
"Uruguay","URY",2026,"20260921",28,2026-07-06,0,0,0,11,1.6954484064144,TRUE,FALSE,"applied_mean"
"Uruguay","URY",2024,"20260921",28,2024-07-08,1126,NA,1126,115,NA,FALSE,TRUE,"no_lookup_match"
"Cuba","CUB",2026,"20260921",25,2026-06-15,1746,NA,1746,14,NA,FALSE,TRUE,"no_lookup_match"
"Cuba","CUB",2025,"20260921",28,2025-07-07,3945,NA,3945,63,NA,FALSE,TRUE,"no_lookup_match"
"Dominican Republic","DOM",2024,"20260921",28,2024-07-08,8602,NA,8602,115,NA,FALSE,TRUE,"no_lookup_match"
"Dominican Republic","DOM",2025,"20260921",28,2025-07-07,1109,NA,1109,63,NA,FALSE,TRUE,"no_lookup_match"
"Dominican Republic","DOM",2026,"20260921",28,2026-07-06,742,742,742,11,1,TRUE,FALSE,"applied_mean"
"Puerto Rico","PRI",2024,"20260921",28,2024-07-08,2148,NA,2148,115,NA,FALSE,TRUE,"no_lookup_match"
"Puerto Rico","PRI",2025,"20260921",28,2025-07-07,2120,NA,2120,63,NA,FALSE,TRUE,"no_lookup_match"
"Puerto Rico","PRI",2026,"20260921",28,2026-07-06,863,863,863,11,0.999710289278924,TRUE,FALSE,"applied_mean"
"Anguilla","AIA",2025,"20260921",28,2025-07-07,1,NA,1,63,NA,FALSE,TRUE,"no_lookup_match"
"Anguilla","AIA",2026,"20260921",28,2026-07-06,0,NA,0,11,NA,FALSE,TRUE,"no_lookup_match"
"Antigua and Barbuda","ATG",2025,"20260921",28,2025-07-07,7,NA,7,63,NA,FALSE,TRUE,"no_lookup_match"
"Antigua and Barbuda","ATG",2026,"20260921",28,2026-07-06,8,8,8,11,1.05927349913893,TRUE,FALSE,"applied_mean"
"Antigua and Barbuda","ATG",2024,"20260921",28,2024-07-08,151,NA,151,115,NA,FALSE,TRUE,"no_lookup_match"
"Aruba","ABW",2024,"20260921",28,2024-07-08,81,NA,81,115,NA,FALSE,TRUE,"no_lookup_match"
"Aruba","ABW",2025,"20260921",28,2025-07-07,10,NA,10,63,NA,FALSE,TRUE,"no_lookup_match"
"Bahamas","BHS",2024,"20260921",8,2024-02-19,0,NA,0,135,NA,FALSE,TRUE,"no_lookup_match"
"Bahamas","BHS",2026,"20260921",20,2026-05-11,1,NA,1,19,NA,FALSE,TRUE,"no_lookup_match"
"Barbados","BRB",2025,"20260921",28,2025-07-07,99,NA,99,63,NA,FALSE,TRUE,"no_lookup_match"
"Barbados","BRB",2026,"20260921",28,2026-07-06,66,53,53,11,0.804944723818214,TRUE,FALSE,"applied_mean"
"Barbados","BRB",2024,"20260921",28,2024-07-08,1046,NA,1046,115,NA,FALSE,TRUE,"no_lookup_match"
"Bermuda","BMU",2024,"20260921",28,2024-07-08,0,NA,0,115,NA,FALSE,TRUE,"no_lookup_match"
"Bermuda","BMU",2025,"20260921",28,2025-07-07,0,NA,0,63,NA,FALSE,TRUE,"no_lookup_match"
"Bermuda","BMU",2026,"20260921",24,2026-06-08,2,NA,2,15,NA,FALSE,TRUE,"no_lookup_match"
"Bonaire, Saint Eustatius and Saba","BES",2024,"20260921",12,2024-03-18,207,NA,207,131,NA,FALSE,TRUE,"no_lookup_match"
"Cayman Islands","CYM",2024,"20260921",28,2024-07-08,5,NA,5,115,NA,FALSE,TRUE,"no_lookup_match"
"Cayman Islands","CYM",2025,"20260921",28,2025-07-07,0,NA,0,63,NA,FALSE,TRUE,"no_lookup_match"
"Cayman Islands","CYM",2026,"20260921",28,2026-07-06,0,0,0,11,1,TRUE,FALSE,"applied_mean"
"Curaçao","CUW",2024,"20260921",12,2024-03-18,262,NA,262,131,NA,FALSE,TRUE,"no_lookup_match"
"French Guiana","GUF",2024,"20260921",28,2024-07-08,15791,NA,15791,115,NA,FALSE,TRUE,"no_lookup_match"
"French Guiana","GUF",2025,"20260921",28,2025-07-07,237,NA,237,63,NA,FALSE,TRUE,"no_lookup_match"
"French Guiana","GUF",2026,"20260921",28,2026-07-06,11,11,11,11,1,TRUE,FALSE,"applied_mean"
"Grenada","GRD",2024,"20260921",28,2024-07-08,224,NA,224,115,NA,FALSE,TRUE,"no_lookup_match"
"Grenada","GRD",2025,"20260921",28,2025-07-07,96,NA,96,63,NA,FALSE,TRUE,"no_lookup_match"
"Grenada","GRD",2026,"20260921",28,2026-07-06,96,96,96,11,1,TRUE,FALSE,"applied_mean"
"Guadeloupe","GLP",2026,"20260921",20,2026-05-11,383,383,383,19,1,TRUE,FALSE,"applied_mean"
"Guadeloupe","GLP",2024,"20260921",28,2024-07-08,4085,NA,4085,115,NA,FALSE,TRUE,"no_lookup_match"
"Guadeloupe","GLP",2025,"20260921",25,2025-06-16,4635,NA,4635,66,NA,FALSE,TRUE,"no_lookup_match"
"Guyana","GUY",2025,"20260921",28,2025-07-07,40327,NA,40327,63,NA,FALSE,TRUE,"no_lookup_match"
"Guyana","GUY",2026,"20260921",25,2026-06-15,35768,39388,39388,14,1.10121007553855,TRUE,FALSE,"applied_mean"
"Guyana","GUY",2024,"20260921",28,2024-07-08,31012,NA,31012,115,NA,FALSE,TRUE,"no_lookup_match"
"Jamaica","JAM",2025,"20260921",28,2025-07-07,269,NA,269,63,NA,FALSE,TRUE,"no_lookup_match"
"Jamaica","JAM",2026,"20260921",28,2026-07-06,145,145,145,11,1,TRUE,FALSE,"applied_mean"
"Jamaica","JAM",2024,"20260921",28,2024-07-08,1418,NA,1418,115,NA,FALSE,TRUE,"no_lookup_match"
"Martinique","MTQ",2025,"20260921",25,2025-06-16,995,NA,995,66,NA,FALSE,TRUE,"no_lookup_match"
"Martinique","MTQ",2024,"20260921",28,2024-07-08,5815,NA,5815,115,NA,FALSE,TRUE,"no_lookup_match"
"Martinique","MTQ",2026,"20260921",20,2026-05-11,1354,1354,1354,19,1,TRUE,FALSE,"applied_mean"
"Montserrat","MSR",2024,"20260921",28,2024-07-08,2,NA,2,115,NA,FALSE,TRUE,"no_lookup_match"
"Montserrat","MSR",2025,"20260921",28,2025-07-07,1,NA,1,63,NA,FALSE,TRUE,"no_lookup_match"
"Montserrat","MSR",2026,"20260921",28,2026-07-06,0,0,0,11,1,TRUE,FALSE,"applied_mean"
"Saint Barthelemy","BLM",2025,"20260921",24,2025-06-09,20,NA,20,67,NA,FALSE,TRUE,"no_lookup_match"
"Saint Barthelemy","BLM",2026,"20260921",20,2026-05-11,0,0,0,19,1,TRUE,FALSE,"applied_mean"
"Saint Barthelemy","BLM",2024,"20260921",28,2024-07-08,144,NA,144,115,NA,FALSE,TRUE,"no_lookup_match"
"Saint Kitts and Nevis","KNA",2024,"20260921",28,2024-07-08,198,NA,198,115,NA,FALSE,TRUE,"no_lookup_match"
"Saint Kitts and Nevis","KNA",2025,"20260921",28,2025-07-07,4,NA,4,63,NA,FALSE,TRUE,"no_lookup_match"
"Saint Kitts and Nevis","KNA",2026,"20260921",13,2026-03-23,13,13,13,26,1.0137990750553,TRUE,FALSE,"applied_mean"
"Saint Lucia","LCA",2025,"20260921",28,2025-07-07,41,NA,41,63,NA,FALSE,TRUE,"no_lookup_match"
"Saint Lucia","LCA",2026,"20260921",28,2026-07-06,6,6,6,11,1,TRUE,FALSE,"applied_mean"
"Saint Lucia","LCA",2024,"20260921",28,2024-07-08,15,NA,15,115,NA,FALSE,TRUE,"no_lookup_match"
"Saint Martin",NA,2025,"20260921",25,2025-06-16,184,NA,184,66,NA,FALSE,TRUE,"no_lookup_match"
"Saint Martin",NA,2026,"20260921",20,2026-05-11,7,NA,7,19,NA,FALSE,TRUE,"no_lookup_match"
"Saint Martin",NA,2024,"20260921",28,2024-07-08,556,NA,556,115,NA,FALSE,TRUE,"no_lookup_match"
"Saint Vincent and the Grenadines","VCT",2025,"20260921",28,2025-07-07,5,NA,5,63,NA,FALSE,TRUE,"no_lookup_match"
"Saint Vincent and the Grenadines","VCT",2026,"20260921",28,2026-07-06,3,3,3,11,1,TRUE,FALSE,"applied_mean"
"Saint Vincent and the Grenadines","VCT",2024,"20260921",28,2024-07-08,48,NA,48,115,NA,FALSE,TRUE,"no_lookup_match"
"Sint Maarten","SXM",2024,"20260921",28,2024-07-08,140,NA,140,115,NA,FALSE,TRUE,"no_lookup_match"
"Sint Maarten","SXM",2025,"20260921",28,2025-07-07,8,NA,8,63,NA,FALSE,TRUE,"no_lookup_match"
"Suriname","SUR",2025,"20260921",28,2025-07-07,979,NA,979,63,NA,FALSE,TRUE,"no_lookup_match"
"Suriname","SUR",2024,"20260921",20,2024-05-13,95,NA,95,123,NA,FALSE,TRUE,"no_lookup_match"
"Suriname","SUR",2026,"20260921",19,2026-05-04,418,418,418,20,1,TRUE,FALSE,"applied_mean"
"Trinidad and Tobago","TTO",2025,"20260921",28,2025-07-07,37,NA,37,63,NA,FALSE,TRUE,"no_lookup_match"
"Trinidad and Tobago","TTO",2026,"20260921",28,2026-07-06,59,59,59,11,1,TRUE,FALSE,"applied_mean"
"Trinidad and Tobago","TTO",2024,"20260921",24,2024-06-10,348,NA,348,119,NA,FALSE,TRUE,"no_lookup_match"
"Turks and Caicos Islands","TCA",2025,"20260921",28,2025-07-07,1,NA,1,63,NA,FALSE,TRUE,"no_lookup_match"
"Turks and Caicos Islands","TCA",2026,"20260921",12,2026-03-16,8,8,8,27,1,TRUE,FALSE,"applied_mean"
"Turks and Caicos Islands","TCA",2024,"20260921",28,2024-07-08,110,NA,110,115,NA,FALSE,TRUE,"no_lookup_match"
"Virgin Islands (UK)","VGB",2024,"20260921",28,2024-07-08,21,NA,21,115,NA,FALSE,TRUE,"no_lookup_match"
"Virgin Islands (UK)","VGB",2025,"20260921",28,2025-07-07,28,NA,28,63,NA,FALSE,TRUE,"no_lookup_match"
"Virgin Islands (UK)","VGB",2026,"20260921",24,2026-06-08,15,NA,15,15,NA,FALSE,TRUE,"no_lookup_match"
"Virgin Islands (US)","VIR",2024,"20260921",28,2024-07-08,17,NA,17,115,NA,FALSE,TRUE,"no_lookup_match"
"Virgin Islands (US)","VIR",2025,"20260921",28,2025-07-07,47,NA,47,63,NA,FALSE,TRUE,"no_lookup_match"
"Virgin Islands (US)","VIR",2026,"20260921",28,2026-07-06,0,NA,0,11,NA,FALSE,TRUE,"no_lookup_match"
"Canada","CAN",2024,"20260921",29,2024-07-15,0,NA,0,114,NA,FALSE,TRUE,"no_lookup_match"
"Canada","CAN",2025,"20260921",29,2025-07-14,0,NA,0,62,NA,FALSE,TRUE,"no_lookup_match"
"Canada","CAN",2026,"20260921",29,2026-07-13,0,NA,0,10,NA,FALSE,TRUE,"no_lookup_match"
"United States of America","USA",2024,"20260921",29,2024-07-15,932,NA,932,114,NA,FALSE,TRUE,"no_lookup_match"
"United States of America","USA",2025,"20260921",29,2025-07-14,447,NA,447,62,NA,FALSE,TRUE,"no_lookup_match"
"United States of America","USA",2026,"20260921",29,2026-07-13,194,NA,194,10,NA,FALSE,TRUE,"no_lookup_match"
"Belize","BLZ",2024,"20260921",29,2024-07-15,434,NA,434,114,NA,FALSE,TRUE,"country_excluded"
"Belize","BLZ",2025,"20260921",29,2025-07-14,571,NA,571,62,NA,FALSE,TRUE,"country_excluded"
"Belize","BLZ",2026,"20260921",15,2026-04-06,317,NA,317,24,NA,FALSE,TRUE,"country_excluded"
"Costa Rica","CRI",2026,"20260921",29,2026-07-13,2323,2231,2231,10,0.960306730281872,TRUE,FALSE,"applied_mean"
"Costa Rica","CRI",2024,"20260921",29,2024-07-15,14046,NA,14046,114,NA,FALSE,TRUE,"no_lookup_match"
"Costa Rica","CRI",2025,"20260921",29,2025-07-14,1980,NA,1980,62,NA,FALSE,TRUE,"no_lookup_match"
"El Salvador","SLV",2024,"20260921",29,2024-07-15,4188,NA,4188,114,NA,FALSE,TRUE,"no_lookup_match"
"El Salvador","SLV",2025,"20260921",29,2025-07-14,2998,NA,2998,62,NA,FALSE,TRUE,"no_lookup_match"
"El Salvador","SLV",2026,"20260921",29,2026-07-13,2869,2869,2869,10,1,TRUE,FALSE,"applied_mean"
"Guatemala","GTM",2025,"20260921",29,2025-07-14,30318,NA,30318,62,NA,FALSE,TRUE,"no_lookup_match"
"Guatemala","GTM",2026,"20260921",26,2026-06-22,15679,20828,20828,13,1.32839399642986,TRUE,FALSE,"applied_mean"
"Guatemala","GTM",2024,"20260921",29,2024-07-15,74854,NA,74854,114,NA,FALSE,TRUE,"no_lookup_match"
"Honduras","HND",2024,"20260921",29,2024-07-15,83220,NA,83220,114,NA,FALSE,TRUE,"no_lookup_match"
"Honduras","HND",2025,"20260921",29,2025-07-14,10591,NA,10591,62,NA,FALSE,TRUE,"no_lookup_match"
"Honduras","HND",2026,"20260921",29,2026-07-13,6366,6366,6366,10,0.999937539590942,TRUE,FALSE,"applied_mean"
"Mexico","MEX",2024,"20260921",29,2024-07-15,145496,NA,145496,114,NA,FALSE,TRUE,"no_lookup_match"
"Mexico","MEX",2025,"20260921",29,2025-07-14,61337,NA,61337,62,NA,FALSE,TRUE,"no_lookup_match"
"Mexico","MEX",2026,"20260921",29,2026-07-13,38013,37966,37966,10,0.998750536645482,TRUE,FALSE,"applied_mean"
"Nicaragua","NIC",2025,"20260921",4,2025-01-20,5702,NA,5702,87,NA,FALSE,TRUE,"no_lookup_match"
"Nicaragua","NIC",2024,"20260921",29,2024-07-15,43823,NA,43823,114,NA,FALSE,TRUE,"no_lookup_match"
"Panama","PAN",2024,"20260921",29,2024-07-15,12659,NA,12659,114,NA,FALSE,TRUE,"no_lookup_match"
"Panama","PAN",2025,"20260921",29,2025-07-14,9661,NA,9661,62,NA,FALSE,TRUE,"no_lookup_match"
"Panama","PAN",2026,"20260921",29,2026-07-13,6752,6420,6420,10,0.950857510422068,TRUE,FALSE,"applied_mean"
"Bolivia","BOL",2024,"20260921",29,2024-07-15,48333,NA,48333,114,NA,FALSE,TRUE,"no_lookup_match"
"Bolivia","BOL",2025,"20260921",29,2025-07-14,28484,NA,28484,62,NA,FALSE,TRUE,"no_lookup_match"
"Bolivia","BOL",2026,"20260921",29,2026-07-13,57977,66595,66595,10,1.14863921202249,TRUE,FALSE,"applied_mean"
"Colombia","COL",2025,"20260921",29,2025-07-14,91053,NA,91053,62,NA,FALSE,TRUE,"no_lookup_match"
"Colombia","COL",2024,"20260921",29,2024-07-15,223920,NA,223920,114,NA,FALSE,TRUE,"no_lookup_match"
"Colombia","COL",2026,"20260921",29,2026-07-13,64019,64019,64019,10,1,TRUE,FALSE,"applied_mean"
"Ecuador","ECU",2024,"20260921",29,2024-07-15,45388,NA,45388,114,NA,FALSE,TRUE,"no_lookup_match"
"Ecuador","ECU",2025,"20260921",29,2025-07-14,30779,NA,30779,62,NA,FALSE,TRUE,"no_lookup_match"
"Ecuador","ECU",2026,"20260921",29,2026-07-13,24705,24721,24721,10,1.00064505202091,TRUE,FALSE,"applied_mean"
"Peru","PER",2024,"20260921",29,2024-07-15,256716,NA,256716,114,NA,FALSE,TRUE,"no_lookup_match"
"Peru","PER",2025,"20260921",29,2025-07-14,30716,NA,30716,62,NA,FALSE,TRUE,"no_lookup_match"
"Peru","PER",2026,"20260921",29,2026-07-13,35784,35941,35941,10,1.00438534560072,TRUE,FALSE,"applied_mean"
"Venezuela","VEN",2024,"20260921",29,2024-07-15,25970,NA,25970,114,NA,FALSE,TRUE,"no_lookup_match"
"Venezuela","VEN",2025,"20260921",29,2025-07-14,27990,NA,27990,62,NA,FALSE,TRUE,"no_lookup_match"
"Venezuela","VEN",2026,"20260921",29,2026-07-13,9234,NA,9234,10,NA,FALSE,TRUE,"no_lookup_match"
"Argentina","ARG",2024,"20260921",29,2024-07-15,581266,NA,581266,114,NA,FALSE,TRUE,"no_lookup_match"
"Argentina","ARG",2025,"20260921",29,2025-07-14,17630,NA,17630,62,NA,FALSE,TRUE,"no_lookup_match"
"Argentina","ARG",2026,"20260921",29,2026-07-13,56,67,67,10,1.20065431041268,TRUE,FALSE,"applied_mean"
"Brazil","BRA",2024,"20260921",29,2024-07-15,9572039,NA,9572039,114,NA,FALSE,TRUE,"no_lookup_match"
"Brazil","BRA",2025,"20260921",29,2025-07-14,3240694,NA,3240694,62,NA,FALSE,TRUE,"no_lookup_match"
"Brazil","BRA",2026,"20260921",29,2026-07-13,1173855,1216956,1216956,10,1.0367177443129,TRUE,FALSE,"applied_mean"
"Chile","CHL",2025,"20260921",29,2025-07-14,0,NA,0,62,NA,FALSE,TRUE,"no_lookup_match"
"Chile","CHL",2024,"20260921",29,2024-07-15,157,NA,157,114,NA,FALSE,TRUE,"no_lookup_match"
"Chile","CHL",2026,"20260921",29,2026-07-13,27,27,27,10,1.01361216424291,TRUE,FALSE,"applied_mean"
"Paraguay","PRY",2024,"20260921",29,2024-07-15,282415,NA,282415,114,NA,FALSE,TRUE,"no_lookup_match"
"Paraguay","PRY",2025,"20260921",29,2025-07-14,22275,NA,22275,62,NA,FALSE,TRUE,"no_lookup_match"
"Paraguay","PRY",2026,"20260921",29,2026-07-13,9170,9037,9037,10,0.985473085814675,TRUE,FALSE,"applied_mean"
"Uruguay","URY",2025,"20260921",29,2025-07-14,6,NA,6,62,NA,FALSE,TRUE,"no_lookup_match"
"Uruguay","URY",2026,"20260921",29,2026-07-13,0,0,0,10,1.66391118225382,TRUE,FALSE,"applied_mean"
"Uruguay","URY",2024,"20260921",29,2024-07-15,1126,NA,1126,114,NA,FALSE,TRUE,"no_lookup_match"
"Cuba","CUB",2026,"20260921",25,2026-06-15,1746,NA,1746,14,NA,FALSE,TRUE,"no_lookup_match"
"Cuba","CUB",2025,"20260921",28,2025-07-07,3945,NA,3945,63,NA,FALSE,TRUE,"no_lookup_match"
"Dominican Republic","DOM",2024,"20260921",29,2024-07-15,8731,NA,8731,114,NA,FALSE,TRUE,"no_lookup_match"
"Dominican Republic","DOM",2025,"20260921",29,2025-07-14,1138,NA,1138,62,NA,FALSE,TRUE,"no_lookup_match"
"Dominican Republic","DOM",2026,"20260921",29,2026-07-13,794,794,794,10,1,TRUE,FALSE,"applied_mean"
"Puerto Rico","PRI",2024,"20260921",29,2024-07-15,2310,NA,2310,114,NA,FALSE,TRUE,"no_lookup_match"
"Puerto Rico","PRI",2025,"20260921",29,2025-07-14,2171,NA,2171,62,NA,FALSE,TRUE,"no_lookup_match"
"Puerto Rico","PRI",2026,"20260921",29,2026-07-13,867,867,867,10,1.00028393851411,TRUE,FALSE,"applied_mean"
"Anguilla","AIA",2025,"20260921",29,2025-07-14,1,NA,1,62,NA,FALSE,TRUE,"no_lookup_match"
"Anguilla","AIA",2026,"20260921",29,2026-07-13,0,NA,0,10,NA,FALSE,TRUE,"no_lookup_match"
"Antigua and Barbuda","ATG",2025,"20260921",29,2025-07-14,7,NA,7,62,NA,FALSE,TRUE,"no_lookup_match"
"Antigua and Barbuda","ATG",2026,"20260921",28,2026-07-06,8,8,8,11,1.05927349913893,TRUE,FALSE,"applied_mean"
"Antigua and Barbuda","ATG",2024,"20260921",29,2024-07-15,151,NA,151,114,NA,FALSE,TRUE,"no_lookup_match"
"Aruba","ABW",2024,"20260921",29,2024-07-15,81,NA,81,114,NA,FALSE,TRUE,"no_lookup_match"
"Aruba","ABW",2025,"20260921",29,2025-07-14,10,NA,10,62,NA,FALSE,TRUE,"no_lookup_match"
"Bahamas","BHS",2024,"20260921",8,2024-02-19,0,NA,0,135,NA,FALSE,TRUE,"no_lookup_match"
"Bahamas","BHS",2026,"20260921",20,2026-05-11,1,NA,1,19,NA,FALSE,TRUE,"no_lookup_match"
"Barbados","BRB",2025,"20260921",29,2025-07-14,101,NA,101,62,NA,FALSE,TRUE,"no_lookup_match"
"Barbados","BRB",2026,"20260921",29,2026-07-13,66,54,54,10,0.811234755033984,TRUE,FALSE,"applied_mean"
"Barbados","BRB",2024,"20260921",29,2024-07-15,1049,NA,1049,114,NA,FALSE,TRUE,"no_lookup_match"
"Bermuda","BMU",2024,"20260921",29,2024-07-15,0,NA,0,114,NA,FALSE,TRUE,"no_lookup_match"
"Bermuda","BMU",2025,"20260921",29,2025-07-14,0,NA,0,62,NA,FALSE,TRUE,"no_lookup_match"
"Bermuda","BMU",2026,"20260921",24,2026-06-08,2,NA,2,15,NA,FALSE,TRUE,"no_lookup_match"
"Bonaire, Saint Eustatius and Saba","BES",2024,"20260921",12,2024-03-18,207,NA,207,131,NA,FALSE,TRUE,"no_lookup_match"
"Cayman Islands","CYM",2024,"20260921",29,2024-07-15,5,NA,5,114,NA,FALSE,TRUE,"no_lookup_match"
"Cayman Islands","CYM",2025,"20260921",29,2025-07-14,0,NA,0,62,NA,FALSE,TRUE,"no_lookup_match"
"Cayman Islands","CYM",2026,"20260921",29,2026-07-13,0,0,0,10,1,TRUE,FALSE,"applied_mean"
"Curaçao","CUW",2024,"20260921",12,2024-03-18,262,NA,262,131,NA,FALSE,TRUE,"no_lookup_match"
"French Guiana","GUF",2024,"20260921",29,2024-07-15,15893,NA,15893,114,NA,FALSE,TRUE,"no_lookup_match"
"French Guiana","GUF",2025,"20260921",29,2025-07-14,237,NA,237,62,NA,FALSE,TRUE,"no_lookup_match"
"French Guiana","GUF",2026,"20260921",29,2026-07-13,11,11,11,10,1,TRUE,FALSE,"applied_mean"
"Grenada","GRD",2024,"20260921",29,2024-07-15,238,NA,238,114,NA,FALSE,TRUE,"no_lookup_match"
"Grenada","GRD",2025,"20260921",29,2025-07-14,102,NA,102,62,NA,FALSE,TRUE,"no_lookup_match"
"Grenada","GRD",2026,"20260921",29,2026-07-13,98,98,98,10,1,TRUE,FALSE,"applied_mean"
"Guadeloupe","GLP",2026,"20260921",20,2026-05-11,383,383,383,19,1,TRUE,FALSE,"applied_mean"
"Guadeloupe","GLP",2024,"20260921",29,2024-07-15,4125,NA,4125,114,NA,FALSE,TRUE,"no_lookup_match"
"Guadeloupe","GLP",2025,"20260921",25,2025-06-16,4635,NA,4635,66,NA,FALSE,TRUE,"no_lookup_match"
"Guyana","GUY",2025,"20260921",29,2025-07-14,41895,NA,41895,62,NA,FALSE,TRUE,"no_lookup_match"
"Guyana","GUY",2026,"20260921",25,2026-06-15,35768,39388,39388,14,1.10121007553855,TRUE,FALSE,"applied_mean"
"Guyana","GUY",2024,"20260921",29,2024-07-15,32233,NA,32233,114,NA,FALSE,TRUE,"no_lookup_match"
"Jamaica","JAM",2025,"20260921",29,2025-07-14,269,NA,269,62,NA,FALSE,TRUE,"no_lookup_match"
"Jamaica","JAM",2026,"20260921",29,2026-07-13,145,145,145,10,1,TRUE,FALSE,"applied_mean"
"Jamaica","JAM",2024,"20260921",29,2024-07-15,1451,NA,1451,114,NA,FALSE,TRUE,"no_lookup_match"
"Martinique","MTQ",2025,"20260921",25,2025-06-16,995,NA,995,66,NA,FALSE,TRUE,"no_lookup_match"
"Martinique","MTQ",2024,"20260921",29,2024-07-15,5925,NA,5925,114,NA,FALSE,TRUE,"no_lookup_match"
"Martinique","MTQ",2026,"20260921",20,2026-05-11,1354,1354,1354,19,1,TRUE,FALSE,"applied_mean"
"Montserrat","MSR",2024,"20260921",29,2024-07-15,2,NA,2,114,NA,FALSE,TRUE,"no_lookup_match"
"Montserrat","MSR",2025,"20260921",29,2025-07-14,1,NA,1,62,NA,FALSE,TRUE,"no_lookup_match"
"Montserrat","MSR",2026,"20260921",29,2026-07-13,0,0,0,10,1,TRUE,FALSE,"applied_mean"
"Saint Barthelemy","BLM",2025,"20260921",24,2025-06-09,20,NA,20,67,NA,FALSE,TRUE,"no_lookup_match"
"Saint Barthelemy","BLM",2026,"20260921",20,2026-05-11,0,0,0,19,1,TRUE,FALSE,"applied_mean"
"Saint Barthelemy","BLM",2024,"20260921",29,2024-07-15,144,NA,144,114,NA,FALSE,TRUE,"no_lookup_match"
"Saint Kitts and Nevis","KNA",2024,"20260921",29,2024-07-15,198,NA,198,114,NA,FALSE,TRUE,"no_lookup_match"
"Saint Kitts and Nevis","KNA",2025,"20260921",29,2025-07-14,4,NA,4,62,NA,FALSE,TRUE,"no_lookup_match"
"Saint Kitts and Nevis","KNA",2026,"20260921",13,2026-03-23,13,13,13,26,1.0137990750553,TRUE,FALSE,"applied_mean"
"Saint Lucia","LCA",2025,"20260921",29,2025-07-14,42,NA,42,62,NA,FALSE,TRUE,"no_lookup_match"
"Saint Lucia","LCA",2026,"20260921",29,2026-07-13,7,7,7,10,1,TRUE,FALSE,"applied_mean"
"Saint Lucia","LCA",2024,"20260921",29,2024-07-15,17,NA,17,114,NA,FALSE,TRUE,"no_lookup_match"
"Saint Martin",NA,2025,"20260921",25,2025-06-16,184,NA,184,66,NA,FALSE,TRUE,"no_lookup_match"
"Saint Martin",NA,2026,"20260921",20,2026-05-11,7,NA,7,19,NA,FALSE,TRUE,"no_lookup_match"
"Saint Martin",NA,2024,"20260921",29,2024-07-15,561,NA,561,114,NA,FALSE,TRUE,"no_lookup_match"
"Saint Vincent and the Grenadines","VCT",2025,"20260921",29,2025-07-14,5,NA,5,62,NA,FALSE,TRUE,"no_lookup_match"
"Saint Vincent and the Grenadines","VCT",2026,"20260921",29,2026-07-13,3,3,3,10,1,TRUE,FALSE,"applied_mean"
"Saint Vincent and the Grenadines","VCT",2024,"20260921",28,2024-07-08,48,NA,48,115,NA,FALSE,TRUE,"no_lookup_match"
"Sint Maarten","SXM",2024,"20260921",29,2024-07-15,140,NA,140,114,NA,FALSE,TRUE,"no_lookup_match"
"Sint Maarten","SXM",2025,"20260921",28,2025-07-07,8,NA,8,63,NA,FALSE,TRUE,"no_lookup_match"
"Suriname","SUR",2025,"20260921",29,2025-07-14,1018,NA,1018,62,NA,FALSE,TRUE,"no_lookup_match"
"Suriname","SUR",2024,"20260921",20,2024-05-13,95,NA,95,123,NA,FALSE,TRUE,"no_lookup_match"
"Suriname","SUR",2026,"20260921",19,2026-05-04,418,418,418,20,1,TRUE,FALSE,"applied_mean"
"Trinidad and Tobago","TTO",2025,"20260921",29,2025-07-14,37,NA,37,62,NA,FALSE,TRUE,"no_lookup_match"
"Trinidad and Tobago","TTO",2026,"20260921",29,2026-07-13,64,64,64,10,1,TRUE,FALSE,"applied_mean"
"Trinidad and Tobago","TTO",2024,"20260921",24,2024-06-10,348,NA,348,119,NA,FALSE,TRUE,"no_lookup_match"
"Turks and Caicos Islands","TCA",2025,"20260921",29,2025-07-14,1,NA,1,62,NA,FALSE,TRUE,"no_lookup_match"
"Turks and Caicos Islands","TCA",2026,"20260921",12,2026-03-16,8,8,8,27,1,TRUE,FALSE,"applied_mean"
"Turks and Caicos Islands","TCA",2024,"20260921",29,2024-07-15,110,NA,110,114,NA,FALSE,TRUE,"no_lookup_match"
"Virgin Islands (UK)","VGB",2024,"20260921",28,2024-07-08,21,NA,21,115,NA,FALSE,TRUE,"no_lookup_match"
"Virgin Islands (UK)","VGB",2025,"20260921",29,2025-07-14,28,NA,28,62,NA,FALSE,TRUE,"no_lookup_match"
"Virgin Islands (UK)","VGB",2026,"20260921",24,2026-06-08,15,NA,15,15,NA,FALSE,TRUE,"no_lookup_match"
"Virgin Islands (US)","VIR",2024,"20260921",29,2024-07-15,20,NA,20,114,NA,FALSE,TRUE,"no_lookup_match"
"Virgin Islands (US)","VIR",2025,"20260921",29,2025-07-14,47,NA,47,62,NA,FALSE,TRUE,"no_lookup_match"
"Virgin Islands (US)","VIR",2026,"20260921",29,2026-07-13,0,NA,0,10,NA,FALSE,TRUE,"no_lookup_match"
"Canada","CAN",2024,"20260921",2,2024-01-08,0,NA,0,141,NA,FALSE,TRUE,"no_lookup_match"
"Canada","CAN",2025,"20260921",2,2025-01-06,0,NA,0,89,NA,FALSE,TRUE,"no_lookup_match"
"Canada","CAN",2026,"20260921",2,2026-01-05,0,NA,0,37,NA,FALSE,TRUE,"no_lookup_match"
"United States of America","USA",2024,"20260921",2,2024-01-08,0,NA,0,141,NA,FALSE,TRUE,"no_lookup_match"
"United States of America","USA",2025,"20260921",2,2025-01-06,23,NA,23,89,NA,FALSE,TRUE,"no_lookup_match"
"United States of America","USA",2026,"20260921",2,2026-01-05,6,NA,6,37,NA,FALSE,TRUE,"no_lookup_match"
"Belize","BLZ",2024,"20260921",2,2024-01-08,30,NA,30,141,NA,FALSE,TRUE,"country_excluded"
"Belize","BLZ",2025,"20260921",2,2025-01-06,26,NA,26,89,NA,FALSE,TRUE,"country_excluded"
"Belize","BLZ",2026,"20260921",2,2026-01-05,87,NA,87,37,NA,FALSE,TRUE,"country_excluded"
"Costa Rica","CRI",2024,"20260921",2,2024-01-08,1652,NA,1652,141,NA,FALSE,TRUE,"no_lookup_match"
"Costa Rica","CRI",2025,"20260921",2,2025-01-06,283,NA,283,89,NA,FALSE,TRUE,"no_lookup_match"
"Costa Rica","CRI",2026,"20260921",2,2026-01-05,132,132,132,37,1,TRUE,FALSE,"applied_mean"
"El Salvador","SLV",2025,"20260921",2,2025-01-06,158,NA,158,89,NA,FALSE,TRUE,"no_lookup_match"
"El Salvador","SLV",2024,"20260921",2,2024-01-08,160,NA,160,141,NA,FALSE,TRUE,"no_lookup_match"
"El Salvador","SLV",2026,"20260921",2,2026-01-05,397,397,397,37,1,TRUE,FALSE,"applied_mean"
"Guatemala","GTM",2025,"20260921",2,2025-01-06,1534,NA,1534,89,NA,FALSE,TRUE,"no_lookup_match"
"Guatemala","GTM",2024,"20260921",2,2024-01-08,3362,NA,3362,141,NA,FALSE,TRUE,"no_lookup_match"
"Guatemala","GTM",2026,"20260921",2,2026-01-05,1093,1093,1093,37,1,TRUE,FALSE,"applied_mean"
"Honduras","HND",2025,"20260921",2,2025-01-06,479,NA,479,89,NA,FALSE,TRUE,"no_lookup_match"
"Honduras","HND",2026,"20260921",2,2026-01-05,516,516,516,37,1,TRUE,FALSE,"applied_mean"
"Honduras","HND",2024,"20260921",2,2024-01-08,1510,NA,1510,141,NA,FALSE,TRUE,"no_lookup_match"
"Mexico","MEX",2024,"20260921",2,2024-01-08,8185,NA,8185,141,NA,FALSE,TRUE,"no_lookup_match"
"Mexico","MEX",2025,"20260921",2,2025-01-06,4389,NA,4389,89,NA,FALSE,TRUE,"no_lookup_match"
"Mexico","MEX",2026,"20260921",2,2026-01-05,2651,2651,2651,37,1,TRUE,FALSE,"applied_mean"
"Nicaragua","NIC",2025,"20260921",2,2025-01-06,2562,NA,2562,89,NA,FALSE,TRUE,"no_lookup_match"
"Nicaragua","NIC",2024,"20260921",2,2024-01-08,3494,NA,3494,141,NA,FALSE,TRUE,"no_lookup_match"
"Panama","PAN",2024,"20260921",2,2024-01-08,1039,NA,1039,141,NA,FALSE,TRUE,"no_lookup_match"
"Panama","PAN",2025,"20260921",2,2025-01-06,873,NA,873,89,NA,FALSE,TRUE,"no_lookup_match"
"Panama","PAN",2026,"20260921",2,2026-01-05,437,437,437,37,1,TRUE,FALSE,"applied_mean"
"Bolivia","BOL",2026,"20260921",2,2026-01-05,3239,3239,3239,37,1,TRUE,FALSE,"applied_mean"
"Bolivia","BOL",2024,"20260921",2,2024-01-08,2962,NA,2962,141,NA,FALSE,TRUE,"no_lookup_match"
"Bolivia","BOL",2025,"20260921",2,2025-01-06,1717,NA,1717,89,NA,FALSE,TRUE,"no_lookup_match"
"Colombia","COL",2025,"20260921",2,2025-01-06,6765,NA,6765,89,NA,FALSE,TRUE,"no_lookup_match"
"Colombia","COL",2024,"20260921",2,2024-01-08,9798,NA,9798,141,NA,FALSE,TRUE,"no_lookup_match"
"Colombia","COL",2026,"20260921",2,2026-01-05,4542,4542,4542,37,1,TRUE,FALSE,"applied_mean"
"Ecuador","ECU",2024,"20260921",2,2024-01-08,1467,NA,1467,141,NA,FALSE,TRUE,"no_lookup_match"
"Ecuador","ECU",2025,"20260921",2,2025-01-06,1340,NA,1340,89,NA,FALSE,TRUE,"no_lookup_match"
"Ecuador","ECU",2026,"20260921",2,2026-01-05,565,566,566,37,1.0023699126301,TRUE,FALSE,"applied_mean"
"Peru","PER",2024,"20260921",2,2024-01-08,3374,NA,3374,141,NA,FALSE,TRUE,"no_lookup_match"
"Peru","PER",2025,"20260921",2,2025-01-06,2105,NA,2105,89,NA,FALSE,TRUE,"no_lookup_match"
"Peru","PER",2026,"20260921",2,2026-01-05,889,838,838,37,0.942189130194011,TRUE,FALSE,"applied_mean"
"Venezuela","VEN",2024,"20260921",2,2024-01-08,1145,NA,1145,141,NA,FALSE,TRUE,"no_lookup_match"
"Venezuela","VEN",2025,"20260921",2,2025-01-06,1945,NA,1945,89,NA,FALSE,TRUE,"no_lookup_match"
"Venezuela","VEN",2026,"20260921",2,2026-01-05,773,NA,773,37,NA,FALSE,TRUE,"no_lookup_match"
"Argentina","ARG",2026,"20260921",2,2026-01-05,4,4,4,37,1.08644195938256,TRUE,FALSE,"applied_mean"
"Argentina","ARG",2024,"20260921",2,2024-01-08,11151,NA,11151,141,NA,FALSE,TRUE,"no_lookup_match"
"Argentina","ARG",2025,"20260921",2,2025-01-06,57,NA,57,89,NA,FALSE,TRUE,"no_lookup_match"
"Brazil","BRA",2024,"20260921",2,2024-01-08,183764,NA,183764,141,NA,FALSE,TRUE,"no_lookup_match"
"Brazil","BRA",2025,"20260921",2,2025-01-06,146979,NA,146979,89,NA,FALSE,TRUE,"no_lookup_match"
"Brazil","BRA",2026,"20260921",2,2026-01-05,63361,63364,63364,37,1.00005298245428,TRUE,FALSE,"applied_mean"
"Chile","CHL",2024,"20260921",2,2024-01-08,0,NA,0,141,NA,FALSE,TRUE,"no_lookup_match"
"Chile","CHL",2025,"20260921",2,2025-01-06,0,NA,0,89,NA,FALSE,TRUE,"no_lookup_match"
"Chile","CHL",2026,"20260921",2,2026-01-05,0,NA,0,37,NA,FALSE,TRUE,"no_lookup_match"
"Paraguay","PRY",2025,"20260921",2,2025-01-06,1866,NA,1866,89,NA,FALSE,TRUE,"no_lookup_match"
"Paraguay","PRY",2026,"20260921",2,2026-01-05,1272,1272,1272,37,1,TRUE,FALSE,"applied_mean"
"Paraguay","PRY",2024,"20260921",2,2024-01-08,34359,NA,34359,141,NA,FALSE,TRUE,"no_lookup_match"
"Uruguay","URY",2024,"20260921",2,2024-01-08,5,NA,5,141,NA,FALSE,TRUE,"no_lookup_match"
"Uruguay","URY",2025,"20260921",2,2025-01-06,0,NA,0,89,NA,FALSE,TRUE,"no_lookup_match"
"Uruguay","URY",2026,"20260921",2,2026-01-05,0,0,0,37,1,TRUE,FALSE,"applied_mean"
"Cuba","CUB",2026,"20260921",2,2026-01-05,356,NA,356,37,NA,FALSE,TRUE,"no_lookup_match"
"Dominican Republic","DOM",2024,"20260921",2,2024-01-08,1400,NA,1400,141,NA,FALSE,TRUE,"no_lookup_match"
"Dominican Republic","DOM",2025,"20260921",2,2025-01-06,75,NA,75,89,NA,FALSE,TRUE,"no_lookup_match"
"Dominican Republic","DOM",2026,"20260921",2,2026-01-05,46,46,46,37,1,TRUE,FALSE,"applied_mean"
"Puerto Rico","PRI",2024,"20260921",2,2024-01-08,97,NA,97,141,NA,FALSE,TRUE,"no_lookup_match"
"Puerto Rico","PRI",2025,"20260921",2,2025-01-06,254,NA,254,89,NA,FALSE,TRUE,"no_lookup_match"
"Puerto Rico","PRI",2026,"20260921",2,2026-01-05,106,106,106,37,1,TRUE,FALSE,"applied_mean"
"Anguilla","AIA",2025,"20260921",2,2025-01-06,0,NA,0,89,NA,FALSE,TRUE,"no_lookup_match"
"Anguilla","AIA",2026,"20260921",2,2026-01-05,0,NA,0,37,NA,FALSE,TRUE,"no_lookup_match"
"Antigua and Barbuda","ATG",2025,"20260921",2,2025-01-06,0,NA,0,89,NA,FALSE,TRUE,"no_lookup_match"
"Antigua and Barbuda","ATG",2026,"20260921",2,2026-01-05,0,0,0,37,1,TRUE,FALSE,"applied_mean"
"Aruba","ABW",2024,"20260921",2,2024-01-08,1,NA,1,141,NA,FALSE,TRUE,"no_lookup_match"
"Aruba","ABW",2025,"20260921",2,2025-01-06,0,NA,0,89,NA,FALSE,TRUE,"no_lookup_match"
"Bahamas","BHS",2024,"20260921",2,2024-01-08,0,NA,0,141,NA,FALSE,TRUE,"no_lookup_match"
"Bahamas","BHS",2026,"20260921",2,2026-01-05,0,0,0,37,1,TRUE,FALSE,"applied_mean"
"Barbados","BRB",2025,"20260921",2,2025-01-06,5,NA,5,89,NA,FALSE,TRUE,"no_lookup_match"
"Barbados","BRB",2026,"20260921",2,2026-01-05,4,4,4,37,1,TRUE,FALSE,"applied_mean"
"Barbados","BRB",2024,"20260921",2,2024-01-08,193,NA,193,141,NA,FALSE,TRUE,"no_lookup_match"
"Bermuda","BMU",2024,"20260921",2,2024-01-08,0,NA,0,141,NA,FALSE,TRUE,"no_lookup_match"
"Bermuda","BMU",2025,"20260921",2,2025-01-06,0,NA,0,89,NA,FALSE,TRUE,"no_lookup_match"
"Bermuda","BMU",2026,"20260921",2,2026-01-05,0,0,0,37,1,TRUE,FALSE,"applied_mean"
"Bonaire, Saint Eustatius and Saba","BES",2024,"20260921",2,2024-01-08,30,NA,30,141,NA,FALSE,TRUE,"no_lookup_match"
"Cayman Islands","CYM",2024,"20260921",2,2024-01-08,0,NA,0,141,NA,FALSE,TRUE,"no_lookup_match"
"Cayman Islands","CYM",2025,"20260921",2,2025-01-06,0,NA,0,89,NA,FALSE,TRUE,"no_lookup_match"
"Cayman Islands","CYM",2026,"20260921",2,2026-01-05,0,0,0,37,1,TRUE,FALSE,"applied_mean"
"Curaçao","CUW",2024,"20260921",2,2024-01-08,9,NA,9,141,NA,FALSE,TRUE,"no_lookup_match"
"French Guiana","GUF",2026,"20260921",2,2026-01-05,0,0,0,37,1,TRUE,FALSE,"applied_mean"
"French Guiana","GUF",2024,"20260921",2,2024-01-08,1404,NA,1404,141,NA,FALSE,TRUE,"no_lookup_match"
"Grenada","GRD",2024,"20260921",2,2024-01-08,20,NA,20,141,NA,FALSE,TRUE,"no_lookup_match"
"Grenada","GRD",2025,"20260921",2,2025-01-06,5,NA,5,89,NA,FALSE,TRUE,"no_lookup_match"
"Grenada","GRD",2026,"20260921",2,2026-01-05,3,3,3,37,1,TRUE,FALSE,"applied_mean"
"Guadeloupe","GLP",2026,"20260921",2,2026-01-05,22,22,22,37,1,TRUE,FALSE,"applied_mean"
"Guadeloupe","GLP",2024,"20260921",2,2024-01-08,650,NA,650,141,NA,FALSE,TRUE,"no_lookup_match"
"Guadeloupe","GLP",2025,"20260921",2,2025-01-06,580,NA,580,89,NA,FALSE,TRUE,"no_lookup_match"
"Guyana","GUY",2024,"20260921",2,2024-01-08,1014,NA,1014,141,NA,FALSE,TRUE,"no_lookup_match"
"Guyana","GUY",2025,"20260921",2,2025-01-06,1771,NA,1771,89,NA,FALSE,TRUE,"no_lookup_match"
"Guyana","GUY",2026,"20260921",2,2026-01-05,4793,4867,4867,37,1.01541000892828,TRUE,FALSE,"applied_mean"
"Jamaica","JAM",2024,"20260921",2,2024-01-08,92,NA,92,141,NA,FALSE,TRUE,"no_lookup_match"
"Jamaica","JAM",2025,"20260921",2,2025-01-06,0,NA,0,89,NA,FALSE,TRUE,"no_lookup_match"
"Jamaica","JAM",2026,"20260921",2,2026-01-05,17,17,17,37,1,TRUE,FALSE,"applied_mean"
"Martinique","MTQ",2025,"20260921",2,2025-01-06,75,NA,75,89,NA,FALSE,TRUE,"no_lookup_match"
"Martinique","MTQ",2024,"20260921",2,2024-01-08,545,NA,545,141,NA,FALSE,TRUE,"no_lookup_match"
"Martinique","MTQ",2026,"20260921",2,2026-01-05,61,61,61,37,1,TRUE,FALSE,"applied_mean"
"Montserrat","MSR",2024,"20260921",2,2024-01-08,0,NA,0,141,NA,FALSE,TRUE,"no_lookup_match"
"Montserrat","MSR",2025,"20260921",2,2025-01-06,0,NA,0,89,NA,FALSE,TRUE,"no_lookup_match"
"Montserrat","MSR",2026,"20260921",2,2026-01-05,0,0,0,37,1,TRUE,FALSE,"applied_mean"
"Saint Barthelemy","BLM",2025,"20260921",2,2025-01-06,5,NA,5,89,NA,FALSE,TRUE,"no_lookup_match"
"Saint Barthelemy","BLM",2026,"20260921",2,2026-01-05,0,0,0,37,1,TRUE,FALSE,"applied_mean"
"Saint Barthelemy","BLM",2024,"20260921",2,2024-01-08,32,NA,32,141,NA,FALSE,TRUE,"no_lookup_match"
"Saint Kitts and Nevis","KNA",2024,"20260921",2,2024-01-08,82,NA,82,141,NA,FALSE,TRUE,"no_lookup_match"
"Saint Kitts and Nevis","KNA",2025,"20260921",2,2025-01-06,0,NA,0,89,NA,FALSE,TRUE,"no_lookup_match"
"Saint Kitts and Nevis","KNA",2026,"20260921",2,2026-01-05,2,2,2,37,1,TRUE,FALSE,"applied_mean"
"Saint Lucia","LCA",2024,"20260921",2,2024-01-08,0,NA,0,141,NA,FALSE,TRUE,"no_lookup_match"
"Saint Lucia","LCA",2025,"20260921",2,2025-01-06,0,NA,0,89,NA,FALSE,TRUE,"no_lookup_match"
"Saint Lucia","LCA",2026,"20260921",2,2026-01-05,0,0,0,37,1,TRUE,FALSE,"applied_mean"
"Saint Martin",NA,2025,"20260921",2,2025-01-06,15,NA,15,89,NA,FALSE,TRUE,"no_lookup_match"
"Saint Martin",NA,2026,"20260921",2,2026-01-05,0,NA,0,37,NA,FALSE,TRUE,"no_lookup_match"
"Saint Martin",NA,2024,"20260921",2,2024-01-08,92,NA,92,141,NA,FALSE,TRUE,"no_lookup_match"
"Saint Vincent and the Grenadines","VCT",2025,"20260921",2,2025-01-06,0,NA,0,89,NA,FALSE,TRUE,"no_lookup_match"
"Saint Vincent and the Grenadines","VCT",2026,"20260921",2,2026-01-05,0,0,0,37,1,TRUE,FALSE,"applied_mean"
"Sint Maarten","SXM",2024,"20260921",2,2024-01-08,16,NA,16,141,NA,FALSE,TRUE,"no_lookup_match"
"Sint Maarten","SXM",2025,"20260921",2,2025-01-06,0,NA,0,89,NA,FALSE,TRUE,"no_lookup_match"
"Suriname","SUR",2024,"20260921",2,2024-01-08,10,NA,10,141,NA,FALSE,TRUE,"no_lookup_match"
"Suriname","SUR",2025,"20260921",2,2025-01-06,28,NA,28,89,NA,FALSE,TRUE,"no_lookup_match"
"Suriname","SUR",2026,"20260921",2,2026-01-05,17,17,17,37,1,TRUE,FALSE,"applied_mean"
"Trinidad and Tobago","TTO",2025,"20260921",2,2025-01-06,0,NA,0,89,NA,FALSE,TRUE,"no_lookup_match"
"Trinidad and Tobago","TTO",2026,"20260921",2,2026-01-05,0,NA,0,37,NA,FALSE,TRUE,"no_lookup_match"
"Turks and Caicos Islands","TCA",2025,"20260921",2,2025-01-06,0,NA,0,89,NA,FALSE,TRUE,"no_lookup_match"
"Turks and Caicos Islands","TCA",2026,"20260921",2,2026-01-05,0,0,0,37,1,TRUE,FALSE,"applied_mean"
"Virgin Islands (UK)","VGB",2025,"20260921",2,2025-01-06,2,NA,2,89,NA,FALSE,TRUE,"no_lookup_match"
"Virgin Islands (UK)","VGB",2026,"20260921",2,2026-01-05,0,NA,0,37,NA,FALSE,TRUE,"no_lookup_match"
"Virgin Islands (US)","VIR",2024,"20260921",2,2024-01-08,0,NA,0,141,NA,FALSE,TRUE,"no_lookup_match"
"Virgin Islands (US)","VIR",2025,"20260921",2,2025-01-06,1,NA,1,89,NA,FALSE,TRUE,"no_lookup_match"
"Virgin Islands (US)","VIR",2026,"20260921",2,2026-01-05,0,NA,0,37,NA,FALSE,TRUE,"no_lookup_match"
"Canada","CAN",2024,"20260921",30,2024-07-22,0,NA,0,113,NA,FALSE,TRUE,"no_lookup_match"
"Canada","CAN",2025,"20260921",30,2025-07-21,0,NA,0,61,NA,FALSE,TRUE,"no_lookup_match"
"Canada","CAN",2026,"20260921",30,2026-07-20,0,NA,0,9,NA,FALSE,TRUE,"no_lookup_match"
"United States of America","USA",2024,"20260921",30,2024-07-22,982,NA,982,113,NA,FALSE,TRUE,"no_lookup_match"
"United States of America","USA",2025,"20260921",30,2025-07-21,464,NA,464,61,NA,FALSE,TRUE,"no_lookup_match"
"United States of America","USA",2026,"20260921",30,2026-07-20,206,NA,206,9,NA,FALSE,TRUE,"no_lookup_match"
"Belize","BLZ",2024,"20260921",30,2024-07-22,470,NA,470,113,NA,FALSE,TRUE,"country_excluded"
"Belize","BLZ",2025,"20260921",30,2025-07-21,664,NA,664,61,NA,FALSE,TRUE,"country_excluded"
"Belize","BLZ",2026,"20260921",15,2026-04-06,317,NA,317,24,NA,FALSE,TRUE,"country_excluded"
"Costa Rica","CRI",2026,"20260921",30,2026-07-20,2582,2464,2464,9,0.954202258867993,TRUE,FALSE,"applied_mean"
"Costa Rica","CRI",2024,"20260921",30,2024-07-22,15063,NA,15063,113,NA,FALSE,TRUE,"no_lookup_match"
"Costa Rica","CRI",2025,"20260921",30,2025-07-21,2113,NA,2113,61,NA,FALSE,TRUE,"no_lookup_match"
"El Salvador","SLV",2024,"20260921",30,2024-07-22,4458,NA,4458,113,NA,FALSE,TRUE,"no_lookup_match"
"El Salvador","SLV",2025,"20260921",30,2025-07-21,3189,NA,3189,61,NA,FALSE,TRUE,"no_lookup_match"
"El Salvador","SLV",2026,"20260921",30,2026-07-20,3039,3039,3039,9,1,TRUE,FALSE,"applied_mean"
"Guatemala","GTM",2025,"20260921",30,2025-07-21,31374,NA,31374,61,NA,FALSE,TRUE,"no_lookup_match"
"Guatemala","GTM",2026,"20260921",26,2026-06-22,15679,20828,20828,13,1.32839399642986,TRUE,FALSE,"applied_mean"
"Guatemala","GTM",2024,"20260921",30,2024-07-22,81355,NA,81355,113,NA,FALSE,TRUE,"no_lookup_match"
"Honduras","HND",2024,"20260921",30,2024-07-22,91670,NA,91670,113,NA,FALSE,TRUE,"no_lookup_match"
"Honduras","HND",2025,"20260921",30,2025-07-21,11001,NA,11001,61,NA,FALSE,TRUE,"no_lookup_match"
"Honduras","HND",2026,"20260921",30,2026-07-20,6772,6771,6771,9,0.999891824693619,TRUE,FALSE,"applied_mean"
"Mexico","MEX",2024,"20260921",30,2024-07-22,157855,NA,157855,113,NA,FALSE,TRUE,"no_lookup_match"
"Mexico","MEX",2025,"20260921",30,2025-07-21,64292,NA,64292,61,NA,FALSE,TRUE,"no_lookup_match"
"Mexico","MEX",2026,"20260921",30,2026-07-20,39748,39695,39695,9,0.998660020971709,TRUE,FALSE,"applied_mean"
"Nicaragua","NIC",2025,"20260921",4,2025-01-20,5702,NA,5702,87,NA,FALSE,TRUE,"no_lookup_match"
"Nicaragua","NIC",2024,"20260921",30,2024-07-22,45764,NA,45764,113,NA,FALSE,TRUE,"no_lookup_match"
"Panama","PAN",2024,"20260921",30,2024-07-22,14241,NA,14241,113,NA,FALSE,TRUE,"no_lookup_match"
"Panama","PAN",2025,"20260921",30,2025-07-21,10283,NA,10283,61,NA,FALSE,TRUE,"no_lookup_match"
"Panama","PAN",2026,"20260921",30,2026-07-20,7299,6941,6941,9,0.950952741183164,TRUE,FALSE,"applied_mean"
"Bolivia","BOL",2024,"20260921",30,2024-07-22,48567,NA,48567,113,NA,FALSE,TRUE,"no_lookup_match"
"Bolivia","BOL",2025,"20260921",30,2025-07-21,28781,NA,28781,61,NA,FALSE,TRUE,"no_lookup_match"
"Bolivia","BOL",2026,"20260921",30,2026-07-20,58188,67041,67041,9,1.15214512377816,TRUE,FALSE,"applied_mean"
"Colombia","COL",2025,"20260921",30,2025-07-21,92937,NA,92937,61,NA,FALSE,TRUE,"no_lookup_match"
"Colombia","COL",2024,"20260921",30,2024-07-22,231289,NA,231289,113,NA,FALSE,TRUE,"no_lookup_match"
"Colombia","COL",2026,"20260921",30,2026-07-20,66147,66147,66147,9,1,TRUE,FALSE,"applied_mean"
"Ecuador","ECU",2024,"20260921",30,2024-07-22,46375,NA,46375,113,NA,FALSE,TRUE,"no_lookup_match"
"Ecuador","ECU",2025,"20260921",30,2025-07-21,31364,NA,31364,61,NA,FALSE,TRUE,"no_lookup_match"
"Ecuador","ECU",2026,"20260921",30,2026-07-20,26086,26103,26103,9,1.00063904216759,TRUE,FALSE,"applied_mean"
"Peru","PER",2024,"20260921",30,2024-07-22,257107,NA,257107,113,NA,FALSE,TRUE,"no_lookup_match"
"Peru","PER",2025,"20260921",30,2025-07-21,30960,NA,30960,61,NA,FALSE,TRUE,"no_lookup_match"
"Peru","PER",2026,"20260921",30,2026-07-20,37586,37719,37719,9,1.00353025810899,TRUE,FALSE,"applied_mean"
"Venezuela","VEN",2024,"20260921",30,2024-07-22,27638,NA,27638,113,NA,FALSE,TRUE,"no_lookup_match"
"Venezuela","VEN",2025,"20260921",30,2025-07-21,28783,NA,28783,61,NA,FALSE,TRUE,"no_lookup_match"
"Venezuela","VEN",2026,"20260921",30,2026-07-20,9604,NA,9604,9,NA,FALSE,TRUE,"no_lookup_match"
"Argentina","ARG",2024,"20260921",30,2024-07-22,581270,NA,581270,113,NA,FALSE,TRUE,"no_lookup_match"
"Argentina","ARG",2025,"20260921",30,2025-07-21,17633,NA,17633,61,NA,FALSE,TRUE,"no_lookup_match"
"Argentina","ARG",2026,"20260921",30,2026-07-20,57,67,67,9,1.17855987087118,TRUE,FALSE,"applied_mean"
"Brazil","BRA",2024,"20260921",30,2024-07-22,9608884,NA,9608884,113,NA,FALSE,TRUE,"no_lookup_match"
"Brazil","BRA",2025,"20260921",30,2025-07-21,3262423,NA,3262423,61,NA,FALSE,TRUE,"no_lookup_match"
"Brazil","BRA",2026,"20260921",30,2026-07-20,1192724,1240655,1240655,9,1.04018575923025,TRUE,FALSE,"applied_mean"
"Chile","CHL",2025,"20260921",30,2025-07-21,0,NA,0,61,NA,FALSE,TRUE,"no_lookup_match"
"Chile","CHL",2024,"20260921",30,2024-07-22,157,NA,157,113,NA,FALSE,TRUE,"no_lookup_match"
"Chile","CHL",2026,"20260921",30,2026-07-20,27,27,27,9,1.00851398953301,TRUE,FALSE,"applied_mean"
"Paraguay","PRY",2024,"20260921",30,2024-07-22,282873,NA,282873,113,NA,FALSE,TRUE,"no_lookup_match"
"Paraguay","PRY",2025,"20260921",30,2025-07-21,22485,NA,22485,61,NA,FALSE,TRUE,"no_lookup_match"
"Paraguay","PRY",2026,"20260921",30,2026-07-20,9348,9206,9206,9,0.984770500797572,TRUE,FALSE,"applied_mean"
"Uruguay","URY",2025,"20260921",30,2025-07-21,6,NA,6,61,NA,FALSE,TRUE,"no_lookup_match"
"Uruguay","URY",2026,"20260921",30,2026-07-20,0,0,0,9,1.64298295957175,TRUE,FALSE,"applied_mean"
"Uruguay","URY",2024,"20260921",30,2024-07-22,1126,NA,1126,113,NA,FALSE,TRUE,"no_lookup_match"
"Cuba","CUB",2026,"20260921",25,2026-06-15,1746,NA,1746,14,NA,FALSE,TRUE,"no_lookup_match"
"Cuba","CUB",2025,"20260921",28,2025-07-07,3945,NA,3945,63,NA,FALSE,TRUE,"no_lookup_match"
"Dominican Republic","DOM",2024,"20260921",30,2024-07-22,8772,NA,8772,113,NA,FALSE,TRUE,"no_lookup_match"
"Dominican Republic","DOM",2025,"20260921",30,2025-07-21,1175,NA,1175,61,NA,FALSE,TRUE,"no_lookup_match"
"Dominican Republic","DOM",2026,"20260921",30,2026-07-20,832,832,832,9,1,TRUE,FALSE,"applied_mean"
"Puerto Rico","PRI",2024,"20260921",30,2024-07-22,2464,NA,2464,113,NA,FALSE,TRUE,"no_lookup_match"
"Puerto Rico","PRI",2025,"20260921",30,2025-07-21,2217,NA,2217,61,NA,FALSE,TRUE,"no_lookup_match"
"Puerto Rico","PRI",2026,"20260921",30,2026-07-20,876,877,877,9,1.00120577255902,TRUE,FALSE,"applied_mean"
"Anguilla","AIA",2025,"20260921",30,2025-07-21,1,NA,1,61,NA,FALSE,TRUE,"no_lookup_match"
"Anguilla","AIA",2026,"20260921",30,2026-07-20,0,NA,0,9,NA,FALSE,TRUE,"no_lookup_match"
"Antigua and Barbuda","ATG",2025,"20260921",30,2025-07-21,8,NA,8,61,NA,FALSE,TRUE,"no_lookup_match"
"Antigua and Barbuda","ATG",2026,"20260921",28,2026-07-06,8,8,8,11,1.05927349913893,TRUE,FALSE,"applied_mean"
"Antigua and Barbuda","ATG",2024,"20260921",30,2024-07-22,151,NA,151,113,NA,FALSE,TRUE,"no_lookup_match"
"Aruba","ABW",2024,"20260921",30,2024-07-22,81,NA,81,113,NA,FALSE,TRUE,"no_lookup_match"
"Aruba","ABW",2025,"20260921",30,2025-07-21,12,NA,12,61,NA,FALSE,TRUE,"no_lookup_match"
"Bahamas","BHS",2024,"20260921",8,2024-02-19,0,NA,0,135,NA,FALSE,TRUE,"no_lookup_match"
"Bahamas","BHS",2026,"20260921",20,2026-05-11,1,NA,1,19,NA,FALSE,TRUE,"no_lookup_match"
"Barbados","BRB",2025,"20260921",30,2025-07-21,107,NA,107,61,NA,FALSE,TRUE,"no_lookup_match"
"Barbados","BRB",2026,"20260921",30,2026-07-20,66,54,54,9,0.811243003335894,TRUE,FALSE,"applied_mean"
"Barbados","BRB",2024,"20260921",30,2024-07-22,1054,NA,1054,113,NA,FALSE,TRUE,"no_lookup_match"
"Bermuda","BMU",2024,"20260921",30,2024-07-22,0,NA,0,113,NA,FALSE,TRUE,"no_lookup_match"
"Bermuda","BMU",2025,"20260921",30,2025-07-21,0,NA,0,61,NA,FALSE,TRUE,"no_lookup_match"
"Bermuda","BMU",2026,"20260921",24,2026-06-08,2,NA,2,15,NA,FALSE,TRUE,"no_lookup_match"
"Bonaire, Saint Eustatius and Saba","BES",2024,"20260921",12,2024-03-18,207,NA,207,131,NA,FALSE,TRUE,"no_lookup_match"
"Cayman Islands","CYM",2024,"20260921",30,2024-07-22,5,NA,5,113,NA,FALSE,TRUE,"no_lookup_match"
"Cayman Islands","CYM",2025,"20260921",30,2025-07-21,0,NA,0,61,NA,FALSE,TRUE,"no_lookup_match"
"Cayman Islands","CYM",2026,"20260921",30,2026-07-20,0,0,0,9,1,TRUE,FALSE,"applied_mean"
"Curaçao","CUW",2024,"20260921",12,2024-03-18,262,NA,262,131,NA,FALSE,TRUE,"no_lookup_match"
"French Guiana","GUF",2024,"20260921",30,2024-07-22,15987,NA,15987,113,NA,FALSE,TRUE,"no_lookup_match"
"French Guiana","GUF",2025,"20260921",30,2025-07-21,243,NA,243,61,NA,FALSE,TRUE,"no_lookup_match"
"French Guiana","GUF",2026,"20260921",30,2026-07-20,11,11,11,9,1,TRUE,FALSE,"applied_mean"
"Grenada","GRD",2024,"20260921",30,2024-07-22,262,NA,262,113,NA,FALSE,TRUE,"no_lookup_match"
"Grenada","GRD",2025,"20260921",30,2025-07-21,103,NA,103,61,NA,FALSE,TRUE,"no_lookup_match"
"Grenada","GRD",2026,"20260921",30,2026-07-20,103,103,103,9,1,TRUE,FALSE,"applied_mean"
"Guadeloupe","GLP",2026,"20260921",20,2026-05-11,383,383,383,19,1,TRUE,FALSE,"applied_mean"
"Guadeloupe","GLP",2024,"20260921",30,2024-07-22,4175,NA,4175,113,NA,FALSE,TRUE,"no_lookup_match"
"Guadeloupe","GLP",2025,"20260921",25,2025-06-16,4635,NA,4635,66,NA,FALSE,TRUE,"no_lookup_match"
"Guyana","GUY",2025,"20260921",30,2025-07-21,43003,NA,43003,61,NA,FALSE,TRUE,"no_lookup_match"
"Guyana","GUY",2026,"20260921",25,2026-06-15,35768,39388,39388,14,1.10121007553855,TRUE,FALSE,"applied_mean"
"Guyana","GUY",2024,"20260921",30,2024-07-22,33459,NA,33459,113,NA,FALSE,TRUE,"no_lookup_match"
"Jamaica","JAM",2025,"20260921",30,2025-07-21,269,NA,269,61,NA,FALSE,TRUE,"no_lookup_match"
"Jamaica","JAM",2026,"20260921",30,2026-07-20,145,145,145,9,1,TRUE,FALSE,"applied_mean"
"Jamaica","JAM",2024,"20260921",30,2024-07-22,1491,NA,1491,113,NA,FALSE,TRUE,"no_lookup_match"
"Martinique","MTQ",2025,"20260921",25,2025-06-16,995,NA,995,66,NA,FALSE,TRUE,"no_lookup_match"
"Martinique","MTQ",2024,"20260921",30,2024-07-22,5949,NA,5949,113,NA,FALSE,TRUE,"no_lookup_match"
"Martinique","MTQ",2026,"20260921",20,2026-05-11,1354,1354,1354,19,1,TRUE,FALSE,"applied_mean"
"Montserrat","MSR",2024,"20260921",30,2024-07-22,2,NA,2,113,NA,FALSE,TRUE,"no_lookup_match"
"Montserrat","MSR",2025,"20260921",30,2025-07-21,1,NA,1,61,NA,FALSE,TRUE,"no_lookup_match"
"Montserrat","MSR",2026,"20260921",30,2026-07-20,0,0,0,9,1,TRUE,FALSE,"applied_mean"
"Saint Barthelemy","BLM",2025,"20260921",24,2025-06-09,20,NA,20,67,NA,FALSE,TRUE,"no_lookup_match"
"Saint Barthelemy","BLM",2026,"20260921",20,2026-05-11,0,0,0,19,1,TRUE,FALSE,"applied_mean"
"Saint Barthelemy","BLM",2024,"20260921",30,2024-07-22,146,NA,146,113,NA,FALSE,TRUE,"no_lookup_match"
"Saint Kitts and Nevis","KNA",2024,"20260921",30,2024-07-22,198,NA,198,113,NA,FALSE,TRUE,"no_lookup_match"
"Saint Kitts and Nevis","KNA",2025,"20260921",30,2025-07-21,4,NA,4,61,NA,FALSE,TRUE,"no_lookup_match"
"Saint Kitts and Nevis","KNA",2026,"20260921",13,2026-03-23,13,13,13,26,1.0137990750553,TRUE,FALSE,"applied_mean"
"Saint Lucia","LCA",2025,"20260921",30,2025-07-21,42,NA,42,61,NA,FALSE,TRUE,"no_lookup_match"
"Saint Lucia","LCA",2026,"20260921",30,2026-07-20,7,7,7,9,1,TRUE,FALSE,"applied_mean"
"Saint Lucia","LCA",2024,"20260921",30,2024-07-22,17,NA,17,113,NA,FALSE,TRUE,"no_lookup_match"
"Saint Martin",NA,2025,"20260921",25,2025-06-16,184,NA,184,66,NA,FALSE,TRUE,"no_lookup_match"
"Saint Martin",NA,2026,"20260921",20,2026-05-11,7,NA,7,19,NA,FALSE,TRUE,"no_lookup_match"
"Saint Martin",NA,2024,"20260921",30,2024-07-22,561,NA,561,113,NA,FALSE,TRUE,"no_lookup_match"
"Saint Vincent and the Grenadines","VCT",2025,"20260921",30,2025-07-21,5,NA,5,61,NA,FALSE,TRUE,"no_lookup_match"
"Saint Vincent and the Grenadines","VCT",2026,"20260921",30,2026-07-20,3,3,3,9,1,TRUE,FALSE,"applied_mean"
"Saint Vincent and the Grenadines","VCT",2024,"20260921",28,2024-07-08,48,NA,48,115,NA,FALSE,TRUE,"no_lookup_match"
"Sint Maarten","SXM",2024,"20260921",30,2024-07-22,140,NA,140,113,NA,FALSE,TRUE,"no_lookup_match"
"Sint Maarten","SXM",2025,"20260921",28,2025-07-07,8,NA,8,63,NA,FALSE,TRUE,"no_lookup_match"
"Suriname","SUR",2025,"20260921",30,2025-07-21,1039,NA,1039,61,NA,FALSE,TRUE,"no_lookup_match"
"Suriname","SUR",2024,"20260921",20,2024-05-13,95,NA,95,123,NA,FALSE,TRUE,"no_lookup_match"
"Suriname","SUR",2026,"20260921",19,2026-05-04,418,418,418,20,1,TRUE,FALSE,"applied_mean"
"Trinidad and Tobago","TTO",2025,"20260921",30,2025-07-21,40,NA,40,61,NA,FALSE,TRUE,"no_lookup_match"
"Trinidad and Tobago","TTO",2026,"20260921",30,2026-07-20,69,69,69,9,1,TRUE,FALSE,"applied_mean"
"Trinidad and Tobago","TTO",2024,"20260921",30,2024-07-22,450,NA,450,113,NA,FALSE,TRUE,"no_lookup_match"
"Turks and Caicos Islands","TCA",2025,"20260921",30,2025-07-21,1,NA,1,61,NA,FALSE,TRUE,"no_lookup_match"
"Turks and Caicos Islands","TCA",2026,"20260921",12,2026-03-16,8,8,8,27,1,TRUE,FALSE,"applied_mean"
"Turks and Caicos Islands","TCA",2024,"20260921",30,2024-07-22,110,NA,110,113,NA,FALSE,TRUE,"no_lookup_match"
"Virgin Islands (UK)","VGB",2024,"20260921",28,2024-07-08,21,NA,21,115,NA,FALSE,TRUE,"no_lookup_match"
"Virgin Islands (UK)","VGB",2025,"20260921",30,2025-07-21,28,NA,28,61,NA,FALSE,TRUE,"no_lookup_match"
"Virgin Islands (UK)","VGB",2026,"20260921",24,2026-06-08,15,NA,15,15,NA,FALSE,TRUE,"no_lookup_match"
"Virgin Islands (US)","VIR",2024,"20260921",30,2024-07-22,30,NA,30,113,NA,FALSE,TRUE,"no_lookup_match"
"Virgin Islands (US)","VIR",2025,"20260921",30,2025-07-21,47,NA,47,61,NA,FALSE,TRUE,"no_lookup_match"
"Virgin Islands (US)","VIR",2026,"20260921",30,2026-07-20,0,NA,0,9,NA,FALSE,TRUE,"no_lookup_match"
"Canada","CAN",2024,"20260921",31,2024-07-29,0,NA,0,112,NA,FALSE,TRUE,"no_lookup_match"
"Canada","CAN",2025,"20260921",31,2025-07-28,0,NA,0,60,NA,FALSE,TRUE,"no_lookup_match"
"Canada","CAN",2026,"20260921",31,2026-07-27,0,NA,0,8,NA,FALSE,TRUE,"no_lookup_match"
"United States of America","USA",2024,"20260921",31,2024-07-29,1074,NA,1074,112,NA,FALSE,TRUE,"no_lookup_match"
"United States of America","USA",2025,"20260921",31,2025-07-28,480,NA,480,60,NA,FALSE,TRUE,"no_lookup_match"
"United States of America","USA",2026,"20260921",31,2026-07-27,222,NA,222,8,NA,FALSE,TRUE,"no_lookup_match"
"Belize","BLZ",2024,"20260921",31,2024-07-29,521,NA,521,112,NA,FALSE,TRUE,"country_excluded"
"Belize","BLZ",2025,"20260921",31,2025-07-28,764,NA,764,60,NA,FALSE,TRUE,"country_excluded"
"Belize","BLZ",2026,"20260921",15,2026-04-06,317,NA,317,24,NA,FALSE,TRUE,"country_excluded"
"Costa Rica","CRI",2026,"20260921",31,2026-07-27,2928,2773,2773,8,0.947107513161938,TRUE,FALSE,"applied_mean"
"Costa Rica","CRI",2024,"20260921",31,2024-07-29,16121,NA,16121,112,NA,FALSE,TRUE,"no_lookup_match"
"Costa Rica","CRI",2025,"20260921",31,2025-07-28,2258,NA,2258,60,NA,FALSE,TRUE,"no_lookup_match"
"El Salvador","SLV",2024,"20260921",31,2024-07-29,4731,NA,4731,112,NA,FALSE,TRUE,"no_lookup_match"
"El Salvador","SLV",2025,"20260921",31,2025-07-28,3379,NA,3379,60,NA,FALSE,TRUE,"no_lookup_match"
"El Salvador","SLV",2026,"20260921",30,2026-07-20,3039,3039,3039,9,1,TRUE,FALSE,"applied_mean"
"Guatemala","GTM",2025,"20260921",31,2025-07-28,32173,NA,32173,60,NA,FALSE,TRUE,"no_lookup_match"
"Guatemala","GTM",2026,"20260921",26,2026-06-22,15679,20828,20828,13,1.32839399642986,TRUE,FALSE,"applied_mean"
"Guatemala","GTM",2024,"20260921",31,2024-07-29,87845,NA,87845,112,NA,FALSE,TRUE,"no_lookup_match"
"Honduras","HND",2024,"20260921",31,2024-07-29,99973,NA,99973,112,NA,FALSE,TRUE,"no_lookup_match"
"Honduras","HND",2025,"20260921",31,2025-07-28,11246,NA,11246,60,NA,FALSE,TRUE,"no_lookup_match"
"Honduras","HND",2026,"20260921",31,2026-07-27,7205,7204,7204,8,0.99985249761102,TRUE,FALSE,"applied_mean"
"Mexico","MEX",2024,"20260921",31,2024-07-29,171524,NA,171524,112,NA,FALSE,TRUE,"no_lookup_match"
"Mexico","MEX",2025,"20260921",31,2025-07-28,67230,NA,67230,60,NA,FALSE,TRUE,"no_lookup_match"
"Mexico","MEX",2026,"20260921",31,2026-07-27,40592,40535,40535,8,0.998606390494678,TRUE,FALSE,"applied_mean"
"Nicaragua","NIC",2025,"20260921",4,2025-01-20,5702,NA,5702,87,NA,FALSE,TRUE,"no_lookup_match"
"Nicaragua","NIC",2024,"20260921",31,2024-07-29,47733,NA,47733,112,NA,FALSE,TRUE,"no_lookup_match"
"Panama","PAN",2024,"20260921",31,2024-07-29,15982,NA,15982,112,NA,FALSE,TRUE,"no_lookup_match"
"Panama","PAN",2025,"20260921",31,2025-07-28,10880,NA,10880,60,NA,FALSE,TRUE,"no_lookup_match"
"Panama","PAN",2026,"20260921",31,2026-07-27,7848,7470,7470,8,0.951876239903428,TRUE,FALSE,"applied_mean"
"Bolivia","BOL",2024,"20260921",31,2024-07-29,48778,NA,48778,112,NA,FALSE,TRUE,"no_lookup_match"
"Bolivia","BOL",2025,"20260921",31,2025-07-28,29022,NA,29022,60,NA,FALSE,TRUE,"no_lookup_match"
"Bolivia","BOL",2026,"20260921",31,2026-07-27,58310,67479,67479,8,1.15724736564948,TRUE,FALSE,"applied_mean"
"Colombia","COL",2025,"20260921",31,2025-07-28,94876,NA,94876,60,NA,FALSE,TRUE,"no_lookup_match"
"Colombia","COL",2024,"20260921",31,2024-07-29,237635,NA,237635,112,NA,FALSE,TRUE,"no_lookup_match"
"Colombia","COL",2026,"20260921",31,2026-07-27,68370,68370,68370,8,1,TRUE,FALSE,"applied_mean"
"Ecuador","ECU",2024,"20260921",31,2024-07-29,47340,NA,47340,112,NA,FALSE,TRUE,"no_lookup_match"
"Ecuador","ECU",2025,"20260921",31,2025-07-28,31907,NA,31907,60,NA,FALSE,TRUE,"no_lookup_match"
"Ecuador","ECU",2026,"20260921",31,2026-07-27,27413,27430,27430,8,1.00063433643582,TRUE,FALSE,"applied_mean"
"Peru","PER",2024,"20260921",31,2024-07-29,257531,NA,257531,112,NA,FALSE,TRUE,"no_lookup_match"
"Peru","PER",2025,"20260921",31,2025-07-28,31213,NA,31213,60,NA,FALSE,TRUE,"no_lookup_match"
"Peru","PER",2026,"20260921",31,2026-07-27,39845,39939,39939,8,1.0023620863027,TRUE,FALSE,"applied_mean"
"Venezuela","VEN",2024,"20260921",31,2024-07-29,29065,NA,29065,112,NA,FALSE,TRUE,"no_lookup_match"
"Venezuela","VEN",2025,"20260921",31,2025-07-28,29623,NA,29623,60,NA,FALSE,TRUE,"no_lookup_match"
"Venezuela","VEN",2026,"20260921",31,2026-07-27,9948,NA,9948,8,NA,FALSE,TRUE,"no_lookup_match"
"Argentina","ARG",2024,"20260921",31,2024-07-29,581278,NA,581278,112,NA,FALSE,TRUE,"no_lookup_match"
"Argentina","ARG",2025,"20260921",31,2025-07-28,17635,NA,17635,60,NA,FALSE,TRUE,"no_lookup_match"
"Argentina","ARG",2026,"20260921",31,2026-07-27,58,67,67,8,1.16155924388553,TRUE,FALSE,"applied_mean"
"Brazil","BRA",2024,"20260921",31,2024-07-29,9643096,NA,9643096,112,NA,FALSE,TRUE,"no_lookup_match"
"Brazil","BRA",2025,"20260921",31,2025-07-28,3282388,NA,3282388,60,NA,FALSE,TRUE,"no_lookup_match"
"Brazil","BRA",2026,"20260921",31,2026-07-27,1211347,1264133,1264133,8,1.04357646348179,TRUE,FALSE,"applied_mean"
"Chile","CHL",2025,"20260921",31,2025-07-28,0,NA,0,60,NA,FALSE,TRUE,"no_lookup_match"
"Chile","CHL",2024,"20260921",31,2024-07-29,157,NA,157,112,NA,FALSE,TRUE,"no_lookup_match"
"Chile","CHL",2026,"20260921",31,2026-07-27,27,27,27,8,1.00300462962963,TRUE,FALSE,"applied_mean"
"Paraguay","PRY",2024,"20260921",31,2024-07-29,283303,NA,283303,112,NA,FALSE,TRUE,"no_lookup_match"
"Paraguay","PRY",2025,"20260921",31,2025-07-28,22708,NA,22708,60,NA,FALSE,TRUE,"no_lookup_match"
"Paraguay","PRY",2026,"20260921",31,2026-07-27,9491,9339,9339,8,0.983959050280452,TRUE,FALSE,"applied_mean"
"Uruguay","URY",2025,"20260921",31,2025-07-28,6,NA,6,60,NA,FALSE,TRUE,"no_lookup_match"
"Uruguay","URY",2026,"20260921",31,2026-07-27,0,0,0,8,1.62873701810819,TRUE,FALSE,"applied_mean"
"Uruguay","URY",2024,"20260921",31,2024-07-29,1127,NA,1127,112,NA,FALSE,TRUE,"no_lookup_match"
"Cuba","CUB",2026,"20260921",25,2026-06-15,1746,NA,1746,14,NA,FALSE,TRUE,"no_lookup_match"
"Cuba","CUB",2024,"20260921",31,2024-07-29,985,NA,985,112,NA,FALSE,TRUE,"no_lookup_match"
"Cuba","CUB",2025,"20260921",28,2025-07-07,3945,NA,3945,63,NA,FALSE,TRUE,"no_lookup_match"
"Dominican Republic","DOM",2024,"20260921",31,2024-07-29,8859,NA,8859,112,NA,FALSE,TRUE,"no_lookup_match"
"Dominican Republic","DOM",2025,"20260921",31,2025-07-28,1215,NA,1215,60,NA,FALSE,TRUE,"no_lookup_match"
"Dominican Republic","DOM",2026,"20260921",31,2026-07-27,858,858,858,8,1,TRUE,FALSE,"applied_mean"
"Puerto Rico","PRI",2024,"20260921",31,2024-07-29,2613,NA,2613,112,NA,FALSE,TRUE,"no_lookup_match"
"Puerto Rico","PRI",2025,"20260921",31,2025-07-28,2265,NA,2265,60,NA,FALSE,TRUE,"no_lookup_match"
"Puerto Rico","PRI",2026,"20260921",31,2026-07-27,882,884,884,8,1.00229231632732,TRUE,FALSE,"applied_mean"
"Anguilla","AIA",2025,"20260921",31,2025-07-28,1,NA,1,60,NA,FALSE,TRUE,"no_lookup_match"
"Anguilla","AIA",2026,"20260921",31,2026-07-27,0,NA,0,8,NA,FALSE,TRUE,"no_lookup_match"
"Antigua and Barbuda","ATG",2025,"20260921",31,2025-07-28,8,NA,8,60,NA,FALSE,TRUE,"no_lookup_match"
"Antigua and Barbuda","ATG",2026,"20260921",28,2026-07-06,8,8,8,11,1.05927349913893,TRUE,FALSE,"applied_mean"
"Antigua and Barbuda","ATG",2024,"20260921",31,2024-07-29,151,NA,151,112,NA,FALSE,TRUE,"no_lookup_match"
"Aruba","ABW",2024,"20260921",31,2024-07-29,81,NA,81,112,NA,FALSE,TRUE,"no_lookup_match"
"Aruba","ABW",2025,"20260921",31,2025-07-28,12,NA,12,60,NA,FALSE,TRUE,"no_lookup_match"
"Bahamas","BHS",2024,"20260921",8,2024-02-19,0,NA,0,135,NA,FALSE,TRUE,"no_lookup_match"
"Bahamas","BHS",2026,"20260921",20,2026-05-11,1,NA,1,19,NA,FALSE,TRUE,"no_lookup_match"
"Barbados","BRB",2025,"20260921",31,2025-07-28,108,NA,108,60,NA,FALSE,TRUE,"no_lookup_match"
"Barbados","BRB",2026,"20260921",30,2026-07-20,66,54,54,9,0.811243003335894,TRUE,FALSE,"applied_mean"
"Barbados","BRB",2024,"20260921",31,2024-07-29,1055,NA,1055,112,NA,FALSE,TRUE,"no_lookup_match"
"Bermuda","BMU",2024,"20260921",31,2024-07-29,0,NA,0,112,NA,FALSE,TRUE,"no_lookup_match"
"Bermuda","BMU",2025,"20260921",31,2025-07-28,0,NA,0,60,NA,FALSE,TRUE,"no_lookup_match"
"Bermuda","BMU",2026,"20260921",24,2026-06-08,2,NA,2,15,NA,FALSE,TRUE,"no_lookup_match"
"Bonaire, Saint Eustatius and Saba","BES",2024,"20260921",12,2024-03-18,207,NA,207,131,NA,FALSE,TRUE,"no_lookup_match"
"Cayman Islands","CYM",2024,"20260921",31,2024-07-29,5,NA,5,112,NA,FALSE,TRUE,"no_lookup_match"
"Cayman Islands","CYM",2025,"20260921",31,2025-07-28,0,NA,0,60,NA,FALSE,TRUE,"no_lookup_match"
"Cayman Islands","CYM",2026,"20260921",31,2026-07-27,0,0,0,8,1,TRUE,FALSE,"applied_mean"
"Curaçao","CUW",2024,"20260921",12,2024-03-18,262,NA,262,131,NA,FALSE,TRUE,"no_lookup_match"
"French Guiana","GUF",2024,"20260921",31,2024-07-29,16064,NA,16064,112,NA,FALSE,TRUE,"no_lookup_match"
"French Guiana","GUF",2025,"20260921",31,2025-07-28,244,NA,244,60,NA,FALSE,TRUE,"no_lookup_match"
"French Guiana","GUF",2026,"20260921",31,2026-07-27,11,11,11,8,1,TRUE,FALSE,"applied_mean"
"Grenada","GRD",2024,"20260921",31,2024-07-29,281,NA,281,112,NA,FALSE,TRUE,"no_lookup_match"
"Grenada","GRD",2025,"20260921",31,2025-07-28,106,NA,106,60,NA,FALSE,TRUE,"no_lookup_match"
"Grenada","GRD",2026,"20260921",31,2026-07-27,105,105,105,8,1,TRUE,FALSE,"applied_mean"
"Guadeloupe","GLP",2026,"20260921",20,2026-05-11,383,383,383,19,1,TRUE,FALSE,"applied_mean"
"Guadeloupe","GLP",2024,"20260921",31,2024-07-29,4235,NA,4235,112,NA,FALSE,TRUE,"no_lookup_match"
"Guadeloupe","GLP",2025,"20260921",25,2025-06-16,4635,NA,4635,66,NA,FALSE,TRUE,"no_lookup_match"
"Guyana","GUY",2025,"20260921",31,2025-07-28,44131,NA,44131,60,NA,FALSE,TRUE,"no_lookup_match"
"Guyana","GUY",2026,"20260921",25,2026-06-15,35768,39388,39388,14,1.10121007553855,TRUE,FALSE,"applied_mean"
"Guyana","GUY",2024,"20260921",31,2024-07-29,34131,NA,34131,112,NA,FALSE,TRUE,"no_lookup_match"
"Jamaica","JAM",2025,"20260921",31,2025-07-28,308,NA,308,60,NA,FALSE,TRUE,"no_lookup_match"
"Jamaica","JAM",2026,"20260921",30,2026-07-20,145,145,145,9,1,TRUE,FALSE,"applied_mean"
"Jamaica","JAM",2024,"20260921",31,2024-07-29,1497,NA,1497,112,NA,FALSE,TRUE,"no_lookup_match"
"Martinique","MTQ",2025,"20260921",25,2025-06-16,995,NA,995,66,NA,FALSE,TRUE,"no_lookup_match"
"Martinique","MTQ",2024,"20260921",31,2024-07-29,6004,NA,6004,112,NA,FALSE,TRUE,"no_lookup_match"
"Martinique","MTQ",2026,"20260921",20,2026-05-11,1354,1354,1354,19,1,TRUE,FALSE,"applied_mean"
"Montserrat","MSR",2024,"20260921",31,2024-07-29,2,NA,2,112,NA,FALSE,TRUE,"no_lookup_match"
"Montserrat","MSR",2025,"20260921",31,2025-07-28,1,NA,1,60,NA,FALSE,TRUE,"no_lookup_match"
"Montserrat","MSR",2026,"20260921",31,2026-07-27,0,0,0,8,1,TRUE,FALSE,"applied_mean"
"Saint Barthelemy","BLM",2025,"20260921",24,2025-06-09,20,NA,20,67,NA,FALSE,TRUE,"no_lookup_match"
"Saint Barthelemy","BLM",2026,"20260921",20,2026-05-11,0,0,0,19,1,TRUE,FALSE,"applied_mean"
"Saint Barthelemy","BLM",2024,"20260921",31,2024-07-29,148,NA,148,112,NA,FALSE,TRUE,"no_lookup_match"
"Saint Kitts and Nevis","KNA",2024,"20260921",31,2024-07-29,202,NA,202,112,NA,FALSE,TRUE,"no_lookup_match"
"Saint Kitts and Nevis","KNA",2025,"20260921",31,2025-07-28,4,NA,4,60,NA,FALSE,TRUE,"no_lookup_match"
"Saint Kitts and Nevis","KNA",2026,"20260921",13,2026-03-23,13,13,13,26,1.0137990750553,TRUE,FALSE,"applied_mean"
"Saint Lucia","LCA",2025,"20260921",31,2025-07-28,42,NA,42,60,NA,FALSE,TRUE,"no_lookup_match"
"Saint Lucia","LCA",2026,"20260921",31,2026-07-27,7,7,7,8,1,TRUE,FALSE,"applied_mean"
"Saint Lucia","LCA",2024,"20260921",31,2024-07-29,22,NA,22,112,NA,FALSE,TRUE,"no_lookup_match"
"Saint Martin",NA,2025,"20260921",25,2025-06-16,184,NA,184,66,NA,FALSE,TRUE,"no_lookup_match"
"Saint Martin",NA,2026,"20260921",20,2026-05-11,7,NA,7,19,NA,FALSE,TRUE,"no_lookup_match"
"Saint Martin",NA,2024,"20260921",31,2024-07-29,561,NA,561,112,NA,FALSE,TRUE,"no_lookup_match"
"Saint Vincent and the Grenadines","VCT",2025,"20260921",31,2025-07-28,5,NA,5,60,NA,FALSE,TRUE,"no_lookup_match"
"Saint Vincent and the Grenadines","VCT",2026,"20260921",31,2026-07-27,3,3,3,8,1,TRUE,FALSE,"applied_mean"
"Saint Vincent and the Grenadines","VCT",2024,"20260921",28,2024-07-08,48,NA,48,115,NA,FALSE,TRUE,"no_lookup_match"
"Sint Maarten","SXM",2024,"20260921",31,2024-07-29,140,NA,140,112,NA,FALSE,TRUE,"no_lookup_match"
"Sint Maarten","SXM",2025,"20260921",28,2025-07-07,8,NA,8,63,NA,FALSE,TRUE,"no_lookup_match"
"Suriname","SUR",2025,"20260921",31,2025-07-28,1062,NA,1062,60,NA,FALSE,TRUE,"no_lookup_match"
"Suriname","SUR",2024,"20260921",20,2024-05-13,95,NA,95,123,NA,FALSE,TRUE,"no_lookup_match"
"Suriname","SUR",2026,"20260921",19,2026-05-04,418,418,418,20,1,TRUE,FALSE,"applied_mean"
"Trinidad and Tobago","TTO",2025,"20260921",31,2025-07-28,40,NA,40,60,NA,FALSE,TRUE,"no_lookup_match"
"Trinidad and Tobago","TTO",2026,"20260921",31,2026-07-27,74,74,74,8,1,TRUE,FALSE,"applied_mean"
"Trinidad and Tobago","TTO",2024,"20260921",31,2024-07-29,1025,NA,1025,112,NA,FALSE,TRUE,"no_lookup_match"
"Turks and Caicos Islands","TCA",2025,"20260921",31,2025-07-28,1,NA,1,60,NA,FALSE,TRUE,"no_lookup_match"
"Turks and Caicos Islands","TCA",2026,"20260921",12,2026-03-16,8,8,8,27,1,TRUE,FALSE,"applied_mean"
"Turks and Caicos Islands","TCA",2024,"20260921",31,2024-07-29,110,NA,110,112,NA,FALSE,TRUE,"no_lookup_match"
"Virgin Islands (UK)","VGB",2024,"20260921",28,2024-07-08,21,NA,21,115,NA,FALSE,TRUE,"no_lookup_match"
"Virgin Islands (UK)","VGB",2025,"20260921",31,2025-07-28,28,NA,28,60,NA,FALSE,TRUE,"no_lookup_match"
"Virgin Islands (UK)","VGB",2026,"20260921",24,2026-06-08,15,NA,15,15,NA,FALSE,TRUE,"no_lookup_match"
"Virgin Islands (US)","VIR",2024,"20260921",31,2024-07-29,34,NA,34,112,NA,FALSE,TRUE,"no_lookup_match"
"Virgin Islands (US)","VIR",2025,"20260921",31,2025-07-28,47,NA,47,60,NA,FALSE,TRUE,"no_lookup_match"
"Virgin Islands (US)","VIR",2026,"20260921",31,2026-07-27,0,NA,0,8,NA,FALSE,TRUE,"no_lookup_match"
"Canada","CAN",2024,"20260921",32,2024-08-05,0,NA,0,111,NA,FALSE,TRUE,"no_lookup_match"
"Canada","CAN",2025,"20260921",32,2025-08-04,0,NA,0,59,NA,FALSE,TRUE,"no_lookup_match"
"Canada","CAN",2026,"20260921",32,2026-08-03,0,NA,0,7,NA,FALSE,TRUE,"no_lookup_match"
"United States of America","USA",2024,"20260921",32,2024-08-05,1147,NA,1147,111,NA,FALSE,TRUE,"no_lookup_match"
"United States of America","USA",2025,"20260921",32,2025-08-04,520,NA,520,59,NA,FALSE,TRUE,"no_lookup_match"
"United States of America","USA",2026,"20260921",32,2026-08-03,287,NA,287,7,NA,FALSE,TRUE,"no_lookup_match"
"Belize","BLZ",2024,"20260921",32,2024-08-05,598,NA,598,111,NA,FALSE,TRUE,"country_excluded"
"Belize","BLZ",2025,"20260921",32,2025-08-04,887,NA,887,59,NA,FALSE,TRUE,"country_excluded"
"Belize","BLZ",2026,"20260921",15,2026-04-06,317,NA,317,24,NA,FALSE,TRUE,"country_excluded"
"Costa Rica","CRI",2026,"20260921",32,2026-08-03,3266,3069,3069,7,0.939820360253439,TRUE,FALSE,"applied_mean"
"Costa Rica","CRI",2024,"20260921",32,2024-08-05,17223,NA,17223,111,NA,FALSE,TRUE,"no_lookup_match"
"Costa Rica","CRI",2025,"20260921",32,2025-08-04,2405,NA,2405,59,NA,FALSE,TRUE,"no_lookup_match"
"El Salvador","SLV",2024,"20260921",32,2024-08-05,5009,NA,5009,111,NA,FALSE,TRUE,"no_lookup_match"
"El Salvador","SLV",2025,"20260921",32,2025-08-04,3568,NA,3568,59,NA,FALSE,TRUE,"no_lookup_match"
"El Salvador","SLV",2026,"20260921",30,2026-07-20,3039,3039,3039,9,1,TRUE,FALSE,"applied_mean"
"Guatemala","GTM",2025,"20260921",32,2025-08-04,33112,NA,33112,59,NA,FALSE,TRUE,"no_lookup_match"
"Guatemala","GTM",2026,"20260921",26,2026-06-22,15679,20828,20828,13,1.32839399642986,TRUE,FALSE,"applied_mean"
"Guatemala","GTM",2024,"20260921",32,2024-08-05,94617,NA,94617,111,NA,FALSE,TRUE,"no_lookup_match"
"Honduras","HND",2024,"20260921",32,2024-08-05,109878,NA,109878,111,NA,FALSE,TRUE,"no_lookup_match"
"Honduras","HND",2025,"20260921",32,2025-08-04,11535,NA,11535,59,NA,FALSE,TRUE,"no_lookup_match"
"Honduras","HND",2026,"20260921",32,2026-08-03,7659,7657,7657,7,0.999767973960867,TRUE,FALSE,"applied_mean"
"Mexico","MEX",2024,"20260921",32,2024-08-05,187734,NA,187734,111,NA,FALSE,TRUE,"no_lookup_match"
"Mexico","MEX",2025,"20260921",32,2025-08-04,70345,NA,70345,59,NA,FALSE,TRUE,"no_lookup_match"
"Mexico","MEX",2026,"20260921",32,2026-08-03,42219,42161,42161,7,0.998614668022127,TRUE,FALSE,"applied_mean"
"Nicaragua","NIC",2025,"20260921",4,2025-01-20,5702,NA,5702,87,NA,FALSE,TRUE,"no_lookup_match"
"Nicaragua","NIC",2024,"20260921",32,2024-08-05,49719,NA,49719,111,NA,FALSE,TRUE,"no_lookup_match"
"Panama","PAN",2024,"20260921",32,2024-08-05,17698,NA,17698,111,NA,FALSE,TRUE,"no_lookup_match"
"Panama","PAN",2025,"20260921",32,2025-08-04,11405,NA,11405,59,NA,FALSE,TRUE,"no_lookup_match"
"Panama","PAN",2026,"20260921",32,2026-08-03,8384,7991,7991,7,0.953106825896005,TRUE,FALSE,"applied_mean"
"Bolivia","BOL",2024,"20260921",32,2024-08-05,48991,NA,48991,111,NA,FALSE,TRUE,"no_lookup_match"
"Bolivia","BOL",2025,"20260921",32,2025-08-04,29155,NA,29155,59,NA,FALSE,TRUE,"no_lookup_match"
"Bolivia","BOL",2026,"20260921",32,2026-08-03,58478,67863,67863,7,1.16048711562336,TRUE,FALSE,"applied_mean"
"Colombia","COL",2025,"20260921",32,2025-08-04,96391,NA,96391,59,NA,FALSE,TRUE,"no_lookup_match"
"Colombia","COL",2024,"20260921",32,2024-08-05,243538,NA,243538,111,NA,FALSE,TRUE,"no_lookup_match"
"Colombia","COL",2026,"20260921",32,2026-08-03,70350,70350,70350,7,1,TRUE,FALSE,"applied_mean"
"Ecuador","ECU",2024,"20260921",32,2024-08-05,48183,NA,48183,111,NA,FALSE,TRUE,"no_lookup_match"
"Ecuador","ECU",2025,"20260921",32,2025-08-04,32334,NA,32334,59,NA,FALSE,TRUE,"no_lookup_match"
"Ecuador","ECU",2026,"20260921",32,2026-08-03,28652,28670,28670,7,1.00063220191646,TRUE,FALSE,"applied_mean"
"Peru","PER",2024,"20260921",32,2024-08-05,257944,NA,257944,111,NA,FALSE,TRUE,"no_lookup_match"
"Peru","PER",2025,"20260921",32,2025-08-04,31484,NA,31484,59,NA,FALSE,TRUE,"no_lookup_match"
"Peru","PER",2026,"20260921",32,2026-08-03,42519,42556,42556,7,1.00086308235774,TRUE,FALSE,"applied_mean"
"Venezuela","VEN",2024,"20260921",32,2024-08-05,30830,NA,30830,111,NA,FALSE,TRUE,"no_lookup_match"
"Venezuela","VEN",2025,"20260921",32,2025-08-04,30380,NA,30380,59,NA,FALSE,TRUE,"no_lookup_match"
"Venezuela","VEN",2026,"20260921",32,2026-08-03,10287,NA,10287,7,NA,FALSE,TRUE,"no_lookup_match"
"Argentina","ARG",2024,"20260921",32,2024-08-05,581286,NA,581286,111,NA,FALSE,TRUE,"no_lookup_match"
"Argentina","ARG",2025,"20260921",32,2025-08-04,17637,NA,17637,59,NA,FALSE,TRUE,"no_lookup_match"
"Argentina","ARG",2026,"20260921",32,2026-08-03,59,68,68,7,1.14767467215523,TRUE,FALSE,"applied_mean"
"Brazil","BRA",2024,"20260921",32,2024-08-05,9674094,NA,9674094,111,NA,FALSE,TRUE,"no_lookup_match"
"Brazil","BRA",2025,"20260921",32,2025-08-04,3302236,NA,3302236,59,NA,FALSE,TRUE,"no_lookup_match"
"Brazil","BRA",2026,"20260921",32,2026-08-03,1229966,1287496,1287496,7,1.04677382044904,TRUE,FALSE,"applied_mean"
"Chile","CHL",2025,"20260921",32,2025-08-04,0,NA,0,59,NA,FALSE,TRUE,"no_lookup_match"
"Chile","CHL",2024,"20260921",32,2024-08-05,157,NA,157,111,NA,FALSE,TRUE,"no_lookup_match"
"Chile","CHL",2026,"20260921",32,2026-08-03,27,27,27,7,1.00180441317941,TRUE,FALSE,"applied_mean"
"Paraguay","PRY",2024,"20260921",32,2024-08-05,283655,NA,283655,111,NA,FALSE,TRUE,"no_lookup_match"
"Paraguay","PRY",2025,"20260921",32,2025-08-04,22901,NA,22901,59,NA,FALSE,TRUE,"no_lookup_match"
"Paraguay","PRY",2026,"20260921",32,2026-08-03,9624,9464,9464,7,0.983350703031834,TRUE,FALSE,"applied_mean"
"Uruguay","URY",2025,"20260921",32,2025-08-04,6,NA,6,59,NA,FALSE,TRUE,"no_lookup_match"
"Uruguay","URY",2026,"20260921",32,2026-08-03,0,0,0,7,1.61117649105868,TRUE,FALSE,"applied_mean"
"Uruguay","URY",2024,"20260921",32,2024-08-05,1127,NA,1127,111,NA,FALSE,TRUE,"no_lookup_match"
"Cuba","CUB",2026,"20260921",25,2026-06-15,1746,NA,1746,14,NA,FALSE,TRUE,"no_lookup_match"
"Cuba","CUB",2024,"20260921",31,2024-07-29,985,NA,985,112,NA,FALSE,TRUE,"no_lookup_match"
"Cuba","CUB",2025,"20260921",28,2025-07-07,3945,NA,3945,63,NA,FALSE,TRUE,"no_lookup_match"
"Dominican Republic","DOM",2024,"20260921",32,2024-08-05,8928,NA,8928,111,NA,FALSE,TRUE,"no_lookup_match"
"Dominican Republic","DOM",2025,"20260921",32,2025-08-04,1242,NA,1242,59,NA,FALSE,TRUE,"no_lookup_match"
"Dominican Republic","DOM",2026,"20260921",32,2026-08-03,899,899,899,7,1,TRUE,FALSE,"applied_mean"
"Puerto Rico","PRI",2024,"20260921",32,2024-08-05,2742,NA,2742,111,NA,FALSE,TRUE,"no_lookup_match"
"Puerto Rico","PRI",2025,"20260921",32,2025-08-04,2321,NA,2321,59,NA,FALSE,TRUE,"no_lookup_match"
"Puerto Rico","PRI",2026,"20260921",32,2026-08-03,882,886,886,7,1.00417195848841,TRUE,FALSE,"applied_mean"
"Anguilla","AIA",2025,"20260921",32,2025-08-04,1,NA,1,59,NA,FALSE,TRUE,"no_lookup_match"
"Anguilla","AIA",2026,"20260921",32,2026-08-03,0,NA,0,7,NA,FALSE,TRUE,"no_lookup_match"
"Antigua and Barbuda","ATG",2025,"20260921",32,2025-08-04,9,NA,9,59,NA,FALSE,TRUE,"no_lookup_match"
"Antigua and Barbuda","ATG",2026,"20260921",28,2026-07-06,8,8,8,11,1.05927349913893,TRUE,FALSE,"applied_mean"
"Antigua and Barbuda","ATG",2024,"20260921",32,2024-08-05,151,NA,151,111,NA,FALSE,TRUE,"no_lookup_match"
"Aruba","ABW",2024,"20260921",32,2024-08-05,81,NA,81,111,NA,FALSE,TRUE,"no_lookup_match"
"Aruba","ABW",2025,"20260921",32,2025-08-04,14,NA,14,59,NA,FALSE,TRUE,"no_lookup_match"
"Bahamas","BHS",2024,"20260921",8,2024-02-19,0,NA,0,135,NA,FALSE,TRUE,"no_lookup_match"
"Bahamas","BHS",2026,"20260921",20,2026-05-11,1,NA,1,19,NA,FALSE,TRUE,"no_lookup_match"
"Barbados","BRB",2025,"20260921",32,2025-08-04,111,NA,111,59,NA,FALSE,TRUE,"no_lookup_match"
"Barbados","BRB",2026,"20260921",30,2026-07-20,66,54,54,9,0.811243003335894,TRUE,FALSE,"applied_mean"
"Barbados","BRB",2024,"20260921",32,2024-08-05,1064,NA,1064,111,NA,FALSE,TRUE,"no_lookup_match"
"Bermuda","BMU",2024,"20260921",32,2024-08-05,1,NA,1,111,NA,FALSE,TRUE,"no_lookup_match"
"Bermuda","BMU",2025,"20260921",32,2025-08-04,0,NA,0,59,NA,FALSE,TRUE,"no_lookup_match"
"Bermuda","BMU",2026,"20260921",24,2026-06-08,2,NA,2,15,NA,FALSE,TRUE,"no_lookup_match"
"Bonaire, Saint Eustatius and Saba","BES",2024,"20260921",12,2024-03-18,207,NA,207,131,NA,FALSE,TRUE,"no_lookup_match"
"Cayman Islands","CYM",2024,"20260921",32,2024-08-05,5,NA,5,111,NA,FALSE,TRUE,"no_lookup_match"
"Cayman Islands","CYM",2025,"20260921",32,2025-08-04,0,NA,0,59,NA,FALSE,TRUE,"no_lookup_match"
"Cayman Islands","CYM",2026,"20260921",32,2026-08-03,0,0,0,7,1,TRUE,FALSE,"applied_mean"
"Curaçao","CUW",2024,"20260921",12,2024-03-18,262,NA,262,131,NA,FALSE,TRUE,"no_lookup_match"
"French Guiana","GUF",2024,"20260921",32,2024-08-05,16141,NA,16141,111,NA,FALSE,TRUE,"no_lookup_match"
"French Guiana","GUF",2025,"20260921",32,2025-08-04,246,NA,246,59,NA,FALSE,TRUE,"no_lookup_match"
"French Guiana","GUF",2026,"20260921",32,2026-08-03,12,12,12,7,1,TRUE,FALSE,"applied_mean"
"Grenada","GRD",2024,"20260921",32,2024-08-05,303,NA,303,111,NA,FALSE,TRUE,"no_lookup_match"
"Grenada","GRD",2025,"20260921",32,2025-08-04,108,NA,108,59,NA,FALSE,TRUE,"no_lookup_match"
"Grenada","GRD",2026,"20260921",32,2026-08-03,112,112,112,7,1,TRUE,FALSE,"applied_mean"
"Guadeloupe","GLP",2026,"20260921",20,2026-05-11,383,383,383,19,1,TRUE,FALSE,"applied_mean"
"Guadeloupe","GLP",2024,"20260921",32,2024-08-05,4235,NA,4235,111,NA,FALSE,TRUE,"no_lookup_match"
"Guadeloupe","GLP",2025,"20260921",25,2025-06-16,4635,NA,4635,66,NA,FALSE,TRUE,"no_lookup_match"
"Guyana","GUY",2025,"20260921",32,2025-08-04,45225,NA,45225,59,NA,FALSE,TRUE,"no_lookup_match"
"Guyana","GUY",2026,"20260921",25,2026-06-15,35768,39388,39388,14,1.10121007553855,TRUE,FALSE,"applied_mean"
"Guyana","GUY",2024,"20260921",32,2024-08-05,34791,NA,34791,111,NA,FALSE,TRUE,"no_lookup_match"
"Jamaica","JAM",2025,"20260921",32,2025-08-04,313,NA,313,59,NA,FALSE,TRUE,"no_lookup_match"
"Jamaica","JAM",2026,"20260921",30,2026-07-20,145,145,145,9,1,TRUE,FALSE,"applied_mean"
"Jamaica","JAM",2024,"20260921",32,2024-08-05,1576,NA,1576,111,NA,FALSE,TRUE,"no_lookup_match"
"Martinique","MTQ",2025,"20260921",25,2025-06-16,995,NA,995,66,NA,FALSE,TRUE,"no_lookup_match"
"Martinique","MTQ",2024,"20260921",32,2024-08-05,6004,NA,6004,111,NA,FALSE,TRUE,"no_lookup_match"
"Martinique","MTQ",2026,"20260921",20,2026-05-11,1354,1354,1354,19,1,TRUE,FALSE,"applied_mean"
"Montserrat","MSR",2024,"20260921",32,2024-08-05,2,NA,2,111,NA,FALSE,TRUE,"no_lookup_match"
"Montserrat","MSR",2025,"20260921",32,2025-08-04,1,NA,1,59,NA,FALSE,TRUE,"no_lookup_match"
"Montserrat","MSR",2026,"20260921",32,2026-08-03,0,0,0,7,1,TRUE,FALSE,"applied_mean"
"Saint Barthelemy","BLM",2025,"20260921",24,2025-06-09,20,NA,20,67,NA,FALSE,TRUE,"no_lookup_match"
"Saint Barthelemy","BLM",2026,"20260921",20,2026-05-11,0,0,0,19,1,TRUE,FALSE,"applied_mean"
"Saint Barthelemy","BLM",2024,"20260921",32,2024-08-05,148,NA,148,111,NA,FALSE,TRUE,"no_lookup_match"
"Saint Kitts and Nevis","KNA",2024,"20260921",32,2024-08-05,202,NA,202,111,NA,FALSE,TRUE,"no_lookup_match"
"Saint Kitts and Nevis","KNA",2025,"20260921",32,2025-08-04,4,NA,4,59,NA,FALSE,TRUE,"no_lookup_match"
"Saint Kitts and Nevis","KNA",2026,"20260921",13,2026-03-23,13,13,13,26,1.0137990750553,TRUE,FALSE,"applied_mean"
"Saint Lucia","LCA",2025,"20260921",32,2025-08-04,43,NA,43,59,NA,FALSE,TRUE,"no_lookup_match"
"Saint Lucia","LCA",2026,"20260921",32,2026-08-03,8,8,8,7,1,TRUE,FALSE,"applied_mean"
"Saint Lucia","LCA",2024,"20260921",32,2024-08-05,23,NA,23,111,NA,FALSE,TRUE,"no_lookup_match"
"Saint Martin",NA,2025,"20260921",25,2025-06-16,184,NA,184,66,NA,FALSE,TRUE,"no_lookup_match"
"Saint Martin",NA,2026,"20260921",20,2026-05-11,7,NA,7,19,NA,FALSE,TRUE,"no_lookup_match"
"Saint Martin",NA,2024,"20260921",32,2024-08-05,561,NA,561,111,NA,FALSE,TRUE,"no_lookup_match"
"Saint Vincent and the Grenadines","VCT",2025,"20260921",32,2025-08-04,5,NA,5,59,NA,FALSE,TRUE,"no_lookup_match"
"Saint Vincent and the Grenadines","VCT",2026,"20260921",31,2026-07-27,3,3,3,8,1,TRUE,FALSE,"applied_mean"
"Saint Vincent and the Grenadines","VCT",2024,"20260921",32,2024-08-05,75,NA,75,111,NA,FALSE,TRUE,"no_lookup_match"
"Sint Maarten","SXM",2024,"20260921",32,2024-08-05,140,NA,140,111,NA,FALSE,TRUE,"no_lookup_match"
"Sint Maarten","SXM",2025,"20260921",28,2025-07-07,8,NA,8,63,NA,FALSE,TRUE,"no_lookup_match"
"Suriname","SUR",2025,"20260921",32,2025-08-04,1089,NA,1089,59,NA,FALSE,TRUE,"no_lookup_match"
"Suriname","SUR",2024,"20260921",20,2024-05-13,95,NA,95,123,NA,FALSE,TRUE,"no_lookup_match"
"Suriname","SUR",2026,"20260921",19,2026-05-04,418,418,418,20,1,TRUE,FALSE,"applied_mean"
"Trinidad and Tobago","TTO",2025,"20260921",32,2025-08-04,40,NA,40,59,NA,FALSE,TRUE,"no_lookup_match"
"Trinidad and Tobago","TTO",2026,"20260921",32,2026-08-03,102,102,102,7,1,TRUE,FALSE,"applied_mean"
"Trinidad and Tobago","TTO",2024,"20260921",31,2024-07-29,1025,NA,1025,112,NA,FALSE,TRUE,"no_lookup_match"
"Turks and Caicos Islands","TCA",2025,"20260921",32,2025-08-04,1,NA,1,59,NA,FALSE,TRUE,"no_lookup_match"
"Turks and Caicos Islands","TCA",2026,"20260921",12,2026-03-16,8,8,8,27,1,TRUE,FALSE,"applied_mean"
"Turks and Caicos Islands","TCA",2024,"20260921",32,2024-08-05,110,NA,110,111,NA,FALSE,TRUE,"no_lookup_match"
"Virgin Islands (UK)","VGB",2024,"20260921",32,2024-08-05,30,NA,30,111,NA,FALSE,TRUE,"no_lookup_match"
"Virgin Islands (UK)","VGB",2025,"20260921",32,2025-08-04,28,NA,28,59,NA,FALSE,TRUE,"no_lookup_match"
"Virgin Islands (UK)","VGB",2026,"20260921",24,2026-06-08,15,NA,15,15,NA,FALSE,TRUE,"no_lookup_match"
"Virgin Islands (US)","VIR",2024,"20260921",32,2024-08-05,69,NA,69,111,NA,FALSE,TRUE,"no_lookup_match"
"Virgin Islands (US)","VIR",2025,"20260921",32,2025-08-04,47,NA,47,59,NA,FALSE,TRUE,"no_lookup_match"
"Virgin Islands (US)","VIR",2026,"20260921",32,2026-08-03,0,NA,0,7,NA,FALSE,TRUE,"no_lookup_match"
"Canada","CAN",2024,"20260921",33,2024-08-12,0,NA,0,110,NA,FALSE,TRUE,"no_lookup_match"
"Canada","CAN",2025,"20260921",33,2025-08-11,0,NA,0,58,NA,FALSE,TRUE,"no_lookup_match"
"Canada","CAN",2026,"20260921",33,2026-08-10,0,NA,0,6,NA,FALSE,TRUE,"no_lookup_match"
"United States of America","USA",2024,"20260921",33,2024-08-12,1209,NA,1209,110,NA,FALSE,TRUE,"no_lookup_match"
"United States of America","USA",2025,"20260921",33,2025-08-11,538,NA,538,58,NA,FALSE,TRUE,"no_lookup_match"
"United States of America","USA",2026,"20260921",33,2026-08-10,351,NA,351,6,NA,FALSE,TRUE,"no_lookup_match"
"Belize","BLZ",2024,"20260921",33,2024-08-12,681,NA,681,110,NA,FALSE,TRUE,"country_excluded"
"Belize","BLZ",2025,"20260921",33,2025-08-11,1010,NA,1010,58,NA,FALSE,TRUE,"country_excluded"
"Belize","BLZ",2026,"20260921",15,2026-04-06,317,NA,317,24,NA,FALSE,TRUE,"country_excluded"
"Costa Rica","CRI",2026,"20260921",33,2026-08-10,3664,3417,3417,6,0.932541770573874,TRUE,FALSE,"applied_mean"
"Costa Rica","CRI",2024,"20260921",33,2024-08-12,18310,NA,18310,110,NA,FALSE,TRUE,"no_lookup_match"
"Costa Rica","CRI",2025,"20260921",33,2025-08-11,2568,NA,2568,58,NA,FALSE,TRUE,"no_lookup_match"
"El Salvador","SLV",2024,"20260921",33,2024-08-12,5281,NA,5281,110,NA,FALSE,TRUE,"no_lookup_match"
"El Salvador","SLV",2025,"20260921",33,2025-08-11,3736,NA,3736,58,NA,FALSE,TRUE,"no_lookup_match"
"El Salvador","SLV",2026,"20260921",30,2026-07-20,3039,3039,3039,9,1,TRUE,FALSE,"applied_mean"
"Guatemala","GTM",2025,"20260921",33,2025-08-11,33968,NA,33968,58,NA,FALSE,TRUE,"no_lookup_match"
"Guatemala","GTM",2026,"20260921",26,2026-06-22,15679,20828,20828,13,1.32839399642986,TRUE,FALSE,"applied_mean"
"Guatemala","GTM",2024,"20260921",33,2024-08-12,101201,NA,101201,110,NA,FALSE,TRUE,"no_lookup_match"
"Honduras","HND",2024,"20260921",33,2024-08-12,119298,NA,119298,110,NA,FALSE,TRUE,"no_lookup_match"
"Honduras","HND",2025,"20260921",33,2025-08-11,11836,NA,11836,58,NA,FALSE,TRUE,"no_lookup_match"
"Honduras","HND",2026,"20260921",33,2026-08-10,8079,8077,8077,6,0.999692576330584,TRUE,FALSE,"applied_mean"
"Mexico","MEX",2024,"20260921",33,2024-08-12,205491,NA,205491,110,NA,FALSE,TRUE,"no_lookup_match"
"Mexico","MEX",2025,"20260921",33,2025-08-11,73551,NA,73551,58,NA,FALSE,TRUE,"no_lookup_match"
"Mexico","MEX",2026,"20260921",33,2026-08-10,44238,44181,44181,6,0.998707213050836,TRUE,FALSE,"applied_mean"
"Nicaragua","NIC",2025,"20260921",4,2025-01-20,5702,NA,5702,87,NA,FALSE,TRUE,"no_lookup_match"
"Nicaragua","NIC",2024,"20260921",33,2024-08-12,51674,NA,51674,110,NA,FALSE,TRUE,"no_lookup_match"
"Panama","PAN",2024,"20260921",33,2024-08-12,19359,NA,19359,110,NA,FALSE,TRUE,"no_lookup_match"
"Panama","PAN",2025,"20260921",33,2025-08-11,11876,NA,11876,58,NA,FALSE,TRUE,"no_lookup_match"
"Panama","PAN",2026,"20260921",33,2026-08-10,8986,8677,8677,6,0.965640835238257,TRUE,FALSE,"applied_mean"
"Bolivia","BOL",2024,"20260921",33,2024-08-12,49226,NA,49226,110,NA,FALSE,TRUE,"no_lookup_match"
"Bolivia","BOL",2025,"20260921",33,2025-08-11,29373,NA,29373,58,NA,FALSE,TRUE,"no_lookup_match"
"Bolivia","BOL",2026,"20260921",33,2026-08-10,58628,68007,68007,6,1.15996879530479,TRUE,FALSE,"applied_mean"
"Colombia","COL",2025,"20260921",33,2025-08-11,97705,NA,97705,58,NA,FALSE,TRUE,"no_lookup_match"
"Colombia","COL",2024,"20260921",33,2024-08-12,247953,NA,247953,110,NA,FALSE,TRUE,"no_lookup_match"
"Colombia","COL",2026,"20260921",33,2026-08-10,72546,72546,72546,6,1,TRUE,FALSE,"applied_mean"
"Ecuador","ECU",2024,"20260921",33,2024-08-12,49026,NA,49026,110,NA,FALSE,TRUE,"no_lookup_match"
"Ecuador","ECU",2025,"20260921",33,2025-08-11,32673,NA,32673,58,NA,FALSE,TRUE,"no_lookup_match"
"Ecuador","ECU",2026,"20260921",33,2026-08-10,30009,30028,30028,6,1.00063352971245,TRUE,FALSE,"applied_mean"
"Peru","PER",2024,"20260921",33,2024-08-12,258384,NA,258384,110,NA,FALSE,TRUE,"no_lookup_match"
"Peru","PER",2025,"20260921",33,2025-08-11,31752,NA,31752,58,NA,FALSE,TRUE,"no_lookup_match"
"Peru","PER",2026,"20260921",33,2026-08-10,45610,45561,45561,6,0.998915355809934,TRUE,FALSE,"applied_mean"
"Venezuela","VEN",2024,"20260921",33,2024-08-12,32517,NA,32517,110,NA,FALSE,TRUE,"no_lookup_match"
"Venezuela","VEN",2025,"20260921",33,2025-08-11,31128,NA,31128,58,NA,FALSE,TRUE,"no_lookup_match"
"Venezuela","VEN",2026,"20260921",32,2026-08-03,10287,NA,10287,7,NA,FALSE,TRUE,"no_lookup_match"
"Argentina","ARG",2024,"20260921",33,2024-08-12,581296,NA,581296,110,NA,FALSE,TRUE,"no_lookup_match"
"Argentina","ARG",2025,"20260921",33,2025-08-11,17638,NA,17638,58,NA,FALSE,TRUE,"no_lookup_match"
"Argentina","ARG",2026,"20260921",33,2026-08-10,59,67,67,6,1.13647115139952,TRUE,FALSE,"applied_mean"
"Brazil","BRA",2024,"20260921",33,2024-08-12,9702204,NA,9702204,110,NA,FALSE,TRUE,"no_lookup_match"
"Brazil","BRA",2025,"20260921",33,2025-08-11,3322890,NA,3322890,58,NA,FALSE,TRUE,"no_lookup_match"
"Brazil","BRA",2026,"20260921",33,2026-08-10,1247739,1309727,1309727,6,1.04967995279928,TRUE,FALSE,"applied_mean"
"Chile","CHL",2025,"20260921",33,2025-08-11,0,NA,0,58,NA,FALSE,TRUE,"no_lookup_match"
"Chile","CHL",2024,"20260921",33,2024-08-12,157,NA,157,110,NA,FALSE,TRUE,"no_lookup_match"
"Chile","CHL",2026,"20260921",33,2026-08-10,27,27,27,6,1.00275589225589,TRUE,FALSE,"applied_mean"
"Paraguay","PRY",2024,"20260921",33,2024-08-12,284014,NA,284014,110,NA,FALSE,TRUE,"no_lookup_match"
"Paraguay","PRY",2025,"20260921",33,2025-08-11,23130,NA,23130,58,NA,FALSE,TRUE,"no_lookup_match"
"Paraguay","PRY",2026,"20260921",33,2026-08-10,9776,9610,9610,6,0.982984670541502,TRUE,FALSE,"applied_mean"
"Uruguay","URY",2025,"20260921",33,2025-08-11,6,NA,6,58,NA,FALSE,TRUE,"no_lookup_match"
"Uruguay","URY",2026,"20260921",32,2026-08-03,0,0,0,7,1.61117649105868,TRUE,FALSE,"applied_mean"
"Uruguay","URY",2024,"20260921",33,2024-08-12,1127,NA,1127,110,NA,FALSE,TRUE,"no_lookup_match"
"Cuba","CUB",2026,"20260921",25,2026-06-15,1746,NA,1746,14,NA,FALSE,TRUE,"no_lookup_match"
"Cuba","CUB",2024,"20260921",31,2024-07-29,985,NA,985,112,NA,FALSE,TRUE,"no_lookup_match"
"Cuba","CUB",2025,"20260921",28,2025-07-07,3945,NA,3945,63,NA,FALSE,TRUE,"no_lookup_match"
"Dominican Republic","DOM",2024,"20260921",33,2024-08-12,8974,NA,8974,110,NA,FALSE,TRUE,"no_lookup_match"
"Dominican Republic","DOM",2025,"20260921",33,2025-08-11,1271,NA,1271,58,NA,FALSE,TRUE,"no_lookup_match"
"Dominican Republic","DOM",2026,"20260921",33,2026-08-10,929,929,929,6,1,TRUE,FALSE,"applied_mean"
"Puerto Rico","PRI",2024,"20260921",33,2024-08-12,2900,NA,2900,110,NA,FALSE,TRUE,"no_lookup_match"
"Puerto Rico","PRI",2025,"20260921",33,2025-08-11,2368,NA,2368,58,NA,FALSE,TRUE,"no_lookup_match"
"Puerto Rico","PRI",2026,"20260921",33,2026-08-10,882,889,889,6,1.00809866256541,TRUE,FALSE,"applied_mean"
"Anguilla","AIA",2025,"20260921",33,2025-08-11,1,NA,1,58,NA,FALSE,TRUE,"no_lookup_match"
"Anguilla","AIA",2026,"20260921",33,2026-08-10,0,NA,0,6,NA,FALSE,TRUE,"no_lookup_match"
"Antigua and Barbuda","ATG",2025,"20260921",33,2025-08-11,9,NA,9,58,NA,FALSE,TRUE,"no_lookup_match"
"Antigua and Barbuda","ATG",2026,"20260921",28,2026-07-06,8,8,8,11,1.05927349913893,TRUE,FALSE,"applied_mean"
"Antigua and Barbuda","ATG",2024,"20260921",33,2024-08-12,151,NA,151,110,NA,FALSE,TRUE,"no_lookup_match"
"Aruba","ABW",2024,"20260921",32,2024-08-05,81,NA,81,111,NA,FALSE,TRUE,"no_lookup_match"
"Aruba","ABW",2025,"20260921",33,2025-08-11,14,NA,14,58,NA,FALSE,TRUE,"no_lookup_match"
"Bahamas","BHS",2024,"20260921",8,2024-02-19,0,NA,0,135,NA,FALSE,TRUE,"no_lookup_match"
"Bahamas","BHS",2026,"20260921",20,2026-05-11,1,NA,1,19,NA,FALSE,TRUE,"no_lookup_match"
"Barbados","BRB",2025,"20260921",33,2025-08-11,115,NA,115,58,NA,FALSE,TRUE,"no_lookup_match"
"Barbados","BRB",2026,"20260921",30,2026-07-20,66,54,54,9,0.811243003335894,TRUE,FALSE,"applied_mean"
"Barbados","BRB",2024,"20260921",33,2024-08-12,1071,NA,1071,110,NA,FALSE,TRUE,"no_lookup_match"
"Bermuda","BMU",2024,"20260921",33,2024-08-12,1,NA,1,110,NA,FALSE,TRUE,"no_lookup_match"
"Bermuda","BMU",2025,"20260921",33,2025-08-11,0,NA,0,58,NA,FALSE,TRUE,"no_lookup_match"
"Bermuda","BMU",2026,"20260921",24,2026-06-08,2,NA,2,15,NA,FALSE,TRUE,"no_lookup_match"
"Bonaire, Saint Eustatius and Saba","BES",2024,"20260921",12,2024-03-18,207,NA,207,131,NA,FALSE,TRUE,"no_lookup_match"
"Cayman Islands","CYM",2024,"20260921",33,2024-08-12,5,NA,5,110,NA,FALSE,TRUE,"no_lookup_match"
"Cayman Islands","CYM",2025,"20260921",33,2025-08-11,0,NA,0,58,NA,FALSE,TRUE,"no_lookup_match"
"Cayman Islands","CYM",2026,"20260921",32,2026-08-03,0,0,0,7,1,TRUE,FALSE,"applied_mean"
"Curaçao","CUW",2024,"20260921",12,2024-03-18,262,NA,262,131,NA,FALSE,TRUE,"no_lookup_match"
"French Guiana","GUF",2024,"20260921",32,2024-08-05,16141,NA,16141,111,NA,FALSE,TRUE,"no_lookup_match"
"French Guiana","GUF",2025,"20260921",33,2025-08-11,252,NA,252,58,NA,FALSE,TRUE,"no_lookup_match"
"French Guiana","GUF",2026,"20260921",33,2026-08-10,12,12,12,6,1,TRUE,FALSE,"applied_mean"
"Grenada","GRD",2024,"20260921",33,2024-08-12,336,NA,336,110,NA,FALSE,TRUE,"no_lookup_match"
"Grenada","GRD",2025,"20260921",33,2025-08-11,116,NA,116,58,NA,FALSE,TRUE,"no_lookup_match"
"Grenada","GRD",2026,"20260921",33,2026-08-10,135,135,135,6,1,TRUE,FALSE,"applied_mean"
"Guadeloupe","GLP",2026,"20260921",20,2026-05-11,383,383,383,19,1,TRUE,FALSE,"applied_mean"
"Guadeloupe","GLP",2024,"20260921",33,2024-08-12,4235,NA,4235,110,NA,FALSE,TRUE,"no_lookup_match"
"Guadeloupe","GLP",2025,"20260921",25,2025-06-16,4635,NA,4635,66,NA,FALSE,TRUE,"no_lookup_match"
"Guyana","GUY",2025,"20260921",33,2025-08-11,46301,NA,46301,58,NA,FALSE,TRUE,"no_lookup_match"
"Guyana","GUY",2026,"20260921",25,2026-06-15,35768,39388,39388,14,1.10121007553855,TRUE,FALSE,"applied_mean"
"Guyana","GUY",2024,"20260921",33,2024-08-12,35238,NA,35238,110,NA,FALSE,TRUE,"no_lookup_match"
"Jamaica","JAM",2025,"20260921",33,2025-08-11,319,NA,319,58,NA,FALSE,TRUE,"no_lookup_match"
"Jamaica","JAM",2026,"20260921",30,2026-07-20,145,145,145,9,1,TRUE,FALSE,"applied_mean"
"Jamaica","JAM",2024,"20260921",33,2024-08-12,1597,NA,1597,110,NA,FALSE,TRUE,"no_lookup_match"
"Martinique","MTQ",2025,"20260921",25,2025-06-16,995,NA,995,66,NA,FALSE,TRUE,"no_lookup_match"
"Martinique","MTQ",2024,"20260921",33,2024-08-12,6004,NA,6004,110,NA,FALSE,TRUE,"no_lookup_match"
"Martinique","MTQ",2026,"20260921",20,2026-05-11,1354,1354,1354,19,1,TRUE,FALSE,"applied_mean"
"Montserrat","MSR",2024,"20260921",33,2024-08-12,2,NA,2,110,NA,FALSE,TRUE,"no_lookup_match"
"Montserrat","MSR",2025,"20260921",33,2025-08-11,1,NA,1,58,NA,FALSE,TRUE,"no_lookup_match"
"Montserrat","MSR",2026,"20260921",32,2026-08-03,0,0,0,7,1,TRUE,FALSE,"applied_mean"
"Saint Barthelemy","BLM",2025,"20260921",24,2025-06-09,20,NA,20,67,NA,FALSE,TRUE,"no_lookup_match"
"Saint Barthelemy","BLM",2026,"20260921",20,2026-05-11,0,0,0,19,1,TRUE,FALSE,"applied_mean"
"Saint Barthelemy","BLM",2024,"20260921",33,2024-08-12,148,NA,148,110,NA,FALSE,TRUE,"no_lookup_match"
"Saint Kitts and Nevis","KNA",2024,"20260921",33,2024-08-12,206,NA,206,110,NA,FALSE,TRUE,"no_lookup_match"
"Saint Kitts and Nevis","KNA",2025,"20260921",33,2025-08-11,4,NA,4,58,NA,FALSE,TRUE,"no_lookup_match"
"Saint Kitts and Nevis","KNA",2026,"20260921",13,2026-03-23,13,13,13,26,1.0137990750553,TRUE,FALSE,"applied_mean"
"Saint Lucia","LCA",2025,"20260921",33,2025-08-11,43,NA,43,58,NA,FALSE,TRUE,"no_lookup_match"
"Saint Lucia","LCA",2026,"20260921",33,2026-08-10,8,8,8,6,1,TRUE,FALSE,"applied_mean"
"Saint Lucia","LCA",2024,"20260921",33,2024-08-12,26,NA,26,110,NA,FALSE,TRUE,"no_lookup_match"
"Saint Martin",NA,2025,"20260921",25,2025-06-16,184,NA,184,66,NA,FALSE,TRUE,"no_lookup_match"
"Saint Martin",NA,2026,"20260921",20,2026-05-11,7,NA,7,19,NA,FALSE,TRUE,"no_lookup_match"
"Saint Martin",NA,2024,"20260921",33,2024-08-12,561,NA,561,110,NA,FALSE,TRUE,"no_lookup_match"
"Saint Vincent and the Grenadines","VCT",2025,"20260921",33,2025-08-11,5,NA,5,58,NA,FALSE,TRUE,"no_lookup_match"
"Saint Vincent and the Grenadines","VCT",2026,"20260921",31,2026-07-27,3,3,3,8,1,TRUE,FALSE,"applied_mean"
"Saint Vincent and the Grenadines","VCT",2024,"20260921",32,2024-08-05,75,NA,75,111,NA,FALSE,TRUE,"no_lookup_match"
"Sint Maarten","SXM",2024,"20260921",33,2024-08-12,140,NA,140,110,NA,FALSE,TRUE,"no_lookup_match"
"Sint Maarten","SXM",2025,"20260921",28,2025-07-07,8,NA,8,63,NA,FALSE,TRUE,"no_lookup_match"
"Suriname","SUR",2025,"20260921",33,2025-08-11,1126,NA,1126,58,NA,FALSE,TRUE,"no_lookup_match"
"Suriname","SUR",2024,"20260921",20,2024-05-13,95,NA,95,123,NA,FALSE,TRUE,"no_lookup_match"
"Suriname","SUR",2026,"20260921",19,2026-05-04,418,418,418,20,1,TRUE,FALSE,"applied_mean"
"Trinidad and Tobago","TTO",2025,"20260921",33,2025-08-11,43,NA,43,58,NA,FALSE,TRUE,"no_lookup_match"
"Trinidad and Tobago","TTO",2026,"20260921",32,2026-08-03,102,102,102,7,1,TRUE,FALSE,"applied_mean"
"Trinidad and Tobago","TTO",2024,"20260921",33,2024-08-12,813,NA,813,110,NA,FALSE,TRUE,"no_lookup_match"
"Turks and Caicos Islands","TCA",2025,"20260921",33,2025-08-11,1,NA,1,58,NA,FALSE,TRUE,"no_lookup_match"
"Turks and Caicos Islands","TCA",2026,"20260921",12,2026-03-16,8,8,8,27,1,TRUE,FALSE,"applied_mean"
"Turks and Caicos Islands","TCA",2024,"20260921",32,2024-08-05,110,NA,110,111,NA,FALSE,TRUE,"no_lookup_match"
"Virgin Islands (UK)","VGB",2024,"20260921",33,2024-08-12,30,NA,30,110,NA,FALSE,TRUE,"no_lookup_match"
"Virgin Islands (UK)","VGB",2025,"20260921",33,2025-08-11,28,NA,28,58,NA,FALSE,TRUE,"no_lookup_match"
"Virgin Islands (UK)","VGB",2026,"20260921",24,2026-06-08,15,NA,15,15,NA,FALSE,TRUE,"no_lookup_match"
"Virgin Islands (US)","VIR",2024,"20260921",33,2024-08-12,82,NA,82,110,NA,FALSE,TRUE,"no_lookup_match"
"Virgin Islands (US)","VIR",2025,"20260921",33,2025-08-11,47,NA,47,58,NA,FALSE,TRUE,"no_lookup_match"
"Virgin Islands (US)","VIR",2026,"20260921",33,2026-08-10,0,NA,0,6,NA,FALSE,TRUE,"no_lookup_match"
"Canada","CAN",2024,"20260921",34,2024-08-19,0,NA,0,109,NA,FALSE,TRUE,"no_lookup_match"
"Canada","CAN",2025,"20260921",34,2025-08-18,0,NA,0,57,NA,FALSE,TRUE,"no_lookup_match"
"Canada","CAN",2026,"20260921",34,2026-08-17,0,NA,0,5,NA,FALSE,TRUE,"no_lookup_match"
"United States of America","USA",2024,"20260921",34,2024-08-19,1331,NA,1331,109,NA,FALSE,TRUE,"no_lookup_match"
"United States of America","USA",2025,"20260921",34,2025-08-18,569,NA,569,57,NA,FALSE,TRUE,"no_lookup_match"
"United States of America","USA",2026,"20260921",34,2026-08-17,351,NA,351,5,NA,FALSE,TRUE,"no_lookup_match"
"Belize","BLZ",2024,"20260921",34,2024-08-19,770,NA,770,109,NA,FALSE,TRUE,"country_excluded"
"Belize","BLZ",2025,"20260921",34,2025-08-18,1198,NA,1198,57,NA,FALSE,TRUE,"country_excluded"
"Belize","BLZ",2026,"20260921",15,2026-04-06,317,NA,317,24,NA,FALSE,TRUE,"country_excluded"
"Costa Rica","CRI",2026,"20260921",34,2026-08-17,4075,3774,3774,5,0.926080187432602,TRUE,FALSE,"applied_mean"
"Costa Rica","CRI",2024,"20260921",34,2024-08-19,19492,NA,19492,109,NA,FALSE,TRUE,"no_lookup_match"
"Costa Rica","CRI",2025,"20260921",34,2025-08-18,2751,NA,2751,57,NA,FALSE,TRUE,"no_lookup_match"
"El Salvador","SLV",2024,"20260921",34,2024-08-19,5541,NA,5541,109,NA,FALSE,TRUE,"no_lookup_match"
"El Salvador","SLV",2025,"20260921",34,2025-08-18,3902,NA,3902,57,NA,FALSE,TRUE,"no_lookup_match"
"El Salvador","SLV",2026,"20260921",30,2026-07-20,3039,3039,3039,9,1,TRUE,FALSE,"applied_mean"
"Guatemala","GTM",2025,"20260921",34,2025-08-18,35020,NA,35020,57,NA,FALSE,TRUE,"no_lookup_match"
"Guatemala","GTM",2026,"20260921",26,2026-06-22,15679,20828,20828,13,1.32839399642986,TRUE,FALSE,"applied_mean"
"Guatemala","GTM",2024,"20260921",34,2024-08-19,108230,NA,108230,109,NA,FALSE,TRUE,"no_lookup_match"
"Honduras","HND",2024,"20260921",34,2024-08-19,128647,NA,128647,109,NA,FALSE,TRUE,"no_lookup_match"
"Honduras","HND",2025,"20260921",34,2025-08-18,12167,NA,12167,57,NA,FALSE,TRUE,"no_lookup_match"
"Honduras","HND",2026,"20260921",33,2026-08-10,8079,8077,8077,6,0.999692576330584,TRUE,FALSE,"applied_mean"
"Mexico","MEX",2024,"20260921",34,2024-08-19,226385,NA,226385,109,NA,FALSE,TRUE,"no_lookup_match"
"Mexico","MEX",2025,"20260921",34,2025-08-18,77166,NA,77166,57,NA,FALSE,TRUE,"no_lookup_match"
"Mexico","MEX",2026,"20260921",34,2026-08-17,46200,46160,46160,5,0.999143982742989,TRUE,FALSE,"applied_mean"
"Nicaragua","NIC",2025,"20260921",4,2025-01-20,5702,NA,5702,87,NA,FALSE,TRUE,"no_lookup_match"
"Nicaragua","NIC",2024,"20260921",34,2024-08-19,53912,NA,53912,109,NA,FALSE,TRUE,"no_lookup_match"
"Panama","PAN",2024,"20260921",34,2024-08-19,21116,NA,21116,109,NA,FALSE,TRUE,"no_lookup_match"
"Panama","PAN",2025,"20260921",34,2025-08-18,12385,NA,12385,57,NA,FALSE,TRUE,"no_lookup_match"
"Panama","PAN",2026,"20260921",34,2026-08-17,9456,9158,9158,5,0.968526486210583,TRUE,FALSE,"applied_mean"
"Bolivia","BOL",2024,"20260921",34,2024-08-19,49557,NA,49557,109,NA,FALSE,TRUE,"no_lookup_match"
"Bolivia","BOL",2025,"20260921",34,2025-08-18,29651,NA,29651,57,NA,FALSE,TRUE,"no_lookup_match"
"Bolivia","BOL",2026,"20260921",33,2026-08-10,58628,68007,68007,6,1.15996879530479,TRUE,FALSE,"applied_mean"
"Colombia","COL",2024,"20260921",34,2024-08-19,253200,NA,253200,109,NA,FALSE,TRUE,"no_lookup_match"
"Colombia","COL",2025,"20260921",34,2025-08-18,98869,NA,98869,57,NA,FALSE,TRUE,"no_lookup_match"
"Colombia","COL",2026,"20260921",34,2026-08-17,74970,74970,74970,5,1,TRUE,FALSE,"applied_mean"
"Ecuador","ECU",2024,"20260921",34,2024-08-19,49751,NA,49751,109,NA,FALSE,TRUE,"no_lookup_match"
"Ecuador","ECU",2025,"20260921",34,2025-08-18,33063,NA,33063,57,NA,FALSE,TRUE,"no_lookup_match"
"Ecuador","ECU",2026,"20260921",34,2026-08-17,31312,31332,31332,5,1.00063048956278,TRUE,FALSE,"applied_mean"
"Peru","PER",2024,"20260921",34,2024-08-19,258828,NA,258828,109,NA,FALSE,TRUE,"no_lookup_match"
"Peru","PER",2025,"20260921",34,2025-08-18,32001,NA,32001,57,NA,FALSE,TRUE,"no_lookup_match"
"Peru","PER",2026,"20260921",34,2026-08-17,49010,48842,48842,5,0.99657974662407,TRUE,FALSE,"applied_mean"
"Venezuela","VEN",2024,"20260921",34,2024-08-19,34227,NA,34227,109,NA,FALSE,TRUE,"no_lookup_match"
"Venezuela","VEN",2025,"20260921",34,2025-08-18,31817,NA,31817,57,NA,FALSE,TRUE,"no_lookup_match"
"Venezuela","VEN",2026,"20260921",32,2026-08-03,10287,NA,10287,7,NA,FALSE,TRUE,"no_lookup_match"
"Argentina","ARG",2024,"20260921",34,2024-08-19,581302,NA,581302,109,NA,FALSE,TRUE,"no_lookup_match"
"Argentina","ARG",2025,"20260921",34,2025-08-18,17638,NA,17638,57,NA,FALSE,TRUE,"no_lookup_match"
"Argentina","ARG",2026,"20260921",34,2026-08-17,59,66,66,5,1.12587520184135,TRUE,FALSE,"applied_mean"
"Brazil","BRA",2024,"20260921",34,2024-08-19,9730730,NA,9730730,109,NA,FALSE,TRUE,"no_lookup_match"
"Brazil","BRA",2025,"20260921",34,2025-08-18,3345567,NA,3345567,57,NA,FALSE,TRUE,"no_lookup_match"
"Brazil","BRA",2026,"20260921",34,2026-08-17,1262783,1328855,1328855,5,1.05232276774425,TRUE,FALSE,"applied_mean"
"Chile","CHL",2025,"20260921",34,2025-08-18,0,NA,0,57,NA,FALSE,TRUE,"no_lookup_match"
"Chile","CHL",2024,"20260921",34,2024-08-19,157,NA,157,109,NA,FALSE,TRUE,"no_lookup_match"
"Chile","CHL",2026,"20260921",34,2026-08-17,27,27,27,5,1.00229292929293,TRUE,FALSE,"applied_mean"
"Paraguay","PRY",2024,"20260921",34,2024-08-19,284336,NA,284336,109,NA,FALSE,TRUE,"no_lookup_match"
"Paraguay","PRY",2025,"20260921",34,2025-08-18,23351,NA,23351,57,NA,FALSE,TRUE,"no_lookup_match"
"Paraguay","PRY",2026,"20260921",34,2026-08-17,9893,9722,9722,5,0.982699838431775,TRUE,FALSE,"applied_mean"
"Uruguay","URY",2025,"20260921",34,2025-08-18,7,NA,7,57,NA,FALSE,TRUE,"no_lookup_match"
"Uruguay","URY",2026,"20260921",32,2026-08-03,0,0,0,7,1.61117649105868,TRUE,FALSE,"applied_mean"
"Uruguay","URY",2024,"20260921",34,2024-08-19,1128,NA,1128,109,NA,FALSE,TRUE,"no_lookup_match"
"Cuba","CUB",2026,"20260921",25,2026-06-15,1746,NA,1746,14,NA,FALSE,TRUE,"no_lookup_match"
"Cuba","CUB",2024,"20260921",31,2024-07-29,985,NA,985,112,NA,FALSE,TRUE,"no_lookup_match"
"Cuba","CUB",2025,"20260921",28,2025-07-07,3945,NA,3945,63,NA,FALSE,TRUE,"no_lookup_match"
"Dominican Republic","DOM",2024,"20260921",34,2024-08-19,9153,NA,9153,109,NA,FALSE,TRUE,"no_lookup_match"
"Dominican Republic","DOM",2025,"20260921",34,2025-08-18,1317,NA,1317,57,NA,FALSE,TRUE,"no_lookup_match"
"Dominican Republic","DOM",2026,"20260921",34,2026-08-17,959,959,959,5,1,TRUE,FALSE,"applied_mean"
"Puerto Rico","PRI",2024,"20260921",34,2024-08-19,3065,NA,3065,109,NA,FALSE,TRUE,"no_lookup_match"
"Puerto Rico","PRI",2025,"20260921",34,2025-08-18,2413,NA,2413,57,NA,FALSE,TRUE,"no_lookup_match"
"Puerto Rico","PRI",2026,"20260921",33,2026-08-10,882,889,889,6,1.00809866256541,TRUE,FALSE,"applied_mean"
"Anguilla","AIA",2025,"20260921",34,2025-08-18,1,NA,1,57,NA,FALSE,TRUE,"no_lookup_match"
"Anguilla","AIA",2026,"20260921",33,2026-08-10,0,NA,0,6,NA,FALSE,TRUE,"no_lookup_match"
"Antigua and Barbuda","ATG",2025,"20260921",34,2025-08-18,10,NA,10,57,NA,FALSE,TRUE,"no_lookup_match"
"Antigua and Barbuda","ATG",2026,"20260921",28,2026-07-06,8,8,8,11,1.05927349913893,TRUE,FALSE,"applied_mean"
"Antigua and Barbuda","ATG",2024,"20260921",34,2024-08-19,151,NA,151,109,NA,FALSE,TRUE,"no_lookup_match"
"Aruba","ABW",2024,"20260921",32,2024-08-05,81,NA,81,111,NA,FALSE,TRUE,"no_lookup_match"
"Aruba","ABW",2025,"20260921",34,2025-08-18,14,NA,14,57,NA,FALSE,TRUE,"no_lookup_match"
"Bahamas","BHS",2024,"20260921",8,2024-02-19,0,NA,0,135,NA,FALSE,TRUE,"no_lookup_match"
"Bahamas","BHS",2026,"20260921",20,2026-05-11,1,NA,1,19,NA,FALSE,TRUE,"no_lookup_match"
"Barbados","BRB",2025,"20260921",34,2025-08-18,117,NA,117,57,NA,FALSE,TRUE,"no_lookup_match"
"Barbados","BRB",2026,"20260921",30,2026-07-20,66,54,54,9,0.811243003335894,TRUE,FALSE,"applied_mean"
"Barbados","BRB",2024,"20260921",34,2024-08-19,1074,NA,1074,109,NA,FALSE,TRUE,"no_lookup_match"
"Bermuda","BMU",2024,"20260921",34,2024-08-19,1,NA,1,109,NA,FALSE,TRUE,"no_lookup_match"
"Bermuda","BMU",2025,"20260921",34,2025-08-18,0,NA,0,57,NA,FALSE,TRUE,"no_lookup_match"
"Bermuda","BMU",2026,"20260921",24,2026-06-08,2,NA,2,15,NA,FALSE,TRUE,"no_lookup_match"
"Bonaire, Saint Eustatius and Saba","BES",2024,"20260921",12,2024-03-18,207,NA,207,131,NA,FALSE,TRUE,"no_lookup_match"
"Cayman Islands","CYM",2024,"20260921",34,2024-08-19,5,NA,5,109,NA,FALSE,TRUE,"no_lookup_match"
"Cayman Islands","CYM",2025,"20260921",34,2025-08-18,0,NA,0,57,NA,FALSE,TRUE,"no_lookup_match"
"Cayman Islands","CYM",2026,"20260921",32,2026-08-03,0,0,0,7,1,TRUE,FALSE,"applied_mean"
"Curaçao","CUW",2024,"20260921",12,2024-03-18,262,NA,262,131,NA,FALSE,TRUE,"no_lookup_match"
"French Guiana","GUF",2024,"20260921",32,2024-08-05,16141,NA,16141,111,NA,FALSE,TRUE,"no_lookup_match"
"French Guiana","GUF",2025,"20260921",34,2025-08-18,256,NA,256,57,NA,FALSE,TRUE,"no_lookup_match"
"French Guiana","GUF",2026,"20260921",34,2026-08-17,12,12,12,5,1,TRUE,FALSE,"applied_mean"
"Grenada","GRD",2024,"20260921",34,2024-08-19,400,NA,400,109,NA,FALSE,TRUE,"no_lookup_match"
"Grenada","GRD",2025,"20260921",34,2025-08-18,119,NA,119,57,NA,FALSE,TRUE,"no_lookup_match"
"Grenada","GRD",2026,"20260921",34,2026-08-17,148,148,148,5,1,TRUE,FALSE,"applied_mean"
"Guadeloupe","GLP",2026,"20260921",20,2026-05-11,383,383,383,19,1,TRUE,FALSE,"applied_mean"
"Guadeloupe","GLP",2024,"20260921",34,2024-08-19,4235,NA,4235,109,NA,FALSE,TRUE,"no_lookup_match"
"Guadeloupe","GLP",2025,"20260921",25,2025-06-16,4635,NA,4635,66,NA,FALSE,TRUE,"no_lookup_match"
"Guyana","GUY",2025,"20260921",34,2025-08-18,47460,NA,47460,57,NA,FALSE,TRUE,"no_lookup_match"
"Guyana","GUY",2026,"20260921",25,2026-06-15,35768,39388,39388,14,1.10121007553855,TRUE,FALSE,"applied_mean"
"Guyana","GUY",2024,"20260921",34,2024-08-19,35702,NA,35702,109,NA,FALSE,TRUE,"no_lookup_match"
"Jamaica","JAM",2025,"20260921",34,2025-08-18,324,NA,324,57,NA,FALSE,TRUE,"no_lookup_match"
"Jamaica","JAM",2026,"20260921",30,2026-07-20,145,145,145,9,1,TRUE,FALSE,"applied_mean"
"Jamaica","JAM",2024,"20260921",34,2024-08-19,1613,NA,1613,109,NA,FALSE,TRUE,"no_lookup_match"
"Martinique","MTQ",2025,"20260921",25,2025-06-16,995,NA,995,66,NA,FALSE,TRUE,"no_lookup_match"
"Martinique","MTQ",2024,"20260921",34,2024-08-19,6004,NA,6004,109,NA,FALSE,TRUE,"no_lookup_match"
"Martinique","MTQ",2026,"20260921",20,2026-05-11,1354,1354,1354,19,1,TRUE,FALSE,"applied_mean"
"Montserrat","MSR",2024,"20260921",34,2024-08-19,2,NA,2,109,NA,FALSE,TRUE,"no_lookup_match"
"Montserrat","MSR",2025,"20260921",34,2025-08-18,1,NA,1,57,NA,FALSE,TRUE,"no_lookup_match"
"Montserrat","MSR",2026,"20260921",32,2026-08-03,0,0,0,7,1,TRUE,FALSE,"applied_mean"
"Saint Barthelemy","BLM",2025,"20260921",24,2025-06-09,20,NA,20,67,NA,FALSE,TRUE,"no_lookup_match"
"Saint Barthelemy","BLM",2026,"20260921",20,2026-05-11,0,0,0,19,1,TRUE,FALSE,"applied_mean"
"Saint Barthelemy","BLM",2024,"20260921",34,2024-08-19,148,NA,148,109,NA,FALSE,TRUE,"no_lookup_match"
"Saint Kitts and Nevis","KNA",2024,"20260921",34,2024-08-19,206,NA,206,109,NA,FALSE,TRUE,"no_lookup_match"
"Saint Kitts and Nevis","KNA",2025,"20260921",34,2025-08-18,4,NA,4,57,NA,FALSE,TRUE,"no_lookup_match"
"Saint Kitts and Nevis","KNA",2026,"20260921",13,2026-03-23,13,13,13,26,1.0137990750553,TRUE,FALSE,"applied_mean"
"Saint Lucia","LCA",2025,"20260921",34,2025-08-18,43,NA,43,57,NA,FALSE,TRUE,"no_lookup_match"
"Saint Lucia","LCA",2026,"20260921",34,2026-08-17,9,9,9,5,1,TRUE,FALSE,"applied_mean"
"Saint Lucia","LCA",2024,"20260921",34,2024-08-19,40,NA,40,109,NA,FALSE,TRUE,"no_lookup_match"
"Saint Martin",NA,2025,"20260921",25,2025-06-16,184,NA,184,66,NA,FALSE,TRUE,"no_lookup_match"
"Saint Martin",NA,2026,"20260921",20,2026-05-11,7,NA,7,19,NA,FALSE,TRUE,"no_lookup_match"
"Saint Martin",NA,2024,"20260921",34,2024-08-19,561,NA,561,109,NA,FALSE,TRUE,"no_lookup_match"
"Saint Vincent and the Grenadines","VCT",2025,"20260921",34,2025-08-18,5,NA,5,57,NA,FALSE,TRUE,"no_lookup_match"
"Saint Vincent and the Grenadines","VCT",2026,"20260921",31,2026-07-27,3,3,3,8,1,TRUE,FALSE,"applied_mean"
"Saint Vincent and the Grenadines","VCT",2024,"20260921",32,2024-08-05,75,NA,75,111,NA,FALSE,TRUE,"no_lookup_match"
"Sint Maarten","SXM",2024,"20260921",34,2024-08-19,140,NA,140,109,NA,FALSE,TRUE,"no_lookup_match"
"Sint Maarten","SXM",2025,"20260921",28,2025-07-07,8,NA,8,63,NA,FALSE,TRUE,"no_lookup_match"
"Suriname","SUR",2025,"20260921",34,2025-08-18,1176,NA,1176,57,NA,FALSE,TRUE,"no_lookup_match"
"Suriname","SUR",2024,"20260921",20,2024-05-13,95,NA,95,123,NA,FALSE,TRUE,"no_lookup_match"
"Suriname","SUR",2026,"20260921",19,2026-05-04,418,418,418,20,1,TRUE,FALSE,"applied_mean"
"Trinidad and Tobago","TTO",2025,"20260921",34,2025-08-18,43,NA,43,57,NA,FALSE,TRUE,"no_lookup_match"
"Trinidad and Tobago","TTO",2026,"20260921",32,2026-08-03,102,102,102,7,1,TRUE,FALSE,"applied_mean"
"Trinidad and Tobago","TTO",2024,"20260921",34,2024-08-19,911,NA,911,109,NA,FALSE,TRUE,"no_lookup_match"
"Turks and Caicos Islands","TCA",2025,"20260921",34,2025-08-18,1,NA,1,57,NA,FALSE,TRUE,"no_lookup_match"
"Turks and Caicos Islands","TCA",2026,"20260921",12,2026-03-16,8,8,8,27,1,TRUE,FALSE,"applied_mean"
"Turks and Caicos Islands","TCA",2024,"20260921",32,2024-08-05,110,NA,110,111,NA,FALSE,TRUE,"no_lookup_match"
"Virgin Islands (UK)","VGB",2024,"20260921",34,2024-08-19,30,NA,30,109,NA,FALSE,TRUE,"no_lookup_match"
"Virgin Islands (UK)","VGB",2025,"20260921",34,2025-08-18,28,NA,28,57,NA,FALSE,TRUE,"no_lookup_match"
"Virgin Islands (UK)","VGB",2026,"20260921",24,2026-06-08,15,NA,15,15,NA,FALSE,TRUE,"no_lookup_match"
"Virgin Islands (US)","VIR",2024,"20260921",34,2024-08-19,88,NA,88,109,NA,FALSE,TRUE,"no_lookup_match"
"Virgin Islands (US)","VIR",2025,"20260921",34,2025-08-18,47,NA,47,57,NA,FALSE,TRUE,"no_lookup_match"
"Virgin Islands (US)","VIR",2026,"20260921",34,2026-08-17,0,NA,0,5,NA,FALSE,TRUE,"no_lookup_match"
"Canada","CAN",2024,"20260921",35,2024-08-26,0,NA,0,108,NA,FALSE,TRUE,"no_lookup_match"
"Canada","CAN",2025,"20260921",35,2025-08-25,0,NA,0,56,NA,FALSE,TRUE,"no_lookup_match"
"Canada","CAN",2026,"20260921",35,2026-08-24,0,NA,0,4,NA,FALSE,TRUE,"no_lookup_match"
"United States of America","USA",2024,"20260921",35,2024-08-26,1431,NA,1431,108,NA,FALSE,TRUE,"no_lookup_match"
"United States of America","USA",2025,"20260921",35,2025-08-25,600,NA,600,56,NA,FALSE,TRUE,"no_lookup_match"
"United States of America","USA",2026,"20260921",35,2026-08-24,351,NA,351,4,NA,FALSE,TRUE,"no_lookup_match"
"Belize","BLZ",2024,"20260921",35,2024-08-26,836,NA,836,108,NA,FALSE,TRUE,"country_excluded"
"Belize","BLZ",2025,"20260921",35,2025-08-25,1339,NA,1339,56,NA,FALSE,TRUE,"country_excluded"
"Belize","BLZ",2026,"20260921",15,2026-04-06,317,NA,317,24,NA,FALSE,TRUE,"country_excluded"
"Costa Rica","CRI",2026,"20260921",35,2026-08-24,4390,4085,4085,4,0.9304289202201,TRUE,FALSE,"applied_mean"
"Costa Rica","CRI",2024,"20260921",35,2024-08-26,20654,NA,20654,108,NA,FALSE,TRUE,"no_lookup_match"
"Costa Rica","CRI",2025,"20260921",35,2025-08-25,2922,NA,2922,56,NA,FALSE,TRUE,"no_lookup_match"
"El Salvador","SLV",2024,"20260921",35,2024-08-26,5790,NA,5790,108,NA,FALSE,TRUE,"no_lookup_match"
"El Salvador","SLV",2025,"20260921",35,2025-08-25,4069,NA,4069,56,NA,FALSE,TRUE,"no_lookup_match"
"El Salvador","SLV",2026,"20260921",30,2026-07-20,3039,3039,3039,9,1,TRUE,FALSE,"applied_mean"
"Guatemala","GTM",2025,"20260921",35,2025-08-25,35920,NA,35920,56,NA,FALSE,TRUE,"no_lookup_match"
"Guatemala","GTM",2026,"20260921",26,2026-06-22,15679,20828,20828,13,1.32839399642986,TRUE,FALSE,"applied_mean"
"Guatemala","GTM",2024,"20260921",35,2024-08-26,115374,NA,115374,108,NA,FALSE,TRUE,"no_lookup_match"
"Honduras","HND",2024,"20260921",35,2024-08-26,137064,NA,137064,108,NA,FALSE,TRUE,"no_lookup_match"
"Honduras","HND",2025,"20260921",35,2025-08-25,12468,NA,12468,56,NA,FALSE,TRUE,"no_lookup_match"
"Honduras","HND",2026,"20260921",33,2026-08-10,8079,8077,8077,6,0.999692576330584,TRUE,FALSE,"applied_mean"
"Mexico","MEX",2024,"20260921",35,2024-08-26,250372,NA,250372,108,NA,FALSE,TRUE,"no_lookup_match"
"Mexico","MEX",2025,"20260921",35,2025-08-25,80868,NA,80868,56,NA,FALSE,TRUE,"no_lookup_match"
"Mexico","MEX",2026,"20260921",35,2026-08-24,48348,48677,48677,4,1.0067977465121,TRUE,FALSE,"applied_mean"
"Nicaragua","NIC",2025,"20260921",4,2025-01-20,5702,NA,5702,87,NA,FALSE,TRUE,"no_lookup_match"
"Nicaragua","NIC",2024,"20260921",35,2024-08-26,56068,NA,56068,108,NA,FALSE,TRUE,"no_lookup_match"
"Panama","PAN",2024,"20260921",35,2024-08-26,22669,NA,22669,108,NA,FALSE,TRUE,"no_lookup_match"
"Panama","PAN",2025,"20260921",35,2025-08-25,12869,NA,12869,56,NA,FALSE,TRUE,"no_lookup_match"
"Panama","PAN",2026,"20260921",34,2026-08-17,9456,9158,9158,5,0.968526486210583,TRUE,FALSE,"applied_mean"
"Bolivia","BOL",2024,"20260921",35,2024-08-26,49816,NA,49816,108,NA,FALSE,TRUE,"no_lookup_match"
"Bolivia","BOL",2025,"20260921",35,2025-08-25,29863,NA,29863,56,NA,FALSE,TRUE,"no_lookup_match"
"Bolivia","BOL",2026,"20260921",33,2026-08-10,58628,68007,68007,6,1.15996879530479,TRUE,FALSE,"applied_mean"
"Colombia","COL",2024,"20260921",35,2024-08-26,258145,NA,258145,108,NA,FALSE,TRUE,"no_lookup_match"
"Colombia","COL",2025,"20260921",35,2025-08-25,100035,NA,100035,56,NA,FALSE,TRUE,"no_lookup_match"
"Colombia","COL",2026,"20260921",35,2026-08-24,77071,77071,77071,4,1,TRUE,FALSE,"applied_mean"
"Ecuador","ECU",2024,"20260921",35,2024-08-26,50445,NA,50445,108,NA,FALSE,TRUE,"no_lookup_match"
"Ecuador","ECU",2025,"20260921",35,2025-08-25,33322,NA,33322,56,NA,FALSE,TRUE,"no_lookup_match"
"Ecuador","ECU",2026,"20260921",35,2026-08-24,32576,32597,32597,4,1.00063077279599,TRUE,FALSE,"applied_mean"
"Peru","PER",2024,"20260921",35,2024-08-26,259230,NA,259230,108,NA,FALSE,TRUE,"no_lookup_match"
"Peru","PER",2025,"20260921",35,2025-08-25,32252,NA,32252,56,NA,FALSE,TRUE,"no_lookup_match"
"Peru","PER",2026,"20260921",35,2026-08-24,52873,52556,52556,4,0.994005294504034,TRUE,FALSE,"applied_mean"
"Venezuela","VEN",2024,"20260921",35,2024-08-26,35759,NA,35759,108,NA,FALSE,TRUE,"no_lookup_match"
"Venezuela","VEN",2025,"20260921",35,2025-08-25,32537,NA,32537,56,NA,FALSE,TRUE,"no_lookup_match"
"Venezuela","VEN",2026,"20260921",32,2026-08-03,10287,NA,10287,7,NA,FALSE,TRUE,"no_lookup_match"
"Argentina","ARG",2024,"20260921",35,2024-08-26,581309,NA,581309,108,NA,FALSE,TRUE,"no_lookup_match"
"Argentina","ARG",2025,"20260921",35,2025-08-25,17639,NA,17639,56,NA,FALSE,TRUE,"no_lookup_match"
"Argentina","ARG",2026,"20260921",35,2026-08-24,59,66,66,4,1.11409122655788,TRUE,FALSE,"applied_mean"
"Brazil","BRA",2024,"20260921",35,2024-08-26,9755265,NA,9755265,108,NA,FALSE,TRUE,"no_lookup_match"
"Brazil","BRA",2025,"20260921",35,2025-08-25,3367221,NA,3367221,56,NA,FALSE,TRUE,"no_lookup_match"
"Brazil","BRA",2026,"20260921",35,2026-08-24,1273281,1343251,1343251,4,1.05495283043417,TRUE,FALSE,"applied_mean"
"Chile","CHL",2025,"20260921",35,2025-08-25,0,NA,0,56,NA,FALSE,TRUE,"no_lookup_match"
"Chile","CHL",2024,"20260921",35,2024-08-26,157,NA,157,108,NA,FALSE,TRUE,"no_lookup_match"
"Chile","CHL",2026,"20260921",34,2026-08-17,27,27,27,5,1.00229292929293,TRUE,FALSE,"applied_mean"
"Paraguay","PRY",2024,"20260921",35,2024-08-26,284648,NA,284648,108,NA,FALSE,TRUE,"no_lookup_match"
"Paraguay","PRY",2025,"20260921",35,2025-08-25,23585,NA,23585,56,NA,FALSE,TRUE,"no_lookup_match"
"Paraguay","PRY",2026,"20260921",35,2026-08-24,10034,9860,9860,4,0.982649506719879,TRUE,FALSE,"applied_mean"
"Uruguay","URY",2025,"20260921",35,2025-08-25,7,NA,7,56,NA,FALSE,TRUE,"no_lookup_match"
"Uruguay","URY",2026,"20260921",32,2026-08-03,0,0,0,7,1.61117649105868,TRUE,FALSE,"applied_mean"
"Uruguay","URY",2024,"20260921",35,2024-08-26,1128,NA,1128,108,NA,FALSE,TRUE,"no_lookup_match"
"Cuba","CUB",2026,"20260921",25,2026-06-15,1746,NA,1746,14,NA,FALSE,TRUE,"no_lookup_match"
"Cuba","CUB",2024,"20260921",31,2024-07-29,985,NA,985,112,NA,FALSE,TRUE,"no_lookup_match"
"Cuba","CUB",2025,"20260921",28,2025-07-07,3945,NA,3945,63,NA,FALSE,TRUE,"no_lookup_match"
"Dominican Republic","DOM",2024,"20260921",35,2024-08-26,9239,NA,9239,108,NA,FALSE,TRUE,"no_lookup_match"
"Dominican Republic","DOM",2025,"20260921",35,2025-08-25,1332,NA,1332,56,NA,FALSE,TRUE,"no_lookup_match"
"Dominican Republic","DOM",2026,"20260921",34,2026-08-17,959,959,959,5,1,TRUE,FALSE,"applied_mean"
"Puerto Rico","PRI",2024,"20260921",35,2024-08-26,3206,NA,3206,108,NA,FALSE,TRUE,"no_lookup_match"
"Puerto Rico","PRI",2025,"20260921",35,2025-08-25,2458,NA,2458,56,NA,FALSE,TRUE,"no_lookup_match"
"Puerto Rico","PRI",2026,"20260921",33,2026-08-10,882,889,889,6,1.00809866256541,TRUE,FALSE,"applied_mean"
"Anguilla","AIA",2025,"20260921",35,2025-08-25,1,NA,1,56,NA,FALSE,TRUE,"no_lookup_match"
"Anguilla","AIA",2026,"20260921",33,2026-08-10,0,NA,0,6,NA,FALSE,TRUE,"no_lookup_match"
"Antigua and Barbuda","ATG",2025,"20260921",35,2025-08-25,10,NA,10,56,NA,FALSE,TRUE,"no_lookup_match"
"Antigua and Barbuda","ATG",2026,"20260921",28,2026-07-06,8,8,8,11,1.05927349913893,TRUE,FALSE,"applied_mean"
"Antigua and Barbuda","ATG",2024,"20260921",35,2024-08-26,151,NA,151,108,NA,FALSE,TRUE,"no_lookup_match"
"Aruba","ABW",2024,"20260921",32,2024-08-05,81,NA,81,111,NA,FALSE,TRUE,"no_lookup_match"
"Aruba","ABW",2025,"20260921",35,2025-08-25,14,NA,14,56,NA,FALSE,TRUE,"no_lookup_match"
"Bahamas","BHS",2024,"20260921",8,2024-02-19,0,NA,0,135,NA,FALSE,TRUE,"no_lookup_match"
"Bahamas","BHS",2026,"20260921",20,2026-05-11,1,NA,1,19,NA,FALSE,TRUE,"no_lookup_match"
"Barbados","BRB",2025,"20260921",35,2025-08-25,119,NA,119,56,NA,FALSE,TRUE,"no_lookup_match"
"Barbados","BRB",2026,"20260921",30,2026-07-20,66,54,54,9,0.811243003335894,TRUE,FALSE,"applied_mean"
"Barbados","BRB",2024,"20260921",35,2024-08-26,1074,NA,1074,108,NA,FALSE,TRUE,"no_lookup_match"
"Bermuda","BMU",2024,"20260921",35,2024-08-26,1,NA,1,108,NA,FALSE,TRUE,"no_lookup_match"
"Bermuda","BMU",2025,"20260921",35,2025-08-25,0,NA,0,56,NA,FALSE,TRUE,"no_lookup_match"
"Bermuda","BMU",2026,"20260921",24,2026-06-08,2,NA,2,15,NA,FALSE,TRUE,"no_lookup_match"
"Bonaire, Saint Eustatius and Saba","BES",2024,"20260921",12,2024-03-18,207,NA,207,131,NA,FALSE,TRUE,"no_lookup_match"
"Cayman Islands","CYM",2024,"20260921",35,2024-08-26,5,NA,5,108,NA,FALSE,TRUE,"no_lookup_match"
"Cayman Islands","CYM",2025,"20260921",35,2025-08-25,0,NA,0,56,NA,FALSE,TRUE,"no_lookup_match"
"Cayman Islands","CYM",2026,"20260921",32,2026-08-03,0,0,0,7,1,TRUE,FALSE,"applied_mean"
"Curaçao","CUW",2024,"20260921",12,2024-03-18,262,NA,262,131,NA,FALSE,TRUE,"no_lookup_match"
"French Guiana","GUF",2024,"20260921",32,2024-08-05,16141,NA,16141,111,NA,FALSE,TRUE,"no_lookup_match"
"French Guiana","GUF",2025,"20260921",35,2025-08-25,262,NA,262,56,NA,FALSE,TRUE,"no_lookup_match"
"French Guiana","GUF",2026,"20260921",35,2026-08-24,12,12,12,4,1,TRUE,FALSE,"applied_mean"
"Grenada","GRD",2024,"20260921",35,2024-08-26,446,NA,446,108,NA,FALSE,TRUE,"no_lookup_match"
"Grenada","GRD",2025,"20260921",35,2025-08-25,124,NA,124,56,NA,FALSE,TRUE,"no_lookup_match"
"Grenada","GRD",2026,"20260921",35,2026-08-24,168,168,168,4,1,TRUE,FALSE,"applied_mean"
"Guadeloupe","GLP",2026,"20260921",20,2026-05-11,383,383,383,19,1,TRUE,FALSE,"applied_mean"
"Guadeloupe","GLP",2024,"20260921",35,2024-08-26,4235,NA,4235,108,NA,FALSE,TRUE,"no_lookup_match"
"Guadeloupe","GLP",2025,"20260921",25,2025-06-16,4635,NA,4635,66,NA,FALSE,TRUE,"no_lookup_match"
"Guyana","GUY",2025,"20260921",35,2025-08-25,48713,NA,48713,56,NA,FALSE,TRUE,"no_lookup_match"
"Guyana","GUY",2026,"20260921",25,2026-06-15,35768,39388,39388,14,1.10121007553855,TRUE,FALSE,"applied_mean"
"Guyana","GUY",2024,"20260921",35,2024-08-26,36236,NA,36236,108,NA,FALSE,TRUE,"no_lookup_match"
"Jamaica","JAM",2025,"20260921",35,2025-08-25,325,NA,325,56,NA,FALSE,TRUE,"no_lookup_match"
"Jamaica","JAM",2026,"20260921",30,2026-07-20,145,145,145,9,1,TRUE,FALSE,"applied_mean"
"Jamaica","JAM",2024,"20260921",35,2024-08-26,1633,NA,1633,108,NA,FALSE,TRUE,"no_lookup_match"
"Martinique","MTQ",2025,"20260921",25,2025-06-16,995,NA,995,66,NA,FALSE,TRUE,"no_lookup_match"
"Martinique","MTQ",2024,"20260921",35,2024-08-26,6004,NA,6004,108,NA,FALSE,TRUE,"no_lookup_match"
"Martinique","MTQ",2026,"20260921",20,2026-05-11,1354,1354,1354,19,1,TRUE,FALSE,"applied_mean"
"Montserrat","MSR",2024,"20260921",35,2024-08-26,2,NA,2,108,NA,FALSE,TRUE,"no_lookup_match"
"Montserrat","MSR",2025,"20260921",35,2025-08-25,1,NA,1,56,NA,FALSE,TRUE,"no_lookup_match"
"Montserrat","MSR",2026,"20260921",32,2026-08-03,0,0,0,7,1,TRUE,FALSE,"applied_mean"
"Saint Barthelemy","BLM",2025,"20260921",24,2025-06-09,20,NA,20,67,NA,FALSE,TRUE,"no_lookup_match"
"Saint Barthelemy","BLM",2026,"20260921",20,2026-05-11,0,0,0,19,1,TRUE,FALSE,"applied_mean"
"Saint Barthelemy","BLM",2024,"20260921",35,2024-08-26,148,NA,148,108,NA,FALSE,TRUE,"no_lookup_match"
"Saint Kitts and Nevis","KNA",2024,"20260921",35,2024-08-26,206,NA,206,108,NA,FALSE,TRUE,"no_lookup_match"
"Saint Kitts and Nevis","KNA",2025,"20260921",35,2025-08-25,4,NA,4,56,NA,FALSE,TRUE,"no_lookup_match"
"Saint Kitts and Nevis","KNA",2026,"20260921",13,2026-03-23,13,13,13,26,1.0137990750553,TRUE,FALSE,"applied_mean"
"Saint Lucia","LCA",2025,"20260921",35,2025-08-25,43,NA,43,56,NA,FALSE,TRUE,"no_lookup_match"
"Saint Lucia","LCA",2026,"20260921",35,2026-08-24,9,9,9,4,1,TRUE,FALSE,"applied_mean"
"Saint Lucia","LCA",2024,"20260921",35,2024-08-26,60,NA,60,108,NA,FALSE,TRUE,"no_lookup_match"
"Saint Martin",NA,2025,"20260921",25,2025-06-16,184,NA,184,66,NA,FALSE,TRUE,"no_lookup_match"
"Saint Martin",NA,2026,"20260921",20,2026-05-11,7,NA,7,19,NA,FALSE,TRUE,"no_lookup_match"
"Saint Martin",NA,2024,"20260921",35,2024-08-26,561,NA,561,108,NA,FALSE,TRUE,"no_lookup_match"
"Saint Vincent and the Grenadines","VCT",2025,"20260921",35,2025-08-25,5,NA,5,56,NA,FALSE,TRUE,"no_lookup_match"
"Saint Vincent and the Grenadines","VCT",2026,"20260921",31,2026-07-27,3,3,3,8,1,TRUE,FALSE,"applied_mean"
"Saint Vincent and the Grenadines","VCT",2024,"20260921",32,2024-08-05,75,NA,75,111,NA,FALSE,TRUE,"no_lookup_match"
"Sint Maarten","SXM",2024,"20260921",35,2024-08-26,140,NA,140,108,NA,FALSE,TRUE,"no_lookup_match"
"Sint Maarten","SXM",2025,"20260921",28,2025-07-07,8,NA,8,63,NA,FALSE,TRUE,"no_lookup_match"
"Suriname","SUR",2025,"20260921",35,2025-08-25,1195,NA,1195,56,NA,FALSE,TRUE,"no_lookup_match"
"Suriname","SUR",2024,"20260921",20,2024-05-13,95,NA,95,123,NA,FALSE,TRUE,"no_lookup_match"
"Suriname","SUR",2026,"20260921",19,2026-05-04,418,418,418,20,1,TRUE,FALSE,"applied_mean"
"Trinidad and Tobago","TTO",2025,"20260921",35,2025-08-25,47,NA,47,56,NA,FALSE,TRUE,"no_lookup_match"
"Trinidad and Tobago","TTO",2026,"20260921",32,2026-08-03,102,102,102,7,1,TRUE,FALSE,"applied_mean"
"Trinidad and Tobago","TTO",2024,"20260921",35,2024-08-26,1053,NA,1053,108,NA,FALSE,TRUE,"no_lookup_match"
"Turks and Caicos Islands","TCA",2025,"20260921",35,2025-08-25,1,NA,1,56,NA,FALSE,TRUE,"no_lookup_match"
"Turks and Caicos Islands","TCA",2026,"20260921",12,2026-03-16,8,8,8,27,1,TRUE,FALSE,"applied_mean"
"Turks and Caicos Islands","TCA",2024,"20260921",32,2024-08-05,110,NA,110,111,NA,FALSE,TRUE,"no_lookup_match"
"Virgin Islands (UK)","VGB",2024,"20260921",35,2024-08-26,30,NA,30,108,NA,FALSE,TRUE,"no_lookup_match"
"Virgin Islands (UK)","VGB",2025,"20260921",35,2025-08-25,28,NA,28,56,NA,FALSE,TRUE,"no_lookup_match"
"Virgin Islands (UK)","VGB",2026,"20260921",24,2026-06-08,15,NA,15,15,NA,FALSE,TRUE,"no_lookup_match"
"Virgin Islands (US)","VIR",2024,"20260921",35,2024-08-26,94,NA,94,108,NA,FALSE,TRUE,"no_lookup_match"
"Virgin Islands (US)","VIR",2025,"20260921",35,2025-08-25,47,NA,47,56,NA,FALSE,TRUE,"no_lookup_match"
"Virgin Islands (US)","VIR",2026,"20260921",35,2026-08-24,0,NA,0,4,NA,FALSE,TRUE,"no_lookup_match"
"Canada","CAN",2024,"20260921",36,2024-09-02,0,NA,0,107,NA,FALSE,TRUE,"no_lookup_match"
"Canada","CAN",2025,"20260921",36,2025-09-01,0,NA,0,55,NA,FALSE,TRUE,"no_lookup_match"
"Canada","CAN",2026,"20260921",35,2026-08-24,0,NA,0,4,NA,FALSE,TRUE,"no_lookup_match"
"United States of America","USA",2024,"20260921",36,2024-09-02,1549,NA,1549,107,NA,FALSE,TRUE,"no_lookup_match"
"United States of America","USA",2025,"20260921",36,2025-09-01,647,NA,647,55,NA,FALSE,TRUE,"no_lookup_match"
"United States of America","USA",2026,"20260921",35,2026-08-24,351,NA,351,4,NA,FALSE,TRUE,"no_lookup_match"
"Belize","BLZ",2024,"20260921",36,2024-09-02,889,NA,889,107,NA,FALSE,TRUE,"country_excluded"
"Belize","BLZ",2025,"20260921",36,2025-09-01,1518,NA,1518,55,NA,FALSE,TRUE,"country_excluded"
"Belize","BLZ",2026,"20260921",15,2026-04-06,317,NA,317,24,NA,FALSE,TRUE,"country_excluded"
"Costa Rica","CRI",2026,"20260921",35,2026-08-24,4390,4085,4085,4,0.9304289202201,TRUE,FALSE,"applied_mean"
"Costa Rica","CRI",2024,"20260921",36,2024-09-02,21669,NA,21669,107,NA,FALSE,TRUE,"no_lookup_match"
"Costa Rica","CRI",2025,"20260921",36,2025-09-01,3087,NA,3087,55,NA,FALSE,TRUE,"no_lookup_match"
"El Salvador","SLV",2024,"20260921",36,2024-09-02,6029,NA,6029,107,NA,FALSE,TRUE,"no_lookup_match"
"El Salvador","SLV",2025,"20260921",36,2025-09-01,4235,NA,4235,55,NA,FALSE,TRUE,"no_lookup_match"
"El Salvador","SLV",2026,"20260921",30,2026-07-20,3039,3039,3039,9,1,TRUE,FALSE,"applied_mean"
"Guatemala","GTM",2025,"20260921",36,2025-09-01,36684,NA,36684,55,NA,FALSE,TRUE,"no_lookup_match"
"Guatemala","GTM",2026,"20260921",26,2026-06-22,15679,20828,20828,13,1.32839399642986,TRUE,FALSE,"applied_mean"
"Guatemala","GTM",2024,"20260921",36,2024-09-02,122188,NA,122188,107,NA,FALSE,TRUE,"no_lookup_match"
"Honduras","HND",2024,"20260921",36,2024-09-02,144142,NA,144142,107,NA,FALSE,TRUE,"no_lookup_match"
"Honduras","HND",2025,"20260921",36,2025-09-01,12731,NA,12731,55,NA,FALSE,TRUE,"no_lookup_match"
"Honduras","HND",2026,"20260921",33,2026-08-10,8079,8077,8077,6,0.999692576330584,TRUE,FALSE,"applied_mean"
"Mexico","MEX",2024,"20260921",36,2024-09-02,275498,NA,275498,107,NA,FALSE,TRUE,"no_lookup_match"
"Mexico","MEX",2025,"20260921",36,2025-09-01,84915,NA,84915,55,NA,FALSE,TRUE,"no_lookup_match"
"Mexico","MEX",2026,"20260921",35,2026-08-24,48348,48677,48677,4,1.0067977465121,TRUE,FALSE,"applied_mean"
"Nicaragua","NIC",2025,"20260921",4,2025-01-20,5702,NA,5702,87,NA,FALSE,TRUE,"no_lookup_match"
"Nicaragua","NIC",2024,"20260921",36,2024-09-02,58206,NA,58206,107,NA,FALSE,TRUE,"no_lookup_match"
"Panama","PAN",2024,"20260921",36,2024-09-02,24088,NA,24088,107,NA,FALSE,TRUE,"no_lookup_match"
"Panama","PAN",2025,"20260921",36,2025-09-01,13328,NA,13328,55,NA,FALSE,TRUE,"no_lookup_match"
"Panama","PAN",2026,"20260921",34,2026-08-17,9456,9158,9158,5,0.968526486210583,TRUE,FALSE,"applied_mean"
"Bolivia","BOL",2024,"20260921",36,2024-09-02,50143,NA,50143,107,NA,FALSE,TRUE,"no_lookup_match"
"Bolivia","BOL",2025,"20260921",36,2025-09-01,30110,NA,30110,55,NA,FALSE,TRUE,"no_lookup_match"
"Bolivia","BOL",2026,"20260921",33,2026-08-10,58628,68007,68007,6,1.15996879530479,TRUE,FALSE,"applied_mean"
"Colombia","COL",2024,"20260921",36,2024-09-02,262440,NA,262440,107,NA,FALSE,TRUE,"no_lookup_match"
"Colombia","COL",2025,"20260921",36,2025-09-01,101523,NA,101523,55,NA,FALSE,TRUE,"no_lookup_match"
"Colombia","COL",2026,"20260921",35,2026-08-24,77071,77071,77071,4,1,TRUE,FALSE,"applied_mean"
"Ecuador","ECU",2024,"20260921",36,2024-09-02,51047,NA,51047,107,NA,FALSE,TRUE,"no_lookup_match"
"Ecuador","ECU",2025,"20260921",36,2025-09-01,33633,NA,33633,55,NA,FALSE,TRUE,"no_lookup_match"
"Ecuador","ECU",2026,"20260921",35,2026-08-24,32576,32597,32597,4,1.00063077279599,TRUE,FALSE,"applied_mean"
"Peru","PER",2024,"20260921",36,2024-09-02,259699,NA,259699,107,NA,FALSE,TRUE,"no_lookup_match"
"Peru","PER",2025,"20260921",36,2025-09-01,32527,NA,32527,55,NA,FALSE,TRUE,"no_lookup_match"
"Peru","PER",2026,"20260921",36,2026-08-31,55943,55445,55445,3,0.991098736668739,TRUE,FALSE,"applied_mean"
"Venezuela","VEN",2024,"20260921",36,2024-09-02,37419,NA,37419,107,NA,FALSE,TRUE,"no_lookup_match"
"Venezuela","VEN",2025,"20260921",36,2025-09-01,33189,NA,33189,55,NA,FALSE,TRUE,"no_lookup_match"
"Venezuela","VEN",2026,"20260921",32,2026-08-03,10287,NA,10287,7,NA,FALSE,TRUE,"no_lookup_match"
"Argentina","ARG",2024,"20260921",36,2024-09-02,581317,NA,581317,107,NA,FALSE,TRUE,"no_lookup_match"
"Argentina","ARG",2025,"20260921",36,2025-09-01,17639,NA,17639,55,NA,FALSE,TRUE,"no_lookup_match"
"Argentina","ARG",2026,"20260921",35,2026-08-24,59,66,66,4,1.11409122655788,TRUE,FALSE,"applied_mean"
"Brazil","BRA",2024,"20260921",36,2024-09-02,9782754,NA,9782754,107,NA,FALSE,TRUE,"no_lookup_match"
"Brazil","BRA",2025,"20260921",36,2025-09-01,3390812,NA,3390812,55,NA,FALSE,TRUE,"no_lookup_match"
"Brazil","BRA",2026,"20260921",36,2026-08-31,1276720,1350983,1350983,3,1.05816718283121,TRUE,FALSE,"applied_mean"
"Chile","CHL",2025,"20260921",36,2025-09-01,0,NA,0,55,NA,FALSE,TRUE,"no_lookup_match"
"Chile","CHL",2024,"20260921",36,2024-09-02,157,NA,157,107,NA,FALSE,TRUE,"no_lookup_match"
"Chile","CHL",2026,"20260921",34,2026-08-17,27,27,27,5,1.00229292929293,TRUE,FALSE,"applied_mean"
"Paraguay","PRY",2024,"20260921",36,2024-09-02,285003,NA,285003,107,NA,FALSE,TRUE,"no_lookup_match"
"Paraguay","PRY",2025,"20260921",36,2025-09-01,23788,NA,23788,55,NA,FALSE,TRUE,"no_lookup_match"
"Paraguay","PRY",2026,"20260921",35,2026-08-24,10034,9860,9860,4,0.982649506719879,TRUE,FALSE,"applied_mean"
"Uruguay","URY",2025,"20260921",36,2025-09-01,7,NA,7,55,NA,FALSE,TRUE,"no_lookup_match"
"Uruguay","URY",2026,"20260921",32,2026-08-03,0,0,0,7,1.61117649105868,TRUE,FALSE,"applied_mean"
"Uruguay","URY",2024,"20260921",36,2024-09-02,1129,NA,1129,107,NA,FALSE,TRUE,"no_lookup_match"
"Cuba","CUB",2026,"20260921",25,2026-06-15,1746,NA,1746,14,NA,FALSE,TRUE,"no_lookup_match"
"Cuba","CUB",2024,"20260921",31,2024-07-29,985,NA,985,112,NA,FALSE,TRUE,"no_lookup_match"
"Cuba","CUB",2025,"20260921",28,2025-07-07,3945,NA,3945,63,NA,FALSE,TRUE,"no_lookup_match"
"Dominican Republic","DOM",2024,"20260921",36,2024-09-02,9300,NA,9300,107,NA,FALSE,TRUE,"no_lookup_match"
"Dominican Republic","DOM",2025,"20260921",36,2025-09-01,1366,NA,1366,55,NA,FALSE,TRUE,"no_lookup_match"
"Dominican Republic","DOM",2026,"20260921",34,2026-08-17,959,959,959,5,1,TRUE,FALSE,"applied_mean"
"Puerto Rico","PRI",2024,"20260921",36,2024-09-02,3356,NA,3356,107,NA,FALSE,TRUE,"no_lookup_match"
"Puerto Rico","PRI",2025,"20260921",36,2025-09-01,2509,NA,2509,55,NA,FALSE,TRUE,"no_lookup_match"
"Puerto Rico","PRI",2026,"20260921",33,2026-08-10,882,889,889,6,1.00809866256541,TRUE,FALSE,"applied_mean"
"Anguilla","AIA",2024,"20260921",36,2024-09-02,5,NA,5,107,NA,FALSE,TRUE,"no_lookup_match"
"Anguilla","AIA",2025,"20260921",36,2025-09-01,2,NA,2,55,NA,FALSE,TRUE,"no_lookup_match"
"Anguilla","AIA",2026,"20260921",33,2026-08-10,0,NA,0,6,NA,FALSE,TRUE,"no_lookup_match"
"Antigua and Barbuda","ATG",2025,"20260921",36,2025-09-01,14,NA,14,55,NA,FALSE,TRUE,"no_lookup_match"
"Antigua and Barbuda","ATG",2026,"20260921",28,2026-07-06,8,8,8,11,1.05927349913893,TRUE,FALSE,"applied_mean"
"Antigua and Barbuda","ATG",2024,"20260921",36,2024-09-02,163,NA,163,107,NA,FALSE,TRUE,"no_lookup_match"
"Aruba","ABW",2024,"20260921",32,2024-08-05,81,NA,81,111,NA,FALSE,TRUE,"no_lookup_match"
"Aruba","ABW",2025,"20260921",36,2025-09-01,14,NA,14,55,NA,FALSE,TRUE,"no_lookup_match"
"Bahamas","BHS",2024,"20260921",8,2024-02-19,0,NA,0,135,NA,FALSE,TRUE,"no_lookup_match"
"Bahamas","BHS",2026,"20260921",20,2026-05-11,1,NA,1,19,NA,FALSE,TRUE,"no_lookup_match"
"Barbados","BRB",2025,"20260921",36,2025-09-01,121,NA,121,55,NA,FALSE,TRUE,"no_lookup_match"
"Barbados","BRB",2026,"20260921",30,2026-07-20,66,54,54,9,0.811243003335894,TRUE,FALSE,"applied_mean"
"Barbados","BRB",2024,"20260921",36,2024-09-02,1077,NA,1077,107,NA,FALSE,TRUE,"no_lookup_match"
"Bermuda","BMU",2024,"20260921",36,2024-09-02,1,NA,1,107,NA,FALSE,TRUE,"no_lookup_match"
"Bermuda","BMU",2025,"20260921",36,2025-09-01,0,NA,0,55,NA,FALSE,TRUE,"no_lookup_match"
"Bermuda","BMU",2026,"20260921",24,2026-06-08,2,NA,2,15,NA,FALSE,TRUE,"no_lookup_match"
"Bonaire, Saint Eustatius and Saba","BES",2024,"20260921",12,2024-03-18,207,NA,207,131,NA,FALSE,TRUE,"no_lookup_match"
"Cayman Islands","CYM",2024,"20260921",36,2024-09-02,5,NA,5,107,NA,FALSE,TRUE,"no_lookup_match"
"Cayman Islands","CYM",2025,"20260921",36,2025-09-01,0,NA,0,55,NA,FALSE,TRUE,"no_lookup_match"
"Cayman Islands","CYM",2026,"20260921",32,2026-08-03,0,0,0,7,1,TRUE,FALSE,"applied_mean"
"Curaçao","CUW",2024,"20260921",12,2024-03-18,262,NA,262,131,NA,FALSE,TRUE,"no_lookup_match"
"French Guiana","GUF",2024,"20260921",32,2024-08-05,16141,NA,16141,111,NA,FALSE,TRUE,"no_lookup_match"
"French Guiana","GUF",2025,"20260921",36,2025-09-01,266,NA,266,55,NA,FALSE,TRUE,"no_lookup_match"
"French Guiana","GUF",2026,"20260921",36,2026-08-31,12,12,12,3,1,TRUE,FALSE,"applied_mean"
"Grenada","GRD",2025,"20260921",36,2025-09-01,127,NA,127,55,NA,FALSE,TRUE,"no_lookup_match"
"Grenada","GRD",2026,"20260921",35,2026-08-24,168,168,168,4,1,TRUE,FALSE,"applied_mean"
"Grenada","GRD",2024,"20260921",36,2024-09-02,531,NA,531,107,NA,FALSE,TRUE,"no_lookup_match"
"Guadeloupe","GLP",2026,"20260921",20,2026-05-11,383,383,383,19,1,TRUE,FALSE,"applied_mean"
"Guadeloupe","GLP",2024,"20260921",36,2024-09-02,4455,NA,4455,107,NA,FALSE,TRUE,"no_lookup_match"
"Guadeloupe","GLP",2025,"20260921",25,2025-06-16,4635,NA,4635,66,NA,FALSE,TRUE,"no_lookup_match"
"Guyana","GUY",2025,"20260921",36,2025-09-01,49689,NA,49689,55,NA,FALSE,TRUE,"no_lookup_match"
"Guyana","GUY",2026,"20260921",25,2026-06-15,35768,39388,39388,14,1.10121007553855,TRUE,FALSE,"applied_mean"
"Guyana","GUY",2024,"20260921",36,2024-09-02,36753,NA,36753,107,NA,FALSE,TRUE,"no_lookup_match"
"Jamaica","JAM",2025,"20260921",36,2025-09-01,335,NA,335,55,NA,FALSE,TRUE,"no_lookup_match"
"Jamaica","JAM",2026,"20260921",30,2026-07-20,145,145,145,9,1,TRUE,FALSE,"applied_mean"
"Jamaica","JAM",2024,"20260921",36,2024-09-02,1666,NA,1666,107,NA,FALSE,TRUE,"no_lookup_match"
"Martinique","MTQ",2025,"20260921",25,2025-06-16,995,NA,995,66,NA,FALSE,TRUE,"no_lookup_match"
"Martinique","MTQ",2024,"20260921",36,2024-09-02,6129,NA,6129,107,NA,FALSE,TRUE,"no_lookup_match"
"Martinique","MTQ",2026,"20260921",20,2026-05-11,1354,1354,1354,19,1,TRUE,FALSE,"applied_mean"
"Montserrat","MSR",2024,"20260921",36,2024-09-02,2,NA,2,107,NA,FALSE,TRUE,"no_lookup_match"
"Montserrat","MSR",2025,"20260921",36,2025-09-01,1,NA,1,55,NA,FALSE,TRUE,"no_lookup_match"
"Montserrat","MSR",2026,"20260921",32,2026-08-03,0,0,0,7,1,TRUE,FALSE,"applied_mean"
"Saint Barthelemy","BLM",2025,"20260921",24,2025-06-09,20,NA,20,67,NA,FALSE,TRUE,"no_lookup_match"
"Saint Barthelemy","BLM",2026,"20260921",20,2026-05-11,0,0,0,19,1,TRUE,FALSE,"applied_mean"
"Saint Barthelemy","BLM",2024,"20260921",36,2024-09-02,148,NA,148,107,NA,FALSE,TRUE,"no_lookup_match"
"Saint Kitts and Nevis","KNA",2024,"20260921",36,2024-09-02,206,NA,206,107,NA,FALSE,TRUE,"no_lookup_match"
"Saint Kitts and Nevis","KNA",2025,"20260921",36,2025-09-01,4,NA,4,55,NA,FALSE,TRUE,"no_lookup_match"
"Saint Kitts and Nevis","KNA",2026,"20260921",13,2026-03-23,13,13,13,26,1.0137990750553,TRUE,FALSE,"applied_mean"
"Saint Lucia","LCA",2025,"20260921",36,2025-09-01,43,NA,43,55,NA,FALSE,TRUE,"no_lookup_match"
"Saint Lucia","LCA",2026,"20260921",35,2026-08-24,9,9,9,4,1,TRUE,FALSE,"applied_mean"
"Saint Lucia","LCA",2024,"20260921",36,2024-09-02,169,NA,169,107,NA,FALSE,TRUE,"no_lookup_match"
"Saint Martin",NA,2025,"20260921",25,2025-06-16,184,NA,184,66,NA,FALSE,TRUE,"no_lookup_match"
"Saint Martin",NA,2026,"20260921",20,2026-05-11,7,NA,7,19,NA,FALSE,TRUE,"no_lookup_match"
"Saint Martin",NA,2024,"20260921",36,2024-09-02,561,NA,561,107,NA,FALSE,TRUE,"no_lookup_match"
"Saint Vincent and the Grenadines","VCT",2025,"20260921",36,2025-09-01,5,NA,5,55,NA,FALSE,TRUE,"no_lookup_match"
"Saint Vincent and the Grenadines","VCT",2026,"20260921",31,2026-07-27,3,3,3,8,1,TRUE,FALSE,"applied_mean"
"Saint Vincent and the Grenadines","VCT",2024,"20260921",36,2024-09-02,262,NA,262,107,NA,FALSE,TRUE,"no_lookup_match"
"Sint Maarten","SXM",2024,"20260921",36,2024-09-02,144,NA,144,107,NA,FALSE,TRUE,"no_lookup_match"
"Sint Maarten","SXM",2025,"20260921",28,2025-07-07,8,NA,8,63,NA,FALSE,TRUE,"no_lookup_match"
"Suriname","SUR",2025,"20260921",36,2025-09-01,1210,NA,1210,55,NA,FALSE,TRUE,"no_lookup_match"
"Suriname","SUR",2024,"20260921",20,2024-05-13,95,NA,95,123,NA,FALSE,TRUE,"no_lookup_match"
"Suriname","SUR",2026,"20260921",19,2026-05-04,418,418,418,20,1,TRUE,FALSE,"applied_mean"
"Trinidad and Tobago","TTO",2025,"20260921",36,2025-09-01,47,NA,47,55,NA,FALSE,TRUE,"no_lookup_match"
"Trinidad and Tobago","TTO",2026,"20260921",32,2026-08-03,102,102,102,7,1,TRUE,FALSE,"applied_mean"
"Trinidad and Tobago","TTO",2024,"20260921",36,2024-09-02,1315,NA,1315,107,NA,FALSE,TRUE,"no_lookup_match"
"Turks and Caicos Islands","TCA",2025,"20260921",36,2025-09-01,1,NA,1,55,NA,FALSE,TRUE,"no_lookup_match"
"Turks and Caicos Islands","TCA",2026,"20260921",12,2026-03-16,8,8,8,27,1,TRUE,FALSE,"applied_mean"
"Turks and Caicos Islands","TCA",2024,"20260921",36,2024-09-02,117,NA,117,107,NA,FALSE,TRUE,"no_lookup_match"
"Virgin Islands (UK)","VGB",2024,"20260921",36,2024-09-02,30,NA,30,107,NA,FALSE,TRUE,"no_lookup_match"
"Virgin Islands (UK)","VGB",2025,"20260921",36,2025-09-01,29,NA,29,55,NA,FALSE,TRUE,"no_lookup_match"
"Virgin Islands (UK)","VGB",2026,"20260921",24,2026-06-08,15,NA,15,15,NA,FALSE,TRUE,"no_lookup_match"
"Virgin Islands (US)","VIR",2024,"20260921",36,2024-09-02,107,NA,107,107,NA,FALSE,TRUE,"no_lookup_match"
"Virgin Islands (US)","VIR",2025,"20260921",36,2025-09-01,47,NA,47,55,NA,FALSE,TRUE,"no_lookup_match"
"Virgin Islands (US)","VIR",2026,"20260921",35,2026-08-24,0,NA,0,4,NA,FALSE,TRUE,"no_lookup_match"
"Canada","CAN",2024,"20260921",37,2024-09-09,0,NA,0,106,NA,FALSE,TRUE,"no_lookup_match"
"Canada","CAN",2025,"20260921",37,2025-09-08,0,NA,0,54,NA,FALSE,TRUE,"no_lookup_match"
"Canada","CAN",2026,"20260921",35,2026-08-24,0,NA,0,4,NA,FALSE,TRUE,"no_lookup_match"
"United States of America","USA",2024,"20260921",37,2024-09-09,1731,NA,1731,106,NA,FALSE,TRUE,"no_lookup_match"
"United States of America","USA",2025,"20260921",37,2025-09-08,677,NA,677,54,NA,FALSE,TRUE,"no_lookup_match"
"United States of America","USA",2026,"20260921",35,2026-08-24,351,NA,351,4,NA,FALSE,TRUE,"no_lookup_match"
"Belize","BLZ",2024,"20260921",37,2024-09-09,937,NA,937,106,NA,FALSE,TRUE,"country_excluded"
"Belize","BLZ",2025,"20260921",37,2025-09-08,1672,NA,1672,54,NA,FALSE,TRUE,"country_excluded"
"Belize","BLZ",2026,"20260921",15,2026-04-06,317,NA,317,24,NA,FALSE,TRUE,"country_excluded"
"Costa Rica","CRI",2026,"20260921",35,2026-08-24,4390,4085,4085,4,0.9304289202201,TRUE,FALSE,"applied_mean"
"Costa Rica","CRI",2024,"20260921",37,2024-09-09,22757,NA,22757,106,NA,FALSE,TRUE,"no_lookup_match"
"Costa Rica","CRI",2025,"20260921",37,2025-09-08,3256,NA,3256,54,NA,FALSE,TRUE,"no_lookup_match"
"El Salvador","SLV",2024,"20260921",37,2024-09-09,6259,NA,6259,106,NA,FALSE,TRUE,"no_lookup_match"
"El Salvador","SLV",2025,"20260921",37,2025-09-08,4396,NA,4396,54,NA,FALSE,TRUE,"no_lookup_match"
"El Salvador","SLV",2026,"20260921",30,2026-07-20,3039,3039,3039,9,1,TRUE,FALSE,"applied_mean"
"Guatemala","GTM",2025,"20260921",37,2025-09-08,37559,NA,37559,54,NA,FALSE,TRUE,"no_lookup_match"
"Guatemala","GTM",2026,"20260921",26,2026-06-22,15679,20828,20828,13,1.32839399642986,TRUE,FALSE,"applied_mean"
"Guatemala","GTM",2024,"20260921",37,2024-09-09,129026,NA,129026,106,NA,FALSE,TRUE,"no_lookup_match"
"Honduras","HND",2024,"20260921",37,2024-09-09,150050,NA,150050,106,NA,FALSE,TRUE,"no_lookup_match"
"Honduras","HND",2025,"20260921",37,2025-09-08,12986,NA,12986,54,NA,FALSE,TRUE,"no_lookup_match"
"Honduras","HND",2026,"20260921",33,2026-08-10,8079,8077,8077,6,0.999692576330584,TRUE,FALSE,"applied_mean"
"Mexico","MEX",2024,"20260921",37,2024-09-09,299281,NA,299281,106,NA,FALSE,TRUE,"no_lookup_match"
"Mexico","MEX",2025,"20260921",37,2025-09-08,88451,NA,88451,54,NA,FALSE,TRUE,"no_lookup_match"
"Mexico","MEX",2026,"20260921",35,2026-08-24,48348,48677,48677,4,1.0067977465121,TRUE,FALSE,"applied_mean"
"Nicaragua","NIC",2025,"20260921",4,2025-01-20,5702,NA,5702,87,NA,FALSE,TRUE,"no_lookup_match"
"Nicaragua","NIC",2024,"20260921",37,2024-09-09,60169,NA,60169,106,NA,FALSE,TRUE,"no_lookup_match"
"Panama","PAN",2024,"20260921",37,2024-09-09,25351,NA,25351,106,NA,FALSE,TRUE,"no_lookup_match"
"Panama","PAN",2025,"20260921",37,2025-09-08,13744,NA,13744,54,NA,FALSE,TRUE,"no_lookup_match"
"Panama","PAN",2026,"20260921",34,2026-08-17,9456,9158,9158,5,0.968526486210583,TRUE,FALSE,"applied_mean"
"Bolivia","BOL",2024,"20260921",37,2024-09-09,50441,NA,50441,106,NA,FALSE,TRUE,"no_lookup_match"
"Bolivia","BOL",2025,"20260921",37,2025-09-08,30387,NA,30387,54,NA,FALSE,TRUE,"no_lookup_match"
"Bolivia","BOL",2026,"20260921",33,2026-08-10,58628,68007,68007,6,1.15996879530479,TRUE,FALSE,"applied_mean"
"Colombia","COL",2024,"20260921",37,2024-09-09,266723,NA,266723,106,NA,FALSE,TRUE,"no_lookup_match"
"Colombia","COL",2025,"20260921",37,2025-09-08,102959,NA,102959,54,NA,FALSE,TRUE,"no_lookup_match"
"Colombia","COL",2026,"20260921",35,2026-08-24,77071,77071,77071,4,1,TRUE,FALSE,"applied_mean"
"Ecuador","ECU",2024,"20260921",37,2024-09-09,51628,NA,51628,106,NA,FALSE,TRUE,"no_lookup_match"
"Ecuador","ECU",2025,"20260921",37,2025-09-08,33989,NA,33989,54,NA,FALSE,TRUE,"no_lookup_match"
"Ecuador","ECU",2026,"20260921",35,2026-08-24,32576,32597,32597,4,1.00063077279599,TRUE,FALSE,"applied_mean"
"Peru","PER",2024,"20260921",37,2024-09-09,260131,NA,260131,106,NA,FALSE,TRUE,"no_lookup_match"
"Peru","PER",2025,"20260921",37,2025-09-08,32757,NA,32757,54,NA,FALSE,TRUE,"no_lookup_match"
"Peru","PER",2026,"20260921",36,2026-08-31,55943,55445,55445,3,0.991098736668739,TRUE,FALSE,"applied_mean"
"Venezuela","VEN",2024,"20260921",37,2024-09-09,38872,NA,38872,106,NA,FALSE,TRUE,"no_lookup_match"
"Venezuela","VEN",2025,"20260921",37,2025-09-08,33747,NA,33747,54,NA,FALSE,TRUE,"no_lookup_match"
"Venezuela","VEN",2026,"20260921",32,2026-08-03,10287,NA,10287,7,NA,FALSE,TRUE,"no_lookup_match"
"Argentina","ARG",2024,"20260921",37,2024-09-09,581323,NA,581323,106,NA,FALSE,TRUE,"no_lookup_match"
"Argentina","ARG",2025,"20260921",37,2025-09-08,17639,NA,17639,54,NA,FALSE,TRUE,"no_lookup_match"
"Argentina","ARG",2026,"20260921",35,2026-08-24,59,66,66,4,1.11409122655788,TRUE,FALSE,"applied_mean"
"Brazil","BRA",2024,"20260921",37,2024-09-09,9810226,NA,9810226,106,NA,FALSE,TRUE,"no_lookup_match"
"Brazil","BRA",2025,"20260921",37,2025-09-08,3416135,NA,3416135,54,NA,FALSE,TRUE,"no_lookup_match"
"Brazil","BRA",2026,"20260921",36,2026-08-31,1276720,1350983,1350983,3,1.05816718283121,TRUE,FALSE,"applied_mean"
"Chile","CHL",2025,"20260921",37,2025-09-08,0,NA,0,54,NA,FALSE,TRUE,"no_lookup_match"
"Chile","CHL",2024,"20260921",37,2024-09-09,157,NA,157,106,NA,FALSE,TRUE,"no_lookup_match"
"Chile","CHL",2026,"20260921",34,2026-08-17,27,27,27,5,1.00229292929293,TRUE,FALSE,"applied_mean"
"Paraguay","PRY",2024,"20260921",37,2024-09-09,285442,NA,285442,106,NA,FALSE,TRUE,"no_lookup_match"
"Paraguay","PRY",2025,"20260921",37,2025-09-08,24006,NA,24006,54,NA,FALSE,TRUE,"no_lookup_match"
"Paraguay","PRY",2026,"20260921",35,2026-08-24,10034,9860,9860,4,0.982649506719879,TRUE,FALSE,"applied_mean"
"Uruguay","URY",2025,"20260921",37,2025-09-08,7,NA,7,54,NA,FALSE,TRUE,"no_lookup_match"
"Uruguay","URY",2026,"20260921",32,2026-08-03,0,0,0,7,1.61117649105868,TRUE,FALSE,"applied_mean"
"Uruguay","URY",2024,"20260921",37,2024-09-09,1129,NA,1129,106,NA,FALSE,TRUE,"no_lookup_match"
"Cuba","CUB",2026,"20260921",25,2026-06-15,1746,NA,1746,14,NA,FALSE,TRUE,"no_lookup_match"
"Cuba","CUB",2024,"20260921",31,2024-07-29,985,NA,985,112,NA,FALSE,TRUE,"no_lookup_match"
"Cuba","CUB",2025,"20260921",28,2025-07-07,3945,NA,3945,63,NA,FALSE,TRUE,"no_lookup_match"
"Dominican Republic","DOM",2024,"20260921",37,2024-09-09,9384,NA,9384,106,NA,FALSE,TRUE,"no_lookup_match"
"Dominican Republic","DOM",2025,"20260921",37,2025-09-08,1393,NA,1393,54,NA,FALSE,TRUE,"no_lookup_match"
"Dominican Republic","DOM",2026,"20260921",34,2026-08-17,959,959,959,5,1,TRUE,FALSE,"applied_mean"
"Puerto Rico","PRI",2024,"20260921",37,2024-09-09,3531,NA,3531,106,NA,FALSE,TRUE,"no_lookup_match"
"Puerto Rico","PRI",2025,"20260921",37,2025-09-08,2549,NA,2549,54,NA,FALSE,TRUE,"no_lookup_match"
"Puerto Rico","PRI",2026,"20260921",33,2026-08-10,882,889,889,6,1.00809866256541,TRUE,FALSE,"applied_mean"
"Anguilla","AIA",2024,"20260921",37,2024-09-09,5,NA,5,106,NA,FALSE,TRUE,"no_lookup_match"
"Anguilla","AIA",2025,"20260921",37,2025-09-08,2,NA,2,54,NA,FALSE,TRUE,"no_lookup_match"
"Anguilla","AIA",2026,"20260921",33,2026-08-10,0,NA,0,6,NA,FALSE,TRUE,"no_lookup_match"
"Antigua and Barbuda","ATG",2025,"20260921",37,2025-09-08,14,NA,14,54,NA,FALSE,TRUE,"no_lookup_match"
"Antigua and Barbuda","ATG",2026,"20260921",28,2026-07-06,8,8,8,11,1.05927349913893,TRUE,FALSE,"applied_mean"
"Antigua and Barbuda","ATG",2024,"20260921",36,2024-09-02,163,NA,163,107,NA,FALSE,TRUE,"no_lookup_match"
"Aruba","ABW",2024,"20260921",32,2024-08-05,81,NA,81,111,NA,FALSE,TRUE,"no_lookup_match"
"Aruba","ABW",2025,"20260921",37,2025-09-08,14,NA,14,54,NA,FALSE,TRUE,"no_lookup_match"
"Bahamas","BHS",2024,"20260921",8,2024-02-19,0,NA,0,135,NA,FALSE,TRUE,"no_lookup_match"
"Bahamas","BHS",2026,"20260921",20,2026-05-11,1,NA,1,19,NA,FALSE,TRUE,"no_lookup_match"
"Barbados","BRB",2025,"20260921",37,2025-09-08,127,NA,127,54,NA,FALSE,TRUE,"no_lookup_match"
"Barbados","BRB",2026,"20260921",30,2026-07-20,66,54,54,9,0.811243003335894,TRUE,FALSE,"applied_mean"
"Barbados","BRB",2024,"20260921",37,2024-09-09,1079,NA,1079,106,NA,FALSE,TRUE,"no_lookup_match"
"Bermuda","BMU",2024,"20260921",37,2024-09-09,1,NA,1,106,NA,FALSE,TRUE,"no_lookup_match"
"Bermuda","BMU",2025,"20260921",37,2025-09-08,0,NA,0,54,NA,FALSE,TRUE,"no_lookup_match"
"Bermuda","BMU",2026,"20260921",24,2026-06-08,2,NA,2,15,NA,FALSE,TRUE,"no_lookup_match"
"Bonaire, Saint Eustatius and Saba","BES",2024,"20260921",12,2024-03-18,207,NA,207,131,NA,FALSE,TRUE,"no_lookup_match"
"Cayman Islands","CYM",2024,"20260921",36,2024-09-02,5,NA,5,107,NA,FALSE,TRUE,"no_lookup_match"
"Cayman Islands","CYM",2025,"20260921",37,2025-09-08,0,NA,0,54,NA,FALSE,TRUE,"no_lookup_match"
"Cayman Islands","CYM",2026,"20260921",32,2026-08-03,0,0,0,7,1,TRUE,FALSE,"applied_mean"
"Curaçao","CUW",2024,"20260921",12,2024-03-18,262,NA,262,131,NA,FALSE,TRUE,"no_lookup_match"
"French Guiana","GUF",2024,"20260921",32,2024-08-05,16141,NA,16141,111,NA,FALSE,TRUE,"no_lookup_match"
"French Guiana","GUF",2025,"20260921",37,2025-09-08,270,NA,270,54,NA,FALSE,TRUE,"no_lookup_match"
"French Guiana","GUF",2026,"20260921",36,2026-08-31,12,12,12,3,1,TRUE,FALSE,"applied_mean"
"Grenada","GRD",2025,"20260921",37,2025-09-08,130,NA,130,54,NA,FALSE,TRUE,"no_lookup_match"
"Grenada","GRD",2026,"20260921",35,2026-08-24,168,168,168,4,1,TRUE,FALSE,"applied_mean"
"Grenada","GRD",2024,"20260921",37,2024-09-09,597,NA,597,106,NA,FALSE,TRUE,"no_lookup_match"
"Guadeloupe","GLP",2026,"20260921",20,2026-05-11,383,383,383,19,1,TRUE,FALSE,"applied_mean"
"Guadeloupe","GLP",2024,"20260921",37,2024-09-09,4675,NA,4675,106,NA,FALSE,TRUE,"no_lookup_match"
"Guadeloupe","GLP",2025,"20260921",25,2025-06-16,4635,NA,4635,66,NA,FALSE,TRUE,"no_lookup_match"
"Guyana","GUY",2025,"20260921",37,2025-09-08,51007,NA,51007,54,NA,FALSE,TRUE,"no_lookup_match"
"Guyana","GUY",2026,"20260921",25,2026-06-15,35768,39388,39388,14,1.10121007553855,TRUE,FALSE,"applied_mean"
"Guyana","GUY",2024,"20260921",37,2024-09-09,37321,NA,37321,106,NA,FALSE,TRUE,"no_lookup_match"
"Jamaica","JAM",2025,"20260921",37,2025-09-08,335,NA,335,54,NA,FALSE,TRUE,"no_lookup_match"
"Jamaica","JAM",2026,"20260921",30,2026-07-20,145,145,145,9,1,TRUE,FALSE,"applied_mean"
"Jamaica","JAM",2024,"20260921",37,2024-09-09,1681,NA,1681,106,NA,FALSE,TRUE,"no_lookup_match"
"Martinique","MTQ",2025,"20260921",25,2025-06-16,995,NA,995,66,NA,FALSE,TRUE,"no_lookup_match"
"Martinique","MTQ",2024,"20260921",37,2024-09-09,6254,NA,6254,106,NA,FALSE,TRUE,"no_lookup_match"
"Martinique","MTQ",2026,"20260921",20,2026-05-11,1354,1354,1354,19,1,TRUE,FALSE,"applied_mean"
"Montserrat","MSR",2024,"20260921",37,2024-09-09,2,NA,2,106,NA,FALSE,TRUE,"no_lookup_match"
"Montserrat","MSR",2025,"20260921",37,2025-09-08,1,NA,1,54,NA,FALSE,TRUE,"no_lookup_match"
"Montserrat","MSR",2026,"20260921",32,2026-08-03,0,0,0,7,1,TRUE,FALSE,"applied_mean"
"Saint Barthelemy","BLM",2025,"20260921",24,2025-06-09,20,NA,20,67,NA,FALSE,TRUE,"no_lookup_match"
"Saint Barthelemy","BLM",2026,"20260921",20,2026-05-11,0,0,0,19,1,TRUE,FALSE,"applied_mean"
"Saint Barthelemy","BLM",2024,"20260921",37,2024-09-09,148,NA,148,106,NA,FALSE,TRUE,"no_lookup_match"
"Saint Kitts and Nevis","KNA",2024,"20260921",37,2024-09-09,206,NA,206,106,NA,FALSE,TRUE,"no_lookup_match"
"Saint Kitts and Nevis","KNA",2025,"20260921",37,2025-09-08,4,NA,4,54,NA,FALSE,TRUE,"no_lookup_match"
"Saint Kitts and Nevis","KNA",2026,"20260921",13,2026-03-23,13,13,13,26,1.0137990750553,TRUE,FALSE,"applied_mean"
"Saint Lucia","LCA",2025,"20260921",37,2025-09-08,44,NA,44,54,NA,FALSE,TRUE,"no_lookup_match"
"Saint Lucia","LCA",2026,"20260921",35,2026-08-24,9,9,9,4,1,TRUE,FALSE,"applied_mean"
"Saint Lucia","LCA",2024,"20260921",37,2024-09-09,205,NA,205,106,NA,FALSE,TRUE,"no_lookup_match"
"Saint Martin",NA,2025,"20260921",25,2025-06-16,184,NA,184,66,NA,FALSE,TRUE,"no_lookup_match"
"Saint Martin",NA,2026,"20260921",20,2026-05-11,7,NA,7,19,NA,FALSE,TRUE,"no_lookup_match"
"Saint Martin",NA,2024,"20260921",37,2024-09-09,561,NA,561,106,NA,FALSE,TRUE,"no_lookup_match"
"Saint Vincent and the Grenadines","VCT",2025,"20260921",37,2025-09-08,5,NA,5,54,NA,FALSE,TRUE,"no_lookup_match"
"Saint Vincent and the Grenadines","VCT",2026,"20260921",31,2026-07-27,3,3,3,8,1,TRUE,FALSE,"applied_mean"
"Saint Vincent and the Grenadines","VCT",2024,"20260921",36,2024-09-02,262,NA,262,107,NA,FALSE,TRUE,"no_lookup_match"
"Sint Maarten","SXM",2024,"20260921",37,2024-09-09,144,NA,144,106,NA,FALSE,TRUE,"no_lookup_match"
"Sint Maarten","SXM",2025,"20260921",28,2025-07-07,8,NA,8,63,NA,FALSE,TRUE,"no_lookup_match"
"Suriname","SUR",2025,"20260921",37,2025-09-08,1235,NA,1235,54,NA,FALSE,TRUE,"no_lookup_match"
"Suriname","SUR",2024,"20260921",20,2024-05-13,95,NA,95,123,NA,FALSE,TRUE,"no_lookup_match"
"Suriname","SUR",2026,"20260921",19,2026-05-04,418,418,418,20,1,TRUE,FALSE,"applied_mean"
"Trinidad and Tobago","TTO",2025,"20260921",37,2025-09-08,47,NA,47,54,NA,FALSE,TRUE,"no_lookup_match"
"Trinidad and Tobago","TTO",2026,"20260921",32,2026-08-03,102,102,102,7,1,TRUE,FALSE,"applied_mean"
"Trinidad and Tobago","TTO",2024,"20260921",37,2024-09-09,1387,NA,1387,106,NA,FALSE,TRUE,"no_lookup_match"
"Turks and Caicos Islands","TCA",2025,"20260921",37,2025-09-08,1,NA,1,54,NA,FALSE,TRUE,"no_lookup_match"
"Turks and Caicos Islands","TCA",2026,"20260921",12,2026-03-16,8,8,8,27,1,TRUE,FALSE,"applied_mean"
"Turks and Caicos Islands","TCA",2024,"20260921",37,2024-09-09,117,NA,117,106,NA,FALSE,TRUE,"no_lookup_match"
"Virgin Islands (UK)","VGB",2024,"20260921",36,2024-09-02,30,NA,30,107,NA,FALSE,TRUE,"no_lookup_match"
"Virgin Islands (UK)","VGB",2025,"20260921",37,2025-09-08,29,NA,29,54,NA,FALSE,TRUE,"no_lookup_match"
"Virgin Islands (UK)","VGB",2026,"20260921",24,2026-06-08,15,NA,15,15,NA,FALSE,TRUE,"no_lookup_match"
"Virgin Islands (US)","VIR",2024,"20260921",37,2024-09-09,107,NA,107,106,NA,FALSE,TRUE,"no_lookup_match"
"Virgin Islands (US)","VIR",2025,"20260921",37,2025-09-08,47,NA,47,54,NA,FALSE,TRUE,"no_lookup_match"
"Virgin Islands (US)","VIR",2026,"20260921",35,2026-08-24,0,NA,0,4,NA,FALSE,TRUE,"no_lookup_match"
"Canada","CAN",2024,"20260921",38,2024-09-16,0,NA,0,105,NA,FALSE,TRUE,"no_lookup_match"
"Canada","CAN",2025,"20260921",38,2025-09-15,0,NA,0,53,NA,FALSE,TRUE,"no_lookup_match"
"Canada","CAN",2026,"20260921",35,2026-08-24,0,NA,0,4,NA,FALSE,TRUE,"no_lookup_match"
"United States of America","USA",2024,"20260921",38,2024-09-16,1925,NA,1925,105,NA,FALSE,TRUE,"no_lookup_match"
"United States of America","USA",2025,"20260921",38,2025-09-15,729,NA,729,53,NA,FALSE,TRUE,"no_lookup_match"
"United States of America","USA",2026,"20260921",35,2026-08-24,351,NA,351,4,NA,FALSE,TRUE,"no_lookup_match"
"Belize","BLZ",2024,"20260921",38,2024-09-16,968,NA,968,105,NA,FALSE,TRUE,"country_excluded"
"Belize","BLZ",2025,"20260921",38,2025-09-15,1777,NA,1777,53,NA,FALSE,TRUE,"country_excluded"
"Belize","BLZ",2026,"20260921",15,2026-04-06,317,NA,317,24,NA,FALSE,TRUE,"country_excluded"
"Costa Rica","CRI",2026,"20260921",35,2026-08-24,4390,4085,4085,4,0.9304289202201,TRUE,FALSE,"applied_mean"
"Costa Rica","CRI",2024,"20260921",38,2024-09-16,23900,NA,23900,105,NA,FALSE,TRUE,"no_lookup_match"
"Costa Rica","CRI",2025,"20260921",38,2025-09-15,3431,NA,3431,53,NA,FALSE,TRUE,"no_lookup_match"
"El Salvador","SLV",2024,"20260921",38,2024-09-16,6484,NA,6484,105,NA,FALSE,TRUE,"no_lookup_match"
"El Salvador","SLV",2025,"20260921",38,2025-09-15,4560,NA,4560,53,NA,FALSE,TRUE,"no_lookup_match"
"El Salvador","SLV",2026,"20260921",30,2026-07-20,3039,3039,3039,9,1,TRUE,FALSE,"applied_mean"
"Guatemala","GTM",2025,"20260921",38,2025-09-15,38277,NA,38277,53,NA,FALSE,TRUE,"no_lookup_match"
"Guatemala","GTM",2026,"20260921",26,2026-06-22,15679,20828,20828,13,1.32839399642986,TRUE,FALSE,"applied_mean"
"Guatemala","GTM",2024,"20260921",38,2024-09-16,136056,NA,136056,105,NA,FALSE,TRUE,"no_lookup_match"
"Honduras","HND",2024,"20260921",38,2024-09-16,155156,NA,155156,105,NA,FALSE,TRUE,"no_lookup_match"
"Honduras","HND",2025,"20260921",38,2025-09-15,13205,NA,13205,53,NA,FALSE,TRUE,"no_lookup_match"
"Honduras","HND",2026,"20260921",33,2026-08-10,8079,8077,8077,6,0.999692576330584,TRUE,FALSE,"applied_mean"
"Mexico","MEX",2024,"20260921",38,2024-09-16,326481,NA,326481,105,NA,FALSE,TRUE,"no_lookup_match"
"Mexico","MEX",2025,"20260921",38,2025-09-15,92437,NA,92437,53,NA,FALSE,TRUE,"no_lookup_match"
"Mexico","MEX",2026,"20260921",35,2026-08-24,48348,48677,48677,4,1.0067977465121,TRUE,FALSE,"applied_mean"
"Nicaragua","NIC",2025,"20260921",4,2025-01-20,5702,NA,5702,87,NA,FALSE,TRUE,"no_lookup_match"
"Nicaragua","NIC",2024,"20260921",38,2024-09-16,62227,NA,62227,105,NA,FALSE,TRUE,"no_lookup_match"
"Panama","PAN",2024,"20260921",38,2024-09-16,26483,NA,26483,105,NA,FALSE,TRUE,"no_lookup_match"
"Panama","PAN",2025,"20260921",38,2025-09-15,14190,NA,14190,53,NA,FALSE,TRUE,"no_lookup_match"
"Panama","PAN",2026,"20260921",34,2026-08-17,9456,9158,9158,5,0.968526486210583,TRUE,FALSE,"applied_mean"
"Bolivia","BOL",2024,"20260921",38,2024-09-16,50726,NA,50726,105,NA,FALSE,TRUE,"no_lookup_match"
"Bolivia","BOL",2025,"20260921",38,2025-09-15,30606,NA,30606,53,NA,FALSE,TRUE,"no_lookup_match"
"Bolivia","BOL",2026,"20260921",33,2026-08-10,58628,68007,68007,6,1.15996879530479,TRUE,FALSE,"applied_mean"
"Colombia","COL",2024,"20260921",38,2024-09-16,271401,NA,271401,105,NA,FALSE,TRUE,"no_lookup_match"
"Colombia","COL",2025,"20260921",38,2025-09-15,104188,NA,104188,53,NA,FALSE,TRUE,"no_lookup_match"
"Colombia","COL",2026,"20260921",35,2026-08-24,77071,77071,77071,4,1,TRUE,FALSE,"applied_mean"
"Ecuador","ECU",2024,"20260921",38,2024-09-16,52309,NA,52309,105,NA,FALSE,TRUE,"no_lookup_match"
"Ecuador","ECU",2025,"20260921",38,2025-09-15,34291,NA,34291,53,NA,FALSE,TRUE,"no_lookup_match"
"Ecuador","ECU",2026,"20260921",35,2026-08-24,32576,32597,32597,4,1.00063077279599,TRUE,FALSE,"applied_mean"
"Peru","PER",2024,"20260921",38,2024-09-16,260558,NA,260558,105,NA,FALSE,TRUE,"no_lookup_match"
"Peru","PER",2025,"20260921",38,2025-09-15,33051,NA,33051,53,NA,FALSE,TRUE,"no_lookup_match"
"Peru","PER",2026,"20260921",36,2026-08-31,55943,55445,55445,3,0.991098736668739,TRUE,FALSE,"applied_mean"
"Venezuela","VEN",2024,"20260921",38,2024-09-16,40581,NA,40581,105,NA,FALSE,TRUE,"no_lookup_match"
"Venezuela","VEN",2025,"20260921",38,2025-09-15,34251,NA,34251,53,NA,FALSE,TRUE,"no_lookup_match"
"Venezuela","VEN",2026,"20260921",32,2026-08-03,10287,NA,10287,7,NA,FALSE,TRUE,"no_lookup_match"
"Argentina","ARG",2024,"20260921",38,2024-09-16,581328,NA,581328,105,NA,FALSE,TRUE,"no_lookup_match"
"Argentina","ARG",2025,"20260921",38,2025-09-15,17639,NA,17639,53,NA,FALSE,TRUE,"no_lookup_match"
"Argentina","ARG",2026,"20260921",35,2026-08-24,59,66,66,4,1.11409122655788,TRUE,FALSE,"applied_mean"
"Brazil","BRA",2024,"20260921",38,2024-09-16,9836349,NA,9836349,105,NA,FALSE,TRUE,"no_lookup_match"
"Brazil","BRA",2025,"20260921",38,2025-09-15,3443065,NA,3443065,53,NA,FALSE,TRUE,"no_lookup_match"
"Brazil","BRA",2026,"20260921",36,2026-08-31,1276720,1350983,1350983,3,1.05816718283121,TRUE,FALSE,"applied_mean"
"Chile","CHL",2025,"20260921",38,2025-09-15,0,NA,0,53,NA,FALSE,TRUE,"no_lookup_match"
"Chile","CHL",2024,"20260921",38,2024-09-16,157,NA,157,105,NA,FALSE,TRUE,"no_lookup_match"
"Chile","CHL",2026,"20260921",34,2026-08-17,27,27,27,5,1.00229292929293,TRUE,FALSE,"applied_mean"
"Paraguay","PRY",2024,"20260921",38,2024-09-16,285832,NA,285832,105,NA,FALSE,TRUE,"no_lookup_match"
"Paraguay","PRY",2025,"20260921",38,2025-09-15,24334,NA,24334,53,NA,FALSE,TRUE,"no_lookup_match"
"Paraguay","PRY",2026,"20260921",35,2026-08-24,10034,9860,9860,4,0.982649506719879,TRUE,FALSE,"applied_mean"
"Uruguay","URY",2025,"20260921",38,2025-09-15,7,NA,7,53,NA,FALSE,TRUE,"no_lookup_match"
"Uruguay","URY",2026,"20260921",32,2026-08-03,0,0,0,7,1.61117649105868,TRUE,FALSE,"applied_mean"
"Uruguay","URY",2024,"20260921",38,2024-09-16,1130,NA,1130,105,NA,FALSE,TRUE,"no_lookup_match"
"Cuba","CUB",2026,"20260921",25,2026-06-15,1746,NA,1746,14,NA,FALSE,TRUE,"no_lookup_match"
"Cuba","CUB",2024,"20260921",31,2024-07-29,985,NA,985,112,NA,FALSE,TRUE,"no_lookup_match"
"Cuba","CUB",2025,"20260921",38,2025-09-15,6519,NA,6519,53,NA,FALSE,TRUE,"no_lookup_match"
"Dominican Republic","DOM",2024,"20260921",38,2024-09-16,9448,NA,9448,105,NA,FALSE,TRUE,"no_lookup_match"
"Dominican Republic","DOM",2025,"20260921",38,2025-09-15,1430,NA,1430,53,NA,FALSE,TRUE,"no_lookup_match"
"Dominican Republic","DOM",2026,"20260921",34,2026-08-17,959,959,959,5,1,TRUE,FALSE,"applied_mean"
"Puerto Rico","PRI",2024,"20260921",38,2024-09-16,3710,NA,3710,105,NA,FALSE,TRUE,"no_lookup_match"
"Puerto Rico","PRI",2025,"20260921",38,2025-09-15,2590,NA,2590,53,NA,FALSE,TRUE,"no_lookup_match"
"Puerto Rico","PRI",2026,"20260921",33,2026-08-10,882,889,889,6,1.00809866256541,TRUE,FALSE,"applied_mean"
"Anguilla","AIA",2024,"20260921",38,2024-09-16,5,NA,5,105,NA,FALSE,TRUE,"no_lookup_match"
"Anguilla","AIA",2025,"20260921",38,2025-09-15,2,NA,2,53,NA,FALSE,TRUE,"no_lookup_match"
"Anguilla","AIA",2026,"20260921",33,2026-08-10,0,NA,0,6,NA,FALSE,TRUE,"no_lookup_match"
"Antigua and Barbuda","ATG",2025,"20260921",38,2025-09-15,14,NA,14,53,NA,FALSE,TRUE,"no_lookup_match"
"Antigua and Barbuda","ATG",2026,"20260921",28,2026-07-06,8,8,8,11,1.05927349913893,TRUE,FALSE,"applied_mean"
"Antigua and Barbuda","ATG",2024,"20260921",36,2024-09-02,163,NA,163,107,NA,FALSE,TRUE,"no_lookup_match"
"Aruba","ABW",2024,"20260921",32,2024-08-05,81,NA,81,111,NA,FALSE,TRUE,"no_lookup_match"
"Aruba","ABW",2025,"20260921",38,2025-09-15,14,NA,14,53,NA,FALSE,TRUE,"no_lookup_match"
"Bahamas","BHS",2024,"20260921",8,2024-02-19,0,NA,0,135,NA,FALSE,TRUE,"no_lookup_match"
"Bahamas","BHS",2026,"20260921",20,2026-05-11,1,NA,1,19,NA,FALSE,TRUE,"no_lookup_match"
"Barbados","BRB",2025,"20260921",38,2025-09-15,131,NA,131,53,NA,FALSE,TRUE,"no_lookup_match"
"Barbados","BRB",2026,"20260921",30,2026-07-20,66,54,54,9,0.811243003335894,TRUE,FALSE,"applied_mean"
"Barbados","BRB",2024,"20260921",38,2024-09-16,1083,NA,1083,105,NA,FALSE,TRUE,"no_lookup_match"
"Bermuda","BMU",2024,"20260921",38,2024-09-16,1,NA,1,105,NA,FALSE,TRUE,"no_lookup_match"
"Bermuda","BMU",2025,"20260921",38,2025-09-15,0,NA,0,53,NA,FALSE,TRUE,"no_lookup_match"
"Bermuda","BMU",2026,"20260921",24,2026-06-08,2,NA,2,15,NA,FALSE,TRUE,"no_lookup_match"
"Bonaire, Saint Eustatius and Saba","BES",2024,"20260921",12,2024-03-18,207,NA,207,131,NA,FALSE,TRUE,"no_lookup_match"
"Cayman Islands","CYM",2024,"20260921",36,2024-09-02,5,NA,5,107,NA,FALSE,TRUE,"no_lookup_match"
"Cayman Islands","CYM",2025,"20260921",38,2025-09-15,0,NA,0,53,NA,FALSE,TRUE,"no_lookup_match"
"Cayman Islands","CYM",2026,"20260921",32,2026-08-03,0,0,0,7,1,TRUE,FALSE,"applied_mean"
"Curaçao","CUW",2024,"20260921",12,2024-03-18,262,NA,262,131,NA,FALSE,TRUE,"no_lookup_match"
"French Guiana","GUF",2024,"20260921",32,2024-08-05,16141,NA,16141,111,NA,FALSE,TRUE,"no_lookup_match"
"French Guiana","GUF",2025,"20260921",38,2025-09-15,275,NA,275,53,NA,FALSE,TRUE,"no_lookup_match"
"French Guiana","GUF",2026,"20260921",36,2026-08-31,12,12,12,3,1,TRUE,FALSE,"applied_mean"
"Grenada","GRD",2025,"20260921",38,2025-09-15,135,NA,135,53,NA,FALSE,TRUE,"no_lookup_match"
"Grenada","GRD",2026,"20260921",35,2026-08-24,168,168,168,4,1,TRUE,FALSE,"applied_mean"
"Grenada","GRD",2024,"20260921",38,2024-09-16,635,NA,635,105,NA,FALSE,TRUE,"no_lookup_match"
"Guadeloupe","GLP",2026,"20260921",20,2026-05-11,383,383,383,19,1,TRUE,FALSE,"applied_mean"
"Guadeloupe","GLP",2024,"20260921",38,2024-09-16,4895,NA,4895,105,NA,FALSE,TRUE,"no_lookup_match"
"Guadeloupe","GLP",2025,"20260921",25,2025-06-16,4635,NA,4635,66,NA,FALSE,TRUE,"no_lookup_match"
"Guyana","GUY",2025,"20260921",38,2025-09-15,52441,NA,52441,53,NA,FALSE,TRUE,"no_lookup_match"
"Guyana","GUY",2026,"20260921",25,2026-06-15,35768,39388,39388,14,1.10121007553855,TRUE,FALSE,"applied_mean"
"Guyana","GUY",2024,"20260921",38,2024-09-16,37859,NA,37859,105,NA,FALSE,TRUE,"no_lookup_match"
"Jamaica","JAM",2025,"20260921",38,2025-09-15,358,NA,358,53,NA,FALSE,TRUE,"no_lookup_match"
"Jamaica","JAM",2026,"20260921",30,2026-07-20,145,145,145,9,1,TRUE,FALSE,"applied_mean"
"Jamaica","JAM",2024,"20260921",38,2024-09-16,1703,NA,1703,105,NA,FALSE,TRUE,"no_lookup_match"
"Martinique","MTQ",2025,"20260921",25,2025-06-16,995,NA,995,66,NA,FALSE,TRUE,"no_lookup_match"
"Martinique","MTQ",2024,"20260921",38,2024-09-16,6379,NA,6379,105,NA,FALSE,TRUE,"no_lookup_match"
"Martinique","MTQ",2026,"20260921",20,2026-05-11,1354,1354,1354,19,1,TRUE,FALSE,"applied_mean"
"Montserrat","MSR",2024,"20260921",38,2024-09-16,2,NA,2,105,NA,FALSE,TRUE,"no_lookup_match"
"Montserrat","MSR",2025,"20260921",38,2025-09-15,1,NA,1,53,NA,FALSE,TRUE,"no_lookup_match"
"Montserrat","MSR",2026,"20260921",32,2026-08-03,0,0,0,7,1,TRUE,FALSE,"applied_mean"
"Saint Barthelemy","BLM",2025,"20260921",24,2025-06-09,20,NA,20,67,NA,FALSE,TRUE,"no_lookup_match"
"Saint Barthelemy","BLM",2026,"20260921",20,2026-05-11,0,0,0,19,1,TRUE,FALSE,"applied_mean"
"Saint Barthelemy","BLM",2024,"20260921",38,2024-09-16,148,NA,148,105,NA,FALSE,TRUE,"no_lookup_match"
"Saint Kitts and Nevis","KNA",2024,"20260921",38,2024-09-16,206,NA,206,105,NA,FALSE,TRUE,"no_lookup_match"
"Saint Kitts and Nevis","KNA",2025,"20260921",38,2025-09-15,4,NA,4,53,NA,FALSE,TRUE,"no_lookup_match"
"Saint Kitts and Nevis","KNA",2026,"20260921",13,2026-03-23,13,13,13,26,1.0137990750553,TRUE,FALSE,"applied_mean"
"Saint Lucia","LCA",2025,"20260921",38,2025-09-15,45,NA,45,53,NA,FALSE,TRUE,"no_lookup_match"
"Saint Lucia","LCA",2026,"20260921",35,2026-08-24,9,9,9,4,1,TRUE,FALSE,"applied_mean"
"Saint Lucia","LCA",2024,"20260921",38,2024-09-16,222,NA,222,105,NA,FALSE,TRUE,"no_lookup_match"
"Saint Martin",NA,2025,"20260921",25,2025-06-16,184,NA,184,66,NA,FALSE,TRUE,"no_lookup_match"
"Saint Martin",NA,2026,"20260921",20,2026-05-11,7,NA,7,19,NA,FALSE,TRUE,"no_lookup_match"
"Saint Martin",NA,2024,"20260921",38,2024-09-16,561,NA,561,105,NA,FALSE,TRUE,"no_lookup_match"
"Saint Vincent and the Grenadines","VCT",2025,"20260921",38,2025-09-15,5,NA,5,53,NA,FALSE,TRUE,"no_lookup_match"
"Saint Vincent and the Grenadines","VCT",2026,"20260921",31,2026-07-27,3,3,3,8,1,TRUE,FALSE,"applied_mean"
"Saint Vincent and the Grenadines","VCT",2024,"20260921",36,2024-09-02,262,NA,262,107,NA,FALSE,TRUE,"no_lookup_match"
"Sint Maarten","SXM",2024,"20260921",38,2024-09-16,144,NA,144,105,NA,FALSE,TRUE,"no_lookup_match"
"Sint Maarten","SXM",2025,"20260921",28,2025-07-07,8,NA,8,63,NA,FALSE,TRUE,"no_lookup_match"
"Suriname","SUR",2025,"20260921",38,2025-09-15,1249,NA,1249,53,NA,FALSE,TRUE,"no_lookup_match"
"Suriname","SUR",2024,"20260921",20,2024-05-13,95,NA,95,123,NA,FALSE,TRUE,"no_lookup_match"
"Suriname","SUR",2026,"20260921",19,2026-05-04,418,418,418,20,1,TRUE,FALSE,"applied_mean"
"Trinidad and Tobago","TTO",2025,"20260921",38,2025-09-15,50,NA,50,53,NA,FALSE,TRUE,"no_lookup_match"
"Trinidad and Tobago","TTO",2026,"20260921",32,2026-08-03,102,102,102,7,1,TRUE,FALSE,"applied_mean"
"Trinidad and Tobago","TTO",2024,"20260921",38,2024-09-16,1416,NA,1416,105,NA,FALSE,TRUE,"no_lookup_match"
"Turks and Caicos Islands","TCA",2025,"20260921",38,2025-09-15,1,NA,1,53,NA,FALSE,TRUE,"no_lookup_match"
"Turks and Caicos Islands","TCA",2026,"20260921",12,2026-03-16,8,8,8,27,1,TRUE,FALSE,"applied_mean"
"Turks and Caicos Islands","TCA",2024,"20260921",38,2024-09-16,117,NA,117,105,NA,FALSE,TRUE,"no_lookup_match"
"Virgin Islands (UK)","VGB",2024,"20260921",36,2024-09-02,30,NA,30,107,NA,FALSE,TRUE,"no_lookup_match"
"Virgin Islands (UK)","VGB",2025,"20260921",38,2025-09-15,29,NA,29,53,NA,FALSE,TRUE,"no_lookup_match"
"Virgin Islands (UK)","VGB",2026,"20260921",24,2026-06-08,15,NA,15,15,NA,FALSE,TRUE,"no_lookup_match"
"Virgin Islands (US)","VIR",2024,"20260921",38,2024-09-16,127,NA,127,105,NA,FALSE,TRUE,"no_lookup_match"
"Virgin Islands (US)","VIR",2025,"20260921",38,2025-09-15,47,NA,47,53,NA,FALSE,TRUE,"no_lookup_match"
"Virgin Islands (US)","VIR",2026,"20260921",35,2026-08-24,0,NA,0,4,NA,FALSE,TRUE,"no_lookup_match"
"Canada","CAN",2024,"20260921",39,2024-09-23,0,NA,0,104,NA,FALSE,TRUE,"no_lookup_match"
"Canada","CAN",2025,"20260921",39,2025-09-22,0,NA,0,52,NA,FALSE,TRUE,"no_lookup_match"
"Canada","CAN",2026,"20260921",35,2026-08-24,0,NA,0,4,NA,FALSE,TRUE,"no_lookup_match"
"United States of America","USA",2024,"20260921",39,2024-09-23,1979,NA,1979,104,NA,FALSE,TRUE,"no_lookup_match"
"United States of America","USA",2025,"20260921",39,2025-09-22,782,NA,782,52,NA,FALSE,TRUE,"no_lookup_match"
"United States of America","USA",2026,"20260921",35,2026-08-24,351,NA,351,4,NA,FALSE,TRUE,"no_lookup_match"
"Belize","BLZ",2024,"20260921",39,2024-09-23,995,NA,995,104,NA,FALSE,TRUE,"country_excluded"
"Belize","BLZ",2025,"20260921",39,2025-09-22,1885,NA,1885,52,NA,FALSE,TRUE,"country_excluded"
"Belize","BLZ",2026,"20260921",15,2026-04-06,317,NA,317,24,NA,FALSE,TRUE,"country_excluded"
"Costa Rica","CRI",2026,"20260921",35,2026-08-24,4390,4085,4085,4,0.9304289202201,TRUE,FALSE,"applied_mean"
"Costa Rica","CRI",2024,"20260921",39,2024-09-23,24922,NA,24922,104,NA,FALSE,TRUE,"no_lookup_match"
"Costa Rica","CRI",2025,"20260921",39,2025-09-22,3620,NA,3620,52,NA,FALSE,TRUE,"no_lookup_match"
"El Salvador","SLV",2024,"20260921",39,2024-09-23,6689,NA,6689,104,NA,FALSE,TRUE,"no_lookup_match"
"El Salvador","SLV",2025,"20260921",39,2025-09-22,4721,NA,4721,52,NA,FALSE,TRUE,"no_lookup_match"
"El Salvador","SLV",2026,"20260921",30,2026-07-20,3039,3039,3039,9,1,TRUE,FALSE,"applied_mean"
"Guatemala","GTM",2025,"20260921",39,2025-09-22,39316,NA,39316,52,NA,FALSE,TRUE,"no_lookup_match"
"Guatemala","GTM",2026,"20260921",26,2026-06-22,15679,20828,20828,13,1.32839399642986,TRUE,FALSE,"applied_mean"
"Guatemala","GTM",2024,"20260921",39,2024-09-23,143616,NA,143616,104,NA,FALSE,TRUE,"no_lookup_match"
"Honduras","HND",2024,"20260921",39,2024-09-23,159442,NA,159442,104,NA,FALSE,TRUE,"no_lookup_match"
"Honduras","HND",2025,"20260921",39,2025-09-22,13493,NA,13493,52,NA,FALSE,TRUE,"no_lookup_match"
"Honduras","HND",2026,"20260921",33,2026-08-10,8079,8077,8077,6,0.999692576330584,TRUE,FALSE,"applied_mean"
"Mexico","MEX",2024,"20260921",39,2024-09-23,351845,NA,351845,104,NA,FALSE,TRUE,"no_lookup_match"
"Mexico","MEX",2025,"20260921",39,2025-09-22,96936,NA,96936,52,NA,FALSE,TRUE,"no_lookup_match"
"Mexico","MEX",2026,"20260921",35,2026-08-24,48348,48677,48677,4,1.0067977465121,TRUE,FALSE,"applied_mean"
"Nicaragua","NIC",2025,"20260921",4,2025-01-20,5702,NA,5702,87,NA,FALSE,TRUE,"no_lookup_match"
"Nicaragua","NIC",2024,"20260921",39,2024-09-23,64505,NA,64505,104,NA,FALSE,TRUE,"no_lookup_match"
"Panama","PAN",2024,"20260921",39,2024-09-23,27506,NA,27506,104,NA,FALSE,TRUE,"no_lookup_match"
"Panama","PAN",2025,"20260921",39,2025-09-22,14728,NA,14728,52,NA,FALSE,TRUE,"no_lookup_match"
"Panama","PAN",2026,"20260921",34,2026-08-17,9456,9158,9158,5,0.968526486210583,TRUE,FALSE,"applied_mean"
"Bolivia","BOL",2024,"20260921",39,2024-09-23,51086,NA,51086,104,NA,FALSE,TRUE,"no_lookup_match"
"Bolivia","BOL",2025,"20260921",39,2025-09-22,30838,NA,30838,52,NA,FALSE,TRUE,"no_lookup_match"
"Bolivia","BOL",2026,"20260921",33,2026-08-10,58628,68007,68007,6,1.15996879530479,TRUE,FALSE,"applied_mean"
"Colombia","COL",2024,"20260921",39,2024-09-23,275570,NA,275570,104,NA,FALSE,TRUE,"no_lookup_match"
"Colombia","COL",2025,"20260921",39,2025-09-22,105467,NA,105467,52,NA,FALSE,TRUE,"no_lookup_match"
"Colombia","COL",2026,"20260921",35,2026-08-24,77071,77071,77071,4,1,TRUE,FALSE,"applied_mean"
"Ecuador","ECU",2024,"20260921",39,2024-09-23,52813,NA,52813,104,NA,FALSE,TRUE,"no_lookup_match"
"Ecuador","ECU",2025,"20260921",39,2025-09-22,34560,NA,34560,52,NA,FALSE,TRUE,"no_lookup_match"
"Ecuador","ECU",2026,"20260921",35,2026-08-24,32576,32597,32597,4,1.00063077279599,TRUE,FALSE,"applied_mean"
"Peru","PER",2024,"20260921",39,2024-09-23,260914,NA,260914,104,NA,FALSE,TRUE,"no_lookup_match"
"Peru","PER",2025,"20260921",39,2025-09-22,33291,NA,33291,52,NA,FALSE,TRUE,"no_lookup_match"
"Peru","PER",2026,"20260921",36,2026-08-31,55943,55445,55445,3,0.991098736668739,TRUE,FALSE,"applied_mean"
"Venezuela","VEN",2024,"20260921",39,2024-09-23,42221,NA,42221,104,NA,FALSE,TRUE,"no_lookup_match"
"Venezuela","VEN",2025,"20260921",39,2025-09-22,34788,NA,34788,52,NA,FALSE,TRUE,"no_lookup_match"
"Venezuela","VEN",2026,"20260921",32,2026-08-03,10287,NA,10287,7,NA,FALSE,TRUE,"no_lookup_match"
"Argentina","ARG",2024,"20260921",39,2024-09-23,581334,NA,581334,104,NA,FALSE,TRUE,"no_lookup_match"
"Argentina","ARG",2025,"20260921",39,2025-09-22,17639,NA,17639,52,NA,FALSE,TRUE,"no_lookup_match"
"Argentina","ARG",2026,"20260921",35,2026-08-24,59,66,66,4,1.11409122655788,TRUE,FALSE,"applied_mean"
"Brazil","BRA",2024,"20260921",39,2024-09-23,9862363,NA,9862363,104,NA,FALSE,TRUE,"no_lookup_match"
"Brazil","BRA",2025,"20260921",39,2025-09-22,3468443,NA,3468443,52,NA,FALSE,TRUE,"no_lookup_match"
"Brazil","BRA",2026,"20260921",36,2026-08-31,1276720,1350983,1350983,3,1.05816718283121,TRUE,FALSE,"applied_mean"
"Chile","CHL",2025,"20260921",39,2025-09-22,0,NA,0,52,NA,FALSE,TRUE,"no_lookup_match"
"Chile","CHL",2024,"20260921",39,2024-09-23,157,NA,157,104,NA,FALSE,TRUE,"no_lookup_match"
"Chile","CHL",2026,"20260921",34,2026-08-17,27,27,27,5,1.00229292929293,TRUE,FALSE,"applied_mean"
"Paraguay","PRY",2024,"20260921",39,2024-09-23,286145,NA,286145,104,NA,FALSE,TRUE,"no_lookup_match"
"Paraguay","PRY",2025,"20260921",39,2025-09-22,24619,NA,24619,52,NA,FALSE,TRUE,"no_lookup_match"
"Paraguay","PRY",2026,"20260921",35,2026-08-24,10034,9860,9860,4,0.982649506719879,TRUE,FALSE,"applied_mean"
"Uruguay","URY",2025,"20260921",39,2025-09-22,7,NA,7,52,NA,FALSE,TRUE,"no_lookup_match"
"Uruguay","URY",2026,"20260921",32,2026-08-03,0,0,0,7,1.61117649105868,TRUE,FALSE,"applied_mean"
"Uruguay","URY",2024,"20260921",39,2024-09-23,1132,NA,1132,104,NA,FALSE,TRUE,"no_lookup_match"
"Cuba","CUB",2026,"20260921",25,2026-06-15,1746,NA,1746,14,NA,FALSE,TRUE,"no_lookup_match"
"Cuba","CUB",2024,"20260921",31,2024-07-29,985,NA,985,112,NA,FALSE,TRUE,"no_lookup_match"
"Cuba","CUB",2025,"20260921",38,2025-09-15,6519,NA,6519,53,NA,FALSE,TRUE,"no_lookup_match"
"Dominican Republic","DOM",2024,"20260921",39,2024-09-23,9527,NA,9527,104,NA,FALSE,TRUE,"no_lookup_match"
"Dominican Republic","DOM",2025,"20260921",39,2025-09-22,1464,NA,1464,52,NA,FALSE,TRUE,"no_lookup_match"
"Dominican Republic","DOM",2026,"20260921",34,2026-08-17,959,959,959,5,1,TRUE,FALSE,"applied_mean"
"Puerto Rico","PRI",2024,"20260921",39,2024-09-23,3912,NA,3912,104,NA,FALSE,TRUE,"no_lookup_match"
"Puerto Rico","PRI",2025,"20260921",39,2025-09-22,2635,NA,2635,52,NA,FALSE,TRUE,"no_lookup_match"
"Puerto Rico","PRI",2026,"20260921",33,2026-08-10,882,889,889,6,1.00809866256541,TRUE,FALSE,"applied_mean"
"Anguilla","AIA",2024,"20260921",39,2024-09-23,5,NA,5,104,NA,FALSE,TRUE,"no_lookup_match"
"Anguilla","AIA",2025,"20260921",39,2025-09-22,2,NA,2,52,NA,FALSE,TRUE,"no_lookup_match"
"Anguilla","AIA",2026,"20260921",33,2026-08-10,0,NA,0,6,NA,FALSE,TRUE,"no_lookup_match"
"Antigua and Barbuda","ATG",2025,"20260921",39,2025-09-22,14,NA,14,52,NA,FALSE,TRUE,"no_lookup_match"
"Antigua and Barbuda","ATG",2026,"20260921",28,2026-07-06,8,8,8,11,1.05927349913893,TRUE,FALSE,"applied_mean"
"Antigua and Barbuda","ATG",2024,"20260921",36,2024-09-02,163,NA,163,107,NA,FALSE,TRUE,"no_lookup_match"
"Aruba","ABW",2024,"20260921",32,2024-08-05,81,NA,81,111,NA,FALSE,TRUE,"no_lookup_match"
"Aruba","ABW",2025,"20260921",39,2025-09-22,14,NA,14,52,NA,FALSE,TRUE,"no_lookup_match"
"Bahamas","BHS",2024,"20260921",8,2024-02-19,0,NA,0,135,NA,FALSE,TRUE,"no_lookup_match"
"Bahamas","BHS",2026,"20260921",20,2026-05-11,1,NA,1,19,NA,FALSE,TRUE,"no_lookup_match"
"Barbados","BRB",2025,"20260921",39,2025-09-22,132,NA,132,52,NA,FALSE,TRUE,"no_lookup_match"
"Barbados","BRB",2026,"20260921",30,2026-07-20,66,54,54,9,0.811243003335894,TRUE,FALSE,"applied_mean"
"Barbados","BRB",2024,"20260921",39,2024-09-23,1086,NA,1086,104,NA,FALSE,TRUE,"no_lookup_match"
"Bermuda","BMU",2024,"20260921",39,2024-09-23,1,NA,1,104,NA,FALSE,TRUE,"no_lookup_match"
"Bermuda","BMU",2025,"20260921",39,2025-09-22,0,NA,0,52,NA,FALSE,TRUE,"no_lookup_match"
"Bermuda","BMU",2026,"20260921",24,2026-06-08,2,NA,2,15,NA,FALSE,TRUE,"no_lookup_match"
"Bonaire, Saint Eustatius and Saba","BES",2024,"20260921",12,2024-03-18,207,NA,207,131,NA,FALSE,TRUE,"no_lookup_match"
"Cayman Islands","CYM",2024,"20260921",36,2024-09-02,5,NA,5,107,NA,FALSE,TRUE,"no_lookup_match"
"Cayman Islands","CYM",2025,"20260921",39,2025-09-22,0,NA,0,52,NA,FALSE,TRUE,"no_lookup_match"
"Cayman Islands","CYM",2026,"20260921",32,2026-08-03,0,0,0,7,1,TRUE,FALSE,"applied_mean"
"Curaçao","CUW",2024,"20260921",12,2024-03-18,262,NA,262,131,NA,FALSE,TRUE,"no_lookup_match"
"French Guiana","GUF",2024,"20260921",32,2024-08-05,16141,NA,16141,111,NA,FALSE,TRUE,"no_lookup_match"
"French Guiana","GUF",2025,"20260921",39,2025-09-22,276,NA,276,52,NA,FALSE,TRUE,"no_lookup_match"
"French Guiana","GUF",2026,"20260921",36,2026-08-31,12,12,12,3,1,TRUE,FALSE,"applied_mean"
"Grenada","GRD",2025,"20260921",39,2025-09-22,140,NA,140,52,NA,FALSE,TRUE,"no_lookup_match"
"Grenada","GRD",2026,"20260921",35,2026-08-24,168,168,168,4,1,TRUE,FALSE,"applied_mean"
"Grenada","GRD",2024,"20260921",39,2024-09-23,659,NA,659,104,NA,FALSE,TRUE,"no_lookup_match"
"Guadeloupe","GLP",2026,"20260921",20,2026-05-11,383,383,383,19,1,TRUE,FALSE,"applied_mean"
"Guadeloupe","GLP",2024,"20260921",39,2024-09-23,5115,NA,5115,104,NA,FALSE,TRUE,"no_lookup_match"
"Guadeloupe","GLP",2025,"20260921",39,2025-09-22,4790,NA,4790,52,NA,FALSE,TRUE,"no_lookup_match"
"Guyana","GUY",2025,"20260921",39,2025-09-22,53649,NA,53649,52,NA,FALSE,TRUE,"no_lookup_match"
"Guyana","GUY",2026,"20260921",25,2026-06-15,35768,39388,39388,14,1.10121007553855,TRUE,FALSE,"applied_mean"
"Guyana","GUY",2024,"20260921",39,2024-09-23,38284,NA,38284,104,NA,FALSE,TRUE,"no_lookup_match"
"Jamaica","JAM",2025,"20260921",39,2025-09-22,379,NA,379,52,NA,FALSE,TRUE,"no_lookup_match"
"Jamaica","JAM",2026,"20260921",30,2026-07-20,145,145,145,9,1,TRUE,FALSE,"applied_mean"
"Jamaica","JAM",2024,"20260921",39,2024-09-23,1741,NA,1741,104,NA,FALSE,TRUE,"no_lookup_match"
"Martinique","MTQ",2025,"20260921",39,2025-09-22,1100,NA,1100,52,NA,FALSE,TRUE,"no_lookup_match"
"Martinique","MTQ",2024,"20260921",39,2024-09-23,6504,NA,6504,104,NA,FALSE,TRUE,"no_lookup_match"
"Martinique","MTQ",2026,"20260921",20,2026-05-11,1354,1354,1354,19,1,TRUE,FALSE,"applied_mean"
"Montserrat","MSR",2024,"20260921",39,2024-09-23,2,NA,2,104,NA,FALSE,TRUE,"no_lookup_match"
"Montserrat","MSR",2025,"20260921",39,2025-09-22,1,NA,1,52,NA,FALSE,TRUE,"no_lookup_match"
"Montserrat","MSR",2026,"20260921",32,2026-08-03,0,0,0,7,1,TRUE,FALSE,"applied_mean"
"Saint Barthelemy","BLM",2025,"20260921",39,2025-09-22,20,NA,20,52,NA,FALSE,TRUE,"no_lookup_match"
"Saint Barthelemy","BLM",2026,"20260921",20,2026-05-11,0,0,0,19,1,TRUE,FALSE,"applied_mean"
"Saint Barthelemy","BLM",2024,"20260921",39,2024-09-23,148,NA,148,104,NA,FALSE,TRUE,"no_lookup_match"
"Saint Kitts and Nevis","KNA",2024,"20260921",39,2024-09-23,212,NA,212,104,NA,FALSE,TRUE,"no_lookup_match"
"Saint Kitts and Nevis","KNA",2025,"20260921",39,2025-09-22,4,NA,4,52,NA,FALSE,TRUE,"no_lookup_match"
"Saint Kitts and Nevis","KNA",2026,"20260921",13,2026-03-23,13,13,13,26,1.0137990750553,TRUE,FALSE,"applied_mean"
"Saint Lucia","LCA",2025,"20260921",39,2025-09-22,45,NA,45,52,NA,FALSE,TRUE,"no_lookup_match"
"Saint Lucia","LCA",2026,"20260921",35,2026-08-24,9,9,9,4,1,TRUE,FALSE,"applied_mean"
"Saint Lucia","LCA",2024,"20260921",39,2024-09-23,241,NA,241,104,NA,FALSE,TRUE,"no_lookup_match"
"Saint Martin",NA,2025,"20260921",39,2025-09-22,204,NA,204,52,NA,FALSE,TRUE,"no_lookup_match"
"Saint Martin",NA,2026,"20260921",20,2026-05-11,7,NA,7,19,NA,FALSE,TRUE,"no_lookup_match"
"Saint Martin",NA,2024,"20260921",39,2024-09-23,561,NA,561,104,NA,FALSE,TRUE,"no_lookup_match"
"Saint Vincent and the Grenadines","VCT",2025,"20260921",39,2025-09-22,5,NA,5,52,NA,FALSE,TRUE,"no_lookup_match"
"Saint Vincent and the Grenadines","VCT",2026,"20260921",31,2026-07-27,3,3,3,8,1,TRUE,FALSE,"applied_mean"
"Saint Vincent and the Grenadines","VCT",2024,"20260921",36,2024-09-02,262,NA,262,107,NA,FALSE,TRUE,"no_lookup_match"
"Sint Maarten","SXM",2024,"20260921",39,2024-09-23,144,NA,144,104,NA,FALSE,TRUE,"no_lookup_match"
"Sint Maarten","SXM",2025,"20260921",28,2025-07-07,8,NA,8,63,NA,FALSE,TRUE,"no_lookup_match"
"Suriname","SUR",2025,"20260921",39,2025-09-22,1258,NA,1258,52,NA,FALSE,TRUE,"no_lookup_match"
"Suriname","SUR",2024,"20260921",20,2024-05-13,95,NA,95,123,NA,FALSE,TRUE,"no_lookup_match"
"Suriname","SUR",2026,"20260921",19,2026-05-04,418,418,418,20,1,TRUE,FALSE,"applied_mean"
"Trinidad and Tobago","TTO",2025,"20260921",39,2025-09-22,50,NA,50,52,NA,FALSE,TRUE,"no_lookup_match"
"Trinidad and Tobago","TTO",2026,"20260921",32,2026-08-03,102,102,102,7,1,TRUE,FALSE,"applied_mean"
"Trinidad and Tobago","TTO",2024,"20260921",39,2024-09-23,1437,NA,1437,104,NA,FALSE,TRUE,"no_lookup_match"
"Turks and Caicos Islands","TCA",2025,"20260921",39,2025-09-22,1,NA,1,52,NA,FALSE,TRUE,"no_lookup_match"
"Turks and Caicos Islands","TCA",2026,"20260921",12,2026-03-16,8,8,8,27,1,TRUE,FALSE,"applied_mean"
"Turks and Caicos Islands","TCA",2024,"20260921",39,2024-09-23,117,NA,117,104,NA,FALSE,TRUE,"no_lookup_match"
"Virgin Islands (UK)","VGB",2024,"20260921",36,2024-09-02,30,NA,30,107,NA,FALSE,TRUE,"no_lookup_match"
"Virgin Islands (UK)","VGB",2025,"20260921",39,2025-09-22,29,NA,29,52,NA,FALSE,TRUE,"no_lookup_match"
"Virgin Islands (UK)","VGB",2026,"20260921",24,2026-06-08,15,NA,15,15,NA,FALSE,TRUE,"no_lookup_match"
"Virgin Islands (US)","VIR",2024,"20260921",39,2024-09-23,135,NA,135,104,NA,FALSE,TRUE,"no_lookup_match"
"Virgin Islands (US)","VIR",2025,"20260921",39,2025-09-22,47,NA,47,52,NA,FALSE,TRUE,"no_lookup_match"
"Virgin Islands (US)","VIR",2026,"20260921",35,2026-08-24,0,NA,0,4,NA,FALSE,TRUE,"no_lookup_match"
"Canada","CAN",2024,"20260921",3,2024-01-15,0,NA,0,140,NA,FALSE,TRUE,"no_lookup_match"
"Canada","CAN",2025,"20260921",3,2025-01-13,0,NA,0,88,NA,FALSE,TRUE,"no_lookup_match"
"Canada","CAN",2026,"20260921",3,2026-01-12,0,NA,0,36,NA,FALSE,TRUE,"no_lookup_match"
"United States of America","USA",2024,"20260921",3,2024-01-15,29,NA,29,140,NA,FALSE,TRUE,"no_lookup_match"
"United States of America","USA",2025,"20260921",3,2025-01-13,30,NA,30,88,NA,FALSE,TRUE,"no_lookup_match"
"United States of America","USA",2026,"20260921",3,2026-01-12,15,NA,15,36,NA,FALSE,TRUE,"no_lookup_match"
"Belize","BLZ",2024,"20260921",3,2024-01-15,41,NA,41,140,NA,FALSE,TRUE,"country_excluded"
"Belize","BLZ",2025,"20260921",3,2025-01-13,32,NA,32,88,NA,FALSE,TRUE,"country_excluded"
"Belize","BLZ",2026,"20260921",3,2026-01-12,128,NA,128,36,NA,FALSE,TRUE,"country_excluded"
"Costa Rica","CRI",2024,"20260921",3,2024-01-15,2293,NA,2293,140,NA,FALSE,TRUE,"no_lookup_match"
"Costa Rica","CRI",2025,"20260921",3,2025-01-13,396,NA,396,88,NA,FALSE,TRUE,"no_lookup_match"
"Costa Rica","CRI",2026,"20260921",3,2026-01-12,168,168,168,36,1,TRUE,FALSE,"applied_mean"
"El Salvador","SLV",2025,"20260921",3,2025-01-13,242,NA,242,88,NA,FALSE,TRUE,"no_lookup_match"
"El Salvador","SLV",2024,"20260921",3,2024-01-15,261,NA,261,140,NA,FALSE,TRUE,"no_lookup_match"
"El Salvador","SLV",2026,"20260921",3,2026-01-12,530,530,530,36,1,TRUE,FALSE,"applied_mean"
"Guatemala","GTM",2025,"20260921",3,2025-01-13,2615,NA,2615,88,NA,FALSE,TRUE,"no_lookup_match"
"Guatemala","GTM",2024,"20260921",3,2024-01-15,4910,NA,4910,140,NA,FALSE,TRUE,"no_lookup_match"
"Guatemala","GTM",2026,"20260921",3,2026-01-12,1627,1627,1627,36,1,TRUE,FALSE,"applied_mean"
"Honduras","HND",2025,"20260921",3,2025-01-13,833,NA,833,88,NA,FALSE,TRUE,"no_lookup_match"
"Honduras","HND",2024,"20260921",3,2024-01-15,2128,NA,2128,140,NA,FALSE,TRUE,"no_lookup_match"
"Honduras","HND",2026,"20260921",3,2026-01-12,726,726,726,36,1,TRUE,FALSE,"applied_mean"
"Mexico","MEX",2024,"20260921",3,2024-01-15,12983,NA,12983,140,NA,FALSE,TRUE,"no_lookup_match"
"Mexico","MEX",2025,"20260921",3,2025-01-13,6795,NA,6795,88,NA,FALSE,TRUE,"no_lookup_match"
"Mexico","MEX",2026,"20260921",3,2026-01-12,4064,4064,4064,36,1,TRUE,FALSE,"applied_mean"
"Nicaragua","NIC",2025,"20260921",3,2025-01-13,4270,NA,4270,88,NA,FALSE,TRUE,"no_lookup_match"
"Nicaragua","NIC",2024,"20260921",3,2024-01-15,5591,NA,5591,140,NA,FALSE,TRUE,"no_lookup_match"
"Panama","PAN",2024,"20260921",3,2024-01-15,1580,NA,1580,140,NA,FALSE,TRUE,"no_lookup_match"
"Panama","PAN",2025,"20260921",3,2025-01-13,1378,NA,1378,88,NA,FALSE,TRUE,"no_lookup_match"
"Panama","PAN",2026,"20260921",3,2026-01-12,632,632,632,36,1,TRUE,FALSE,"applied_mean"
"Bolivia","BOL",2026,"20260921",3,2026-01-12,5393,5393,5393,36,1,TRUE,FALSE,"applied_mean"
"Bolivia","BOL",2024,"20260921",3,2024-01-15,5072,NA,5072,140,NA,FALSE,TRUE,"no_lookup_match"
"Bolivia","BOL",2025,"20260921",3,2025-01-13,2579,NA,2579,88,NA,FALSE,TRUE,"no_lookup_match"
"Colombia","COL",2025,"20260921",3,2025-01-13,10959,NA,10959,88,NA,FALSE,TRUE,"no_lookup_match"
"Colombia","COL",2024,"20260921",3,2024-01-15,15540,NA,15540,140,NA,FALSE,TRUE,"no_lookup_match"
"Colombia","COL",2026,"20260921",3,2026-01-12,6987,6987,6987,36,1,TRUE,FALSE,"applied_mean"
"Ecuador","ECU",2024,"20260921",3,2024-01-15,2254,NA,2254,140,NA,FALSE,TRUE,"no_lookup_match"
"Ecuador","ECU",2025,"20260921",3,2025-01-13,2244,NA,2244,88,NA,FALSE,TRUE,"no_lookup_match"
"Ecuador","ECU",2026,"20260921",3,2026-01-12,945,947,947,36,1.00238468448859,TRUE,FALSE,"applied_mean"
"Peru","PER",2024,"20260921",3,2024-01-15,5586,NA,5586,140,NA,FALSE,TRUE,"no_lookup_match"
"Peru","PER",2025,"20260921",3,2025-01-13,3498,NA,3498,88,NA,FALSE,TRUE,"no_lookup_match"
"Peru","PER",2026,"20260921",3,2026-01-12,1362,1282,1282,36,0.941474336677332,TRUE,FALSE,"applied_mean"
"Venezuela","VEN",2024,"20260921",3,2024-01-15,1748,NA,1748,140,NA,FALSE,TRUE,"no_lookup_match"
"Venezuela","VEN",2025,"20260921",3,2025-01-13,3364,NA,3364,88,NA,FALSE,TRUE,"no_lookup_match"
"Venezuela","VEN",2026,"20260921",3,2026-01-12,1189,NA,1189,36,NA,FALSE,TRUE,"no_lookup_match"
"Argentina","ARG",2026,"20260921",3,2026-01-12,4,4,4,36,1.09062283739784,TRUE,FALSE,"applied_mean"
"Argentina","ARG",2024,"20260921",3,2024-01-15,17499,NA,17499,140,NA,FALSE,TRUE,"no_lookup_match"
"Argentina","ARG",2025,"20260921",3,2025-01-13,106,NA,106,88,NA,FALSE,TRUE,"no_lookup_match"
"Brazil","BRA",2024,"20260921",3,2024-01-15,325603,NA,325603,140,NA,FALSE,TRUE,"no_lookup_match"
"Brazil","BRA",2025,"20260921",3,2025-01-13,239200,NA,239200,88,NA,FALSE,TRUE,"no_lookup_match"
"Brazil","BRA",2026,"20260921",3,2026-01-12,95309,95315,95315,36,1.00005781881657,TRUE,FALSE,"applied_mean"
"Chile","CHL",2024,"20260921",3,2024-01-15,0,NA,0,140,NA,FALSE,TRUE,"no_lookup_match"
"Chile","CHL",2025,"20260921",3,2025-01-13,0,NA,0,88,NA,FALSE,TRUE,"no_lookup_match"
"Chile","CHL",2026,"20260921",3,2026-01-12,0,NA,0,36,NA,FALSE,TRUE,"no_lookup_match"
"Paraguay","PRY",2025,"20260921",3,2025-01-13,2809,NA,2809,88,NA,FALSE,TRUE,"no_lookup_match"
"Paraguay","PRY",2024,"20260921",3,2024-01-15,55045,NA,55045,140,NA,FALSE,TRUE,"no_lookup_match"
"Paraguay","PRY",2026,"20260921",3,2026-01-12,1886,1886,1886,36,1,TRUE,FALSE,"applied_mean"
"Uruguay","URY",2024,"20260921",3,2024-01-15,9,NA,9,140,NA,FALSE,TRUE,"no_lookup_match"
"Uruguay","URY",2025,"20260921",3,2025-01-13,0,NA,0,88,NA,FALSE,TRUE,"no_lookup_match"
"Uruguay","URY",2026,"20260921",3,2026-01-12,0,0,0,36,1,TRUE,FALSE,"applied_mean"
"Cuba","CUB",2026,"20260921",3,2026-01-12,487,NA,487,36,NA,FALSE,TRUE,"no_lookup_match"
"Dominican Republic","DOM",2024,"20260921",3,2024-01-15,2229,NA,2229,140,NA,FALSE,TRUE,"no_lookup_match"
"Dominican Republic","DOM",2025,"20260921",3,2025-01-13,115,NA,115,88,NA,FALSE,TRUE,"no_lookup_match"
"Dominican Republic","DOM",2026,"20260921",3,2026-01-12,78,78,78,36,1,TRUE,FALSE,"applied_mean"
"Puerto Rico","PRI",2024,"20260921",3,2024-01-15,155,NA,155,140,NA,FALSE,TRUE,"no_lookup_match"
"Puerto Rico","PRI",2025,"20260921",3,2025-01-13,393,NA,393,88,NA,FALSE,TRUE,"no_lookup_match"
"Puerto Rico","PRI",2026,"20260921",3,2026-01-12,149,149,149,36,1,TRUE,FALSE,"applied_mean"
"Anguilla","AIA",2025,"20260921",3,2025-01-13,0,NA,0,88,NA,FALSE,TRUE,"no_lookup_match"
"Anguilla","AIA",2026,"20260921",3,2026-01-12,0,NA,0,36,NA,FALSE,TRUE,"no_lookup_match"
"Antigua and Barbuda","ATG",2025,"20260921",3,2025-01-13,0,NA,0,88,NA,FALSE,TRUE,"no_lookup_match"
"Antigua and Barbuda","ATG",2026,"20260921",3,2026-01-12,0,0,0,36,1,TRUE,FALSE,"applied_mean"
"Aruba","ABW",2024,"20260921",3,2024-01-15,1,NA,1,140,NA,FALSE,TRUE,"no_lookup_match"
"Aruba","ABW",2025,"20260921",3,2025-01-13,0,NA,0,88,NA,FALSE,TRUE,"no_lookup_match"
"Bahamas","BHS",2024,"20260921",3,2024-01-15,0,NA,0,140,NA,FALSE,TRUE,"no_lookup_match"
"Bahamas","BHS",2026,"20260921",3,2026-01-12,0,0,0,36,1,TRUE,FALSE,"applied_mean"
"Barbados","BRB",2025,"20260921",3,2025-01-13,14,NA,14,88,NA,FALSE,TRUE,"no_lookup_match"
"Barbados","BRB",2026,"20260921",3,2026-01-12,5,5,5,36,1,TRUE,FALSE,"applied_mean"
"Barbados","BRB",2024,"20260921",3,2024-01-15,276,NA,276,140,NA,FALSE,TRUE,"no_lookup_match"
"Bermuda","BMU",2024,"20260921",3,2024-01-15,0,NA,0,140,NA,FALSE,TRUE,"no_lookup_match"
"Bermuda","BMU",2025,"20260921",3,2025-01-13,0,NA,0,88,NA,FALSE,TRUE,"no_lookup_match"
"Bermuda","BMU",2026,"20260921",3,2026-01-12,0,0,0,36,1,TRUE,FALSE,"applied_mean"
"Bonaire, Saint Eustatius and Saba","BES",2024,"20260921",3,2024-01-15,44,NA,44,140,NA,FALSE,TRUE,"no_lookup_match"
"Cayman Islands","CYM",2024,"20260921",3,2024-01-15,0,NA,0,140,NA,FALSE,TRUE,"no_lookup_match"
"Cayman Islands","CYM",2025,"20260921",3,2025-01-13,0,NA,0,88,NA,FALSE,TRUE,"no_lookup_match"
"Cayman Islands","CYM",2026,"20260921",3,2026-01-12,0,NA,0,36,NA,FALSE,TRUE,"no_lookup_match"
"Curaçao","CUW",2024,"20260921",3,2024-01-15,16,NA,16,140,NA,FALSE,TRUE,"no_lookup_match"
"French Guiana","GUF",2026,"20260921",3,2026-01-12,0,0,0,36,1,TRUE,FALSE,"applied_mean"
"French Guiana","GUF",2024,"20260921",2,2024-01-08,1404,NA,1404,141,NA,FALSE,TRUE,"no_lookup_match"
"Grenada","GRD",2024,"20260921",3,2024-01-15,34,NA,34,140,NA,FALSE,TRUE,"no_lookup_match"
"Grenada","GRD",2025,"20260921",3,2025-01-13,13,NA,13,88,NA,FALSE,TRUE,"no_lookup_match"
"Grenada","GRD",2026,"20260921",3,2026-01-12,7,7,7,36,1,TRUE,FALSE,"applied_mean"
"Guadeloupe","GLP",2026,"20260921",3,2026-01-12,52,52,52,36,1,TRUE,FALSE,"applied_mean"
"Guadeloupe","GLP",2024,"20260921",3,2024-01-15,860,NA,860,140,NA,FALSE,TRUE,"no_lookup_match"
"Guadeloupe","GLP",2025,"20260921",3,2025-01-13,990,NA,990,88,NA,FALSE,TRUE,"no_lookup_match"
"Guyana","GUY",2024,"20260921",3,2024-01-15,1656,NA,1656,140,NA,FALSE,TRUE,"no_lookup_match"
"Guyana","GUY",2025,"20260921",3,2025-01-13,2952,NA,2952,88,NA,FALSE,TRUE,"no_lookup_match"
"Guyana","GUY",2026,"20260921",3,2026-01-12,7467,7573,7573,36,1.01418864362995,TRUE,FALSE,"applied_mean"
"Jamaica","JAM",2024,"20260921",3,2024-01-15,233,NA,233,140,NA,FALSE,TRUE,"no_lookup_match"
"Jamaica","JAM",2025,"20260921",3,2025-01-13,15,NA,15,88,NA,FALSE,TRUE,"no_lookup_match"
"Jamaica","JAM",2026,"20260921",3,2026-01-12,36,36,36,36,1,TRUE,FALSE,"applied_mean"
"Martinique","MTQ",2025,"20260921",3,2025-01-13,115,NA,115,88,NA,FALSE,TRUE,"no_lookup_match"
"Martinique","MTQ",2024,"20260921",3,2024-01-15,825,NA,825,140,NA,FALSE,TRUE,"no_lookup_match"
"Martinique","MTQ",2026,"20260921",3,2026-01-12,156,156,156,36,1,TRUE,FALSE,"applied_mean"
"Montserrat","MSR",2024,"20260921",3,2024-01-15,0,NA,0,140,NA,FALSE,TRUE,"no_lookup_match"
"Montserrat","MSR",2025,"20260921",3,2025-01-13,0,NA,0,88,NA,FALSE,TRUE,"no_lookup_match"
"Montserrat","MSR",2026,"20260921",3,2026-01-12,0,0,0,36,1,TRUE,FALSE,"applied_mean"
"Saint Barthelemy","BLM",2025,"20260921",3,2025-01-13,8,NA,8,88,NA,FALSE,TRUE,"no_lookup_match"
"Saint Barthelemy","BLM",2026,"20260921",3,2026-01-12,0,0,0,36,1,TRUE,FALSE,"applied_mean"
"Saint Barthelemy","BLM",2024,"20260921",3,2024-01-15,51,NA,51,140,NA,FALSE,TRUE,"no_lookup_match"
"Saint Kitts and Nevis","KNA",2024,"20260921",3,2024-01-15,100,NA,100,140,NA,FALSE,TRUE,"no_lookup_match"
"Saint Kitts and Nevis","KNA",2025,"20260921",3,2025-01-13,0,NA,0,88,NA,FALSE,TRUE,"no_lookup_match"
"Saint Kitts and Nevis","KNA",2026,"20260921",3,2026-01-12,2,2,2,36,1,TRUE,FALSE,"applied_mean"
"Saint Lucia","LCA",2024,"20260921",3,2024-01-15,0,NA,0,140,NA,FALSE,TRUE,"no_lookup_match"
"Saint Lucia","LCA",2025,"20260921",3,2025-01-13,3,NA,3,88,NA,FALSE,TRUE,"no_lookup_match"
"Saint Lucia","LCA",2026,"20260921",3,2026-01-12,0,0,0,36,1,TRUE,FALSE,"applied_mean"
"Saint Martin",NA,2025,"20260921",3,2025-01-13,35,NA,35,88,NA,FALSE,TRUE,"no_lookup_match"
"Saint Martin",NA,2026,"20260921",3,2026-01-12,0,NA,0,36,NA,FALSE,TRUE,"no_lookup_match"
"Saint Martin",NA,2024,"20260921",3,2024-01-15,156,NA,156,140,NA,FALSE,TRUE,"no_lookup_match"
"Saint Vincent and the Grenadines","VCT",2025,"20260921",3,2025-01-13,0,NA,0,88,NA,FALSE,TRUE,"no_lookup_match"
"Saint Vincent and the Grenadines","VCT",2026,"20260921",3,2026-01-12,0,0,0,36,1,TRUE,FALSE,"applied_mean"
"Sint Maarten","SXM",2024,"20260921",3,2024-01-15,34,NA,34,140,NA,FALSE,TRUE,"no_lookup_match"
"Sint Maarten","SXM",2025,"20260921",3,2025-01-13,0,NA,0,88,NA,FALSE,TRUE,"no_lookup_match"
"Suriname","SUR",2024,"20260921",3,2024-01-15,16,NA,16,140,NA,FALSE,TRUE,"no_lookup_match"
"Suriname","SUR",2025,"20260921",3,2025-01-13,43,NA,43,88,NA,FALSE,TRUE,"no_lookup_match"
"Suriname","SUR",2026,"20260921",3,2026-01-12,35,35,35,36,1,TRUE,FALSE,"applied_mean"
"Trinidad and Tobago","TTO",2025,"20260921",3,2025-01-13,0,NA,0,88,NA,FALSE,TRUE,"no_lookup_match"
"Trinidad and Tobago","TTO",2026,"20260921",3,2026-01-12,0,NA,0,36,NA,FALSE,TRUE,"no_lookup_match"
"Turks and Caicos Islands","TCA",2025,"20260921",3,2025-01-13,0,NA,0,88,NA,FALSE,TRUE,"no_lookup_match"
"Turks and Caicos Islands","TCA",2026,"20260921",3,2026-01-12,0,0,0,36,1,TRUE,FALSE,"applied_mean"
"Virgin Islands (UK)","VGB",2025,"20260921",3,2025-01-13,2,NA,2,88,NA,FALSE,TRUE,"no_lookup_match"
"Virgin Islands (UK)","VGB",2026,"20260921",3,2026-01-12,0,NA,0,36,NA,FALSE,TRUE,"no_lookup_match"
"Virgin Islands (US)","VIR",2024,"20260921",3,2024-01-15,0,NA,0,140,NA,FALSE,TRUE,"no_lookup_match"
"Virgin Islands (US)","VIR",2025,"20260921",3,2025-01-13,1,NA,1,88,NA,FALSE,TRUE,"no_lookup_match"
"Virgin Islands (US)","VIR",2026,"20260921",3,2026-01-12,0,NA,0,36,NA,FALSE,TRUE,"no_lookup_match"
"Canada","CAN",2024,"20260921",40,2024-09-30,0,NA,0,103,NA,FALSE,TRUE,"no_lookup_match"
"Canada","CAN",2025,"20260921",40,2025-09-29,0,NA,0,51,NA,FALSE,TRUE,"no_lookup_match"
"Canada","CAN",2026,"20260921",35,2026-08-24,0,NA,0,4,NA,FALSE,TRUE,"no_lookup_match"
"United States of America","USA",2024,"20260921",40,2024-09-30,2084,NA,2084,103,NA,FALSE,TRUE,"no_lookup_match"
"United States of America","USA",2025,"20260921",40,2025-09-29,813,NA,813,51,NA,FALSE,TRUE,"no_lookup_match"
"United States of America","USA",2026,"20260921",35,2026-08-24,351,NA,351,4,NA,FALSE,TRUE,"no_lookup_match"
"Belize","BLZ",2024,"20260921",40,2024-09-30,1016,NA,1016,103,NA,FALSE,TRUE,"country_excluded"
"Belize","BLZ",2025,"20260921",40,2025-09-29,1964,NA,1964,51,NA,FALSE,TRUE,"country_excluded"
"Belize","BLZ",2026,"20260921",15,2026-04-06,317,NA,317,24,NA,FALSE,TRUE,"country_excluded"
"Costa Rica","CRI",2026,"20260921",35,2026-08-24,4390,4085,4085,4,0.9304289202201,TRUE,FALSE,"applied_mean"
"Costa Rica","CRI",2024,"20260921",40,2024-09-30,25830,NA,25830,103,NA,FALSE,TRUE,"no_lookup_match"
"Costa Rica","CRI",2025,"20260921",40,2025-09-29,3798,3798,3798,51,1,TRUE,FALSE,"applied_mean"
"El Salvador","SLV",2024,"20260921",40,2024-09-30,6879,NA,6879,103,NA,FALSE,TRUE,"no_lookup_match"
"El Salvador","SLV",2025,"20260921",40,2025-09-29,4880,4880,4880,51,1,TRUE,FALSE,"applied_mean"
"El Salvador","SLV",2026,"20260921",30,2026-07-20,3039,3039,3039,9,1,TRUE,FALSE,"applied_mean"
"Guatemala","GTM",2025,"20260921",40,2025-09-29,40032,40032,40032,51,1,TRUE,FALSE,"applied_mean"
"Guatemala","GTM",2026,"20260921",26,2026-06-22,15679,20828,20828,13,1.32839399642986,TRUE,FALSE,"applied_mean"
"Guatemala","GTM",2024,"20260921",40,2024-09-30,150739,NA,150739,103,NA,FALSE,TRUE,"no_lookup_match"
"Honduras","HND",2024,"20260921",40,2024-09-30,162092,NA,162092,103,NA,FALSE,TRUE,"no_lookup_match"
"Honduras","HND",2025,"20260921",40,2025-09-29,13644,13644,13644,51,1,TRUE,FALSE,"applied_mean"
"Honduras","HND",2026,"20260921",33,2026-08-10,8079,8077,8077,6,0.999692576330584,TRUE,FALSE,"applied_mean"
"Mexico","MEX",2024,"20260921",40,2024-09-30,376307,NA,376307,103,NA,FALSE,TRUE,"no_lookup_match"
"Mexico","MEX",2025,"20260921",40,2025-09-29,101899,101899,101899,51,1,TRUE,FALSE,"applied_mean"
"Mexico","MEX",2026,"20260921",35,2026-08-24,48348,48677,48677,4,1.0067977465121,TRUE,FALSE,"applied_mean"
"Nicaragua","NIC",2025,"20260921",4,2025-01-20,5702,NA,5702,87,NA,FALSE,TRUE,"no_lookup_match"
"Nicaragua","NIC",2024,"20260921",40,2024-09-30,67067,NA,67067,103,NA,FALSE,TRUE,"no_lookup_match"
"Panama","PAN",2024,"20260921",40,2024-09-30,28530,NA,28530,103,NA,FALSE,TRUE,"no_lookup_match"
"Panama","PAN",2025,"20260921",40,2025-09-29,15275,15275,15275,51,1,TRUE,FALSE,"applied_mean"
"Panama","PAN",2026,"20260921",34,2026-08-17,9456,9158,9158,5,0.968526486210583,TRUE,FALSE,"applied_mean"
"Bolivia","BOL",2024,"20260921",40,2024-09-30,51455,NA,51455,103,NA,FALSE,TRUE,"no_lookup_match"
"Bolivia","BOL",2025,"20260921",40,2025-09-29,31030,31030,31030,51,1,TRUE,FALSE,"applied_mean"
"Bolivia","BOL",2026,"20260921",33,2026-08-10,58628,68007,68007,6,1.15996879530479,TRUE,FALSE,"applied_mean"
"Colombia","COL",2024,"20260921",40,2024-09-30,279015,NA,279015,103,NA,FALSE,TRUE,"no_lookup_match"
"Colombia","COL",2025,"20260921",40,2025-09-29,106541,106541,106541,51,1,TRUE,FALSE,"applied_mean"
"Colombia","COL",2026,"20260921",35,2026-08-24,77071,77071,77071,4,1,TRUE,FALSE,"applied_mean"
"Ecuador","ECU",2024,"20260921",40,2024-09-30,53393,NA,53393,103,NA,FALSE,TRUE,"no_lookup_match"
"Ecuador","ECU",2025,"20260921",40,2025-09-29,34755,34829,34829,51,1.00212018607142,TRUE,FALSE,"applied_mean"
"Ecuador","ECU",2026,"20260921",35,2026-08-24,32576,32597,32597,4,1.00063077279599,TRUE,FALSE,"applied_mean"
"Peru","PER",2024,"20260921",40,2024-09-30,261394,NA,261394,103,NA,FALSE,TRUE,"no_lookup_match"
"Peru","PER",2025,"20260921",40,2025-09-29,33528,31893,31893,51,0.951246429568071,TRUE,FALSE,"applied_mean"
"Peru","PER",2026,"20260921",36,2026-08-31,55943,55445,55445,3,0.991098736668739,TRUE,FALSE,"applied_mean"
"Venezuela","VEN",2024,"20260921",40,2024-09-30,43702,NA,43702,103,NA,FALSE,TRUE,"no_lookup_match"
"Venezuela","VEN",2025,"20260921",40,2025-09-29,35330,NA,35330,51,NA,FALSE,TRUE,"no_lookup_match"
"Venezuela","VEN",2026,"20260921",32,2026-08-03,10287,NA,10287,7,NA,FALSE,TRUE,"no_lookup_match"
"Argentina","ARG",2024,"20260921",40,2024-09-30,581340,NA,581340,103,NA,FALSE,TRUE,"no_lookup_match"
"Argentina","ARG",2025,"20260921",40,2025-09-29,17639,19009,19009,51,1.07765144105627,TRUE,FALSE,"applied_mean"
"Argentina","ARG",2026,"20260921",35,2026-08-24,59,66,66,4,1.11409122655788,TRUE,FALSE,"applied_mean"
"Brazil","BRA",2024,"20260921",40,2024-09-30,9887497,NA,9887497,103,NA,FALSE,TRUE,"no_lookup_match"
"Brazil","BRA",2025,"20260921",40,2025-09-29,3497129,3497298,3497298,51,1.00004820172647,TRUE,FALSE,"applied_mean"
"Brazil","BRA",2026,"20260921",36,2026-08-31,1276720,1350983,1350983,3,1.05816718283121,TRUE,FALSE,"applied_mean"
"Chile","CHL",2025,"20260921",40,2025-09-29,0,NA,0,51,NA,FALSE,TRUE,"no_lookup_match"
"Chile","CHL",2024,"20260921",40,2024-09-30,157,NA,157,103,NA,FALSE,TRUE,"no_lookup_match"
"Chile","CHL",2026,"20260921",34,2026-08-17,27,27,27,5,1.00229292929293,TRUE,FALSE,"applied_mean"
"Paraguay","PRY",2024,"20260921",40,2024-09-30,286561,NA,286561,103,NA,FALSE,TRUE,"no_lookup_match"
"Paraguay","PRY",2025,"20260921",40,2025-09-29,24923,24923,24923,51,1,TRUE,FALSE,"applied_mean"
"Paraguay","PRY",2026,"20260921",35,2026-08-24,10034,9860,9860,4,0.982649506719879,TRUE,FALSE,"applied_mean"
"Uruguay","URY",2025,"20260921",40,2025-09-29,7,7,7,51,1,TRUE,FALSE,"applied_mean"
"Uruguay","URY",2026,"20260921",32,2026-08-03,0,0,0,7,1.61117649105868,TRUE,FALSE,"applied_mean"
"Uruguay","URY",2024,"20260921",40,2024-09-30,1132,NA,1132,103,NA,FALSE,TRUE,"no_lookup_match"
"Cuba","CUB",2026,"20260921",25,2026-06-15,1746,NA,1746,14,NA,FALSE,TRUE,"no_lookup_match"
"Cuba","CUB",2024,"20260921",31,2024-07-29,985,NA,985,112,NA,FALSE,TRUE,"no_lookup_match"
"Cuba","CUB",2025,"20260921",38,2025-09-15,6519,NA,6519,53,NA,FALSE,TRUE,"no_lookup_match"
"Dominican Republic","DOM",2024,"20260921",40,2024-09-30,9625,NA,9625,103,NA,FALSE,TRUE,"no_lookup_match"
"Dominican Republic","DOM",2025,"20260921",40,2025-09-29,1500,1500,1500,51,1,TRUE,FALSE,"applied_mean"
"Dominican Republic","DOM",2026,"20260921",34,2026-08-17,959,959,959,5,1,TRUE,FALSE,"applied_mean"
"Puerto Rico","PRI",2024,"20260921",40,2024-09-30,4129,NA,4129,103,NA,FALSE,TRUE,"no_lookup_match"
"Puerto Rico","PRI",2025,"20260921",40,2025-09-29,2687,2687,2687,51,1,TRUE,FALSE,"applied_mean"
"Puerto Rico","PRI",2026,"20260921",33,2026-08-10,882,889,889,6,1.00809866256541,TRUE,FALSE,"applied_mean"
"Anguilla","AIA",2024,"20260921",40,2024-09-30,5,NA,5,103,NA,FALSE,TRUE,"no_lookup_match"
"Anguilla","AIA",2025,"20260921",40,2025-09-29,3,NA,3,51,NA,FALSE,TRUE,"no_lookup_match"
"Anguilla","AIA",2026,"20260921",33,2026-08-10,0,NA,0,6,NA,FALSE,TRUE,"no_lookup_match"
"Antigua and Barbuda","ATG",2025,"20260921",40,2025-09-29,14,14,14,51,1,TRUE,FALSE,"applied_mean"
"Antigua and Barbuda","ATG",2026,"20260921",28,2026-07-06,8,8,8,11,1.05927349913893,TRUE,FALSE,"applied_mean"
"Antigua and Barbuda","ATG",2024,"20260921",36,2024-09-02,163,NA,163,107,NA,FALSE,TRUE,"no_lookup_match"
"Aruba","ABW",2024,"20260921",40,2024-09-30,84,NA,84,103,NA,FALSE,TRUE,"no_lookup_match"
"Aruba","ABW",2025,"20260921",40,2025-09-29,14,14,14,51,1,TRUE,FALSE,"applied_mean"
"Bahamas","BHS",2024,"20260921",8,2024-02-19,0,NA,0,135,NA,FALSE,TRUE,"no_lookup_match"
"Bahamas","BHS",2026,"20260921",20,2026-05-11,1,NA,1,19,NA,FALSE,TRUE,"no_lookup_match"
"Barbados","BRB",2025,"20260921",40,2025-09-29,136,136,136,51,1,TRUE,FALSE,"applied_mean"
"Barbados","BRB",2026,"20260921",30,2026-07-20,66,54,54,9,0.811243003335894,TRUE,FALSE,"applied_mean"
"Barbados","BRB",2024,"20260921",40,2024-09-30,1089,NA,1089,103,NA,FALSE,TRUE,"no_lookup_match"
"Bermuda","BMU",2024,"20260921",40,2024-09-30,1,NA,1,103,NA,FALSE,TRUE,"no_lookup_match"
"Bermuda","BMU",2025,"20260921",40,2025-09-29,0,0,0,51,1,TRUE,FALSE,"applied_mean"
"Bermuda","BMU",2026,"20260921",24,2026-06-08,2,NA,2,15,NA,FALSE,TRUE,"no_lookup_match"
"Bonaire, Saint Eustatius and Saba","BES",2024,"20260921",12,2024-03-18,207,NA,207,131,NA,FALSE,TRUE,"no_lookup_match"
"Cayman Islands","CYM",2024,"20260921",40,2024-09-30,8,NA,8,103,NA,FALSE,TRUE,"no_lookup_match"
"Cayman Islands","CYM",2025,"20260921",40,2025-09-29,0,NA,0,51,NA,FALSE,TRUE,"no_lookup_match"
"Cayman Islands","CYM",2026,"20260921",32,2026-08-03,0,0,0,7,1,TRUE,FALSE,"applied_mean"
"Curaçao","CUW",2024,"20260921",12,2024-03-18,262,NA,262,131,NA,FALSE,TRUE,"no_lookup_match"
"French Guiana","GUF",2024,"20260921",32,2024-08-05,16141,NA,16141,111,NA,FALSE,TRUE,"no_lookup_match"
"French Guiana","GUF",2025,"20260921",40,2025-09-29,279,NA,279,51,NA,FALSE,TRUE,"no_lookup_match"
"French Guiana","GUF",2026,"20260921",36,2026-08-31,12,12,12,3,1,TRUE,FALSE,"applied_mean"
"Grenada","GRD",2025,"20260921",40,2025-09-29,144,144,144,51,1,TRUE,FALSE,"applied_mean"
"Grenada","GRD",2026,"20260921",35,2026-08-24,168,168,168,4,1,TRUE,FALSE,"applied_mean"
"Grenada","GRD",2024,"20260921",40,2024-09-30,690,NA,690,103,NA,FALSE,TRUE,"no_lookup_match"
"Guadeloupe","GLP",2026,"20260921",20,2026-05-11,383,383,383,19,1,TRUE,FALSE,"applied_mean"
"Guadeloupe","GLP",2024,"20260921",40,2024-09-30,5615,NA,5615,103,NA,FALSE,TRUE,"no_lookup_match"
"Guadeloupe","GLP",2025,"20260921",39,2025-09-22,4790,NA,4790,52,NA,FALSE,TRUE,"no_lookup_match"
"Guyana","GUY",2025,"20260921",40,2025-09-29,54784,56236,56236,51,1.02649717624781,TRUE,FALSE,"applied_mean"
"Guyana","GUY",2026,"20260921",25,2026-06-15,35768,39388,39388,14,1.10121007553855,TRUE,FALSE,"applied_mean"
"Guyana","GUY",2024,"20260921",40,2024-09-30,38818,NA,38818,103,NA,FALSE,TRUE,"no_lookup_match"
"Jamaica","JAM",2025,"20260921",40,2025-09-29,379,379,379,51,1,TRUE,FALSE,"applied_mean"
"Jamaica","JAM",2026,"20260921",30,2026-07-20,145,145,145,9,1,TRUE,FALSE,"applied_mean"
"Jamaica","JAM",2024,"20260921",40,2024-09-30,1755,NA,1755,103,NA,FALSE,TRUE,"no_lookup_match"
"Martinique","MTQ",2025,"20260921",39,2025-09-22,1100,NA,1100,52,NA,FALSE,TRUE,"no_lookup_match"
"Martinique","MTQ",2024,"20260921",40,2024-09-30,6664,NA,6664,103,NA,FALSE,TRUE,"no_lookup_match"
"Martinique","MTQ",2026,"20260921",20,2026-05-11,1354,1354,1354,19,1,TRUE,FALSE,"applied_mean"
"Montserrat","MSR",2024,"20260921",40,2024-09-30,3,NA,3,103,NA,FALSE,TRUE,"no_lookup_match"
"Montserrat","MSR",2025,"20260921",40,2025-09-29,3,3,3,51,1,TRUE,FALSE,"applied_mean"
"Montserrat","MSR",2026,"20260921",32,2026-08-03,0,0,0,7,1,TRUE,FALSE,"applied_mean"
"Saint Barthelemy","BLM",2025,"20260921",39,2025-09-22,20,NA,20,52,NA,FALSE,TRUE,"no_lookup_match"
"Saint Barthelemy","BLM",2026,"20260921",20,2026-05-11,0,0,0,19,1,TRUE,FALSE,"applied_mean"
"Saint Barthelemy","BLM",2024,"20260921",40,2024-09-30,151,NA,151,103,NA,FALSE,TRUE,"no_lookup_match"
"Saint Kitts and Nevis","KNA",2024,"20260921",40,2024-09-30,220,NA,220,103,NA,FALSE,TRUE,"no_lookup_match"
"Saint Kitts and Nevis","KNA",2025,"20260921",40,2025-09-29,7,7,7,51,1,TRUE,FALSE,"applied_mean"
"Saint Kitts and Nevis","KNA",2026,"20260921",13,2026-03-23,13,13,13,26,1.0137990750553,TRUE,FALSE,"applied_mean"
"Saint Lucia","LCA",2025,"20260921",40,2025-09-29,45,45,45,51,1,TRUE,FALSE,"applied_mean"
"Saint Lucia","LCA",2026,"20260921",35,2026-08-24,9,9,9,4,1,TRUE,FALSE,"applied_mean"
"Saint Lucia","LCA",2024,"20260921",40,2024-09-30,277,NA,277,103,NA,FALSE,TRUE,"no_lookup_match"
"Saint Martin",NA,2025,"20260921",39,2025-09-22,204,NA,204,52,NA,FALSE,TRUE,"no_lookup_match"
"Saint Martin",NA,2026,"20260921",20,2026-05-11,7,NA,7,19,NA,FALSE,TRUE,"no_lookup_match"
"Saint Martin",NA,2024,"20260921",40,2024-09-30,567,NA,567,103,NA,FALSE,TRUE,"no_lookup_match"
"Saint Vincent and the Grenadines","VCT",2025,"20260921",40,2025-09-29,5,5,5,51,1,TRUE,FALSE,"applied_mean"
"Saint Vincent and the Grenadines","VCT",2026,"20260921",31,2026-07-27,3,3,3,8,1,TRUE,FALSE,"applied_mean"
"Saint Vincent and the Grenadines","VCT",2024,"20260921",40,2024-09-30,921,NA,921,103,NA,FALSE,TRUE,"no_lookup_match"
"Sint Maarten","SXM",2024,"20260921",40,2024-09-30,144,NA,144,103,NA,FALSE,TRUE,"no_lookup_match"
"Sint Maarten","SXM",2025,"20260921",28,2025-07-07,8,NA,8,63,NA,FALSE,TRUE,"no_lookup_match"
"Suriname","SUR",2025,"20260921",40,2025-09-29,1262,1262,1262,51,1,TRUE,FALSE,"applied_mean"
"Suriname","SUR",2024,"20260921",20,2024-05-13,95,NA,95,123,NA,FALSE,TRUE,"no_lookup_match"
"Suriname","SUR",2026,"20260921",19,2026-05-04,418,418,418,20,1,TRUE,FALSE,"applied_mean"
"Trinidad and Tobago","TTO",2025,"20260921",40,2025-09-29,59,59,59,51,1,TRUE,FALSE,"applied_mean"
"Trinidad and Tobago","TTO",2026,"20260921",32,2026-08-03,102,102,102,7,1,TRUE,FALSE,"applied_mean"
"Trinidad and Tobago","TTO",2024,"20260921",39,2024-09-23,1437,NA,1437,104,NA,FALSE,TRUE,"no_lookup_match"
"Turks and Caicos Islands","TCA",2025,"20260921",40,2025-09-29,1,1,1,51,1,TRUE,FALSE,"applied_mean"
"Turks and Caicos Islands","TCA",2026,"20260921",12,2026-03-16,8,8,8,27,1,TRUE,FALSE,"applied_mean"
"Turks and Caicos Islands","TCA",2024,"20260921",40,2024-09-30,117,NA,117,103,NA,FALSE,TRUE,"no_lookup_match"
"Virgin Islands (UK)","VGB",2024,"20260921",40,2024-09-30,79,NA,79,103,NA,FALSE,TRUE,"no_lookup_match"
"Virgin Islands (UK)","VGB",2025,"20260921",40,2025-09-29,36,NA,36,51,NA,FALSE,TRUE,"no_lookup_match"
"Virgin Islands (UK)","VGB",2026,"20260921",24,2026-06-08,15,NA,15,15,NA,FALSE,TRUE,"no_lookup_match"
"Virgin Islands (US)","VIR",2024,"20260921",40,2024-09-30,137,NA,137,103,NA,FALSE,TRUE,"no_lookup_match"
"Virgin Islands (US)","VIR",2025,"20260921",40,2025-09-29,47,NA,47,51,NA,FALSE,TRUE,"no_lookup_match"
"Virgin Islands (US)","VIR",2026,"20260921",35,2026-08-24,0,NA,0,4,NA,FALSE,TRUE,"no_lookup_match"
"Canada","CAN",2024,"20260921",41,2024-10-07,0,NA,0,102,NA,FALSE,TRUE,"no_lookup_match"
"Canada","CAN",2025,"20260921",41,2025-10-06,0,NA,0,50,NA,FALSE,TRUE,"no_lookup_match"
"Canada","CAN",2026,"20260921",35,2026-08-24,0,NA,0,4,NA,FALSE,TRUE,"no_lookup_match"
"United States of America","USA",2024,"20260921",41,2024-10-07,2213,NA,2213,102,NA,FALSE,TRUE,"no_lookup_match"
"United States of America","USA",2025,"20260921",41,2025-10-06,839,NA,839,50,NA,FALSE,TRUE,"no_lookup_match"
"United States of America","USA",2026,"20260921",35,2026-08-24,351,NA,351,4,NA,FALSE,TRUE,"no_lookup_match"
"Belize","BLZ",2024,"20260921",41,2024-10-07,1040,NA,1040,102,NA,FALSE,TRUE,"country_excluded"
"Belize","BLZ",2025,"20260921",41,2025-10-06,2067,NA,2067,50,NA,FALSE,TRUE,"country_excluded"
"Belize","BLZ",2026,"20260921",15,2026-04-06,317,NA,317,24,NA,FALSE,TRUE,"country_excluded"
"Costa Rica","CRI",2026,"20260921",35,2026-08-24,4390,4085,4085,4,0.9304289202201,TRUE,FALSE,"applied_mean"
"Costa Rica","CRI",2024,"20260921",41,2024-10-07,26684,NA,26684,102,NA,FALSE,TRUE,"no_lookup_match"
"Costa Rica","CRI",2025,"20260921",41,2025-10-06,4014,4014,4014,50,1,TRUE,FALSE,"applied_mean"
"El Salvador","SLV",2024,"20260921",41,2024-10-07,7063,NA,7063,102,NA,FALSE,TRUE,"no_lookup_match"
"El Salvador","SLV",2025,"20260921",41,2025-10-06,5017,5017,5017,50,1,TRUE,FALSE,"applied_mean"
"El Salvador","SLV",2026,"20260921",30,2026-07-20,3039,3039,3039,9,1,TRUE,FALSE,"applied_mean"
"Guatemala","GTM",2025,"20260921",41,2025-10-06,40929,40929,40929,50,1,TRUE,FALSE,"applied_mean"
"Guatemala","GTM",2026,"20260921",26,2026-06-22,15679,20828,20828,13,1.32839399642986,TRUE,FALSE,"applied_mean"
"Guatemala","GTM",2024,"20260921",41,2024-10-07,157684,NA,157684,102,NA,FALSE,TRUE,"no_lookup_match"
"Honduras","HND",2024,"20260921",41,2024-10-07,165252,NA,165252,102,NA,FALSE,TRUE,"no_lookup_match"
"Honduras","HND",2025,"20260921",41,2025-10-06,13888,13888,13888,50,1,TRUE,FALSE,"applied_mean"
"Honduras","HND",2026,"20260921",33,2026-08-10,8079,8077,8077,6,0.999692576330584,TRUE,FALSE,"applied_mean"
"Mexico","MEX",2024,"20260921",41,2024-10-07,403934,NA,403934,102,NA,FALSE,TRUE,"no_lookup_match"
"Mexico","MEX",2025,"20260921",41,2025-10-06,107075,107075,107075,50,1,TRUE,FALSE,"applied_mean"
"Mexico","MEX",2026,"20260921",35,2026-08-24,48348,48677,48677,4,1.0067977465121,TRUE,FALSE,"applied_mean"
"Nicaragua","NIC",2025,"20260921",4,2025-01-20,5702,NA,5702,87,NA,FALSE,TRUE,"no_lookup_match"
"Nicaragua","NIC",2024,"20260921",41,2024-10-07,69574,NA,69574,102,NA,FALSE,TRUE,"no_lookup_match"
"Panama","PAN",2024,"20260921",41,2024-10-07,29605,NA,29605,102,NA,FALSE,TRUE,"no_lookup_match"
"Panama","PAN",2025,"20260921",41,2025-10-06,15818,15818,15818,50,1,TRUE,FALSE,"applied_mean"
"Panama","PAN",2026,"20260921",34,2026-08-17,9456,9158,9158,5,0.968526486210583,TRUE,FALSE,"applied_mean"
"Bolivia","BOL",2024,"20260921",41,2024-10-07,51869,NA,51869,102,NA,FALSE,TRUE,"no_lookup_match"
"Bolivia","BOL",2025,"20260921",41,2025-10-06,31330,31330,31330,50,1,TRUE,FALSE,"applied_mean"
"Bolivia","BOL",2026,"20260921",33,2026-08-10,58628,68007,68007,6,1.15996879530479,TRUE,FALSE,"applied_mean"
"Colombia","COL",2024,"20260921",41,2024-10-07,282405,NA,282405,102,NA,FALSE,TRUE,"no_lookup_match"
"Colombia","COL",2025,"20260921",41,2025-10-06,107647,107647,107647,50,1,TRUE,FALSE,"applied_mean"
"Colombia","COL",2026,"20260921",35,2026-08-24,77071,77071,77071,4,1,TRUE,FALSE,"applied_mean"
"Ecuador","ECU",2024,"20260921",41,2024-10-07,53988,NA,53988,102,NA,FALSE,TRUE,"no_lookup_match"
"Ecuador","ECU",2025,"20260921",41,2025-10-06,34960,35034,35034,50,1.00211299868473,TRUE,FALSE,"applied_mean"
"Ecuador","ECU",2026,"20260921",35,2026-08-24,32576,32597,32597,4,1.00063077279599,TRUE,FALSE,"applied_mean"
"Peru","PER",2024,"20260921",41,2024-10-07,261813,NA,261813,102,NA,FALSE,TRUE,"no_lookup_match"
"Peru","PER",2025,"20260921",41,2025-10-06,33793,32121,32121,50,0.95052733224419,TRUE,FALSE,"applied_mean"
"Peru","PER",2026,"20260921",36,2026-08-31,55943,55445,55445,3,0.991098736668739,TRUE,FALSE,"applied_mean"
"Venezuela","VEN",2024,"20260921",41,2024-10-07,45302,NA,45302,102,NA,FALSE,TRUE,"no_lookup_match"
"Venezuela","VEN",2025,"20260921",41,2025-10-06,35913,NA,35913,50,NA,FALSE,TRUE,"no_lookup_match"
"Venezuela","VEN",2026,"20260921",32,2026-08-03,10287,NA,10287,7,NA,FALSE,TRUE,"no_lookup_match"
"Argentina","ARG",2024,"20260921",41,2024-10-07,581351,NA,581351,102,NA,FALSE,TRUE,"no_lookup_match"
"Argentina","ARG",2025,"20260921",41,2025-10-06,17639,19005,19005,50,1.07743691087353,TRUE,FALSE,"applied_mean"
"Argentina","ARG",2026,"20260921",35,2026-08-24,59,66,66,4,1.11409122655788,TRUE,FALSE,"applied_mean"
"Brazil","BRA",2024,"20260921",41,2024-10-07,9911110,NA,9911110,102,NA,FALSE,TRUE,"no_lookup_match"
"Brazil","BRA",2025,"20260921",41,2025-10-06,3524332,3524499,3524499,50,1.00004725803714,TRUE,FALSE,"applied_mean"
"Brazil","BRA",2026,"20260921",36,2026-08-31,1276720,1350983,1350983,3,1.05816718283121,TRUE,FALSE,"applied_mean"
"Chile","CHL",2025,"20260921",41,2025-10-06,0,NA,0,50,NA,FALSE,TRUE,"no_lookup_match"
"Chile","CHL",2024,"20260921",41,2024-10-07,157,NA,157,102,NA,FALSE,TRUE,"no_lookup_match"
"Chile","CHL",2026,"20260921",34,2026-08-17,27,27,27,5,1.00229292929293,TRUE,FALSE,"applied_mean"
"Paraguay","PRY",2024,"20260921",41,2024-10-07,287024,NA,287024,102,NA,FALSE,TRUE,"no_lookup_match"
"Paraguay","PRY",2025,"20260921",41,2025-10-06,25280,25280,25280,50,1,TRUE,FALSE,"applied_mean"
"Paraguay","PRY",2026,"20260921",35,2026-08-24,10034,9860,9860,4,0.982649506719879,TRUE,FALSE,"applied_mean"
"Uruguay","URY",2025,"20260921",41,2025-10-06,7,7,7,50,1,TRUE,FALSE,"applied_mean"
"Uruguay","URY",2026,"20260921",32,2026-08-03,0,0,0,7,1.61117649105868,TRUE,FALSE,"applied_mean"
"Uruguay","URY",2024,"20260921",41,2024-10-07,1132,NA,1132,102,NA,FALSE,TRUE,"no_lookup_match"
"Cuba","CUB",2026,"20260921",25,2026-06-15,1746,NA,1746,14,NA,FALSE,TRUE,"no_lookup_match"
"Cuba","CUB",2024,"20260921",31,2024-07-29,985,NA,985,112,NA,FALSE,TRUE,"no_lookup_match"
"Cuba","CUB",2025,"20260921",38,2025-09-15,6519,NA,6519,53,NA,FALSE,TRUE,"no_lookup_match"
"Dominican Republic","DOM",2024,"20260921",41,2024-10-07,9692,NA,9692,102,NA,FALSE,TRUE,"no_lookup_match"
"Dominican Republic","DOM",2025,"20260921",41,2025-10-06,1550,1550,1550,50,1,TRUE,FALSE,"applied_mean"
"Dominican Republic","DOM",2026,"20260921",34,2026-08-17,959,959,959,5,1,TRUE,FALSE,"applied_mean"
"Puerto Rico","PRI",2024,"20260921",41,2024-10-07,4320,NA,4320,102,NA,FALSE,TRUE,"no_lookup_match"
"Puerto Rico","PRI",2025,"20260921",41,2025-10-06,2764,2764,2764,50,1,TRUE,FALSE,"applied_mean"
"Puerto Rico","PRI",2026,"20260921",33,2026-08-10,882,889,889,6,1.00809866256541,TRUE,FALSE,"applied_mean"
"Anguilla","AIA",2024,"20260921",41,2024-10-07,5,NA,5,102,NA,FALSE,TRUE,"no_lookup_match"
"Anguilla","AIA",2025,"20260921",41,2025-10-06,3,NA,3,50,NA,FALSE,TRUE,"no_lookup_match"
"Anguilla","AIA",2026,"20260921",33,2026-08-10,0,NA,0,6,NA,FALSE,TRUE,"no_lookup_match"
"Antigua and Barbuda","ATG",2025,"20260921",41,2025-10-06,14,14,14,50,1,TRUE,FALSE,"applied_mean"
"Antigua and Barbuda","ATG",2026,"20260921",28,2026-07-06,8,8,8,11,1.05927349913893,TRUE,FALSE,"applied_mean"
"Antigua and Barbuda","ATG",2024,"20260921",36,2024-09-02,163,NA,163,107,NA,FALSE,TRUE,"no_lookup_match"
"Aruba","ABW",2024,"20260921",41,2024-10-07,84,NA,84,102,NA,FALSE,TRUE,"no_lookup_match"
"Aruba","ABW",2025,"20260921",41,2025-10-06,14,14,14,50,1,TRUE,FALSE,"applied_mean"
"Bahamas","BHS",2024,"20260921",8,2024-02-19,0,NA,0,135,NA,FALSE,TRUE,"no_lookup_match"
"Bahamas","BHS",2026,"20260921",20,2026-05-11,1,NA,1,19,NA,FALSE,TRUE,"no_lookup_match"
"Barbados","BRB",2025,"20260921",41,2025-10-06,138,138,138,50,1,TRUE,FALSE,"applied_mean"
"Barbados","BRB",2026,"20260921",30,2026-07-20,66,54,54,9,0.811243003335894,TRUE,FALSE,"applied_mean"
"Barbados","BRB",2024,"20260921",41,2024-10-07,1098,NA,1098,102,NA,FALSE,TRUE,"no_lookup_match"
"Bermuda","BMU",2024,"20260921",41,2024-10-07,1,NA,1,102,NA,FALSE,TRUE,"no_lookup_match"
"Bermuda","BMU",2025,"20260921",41,2025-10-06,0,0,0,50,1,TRUE,FALSE,"applied_mean"
"Bermuda","BMU",2026,"20260921",24,2026-06-08,2,NA,2,15,NA,FALSE,TRUE,"no_lookup_match"
"Bonaire, Saint Eustatius and Saba","BES",2024,"20260921",12,2024-03-18,207,NA,207,131,NA,FALSE,TRUE,"no_lookup_match"
"Cayman Islands","CYM",2024,"20260921",40,2024-09-30,8,NA,8,103,NA,FALSE,TRUE,"no_lookup_match"
"Cayman Islands","CYM",2025,"20260921",41,2025-10-06,0,NA,0,50,NA,FALSE,TRUE,"no_lookup_match"
"Cayman Islands","CYM",2026,"20260921",32,2026-08-03,0,0,0,7,1,TRUE,FALSE,"applied_mean"
"Curaçao","CUW",2024,"20260921",12,2024-03-18,262,NA,262,131,NA,FALSE,TRUE,"no_lookup_match"
"French Guiana","GUF",2024,"20260921",32,2024-08-05,16141,NA,16141,111,NA,FALSE,TRUE,"no_lookup_match"
"French Guiana","GUF",2025,"20260921",41,2025-10-06,280,NA,280,50,NA,FALSE,TRUE,"no_lookup_match"
"French Guiana","GUF",2026,"20260921",36,2026-08-31,12,12,12,3,1,TRUE,FALSE,"applied_mean"
"Grenada","GRD",2025,"20260921",41,2025-10-06,150,150,150,50,1,TRUE,FALSE,"applied_mean"
"Grenada","GRD",2026,"20260921",35,2026-08-24,168,168,168,4,1,TRUE,FALSE,"applied_mean"
"Grenada","GRD",2024,"20260921",41,2024-10-07,714,NA,714,102,NA,FALSE,TRUE,"no_lookup_match"
"Guadeloupe","GLP",2026,"20260921",20,2026-05-11,383,383,383,19,1,TRUE,FALSE,"applied_mean"
"Guadeloupe","GLP",2024,"20260921",41,2024-10-07,6165,NA,6165,102,NA,FALSE,TRUE,"no_lookup_match"
"Guadeloupe","GLP",2025,"20260921",39,2025-09-22,4790,NA,4790,52,NA,FALSE,TRUE,"no_lookup_match"
"Guyana","GUY",2025,"20260921",41,2025-10-06,56015,57468,57468,50,1.02594116462671,TRUE,FALSE,"applied_mean"
"Guyana","GUY",2026,"20260921",25,2026-06-15,35768,39388,39388,14,1.10121007553855,TRUE,FALSE,"applied_mean"
"Guyana","GUY",2024,"20260921",41,2024-10-07,39416,NA,39416,102,NA,FALSE,TRUE,"no_lookup_match"
"Jamaica","JAM",2025,"20260921",41,2025-10-06,379,379,379,50,1,TRUE,FALSE,"applied_mean"
"Jamaica","JAM",2026,"20260921",30,2026-07-20,145,145,145,9,1,TRUE,FALSE,"applied_mean"
"Jamaica","JAM",2024,"20260921",41,2024-10-07,1768,NA,1768,102,NA,FALSE,TRUE,"no_lookup_match"
"Martinique","MTQ",2025,"20260921",39,2025-09-22,1100,NA,1100,52,NA,FALSE,TRUE,"no_lookup_match"
"Martinique","MTQ",2024,"20260921",41,2024-10-07,6764,NA,6764,102,NA,FALSE,TRUE,"no_lookup_match"
"Martinique","MTQ",2026,"20260921",20,2026-05-11,1354,1354,1354,19,1,TRUE,FALSE,"applied_mean"
"Montserrat","MSR",2024,"20260921",41,2024-10-07,3,NA,3,102,NA,FALSE,TRUE,"no_lookup_match"
"Montserrat","MSR",2025,"20260921",41,2025-10-06,3,3,3,50,1,TRUE,FALSE,"applied_mean"
"Montserrat","MSR",2026,"20260921",32,2026-08-03,0,0,0,7,1,TRUE,FALSE,"applied_mean"
"Saint Barthelemy","BLM",2025,"20260921",39,2025-09-22,20,NA,20,52,NA,FALSE,TRUE,"no_lookup_match"
"Saint Barthelemy","BLM",2026,"20260921",20,2026-05-11,0,0,0,19,1,TRUE,FALSE,"applied_mean"
"Saint Barthelemy","BLM",2024,"20260921",41,2024-10-07,151,NA,151,102,NA,FALSE,TRUE,"no_lookup_match"
"Saint Kitts and Nevis","KNA",2024,"20260921",41,2024-10-07,220,NA,220,102,NA,FALSE,TRUE,"no_lookup_match"
"Saint Kitts and Nevis","KNA",2025,"20260921",41,2025-10-06,9,9,9,50,1,TRUE,FALSE,"applied_mean"
"Saint Kitts and Nevis","KNA",2026,"20260921",13,2026-03-23,13,13,13,26,1.0137990750553,TRUE,FALSE,"applied_mean"
"Saint Lucia","LCA",2025,"20260921",41,2025-10-06,46,46,46,50,1,TRUE,FALSE,"applied_mean"
"Saint Lucia","LCA",2026,"20260921",35,2026-08-24,9,9,9,4,1,TRUE,FALSE,"applied_mean"
"Saint Lucia","LCA",2024,"20260921",41,2024-10-07,289,NA,289,102,NA,FALSE,TRUE,"no_lookup_match"
"Saint Martin",NA,2025,"20260921",39,2025-09-22,204,NA,204,52,NA,FALSE,TRUE,"no_lookup_match"
"Saint Martin",NA,2026,"20260921",20,2026-05-11,7,NA,7,19,NA,FALSE,TRUE,"no_lookup_match"
"Saint Martin",NA,2024,"20260921",41,2024-10-07,571,NA,571,102,NA,FALSE,TRUE,"no_lookup_match"
"Saint Vincent and the Grenadines","VCT",2025,"20260921",41,2025-10-06,5,5,5,50,1,TRUE,FALSE,"applied_mean"
"Saint Vincent and the Grenadines","VCT",2026,"20260921",31,2026-07-27,3,3,3,8,1,TRUE,FALSE,"applied_mean"
"Saint Vincent and the Grenadines","VCT",2024,"20260921",40,2024-09-30,921,NA,921,103,NA,FALSE,TRUE,"no_lookup_match"
"Sint Maarten","SXM",2024,"20260921",40,2024-09-30,144,NA,144,103,NA,FALSE,TRUE,"no_lookup_match"
"Sint Maarten","SXM",2025,"20260921",28,2025-07-07,8,NA,8,63,NA,FALSE,TRUE,"no_lookup_match"
"Suriname","SUR",2025,"20260921",41,2025-10-06,1268,1268,1268,50,1,TRUE,FALSE,"applied_mean"
"Suriname","SUR",2024,"20260921",20,2024-05-13,95,NA,95,123,NA,FALSE,TRUE,"no_lookup_match"
"Suriname","SUR",2026,"20260921",19,2026-05-04,418,418,418,20,1,TRUE,FALSE,"applied_mean"
"Trinidad and Tobago","TTO",2025,"20260921",41,2025-10-06,59,59,59,50,1,TRUE,FALSE,"applied_mean"
"Trinidad and Tobago","TTO",2026,"20260921",32,2026-08-03,102,102,102,7,1,TRUE,FALSE,"applied_mean"
"Trinidad and Tobago","TTO",2024,"20260921",39,2024-09-23,1437,NA,1437,104,NA,FALSE,TRUE,"no_lookup_match"
"Turks and Caicos Islands","TCA",2025,"20260921",41,2025-10-06,1,1,1,50,1,TRUE,FALSE,"applied_mean"
"Turks and Caicos Islands","TCA",2026,"20260921",12,2026-03-16,8,8,8,27,1,TRUE,FALSE,"applied_mean"
"Turks and Caicos Islands","TCA",2024,"20260921",41,2024-10-07,117,NA,117,102,NA,FALSE,TRUE,"no_lookup_match"
"Virgin Islands (UK)","VGB",2024,"20260921",40,2024-09-30,79,NA,79,103,NA,FALSE,TRUE,"no_lookup_match"
"Virgin Islands (UK)","VGB",2025,"20260921",41,2025-10-06,36,NA,36,50,NA,FALSE,TRUE,"no_lookup_match"
"Virgin Islands (UK)","VGB",2026,"20260921",24,2026-06-08,15,NA,15,15,NA,FALSE,TRUE,"no_lookup_match"
"Virgin Islands (US)","VIR",2024,"20260921",41,2024-10-07,142,NA,142,102,NA,FALSE,TRUE,"no_lookup_match"
"Virgin Islands (US)","VIR",2025,"20260921",41,2025-10-06,47,NA,47,50,NA,FALSE,TRUE,"no_lookup_match"
"Virgin Islands (US)","VIR",2026,"20260921",35,2026-08-24,0,NA,0,4,NA,FALSE,TRUE,"no_lookup_match"
"Canada","CAN",2024,"20260921",42,2024-10-14,0,NA,0,101,NA,FALSE,TRUE,"no_lookup_match"
"Canada","CAN",2025,"20260921",42,2025-10-13,0,NA,0,49,NA,FALSE,TRUE,"no_lookup_match"
"Canada","CAN",2026,"20260921",35,2026-08-24,0,NA,0,4,NA,FALSE,TRUE,"no_lookup_match"
"United States of America","USA",2024,"20260921",42,2024-10-14,2237,NA,2237,101,NA,FALSE,TRUE,"no_lookup_match"
"United States of America","USA",2025,"20260921",42,2025-10-13,868,NA,868,49,NA,FALSE,TRUE,"no_lookup_match"
"United States of America","USA",2026,"20260921",35,2026-08-24,351,NA,351,4,NA,FALSE,TRUE,"no_lookup_match"
"Belize","BLZ",2024,"20260921",42,2024-10-14,1057,NA,1057,101,NA,FALSE,TRUE,"country_excluded"
"Belize","BLZ",2025,"20260921",42,2025-10-13,2159,NA,2159,49,NA,FALSE,TRUE,"country_excluded"
"Belize","BLZ",2026,"20260921",15,2026-04-06,317,NA,317,24,NA,FALSE,TRUE,"country_excluded"
"Costa Rica","CRI",2026,"20260921",35,2026-08-24,4390,4085,4085,4,0.9304289202201,TRUE,FALSE,"applied_mean"
"Costa Rica","CRI",2024,"20260921",42,2024-10-14,27386,NA,27386,101,NA,FALSE,TRUE,"no_lookup_match"
"Costa Rica","CRI",2025,"20260921",42,2025-10-13,4181,4181,4181,49,1,TRUE,FALSE,"applied_mean"
"El Salvador","SLV",2024,"20260921",42,2024-10-14,7243,NA,7243,101,NA,FALSE,TRUE,"no_lookup_match"
"El Salvador","SLV",2025,"20260921",42,2025-10-13,5130,5130,5130,49,1,TRUE,FALSE,"applied_mean"
"El Salvador","SLV",2026,"20260921",30,2026-07-20,3039,3039,3039,9,1,TRUE,FALSE,"applied_mean"
"Guatemala","GTM",2025,"20260921",42,2025-10-13,41648,41648,41648,49,1,TRUE,FALSE,"applied_mean"
"Guatemala","GTM",2026,"20260921",26,2026-06-22,15679,20828,20828,13,1.32839399642986,TRUE,FALSE,"applied_mean"
"Guatemala","GTM",2024,"20260921",42,2024-10-14,163747,NA,163747,101,NA,FALSE,TRUE,"no_lookup_match"
"Honduras","HND",2024,"20260921",42,2024-10-14,167808,NA,167808,101,NA,FALSE,TRUE,"no_lookup_match"
"Honduras","HND",2025,"20260921",42,2025-10-13,14173,14173,14173,49,1,TRUE,FALSE,"applied_mean"
"Honduras","HND",2026,"20260921",33,2026-08-10,8079,8077,8077,6,0.999692576330584,TRUE,FALSE,"applied_mean"
"Mexico","MEX",2024,"20260921",42,2024-10-14,429592,NA,429592,101,NA,FALSE,TRUE,"no_lookup_match"
"Mexico","MEX",2025,"20260921",42,2025-10-13,112479,112479,112479,49,1,TRUE,FALSE,"applied_mean"
"Mexico","MEX",2026,"20260921",35,2026-08-24,48348,48677,48677,4,1.0067977465121,TRUE,FALSE,"applied_mean"
"Nicaragua","NIC",2025,"20260921",4,2025-01-20,5702,NA,5702,87,NA,FALSE,TRUE,"no_lookup_match"
"Nicaragua","NIC",2024,"20260921",42,2024-10-14,72159,NA,72159,101,NA,FALSE,TRUE,"no_lookup_match"
"Panama","PAN",2024,"20260921",42,2024-10-14,30532,NA,30532,101,NA,FALSE,TRUE,"no_lookup_match"
"Panama","PAN",2025,"20260921",42,2025-10-13,16237,16237,16237,49,1,TRUE,FALSE,"applied_mean"
"Panama","PAN",2026,"20260921",34,2026-08-17,9456,9158,9158,5,0.968526486210583,TRUE,FALSE,"applied_mean"
"Bolivia","BOL",2024,"20260921",42,2024-10-14,52270,NA,52270,101,NA,FALSE,TRUE,"no_lookup_match"
"Bolivia","BOL",2025,"20260921",42,2025-10-13,31576,31576,31576,49,1,TRUE,FALSE,"applied_mean"
"Bolivia","BOL",2026,"20260921",33,2026-08-10,58628,68007,68007,6,1.15996879530479,TRUE,FALSE,"applied_mean"
"Colombia","COL",2024,"20260921",42,2024-10-14,286295,NA,286295,101,NA,FALSE,TRUE,"no_lookup_match"
"Colombia","COL",2025,"20260921",42,2025-10-13,108725,108725,108725,49,1,TRUE,FALSE,"applied_mean"
"Colombia","COL",2026,"20260921",35,2026-08-24,77071,77071,77071,4,1,TRUE,FALSE,"applied_mean"
"Ecuador","ECU",2024,"20260921",42,2024-10-14,54545,NA,54545,101,NA,FALSE,TRUE,"no_lookup_match"
"Ecuador","ECU",2025,"20260921",42,2025-10-13,35257,35331,35331,49,1.00211267364667,TRUE,FALSE,"applied_mean"
"Ecuador","ECU",2026,"20260921",35,2026-08-24,32576,32597,32597,4,1.00063077279599,TRUE,FALSE,"applied_mean"
"Peru","PER",2024,"20260921",42,2024-10-14,262287,NA,262287,101,NA,FALSE,TRUE,"no_lookup_match"
"Peru","PER",2025,"20260921",42,2025-10-13,34057,32347,32347,49,0.949777438788679,TRUE,FALSE,"applied_mean"
"Peru","PER",2026,"20260921",36,2026-08-31,55943,55445,55445,3,0.991098736668739,TRUE,FALSE,"applied_mean"
"Venezuela","VEN",2024,"20260921",42,2024-10-14,46731,NA,46731,101,NA,FALSE,TRUE,"no_lookup_match"
"Venezuela","VEN",2025,"20260921",42,2025-10-13,36408,NA,36408,49,NA,FALSE,TRUE,"no_lookup_match"
"Venezuela","VEN",2026,"20260921",32,2026-08-03,10287,NA,10287,7,NA,FALSE,TRUE,"no_lookup_match"
"Argentina","ARG",2024,"20260921",42,2024-10-14,581360,NA,581360,101,NA,FALSE,TRUE,"no_lookup_match"
"Argentina","ARG",2025,"20260921",42,2025-10-13,17639,18994,18994,49,1.07684238138651,TRUE,FALSE,"applied_mean"
"Argentina","ARG",2026,"20260921",35,2026-08-24,59,66,66,4,1.11409122655788,TRUE,FALSE,"applied_mean"
"Brazil","BRA",2024,"20260921",42,2024-10-14,9936536,NA,9936536,101,NA,FALSE,TRUE,"no_lookup_match"
"Brazil","BRA",2025,"20260921",42,2025-10-13,3552082,3552246,3552246,49,1.00004618418542,TRUE,FALSE,"applied_mean"
"Brazil","BRA",2026,"20260921",36,2026-08-31,1276720,1350983,1350983,3,1.05816718283121,TRUE,FALSE,"applied_mean"
"Chile","CHL",2025,"20260921",42,2025-10-13,0,NA,0,49,NA,FALSE,TRUE,"no_lookup_match"
"Chile","CHL",2024,"20260921",42,2024-10-14,157,NA,157,101,NA,FALSE,TRUE,"no_lookup_match"
"Chile","CHL",2026,"20260921",34,2026-08-17,27,27,27,5,1.00229292929293,TRUE,FALSE,"applied_mean"
"Paraguay","PRY",2024,"20260921",42,2024-10-14,287513,NA,287513,101,NA,FALSE,TRUE,"no_lookup_match"
"Paraguay","PRY",2025,"20260921",42,2025-10-13,25649,25649,25649,49,1,TRUE,FALSE,"applied_mean"
"Paraguay","PRY",2026,"20260921",35,2026-08-24,10034,9860,9860,4,0.982649506719879,TRUE,FALSE,"applied_mean"
"Uruguay","URY",2025,"20260921",42,2025-10-13,7,7,7,49,1,TRUE,FALSE,"applied_mean"
"Uruguay","URY",2026,"20260921",32,2026-08-03,0,0,0,7,1.61117649105868,TRUE,FALSE,"applied_mean"
"Uruguay","URY",2024,"20260921",42,2024-10-14,1132,NA,1132,101,NA,FALSE,TRUE,"no_lookup_match"
"Cuba","CUB",2026,"20260921",25,2026-06-15,1746,NA,1746,14,NA,FALSE,TRUE,"no_lookup_match"
"Cuba","CUB",2024,"20260921",31,2024-07-29,985,NA,985,112,NA,FALSE,TRUE,"no_lookup_match"
"Cuba","CUB",2025,"20260921",38,2025-09-15,6519,NA,6519,53,NA,FALSE,TRUE,"no_lookup_match"
"Dominican Republic","DOM",2024,"20260921",42,2024-10-14,9786,NA,9786,101,NA,FALSE,TRUE,"no_lookup_match"
"Dominican Republic","DOM",2025,"20260921",42,2025-10-13,1587,1587,1587,49,1,TRUE,FALSE,"applied_mean"
"Dominican Republic","DOM",2026,"20260921",34,2026-08-17,959,959,959,5,1,TRUE,FALSE,"applied_mean"
"Puerto Rico","PRI",2024,"20260921",42,2024-10-14,4507,NA,4507,101,NA,FALSE,TRUE,"no_lookup_match"
"Puerto Rico","PRI",2025,"20260921",42,2025-10-13,2846,2846,2846,49,1,TRUE,FALSE,"applied_mean"
"Puerto Rico","PRI",2026,"20260921",33,2026-08-10,882,889,889,6,1.00809866256541,TRUE,FALSE,"applied_mean"
"Anguilla","AIA",2024,"20260921",42,2024-10-14,5,NA,5,101,NA,FALSE,TRUE,"no_lookup_match"
"Anguilla","AIA",2025,"20260921",42,2025-10-13,3,NA,3,49,NA,FALSE,TRUE,"no_lookup_match"
"Anguilla","AIA",2026,"20260921",33,2026-08-10,0,NA,0,6,NA,FALSE,TRUE,"no_lookup_match"
"Antigua and Barbuda","ATG",2025,"20260921",42,2025-10-13,14,14,14,49,1,TRUE,FALSE,"applied_mean"
"Antigua and Barbuda","ATG",2026,"20260921",28,2026-07-06,8,8,8,11,1.05927349913893,TRUE,FALSE,"applied_mean"
"Antigua and Barbuda","ATG",2024,"20260921",36,2024-09-02,163,NA,163,107,NA,FALSE,TRUE,"no_lookup_match"
"Aruba","ABW",2024,"20260921",42,2024-10-14,84,NA,84,101,NA,FALSE,TRUE,"no_lookup_match"
"Aruba","ABW",2025,"20260921",42,2025-10-13,14,14,14,49,1,TRUE,FALSE,"applied_mean"
"Bahamas","BHS",2024,"20260921",8,2024-02-19,0,NA,0,135,NA,FALSE,TRUE,"no_lookup_match"
"Bahamas","BHS",2026,"20260921",20,2026-05-11,1,NA,1,19,NA,FALSE,TRUE,"no_lookup_match"
"Barbados","BRB",2025,"20260921",42,2025-10-13,141,141,141,49,1,TRUE,FALSE,"applied_mean"
"Barbados","BRB",2026,"20260921",30,2026-07-20,66,54,54,9,0.811243003335894,TRUE,FALSE,"applied_mean"
"Barbados","BRB",2024,"20260921",42,2024-10-14,1104,NA,1104,101,NA,FALSE,TRUE,"no_lookup_match"
"Bermuda","BMU",2024,"20260921",42,2024-10-14,1,NA,1,101,NA,FALSE,TRUE,"no_lookup_match"
"Bermuda","BMU",2025,"20260921",42,2025-10-13,0,0,0,49,1,TRUE,FALSE,"applied_mean"
"Bermuda","BMU",2026,"20260921",24,2026-06-08,2,NA,2,15,NA,FALSE,TRUE,"no_lookup_match"
"Bonaire, Saint Eustatius and Saba","BES",2024,"20260921",12,2024-03-18,207,NA,207,131,NA,FALSE,TRUE,"no_lookup_match"
"Cayman Islands","CYM",2024,"20260921",40,2024-09-30,8,NA,8,103,NA,FALSE,TRUE,"no_lookup_match"
"Cayman Islands","CYM",2025,"20260921",42,2025-10-13,0,NA,0,49,NA,FALSE,TRUE,"no_lookup_match"
"Cayman Islands","CYM",2026,"20260921",32,2026-08-03,0,0,0,7,1,TRUE,FALSE,"applied_mean"
"Curaçao","CUW",2024,"20260921",12,2024-03-18,262,NA,262,131,NA,FALSE,TRUE,"no_lookup_match"
"French Guiana","GUF",2024,"20260921",32,2024-08-05,16141,NA,16141,111,NA,FALSE,TRUE,"no_lookup_match"
"French Guiana","GUF",2025,"20260921",42,2025-10-13,284,NA,284,49,NA,FALSE,TRUE,"no_lookup_match"
"French Guiana","GUF",2026,"20260921",36,2026-08-31,12,12,12,3,1,TRUE,FALSE,"applied_mean"
"Grenada","GRD",2025,"20260921",42,2025-10-13,154,154,154,49,1,TRUE,FALSE,"applied_mean"
"Grenada","GRD",2026,"20260921",35,2026-08-24,168,168,168,4,1,TRUE,FALSE,"applied_mean"
"Grenada","GRD",2024,"20260921",42,2024-10-14,737,NA,737,101,NA,FALSE,TRUE,"no_lookup_match"
"Guadeloupe","GLP",2026,"20260921",20,2026-05-11,383,383,383,19,1,TRUE,FALSE,"applied_mean"
"Guadeloupe","GLP",2024,"20260921",42,2024-10-14,6695,NA,6695,101,NA,FALSE,TRUE,"no_lookup_match"
"Guadeloupe","GLP",2025,"20260921",39,2025-09-22,4790,NA,4790,52,NA,FALSE,TRUE,"no_lookup_match"
"Guyana","GUY",2025,"20260921",42,2025-10-13,57272,58739,58739,49,1.02561588672273,TRUE,FALSE,"applied_mean"
"Guyana","GUY",2026,"20260921",25,2026-06-15,35768,39388,39388,14,1.10121007553855,TRUE,FALSE,"applied_mean"
"Guyana","GUY",2024,"20260921",42,2024-10-14,40095,NA,40095,101,NA,FALSE,TRUE,"no_lookup_match"
"Jamaica","JAM",2025,"20260921",42,2025-10-13,379,379,379,49,1,TRUE,FALSE,"applied_mean"
"Jamaica","JAM",2026,"20260921",30,2026-07-20,145,145,145,9,1,TRUE,FALSE,"applied_mean"
"Jamaica","JAM",2024,"20260921",42,2024-10-14,1797,NA,1797,101,NA,FALSE,TRUE,"no_lookup_match"
"Martinique","MTQ",2025,"20260921",39,2025-09-22,1100,NA,1100,52,NA,FALSE,TRUE,"no_lookup_match"
"Martinique","MTQ",2024,"20260921",42,2024-10-14,6854,NA,6854,101,NA,FALSE,TRUE,"no_lookup_match"
"Martinique","MTQ",2026,"20260921",20,2026-05-11,1354,1354,1354,19,1,TRUE,FALSE,"applied_mean"
"Montserrat","MSR",2024,"20260921",42,2024-10-14,3,NA,3,101,NA,FALSE,TRUE,"no_lookup_match"
"Montserrat","MSR",2025,"20260921",42,2025-10-13,3,3,3,49,1,TRUE,FALSE,"applied_mean"
"Montserrat","MSR",2026,"20260921",32,2026-08-03,0,0,0,7,1,TRUE,FALSE,"applied_mean"
"Saint Barthelemy","BLM",2025,"20260921",39,2025-09-22,20,NA,20,52,NA,FALSE,TRUE,"no_lookup_match"
"Saint Barthelemy","BLM",2026,"20260921",20,2026-05-11,0,0,0,19,1,TRUE,FALSE,"applied_mean"
"Saint Barthelemy","BLM",2024,"20260921",42,2024-10-14,151,NA,151,101,NA,FALSE,TRUE,"no_lookup_match"
"Saint Kitts and Nevis","KNA",2024,"20260921",42,2024-10-14,225,NA,225,101,NA,FALSE,TRUE,"no_lookup_match"
"Saint Kitts and Nevis","KNA",2025,"20260921",42,2025-10-13,9,9,9,49,1,TRUE,FALSE,"applied_mean"
"Saint Kitts and Nevis","KNA",2026,"20260921",13,2026-03-23,13,13,13,26,1.0137990750553,TRUE,FALSE,"applied_mean"
"Saint Lucia","LCA",2025,"20260921",42,2025-10-13,47,47,47,49,1,TRUE,FALSE,"applied_mean"
"Saint Lucia","LCA",2026,"20260921",35,2026-08-24,9,9,9,4,1,TRUE,FALSE,"applied_mean"
"Saint Lucia","LCA",2024,"20260921",42,2024-10-14,379,NA,379,101,NA,FALSE,TRUE,"no_lookup_match"
"Saint Martin",NA,2025,"20260921",39,2025-09-22,204,NA,204,52,NA,FALSE,TRUE,"no_lookup_match"
"Saint Martin",NA,2026,"20260921",20,2026-05-11,7,NA,7,19,NA,FALSE,TRUE,"no_lookup_match"
"Saint Martin",NA,2024,"20260921",42,2024-10-14,577,NA,577,101,NA,FALSE,TRUE,"no_lookup_match"
"Saint Vincent and the Grenadines","VCT",2025,"20260921",42,2025-10-13,5,5,5,49,1,TRUE,FALSE,"applied_mean"
"Saint Vincent and the Grenadines","VCT",2026,"20260921",31,2026-07-27,3,3,3,8,1,TRUE,FALSE,"applied_mean"
"Saint Vincent and the Grenadines","VCT",2024,"20260921",40,2024-09-30,921,NA,921,103,NA,FALSE,TRUE,"no_lookup_match"
"Sint Maarten","SXM",2024,"20260921",40,2024-09-30,144,NA,144,103,NA,FALSE,TRUE,"no_lookup_match"
"Sint Maarten","SXM",2025,"20260921",28,2025-07-07,8,NA,8,63,NA,FALSE,TRUE,"no_lookup_match"
"Suriname","SUR",2025,"20260921",42,2025-10-13,1273,1273,1273,49,1,TRUE,FALSE,"applied_mean"
"Suriname","SUR",2024,"20260921",20,2024-05-13,95,NA,95,123,NA,FALSE,TRUE,"no_lookup_match"
"Suriname","SUR",2026,"20260921",19,2026-05-04,418,418,418,20,1,TRUE,FALSE,"applied_mean"
"Trinidad and Tobago","TTO",2025,"20260921",42,2025-10-13,59,59,59,49,1,TRUE,FALSE,"applied_mean"
"Trinidad and Tobago","TTO",2026,"20260921",32,2026-08-03,102,102,102,7,1,TRUE,FALSE,"applied_mean"
"Trinidad and Tobago","TTO",2024,"20260921",42,2024-10-14,1802,NA,1802,101,NA,FALSE,TRUE,"no_lookup_match"
"Turks and Caicos Islands","TCA",2025,"20260921",42,2025-10-13,1,1,1,49,1,TRUE,FALSE,"applied_mean"
"Turks and Caicos Islands","TCA",2026,"20260921",12,2026-03-16,8,8,8,27,1,TRUE,FALSE,"applied_mean"
"Turks and Caicos Islands","TCA",2024,"20260921",42,2024-10-14,117,NA,117,101,NA,FALSE,TRUE,"no_lookup_match"
"Virgin Islands (UK)","VGB",2024,"20260921",40,2024-09-30,79,NA,79,103,NA,FALSE,TRUE,"no_lookup_match"
"Virgin Islands (UK)","VGB",2025,"20260921",42,2025-10-13,36,NA,36,49,NA,FALSE,TRUE,"no_lookup_match"
"Virgin Islands (UK)","VGB",2026,"20260921",24,2026-06-08,15,NA,15,15,NA,FALSE,TRUE,"no_lookup_match"
"Virgin Islands (US)","VIR",2024,"20260921",42,2024-10-14,150,NA,150,101,NA,FALSE,TRUE,"no_lookup_match"
"Virgin Islands (US)","VIR",2025,"20260921",42,2025-10-13,47,NA,47,49,NA,FALSE,TRUE,"no_lookup_match"
"Virgin Islands (US)","VIR",2026,"20260921",35,2026-08-24,0,NA,0,4,NA,FALSE,TRUE,"no_lookup_match"
"Canada","CAN",2024,"20260921",43,2024-10-21,0,NA,0,100,NA,FALSE,TRUE,"no_lookup_match"
"Canada","CAN",2025,"20260921",43,2025-10-20,0,NA,0,48,NA,FALSE,TRUE,"no_lookup_match"
"Canada","CAN",2026,"20260921",35,2026-08-24,0,NA,0,4,NA,FALSE,TRUE,"no_lookup_match"
"United States of America","USA",2024,"20260921",43,2024-10-21,2343,NA,2343,100,NA,FALSE,TRUE,"no_lookup_match"
"United States of America","USA",2025,"20260921",43,2025-10-20,922,NA,922,48,NA,FALSE,TRUE,"no_lookup_match"
"United States of America","USA",2026,"20260921",35,2026-08-24,351,NA,351,4,NA,FALSE,TRUE,"no_lookup_match"
"Belize","BLZ",2024,"20260921",43,2024-10-21,1079,NA,1079,100,NA,FALSE,TRUE,"country_excluded"
"Belize","BLZ",2025,"20260921",43,2025-10-20,2270,NA,2270,48,NA,FALSE,TRUE,"country_excluded"
"Belize","BLZ",2026,"20260921",15,2026-04-06,317,NA,317,24,NA,FALSE,TRUE,"country_excluded"
"Costa Rica","CRI",2026,"20260921",35,2026-08-24,4390,4085,4085,4,0.9304289202201,TRUE,FALSE,"applied_mean"
"Costa Rica","CRI",2024,"20260921",43,2024-10-21,27983,NA,27983,100,NA,FALSE,TRUE,"no_lookup_match"
"Costa Rica","CRI",2025,"20260921",43,2025-10-20,4345,4345,4345,48,1,TRUE,FALSE,"applied_mean"
"El Salvador","SLV",2024,"20260921",43,2024-10-21,7418,NA,7418,100,NA,FALSE,TRUE,"no_lookup_match"
"El Salvador","SLV",2025,"20260921",43,2025-10-20,5240,5240,5240,48,1,TRUE,FALSE,"applied_mean"
"El Salvador","SLV",2026,"20260921",30,2026-07-20,3039,3039,3039,9,1,TRUE,FALSE,"applied_mean"
"Guatemala","GTM",2025,"20260921",43,2025-10-20,42580,42580,42580,48,1,TRUE,FALSE,"applied_mean"
"Guatemala","GTM",2026,"20260921",26,2026-06-22,15679,20828,20828,13,1.32839399642986,TRUE,FALSE,"applied_mean"
"Guatemala","GTM",2024,"20260921",43,2024-10-21,168156,NA,168156,100,NA,FALSE,TRUE,"no_lookup_match"
"Honduras","HND",2024,"20260921",43,2024-10-21,169782,NA,169782,100,NA,FALSE,TRUE,"no_lookup_match"
"Honduras","HND",2025,"20260921",43,2025-10-20,14505,14505,14505,48,1,TRUE,FALSE,"applied_mean"
"Honduras","HND",2026,"20260921",33,2026-08-10,8079,8077,8077,6,0.999692576330584,TRUE,FALSE,"applied_mean"
"Mexico","MEX",2024,"20260921",43,2024-10-21,451993,NA,451993,100,NA,FALSE,TRUE,"no_lookup_match"
"Mexico","MEX",2025,"20260921",43,2025-10-20,118262,118262,118262,48,1,TRUE,FALSE,"applied_mean"
"Mexico","MEX",2026,"20260921",35,2026-08-24,48348,48677,48677,4,1.0067977465121,TRUE,FALSE,"applied_mean"
"Nicaragua","NIC",2025,"20260921",4,2025-01-20,5702,NA,5702,87,NA,FALSE,TRUE,"no_lookup_match"
"Nicaragua","NIC",2024,"20260921",43,2024-10-21,74633,NA,74633,100,NA,FALSE,TRUE,"no_lookup_match"
"Panama","PAN",2024,"20260921",43,2024-10-21,31314,NA,31314,100,NA,FALSE,TRUE,"no_lookup_match"
"Panama","PAN",2025,"20260921",43,2025-10-20,16583,16583,16583,48,1,TRUE,FALSE,"applied_mean"
"Panama","PAN",2026,"20260921",34,2026-08-17,9456,9158,9158,5,0.968526486210583,TRUE,FALSE,"applied_mean"
"Bolivia","BOL",2024,"20260921",43,2024-10-21,52746,NA,52746,100,NA,FALSE,TRUE,"no_lookup_match"
"Bolivia","BOL",2025,"20260921",43,2025-10-20,31885,31885,31885,48,1,TRUE,FALSE,"applied_mean"
"Bolivia","BOL",2026,"20260921",33,2026-08-10,58628,68007,68007,6,1.15996879530479,TRUE,FALSE,"applied_mean"
"Colombia","COL",2024,"20260921",43,2024-10-21,290072,NA,290072,100,NA,FALSE,TRUE,"no_lookup_match"
"Colombia","COL",2025,"20260921",43,2025-10-20,109912,109912,109912,48,1,TRUE,FALSE,"applied_mean"
"Colombia","COL",2026,"20260921",35,2026-08-24,77071,77071,77071,4,1,TRUE,FALSE,"applied_mean"
"Ecuador","ECU",2024,"20260921",43,2024-10-21,55175,NA,55175,100,NA,FALSE,TRUE,"no_lookup_match"
"Ecuador","ECU",2025,"20260921",43,2025-10-20,35521,35596,35596,48,1.00212001204293,TRUE,FALSE,"applied_mean"
"Ecuador","ECU",2026,"20260921",35,2026-08-24,32576,32597,32597,4,1.00063077279599,TRUE,FALSE,"applied_mean"
"Peru","PER",2024,"20260921",43,2024-10-21,262891,NA,262891,100,NA,FALSE,TRUE,"no_lookup_match"
"Peru","PER",2025,"20260921",43,2025-10-20,34334,32585,32585,48,0.949048304495726,TRUE,FALSE,"applied_mean"
"Peru","PER",2026,"20260921",36,2026-08-31,55943,55445,55445,3,0.991098736668739,TRUE,FALSE,"applied_mean"
"Venezuela","VEN",2024,"20260921",43,2024-10-21,48422,NA,48422,100,NA,FALSE,TRUE,"no_lookup_match"
"Venezuela","VEN",2025,"20260921",43,2025-10-20,36935,NA,36935,48,NA,FALSE,TRUE,"no_lookup_match"
"Venezuela","VEN",2026,"20260921",32,2026-08-03,10287,NA,10287,7,NA,FALSE,TRUE,"no_lookup_match"
"Argentina","ARG",2024,"20260921",43,2024-10-21,581374,NA,581374,100,NA,FALSE,TRUE,"no_lookup_match"
"Argentina","ARG",2025,"20260921",43,2025-10-20,17641,18987,18987,48,1.07627489887977,TRUE,FALSE,"applied_mean"
"Argentina","ARG",2026,"20260921",35,2026-08-24,59,66,66,4,1.11409122655788,TRUE,FALSE,"applied_mean"
"Brazil","BRA",2024,"20260921",43,2024-10-21,9962522,NA,9962522,100,NA,FALSE,TRUE,"no_lookup_match"
"Brazil","BRA",2025,"20260921",43,2025-10-20,3578863,3579026,3579026,48,1.00004541672995,TRUE,FALSE,"applied_mean"
"Brazil","BRA",2026,"20260921",36,2026-08-31,1276720,1350983,1350983,3,1.05816718283121,TRUE,FALSE,"applied_mean"
"Chile","CHL",2025,"20260921",43,2025-10-20,0,NA,0,48,NA,FALSE,TRUE,"no_lookup_match"
"Chile","CHL",2024,"20260921",43,2024-10-21,157,NA,157,100,NA,FALSE,TRUE,"no_lookup_match"
"Chile","CHL",2026,"20260921",34,2026-08-17,27,27,27,5,1.00229292929293,TRUE,FALSE,"applied_mean"
"Paraguay","PRY",2024,"20260921",43,2024-10-21,288239,NA,288239,100,NA,FALSE,TRUE,"no_lookup_match"
"Paraguay","PRY",2025,"20260921",43,2025-10-20,26148,26148,26148,48,1,TRUE,FALSE,"applied_mean"
"Paraguay","PRY",2026,"20260921",35,2026-08-24,10034,9860,9860,4,0.982649506719879,TRUE,FALSE,"applied_mean"
"Uruguay","URY",2025,"20260921",43,2025-10-20,7,7,7,48,1,TRUE,FALSE,"applied_mean"
"Uruguay","URY",2026,"20260921",32,2026-08-03,0,0,0,7,1.61117649105868,TRUE,FALSE,"applied_mean"
"Uruguay","URY",2024,"20260921",43,2024-10-21,1134,NA,1134,100,NA,FALSE,TRUE,"no_lookup_match"
"Cuba","CUB",2026,"20260921",25,2026-06-15,1746,NA,1746,14,NA,FALSE,TRUE,"no_lookup_match"
"Cuba","CUB",2024,"20260921",31,2024-07-29,985,NA,985,112,NA,FALSE,TRUE,"no_lookup_match"
"Cuba","CUB",2025,"20260921",38,2025-09-15,6519,NA,6519,53,NA,FALSE,TRUE,"no_lookup_match"
"Dominican Republic","DOM",2024,"20260921",43,2024-10-21,9846,NA,9846,100,NA,FALSE,TRUE,"no_lookup_match"
"Dominican Republic","DOM",2025,"20260921",43,2025-10-20,1635,1635,1635,48,1,TRUE,FALSE,"applied_mean"
"Dominican Republic","DOM",2026,"20260921",34,2026-08-17,959,959,959,5,1,TRUE,FALSE,"applied_mean"
"Puerto Rico","PRI",2024,"20260921",43,2024-10-21,4677,NA,4677,100,NA,FALSE,TRUE,"no_lookup_match"
"Puerto Rico","PRI",2025,"20260921",43,2025-10-20,2903,2903,2903,48,1,TRUE,FALSE,"applied_mean"
"Puerto Rico","PRI",2026,"20260921",33,2026-08-10,882,889,889,6,1.00809866256541,TRUE,FALSE,"applied_mean"
"Anguilla","AIA",2024,"20260921",43,2024-10-21,5,NA,5,100,NA,FALSE,TRUE,"no_lookup_match"
"Anguilla","AIA",2025,"20260921",43,2025-10-20,3,NA,3,48,NA,FALSE,TRUE,"no_lookup_match"
"Anguilla","AIA",2026,"20260921",33,2026-08-10,0,NA,0,6,NA,FALSE,TRUE,"no_lookup_match"
"Antigua and Barbuda","ATG",2025,"20260921",43,2025-10-20,14,14,14,48,1,TRUE,FALSE,"applied_mean"
"Antigua and Barbuda","ATG",2026,"20260921",28,2026-07-06,8,8,8,11,1.05927349913893,TRUE,FALSE,"applied_mean"
"Antigua and Barbuda","ATG",2024,"20260921",36,2024-09-02,163,NA,163,107,NA,FALSE,TRUE,"no_lookup_match"
"Aruba","ABW",2024,"20260921",43,2024-10-21,84,NA,84,100,NA,FALSE,TRUE,"no_lookup_match"
"Aruba","ABW",2025,"20260921",43,2025-10-20,14,14,14,48,1,TRUE,FALSE,"applied_mean"
"Bahamas","BHS",2024,"20260921",8,2024-02-19,0,NA,0,135,NA,FALSE,TRUE,"no_lookup_match"
"Bahamas","BHS",2026,"20260921",20,2026-05-11,1,NA,1,19,NA,FALSE,TRUE,"no_lookup_match"
"Barbados","BRB",2025,"20260921",43,2025-10-20,142,142,142,48,1,TRUE,FALSE,"applied_mean"
"Barbados","BRB",2026,"20260921",30,2026-07-20,66,54,54,9,0.811243003335894,TRUE,FALSE,"applied_mean"
"Barbados","BRB",2024,"20260921",43,2024-10-21,1105,NA,1105,100,NA,FALSE,TRUE,"no_lookup_match"
"Bermuda","BMU",2024,"20260921",43,2024-10-21,1,NA,1,100,NA,FALSE,TRUE,"no_lookup_match"
"Bermuda","BMU",2025,"20260921",43,2025-10-20,0,0,0,48,1,TRUE,FALSE,"applied_mean"
"Bermuda","BMU",2026,"20260921",24,2026-06-08,2,NA,2,15,NA,FALSE,TRUE,"no_lookup_match"
"Bonaire, Saint Eustatius and Saba","BES",2024,"20260921",12,2024-03-18,207,NA,207,131,NA,FALSE,TRUE,"no_lookup_match"
"Cayman Islands","CYM",2024,"20260921",40,2024-09-30,8,NA,8,103,NA,FALSE,TRUE,"no_lookup_match"
"Cayman Islands","CYM",2025,"20260921",43,2025-10-20,0,NA,0,48,NA,FALSE,TRUE,"no_lookup_match"
"Cayman Islands","CYM",2026,"20260921",32,2026-08-03,0,0,0,7,1,TRUE,FALSE,"applied_mean"
"Curaçao","CUW",2024,"20260921",12,2024-03-18,262,NA,262,131,NA,FALSE,TRUE,"no_lookup_match"
"French Guiana","GUF",2024,"20260921",32,2024-08-05,16141,NA,16141,111,NA,FALSE,TRUE,"no_lookup_match"
"French Guiana","GUF",2025,"20260921",43,2025-10-20,288,NA,288,48,NA,FALSE,TRUE,"no_lookup_match"
"French Guiana","GUF",2026,"20260921",36,2026-08-31,12,12,12,3,1,TRUE,FALSE,"applied_mean"
"Grenada","GRD",2025,"20260921",43,2025-10-20,156,156,156,48,1,TRUE,FALSE,"applied_mean"
"Grenada","GRD",2026,"20260921",35,2026-08-24,168,168,168,4,1,TRUE,FALSE,"applied_mean"
"Grenada","GRD",2024,"20260921",43,2024-10-21,751,NA,751,100,NA,FALSE,TRUE,"no_lookup_match"
"Guadeloupe","GLP",2026,"20260921",20,2026-05-11,383,383,383,19,1,TRUE,FALSE,"applied_mean"
"Guadeloupe","GLP",2024,"20260921",43,2024-10-21,7265,NA,7265,100,NA,FALSE,TRUE,"no_lookup_match"
"Guadeloupe","GLP",2025,"20260921",39,2025-09-22,4790,NA,4790,52,NA,FALSE,TRUE,"no_lookup_match"
"Guyana","GUY",2025,"20260921",43,2025-10-20,58487,59984,59984,48,1.02559742589739,TRUE,FALSE,"applied_mean"
"Guyana","GUY",2026,"20260921",25,2026-06-15,35768,39388,39388,14,1.10121007553855,TRUE,FALSE,"applied_mean"
"Guyana","GUY",2024,"20260921",43,2024-10-21,40791,NA,40791,100,NA,FALSE,TRUE,"no_lookup_match"
"Jamaica","JAM",2025,"20260921",43,2025-10-20,411,411,411,48,1,TRUE,FALSE,"applied_mean"
"Jamaica","JAM",2026,"20260921",30,2026-07-20,145,145,145,9,1,TRUE,FALSE,"applied_mean"
"Jamaica","JAM",2024,"20260921",43,2024-10-21,1814,NA,1814,100,NA,FALSE,TRUE,"no_lookup_match"
"Martinique","MTQ",2025,"20260921",39,2025-09-22,1100,NA,1100,52,NA,FALSE,TRUE,"no_lookup_match"
"Martinique","MTQ",2024,"20260921",43,2024-10-21,6944,NA,6944,100,NA,FALSE,TRUE,"no_lookup_match"
"Martinique","MTQ",2026,"20260921",20,2026-05-11,1354,1354,1354,19,1,TRUE,FALSE,"applied_mean"
"Montserrat","MSR",2024,"20260921",43,2024-10-21,3,NA,3,100,NA,FALSE,TRUE,"no_lookup_match"
"Montserrat","MSR",2025,"20260921",43,2025-10-20,3,3,3,48,1,TRUE,FALSE,"applied_mean"
"Montserrat","MSR",2026,"20260921",32,2026-08-03,0,0,0,7,1,TRUE,FALSE,"applied_mean"
"Saint Barthelemy","BLM",2025,"20260921",39,2025-09-22,20,NA,20,52,NA,FALSE,TRUE,"no_lookup_match"
"Saint Barthelemy","BLM",2026,"20260921",20,2026-05-11,0,0,0,19,1,TRUE,FALSE,"applied_mean"
"Saint Barthelemy","BLM",2024,"20260921",43,2024-10-21,151,NA,151,100,NA,FALSE,TRUE,"no_lookup_match"
"Saint Kitts and Nevis","KNA",2024,"20260921",43,2024-10-21,236,NA,236,100,NA,FALSE,TRUE,"no_lookup_match"
"Saint Kitts and Nevis","KNA",2025,"20260921",43,2025-10-20,9,9,9,48,1,TRUE,FALSE,"applied_mean"
"Saint Kitts and Nevis","KNA",2026,"20260921",13,2026-03-23,13,13,13,26,1.0137990750553,TRUE,FALSE,"applied_mean"
"Saint Lucia","LCA",2025,"20260921",43,2025-10-20,48,48,48,48,1,TRUE,FALSE,"applied_mean"
"Saint Lucia","LCA",2026,"20260921",35,2026-08-24,9,9,9,4,1,TRUE,FALSE,"applied_mean"
"Saint Lucia","LCA",2024,"20260921",43,2024-10-21,393,NA,393,100,NA,FALSE,TRUE,"no_lookup_match"
"Saint Martin",NA,2025,"20260921",39,2025-09-22,204,NA,204,52,NA,FALSE,TRUE,"no_lookup_match"
"Saint Martin",NA,2026,"20260921",20,2026-05-11,7,NA,7,19,NA,FALSE,TRUE,"no_lookup_match"
"Saint Martin",NA,2024,"20260921",43,2024-10-21,606,NA,606,100,NA,FALSE,TRUE,"no_lookup_match"
"Saint Vincent and the Grenadines","VCT",2025,"20260921",43,2025-10-20,6,6,6,48,1,TRUE,FALSE,"applied_mean"
"Saint Vincent and the Grenadines","VCT",2026,"20260921",31,2026-07-27,3,3,3,8,1,TRUE,FALSE,"applied_mean"
"Saint Vincent and the Grenadines","VCT",2024,"20260921",40,2024-09-30,921,NA,921,103,NA,FALSE,TRUE,"no_lookup_match"
"Sint Maarten","SXM",2024,"20260921",40,2024-09-30,144,NA,144,103,NA,FALSE,TRUE,"no_lookup_match"
"Sint Maarten","SXM",2025,"20260921",28,2025-07-07,8,NA,8,63,NA,FALSE,TRUE,"no_lookup_match"
"Suriname","SUR",2025,"20260921",43,2025-10-20,1279,1279,1279,48,1,TRUE,FALSE,"applied_mean"
"Suriname","SUR",2024,"20260921",20,2024-05-13,95,NA,95,123,NA,FALSE,TRUE,"no_lookup_match"
"Suriname","SUR",2026,"20260921",19,2026-05-04,418,418,418,20,1,TRUE,FALSE,"applied_mean"
"Trinidad and Tobago","TTO",2025,"20260921",43,2025-10-20,59,59,59,48,1,TRUE,FALSE,"applied_mean"
"Trinidad and Tobago","TTO",2026,"20260921",32,2026-08-03,102,102,102,7,1,TRUE,FALSE,"applied_mean"
"Trinidad and Tobago","TTO",2024,"20260921",42,2024-10-14,1802,NA,1802,101,NA,FALSE,TRUE,"no_lookup_match"
"Turks and Caicos Islands","TCA",2025,"20260921",43,2025-10-20,1,1,1,48,1,TRUE,FALSE,"applied_mean"
"Turks and Caicos Islands","TCA",2026,"20260921",12,2026-03-16,8,8,8,27,1,TRUE,FALSE,"applied_mean"
"Turks and Caicos Islands","TCA",2024,"20260921",43,2024-10-21,117,NA,117,100,NA,FALSE,TRUE,"no_lookup_match"
"Virgin Islands (UK)","VGB",2024,"20260921",40,2024-09-30,79,NA,79,103,NA,FALSE,TRUE,"no_lookup_match"
"Virgin Islands (UK)","VGB",2025,"20260921",43,2025-10-20,36,NA,36,48,NA,FALSE,TRUE,"no_lookup_match"
"Virgin Islands (UK)","VGB",2026,"20260921",24,2026-06-08,15,NA,15,15,NA,FALSE,TRUE,"no_lookup_match"
"Virgin Islands (US)","VIR",2024,"20260921",43,2024-10-21,150,NA,150,100,NA,FALSE,TRUE,"no_lookup_match"
"Virgin Islands (US)","VIR",2025,"20260921",43,2025-10-20,47,NA,47,48,NA,FALSE,TRUE,"no_lookup_match"
"Virgin Islands (US)","VIR",2026,"20260921",35,2026-08-24,0,NA,0,4,NA,FALSE,TRUE,"no_lookup_match"
"Canada","CAN",2024,"20260921",44,2024-10-28,0,NA,0,99,NA,FALSE,TRUE,"no_lookup_match"
"Canada","CAN",2025,"20260921",44,2025-10-27,0,NA,0,47,NA,FALSE,TRUE,"no_lookup_match"
"Canada","CAN",2026,"20260921",35,2026-08-24,0,NA,0,4,NA,FALSE,TRUE,"no_lookup_match"
"United States of America","USA",2024,"20260921",44,2024-10-28,2436,NA,2436,99,NA,FALSE,TRUE,"no_lookup_match"
"United States of America","USA",2025,"20260921",44,2025-10-27,946,NA,946,47,NA,FALSE,TRUE,"no_lookup_match"
"United States of America","USA",2026,"20260921",35,2026-08-24,351,NA,351,4,NA,FALSE,TRUE,"no_lookup_match"
"Belize","BLZ",2024,"20260921",44,2024-10-28,1094,NA,1094,99,NA,FALSE,TRUE,"country_excluded"
"Belize","BLZ",2025,"20260921",44,2025-10-27,2376,NA,2376,47,NA,FALSE,TRUE,"country_excluded"
"Belize","BLZ",2026,"20260921",15,2026-04-06,317,NA,317,24,NA,FALSE,TRUE,"country_excluded"
"Costa Rica","CRI",2026,"20260921",35,2026-08-24,4390,4085,4085,4,0.9304289202201,TRUE,FALSE,"applied_mean"
"Costa Rica","CRI",2024,"20260921",44,2024-10-28,28571,NA,28571,99,NA,FALSE,TRUE,"no_lookup_match"
"Costa Rica","CRI",2025,"20260921",44,2025-10-27,4538,4538,4538,47,1,TRUE,FALSE,"applied_mean"
"El Salvador","SLV",2024,"20260921",44,2024-10-28,7587,NA,7587,99,NA,FALSE,TRUE,"no_lookup_match"
"El Salvador","SLV",2025,"20260921",44,2025-10-27,5338,5338,5338,47,1,TRUE,FALSE,"applied_mean"
"El Salvador","SLV",2026,"20260921",30,2026-07-20,3039,3039,3039,9,1,TRUE,FALSE,"applied_mean"
"Guatemala","GTM",2025,"20260921",44,2025-10-27,43299,43299,43299,47,1,TRUE,FALSE,"applied_mean"
"Guatemala","GTM",2026,"20260921",26,2026-06-22,15679,20828,20828,13,1.32839399642986,TRUE,FALSE,"applied_mean"
"Guatemala","GTM",2024,"20260921",44,2024-10-28,172115,NA,172115,99,NA,FALSE,TRUE,"no_lookup_match"
"Honduras","HND",2024,"20260921",44,2024-10-28,171502,NA,171502,99,NA,FALSE,TRUE,"no_lookup_match"
"Honduras","HND",2025,"20260921",44,2025-10-27,14860,14860,14860,47,1,TRUE,FALSE,"applied_mean"
"Honduras","HND",2026,"20260921",33,2026-08-10,8079,8077,8077,6,0.999692576330584,TRUE,FALSE,"applied_mean"
"Mexico","MEX",2024,"20260921",44,2024-10-28,472238,NA,472238,99,NA,FALSE,TRUE,"no_lookup_match"
"Mexico","MEX",2025,"20260921",44,2025-10-27,123149,123149,123149,47,1,TRUE,FALSE,"applied_mean"
"Mexico","MEX",2026,"20260921",35,2026-08-24,48348,48677,48677,4,1.0067977465121,TRUE,FALSE,"applied_mean"
"Nicaragua","NIC",2025,"20260921",4,2025-01-20,5702,NA,5702,87,NA,FALSE,TRUE,"no_lookup_match"
"Nicaragua","NIC",2024,"20260921",44,2024-10-28,77013,NA,77013,99,NA,FALSE,TRUE,"no_lookup_match"
"Panama","PAN",2024,"20260921",44,2024-10-28,32088,NA,32088,99,NA,FALSE,TRUE,"no_lookup_match"
"Panama","PAN",2025,"20260921",44,2025-10-27,16899,16899,16899,47,1,TRUE,FALSE,"applied_mean"
"Panama","PAN",2026,"20260921",34,2026-08-17,9456,9158,9158,5,0.968526486210583,TRUE,FALSE,"applied_mean"
"Bolivia","BOL",2024,"20260921",44,2024-10-28,53136,NA,53136,99,NA,FALSE,TRUE,"no_lookup_match"
"Bolivia","BOL",2025,"20260921",44,2025-10-27,32090,32090,32090,47,1,TRUE,FALSE,"applied_mean"
"Bolivia","BOL",2026,"20260921",33,2026-08-10,58628,68007,68007,6,1.15996879530479,TRUE,FALSE,"applied_mean"
"Colombia","COL",2024,"20260921",44,2024-10-28,293562,NA,293562,99,NA,FALSE,TRUE,"no_lookup_match"
"Colombia","COL",2025,"20260921",44,2025-10-27,111156,111156,111156,47,1,TRUE,FALSE,"applied_mean"
"Colombia","COL",2026,"20260921",35,2026-08-24,77071,77071,77071,4,1,TRUE,FALSE,"applied_mean"
"Ecuador","ECU",2024,"20260921",44,2024-10-28,55748,NA,55748,99,NA,FALSE,TRUE,"no_lookup_match"
"Ecuador","ECU",2025,"20260921",44,2025-10-27,35775,35851,35851,47,1.00213451507739,TRUE,FALSE,"applied_mean"
"Ecuador","ECU",2026,"20260921",35,2026-08-24,32576,32597,32597,4,1.00063077279599,TRUE,FALSE,"applied_mean"
"Peru","PER",2024,"20260921",44,2024-10-28,263572,NA,263572,99,NA,FALSE,TRUE,"no_lookup_match"
"Peru","PER",2025,"20260921",44,2025-10-27,34628,32839,32839,47,0.948336148086641,TRUE,FALSE,"applied_mean"
"Peru","PER",2026,"20260921",36,2026-08-31,55943,55445,55445,3,0.991098736668739,TRUE,FALSE,"applied_mean"
"Venezuela","VEN",2024,"20260921",44,2024-10-28,50068,NA,50068,99,NA,FALSE,TRUE,"no_lookup_match"
"Venezuela","VEN",2025,"20260921",44,2025-10-27,37484,NA,37484,47,NA,FALSE,TRUE,"no_lookup_match"
"Venezuela","VEN",2026,"20260921",32,2026-08-03,10287,NA,10287,7,NA,FALSE,TRUE,"no_lookup_match"
"Argentina","ARG",2024,"20260921",44,2024-10-28,581392,NA,581392,99,NA,FALSE,TRUE,"no_lookup_match"
"Argentina","ARG",2025,"20260921",44,2025-10-27,17642,18982,18982,47,1.07596276183578,TRUE,FALSE,"applied_mean"
"Argentina","ARG",2026,"20260921",35,2026-08-24,59,66,66,4,1.11409122655788,TRUE,FALSE,"applied_mean"
"Brazil","BRA",2024,"20260921",44,2024-10-28,9989805,NA,9989805,99,NA,FALSE,TRUE,"no_lookup_match"
"Brazil","BRA",2025,"20260921",44,2025-10-27,3605236,3605397,3605397,47,1.00004475050246,TRUE,FALSE,"applied_mean"
"Brazil","BRA",2026,"20260921",36,2026-08-31,1276720,1350983,1350983,3,1.05816718283121,TRUE,FALSE,"applied_mean"
"Chile","CHL",2025,"20260921",44,2025-10-27,0,NA,0,47,NA,FALSE,TRUE,"no_lookup_match"
"Chile","CHL",2024,"20260921",44,2024-10-28,157,NA,157,99,NA,FALSE,TRUE,"no_lookup_match"
"Chile","CHL",2026,"20260921",34,2026-08-17,27,27,27,5,1.00229292929293,TRUE,FALSE,"applied_mean"
"Paraguay","PRY",2024,"20260921",44,2024-10-28,288960,NA,288960,99,NA,FALSE,TRUE,"no_lookup_match"
"Paraguay","PRY",2025,"20260921",44,2025-10-27,26673,26673,26673,47,1,TRUE,FALSE,"applied_mean"
"Paraguay","PRY",2026,"20260921",35,2026-08-24,10034,9860,9860,4,0.982649506719879,TRUE,FALSE,"applied_mean"
"Uruguay","URY",2025,"20260921",44,2025-10-27,7,7,7,47,1,TRUE,FALSE,"applied_mean"
"Uruguay","URY",2026,"20260921",32,2026-08-03,0,0,0,7,1.61117649105868,TRUE,FALSE,"applied_mean"
"Uruguay","URY",2024,"20260921",44,2024-10-28,1135,NA,1135,99,NA,FALSE,TRUE,"no_lookup_match"
"Cuba","CUB",2026,"20260921",25,2026-06-15,1746,NA,1746,14,NA,FALSE,TRUE,"no_lookup_match"
"Cuba","CUB",2024,"20260921",31,2024-07-29,985,NA,985,112,NA,FALSE,TRUE,"no_lookup_match"
"Cuba","CUB",2025,"20260921",38,2025-09-15,6519,NA,6519,53,NA,FALSE,TRUE,"no_lookup_match"
"Dominican Republic","DOM",2024,"20260921",44,2024-10-28,9894,NA,9894,99,NA,FALSE,TRUE,"no_lookup_match"
"Dominican Republic","DOM",2025,"20260921",44,2025-10-27,1672,1672,1672,47,1,TRUE,FALSE,"applied_mean"
"Dominican Republic","DOM",2026,"20260921",34,2026-08-17,959,959,959,5,1,TRUE,FALSE,"applied_mean"
"Puerto Rico","PRI",2024,"20260921",44,2024-10-28,4850,NA,4850,99,NA,FALSE,TRUE,"no_lookup_match"
"Puerto Rico","PRI",2025,"20260921",44,2025-10-27,2956,2956,2956,47,1,TRUE,FALSE,"applied_mean"
"Puerto Rico","PRI",2026,"20260921",33,2026-08-10,882,889,889,6,1.00809866256541,TRUE,FALSE,"applied_mean"
"Anguilla","AIA",2024,"20260921",44,2024-10-28,5,NA,5,99,NA,FALSE,TRUE,"no_lookup_match"
"Anguilla","AIA",2025,"20260921",44,2025-10-27,3,NA,3,47,NA,FALSE,TRUE,"no_lookup_match"
"Anguilla","AIA",2026,"20260921",33,2026-08-10,0,NA,0,6,NA,FALSE,TRUE,"no_lookup_match"
"Antigua and Barbuda","ATG",2025,"20260921",44,2025-10-27,15,15,15,47,1,TRUE,FALSE,"applied_mean"
"Antigua and Barbuda","ATG",2026,"20260921",28,2026-07-06,8,8,8,11,1.05927349913893,TRUE,FALSE,"applied_mean"
"Antigua and Barbuda","ATG",2024,"20260921",36,2024-09-02,163,NA,163,107,NA,FALSE,TRUE,"no_lookup_match"
"Aruba","ABW",2024,"20260921",44,2024-10-28,88,NA,88,99,NA,FALSE,TRUE,"no_lookup_match"
"Aruba","ABW",2025,"20260921",44,2025-10-27,14,14,14,47,1,TRUE,FALSE,"applied_mean"
"Bahamas","BHS",2024,"20260921",8,2024-02-19,0,NA,0,135,NA,FALSE,TRUE,"no_lookup_match"
"Bahamas","BHS",2026,"20260921",20,2026-05-11,1,NA,1,19,NA,FALSE,TRUE,"no_lookup_match"
"Barbados","BRB",2025,"20260921",44,2025-10-27,148,148,148,47,1,TRUE,FALSE,"applied_mean"
"Barbados","BRB",2026,"20260921",30,2026-07-20,66,54,54,9,0.811243003335894,TRUE,FALSE,"applied_mean"
"Barbados","BRB",2024,"20260921",44,2024-10-28,1106,NA,1106,99,NA,FALSE,TRUE,"no_lookup_match"
"Bermuda","BMU",2024,"20260921",44,2024-10-28,1,NA,1,99,NA,FALSE,TRUE,"no_lookup_match"
"Bermuda","BMU",2025,"20260921",44,2025-10-27,1,1,1,47,1,TRUE,FALSE,"applied_mean"
"Bermuda","BMU",2026,"20260921",24,2026-06-08,2,NA,2,15,NA,FALSE,TRUE,"no_lookup_match"
"Bonaire, Saint Eustatius and Saba","BES",2024,"20260921",12,2024-03-18,207,NA,207,131,NA,FALSE,TRUE,"no_lookup_match"
"Cayman Islands","CYM",2024,"20260921",40,2024-09-30,8,NA,8,103,NA,FALSE,TRUE,"no_lookup_match"
"Cayman Islands","CYM",2025,"20260921",44,2025-10-27,0,0,0,47,1,TRUE,FALSE,"applied_mean"
"Cayman Islands","CYM",2026,"20260921",32,2026-08-03,0,0,0,7,1,TRUE,FALSE,"applied_mean"
"Curaçao","CUW",2024,"20260921",12,2024-03-18,262,NA,262,131,NA,FALSE,TRUE,"no_lookup_match"
"French Guiana","GUF",2024,"20260921",32,2024-08-05,16141,NA,16141,111,NA,FALSE,TRUE,"no_lookup_match"
"French Guiana","GUF",2025,"20260921",44,2025-10-27,293,NA,293,47,NA,FALSE,TRUE,"no_lookup_match"
"French Guiana","GUF",2026,"20260921",36,2026-08-31,12,12,12,3,1,TRUE,FALSE,"applied_mean"
"Grenada","GRD",2025,"20260921",44,2025-10-27,158,158,158,47,1,TRUE,FALSE,"applied_mean"
"Grenada","GRD",2026,"20260921",35,2026-08-24,168,168,168,4,1,TRUE,FALSE,"applied_mean"
"Grenada","GRD",2024,"20260921",44,2024-10-28,755,NA,755,99,NA,FALSE,TRUE,"no_lookup_match"
"Guadeloupe","GLP",2026,"20260921",20,2026-05-11,383,383,383,19,1,TRUE,FALSE,"applied_mean"
"Guadeloupe","GLP",2024,"20260921",44,2024-10-28,7655,NA,7655,99,NA,FALSE,TRUE,"no_lookup_match"
"Guadeloupe","GLP",2025,"20260921",39,2025-09-22,4790,NA,4790,52,NA,FALSE,TRUE,"no_lookup_match"
"Guyana","GUY",2025,"20260921",44,2025-10-27,59843,61396,61396,47,1.02595425245564,TRUE,FALSE,"applied_mean"
"Guyana","GUY",2026,"20260921",25,2026-06-15,35768,39388,39388,14,1.10121007553855,TRUE,FALSE,"applied_mean"
"Guyana","GUY",2024,"20260921",44,2024-10-28,41267,NA,41267,99,NA,FALSE,TRUE,"no_lookup_match"
"Jamaica","JAM",2025,"20260921",44,2025-10-27,412,412,412,47,1,TRUE,FALSE,"applied_mean"
"Jamaica","JAM",2026,"20260921",30,2026-07-20,145,145,145,9,1,TRUE,FALSE,"applied_mean"
"Jamaica","JAM",2024,"20260921",44,2024-10-28,1841,NA,1841,99,NA,FALSE,TRUE,"no_lookup_match"
"Martinique","MTQ",2025,"20260921",39,2025-09-22,1100,NA,1100,52,NA,FALSE,TRUE,"no_lookup_match"
"Martinique","MTQ",2024,"20260921",44,2024-10-28,6969,NA,6969,99,NA,FALSE,TRUE,"no_lookup_match"
"Martinique","MTQ",2026,"20260921",20,2026-05-11,1354,1354,1354,19,1,TRUE,FALSE,"applied_mean"
"Montserrat","MSR",2024,"20260921",44,2024-10-28,3,NA,3,99,NA,FALSE,TRUE,"no_lookup_match"
"Montserrat","MSR",2025,"20260921",44,2025-10-27,3,3,3,47,1,TRUE,FALSE,"applied_mean"
"Montserrat","MSR",2026,"20260921",32,2026-08-03,0,0,0,7,1,TRUE,FALSE,"applied_mean"
"Saint Barthelemy","BLM",2025,"20260921",39,2025-09-22,20,NA,20,52,NA,FALSE,TRUE,"no_lookup_match"
"Saint Barthelemy","BLM",2026,"20260921",20,2026-05-11,0,0,0,19,1,TRUE,FALSE,"applied_mean"
"Saint Barthelemy","BLM",2024,"20260921",44,2024-10-28,151,NA,151,99,NA,FALSE,TRUE,"no_lookup_match"
"Saint Kitts and Nevis","KNA",2024,"20260921",44,2024-10-28,241,NA,241,99,NA,FALSE,TRUE,"no_lookup_match"
"Saint Kitts and Nevis","KNA",2025,"20260921",44,2025-10-27,9,9,9,47,1,TRUE,FALSE,"applied_mean"
"Saint Kitts and Nevis","KNA",2026,"20260921",13,2026-03-23,13,13,13,26,1.0137990750553,TRUE,FALSE,"applied_mean"
"Saint Lucia","LCA",2025,"20260921",44,2025-10-27,48,48,48,47,1,TRUE,FALSE,"applied_mean"
"Saint Lucia","LCA",2026,"20260921",35,2026-08-24,9,9,9,4,1,TRUE,FALSE,"applied_mean"
"Saint Lucia","LCA",2024,"20260921",44,2024-10-28,395,NA,395,99,NA,FALSE,TRUE,"no_lookup_match"
"Saint Martin",NA,2025,"20260921",39,2025-09-22,204,NA,204,52,NA,FALSE,TRUE,"no_lookup_match"
"Saint Martin",NA,2026,"20260921",20,2026-05-11,7,NA,7,19,NA,FALSE,TRUE,"no_lookup_match"
"Saint Martin",NA,2024,"20260921",44,2024-10-28,606,NA,606,99,NA,FALSE,TRUE,"no_lookup_match"
"Saint Vincent and the Grenadines","VCT",2025,"20260921",44,2025-10-27,6,6,6,47,1,TRUE,FALSE,"applied_mean"
"Saint Vincent and the Grenadines","VCT",2026,"20260921",31,2026-07-27,3,3,3,8,1,TRUE,FALSE,"applied_mean"
"Saint Vincent and the Grenadines","VCT",2024,"20260921",44,2024-10-28,967,NA,967,99,NA,FALSE,TRUE,"no_lookup_match"
"Sint Maarten","SXM",2024,"20260921",40,2024-09-30,144,NA,144,103,NA,FALSE,TRUE,"no_lookup_match"
"Sint Maarten","SXM",2025,"20260921",28,2025-07-07,8,NA,8,63,NA,FALSE,TRUE,"no_lookup_match"
"Suriname","SUR",2025,"20260921",44,2025-10-27,1281,1281,1281,47,1,TRUE,FALSE,"applied_mean"
"Suriname","SUR",2024,"20260921",20,2024-05-13,95,NA,95,123,NA,FALSE,TRUE,"no_lookup_match"
"Suriname","SUR",2026,"20260921",19,2026-05-04,418,418,418,20,1,TRUE,FALSE,"applied_mean"
"Trinidad and Tobago","TTO",2025,"20260921",44,2025-10-27,73,73,73,47,1,TRUE,FALSE,"applied_mean"
"Trinidad and Tobago","TTO",2026,"20260921",32,2026-08-03,102,102,102,7,1,TRUE,FALSE,"applied_mean"
"Trinidad and Tobago","TTO",2024,"20260921",42,2024-10-14,1802,NA,1802,101,NA,FALSE,TRUE,"no_lookup_match"
"Turks and Caicos Islands","TCA",2025,"20260921",44,2025-10-27,1,1,1,47,1,TRUE,FALSE,"applied_mean"
"Turks and Caicos Islands","TCA",2026,"20260921",12,2026-03-16,8,8,8,27,1,TRUE,FALSE,"applied_mean"
"Turks and Caicos Islands","TCA",2024,"20260921",44,2024-10-28,117,NA,117,99,NA,FALSE,TRUE,"no_lookup_match"
"Virgin Islands (UK)","VGB",2024,"20260921",44,2024-10-28,87,NA,87,99,NA,FALSE,TRUE,"no_lookup_match"
"Virgin Islands (UK)","VGB",2025,"20260921",44,2025-10-27,36,NA,36,47,NA,FALSE,TRUE,"no_lookup_match"
"Virgin Islands (UK)","VGB",2026,"20260921",24,2026-06-08,15,NA,15,15,NA,FALSE,TRUE,"no_lookup_match"
"Virgin Islands (US)","VIR",2024,"20260921",44,2024-10-28,155,NA,155,99,NA,FALSE,TRUE,"no_lookup_match"
"Virgin Islands (US)","VIR",2025,"20260921",44,2025-10-27,47,NA,47,47,NA,FALSE,TRUE,"no_lookup_match"
"Virgin Islands (US)","VIR",2026,"20260921",35,2026-08-24,0,NA,0,4,NA,FALSE,TRUE,"no_lookup_match"
"Canada","CAN",2024,"20260921",45,2024-11-04,0,NA,0,98,NA,FALSE,TRUE,"no_lookup_match"
"Canada","CAN",2025,"20260921",45,2025-11-03,0,NA,0,46,NA,FALSE,TRUE,"no_lookup_match"
"Canada","CAN",2026,"20260921",35,2026-08-24,0,NA,0,4,NA,FALSE,TRUE,"no_lookup_match"
"United States of America","USA",2024,"20260921",45,2024-11-04,2495,NA,2495,98,NA,FALSE,TRUE,"no_lookup_match"
"United States of America","USA",2025,"20260921",45,2025-11-03,946,NA,946,46,NA,FALSE,TRUE,"no_lookup_match"
"United States of America","USA",2026,"20260921",35,2026-08-24,351,NA,351,4,NA,FALSE,TRUE,"no_lookup_match"
"Belize","BLZ",2024,"20260921",45,2024-11-04,1108,NA,1108,98,NA,FALSE,TRUE,"country_excluded"
"Belize","BLZ",2025,"20260921",45,2025-11-03,2448,NA,2448,46,NA,FALSE,TRUE,"country_excluded"
"Belize","BLZ",2026,"20260921",15,2026-04-06,317,NA,317,24,NA,FALSE,TRUE,"country_excluded"
"Costa Rica","CRI",2026,"20260921",35,2026-08-24,4390,4085,4085,4,0.9304289202201,TRUE,FALSE,"applied_mean"
"Costa Rica","CRI",2024,"20260921",45,2024-11-04,29065,NA,29065,98,NA,FALSE,TRUE,"no_lookup_match"
"Costa Rica","CRI",2025,"20260921",45,2025-11-03,4731,4731,4731,46,1,TRUE,FALSE,"applied_mean"
"El Salvador","SLV",2024,"20260921",45,2024-11-04,7750,NA,7750,98,NA,FALSE,TRUE,"no_lookup_match"
"El Salvador","SLV",2025,"20260921",45,2025-11-03,5434,5434,5434,46,1,TRUE,FALSE,"applied_mean"
"El Salvador","SLV",2026,"20260921",30,2026-07-20,3039,3039,3039,9,1,TRUE,FALSE,"applied_mean"
"Guatemala","GTM",2025,"20260921",45,2025-11-03,44098,44098,44098,46,1,TRUE,FALSE,"applied_mean"
"Guatemala","GTM",2026,"20260921",26,2026-06-22,15679,20828,20828,13,1.32839399642986,TRUE,FALSE,"applied_mean"
"Guatemala","GTM",2024,"20260921",45,2024-11-04,176323,NA,176323,98,NA,FALSE,TRUE,"no_lookup_match"
"Honduras","HND",2024,"20260921",45,2024-11-04,172906,NA,172906,98,NA,FALSE,TRUE,"no_lookup_match"
"Honduras","HND",2025,"20260921",45,2025-11-03,15152,15152,15152,46,1,TRUE,FALSE,"applied_mean"
"Honduras","HND",2026,"20260921",33,2026-08-10,8079,8077,8077,6,0.999692576330584,TRUE,FALSE,"applied_mean"
"Mexico","MEX",2024,"20260921",45,2024-11-04,482614,NA,482614,98,NA,FALSE,TRUE,"no_lookup_match"
"Mexico","MEX",2025,"20260921",45,2025-11-03,127779,127779,127779,46,1,TRUE,FALSE,"applied_mean"
"Mexico","MEX",2026,"20260921",35,2026-08-24,48348,48677,48677,4,1.0067977465121,TRUE,FALSE,"applied_mean"
"Nicaragua","NIC",2025,"20260921",4,2025-01-20,5702,NA,5702,87,NA,FALSE,TRUE,"no_lookup_match"
"Nicaragua","NIC",2024,"20260921",45,2024-11-04,79322,NA,79322,98,NA,FALSE,TRUE,"no_lookup_match"
"Panama","PAN",2024,"20260921",45,2024-11-04,32788,NA,32788,98,NA,FALSE,TRUE,"no_lookup_match"
"Panama","PAN",2025,"20260921",45,2025-11-03,17348,17348,17348,46,1,TRUE,FALSE,"applied_mean"
"Panama","PAN",2026,"20260921",34,2026-08-17,9456,9158,9158,5,0.968526486210583,TRUE,FALSE,"applied_mean"
"Bolivia","BOL",2025,"20260921",45,2025-11-03,32424,32424,32424,46,1,TRUE,FALSE,"applied_mean"
"Bolivia","BOL",2026,"20260921",33,2026-08-10,58628,68007,68007,6,1.15996879530479,TRUE,FALSE,"applied_mean"
"Bolivia","BOL",2024,"20260921",45,2024-11-04,53681,NA,53681,98,NA,FALSE,TRUE,"no_lookup_match"
"Colombia","COL",2024,"20260921",45,2024-11-04,297436,NA,297436,98,NA,FALSE,TRUE,"no_lookup_match"
"Colombia","COL",2025,"20260921",45,2025-11-03,112955,112955,112955,46,1,TRUE,FALSE,"applied_mean"
"Colombia","COL",2026,"20260921",35,2026-08-24,77071,77071,77071,4,1,TRUE,FALSE,"applied_mean"
"Ecuador","ECU",2024,"20260921",45,2024-11-04,56328,NA,56328,98,NA,FALSE,TRUE,"no_lookup_match"
"Ecuador","ECU",2025,"20260921",45,2025-11-03,35954,36031,36031,46,1.00215438508636,TRUE,FALSE,"applied_mean"
"Ecuador","ECU",2026,"20260921",35,2026-08-24,32576,32597,32597,4,1.00063077279599,TRUE,FALSE,"applied_mean"
"Peru","PER",2024,"20260921",45,2024-11-04,264396,NA,264396,98,NA,FALSE,TRUE,"no_lookup_match"
"Peru","PER",2025,"20260921",45,2025-11-03,35036,33202,33202,46,0.947657117674581,TRUE,FALSE,"applied_mean"
"Peru","PER",2026,"20260921",36,2026-08-31,55943,55445,55445,3,0.991098736668739,TRUE,FALSE,"applied_mean"
"Venezuela","VEN",2024,"20260921",45,2024-11-04,51680,NA,51680,98,NA,FALSE,TRUE,"no_lookup_match"
"Venezuela","VEN",2025,"20260921",45,2025-11-03,38066,NA,38066,46,NA,FALSE,TRUE,"no_lookup_match"
"Venezuela","VEN",2026,"20260921",32,2026-08-03,10287,NA,10287,7,NA,FALSE,TRUE,"no_lookup_match"
"Argentina","ARG",2024,"20260921",45,2024-11-04,581414,NA,581414,98,NA,FALSE,TRUE,"no_lookup_match"
"Argentina","ARG",2025,"20260921",45,2025-11-03,17643,18981,18981,46,1.07583525020887,TRUE,FALSE,"applied_mean"
"Argentina","ARG",2026,"20260921",35,2026-08-24,59,66,66,4,1.11409122655788,TRUE,FALSE,"applied_mean"
"Brazil","BRA",2024,"20260921",45,2024-11-04,10018343,NA,10018343,98,NA,FALSE,TRUE,"no_lookup_match"
"Brazil","BRA",2025,"20260921",45,2025-11-03,3633450,3633610,3633610,46,1.00004402414049,TRUE,FALSE,"applied_mean"
"Brazil","BRA",2026,"20260921",36,2026-08-31,1276720,1350983,1350983,3,1.05816718283121,TRUE,FALSE,"applied_mean"
"Chile","CHL",2025,"20260921",45,2025-11-03,0,NA,0,46,NA,FALSE,TRUE,"no_lookup_match"
"Chile","CHL",2024,"20260921",45,2024-11-04,157,NA,157,98,NA,FALSE,TRUE,"no_lookup_match"
"Chile","CHL",2026,"20260921",34,2026-08-17,27,27,27,5,1.00229292929293,TRUE,FALSE,"applied_mean"
"Paraguay","PRY",2024,"20260921",45,2024-11-04,289808,NA,289808,98,NA,FALSE,TRUE,"no_lookup_match"
"Paraguay","PRY",2025,"20260921",45,2025-11-03,27258,27258,27258,46,1,TRUE,FALSE,"applied_mean"
"Paraguay","PRY",2026,"20260921",35,2026-08-24,10034,9860,9860,4,0.982649506719879,TRUE,FALSE,"applied_mean"
"Uruguay","URY",2025,"20260921",45,2025-11-03,7,7,7,46,1,TRUE,FALSE,"applied_mean"
"Uruguay","URY",2026,"20260921",32,2026-08-03,0,0,0,7,1.61117649105868,TRUE,FALSE,"applied_mean"
"Uruguay","URY",2024,"20260921",45,2024-11-04,1135,NA,1135,98,NA,FALSE,TRUE,"no_lookup_match"
"Cuba","CUB",2026,"20260921",25,2026-06-15,1746,NA,1746,14,NA,FALSE,TRUE,"no_lookup_match"
"Cuba","CUB",2024,"20260921",31,2024-07-29,985,NA,985,112,NA,FALSE,TRUE,"no_lookup_match"
"Cuba","CUB",2025,"20260921",45,2025-11-03,9602,NA,9602,46,NA,FALSE,TRUE,"no_lookup_match"
"Dominican Republic","DOM",2024,"20260921",45,2024-11-04,9942,NA,9942,98,NA,FALSE,TRUE,"no_lookup_match"
"Dominican Republic","DOM",2025,"20260921",45,2025-11-03,1724,1724,1724,46,1,TRUE,FALSE,"applied_mean"
"Dominican Republic","DOM",2026,"20260921",34,2026-08-17,959,959,959,5,1,TRUE,FALSE,"applied_mean"
"Puerto Rico","PRI",2024,"20260921",45,2024-11-04,4992,NA,4992,98,NA,FALSE,TRUE,"no_lookup_match"
"Puerto Rico","PRI",2025,"20260921",45,2025-11-03,3010,3010,3010,46,1,TRUE,FALSE,"applied_mean"
"Puerto Rico","PRI",2026,"20260921",33,2026-08-10,882,889,889,6,1.00809866256541,TRUE,FALSE,"applied_mean"
"Anguilla","AIA",2024,"20260921",45,2024-11-04,5,NA,5,98,NA,FALSE,TRUE,"no_lookup_match"
"Anguilla","AIA",2025,"20260921",45,2025-11-03,3,NA,3,46,NA,FALSE,TRUE,"no_lookup_match"
"Anguilla","AIA",2026,"20260921",33,2026-08-10,0,NA,0,6,NA,FALSE,TRUE,"no_lookup_match"
"Antigua and Barbuda","ATG",2025,"20260921",44,2025-10-27,15,15,15,47,1,TRUE,FALSE,"applied_mean"
"Antigua and Barbuda","ATG",2026,"20260921",28,2026-07-06,8,8,8,11,1.05927349913893,TRUE,FALSE,"applied_mean"
"Antigua and Barbuda","ATG",2024,"20260921",36,2024-09-02,163,NA,163,107,NA,FALSE,TRUE,"no_lookup_match"
"Aruba","ABW",2024,"20260921",44,2024-10-28,88,NA,88,99,NA,FALSE,TRUE,"no_lookup_match"
"Aruba","ABW",2025,"20260921",44,2025-10-27,14,14,14,47,1,TRUE,FALSE,"applied_mean"
"Bahamas","BHS",2024,"20260921",8,2024-02-19,0,NA,0,135,NA,FALSE,TRUE,"no_lookup_match"
"Bahamas","BHS",2026,"20260921",20,2026-05-11,1,NA,1,19,NA,FALSE,TRUE,"no_lookup_match"
"Barbados","BRB",2025,"20260921",45,2025-11-03,159,159,159,46,1,TRUE,FALSE,"applied_mean"
"Barbados","BRB",2026,"20260921",30,2026-07-20,66,54,54,9,0.811243003335894,TRUE,FALSE,"applied_mean"
"Barbados","BRB",2024,"20260921",45,2024-11-04,1111,NA,1111,98,NA,FALSE,TRUE,"no_lookup_match"
"Bermuda","BMU",2024,"20260921",44,2024-10-28,1,NA,1,99,NA,FALSE,TRUE,"no_lookup_match"
"Bermuda","BMU",2025,"20260921",45,2025-11-03,1,1,1,46,1,TRUE,FALSE,"applied_mean"
"Bermuda","BMU",2026,"20260921",24,2026-06-08,2,NA,2,15,NA,FALSE,TRUE,"no_lookup_match"
"Bonaire, Saint Eustatius and Saba","BES",2024,"20260921",12,2024-03-18,207,NA,207,131,NA,FALSE,TRUE,"no_lookup_match"
"Cayman Islands","CYM",2024,"20260921",40,2024-09-30,8,NA,8,103,NA,FALSE,TRUE,"no_lookup_match"
"Cayman Islands","CYM",2025,"20260921",45,2025-11-03,0,0,0,46,1,TRUE,FALSE,"applied_mean"
"Cayman Islands","CYM",2026,"20260921",32,2026-08-03,0,0,0,7,1,TRUE,FALSE,"applied_mean"
"Curaçao","CUW",2024,"20260921",12,2024-03-18,262,NA,262,131,NA,FALSE,TRUE,"no_lookup_match"
"French Guiana","GUF",2024,"20260921",32,2024-08-05,16141,NA,16141,111,NA,FALSE,TRUE,"no_lookup_match"
"French Guiana","GUF",2025,"20260921",45,2025-11-03,296,NA,296,46,NA,FALSE,TRUE,"no_lookup_match"
"French Guiana","GUF",2026,"20260921",36,2026-08-31,12,12,12,3,1,TRUE,FALSE,"applied_mean"
"Grenada","GRD",2025,"20260921",45,2025-11-03,163,163,163,46,1,TRUE,FALSE,"applied_mean"
"Grenada","GRD",2026,"20260921",35,2026-08-24,168,168,168,4,1,TRUE,FALSE,"applied_mean"
"Grenada","GRD",2024,"20260921",45,2024-11-04,761,NA,761,98,NA,FALSE,TRUE,"no_lookup_match"
"Guadeloupe","GLP",2026,"20260921",20,2026-05-11,383,383,383,19,1,TRUE,FALSE,"applied_mean"
"Guadeloupe","GLP",2024,"20260921",45,2024-11-04,8060,NA,8060,98,NA,FALSE,TRUE,"no_lookup_match"
"Guadeloupe","GLP",2025,"20260921",45,2025-11-03,4811,4811,4811,46,1,TRUE,FALSE,"applied_mean"
"Guyana","GUY",2025,"20260921",45,2025-11-03,61349,62965,62965,46,1.02634818704717,TRUE,FALSE,"applied_mean"
"Guyana","GUY",2026,"20260921",25,2026-06-15,35768,39388,39388,14,1.10121007553855,TRUE,FALSE,"applied_mean"
"Guyana","GUY",2024,"20260921",45,2024-11-04,41888,NA,41888,98,NA,FALSE,TRUE,"no_lookup_match"
"Jamaica","JAM",2025,"20260921",45,2025-11-03,424,424,424,46,1,TRUE,FALSE,"applied_mean"
"Jamaica","JAM",2026,"20260921",30,2026-07-20,145,145,145,9,1,TRUE,FALSE,"applied_mean"
"Jamaica","JAM",2024,"20260921",45,2024-11-04,1854,NA,1854,98,NA,FALSE,TRUE,"no_lookup_match"
"Martinique","MTQ",2025,"20260921",45,2025-11-03,1107,1107,1107,46,1,TRUE,FALSE,"applied_mean"
"Martinique","MTQ",2024,"20260921",45,2024-11-04,7099,NA,7099,98,NA,FALSE,TRUE,"no_lookup_match"
"Martinique","MTQ",2026,"20260921",20,2026-05-11,1354,1354,1354,19,1,TRUE,FALSE,"applied_mean"
"Montserrat","MSR",2024,"20260921",44,2024-10-28,3,NA,3,99,NA,FALSE,TRUE,"no_lookup_match"
"Montserrat","MSR",2025,"20260921",45,2025-11-03,3,3,3,46,1,TRUE,FALSE,"applied_mean"
"Montserrat","MSR",2026,"20260921",32,2026-08-03,0,0,0,7,1,TRUE,FALSE,"applied_mean"
"Saint Barthelemy","BLM",2025,"20260921",39,2025-09-22,20,NA,20,52,NA,FALSE,TRUE,"no_lookup_match"
"Saint Barthelemy","BLM",2026,"20260921",20,2026-05-11,0,0,0,19,1,TRUE,FALSE,"applied_mean"
"Saint Barthelemy","BLM",2024,"20260921",45,2024-11-04,151,NA,151,98,NA,FALSE,TRUE,"no_lookup_match"
"Saint Kitts and Nevis","KNA",2024,"20260921",45,2024-11-04,245,NA,245,98,NA,FALSE,TRUE,"no_lookup_match"
"Saint Kitts and Nevis","KNA",2025,"20260921",45,2025-11-03,9,9,9,46,1,TRUE,FALSE,"applied_mean"
"Saint Kitts and Nevis","KNA",2026,"20260921",13,2026-03-23,13,13,13,26,1.0137990750553,TRUE,FALSE,"applied_mean"
"Saint Lucia","LCA",2025,"20260921",45,2025-11-03,49,49,49,46,1,TRUE,FALSE,"applied_mean"
"Saint Lucia","LCA",2026,"20260921",35,2026-08-24,9,9,9,4,1,TRUE,FALSE,"applied_mean"
"Saint Lucia","LCA",2024,"20260921",44,2024-10-28,395,NA,395,99,NA,FALSE,TRUE,"no_lookup_match"
"Saint Martin",NA,2025,"20260921",39,2025-09-22,204,NA,204,52,NA,FALSE,TRUE,"no_lookup_match"
"Saint Martin",NA,2026,"20260921",20,2026-05-11,7,NA,7,19,NA,FALSE,TRUE,"no_lookup_match"
"Saint Martin",NA,2024,"20260921",45,2024-11-04,606,NA,606,98,NA,FALSE,TRUE,"no_lookup_match"
"Saint Vincent and the Grenadines","VCT",2025,"20260921",45,2025-11-03,6,6,6,46,1,TRUE,FALSE,"applied_mean"
"Saint Vincent and the Grenadines","VCT",2026,"20260921",31,2026-07-27,3,3,3,8,1,TRUE,FALSE,"applied_mean"
"Saint Vincent and the Grenadines","VCT",2024,"20260921",44,2024-10-28,967,NA,967,99,NA,FALSE,TRUE,"no_lookup_match"
"Sint Maarten","SXM",2024,"20260921",40,2024-09-30,144,NA,144,103,NA,FALSE,TRUE,"no_lookup_match"
"Sint Maarten","SXM",2025,"20260921",28,2025-07-07,8,NA,8,63,NA,FALSE,TRUE,"no_lookup_match"
"Suriname","SUR",2025,"20260921",45,2025-11-03,1283,1283,1283,46,1,TRUE,FALSE,"applied_mean"
"Suriname","SUR",2024,"20260921",20,2024-05-13,95,NA,95,123,NA,FALSE,TRUE,"no_lookup_match"
"Suriname","SUR",2026,"20260921",19,2026-05-04,418,418,418,20,1,TRUE,FALSE,"applied_mean"
"Trinidad and Tobago","TTO",2025,"20260921",45,2025-11-03,73,73,73,46,1,TRUE,FALSE,"applied_mean"
"Trinidad and Tobago","TTO",2026,"20260921",32,2026-08-03,102,102,102,7,1,TRUE,FALSE,"applied_mean"
"Trinidad and Tobago","TTO",2024,"20260921",42,2024-10-14,1802,NA,1802,101,NA,FALSE,TRUE,"no_lookup_match"
"Turks and Caicos Islands","TCA",2025,"20260921",45,2025-11-03,1,1,1,46,1,TRUE,FALSE,"applied_mean"
"Turks and Caicos Islands","TCA",2026,"20260921",12,2026-03-16,8,8,8,27,1,TRUE,FALSE,"applied_mean"
"Turks and Caicos Islands","TCA",2024,"20260921",45,2024-11-04,117,NA,117,98,NA,FALSE,TRUE,"no_lookup_match"
"Virgin Islands (UK)","VGB",2024,"20260921",44,2024-10-28,87,NA,87,99,NA,FALSE,TRUE,"no_lookup_match"
"Virgin Islands (UK)","VGB",2025,"20260921",45,2025-11-03,36,NA,36,46,NA,FALSE,TRUE,"no_lookup_match"
"Virgin Islands (UK)","VGB",2026,"20260921",24,2026-06-08,15,NA,15,15,NA,FALSE,TRUE,"no_lookup_match"
"Virgin Islands (US)","VIR",2024,"20260921",45,2024-11-04,162,NA,162,98,NA,FALSE,TRUE,"no_lookup_match"
"Virgin Islands (US)","VIR",2025,"20260921",45,2025-11-03,47,NA,47,46,NA,FALSE,TRUE,"no_lookup_match"
"Virgin Islands (US)","VIR",2026,"20260921",35,2026-08-24,0,NA,0,4,NA,FALSE,TRUE,"no_lookup_match"
"Canada","CAN",2024,"20260921",46,2024-11-11,0,NA,0,97,NA,FALSE,TRUE,"no_lookup_match"
"Canada","CAN",2025,"20260921",46,2025-11-10,0,NA,0,45,NA,FALSE,TRUE,"no_lookup_match"
"Canada","CAN",2026,"20260921",35,2026-08-24,0,NA,0,4,NA,FALSE,TRUE,"no_lookup_match"
"United States of America","USA",2024,"20260921",46,2024-11-11,2614,NA,2614,97,NA,FALSE,TRUE,"no_lookup_match"
"United States of America","USA",2025,"20260921",46,2025-11-10,1018,NA,1018,45,NA,FALSE,TRUE,"no_lookup_match"
"United States of America","USA",2026,"20260921",35,2026-08-24,351,NA,351,4,NA,FALSE,TRUE,"no_lookup_match"
"Belize","BLZ",2024,"20260921",46,2024-11-11,1128,NA,1128,97,NA,FALSE,TRUE,"country_excluded"
"Belize","BLZ",2025,"20260921",46,2025-11-10,2503,NA,2503,45,NA,FALSE,TRUE,"country_excluded"
"Belize","BLZ",2026,"20260921",15,2026-04-06,317,NA,317,24,NA,FALSE,TRUE,"country_excluded"
"Costa Rica","CRI",2026,"20260921",35,2026-08-24,4390,4085,4085,4,0.9304289202201,TRUE,FALSE,"applied_mean"
"Costa Rica","CRI",2024,"20260921",46,2024-11-11,29452,NA,29452,97,NA,FALSE,TRUE,"no_lookup_match"
"Costa Rica","CRI",2025,"20260921",46,2025-11-10,4942,4942,4942,45,1,TRUE,FALSE,"applied_mean"
"El Salvador","SLV",2024,"20260921",46,2024-11-11,7898,NA,7898,97,NA,FALSE,TRUE,"no_lookup_match"
"El Salvador","SLV",2025,"20260921",46,2025-11-10,5510,5510,5510,45,1,TRUE,FALSE,"applied_mean"
"El Salvador","SLV",2026,"20260921",30,2026-07-20,3039,3039,3039,9,1,TRUE,FALSE,"applied_mean"
"Guatemala","GTM",2025,"20260921",46,2025-11-10,44747,44747,44747,45,1,TRUE,FALSE,"applied_mean"
"Guatemala","GTM",2026,"20260921",26,2026-06-22,15679,20828,20828,13,1.32839399642986,TRUE,FALSE,"applied_mean"
"Guatemala","GTM",2024,"20260921",46,2024-11-11,179733,NA,179733,97,NA,FALSE,TRUE,"no_lookup_match"
"Honduras","HND",2024,"20260921",46,2024-11-11,173991,NA,173991,97,NA,FALSE,TRUE,"no_lookup_match"
"Honduras","HND",2025,"20260921",46,2025-11-10,15422,15422,15422,45,1,TRUE,FALSE,"applied_mean"
"Honduras","HND",2026,"20260921",33,2026-08-10,8079,8077,8077,6,0.999692576330584,TRUE,FALSE,"applied_mean"
"Mexico","MEX",2024,"20260921",46,2024-11-11,502723,NA,502723,97,NA,FALSE,TRUE,"no_lookup_match"
"Mexico","MEX",2025,"20260921",46,2025-11-10,131540,131540,131540,45,1,TRUE,FALSE,"applied_mean"
"Mexico","MEX",2026,"20260921",35,2026-08-24,48348,48677,48677,4,1.0067977465121,TRUE,FALSE,"applied_mean"
"Nicaragua","NIC",2025,"20260921",4,2025-01-20,5702,NA,5702,87,NA,FALSE,TRUE,"no_lookup_match"
"Nicaragua","NIC",2024,"20260921",46,2024-11-11,81469,NA,81469,97,NA,FALSE,TRUE,"no_lookup_match"
"Panama","PAN",2024,"20260921",46,2024-11-11,33547,NA,33547,97,NA,FALSE,TRUE,"no_lookup_match"
"Panama","PAN",2025,"20260921",46,2025-11-10,17685,17685,17685,45,1,TRUE,FALSE,"applied_mean"
"Panama","PAN",2026,"20260921",34,2026-08-17,9456,9158,9158,5,0.968526486210583,TRUE,FALSE,"applied_mean"
"Bolivia","BOL",2025,"20260921",46,2025-11-10,32806,32806,32806,45,1,TRUE,FALSE,"applied_mean"
"Bolivia","BOL",2026,"20260921",33,2026-08-10,58628,68007,68007,6,1.15996879530479,TRUE,FALSE,"applied_mean"
"Bolivia","BOL",2024,"20260921",46,2024-11-11,54259,NA,54259,97,NA,FALSE,TRUE,"no_lookup_match"
"Colombia","COL",2024,"20260921",46,2024-11-11,301422,NA,301422,97,NA,FALSE,TRUE,"no_lookup_match"
"Colombia","COL",2025,"20260921",46,2025-11-10,114520,114520,114520,45,1,TRUE,FALSE,"applied_mean"
"Colombia","COL",2026,"20260921",35,2026-08-24,77071,77071,77071,4,1,TRUE,FALSE,"applied_mean"
"Ecuador","ECU",2024,"20260921",46,2024-11-11,57036,NA,57036,97,NA,FALSE,TRUE,"no_lookup_match"
"Ecuador","ECU",2025,"20260921",46,2025-11-10,36166,36245,36245,45,1.00218103164855,TRUE,FALSE,"applied_mean"
"Ecuador","ECU",2026,"20260921",35,2026-08-24,32576,32597,32597,4,1.00063077279599,TRUE,FALSE,"applied_mean"
"Peru","PER",2024,"20260921",46,2024-11-11,265365,NA,265365,97,NA,FALSE,TRUE,"no_lookup_match"
"Peru","PER",2025,"20260921",46,2025-11-10,35451,33572,33572,45,0.946986960722901,TRUE,FALSE,"applied_mean"
"Peru","PER",2026,"20260921",36,2026-08-31,55943,55445,55445,3,0.991098736668739,TRUE,FALSE,"applied_mean"
"Venezuela","VEN",2024,"20260921",46,2024-11-11,53178,NA,53178,97,NA,FALSE,TRUE,"no_lookup_match"
"Venezuela","VEN",2025,"20260921",46,2025-11-10,38694,NA,38694,45,NA,FALSE,TRUE,"no_lookup_match"
"Venezuela","VEN",2026,"20260921",32,2026-08-03,10287,NA,10287,7,NA,FALSE,TRUE,"no_lookup_match"
"Argentina","ARG",2024,"20260921",46,2024-11-11,581435,NA,581435,97,NA,FALSE,TRUE,"no_lookup_match"
"Argentina","ARG",2025,"20260921",46,2025-11-10,17643,18980,18980,45,1.07578283047567,TRUE,FALSE,"applied_mean"
"Argentina","ARG",2026,"20260921",35,2026-08-24,59,66,66,4,1.11409122655788,TRUE,FALSE,"applied_mean"
"Brazil","BRA",2024,"20260921",46,2024-11-11,10048270,NA,10048270,97,NA,FALSE,TRUE,"no_lookup_match"
"Brazil","BRA",2025,"20260921",46,2025-11-10,3662787,3662947,3662947,45,1.00004357990073,TRUE,FALSE,"applied_mean"
"Brazil","BRA",2026,"20260921",36,2026-08-31,1276720,1350983,1350983,3,1.05816718283121,TRUE,FALSE,"applied_mean"
"Chile","CHL",2025,"20260921",46,2025-11-10,0,NA,0,45,NA,FALSE,TRUE,"no_lookup_match"
"Chile","CHL",2024,"20260921",46,2024-11-11,157,NA,157,97,NA,FALSE,TRUE,"no_lookup_match"
"Chile","CHL",2026,"20260921",34,2026-08-17,27,27,27,5,1.00229292929293,TRUE,FALSE,"applied_mean"
"Paraguay","PRY",2024,"20260921",46,2024-11-11,290714,NA,290714,97,NA,FALSE,TRUE,"no_lookup_match"
"Paraguay","PRY",2025,"20260921",46,2025-11-10,27872,27872,27872,45,1,TRUE,FALSE,"applied_mean"
"Paraguay","PRY",2026,"20260921",35,2026-08-24,10034,9860,9860,4,0.982649506719879,TRUE,FALSE,"applied_mean"
"Uruguay","URY",2025,"20260921",46,2025-11-10,7,7,7,45,1,TRUE,FALSE,"applied_mean"
"Uruguay","URY",2026,"20260921",32,2026-08-03,0,0,0,7,1.61117649105868,TRUE,FALSE,"applied_mean"
"Uruguay","URY",2024,"20260921",46,2024-11-11,1136,NA,1136,97,NA,FALSE,TRUE,"no_lookup_match"
"Cuba","CUB",2026,"20260921",25,2026-06-15,1746,NA,1746,14,NA,FALSE,TRUE,"no_lookup_match"
"Cuba","CUB",2024,"20260921",31,2024-07-29,985,NA,985,112,NA,FALSE,TRUE,"no_lookup_match"
"Cuba","CUB",2025,"20260921",45,2025-11-03,9602,NA,9602,46,NA,FALSE,TRUE,"no_lookup_match"
"Dominican Republic","DOM",2024,"20260921",46,2024-11-11,9994,NA,9994,97,NA,FALSE,TRUE,"no_lookup_match"
"Dominican Republic","DOM",2025,"20260921",46,2025-11-10,1764,1764,1764,45,1,TRUE,FALSE,"applied_mean"
"Dominican Republic","DOM",2026,"20260921",34,2026-08-17,959,959,959,5,1,TRUE,FALSE,"applied_mean"
"Puerto Rico","PRI",2024,"20260921",46,2024-11-11,5150,NA,5150,97,NA,FALSE,TRUE,"no_lookup_match"
"Puerto Rico","PRI",2025,"20260921",46,2025-11-10,3080,3080,3080,45,1,TRUE,FALSE,"applied_mean"
"Puerto Rico","PRI",2026,"20260921",33,2026-08-10,882,889,889,6,1.00809866256541,TRUE,FALSE,"applied_mean"
"Anguilla","AIA",2024,"20260921",46,2024-11-11,5,NA,5,97,NA,FALSE,TRUE,"no_lookup_match"
"Anguilla","AIA",2025,"20260921",46,2025-11-10,3,NA,3,45,NA,FALSE,TRUE,"no_lookup_match"
"Anguilla","AIA",2026,"20260921",33,2026-08-10,0,NA,0,6,NA,FALSE,TRUE,"no_lookup_match"
"Antigua and Barbuda","ATG",2025,"20260921",44,2025-10-27,15,15,15,47,1,TRUE,FALSE,"applied_mean"
"Antigua and Barbuda","ATG",2026,"20260921",28,2026-07-06,8,8,8,11,1.05927349913893,TRUE,FALSE,"applied_mean"
"Antigua and Barbuda","ATG",2024,"20260921",36,2024-09-02,163,NA,163,107,NA,FALSE,TRUE,"no_lookup_match"
"Aruba","ABW",2024,"20260921",44,2024-10-28,88,NA,88,99,NA,FALSE,TRUE,"no_lookup_match"
"Aruba","ABW",2025,"20260921",44,2025-10-27,14,14,14,47,1,TRUE,FALSE,"applied_mean"
"Bahamas","BHS",2024,"20260921",8,2024-02-19,0,NA,0,135,NA,FALSE,TRUE,"no_lookup_match"
"Bahamas","BHS",2026,"20260921",20,2026-05-11,1,NA,1,19,NA,FALSE,TRUE,"no_lookup_match"
"Barbados","BRB",2025,"20260921",46,2025-11-10,165,165,165,45,1,TRUE,FALSE,"applied_mean"
"Barbados","BRB",2026,"20260921",30,2026-07-20,66,54,54,9,0.811243003335894,TRUE,FALSE,"applied_mean"
"Barbados","BRB",2024,"20260921",46,2024-11-11,1113,NA,1113,97,NA,FALSE,TRUE,"no_lookup_match"
"Bermuda","BMU",2024,"20260921",44,2024-10-28,1,NA,1,99,NA,FALSE,TRUE,"no_lookup_match"
"Bermuda","BMU",2025,"20260921",46,2025-11-10,1,1,1,45,1,TRUE,FALSE,"applied_mean"
"Bermuda","BMU",2026,"20260921",24,2026-06-08,2,NA,2,15,NA,FALSE,TRUE,"no_lookup_match"
"Bonaire, Saint Eustatius and Saba","BES",2024,"20260921",12,2024-03-18,207,NA,207,131,NA,FALSE,TRUE,"no_lookup_match"
"Cayman Islands","CYM",2024,"20260921",40,2024-09-30,8,NA,8,103,NA,FALSE,TRUE,"no_lookup_match"
"Cayman Islands","CYM",2025,"20260921",46,2025-11-10,0,0,0,45,1,TRUE,FALSE,"applied_mean"
"Cayman Islands","CYM",2026,"20260921",32,2026-08-03,0,0,0,7,1,TRUE,FALSE,"applied_mean"
"Curaçao","CUW",2024,"20260921",12,2024-03-18,262,NA,262,131,NA,FALSE,TRUE,"no_lookup_match"
"French Guiana","GUF",2024,"20260921",32,2024-08-05,16141,NA,16141,111,NA,FALSE,TRUE,"no_lookup_match"
"French Guiana","GUF",2025,"20260921",46,2025-11-10,299,NA,299,45,NA,FALSE,TRUE,"no_lookup_match"
"French Guiana","GUF",2026,"20260921",36,2026-08-31,12,12,12,3,1,TRUE,FALSE,"applied_mean"
"Grenada","GRD",2025,"20260921",46,2025-11-10,170,170,170,45,1,TRUE,FALSE,"applied_mean"
"Grenada","GRD",2026,"20260921",35,2026-08-24,168,168,168,4,1,TRUE,FALSE,"applied_mean"
"Grenada","GRD",2024,"20260921",46,2024-11-11,766,NA,766,97,NA,FALSE,TRUE,"no_lookup_match"
"Guadeloupe","GLP",2026,"20260921",20,2026-05-11,383,383,383,19,1,TRUE,FALSE,"applied_mean"
"Guadeloupe","GLP",2024,"20260921",46,2024-11-11,8575,NA,8575,97,NA,FALSE,TRUE,"no_lookup_match"
"Guadeloupe","GLP",2025,"20260921",46,2025-11-10,4832,4832,4832,45,1,TRUE,FALSE,"applied_mean"
"Guyana","GUY",2025,"20260921",46,2025-11-10,62715,64380,64380,45,1.02655351756637,TRUE,FALSE,"applied_mean"
"Guyana","GUY",2026,"20260921",25,2026-06-15,35768,39388,39388,14,1.10121007553855,TRUE,FALSE,"applied_mean"
"Guyana","GUY",2024,"20260921",46,2024-11-11,42541,NA,42541,97,NA,FALSE,TRUE,"no_lookup_match"
"Jamaica","JAM",2025,"20260921",46,2025-11-10,442,442,442,45,1,TRUE,FALSE,"applied_mean"
"Jamaica","JAM",2026,"20260921",30,2026-07-20,145,145,145,9,1,TRUE,FALSE,"applied_mean"
"Jamaica","JAM",2024,"20260921",46,2024-11-11,1859,NA,1859,97,NA,FALSE,TRUE,"no_lookup_match"
"Martinique","MTQ",2025,"20260921",46,2025-11-10,1114,1114,1114,45,1,TRUE,FALSE,"applied_mean"
"Martinique","MTQ",2024,"20260921",46,2024-11-11,7099,NA,7099,97,NA,FALSE,TRUE,"no_lookup_match"
"Martinique","MTQ",2026,"20260921",20,2026-05-11,1354,1354,1354,19,1,TRUE,FALSE,"applied_mean"
"Montserrat","MSR",2024,"20260921",44,2024-10-28,3,NA,3,99,NA,FALSE,TRUE,"no_lookup_match"
"Montserrat","MSR",2025,"20260921",46,2025-11-10,3,3,3,45,1,TRUE,FALSE,"applied_mean"
"Montserrat","MSR",2026,"20260921",32,2026-08-03,0,0,0,7,1,TRUE,FALSE,"applied_mean"
"Saint Barthelemy","BLM",2025,"20260921",39,2025-09-22,20,NA,20,52,NA,FALSE,TRUE,"no_lookup_match"
"Saint Barthelemy","BLM",2026,"20260921",20,2026-05-11,0,0,0,19,1,TRUE,FALSE,"applied_mean"
"Saint Barthelemy","BLM",2024,"20260921",46,2024-11-11,153,NA,153,97,NA,FALSE,TRUE,"no_lookup_match"
"Saint Kitts and Nevis","KNA",2024,"20260921",46,2024-11-11,245,NA,245,97,NA,FALSE,TRUE,"no_lookup_match"
"Saint Kitts and Nevis","KNA",2025,"20260921",46,2025-11-10,9,9,9,45,1,TRUE,FALSE,"applied_mean"
"Saint Kitts and Nevis","KNA",2026,"20260921",13,2026-03-23,13,13,13,26,1.0137990750553,TRUE,FALSE,"applied_mean"
"Saint Lucia","LCA",2025,"20260921",46,2025-11-10,49,49,49,45,1,TRUE,FALSE,"applied_mean"
"Saint Lucia","LCA",2026,"20260921",35,2026-08-24,9,9,9,4,1,TRUE,FALSE,"applied_mean"
"Saint Lucia","LCA",2024,"20260921",46,2024-11-11,409,NA,409,97,NA,FALSE,TRUE,"no_lookup_match"
"Saint Martin",NA,2025,"20260921",46,2025-11-10,204,NA,204,45,NA,FALSE,TRUE,"no_lookup_match"
"Saint Martin",NA,2026,"20260921",20,2026-05-11,7,NA,7,19,NA,FALSE,TRUE,"no_lookup_match"
"Saint Martin",NA,2024,"20260921",46,2024-11-11,616,NA,616,97,NA,FALSE,TRUE,"no_lookup_match"
"Saint Vincent and the Grenadines","VCT",2025,"20260921",46,2025-11-10,6,6,6,45,1,TRUE,FALSE,"applied_mean"
"Saint Vincent and the Grenadines","VCT",2026,"20260921",31,2026-07-27,3,3,3,8,1,TRUE,FALSE,"applied_mean"
"Saint Vincent and the Grenadines","VCT",2024,"20260921",44,2024-10-28,967,NA,967,99,NA,FALSE,TRUE,"no_lookup_match"
"Sint Maarten","SXM",2024,"20260921",40,2024-09-30,144,NA,144,103,NA,FALSE,TRUE,"no_lookup_match"
"Sint Maarten","SXM",2025,"20260921",28,2025-07-07,8,NA,8,63,NA,FALSE,TRUE,"no_lookup_match"
"Suriname","SUR",2025,"20260921",46,2025-11-10,1285,1285,1285,45,1,TRUE,FALSE,"applied_mean"
"Suriname","SUR",2024,"20260921",20,2024-05-13,95,NA,95,123,NA,FALSE,TRUE,"no_lookup_match"
"Suriname","SUR",2026,"20260921",19,2026-05-04,418,418,418,20,1,TRUE,FALSE,"applied_mean"
"Trinidad and Tobago","TTO",2025,"20260921",46,2025-11-10,73,73,73,45,1,TRUE,FALSE,"applied_mean"
"Trinidad and Tobago","TTO",2026,"20260921",32,2026-08-03,102,102,102,7,1,TRUE,FALSE,"applied_mean"
"Trinidad and Tobago","TTO",2024,"20260921",42,2024-10-14,1802,NA,1802,101,NA,FALSE,TRUE,"no_lookup_match"
"Turks and Caicos Islands","TCA",2025,"20260921",46,2025-11-10,1,1,1,45,1,TRUE,FALSE,"applied_mean"
"Turks and Caicos Islands","TCA",2026,"20260921",12,2026-03-16,8,8,8,27,1,TRUE,FALSE,"applied_mean"
"Turks and Caicos Islands","TCA",2024,"20260921",46,2024-11-11,117,NA,117,97,NA,FALSE,TRUE,"no_lookup_match"
"Virgin Islands (UK)","VGB",2024,"20260921",44,2024-10-28,87,NA,87,99,NA,FALSE,TRUE,"no_lookup_match"
"Virgin Islands (UK)","VGB",2025,"20260921",46,2025-11-10,36,NA,36,45,NA,FALSE,TRUE,"no_lookup_match"
"Virgin Islands (UK)","VGB",2026,"20260921",24,2026-06-08,15,NA,15,15,NA,FALSE,TRUE,"no_lookup_match"
"Virgin Islands (US)","VIR",2024,"20260921",46,2024-11-11,163,NA,163,97,NA,FALSE,TRUE,"no_lookup_match"
"Virgin Islands (US)","VIR",2025,"20260921",46,2025-11-10,47,NA,47,45,NA,FALSE,TRUE,"no_lookup_match"
"Virgin Islands (US)","VIR",2026,"20260921",35,2026-08-24,0,NA,0,4,NA,FALSE,TRUE,"no_lookup_match"
"Canada","CAN",2024,"20260921",47,2024-11-18,0,NA,0,96,NA,FALSE,TRUE,"no_lookup_match"
"Canada","CAN",2025,"20260921",47,2025-11-17,0,NA,0,44,NA,FALSE,TRUE,"no_lookup_match"
"Canada","CAN",2026,"20260921",35,2026-08-24,0,NA,0,4,NA,FALSE,TRUE,"no_lookup_match"
"United States of America","USA",2024,"20260921",47,2024-11-18,2691,NA,2691,96,NA,FALSE,TRUE,"no_lookup_match"
"United States of America","USA",2025,"20260921",47,2025-11-17,1065,NA,1065,44,NA,FALSE,TRUE,"no_lookup_match"
"United States of America","USA",2026,"20260921",35,2026-08-24,351,NA,351,4,NA,FALSE,TRUE,"no_lookup_match"
"Belize","BLZ",2024,"20260921",47,2024-11-18,1136,NA,1136,96,NA,FALSE,TRUE,"country_excluded"
"Belize","BLZ",2025,"20260921",47,2025-11-17,2551,NA,2551,44,NA,FALSE,TRUE,"country_excluded"
"Belize","BLZ",2026,"20260921",15,2026-04-06,317,NA,317,24,NA,FALSE,TRUE,"country_excluded"
"Costa Rica","CRI",2026,"20260921",35,2026-08-24,4390,4085,4085,4,0.9304289202201,TRUE,FALSE,"applied_mean"
"Costa Rica","CRI",2024,"20260921",47,2024-11-18,29883,NA,29883,96,NA,FALSE,TRUE,"no_lookup_match"
"Costa Rica","CRI",2025,"20260921",47,2025-11-17,5149,5149,5149,44,1,TRUE,FALSE,"applied_mean"
"El Salvador","SLV",2024,"20260921",47,2024-11-18,8031,NA,8031,96,NA,FALSE,TRUE,"no_lookup_match"
"El Salvador","SLV",2025,"20260921",47,2025-11-17,5575,5575,5575,44,1,TRUE,FALSE,"applied_mean"
"El Salvador","SLV",2026,"20260921",30,2026-07-20,3039,3039,3039,9,1,TRUE,FALSE,"applied_mean"
"Guatemala","GTM",2025,"20260921",47,2025-11-17,45393,45393,45393,44,1,TRUE,FALSE,"applied_mean"
"Guatemala","GTM",2026,"20260921",26,2026-06-22,15679,20828,20828,13,1.32839399642986,TRUE,FALSE,"applied_mean"
"Guatemala","GTM",2024,"20260921",47,2024-11-18,182202,NA,182202,96,NA,FALSE,TRUE,"no_lookup_match"
"Honduras","HND",2024,"20260921",47,2024-11-18,174908,NA,174908,96,NA,FALSE,TRUE,"no_lookup_match"
"Honduras","HND",2025,"20260921",47,2025-11-17,15769,15769,15769,44,1,TRUE,FALSE,"applied_mean"
"Honduras","HND",2026,"20260921",33,2026-08-10,8079,8077,8077,6,0.999692576330584,TRUE,FALSE,"applied_mean"
"Mexico","MEX",2024,"20260921",47,2024-11-18,518409,NA,518409,96,NA,FALSE,TRUE,"no_lookup_match"
"Mexico","MEX",2025,"20260921",47,2025-11-17,135015,135015,135015,44,1,TRUE,FALSE,"applied_mean"
"Mexico","MEX",2026,"20260921",35,2026-08-24,48348,48677,48677,4,1.0067977465121,TRUE,FALSE,"applied_mean"
"Nicaragua","NIC",2025,"20260921",4,2025-01-20,5702,NA,5702,87,NA,FALSE,TRUE,"no_lookup_match"
"Nicaragua","NIC",2024,"20260921",47,2024-11-18,83324,NA,83324,96,NA,FALSE,TRUE,"no_lookup_match"
"Panama","PAN",2024,"20260921",47,2024-11-18,34249,NA,34249,96,NA,FALSE,TRUE,"no_lookup_match"
"Panama","PAN",2025,"20260921",47,2025-11-17,18127,18127,18127,44,1,TRUE,FALSE,"applied_mean"
"Panama","PAN",2026,"20260921",34,2026-08-17,9456,9158,9158,5,0.968526486210583,TRUE,FALSE,"applied_mean"
"Bolivia","BOL",2025,"20260921",47,2025-11-17,33305,33305,33305,44,1,TRUE,FALSE,"applied_mean"
"Bolivia","BOL",2026,"20260921",33,2026-08-10,58628,68007,68007,6,1.15996879530479,TRUE,FALSE,"applied_mean"
"Bolivia","BOL",2024,"20260921",47,2024-11-18,54774,NA,54774,96,NA,FALSE,TRUE,"no_lookup_match"
"Colombia","COL",2024,"20260921",47,2024-11-18,304650,NA,304650,96,NA,FALSE,TRUE,"no_lookup_match"
"Colombia","COL",2025,"20260921",47,2025-11-17,116392,116392,116392,44,1,TRUE,FALSE,"applied_mean"
"Colombia","COL",2026,"20260921",35,2026-08-24,77071,77071,77071,4,1,TRUE,FALSE,"applied_mean"
"Ecuador","ECU",2024,"20260921",47,2024-11-18,57773,NA,57773,96,NA,FALSE,TRUE,"no_lookup_match"
"Ecuador","ECU",2025,"20260921",47,2025-11-17,36415,36495,36495,44,1.00220815224781,TRUE,FALSE,"applied_mean"
"Ecuador","ECU",2026,"20260921",35,2026-08-24,32576,32597,32597,4,1.00063077279599,TRUE,FALSE,"applied_mean"
"Peru","PER",2024,"20260921",47,2024-11-18,266498,NA,266498,96,NA,FALSE,TRUE,"no_lookup_match"
"Peru","PER",2025,"20260921",47,2025-11-17,35920,33992,33992,44,0.946324909828035,TRUE,FALSE,"applied_mean"
"Peru","PER",2026,"20260921",36,2026-08-31,55943,55445,55445,3,0.991098736668739,TRUE,FALSE,"applied_mean"
"Venezuela","VEN",2024,"20260921",47,2024-11-18,54659,NA,54659,96,NA,FALSE,TRUE,"no_lookup_match"
"Venezuela","VEN",2025,"20260921",47,2025-11-17,39306,NA,39306,44,NA,FALSE,TRUE,"no_lookup_match"
"Venezuela","VEN",2026,"20260921",32,2026-08-03,10287,NA,10287,7,NA,FALSE,TRUE,"no_lookup_match"
"Argentina","ARG",2024,"20260921",47,2024-11-18,581465,NA,581465,96,NA,FALSE,TRUE,"no_lookup_match"
"Argentina","ARG",2025,"20260921",47,2025-11-17,17645,18991,18991,44,1.07626463310291,TRUE,FALSE,"applied_mean"
"Argentina","ARG",2026,"20260921",35,2026-08-24,59,66,66,4,1.11409122655788,TRUE,FALSE,"applied_mean"
"Brazil","BRA",2024,"20260921",47,2024-11-18,10083574,NA,10083574,96,NA,FALSE,TRUE,"no_lookup_match"
"Brazil","BRA",2025,"20260921",47,2025-11-17,3688700,3688860,3688860,44,1.00004330901529,TRUE,FALSE,"applied_mean"
"Brazil","BRA",2026,"20260921",36,2026-08-31,1276720,1350983,1350983,3,1.05816718283121,TRUE,FALSE,"applied_mean"
"Chile","CHL",2025,"20260921",47,2025-11-17,0,NA,0,44,NA,FALSE,TRUE,"no_lookup_match"
"Chile","CHL",2024,"20260921",47,2024-11-18,157,NA,157,96,NA,FALSE,TRUE,"no_lookup_match"
"Chile","CHL",2026,"20260921",34,2026-08-17,27,27,27,5,1.00229292929293,TRUE,FALSE,"applied_mean"
"Paraguay","PRY",2024,"20260921",47,2024-11-18,291508,NA,291508,96,NA,FALSE,TRUE,"no_lookup_match"
"Paraguay","PRY",2025,"20260921",47,2025-11-17,28558,28558,28558,44,1,TRUE,FALSE,"applied_mean"
"Paraguay","PRY",2026,"20260921",35,2026-08-24,10034,9860,9860,4,0.982649506719879,TRUE,FALSE,"applied_mean"
"Uruguay","URY",2025,"20260921",47,2025-11-17,7,7,7,44,1,TRUE,FALSE,"applied_mean"
"Uruguay","URY",2026,"20260921",32,2026-08-03,0,0,0,7,1.61117649105868,TRUE,FALSE,"applied_mean"
"Uruguay","URY",2024,"20260921",47,2024-11-18,1136,NA,1136,96,NA,FALSE,TRUE,"no_lookup_match"
"Cuba","CUB",2026,"20260921",25,2026-06-15,1746,NA,1746,14,NA,FALSE,TRUE,"no_lookup_match"
"Cuba","CUB",2024,"20260921",31,2024-07-29,985,NA,985,112,NA,FALSE,TRUE,"no_lookup_match"
"Cuba","CUB",2025,"20260921",45,2025-11-03,9602,NA,9602,46,NA,FALSE,TRUE,"no_lookup_match"
"Dominican Republic","DOM",2024,"20260921",47,2024-11-18,10051,NA,10051,96,NA,FALSE,TRUE,"no_lookup_match"
"Dominican Republic","DOM",2025,"20260921",47,2025-11-17,1811,1811,1811,44,1,TRUE,FALSE,"applied_mean"
"Dominican Republic","DOM",2026,"20260921",34,2026-08-17,959,959,959,5,1,TRUE,FALSE,"applied_mean"
"Puerto Rico","PRI",2024,"20260921",47,2024-11-18,5276,NA,5276,96,NA,FALSE,TRUE,"no_lookup_match"
"Puerto Rico","PRI",2025,"20260921",47,2025-11-17,3139,3139,3139,44,1,TRUE,FALSE,"applied_mean"
"Puerto Rico","PRI",2026,"20260921",33,2026-08-10,882,889,889,6,1.00809866256541,TRUE,FALSE,"applied_mean"
"Anguilla","AIA",2024,"20260921",47,2024-11-18,5,NA,5,96,NA,FALSE,TRUE,"no_lookup_match"
"Anguilla","AIA",2025,"20260921",47,2025-11-17,3,NA,3,44,NA,FALSE,TRUE,"no_lookup_match"
"Anguilla","AIA",2026,"20260921",33,2026-08-10,0,NA,0,6,NA,FALSE,TRUE,"no_lookup_match"
"Antigua and Barbuda","ATG",2025,"20260921",44,2025-10-27,15,15,15,47,1,TRUE,FALSE,"applied_mean"
"Antigua and Barbuda","ATG",2026,"20260921",28,2026-07-06,8,8,8,11,1.05927349913893,TRUE,FALSE,"applied_mean"
"Antigua and Barbuda","ATG",2024,"20260921",36,2024-09-02,163,NA,163,107,NA,FALSE,TRUE,"no_lookup_match"
"Aruba","ABW",2024,"20260921",44,2024-10-28,88,NA,88,99,NA,FALSE,TRUE,"no_lookup_match"
"Aruba","ABW",2025,"20260921",44,2025-10-27,14,14,14,47,1,TRUE,FALSE,"applied_mean"
"Bahamas","BHS",2024,"20260921",8,2024-02-19,0,NA,0,135,NA,FALSE,TRUE,"no_lookup_match"
"Bahamas","BHS",2026,"20260921",20,2026-05-11,1,NA,1,19,NA,FALSE,TRUE,"no_lookup_match"
"Barbados","BRB",2025,"20260921",47,2025-11-17,167,167,167,44,1,TRUE,FALSE,"applied_mean"
"Barbados","BRB",2026,"20260921",30,2026-07-20,66,54,54,9,0.811243003335894,TRUE,FALSE,"applied_mean"
"Barbados","BRB",2024,"20260921",47,2024-11-18,1115,NA,1115,96,NA,FALSE,TRUE,"no_lookup_match"
"Bermuda","BMU",2024,"20260921",44,2024-10-28,1,NA,1,99,NA,FALSE,TRUE,"no_lookup_match"
"Bermuda","BMU",2025,"20260921",47,2025-11-17,1,1,1,44,1,TRUE,FALSE,"applied_mean"
"Bermuda","BMU",2026,"20260921",24,2026-06-08,2,NA,2,15,NA,FALSE,TRUE,"no_lookup_match"
"Bonaire, Saint Eustatius and Saba","BES",2024,"20260921",12,2024-03-18,207,NA,207,131,NA,FALSE,TRUE,"no_lookup_match"
"Cayman Islands","CYM",2024,"20260921",40,2024-09-30,8,NA,8,103,NA,FALSE,TRUE,"no_lookup_match"
"Cayman Islands","CYM",2025,"20260921",47,2025-11-17,0,0,0,44,1,TRUE,FALSE,"applied_mean"
"Cayman Islands","CYM",2026,"20260921",32,2026-08-03,0,0,0,7,1,TRUE,FALSE,"applied_mean"
"Curaçao","CUW",2024,"20260921",12,2024-03-18,262,NA,262,131,NA,FALSE,TRUE,"no_lookup_match"
"French Guiana","GUF",2024,"20260921",32,2024-08-05,16141,NA,16141,111,NA,FALSE,TRUE,"no_lookup_match"
"French Guiana","GUF",2025,"20260921",47,2025-11-17,301,NA,301,44,NA,FALSE,TRUE,"no_lookup_match"
"French Guiana","GUF",2026,"20260921",36,2026-08-31,12,12,12,3,1,TRUE,FALSE,"applied_mean"
"Grenada","GRD",2025,"20260921",47,2025-11-17,170,170,170,44,1,TRUE,FALSE,"applied_mean"
"Grenada","GRD",2026,"20260921",35,2026-08-24,168,168,168,4,1,TRUE,FALSE,"applied_mean"
"Grenada","GRD",2024,"20260921",47,2024-11-18,778,NA,778,96,NA,FALSE,TRUE,"no_lookup_match"
"Guadeloupe","GLP",2026,"20260921",20,2026-05-11,383,383,383,19,1,TRUE,FALSE,"applied_mean"
"Guadeloupe","GLP",2024,"20260921",47,2024-11-18,9435,NA,9435,96,NA,FALSE,TRUE,"no_lookup_match"
"Guadeloupe","GLP",2025,"20260921",47,2025-11-17,4853,4853,4853,44,1,TRUE,FALSE,"applied_mean"
"Guyana","GUY",2025,"20260921",47,2025-11-17,64212,65891,65891,44,1.02614988087339,TRUE,FALSE,"applied_mean"
"Guyana","GUY",2026,"20260921",25,2026-06-15,35768,39388,39388,14,1.10121007553855,TRUE,FALSE,"applied_mean"
"Guyana","GUY",2024,"20260921",47,2024-11-18,43301,NA,43301,96,NA,FALSE,TRUE,"no_lookup_match"
"Jamaica","JAM",2025,"20260921",47,2025-11-17,491,491,491,44,1,TRUE,FALSE,"applied_mean"
"Jamaica","JAM",2026,"20260921",30,2026-07-20,145,145,145,9,1,TRUE,FALSE,"applied_mean"
"Jamaica","JAM",2024,"20260921",47,2024-11-18,1859,NA,1859,96,NA,FALSE,TRUE,"no_lookup_match"
"Martinique","MTQ",2025,"20260921",47,2025-11-17,1122,1122,1122,44,1,TRUE,FALSE,"applied_mean"
"Martinique","MTQ",2024,"20260921",47,2024-11-18,7141,NA,7141,96,NA,FALSE,TRUE,"no_lookup_match"
"Martinique","MTQ",2026,"20260921",20,2026-05-11,1354,1354,1354,19,1,TRUE,FALSE,"applied_mean"
"Montserrat","MSR",2024,"20260921",44,2024-10-28,3,NA,3,99,NA,FALSE,TRUE,"no_lookup_match"
"Montserrat","MSR",2025,"20260921",47,2025-11-17,3,3,3,44,1,TRUE,FALSE,"applied_mean"
"Montserrat","MSR",2026,"20260921",32,2026-08-03,0,0,0,7,1,TRUE,FALSE,"applied_mean"
"Saint Barthelemy","BLM",2025,"20260921",39,2025-09-22,20,NA,20,52,NA,FALSE,TRUE,"no_lookup_match"
"Saint Barthelemy","BLM",2026,"20260921",20,2026-05-11,0,0,0,19,1,TRUE,FALSE,"applied_mean"
"Saint Barthelemy","BLM",2024,"20260921",47,2024-11-18,156,NA,156,96,NA,FALSE,TRUE,"no_lookup_match"
"Saint Kitts and Nevis","KNA",2024,"20260921",47,2024-11-18,245,NA,245,96,NA,FALSE,TRUE,"no_lookup_match"
"Saint Kitts and Nevis","KNA",2025,"20260921",47,2025-11-17,9,9,9,44,1,TRUE,FALSE,"applied_mean"
"Saint Kitts and Nevis","KNA",2026,"20260921",13,2026-03-23,13,13,13,26,1.0137990750553,TRUE,FALSE,"applied_mean"
"Saint Lucia","LCA",2025,"20260921",47,2025-11-17,49,49,49,44,1,TRUE,FALSE,"applied_mean"
"Saint Lucia","LCA",2026,"20260921",35,2026-08-24,9,9,9,4,1,TRUE,FALSE,"applied_mean"
"Saint Lucia","LCA",2024,"20260921",46,2024-11-11,409,NA,409,97,NA,FALSE,TRUE,"no_lookup_match"
"Saint Martin",NA,2025,"20260921",47,2025-11-17,204,NA,204,44,NA,FALSE,TRUE,"no_lookup_match"
"Saint Martin",NA,2026,"20260921",20,2026-05-11,7,NA,7,19,NA,FALSE,TRUE,"no_lookup_match"
"Saint Martin",NA,2024,"20260921",47,2024-11-18,616,NA,616,96,NA,FALSE,TRUE,"no_lookup_match"
"Saint Vincent and the Grenadines","VCT",2025,"20260921",47,2025-11-17,6,6,6,44,1,TRUE,FALSE,"applied_mean"
"Saint Vincent and the Grenadines","VCT",2026,"20260921",31,2026-07-27,3,3,3,8,1,TRUE,FALSE,"applied_mean"
"Saint Vincent and the Grenadines","VCT",2024,"20260921",44,2024-10-28,967,NA,967,99,NA,FALSE,TRUE,"no_lookup_match"
"Sint Maarten","SXM",2024,"20260921",40,2024-09-30,144,NA,144,103,NA,FALSE,TRUE,"no_lookup_match"
"Sint Maarten","SXM",2025,"20260921",28,2025-07-07,8,NA,8,63,NA,FALSE,TRUE,"no_lookup_match"
"Suriname","SUR",2025,"20260921",47,2025-11-17,1294,1294,1294,44,1,TRUE,FALSE,"applied_mean"
"Suriname","SUR",2024,"20260921",20,2024-05-13,95,NA,95,123,NA,FALSE,TRUE,"no_lookup_match"
"Suriname","SUR",2026,"20260921",19,2026-05-04,418,418,418,20,1,TRUE,FALSE,"applied_mean"
"Trinidad and Tobago","TTO",2025,"20260921",47,2025-11-17,73,73,73,44,1,TRUE,FALSE,"applied_mean"
"Trinidad and Tobago","TTO",2026,"20260921",32,2026-08-03,102,102,102,7,1,TRUE,FALSE,"applied_mean"
"Trinidad and Tobago","TTO",2024,"20260921",42,2024-10-14,1802,NA,1802,101,NA,FALSE,TRUE,"no_lookup_match"
"Turks and Caicos Islands","TCA",2025,"20260921",47,2025-11-17,1,1,1,44,1,TRUE,FALSE,"applied_mean"
"Turks and Caicos Islands","TCA",2026,"20260921",12,2026-03-16,8,8,8,27,1,TRUE,FALSE,"applied_mean"
"Turks and Caicos Islands","TCA",2024,"20260921",47,2024-11-18,117,NA,117,96,NA,FALSE,TRUE,"no_lookup_match"
"Virgin Islands (UK)","VGB",2024,"20260921",44,2024-10-28,87,NA,87,99,NA,FALSE,TRUE,"no_lookup_match"
"Virgin Islands (UK)","VGB",2025,"20260921",47,2025-11-17,36,NA,36,44,NA,FALSE,TRUE,"no_lookup_match"
"Virgin Islands (UK)","VGB",2026,"20260921",24,2026-06-08,15,NA,15,15,NA,FALSE,TRUE,"no_lookup_match"
"Virgin Islands (US)","VIR",2024,"20260921",47,2024-11-18,172,NA,172,96,NA,FALSE,TRUE,"no_lookup_match"
"Virgin Islands (US)","VIR",2025,"20260921",47,2025-11-17,47,NA,47,44,NA,FALSE,TRUE,"no_lookup_match"
"Virgin Islands (US)","VIR",2026,"20260921",35,2026-08-24,0,NA,0,4,NA,FALSE,TRUE,"no_lookup_match"
"Canada","CAN",2024,"20260921",48,2024-11-25,0,NA,0,95,NA,FALSE,TRUE,"no_lookup_match"
"Canada","CAN",2025,"20260921",48,2025-11-24,0,NA,0,43,NA,FALSE,TRUE,"no_lookup_match"
"Canada","CAN",2026,"20260921",35,2026-08-24,0,NA,0,4,NA,FALSE,TRUE,"no_lookup_match"
"United States of America","USA",2024,"20260921",48,2024-11-25,2750,NA,2750,95,NA,FALSE,TRUE,"no_lookup_match"
"United States of America","USA",2025,"20260921",48,2025-11-24,1078,NA,1078,43,NA,FALSE,TRUE,"no_lookup_match"
"United States of America","USA",2026,"20260921",35,2026-08-24,351,NA,351,4,NA,FALSE,TRUE,"no_lookup_match"
"Belize","BLZ",2024,"20260921",48,2024-11-25,1148,NA,1148,95,NA,FALSE,TRUE,"country_excluded"
"Belize","BLZ",2025,"20260921",48,2025-11-24,2597,NA,2597,43,NA,FALSE,TRUE,"country_excluded"
"Belize","BLZ",2026,"20260921",15,2026-04-06,317,NA,317,24,NA,FALSE,TRUE,"country_excluded"
"Costa Rica","CRI",2026,"20260921",35,2026-08-24,4390,4085,4085,4,0.9304289202201,TRUE,FALSE,"applied_mean"
"Costa Rica","CRI",2024,"20260921",48,2024-11-25,30285,NA,30285,95,NA,FALSE,TRUE,"no_lookup_match"
"Costa Rica","CRI",2025,"20260921",48,2025-11-24,5318,5318,5318,43,1,TRUE,FALSE,"applied_mean"
"El Salvador","SLV",2024,"20260921",48,2024-11-25,8149,NA,8149,95,NA,FALSE,TRUE,"no_lookup_match"
"El Salvador","SLV",2025,"20260921",48,2025-11-24,5636,5636,5636,43,1,TRUE,FALSE,"applied_mean"
"El Salvador","SLV",2026,"20260921",30,2026-07-20,3039,3039,3039,9,1,TRUE,FALSE,"applied_mean"
"Guatemala","GTM",2025,"20260921",48,2025-11-24,46027,46027,46027,43,1,TRUE,FALSE,"applied_mean"
"Guatemala","GTM",2026,"20260921",26,2026-06-22,15679,20828,20828,13,1.32839399642986,TRUE,FALSE,"applied_mean"
"Guatemala","GTM",2024,"20260921",48,2024-11-25,184201,NA,184201,95,NA,FALSE,TRUE,"no_lookup_match"
"Honduras","HND",2024,"20260921",48,2024-11-25,175673,NA,175673,95,NA,FALSE,TRUE,"no_lookup_match"
"Honduras","HND",2025,"20260921",48,2025-11-24,16095,16095,16095,43,1,TRUE,FALSE,"applied_mean"
"Honduras","HND",2026,"20260921",33,2026-08-10,8079,8077,8077,6,0.999692576330584,TRUE,FALSE,"applied_mean"
"Mexico","MEX",2024,"20260921",48,2024-11-25,532459,NA,532459,95,NA,FALSE,TRUE,"no_lookup_match"
"Mexico","MEX",2025,"20260921",48,2025-11-24,137874,137874,137874,43,1,TRUE,FALSE,"applied_mean"
"Mexico","MEX",2026,"20260921",35,2026-08-24,48348,48677,48677,4,1.0067977465121,TRUE,FALSE,"applied_mean"
"Nicaragua","NIC",2025,"20260921",4,2025-01-20,5702,NA,5702,87,NA,FALSE,TRUE,"no_lookup_match"
"Nicaragua","NIC",2024,"20260921",48,2024-11-25,85274,NA,85274,95,NA,FALSE,TRUE,"no_lookup_match"
"Panama","PAN",2024,"20260921",48,2024-11-25,34870,NA,34870,95,NA,FALSE,TRUE,"no_lookup_match"
"Panama","PAN",2025,"20260921",48,2025-11-24,18326,18326,18326,43,1,TRUE,FALSE,"applied_mean"
"Panama","PAN",2026,"20260921",34,2026-08-17,9456,9158,9158,5,0.968526486210583,TRUE,FALSE,"applied_mean"
"Bolivia","BOL",2025,"20260921",48,2025-11-24,33923,33923,33923,43,1,TRUE,FALSE,"applied_mean"
"Bolivia","BOL",2026,"20260921",33,2026-08-10,58628,68007,68007,6,1.15996879530479,TRUE,FALSE,"applied_mean"
"Bolivia","BOL",2024,"20260921",48,2024-11-25,55492,NA,55492,95,NA,FALSE,TRUE,"no_lookup_match"
"Colombia","COL",2024,"20260921",48,2024-11-25,308142,NA,308142,95,NA,FALSE,TRUE,"no_lookup_match"
"Colombia","COL",2025,"20260921",48,2025-11-24,117710,117710,117710,43,1,TRUE,FALSE,"applied_mean"
"Colombia","COL",2026,"20260921",35,2026-08-24,77071,77071,77071,4,1,TRUE,FALSE,"applied_mean"
"Ecuador","ECU",2024,"20260921",48,2024-11-25,58361,NA,58361,95,NA,FALSE,TRUE,"no_lookup_match"
"Ecuador","ECU",2025,"20260921",48,2025-11-24,36723,36805,36805,43,1.00223415450673,TRUE,FALSE,"applied_mean"
"Ecuador","ECU",2026,"20260921",35,2026-08-24,32576,32597,32597,4,1.00063077279599,TRUE,FALSE,"applied_mean"
"Peru","PER",2024,"20260921",48,2024-11-25,267473,NA,267473,95,NA,FALSE,TRUE,"no_lookup_match"
"Peru","PER",2025,"20260921",48,2025-11-24,36379,34403,34403,43,0.945669840272493,TRUE,FALSE,"applied_mean"
"Peru","PER",2026,"20260921",36,2026-08-31,55943,55445,55445,3,0.991098736668739,TRUE,FALSE,"applied_mean"
"Venezuela","VEN",2024,"20260921",48,2024-11-25,56135,NA,56135,95,NA,FALSE,TRUE,"no_lookup_match"
"Venezuela","VEN",2025,"20260921",48,2025-11-24,39803,NA,39803,43,NA,FALSE,TRUE,"no_lookup_match"
"Venezuela","VEN",2026,"20260921",32,2026-08-03,10287,NA,10287,7,NA,FALSE,TRUE,"no_lookup_match"
"Argentina","ARG",2024,"20260921",48,2024-11-25,581476,NA,581476,95,NA,FALSE,TRUE,"no_lookup_match"
"Argentina","ARG",2025,"20260921",48,2025-11-24,17645,18994,18994,43,1.07645735360104,TRUE,FALSE,"applied_mean"
"Argentina","ARG",2026,"20260921",35,2026-08-24,59,66,66,4,1.11409122655788,TRUE,FALSE,"applied_mean"
"Brazil","BRA",2024,"20260921",48,2024-11-25,10120164,NA,10120164,95,NA,FALSE,TRUE,"no_lookup_match"
"Brazil","BRA",2025,"20260921",48,2025-11-24,3716665,3716826,3716826,43,1.00004340540815,TRUE,FALSE,"applied_mean"
"Brazil","BRA",2026,"20260921",36,2026-08-31,1276720,1350983,1350983,3,1.05816718283121,TRUE,FALSE,"applied_mean"
"Chile","CHL",2025,"20260921",48,2025-11-24,0,NA,0,43,NA,FALSE,TRUE,"no_lookup_match"
"Chile","CHL",2024,"20260921",48,2024-11-25,157,NA,157,95,NA,FALSE,TRUE,"no_lookup_match"
"Chile","CHL",2026,"20260921",34,2026-08-17,27,27,27,5,1.00229292929293,TRUE,FALSE,"applied_mean"
"Paraguay","PRY",2024,"20260921",48,2024-11-25,292374,NA,292374,95,NA,FALSE,TRUE,"no_lookup_match"
"Paraguay","PRY",2025,"20260921",48,2025-11-24,29196,29196,29196,43,1,TRUE,FALSE,"applied_mean"
"Paraguay","PRY",2026,"20260921",35,2026-08-24,10034,9860,9860,4,0.982649506719879,TRUE,FALSE,"applied_mean"
"Uruguay","URY",2025,"20260921",48,2025-11-24,7,7,7,43,1,TRUE,FALSE,"applied_mean"
"Uruguay","URY",2026,"20260921",32,2026-08-03,0,0,0,7,1.61117649105868,TRUE,FALSE,"applied_mean"
"Uruguay","URY",2024,"20260921",48,2024-11-25,1136,NA,1136,95,NA,FALSE,TRUE,"no_lookup_match"
"Cuba","CUB",2026,"20260921",25,2026-06-15,1746,NA,1746,14,NA,FALSE,TRUE,"no_lookup_match"
"Cuba","CUB",2024,"20260921",31,2024-07-29,985,NA,985,112,NA,FALSE,TRUE,"no_lookup_match"
"Cuba","CUB",2025,"20260921",48,2025-11-24,25995,NA,25995,43,NA,FALSE,TRUE,"no_lookup_match"
"Dominican Republic","DOM",2025,"20260921",48,2025-11-24,1868,1868,1868,43,1,TRUE,FALSE,"applied_mean"
"Dominican Republic","DOM",2026,"20260921",34,2026-08-17,959,959,959,5,1,TRUE,FALSE,"applied_mean"
"Dominican Republic","DOM",2024,"20260921",48,2024-11-25,10101,NA,10101,95,NA,FALSE,TRUE,"no_lookup_match"
"Puerto Rico","PRI",2024,"20260921",48,2024-11-25,5439,NA,5439,95,NA,FALSE,TRUE,"no_lookup_match"
"Puerto Rico","PRI",2025,"20260921",48,2025-11-24,3198,3198,3198,43,1,TRUE,FALSE,"applied_mean"
"Puerto Rico","PRI",2026,"20260921",33,2026-08-10,882,889,889,6,1.00809866256541,TRUE,FALSE,"applied_mean"
"Anguilla","AIA",2024,"20260921",48,2024-11-25,5,NA,5,95,NA,FALSE,TRUE,"no_lookup_match"
"Anguilla","AIA",2025,"20260921",48,2025-11-24,3,NA,3,43,NA,FALSE,TRUE,"no_lookup_match"
"Anguilla","AIA",2026,"20260921",33,2026-08-10,0,NA,0,6,NA,FALSE,TRUE,"no_lookup_match"
"Antigua and Barbuda","ATG",2025,"20260921",44,2025-10-27,15,15,15,47,1,TRUE,FALSE,"applied_mean"
"Antigua and Barbuda","ATG",2026,"20260921",28,2026-07-06,8,8,8,11,1.05927349913893,TRUE,FALSE,"applied_mean"
"Antigua and Barbuda","ATG",2024,"20260921",48,2024-11-25,169,NA,169,95,NA,FALSE,TRUE,"no_lookup_match"
"Aruba","ABW",2024,"20260921",44,2024-10-28,88,NA,88,99,NA,FALSE,TRUE,"no_lookup_match"
"Aruba","ABW",2025,"20260921",44,2025-10-27,14,14,14,47,1,TRUE,FALSE,"applied_mean"
"Bahamas","BHS",2024,"20260921",8,2024-02-19,0,NA,0,135,NA,FALSE,TRUE,"no_lookup_match"
"Bahamas","BHS",2026,"20260921",20,2026-05-11,1,NA,1,19,NA,FALSE,TRUE,"no_lookup_match"
"Barbados","BRB",2025,"20260921",48,2025-11-24,172,172,172,43,1,TRUE,FALSE,"applied_mean"
"Barbados","BRB",2026,"20260921",30,2026-07-20,66,54,54,9,0.811243003335894,TRUE,FALSE,"applied_mean"
"Barbados","BRB",2024,"20260921",48,2024-11-25,1117,NA,1117,95,NA,FALSE,TRUE,"no_lookup_match"
"Bermuda","BMU",2024,"20260921",44,2024-10-28,1,NA,1,99,NA,FALSE,TRUE,"no_lookup_match"
"Bermuda","BMU",2025,"20260921",48,2025-11-24,1,1,1,43,1,TRUE,FALSE,"applied_mean"
"Bermuda","BMU",2026,"20260921",24,2026-06-08,2,NA,2,15,NA,FALSE,TRUE,"no_lookup_match"
"Bonaire, Saint Eustatius and Saba","BES",2024,"20260921",12,2024-03-18,207,NA,207,131,NA,FALSE,TRUE,"no_lookup_match"
"Cayman Islands","CYM",2024,"20260921",40,2024-09-30,8,NA,8,103,NA,FALSE,TRUE,"no_lookup_match"
"Cayman Islands","CYM",2025,"20260921",48,2025-11-24,0,0,0,43,1,TRUE,FALSE,"applied_mean"
"Cayman Islands","CYM",2026,"20260921",32,2026-08-03,0,0,0,7,1,TRUE,FALSE,"applied_mean"
"Curaçao","CUW",2024,"20260921",12,2024-03-18,262,NA,262,131,NA,FALSE,TRUE,"no_lookup_match"
"French Guiana","GUF",2024,"20260921",32,2024-08-05,16141,NA,16141,111,NA,FALSE,TRUE,"no_lookup_match"
"French Guiana","GUF",2025,"20260921",48,2025-11-24,304,NA,304,43,NA,FALSE,TRUE,"no_lookup_match"
"French Guiana","GUF",2026,"20260921",36,2026-08-31,12,12,12,3,1,TRUE,FALSE,"applied_mean"
"Grenada","GRD",2025,"20260921",48,2025-11-24,176,176,176,43,1,TRUE,FALSE,"applied_mean"
"Grenada","GRD",2026,"20260921",35,2026-08-24,168,168,168,4,1,TRUE,FALSE,"applied_mean"
"Grenada","GRD",2024,"20260921",48,2024-11-25,784,NA,784,95,NA,FALSE,TRUE,"no_lookup_match"
"Guadeloupe","GLP",2026,"20260921",20,2026-05-11,383,383,383,19,1,TRUE,FALSE,"applied_mean"
"Guadeloupe","GLP",2024,"20260921",48,2024-11-25,10065,NA,10065,95,NA,FALSE,TRUE,"no_lookup_match"
"Guadeloupe","GLP",2025,"20260921",48,2025-11-24,4874,4874,4874,43,1,TRUE,FALSE,"applied_mean"
"Guyana","GUY",2025,"20260921",48,2025-11-24,65736,67387,67387,43,1.0251163020018,TRUE,FALSE,"applied_mean"
"Guyana","GUY",2026,"20260921",25,2026-06-15,35768,39388,39388,14,1.10121007553855,TRUE,FALSE,"applied_mean"
"Guyana","GUY",2024,"20260921",48,2024-11-25,44060,NA,44060,95,NA,FALSE,TRUE,"no_lookup_match"
"Jamaica","JAM",2025,"20260921",48,2025-11-24,529,529,529,43,1,TRUE,FALSE,"applied_mean"
"Jamaica","JAM",2026,"20260921",30,2026-07-20,145,145,145,9,1,TRUE,FALSE,"applied_mean"
"Jamaica","JAM",2024,"20260921",48,2024-11-25,1914,NA,1914,95,NA,FALSE,TRUE,"no_lookup_match"
"Martinique","MTQ",2025,"20260921",48,2025-11-24,1130,1130,1130,43,1,TRUE,FALSE,"applied_mean"
"Martinique","MTQ",2024,"20260921",48,2024-11-25,7236,NA,7236,95,NA,FALSE,TRUE,"no_lookup_match"
"Martinique","MTQ",2026,"20260921",20,2026-05-11,1354,1354,1354,19,1,TRUE,FALSE,"applied_mean"
"Montserrat","MSR",2024,"20260921",48,2024-11-25,3,NA,3,95,NA,FALSE,TRUE,"no_lookup_match"
"Montserrat","MSR",2025,"20260921",48,2025-11-24,3,3,3,43,1,TRUE,FALSE,"applied_mean"
"Montserrat","MSR",2026,"20260921",32,2026-08-03,0,0,0,7,1,TRUE,FALSE,"applied_mean"
"Saint Barthelemy","BLM",2025,"20260921",39,2025-09-22,20,NA,20,52,NA,FALSE,TRUE,"no_lookup_match"
"Saint Barthelemy","BLM",2026,"20260921",20,2026-05-11,0,0,0,19,1,TRUE,FALSE,"applied_mean"
"Saint Barthelemy","BLM",2024,"20260921",48,2024-11-25,157,NA,157,95,NA,FALSE,TRUE,"no_lookup_match"
"Saint Kitts and Nevis","KNA",2024,"20260921",48,2024-11-25,249,NA,249,95,NA,FALSE,TRUE,"no_lookup_match"
"Saint Kitts and Nevis","KNA",2025,"20260921",48,2025-11-24,9,9,9,43,1,TRUE,FALSE,"applied_mean"
"Saint Kitts and Nevis","KNA",2026,"20260921",13,2026-03-23,13,13,13,26,1.0137990750553,TRUE,FALSE,"applied_mean"
"Saint Lucia","LCA",2025,"20260921",48,2025-11-24,49,49,49,43,1,TRUE,FALSE,"applied_mean"
"Saint Lucia","LCA",2026,"20260921",35,2026-08-24,9,9,9,4,1,TRUE,FALSE,"applied_mean"
"Saint Lucia","LCA",2024,"20260921",46,2024-11-11,409,NA,409,97,NA,FALSE,TRUE,"no_lookup_match"
"Saint Martin",NA,2025,"20260921",48,2025-11-24,209,NA,209,43,NA,FALSE,TRUE,"no_lookup_match"
"Saint Martin",NA,2026,"20260921",20,2026-05-11,7,NA,7,19,NA,FALSE,TRUE,"no_lookup_match"
"Saint Martin",NA,2024,"20260921",48,2024-11-25,616,NA,616,95,NA,FALSE,TRUE,"no_lookup_match"
"Saint Vincent and the Grenadines","VCT",2025,"20260921",48,2025-11-24,6,6,6,43,1,TRUE,FALSE,"applied_mean"
"Saint Vincent and the Grenadines","VCT",2026,"20260921",31,2026-07-27,3,3,3,8,1,TRUE,FALSE,"applied_mean"
"Saint Vincent and the Grenadines","VCT",2024,"20260921",44,2024-10-28,967,NA,967,99,NA,FALSE,TRUE,"no_lookup_match"
"Sint Maarten","SXM",2024,"20260921",40,2024-09-30,144,NA,144,103,NA,FALSE,TRUE,"no_lookup_match"
"Sint Maarten","SXM",2025,"20260921",28,2025-07-07,8,NA,8,63,NA,FALSE,TRUE,"no_lookup_match"
"Suriname","SUR",2025,"20260921",48,2025-11-24,1301,1301,1301,43,1,TRUE,FALSE,"applied_mean"
"Suriname","SUR",2024,"20260921",20,2024-05-13,95,NA,95,123,NA,FALSE,TRUE,"no_lookup_match"
"Suriname","SUR",2026,"20260921",19,2026-05-04,418,418,418,20,1,TRUE,FALSE,"applied_mean"
"Trinidad and Tobago","TTO",2025,"20260921",48,2025-11-24,73,73,73,43,1,TRUE,FALSE,"applied_mean"
"Trinidad and Tobago","TTO",2026,"20260921",32,2026-08-03,102,102,102,7,1,TRUE,FALSE,"applied_mean"
"Trinidad and Tobago","TTO",2024,"20260921",48,2024-11-25,2004,NA,2004,95,NA,FALSE,TRUE,"no_lookup_match"
"Turks and Caicos Islands","TCA",2025,"20260921",48,2025-11-24,1,1,1,43,1,TRUE,FALSE,"applied_mean"
"Turks and Caicos Islands","TCA",2026,"20260921",12,2026-03-16,8,8,8,27,1,TRUE,FALSE,"applied_mean"
"Turks and Caicos Islands","TCA",2024,"20260921",48,2024-11-25,117,NA,117,95,NA,FALSE,TRUE,"no_lookup_match"
"Virgin Islands (UK)","VGB",2024,"20260921",48,2024-11-25,139,NA,139,95,NA,FALSE,TRUE,"no_lookup_match"
"Virgin Islands (UK)","VGB",2025,"20260921",48,2025-11-24,46,NA,46,43,NA,FALSE,TRUE,"no_lookup_match"
"Virgin Islands (UK)","VGB",2026,"20260921",24,2026-06-08,15,NA,15,15,NA,FALSE,TRUE,"no_lookup_match"
"Virgin Islands (US)","VIR",2024,"20260921",48,2024-11-25,177,NA,177,95,NA,FALSE,TRUE,"no_lookup_match"
"Virgin Islands (US)","VIR",2025,"20260921",48,2025-11-24,47,NA,47,43,NA,FALSE,TRUE,"no_lookup_match"
"Virgin Islands (US)","VIR",2026,"20260921",35,2026-08-24,0,NA,0,4,NA,FALSE,TRUE,"no_lookup_match"
"Canada","CAN",2024,"20260921",49,2024-12-02,0,NA,0,94,NA,FALSE,TRUE,"no_lookup_match"
"Canada","CAN",2025,"20260921",49,2025-12-01,0,NA,0,42,NA,FALSE,TRUE,"no_lookup_match"
"Canada","CAN",2026,"20260921",35,2026-08-24,0,NA,0,4,NA,FALSE,TRUE,"no_lookup_match"
"United States of America","USA",2024,"20260921",49,2024-12-02,2826,NA,2826,94,NA,FALSE,TRUE,"no_lookup_match"
"United States of America","USA",2025,"20260921",49,2025-12-01,1097,NA,1097,42,NA,FALSE,TRUE,"no_lookup_match"
"United States of America","USA",2026,"20260921",35,2026-08-24,351,NA,351,4,NA,FALSE,TRUE,"no_lookup_match"
"Belize","BLZ",2024,"20260921",48,2024-11-25,1148,NA,1148,95,NA,FALSE,TRUE,"country_excluded"
"Belize","BLZ",2025,"20260921",49,2025-12-01,2654,NA,2654,42,NA,FALSE,TRUE,"country_excluded"
"Belize","BLZ",2026,"20260921",15,2026-04-06,317,NA,317,24,NA,FALSE,TRUE,"country_excluded"
"Costa Rica","CRI",2026,"20260921",35,2026-08-24,4390,4085,4085,4,0.9304289202201,TRUE,FALSE,"applied_mean"
"Costa Rica","CRI",2024,"20260921",49,2024-12-02,30625,NA,30625,94,NA,FALSE,TRUE,"no_lookup_match"
"Costa Rica","CRI",2025,"20260921",49,2025-12-01,5508,5508,5508,42,1,TRUE,FALSE,"applied_mean"
"El Salvador","SLV",2024,"20260921",49,2024-12-02,8261,NA,8261,94,NA,FALSE,TRUE,"no_lookup_match"
"El Salvador","SLV",2025,"20260921",49,2025-12-01,5693,5693,5693,42,1,TRUE,FALSE,"applied_mean"
"El Salvador","SLV",2026,"20260921",30,2026-07-20,3039,3039,3039,9,1,TRUE,FALSE,"applied_mean"
"Guatemala","GTM",2025,"20260921",49,2025-12-01,46597,46597,46597,42,1,TRUE,FALSE,"applied_mean"
"Guatemala","GTM",2026,"20260921",26,2026-06-22,15679,20828,20828,13,1.32839399642986,TRUE,FALSE,"applied_mean"
"Guatemala","GTM",2024,"20260921",49,2024-12-02,185778,NA,185778,94,NA,FALSE,TRUE,"no_lookup_match"
"Honduras","HND",2024,"20260921",49,2024-12-02,176176,NA,176176,94,NA,FALSE,TRUE,"no_lookup_match"
"Honduras","HND",2025,"20260921",49,2025-12-01,16392,16392,16392,42,1,TRUE,FALSE,"applied_mean"
"Honduras","HND",2026,"20260921",33,2026-08-10,8079,8077,8077,6,0.999692576330584,TRUE,FALSE,"applied_mean"
"Mexico","MEX",2024,"20260921",49,2024-12-02,543056,NA,543056,94,NA,FALSE,TRUE,"no_lookup_match"
"Mexico","MEX",2025,"20260921",49,2025-12-01,140416,140416,140416,42,1,TRUE,FALSE,"applied_mean"
"Mexico","MEX",2026,"20260921",35,2026-08-24,48348,48677,48677,4,1.0067977465121,TRUE,FALSE,"applied_mean"
"Nicaragua","NIC",2025,"20260921",4,2025-01-20,5702,NA,5702,87,NA,FALSE,TRUE,"no_lookup_match"
"Nicaragua","NIC",2024,"20260921",49,2024-12-02,87094,NA,87094,94,NA,FALSE,TRUE,"no_lookup_match"
"Panama","PAN",2024,"20260921",49,2024-12-02,35588,NA,35588,94,NA,FALSE,TRUE,"no_lookup_match"
"Panama","PAN",2025,"20260921",49,2025-12-01,18809,18809,18809,42,1,TRUE,FALSE,"applied_mean"
"Panama","PAN",2026,"20260921",34,2026-08-17,9456,9158,9158,5,0.968526486210583,TRUE,FALSE,"applied_mean"
"Bolivia","BOL",2025,"20260921",49,2025-12-01,34601,34601,34601,42,1,TRUE,FALSE,"applied_mean"
"Bolivia","BOL",2026,"20260921",33,2026-08-10,58628,68007,68007,6,1.15996879530479,TRUE,FALSE,"applied_mean"
"Bolivia","BOL",2024,"20260921",49,2024-12-02,56127,NA,56127,94,NA,FALSE,TRUE,"no_lookup_match"
"Colombia","COL",2024,"20260921",49,2024-12-02,311536,NA,311536,94,NA,FALSE,TRUE,"no_lookup_match"
"Colombia","COL",2025,"20260921",49,2025-12-01,119203,119203,119203,42,1,TRUE,FALSE,"applied_mean"
"Colombia","COL",2026,"20260921",35,2026-08-24,77071,77071,77071,4,1,TRUE,FALSE,"applied_mean"
"Ecuador","ECU",2024,"20260921",49,2024-12-02,59185,NA,59185,94,NA,FALSE,TRUE,"no_lookup_match"
"Ecuador","ECU",2025,"20260921",49,2025-12-01,36963,37047,37047,42,1.0022602646707,TRUE,FALSE,"applied_mean"
"Ecuador","ECU",2026,"20260921",35,2026-08-24,32576,32597,32597,4,1.00063077279599,TRUE,FALSE,"applied_mean"
"Peru","PER",2024,"20260921",49,2024-12-02,268542,NA,268542,94,NA,FALSE,TRUE,"no_lookup_match"
"Peru","PER",2025,"20260921",49,2025-12-01,36875,34847,34847,42,0.945009231523186,TRUE,FALSE,"applied_mean"
"Peru","PER",2026,"20260921",36,2026-08-31,55943,55445,55445,3,0.991098736668739,TRUE,FALSE,"applied_mean"
"Venezuela","VEN",2024,"20260921",49,2024-12-02,57468,NA,57468,94,NA,FALSE,TRUE,"no_lookup_match"
"Venezuela","VEN",2025,"20260921",49,2025-12-01,40286,NA,40286,42,NA,FALSE,TRUE,"no_lookup_match"
"Venezuela","VEN",2026,"20260921",32,2026-08-03,10287,NA,10287,7,NA,FALSE,TRUE,"no_lookup_match"
"Argentina","ARG",2024,"20260921",49,2024-12-02,581499,NA,581499,94,NA,FALSE,TRUE,"no_lookup_match"
"Argentina","ARG",2025,"20260921",49,2025-12-01,17645,18998,18998,42,1.07666699502684,TRUE,FALSE,"applied_mean"
"Argentina","ARG",2026,"20260921",35,2026-08-24,59,66,66,4,1.11409122655788,TRUE,FALSE,"applied_mean"
"Brazil","BRA",2024,"20260921",49,2024-12-02,10160661,NA,10160661,94,NA,FALSE,TRUE,"no_lookup_match"
"Brazil","BRA",2025,"20260921",49,2025-12-01,3746703,3746867,3746867,42,1.00004384444955,TRUE,FALSE,"applied_mean"
"Brazil","BRA",2026,"20260921",36,2026-08-31,1276720,1350983,1350983,3,1.05816718283121,TRUE,FALSE,"applied_mean"
"Chile","CHL",2025,"20260921",49,2025-12-01,0,NA,0,42,NA,FALSE,TRUE,"no_lookup_match"
"Chile","CHL",2024,"20260921",49,2024-12-02,157,NA,157,94,NA,FALSE,TRUE,"no_lookup_match"
"Chile","CHL",2026,"20260921",34,2026-08-17,27,27,27,5,1.00229292929293,TRUE,FALSE,"applied_mean"
"Paraguay","PRY",2024,"20260921",49,2024-12-02,293250,NA,293250,94,NA,FALSE,TRUE,"no_lookup_match"
"Paraguay","PRY",2025,"20260921",49,2025-12-01,29754,29754,29754,42,1,TRUE,FALSE,"applied_mean"
"Paraguay","PRY",2026,"20260921",35,2026-08-24,10034,9860,9860,4,0.982649506719879,TRUE,FALSE,"applied_mean"
"Uruguay","URY",2025,"20260921",49,2025-12-01,7,7,7,42,1,TRUE,FALSE,"applied_mean"
"Uruguay","URY",2026,"20260921",32,2026-08-03,0,0,0,7,1.61117649105868,TRUE,FALSE,"applied_mean"
"Uruguay","URY",2024,"20260921",49,2024-12-02,1137,NA,1137,94,NA,FALSE,TRUE,"no_lookup_match"
"Cuba","CUB",2026,"20260921",25,2026-06-15,1746,NA,1746,14,NA,FALSE,TRUE,"no_lookup_match"
"Cuba","CUB",2024,"20260921",31,2024-07-29,985,NA,985,112,NA,FALSE,TRUE,"no_lookup_match"
"Cuba","CUB",2025,"20260921",48,2025-11-24,25995,NA,25995,43,NA,FALSE,TRUE,"no_lookup_match"
"Dominican Republic","DOM",2026,"20260921",34,2026-08-17,959,959,959,5,1,TRUE,FALSE,"applied_mean"
"Dominican Republic","DOM",2024,"20260921",49,2024-12-02,10168,NA,10168,94,NA,FALSE,TRUE,"no_lookup_match"
"Dominican Republic","DOM",2025,"20260921",49,2025-12-01,1916,1916,1916,42,1,TRUE,FALSE,"applied_mean"
"Puerto Rico","PRI",2024,"20260921",49,2024-12-02,5609,NA,5609,94,NA,FALSE,TRUE,"no_lookup_match"
"Puerto Rico","PRI",2025,"20260921",49,2025-12-01,3255,3255,3255,42,1,TRUE,FALSE,"applied_mean"
"Puerto Rico","PRI",2026,"20260921",33,2026-08-10,882,889,889,6,1.00809866256541,TRUE,FALSE,"applied_mean"
"Anguilla","AIA",2024,"20260921",49,2024-12-02,5,NA,5,94,NA,FALSE,TRUE,"no_lookup_match"
"Anguilla","AIA",2025,"20260921",49,2025-12-01,3,NA,3,42,NA,FALSE,TRUE,"no_lookup_match"
"Anguilla","AIA",2026,"20260921",33,2026-08-10,0,NA,0,6,NA,FALSE,TRUE,"no_lookup_match"
"Antigua and Barbuda","ATG",2025,"20260921",44,2025-10-27,15,15,15,47,1,TRUE,FALSE,"applied_mean"
"Antigua and Barbuda","ATG",2026,"20260921",28,2026-07-06,8,8,8,11,1.05927349913893,TRUE,FALSE,"applied_mean"
"Antigua and Barbuda","ATG",2024,"20260921",48,2024-11-25,169,NA,169,95,NA,FALSE,TRUE,"no_lookup_match"
"Aruba","ABW",2024,"20260921",44,2024-10-28,88,NA,88,99,NA,FALSE,TRUE,"no_lookup_match"
"Aruba","ABW",2025,"20260921",44,2025-10-27,14,14,14,47,1,TRUE,FALSE,"applied_mean"
"Bahamas","BHS",2024,"20260921",8,2024-02-19,0,NA,0,135,NA,FALSE,TRUE,"no_lookup_match"
"Bahamas","BHS",2026,"20260921",20,2026-05-11,1,NA,1,19,NA,FALSE,TRUE,"no_lookup_match"
"Barbados","BRB",2025,"20260921",49,2025-12-01,173,173,173,42,1,TRUE,FALSE,"applied_mean"
"Barbados","BRB",2026,"20260921",30,2026-07-20,66,54,54,9,0.811243003335894,TRUE,FALSE,"applied_mean"
"Barbados","BRB",2024,"20260921",49,2024-12-02,1119,NA,1119,94,NA,FALSE,TRUE,"no_lookup_match"
"Bermuda","BMU",2024,"20260921",44,2024-10-28,1,NA,1,99,NA,FALSE,TRUE,"no_lookup_match"
"Bermuda","BMU",2025,"20260921",48,2025-11-24,1,1,1,43,1,TRUE,FALSE,"applied_mean"
"Bermuda","BMU",2026,"20260921",24,2026-06-08,2,NA,2,15,NA,FALSE,TRUE,"no_lookup_match"
"Bonaire, Saint Eustatius and Saba","BES",2024,"20260921",12,2024-03-18,207,NA,207,131,NA,FALSE,TRUE,"no_lookup_match"
"Cayman Islands","CYM",2024,"20260921",40,2024-09-30,8,NA,8,103,NA,FALSE,TRUE,"no_lookup_match"
"Cayman Islands","CYM",2025,"20260921",49,2025-12-01,0,0,0,42,1,TRUE,FALSE,"applied_mean"
"Cayman Islands","CYM",2026,"20260921",32,2026-08-03,0,0,0,7,1,TRUE,FALSE,"applied_mean"
"Curaçao","CUW",2024,"20260921",12,2024-03-18,262,NA,262,131,NA,FALSE,TRUE,"no_lookup_match"
"French Guiana","GUF",2024,"20260921",32,2024-08-05,16141,NA,16141,111,NA,FALSE,TRUE,"no_lookup_match"
"French Guiana","GUF",2025,"20260921",49,2025-12-01,306,NA,306,42,NA,FALSE,TRUE,"no_lookup_match"
"French Guiana","GUF",2026,"20260921",36,2026-08-31,12,12,12,3,1,TRUE,FALSE,"applied_mean"
"Grenada","GRD",2025,"20260921",49,2025-12-01,180,180,180,42,1,TRUE,FALSE,"applied_mean"
"Grenada","GRD",2026,"20260921",35,2026-08-24,168,168,168,4,1,TRUE,FALSE,"applied_mean"
"Grenada","GRD",2024,"20260921",49,2024-12-02,793,NA,793,94,NA,FALSE,TRUE,"no_lookup_match"
"Guadeloupe","GLP",2026,"20260921",20,2026-05-11,383,383,383,19,1,TRUE,FALSE,"applied_mean"
"Guadeloupe","GLP",2024,"20260921",49,2024-12-02,10585,NA,10585,94,NA,FALSE,TRUE,"no_lookup_match"
"Guadeloupe","GLP",2025,"20260921",49,2025-12-01,4914,4914,4914,42,1,TRUE,FALSE,"applied_mean"
"Guyana","GUY",2025,"20260921",49,2025-12-01,67053,68636,68636,42,1.02361228611415,TRUE,FALSE,"applied_mean"
"Guyana","GUY",2026,"20260921",25,2026-06-15,35768,39388,39388,14,1.10121007553855,TRUE,FALSE,"applied_mean"
"Guyana","GUY",2024,"20260921",49,2024-12-02,44713,NA,44713,94,NA,FALSE,TRUE,"no_lookup_match"
"Jamaica","JAM",2025,"20260921",49,2025-12-01,531,531,531,42,1,TRUE,FALSE,"applied_mean"
"Jamaica","JAM",2026,"20260921",30,2026-07-20,145,145,145,9,1,TRUE,FALSE,"applied_mean"
"Jamaica","JAM",2024,"20260921",49,2024-12-02,1961,NA,1961,94,NA,FALSE,TRUE,"no_lookup_match"
"Martinique","MTQ",2025,"20260921",49,2025-12-01,1175,1175,1175,42,1,TRUE,FALSE,"applied_mean"
"Martinique","MTQ",2024,"20260921",49,2024-12-02,7341,NA,7341,94,NA,FALSE,TRUE,"no_lookup_match"
"Martinique","MTQ",2026,"20260921",20,2026-05-11,1354,1354,1354,19,1,TRUE,FALSE,"applied_mean"
"Montserrat","MSR",2024,"20260921",48,2024-11-25,3,NA,3,95,NA,FALSE,TRUE,"no_lookup_match"
"Montserrat","MSR",2025,"20260921",48,2025-11-24,3,3,3,43,1,TRUE,FALSE,"applied_mean"
"Montserrat","MSR",2026,"20260921",32,2026-08-03,0,0,0,7,1,TRUE,FALSE,"applied_mean"
"Saint Barthelemy","BLM",2025,"20260921",49,2025-12-01,20,20,20,42,1,TRUE,FALSE,"applied_mean"
"Saint Barthelemy","BLM",2026,"20260921",20,2026-05-11,0,0,0,19,1,TRUE,FALSE,"applied_mean"
"Saint Barthelemy","BLM",2024,"20260921",49,2024-12-02,163,NA,163,94,NA,FALSE,TRUE,"no_lookup_match"
"Saint Kitts and Nevis","KNA",2024,"20260921",49,2024-12-02,249,NA,249,94,NA,FALSE,TRUE,"no_lookup_match"
"Saint Kitts and Nevis","KNA",2025,"20260921",49,2025-12-01,9,9,9,42,1,TRUE,FALSE,"applied_mean"
"Saint Kitts and Nevis","KNA",2026,"20260921",13,2026-03-23,13,13,13,26,1.0137990750553,TRUE,FALSE,"applied_mean"
"Saint Lucia","LCA",2025,"20260921",49,2025-12-01,49,49,49,42,1,TRUE,FALSE,"applied_mean"
"Saint Lucia","LCA",2026,"20260921",35,2026-08-24,9,9,9,4,1,TRUE,FALSE,"applied_mean"
"Saint Lucia","LCA",2024,"20260921",46,2024-11-11,409,NA,409,97,NA,FALSE,TRUE,"no_lookup_match"
"Saint Martin",NA,2025,"20260921",49,2025-12-01,214,NA,214,42,NA,FALSE,TRUE,"no_lookup_match"
"Saint Martin",NA,2026,"20260921",20,2026-05-11,7,NA,7,19,NA,FALSE,TRUE,"no_lookup_match"
"Saint Martin",NA,2024,"20260921",49,2024-12-02,624,NA,624,94,NA,FALSE,TRUE,"no_lookup_match"
"Saint Vincent and the Grenadines","VCT",2025,"20260921",49,2025-12-01,6,6,6,42,1,TRUE,FALSE,"applied_mean"
"Saint Vincent and the Grenadines","VCT",2026,"20260921",31,2026-07-27,3,3,3,8,1,TRUE,FALSE,"applied_mean"
"Saint Vincent and the Grenadines","VCT",2024,"20260921",44,2024-10-28,967,NA,967,99,NA,FALSE,TRUE,"no_lookup_match"
"Sint Maarten","SXM",2024,"20260921",40,2024-09-30,144,NA,144,103,NA,FALSE,TRUE,"no_lookup_match"
"Sint Maarten","SXM",2025,"20260921",28,2025-07-07,8,NA,8,63,NA,FALSE,TRUE,"no_lookup_match"
"Suriname","SUR",2025,"20260921",49,2025-12-01,1311,1311,1311,42,1,TRUE,FALSE,"applied_mean"
"Suriname","SUR",2024,"20260921",20,2024-05-13,95,NA,95,123,NA,FALSE,TRUE,"no_lookup_match"
"Suriname","SUR",2026,"20260921",19,2026-05-04,418,418,418,20,1,TRUE,FALSE,"applied_mean"
"Trinidad and Tobago","TTO",2025,"20260921",49,2025-12-01,73,73,73,42,1,TRUE,FALSE,"applied_mean"
"Trinidad and Tobago","TTO",2026,"20260921",32,2026-08-03,102,102,102,7,1,TRUE,FALSE,"applied_mean"
"Trinidad and Tobago","TTO",2024,"20260921",48,2024-11-25,2004,NA,2004,95,NA,FALSE,TRUE,"no_lookup_match"
"Turks and Caicos Islands","TCA",2025,"20260921",48,2025-11-24,1,1,1,43,1,TRUE,FALSE,"applied_mean"
"Turks and Caicos Islands","TCA",2026,"20260921",12,2026-03-16,8,8,8,27,1,TRUE,FALSE,"applied_mean"
"Turks and Caicos Islands","TCA",2024,"20260921",49,2024-12-02,117,NA,117,94,NA,FALSE,TRUE,"no_lookup_match"
"Virgin Islands (UK)","VGB",2024,"20260921",48,2024-11-25,139,NA,139,95,NA,FALSE,TRUE,"no_lookup_match"
"Virgin Islands (UK)","VGB",2025,"20260921",48,2025-11-24,46,NA,46,43,NA,FALSE,TRUE,"no_lookup_match"
"Virgin Islands (UK)","VGB",2026,"20260921",24,2026-06-08,15,NA,15,15,NA,FALSE,TRUE,"no_lookup_match"
"Virgin Islands (US)","VIR",2024,"20260921",49,2024-12-02,180,NA,180,94,NA,FALSE,TRUE,"no_lookup_match"
"Virgin Islands (US)","VIR",2025,"20260921",49,2025-12-01,47,NA,47,42,NA,FALSE,TRUE,"no_lookup_match"
"Virgin Islands (US)","VIR",2026,"20260921",35,2026-08-24,0,NA,0,4,NA,FALSE,TRUE,"no_lookup_match"
"Canada","CAN",2024,"20260921",4,2024-01-22,0,NA,0,139,NA,FALSE,TRUE,"no_lookup_match"
"Canada","CAN",2025,"20260921",4,2025-01-20,0,NA,0,87,NA,FALSE,TRUE,"no_lookup_match"
"Canada","CAN",2026,"20260921",4,2026-01-19,0,NA,0,35,NA,FALSE,TRUE,"no_lookup_match"
"United States of America","USA",2024,"20260921",4,2024-01-22,32,NA,32,139,NA,FALSE,TRUE,"no_lookup_match"
"United States of America","USA",2025,"20260921",4,2025-01-20,51,NA,51,87,NA,FALSE,TRUE,"no_lookup_match"
"United States of America","USA",2026,"20260921",4,2026-01-19,22,NA,22,35,NA,FALSE,TRUE,"no_lookup_match"
"Belize","BLZ",2024,"20260921",4,2024-01-22,62,NA,62,139,NA,FALSE,TRUE,"country_excluded"
"Belize","BLZ",2025,"20260921",4,2025-01-20,41,NA,41,87,NA,FALSE,TRUE,"country_excluded"
"Belize","BLZ",2026,"20260921",4,2026-01-19,158,NA,158,35,NA,FALSE,TRUE,"country_excluded"
"Costa Rica","CRI",2024,"20260921",4,2024-01-22,2924,NA,2924,139,NA,FALSE,TRUE,"no_lookup_match"
"Costa Rica","CRI",2025,"20260921",4,2025-01-20,472,NA,472,87,NA,FALSE,TRUE,"no_lookup_match"
"Costa Rica","CRI",2026,"20260921",4,2026-01-19,219,219,219,35,1,TRUE,FALSE,"applied_mean"
"El Salvador","SLV",2025,"20260921",4,2025-01-20,327,NA,327,87,NA,FALSE,TRUE,"no_lookup_match"
"El Salvador","SLV",2024,"20260921",4,2024-01-22,375,NA,375,139,NA,FALSE,TRUE,"no_lookup_match"
"El Salvador","SLV",2026,"20260921",4,2026-01-19,635,635,635,35,1,TRUE,FALSE,"applied_mean"
"Guatemala","GTM",2025,"20260921",4,2025-01-20,3554,NA,3554,87,NA,FALSE,TRUE,"no_lookup_match"
"Guatemala","GTM",2024,"20260921",4,2024-01-22,6428,NA,6428,139,NA,FALSE,TRUE,"no_lookup_match"
"Guatemala","GTM",2026,"20260921",4,2026-01-19,2131,2131,2131,35,1,TRUE,FALSE,"applied_mean"
"Honduras","HND",2025,"20260921",4,2025-01-20,1148,NA,1148,87,NA,FALSE,TRUE,"no_lookup_match"
"Honduras","HND",2024,"20260921",4,2024-01-22,2940,NA,2940,139,NA,FALSE,TRUE,"no_lookup_match"
"Honduras","HND",2026,"20260921",4,2026-01-19,889,889,889,35,1,TRUE,FALSE,"applied_mean"
"Mexico","MEX",2024,"20260921",4,2024-01-22,17422,NA,17422,139,NA,FALSE,TRUE,"no_lookup_match"
"Mexico","MEX",2025,"20260921",4,2025-01-20,9096,NA,9096,87,NA,FALSE,TRUE,"no_lookup_match"
"Mexico","MEX",2026,"20260921",4,2026-01-19,5118,5118,5118,35,1,TRUE,FALSE,"applied_mean"
"Nicaragua","NIC",2025,"20260921",4,2025-01-20,5702,NA,5702,87,NA,FALSE,TRUE,"no_lookup_match"
"Nicaragua","NIC",2024,"20260921",4,2024-01-22,7643,NA,7643,139,NA,FALSE,TRUE,"no_lookup_match"
"Panama","PAN",2024,"20260921",4,2024-01-22,2106,NA,2106,139,NA,FALSE,TRUE,"no_lookup_match"
"Panama","PAN",2025,"20260921",4,2025-01-20,1835,NA,1835,87,NA,FALSE,TRUE,"no_lookup_match"
"Panama","PAN",2026,"20260921",4,2026-01-19,838,838,838,35,1,TRUE,FALSE,"applied_mean"
"Bolivia","BOL",2024,"20260921",4,2024-01-22,7028,NA,7028,139,NA,FALSE,TRUE,"no_lookup_match"
"Bolivia","BOL",2025,"20260921",4,2025-01-20,3359,NA,3359,87,NA,FALSE,TRUE,"no_lookup_match"
"Bolivia","BOL",2026,"20260921",4,2026-01-19,7790,7790,7790,35,1,TRUE,FALSE,"applied_mean"
"Colombia","COL",2025,"20260921",4,2025-01-20,15366,NA,15366,87,NA,FALSE,TRUE,"no_lookup_match"
"Colombia","COL",2024,"20260921",4,2024-01-22,21497,NA,21497,139,NA,FALSE,TRUE,"no_lookup_match"
"Colombia","COL",2026,"20260921",4,2026-01-19,9383,9383,9383,35,1,TRUE,FALSE,"applied_mean"
"Ecuador","ECU",2024,"20260921",4,2024-01-22,2749,NA,2749,139,NA,FALSE,TRUE,"no_lookup_match"
"Ecuador","ECU",2025,"20260921",4,2025-01-20,3400,NA,3400,87,NA,FALSE,TRUE,"no_lookup_match"
"Ecuador","ECU",2026,"20260921",4,2026-01-19,1352,1355,1355,35,1.00239836596769,TRUE,FALSE,"applied_mean"
"Peru","PER",2024,"20260921",4,2024-01-22,8320,NA,8320,139,NA,FALSE,TRUE,"no_lookup_match"
"Peru","PER",2025,"20260921",4,2025-01-20,4867,NA,4867,87,NA,FALSE,TRUE,"no_lookup_match"
"Peru","PER",2026,"20260921",4,2026-01-19,1831,1722,1722,35,0.940475759809518,TRUE,FALSE,"applied_mean"
"Venezuela","VEN",2024,"20260921",4,2024-01-22,2399,NA,2399,139,NA,FALSE,TRUE,"no_lookup_match"
"Venezuela","VEN",2025,"20260921",4,2025-01-20,4677,NA,4677,87,NA,FALSE,TRUE,"no_lookup_match"
"Venezuela","VEN",2026,"20260921",4,2026-01-19,1608,NA,1608,35,NA,FALSE,TRUE,"no_lookup_match"
"Argentina","ARG",2026,"20260921",4,2026-01-19,4,4,4,35,1.08957793400701,TRUE,FALSE,"applied_mean"
"Argentina","ARG",2024,"20260921",4,2024-01-22,24828,NA,24828,139,NA,FALSE,TRUE,"no_lookup_match"
"Argentina","ARG",2025,"20260921",4,2025-01-20,178,NA,178,87,NA,FALSE,TRUE,"no_lookup_match"
"Brazil","BRA",2024,"20260921",4,2024-01-22,518846,NA,518846,139,NA,FALSE,TRUE,"no_lookup_match"
"Brazil","BRA",2025,"20260921",4,2025-01-20,347731,NA,347731,87,NA,FALSE,TRUE,"no_lookup_match"
"Brazil","BRA",2026,"20260921",4,2026-01-19,128544,128494,128494,35,0.999609536710621,TRUE,FALSE,"applied_mean"
"Chile","CHL",2024,"20260921",4,2024-01-22,0,NA,0,139,NA,FALSE,TRUE,"no_lookup_match"
"Chile","CHL",2025,"20260921",4,2025-01-20,0,NA,0,87,NA,FALSE,TRUE,"no_lookup_match"
"Chile","CHL",2026,"20260921",4,2026-01-19,0,NA,0,35,NA,FALSE,TRUE,"no_lookup_match"
"Paraguay","PRY",2024,"20260921",4,2024-01-22,77735,NA,77735,139,NA,FALSE,TRUE,"no_lookup_match"
"Paraguay","PRY",2025,"20260921",4,2025-01-20,3751,NA,3751,87,NA,FALSE,TRUE,"no_lookup_match"
"Paraguay","PRY",2026,"20260921",4,2026-01-19,2396,2396,2396,35,1,TRUE,FALSE,"applied_mean"
"Uruguay","URY",2024,"20260921",4,2024-01-22,14,NA,14,139,NA,FALSE,TRUE,"no_lookup_match"
"Uruguay","URY",2025,"20260921",4,2025-01-20,0,NA,0,87,NA,FALSE,TRUE,"no_lookup_match"
"Uruguay","URY",2026,"20260921",4,2026-01-19,0,0,0,35,1,TRUE,FALSE,"applied_mean"
"Cuba","CUB",2026,"20260921",4,2026-01-19,600,NA,600,35,NA,FALSE,TRUE,"no_lookup_match"
"Dominican Republic","DOM",2024,"20260921",4,2024-01-22,2882,NA,2882,139,NA,FALSE,TRUE,"no_lookup_match"
"Dominican Republic","DOM",2025,"20260921",4,2025-01-20,153,NA,153,87,NA,FALSE,TRUE,"no_lookup_match"
"Dominican Republic","DOM",2026,"20260921",4,2026-01-19,103,103,103,35,1,TRUE,FALSE,"applied_mean"
"Puerto Rico","PRI",2024,"20260921",4,2024-01-22,219,NA,219,139,NA,FALSE,TRUE,"no_lookup_match"
"Puerto Rico","PRI",2025,"20260921",4,2025-01-20,532,NA,532,87,NA,FALSE,TRUE,"no_lookup_match"
"Puerto Rico","PRI",2026,"20260921",4,2026-01-19,187,187,187,35,1,TRUE,FALSE,"applied_mean"
"Anguilla","AIA",2025,"20260921",4,2025-01-20,0,NA,0,87,NA,FALSE,TRUE,"no_lookup_match"
"Anguilla","AIA",2026,"20260921",4,2026-01-19,0,NA,0,35,NA,FALSE,TRUE,"insufficient_n_rf"
"Antigua and Barbuda","ATG",2025,"20260921",4,2025-01-20,0,NA,0,87,NA,FALSE,TRUE,"no_lookup_match"
"Antigua and Barbuda","ATG",2026,"20260921",4,2026-01-19,2,2,2,35,1,TRUE,FALSE,"applied_mean"
"Antigua and Barbuda","ATG",2024,"20260921",4,2024-01-22,41,NA,41,139,NA,FALSE,TRUE,"no_lookup_match"
"Aruba","ABW",2024,"20260921",4,2024-01-22,2,NA,2,139,NA,FALSE,TRUE,"no_lookup_match"
"Aruba","ABW",2025,"20260921",4,2025-01-20,0,NA,0,87,NA,FALSE,TRUE,"no_lookup_match"
"Bahamas","BHS",2024,"20260921",4,2024-01-22,0,NA,0,139,NA,FALSE,TRUE,"no_lookup_match"
"Bahamas","BHS",2026,"20260921",4,2026-01-19,0,0,0,35,1,TRUE,FALSE,"applied_mean"
"Barbados","BRB",2025,"20260921",4,2025-01-20,21,NA,21,87,NA,FALSE,TRUE,"no_lookup_match"
"Barbados","BRB",2026,"20260921",4,2026-01-19,8,8,8,35,1,TRUE,FALSE,"applied_mean"
"Barbados","BRB",2024,"20260921",4,2024-01-22,334,NA,334,139,NA,FALSE,TRUE,"no_lookup_match"
"Bermuda","BMU",2024,"20260921",4,2024-01-22,0,NA,0,139,NA,FALSE,TRUE,"no_lookup_match"
"Bermuda","BMU",2025,"20260921",4,2025-01-20,0,NA,0,87,NA,FALSE,TRUE,"no_lookup_match"
"Bermuda","BMU",2026,"20260921",4,2026-01-19,0,0,0,35,1,TRUE,FALSE,"applied_mean"
"Bonaire, Saint Eustatius and Saba","BES",2024,"20260921",4,2024-01-22,69,NA,69,139,NA,FALSE,TRUE,"no_lookup_match"
"Cayman Islands","CYM",2024,"20260921",4,2024-01-22,0,NA,0,139,NA,FALSE,TRUE,"no_lookup_match"
"Cayman Islands","CYM",2025,"20260921",4,2025-01-20,0,NA,0,87,NA,FALSE,TRUE,"no_lookup_match"
"Cayman Islands","CYM",2026,"20260921",4,2026-01-19,0,NA,0,35,NA,FALSE,TRUE,"insufficient_n_rf"
"Curaçao","CUW",2024,"20260921",4,2024-01-22,26,NA,26,139,NA,FALSE,TRUE,"no_lookup_match"
"French Guiana","GUF",2026,"20260921",4,2026-01-19,1,1,1,35,1,TRUE,FALSE,"applied_mean"
"French Guiana","GUF",2024,"20260921",4,2024-01-22,3672,NA,3672,139,NA,FALSE,TRUE,"no_lookup_match"
"Grenada","GRD",2024,"20260921",4,2024-01-22,37,NA,37,139,NA,FALSE,TRUE,"no_lookup_match"
"Grenada","GRD",2025,"20260921",4,2025-01-20,15,NA,15,87,NA,FALSE,TRUE,"no_lookup_match"
"Grenada","GRD",2026,"20260921",4,2026-01-19,16,16,16,35,1,TRUE,FALSE,"applied_mean"
"Guadeloupe","GLP",2026,"20260921",4,2026-01-19,80,80,80,35,1,TRUE,FALSE,"applied_mean"
"Guadeloupe","GLP",2024,"20260921",4,2024-01-22,1120,NA,1120,139,NA,FALSE,TRUE,"no_lookup_match"
"Guadeloupe","GLP",2025,"20260921",4,2025-01-20,1570,NA,1570,87,NA,FALSE,TRUE,"no_lookup_match"
"Guyana","GUY",2024,"20260921",4,2024-01-22,2232,NA,2232,139,NA,FALSE,TRUE,"no_lookup_match"
"Guyana","GUY",2025,"20260921",4,2025-01-20,4003,NA,4003,87,NA,FALSE,TRUE,"no_lookup_match"
"Guyana","GUY",2026,"20260921",4,2026-01-19,9927,10060,10060,35,1.01342303092913,TRUE,FALSE,"applied_mean"
"Jamaica","JAM",2024,"20260921",4,2024-01-22,420,NA,420,139,NA,FALSE,TRUE,"no_lookup_match"
"Jamaica","JAM",2025,"20260921",4,2025-01-20,35,NA,35,87,NA,FALSE,TRUE,"no_lookup_match"
"Jamaica","JAM",2026,"20260921",4,2026-01-19,40,40,40,35,1,TRUE,FALSE,"applied_mean"
"Martinique","MTQ",2025,"20260921",4,2025-01-20,233,NA,233,87,NA,FALSE,TRUE,"no_lookup_match"
"Martinique","MTQ",2024,"20260921",4,2024-01-22,1185,NA,1185,139,NA,FALSE,TRUE,"no_lookup_match"
"Martinique","MTQ",2026,"20260921",4,2026-01-19,226,226,226,35,1,TRUE,FALSE,"applied_mean"
"Montserrat","MSR",2024,"20260921",4,2024-01-22,1,NA,1,139,NA,FALSE,TRUE,"no_lookup_match"
"Montserrat","MSR",2025,"20260921",4,2025-01-20,0,NA,0,87,NA,FALSE,TRUE,"no_lookup_match"
"Montserrat","MSR",2026,"20260921",4,2026-01-19,0,0,0,35,1,TRUE,FALSE,"applied_mean"
"Saint Barthelemy","BLM",2025,"20260921",4,2025-01-20,11,NA,11,87,NA,FALSE,TRUE,"no_lookup_match"
"Saint Barthelemy","BLM",2026,"20260921",4,2026-01-19,0,0,0,35,1,TRUE,FALSE,"applied_mean"
"Saint Barthelemy","BLM",2024,"20260921",4,2024-01-22,64,NA,64,139,NA,FALSE,TRUE,"no_lookup_match"
"Saint Kitts and Nevis","KNA",2024,"20260921",4,2024-01-22,106,NA,106,139,NA,FALSE,TRUE,"no_lookup_match"
"Saint Kitts and Nevis","KNA",2025,"20260921",4,2025-01-20,0,NA,0,87,NA,FALSE,TRUE,"no_lookup_match"
"Saint Kitts and Nevis","KNA",2026,"20260921",4,2026-01-19,2,2,2,35,1,TRUE,FALSE,"applied_mean"
"Saint Lucia","LCA",2024,"20260921",4,2024-01-22,0,NA,0,139,NA,FALSE,TRUE,"no_lookup_match"
"Saint Lucia","LCA",2025,"20260921",4,2025-01-20,5,NA,5,87,NA,FALSE,TRUE,"no_lookup_match"
"Saint Lucia","LCA",2026,"20260921",4,2026-01-19,0,0,0,35,1,TRUE,FALSE,"applied_mean"
"Saint Martin",NA,2025,"20260921",4,2025-01-20,53,NA,53,87,NA,FALSE,TRUE,"no_lookup_match"
"Saint Martin",NA,2026,"20260921",4,2026-01-19,0,NA,0,35,NA,FALSE,TRUE,"no_lookup_match"
"Saint Martin",NA,2024,"20260921",4,2024-01-22,186,NA,186,139,NA,FALSE,TRUE,"no_lookup_match"
"Saint Vincent and the Grenadines","VCT",2025,"20260921",4,2025-01-20,0,NA,0,87,NA,FALSE,TRUE,"no_lookup_match"
"Saint Vincent and the Grenadines","VCT",2026,"20260921",4,2026-01-19,1,1,1,35,1,TRUE,FALSE,"applied_mean"
"Sint Maarten","SXM",2024,"20260921",4,2024-01-22,48,NA,48,139,NA,FALSE,TRUE,"no_lookup_match"
"Sint Maarten","SXM",2025,"20260921",4,2025-01-20,0,NA,0,87,NA,FALSE,TRUE,"no_lookup_match"
"Suriname","SUR",2024,"20260921",4,2024-01-22,21,NA,21,139,NA,FALSE,TRUE,"no_lookup_match"
"Suriname","SUR",2025,"20260921",4,2025-01-20,53,NA,53,87,NA,FALSE,TRUE,"no_lookup_match"
"Suriname","SUR",2026,"20260921",4,2026-01-19,66,66,66,35,1,TRUE,FALSE,"applied_mean"
"Trinidad and Tobago","TTO",2025,"20260921",4,2025-01-20,0,NA,0,87,NA,FALSE,TRUE,"no_lookup_match"
"Trinidad and Tobago","TTO",2026,"20260921",4,2026-01-19,2,NA,2,35,NA,FALSE,TRUE,"insufficient_n_rf"
"Trinidad and Tobago","TTO",2024,"20260921",4,2024-01-22,46,NA,46,139,NA,FALSE,TRUE,"no_lookup_match"
"Turks and Caicos Islands","TCA",2025,"20260921",4,2025-01-20,0,NA,0,87,NA,FALSE,TRUE,"no_lookup_match"
"Turks and Caicos Islands","TCA",2026,"20260921",4,2026-01-19,8,8,8,35,1,TRUE,FALSE,"applied_mean"
"Turks and Caicos Islands","TCA",2024,"20260921",4,2024-01-22,27,NA,27,139,NA,FALSE,TRUE,"no_lookup_match"
"Virgin Islands (UK)","VGB",2025,"20260921",4,2025-01-20,9,NA,9,87,NA,FALSE,TRUE,"no_lookup_match"
"Virgin Islands (UK)","VGB",2026,"20260921",4,2026-01-19,0,NA,0,35,NA,FALSE,TRUE,"no_lookup_match"
"Virgin Islands (US)","VIR",2024,"20260921",4,2024-01-22,0,NA,0,139,NA,FALSE,TRUE,"no_lookup_match"
"Virgin Islands (US)","VIR",2025,"20260921",4,2025-01-20,1,NA,1,87,NA,FALSE,TRUE,"no_lookup_match"
"Virgin Islands (US)","VIR",2026,"20260921",4,2026-01-19,0,NA,0,35,NA,FALSE,TRUE,"no_lookup_match"
"Canada","CAN",2024,"20260921",50,2024-12-09,0,NA,0,93,NA,FALSE,TRUE,"no_lookup_match"
"Canada","CAN",2025,"20260921",50,2025-12-08,0,NA,0,41,NA,FALSE,TRUE,"no_lookup_match"
"Canada","CAN",2026,"20260921",35,2026-08-24,0,NA,0,4,NA,FALSE,TRUE,"no_lookup_match"
"United States of America","USA",2024,"20260921",50,2024-12-09,3015,NA,3015,93,NA,FALSE,TRUE,"no_lookup_match"
"United States of America","USA",2025,"20260921",50,2025-12-08,1104,NA,1104,41,NA,FALSE,TRUE,"no_lookup_match"
"United States of America","USA",2026,"20260921",35,2026-08-24,351,NA,351,4,NA,FALSE,TRUE,"no_lookup_match"
"Belize","BLZ",2024,"20260921",48,2024-11-25,1148,NA,1148,95,NA,FALSE,TRUE,"country_excluded"
"Belize","BLZ",2025,"20260921",50,2025-12-08,2691,NA,2691,41,NA,FALSE,TRUE,"country_excluded"
"Belize","BLZ",2026,"20260921",15,2026-04-06,317,NA,317,24,NA,FALSE,TRUE,"country_excluded"
"Costa Rica","CRI",2026,"20260921",35,2026-08-24,4390,4085,4085,4,0.9304289202201,TRUE,FALSE,"applied_mean"
"Costa Rica","CRI",2024,"20260921",50,2024-12-09,30937,NA,30937,93,NA,FALSE,TRUE,"no_lookup_match"
"Costa Rica","CRI",2025,"20260921",50,2025-12-08,5728,5728,5728,41,1,TRUE,FALSE,"applied_mean"
"El Salvador","SLV",2024,"20260921",50,2024-12-09,8362,NA,8362,93,NA,FALSE,TRUE,"no_lookup_match"
"El Salvador","SLV",2025,"20260921",50,2025-12-08,5746,5746,5746,41,1,TRUE,FALSE,"applied_mean"
"El Salvador","SLV",2026,"20260921",30,2026-07-20,3039,3039,3039,9,1,TRUE,FALSE,"applied_mean"
"Guatemala","GTM",2025,"20260921",50,2025-12-08,47177,47177,47177,41,1,TRUE,FALSE,"applied_mean"
"Guatemala","GTM",2026,"20260921",26,2026-06-22,15679,20828,20828,13,1.32839399642986,TRUE,FALSE,"applied_mean"
"Guatemala","GTM",2024,"20260921",50,2024-12-09,187046,NA,187046,93,NA,FALSE,TRUE,"no_lookup_match"
"Honduras","HND",2024,"20260921",50,2024-12-09,176594,NA,176594,93,NA,FALSE,TRUE,"no_lookup_match"
"Honduras","HND",2025,"20260921",50,2025-12-08,16705,16705,16705,41,1,TRUE,FALSE,"applied_mean"
"Honduras","HND",2026,"20260921",33,2026-08-10,8079,8077,8077,6,0.999692576330584,TRUE,FALSE,"applied_mean"
"Mexico","MEX",2024,"20260921",50,2024-12-09,550553,NA,550553,93,NA,FALSE,TRUE,"no_lookup_match"
"Mexico","MEX",2025,"20260921",50,2025-12-08,142377,142377,142377,41,1,TRUE,FALSE,"applied_mean"
"Mexico","MEX",2026,"20260921",35,2026-08-24,48348,48677,48677,4,1.0067977465121,TRUE,FALSE,"applied_mean"
"Nicaragua","NIC",2025,"20260921",4,2025-01-20,5702,NA,5702,87,NA,FALSE,TRUE,"no_lookup_match"
"Nicaragua","NIC",2024,"20260921",50,2024-12-09,88807,NA,88807,93,NA,FALSE,TRUE,"no_lookup_match"
"Panama","PAN",2024,"20260921",50,2024-12-09,36225,NA,36225,93,NA,FALSE,TRUE,"no_lookup_match"
"Panama","PAN",2025,"20260921",50,2025-12-08,19114,19114,19114,41,1,TRUE,FALSE,"applied_mean"
"Panama","PAN",2026,"20260921",34,2026-08-17,9456,9158,9158,5,0.968526486210583,TRUE,FALSE,"applied_mean"
"Bolivia","BOL",2025,"20260921",50,2025-12-08,35495,35495,35495,41,1,TRUE,FALSE,"applied_mean"
"Bolivia","BOL",2026,"20260921",33,2026-08-10,58628,68007,68007,6,1.15996879530479,TRUE,FALSE,"applied_mean"
"Bolivia","BOL",2024,"20260921",50,2024-12-09,56815,NA,56815,93,NA,FALSE,TRUE,"no_lookup_match"
"Colombia","COL",2024,"20260921",50,2024-12-09,314915,NA,314915,93,NA,FALSE,TRUE,"no_lookup_match"
"Colombia","COL",2025,"20260921",50,2025-12-08,121170,121170,121170,41,1,TRUE,FALSE,"applied_mean"
"Colombia","COL",2026,"20260921",35,2026-08-24,77071,77071,77071,4,1,TRUE,FALSE,"applied_mean"
"Ecuador","ECU",2024,"20260921",50,2024-12-09,59906,NA,59906,93,NA,FALSE,TRUE,"no_lookup_match"
"Ecuador","ECU",2025,"20260921",50,2025-12-08,37137,37222,37222,41,1.00228574282389,TRUE,FALSE,"applied_mean"
"Ecuador","ECU",2026,"20260921",35,2026-08-24,32576,32597,32597,4,1.00063077279599,TRUE,FALSE,"applied_mean"
"Peru","PER",2024,"20260921",50,2024-12-09,269586,NA,269586,93,NA,FALSE,TRUE,"no_lookup_match"
"Peru","PER",2025,"20260921",50,2025-12-08,37517,35432,35432,41,0.944429620345175,TRUE,FALSE,"applied_mean"
"Peru","PER",2026,"20260921",36,2026-08-31,55943,55445,55445,3,0.991098736668739,TRUE,FALSE,"applied_mean"
"Venezuela","VEN",2024,"20260921",50,2024-12-09,58689,NA,58689,93,NA,FALSE,TRUE,"no_lookup_match"
"Venezuela","VEN",2025,"20260921",50,2025-12-08,40756,NA,40756,41,NA,FALSE,TRUE,"no_lookup_match"
"Venezuela","VEN",2026,"20260921",32,2026-08-03,10287,NA,10287,7,NA,FALSE,TRUE,"no_lookup_match"
"Argentina","ARG",2024,"20260921",50,2024-12-09,581521,NA,581521,93,NA,FALSE,TRUE,"no_lookup_match"
"Argentina","ARG",2025,"20260921",50,2025-12-08,17646,19007,19007,41,1.07710805488079,TRUE,FALSE,"applied_mean"
"Argentina","ARG",2026,"20260921",35,2026-08-24,59,66,66,4,1.11409122655788,TRUE,FALSE,"applied_mean"
"Brazil","BRA",2024,"20260921",50,2024-12-09,10203604,NA,10203604,93,NA,FALSE,TRUE,"no_lookup_match"
"Brazil","BRA",2025,"20260921",50,2025-12-08,3773820,3773989,3773989,41,1.00004484268771,TRUE,FALSE,"applied_mean"
"Brazil","BRA",2026,"20260921",36,2026-08-31,1276720,1350983,1350983,3,1.05816718283121,TRUE,FALSE,"applied_mean"
"Chile","CHL",2025,"20260921",50,2025-12-08,0,NA,0,41,NA,FALSE,TRUE,"no_lookup_match"
"Chile","CHL",2024,"20260921",50,2024-12-09,157,NA,157,93,NA,FALSE,TRUE,"no_lookup_match"
"Chile","CHL",2026,"20260921",34,2026-08-17,27,27,27,5,1.00229292929293,TRUE,FALSE,"applied_mean"
"Paraguay","PRY",2024,"20260921",50,2024-12-09,294147,NA,294147,93,NA,FALSE,TRUE,"no_lookup_match"
"Paraguay","PRY",2025,"20260921",50,2025-12-08,30260,30260,30260,41,1,TRUE,FALSE,"applied_mean"
"Paraguay","PRY",2026,"20260921",35,2026-08-24,10034,9860,9860,4,0.982649506719879,TRUE,FALSE,"applied_mean"
"Uruguay","URY",2025,"20260921",50,2025-12-08,7,7,7,41,1,TRUE,FALSE,"applied_mean"
"Uruguay","URY",2026,"20260921",32,2026-08-03,0,0,0,7,1.61117649105868,TRUE,FALSE,"applied_mean"
"Uruguay","URY",2024,"20260921",50,2024-12-09,1139,NA,1139,93,NA,FALSE,TRUE,"no_lookup_match"
"Cuba","CUB",2026,"20260921",25,2026-06-15,1746,NA,1746,14,NA,FALSE,TRUE,"no_lookup_match"
"Cuba","CUB",2024,"20260921",31,2024-07-29,985,NA,985,112,NA,FALSE,TRUE,"no_lookup_match"
"Cuba","CUB",2025,"20260921",50,2025-12-08,28850,NA,28850,41,NA,FALSE,TRUE,"no_lookup_match"
"Dominican Republic","DOM",2026,"20260921",34,2026-08-17,959,959,959,5,1,TRUE,FALSE,"applied_mean"
"Dominican Republic","DOM",2024,"20260921",50,2024-12-09,10216,NA,10216,93,NA,FALSE,TRUE,"no_lookup_match"
"Dominican Republic","DOM",2025,"20260921",50,2025-12-08,1964,1964,1964,41,1,TRUE,FALSE,"applied_mean"
"Puerto Rico","PRI",2024,"20260921",50,2024-12-09,5762,NA,5762,93,NA,FALSE,TRUE,"no_lookup_match"
"Puerto Rico","PRI",2025,"20260921",50,2025-12-08,3299,3299,3299,41,1,TRUE,FALSE,"applied_mean"
"Puerto Rico","PRI",2026,"20260921",33,2026-08-10,882,889,889,6,1.00809866256541,TRUE,FALSE,"applied_mean"
"Anguilla","AIA",2024,"20260921",50,2024-12-09,5,NA,5,93,NA,FALSE,TRUE,"no_lookup_match"
"Anguilla","AIA",2025,"20260921",49,2025-12-01,3,NA,3,42,NA,FALSE,TRUE,"no_lookup_match"
"Anguilla","AIA",2026,"20260921",33,2026-08-10,0,NA,0,6,NA,FALSE,TRUE,"no_lookup_match"
"Antigua and Barbuda","ATG",2025,"20260921",44,2025-10-27,15,15,15,47,1,TRUE,FALSE,"applied_mean"
"Antigua and Barbuda","ATG",2026,"20260921",28,2026-07-06,8,8,8,11,1.05927349913893,TRUE,FALSE,"applied_mean"
"Antigua and Barbuda","ATG",2024,"20260921",48,2024-11-25,169,NA,169,95,NA,FALSE,TRUE,"no_lookup_match"
"Aruba","ABW",2024,"20260921",44,2024-10-28,88,NA,88,99,NA,FALSE,TRUE,"no_lookup_match"
"Aruba","ABW",2025,"20260921",44,2025-10-27,14,14,14,47,1,TRUE,FALSE,"applied_mean"
"Bahamas","BHS",2024,"20260921",8,2024-02-19,0,NA,0,135,NA,FALSE,TRUE,"no_lookup_match"
"Bahamas","BHS",2026,"20260921",20,2026-05-11,1,NA,1,19,NA,FALSE,TRUE,"no_lookup_match"
"Barbados","BRB",2025,"20260921",50,2025-12-08,177,177,177,41,1,TRUE,FALSE,"applied_mean"
"Barbados","BRB",2026,"20260921",30,2026-07-20,66,54,54,9,0.811243003335894,TRUE,FALSE,"applied_mean"
"Barbados","BRB",2024,"20260921",50,2024-12-09,1123,NA,1123,93,NA,FALSE,TRUE,"no_lookup_match"
"Bermuda","BMU",2024,"20260921",44,2024-10-28,1,NA,1,99,NA,FALSE,TRUE,"no_lookup_match"
"Bermuda","BMU",2025,"20260921",48,2025-11-24,1,1,1,43,1,TRUE,FALSE,"applied_mean"
"Bermuda","BMU",2026,"20260921",24,2026-06-08,2,NA,2,15,NA,FALSE,TRUE,"no_lookup_match"
"Bonaire, Saint Eustatius and Saba","BES",2024,"20260921",12,2024-03-18,207,NA,207,131,NA,FALSE,TRUE,"no_lookup_match"
"Cayman Islands","CYM",2024,"20260921",40,2024-09-30,8,NA,8,103,NA,FALSE,TRUE,"no_lookup_match"
"Cayman Islands","CYM",2025,"20260921",50,2025-12-08,0,0,0,41,1,TRUE,FALSE,"applied_mean"
"Cayman Islands","CYM",2026,"20260921",32,2026-08-03,0,0,0,7,1,TRUE,FALSE,"applied_mean"
"Curaçao","CUW",2024,"20260921",12,2024-03-18,262,NA,262,131,NA,FALSE,TRUE,"no_lookup_match"
"French Guiana","GUF",2024,"20260921",32,2024-08-05,16141,NA,16141,111,NA,FALSE,TRUE,"no_lookup_match"
"French Guiana","GUF",2025,"20260921",50,2025-12-08,309,NA,309,41,NA,FALSE,TRUE,"no_lookup_match"
"French Guiana","GUF",2026,"20260921",36,2026-08-31,12,12,12,3,1,TRUE,FALSE,"applied_mean"
"Grenada","GRD",2025,"20260921",50,2025-12-08,192,192,192,41,1,TRUE,FALSE,"applied_mean"
"Grenada","GRD",2026,"20260921",35,2026-08-24,168,168,168,4,1,TRUE,FALSE,"applied_mean"
"Grenada","GRD",2024,"20260921",50,2024-12-09,795,NA,795,93,NA,FALSE,TRUE,"no_lookup_match"
"Guadeloupe","GLP",2026,"20260921",20,2026-05-11,383,383,383,19,1,TRUE,FALSE,"applied_mean"
"Guadeloupe","GLP",2024,"20260921",50,2024-12-09,10585,NA,10585,93,NA,FALSE,TRUE,"no_lookup_match"
"Guadeloupe","GLP",2025,"20260921",50,2025-12-08,5014,5014,5014,41,1,TRUE,FALSE,"applied_mean"
"Guyana","GUY",2025,"20260921",50,2025-12-08,68225,69710,69710,41,1.02176884582612,TRUE,FALSE,"applied_mean"
"Guyana","GUY",2026,"20260921",25,2026-06-15,35768,39388,39388,14,1.10121007553855,TRUE,FALSE,"applied_mean"
"Guyana","GUY",2024,"20260921",50,2024-12-09,45304,NA,45304,93,NA,FALSE,TRUE,"no_lookup_match"
"Jamaica","JAM",2025,"20260921",50,2025-12-08,544,544,544,41,1,TRUE,FALSE,"applied_mean"
"Jamaica","JAM",2026,"20260921",30,2026-07-20,145,145,145,9,1,TRUE,FALSE,"applied_mean"
"Jamaica","JAM",2024,"20260921",50,2024-12-09,2034,NA,2034,93,NA,FALSE,TRUE,"no_lookup_match"
"Martinique","MTQ",2025,"20260921",50,2025-12-08,1210,1210,1210,41,1,TRUE,FALSE,"applied_mean"
"Martinique","MTQ",2024,"20260921",50,2024-12-09,7341,NA,7341,93,NA,FALSE,TRUE,"no_lookup_match"
"Martinique","MTQ",2026,"20260921",20,2026-05-11,1354,1354,1354,19,1,TRUE,FALSE,"applied_mean"
"Montserrat","MSR",2024,"20260921",48,2024-11-25,3,NA,3,95,NA,FALSE,TRUE,"no_lookup_match"
"Montserrat","MSR",2025,"20260921",48,2025-11-24,3,3,3,43,1,TRUE,FALSE,"applied_mean"
"Montserrat","MSR",2026,"20260921",32,2026-08-03,0,0,0,7,1,TRUE,FALSE,"applied_mean"
"Saint Barthelemy","BLM",2025,"20260921",50,2025-12-08,20,20,20,41,1,TRUE,FALSE,"applied_mean"
"Saint Barthelemy","BLM",2026,"20260921",20,2026-05-11,0,0,0,19,1,TRUE,FALSE,"applied_mean"
"Saint Barthelemy","BLM",2024,"20260921",50,2024-12-09,163,NA,163,93,NA,FALSE,TRUE,"no_lookup_match"
"Saint Kitts and Nevis","KNA",2024,"20260921",50,2024-12-09,249,NA,249,93,NA,FALSE,TRUE,"no_lookup_match"
"Saint Kitts and Nevis","KNA",2025,"20260921",50,2025-12-08,9,9,9,41,1,TRUE,FALSE,"applied_mean"
"Saint Kitts and Nevis","KNA",2026,"20260921",13,2026-03-23,13,13,13,26,1.0137990750553,TRUE,FALSE,"applied_mean"
"Saint Lucia","LCA",2025,"20260921",50,2025-12-08,47,47,47,41,1,TRUE,FALSE,"applied_mean"
"Saint Lucia","LCA",2026,"20260921",35,2026-08-24,9,9,9,4,1,TRUE,FALSE,"applied_mean"
"Saint Lucia","LCA",2024,"20260921",46,2024-11-11,409,NA,409,97,NA,FALSE,TRUE,"no_lookup_match"
"Saint Martin",NA,2025,"20260921",50,2025-12-08,214,NA,214,41,NA,FALSE,TRUE,"no_lookup_match"
"Saint Martin",NA,2026,"20260921",20,2026-05-11,7,NA,7,19,NA,FALSE,TRUE,"no_lookup_match"
"Saint Martin",NA,2024,"20260921",50,2024-12-09,624,NA,624,93,NA,FALSE,TRUE,"no_lookup_match"
"Saint Vincent and the Grenadines","VCT",2025,"20260921",50,2025-12-08,8,8,8,41,1,TRUE,FALSE,"applied_mean"
"Saint Vincent and the Grenadines","VCT",2026,"20260921",31,2026-07-27,3,3,3,8,1,TRUE,FALSE,"applied_mean"
"Saint Vincent and the Grenadines","VCT",2024,"20260921",44,2024-10-28,967,NA,967,99,NA,FALSE,TRUE,"no_lookup_match"
"Sint Maarten","SXM",2024,"20260921",40,2024-09-30,144,NA,144,103,NA,FALSE,TRUE,"no_lookup_match"
"Sint Maarten","SXM",2025,"20260921",28,2025-07-07,8,NA,8,63,NA,FALSE,TRUE,"no_lookup_match"
"Suriname","SUR",2025,"20260921",50,2025-12-08,1313,1313,1313,41,1,TRUE,FALSE,"applied_mean"
"Suriname","SUR",2024,"20260921",20,2024-05-13,95,NA,95,123,NA,FALSE,TRUE,"no_lookup_match"
"Suriname","SUR",2026,"20260921",19,2026-05-04,418,418,418,20,1,TRUE,FALSE,"applied_mean"
"Trinidad and Tobago","TTO",2025,"20260921",50,2025-12-08,73,73,73,41,1,TRUE,FALSE,"applied_mean"
"Trinidad and Tobago","TTO",2026,"20260921",32,2026-08-03,102,102,102,7,1,TRUE,FALSE,"applied_mean"
"Trinidad and Tobago","TTO",2024,"20260921",48,2024-11-25,2004,NA,2004,95,NA,FALSE,TRUE,"no_lookup_match"
"Turks and Caicos Islands","TCA",2025,"20260921",48,2025-11-24,1,1,1,43,1,TRUE,FALSE,"applied_mean"
"Turks and Caicos Islands","TCA",2026,"20260921",12,2026-03-16,8,8,8,27,1,TRUE,FALSE,"applied_mean"
"Turks and Caicos Islands","TCA",2024,"20260921",50,2024-12-09,117,NA,117,93,NA,FALSE,TRUE,"no_lookup_match"
"Virgin Islands (UK)","VGB",2024,"20260921",48,2024-11-25,139,NA,139,95,NA,FALSE,TRUE,"no_lookup_match"
"Virgin Islands (UK)","VGB",2025,"20260921",48,2025-11-24,46,NA,46,43,NA,FALSE,TRUE,"no_lookup_match"
"Virgin Islands (UK)","VGB",2026,"20260921",24,2026-06-08,15,NA,15,15,NA,FALSE,TRUE,"no_lookup_match"
"Virgin Islands (US)","VIR",2024,"20260921",50,2024-12-09,185,NA,185,93,NA,FALSE,TRUE,"no_lookup_match"
"Virgin Islands (US)","VIR",2025,"20260921",50,2025-12-08,47,NA,47,41,NA,FALSE,TRUE,"no_lookup_match"
"Virgin Islands (US)","VIR",2026,"20260921",35,2026-08-24,0,NA,0,4,NA,FALSE,TRUE,"no_lookup_match"
"Canada","CAN",2024,"20260921",51,2024-12-16,0,NA,0,92,NA,FALSE,TRUE,"no_lookup_match"
"Canada","CAN",2025,"20260921",51,2025-12-15,0,NA,0,40,NA,FALSE,TRUE,"no_lookup_match"
"Canada","CAN",2026,"20260921",35,2026-08-24,0,NA,0,4,NA,FALSE,TRUE,"no_lookup_match"
"United States of America","USA",2024,"20260921",51,2024-12-16,3062,NA,3062,92,NA,FALSE,TRUE,"no_lookup_match"
"United States of America","USA",2025,"20260921",51,2025-12-15,1140,NA,1140,40,NA,FALSE,TRUE,"no_lookup_match"
"United States of America","USA",2026,"20260921",35,2026-08-24,351,NA,351,4,NA,FALSE,TRUE,"no_lookup_match"
"Belize","BLZ",2024,"20260921",48,2024-11-25,1148,NA,1148,95,NA,FALSE,TRUE,"country_excluded"
"Belize","BLZ",2025,"20260921",51,2025-12-15,2726,NA,2726,40,NA,FALSE,TRUE,"country_excluded"
"Belize","BLZ",2026,"20260921",15,2026-04-06,317,NA,317,24,NA,FALSE,TRUE,"country_excluded"
"Costa Rica","CRI",2026,"20260921",35,2026-08-24,4390,4085,4085,4,0.9304289202201,TRUE,FALSE,"applied_mean"
"Costa Rica","CRI",2024,"20260921",51,2024-12-16,31134,NA,31134,92,NA,FALSE,TRUE,"no_lookup_match"
"Costa Rica","CRI",2025,"20260921",51,2025-12-15,5909,5909,5909,40,1,TRUE,FALSE,"applied_mean"
"El Salvador","SLV",2024,"20260921",51,2024-12-16,8460,NA,8460,92,NA,FALSE,TRUE,"no_lookup_match"
"El Salvador","SLV",2025,"20260921",51,2025-12-15,5794,5794,5794,40,1,TRUE,FALSE,"applied_mean"
"El Salvador","SLV",2026,"20260921",30,2026-07-20,3039,3039,3039,9,1,TRUE,FALSE,"applied_mean"
"Guatemala","GTM",2025,"20260921",51,2025-12-15,47641,47641,47641,40,1,TRUE,FALSE,"applied_mean"
"Guatemala","GTM",2026,"20260921",26,2026-06-22,15679,20828,20828,13,1.32839399642986,TRUE,FALSE,"applied_mean"
"Guatemala","GTM",2024,"20260921",51,2024-12-16,188050,NA,188050,92,NA,FALSE,TRUE,"no_lookup_match"
"Honduras","HND",2024,"20260921",51,2024-12-16,176914,NA,176914,92,NA,FALSE,TRUE,"no_lookup_match"
"Honduras","HND",2025,"20260921",51,2025-12-15,17002,17002,17002,40,1,TRUE,FALSE,"applied_mean"
"Honduras","HND",2026,"20260921",33,2026-08-10,8079,8077,8077,6,0.999692576330584,TRUE,FALSE,"applied_mean"
"Mexico","MEX",2024,"20260921",51,2024-12-16,555742,NA,555742,92,NA,FALSE,TRUE,"no_lookup_match"
"Mexico","MEX",2025,"20260921",51,2025-12-15,143882,143882,143882,40,1,TRUE,FALSE,"applied_mean"
"Mexico","MEX",2026,"20260921",35,2026-08-24,48348,48677,48677,4,1.0067977465121,TRUE,FALSE,"applied_mean"
"Nicaragua","NIC",2025,"20260921",4,2025-01-20,5702,NA,5702,87,NA,FALSE,TRUE,"no_lookup_match"
"Nicaragua","NIC",2024,"20260921",51,2024-12-16,90707,NA,90707,92,NA,FALSE,TRUE,"no_lookup_match"
"Panama","PAN",2024,"20260921",51,2024-12-16,36800,NA,36800,92,NA,FALSE,TRUE,"no_lookup_match"
"Panama","PAN",2025,"20260921",51,2025-12-15,19282,19282,19282,40,1,TRUE,FALSE,"applied_mean"
"Panama","PAN",2026,"20260921",34,2026-08-17,9456,9158,9158,5,0.968526486210583,TRUE,FALSE,"applied_mean"
"Bolivia","BOL",2025,"20260921",51,2025-12-15,36352,36352,36352,40,1,TRUE,FALSE,"applied_mean"
"Bolivia","BOL",2026,"20260921",33,2026-08-10,58628,68007,68007,6,1.15996879530479,TRUE,FALSE,"applied_mean"
"Bolivia","BOL",2024,"20260921",51,2024-12-16,57883,NA,57883,92,NA,FALSE,TRUE,"no_lookup_match"
"Colombia","COL",2024,"20260921",51,2024-12-16,317605,NA,317605,92,NA,FALSE,TRUE,"no_lookup_match"
"Colombia","COL",2025,"20260921",51,2025-12-15,122634,122634,122634,40,1,TRUE,FALSE,"applied_mean"
"Colombia","COL",2026,"20260921",35,2026-08-24,77071,77071,77071,4,1,TRUE,FALSE,"applied_mean"
"Ecuador","ECU",2024,"20260921",51,2024-12-16,60679,NA,60679,92,NA,FALSE,TRUE,"no_lookup_match"
"Ecuador","ECU",2025,"20260921",51,2025-12-15,37388,37474,37474,40,1.00231055167006,TRUE,FALSE,"applied_mean"
"Ecuador","ECU",2026,"20260921",35,2026-08-24,32576,32597,32597,4,1.00063077279599,TRUE,FALSE,"applied_mean"
"Peru","PER",2024,"20260921",51,2024-12-16,270591,NA,270591,92,NA,FALSE,TRUE,"no_lookup_match"
"Peru","PER",2025,"20260921",51,2025-12-15,38172,36030,36030,40,0.943897893740172,TRUE,FALSE,"applied_mean"
"Peru","PER",2026,"20260921",36,2026-08-31,55943,55445,55445,3,0.991098736668739,TRUE,FALSE,"applied_mean"
"Venezuela","VEN",2024,"20260921",51,2024-12-16,59508,NA,59508,92,NA,FALSE,TRUE,"no_lookup_match"
"Venezuela","VEN",2025,"20260921",51,2025-12-15,41098,NA,41098,40,NA,FALSE,TRUE,"no_lookup_match"
"Venezuela","VEN",2026,"20260921",32,2026-08-03,10287,NA,10287,7,NA,FALSE,TRUE,"no_lookup_match"
"Argentina","ARG",2024,"20260921",51,2024-12-16,581542,NA,581542,92,NA,FALSE,TRUE,"no_lookup_match"
"Argentina","ARG",2025,"20260921",51,2025-12-15,17647,19031,19031,40,1.07844879315248,TRUE,FALSE,"applied_mean"
"Argentina","ARG",2026,"20260921",35,2026-08-24,59,66,66,4,1.11409122655788,TRUE,FALSE,"applied_mean"
"Brazil","BRA",2024,"20260921",51,2024-12-16,10242781,NA,10242781,92,NA,FALSE,TRUE,"no_lookup_match"
"Brazil","BRA",2025,"20260921",51,2025-12-15,3798532,3798707,3798707,40,1.00004618604691,TRUE,FALSE,"applied_mean"
"Brazil","BRA",2026,"20260921",36,2026-08-31,1276720,1350983,1350983,3,1.05816718283121,TRUE,FALSE,"applied_mean"
"Chile","CHL",2025,"20260921",51,2025-12-15,0,NA,0,40,NA,FALSE,TRUE,"no_lookup_match"
"Chile","CHL",2024,"20260921",51,2024-12-16,157,NA,157,92,NA,FALSE,TRUE,"no_lookup_match"
"Chile","CHL",2026,"20260921",34,2026-08-17,27,27,27,5,1.00229292929293,TRUE,FALSE,"applied_mean"
"Paraguay","PRY",2024,"20260921",51,2024-12-16,295024,NA,295024,92,NA,FALSE,TRUE,"no_lookup_match"
"Paraguay","PRY",2025,"20260921",51,2025-12-15,30728,30728,30728,40,1,TRUE,FALSE,"applied_mean"
"Paraguay","PRY",2026,"20260921",35,2026-08-24,10034,9860,9860,4,0.982649506719879,TRUE,FALSE,"applied_mean"
"Uruguay","URY",2025,"20260921",51,2025-12-15,7,7,7,40,1,TRUE,FALSE,"applied_mean"
"Uruguay","URY",2026,"20260921",32,2026-08-03,0,0,0,7,1.61117649105868,TRUE,FALSE,"applied_mean"
"Uruguay","URY",2024,"20260921",51,2024-12-16,1139,NA,1139,92,NA,FALSE,TRUE,"no_lookup_match"
"Cuba","CUB",2026,"20260921",25,2026-06-15,1746,NA,1746,14,NA,FALSE,TRUE,"no_lookup_match"
"Cuba","CUB",2024,"20260921",31,2024-07-29,985,NA,985,112,NA,FALSE,TRUE,"no_lookup_match"
"Cuba","CUB",2025,"20260921",50,2025-12-08,28850,NA,28850,41,NA,FALSE,TRUE,"no_lookup_match"
"Dominican Republic","DOM",2026,"20260921",34,2026-08-17,959,959,959,5,1,TRUE,FALSE,"applied_mean"
"Dominican Republic","DOM",2024,"20260921",51,2024-12-16,10251,NA,10251,92,NA,FALSE,TRUE,"no_lookup_match"
"Dominican Republic","DOM",2025,"20260921",51,2025-12-15,1999,1999,1999,40,1,TRUE,FALSE,"applied_mean"
"Puerto Rico","PRI",2024,"20260921",51,2024-12-16,5919,NA,5919,92,NA,FALSE,TRUE,"no_lookup_match"
"Puerto Rico","PRI",2025,"20260921",51,2025-12-15,3319,3319,3319,40,1,TRUE,FALSE,"applied_mean"
"Puerto Rico","PRI",2026,"20260921",33,2026-08-10,882,889,889,6,1.00809866256541,TRUE,FALSE,"applied_mean"
"Anguilla","AIA",2024,"20260921",51,2024-12-16,5,NA,5,92,NA,FALSE,TRUE,"no_lookup_match"
"Anguilla","AIA",2025,"20260921",49,2025-12-01,3,NA,3,42,NA,FALSE,TRUE,"no_lookup_match"
"Anguilla","AIA",2026,"20260921",33,2026-08-10,0,NA,0,6,NA,FALSE,TRUE,"no_lookup_match"
"Antigua and Barbuda","ATG",2025,"20260921",44,2025-10-27,15,15,15,47,1,TRUE,FALSE,"applied_mean"
"Antigua and Barbuda","ATG",2026,"20260921",28,2026-07-06,8,8,8,11,1.05927349913893,TRUE,FALSE,"applied_mean"
"Antigua and Barbuda","ATG",2024,"20260921",48,2024-11-25,169,NA,169,95,NA,FALSE,TRUE,"no_lookup_match"
"Aruba","ABW",2024,"20260921",44,2024-10-28,88,NA,88,99,NA,FALSE,TRUE,"no_lookup_match"
"Aruba","ABW",2025,"20260921",44,2025-10-27,14,14,14,47,1,TRUE,FALSE,"applied_mean"
"Bahamas","BHS",2024,"20260921",8,2024-02-19,0,NA,0,135,NA,FALSE,TRUE,"no_lookup_match"
"Bahamas","BHS",2026,"20260921",20,2026-05-11,1,NA,1,19,NA,FALSE,TRUE,"no_lookup_match"
"Barbados","BRB",2025,"20260921",51,2025-12-15,178,178,178,40,1,TRUE,FALSE,"applied_mean"
"Barbados","BRB",2026,"20260921",30,2026-07-20,66,54,54,9,0.811243003335894,TRUE,FALSE,"applied_mean"
"Barbados","BRB",2024,"20260921",51,2024-12-16,1126,NA,1126,92,NA,FALSE,TRUE,"no_lookup_match"
"Bermuda","BMU",2024,"20260921",44,2024-10-28,1,NA,1,99,NA,FALSE,TRUE,"no_lookup_match"
"Bermuda","BMU",2025,"20260921",48,2025-11-24,1,1,1,43,1,TRUE,FALSE,"applied_mean"
"Bermuda","BMU",2026,"20260921",24,2026-06-08,2,NA,2,15,NA,FALSE,TRUE,"no_lookup_match"
"Bonaire, Saint Eustatius and Saba","BES",2024,"20260921",12,2024-03-18,207,NA,207,131,NA,FALSE,TRUE,"no_lookup_match"
"Cayman Islands","CYM",2024,"20260921",40,2024-09-30,8,NA,8,103,NA,FALSE,TRUE,"no_lookup_match"
"Cayman Islands","CYM",2025,"20260921",51,2025-12-15,0,0,0,40,1,TRUE,FALSE,"applied_mean"
"Cayman Islands","CYM",2026,"20260921",32,2026-08-03,0,0,0,7,1,TRUE,FALSE,"applied_mean"
"Curaçao","CUW",2024,"20260921",12,2024-03-18,262,NA,262,131,NA,FALSE,TRUE,"no_lookup_match"
"French Guiana","GUF",2024,"20260921",32,2024-08-05,16141,NA,16141,111,NA,FALSE,TRUE,"no_lookup_match"
"French Guiana","GUF",2025,"20260921",51,2025-12-15,312,NA,312,40,NA,FALSE,TRUE,"no_lookup_match"
"French Guiana","GUF",2026,"20260921",36,2026-08-31,12,12,12,3,1,TRUE,FALSE,"applied_mean"
"Grenada","GRD",2025,"20260921",51,2025-12-15,201,201,201,40,1,TRUE,FALSE,"applied_mean"
"Grenada","GRD",2026,"20260921",35,2026-08-24,168,168,168,4,1,TRUE,FALSE,"applied_mean"
"Grenada","GRD",2024,"20260921",51,2024-12-16,798,NA,798,92,NA,FALSE,TRUE,"no_lookup_match"
"Guadeloupe","GLP",2026,"20260921",20,2026-05-11,383,383,383,19,1,TRUE,FALSE,"applied_mean"
"Guadeloupe","GLP",2024,"20260921",51,2024-12-16,10585,NA,10585,92,NA,FALSE,TRUE,"no_lookup_match"
"Guadeloupe","GLP",2025,"20260921",51,2025-12-15,5114,5114,5114,40,1,TRUE,FALSE,"applied_mean"
"Guyana","GUY",2025,"20260921",51,2025-12-15,69272,70647,70647,40,1.01984606295536,TRUE,FALSE,"applied_mean"
"Guyana","GUY",2026,"20260921",25,2026-06-15,35768,39388,39388,14,1.10121007553855,TRUE,FALSE,"applied_mean"
"Guyana","GUY",2024,"20260921",51,2024-12-16,45856,NA,45856,92,NA,FALSE,TRUE,"no_lookup_match"
"Jamaica","JAM",2025,"20260921",51,2025-12-15,544,544,544,40,1,TRUE,FALSE,"applied_mean"
"Jamaica","JAM",2026,"20260921",30,2026-07-20,145,145,145,9,1,TRUE,FALSE,"applied_mean"
"Jamaica","JAM",2024,"20260921",51,2024-12-16,2034,NA,2034,92,NA,FALSE,TRUE,"no_lookup_match"
"Martinique","MTQ",2025,"20260921",51,2025-12-15,1245,1245,1245,40,1,TRUE,FALSE,"applied_mean"
"Martinique","MTQ",2024,"20260921",51,2024-12-16,7341,NA,7341,92,NA,FALSE,TRUE,"no_lookup_match"
"Martinique","MTQ",2026,"20260921",20,2026-05-11,1354,1354,1354,19,1,TRUE,FALSE,"applied_mean"
"Montserrat","MSR",2024,"20260921",48,2024-11-25,3,NA,3,95,NA,FALSE,TRUE,"no_lookup_match"
"Montserrat","MSR",2025,"20260921",48,2025-11-24,3,3,3,43,1,TRUE,FALSE,"applied_mean"
"Montserrat","MSR",2026,"20260921",32,2026-08-03,0,0,0,7,1,TRUE,FALSE,"applied_mean"
"Saint Barthelemy","BLM",2025,"20260921",51,2025-12-15,20,20,20,40,1,TRUE,FALSE,"applied_mean"
"Saint Barthelemy","BLM",2026,"20260921",20,2026-05-11,0,0,0,19,1,TRUE,FALSE,"applied_mean"
"Saint Barthelemy","BLM",2024,"20260921",51,2024-12-16,163,NA,163,92,NA,FALSE,TRUE,"no_lookup_match"
"Saint Kitts and Nevis","KNA",2024,"20260921",51,2024-12-16,253,NA,253,92,NA,FALSE,TRUE,"no_lookup_match"
"Saint Kitts and Nevis","KNA",2025,"20260921",51,2025-12-15,11,11,11,40,1,TRUE,FALSE,"applied_mean"
"Saint Kitts and Nevis","KNA",2026,"20260921",13,2026-03-23,13,13,13,26,1.0137990750553,TRUE,FALSE,"applied_mean"
"Saint Lucia","LCA",2025,"20260921",51,2025-12-15,47,47,47,40,1,TRUE,FALSE,"applied_mean"
"Saint Lucia","LCA",2026,"20260921",35,2026-08-24,9,9,9,4,1,TRUE,FALSE,"applied_mean"
"Saint Lucia","LCA",2024,"20260921",46,2024-11-11,409,NA,409,97,NA,FALSE,TRUE,"no_lookup_match"
"Saint Martin",NA,2025,"20260921",51,2025-12-15,214,NA,214,40,NA,FALSE,TRUE,"no_lookup_match"
"Saint Martin",NA,2026,"20260921",20,2026-05-11,7,NA,7,19,NA,FALSE,TRUE,"no_lookup_match"
"Saint Martin",NA,2024,"20260921",51,2024-12-16,624,NA,624,92,NA,FALSE,TRUE,"no_lookup_match"
"Saint Vincent and the Grenadines","VCT",2025,"20260921",51,2025-12-15,8,8,8,40,1,TRUE,FALSE,"applied_mean"
"Saint Vincent and the Grenadines","VCT",2026,"20260921",31,2026-07-27,3,3,3,8,1,TRUE,FALSE,"applied_mean"
"Saint Vincent and the Grenadines","VCT",2024,"20260921",44,2024-10-28,967,NA,967,99,NA,FALSE,TRUE,"no_lookup_match"
"Sint Maarten","SXM",2024,"20260921",40,2024-09-30,144,NA,144,103,NA,FALSE,TRUE,"no_lookup_match"
"Sint Maarten","SXM",2025,"20260921",28,2025-07-07,8,NA,8,63,NA,FALSE,TRUE,"no_lookup_match"
"Suriname","SUR",2025,"20260921",50,2025-12-08,1313,1313,1313,41,1,TRUE,FALSE,"applied_mean"
"Suriname","SUR",2024,"20260921",20,2024-05-13,95,NA,95,123,NA,FALSE,TRUE,"no_lookup_match"
"Suriname","SUR",2026,"20260921",19,2026-05-04,418,418,418,20,1,TRUE,FALSE,"applied_mean"
"Trinidad and Tobago","TTO",2025,"20260921",51,2025-12-15,73,NA,73,40,NA,FALSE,TRUE,"no_lookup_match"
"Trinidad and Tobago","TTO",2026,"20260921",32,2026-08-03,102,102,102,7,1,TRUE,FALSE,"applied_mean"
"Trinidad and Tobago","TTO",2024,"20260921",48,2024-11-25,2004,NA,2004,95,NA,FALSE,TRUE,"no_lookup_match"
"Turks and Caicos Islands","TCA",2025,"20260921",48,2025-11-24,1,1,1,43,1,TRUE,FALSE,"applied_mean"
"Turks and Caicos Islands","TCA",2026,"20260921",12,2026-03-16,8,8,8,27,1,TRUE,FALSE,"applied_mean"
"Turks and Caicos Islands","TCA",2024,"20260921",51,2024-12-16,117,NA,117,92,NA,FALSE,TRUE,"no_lookup_match"
"Virgin Islands (UK)","VGB",2024,"20260921",48,2024-11-25,139,NA,139,95,NA,FALSE,TRUE,"no_lookup_match"
"Virgin Islands (UK)","VGB",2025,"20260921",48,2025-11-24,46,NA,46,43,NA,FALSE,TRUE,"no_lookup_match"
"Virgin Islands (UK)","VGB",2026,"20260921",24,2026-06-08,15,NA,15,15,NA,FALSE,TRUE,"no_lookup_match"
"Virgin Islands (US)","VIR",2024,"20260921",51,2024-12-16,185,NA,185,92,NA,FALSE,TRUE,"no_lookup_match"
"Virgin Islands (US)","VIR",2025,"20260921",51,2025-12-15,47,NA,47,40,NA,FALSE,TRUE,"no_lookup_match"
"Virgin Islands (US)","VIR",2026,"20260921",35,2026-08-24,0,NA,0,4,NA,FALSE,TRUE,"no_lookup_match"
"Canada","CAN",2024,"20260921",52,2024-12-23,0,NA,0,91,NA,FALSE,TRUE,"no_lookup_match"
"Canada","CAN",2025,"20260921",52,2025-12-22,0,NA,0,39,NA,FALSE,TRUE,"no_lookup_match"
"Canada","CAN",2026,"20260921",35,2026-08-24,0,NA,0,4,NA,FALSE,TRUE,"no_lookup_match"
"United States of America","USA",2024,"20260921",52,2024-12-23,3071,NA,3071,91,NA,FALSE,TRUE,"no_lookup_match"
"United States of America","USA",2025,"20260921",52,2025-12-22,1144,NA,1144,39,NA,FALSE,TRUE,"no_lookup_match"
"United States of America","USA",2026,"20260921",35,2026-08-24,351,NA,351,4,NA,FALSE,TRUE,"no_lookup_match"
"Belize","BLZ",2024,"20260921",48,2024-11-25,1148,NA,1148,95,NA,FALSE,TRUE,"country_excluded"
"Belize","BLZ",2025,"20260921",52,2025-12-22,2768,NA,2768,39,NA,FALSE,TRUE,"country_excluded"
"Belize","BLZ",2026,"20260921",15,2026-04-06,317,NA,317,24,NA,FALSE,TRUE,"country_excluded"
"Costa Rica","CRI",2026,"20260921",35,2026-08-24,4390,4085,4085,4,0.9304289202201,TRUE,FALSE,"applied_mean"
"Costa Rica","CRI",2024,"20260921",52,2024-12-23,31259,NA,31259,91,NA,FALSE,TRUE,"no_lookup_match"
"Costa Rica","CRI",2025,"20260921",52,2025-12-22,6019,6019,6019,39,1,TRUE,FALSE,"applied_mean"
"El Salvador","SLV",2024,"20260921",52,2024-12-23,8552,NA,8552,91,NA,FALSE,TRUE,"no_lookup_match"
"El Salvador","SLV",2025,"20260921",52,2025-12-22,5833,5833,5833,39,1,TRUE,FALSE,"applied_mean"
"El Salvador","SLV",2026,"20260921",30,2026-07-20,3039,3039,3039,9,1,TRUE,FALSE,"applied_mean"
"Guatemala","GTM",2025,"20260921",52,2025-12-22,47998,47998,47998,39,1,TRUE,FALSE,"applied_mean"
"Guatemala","GTM",2026,"20260921",26,2026-06-22,15679,20828,20828,13,1.32839399642986,TRUE,FALSE,"applied_mean"
"Guatemala","GTM",2024,"20260921",52,2024-12-23,188585,NA,188585,91,NA,FALSE,TRUE,"no_lookup_match"
"Honduras","HND",2024,"20260921",52,2024-12-23,177209,NA,177209,91,NA,FALSE,TRUE,"no_lookup_match"
"Honduras","HND",2025,"20260921",52,2025-12-22,17209,17209,17209,39,1,TRUE,FALSE,"applied_mean"
"Honduras","HND",2026,"20260921",33,2026-08-10,8079,8077,8077,6,0.999692576330584,TRUE,FALSE,"applied_mean"
"Mexico","MEX",2024,"20260921",52,2024-12-23,558846,NA,558846,91,NA,FALSE,TRUE,"no_lookup_match"
"Mexico","MEX",2025,"20260921",52,2025-12-22,144865,144865,144865,39,1,TRUE,FALSE,"applied_mean"
"Mexico","MEX",2026,"20260921",35,2026-08-24,48348,48677,48677,4,1.0067977465121,TRUE,FALSE,"applied_mean"
"Nicaragua","NIC",2025,"20260921",4,2025-01-20,5702,NA,5702,87,NA,FALSE,TRUE,"no_lookup_match"
"Nicaragua","NIC",2024,"20260921",52,2024-12-23,92022,NA,92022,91,NA,FALSE,TRUE,"no_lookup_match"
"Panama","PAN",2024,"20260921",52,2024-12-23,37231,NA,37231,91,NA,FALSE,TRUE,"no_lookup_match"
"Panama","PAN",2025,"20260921",52,2025-12-22,19609,19609,19609,39,1,TRUE,FALSE,"applied_mean"
"Panama","PAN",2026,"20260921",34,2026-08-17,9456,9158,9158,5,0.968526486210583,TRUE,FALSE,"applied_mean"
"Bolivia","BOL",2025,"20260921",52,2025-12-22,37145,37145,37145,39,1,TRUE,FALSE,"applied_mean"
"Bolivia","BOL",2026,"20260921",33,2026-08-10,58628,68007,68007,6,1.15996879530479,TRUE,FALSE,"applied_mean"
"Bolivia","BOL",2024,"20260921",52,2024-12-23,58877,NA,58877,91,NA,FALSE,TRUE,"no_lookup_match"
"Colombia","COL",2024,"20260921",52,2024-12-23,320982,NA,320982,91,NA,FALSE,TRUE,"no_lookup_match"
"Colombia","COL",2025,"20260921",52,2025-12-22,123745,123745,123745,39,1,TRUE,FALSE,"applied_mean"
"Colombia","COL",2026,"20260921",35,2026-08-24,77071,77071,77071,4,1,TRUE,FALSE,"applied_mean"
"Ecuador","ECU",2024,"20260921",52,2024-12-23,61400,NA,61400,91,NA,FALSE,TRUE,"no_lookup_match"
"Ecuador","ECU",2025,"20260921",52,2025-12-22,37652,37740,37740,39,1.0023314826047,TRUE,FALSE,"applied_mean"
"Ecuador","ECU",2026,"20260921",35,2026-08-24,32576,32597,32597,4,1.00063077279599,TRUE,FALSE,"applied_mean"
"Peru","PER",2024,"20260921",52,2024-12-23,271531,NA,271531,91,NA,FALSE,TRUE,"no_lookup_match"
"Peru","PER",2025,"20260921",52,2025-12-22,38756,36561,36561,39,0.943353674690344,TRUE,FALSE,"applied_mean"
"Peru","PER",2026,"20260921",36,2026-08-31,55943,55445,55445,3,0.991098736668739,TRUE,FALSE,"applied_mean"
"Venezuela","VEN",2025,"20260921",52,2025-12-22,41301,NA,41301,39,NA,FALSE,TRUE,"no_lookup_match"
"Venezuela","VEN",2024,"20260921",52,2024-12-23,60225,NA,60225,91,NA,FALSE,TRUE,"no_lookup_match"
"Venezuela","VEN",2026,"20260921",32,2026-08-03,10287,NA,10287,7,NA,FALSE,TRUE,"no_lookup_match"
"Argentina","ARG",2024,"20260921",52,2024-12-23,581559,NA,581559,91,NA,FALSE,TRUE,"no_lookup_match"
"Argentina","ARG",2025,"20260921",52,2025-12-22,17647,19068,19068,39,1.0805449775955,TRUE,FALSE,"applied_mean"
"Argentina","ARG",2026,"20260921",35,2026-08-24,59,66,66,4,1.11409122655788,TRUE,FALSE,"applied_mean"
"Brazil","BRA",2024,"20260921",52,2024-12-23,10266017,NA,10266017,91,NA,FALSE,TRUE,"no_lookup_match"
"Brazil","BRA",2025,"20260921",52,2025-12-22,3818759,3818942,3818942,39,1.00004799072977,TRUE,FALSE,"applied_mean"
"Brazil","BRA",2026,"20260921",36,2026-08-31,1276720,1350983,1350983,3,1.05816718283121,TRUE,FALSE,"applied_mean"
"Chile","CHL",2025,"20260921",52,2025-12-22,0,NA,0,39,NA,FALSE,TRUE,"no_lookup_match"
"Chile","CHL",2024,"20260921",52,2024-12-23,157,NA,157,91,NA,FALSE,TRUE,"no_lookup_match"
"Chile","CHL",2026,"20260921",34,2026-08-17,27,27,27,5,1.00229292929293,TRUE,FALSE,"applied_mean"
"Paraguay","PRY",2024,"20260921",52,2024-12-23,295785,NA,295785,91,NA,FALSE,TRUE,"no_lookup_match"
"Paraguay","PRY",2025,"20260921",52,2025-12-22,31185,31185,31185,39,1,TRUE,FALSE,"applied_mean"
"Paraguay","PRY",2026,"20260921",35,2026-08-24,10034,9860,9860,4,0.982649506719879,TRUE,FALSE,"applied_mean"
"Uruguay","URY",2025,"20260921",52,2025-12-22,7,7,7,39,1,TRUE,FALSE,"applied_mean"
"Uruguay","URY",2026,"20260921",32,2026-08-03,0,0,0,7,1.61117649105868,TRUE,FALSE,"applied_mean"
"Uruguay","URY",2024,"20260921",52,2024-12-23,1139,NA,1139,91,NA,FALSE,TRUE,"no_lookup_match"
"Cuba","CUB",2026,"20260921",25,2026-06-15,1746,NA,1746,14,NA,FALSE,TRUE,"no_lookup_match"
"Cuba","CUB",2024,"20260921",31,2024-07-29,985,NA,985,112,NA,FALSE,TRUE,"no_lookup_match"
"Cuba","CUB",2025,"20260921",50,2025-12-08,28850,NA,28850,41,NA,FALSE,TRUE,"no_lookup_match"
"Dominican Republic","DOM",2026,"20260921",34,2026-08-17,959,959,959,5,1,TRUE,FALSE,"applied_mean"
"Dominican Republic","DOM",2024,"20260921",52,2024-12-23,10300,NA,10300,91,NA,FALSE,TRUE,"no_lookup_match"
"Dominican Republic","DOM",2025,"20260921",52,2025-12-22,2011,2011,2011,39,1,TRUE,FALSE,"applied_mean"
"Puerto Rico","PRI",2024,"20260921",52,2024-12-23,6088,NA,6088,91,NA,FALSE,TRUE,"no_lookup_match"
"Puerto Rico","PRI",2025,"20260921",51,2025-12-15,3319,3319,3319,40,1,TRUE,FALSE,"applied_mean"
"Puerto Rico","PRI",2026,"20260921",33,2026-08-10,882,889,889,6,1.00809866256541,TRUE,FALSE,"applied_mean"
"Anguilla","AIA",2024,"20260921",52,2024-12-23,5,NA,5,91,NA,FALSE,TRUE,"no_lookup_match"
"Anguilla","AIA",2025,"20260921",49,2025-12-01,3,NA,3,42,NA,FALSE,TRUE,"no_lookup_match"
"Anguilla","AIA",2026,"20260921",33,2026-08-10,0,NA,0,6,NA,FALSE,TRUE,"no_lookup_match"
"Antigua and Barbuda","ATG",2025,"20260921",44,2025-10-27,15,15,15,47,1,TRUE,FALSE,"applied_mean"
"Antigua and Barbuda","ATG",2026,"20260921",28,2026-07-06,8,8,8,11,1.05927349913893,TRUE,FALSE,"applied_mean"
"Antigua and Barbuda","ATG",2024,"20260921",48,2024-11-25,169,NA,169,95,NA,FALSE,TRUE,"no_lookup_match"
"Aruba","ABW",2024,"20260921",44,2024-10-28,88,NA,88,99,NA,FALSE,TRUE,"no_lookup_match"
"Aruba","ABW",2025,"20260921",44,2025-10-27,14,14,14,47,1,TRUE,FALSE,"applied_mean"
"Bahamas","BHS",2024,"20260921",8,2024-02-19,0,NA,0,135,NA,FALSE,TRUE,"no_lookup_match"
"Bahamas","BHS",2026,"20260921",20,2026-05-11,1,NA,1,19,NA,FALSE,TRUE,"no_lookup_match"
"Barbados","BRB",2025,"20260921",52,2025-12-22,178,178,178,39,1,TRUE,FALSE,"applied_mean"
"Barbados","BRB",2026,"20260921",30,2026-07-20,66,54,54,9,0.811243003335894,TRUE,FALSE,"applied_mean"
"Barbados","BRB",2024,"20260921",52,2024-12-23,1133,NA,1133,91,NA,FALSE,TRUE,"no_lookup_match"
"Bermuda","BMU",2024,"20260921",52,2024-12-23,3,NA,3,91,NA,FALSE,TRUE,"no_lookup_match"
"Bermuda","BMU",2025,"20260921",48,2025-11-24,1,1,1,43,1,TRUE,FALSE,"applied_mean"
"Bermuda","BMU",2026,"20260921",24,2026-06-08,2,NA,2,15,NA,FALSE,TRUE,"no_lookup_match"
"Bonaire, Saint Eustatius and Saba","BES",2024,"20260921",12,2024-03-18,207,NA,207,131,NA,FALSE,TRUE,"no_lookup_match"
"Cayman Islands","CYM",2024,"20260921",52,2024-12-23,9,NA,9,91,NA,FALSE,TRUE,"no_lookup_match"
"Cayman Islands","CYM",2025,"20260921",52,2025-12-22,0,0,0,39,1,TRUE,FALSE,"applied_mean"
"Cayman Islands","CYM",2026,"20260921",32,2026-08-03,0,0,0,7,1,TRUE,FALSE,"applied_mean"
"Curaçao","CUW",2024,"20260921",12,2024-03-18,262,NA,262,131,NA,FALSE,TRUE,"no_lookup_match"
"French Guiana","GUF",2024,"20260921",32,2024-08-05,16141,NA,16141,111,NA,FALSE,TRUE,"no_lookup_match"
"French Guiana","GUF",2025,"20260921",52,2025-12-22,318,NA,318,39,NA,FALSE,TRUE,"no_lookup_match"
"French Guiana","GUF",2026,"20260921",36,2026-08-31,12,12,12,3,1,TRUE,FALSE,"applied_mean"
"Grenada","GRD",2025,"20260921",52,2025-12-22,210,210,210,39,1,TRUE,FALSE,"applied_mean"
"Grenada","GRD",2026,"20260921",35,2026-08-24,168,168,168,4,1,TRUE,FALSE,"applied_mean"
"Grenada","GRD",2024,"20260921",51,2024-12-16,798,NA,798,92,NA,FALSE,TRUE,"no_lookup_match"
"Guadeloupe","GLP",2026,"20260921",20,2026-05-11,383,383,383,19,1,TRUE,FALSE,"applied_mean"
"Guadeloupe","GLP",2024,"20260921",52,2024-12-23,11025,NA,11025,91,NA,FALSE,TRUE,"no_lookup_match"
"Guadeloupe","GLP",2025,"20260921",52,2025-12-22,5214,5214,5214,39,1,TRUE,FALSE,"applied_mean"
"Guyana","GUY",2025,"20260921",52,2025-12-22,70056,71325,71325,39,1.01810916291639,TRUE,FALSE,"applied_mean"
"Guyana","GUY",2026,"20260921",25,2026-06-15,35768,39388,39388,14,1.10121007553855,TRUE,FALSE,"applied_mean"
"Guyana","GUY",2024,"20260921",52,2024-12-23,46306,NA,46306,91,NA,FALSE,TRUE,"no_lookup_match"
"Jamaica","JAM",2025,"20260921",52,2025-12-22,544,544,544,39,1,TRUE,FALSE,"applied_mean"
"Jamaica","JAM",2026,"20260921",30,2026-07-20,145,145,145,9,1,TRUE,FALSE,"applied_mean"
"Jamaica","JAM",2024,"20260921",51,2024-12-16,2034,NA,2034,92,NA,FALSE,TRUE,"no_lookup_match"
"Martinique","MTQ",2025,"20260921",52,2025-12-22,1280,1280,1280,39,1,TRUE,FALSE,"applied_mean"
"Martinique","MTQ",2024,"20260921",52,2024-12-23,7371,NA,7371,91,NA,FALSE,TRUE,"no_lookup_match"
"Martinique","MTQ",2026,"20260921",20,2026-05-11,1354,1354,1354,19,1,TRUE,FALSE,"applied_mean"
"Montserrat","MSR",2024,"20260921",48,2024-11-25,3,NA,3,95,NA,FALSE,TRUE,"no_lookup_match"
"Montserrat","MSR",2025,"20260921",48,2025-11-24,3,3,3,43,1,TRUE,FALSE,"applied_mean"
"Montserrat","MSR",2026,"20260921",32,2026-08-03,0,0,0,7,1,TRUE,FALSE,"applied_mean"
"Saint Barthelemy","BLM",2025,"20260921",52,2025-12-22,20,20,20,39,1,TRUE,FALSE,"applied_mean"
"Saint Barthelemy","BLM",2026,"20260921",20,2026-05-11,0,0,0,19,1,TRUE,FALSE,"applied_mean"
"Saint Barthelemy","BLM",2024,"20260921",52,2024-12-23,173,NA,173,91,NA,FALSE,TRUE,"no_lookup_match"
"Saint Kitts and Nevis","KNA",2024,"20260921",52,2024-12-23,253,NA,253,91,NA,FALSE,TRUE,"no_lookup_match"
"Saint Kitts and Nevis","KNA",2025,"20260921",52,2025-12-22,11,11,11,39,1,TRUE,FALSE,"applied_mean"
"Saint Kitts and Nevis","KNA",2026,"20260921",13,2026-03-23,13,13,13,26,1.0137990750553,TRUE,FALSE,"applied_mean"
"Saint Lucia","LCA",2025,"20260921",52,2025-12-22,47,47,47,39,1,TRUE,FALSE,"applied_mean"
"Saint Lucia","LCA",2026,"20260921",35,2026-08-24,9,9,9,4,1,TRUE,FALSE,"applied_mean"
"Saint Lucia","LCA",2024,"20260921",52,2024-12-23,432,NA,432,91,NA,FALSE,TRUE,"no_lookup_match"
"Saint Martin",NA,2025,"20260921",52,2025-12-22,214,NA,214,39,NA,FALSE,TRUE,"no_lookup_match"
"Saint Martin",NA,2026,"20260921",20,2026-05-11,7,NA,7,19,NA,FALSE,TRUE,"no_lookup_match"
"Saint Martin",NA,2024,"20260921",52,2024-12-23,624,NA,624,91,NA,FALSE,TRUE,"no_lookup_match"
"Saint Vincent and the Grenadines","VCT",2025,"20260921",52,2025-12-22,8,8,8,39,1,TRUE,FALSE,"applied_mean"
"Saint Vincent and the Grenadines","VCT",2026,"20260921",31,2026-07-27,3,3,3,8,1,TRUE,FALSE,"applied_mean"
"Saint Vincent and the Grenadines","VCT",2024,"20260921",52,2024-12-23,971,NA,971,91,NA,FALSE,TRUE,"no_lookup_match"
"Sint Maarten","SXM",2024,"20260921",40,2024-09-30,144,NA,144,103,NA,FALSE,TRUE,"no_lookup_match"
"Sint Maarten","SXM",2025,"20260921",28,2025-07-07,8,NA,8,63,NA,FALSE,TRUE,"no_lookup_match"
"Suriname","SUR",2025,"20260921",50,2025-12-08,1313,1313,1313,41,1,TRUE,FALSE,"applied_mean"
"Suriname","SUR",2024,"20260921",20,2024-05-13,95,NA,95,123,NA,FALSE,TRUE,"no_lookup_match"
"Suriname","SUR",2026,"20260921",19,2026-05-04,418,418,418,20,1,TRUE,FALSE,"applied_mean"
"Trinidad and Tobago","TTO",2025,"20260921",52,2025-12-22,73,NA,73,39,NA,FALSE,TRUE,"no_lookup_match"
"Trinidad and Tobago","TTO",2026,"20260921",32,2026-08-03,102,102,102,7,1,TRUE,FALSE,"applied_mean"
"Trinidad and Tobago","TTO",2024,"20260921",48,2024-11-25,2004,NA,2004,95,NA,FALSE,TRUE,"no_lookup_match"
"Turks and Caicos Islands","TCA",2025,"20260921",48,2025-11-24,1,1,1,43,1,TRUE,FALSE,"applied_mean"
"Turks and Caicos Islands","TCA",2026,"20260921",12,2026-03-16,8,8,8,27,1,TRUE,FALSE,"applied_mean"
"Turks and Caicos Islands","TCA",2024,"20260921",52,2024-12-23,117,NA,117,91,NA,FALSE,TRUE,"no_lookup_match"
"Virgin Islands (UK)","VGB",2024,"20260921",48,2024-11-25,139,NA,139,95,NA,FALSE,TRUE,"no_lookup_match"
"Virgin Islands (UK)","VGB",2025,"20260921",48,2025-11-24,46,NA,46,43,NA,FALSE,TRUE,"no_lookup_match"
"Virgin Islands (UK)","VGB",2026,"20260921",24,2026-06-08,15,NA,15,15,NA,FALSE,TRUE,"no_lookup_match"
"Virgin Islands (US)","VIR",2024,"20260921",52,2024-12-23,185,NA,185,91,NA,FALSE,TRUE,"no_lookup_match"
"Virgin Islands (US)","VIR",2025,"20260921",52,2025-12-22,47,NA,47,39,NA,FALSE,TRUE,"no_lookup_match"
"Virgin Islands (US)","VIR",2026,"20260921",35,2026-08-24,0,NA,0,4,NA,FALSE,TRUE,"no_lookup_match"
"Canada","CAN",2024,"20260921",52,2024-12-23,0,NA,0,91,NA,FALSE,TRUE,"no_lookup_match"
"Canada","CAN",2025,"20260921",52,2025-12-22,0,NA,0,39,NA,FALSE,TRUE,"no_lookup_match"
"Canada","CAN",2026,"20260921",35,2026-08-24,0,NA,0,4,NA,FALSE,TRUE,"no_lookup_match"
"United States of America","USA",2024,"20260921",52,2024-12-23,3071,NA,3071,91,NA,FALSE,TRUE,"no_lookup_match"
"United States of America","USA",2025,"20260921",53,2025-12-29,1153,NA,1153,38,NA,FALSE,TRUE,"no_lookup_match"
"United States of America","USA",2026,"20260921",35,2026-08-24,351,NA,351,4,NA,FALSE,TRUE,"no_lookup_match"
"Belize","BLZ",2024,"20260921",48,2024-11-25,1148,NA,1148,95,NA,FALSE,TRUE,"country_excluded"
"Belize","BLZ",2025,"20260921",53,2025-12-29,2797,NA,2797,38,NA,FALSE,TRUE,"country_excluded"
"Belize","BLZ",2026,"20260921",15,2026-04-06,317,NA,317,24,NA,FALSE,TRUE,"country_excluded"
"Costa Rica","CRI",2026,"20260921",35,2026-08-24,4390,4085,4085,4,0.9304289202201,TRUE,FALSE,"applied_mean"
"Costa Rica","CRI",2024,"20260921",52,2024-12-23,31259,NA,31259,91,NA,FALSE,TRUE,"no_lookup_match"
"Costa Rica","CRI",2025,"20260921",52,2025-12-22,6019,6019,6019,39,1,TRUE,FALSE,"applied_mean"
"El Salvador","SLV",2024,"20260921",52,2024-12-23,8552,NA,8552,91,NA,FALSE,TRUE,"no_lookup_match"
"El Salvador","SLV",2025,"20260921",52,2025-12-22,5833,5833,5833,39,1,TRUE,FALSE,"applied_mean"
"El Salvador","SLV",2026,"20260921",30,2026-07-20,3039,3039,3039,9,1,TRUE,FALSE,"applied_mean"
"Guatemala","GTM",2025,"20260921",53,2025-12-29,48278,48278,48278,38,1,TRUE,FALSE,"applied_mean"
"Guatemala","GTM",2026,"20260921",26,2026-06-22,15679,20828,20828,13,1.32839399642986,TRUE,FALSE,"applied_mean"
"Guatemala","GTM",2024,"20260921",52,2024-12-23,188585,NA,188585,91,NA,FALSE,TRUE,"no_lookup_match"
"Honduras","HND",2024,"20260921",52,2024-12-23,177209,NA,177209,91,NA,FALSE,TRUE,"no_lookup_match"
"Honduras","HND",2025,"20260921",53,2025-12-29,17368,17368,17368,38,1,TRUE,FALSE,"applied_mean"
"Honduras","HND",2026,"20260921",33,2026-08-10,8079,8077,8077,6,0.999692576330584,TRUE,FALSE,"applied_mean"
"Mexico","MEX",2024,"20260921",52,2024-12-23,558846,NA,558846,91,NA,FALSE,TRUE,"no_lookup_match"
"Mexico","MEX",2025,"20260921",53,2025-12-29,145251,145251,145251,38,1,TRUE,FALSE,"applied_mean"
"Mexico","MEX",2026,"20260921",35,2026-08-24,48348,48677,48677,4,1.0067977465121,TRUE,FALSE,"applied_mean"
"Nicaragua","NIC",2025,"20260921",4,2025-01-20,5702,NA,5702,87,NA,FALSE,TRUE,"no_lookup_match"
"Nicaragua","NIC",2024,"20260921",52,2024-12-23,92022,NA,92022,91,NA,FALSE,TRUE,"no_lookup_match"
"Panama","PAN",2024,"20260921",52,2024-12-23,37231,NA,37231,91,NA,FALSE,TRUE,"no_lookup_match"
"Panama","PAN",2025,"20260921",53,2025-12-29,19809,19809,19809,38,1,TRUE,FALSE,"applied_mean"
"Panama","PAN",2026,"20260921",34,2026-08-17,9456,9158,9158,5,0.968526486210583,TRUE,FALSE,"applied_mean"
"Bolivia","BOL",2025,"20260921",53,2025-12-29,38028,38028,38028,38,1,TRUE,FALSE,"applied_mean"
"Bolivia","BOL",2026,"20260921",33,2026-08-10,58628,68007,68007,6,1.15996879530479,TRUE,FALSE,"applied_mean"
"Bolivia","BOL",2024,"20260921",52,2024-12-23,58877,NA,58877,91,NA,FALSE,TRUE,"no_lookup_match"
"Colombia","COL",2024,"20260921",52,2024-12-23,320982,NA,320982,91,NA,FALSE,TRUE,"no_lookup_match"
"Colombia","COL",2025,"20260921",53,2025-12-29,125119,125119,125119,38,1,TRUE,FALSE,"applied_mean"
"Colombia","COL",2026,"20260921",35,2026-08-24,77071,77071,77071,4,1,TRUE,FALSE,"applied_mean"
"Ecuador","ECU",2024,"20260921",52,2024-12-23,61400,NA,61400,91,NA,FALSE,TRUE,"no_lookup_match"
"Ecuador","ECU",2025,"20260921",53,2025-12-29,37840,37929,37929,38,1.00235219343574,TRUE,FALSE,"applied_mean"
"Ecuador","ECU",2026,"20260921",35,2026-08-24,32576,32597,32597,4,1.00063077279599,TRUE,FALSE,"applied_mean"
"Peru","PER",2024,"20260921",52,2024-12-23,271531,NA,271531,91,NA,FALSE,TRUE,"no_lookup_match"
"Peru","PER",2025,"20260921",53,2025-12-29,39211,36968,36968,38,0.942789030683527,TRUE,FALSE,"applied_mean"
"Peru","PER",2026,"20260921",36,2026-08-31,55943,55445,55445,3,0.991098736668739,TRUE,FALSE,"applied_mean"
"Venezuela","VEN",2024,"20260921",52,2024-12-23,60225,NA,60225,91,NA,FALSE,TRUE,"no_lookup_match"
"Venezuela","VEN",2025,"20260921",53,2025-12-29,41500,NA,41500,38,NA,FALSE,TRUE,"no_lookup_match"
"Venezuela","VEN",2026,"20260921",32,2026-08-03,10287,NA,10287,7,NA,FALSE,TRUE,"no_lookup_match"
"Argentina","ARG",2024,"20260921",52,2024-12-23,581559,NA,581559,91,NA,FALSE,TRUE,"no_lookup_match"
"Argentina","ARG",2025,"20260921",53,2025-12-29,17648,19119,19119,38,1.08333042036328,TRUE,FALSE,"applied_mean"
"Argentina","ARG",2026,"20260921",35,2026-08-24,59,66,66,4,1.11409122655788,TRUE,FALSE,"applied_mean"
"Brazil","BRA",2024,"20260921",52,2024-12-23,10266017,NA,10266017,91,NA,FALSE,TRUE,"no_lookup_match"
"Brazil","BRA",2025,"20260921",53,2025-12-29,3842465,3842657,3842657,38,1.00004995866772,TRUE,FALSE,"applied_mean"
"Brazil","BRA",2026,"20260921",36,2026-08-31,1276720,1350983,1350983,3,1.05816718283121,TRUE,FALSE,"applied_mean"
"Chile","CHL",2025,"20260921",53,2025-12-29,0,NA,0,38,NA,FALSE,TRUE,"no_lookup_match"
"Chile","CHL",2024,"20260921",52,2024-12-23,157,NA,157,91,NA,FALSE,TRUE,"no_lookup_match"
"Chile","CHL",2026,"20260921",34,2026-08-17,27,27,27,5,1.00229292929293,TRUE,FALSE,"applied_mean"
"Paraguay","PRY",2024,"20260921",52,2024-12-23,295785,NA,295785,91,NA,FALSE,TRUE,"no_lookup_match"
"Paraguay","PRY",2025,"20260921",53,2025-12-29,31656,31656,31656,38,1,TRUE,FALSE,"applied_mean"
"Paraguay","PRY",2026,"20260921",35,2026-08-24,10034,9860,9860,4,0.982649506719879,TRUE,FALSE,"applied_mean"
"Uruguay","URY",2025,"20260921",53,2025-12-29,7,7,7,38,1,TRUE,FALSE,"applied_mean"
"Uruguay","URY",2026,"20260921",32,2026-08-03,0,0,0,7,1.61117649105868,TRUE,FALSE,"applied_mean"
"Uruguay","URY",2024,"20260921",52,2024-12-23,1139,NA,1139,91,NA,FALSE,TRUE,"no_lookup_match"
"Cuba","CUB",2026,"20260921",25,2026-06-15,1746,NA,1746,14,NA,FALSE,TRUE,"no_lookup_match"
"Cuba","CUB",2024,"20260921",31,2024-07-29,985,NA,985,112,NA,FALSE,TRUE,"no_lookup_match"
"Cuba","CUB",2025,"20260921",53,2025-12-29,30692,NA,30692,38,NA,FALSE,TRUE,"no_lookup_match"
"Dominican Republic","DOM",2026,"20260921",34,2026-08-17,959,959,959,5,1,TRUE,FALSE,"applied_mean"
"Dominican Republic","DOM",2024,"20260921",52,2024-12-23,10300,NA,10300,91,NA,FALSE,TRUE,"no_lookup_match"
"Dominican Republic","DOM",2025,"20260921",52,2025-12-22,2011,2011,2011,39,1,TRUE,FALSE,"applied_mean"
"Puerto Rico","PRI",2024,"20260921",52,2024-12-23,6088,NA,6088,91,NA,FALSE,TRUE,"no_lookup_match"
"Puerto Rico","PRI",2025,"20260921",51,2025-12-15,3319,3319,3319,40,1,TRUE,FALSE,"applied_mean"
"Puerto Rico","PRI",2026,"20260921",33,2026-08-10,882,889,889,6,1.00809866256541,TRUE,FALSE,"applied_mean"
"Anguilla","AIA",2024,"20260921",52,2024-12-23,5,NA,5,91,NA,FALSE,TRUE,"no_lookup_match"
"Anguilla","AIA",2025,"20260921",49,2025-12-01,3,NA,3,42,NA,FALSE,TRUE,"no_lookup_match"
"Anguilla","AIA",2026,"20260921",33,2026-08-10,0,NA,0,6,NA,FALSE,TRUE,"no_lookup_match"
"Antigua and Barbuda","ATG",2025,"20260921",44,2025-10-27,15,15,15,47,1,TRUE,FALSE,"applied_mean"
"Antigua and Barbuda","ATG",2026,"20260921",28,2026-07-06,8,8,8,11,1.05927349913893,TRUE,FALSE,"applied_mean"
"Antigua and Barbuda","ATG",2024,"20260921",48,2024-11-25,169,NA,169,95,NA,FALSE,TRUE,"no_lookup_match"
"Aruba","ABW",2024,"20260921",44,2024-10-28,88,NA,88,99,NA,FALSE,TRUE,"no_lookup_match"
"Aruba","ABW",2025,"20260921",44,2025-10-27,14,14,14,47,1,TRUE,FALSE,"applied_mean"
"Bahamas","BHS",2024,"20260921",8,2024-02-19,0,NA,0,135,NA,FALSE,TRUE,"no_lookup_match"
"Bahamas","BHS",2026,"20260921",20,2026-05-11,1,NA,1,19,NA,FALSE,TRUE,"no_lookup_match"
"Barbados","BRB",2025,"20260921",53,2025-12-29,178,178,178,38,1,TRUE,FALSE,"applied_mean"
"Barbados","BRB",2026,"20260921",30,2026-07-20,66,54,54,9,0.811243003335894,TRUE,FALSE,"applied_mean"
"Barbados","BRB",2024,"20260921",52,2024-12-23,1133,NA,1133,91,NA,FALSE,TRUE,"no_lookup_match"
"Bermuda","BMU",2024,"20260921",52,2024-12-23,3,NA,3,91,NA,FALSE,TRUE,"no_lookup_match"
"Bermuda","BMU",2025,"20260921",48,2025-11-24,1,1,1,43,1,TRUE,FALSE,"applied_mean"
"Bermuda","BMU",2026,"20260921",24,2026-06-08,2,NA,2,15,NA,FALSE,TRUE,"no_lookup_match"
"Bonaire, Saint Eustatius and Saba","BES",2024,"20260921",12,2024-03-18,207,NA,207,131,NA,FALSE,TRUE,"no_lookup_match"
"Cayman Islands","CYM",2024,"20260921",52,2024-12-23,9,NA,9,91,NA,FALSE,TRUE,"no_lookup_match"
"Cayman Islands","CYM",2025,"20260921",52,2025-12-22,0,0,0,39,1,TRUE,FALSE,"applied_mean"
"Cayman Islands","CYM",2026,"20260921",32,2026-08-03,0,0,0,7,1,TRUE,FALSE,"applied_mean"
"Curaçao","CUW",2024,"20260921",12,2024-03-18,262,NA,262,131,NA,FALSE,TRUE,"no_lookup_match"
"French Guiana","GUF",2024,"20260921",32,2024-08-05,16141,NA,16141,111,NA,FALSE,TRUE,"no_lookup_match"
"French Guiana","GUF",2025,"20260921",52,2025-12-22,318,NA,318,39,NA,FALSE,TRUE,"no_lookup_match"
"French Guiana","GUF",2026,"20260921",36,2026-08-31,12,12,12,3,1,TRUE,FALSE,"applied_mean"
"Grenada","GRD",2025,"20260921",53,2025-12-29,217,217,217,38,1,TRUE,FALSE,"applied_mean"
"Grenada","GRD",2026,"20260921",35,2026-08-24,168,168,168,4,1,TRUE,FALSE,"applied_mean"
"Grenada","GRD",2024,"20260921",51,2024-12-16,798,NA,798,92,NA,FALSE,TRUE,"no_lookup_match"
"Guadeloupe","GLP",2026,"20260921",20,2026-05-11,383,383,383,19,1,TRUE,FALSE,"applied_mean"
"Guadeloupe","GLP",2024,"20260921",52,2024-12-23,11025,NA,11025,91,NA,FALSE,TRUE,"no_lookup_match"
"Guadeloupe","GLP",2025,"20260921",52,2025-12-22,5214,5214,5214,39,1,TRUE,FALSE,"applied_mean"
"Guyana","GUY",2025,"20260921",52,2025-12-22,70056,71325,71325,39,1.01810916291639,TRUE,FALSE,"applied_mean"
"Guyana","GUY",2026,"20260921",25,2026-06-15,35768,39388,39388,14,1.10121007553855,TRUE,FALSE,"applied_mean"
"Guyana","GUY",2024,"20260921",52,2024-12-23,46306,NA,46306,91,NA,FALSE,TRUE,"no_lookup_match"
"Jamaica","JAM",2025,"20260921",53,2025-12-29,602,602,602,38,1,TRUE,FALSE,"applied_mean"
"Jamaica","JAM",2026,"20260921",30,2026-07-20,145,145,145,9,1,TRUE,FALSE,"applied_mean"
"Jamaica","JAM",2024,"20260921",51,2024-12-16,2034,NA,2034,92,NA,FALSE,TRUE,"no_lookup_match"
"Martinique","MTQ",2025,"20260921",52,2025-12-22,1280,1280,1280,39,1,TRUE,FALSE,"applied_mean"
"Martinique","MTQ",2024,"20260921",52,2024-12-23,7371,NA,7371,91,NA,FALSE,TRUE,"no_lookup_match"
"Martinique","MTQ",2026,"20260921",20,2026-05-11,1354,1354,1354,19,1,TRUE,FALSE,"applied_mean"
"Montserrat","MSR",2024,"20260921",48,2024-11-25,3,NA,3,95,NA,FALSE,TRUE,"no_lookup_match"
"Montserrat","MSR",2025,"20260921",48,2025-11-24,3,3,3,43,1,TRUE,FALSE,"applied_mean"
"Montserrat","MSR",2026,"20260921",32,2026-08-03,0,0,0,7,1,TRUE,FALSE,"applied_mean"
"Saint Barthelemy","BLM",2025,"20260921",52,2025-12-22,20,20,20,39,1,TRUE,FALSE,"applied_mean"
"Saint Barthelemy","BLM",2026,"20260921",20,2026-05-11,0,0,0,19,1,TRUE,FALSE,"applied_mean"
"Saint Barthelemy","BLM",2024,"20260921",52,2024-12-23,173,NA,173,91,NA,FALSE,TRUE,"no_lookup_match"
"Saint Kitts and Nevis","KNA",2024,"20260921",52,2024-12-23,253,NA,253,91,NA,FALSE,TRUE,"no_lookup_match"
"Saint Kitts and Nevis","KNA",2025,"20260921",52,2025-12-22,11,11,11,39,1,TRUE,FALSE,"applied_mean"
"Saint Kitts and Nevis","KNA",2026,"20260921",13,2026-03-23,13,13,13,26,1.0137990750553,TRUE,FALSE,"applied_mean"
"Saint Lucia","LCA",2025,"20260921",53,2025-12-29,47,47,47,38,1,TRUE,FALSE,"applied_mean"
"Saint Lucia","LCA",2026,"20260921",35,2026-08-24,9,9,9,4,1,TRUE,FALSE,"applied_mean"
"Saint Lucia","LCA",2024,"20260921",52,2024-12-23,432,NA,432,91,NA,FALSE,TRUE,"no_lookup_match"
"Saint Martin",NA,2025,"20260921",52,2025-12-22,214,NA,214,39,NA,FALSE,TRUE,"no_lookup_match"
"Saint Martin",NA,2026,"20260921",20,2026-05-11,7,NA,7,19,NA,FALSE,TRUE,"no_lookup_match"
"Saint Martin",NA,2024,"20260921",52,2024-12-23,624,NA,624,91,NA,FALSE,TRUE,"no_lookup_match"
"Saint Vincent and the Grenadines","VCT",2025,"20260921",52,2025-12-22,8,8,8,39,1,TRUE,FALSE,"applied_mean"
"Saint Vincent and the Grenadines","VCT",2026,"20260921",31,2026-07-27,3,3,3,8,1,TRUE,FALSE,"applied_mean"
"Saint Vincent and the Grenadines","VCT",2024,"20260921",52,2024-12-23,971,NA,971,91,NA,FALSE,TRUE,"no_lookup_match"
"Sint Maarten","SXM",2024,"20260921",40,2024-09-30,144,NA,144,103,NA,FALSE,TRUE,"no_lookup_match"
"Sint Maarten","SXM",2025,"20260921",28,2025-07-07,8,NA,8,63,NA,FALSE,TRUE,"no_lookup_match"
"Suriname","SUR",2025,"20260921",50,2025-12-08,1313,1313,1313,41,1,TRUE,FALSE,"applied_mean"
"Suriname","SUR",2024,"20260921",20,2024-05-13,95,NA,95,123,NA,FALSE,TRUE,"no_lookup_match"
"Suriname","SUR",2026,"20260921",19,2026-05-04,418,418,418,20,1,TRUE,FALSE,"applied_mean"
"Trinidad and Tobago","TTO",2025,"20260921",52,2025-12-22,73,NA,73,39,NA,FALSE,TRUE,"no_lookup_match"
"Trinidad and Tobago","TTO",2026,"20260921",32,2026-08-03,102,102,102,7,1,TRUE,FALSE,"applied_mean"
"Trinidad and Tobago","TTO",2024,"20260921",48,2024-11-25,2004,NA,2004,95,NA,FALSE,TRUE,"no_lookup_match"
"Turks and Caicos Islands","TCA",2025,"20260921",48,2025-11-24,1,1,1,43,1,TRUE,FALSE,"applied_mean"
"Turks and Caicos Islands","TCA",2026,"20260921",12,2026-03-16,8,8,8,27,1,TRUE,FALSE,"applied_mean"
"Turks and Caicos Islands","TCA",2024,"20260921",52,2024-12-23,117,NA,117,91,NA,FALSE,TRUE,"no_lookup_match"
"Virgin Islands (UK)","VGB",2024,"20260921",48,2024-11-25,139,NA,139,95,NA,FALSE,TRUE,"no_lookup_match"
"Virgin Islands (UK)","VGB",2025,"20260921",48,2025-11-24,46,NA,46,43,NA,FALSE,TRUE,"no_lookup_match"
"Virgin Islands (UK)","VGB",2026,"20260921",24,2026-06-08,15,NA,15,15,NA,FALSE,TRUE,"no_lookup_match"
"Virgin Islands (US)","VIR",2024,"20260921",52,2024-12-23,185,NA,185,91,NA,FALSE,TRUE,"no_lookup_match"
"Virgin Islands (US)","VIR",2025,"20260921",52,2025-12-22,47,NA,47,39,NA,FALSE,TRUE,"no_lookup_match"
"Virgin Islands (US)","VIR",2026,"20260921",35,2026-08-24,0,NA,0,4,NA,FALSE,TRUE,"no_lookup_match"
"Canada","CAN",2024,"20260921",5,2024-01-29,0,NA,0,138,NA,FALSE,TRUE,"no_lookup_match"
"Canada","CAN",2025,"20260921",5,2025-01-27,0,NA,0,86,NA,FALSE,TRUE,"no_lookup_match"
"Canada","CAN",2026,"20260921",5,2026-01-26,0,NA,0,34,NA,FALSE,TRUE,"no_lookup_match"
"United States of America","USA",2024,"20260921",5,2024-01-29,49,NA,49,138,NA,FALSE,TRUE,"no_lookup_match"
"United States of America","USA",2025,"20260921",5,2025-01-27,78,NA,78,86,NA,FALSE,TRUE,"no_lookup_match"
"United States of America","USA",2026,"20260921",5,2026-01-26,27,NA,27,34,NA,FALSE,TRUE,"no_lookup_match"
"Belize","BLZ",2024,"20260921",5,2024-01-29,73,NA,73,138,NA,FALSE,TRUE,"country_excluded"
"Belize","BLZ",2025,"20260921",5,2025-01-27,54,NA,54,86,NA,FALSE,TRUE,"country_excluded"
"Belize","BLZ",2026,"20260921",5,2026-01-26,177,NA,177,34,NA,FALSE,TRUE,"country_excluded"
"Costa Rica","CRI",2024,"20260921",5,2024-01-29,3492,NA,3492,138,NA,FALSE,TRUE,"no_lookup_match"
"Costa Rica","CRI",2025,"20260921",5,2025-01-27,544,NA,544,86,NA,FALSE,TRUE,"no_lookup_match"
"Costa Rica","CRI",2026,"20260921",5,2026-01-26,248,248,248,34,1.00102383487591,TRUE,FALSE,"applied_mean"
"El Salvador","SLV",2025,"20260921",5,2025-01-27,411,NA,411,86,NA,FALSE,TRUE,"no_lookup_match"
"El Salvador","SLV",2024,"20260921",5,2024-01-29,491,NA,491,138,NA,FALSE,TRUE,"no_lookup_match"
"El Salvador","SLV",2026,"20260921",5,2026-01-26,731,731,731,34,1,TRUE,FALSE,"applied_mean"
"Guatemala","GTM",2025,"20260921",5,2025-01-27,4342,NA,4342,86,NA,FALSE,TRUE,"no_lookup_match"
"Guatemala","GTM",2024,"20260921",5,2024-01-29,7911,NA,7911,138,NA,FALSE,TRUE,"no_lookup_match"
"Guatemala","GTM",2026,"20260921",5,2026-01-26,2672,2686,2686,34,1.00520027239522,TRUE,FALSE,"applied_mean"
"Honduras","HND",2025,"20260921",5,2025-01-27,1434,NA,1434,86,NA,FALSE,TRUE,"no_lookup_match"
"Honduras","HND",2024,"20260921",5,2024-01-29,3602,NA,3602,138,NA,FALSE,TRUE,"no_lookup_match"
"Honduras","HND",2026,"20260921",5,2026-01-26,1051,1051,1051,34,1,TRUE,FALSE,"applied_mean"
"Mexico","MEX",2024,"20260921",5,2024-01-29,21247,NA,21247,138,NA,FALSE,TRUE,"no_lookup_match"
"Mexico","MEX",2025,"20260921",5,2025-01-27,11125,NA,11125,86,NA,FALSE,TRUE,"no_lookup_match"
"Mexico","MEX",2026,"20260921",5,2026-01-26,6237,6237,6237,34,0.999984288883442,TRUE,FALSE,"applied_mean"
"Nicaragua","NIC",2025,"20260921",4,2025-01-20,5702,NA,5702,87,NA,FALSE,TRUE,"no_lookup_match"
"Nicaragua","NIC",2024,"20260921",5,2024-01-29,9530,NA,9530,138,NA,FALSE,TRUE,"no_lookup_match"
"Panama","PAN",2024,"20260921",5,2024-01-29,2553,NA,2553,138,NA,FALSE,TRUE,"no_lookup_match"
"Panama","PAN",2025,"20260921",5,2025-01-27,2339,NA,2339,86,NA,FALSE,TRUE,"no_lookup_match"
"Panama","PAN",2026,"20260921",5,2026-01-26,1036,1035,1035,34,0.999364958404775,TRUE,FALSE,"applied_mean"
"Bolivia","BOL",2024,"20260921",5,2024-01-29,8761,NA,8761,138,NA,FALSE,TRUE,"no_lookup_match"
"Bolivia","BOL",2025,"20260921",5,2025-01-27,4204,NA,4204,86,NA,FALSE,TRUE,"no_lookup_match"
"Bolivia","BOL",2026,"20260921",5,2026-01-26,11329,11350,11350,34,1.00182486076549,TRUE,FALSE,"applied_mean"
"Colombia","COL",2025,"20260921",5,2025-01-27,19794,NA,19794,86,NA,FALSE,TRUE,"no_lookup_match"
"Colombia","COL",2024,"20260921",5,2024-01-29,27649,NA,27649,138,NA,FALSE,TRUE,"no_lookup_match"
"Colombia","COL",2026,"20260921",5,2026-01-26,11537,11537,11537,34,1,TRUE,FALSE,"applied_mean"
"Ecuador","ECU",2024,"20260921",5,2024-01-29,3838,NA,3838,138,NA,FALSE,TRUE,"no_lookup_match"
"Ecuador","ECU",2025,"20260921",5,2025-01-27,4513,NA,4513,86,NA,FALSE,TRUE,"no_lookup_match"
"Ecuador","ECU",2026,"20260921",5,2026-01-26,1784,1788,1788,34,1.00240578209109,TRUE,FALSE,"applied_mean"
"Peru","PER",2024,"20260921",5,2024-01-29,12138,NA,12138,138,NA,FALSE,TRUE,"no_lookup_match"
"Peru","PER",2025,"20260921",5,2025-01-27,6182,NA,6182,86,NA,FALSE,TRUE,"no_lookup_match"
"Peru","PER",2026,"20260921",5,2026-01-26,2319,2179,2179,34,0.939840233521528,TRUE,FALSE,"applied_mean"
"Venezuela","VEN",2024,"20260921",5,2024-01-29,3104,NA,3104,138,NA,FALSE,TRUE,"no_lookup_match"
"Venezuela","VEN",2025,"20260921",5,2025-01-27,6008,NA,6008,86,NA,FALSE,TRUE,"no_lookup_match"
"Venezuela","VEN",2026,"20260921",5,2026-01-26,2036,NA,2036,34,NA,FALSE,TRUE,"no_lookup_match"
"Argentina","ARG",2026,"20260921",5,2026-01-26,6,6,6,34,1.0679618680138,TRUE,FALSE,"applied_mean"
"Argentina","ARG",2024,"20260921",5,2024-01-29,32998,NA,32998,138,NA,FALSE,TRUE,"no_lookup_match"
"Argentina","ARG",2025,"20260921",5,2025-01-27,275,NA,275,86,NA,FALSE,TRUE,"no_lookup_match"
"Brazil","BRA",2024,"20260921",5,2024-01-29,779704,NA,779704,138,NA,FALSE,TRUE,"no_lookup_match"
"Brazil","BRA",2025,"20260921",5,2025-01-27,462699,NA,462699,86,NA,FALSE,TRUE,"no_lookup_match"
"Brazil","BRA",2026,"20260921",5,2026-01-26,166774,166354,166354,34,0.99748344434466,TRUE,FALSE,"applied_mean"
"Chile","CHL",2024,"20260921",5,2024-01-29,0,NA,0,138,NA,FALSE,TRUE,"no_lookup_match"
"Chile","CHL",2025,"20260921",5,2025-01-27,0,NA,0,86,NA,FALSE,TRUE,"no_lookup_match"
"Chile","CHL",2026,"20260921",5,2026-01-26,0,NA,0,34,NA,FALSE,TRUE,"no_lookup_match"
"Paraguay","PRY",2024,"20260921",5,2024-01-29,97747,NA,97747,138,NA,FALSE,TRUE,"no_lookup_match"
"Paraguay","PRY",2025,"20260921",5,2025-01-27,4664,NA,4664,86,NA,FALSE,TRUE,"no_lookup_match"
"Paraguay","PRY",2026,"20260921",5,2026-01-26,2904,2904,2904,34,0.999936242536258,TRUE,FALSE,"applied_mean"
"Uruguay","URY",2024,"20260921",5,2024-01-29,17,NA,17,138,NA,FALSE,TRUE,"no_lookup_match"
"Uruguay","URY",2025,"20260921",5,2025-01-27,0,NA,0,86,NA,FALSE,TRUE,"no_lookup_match"
"Uruguay","URY",2026,"20260921",5,2026-01-26,0,0,0,34,1,TRUE,FALSE,"applied_mean"
"Cuba","CUB",2026,"20260921",5,2026-01-26,713,NA,713,34,NA,FALSE,TRUE,"no_lookup_match"
"Dominican Republic","DOM",2024,"20260921",5,2024-01-29,3821,NA,3821,138,NA,FALSE,TRUE,"no_lookup_match"
"Dominican Republic","DOM",2025,"20260921",5,2025-01-27,201,NA,201,86,NA,FALSE,TRUE,"no_lookup_match"
"Dominican Republic","DOM",2026,"20260921",5,2026-01-26,132,132,132,34,1,TRUE,FALSE,"applied_mean"
"Puerto Rico","PRI",2024,"20260921",5,2024-01-29,284,NA,284,138,NA,FALSE,TRUE,"no_lookup_match"
"Puerto Rico","PRI",2025,"20260921",5,2025-01-27,662,NA,662,86,NA,FALSE,TRUE,"no_lookup_match"
"Puerto Rico","PRI",2026,"20260921",5,2026-01-26,239,239,239,34,1,TRUE,FALSE,"applied_mean"
"Anguilla","AIA",2025,"20260921",5,2025-01-27,0,NA,0,86,NA,FALSE,TRUE,"no_lookup_match"
"Anguilla","AIA",2026,"20260921",5,2026-01-26,0,0,0,34,1,TRUE,FALSE,"applied_mean"
"Antigua and Barbuda","ATG",2025,"20260921",5,2025-01-27,0,NA,0,86,NA,FALSE,TRUE,"no_lookup_match"
"Antigua and Barbuda","ATG",2026,"20260921",5,2026-01-26,2,2,2,34,1,TRUE,FALSE,"applied_mean"
"Antigua and Barbuda","ATG",2024,"20260921",4,2024-01-22,41,NA,41,139,NA,FALSE,TRUE,"no_lookup_match"
"Aruba","ABW",2024,"20260921",5,2024-01-29,3,NA,3,138,NA,FALSE,TRUE,"no_lookup_match"
"Aruba","ABW",2025,"20260921",5,2025-01-27,0,NA,0,86,NA,FALSE,TRUE,"no_lookup_match"
"Bahamas","BHS",2024,"20260921",5,2024-01-29,0,NA,0,138,NA,FALSE,TRUE,"no_lookup_match"
"Bahamas","BHS",2026,"20260921",5,2026-01-26,0,0,0,34,1,TRUE,FALSE,"applied_mean"
"Barbados","BRB",2025,"20260921",5,2025-01-27,28,NA,28,86,NA,FALSE,TRUE,"no_lookup_match"
"Barbados","BRB",2026,"20260921",5,2026-01-26,12,12,12,34,1,TRUE,FALSE,"applied_mean"
"Barbados","BRB",2024,"20260921",5,2024-01-29,373,NA,373,138,NA,FALSE,TRUE,"no_lookup_match"
"Bermuda","BMU",2024,"20260921",5,2024-01-29,0,NA,0,138,NA,FALSE,TRUE,"no_lookup_match"
"Bermuda","BMU",2025,"20260921",5,2025-01-27,0,NA,0,86,NA,FALSE,TRUE,"no_lookup_match"
"Bermuda","BMU",2026,"20260921",5,2026-01-26,0,0,0,34,1,TRUE,FALSE,"applied_mean"
"Bonaire, Saint Eustatius and Saba","BES",2024,"20260921",5,2024-01-29,89,NA,89,138,NA,FALSE,TRUE,"no_lookup_match"
"Cayman Islands","CYM",2024,"20260921",5,2024-01-29,0,NA,0,138,NA,FALSE,TRUE,"no_lookup_match"
"Cayman Islands","CYM",2025,"20260921",5,2025-01-27,0,NA,0,86,NA,FALSE,TRUE,"no_lookup_match"
"Cayman Islands","CYM",2026,"20260921",5,2026-01-26,0,0,0,34,1,TRUE,FALSE,"applied_mean"
"Curaçao","CUW",2024,"20260921",5,2024-01-29,40,NA,40,138,NA,FALSE,TRUE,"no_lookup_match"
"French Guiana","GUF",2026,"20260921",5,2026-01-26,1,1,1,34,1,TRUE,FALSE,"applied_mean"
"French Guiana","GUF",2024,"20260921",4,2024-01-22,3672,NA,3672,139,NA,FALSE,TRUE,"no_lookup_match"
"Grenada","GRD",2024,"20260921",5,2024-01-29,47,NA,47,138,NA,FALSE,TRUE,"no_lookup_match"
"Grenada","GRD",2025,"20260921",5,2025-01-27,16,NA,16,86,NA,FALSE,TRUE,"no_lookup_match"
"Grenada","GRD",2026,"20260921",5,2026-01-26,19,19,19,34,1,TRUE,FALSE,"applied_mean"
"Guadeloupe","GLP",2026,"20260921",5,2026-01-26,102,102,102,34,1,TRUE,FALSE,"applied_mean"
"Guadeloupe","GLP",2024,"20260921",5,2024-01-29,1445,NA,1445,138,NA,FALSE,TRUE,"no_lookup_match"
"Guadeloupe","GLP",2025,"20260921",5,2025-01-27,2220,NA,2220,86,NA,FALSE,TRUE,"no_lookup_match"
"Guyana","GUY",2024,"20260921",5,2024-01-29,3049,NA,3049,138,NA,FALSE,TRUE,"no_lookup_match"
"Guyana","GUY",2025,"20260921",5,2025-01-27,5033,NA,5033,86,NA,FALSE,TRUE,"no_lookup_match"
"Guyana","GUY",2026,"20260921",5,2026-01-26,11758,11946,11946,34,1.01601780768224,TRUE,FALSE,"applied_mean"
"Jamaica","JAM",2024,"20260921",5,2024-01-29,457,NA,457,138,NA,FALSE,TRUE,"no_lookup_match"
"Jamaica","JAM",2025,"20260921",5,2025-01-27,46,NA,46,86,NA,FALSE,TRUE,"no_lookup_match"
"Jamaica","JAM",2026,"20260921",5,2026-01-26,44,44,44,34,1,TRUE,FALSE,"applied_mean"
"Martinique","MTQ",2025,"20260921",5,2025-01-27,293,NA,293,86,NA,FALSE,TRUE,"no_lookup_match"
"Martinique","MTQ",2024,"20260921",5,2024-01-29,1630,NA,1630,138,NA,FALSE,TRUE,"no_lookup_match"
"Martinique","MTQ",2026,"20260921",5,2026-01-26,346,346,346,34,1,TRUE,FALSE,"applied_mean"
"Montserrat","MSR",2024,"20260921",5,2024-01-29,1,NA,1,138,NA,FALSE,TRUE,"no_lookup_match"
"Montserrat","MSR",2025,"20260921",5,2025-01-27,0,NA,0,86,NA,FALSE,TRUE,"no_lookup_match"
"Montserrat","MSR",2026,"20260921",5,2026-01-26,0,0,0,34,1,TRUE,FALSE,"applied_mean"
"Saint Barthelemy","BLM",2025,"20260921",5,2025-01-27,17,NA,17,86,NA,FALSE,TRUE,"no_lookup_match"
"Saint Barthelemy","BLM",2026,"20260921",5,2026-01-26,0,0,0,34,1,TRUE,FALSE,"applied_mean"
"Saint Barthelemy","BLM",2024,"20260921",5,2024-01-29,76,NA,76,138,NA,FALSE,TRUE,"no_lookup_match"
"Saint Kitts and Nevis","KNA",2024,"20260921",5,2024-01-29,118,NA,118,138,NA,FALSE,TRUE,"no_lookup_match"
"Saint Kitts and Nevis","KNA",2025,"20260921",5,2025-01-27,0,NA,0,86,NA,FALSE,TRUE,"no_lookup_match"
"Saint Kitts and Nevis","KNA",2026,"20260921",5,2026-01-26,2,2,2,34,1,TRUE,FALSE,"applied_mean"
"Saint Lucia","LCA",2024,"20260921",5,2024-01-29,0,NA,0,138,NA,FALSE,TRUE,"no_lookup_match"
"Saint Lucia","LCA",2025,"20260921",5,2025-01-27,8,NA,8,86,NA,FALSE,TRUE,"no_lookup_match"
"Saint Lucia","LCA",2026,"20260921",5,2026-01-26,0,0,0,34,1,TRUE,FALSE,"applied_mean"
"Saint Martin",NA,2025,"20260921",5,2025-01-27,53,NA,53,86,NA,FALSE,TRUE,"no_lookup_match"
"Saint Martin",NA,2026,"20260921",5,2026-01-26,0,NA,0,34,NA,FALSE,TRUE,"no_lookup_match"
"Saint Martin",NA,2024,"20260921",5,2024-01-29,226,NA,226,138,NA,FALSE,TRUE,"no_lookup_match"
"Saint Vincent and the Grenadines","VCT",2025,"20260921",5,2025-01-27,0,NA,0,86,NA,FALSE,TRUE,"no_lookup_match"
"Saint Vincent and the Grenadines","VCT",2026,"20260921",5,2026-01-26,1,1,1,34,1,TRUE,FALSE,"applied_mean"
"Sint Maarten","SXM",2024,"20260921",5,2024-01-29,53,NA,53,138,NA,FALSE,TRUE,"no_lookup_match"
"Sint Maarten","SXM",2025,"20260921",5,2025-01-27,0,NA,0,86,NA,FALSE,TRUE,"no_lookup_match"
"Suriname","SUR",2024,"20260921",5,2024-01-29,27,NA,27,138,NA,FALSE,TRUE,"no_lookup_match"
"Suriname","SUR",2025,"20260921",5,2025-01-27,75,NA,75,86,NA,FALSE,TRUE,"no_lookup_match"
"Suriname","SUR",2026,"20260921",5,2026-01-26,109,109,109,34,1,TRUE,FALSE,"applied_mean"
"Trinidad and Tobago","TTO",2025,"20260921",5,2025-01-27,0,NA,0,86,NA,FALSE,TRUE,"no_lookup_match"
"Trinidad and Tobago","TTO",2026,"20260921",5,2026-01-26,2,2,2,34,1,TRUE,FALSE,"applied_mean"
"Trinidad and Tobago","TTO",2024,"20260921",5,2024-01-29,110,NA,110,138,NA,FALSE,TRUE,"no_lookup_match"
"Turks and Caicos Islands","TCA",2025,"20260921",5,2025-01-27,0,NA,0,86,NA,FALSE,TRUE,"no_lookup_match"
"Turks and Caicos Islands","TCA",2026,"20260921",5,2026-01-26,8,8,8,34,1,TRUE,FALSE,"applied_mean"
"Turks and Caicos Islands","TCA",2024,"20260921",4,2024-01-22,27,NA,27,139,NA,FALSE,TRUE,"no_lookup_match"
"Virgin Islands (UK)","VGB",2025,"20260921",5,2025-01-27,11,NA,11,86,NA,FALSE,TRUE,"no_lookup_match"
"Virgin Islands (UK)","VGB",2026,"20260921",5,2026-01-26,0,NA,0,34,NA,FALSE,TRUE,"no_lookup_match"
"Virgin Islands (US)","VIR",2024,"20260921",5,2024-01-29,0,NA,0,138,NA,FALSE,TRUE,"no_lookup_match"
"Virgin Islands (US)","VIR",2025,"20260921",5,2025-01-27,1,NA,1,86,NA,FALSE,TRUE,"no_lookup_match"
"Virgin Islands (US)","VIR",2026,"20260921",5,2026-01-26,0,NA,0,34,NA,FALSE,TRUE,"no_lookup_match"
"Canada","CAN",2024,"20260921",6,2024-02-05,0,NA,0,137,NA,FALSE,TRUE,"no_lookup_match"
"Canada","CAN",2025,"20260921",6,2025-02-03,0,NA,0,85,NA,FALSE,TRUE,"no_lookup_match"
"Canada","CAN",2026,"20260921",6,2026-02-02,0,NA,0,33,NA,FALSE,TRUE,"no_lookup_match"
"United States of America","USA",2024,"20260921",6,2024-02-05,94,NA,94,137,NA,FALSE,TRUE,"no_lookup_match"
"United States of America","USA",2025,"20260921",6,2025-02-03,101,NA,101,85,NA,FALSE,TRUE,"no_lookup_match"
"United States of America","USA",2026,"20260921",6,2026-02-02,27,NA,27,33,NA,FALSE,TRUE,"no_lookup_match"
"Belize","BLZ",2024,"20260921",6,2024-02-05,87,NA,87,137,NA,FALSE,TRUE,"country_excluded"
"Belize","BLZ",2025,"20260921",6,2025-02-03,64,NA,64,85,NA,FALSE,TRUE,"country_excluded"
"Belize","BLZ",2026,"20260921",6,2026-02-02,198,NA,198,33,NA,FALSE,TRUE,"country_excluded"
"Costa Rica","CRI",2024,"20260921",6,2024-02-05,3964,NA,3964,137,NA,FALSE,TRUE,"no_lookup_match"
"Costa Rica","CRI",2025,"20260921",6,2025-02-03,606,NA,606,85,NA,FALSE,TRUE,"no_lookup_match"
"Costa Rica","CRI",2026,"20260921",6,2026-02-02,291,293,293,33,1.00766028427999,TRUE,FALSE,"applied_mean"
"El Salvador","SLV",2025,"20260921",6,2025-02-03,497,NA,497,85,NA,FALSE,TRUE,"no_lookup_match"
"El Salvador","SLV",2024,"20260921",6,2024-02-05,606,NA,606,137,NA,FALSE,TRUE,"no_lookup_match"
"El Salvador","SLV",2026,"20260921",6,2026-02-02,825,825,825,33,1,TRUE,FALSE,"applied_mean"
"Guatemala","GTM",2025,"20260921",6,2025-02-03,5178,NA,5178,85,NA,FALSE,TRUE,"no_lookup_match"
"Guatemala","GTM",2024,"20260921",6,2024-02-05,9213,NA,9213,137,NA,FALSE,TRUE,"no_lookup_match"
"Guatemala","GTM",2026,"20260921",6,2026-02-02,3305,3443,3443,33,1.04168736651171,TRUE,FALSE,"applied_mean"
"Honduras","HND",2025,"20260921",6,2025-02-03,1759,NA,1759,85,NA,FALSE,TRUE,"no_lookup_match"
"Honduras","HND",2024,"20260921",6,2024-02-05,4360,NA,4360,137,NA,FALSE,TRUE,"no_lookup_match"
"Honduras","HND",2026,"20260921",6,2026-02-02,1210,1210,1210,33,1,TRUE,FALSE,"applied_mean"
"Mexico","MEX",2024,"20260921",6,2024-02-05,24798,NA,24798,137,NA,FALSE,TRUE,"no_lookup_match"
"Mexico","MEX",2025,"20260921",6,2025-02-03,13226,NA,13226,85,NA,FALSE,TRUE,"no_lookup_match"
"Mexico","MEX",2026,"20260921",6,2026-02-02,7545,7544,7544,33,0.999894701220575,TRUE,FALSE,"applied_mean"
"Nicaragua","NIC",2025,"20260921",4,2025-01-20,5702,NA,5702,87,NA,FALSE,TRUE,"no_lookup_match"
"Nicaragua","NIC",2024,"20260921",6,2024-02-05,11452,NA,11452,137,NA,FALSE,TRUE,"no_lookup_match"
"Panama","PAN",2024,"20260921",6,2024-02-05,2878,NA,2878,137,NA,FALSE,TRUE,"no_lookup_match"
"Panama","PAN",2025,"20260921",6,2025-02-03,2794,NA,2794,85,NA,FALSE,TRUE,"no_lookup_match"
"Panama","PAN",2026,"20260921",6,2026-02-02,1192,1185,1185,33,0.994304824913091,TRUE,FALSE,"applied_mean"
"Bolivia","BOL",2024,"20260921",6,2024-02-05,10590,NA,10590,137,NA,FALSE,TRUE,"no_lookup_match"
"Bolivia","BOL",2025,"20260921",6,2025-02-03,5140,NA,5140,85,NA,FALSE,TRUE,"no_lookup_match"
"Bolivia","BOL",2026,"20260921",6,2026-02-02,16230,16468,16468,33,1.0146889796576,TRUE,FALSE,"applied_mean"
"Colombia","COL",2025,"20260921",6,2025-02-03,23848,NA,23848,85,NA,FALSE,TRUE,"no_lookup_match"
"Colombia","COL",2024,"20260921",6,2024-02-05,34026,NA,34026,137,NA,FALSE,TRUE,"no_lookup_match"
"Colombia","COL",2026,"20260921",6,2026-02-02,13872,13872,13872,33,1,TRUE,FALSE,"applied_mean"
"Ecuador","ECU",2024,"20260921",6,2024-02-05,5206,NA,5206,137,NA,FALSE,TRUE,"no_lookup_match"
"Ecuador","ECU",2025,"20260921",6,2025-02-03,5507,NA,5507,85,NA,FALSE,TRUE,"no_lookup_match"
"Ecuador","ECU",2026,"20260921",6,2026-02-02,2210,2215,2215,33,1.00235533121629,TRUE,FALSE,"applied_mean"
"Peru","PER",2024,"20260921",6,2024-02-05,17488,NA,17488,137,NA,FALSE,TRUE,"no_lookup_match"
"Peru","PER",2025,"20260921",6,2025-02-03,7489,NA,7489,85,NA,FALSE,TRUE,"no_lookup_match"
"Peru","PER",2026,"20260921",6,2026-02-02,2993,2830,2830,33,0.945697449734277,TRUE,FALSE,"applied_mean"
"Venezuela","VEN",2024,"20260921",6,2024-02-05,3694,NA,3694,137,NA,FALSE,TRUE,"no_lookup_match"
"Venezuela","VEN",2025,"20260921",6,2025-02-03,7524,NA,7524,85,NA,FALSE,TRUE,"no_lookup_match"
"Venezuela","VEN",2026,"20260921",6,2026-02-02,2476,NA,2476,33,NA,FALSE,TRUE,"no_lookup_match"
"Argentina","ARG",2026,"20260921",6,2026-02-02,7,8,8,33,1.07867946079324,TRUE,FALSE,"applied_mean"
"Argentina","ARG",2024,"20260921",6,2024-02-05,44192,NA,44192,137,NA,FALSE,TRUE,"no_lookup_match"
"Argentina","ARG",2025,"20260921",6,2025-02-03,414,NA,414,85,NA,FALSE,TRUE,"no_lookup_match"
"Brazil","BRA",2024,"20260921",6,2024-02-05,1092519,NA,1092519,137,NA,FALSE,TRUE,"no_lookup_match"
"Brazil","BRA",2025,"20260921",6,2025-02-03,584097,NA,584097,85,NA,FALSE,TRUE,"no_lookup_match"
"Brazil","BRA",2026,"20260921",6,2026-02-02,205518,204902,204902,33,0.997002668261366,TRUE,FALSE,"applied_mean"
"Chile","CHL",2024,"20260921",6,2024-02-05,0,NA,0,137,NA,FALSE,TRUE,"no_lookup_match"
"Chile","CHL",2025,"20260921",6,2025-02-03,0,NA,0,85,NA,FALSE,TRUE,"no_lookup_match"
"Chile","CHL",2026,"20260921",6,2026-02-02,0,NA,0,33,NA,FALSE,TRUE,"no_lookup_match"
"Paraguay","PRY",2024,"20260921",6,2024-02-05,119564,NA,119564,137,NA,FALSE,TRUE,"no_lookup_match"
"Paraguay","PRY",2025,"20260921",6,2025-02-03,5595,NA,5595,85,NA,FALSE,TRUE,"no_lookup_match"
"Paraguay","PRY",2026,"20260921",6,2026-02-02,3354,3352,3352,33,0.999499011868652,TRUE,FALSE,"applied_mean"
"Uruguay","URY",2024,"20260921",6,2024-02-05,20,NA,20,137,NA,FALSE,TRUE,"no_lookup_match"
"Uruguay","URY",2025,"20260921",6,2025-02-03,0,NA,0,85,NA,FALSE,TRUE,"no_lookup_match"
"Uruguay","URY",2026,"20260921",6,2026-02-02,0,0,0,33,1,TRUE,FALSE,"applied_mean"
"Cuba","CUB",2026,"20260921",6,2026-02-02,757,NA,757,33,NA,FALSE,TRUE,"no_lookup_match"
"Dominican Republic","DOM",2024,"20260921",6,2024-02-05,3989,NA,3989,137,NA,FALSE,TRUE,"no_lookup_match"
"Dominican Republic","DOM",2025,"20260921",6,2025-02-03,246,NA,246,85,NA,FALSE,TRUE,"no_lookup_match"
"Dominican Republic","DOM",2026,"20260921",6,2026-02-02,151,151,151,33,1,TRUE,FALSE,"applied_mean"
"Puerto Rico","PRI",2024,"20260921",6,2024-02-05,340,NA,340,137,NA,FALSE,TRUE,"no_lookup_match"
"Puerto Rico","PRI",2025,"20260921",6,2025-02-03,771,NA,771,85,NA,FALSE,TRUE,"no_lookup_match"
"Puerto Rico","PRI",2026,"20260921",6,2026-02-02,267,267,267,33,1,TRUE,FALSE,"applied_mean"
"Anguilla","AIA",2025,"20260921",6,2025-02-03,0,NA,0,85,NA,FALSE,TRUE,"no_lookup_match"
"Anguilla","AIA",2026,"20260921",6,2026-02-02,0,0,0,33,1,TRUE,FALSE,"applied_mean"
"Antigua and Barbuda","ATG",2025,"20260921",6,2025-02-03,0,NA,0,85,NA,FALSE,TRUE,"no_lookup_match"
"Antigua and Barbuda","ATG",2026,"20260921",6,2026-02-02,2,2,2,33,1,TRUE,FALSE,"applied_mean"
"Antigua and Barbuda","ATG",2024,"20260921",4,2024-01-22,41,NA,41,139,NA,FALSE,TRUE,"no_lookup_match"
"Aruba","ABW",2024,"20260921",6,2024-02-05,5,NA,5,137,NA,FALSE,TRUE,"no_lookup_match"
"Aruba","ABW",2025,"20260921",6,2025-02-03,0,NA,0,85,NA,FALSE,TRUE,"no_lookup_match"
"Bahamas","BHS",2024,"20260921",6,2024-02-05,0,NA,0,137,NA,FALSE,TRUE,"no_lookup_match"
"Bahamas","BHS",2026,"20260921",6,2026-02-02,0,0,0,33,1,TRUE,FALSE,"applied_mean"
"Barbados","BRB",2025,"20260921",6,2025-02-03,30,NA,30,85,NA,FALSE,TRUE,"no_lookup_match"
"Barbados","BRB",2026,"20260921",6,2026-02-02,16,16,16,33,1,TRUE,FALSE,"applied_mean"
"Barbados","BRB",2024,"20260921",6,2024-02-05,396,NA,396,137,NA,FALSE,TRUE,"no_lookup_match"
"Bermuda","BMU",2024,"20260921",6,2024-02-05,0,NA,0,137,NA,FALSE,TRUE,"no_lookup_match"
"Bermuda","BMU",2025,"20260921",6,2025-02-03,0,NA,0,85,NA,FALSE,TRUE,"no_lookup_match"
"Bermuda","BMU",2026,"20260921",6,2026-02-02,0,0,0,33,1,TRUE,FALSE,"applied_mean"
"Bonaire, Saint Eustatius and Saba","BES",2024,"20260921",6,2024-02-05,102,NA,102,137,NA,FALSE,TRUE,"no_lookup_match"
"Cayman Islands","CYM",2024,"20260921",6,2024-02-05,0,NA,0,137,NA,FALSE,TRUE,"no_lookup_match"
"Cayman Islands","CYM",2025,"20260921",6,2025-02-03,0,NA,0,85,NA,FALSE,TRUE,"no_lookup_match"
"Cayman Islands","CYM",2026,"20260921",6,2026-02-02,0,0,0,33,1,TRUE,FALSE,"applied_mean"
"Curaçao","CUW",2024,"20260921",6,2024-02-05,70,NA,70,137,NA,FALSE,TRUE,"no_lookup_match"
"French Guiana","GUF",2024,"20260921",6,2024-02-05,5965,NA,5965,137,NA,FALSE,TRUE,"no_lookup_match"
"French Guiana","GUF",2026,"20260921",6,2026-02-02,2,2,2,33,1,TRUE,FALSE,"applied_mean"
"Grenada","GRD",2024,"20260921",6,2024-02-05,53,NA,53,137,NA,FALSE,TRUE,"no_lookup_match"
"Grenada","GRD",2025,"20260921",6,2025-02-03,19,NA,19,85,NA,FALSE,TRUE,"no_lookup_match"
"Grenada","GRD",2026,"20260921",6,2026-02-02,24,24,24,33,1,TRUE,FALSE,"applied_mean"
"Guadeloupe","GLP",2026,"20260921",6,2026-02-02,108,108,108,33,1,TRUE,FALSE,"applied_mean"
"Guadeloupe","GLP",2024,"20260921",6,2024-02-05,1770,NA,1770,137,NA,FALSE,TRUE,"no_lookup_match"
"Guadeloupe","GLP",2025,"20260921",6,2025-02-03,2720,NA,2720,85,NA,FALSE,TRUE,"no_lookup_match"
"Guyana","GUY",2024,"20260921",6,2024-02-05,4065,NA,4065,137,NA,FALSE,TRUE,"no_lookup_match"
"Guyana","GUY",2025,"20260921",6,2025-02-03,6019,NA,6019,85,NA,FALSE,TRUE,"no_lookup_match"
"Guyana","GUY",2026,"20260921",6,2026-02-02,13802,14191,14191,33,1.02820815280651,TRUE,FALSE,"applied_mean"
"Jamaica","JAM",2024,"20260921",6,2024-02-05,553,NA,553,137,NA,FALSE,TRUE,"no_lookup_match"
"Jamaica","JAM",2025,"20260921",6,2025-02-03,48,NA,48,85,NA,FALSE,TRUE,"no_lookup_match"
"Jamaica","JAM",2026,"20260921",6,2026-02-02,57,57,57,33,1,TRUE,FALSE,"applied_mean"
"Martinique","MTQ",2025,"20260921",6,2025-02-03,343,NA,343,85,NA,FALSE,TRUE,"no_lookup_match"
"Martinique","MTQ",2024,"20260921",6,2024-02-05,2075,NA,2075,137,NA,FALSE,TRUE,"no_lookup_match"
"Martinique","MTQ",2026,"20260921",6,2026-02-02,391,391,391,33,1,TRUE,FALSE,"applied_mean"
"Montserrat","MSR",2024,"20260921",6,2024-02-05,1,NA,1,137,NA,FALSE,TRUE,"no_lookup_match"
"Montserrat","MSR",2025,"20260921",6,2025-02-03,0,NA,0,85,NA,FALSE,TRUE,"no_lookup_match"
"Montserrat","MSR",2026,"20260921",6,2026-02-02,0,0,0,33,1,TRUE,FALSE,"applied_mean"
"Saint Barthelemy","BLM",2025,"20260921",6,2025-02-03,17,NA,17,85,NA,FALSE,TRUE,"no_lookup_match"
"Saint Barthelemy","BLM",2026,"20260921",6,2026-02-02,0,0,0,33,1,TRUE,FALSE,"applied_mean"
"Saint Barthelemy","BLM",2024,"20260921",6,2024-02-05,88,NA,88,137,NA,FALSE,TRUE,"no_lookup_match"
"Saint Kitts and Nevis","KNA",2024,"20260921",6,2024-02-05,126,NA,126,137,NA,FALSE,TRUE,"no_lookup_match"
"Saint Kitts and Nevis","KNA",2025,"20260921",6,2025-02-03,4,NA,4,85,NA,FALSE,TRUE,"no_lookup_match"
"Saint Kitts and Nevis","KNA",2026,"20260921",6,2026-02-02,2,2,2,33,1.00014190435646,TRUE,FALSE,"applied_mean"
"Saint Lucia","LCA",2024,"20260921",6,2024-02-05,3,NA,3,137,NA,FALSE,TRUE,"no_lookup_match"
"Saint Lucia","LCA",2025,"20260921",6,2025-02-03,9,NA,9,85,NA,FALSE,TRUE,"no_lookup_match"
"Saint Lucia","LCA",2026,"20260921",6,2026-02-02,0,0,0,33,1,TRUE,FALSE,"applied_mean"
"Saint Martin",NA,2025,"20260921",6,2025-02-03,70,NA,70,85,NA,FALSE,TRUE,"no_lookup_match"
"Saint Martin",NA,2026,"20260921",6,2026-02-02,1,NA,1,33,NA,FALSE,TRUE,"no_lookup_match"
"Saint Martin",NA,2024,"20260921",6,2024-02-05,266,NA,266,137,NA,FALSE,TRUE,"no_lookup_match"
"Saint Vincent and the Grenadines","VCT",2025,"20260921",6,2025-02-03,0,NA,0,85,NA,FALSE,TRUE,"no_lookup_match"
"Saint Vincent and the Grenadines","VCT",2026,"20260921",6,2026-02-02,1,1,1,33,1,TRUE,FALSE,"applied_mean"
"Sint Maarten","SXM",2024,"20260921",6,2024-02-05,65,NA,65,137,NA,FALSE,TRUE,"no_lookup_match"
"Sint Maarten","SXM",2025,"20260921",6,2025-02-03,0,NA,0,85,NA,FALSE,TRUE,"no_lookup_match"
"Suriname","SUR",2024,"20260921",6,2024-02-05,30,NA,30,137,NA,FALSE,TRUE,"no_lookup_match"
"Suriname","SUR",2025,"20260921",6,2025-02-03,91,NA,91,85,NA,FALSE,TRUE,"no_lookup_match"
"Suriname","SUR",2026,"20260921",6,2026-02-02,152,152,152,33,1,TRUE,FALSE,"applied_mean"
"Trinidad and Tobago","TTO",2025,"20260921",6,2025-02-03,0,NA,0,85,NA,FALSE,TRUE,"no_lookup_match"
"Trinidad and Tobago","TTO",2026,"20260921",6,2026-02-02,2,2,2,33,1,TRUE,FALSE,"applied_mean"
"Trinidad and Tobago","TTO",2024,"20260921",5,2024-01-29,110,NA,110,138,NA,FALSE,TRUE,"no_lookup_match"
"Turks and Caicos Islands","TCA",2025,"20260921",6,2025-02-03,0,NA,0,85,NA,FALSE,TRUE,"no_lookup_match"
"Turks and Caicos Islands","TCA",2026,"20260921",6,2026-02-02,8,8,8,33,1,TRUE,FALSE,"applied_mean"
"Turks and Caicos Islands","TCA",2024,"20260921",4,2024-01-22,27,NA,27,139,NA,FALSE,TRUE,"no_lookup_match"
"Virgin Islands (UK)","VGB",2025,"20260921",6,2025-02-03,13,NA,13,85,NA,FALSE,TRUE,"no_lookup_match"
"Virgin Islands (UK)","VGB",2026,"20260921",6,2026-02-02,0,NA,0,33,NA,FALSE,TRUE,"no_lookup_match"
"Virgin Islands (US)","VIR",2024,"20260921",6,2024-02-05,0,NA,0,137,NA,FALSE,TRUE,"no_lookup_match"
"Virgin Islands (US)","VIR",2025,"20260921",6,2025-02-03,1,NA,1,85,NA,FALSE,TRUE,"no_lookup_match"
"Virgin Islands (US)","VIR",2026,"20260921",6,2026-02-02,0,NA,0,33,NA,FALSE,TRUE,"no_lookup_match"
"Canada","CAN",2024,"20260921",7,2024-02-12,0,NA,0,136,NA,FALSE,TRUE,"no_lookup_match"
"Canada","CAN",2025,"20260921",7,2025-02-10,0,NA,0,84,NA,FALSE,TRUE,"no_lookup_match"
"Canada","CAN",2026,"20260921",7,2026-02-09,0,NA,0,32,NA,FALSE,TRUE,"no_lookup_match"
"United States of America","USA",2024,"20260921",7,2024-02-12,114,NA,114,136,NA,FALSE,TRUE,"no_lookup_match"
"United States of America","USA",2025,"20260921",7,2025-02-10,109,NA,109,84,NA,FALSE,TRUE,"no_lookup_match"
"United States of America","USA",2026,"20260921",7,2026-02-09,27,NA,27,32,NA,FALSE,TRUE,"no_lookup_match"
"Belize","BLZ",2024,"20260921",7,2024-02-12,102,NA,102,136,NA,FALSE,TRUE,"country_excluded"
"Belize","BLZ",2025,"20260921",7,2025-02-10,85,NA,85,84,NA,FALSE,TRUE,"country_excluded"
"Belize","BLZ",2026,"20260921",7,2026-02-09,216,NA,216,32,NA,FALSE,TRUE,"country_excluded"
"Costa Rica","CRI",2024,"20260921",7,2024-02-12,4385,NA,4385,136,NA,FALSE,TRUE,"no_lookup_match"
"Costa Rica","CRI",2025,"20260921",7,2025-02-10,663,NA,663,84,NA,FALSE,TRUE,"no_lookup_match"
"Costa Rica","CRI",2026,"20260921",7,2026-02-09,323,327,327,32,1.01091393609018,TRUE,FALSE,"applied_mean"
"El Salvador","SLV",2025,"20260921",7,2025-02-10,585,NA,585,84,NA,FALSE,TRUE,"no_lookup_match"
"El Salvador","SLV",2024,"20260921",7,2024-02-12,720,NA,720,136,NA,FALSE,TRUE,"no_lookup_match"
"El Salvador","SLV",2026,"20260921",7,2026-02-09,918,918,918,32,1,TRUE,FALSE,"applied_mean"
"Guatemala","GTM",2025,"20260921",7,2025-02-10,6004,NA,6004,84,NA,FALSE,TRUE,"no_lookup_match"
"Guatemala","GTM",2024,"20260921",7,2024-02-12,10397,NA,10397,136,NA,FALSE,TRUE,"no_lookup_match"
"Guatemala","GTM",2026,"20260921",7,2026-02-09,4088,4409,4409,32,1.07844654667217,TRUE,FALSE,"applied_mean"
"Honduras","HND",2025,"20260921",7,2025-02-10,2101,NA,2101,84,NA,FALSE,TRUE,"no_lookup_match"
"Honduras","HND",2024,"20260921",7,2024-02-12,5239,NA,5239,136,NA,FALSE,TRUE,"no_lookup_match"
"Honduras","HND",2026,"20260921",7,2026-02-09,1393,1393,1393,32,1,TRUE,FALSE,"applied_mean"
"Mexico","MEX",2024,"20260921",7,2024-02-12,27874,NA,27874,136,NA,FALSE,TRUE,"no_lookup_match"
"Mexico","MEX",2025,"20260921",7,2025-02-10,15457,NA,15457,84,NA,FALSE,TRUE,"no_lookup_match"
"Mexico","MEX",2026,"20260921",7,2026-02-09,8793,8791,8791,32,0.999805887913359,TRUE,FALSE,"applied_mean"
"Nicaragua","NIC",2025,"20260921",4,2025-01-20,5702,NA,5702,87,NA,FALSE,TRUE,"no_lookup_match"
"Nicaragua","NIC",2024,"20260921",7,2024-02-12,13033,NA,13033,136,NA,FALSE,TRUE,"no_lookup_match"
"Panama","PAN",2024,"20260921",7,2024-02-12,3230,NA,3230,136,NA,FALSE,TRUE,"no_lookup_match"
"Panama","PAN",2025,"20260921",7,2025-02-10,3128,NA,3128,84,NA,FALSE,TRUE,"no_lookup_match"
"Panama","PAN",2026,"20260921",7,2026-02-09,1366,1352,1352,32,0.989723113034927,TRUE,FALSE,"applied_mean"
"Bolivia","BOL",2024,"20260921",7,2024-02-12,12024,NA,12024,136,NA,FALSE,TRUE,"no_lookup_match"
"Bolivia","BOL",2025,"20260921",7,2025-02-10,6009,NA,6009,84,NA,FALSE,TRUE,"no_lookup_match"
"Bolivia","BOL",2026,"20260921",7,2026-02-09,20925,21510,21510,32,1.02795228384303,TRUE,FALSE,"applied_mean"
"Colombia","COL",2025,"20260921",7,2025-02-10,27679,NA,27679,84,NA,FALSE,TRUE,"no_lookup_match"
"Colombia","COL",2024,"20260921",7,2024-02-12,40662,NA,40662,136,NA,FALSE,TRUE,"no_lookup_match"
"Colombia","COL",2026,"20260921",7,2026-02-09,16308,16308,16308,32,1,TRUE,FALSE,"applied_mean"
"Ecuador","ECU",2024,"20260921",7,2024-02-12,6261,NA,6261,136,NA,FALSE,TRUE,"no_lookup_match"
"Ecuador","ECU",2025,"20260921",7,2025-02-10,6607,NA,6607,84,NA,FALSE,TRUE,"no_lookup_match"
"Ecuador","ECU",2026,"20260921",7,2026-02-09,2609,2615,2615,32,1.00235331060193,TRUE,FALSE,"applied_mean"
"Peru","PER",2024,"20260921",7,2024-02-12,24973,NA,24973,136,NA,FALSE,TRUE,"no_lookup_match"
"Peru","PER",2025,"20260921",7,2025-02-10,8606,NA,8606,84,NA,FALSE,TRUE,"no_lookup_match"
"Peru","PER",2026,"20260921",7,2026-02-09,3590,3414,3414,32,0.950852670424549,TRUE,FALSE,"applied_mean"
"Venezuela","VEN",2024,"20260921",7,2024-02-12,4283,NA,4283,136,NA,FALSE,TRUE,"no_lookup_match"
"Venezuela","VEN",2025,"20260921",7,2025-02-10,8759,NA,8759,84,NA,FALSE,TRUE,"no_lookup_match"
"Venezuela","VEN",2026,"20260921",7,2026-02-09,2825,NA,2825,32,NA,FALSE,TRUE,"no_lookup_match"
"Argentina","ARG",2026,"20260921",7,2026-02-09,7,8,8,32,1.08965044035699,TRUE,FALSE,"applied_mean"
"Argentina","ARG",2024,"20260921",7,2024-02-12,60282,NA,60282,136,NA,FALSE,TRUE,"no_lookup_match"
"Argentina","ARG",2025,"20260921",7,2025-02-10,615,NA,615,84,NA,FALSE,TRUE,"no_lookup_match"
"Brazil","BRA",2024,"20260921",7,2024-02-12,1478886,NA,1478886,136,NA,FALSE,TRUE,"no_lookup_match"
"Brazil","BRA",2025,"20260921",7,2025-02-10,726889,NA,726889,84,NA,FALSE,TRUE,"no_lookup_match"
"Brazil","BRA",2026,"20260921",7,2026-02-09,250189,249265,249265,32,0.996308049520852,TRUE,FALSE,"applied_mean"
"Chile","CHL",2024,"20260921",7,2024-02-12,0,NA,0,136,NA,FALSE,TRUE,"no_lookup_match"
"Chile","CHL",2025,"20260921",7,2025-02-10,0,NA,0,84,NA,FALSE,TRUE,"no_lookup_match"
"Chile","CHL",2026,"20260921",7,2026-02-09,0,NA,0,32,NA,FALSE,TRUE,"no_lookup_match"
"Paraguay","PRY",2024,"20260921",7,2024-02-12,137885,NA,137885,136,NA,FALSE,TRUE,"no_lookup_match"
"Paraguay","PRY",2025,"20260921",7,2025-02-10,6536,NA,6536,84,NA,FALSE,TRUE,"no_lookup_match"
"Paraguay","PRY",2026,"20260921",7,2026-02-09,3834,3831,3831,32,0.999093584717434,TRUE,FALSE,"applied_mean"
"Uruguay","URY",2024,"20260921",7,2024-02-12,27,NA,27,136,NA,FALSE,TRUE,"no_lookup_match"
"Uruguay","URY",2025,"20260921",7,2025-02-10,0,NA,0,84,NA,FALSE,TRUE,"no_lookup_match"
"Uruguay","URY",2026,"20260921",7,2026-02-09,0,0,0,32,1,TRUE,FALSE,"applied_mean"
"Cuba","CUB",2026,"20260921",7,2026-02-09,796,NA,796,32,NA,FALSE,TRUE,"no_lookup_match"
"Dominican Republic","DOM",2024,"20260921",7,2024-02-12,4344,NA,4344,136,NA,FALSE,TRUE,"no_lookup_match"
"Dominican Republic","DOM",2025,"20260921",7,2025-02-10,294,NA,294,84,NA,FALSE,TRUE,"no_lookup_match"
"Dominican Republic","DOM",2026,"20260921",7,2026-02-09,176,176,176,32,1,TRUE,FALSE,"applied_mean"
"Puerto Rico","PRI",2024,"20260921",7,2024-02-12,388,NA,388,136,NA,FALSE,TRUE,"no_lookup_match"
"Puerto Rico","PRI",2025,"20260921",7,2025-02-10,864,NA,864,84,NA,FALSE,TRUE,"no_lookup_match"
"Puerto Rico","PRI",2026,"20260921",7,2026-02-09,296,296,296,32,1,TRUE,FALSE,"applied_mean"
"Anguilla","AIA",2025,"20260921",7,2025-02-10,0,NA,0,84,NA,FALSE,TRUE,"no_lookup_match"
"Anguilla","AIA",2026,"20260921",7,2026-02-09,0,0,0,32,1,TRUE,FALSE,"applied_mean"
"Antigua and Barbuda","ATG",2025,"20260921",7,2025-02-10,0,NA,0,84,NA,FALSE,TRUE,"no_lookup_match"
"Antigua and Barbuda","ATG",2026,"20260921",7,2026-02-09,2,2,2,32,1,TRUE,FALSE,"applied_mean"
"Antigua and Barbuda","ATG",2024,"20260921",4,2024-01-22,41,NA,41,139,NA,FALSE,TRUE,"no_lookup_match"
"Aruba","ABW",2024,"20260921",7,2024-02-12,5,NA,5,136,NA,FALSE,TRUE,"no_lookup_match"
"Aruba","ABW",2025,"20260921",7,2025-02-10,0,NA,0,84,NA,FALSE,TRUE,"no_lookup_match"
"Bahamas","BHS",2024,"20260921",7,2024-02-12,0,NA,0,136,NA,FALSE,TRUE,"no_lookup_match"
"Bahamas","BHS",2026,"20260921",7,2026-02-09,0,0,0,32,1,TRUE,FALSE,"applied_mean"
"Barbados","BRB",2025,"20260921",7,2025-02-10,35,NA,35,84,NA,FALSE,TRUE,"no_lookup_match"
"Barbados","BRB",2026,"20260921",7,2026-02-09,17,17,17,32,0.997919437907159,TRUE,FALSE,"applied_mean"
"Barbados","BRB",2024,"20260921",7,2024-02-12,541,NA,541,136,NA,FALSE,TRUE,"no_lookup_match"
"Bermuda","BMU",2024,"20260921",7,2024-02-12,0,NA,0,136,NA,FALSE,TRUE,"no_lookup_match"
"Bermuda","BMU",2025,"20260921",7,2025-02-10,0,NA,0,84,NA,FALSE,TRUE,"no_lookup_match"
"Bermuda","BMU",2026,"20260921",7,2026-02-09,0,0,0,32,1,TRUE,FALSE,"applied_mean"
"Bonaire, Saint Eustatius and Saba","BES",2024,"20260921",7,2024-02-12,123,NA,123,136,NA,FALSE,TRUE,"no_lookup_match"
"Cayman Islands","CYM",2024,"20260921",7,2024-02-12,0,NA,0,136,NA,FALSE,TRUE,"no_lookup_match"
"Cayman Islands","CYM",2025,"20260921",7,2025-02-10,0,NA,0,84,NA,FALSE,TRUE,"no_lookup_match"
"Cayman Islands","CYM",2026,"20260921",7,2026-02-09,0,0,0,32,1,TRUE,FALSE,"applied_mean"
"Curaçao","CUW",2024,"20260921",7,2024-02-12,95,NA,95,136,NA,FALSE,TRUE,"no_lookup_match"
"French Guiana","GUF",2024,"20260921",6,2024-02-05,5965,NA,5965,137,NA,FALSE,TRUE,"no_lookup_match"
"French Guiana","GUF",2026,"20260921",7,2026-02-09,3,3,3,32,1,TRUE,FALSE,"applied_mean"
"Grenada","GRD",2024,"20260921",7,2024-02-12,65,NA,65,136,NA,FALSE,TRUE,"no_lookup_match"
"Grenada","GRD",2025,"20260921",7,2025-02-10,24,NA,24,84,NA,FALSE,TRUE,"no_lookup_match"
"Grenada","GRD",2026,"20260921",7,2026-02-09,27,27,27,32,1,TRUE,FALSE,"applied_mean"
"Guadeloupe","GLP",2026,"20260921",7,2026-02-09,108,108,108,32,1,TRUE,FALSE,"applied_mean"
"Guadeloupe","GLP",2024,"20260921",7,2024-02-12,1835,NA,1835,136,NA,FALSE,TRUE,"no_lookup_match"
"Guadeloupe","GLP",2025,"20260921",7,2025-02-10,3190,NA,3190,84,NA,FALSE,TRUE,"no_lookup_match"
"Guyana","GUY",2024,"20260921",7,2024-02-12,5211,NA,5211,136,NA,FALSE,TRUE,"no_lookup_match"
"Guyana","GUY",2025,"20260921",7,2025-02-10,7014,NA,7014,84,NA,FALSE,TRUE,"no_lookup_match"
"Guyana","GUY",2026,"20260921",7,2026-02-09,15770,16284,16284,32,1.03257066568467,TRUE,FALSE,"applied_mean"
"Jamaica","JAM",2024,"20260921",7,2024-02-12,679,NA,679,136,NA,FALSE,TRUE,"no_lookup_match"
"Jamaica","JAM",2025,"20260921",7,2025-02-10,69,NA,69,84,NA,FALSE,TRUE,"no_lookup_match"
"Jamaica","JAM",2026,"20260921",7,2026-02-09,57,57,57,32,1,TRUE,FALSE,"applied_mean"
"Martinique","MTQ",2025,"20260921",7,2025-02-10,393,NA,393,84,NA,FALSE,TRUE,"no_lookup_match"
"Martinique","MTQ",2024,"20260921",7,2024-02-12,2425,NA,2425,136,NA,FALSE,TRUE,"no_lookup_match"
"Martinique","MTQ",2026,"20260921",7,2026-02-09,428,428,428,32,1,TRUE,FALSE,"applied_mean"
"Montserrat","MSR",2024,"20260921",7,2024-02-12,1,NA,1,136,NA,FALSE,TRUE,"no_lookup_match"
"Montserrat","MSR",2025,"20260921",7,2025-02-10,0,NA,0,84,NA,FALSE,TRUE,"no_lookup_match"
"Montserrat","MSR",2026,"20260921",7,2026-02-09,0,0,0,32,1,TRUE,FALSE,"applied_mean"
"Saint Barthelemy","BLM",2025,"20260921",7,2025-02-10,18,NA,18,84,NA,FALSE,TRUE,"no_lookup_match"
"Saint Barthelemy","BLM",2026,"20260921",7,2026-02-09,0,0,0,32,1,TRUE,FALSE,"applied_mean"
"Saint Barthelemy","BLM",2024,"20260921",7,2024-02-12,96,NA,96,136,NA,FALSE,TRUE,"no_lookup_match"
"Saint Kitts and Nevis","KNA",2024,"20260921",7,2024-02-12,131,NA,131,136,NA,FALSE,TRUE,"no_lookup_match"
"Saint Kitts and Nevis","KNA",2025,"20260921",7,2025-02-10,4,NA,4,84,NA,FALSE,TRUE,"no_lookup_match"
"Saint Kitts and Nevis","KNA",2026,"20260921",7,2026-02-09,3,3,3,32,1.00227046970342,TRUE,FALSE,"applied_mean"
"Saint Lucia","LCA",2024,"20260921",7,2024-02-12,4,NA,4,136,NA,FALSE,TRUE,"no_lookup_match"
"Saint Lucia","LCA",2025,"20260921",7,2025-02-10,12,NA,12,84,NA,FALSE,TRUE,"no_lookup_match"
"Saint Lucia","LCA",2026,"20260921",7,2026-02-09,0,0,0,32,1,TRUE,FALSE,"applied_mean"
"Saint Martin",NA,2025,"20260921",7,2025-02-10,70,NA,70,84,NA,FALSE,TRUE,"no_lookup_match"
"Saint Martin",NA,2026,"20260921",7,2026-02-09,2,NA,2,32,NA,FALSE,TRUE,"no_lookup_match"
"Saint Martin",NA,2024,"20260921",7,2024-02-12,366,NA,366,136,NA,FALSE,TRUE,"no_lookup_match"
"Saint Vincent and the Grenadines","VCT",2025,"20260921",7,2025-02-10,0,NA,0,84,NA,FALSE,TRUE,"no_lookup_match"
"Saint Vincent and the Grenadines","VCT",2026,"20260921",7,2026-02-09,2,2,2,32,1,TRUE,FALSE,"applied_mean"
"Sint Maarten","SXM",2024,"20260921",7,2024-02-12,76,NA,76,136,NA,FALSE,TRUE,"no_lookup_match"
"Sint Maarten","SXM",2025,"20260921",7,2025-02-10,0,NA,0,84,NA,FALSE,TRUE,"no_lookup_match"
"Suriname","SUR",2024,"20260921",7,2024-02-12,36,NA,36,136,NA,FALSE,TRUE,"no_lookup_match"
"Suriname","SUR",2025,"20260921",7,2025-02-10,111,NA,111,84,NA,FALSE,TRUE,"no_lookup_match"
"Suriname","SUR",2026,"20260921",7,2026-02-09,203,203,203,32,1,TRUE,FALSE,"applied_mean"
"Trinidad and Tobago","TTO",2025,"20260921",7,2025-02-10,0,NA,0,84,NA,FALSE,TRUE,"no_lookup_match"
"Trinidad and Tobago","TTO",2026,"20260921",7,2026-02-09,2,2,2,32,1,TRUE,FALSE,"applied_mean"
"Trinidad and Tobago","TTO",2024,"20260921",5,2024-01-29,110,NA,110,138,NA,FALSE,TRUE,"no_lookup_match"
"Turks and Caicos Islands","TCA",2025,"20260921",7,2025-02-10,0,NA,0,84,NA,FALSE,TRUE,"no_lookup_match"
"Turks and Caicos Islands","TCA",2026,"20260921",7,2026-02-09,8,NA,8,32,NA,FALSE,TRUE,"no_lookup_match"
"Turks and Caicos Islands","TCA",2024,"20260921",4,2024-01-22,27,NA,27,139,NA,FALSE,TRUE,"no_lookup_match"
"Virgin Islands (UK)","VGB",2025,"20260921",7,2025-02-10,13,NA,13,84,NA,FALSE,TRUE,"no_lookup_match"
"Virgin Islands (UK)","VGB",2026,"20260921",7,2026-02-09,0,NA,0,32,NA,FALSE,TRUE,"no_lookup_match"
"Virgin Islands (US)","VIR",2024,"20260921",7,2024-02-12,0,NA,0,136,NA,FALSE,TRUE,"no_lookup_match"
"Virgin Islands (US)","VIR",2025,"20260921",7,2025-02-10,1,NA,1,84,NA,FALSE,TRUE,"no_lookup_match"
"Virgin Islands (US)","VIR",2026,"20260921",7,2026-02-09,0,NA,0,32,NA,FALSE,TRUE,"no_lookup_match"
"Canada","CAN",2024,"20260921",8,2024-02-19,0,NA,0,135,NA,FALSE,TRUE,"no_lookup_match"
"Canada","CAN",2025,"20260921",8,2025-02-17,0,NA,0,83,NA,FALSE,TRUE,"no_lookup_match"
"Canada","CAN",2026,"20260921",8,2026-02-16,0,NA,0,31,NA,FALSE,TRUE,"no_lookup_match"
"United States of America","USA",2024,"20260921",8,2024-02-19,146,NA,146,135,NA,FALSE,TRUE,"no_lookup_match"
"United States of America","USA",2025,"20260921",8,2025-02-17,120,NA,120,83,NA,FALSE,TRUE,"no_lookup_match"
"United States of America","USA",2026,"20260921",8,2026-02-16,27,NA,27,31,NA,FALSE,TRUE,"no_lookup_match"
"Belize","BLZ",2024,"20260921",8,2024-02-19,127,NA,127,135,NA,FALSE,TRUE,"country_excluded"
"Belize","BLZ",2025,"20260921",8,2025-02-17,95,NA,95,83,NA,FALSE,TRUE,"country_excluded"
"Belize","BLZ",2026,"20260921",8,2026-02-16,232,NA,232,31,NA,FALSE,TRUE,"country_excluded"
"Costa Rica","CRI",2024,"20260921",8,2024-02-19,4786,NA,4786,135,NA,FALSE,TRUE,"no_lookup_match"
"Costa Rica","CRI",2025,"20260921",8,2025-02-17,735,NA,735,83,NA,FALSE,TRUE,"no_lookup_match"
"Costa Rica","CRI",2026,"20260921",8,2026-02-16,364,369,369,31,1.01256421323046,TRUE,FALSE,"applied_mean"
"El Salvador","SLV",2025,"20260921",8,2025-02-17,676,NA,676,83,NA,FALSE,TRUE,"no_lookup_match"
"El Salvador","SLV",2024,"20260921",8,2024-02-19,845,NA,845,135,NA,FALSE,TRUE,"no_lookup_match"
"El Salvador","SLV",2026,"20260921",8,2026-02-16,1011,1011,1011,31,1,TRUE,FALSE,"applied_mean"
"Guatemala","GTM",2025,"20260921",8,2025-02-17,6896,NA,6896,83,NA,FALSE,TRUE,"no_lookup_match"
"Guatemala","GTM",2026,"20260921",8,2026-02-16,4828,5377,5377,31,1.11366067883253,TRUE,FALSE,"applied_mean"
"Guatemala","GTM",2024,"20260921",8,2024-02-19,11447,NA,11447,135,NA,FALSE,TRUE,"no_lookup_match"
"Honduras","HND",2025,"20260921",8,2025-02-17,2433,NA,2433,83,NA,FALSE,TRUE,"no_lookup_match"
"Honduras","HND",2024,"20260921",8,2024-02-19,6120,NA,6120,135,NA,FALSE,TRUE,"no_lookup_match"
"Honduras","HND",2026,"20260921",8,2026-02-16,1548,1548,1548,31,1,TRUE,FALSE,"applied_mean"
"Mexico","MEX",2024,"20260921",8,2024-02-19,31250,NA,31250,135,NA,FALSE,TRUE,"no_lookup_match"
"Mexico","MEX",2025,"20260921",8,2025-02-17,17458,NA,17458,83,NA,FALSE,TRUE,"no_lookup_match"
"Mexico","MEX",2026,"20260921",8,2026-02-16,9866,9863,9863,31,0.99966176069811,TRUE,FALSE,"applied_mean"
"Nicaragua","NIC",2025,"20260921",4,2025-01-20,5702,NA,5702,87,NA,FALSE,TRUE,"no_lookup_match"
"Nicaragua","NIC",2024,"20260921",8,2024-02-19,14664,NA,14664,135,NA,FALSE,TRUE,"no_lookup_match"
"Panama","PAN",2024,"20260921",8,2024-02-19,3515,NA,3515,135,NA,FALSE,TRUE,"no_lookup_match"
"Panama","PAN",2025,"20260921",8,2025-02-17,3415,NA,3415,83,NA,FALSE,TRUE,"no_lookup_match"
"Panama","PAN",2026,"20260921",8,2026-02-16,1583,1560,1560,31,0.985558683861307,TRUE,FALSE,"applied_mean"
"Bolivia","BOL",2024,"20260921",8,2024-02-19,13768,NA,13768,135,NA,FALSE,TRUE,"no_lookup_match"
"Bolivia","BOL",2025,"20260921",8,2025-02-17,6827,NA,6827,83,NA,FALSE,TRUE,"no_lookup_match"
"Bolivia","BOL",2026,"20260921",8,2026-02-16,26138,27186,27186,31,1.04010571757377,TRUE,FALSE,"applied_mean"
"Colombia","COL",2025,"20260921",8,2025-02-17,31100,NA,31100,83,NA,FALSE,TRUE,"no_lookup_match"
"Colombia","COL",2024,"20260921",8,2024-02-19,47822,NA,47822,135,NA,FALSE,TRUE,"no_lookup_match"
"Colombia","COL",2026,"20260921",8,2026-02-16,18272,18272,18272,31,1,TRUE,FALSE,"applied_mean"
"Ecuador","ECU",2024,"20260921",8,2024-02-19,7777,NA,7777,135,NA,FALSE,TRUE,"no_lookup_match"
"Ecuador","ECU",2025,"20260921",8,2025-02-17,7650,NA,7650,83,NA,FALSE,TRUE,"no_lookup_match"
"Ecuador","ECU",2026,"20260921",8,2026-02-16,3245,3253,3253,31,1.00233839590393,TRUE,FALSE,"applied_mean"
"Peru","PER",2024,"20260921",8,2024-02-19,35415,NA,35415,135,NA,FALSE,TRUE,"no_lookup_match"
"Peru","PER",2025,"20260921",8,2025-02-17,9689,NA,9689,83,NA,FALSE,TRUE,"no_lookup_match"
"Peru","PER",2026,"20260921",8,2026-02-16,4197,4017,4017,31,0.957005092282039,TRUE,FALSE,"applied_mean"
"Venezuela","VEN",2024,"20260921",8,2024-02-19,4926,NA,4926,135,NA,FALSE,TRUE,"no_lookup_match"
"Venezuela","VEN",2025,"20260921",8,2025-02-17,9886,NA,9886,83,NA,FALSE,TRUE,"no_lookup_match"
"Venezuela","VEN",2026,"20260921",8,2026-02-16,3275,NA,3275,31,NA,FALSE,TRUE,"no_lookup_match"
"Argentina","ARG",2026,"20260921",8,2026-02-16,8,9,9,31,1.1028192981878,TRUE,FALSE,"applied_mean"
"Argentina","ARG",2024,"20260921",8,2024-02-19,83612,NA,83612,135,NA,FALSE,TRUE,"no_lookup_match"
"Argentina","ARG",2025,"20260921",8,2025-02-17,1057,NA,1057,83,NA,FALSE,TRUE,"no_lookup_match"
"Brazil","BRA",2024,"20260921",8,2024-02-19,1962329,NA,1962329,135,NA,FALSE,TRUE,"no_lookup_match"
"Brazil","BRA",2025,"20260921",8,2025-02-17,882623,NA,882623,83,NA,FALSE,TRUE,"no_lookup_match"
"Brazil","BRA",2026,"20260921",8,2026-02-16,296703,295407,295407,31,0.995630869599178,TRUE,FALSE,"applied_mean"
"Chile","CHL",2024,"20260921",8,2024-02-19,0,NA,0,135,NA,FALSE,TRUE,"no_lookup_match"
"Chile","CHL",2025,"20260921",8,2025-02-17,0,NA,0,83,NA,FALSE,TRUE,"no_lookup_match"
"Chile","CHL",2026,"20260921",8,2026-02-16,0,NA,0,31,NA,FALSE,TRUE,"no_lookup_match"
"Paraguay","PRY",2024,"20260921",8,2024-02-19,153662,NA,153662,135,NA,FALSE,TRUE,"no_lookup_match"
"Paraguay","PRY",2025,"20260921",8,2025-02-17,7394,NA,7394,83,NA,FALSE,TRUE,"no_lookup_match"
"Paraguay","PRY",2026,"20260921",8,2026-02-16,4294,4290,4290,31,0.999023298970662,TRUE,FALSE,"applied_mean"
"Uruguay","URY",2024,"20260921",8,2024-02-19,41,NA,41,135,NA,FALSE,TRUE,"no_lookup_match"
"Uruguay","URY",2025,"20260921",8,2025-02-17,0,NA,0,83,NA,FALSE,TRUE,"no_lookup_match"
"Uruguay","URY",2026,"20260921",8,2026-02-16,0,0,0,31,1,TRUE,FALSE,"applied_mean"
"Cuba","CUB",2026,"20260921",8,2026-02-16,835,NA,835,31,NA,FALSE,TRUE,"no_lookup_match"
"Dominican Republic","DOM",2024,"20260921",8,2024-02-19,4764,NA,4764,135,NA,FALSE,TRUE,"no_lookup_match"
"Dominican Republic","DOM",2025,"20260921",8,2025-02-17,339,NA,339,83,NA,FALSE,TRUE,"no_lookup_match"
"Dominican Republic","DOM",2026,"20260921",8,2026-02-16,200,200,200,31,1,TRUE,FALSE,"applied_mean"
"Puerto Rico","PRI",2024,"20260921",8,2024-02-19,439,NA,439,135,NA,FALSE,TRUE,"no_lookup_match"
"Puerto Rico","PRI",2025,"20260921",8,2025-02-17,957,NA,957,83,NA,FALSE,TRUE,"no_lookup_match"
"Puerto Rico","PRI",2026,"20260921",8,2026-02-16,318,318,318,31,1,TRUE,FALSE,"applied_mean"
"Anguilla","AIA",2025,"20260921",8,2025-02-17,0,NA,0,83,NA,FALSE,TRUE,"no_lookup_match"
"Anguilla","AIA",2026,"20260921",8,2026-02-16,0,0,0,31,1,TRUE,FALSE,"applied_mean"
"Antigua and Barbuda","ATG",2025,"20260921",8,2025-02-17,0,NA,0,83,NA,FALSE,TRUE,"no_lookup_match"
"Antigua and Barbuda","ATG",2026,"20260921",8,2026-02-16,4,4,4,31,1,TRUE,FALSE,"applied_mean"
"Antigua and Barbuda","ATG",2024,"20260921",4,2024-01-22,41,NA,41,139,NA,FALSE,TRUE,"no_lookup_match"
"Aruba","ABW",2024,"20260921",8,2024-02-19,8,NA,8,135,NA,FALSE,TRUE,"no_lookup_match"
"Aruba","ABW",2025,"20260921",8,2025-02-17,2,NA,2,83,NA,FALSE,TRUE,"no_lookup_match"
"Bahamas","BHS",2024,"20260921",8,2024-02-19,0,NA,0,135,NA,FALSE,TRUE,"no_lookup_match"
"Bahamas","BHS",2026,"20260921",8,2026-02-16,0,0,0,31,1,TRUE,FALSE,"applied_mean"
"Barbados","BRB",2025,"20260921",8,2025-02-17,40,NA,40,83,NA,FALSE,TRUE,"no_lookup_match"
"Barbados","BRB",2026,"20260921",8,2026-02-16,20,20,20,31,0.981808780631818,TRUE,FALSE,"applied_mean"
"Barbados","BRB",2024,"20260921",8,2024-02-19,555,NA,555,135,NA,FALSE,TRUE,"no_lookup_match"
"Bermuda","BMU",2024,"20260921",8,2024-02-19,0,NA,0,135,NA,FALSE,TRUE,"no_lookup_match"
"Bermuda","BMU",2025,"20260921",8,2025-02-17,0,NA,0,83,NA,FALSE,TRUE,"no_lookup_match"
"Bermuda","BMU",2026,"20260921",8,2026-02-16,1,1,1,31,1,TRUE,FALSE,"applied_mean"
"Bonaire, Saint Eustatius and Saba","BES",2024,"20260921",8,2024-02-19,136,NA,136,135,NA,FALSE,TRUE,"no_lookup_match"
"Cayman Islands","CYM",2024,"20260921",8,2024-02-19,0,NA,0,135,NA,FALSE,TRUE,"no_lookup_match"
"Cayman Islands","CYM",2025,"20260921",8,2025-02-17,0,NA,0,83,NA,FALSE,TRUE,"no_lookup_match"
"Cayman Islands","CYM",2026,"20260921",8,2026-02-16,0,0,0,31,1,TRUE,FALSE,"applied_mean"
"Curaçao","CUW",2024,"20260921",8,2024-02-19,119,NA,119,135,NA,FALSE,TRUE,"no_lookup_match"
"French Guiana","GUF",2024,"20260921",8,2024-02-19,7665,NA,7665,135,NA,FALSE,TRUE,"no_lookup_match"
"French Guiana","GUF",2026,"20260921",8,2026-02-16,3,3,3,31,1,TRUE,FALSE,"applied_mean"
"Grenada","GRD",2024,"20260921",8,2024-02-19,74,NA,74,135,NA,FALSE,TRUE,"no_lookup_match"
"Grenada","GRD",2025,"20260921",8,2025-02-17,31,NA,31,83,NA,FALSE,TRUE,"no_lookup_match"
"Grenada","GRD",2026,"20260921",8,2026-02-16,28,28,28,31,1,TRUE,FALSE,"applied_mean"
"Guadeloupe","GLP",2026,"20260921",8,2026-02-16,108,108,108,31,1,TRUE,FALSE,"applied_mean"
"Guadeloupe","GLP",2024,"20260921",8,2024-02-19,1920,NA,1920,135,NA,FALSE,TRUE,"no_lookup_match"
"Guadeloupe","GLP",2025,"20260921",8,2025-02-17,3190,NA,3190,83,NA,FALSE,TRUE,"no_lookup_match"
"Guyana","GUY",2024,"20260921",8,2024-02-19,6230,NA,6230,135,NA,FALSE,TRUE,"no_lookup_match"
"Guyana","GUY",2025,"20260921",8,2025-02-17,8156,NA,8156,83,NA,FALSE,TRUE,"no_lookup_match"
"Guyana","GUY",2026,"20260921",8,2026-02-16,17539,18132,18132,31,1.03382306004182,TRUE,FALSE,"applied_mean"
"Jamaica","JAM",2024,"20260921",8,2024-02-19,689,NA,689,135,NA,FALSE,TRUE,"no_lookup_match"
"Jamaica","JAM",2025,"20260921",8,2025-02-17,78,NA,78,83,NA,FALSE,TRUE,"no_lookup_match"
"Jamaica","JAM",2026,"20260921",8,2026-02-16,62,62,62,31,1,TRUE,FALSE,"applied_mean"
"Martinique","MTQ",2025,"20260921",8,2025-02-17,393,NA,393,83,NA,FALSE,TRUE,"no_lookup_match"
"Martinique","MTQ",2024,"20260921",8,2024-02-19,3025,NA,3025,135,NA,FALSE,TRUE,"no_lookup_match"
"Martinique","MTQ",2026,"20260921",8,2026-02-16,538,538,538,31,1,TRUE,FALSE,"applied_mean"
"Montserrat","MSR",2024,"20260921",8,2024-02-19,1,NA,1,135,NA,FALSE,TRUE,"no_lookup_match"
"Montserrat","MSR",2025,"20260921",8,2025-02-17,0,NA,0,83,NA,FALSE,TRUE,"no_lookup_match"
"Montserrat","MSR",2026,"20260921",8,2026-02-16,0,0,0,31,1,TRUE,FALSE,"applied_mean"
"Saint Barthelemy","BLM",2025,"20260921",8,2025-02-17,18,NA,18,83,NA,FALSE,TRUE,"no_lookup_match"
"Saint Barthelemy","BLM",2026,"20260921",8,2026-02-16,0,0,0,31,1,TRUE,FALSE,"applied_mean"
"Saint Barthelemy","BLM",2024,"20260921",8,2024-02-19,99,NA,99,135,NA,FALSE,TRUE,"no_lookup_match"
"Saint Kitts and Nevis","KNA",2024,"20260921",8,2024-02-19,134,NA,134,135,NA,FALSE,TRUE,"no_lookup_match"
"Saint Kitts and Nevis","KNA",2025,"20260921",8,2025-02-17,4,NA,4,83,NA,FALSE,TRUE,"no_lookup_match"
"Saint Kitts and Nevis","KNA",2026,"20260921",8,2026-02-16,4,4,4,31,1.00997133399379,TRUE,FALSE,"applied_mean"
"Saint Lucia","LCA",2024,"20260921",8,2024-02-19,4,NA,4,135,NA,FALSE,TRUE,"no_lookup_match"
"Saint Lucia","LCA",2025,"20260921",8,2025-02-17,15,NA,15,83,NA,FALSE,TRUE,"no_lookup_match"
"Saint Lucia","LCA",2026,"20260921",8,2026-02-16,1,1,1,31,1,TRUE,FALSE,"applied_mean"
"Saint Martin",NA,2025,"20260921",8,2025-02-17,70,NA,70,83,NA,FALSE,TRUE,"no_lookup_match"
"Saint Martin",NA,2026,"20260921",8,2026-02-16,3,NA,3,31,NA,FALSE,TRUE,"no_lookup_match"
"Saint Martin",NA,2024,"20260921",8,2024-02-19,386,NA,386,135,NA,FALSE,TRUE,"no_lookup_match"
"Saint Vincent and the Grenadines","VCT",2025,"20260921",8,2025-02-17,2,NA,2,83,NA,FALSE,TRUE,"no_lookup_match"
"Saint Vincent and the Grenadines","VCT",2026,"20260921",8,2026-02-16,2,2,2,31,1,TRUE,FALSE,"applied_mean"
"Sint Maarten","SXM",2024,"20260921",8,2024-02-19,82,NA,82,135,NA,FALSE,TRUE,"no_lookup_match"
"Sint Maarten","SXM",2025,"20260921",8,2025-02-17,0,NA,0,83,NA,FALSE,TRUE,"no_lookup_match"
"Suriname","SUR",2024,"20260921",8,2024-02-19,49,NA,49,135,NA,FALSE,TRUE,"no_lookup_match"
"Suriname","SUR",2025,"20260921",8,2025-02-17,189,NA,189,83,NA,FALSE,TRUE,"no_lookup_match"
"Suriname","SUR",2026,"20260921",8,2026-02-16,224,224,224,31,1,TRUE,FALSE,"applied_mean"
"Trinidad and Tobago","TTO",2025,"20260921",8,2025-02-17,0,NA,0,83,NA,FALSE,TRUE,"no_lookup_match"
"Trinidad and Tobago","TTO",2026,"20260921",8,2026-02-16,2,2,2,31,1,TRUE,FALSE,"applied_mean"
"Trinidad and Tobago","TTO",2024,"20260921",5,2024-01-29,110,NA,110,138,NA,FALSE,TRUE,"no_lookup_match"
"Turks and Caicos Islands","TCA",2025,"20260921",8,2025-02-17,0,NA,0,83,NA,FALSE,TRUE,"no_lookup_match"
"Turks and Caicos Islands","TCA",2026,"20260921",8,2026-02-16,8,8,8,31,1,TRUE,FALSE,"applied_mean"
"Turks and Caicos Islands","TCA",2024,"20260921",4,2024-01-22,27,NA,27,139,NA,FALSE,TRUE,"no_lookup_match"
"Virgin Islands (UK)","VGB",2025,"20260921",8,2025-02-17,14,NA,14,83,NA,FALSE,TRUE,"no_lookup_match"
"Virgin Islands (UK)","VGB",2026,"20260921",8,2026-02-16,0,NA,0,31,NA,FALSE,TRUE,"no_lookup_match"
"Virgin Islands (US)","VIR",2024,"20260921",8,2024-02-19,0,NA,0,135,NA,FALSE,TRUE,"no_lookup_match"
"Virgin Islands (US)","VIR",2025,"20260921",8,2025-02-17,1,NA,1,83,NA,FALSE,TRUE,"no_lookup_match"
"Virgin Islands (US)","VIR",2026,"20260921",8,2026-02-16,0,NA,0,31,NA,FALSE,TRUE,"no_lookup_match"
"Canada","CAN",2024,"20260921",9,2024-02-26,0,NA,0,134,NA,FALSE,TRUE,"no_lookup_match"
"Canada","CAN",2025,"20260921",9,2025-02-24,0,NA,0,82,NA,FALSE,TRUE,"no_lookup_match"
"Canada","CAN",2026,"20260921",9,2026-02-23,0,NA,0,30,NA,FALSE,TRUE,"no_lookup_match"
"United States of America","USA",2024,"20260921",9,2024-02-26,193,NA,193,134,NA,FALSE,TRUE,"no_lookup_match"
"United States of America","USA",2025,"20260921",9,2025-02-24,143,NA,143,82,NA,FALSE,TRUE,"no_lookup_match"
"United States of America","USA",2026,"20260921",9,2026-02-23,54,NA,54,30,NA,FALSE,TRUE,"no_lookup_match"
"Belize","BLZ",2024,"20260921",9,2024-02-26,145,NA,145,134,NA,FALSE,TRUE,"country_excluded"
"Belize","BLZ",2025,"20260921",9,2025-02-24,111,NA,111,82,NA,FALSE,TRUE,"country_excluded"
"Belize","BLZ",2026,"20260921",9,2026-02-23,247,NA,247,30,NA,FALSE,TRUE,"country_excluded"
"Costa Rica","CRI",2024,"20260921",9,2024-02-26,5126,NA,5126,134,NA,FALSE,TRUE,"no_lookup_match"
"Costa Rica","CRI",2025,"20260921",9,2025-02-24,804,NA,804,82,NA,FALSE,TRUE,"no_lookup_match"
"Costa Rica","CRI",2026,"20260921",9,2026-02-23,398,403,403,30,1.01367571798961,TRUE,FALSE,"applied_mean"
"El Salvador","SLV",2025,"20260921",9,2025-02-24,769,NA,769,82,NA,FALSE,TRUE,"no_lookup_match"
"El Salvador","SLV",2024,"20260921",9,2024-02-26,972,NA,972,134,NA,FALSE,TRUE,"no_lookup_match"
"El Salvador","SLV",2026,"20260921",9,2026-02-23,1102,1102,1102,30,1,TRUE,FALSE,"applied_mean"
"Guatemala","GTM",2025,"20260921",9,2025-02-24,7844,NA,7844,82,NA,FALSE,TRUE,"no_lookup_match"
"Guatemala","GTM",2026,"20260921",9,2026-02-23,5597,6457,6457,30,1.15372809034373,TRUE,FALSE,"applied_mean"
"Guatemala","GTM",2024,"20260921",9,2024-02-26,12406,NA,12406,134,NA,FALSE,TRUE,"no_lookup_match"
"Honduras","HND",2025,"20260921",9,2025-02-24,2708,NA,2708,82,NA,FALSE,TRUE,"no_lookup_match"
"Honduras","HND",2024,"20260921",9,2024-02-26,6933,NA,6933,134,NA,FALSE,TRUE,"no_lookup_match"
"Honduras","HND",2026,"20260921",9,2026-02-23,1711,1711,1711,30,1,TRUE,FALSE,"applied_mean"
"Mexico","MEX",2024,"20260921",9,2024-02-26,34920,NA,34920,134,NA,FALSE,TRUE,"no_lookup_match"
"Mexico","MEX",2025,"20260921",9,2025-02-24,19412,NA,19412,82,NA,FALSE,TRUE,"no_lookup_match"
"Mexico","MEX",2026,"20260921",9,2026-02-23,11080,11074,11074,30,0.999483737074193,TRUE,FALSE,"applied_mean"
"Nicaragua","NIC",2025,"20260921",4,2025-01-20,5702,NA,5702,87,NA,FALSE,TRUE,"no_lookup_match"
"Nicaragua","NIC",2024,"20260921",9,2024-02-26,16128,NA,16128,134,NA,FALSE,TRUE,"no_lookup_match"
"Panama","PAN",2024,"20260921",9,2024-02-26,3769,NA,3769,134,NA,FALSE,TRUE,"no_lookup_match"
"Panama","PAN",2025,"20260921",9,2025-02-24,3674,NA,3674,82,NA,FALSE,TRUE,"no_lookup_match"
"Panama","PAN",2026,"20260921",9,2026-02-23,1792,1757,1757,30,0.980684621523889,TRUE,FALSE,"applied_mean"
"Bolivia","BOL",2024,"20260921",9,2024-02-26,15380,NA,15380,134,NA,FALSE,TRUE,"no_lookup_match"
"Bolivia","BOL",2025,"20260921",9,2025-02-24,7647,NA,7647,82,NA,FALSE,TRUE,"no_lookup_match"
"Bolivia","BOL",2026,"20260921",9,2026-02-23,31149,32785,32785,30,1.05253737970302,TRUE,FALSE,"applied_mean"
"Colombia","COL",2025,"20260921",9,2025-02-24,34499,NA,34499,82,NA,FALSE,TRUE,"no_lookup_match"
"Colombia","COL",2024,"20260921",9,2024-02-26,55340,NA,55340,134,NA,FALSE,TRUE,"no_lookup_match"
"Colombia","COL",2026,"20260921",9,2026-02-23,20829,20829,20829,30,1,TRUE,FALSE,"applied_mean"
"Ecuador","ECU",2024,"20260921",9,2024-02-26,9451,NA,9451,134,NA,FALSE,TRUE,"no_lookup_match"
"Ecuador","ECU",2025,"20260921",9,2025-02-24,8635,NA,8635,82,NA,FALSE,TRUE,"no_lookup_match"
"Ecuador","ECU",2026,"20260921",9,2026-02-23,3896,3905,3905,30,1.0022537416861,TRUE,FALSE,"applied_mean"
"Peru","PER",2024,"20260921",9,2024-02-26,49280,NA,49280,134,NA,FALSE,TRUE,"no_lookup_match"
"Peru","PER",2025,"20260921",9,2025-02-24,10698,NA,10698,82,NA,FALSE,TRUE,"no_lookup_match"
"Peru","PER",2026,"20260921",9,2026-02-23,4918,4749,4749,30,0.965538169540361,TRUE,FALSE,"applied_mean"
"Venezuela","VEN",2024,"20260921",9,2024-02-26,5676,NA,5676,134,NA,FALSE,TRUE,"no_lookup_match"
"Venezuela","VEN",2025,"20260921",9,2025-02-24,10848,NA,10848,82,NA,FALSE,TRUE,"no_lookup_match"
"Venezuela","VEN",2026,"20260921",9,2026-02-23,3693,NA,3693,30,NA,FALSE,TRUE,"no_lookup_match"
"Argentina","ARG",2026,"20260921",9,2026-02-23,14,16,16,30,1.12479666993151,TRUE,FALSE,"applied_mean"
"Argentina","ARG",2024,"20260921",9,2024-02-26,113047,NA,113047,134,NA,FALSE,TRUE,"no_lookup_match"
"Argentina","ARG",2025,"20260921",9,2025-02-24,1616,NA,1616,82,NA,FALSE,TRUE,"no_lookup_match"
"Brazil","BRA",2024,"20260921",9,2024-02-26,2494774,NA,2494774,134,NA,FALSE,TRUE,"no_lookup_match"
"Brazil","BRA",2025,"20260921",9,2025-02-24,1031741,NA,1031741,82,NA,FALSE,TRUE,"no_lookup_match"
"Brazil","BRA",2026,"20260921",9,2026-02-23,350048,348317,348317,30,0.995053730107624,TRUE,FALSE,"applied_mean"
"Chile","CHL",2024,"20260921",9,2024-02-26,0,NA,0,134,NA,FALSE,TRUE,"no_lookup_match"
"Chile","CHL",2025,"20260921",9,2025-02-24,0,NA,0,82,NA,FALSE,TRUE,"no_lookup_match"
"Chile","CHL",2026,"20260921",9,2026-02-23,6,NA,6,30,NA,FALSE,TRUE,"no_lookup_match"
"Paraguay","PRY",2024,"20260921",9,2024-02-26,167678,NA,167678,134,NA,FALSE,TRUE,"no_lookup_match"
"Paraguay","PRY",2026,"20260921",9,2026-02-23,4698,4693,4693,30,0.998914884599704,TRUE,FALSE,"applied_mean"
"Paraguay","PRY",2025,"20260921",9,2025-02-24,8496,NA,8496,82,NA,FALSE,TRUE,"no_lookup_match"
"Uruguay","URY",2024,"20260921",9,2024-02-26,56,NA,56,134,NA,FALSE,TRUE,"no_lookup_match"
"Uruguay","URY",2025,"20260921",9,2025-02-24,0,NA,0,82,NA,FALSE,TRUE,"no_lookup_match"
"Uruguay","URY",2026,"20260921",9,2026-02-23,0,0,0,30,1,TRUE,FALSE,"applied_mean"
"Cuba","CUB",2026,"20260921",9,2026-02-23,882,NA,882,30,NA,FALSE,TRUE,"no_lookup_match"
"Dominican Republic","DOM",2024,"20260921",9,2024-02-26,5052,NA,5052,134,NA,FALSE,TRUE,"no_lookup_match"
"Dominican Republic","DOM",2025,"20260921",9,2025-02-24,367,NA,367,82,NA,FALSE,TRUE,"no_lookup_match"
"Dominican Republic","DOM",2026,"20260921",9,2026-02-23,217,217,217,30,1,TRUE,FALSE,"applied_mean"
"Puerto Rico","PRI",2024,"20260921",9,2024-02-26,510,NA,510,134,NA,FALSE,TRUE,"no_lookup_match"
"Puerto Rico","PRI",2025,"20260921",9,2025-02-24,1051,NA,1051,82,NA,FALSE,TRUE,"no_lookup_match"
"Puerto Rico","PRI",2026,"20260921",9,2026-02-23,355,355,355,30,1,TRUE,FALSE,"applied_mean"
"Anguilla","AIA",2025,"20260921",9,2025-02-24,0,NA,0,82,NA,FALSE,TRUE,"no_lookup_match"
"Anguilla","AIA",2026,"20260921",9,2026-02-23,0,0,0,30,1,TRUE,FALSE,"applied_mean"
"Antigua and Barbuda","ATG",2025,"20260921",9,2025-02-24,0,NA,0,82,NA,FALSE,TRUE,"no_lookup_match"
"Antigua and Barbuda","ATG",2026,"20260921",9,2026-02-23,4,4,4,30,1,TRUE,FALSE,"applied_mean"
"Antigua and Barbuda","ATG",2024,"20260921",4,2024-01-22,41,NA,41,139,NA,FALSE,TRUE,"no_lookup_match"
"Aruba","ABW",2024,"20260921",9,2024-02-26,9,NA,9,134,NA,FALSE,TRUE,"no_lookup_match"
"Aruba","ABW",2025,"20260921",9,2025-02-24,2,NA,2,82,NA,FALSE,TRUE,"no_lookup_match"
"Bahamas","BHS",2024,"20260921",8,2024-02-19,0,NA,0,135,NA,FALSE,TRUE,"no_lookup_match"
"Bahamas","BHS",2026,"20260921",9,2026-02-23,0,0,0,30,1,TRUE,FALSE,"applied_mean"
"Barbados","BRB",2025,"20260921",9,2025-02-24,44,NA,44,82,NA,FALSE,TRUE,"no_lookup_match"
"Barbados","BRB",2026,"20260921",9,2026-02-23,22,21,21,30,0.954699816682974,TRUE,FALSE,"applied_mean"
"Barbados","BRB",2024,"20260921",9,2024-02-26,759,NA,759,134,NA,FALSE,TRUE,"no_lookup_match"
"Bermuda","BMU",2024,"20260921",9,2024-02-26,0,NA,0,134,NA,FALSE,TRUE,"no_lookup_match"
"Bermuda","BMU",2025,"20260921",9,2025-02-24,0,NA,0,82,NA,FALSE,TRUE,"no_lookup_match"
"Bermuda","BMU",2026,"20260921",9,2026-02-23,1,1,1,30,1,TRUE,FALSE,"applied_mean"
"Bonaire, Saint Eustatius and Saba","BES",2024,"20260921",9,2024-02-26,152,NA,152,134,NA,FALSE,TRUE,"no_lookup_match"
"Cayman Islands","CYM",2024,"20260921",9,2024-02-26,3,NA,3,134,NA,FALSE,TRUE,"no_lookup_match"
"Cayman Islands","CYM",2025,"20260921",9,2025-02-24,0,NA,0,82,NA,FALSE,TRUE,"no_lookup_match"
"Cayman Islands","CYM",2026,"20260921",9,2026-02-23,0,0,0,30,1,TRUE,FALSE,"applied_mean"
"Curaçao","CUW",2024,"20260921",9,2024-02-26,134,NA,134,134,NA,FALSE,TRUE,"no_lookup_match"
"French Guiana","GUF",2024,"20260921",8,2024-02-19,7665,NA,7665,135,NA,FALSE,TRUE,"no_lookup_match"
"French Guiana","GUF",2026,"20260921",9,2026-02-23,3,3,3,30,1,TRUE,FALSE,"applied_mean"
"Grenada","GRD",2024,"20260921",9,2024-02-26,84,NA,84,134,NA,FALSE,TRUE,"no_lookup_match"
"Grenada","GRD",2025,"20260921",9,2025-02-24,32,NA,32,82,NA,FALSE,TRUE,"no_lookup_match"
"Grenada","GRD",2026,"20260921",9,2026-02-23,31,31,31,30,1,TRUE,FALSE,"applied_mean"
"Guadeloupe","GLP",2026,"20260921",9,2026-02-23,148,148,148,30,1,TRUE,FALSE,"applied_mean"
"Guadeloupe","GLP",2024,"20260921",9,2024-02-26,2160,NA,2160,134,NA,FALSE,TRUE,"no_lookup_match"
"Guadeloupe","GLP",2025,"20260921",9,2025-02-24,3190,NA,3190,82,NA,FALSE,TRUE,"no_lookup_match"
"Guyana","GUY",2024,"20260921",9,2024-02-26,7271,NA,7271,134,NA,FALSE,TRUE,"no_lookup_match"
"Guyana","GUY",2025,"20260921",9,2025-02-24,9262,NA,9262,82,NA,FALSE,TRUE,"no_lookup_match"
"Guyana","GUY",2026,"20260921",9,2026-02-23,19218,19916,19916,30,1.03631269229898,TRUE,FALSE,"applied_mean"
"Jamaica","JAM",2024,"20260921",9,2024-02-26,701,NA,701,134,NA,FALSE,TRUE,"no_lookup_match"
"Jamaica","JAM",2025,"20260921",9,2025-02-24,84,NA,84,82,NA,FALSE,TRUE,"no_lookup_match"
"Jamaica","JAM",2026,"20260921",9,2026-02-23,62,62,62,30,1,TRUE,FALSE,"applied_mean"
"Martinique","MTQ",2025,"20260921",9,2025-02-24,393,NA,393,82,NA,FALSE,TRUE,"no_lookup_match"
"Martinique","MTQ",2024,"20260921",9,2024-02-26,3395,NA,3395,134,NA,FALSE,TRUE,"no_lookup_match"
"Martinique","MTQ",2026,"20260921",9,2026-02-23,668,668,668,30,1,TRUE,FALSE,"applied_mean"
"Montserrat","MSR",2024,"20260921",9,2024-02-26,1,NA,1,134,NA,FALSE,TRUE,"no_lookup_match"
"Montserrat","MSR",2025,"20260921",9,2025-02-24,0,NA,0,82,NA,FALSE,TRUE,"no_lookup_match"
"Montserrat","MSR",2026,"20260921",9,2026-02-23,0,0,0,30,1,TRUE,FALSE,"applied_mean"
"Saint Barthelemy","BLM",2025,"20260921",9,2025-02-24,18,NA,18,82,NA,FALSE,TRUE,"no_lookup_match"
"Saint Barthelemy","BLM",2026,"20260921",9,2026-02-23,0,0,0,30,1,TRUE,FALSE,"applied_mean"
"Saint Barthelemy","BLM",2024,"20260921",9,2024-02-26,105,NA,105,134,NA,FALSE,TRUE,"no_lookup_match"
"Saint Kitts and Nevis","KNA",2024,"20260921",9,2024-02-26,137,NA,137,134,NA,FALSE,TRUE,"no_lookup_match"
"Saint Kitts and Nevis","KNA",2025,"20260921",9,2025-02-24,4,NA,4,82,NA,FALSE,TRUE,"no_lookup_match"
"Saint Kitts and Nevis","KNA",2026,"20260921",9,2026-02-23,5,5,5,30,1.01058398649746,TRUE,FALSE,"applied_mean"
"Saint Lucia","LCA",2024,"20260921",9,2024-02-26,4,NA,4,134,NA,FALSE,TRUE,"no_lookup_match"
"Saint Lucia","LCA",2025,"20260921",9,2025-02-24,18,NA,18,82,NA,FALSE,TRUE,"no_lookup_match"
"Saint Lucia","LCA",2026,"20260921",9,2026-02-23,1,1,1,30,1,TRUE,FALSE,"applied_mean"
"Saint Martin",NA,2025,"20260921",9,2025-02-24,70,NA,70,82,NA,FALSE,TRUE,"no_lookup_match"
"Saint Martin",NA,2026,"20260921",9,2026-02-23,4,NA,4,30,NA,FALSE,TRUE,"no_lookup_match"
"Saint Martin",NA,2024,"20260921",9,2024-02-26,395,NA,395,134,NA,FALSE,TRUE,"no_lookup_match"
"Saint Vincent and the Grenadines","VCT",2025,"20260921",9,2025-02-24,2,NA,2,82,NA,FALSE,TRUE,"no_lookup_match"
"Saint Vincent and the Grenadines","VCT",2026,"20260921",9,2026-02-23,2,2,2,30,1,TRUE,FALSE,"applied_mean"
"Sint Maarten","SXM",2024,"20260921",9,2024-02-26,86,NA,86,134,NA,FALSE,TRUE,"no_lookup_match"
"Sint Maarten","SXM",2025,"20260921",9,2025-02-24,0,NA,0,82,NA,FALSE,TRUE,"no_lookup_match"
"Suriname","SUR",2024,"20260921",9,2024-02-26,65,NA,65,134,NA,FALSE,TRUE,"no_lookup_match"
"Suriname","SUR",2025,"20260921",9,2025-02-24,237,NA,237,82,NA,FALSE,TRUE,"no_lookup_match"
"Suriname","SUR",2026,"20260921",9,2026-02-23,242,242,242,30,1,TRUE,FALSE,"applied_mean"
"Trinidad and Tobago","TTO",2025,"20260921",9,2025-02-24,0,NA,0,82,NA,FALSE,TRUE,"no_lookup_match"
"Trinidad and Tobago","TTO",2026,"20260921",9,2026-02-23,2,2,2,30,1,TRUE,FALSE,"applied_mean"
"Trinidad and Tobago","TTO",2024,"20260921",5,2024-01-29,110,NA,110,138,NA,FALSE,TRUE,"no_lookup_match"
"Turks and Caicos Islands","TCA",2025,"20260921",9,2025-02-24,0,NA,0,82,NA,FALSE,TRUE,"no_lookup_match"
"Turks and Caicos Islands","TCA",2026,"20260921",9,2026-02-23,8,8,8,30,1,TRUE,FALSE,"applied_mean"
"Turks and Caicos Islands","TCA",2024,"20260921",4,2024-01-22,27,NA,27,139,NA,FALSE,TRUE,"no_lookup_match"
"Virgin Islands (UK)","VGB",2025,"20260921",9,2025-02-24,15,NA,15,82,NA,FALSE,TRUE,"no_lookup_match"
"Virgin Islands (UK)","VGB",2026,"20260921",9,2026-02-23,0,NA,0,30,NA,FALSE,TRUE,"no_lookup_match"
"Virgin Islands (US)","VIR",2024,"20260921",9,2024-02-26,0,NA,0,134,NA,FALSE,TRUE,"no_lookup_match"
"Virgin Islands (US)","VIR",2025,"20260921",9,2025-02-24,33,NA,33,82,NA,FALSE,TRUE,"no_lookup_match"
"Virgin Islands (US)","VIR",2026,"20260921",9,2026-02-23,0,NA,0,30,NA,FALSE,TRUE,"no_lookup_match"
