"iso3","season_nMonth","Month","nb_size","nb_mean","nb_size_cum","nb_mean_cum","Ave_season_monthly_cases","Ave_season_monthly_cum_cases","Ave_cum_monthly_proportion","Ave_monthly_proportion","Year","date","cases","source","mean_low_month","season","Data_status","cum_todate_cases_season","cum_todate_cases_year","Predicted_total_seasonal_cases","Predicted_total_year_cases","estimate_formula_result_raw","pred_total_post_fill","Region","country","nb_size_cum_at_month","nb_mean_cum_at_month","percentile_cumulative","severity","severity_interpretation","z_score_cumulative","current_season_severity","current_season_percentile","current_season_interpretation","Country"
"ABW",7,1,0.523977425521591,96.375,0.85154619794028,345.749999999999,96.375,345.75,0.406575379093749,0.0908168197393885,2025,2025-01-01,0,"WHO",7,"2024/2025","Observed",0,0,10,61,NA,10,"Caribbean","Aruba",0.85154619794028,345.749999999999,0.599495694041026,"Extremely Low","Rare good event - unusually low cases to date",-0.921658332091027,"Extremely Low",4.37502541124254,"Rare good event - unusually low cases to date","Aruba"
"ABW",8,2,0.486238411325166,102.875,0.944373049276483,448.625,102.875,448.625,0.520279964132316,0.113704585038567,2025,2025-02-01,2,"PAHO",7,"2024/2025","Observed",2,2,10,61,NA,10,"Caribbean","Aruba",0.944373049276483,448.625,0.845575714252098,"Extremely Low","Rare good event - unusually low cases to date",-0.966439622934062,"Extremely Low",4.37502541124254,"Rare good event - unusually low cases to date","Aruba"
"ABW",9,3,0.610622827573911,142.5,1.021089726529,591.124999999999,142.5,591.125,0.690037185327113,0.169757221194798,2025,2025-03-01,0,"WHO",7,"2024/2025","Observed",2,2,10,61,NA,10,"Caribbean","Aruba",1.021089726529,591.124999999999,0.459535135787154,"Extremely Low","Rare good event - unusually low cases to date",-1.00620230927945,"Extremely Low",4.37502541124254,"Rare good event - unusually low cases to date","Aruba"
"ABW",10,4,0.66356931839209,119.5,1.08012330785417,710.625,119.5,710.625,0.840622096875863,0.15058491154875,2025,2025-04-01,2,"PAHO",7,"2024/2025","Observed",4,4,10,61,NA,10,"Caribbean","Aruba",1.08012330785417,710.625,0.497672860870435,"Extremely Low","Rare good event - unusually low cases to date",-1.03265530451534,"Extremely Low",4.37502541124254,"Rare good event - unusually low cases to date","Aruba"
"ABW",11,5,0.490993103610434,88,1.0915685469586,798.624999999999,88,798.625,0.943142511624407,0.102520414748544,2025,2025-05-01,2,"PAHO",7,"2024/2025","Observed",6,6,10,61,NA,10,"Caribbean","Aruba",1.0915685469586,798.624999999999,0.600422568855318,"Extremely Low","Rare good event - unusually low cases to date",-1.0362243066748,"Extremely Low",4.37502541124254,"Rare good event - unusually low cases to date","Aruba"
"ABW",12,6,0.367412346316666,51.6249999999999,1.08562056007814,850.25,51.625,850.25,1,0.0568574883755931,2025,2025-06-01,4,"PAHO",7,"2024/2025","Observed",10,10,10,61,NA,10,"Caribbean","Aruba",1.08562056007814,850.25,0.934338324244152,"Extremely Low","Rare good event - unusually low cases to date",-1.02902002933249,"Extremely Low",4.37502541124254,"Rare good event - unusually low cases to date","Aruba"
"ABW",1,7,NA,NA,NA,NA,21.5,21.5,0.0257203595112303,0.0257203595112303,2025,2025-07-01,2,"PAHO",7,"2025/2026","Observed",2,12,17,61,NA,17,"Caribbean","Aruba",NA,NA,NA,"Unknown","Cannot determine",NA,"Extremely Low",4.37502541124254,"Rare good event - unusually low cases to date","Aruba"
"ABW",2,8,0.909660246781697,32.7500000000001,0.781271491650606,54.25,32.75,54.25,0.0699659282211139,0.0442455687098836,2025,2025-08-01,2,"PAHO",7,"2025/2026","Observed",4,14,17,61,NA,17,"Caribbean","Aruba",0.781271491650606,54.25,13.1069105569425,"Low","Below average - fewer cases than typical at this point",-0.812891177110961,"Extremely Low",4.37502541124254,"Rare good event - unusually low cases to date","Aruba"
"ABW",3,9,0.858908755850253,62.375,0.838822146163144,116.625,62.375,116.625,0.152270584717755,0.0823046564966407,2025,2025-09-01,0,"WHO",7,"2025/2026","Observed",4,14,17,61,NA,17,"Caribbean","Aruba",0.838822146163144,116.625,6.31595387129352,"Low","Below average - fewer cases than typical at this point",-0.881296114705453,"Extremely Low",4.37502541124254,"Rare good event - unusually low cases to date","Aruba"
"ABW",4,10,0.677947828263531,64.2500000000001,0.778968026557386,180.875,64.25,180.875,0.230735698611633,0.0784651138938783,2025,2025-10-01,0,"WHO",7,"2025/2026","Observed",4,14,17,61,NA,17,"Caribbean","Aruba",0.778968026557386,180.875,5.28329445703954,"Low","Below average - fewer cases than typical at this point",-0.861220883439849,"Extremely Low",4.37502541124254,"Rare good event - unusually low cases to date","Aruba"
"ABW",5,11,0.786815441134934,38.125,0.786798549407322,219,38.125,219,0.280303323833063,0.0495676252214301,2025,2025-11-01,0,"Estimates",7,"2025/2026","Unobserved",4,14,17,61,0.495676252214301,17,"Caribbean","Aruba",0.786798549407322,219,4.44561475265958,"Extremely Low","Rare good event - unusually low cases to date",-0.869255357867448,"Extremely Low",4.37502541124254,"Rare good event - unusually low cases to date","Aruba"
"ABW",6,12,NA,NA,0.761726645582747,249.375,30.375,249.375,0.31575855935436,0.0354552355212975,2025,2025-12-01,0,"Estimates",7,"2025/2026","Unobserved",4,14,17,61,0.354552355212975,17,"Caribbean","Aruba",0.761726645582747,249.375,4.37502541124254,"Extremely Low","Rare good event - unusually low cases to date",-0.857461637166085,"Extremely Low",4.37502541124254,"Rare good event - unusually low cases to date","Aruba"
"ABW",7,1,0.523977425521591,96.375,0.85154619794028,345.749999999999,96.375,345.75,0.406575379093749,0.0908168197393885,2026,2026-01-01,2,"Estimates",7,"2025/2026","Unobserved",6,2,17,NA,1.5438859355696,17,"Caribbean","Aruba",0.85154619794028,345.749999999999,3.27115017156513,"Extremely Low","Rare good event - unusually low cases to date",-0.905664261252137,"Extremely Low",1.2111769229255,"Rare good event - unusually low cases to date","Aruba"
"ABW",8,2,0.486238411325166,102.875,0.944373049276483,448.625,102.875,448.625,0.520279964132316,0.113704585038567,2026,2026-02-01,2,"Estimates",7,"2025/2026","Unobserved",8,4,17,NA,1.93297794565564,17,"Caribbean","Aruba",0.944373049276483,448.625,2.3847579283509,"Extremely Low","Rare good event - unusually low cases to date",-0.953456387025628,"Extremely Low",1.2111769229255,"Rare good event - unusually low cases to date","Aruba"
"ABW",9,3,0.610622827573911,142.5,1.021089726529,591.124999999999,142.5,591.125,0.690037185327113,0.169757221194798,2026,2026-03-01,3,"Estimates",7,"2025/2026","Unobserved",11,7,17,NA,2.88587276031156,17,"Caribbean","Aruba",1.021089726529,591.124999999999,1.87322173846428,"Extremely Low","Rare good event - unusually low cases to date",-0.990830663561623,"Extremely Low",1.2111769229255,"Rare good event - unusually low cases to date","Aruba"
"ABW",10,4,0.66356931839209,119.5,1.08012330785417,710.625,119.5,710.625,0.840622096875863,0.15058491154875,2026,2026-04-01,3,"Estimates",7,"2025/2026","Unobserved",14,10,17,NA,2.55994349632875,17,"Caribbean","Aruba",1.08012330785417,710.625,1.60878442205618,"Extremely Low","Rare good event - unusually low cases to date",-1.0180413960842,"Extremely Low",1.2111769229255,"Rare good event - unusually low cases to date","Aruba"
"ABW",11,5,0.490993103610434,88,1.0915685469586,798.624999999999,88,798.625,0.943142511624407,0.102520414748544,2026,2026-05-01,NA,NA,7,"2025/2026","Unobserved",14,10,17,NA,NA,17,"Caribbean","Aruba",1.0915685469586,798.624999999999,1.36678908966275,"Extremely Low","Rare good event - unusually low cases to date",-1.02576564784699,"Extremely Low",1.2111769229255,"Rare good event - unusually low cases to date","Aruba"
"ABW",12,6,0.367412346316666,51.6249999999999,1.08562056007814,850.25,51.625,850.25,1,0.0568574883755931,2026,2026-06-01,NA,NA,7,"2025/2026","Unobserved",14,10,17,NA,NA,17,"Caribbean","Aruba",1.08562056007814,850.25,1.30349822015074,"Extremely Low","Rare good event - unusually low cases to date",-1.02412139188253,"Extremely Low",1.2111769229255,"Rare good event - unusually low cases to date","Aruba"
"ABW",1,7,NA,NA,NA,NA,21.5,21.5,0.0257203595112303,0.0257203595112303,2026,2026-07-01,NA,NA,7,"2026/2027","Unobserved",0,10,NA,NA,NA,NA,"Caribbean","Aruba",NA,NA,NA,"Unknown","Cannot determine",NA,"Extremely Low",1.2111769229255,"Rare good event - unusually low cases to date","Aruba"
"ABW",2,8,0.909660246781697,32.7500000000001,0.781271491650606,54.25,32.75,54.25,0.0699659282211139,0.0442455687098836,2026,2026-08-01,NA,NA,7,"2026/2027","Unobserved",0,10,NA,NA,NA,NA,"Caribbean","Aruba",0.781271491650606,54.25,3.60048182989258,"Extremely Low","Rare good event - unusually low cases to date",-0.877598932502878,"Extremely Low",1.2111769229255,"Rare good event - unusually low cases to date","Aruba"
"ABW",3,9,0.858908755850253,62.375,0.838822146163144,116.625,62.375,116.625,0.152270584717755,0.0823046564966407,2026,2026-09-01,NA,NA,7,"2026/2027","Unobserved",0,10,NA,NA,NA,NA,"Caribbean","Aruba",0.838822146163144,116.625,1.58376663109962,"Extremely Low","Rare good event - unusually low cases to date",-0.912596309678344,"Extremely Low",1.2111769229255,"Rare good event - unusually low cases to date","Aruba"
"ABW",4,10,0.677947828263531,64.2500000000001,0.778968026557386,180.875,64.25,180.875,0.230735698611633,0.0784651138938783,2026,2026-10-01,NA,NA,7,"2026/2027","Unobserved",0,10,NA,NA,NA,NA,"Caribbean","Aruba",0.778968026557386,180.875,1.43092782620312,"Extremely Low","Rare good event - unusually low cases to date",-0.880697256775591,"Extremely Low",1.2111769229255,"Rare good event - unusually low cases to date","Aruba"
"ABW",5,11,0.786815441134934,38.125,0.786798549407322,219,38.125,219,0.280303323833063,0.0495676252214301,2026,2026-11-01,NA,NA,7,"2026/2027","Unobserved",0,10,NA,NA,NA,NA,"Caribbean","Aruba",0.786798549407322,219,1.18954843138711,"Extremely Low","Rare good event - unusually low cases to date",-0.885427550571959,"Extremely Low",1.2111769229255,"Rare good event - unusually low cases to date","Aruba"
"ABW",6,12,NA,NA,0.761726645582747,249.375,30.375,249.375,0.31575855935436,0.0354552355212975,2026,2026-12-01,NA,NA,7,"2026/2027","Unobserved",0,10,NA,NA,NA,NA,"Caribbean","Aruba",0.761726645582747,249.375,1.2111769229255,"Extremely Low","Rare good event - unusually low cases to date",-0.871439615968589,"Extremely Low",1.2111769229255,"Rare good event - unusually low cases to date","Aruba"
"AFG",11,1,2.42958159602125,114,2.63326687694008,2028.25,114,2028.25,0.96483390415282,0.0718209415375475,2025,2025-01-01,71,"WHO",3,"2024/2025","Observed",71,71,97,5755,NA,97,"South Asia","Afghanistan",2.63326687694008,2028.25,0.0484577727865066,"Extremely Low","Rare good event - unusually low cases to date",-1.56491414798687,"High",94.9763089284971,"Above average - more cases than typical at this point","Afghanistan"
"AFG",12,2,0.361437970830766,65.5,2.69649350158189,2093.75,65.5,2093.75,1,0.0351660958471802,2025,2025-02-01,26,"WHO",3,"2024/2025","Observed",97,97,97,5755,NA,97,"South Asia","Afghanistan",2.69649350158189,2093.75,0.084498274311066,"Extremely Low","Rare good event - unusually low cases to date",-1.56501706909447,"High",94.9763089284971,"Above average - more cases than typical at this point","Afghanistan"
"AFG",1,3,NA,NA,NA,NA,57.75,57.75,0.0214612525568192,0.0214612525568192,2025,2025-03-01,18,"WHO",3,"2025/2026","Observed",18,115,4588,5755,NA,4601,"South Asia","Afghanistan",NA,NA,NA,"Unknown","Cannot determine",NA,"High",94.9763089284971,"Above average - more cases than typical at this point","Afghanistan"
"AFG",2,4,NA,NA,NA,NA,49.75,107.5,0.0431327560342653,0.0216715034774461,2025,2025-04-01,131,"WHO",3,"2025/2026","Observed",149,246,4588,5755,NA,4601,"South Asia","Afghanistan",NA,NA,NA,"Unknown","Cannot determine",NA,"High",94.9763089284971,"Above average - more cases than typical at this point","Afghanistan"
"AFG",3,5,NA,NA,NA,NA,87.75,195.25,0.0742381283907614,0.0311053723564961,2025,2025-05-01,216,"WHO",3,"2025/2026","Observed",365,462,4588,5755,NA,4601,"South Asia","Afghanistan",NA,NA,NA,"Unknown","Cannot determine",NA,"High",94.9763089284971,"Above average - more cases than typical at this point","Afghanistan"
"AFG",4,6,1.37557979541605,58.25,0.730711972104804,253.499999999999,58.25,253.5,0.0989912587883773,0.0247531303976159,2025,2025-06-01,166,"WHO",3,"2025/2026","Observed",531,628,4588,5755,NA,4601,"South Asia","Afghanistan",0.730711972104804,253.499999999999,86.265832064541,"High","Above average - more cases than typical at this point",0.934400603468578,"High",94.9763089284971,"Above average - more cases than typical at this point","Afghanistan"
"AFG",5,7,1.7335863671851,147,1.08673948464472,400.5,147,400.5,0.164640025286036,0.0656487664976591,2025,2025-07-01,339,"WHO",3,"2025/2026","Observed",870,967,4588,5755,NA,4601,"South Asia","Afghanistan",1.08673948464472,400.5,89.0728541871196,"High","Above average - more cases than typical at this point",1.22041455294262,"High",94.9763089284971,"Above average - more cases than typical at this point","Afghanistan"
"AFG",6,8,0.87888346910545,194.5,1.01847098907798,594.999999999999,194.5,595,0.236569310543594,0.0719292852575574,2025,2025-08-01,273,"WHO",3,"2025/2026","Observed",1143,1240,4588,5755,NA,4601,"South Asia","Afghanistan",1.01847098907798,594.999999999999,85.4410219541158,"High","Above average - more cases than typical at this point",0.928680972470958,"High",94.9763089284971,"Above average - more cases than typical at this point","Afghanistan"
"AFG",7,9,1.30355801275735,163,1.1224521467389,757.999999999999,163,758,0.301705938720392,0.065136628176798,2025,2025-09-01,297,"WHO",3,"2025/2026","Observed",1440,1537,4588,5755,NA,4601,"South Asia","Afghanistan",1.1224521467389,757.999999999999,85.5998354789164,"High","Above average - more cases than typical at this point",0.952528044325348,"High",94.9763089284971,"Above average - more cases than typical at this point","Afghanistan"
"AFG",8,10,1.91981484039352,521.25,1.65832089612373,1279.25,521.25,1279.25,0.543538173478536,0.241832234758144,2025,2025-10-01,1826,"WHO",3,"2025/2026","Observed",3266,3363,4588,5755,NA,4601,"South Asia","Afghanistan",1.65832089612373,1279.25,95.2314335191371,"Extremely High","Rare bad event - unusually high cases to date",1.99866851938339,"High",94.9763089284971,"Above average - more cases than typical at this point","Afghanistan"
"AFG",9,11,2.89658970598574,420,2.01342687561909,1699.25,420,1699.25,0.761825550043605,0.218287376565069,2025,2025-11-01,1021,"WHO",3,"2025/2026","Observed",4287,4384,4588,5755,NA,4601,"South Asia","Afghanistan",2.01342687561909,1699.25,96.1419085409215,"Extremely High","Rare bad event - unusually high cases to date",2.1596124662007,"High",94.9763089284971,"Above average - more cases than typical at this point","Afghanistan"
"AFG",10,12,21.9099663312861,215,2.37633837709749,1914.25,215,1914.25,0.893012962615272,0.131187412571667,2025,2025-12-01,13,"Estimates",3,"2025/2026","Unobserved",4300,4397,4588,5755,12.7251790194517,4601,"South Asia","Afghanistan",2.37633837709749,1914.25,94.9763089284971,"High","Above average - more cases than typical at this point",1.92004328538134,"High",94.9763089284971,"Above average - more cases than typical at this point","Afghanistan"
"AFG",11,1,2.42958159602125,114,2.63326687694008,2028.25,114,2028.25,0.96483390415282,0.0718209415375475,2026,2026-01-01,128,"WHO",3,"2025/2026","Observed",4428,128,4588,16206,NA,4601,"South Asia","Afghanistan",2.63326687694008,2028.25,95.0262296031627,"Extremely High","Rare bad event - unusually high cases to date",1.91871387233695,"Extremely Low",4.60966852075825,"Rare good event - unusually low cases to date","Afghanistan"
"AFG",12,2,0.361437970830766,65.5,2.69649350158189,2093.75,65.5,2093.75,1,0.0351660958471802,2026,2026-02-01,173,"WHO",3,"2025/2026","Observed",4601,301,4588,16206,NA,4601,"South Asia","Afghanistan",2.69649350158189,2093.75,95.3179936346767,"Extremely High","Rare bad event - unusually high cases to date",1.96513787228602,"Extremely Low",4.60966852075825,"Rare good event - unusually low cases to date","Afghanistan"
"AFG",1,3,NA,NA,NA,NA,57.75,57.75,0.0214612525568192,0.0214612525568192,2026,2026-03-01,152,"WHO",3,"2026/2027","Observed",152,453,9227,16206,NA,9227,"South Asia","Afghanistan",NA,NA,NA,"Unknown","Cannot determine",NA,"Extremely Low",4.60966852075825,"Rare good event - unusually low cases to date","Afghanistan"
"AFG",2,4,NA,NA,NA,NA,49.75,107.5,0.0431327560342653,0.0216715034774461,2026,2026-04-01,246,"WHO",3,"2026/2027","Observed",398,699,9227,16206,NA,9227,"South Asia","Afghanistan",NA,NA,NA,"Unknown","Cannot determine",NA,"Extremely Low",4.60966852075825,"Rare good event - unusually low cases to date","Afghanistan"
"AFG",3,5,NA,NA,NA,NA,87.75,195.25,0.0742381283907614,0.0311053723564961,2026,2026-05-01,NA,NA,3,"2026/2027","Unobserved",398,699,9227,16206,NA,9227,"South Asia","Afghanistan",NA,NA,NA,"Unknown","Cannot determine",NA,"Extremely Low",4.60966852075825,"Rare good event - unusually low cases to date","Afghanistan"
"AFG",4,6,1.37557979541605,58.25,0.730711972104804,253.499999999999,58.25,253.5,0.0989912587883773,0.0247531303976159,2026,2026-06-01,NA,NA,3,"2026/2027","Unobserved",398,699,9227,16206,NA,9227,"South Asia","Afghanistan",0.730711972104804,253.499999999999,78.7889335858148,"High","Above average - more cases than typical at this point",0.486561755680036,"Extremely Low",4.60966852075825,"Rare good event - unusually low cases to date","Afghanistan"
"AFG",5,7,1.7335863671851,147,1.08673948464472,400.5,147,400.5,0.164640025286036,0.0656487664976591,2026,2026-07-01,NA,NA,3,"2026/2027","Unobserved",398,699,9227,16206,NA,9227,"South Asia","Afghanistan",1.08673948464472,400.5,62.4972078546881,"Normal","Average - typical case load at this point",-0.00649848004761809,"Extremely Low",4.60966852075825,"Rare good event - unusually low cases to date","Afghanistan"
"AFG",6,8,0.87888346910545,194.5,1.01847098907798,594.999999999999,194.5,595,0.236569310543594,0.0719292852575574,2026,2026-08-01,NA,NA,3,"2026/2027","Unobserved",398,699,9227,16206,NA,9227,"South Asia","Afghanistan",1.01847098907798,594.999999999999,48.5680993342233,"Normal","Average - typical case load at this point",-0.333850641563463,"Extremely Low",4.60966852075825,"Rare good event - unusually low cases to date","Afghanistan"
"AFG",7,9,1.30355801275735,163,1.1224521467389,757.999999999999,163,758,0.301705938720392,0.065136628176798,2026,2026-09-01,NA,NA,3,"2026/2027","Unobserved",398,699,9227,16206,NA,9227,"South Asia","Afghanistan",1.1224521467389,757.999999999999,38.8245555217004,"Normal","Average - typical case load at this point",-0.50280072720986,"Extremely Low",4.60966852075825,"Rare good event - unusually low cases to date","Afghanistan"
"AFG",8,10,1.91981484039352,521.25,1.65832089612373,1279.25,521.25,1279.25,0.543538173478536,0.241832234758144,2026,2026-10-01,NA,NA,3,"2026/2027","Unobserved",398,699,9227,16206,NA,9227,"South Asia","Afghanistan",1.65832089612373,1279.25,16.3823326472358,"Low","Below average - fewer cases than typical at this point",-0.886536621470549,"Extremely Low",4.60966852075825,"Rare good event - unusually low cases to date","Afghanistan"
"AFG",9,11,2.89658970598574,420,2.01342687561909,1699.25,420,1699.25,0.761825550043605,0.218287376565069,2026,2026-11-01,NA,NA,3,"2026/2027","Unobserved",398,699,9227,16206,NA,9227,"South Asia","Afghanistan",2.01342687561909,1699.25,8.02712807116974,"Low","Below average - fewer cases than typical at this point",-1.0859610556057,"Extremely Low",4.60966852075825,"Rare good event - unusually low cases to date","Afghanistan"
"AFG",10,12,21.9099663312861,215,2.37633837709749,1914.25,215,1914.25,0.893012962615272,0.131187412571667,2026,2026-12-01,NA,NA,3,"2026/2027","Unobserved",398,699,9227,16206,NA,9227,"South Asia","Afghanistan",2.37633837709749,1914.25,4.60966852075825,"Extremely Low","Rare good event - unusually low cases to date",-1.22027271569085,"Extremely Low",4.60966852075825,"Rare good event - unusually low cases to date","Afghanistan"
"ARG",6,1,0.259192003614391,2700,0.308955659492296,4865.53333333333,2700,4865.53333333333,0.166213745721869,0.0342831758567271,2025,2025-01-01,275,"PAHO",8,"2024/2025","Observed",275,275,17635,133767,NA,17635,"South America","Argentina",0.308955659492296,4865.53333333333,31.8441873082601,"Normal","Average - typical case load at this point",-0.524405191500074,"Low",18.0179309421906,"Below average - fewer cases than typical at this point","Argentina"
"ARG",7,2,0.268009416730835,7363.66666666668,0.314137374296392,12229.2,7363.66666666667,12229.2,0.255822410381122,0.0896086646592533,2025,2025-02-01,1341,"PAHO",8,"2024/2025","Observed",1616,1616,17635,133767,NA,17635,"South America","Argentina",0.314137374296392,12229.2,40.7056497133717,"Normal","Average - typical case load at this point",-0.486410036497424,"Low",18.0179309421906,"Below average - fewer cases than typical at this point","Argentina"
"ARG",8,3,0.259060757298732,25476.4666666666,0.293904128711429,37705.6666666665,25476.4666666667,37705.6666666667,0.496429849529586,0.240607439148464,2025,2025-03-01,8513,"PAHO",8,"2024/2025","Observed",10129,10129,17635,133767,NA,17635,"South America","Argentina",0.293904128711429,37705.6666666665,51.8531606349144,"Normal","Average - typical case load at this point",-0.396493705084892,"Low",18.0179309421906,"Below average - fewer cases than typical at this point","Argentina"
"ARG",9,4,0.31848605713434,17542.2666666667,0.312931271026884,55247.9333333335,17542.2666666667,55247.9333333333,0.779661463406253,0.283231613876667,2025,2025-04-01,5428,"PAHO",8,"2024/2025","Observed",15557,15557,17635,133767,NA,17635,"South America","Argentina",0.312931271026884,55247.9333333335,51.1422402049134,"Normal","Average - typical case load at this point",-0.401881973836501,"Low",18.0179309421906,"Below average - fewer cases than typical at this point","Argentina"
"ARG",10,5,0.477491490337846,4523.40000000001,0.329952887725575,59771.3333333338,4523.4,59771.3333333333,0.951794333334644,0.172132869928391,2025,2025-05-01,1976,"PAHO",8,"2024/2025","Observed",17533,17533,17635,133767,NA,17635,"South America","Argentina",0.329952887725575,59771.3333333338,50.5901959343807,"Normal","Average - typical case load at this point",-0.405918268611944,"Low",18.0179309421906,"Below average - fewer cases than typical at this point","Argentina"
"ARG",11,6,0.37577244966807,942.333333333333,0.332891874432274,60713.6666666668,942.333333333333,60713.6666666667,0.98677745579159,0.0349831224569461,2025,2025-06-01,86,"PAHO",8,"2024/2025","Observed",17619,17619,17635,133767,NA,17635,"South America","Argentina",0.332891874432274,60713.6666666668,50.2267223074153,"Normal","Average - typical case load at this point",-0.409531649480001,"Low",18.0179309421906,"Below average - fewer cases than typical at this point","Argentina"
"ARG",12,7,0.302394828278467,336.066666666667,0.334001642850789,61049.7333333334,336.066666666667,61049.7333333333,1,0.0132225442084097,2025,2025-07-01,16,"PAHO",8,"2024/2025","Observed",17635,17635,17635,133767,NA,17635,"South America","Argentina",0.334001642850789,61049.7333333334,50.0809804121492,"Normal","Average - typical case load at this point",-0.410985481284646,"Low",18.0179309421906,"Below average - fewer cases than typical at this point","Argentina"
"ARG",1,8,0.485413428179479,53.2666666666666,0.485413428179479,53.2666666666666,53.2666666666667,53.2666666666667,0.00968468718236358,0.00968468718236358,2025,2025-08-01,4,"PAHO",8,"2025/2026","Observed",4,17639,105,133767,NA,105,"South America","Argentina",0.485413428179479,53.2666666666666,24.1909896170605,"Low","Below average - fewer cases than typical at this point",-0.641480818558809,"Low",18.0179309421906,"Below average - fewer cases than typical at this point","Argentina"
"ARG",2,9,0.306303907654978,130.8,0.361163862882557,184.066666666667,130.8,184.066666666667,0.0209487541042654,0.0112640669219018,2025,2025-09-01,0,"WHO",8,"2025/2026","Observed",4,17639,105,133767,NA,105,"South America","Argentina",0.361163862882557,184.066666666667,20.603427402891,"Low","Below average - fewer cases than typical at this point",-0.587333357564098,"Low",18.0179309421906,"Below average - fewer cases than typical at this point","Argentina"
"ARG",3,10,0.40826844976658,101.866666666667,0.375250753790314,285.933333333333,101.866666666667,285.933333333333,0.0413470752152976,0.0203983211110322,2025,2025-10-01,3,"PAHO",8,"2025/2026","Observed",7,17642,105,133767,NA,105,"South America","Argentina",0.375250753790314,285.933333333333,19.9936192406861,"Low","Below average - fewer cases than typical at this point",-0.597188760296441,"Low",18.0179309421906,"Below average - fewer cases than typical at this point","Argentina"
"ARG",4,11,0.379828818387859,167.933333333333,0.424698938232107,453.866666666667,167.933333333333,453.866666666667,0.0647209532244183,0.0233738780091207,2025,2025-11-01,3,"PAHO",8,"2025/2026","Observed",10,17645,105,133767,NA,105,"South America","Argentina",0.424698938232107,453.866666666667,15.9289458584575,"Low","Below average - fewer cases than typical at this point",-0.637032711864511,"Low",18.0179309421906,"Below average - fewer cases than typical at this point","Argentina"
"ARG",5,12,0.207664808514821,1711.66666666667,0.288325652547019,2165.53333333333,1711.66666666667,2165.53333333333,0.131930569865142,0.0672096166407234,2025,2025-12-01,3,"PAHO",8,"2025/2026","Observed",13,17648,105,133767,NA,105,"South America","Argentina",0.288325652547019,2165.53333333333,18.0179309421906,"Low","Below average - fewer cases than typical at this point",-0.533700665713441,"Low",18.0179309421906,"Below average - fewer cases than typical at this point","Argentina"
"ARG",6,1,0.259192003614391,2700,0.308955659492296,4865.53333333333,2700,4865.53333333333,0.166213745721869,0.0342831758567271,2026,2026-01-01,8,"PAHO",8,"2025/2026","Observed",21,8,105,88,NA,105,"South America","Argentina",0.308955659492296,4865.53333333333,14.5663057509636,"Low","Below average - fewer cases than typical at this point",-0.553421192249664,"Low",7.63000646309596,"Below average - fewer cases than typical at this point","Argentina"
"ARG",7,2,0.268009416730835,7363.66666666668,0.314137374296392,12229.2,7363.66666666667,12229.2,0.255822410381122,0.0896086646592533,2026,2026-02-01,8,"PAHO",8,"2025/2026","Observed",29,16,105,88,NA,105,"South America","Argentina",0.314137374296392,12229.2,11.7048811419752,"Low","Below average - fewer cases than typical at this point",-0.559143305249677,"Low",7.63000646309596,"Below average - fewer cases than typical at this point","Argentina"
"ARG",8,3,0.259060757298732,25476.4666666666,0.293904128711429,37705.6666666665,25476.4666666667,37705.6666666667,0.496429849529586,0.240607439148464,2026,2026-03-01,28,"PAHO",8,"2025/2026","Observed",57,44,105,88,NA,105,"South America","Argentina",0.293904128711429,37705.6666666665,11.5520050277316,"Low","Below average - fewer cases than typical at this point",-0.541307603221543,"Low",7.63000646309596,"Below average - fewer cases than typical at this point","Argentina"
"ARG",9,4,0.31848605713434,17542.2666666667,0.312931271026884,55247.9333333335,17542.2666666667,55247.9333333333,0.779661463406253,0.283231613876667,2026,2026-04-01,25,"PAHO",8,"2025/2026","Observed",82,69,105,88,NA,105,"South America","Argentina",0.312931271026884,55247.9333333335,10.1369637715432,"Low","Below average - fewer cases than typical at this point",-0.558570744364778,"Low",7.63000646309596,"Below average - fewer cases than typical at this point","Argentina"
"ARG",10,5,0.477491490337846,4523.40000000001,0.329952887725575,59771.3333333338,4523.4,59771.3333333333,0.951794333334644,0.172132869928391,2026,2026-05-01,NA,NA,8,"2025/2026","Unobserved",82,69,105,88,NA,105,"South America","Argentina",0.329952887725575,59771.3333333338,8.84368221667491,"Low","Below average - fewer cases than typical at this point",-0.57362563645822,"Low",7.63000646309596,"Below average - fewer cases than typical at this point","Argentina"
"ARG",11,6,0.37577244966807,942.333333333333,0.332891874432274,60713.6666666668,942.333333333333,60713.6666666667,0.98677745579159,0.0349831224569461,2026,2026-06-01,NA,NA,8,"2025/2026","Unobserved",82,69,105,88,NA,105,"South America","Argentina",0.332891874432274,60713.6666666668,8.62996680955242,"Low","Below average - fewer cases than typical at this point",-0.576186994385731,"Low",7.63000646309596,"Below average - fewer cases than typical at this point","Argentina"
"ARG",12,7,0.302394828278467,336.066666666667,0.334001642850789,61049.7333333334,336.066666666667,61049.7333333333,1,0.0132225442084097,2026,2026-07-01,NA,NA,8,"2025/2026","Unobserved",82,69,105,88,NA,105,"South America","Argentina",0.334001642850789,61049.7333333334,8.55155401355427,"Low","Below average - fewer cases than typical at this point",-0.577150918662802,"Low",7.63000646309596,"Below average - fewer cases than typical at this point","Argentina"
"ARG",1,8,0.485413428179479,53.2666666666666,0.485413428179479,53.2666666666666,53.2666666666667,53.2666666666667,0.00968468718236358,0.00968468718236358,2026,2026-08-01,NA,NA,8,"2026/2027","Unobserved",0,69,NA,88,NA,NA,"South America","Argentina",0.485413428179479,53.2666666666666,10.1783491253863,"Low","Below average - fewer cases than typical at this point",-0.693563158360607,"Low",7.63000646309596,"Below average - fewer cases than typical at this point","Argentina"
"ARG",2,9,0.306303907654978,130.8,0.361163862882557,184.066666666667,130.8,184.066666666667,0.0209487541042654,0.0112640669219018,2026,2026-09-01,NA,NA,8,"2026/2027","Unobserved",0,69,NA,88,NA,NA,"South America","Argentina",0.361163862882557,184.066666666667,10.5177813113538,"Low","Below average - fewer cases than typical at this point",-0.600380377724722,"Low",7.63000646309596,"Below average - fewer cases than typical at this point","Argentina"
"ARG",3,10,0.40826844976658,101.866666666667,0.375250753790314,285.933333333333,101.866666666667,285.933333333333,0.0413470752152976,0.0203983211110322,2026,2026-10-01,NA,NA,8,"2026/2027","Unobserved",0,69,NA,88,NA,NA,"South America","Argentina",0.375250753790314,285.933333333333,8.28580866753185,"Low","Below average - fewer cases than typical at this point",-0.612175571919559,"Low",7.63000646309596,"Below average - fewer cases than typical at this point","Argentina"
"ARG",4,11,0.379828818387859,167.933333333333,0.424698938232107,453.866666666667,167.933333333333,453.866666666667,0.0647209532244183,0.0233738780091207,2026,2026-11-01,NA,NA,8,"2026/2027","Unobserved",0,69,NA,88,NA,NA,"South America","Argentina",0.424698938232107,453.866666666667,5.16986659720547,"Low","Below average - fewer cases than typical at this point",-0.651384605342985,"Low",7.63000646309596,"Below average - fewer cases than typical at this point","Argentina"
"ARG",5,12,0.207664808514821,1711.66666666667,0.288325652547019,2165.53333333333,1711.66666666667,2165.53333333333,0.131930569865142,0.0672096166407234,2026,2026-12-01,NA,NA,8,"2026/2027","Unobserved",0,69,NA,88,NA,NA,"South America","Argentina",0.288325652547019,2165.53333333333,7.63000646309596,"Low","Below average - fewer cases than typical at this point",-0.536923895080826,"Low",7.63000646309596,"Below average - fewer cases than typical at this point","Argentina"
"ATG",10,1,0.322451941554713,54.125,0.721655942676433,236.25,54.125,236.25,0.774872394461789,0.193290500944214,2025,2025-01-01,0,"WHO",4,"2024/2025","Observed",0,0,2,41,NA,2,"Caribbean","Antigua And Barbuda",0.721655942676433,236.25,1.52773971908406,"Extremely Low","Rare good event - unusually low cases to date",-0.848208856991332,"Low",20.69329835747,"Below average - fewer cases than typical at this point","Antigua And Barbuda"
"ATG",11,2,0.520000916038631,26.75,0.786390122492431,263,26.75,263,0.902647535299198,0.127775140837408,2025,2025-02-01,0,"WHO",4,"2024/2025","Observed",0,0,2,41,NA,2,"Caribbean","Antigua And Barbuda",0.786390122492431,263,1.03248044250606,"Extremely Low","Rare good event - unusually low cases to date",-0.885463587994827,"Low",20.69329835747,"Below average - fewer cases than typical at this point","Antigua And Barbuda"
"ATG",12,3,0.711523682889816,17.25,0.828714202165833,280.25,17.25,280.25,1,0.0973524647008022,2025,2025-03-01,2,"PAHO",4,"2024/2025","Observed",2,2,2,41,NA,2,"Caribbean","Antigua And Barbuda",0.828714202165833,280.25,2.06322376528971,"Extremely Low","Rare good event - unusually low cases to date",-0.902507405357862,"Low",20.69329835747,"Below average - fewer cases than typical at this point","Antigua And Barbuda"
"ATG",1,4,0.561748911178378,4.75,0.561748911178378,4.75,4.75,4.75,0.0195908681655322,0.0195908681655322,2025,2025-04-01,1,"PAHO",4,"2025/2026","Observed",1,3,17,41,NA,17,"Caribbean","Antigua And Barbuda",0.561748911178378,4.75,42.5277731893314,"Normal","Average - typical case load at this point",-0.559547312022955,"Low",20.69329835747,"Below average - fewer cases than typical at this point","Antigua And Barbuda"
"ATG",2,5,0.643463803273605,9.125,0.571901497521681,13.875,9.125,13.875,0.0613131647812721,0.0417222966157399,2025,2025-05-01,1,"PAHO",4,"2025/2026","Observed",2,4,17,41,NA,17,"Caribbean","Antigua And Barbuda",0.571901497521681,13.875,30.9775109771106,"Normal","Average - typical case load at this point",-0.634293678916088,"Low",20.69329835747,"Below average - fewer cases than typical at this point","Antigua And Barbuda"
"ATG",3,6,0.644892598411886,8,0.554752248927358,21.875,8,21.875,0.0951780756321448,0.0338649108508727,2025,2025-06-01,2,"PAHO",4,"2025/2026","Observed",4,6,17,41,NA,17,"Caribbean","Antigua And Barbuda",0.554752248927358,21.875,33.2265372823685,"Normal","Average - typical case load at this point",-0.601048222457823,"Low",20.69329835747,"Below average - fewer cases than typical at this point","Antigua And Barbuda"
"ATG",4,7,0.585193795503316,10.25,0.528069608132216,32.125,10.25,32.125,0.137382405224205,0.04220432959206,2025,2025-07-01,2,"PAHO",4,"2025/2026","Observed",6,8,17,41,NA,17,"Caribbean","Antigua And Barbuda",0.528069608132216,32.125,33.889272665902,"Normal","Average - typical case load at this point",-0.586162877574282,"Low",20.69329835747,"Below average - fewer cases than typical at this point","Antigua And Barbuda"
"ATG",5,8,0.578807252644659,19.5,0.582860090288624,51.625,19.5,51.625,0.205223769563678,0.0678413643394731,2025,2025-08-01,2,"PAHO",4,"2025/2026","Observed",8,10,17,41,NA,17,"Caribbean","Antigua And Barbuda",0.582860090288624,51.625,28.0612782385173,"Normal","Average - typical case load at this point",-0.641533915666292,"Low",20.69329835747,"Below average - fewer cases than typical at this point","Antigua And Barbuda"
"ATG",6,9,0.54692395792226,22.625,0.577243476396687,74.2499999999999,22.625,74.25,0.282169747295563,0.0769459777318847,2025,2025-09-01,4,"PAHO",4,"2025/2026","Observed",12,14,17,41,NA,17,"Caribbean","Antigua And Barbuda",0.577243476396687,74.2499999999999,28.5018088127374,"Normal","Average - typical case load at this point",-0.634513359032929,"Low",20.69329835747,"Below average - fewer cases than typical at this point","Antigua And Barbuda"
"ATG",7,10,0.503502594416806,27,0.55966295316962,101.25,27,101.25,0.364460789862643,0.0822910425670806,2025,2025-10-01,1,"PAHO",4,"2025/2026","Observed",13,15,17,41,NA,17,"Caribbean","Antigua And Barbuda",0.55966295316962,101.25,25.8589918446228,"Normal","Average - typical case load at this point",-0.650258410580276,"Low",20.69329835747,"Below average - fewer cases than typical at this point","Antigua And Barbuda"
"ATG",8,11,0.507498786680876,33.125,0.547878161443174,134.375,33.125,134.375,0.463137438783923,0.0986766489212803,2025,2025-11-01,0,"Estimates",4,"2025/2026","Unobserved",13,15,17,41,0.197353297842561,17,"Caribbean","Antigua And Barbuda",0.547878161443174,134.375,22.7547445557362,"Low","Below average - fewer cases than typical at this point",-0.667220222473879,"Low",20.69329835747,"Below average - fewer cases than typical at this point","Antigua And Barbuda"
"ATG",9,12,0.435917107994736,47.75,0.519160086620314,182.125,47.75,182.125,0.581581893517575,0.118444454733652,2025,2025-12-01,0,"Estimates",4,"2025/2026","Unobserved",13,15,17,41,0.236888909467304,17,"Caribbean","Antigua And Barbuda",0.519160086620314,182.125,20.69329835747,"Low","Below average - fewer cases than typical at this point",-0.668145088172453,"Low",20.69329835747,"Below average - fewer cases than typical at this point","Antigua And Barbuda"
"ATG",10,1,0.322451941554713,54.125,0.721655942676433,236.25,54.125,236.25,0.774872394461789,0.193290500944214,2026,2026-01-01,2,"PAHO",4,"2025/2026","Observed",15,2,17,4,NA,17,"Caribbean","Antigua And Barbuda",0.721655942676433,236.25,12.0664774859087,"Low","Below average - fewer cases than typical at this point",-0.794354326388708,"Extremely Low",4.76497183765376,"Rare good event - unusually low cases to date","Antigua And Barbuda"
"ATG",11,2,0.520000916038631,26.75,0.786390122492431,263,26.75,263,0.902647535299198,0.127775140837408,2026,2026-02-01,2,"PAHO",4,"2025/2026","Observed",17,4,17,4,NA,17,"Caribbean","Antigua And Barbuda",0.786390122492431,263,10.5166487219286,"Low","Below average - fewer cases than typical at this point",-0.828228299036986,"Extremely Low",4.76497183765376,"Rare good event - unusually low cases to date","Antigua And Barbuda"
"ATG",12,3,0.711523682889816,17.25,0.828714202165833,280.25,17.25,280.25,1,0.0973524647008022,2026,2026-03-01,0,"WHO",4,"2025/2026","Observed",17,4,17,4,NA,17,"Caribbean","Antigua And Barbuda",0.828714202165833,280.25,9.09752132034353,"Low","Below average - fewer cases than typical at this point",-0.853854715042074,"Extremely Low",4.76497183765376,"Rare good event - unusually low cases to date","Antigua And Barbuda"
"ATG",1,4,0.561748911178378,4.75,0.561748911178378,4.75,4.75,4.75,0.0195908681655322,0.0195908681655322,2026,2026-04-01,0,"Estimates",4,"2026/2027","Unobserved",0,4,NA,4,0.333044758814048,0,"Caribbean","Antigua And Barbuda",0.561748911178378,4.75,28.3076768082747,"Normal","Average - typical case load at this point",-0.708759928562409,"Extremely Low",4.76497183765376,"Rare good event - unusually low cases to date","Antigua And Barbuda"
"ATG",2,5,0.643463803273605,9.125,0.571901497521681,13.875,9.125,13.875,0.0613131647812721,0.0417222966157399,2026,2026-05-01,NA,NA,4,"2026/2027","Unobserved",0,4,NA,4,NA,0,"Caribbean","Antigua And Barbuda",0.571901497521681,13.875,15.7737428234172,"Low","Below average - fewer cases than typical at this point",-0.741122087996692,"Extremely Low",4.76497183765376,"Rare good event - unusually low cases to date","Antigua And Barbuda"
"ATG",3,6,0.644892598411886,8,0.554752248927358,21.875,8,21.875,0.0951780756321448,0.0338649108508727,2026,2026-06-01,NA,NA,4,"2026/2027","Unobserved",0,4,NA,4,NA,0,"Caribbean","Antigua And Barbuda",0.554752248927358,21.875,12.8429700018501,"Low","Below average - fewer cases than typical at this point",-0.735548523986847,"Extremely Low",4.76497183765376,"Rare good event - unusually low cases to date","Antigua And Barbuda"
"ATG",4,7,0.585193795503316,10.25,0.528069608132216,32.125,10.25,32.125,0.137382405224205,0.04220432959206,2026,2026-07-01,NA,NA,4,"2026/2027","Unobserved",0,4,NA,4,NA,0,"Caribbean","Antigua And Barbuda",0.528069608132216,32.125,11.3267255016989,"Low","Below average - fewer cases than typical at this point",-0.720784016921486,"Extremely Low",4.76497183765376,"Rare good event - unusually low cases to date","Antigua And Barbuda"
"ATG",5,8,0.578807252644659,19.5,0.582860090288624,51.625,19.5,51.625,0.205223769563678,0.0678413643394731,2026,2026-08-01,NA,NA,4,"2026/2027","Unobserved",0,4,NA,4,NA,0,"Caribbean","Antigua And Barbuda",0.582860090288624,51.625,7.28043117228064,"Low","Below average - fewer cases than typical at this point",-0.75917910363948,"Extremely Low",4.76497183765376,"Rare good event - unusually low cases to date","Antigua And Barbuda"
"ATG",6,9,0.54692395792226,22.625,0.577243476396687,74.2499999999999,22.625,74.25,0.282169747295563,0.0769459777318847,2026,2026-09-01,NA,NA,4,"2026/2027","Unobserved",0,4,NA,4,NA,0,"Caribbean","Antigua And Barbuda",0.577243476396687,74.2499999999999,6.03194392742459,"Low","Below average - fewer cases than typical at this point",-0.756829187280241,"Extremely Low",4.76497183765376,"Rare good event - unusually low cases to date","Antigua And Barbuda"
"ATG",7,10,0.503502594416806,27,0.55966295316962,101.25,27,101.25,0.364460789862643,0.0822910425670806,2026,2026-10-01,NA,NA,4,"2026/2027","Unobserved",0,4,NA,4,NA,0,"Caribbean","Antigua And Barbuda",0.55966295316962,101.25,5.43549015069923,"Low","Below average - fewer cases than typical at this point",-0.746047184943376,"Extremely Low",4.76497183765376,"Rare good event - unusually low cases to date","Antigua And Barbuda"
"ATG",8,11,0.507498786680876,33.125,0.547878161443174,134.375,33.125,134.375,0.463137438783923,0.0986766489212803,2026,2026-11-01,NA,NA,4,"2026/2027","Unobserved",0,4,NA,4,NA,0,"Caribbean","Antigua And Barbuda",0.547878161443174,134.375,4.89557021846524,"Extremely Low","Rare good event - unusually low cases to date",-0.738683562471082,"Extremely Low",4.76497183765376,"Rare good event - unusually low cases to date","Antigua And Barbuda"
"ATG",9,12,0.435917107994736,47.75,0.519160086620314,182.125,47.75,182.125,0.581581893517575,0.118444454733652,2026,2026-12-01,NA,NA,4,"2026/2027","Unobserved",0,4,NA,4,NA,0,"Caribbean","Antigua And Barbuda",0.519160086620314,182.125,4.76497183765376,"Extremely Low","Rare good event - unusually low cases to date",-0.719502877655036,"Extremely Low",4.76497183765376,"Rare good event - unusually low cases to date","Antigua And Barbuda"
"AUS",4,1,2.01165688067713,175.785714285714,NA,NA,175.785714285714,466.928571428571,0.349865685116715,0.12231729528412,2025,2025-01-01,283,"WHO",10,"2024/2025","Observed",283,283,1544,8438,NA,1544,"Pacific Islands","Australia",NA,NA,NA,"Unknown","Cannot determine",NA,"Unknown",76.5563070682335,"Cannot determine","Australia"
"AUS",5,2,1.90614903950397,142.142857142857,NA,NA,142.142857142857,609.071428571429,0.446358070996533,0.0964923858798181,2025,2025-02-01,220,"WHO",10,"2024/2025","Observed",503,503,1544,8438,NA,1544,"Pacific Islands","Australia",NA,NA,NA,"Unknown","Cannot determine",NA,"Unknown",76.5563070682335,"Cannot determine","Australia"
"AUS",6,3,2.42999350589892,141.071428571429,2.61936170486215,750.142857142857,141.071428571429,750.142857142857,0.542550212807953,0.0961921418114202,2025,2025-03-01,219,"WHO",10,"2024/2025","Observed",722,722,1544,8438,NA,1544,"Pacific Islands","Australia",2.61936170486215,750.142857142857,55.8756788901618,"Normal","Average - typical case load at this point",-0.0606128949635152,"Unknown",76.5563070682335,"Cannot determine","Australia"
"AUS",7,4,1.38128774574533,141.785714285714,2.70863083750845,891.928571428572,141.785714285714,891.928571428571,0.629849522203507,0.0872993093955542,2025,2025-04-01,195,"WHO",10,"2024/2025","Observed",917,917,1544,8438,NA,1544,"Pacific Islands","Australia",2.70863083750845,891.928571428572,59.8791779521574,"Normal","Average - typical case load at this point",0.046191862649152,"Unknown",76.5563070682335,"Cannot determine","Australia"
"AUS",8,5,1.31661560333804,130.571428571428,2.93551190238088,1022.5,130.571428571429,1022.5,0.714456395959105,0.0846068737555973,2025,2025-05-01,135,"WHO",10,"2024/2025","Observed",1052,1052,1544,8438,NA,1544,"Pacific Islands","Australia",2.93551190238088,1022.5,59.6827049153757,"Normal","Average - typical case load at this point",0.0493603355923788,"Unknown",76.5563070682335,"Cannot determine","Australia"
"AUS",9,6,1.55405215876022,105.857142857143,3.19014547099421,1128.35714285714,105.857142857143,1128.35714285714,0.786484393265173,0.0720279973060686,2025,2025-06-01,120,"WHO",10,"2024/2025","Observed",1172,1172,1544,8438,NA,1544,"Pacific Islands","Australia",3.19014547099421,1128.35714285714,60.107356294907,"Normal","Average - typical case load at this point",0.0689856519441468,"Unknown",76.5563070682335,"Cannot determine","Australia"
"AUS",10,7,1.69632601082081,116.857142857143,3.52020013404698,1245.21428571429,116.857142857143,1245.21428571429,0.870628941070289,0.0841445478051162,2025,2025-07-01,159,"WHO",10,"2024/2025","Observed",1331,1331,1544,8438,NA,1544,"Pacific Islands","Australia",3.52020013404698,1245.21428571429,61.9697352269467,"Normal","Average - typical case load at this point",0.129074826287815,"Unknown",76.5563070682335,"Cannot determine","Australia"
"AUS",11,8,1.60369325797146,87.2142857142856,3.75716512278615,1332.42857142857,87.2142857142857,1332.42857142857,0.93551088117039,0.0648819401001007,2025,2025-08-01,127,"WHO",10,"2024/2025","Observed",1458,1458,1544,8438,NA,1544,"Pacific Islands","Australia",3.75716512278615,1332.42857142857,63.6577378272885,"Normal","Average - typical case load at this point",0.182417118842761,"Unknown",76.5563070682335,"Cannot determine","Australia"
"AUS",12,9,NA,NA,4.19949176118891,1406.57142857143,74.1428571428571,1406.57142857143,1,0.0644891188296099,2025,2025-09-01,86,"WHO",10,"2024/2025","Observed",1544,1544,1544,8438,NA,1544,"Pacific Islands","Australia",4.19949176118891,1406.57142857143,63.9335831925344,"Normal","Average - typical case load at this point",0.199924608171973,"Unknown",76.5563070682335,"Cannot determine","Australia"
"AUS",1,10,2.57829476152192,98.9999999999999,2.57829476152192,98.9999999999999,99,99,0.0795251460783864,0.0795251460783864,2025,2025-10-01,145,"WHO",10,"2025/2026","Observed",145,1689,1340,8438,NA,1340,"Pacific Islands","Australia",2.57829476152192,98.9999999999999,80.3879463351093,"High","Above average - more cases than typical at this point",0.736556486628522,"Unknown",76.5563070682335,"Cannot determine","Australia"
"AUS",2,11,2.67541702144807,94.1428571428572,2.54044245336998,193.142857142857,94.1428571428571,193.142857142857,0.154764534783895,0.0752393887055085,2025,2025-11-01,118,"WHO",10,"2025/2026","Observed",263,1807,1340,8438,NA,1340,"Pacific Islands","Australia",2.54044245336998,193.142857142857,76.5563070682335,"High","Above average - more cases than typical at this point",0.572729156485459,"Unknown",76.5563070682335,"Cannot determine","Australia"
"AUS",3,12,NA,NA,NA,NA,98,291.142857142857,0.227548389832595,0.0727838550487,2025,2025-12-01,113,"WHO",10,"2025/2026","Observed",376,1920,1340,8438,NA,1340,"Pacific Islands","Australia",NA,NA,NA,"Unknown","Cannot determine",NA,"Unknown",76.5563070682335,"Cannot determine","Australia"
"AUS",4,1,2.01165688067713,175.785714285714,NA,NA,175.785714285714,466.928571428571,0.349865685116715,0.12231729528412,2026,2026-01-01,222,"WHO",10,"2025/2026","Observed",598,222,1340,743,NA,1340,"Pacific Islands","Australia",NA,NA,NA,"Unknown","Cannot determine",NA,"Unknown",0.00161097376855285,"Cannot determine","Australia"
"AUS",5,2,1.90614903950397,142.142857142857,NA,NA,142.142857142857,609.071428571429,0.446358070996533,0.0964923858798181,2026,2026-02-01,105,"WHO",10,"2025/2026","Observed",703,327,1340,743,NA,1340,"Pacific Islands","Australia",NA,NA,NA,"Unknown","Cannot determine",NA,"Unknown",0.00161097376855285,"Cannot determine","Australia"
"AUS",6,3,2.42999350589892,141.071428571429,2.61936170486215,750.142857142857,141.071428571429,750.142857142857,0.542550212807953,0.0961921418114202,2026,2026-03-01,79,"WHO",10,"2025/2026","Observed",782,406,1340,743,NA,1340,"Pacific Islands","Australia",2.61936170486215,750.142857142857,60.8538602578475,"Normal","Average - typical case load at this point",0.0686125663800199,"Unknown",0.00161097376855285,"Cannot determine","Australia"
"AUS",7,4,1.38128774574533,141.785714285714,2.70863083750845,891.928571428572,141.785714285714,891.928571428571,0.629849522203507,0.0872993093955542,2026,2026-04-01,62,"WHO",10,"2025/2026","Observed",844,468,1340,743,NA,1340,"Pacific Islands","Australia",2.70863083750845,891.928571428572,54.6132189849212,"Normal","Average - typical case load at this point",-0.0883041021013728,"Unknown",0.00161097376855285,"Cannot determine","Australia"
"AUS",8,5,1.31661560333804,130.571428571428,2.93551190238088,1022.5,130.571428571429,1022.5,0.714456395959105,0.0846068737555973,2026,2026-05-01,NA,NA,10,"2025/2026","Unobserved",844,468,1340,743,NA,1340,"Pacific Islands","Australia",2.93551190238088,1022.5,45.2889725655554,"Normal","Average - typical case load at this point",-0.298671861126772,"Unknown",0.00161097376855285,"Cannot determine","Australia"
"AUS",9,6,1.55405215876022,105.857142857143,3.19014547099421,1128.35714285714,105.857142857143,1128.35714285714,0.786484393265173,0.0720279973060686,2026,2026-06-01,NA,NA,10,"2025/2026","Unobserved",844,468,1340,743,NA,1340,"Pacific Islands","Australia",3.19014547099421,1128.35714285714,38.1677367329625,"Normal","Average - typical case load at this point",-0.449479345973203,"Unknown",0.00161097376855285,"Cannot determine","Australia"
"AUS",10,7,1.69632601082081,116.857142857143,3.52020013404698,1245.21428571429,116.857142857143,1245.21428571429,0.870628941070289,0.0841445478051162,2026,2026-07-01,NA,NA,10,"2025/2026","Unobserved",844,468,1340,743,NA,1340,"Pacific Islands","Australia",3.52020013404698,1245.21428571429,30.8746611223714,"Normal","Average - typical case load at this point",-0.603674687142928,"Unknown",0.00161097376855285,"Cannot determine","Australia"
"AUS",11,8,1.60369325797146,87.2142857142856,3.75716512278615,1332.42857142857,87.2142857142857,1332.42857142857,0.93551088117039,0.0648819401001007,2026,2026-08-01,NA,NA,10,"2025/2026","Unobserved",844,468,1340,743,NA,1340,"Pacific Islands","Australia",3.75716512278615,1332.42857142857,26.0588914619492,"Normal","Average - typical case load at this point",-0.709538258615912,"Unknown",0.00161097376855285,"Cannot determine","Australia"
"AUS",12,9,NA,NA,4.19949176118891,1406.57142857143,74.1428571428571,1406.57142857143,1,0.0644891188296099,2026,2026-09-01,NA,NA,10,"2025/2026","Unobserved",844,468,1340,743,NA,1340,"Pacific Islands","Australia",4.19949176118891,1406.57142857143,21.4056974328781,"Low","Below average - fewer cases than typical at this point",-0.818402398109374,"Unknown",0.00161097376855285,"Cannot determine","Australia"
"AUS",1,10,2.57829476152192,98.9999999999999,2.57829476152192,98.9999999999999,99,99,0.0795251460783864,0.0795251460783864,2026,2026-10-01,NA,NA,10,"2026/2027","Unobserved",0,468,NA,743,NA,NA,"Pacific Islands","Australia",2.57829476152192,98.9999999999999,0.007698609775315,"Extremely Low","Rare good event - unusually low cases to date",-1.58519765600486,"Unknown",0.00161097376855285,"Cannot determine","Australia"
"AUS",2,11,2.67541702144807,94.1428571428572,2.54044245336998,193.142857142857,94.1428571428571,193.142857142857,0.154764534783895,0.0752393887055085,2026,2026-11-01,NA,NA,10,"2026/2027","Unobserved",0,468,NA,743,NA,NA,"Pacific Islands","Australia",2.54044245336998,193.142857142857,0.00161097376855285,"Extremely Low","Rare good event - unusually low cases to date",-1.58349656353444,"Unknown",0.00161097376855285,"Cannot determine","Australia"
"AUS",3,12,NA,NA,NA,NA,98,291.142857142857,0.227548389832595,0.0727838550487,2026,2026-12-01,NA,NA,10,"2026/2027","Unobserved",0,468,NA,743,NA,NA,"Pacific Islands","Australia",NA,NA,NA,"Unknown","Cannot determine",NA,"Unknown",0.00161097376855285,"Cannot determine","Australia"
"BES",9,1,1.65634512754228,108.333333333333,5.91478333279221,281,108.333333333333,281,0.607997153637172,0.228373411554761,2025,2025-01-01,NA,"WHO",5,"2024/2025","Unobserved",0,0,NA,NA,NA,NA,"Caribbean","Bonaire, Saint Eustatius And Saba",5.91478333279221,281,1.06850102925739e-08,"Extremely Low","Rare good event - unusually low cases to date",-2.40683388527832,"Extremely Low",0.133369092318879,"Rare good event - unusually low cases to date","Bonaire, Saint Eustatius And Saba"
"BES",10,2,1.85564289869824,83.3333333333334,11.2080289079741,364.333333333333,83.3333333333333,364.333333333333,0.78671869698395,0.178721543346778,2025,2025-02-01,NA,"WHO",5,"2024/2025","Unobserved",0,0,NA,NA,NA,NA,"Caribbean","Bonaire, Saint Eustatius And Saba",11.2080289079741,364.333333333333,8.05963348724105e-16,"Extremely Low","Rare good event - unusually low cases to date",-3.29750290010285,"Extremely Low",0.133369092318879,"Rare good event - unusually low cases to date","Bonaire, Saint Eustatius And Saba"
"BES",11,3,1.90117821089333,82,13.8613819100681,446.333333333334,82,446.333333333333,0.963282743027599,0.176564046043649,2025,2025-03-01,NA,"WHO",5,"2024/2025","Unobserved",0,0,NA,NA,NA,NA,"Caribbean","Bonaire, Saint Eustatius And Saba",13.8613819100681,446.333333333334,8.22177286914961e-20,"Extremely Low","Rare good event - unusually low cases to date",-3.66658799649754,"Extremely Low",0.133369092318879,"Rare good event - unusually low cases to date","Bonaire, Saint Eustatius And Saba"
"BES",12,4,1.92903586728956,17.3333333333333,13.6558383291794,463.666666666667,17.3333333333333,463.666666666667,1,0.0367172569724009,2025,2025-04-01,NA,"WHO",5,"2024/2025","Unobserved",0,0,NA,NA,NA,NA,"Caribbean","Bonaire, Saint Eustatius And Saba",13.6558383291794,463.666666666667,8.36183691147232e-20,"Extremely Low","Rare good event - unusually low cases to date",-3.64213605623211,"Extremely Low",0.133369092318879,"Rare good event - unusually low cases to date","Bonaire, Saint Eustatius And Saba"
"BES",1,5,1.68793759085755,10,1.68793759085755,10,10,10,0.0218094474117682,0.0218094474117682,2025,2025-05-01,NA,"WHO",5,"2025/2026","Unobserved",0,0,NA,NA,NA,NA,"Caribbean","Bonaire, Saint Eustatius And Saba",1.68793759085755,10,3.81494672499408,"Extremely Low","Rare good event - unusually low cases to date",-1.20173649590102,"Extremely Low",0.133369092318879,"Rare good event - unusually low cases to date","Bonaire, Saint Eustatius And Saba"
"BES",2,6,1.50633582659454,9.66666666666667,1.50899567957318,19.6666666666667,9.66666666666667,19.6666666666667,0.0430795204977544,0.0212700730859861,2025,2025-06-01,NA,"WHO",5,"2025/2026","Unobserved",0,0,NA,NA,NA,NA,"Caribbean","Bonaire, Saint Eustatius And Saba",1.50899567957318,19.6666666666667,1.85762096815036,"Extremely Low","Rare good event - unusually low cases to date",-1.18383418016255,"Extremely Low",0.133369092318879,"Rare good event - unusually low cases to date","Bonaire, Saint Eustatius And Saba"
"BES",3,7,1.12196619576794,14.6666666666667,1.2973534251606,34.3333333333333,14.6666666666667,34.3333333333333,0.0748281976221449,0.0317486771243905,2025,2025-07-01,NA,"WHO",5,"2025/2026","Unobserved",0,0,NA,NA,NA,NA,"Caribbean","Bonaire, Saint Eustatius And Saba",1.2973534251606,34.3333333333333,1.35960309347245,"Extremely Low","Rare good event - unusually low cases to date",-1.11808556297172,"Extremely Low",0.133369092318879,"Rare good event - unusually low cases to date","Bonaire, Saint Eustatius And Saba"
"BES",4,8,1.66503033832786,15,1.36992701929964,49.3333333333334,15,49.3333333333333,0.107806869611094,0.0329786719889494,2025,2025-08-01,NA,"WHO",5,"2025/2026","Unobserved",0,0,NA,NA,NA,NA,"Caribbean","Bonaire, Saint Eustatius And Saba",1.36992701929964,49.3333333333334,0.710380080364824,"Extremely Low","Rare good event - unusually low cases to date",-1.15451878272512,"Extremely Low",0.133369092318879,"Rare good event - unusually low cases to date","Bonaire, Saint Eustatius And Saba"
"BES",5,9,1.63630178653306,19,1.42247910666894,68.3333333333334,19,68.3333333333333,0.149969260253467,0.042162390642373,2025,2025-09-01,NA,"WHO",5,"2025/2026","Unobserved",0,0,NA,NA,NA,NA,"Caribbean","Bonaire, Saint Eustatius And Saba",1.42247910666894,68.3333333333334,0.393776674925758,"Extremely Low","Rare good event - unusually low cases to date",-1.18045395244788,"Extremely Low",0.133369092318879,"Rare good event - unusually low cases to date","Bonaire, Saint Eustatius And Saba"
"BES",6,10,1.36746289473781,29,1.39322983515291,97.3333333333334,29,97.3333333333333,0.213250477768832,0.0632812175153645,2025,2025-10-01,NA,"WHO",5,"2025/2026","Unobserved",0,0,NA,NA,NA,NA,"Caribbean","Bonaire, Saint Eustatius And Saba",1.39322983515291,97.3333333333334,0.2642115722066,"Extremely Low","Rare good event - unusually low cases to date",-1.17199341619084,"Extremely Low",0.133369092318879,"Rare good event - unusually low cases to date","Bonaire, Saint Eustatius And Saba"
"BES",7,11,1.41819850347456,30.3333333333333,1.39137813089926,127.666666666666,30.3333333333333,127.666666666667,0.280298270492129,0.0670477927232976,2025,2025-11-01,NA,"WHO",5,"2025/2026","Unobserved",0,0,NA,NA,NA,NA,"Caribbean","Bonaire, Saint Eustatius And Saba",1.39137813089926,127.666666666666,0.18309912778765,"Extremely Low","Rare good event - unusually low cases to date",-1.17319122360947,"Extremely Low",0.133369092318879,"Rare good event - unusually low cases to date","Bonaire, Saint Eustatius And Saba"
"BES",8,12,1.3152467264417,45,1.36556330932756,172.666666666666,45,172.666666666667,0.379623742082412,0.0993254715902822,2025,2025-12-01,NA,"WHO",5,"2025/2026","Unobserved",0,0,NA,NA,NA,NA,"Caribbean","Bonaire, Saint Eustatius And Saba",1.36556330932756,172.666666666666,0.133369092318879,"Extremely Low","Rare good event - unusually low cases to date",-1.16397949486435,"Extremely Low",0.133369092318879,"Rare good event - unusually low cases to date","Bonaire, Saint Eustatius And Saba"
"BES",9,1,1.65634512754228,108.333333333333,5.91478333279221,281,108.333333333333,281,0.607997153637172,0.228373411554761,2026,2026-01-01,NA,"WHO",5,"2025/2026","Unobserved",0,0,NA,NA,NA,NA,"Caribbean","Bonaire, Saint Eustatius And Saba",5.91478333279221,281,1.06850102925739e-08,"Extremely Low","Rare good event - unusually low cases to date",-2.40683388527832,"Extremely Low",0.133369092318879,"Rare good event - unusually low cases to date","Bonaire, Saint Eustatius And Saba"
"BES",10,2,1.85564289869824,83.3333333333334,11.2080289079741,364.333333333333,83.3333333333333,364.333333333333,0.78671869698395,0.178721543346778,2026,2026-02-01,NA,"WHO",5,"2025/2026","Unobserved",0,0,NA,NA,NA,NA,"Caribbean","Bonaire, Saint Eustatius And Saba",11.2080289079741,364.333333333333,8.05963348724105e-16,"Extremely Low","Rare good event - unusually low cases to date",-3.29750290010285,"Extremely Low",0.133369092318879,"Rare good event - unusually low cases to date","Bonaire, Saint Eustatius And Saba"
"BES",11,3,1.90117821089333,82,13.8613819100681,446.333333333334,82,446.333333333333,0.963282743027599,0.176564046043649,2026,2026-03-01,NA,"WHO",5,"2025/2026","Unobserved",0,0,NA,NA,NA,NA,"Caribbean","Bonaire, Saint Eustatius And Saba",13.8613819100681,446.333333333334,8.22177286914961e-20,"Extremely Low","Rare good event - unusually low cases to date",-3.66658799649754,"Extremely Low",0.133369092318879,"Rare good event - unusually low cases to date","Bonaire, Saint Eustatius And Saba"
"BES",12,4,1.92903586728956,17.3333333333333,13.6558383291794,463.666666666667,17.3333333333333,463.666666666667,1,0.0367172569724009,2026,2026-04-01,NA,"WHO",5,"2025/2026","Unobserved",0,0,NA,NA,NA,NA,"Caribbean","Bonaire, Saint Eustatius And Saba",13.6558383291794,463.666666666667,8.36183691147232e-20,"Extremely Low","Rare good event - unusually low cases to date",-3.64213605623211,"Extremely Low",0.133369092318879,"Rare good event - unusually low cases to date","Bonaire, Saint Eustatius And Saba"
"BES",1,5,1.68793759085755,10,1.68793759085755,10,10,10,0.0218094474117682,0.0218094474117682,2026,2026-05-01,NA,NA,5,"2026/2027","Unobserved",0,0,NA,NA,NA,NA,"Caribbean","Bonaire, Saint Eustatius And Saba",1.68793759085755,10,3.81494672499408,"Extremely Low","Rare good event - unusually low cases to date",-1.20173649590102,"Extremely Low",0.133369092318879,"Rare good event - unusually low cases to date","Bonaire, Saint Eustatius And Saba"
"BES",2,6,1.50633582659454,9.66666666666667,1.50899567957318,19.6666666666667,9.66666666666667,19.6666666666667,0.0430795204977544,0.0212700730859861,2026,2026-06-01,NA,NA,5,"2026/2027","Unobserved",0,0,NA,NA,NA,NA,"Caribbean","Bonaire, Saint Eustatius And Saba",1.50899567957318,19.6666666666667,1.85762096815036,"Extremely Low","Rare good event - unusually low cases to date",-1.18383418016255,"Extremely Low",0.133369092318879,"Rare good event - unusually low cases to date","Bonaire, Saint Eustatius And Saba"
"BES",3,7,1.12196619576794,14.6666666666667,1.2973534251606,34.3333333333333,14.6666666666667,34.3333333333333,0.0748281976221449,0.0317486771243905,2026,2026-07-01,NA,NA,5,"2026/2027","Unobserved",0,0,NA,NA,NA,NA,"Caribbean","Bonaire, Saint Eustatius And Saba",1.2973534251606,34.3333333333333,1.35960309347245,"Extremely Low","Rare good event - unusually low cases to date",-1.11808556297172,"Extremely Low",0.133369092318879,"Rare good event - unusually low cases to date","Bonaire, Saint Eustatius And Saba"
"BES",4,8,1.66503033832786,15,1.36992701929964,49.3333333333334,15,49.3333333333333,0.107806869611094,0.0329786719889494,2026,2026-08-01,NA,NA,5,"2026/2027","Unobserved",0,0,NA,NA,NA,NA,"Caribbean","Bonaire, Saint Eustatius And Saba",1.36992701929964,49.3333333333334,0.710380080364824,"Extremely Low","Rare good event - unusually low cases to date",-1.15451878272512,"Extremely Low",0.133369092318879,"Rare good event - unusually low cases to date","Bonaire, Saint Eustatius And Saba"
"BES",5,9,1.63630178653306,19,1.42247910666894,68.3333333333334,19,68.3333333333333,0.149969260253467,0.042162390642373,2026,2026-09-01,NA,NA,5,"2026/2027","Unobserved",0,0,NA,NA,NA,NA,"Caribbean","Bonaire, Saint Eustatius And Saba",1.42247910666894,68.3333333333334,0.393776674925758,"Extremely Low","Rare good event - unusually low cases to date",-1.18045395244788,"Extremely Low",0.133369092318879,"Rare good event - unusually low cases to date","Bonaire, Saint Eustatius And Saba"
"BES",6,10,1.36746289473781,29,1.39322983515291,97.3333333333334,29,97.3333333333333,0.213250477768832,0.0632812175153645,2026,2026-10-01,NA,NA,5,"2026/2027","Unobserved",0,0,NA,NA,NA,NA,"Caribbean","Bonaire, Saint Eustatius And Saba",1.39322983515291,97.3333333333334,0.2642115722066,"Extremely Low","Rare good event - unusually low cases to date",-1.17199341619084,"Extremely Low",0.133369092318879,"Rare good event - unusually low cases to date","Bonaire, Saint Eustatius And Saba"
"BES",7,11,1.41819850347456,30.3333333333333,1.39137813089926,127.666666666666,30.3333333333333,127.666666666667,0.280298270492129,0.0670477927232976,2026,2026-11-01,NA,NA,5,"2026/2027","Unobserved",0,0,NA,NA,NA,NA,"Caribbean","Bonaire, Saint Eustatius And Saba",1.39137813089926,127.666666666666,0.18309912778765,"Extremely Low","Rare good event - unusually low cases to date",-1.17319122360947,"Extremely Low",0.133369092318879,"Rare good event - unusually low cases to date","Bonaire, Saint Eustatius And Saba"
"BES",8,12,1.3152467264417,45,1.36556330932756,172.666666666666,45,172.666666666667,0.379623742082412,0.0993254715902822,2026,2026-12-01,NA,NA,5,"2026/2027","Unobserved",0,0,NA,NA,NA,NA,"Caribbean","Bonaire, Saint Eustatius And Saba",1.36556330932756,172.666666666666,0.133369092318879,"Extremely Low","Rare good event - unusually low cases to date",-1.16397949486435,"Extremely Low",0.133369092318879,"Rare good event - unusually low cases to date","Bonaire, Saint Eustatius And Saba"
"BFA",9,1,NA,NA,0.389603013467943,52858.8571428571,2220.42857142857,52858.8571428571,0.917818457421131,0.0453415231929268,2025,2025-01-01,4242,"WHO",5,"2024/2025","Observed",4242,4242,10941,61245,NA,10941,"Sub-Saharan Africa","Burkina Faso",0.389603013467943,52858.8571428571,28.9440938691253,"Normal","Average - typical case load at this point",-0.574088258248518,"Normal",66.8273425302374,"Average - typical case load at this point","Burkina Faso"
"BFA",10,2,0.272008701918593,1601.57142857143,0.390421230004248,54460.4285714285,1601.57142857143,54460.4285714286,0.948100450152092,0.0302819927309613,2025,2025-02-01,2543,"WHO",5,"2024/2025","Observed",6785,6785,10941,61245,NA,10941,"Sub-Saharan Africa","Burkina Faso",0.390421230004248,54460.4285714285,34.1331959288155,"Normal","Average - typical case load at this point",-0.546989144032538,"Normal",66.8273425302374,"Average - typical case load at this point","Burkina Faso"
"BFA",11,3,NA,NA,0.392444315539985,55656.8571428572,1196.42857142857,55656.8571428571,0.977900809373588,0.0298003592214959,2025,2025-03-01,2130,"WHO",5,"2024/2025","Observed",8915,8915,10941,61245,NA,10941,"Sub-Saharan Africa","Burkina Faso",0.392444315539985,55656.8571428572,37.3727036112766,"Normal","Average - typical case load at this point",-0.526107841962628,"Normal",66.8273425302374,"Average - typical case load at this point","Burkina Faso"
"BFA",12,4,NA,NA,0.392976499492712,56775.5714285715,1118.71428571429,56775.5714285714,1,0.0220991906264119,2025,2025-04-01,2026,"WHO",5,"2024/2025","Observed",10941,10941,10941,61245,NA,10941,"Sub-Saharan Africa","Burkina Faso",0.392976499492712,56775.5714285715,40.009344709573,"Normal","Average - typical case load at this point",-0.506073326701633,"Normal",66.8273425302374,"Average - typical case load at this point","Burkina Faso"
"BFA",1,5,NA,NA,NA,NA,678.714285714286,678.714285714286,0.0153610229894856,0.0153610229894856,2025,2025-05-01,1981,"WHO",5,"2025/2026","Observed",1981,12922,56277,61245,NA,56277,"Sub-Saharan Africa","Burkina Faso",NA,NA,NA,"Unknown","Cannot determine",NA,"Normal",66.8273425302374,"Average - typical case load at this point","Burkina Faso"
"BFA",2,6,NA,NA,NA,NA,590.857142857143,1269.57142857143,0.0297888162847443,0.0144277932952587,2025,2025-06-01,1894,"WHO",5,"2025/2026","Observed",3875,14816,56277,61245,NA,56277,"Sub-Saharan Africa","Burkina Faso",NA,NA,NA,"Unknown","Cannot determine",NA,"Normal",66.8273425302374,"Average - typical case load at this point","Burkina Faso"
"BFA",3,7,0.249800331622406,1053.85714285714,0.227557004356023,2323.42857142857,1053.85714285714,2323.42857142857,0.0561941579990565,0.0264053417143122,2025,2025-07-01,3584,"WHO",5,"2025/2026","Observed",7459,18400,56277,61245,NA,56277,"Sub-Saharan Africa","Burkina Faso",0.227557004356023,2323.42857142857,90.7047979723369,"High","Above average - more cases than typical at this point",1.05434631858954,"Normal",66.8273425302374,"Average - typical case load at this point","Burkina Faso"
"BFA",4,8,0.247354741670151,2768,NA,NA,2768,5091.42857142857,0.111632342425399,0.0554381844263425,2025,2025-08-01,3123,"WHO",5,"2025/2026","Observed",10582,21523,56277,61245,NA,56277,"Sub-Saharan Africa","Burkina Faso",NA,NA,NA,"Unknown","Cannot determine",NA,"Normal",66.8273425302374,"Average - typical case load at this point","Burkina Faso"
"BFA",5,9,0.218830928105031,7827.14285714285,NA,NA,7827.14285714286,12918.5714285714,0.214921774415274,0.103289431989875,2025,2025-09-01,6374,"WHO",5,"2025/2026","Observed",16956,27897,56277,61245,NA,56277,"Sub-Saharan Africa","Burkina Faso",NA,NA,NA,"Unknown","Cannot determine",NA,"Normal",66.8273425302374,"Average - typical case load at this point","Burkina Faso"
"BFA",6,10,0.392302476015528,20323.1428571428,0.395043108387411,33241.7142857142,20323.1428571429,33241.7142857143,0.595281193480332,0.380359419065058,2025,2025-10-01,11453,"WHO",5,"2025/2026","Observed",28409,39350,56277,61245,NA,56277,"Sub-Saharan Africa","Burkina Faso",0.395043108387411,33241.7142857142,66.9935752071116,"Normal","Average - typical case load at this point",-0.0913749962202483,"Normal",66.8273425302374,"Average - typical case load at this point","Burkina Faso"
"BFA",7,11,0.34772500297599,12801.8571428571,0.386338293796629,46043.5714285715,12801.8571428571,46043.5714285714,0.788879205741524,0.193598012261192,2025,2025-11-01,9011,"WHO",5,"2025/2026","Observed",37420,48361,56277,61245,NA,56277,"Sub-Saharan Africa","Burkina Faso",0.386338293796629,46043.5714285715,66.211083899129,"Normal","Average - typical case load at this point",-0.116412661593846,"Normal",66.8273425302374,"Average - typical case load at this point","Burkina Faso"
"BFA",8,12,0.393436968136925,4594.85714285715,0.387568974443802,50638.4285714285,4594.85714285714,50638.4285714286,0.872476934228204,0.0835977284866798,2025,2025-12-01,5074,"WHO",5,"2025/2026","Observed",42494,53435,56277,61245,NA,56277,"Sub-Saharan Africa","Burkina Faso",0.387568974443802,50638.4285714285,66.8273425302374,"Normal","Average - typical case load at this point",-0.100127469081079,"Normal",66.8273425302374,"Average - typical case load at this point","Burkina Faso"
"BFA",9,1,NA,NA,0.389603013467943,52858.8571428571,2220.42857142857,52858.8571428571,0.917818457421131,0.0453415231929268,2026,2026-01-01,4017,"WHO",5,"2025/2026","Observed",46511,4017,56277,13783,NA,56277,"Sub-Saharan Africa","Burkina Faso",0.389603013467943,52858.8571428571,67.7412854581822,"Normal","Average - typical case load at this point",-0.0749581619405167,"Extremely Low",1.04026738656954,"Rare good event - unusually low cases to date","Burkina Faso"
"BFA",10,2,0.272008701918593,1601.57142857143,0.390421230004248,54460.4285714285,1601.57142857143,54460.4285714286,0.948100450152092,0.0302819927309613,2026,2026-02-01,3367,"WHO",5,"2025/2026","Observed",49878,7384,56277,13783,NA,56277,"Sub-Saharan Africa","Burkina Faso",0.390421230004248,54460.4285714285,68.5430419864759,"Normal","Average - typical case load at this point",-0.0525750634442766,"Extremely Low",1.04026738656954,"Rare good event - unusually low cases to date","Burkina Faso"
"BFA",11,3,NA,NA,0.392444315539985,55656.8571428572,1196.42857142857,55656.8571428571,0.977900809373588,0.0298003592214959,2026,2026-03-01,3143,"WHO",5,"2025/2026","Observed",53021,10527,56277,13783,NA,56277,"Sub-Saharan Africa","Burkina Faso",0.392444315539985,55656.8571428572,69.305801289906,"Normal","Average - typical case load at this point",-0.0296681646369347,"Extremely Low",1.04026738656954,"Rare good event - unusually low cases to date","Burkina Faso"
"BFA",12,4,NA,NA,0.392976499492712,56775.5714285715,1118.71428571429,56775.5714285714,1,0.0220991906264119,2026,2026-04-01,3256,"WHO",5,"2025/2026","Observed",56277,13783,56277,13783,NA,56277,"Sub-Saharan Africa","Burkina Faso",0.392976499492712,56775.5714285715,70.1148635613318,"Normal","Average - typical case load at this point",-0.00550487751039102,"Extremely Low",1.04026738656954,"Rare good event - unusually low cases to date","Burkina Faso"
"BFA",1,5,NA,NA,NA,NA,678.714285714286,678.714285714286,0.0153610229894856,0.0153610229894856,2026,2026-05-01,NA,NA,5,"2026/2027","Unobserved",0,13783,NA,13783,NA,NA,"Sub-Saharan Africa","Burkina Faso",NA,NA,NA,"Unknown","Cannot determine",NA,"Extremely Low",1.04026738656954,"Rare good event - unusually low cases to date","Burkina Faso"
"BFA",2,6,NA,NA,NA,NA,590.857142857143,1269.57142857143,0.0297888162847443,0.0144277932952587,2026,2026-06-01,NA,NA,5,"2026/2027","Unobserved",0,13783,NA,13783,NA,NA,"Sub-Saharan Africa","Burkina Faso",NA,NA,NA,"Unknown","Cannot determine",NA,"Extremely Low",1.04026738656954,"Rare good event - unusually low cases to date","Burkina Faso"
"BFA",3,7,0.249800331622406,1053.85714285714,0.227557004356023,2323.42857142857,1053.85714285714,2323.42857142857,0.0561941579990565,0.0264053417143122,2026,2026-07-01,NA,NA,5,"2026/2027","Unobserved",0,13783,NA,13783,NA,NA,"Sub-Saharan Africa","Burkina Faso",0.227557004356023,2323.42857142857,12.237857429988,"Low","Below average - fewer cases than typical at this point",-0.477005995313927,"Extremely Low",1.04026738656954,"Rare good event - unusually low cases to date","Burkina Faso"
"BFA",4,8,0.247354741670151,2768,NA,NA,2768,5091.42857142857,0.111632342425399,0.0554381844263425,2026,2026-08-01,NA,NA,5,"2026/2027","Unobserved",0,13783,NA,13783,NA,NA,"Sub-Saharan Africa","Burkina Faso",NA,NA,NA,"Unknown","Cannot determine",NA,"Extremely Low",1.04026738656954,"Rare good event - unusually low cases to date","Burkina Faso"
"BFA",5,9,0.218830928105031,7827.14285714285,NA,NA,7827.14285714286,12918.5714285714,0.214921774415274,0.103289431989875,2026,2026-09-01,NA,NA,5,"2026/2027","Unobserved",0,13783,NA,13783,NA,NA,"Sub-Saharan Africa","Burkina Faso",NA,NA,NA,"Unknown","Cannot determine",NA,"Extremely Low",1.04026738656954,"Rare good event - unusually low cases to date","Burkina Faso"
"BFA",6,10,0.392302476015528,20323.1428571428,0.395043108387411,33241.7142857142,20323.1428571429,33241.7142857143,0.595281193480332,0.380359419065058,2026,2026-10-01,NA,NA,5,"2026/2027","Unobserved",0,13783,NA,13783,NA,NA,"Sub-Saharan Africa","Burkina Faso",0.395043108387411,33241.7142857142,1.13343149474197,"Extremely Low","Rare good event - unusually low cases to date",-0.628520814108671,"Extremely Low",1.04026738656954,"Rare good event - unusually low cases to date","Burkina Faso"
"BFA",7,11,0.34772500297599,12801.8571428571,0.386338293796629,46043.5714285715,12801.8571428571,46043.5714285714,0.788879205741524,0.193598012261192,2026,2026-11-01,NA,NA,5,"2026/2027","Unobserved",0,13783,NA,13783,NA,NA,"Sub-Saharan Africa","Burkina Faso",0.386338293796629,46043.5714285715,1.09362307240761,"Extremely Low","Rare good event - unusually low cases to date",-0.621558566967683,"Extremely Low",1.04026738656954,"Rare good event - unusually low cases to date","Burkina Faso"
"BFA",8,12,0.393436968136925,4594.85714285715,0.387568974443802,50638.4285714285,4594.85714285714,50638.4285714286,0.872476934228204,0.0835977284866798,2026,2026-12-01,NA,NA,5,"2026/2027","Unobserved",0,13783,NA,13783,NA,NA,"Sub-Saharan Africa","Burkina Faso",0.387568974443802,50638.4285714285,1.04026738656954,"Extremely Low","Rare good event - unusually low cases to date",-0.622547996662069,"Extremely Low",1.04026738656954,"Rare good event - unusually low cases to date","Burkina Faso"
"BGD",11,1,0.225692146243214,271.5,0.364658393216197,46835.25,271.5,46835.25,0.997588436176293,0.00637263591871241,2025,2025-01-01,1161,"SEARO",3,"2024/2025","Observed",1161,1161,1535,103779,NA,1535,"South Asia","Bangladesh",0.364658393216197,46835.25,20.1585519399355,"Low","Below average - fewer cases than typical at this point",-0.588897889958879,"High",85.6055243899877,"Above average - more cases than typical at this point","Bangladesh"
"BGD",12,2,0.249179908361317,91.9375,0.364736703667862,46927.1875,91.9375,46927.1875,1,0.00241156382370649,2025,2025-02-01,374,"SEARO",3,"2024/2025","Observed",1535,1535,1535,103779,NA,1535,"South Asia","Bangladesh",0.364736703667862,46927.1875,22.2793527354739,"Low","Below average - fewer cases than typical at this point",-0.584177240303317,"High",85.6055243899877,"Above average - more cases than typical at this point","Bangladesh"
"BGD",1,3,0.26516583322372,57.5625,0.26516583322372,57.5625,57.5625,57.5625,0.00326666288879608,0.00326666288879608,2025,2025-03-01,336,"SEARO",3,"2025/2026","Observed",336,1871,102822,103779,NA,102822,"South Asia","Bangladesh",0.26516583322372,57.5625,96.6231000088383,"Extremely High","Rare bad event - unusually high cases to date",2.48512851566037,"High",85.6055243899877,"Above average - more cases than typical at this point","Bangladesh"
"BGD",2,4,0.205421236808404,99.7499999999999,0.228963702970501,157.3125,99.75,157.3125,0.00785733171999653,0.00459066883120044,2025,2025-04-01,701,"SEARO",3,"2025/2026","Observed",1037,2572,102822,103779,NA,102822,"South Asia","Bangladesh",0.228963702970501,157.3125,97.0414697762842,"Extremely High","Rare bad event - unusually high cases to date",2.67382319528805,"High",85.6055243899877,"Above average - more cases than typical at this point","Bangladesh"
"BGD",3,5,0.252914234053666,240.875,0.246357361433635,398.187499999999,240.875,398.1875,0.0162650848467494,0.00840775312675292,2025,2025-05-01,1773,"SEARO",3,"2025/2026","Observed",2810,4345,102822,103779,NA,102822,"South Asia","Bangladesh",0.246357361433635,398.187499999999,97.6159635490744,"Extremely High","Rare bad event - unusually high cases to date",3.00541454925957,"High",85.6055243899877,"Above average - more cases than typical at this point","Bangladesh"
"BGD",4,6,0.307212809154055,1107.8125,0.319284997947323,1506,1107.8125,1506,0.0437224062683749,0.0274573214216255,2025,2025-06-01,5951,"SEARO",3,"2025/2026","Observed",8761,10296,102822,103779,NA,102822,"South Asia","Bangladesh",0.319284997947323,1506,97.1287423840773,"Extremely High","Rare bad event - unusually high cases to date",2.72179661260073,"High",85.6055243899877,"Above average - more cases than typical at this point","Bangladesh"
"BGD",5,7,0.348366596192268,4820.5,0.366274020547509,6326.5,4820.5,6326.5,0.156794080422711,0.113071674154336,2025,2025-07-01,10684,"SEARO",3,"2025/2026","Observed",19445,20980,102822,103779,NA,102822,"South Asia","Bangladesh",0.366274020547509,6326.5,90.9952665865253,"High","Above average - more cases than typical at this point",1.25490587836793,"High",85.6055243899877,"Above average - more cases than typical at this point","Bangladesh"
"BGD",6,8,0.330255835206668,10632.75,0.350854771605931,16959.25,10632.75,16959.25,0.385725236923641,0.22893115650093,2025,2025-08-01,10496,"SEARO",3,"2025/2026","Observed",29941,31476,102822,103779,NA,102822,"South Asia","Bangladesh",0.350854771605931,16959.25,81.9689013523941,"High","Above average - more cases than typical at this point",0.453404473105217,"High",85.6055243899877,"Above average - more cases than typical at this point","Bangladesh"
"BGD",7,9,0.361901157424527,9672.31250000001,0.363125970822794,26631.5625,9672.3125,26631.5625,0.610987258574946,0.225262021651305,2025,2025-09-01,15866,"SEARO",3,"2025/2026","Observed",45807,47342,102822,103779,NA,102822,"South Asia","Bangladesh",0.363125970822794,26631.5625,81.4273973103641,"High","Above average - more cases than typical at this point",0.433884692424275,"High",85.6055243899877,"Above average - more cases than typical at this point","Bangladesh"
"BGD",8,10,0.34048329341038,9591.68749999999,0.36567787928508,36223.25,9591.6875,36223.25,0.799942616459103,0.188955357884157,2025,2025-10-01,22520,"SEARO",3,"2025/2026","Observed",68327,69862,102822,103779,NA,102822,"South Asia","Bangladesh",0.36567787928508,36223.25,83.0976066999434,"High","Above average - more cases than typical at this point",0.535939176073606,"High",85.6055243899877,"Above average - more cases than typical at this point","Bangladesh"
"BGD",9,11,0.260697521834677,8118.06250000002,0.364151168402771,44341.3125,8118.0625,44341.3125,0.943601670137094,0.143659053677991,2025,2025-11-01,24540,"SEARO",3,"2025/2026","Observed",92867,94402,102822,103779,NA,102822,"South Asia","Bangladesh",0.364151168402771,44341.3125,84.947425188082,"High","Above average - more cases than typical at this point",0.660392638692638,"High",85.6055243899877,"Above average - more cases than typical at this point","Bangladesh"
"BGD",10,12,0.239024885479222,2222.4375,0.364550534533789,46563.75,2222.4375,46563.75,0.991215800257581,0.047614130120487,2025,2025-12-01,8465,"SEARO",3,"2025/2026","Observed",101332,102867,102822,103779,NA,102822,"South Asia","Bangladesh",0.364550534533789,46563.75,85.6055243899877,"High","Above average - more cases than typical at this point",0.710163071130582,"High",85.6055243899877,"Above average - more cases than typical at this point","Bangladesh"
"BGD",11,1,0.225692146243214,271.5,0.364658393216197,46835.25,271.5,46835.25,0.997588436176293,0.00637263591871241,2026,2026-01-01,1081,"SEARO",3,"2025/2026","Observed",102413,1081,102822,316011,NA,102822,"South Asia","Bangladesh",0.364658393216197,46835.25,85.6872741030906,"High","Above average - more cases than typical at this point",0.716588005356675,"Low",19.0969651235105,"Below average - fewer cases than typical at this point","Bangladesh"
"BGD",12,2,0.249179908361317,91.9375,0.364736703667862,46927.1875,91.9375,46927.1875,1,0.00241156382370649,2026,2026-02-01,409,"SEARO",3,"2025/2026","Observed",102822,1490,102822,316011,NA,102822,"South Asia","Bangladesh",0.364736703667862,46927.1875,85.7217674329969,"High","Above average - more cases than typical at this point",0.719341347308309,"Low",19.0969651235105,"Below average - fewer cases than typical at this point","Bangladesh"
"BGD",1,3,0.26516583322372,57.5625,0.26516583322372,57.5625,57.5625,57.5625,0.00326666288879608,0.00326666288879608,2026,2026-03-01,353,"SEARO",3,"2026/2027","Observed",353,1843,126379,316011,NA,126379,"South Asia","Bangladesh",0.26516583322372,57.5625,96.9577618592949,"Extremely High","Rare bad event - unusually high cases to date",2.63685802323828,"Low",19.0969651235105,"Below average - fewer cases than typical at this point","Bangladesh"
"BGD",2,4,0.205421236808404,99.7499999999999,0.228963702970501,157.3125,99.75,157.3125,0.00785733171999653,0.00459066883120044,2026,2026-04-01,640,"SEARO",3,"2026/2027","Observed",993,2483,126379,316011,NA,126379,"South Asia","Bangladesh",0.228963702970501,157.3125,96.7695396476572,"Extremely High","Rare bad event - unusually high cases to date",2.54008454310455,"Low",19.0969651235105,"Below average - fewer cases than typical at this point","Bangladesh"
"BGD",3,5,0.252914234053666,240.875,0.246357361433635,398.187499999999,240.875,398.1875,0.0162650848467494,0.00840775312675292,2026,2026-05-01,NA,"SEARO",3,"2026/2027","Unobserved",993,2483,126379,316011,NA,126379,"South Asia","Bangladesh",0.246357361433635,398.187499999999,87.6661517659378,"High","Above average - more cases than typical at this point",0.741209418883706,"Low",19.0969651235105,"Below average - fewer cases than typical at this point","Bangladesh"
"BGD",4,6,0.307212809154055,1107.8125,0.319284997947323,1506,1107.8125,1506,0.0437224062683749,0.0274573214216255,2026,2026-06-01,NA,"SEARO",3,"2026/2027","Unobserved",993,2483,126379,316011,NA,126379,"South Asia","Bangladesh",0.319284997947323,1506,64.7037964878499,"Normal","Average - typical case load at this point",-0.192457844557434,"Low",19.0969651235105,"Below average - fewer cases than typical at this point","Bangladesh"
"BGD",5,7,0.348366596192268,4820.5,0.366274020547509,6326.5,4820.5,6326.5,0.156794080422711,0.113071674154336,2026,2026-07-01,NA,"SEARO",3,"2026/2027","Unobserved",993,2483,126379,316011,NA,126379,"South Asia","Bangladesh",0.366274020547509,6326.5,38.8981637834865,"Normal","Average - typical case load at this point",-0.510198612819711,"Low",19.0969651235105,"Below average - fewer cases than typical at this point","Bangladesh"
"BGD",6,8,0.330255835206668,10632.75,0.350854771605931,16959.25,10632.75,16959.25,0.385725236923641,0.22893115650093,2026,2026-08-01,NA,"SEARO",3,"2026/2027","Unobserved",993,2483,126379,316011,NA,126379,"South Asia","Bangladesh",0.350854771605931,16959.25,28.5675863360392,"Normal","Average - typical case load at this point",-0.557642010415864,"Low",19.0969651235105,"Below average - fewer cases than typical at this point","Bangladesh"
"BGD",7,9,0.361901157424527,9672.31250000001,0.363125970822794,26631.5625,9672.3125,26631.5625,0.610987258574946,0.225262021651305,2026,2026-09-01,NA,"SEARO",3,"2026/2027","Unobserved",993,2483,126379,316011,NA,126379,"South Asia","Bangladesh",0.363125970822794,26631.5625,23.4822531586172,"Low","Below average - fewer cases than typical at this point",-0.58012651886107,"Low",19.0969651235105,"Below average - fewer cases than typical at this point","Bangladesh"
"BGD",8,10,0.34048329341038,9591.68749999999,0.36567787928508,36223.25,9591.6875,36223.25,0.799942616459103,0.188955357884157,2026,2026-10-01,NA,"SEARO",3,"2026/2027","Unobserved",993,2483,126379,316011,NA,126379,"South Asia","Bangladesh",0.36567787928508,36223.25,20.8325639855429,"Low","Below average - fewer cases than typical at this point",-0.588132886590108,"Low",19.0969651235105,"Below average - fewer cases than typical at this point","Bangladesh"
"BGD",9,11,0.260697521834677,8118.06250000002,0.364151168402771,44341.3125,8118.0625,44341.3125,0.943601670137094,0.143659053677991,2026,2026-11-01,NA,"SEARO",3,"2026/2027","Unobserved",993,2483,126379,316011,NA,126379,"South Asia","Bangladesh",0.364151168402771,44341.3125,19.467364003161,"Low","Below average - fewer cases than typical at this point",-0.589933042674523,"Low",19.0969651235105,"Below average - fewer cases than typical at this point","Bangladesh"
"BGD",10,12,0.239024885479222,2222.4375,0.364550534533789,46563.75,2222.4375,46563.75,0.991215800257581,0.047614130120487,2026,2026-12-01,NA,"SEARO",3,"2026/2027","Unobserved",993,2483,126379,316011,NA,126379,"South Asia","Bangladesh",0.364550534533789,46563.75,19.0969651235105,"Low","Below average - fewer cases than typical at this point",-0.590901914407052,"Low",19.0969651235105,"Below average - fewer cases than typical at this point","Bangladesh"
"BHS",10,1,NA,NA,0.459939139967849,1659.5,130.75,1659.5,0.871115173674589,0.121287020109689,2025,2025-01-01,NA,"WHO",4,"2024/2025","Unobserved",0,0,NA,NA,NA,NA,"Caribbean","Bahamas",0.459939139967849,1659.5,2.31107358497722,"Extremely Low","Rare good event - unusually low cases to date",-0.678094168047668,"Low",8.22250545360599,"Below average - fewer cases than typical at this point","Bahamas"
"BHS",11,2,NA,NA,0.481899357827903,1743.5,84,1743.5,0.947897623400366,0.076782449725777,2025,2025-02-01,NA,"WHO",4,"2024/2025","Unobserved",0,0,NA,NA,NA,NA,"Caribbean","Bahamas",0.481899357827903,1743.5,1.92805701454987,"Extremely Low","Rare good event - unusually low cases to date",-0.694093796808113,"Low",8.22250545360599,"Below average - fewer cases than typical at this point","Bahamas"
"BHS",12,3,NA,NA,0.490328826683164,1800.5,57,1800.5,1,0.0521023765996344,2025,2025-03-01,NA,"WHO",4,"2024/2025","Unobserved",0,0,NA,NA,NA,NA,"Caribbean","Bahamas",0.490328826683164,1800.5,1.78634766809872,"Extremely Low","Rare good event - unusually low cases to date",-0.700139509064245,"Low",8.22250545360599,"Below average - fewer cases than typical at this point","Bahamas"
"BHS",1,4,0.201236313948293,88.4999999999999,0.201236313948293,88.4999999999999,88.5,88.5,0.0370081063553826,0.0370081063553826,2025,2025-04-01,NA,"WHO",4,"2025/2026","Unobserved",0,0,NA,NA,NA,NA,"Caribbean","Bahamas",0.201236313948293,88.4999999999999,29.3688029901749,"Normal","Average - typical case load at this point",-0.448084556231516,"Low",8.22250545360599,"Below average - fewer cases than typical at this point","Bahamas"
"BHS",2,5,0.226810041528621,53.75,0.200320883193523,142.25,53.75,142.25,0.0661796368352789,0.0291715304798962,2025,2025-05-01,NA,"WHO",4,"2025/2026","Unobserved",0,0,NA,NA,NA,NA,"Caribbean","Bahamas",0.200320883193523,142.25,26.8347417531857,"Normal","Average - typical case load at this point",-0.447257399920397,"Low",8.22250545360599,"Below average - fewer cases than typical at this point","Bahamas"
"BHS",3,6,0.211170872091499,77.7499999999999,0.194019890353102,220,77.75,220,0.103326805954999,0.0371471691197203,2025,2025-06-01,NA,"WHO",4,"2025/2026","Unobserved",0,0,NA,NA,NA,NA,"Caribbean","Bahamas",0.194019890353102,220,25.54330789471,"Normal","Average - typical case load at this point",-0.440282787891104,"Low",8.22250545360599,"Below average - fewer cases than typical at this point","Bahamas"
"BHS",4,7,0.30007574114381,98,0.271156311153894,318,98,318,0.149473650683046,0.0461468447280473,2025,2025-07-01,NA,"WHO",4,"2025/2026","Unobserved",0,0,NA,NA,NA,NA,"Caribbean","Bahamas",0.271156311153894,318,14.7117613302782,"Low","Below average - fewer cases than typical at this point",-0.520504846379722,"Low",8.22250545360599,"Below average - fewer cases than typical at this point","Bahamas"
"BHS",5,8,0.288926975462135,294.25,0.28365192642453,612.249999999999,294.25,612.25,0.281897135811992,0.132423485128946,2025,2025-08-01,NA,"WHO",4,"2025/2026","Unobserved",0,0,NA,NA,NA,NA,"Caribbean","Bahamas",0.28365192642453,612.249999999999,11.3293981572243,"Low","Below average - fewer cases than typical at this point",-0.53246649938113,"Low",8.22250545360599,"Below average - fewer cases than typical at this point","Bahamas"
"BHS",6,9,0.297188448441485,463.75,0.29074293729754,1076,463.75,1076,0.512720186584791,0.230823050772799,2025,2025-09-01,NA,"WHO",4,"2025/2026","Unobserved",0,0,NA,NA,NA,NA,"Caribbean","Bahamas",0.29074293729754,1076,9.17290640612432,"Low","Below average - fewer cases than typical at this point",-0.539133005562799,"Low",8.22250545360599,"Below average - fewer cases than typical at this point","Bahamas"
"BHS",7,10,0.289713480986426,213,0.291677349523262,1289,213,1289,0.625338769503406,0.112618582918615,2025,2025-10-01,NA,"WHO",4,"2025/2026","Unobserved",0,0,NA,NA,NA,NA,"Caribbean","Bahamas",0.291677349523262,1289,8.64381077856254,"Low","Below average - fewer cases than typical at this point",-0.540010521336737,"Low",8.22250545360599,"Below average - fewer cases than typical at this point","Bahamas"
"BHS",8,11,0.30487299473112,135.25,0.29366115641963,1424.25,135.25,1424.25,0.699337961080078,0.0739991915766722,2025,2025-11-01,NA,"WHO",4,"2025/2026","Unobserved",0,0,NA,NA,NA,NA,"Caribbean","Bahamas",0.29366115641963,1424.25,8.2720874533004,"Low","Below average - fewer cases than typical at this point",-0.541849259414869,"Low",8.22250545360599,"Below average - fewer cases than typical at this point","Bahamas"
"BHS",9,12,0.207471431755428,104.5,0.291706899810868,1528.75,104.5,1528.75,0.749828153564899,0.0504901924848211,2025,2025-12-01,NA,"WHO",4,"2025/2026","Unobserved",0,0,NA,NA,NA,NA,"Caribbean","Bahamas",0.291706899810868,1528.75,8.22250545360599,"Low","Below average - fewer cases than typical at this point",-0.54004745038748,"Low",8.22250545360599,"Below average - fewer cases than typical at this point","Bahamas"
"BHS",10,1,NA,NA,0.459939139967849,1659.5,130.75,1659.5,0.871115173674589,0.121287020109689,2026,2026-01-01,NA,"WHO",4,"2025/2026","Unobserved",0,0,NA,NA,NA,NA,"Caribbean","Bahamas",0.459939139967849,1659.5,2.31107358497722,"Extremely Low","Rare good event - unusually low cases to date",-0.678094168047668,"Low",8.22250545360599,"Below average - fewer cases than typical at this point","Bahamas"
"BHS",11,2,NA,NA,0.481899357827903,1743.5,84,1743.5,0.947897623400366,0.076782449725777,2026,2026-02-01,NA,"WHO",4,"2025/2026","Unobserved",0,0,NA,NA,NA,NA,"Caribbean","Bahamas",0.481899357827903,1743.5,1.92805701454987,"Extremely Low","Rare good event - unusually low cases to date",-0.694093796808113,"Low",8.22250545360599,"Below average - fewer cases than typical at this point","Bahamas"
"BHS",12,3,NA,NA,0.490328826683164,1800.5,57,1800.5,1,0.0521023765996344,2026,2026-03-01,NA,"WHO",4,"2025/2026","Unobserved",0,0,NA,NA,NA,NA,"Caribbean","Bahamas",0.490328826683164,1800.5,1.78634766809872,"Extremely Low","Rare good event - unusually low cases to date",-0.700139509064245,"Low",8.22250545360599,"Below average - fewer cases than typical at this point","Bahamas"
"BHS",1,4,0.201236313948293,88.4999999999999,0.201236313948293,88.4999999999999,88.5,88.5,0.0370081063553826,0.0370081063553826,2026,2026-04-01,NA,"WHO",4,"2026/2027","Unobserved",0,0,NA,NA,NA,NA,"Caribbean","Bahamas",0.201236313948293,88.4999999999999,29.3688029901749,"Normal","Average - typical case load at this point",-0.448084556231516,"Low",8.22250545360599,"Below average - fewer cases than typical at this point","Bahamas"
"BHS",2,5,0.226810041528621,53.75,0.200320883193523,142.25,53.75,142.25,0.0661796368352789,0.0291715304798962,2026,2026-05-01,NA,NA,4,"2026/2027","Unobserved",0,0,NA,NA,NA,NA,"Caribbean","Bahamas",0.200320883193523,142.25,26.8347417531857,"Normal","Average - typical case load at this point",-0.447257399920397,"Low",8.22250545360599,"Below average - fewer cases than typical at this point","Bahamas"
"BHS",3,6,0.211170872091499,77.7499999999999,0.194019890353102,220,77.75,220,0.103326805954999,0.0371471691197203,2026,2026-06-01,NA,NA,4,"2026/2027","Unobserved",0,0,NA,NA,NA,NA,"Caribbean","Bahamas",0.194019890353102,220,25.54330789471,"Normal","Average - typical case load at this point",-0.440282787891104,"Low",8.22250545360599,"Below average - fewer cases than typical at this point","Bahamas"
"BHS",4,7,0.30007574114381,98,0.271156311153894,318,98,318,0.149473650683046,0.0461468447280473,2026,2026-07-01,NA,NA,4,"2026/2027","Unobserved",0,0,NA,NA,NA,NA,"Caribbean","Bahamas",0.271156311153894,318,14.7117613302782,"Low","Below average - fewer cases than typical at this point",-0.520504846379722,"Low",8.22250545360599,"Below average - fewer cases than typical at this point","Bahamas"
"BHS",5,8,0.288926975462135,294.25,0.28365192642453,612.249999999999,294.25,612.25,0.281897135811992,0.132423485128946,2026,2026-08-01,NA,NA,4,"2026/2027","Unobserved",0,0,NA,NA,NA,NA,"Caribbean","Bahamas",0.28365192642453,612.249999999999,11.3293981572243,"Low","Below average - fewer cases than typical at this point",-0.53246649938113,"Low",8.22250545360599,"Below average - fewer cases than typical at this point","Bahamas"
"BHS",6,9,0.297188448441485,463.75,0.29074293729754,1076,463.75,1076,0.512720186584791,0.230823050772799,2026,2026-09-01,NA,NA,4,"2026/2027","Unobserved",0,0,NA,NA,NA,NA,"Caribbean","Bahamas",0.29074293729754,1076,9.17290640612432,"Low","Below average - fewer cases than typical at this point",-0.539133005562799,"Low",8.22250545360599,"Below average - fewer cases than typical at this point","Bahamas"
"BHS",7,10,0.289713480986426,213,0.291677349523262,1289,213,1289,0.625338769503406,0.112618582918615,2026,2026-10-01,NA,NA,4,"2026/2027","Unobserved",0,0,NA,NA,NA,NA,"Caribbean","Bahamas",0.291677349523262,1289,8.64381077856254,"Low","Below average - fewer cases than typical at this point",-0.540010521336737,"Low",8.22250545360599,"Below average - fewer cases than typical at this point","Bahamas"
"BHS",8,11,0.30487299473112,135.25,0.29366115641963,1424.25,135.25,1424.25,0.699337961080078,0.0739991915766722,2026,2026-11-01,NA,NA,4,"2026/2027","Unobserved",0,0,NA,NA,NA,NA,"Caribbean","Bahamas",0.29366115641963,1424.25,8.2720874533004,"Low","Below average - fewer cases than typical at this point",-0.541849259414869,"Low",8.22250545360599,"Below average - fewer cases than typical at this point","Bahamas"
"BHS",9,12,0.207471431755428,104.5,0.291706899810868,1528.75,104.5,1528.75,0.749828153564899,0.0504901924848211,2026,2026-12-01,NA,NA,4,"2026/2027","Unobserved",0,0,NA,NA,NA,NA,"Caribbean","Bahamas",0.291706899810868,1528.75,8.22250545360599,"Low","Below average - fewer cases than typical at this point",-0.54004745038748,"Low",8.22250545360599,"Below average - fewer cases than typical at this point","Bahamas"
"BLM",10,1,0.732078615007286,35.5,0.854773906519248,388.5,35.5,388.5,0.82112105408456,0.147124355723883,2025,2025-01-01,17,"PAHO",4,"2024/2025","Observed",17,17,20,30,NA,20,"Caribbean","Saint Barthelemy",0.854773906519248,388.5,6.53498221243127,"Low","Below average - fewer cases than typical at this point",-0.883112806155114,"Low",7.82117134252114,"Below average - fewer cases than typical at this point","Saint Barthelemy"
"BLM",11,2,0.957664270100856,20,0.955606303744579,408.5,20,408.5,0.90825474266076,0.0871336885762007,2025,2025-02-01,1,"PAHO",4,"2024/2025","Observed",18,18,20,30,NA,20,"Caribbean","Saint Barthelemy",0.955606303744579,408.5,5.07458297189643,"Low","Below average - fewer cases than typical at this point",-0.933385607257272,"Low",7.82117134252114,"Below average - fewer cases than typical at this point","Saint Barthelemy"
"BLM",12,3,0.663373240922112,18.7,1.05818600212906,427.2,18.7,427.2,1,0.0917452573392396,2025,2025-03-01,2,"PAHO",4,"2024/2025","Observed",20,20,20,30,NA,20,"Caribbean","Saint Barthelemy",1.05818600212906,427.2,4.15709314324583,"Extremely Low","Rare good event - unusually low cases to date",-0.979310287946783,"Low",7.82117134252114,"Below average - fewer cases than typical at this point","Saint Barthelemy"
"BLM",1,4,0.575442749690389,18.5,0.575442749690389,18.5,18.5,18.5,0.0404736480338015,0.0404736480338015,2025,2025-04-01,0,"WHO",4,"2025/2026","Observed",0,20,0,30,NA,6,"Caribbean","Saint Barthelemy",0.575442749690389,18.5,13.3369069525573,"Low","Below average - fewer cases than typical at this point",-0.747049900096837,"Low",7.82117134252114,"Below average - fewer cases than typical at this point","Saint Barthelemy"
"BLM",2,5,0.509634790599053,31.9,0.508963399304863,50.4,31.9,50.4,0.108955072013831,0.0684814239800297,2025,2025-05-01,0,"WHO",4,"2025/2026","Observed",0,20,0,30,NA,6,"Caribbean","Saint Barthelemy",0.508963399304863,50.4,9.59441247060387,"Low","Below average - fewer cases than typical at this point",-0.709841550872927,"Low",7.82117134252114,"Below average - fewer cases than typical at this point","Saint Barthelemy"
"BLM",3,6,0.537719728805657,29.3,0.494919136558599,79.6999999999999,29.3,79.7,0.170667805504602,0.061712733490771,2025,2025-06-01,0,"WHO",4,"2025/2026","Observed",0,20,0,30,NA,6,"Caribbean","Saint Barthelemy",0.494919136558599,79.6999999999999,8.0615849782475,"Low","Below average - fewer cases than typical at this point",-0.70133071129203,"Low",7.82117134252114,"Below average - fewer cases than typical at this point","Saint Barthelemy"
"BLM",4,7,0.418040223847244,26.1,0.463349829920402,105.8,26.1,105.8,0.215376397385686,0.044708591881084,2025,2025-07-01,1,"Estimates",4,"2025/2026","Unobserved",1,21,0,30,0.89417183762168,6,"Caribbean","Saint Barthelemy",0.463349829920402,105.8,11.7766747032294,"Low","Below average - fewer cases than typical at this point",-0.672792593055063,"Low",7.82117134252114,"Below average - fewer cases than typical at this point","Saint Barthelemy"
"BLM",5,8,0.284211937874277,44.1,0.41878894340633,149.9,44.1,149.9,0.270461110018088,0.0550847126324021,2025,2025-08-01,1,"Estimates",4,"2025/2026","Unobserved",2,22,0,30,1.10169425264804,6,"Caribbean","Saint Barthelemy",0.41878894340633,149.9,14.580021632251,"Low","Below average - fewer cases than typical at this point",-0.637614708900336,"Low",7.82117134252114,"Below average - fewer cases than typical at this point","Saint Barthelemy"
"BLM",6,9,0.40841611671691,39.6,0.409197877036543,189.5,39.6,189.5,0.332405643007253,0.0619445329891643,2025,2025-09-01,0,"WHO",4,"2025/2026","Observed",2,22,0,30,NA,6,"Caribbean","Saint Barthelemy",0.409197877036543,189.5,13.7435453089376,"Low","Below average - fewer cases than typical at this point",-0.632252202808671,"Low",7.82117134252114,"Below average - fewer cases than typical at this point","Saint Barthelemy"
"BLM",7,10,0.36895719984558,38,0.412265141367936,227.5,38,227.5,0.397166112182603,0.0647604691753507,2025,2025-10-01,1,"Estimates",4,"2025/2026","Unobserved",3,23,0,30,1.29520938350701,6,"Caribbean","Saint Barthelemy",0.412265141367936,227.5,14.3176026354463,"Low","Below average - fewer cases than typical at this point",-0.633038470842379,"Low",7.82117134252114,"Below average - fewer cases than typical at this point","Saint Barthelemy"
"BLM",8,11,0.443954963750316,77.1,0.41558955590665,304.599999999999,77.1,304.6,0.542898000215774,0.14573188803317,2025,2025-11-01,3,"Estimates",4,"2025/2026","Unobserved",6,26,0,30,2.91463776066341,6,"Caribbean","Saint Barthelemy",0.41558955590665,304.599999999999,15.9950607204019,"Low","Below average - fewer cases than typical at this point",-0.631533143664148,"Low",7.82117134252114,"Below average - fewer cases than typical at this point","Saint Barthelemy"
"BLM",9,12,0.938567258005794,48.4,0.594440674123532,353,48.4,353,0.673996698360677,0.131098698144903,2025,2025-12-01,0,"WHO",4,"2025/2026","Observed",6,26,0,30,NA,6,"Caribbean","Saint Barthelemy",0.594440674123532,353,7.82117134252114,"Low","Below average - fewer cases than typical at this point",-0.757257645802992,"Low",7.82117134252114,"Below average - fewer cases than typical at this point","Saint Barthelemy"
"BLM",10,1,0.732078615007286,35.5,0.854773906519248,388.5,35.5,388.5,0.82112105408456,0.147124355723883,2026,2026-01-01,0,"WHO",4,"2025/2026","Observed",6,0,0,0,NA,6,"Caribbean","Saint Barthelemy",0.854773906519248,388.5,2.93193900493841,"Extremely Low","Rare good event - unusually low cases to date",-0.909261502972628,"Extremely Low",2.24277460734631,"Rare good event - unusually low cases to date","Saint Barthelemy"
"BLM",11,2,0.957664270100856,20,0.955606303744579,408.5,20,408.5,0.90825474266076,0.0871336885762007,2026,2026-02-01,0,"WHO",4,"2025/2026","Observed",6,0,0,0,NA,6,"Caribbean","Saint Barthelemy",0.955606303744579,408.5,1.97746653659405,"Extremely Low","Rare good event - unusually low cases to date",-0.962068391603207,"Extremely Low",2.24277460734631,"Rare good event - unusually low cases to date","Saint Barthelemy"
"BLM",12,3,0.663373240922112,18.7,1.05818600212906,427.2,18.7,427.2,1,0.0917452573392396,2026,2026-03-01,0,"WHO",4,"2025/2026","Observed",6,0,0,0,NA,6,"Caribbean","Saint Barthelemy",1.05818600212906,427.2,1.32686389433038,"Extremely Low","Rare good event - unusually low cases to date",-1.01298009155988,"Extremely Low",2.24277460734631,"Rare good event - unusually low cases to date","Saint Barthelemy"
"BLM",1,4,0.575442749690389,18.5,0.575442749690389,18.5,18.5,18.5,0.0404736480338015,0.0404736480338015,2026,2026-04-01,0,"WHO",4,"2026/2027","Observed",0,0,0,0,NA,0,"Caribbean","Saint Barthelemy",0.575442749690389,18.5,13.3369069525573,"Low","Below average - fewer cases than typical at this point",-0.747049900096837,"Extremely Low",2.24277460734631,"Rare good event - unusually low cases to date","Saint Barthelemy"
"BLM",2,5,0.509634790599053,31.9,0.508963399304863,50.4,31.9,50.4,0.108955072013831,0.0684814239800297,2026,2026-05-01,NA,NA,4,"2026/2027","Unobserved",0,0,0,0,NA,0,"Caribbean","Saint Barthelemy",0.508963399304863,50.4,9.59441247060387,"Low","Below average - fewer cases than typical at this point",-0.709841550872927,"Extremely Low",2.24277460734631,"Rare good event - unusually low cases to date","Saint Barthelemy"
"BLM",3,6,0.537719728805657,29.3,0.494919136558599,79.6999999999999,29.3,79.7,0.170667805504602,0.061712733490771,2026,2026-06-01,NA,NA,4,"2026/2027","Unobserved",0,0,0,0,NA,0,"Caribbean","Saint Barthelemy",0.494919136558599,79.6999999999999,8.0615849782475,"Low","Below average - fewer cases than typical at this point",-0.70133071129203,"Extremely Low",2.24277460734631,"Rare good event - unusually low cases to date","Saint Barthelemy"
"BLM",4,7,0.418040223847244,26.1,0.463349829920402,105.8,26.1,105.8,0.215376397385686,0.044708591881084,2026,2026-07-01,NA,NA,4,"2026/2027","Unobserved",0,0,0,0,NA,0,"Caribbean","Saint Barthelemy",0.463349829920402,105.8,8.05887731772947,"Low","Below average - fewer cases than typical at this point",-0.679212369706352,"Extremely Low",2.24277460734631,"Rare good event - unusually low cases to date","Saint Barthelemy"
"BLM",5,8,0.284211937874277,44.1,0.41878894340633,149.9,44.1,149.9,0.270461110018088,0.0550847126324021,2026,2026-08-01,NA,NA,4,"2026/2027","Unobserved",0,0,0,0,NA,0,"Caribbean","Saint Barthelemy",0.41878894340633,149.9,8.51111945312733,"Low","Below average - fewer cases than typical at this point",-0.64623694972387,"Extremely Low",2.24277460734631,"Rare good event - unusually low cases to date","Saint Barthelemy"
"BLM",6,9,0.40841611671691,39.6,0.409197877036543,189.5,39.6,189.5,0.332405643007253,0.0619445329891643,2026,2026-09-01,NA,NA,4,"2026/2027","Unobserved",0,0,0,0,NA,0,"Caribbean","Saint Barthelemy",0.409197877036543,189.5,8.10639522679193,"Low","Below average - fewer cases than typical at this point",-0.638996226305297,"Extremely Low",2.24277460734631,"Rare good event - unusually low cases to date","Saint Barthelemy"
"BLM",7,10,0.36895719984558,38,0.412265141367936,227.5,38,227.5,0.397166112182603,0.0647604691753507,2026,2026-10-01,NA,NA,4,"2026/2027","Unobserved",0,0,0,0,NA,0,"Caribbean","Saint Barthelemy",0.412265141367936,227.5,7.40159469307379,"Low","Below average - fewer cases than typical at this point",-0.641497782256754,"Extremely Low",2.24277460734631,"Rare good event - unusually low cases to date","Saint Barthelemy"
"BLM",8,11,0.443954963750316,77.1,0.41558955590665,304.599999999999,77.1,304.6,0.542898000215774,0.14573188803317,2026,2026-11-01,NA,NA,4,"2026/2027","Unobserved",0,0,0,0,NA,0,"Caribbean","Saint Barthelemy",0.41558955590665,304.599999999999,6.44262285205125,"Low","Below average - fewer cases than typical at this point",-0.644223025988277,"Extremely Low",2.24277460734631,"Rare good event - unusually low cases to date","Saint Barthelemy"
"BLM",9,12,0.938567258005794,48.4,0.594440674123532,353,48.4,353,0.673996698360677,0.131098698144903,2026,2026-12-01,NA,NA,4,"2026/2027","Unobserved",0,0,0,0,NA,0,"Caribbean","Saint Barthelemy",0.594440674123532,353,2.24277460734631,"Extremely Low","Rare good event - unusually low cases to date",-0.770351437949441,"Extremely Low",2.24277460734631,"Rare good event - unusually low cases to date","Saint Barthelemy"
"BLZ",11,1,1.55545465517077,257.8125,1.98136560818486,3403.6875,257.8125,3403.6875,0.940268009799503,0.082272698924677,2025,2025-01-01,54,"PAHO",3,"2024/2025","Observed",54,54,111,3260,NA,111,"North & Central America","Belize",1.98136560818486,3403.6875,0.0553433264717664,"Extremely Low","Rare good event - unusually low cases to date",-1.3848749299367,"Normal",51.5243570690098,"Average - typical case load at this point","Belize"
"BLZ",12,2,1.86105056122938,181.25,2.05387091996187,3584.9375,181.25,3584.9375,1,0.0597319902004967,2025,2025-02-01,57,"PAHO",3,"2024/2025","Observed",111,111,111,3260,NA,111,"North & Central America","Belize",2.05387091996187,3584.9375,0.163172721633136,"Extremely Low","Rare good event - unusually low cases to date",-1.38836166469817,"Normal",51.5243570690098,"Average - typical case load at this point","Belize"
"BLZ",1,3,1.75371951765427,200.4375,1.75371951765427,200.4375,200.4375,200.4375,0.0664253171507558,0.0664253171507558,2025,2025-03-01,98,"PAHO",3,"2025/2026","Observed",98,209,2933,3260,NA,2933,"North & Central America","Belize",1.75371951765427,200.4375,28.4015979431519,"Normal","Average - typical case load at this point",-0.673858023994303,"Normal",51.5243570690098,"Average - typical case load at this point","Belize"
"BLZ",2,4,2.30277156145456,142.375,2.04473126625364,342.8125,142.375,342.8125,0.111202113504328,0.0447767963535721,2025,2025-04-01,57,"PAHO",3,"2025/2026","Observed",155,266,2933,3260,NA,2933,"North & Central America","Belize",2.04473126625364,342.8125,22.7190645299301,"Low","Below average - fewer cases than typical at this point",-0.781078384711587,"Normal",51.5243570690098,"Average - typical case load at this point","Belize"
"BLZ",3,5,1.92608431815045,176.6875,2.15195909749928,519.5,176.6875,519.5,0.164985047175208,0.05378293367088,2025,2025-05-01,71,"PAHO",3,"2025/2026","Observed",226,337,2933,3260,NA,2933,"North & Central America","Belize",2.15195909749928,519.5,20.4435288336403,"Low","Below average - fewer cases than typical at this point",-0.82706932651522,"Normal",51.5243570690098,"Average - typical case load at this point","Belize"
"BLZ",4,6,1.87676833859045,234.3125,2.18062905190732,753.8125,234.3125,753.8125,0.230554853461908,0.0655698062867003,2025,2025-06-01,129,"PAHO",3,"2025/2026","Observed",355,466,2933,3260,NA,2933,"North & Central America","Belize",2.18062905190732,753.8125,22.7835567325746,"Low","Below average - fewer cases than typical at this point",-0.78013375105622,"Normal",51.5243570690098,"Average - typical case load at this point","Belize"
"BLZ",5,7,2.02343202967545,330.5625,2.29996172316028,1084.375,330.5625,1084.375,0.325120496174051,0.0945656427121431,2025,2025-07-01,298,"PAHO",3,"2025/2026","Observed",653,764,2933,3260,NA,2933,"North & Central America","Belize",2.29996172316028,1084.375,31.6319831017925,"Normal","Average - typical case load at this point",-0.602664622014589,"Normal",51.5243570690098,"Average - typical case load at this point","Belize"
"BLZ",6,8,1.37037238161345,478.749999999999,2.10203107180382,1563.125,478.75,1563.125,0.449567150152658,0.124446653978607,2025,2025-08-01,575,"PAHO",3,"2025/2026","Observed",1228,1339,2933,3260,NA,2933,"North & Central America","Belize",2.10203107180382,1563.125,46.036435218013,"Normal","Average - typical case load at this point",-0.310628191669145,"Normal",51.5243570690098,"Average - typical case load at this point","Belize"
"BLZ",7,9,1.42909492181936,492.1875,1.97303675735926,2055.3125,492.1875,2055.3125,0.575066717071935,0.125499566919276,2025,2025-09-01,625,"PAHO",3,"2025/2026","Observed",1853,1964,2933,3260,NA,2933,"North & Central America","Belize",1.97303675735926,2055.3125,53.9307567970411,"Normal","Average - typical case load at this point",-0.138198741002278,"Normal",51.5243570690098,"Average - typical case load at this point","Belize"
"BLZ",8,10,1.48591105035712,483.375,1.94212113334599,2538.6875,483.375,2538.6875,0.702758691153731,0.127691974081796,2025,2025-10-01,412,"PAHO",3,"2025/2026","Observed",2265,2376,2933,3260,NA,2933,"North & Central America","Belize",1.94212113334599,2538.6875,53.4984438988274,"Normal","Average - typical case load at this point",-0.150181977540043,"Normal",51.5243570690098,"Average - typical case load at this point","Belize"
"BLZ",9,11,1.3202315504269,369.75,1.88508134486543,2908.4375,369.75,2908.4375,0.795522578884503,0.0927638877307715,2025,2025-11-01,221,"PAHO",3,"2025/2026","Observed",2486,2597,2933,3260,NA,2933,"North & Central America","Belize",1.88508134486543,2908.4375,51.5257471780971,"Normal","Average - typical case load at this point",-0.199354975506834,"Normal",51.5243570690098,"Average - typical case load at this point","Belize"
"BLZ",10,12,0.964008581715831,237.4375,1.87366350380751,3145.875,237.4375,3145.875,0.857995310874826,0.0624727319903238,2025,2025-12-01,200,"PAHO",3,"2025/2026","Observed",2686,2797,2933,3260,NA,2933,"North & Central America","Belize",1.87366350380751,3145.875,51.5243570690098,"Normal","Average - typical case load at this point",-0.200039078105384,"Normal",51.5243570690098,"Average - typical case load at this point","Belize"
"BLZ",11,1,1.55545465517077,257.8125,1.98136560818486,3403.6875,257.8125,3403.6875,0.940268009799503,0.082272698924677,2026,2026-01-01,177,"PAHO",3,"2025/2026","Observed",2863,177,2933,2851,NA,2933,"North & Central America","Belize",1.98136560818486,3403.6875,50.2253772728255,"Normal","Average - typical case load at this point",-0.223538632687423,"Extremely Low",0.146857681359279,"Rare good event - unusually low cases to date","Belize"
"BLZ",12,2,1.86105056122938,181.25,2.05387091996187,3584.9375,181.25,3584.9375,1,0.0597319902004967,2026,2026-02-01,70,"PAHO",3,"2025/2026","Observed",2933,247,2933,2851,NA,2933,"North & Central America","Belize",2.05387091996187,3584.9375,48.4088500660734,"Normal","Average - typical case load at this point",-0.260547299074656,"Extremely Low",0.146857681359279,"Rare good event - unusually low cases to date","Belize"
"BLZ",1,3,1.75371951765427,200.4375,1.75371951765427,200.4375,200.4375,200.4375,0.0664253171507558,0.0664253171507558,2026,2026-03-01,59,"PAHO",3,"2026/2027","Observed",59,306,629,2851,NA,629,"North & Central America","Belize",1.75371951765427,200.4375,14.4948252043829,"Low","Below average - fewer cases than typical at this point",-0.930409217998235,"Extremely Low",0.146857681359279,"Rare good event - unusually low cases to date","Belize"
"BLZ",2,4,2.30277156145456,142.375,2.04473126625364,342.8125,142.375,342.8125,0.111202113504328,0.0447767963535721,2026,2026-04-01,11,"PAHO",3,"2026/2027","Observed",70,317,629,2851,NA,629,"North & Central America","Belize",2.04473126625364,342.8125,6.30714718594441,"Low","Below average - fewer cases than typical at this point",-1.13457808627823,"Extremely Low",0.146857681359279,"Rare good event - unusually low cases to date","Belize"
"BLZ",3,5,1.92608431815045,176.6875,2.15195909749928,519.5,176.6875,519.5,0.164985047175208,0.05378293367088,2026,2026-05-01,NA,NA,3,"2026/2027","Unobserved",70,317,629,2851,NA,629,"North & Central America","Belize",2.15195909749928,519.5,2.57775868101341,"Extremely Low","Rare good event - unusually low cases to date",-1.26667005883677,"Extremely Low",0.146857681359279,"Rare good event - unusually low cases to date","Belize"
"BLZ",4,6,1.87676833859045,234.3125,2.18062905190732,753.8125,234.3125,753.8125,0.230554853461908,0.0655698062867003,2026,2026-06-01,NA,NA,3,"2026/2027","Unobserved",70,317,629,2851,NA,629,"North & Central America","Belize",2.18062905190732,753.8125,1.17539907592919,"Extremely Low","Rare good event - unusually low cases to date",-1.33763412792761,"Extremely Low",0.146857681359279,"Rare good event - unusually low cases to date","Belize"
"BLZ",5,7,2.02343202967545,330.5625,2.29996172316028,1084.375,330.5625,1084.375,0.325120496174051,0.0945656427121431,2026,2026-07-01,NA,NA,3,"2026/2027","Unobserved",70,317,629,2851,NA,629,"North & Central America","Belize",2.29996172316028,1084.375,0.439139354434036,"Extremely Low","Rare good event - unusually low cases to date",-1.41716123084567,"Extremely Low",0.146857681359279,"Rare good event - unusually low cases to date","Belize"
"BLZ",6,8,1.37037238161345,478.749999999999,2.10203107180382,1563.125,478.75,1563.125,0.449567150152658,0.124446653978607,2026,2026-08-01,NA,NA,3,"2026/2027","Unobserved",70,317,629,2851,NA,629,"North & Central America","Belize",2.10203107180382,1563.125,0.309851417599706,"Extremely Low","Rare good event - unusually low cases to date",-1.38398125680266,"Extremely Low",0.146857681359279,"Rare good event - unusually low cases to date","Belize"
"BLZ",7,9,1.42909492181936,492.1875,1.97303675735926,2055.3125,492.1875,2055.3125,0.575066717071935,0.125499566919276,2026,2026-09-01,NA,NA,3,"2026/2027","Unobserved",70,317,629,2851,NA,629,"North & Central America","Belize",1.97303675735926,2055.3125,0.247688177730104,"Extremely Low","Rare good event - unusually low cases to date",-1.35615786467019,"Extremely Low",0.146857681359279,"Rare good event - unusually low cases to date","Belize"
"BLZ",8,10,1.48591105035712,483.375,1.94212113334599,2538.6875,483.375,2538.6875,0.702758691153731,0.127691974081796,2026,2026-10-01,NA,NA,3,"2026/2027","Unobserved",70,317,629,2851,NA,629,"North & Central America","Belize",1.94212113334599,2538.6875,0.179701748389692,"Extremely Low","Rare good event - unusually low cases to date",-1.35465584171139,"Extremely Low",0.146857681359279,"Rare good event - unusually low cases to date","Belize"
"BLZ",9,11,1.3202315504269,369.75,1.88508134486543,2908.4375,369.75,2908.4375,0.795522578884503,0.0927638877307715,2026,2026-11-01,NA,NA,3,"2026/2027","Unobserved",70,317,629,2851,NA,629,"North & Central America","Belize",1.88508134486543,2908.4375,0.164090432037619,"Extremely Low","Rare good event - unusually low cases to date",-1.33950380420815,"Extremely Low",0.146857681359279,"Rare good event - unusually low cases to date","Belize"
"BLZ",10,12,0.964008581715831,237.4375,1.87366350380751,3145.875,237.4375,3145.875,0.857995310874826,0.0624727319903238,2026,2026-12-01,NA,NA,3,"2026/2027","Unobserved",70,317,629,2851,NA,629,"North & Central America","Belize",1.87366350380751,3145.875,0.146857681359279,"Extremely Low","Rare good event - unusually low cases to date",-1.33796183608024,"Extremely Low",0.146857681359279,"Rare good event - unusually low cases to date","Belize"
"BOL",6,1,0.900197257640278,7101.53333333332,1.73838797617611,13529.7333333333,7101.53333333333,13529.7333333333,0.325311543866449,0.126449287924398,2025,2025-01-01,4204,"PAHO",8,"2024/2025","Observed",4204,4204,29022,191253,NA,29022,"South America","Bolivia",1.73838797617611,13529.7333333333,15.4167884996799,"Low","Below average - fewer cases than typical at this point",-0.90873909421397,"High",79.000667936053,"Above average - more cases than typical at this point","Bolivia"
"BOL",7,2,0.809566053174744,9661.20000000001,1.3092919266917,23190.9333333333,9661.2,23190.9333333333,0.482608304645171,0.157296760778722,2025,2025-02-01,3443,"PAHO",8,"2024/2025","Observed",7647,7647,29022,191253,NA,29022,"South America","Bolivia",1.3092919266917,23190.9333333333,22.375164466498,"Low","Below average - fewer cases than typical at this point",-0.766917562599464,"High",79.000667936053,"Above average - more cases than typical at this point","Bolivia"
"BOL",8,3,1.14928613548946,9803.60000000001,1.33377000062308,32994.5333333334,9803.6,32994.5333333333,0.669796126939283,0.187187822294112,2025,2025-03-01,5848,"PAHO",8,"2024/2025","Observed",13495,13495,29022,191253,NA,29022,"South America","Bolivia",1.33377000062308,32994.5333333334,27.7009367650269,"Normal","Average - typical case load at this point",-0.682517705971803,"High",79.000667936053,"Above average - more cases than typical at this point","Bolivia"
"BOL",9,4,1.57335230847035,7235.93333333331,1.46097367058728,40230.4666666666,7235.93333333333,40230.4666666667,0.833461640545788,0.163665513606505,2025,2025-04-01,4561,"PAHO",8,"2024/2025","Observed",18056,18056,29022,191253,NA,29022,"South America","Bolivia",1.46097367058728,40230.4666666666,28.7020964665695,"Normal","Average - typical case load at this point",-0.666210421107231,"High",79.000667936053,"Above average - more cases than typical at this point","Bolivia"
"BOL",10,5,1.81189274859149,3853.2,1.56989187257884,44083.6666666666,3853.2,44083.6666666667,0.934710709047831,0.101249068502043,2025,2025-05-01,5762,"PAHO",8,"2024/2025","Observed",23818,23818,29022,191253,NA,29022,"South America","Bolivia",1.56989187257884,44083.6666666666,33.7202739875037,"Normal","Average - typical case load at this point",-0.575983871819008,"High",79.000667936053,"Above average - more cases than typical at this point","Bolivia"
"BOL",11,6,1.63636082613904,1410.73333333333,1.6190463884108,45494.4,1410.73333333333,45494.4,0.975085144648714,0.0403744356008829,2025,2025-06-01,4063,"PAHO",8,"2024/2025","Observed",27881,27881,29022,191253,NA,29022,"South America","Bolivia",1.6190463884108,45494.4,38.1075710875531,"Normal","Average - typical case load at this point",-0.492614481486051,"High",79.000667936053,"Above average - more cases than typical at this point","Bolivia"
"BOL",12,7,3.52288535782178,711.666666666668,1.66375800082726,46206.0666666667,711.666666666667,46206.0666666667,1,0.0249148553512864,2025,2025-07-01,1141,"PAHO",8,"2024/2025","Observed",29022,29022,29022,191253,NA,29022,"South America","Bolivia",1.66375800082726,46206.0666666667,38.6890844347285,"Normal","Average - typical case load at this point",-0.479693913718135,"High",79.000667936053,"Above average - more cases than typical at this point","Bolivia"
"BOL",1,8,3.40787366203062,526.666666666665,3.40787366203062,526.666666666665,526.666666666667,526.666666666667,0.0170580007653192,0.0170580007653192,2025,2025-08-01,841,"PAHO",8,"2025/2026","Observed",841,29863,68255,191253,NA,68255,"South America","Bolivia",3.40787366203062,526.666666666665,86.6478190624099,"High","Above average - more cases than typical at this point",1.09823629465213,"High",79.000667936053,"Above average - more cases than typical at this point","Bolivia"
"BOL",2,9,2.6125715148761,571.066666666669,3.07815188760349,1097.73333333333,571.066666666667,1097.73333333333,0.0344638835586105,0.0174058827932913,2025,2025-09-01,1167,"PAHO",8,"2025/2026","Observed",2008,31030,68255,191253,NA,68255,"South America","Bolivia",3.07815188760349,1097.73333333333,91.2752685687526,"High","Above average - more cases than typical at this point",1.45280979845621,"High",79.000667936053,"Above average - more cases than typical at this point","Bolivia"
"BOL",3,10,3.05833694584322,928.333333333331,3.17900508006318,2026.06666666666,928.333333333333,2026.06666666667,0.0635707643305536,0.0291068807719432,2025,2025-10-01,1060,"PAHO",8,"2025/2026","Observed",3068,32090,68255,191253,NA,68255,"South America","Bolivia",3.17900508006318,2026.06666666666,83.5445887183686,"High","Above average - more cases than typical at this point",0.916202269401904,"High",79.000667936053,"Above average - more cases than typical at this point","Bolivia"
"BOL",4,11,2.92832758777268,1615.93333333334,3.43221453719475,3642,1615.93333333333,3642,0.116508961238942,0.0529381969083882,2025,2025-11-01,1836,"PAHO",8,"2025/2026","Observed",4904,33926,68255,191253,NA,68255,"South America","Bolivia",3.43221453719475,3642,77.5276122828931,"High","Above average - more cases than typical at this point",0.641655740296599,"High",79.000667936053,"Above average - more cases than typical at this point","Bolivia"
"BOL",5,12,1.92920355707302,2786.2,2.97770409122955,6428.20000000001,2786.2,6428.2,0.198862255942051,0.0823532947031092,2025,2025-12-01,4107,"PAHO",8,"2025/2026","Observed",9011,38033,68255,191253,NA,68255,"South America","Bolivia",2.97770409122955,6428.20000000001,79.000667936053,"High","Above average - more cases than typical at this point",0.693172941381138,"High",79.000667936053,"Above average - more cases than typical at this point","Bolivia"
"BOL",6,1,0.900197257640278,7101.53333333332,1.73838797617611,13529.7333333333,7101.53333333333,13529.7333333333,0.325311543866449,0.126449287924398,2026,2026-01-01,9598,"PAHO",8,"2025/2026","Observed",18609,9598,68255,57444,NA,68255,"South America","Bolivia",1.73838797617611,13529.7333333333,75.5697187826199,"High","Above average - more cases than typical at this point",0.494945332978771,"Extremely Low",1.17792261815395e-08,"Rare good event - unusually low cases to date","Bolivia"
"BOL",7,2,0.809566053174744,9661.20000000001,1.3092919266917,23190.9333333333,9661.2,23190.9333333333,0.482608304645171,0.157296760778722,2026,2026-02-01,17320,"PAHO",8,"2025/2026","Observed",35929,26918,68255,57444,NA,68255,"South America","Bolivia",1.3092919266917,23190.9333333333,79.5168687403901,"High","Above average - more cases than typical at this point",0.628479731013782,"Extremely Low",1.17792261815395e-08,"Rare good event - unusually low cases to date","Bolivia"
"BOL",8,3,1.14928613548946,9803.60000000001,1.33377000062308,32994.5333333334,9803.6,32994.5333333333,0.669796126939283,0.187187822294112,2026,2026-03-01,14406,"PAHO",8,"2025/2026","Observed",50335,41324,68255,57444,NA,68255,"South America","Bolivia",1.33377000062308,32994.5333333334,79.0045990981301,"High","Above average - more cases than typical at this point",0.606946603669851,"Extremely Low",1.17792261815395e-08,"Rare good event - unusually low cases to date","Bolivia"
"BOL",9,4,1.57335230847035,7235.93333333331,1.46097367058728,40230.4666666666,7235.93333333333,40230.4666666667,0.833461640545788,0.163665513606505,2026,2026-04-01,6553,"PAHO",8,"2025/2026","Observed",56888,47877,68255,57444,NA,68255,"South America","Bolivia",1.46097367058728,40230.4666666666,76.2820446462368,"High","Above average - more cases than typical at this point",0.500459490793066,"Extremely Low",1.17792261815395e-08,"Rare good event - unusually low cases to date","Bolivia"
"BOL",10,5,1.81189274859149,3853.2,1.56989187257884,44083.6666666666,3853.2,44083.6666666667,0.934710709047831,0.101249068502043,2026,2026-05-01,NA,NA,8,"2025/2026","Unobserved",56888,47877,68255,57444,NA,68255,"South America","Bolivia",1.56989187257884,44083.6666666666,72.4759856010618,"Normal","Average - typical case load at this point",0.36392039850953,"Extremely Low",1.17792261815395e-08,"Rare good event - unusually low cases to date","Bolivia"
"BOL",11,6,1.63636082613904,1410.73333333333,1.6190463884108,45494.4,1410.73333333333,45494.4,0.975085144648714,0.0403744356008829,2026,2026-06-01,NA,NA,8,"2025/2026","Unobserved",56888,47877,68255,57444,NA,68255,"South America","Bolivia",1.6190463884108,45494.4,71.067389025331,"Normal","Average - typical case load at this point",0.318658087380033,"Extremely Low",1.17792261815395e-08,"Rare good event - unusually low cases to date","Bolivia"
"BOL",12,7,3.52288535782178,711.666666666668,1.66375800082726,46206.0666666667,711.666666666667,46206.0666666667,1,0.0249148553512864,2026,2026-07-01,NA,NA,8,"2025/2026","Unobserved",56888,47877,68255,57444,NA,68255,"South America","Bolivia",1.66375800082726,46206.0666666667,70.3547498714483,"Normal","Average - typical case load at this point",0.298186599606388,"Extremely Low",1.17792261815395e-08,"Rare good event - unusually low cases to date","Bolivia"
"BOL",1,8,3.40787366203062,526.666666666665,3.40787366203062,526.666666666665,526.666666666667,526.666666666667,0.0170580007653192,0.0170580007653192,2026,2026-08-01,NA,NA,8,"2026/2027","Unobserved",0,47877,NA,57444,NA,NA,"South America","Bolivia",3.40787366203062,526.666666666665,3.39187879535757e-06,"Extremely Low","Rare good event - unusually low cases to date",-1.84009898785827,"Extremely Low",1.17792261815395e-08,"Rare good event - unusually low cases to date","Bolivia"
"BOL",2,9,2.6125715148761,571.066666666669,3.07815188760349,1097.73333333333,571.066666666667,1097.73333333333,0.0344638835586105,0.0174058827932913,2026,2026-09-01,NA,NA,8,"2026/2027","Unobserved",0,47877,NA,57444,NA,NA,"South America","Bolivia",3.07815188760349,1097.73333333333,1.38094525142436e-06,"Extremely Low","Rare good event - unusually low cases to date",-1.75201158205507,"Extremely Low",1.17792261815395e-08,"Rare good event - unusually low cases to date","Bolivia"
"BOL",3,10,3.05833694584322,928.333333333331,3.17900508006318,2026.06666666666,928.333333333333,2026.06666666667,0.0635707643305536,0.0291068807719432,2026,2026-10-01,NA,NA,8,"2026/2027","Unobserved",0,47877,NA,57444,NA,NA,"South America","Bolivia",3.17900508006318,2026.06666666666,1.20990915041833e-07,"Extremely Low","Rare good event - unusually low cases to date",-1.78157931853562,"Extremely Low",1.17792261815395e-08,"Rare good event - unusually low cases to date","Bolivia"
"BOL",4,11,2.92832758777268,1615.93333333334,3.43221453719475,3642,1615.93333333333,3642,0.116508961238942,0.0529381969083882,2026,2026-11-01,NA,NA,8,"2026/2027","Unobserved",0,47877,NA,57444,NA,NA,"South America","Bolivia",3.43221453719475,3642,4.10695120994e-09,"Extremely Low","Rare good event - unusually low cases to date",-1.85175135194945,"Extremely Low",1.17792261815395e-08,"Rare good event - unusually low cases to date","Bolivia"
"BOL",5,12,1.92920355707302,2786.2,2.97770409122955,6428.20000000001,2786.2,6428.2,0.198862255942051,0.0823532947031092,2026,2026-12-01,NA,NA,8,"2026/2027","Unobserved",0,47877,NA,57444,NA,NA,"South America","Bolivia",2.97770409122955,6428.20000000001,1.17792261815395e-08,"Extremely Low","Rare good event - unusually low cases to date",-1.72520299743931,"Extremely Low",1.17792261815395e-08,"Rare good event - unusually low cases to date","Bolivia"
"BRA",4,1,1.3029725061045,193644.533333333,1.58377553049381,314237.999999999,193644.533333333,314238,0.164612690349641,0.0931379323015559,2025,2025-01-01,462503,"PAHO",10,"2024/2025","Observed",462503,462503,3495203,53856943,NA,3495203,"South America","Brazil",1.58377553049381,314237.999999999,78.2014534001174,"High","Above average - more cases than typical at this point",0.593780129201024,"Extremely High",98.0732856986942,"Rare bad event - unusually high cases to date","Brazil"
"BRA",5,2,1.0532960186503,311273.866666668,1.31556391971765,625511.866666666,311273.866666667,625511.866666667,0.295994758952327,0.131382068602686,2025,2025-02-01,568922,"PAHO",10,"2024/2025","Observed",1031425,1031425,3495203,53856943,NA,3495203,"South America","Brazil",1.31556391971765,625511.866666666,81.7942473918382,"High","Above average - more cases than typical at this point",0.744308657159947,"Extremely High",98.0732856986942,"Rare bad event - unusually high cases to date","Brazil"
"BRA",6,3,1.04764308329133,485622.000000001,1.23377868350745,1111133.86666666,485622,1111133.86666667,0.494909326691354,0.198914567739027,2025,2025-03-01,870369,"PAHO",10,"2024/2025","Observed",1901794,1901794,3495203,53856943,NA,3495203,"South America","Brazil",1.23377868350745,1111133.86666666,82.785872321252,"High","Above average - more cases than typical at this point",0.790390745691464,"Extremely High",98.0732856986942,"Rare bad event - unusually high cases to date","Brazil"
"BRA",7,4,1.33421534008431,458782.333333331,1.29848694304441,1569916.2,458782.333333333,1569916.2,0.705970563151453,0.211061236460099,2025,2025-04-01,614510,"PAHO",10,"2024/2025","Observed",2516304,2516304,3495203,53856943,NA,3495203,"South America","Brazil",1.29848694304441,1569916.2,80.7268766150661,"High","Above average - more cases than typical at this point",0.686928090004643,"Extremely High",98.0732856986942,"Rare bad event - unusually high cases to date","Brazil"
"BRA",8,5,1.3447925579807,311088.399999999,1.34539021103667,1881004.60000001,311088.4,1881004.6,0.854729368967862,0.148758805816409,2025,2025-05-01,466094,"PAHO",10,"2024/2025","Observed",2982398,2982398,3495203,53856943,NA,3495203,"South America","Brazil",1.34539021103667,1881004.60000001,80.4752380833923,"High","Above average - more cases than typical at this point",0.679167019761958,"Extremely High",98.0732856986942,"Rare bad event - unusually high cases to date","Brazil"
"BRA",9,6,1.43995274808925,127711.266666667,1.3696567303016,2008715.86666667,127711.266666667,2008715.86666667,0.919106443233602,0.06437707426574,2025,2025-06-01,209207,"PAHO",10,"2024/2025","Observed",3191605,3191605,3495203,53856943,NA,3495203,"South America","Brazil",1.3696567303016,2008715.86666667,80.6266856972236,"High","Above average - more cases than typical at this point",0.68917775654959,"Extremely High",98.0732856986942,"Rare bad event - unusually high cases to date","Brazil"
"BRA",10,7,2.01697612936243,60118.6000000001,1.39518180353449,2068834.46666667,60118.6,2068834.46666667,0.95393633724997,0.0348298940163677,2025,2025-07-01,88948,"PAHO",10,"2024/2025","Observed",3280553,3280553,3495203,53856943,NA,3495203,"South America","Brazil",1.39518180353449,2068834.46666667,80.6302240489439,"High","Above average - more cases than typical at this point",0.6918170527841,"Extremely High",98.0732856986942,"Rare bad event - unusually high cases to date","Brazil"
"BRA",11,8,2.18980068625212,40512.8,1.41415842879911,2109347.26666666,40512.8,2109347.26666667,0.978167095394749,0.0242307581447798,2025,2025-08-01,84811,"PAHO",10,"2024/2025","Observed",3365364,3365364,3495203,53856943,NA,3495203,"South America","Brazil",1.41415842879911,2109347.26666666,80.91774363239,"High","Above average - more cases than typical at this point",0.708102664264588,"Extremely High",98.0732856986942,"Rare bad event - unusually high cases to date","Brazil"
"BRA",12,9,1.62446401849299,39174.3999999999,1.426530290771,2148521.66666667,39174.4,2148521.66666667,1,0.0218329046052505,2025,2025-09-01,129839,"PAHO",10,"2024/2025","Observed",3495203,3495203,3495203,53856943,NA,3495203,"South America","Brazil",1.426530290771,2148521.66666667,81.6790750409233,"High","Above average - more cases than typical at this point",0.748626950098361,"Extremely High",98.0732856986942,"Rare bad event - unusually high cases to date","Brazil"
"BRA",1,10,1.85166489418117,34391,1.85166489418117,34391,34391,34391,0.0211854617777509,0.0211854617777509,2025,2025-10-01,108012,"PAHO",10,"2025/2026","Observed",108012,3603215,1644039,53856943,NA,1644039,"South America","Brazil",1.85166489418117,34391,98.3865629275841,"Extremely High","Rare bad event - unusually high cases to date",2.9129056187124,"Extremely High",98.0732856986942,"Rare bad event - unusually high cases to date","Brazil"
"BRA",2,11,1.88178706077312,42456.6666666665,1.93376187250559,76847.6666666664,42456.6666666667,76847.6666666667,0.0461714793219082,0.0249860175441573,2025,2025-11-01,120338,"PAHO",10,"2025/2026","Observed",228350,3723553,1644039,53856943,NA,1644039,"South America","Brazil",1.93376187250559,76847.6666666664,98.0505227884714,"Extremely High","Rare bad event - unusually high cases to date",2.74147739037159,"Extremely High",98.0732856986942,"Rare bad event - unusually high cases to date","Brazil"
"BRA",3,12,1.85586747754403,43745.7999999998,2.00276596526429,120593.466666666,43745.8,120593.466666667,0.0714747580480851,0.0253032787261769,2025,2025-12-01,125859,"PAHO",10,"2025/2026","Observed",354209,3849412,1644039,53856943,NA,1644039,"South America","Brazil",2.00276596526429,120593.466666666,98.0732856986942,"Extremely High","Rare bad event - unusually high cases to date",2.74150745475157,"Extremely High",98.0732856986942,"Rare bad event - unusually high cases to date","Brazil"
"BRA",4,1,1.3029725061045,193644.533333333,1.58377553049381,314237.999999999,193644.533333333,314238,0.164612690349641,0.0931379323015559,2026,2026-01-01,167476,"PAHO",10,"2025/2026","Observed",521685,167476,1644039,1142305,NA,1644039,"South America","Brazil",1.58377553049381,314237.999999999,82.9691544733919,"High","Above average - more cases than typical at this point",0.830795578608333,"Extremely Low",2.67533353693961e-08,"Rare good event - unusually low cases to date","Brazil"
"BRA",5,2,1.0532960186503,311273.866666668,1.31556391971765,625511.866666666,311273.866666667,625511.866666667,0.295994758952327,0.131382068602686,2026,2026-02-01,183665,"PAHO",10,"2025/2026","Observed",705350,351141,1644039,1142305,NA,1644039,"South America","Brazil",1.31556391971765,625511.866666666,66.7076944279005,"Normal","Average - typical case load at this point",0.146396381224482,"Extremely Low",2.67533353693961e-08,"Rare good event - unusually low cases to date","Brazil"
"BRA",6,3,1.04764308329133,485622.000000001,1.23377868350745,1111133.86666666,485622,1111133.86666667,0.494909326691354,0.198914567739027,2026,2026-03-01,280340,"PAHO",10,"2025/2026","Observed",985690,631481,1644039,1142305,NA,1644039,"South America","Brazil",1.23377868350745,1111133.86666666,56.9750127335964,"Normal","Average - typical case load at this point",-0.125401126396849,"Extremely Low",2.67533353693961e-08,"Rare good event - unusually low cases to date","Brazil"
"BRA",7,4,1.33421534008431,458782.333333331,1.29848694304441,1569916.2,458782.333333333,1569916.2,0.705970563151453,0.211061236460099,2026,2026-04-01,174953,"PAHO",10,"2025/2026","Observed",1160643,806434,1644039,1142305,NA,1644039,"South America","Brazil",1.29848694304441,1569916.2,48.9747910882907,"Normal","Average - typical case load at this point",-0.297067711107523,"Extremely Low",2.67533353693961e-08,"Rare good event - unusually low cases to date","Brazil"
"BRA",8,5,1.3447925579807,311088.399999999,1.34539021103667,1881004.60000001,311088.4,1881004.6,0.854729368967862,0.148758805816409,2026,2026-05-01,NA,NA,10,"2025/2026","Unobserved",1160643,806434,1644039,1142305,NA,1644039,"South America","Brazil",1.34539021103667,1881004.60000001,41.3510115781093,"Normal","Average - typical case load at this point",-0.444206258202534,"Extremely Low",2.67533353693961e-08,"Rare good event - unusually low cases to date","Brazil"
"BRA",9,6,1.43995274808925,127711.266666667,1.3696567303016,2008715.86666667,127711.266666667,2008715.86666667,0.919106443233602,0.06437707426574,2026,2026-06-01,NA,NA,10,"2025/2026","Unobserved",1160643,806434,1644039,1142305,NA,1644039,"South America","Brazil",1.3696567303016,2008715.86666667,38.5908978262683,"Normal","Average - typical case load at this point",-0.494106285339603,"Extremely Low",2.67533353693961e-08,"Rare good event - unusually low cases to date","Brazil"
"BRA",10,7,2.01697612936243,60118.6000000001,1.39518180353449,2068834.46666667,60118.6,2068834.46666667,0.95393633724997,0.0348298940163677,2026,2026-07-01,NA,NA,10,"2025/2026","Unobserved",1160643,806434,1644039,1142305,NA,1644039,"South America","Brazil",1.39518180353449,2068834.46666667,37.1888325752838,"Normal","Average - typical case load at this point",-0.518521691753451,"Extremely Low",2.67533353693961e-08,"Rare good event - unusually low cases to date","Brazil"
"BRA",11,8,2.18980068625212,40512.8,1.41415842879911,2109347.26666666,40512.8,2109347.26666667,0.978167095394749,0.0242307581447798,2026,2026-08-01,NA,NA,10,"2025/2026","Unobserved",1160643,806434,1644039,1142305,NA,1644039,"South America","Brazil",1.41415842879911,2109347.26666666,36.2451989636265,"Normal","Average - typical case load at this point",-0.534849577236931,"Extremely Low",2.67533353693961e-08,"Rare good event - unusually low cases to date","Brazil"
"BRA",12,9,1.62446401849299,39174.3999999999,1.426530290771,2148521.66666667,39174.4,2148521.66666667,1,0.0218329046052505,2026,2026-09-01,NA,NA,10,"2025/2026","Unobserved",1160643,806434,1644039,1142305,NA,1644039,"South America","Brazil",1.426530290771,2148521.66666667,35.4250272098401,"Normal","Average - typical case load at this point",-0.549166736768635,"Extremely Low",2.67533353693961e-08,"Rare good event - unusually low cases to date","Brazil"
"BRA",1,10,1.85166489418117,34391,1.85166489418117,34391,34391,34391,0.0211854617777509,0.0211854617777509,2026,2026-10-01,NA,NA,10,"2026/2027","Unobserved",0,806434,NA,1142305,NA,NA,"South America","Brazil",1.85166489418117,34391,1.24571015579651e-06,"Extremely Low","Rare good event - unusually low cases to date",-1.36072230930221,"Extremely Low",2.67533353693961e-08,"Rare good event - unusually low cases to date","Brazil"
"BRA",2,11,1.88178706077312,42456.6666666665,1.93376187250559,76847.6666666664,42456.6666666667,76847.6666666667,0.0461714793219082,0.0249860175441573,2026,2026-11-01,NA,NA,10,"2026/2027","Unobserved",0,806434,NA,1142305,NA,NA,"South America","Brazil",1.93376187250559,76847.6666666664,1.2769318301927e-07,"Extremely Low","Rare good event - unusually low cases to date",-1.39058017150106,"Extremely Low",2.67533353693961e-08,"Rare good event - unusually low cases to date","Brazil"
"BRA",3,12,1.85586747754403,43745.7999999998,2.00276596526429,120593.466666666,43745.8,120593.466666667,0.0714747580480851,0.0253032787261769,2026,2026-12-01,NA,NA,10,"2026/2027","Unobserved",0,806434,NA,1142305,NA,NA,"South America","Brazil",2.00276596526429,120593.466666666,2.67533353693961e-08,"Extremely Low","Rare good event - unusually low cases to date",-1.41517938958825,"Extremely Low",2.67533353693961e-08,"Rare good event - unusually low cases to date","Brazil"
"BRB",10,1,0.733426621033197,127.0625,1.03365207218015,884.9375,127.0625,884.9375,0.844899855072249,0.135815973695141,2025,2025-01-01,28,"PAHO",4,"2024/2025","Observed",28,28,56,702,NA,56,"Caribbean","Barbados",1.03365207218015,884.9375,2.92812890839729,"Extremely Low","Rare good event - unusually low cases to date",-0.983943696599379,"Normal",45.1924810185671,"Average - typical case load at this point","Barbados"
"BRB",11,2,0.658421994491794,86.25,1.06799736595525,971.187500000001,86.25,971.1875,0.938839295416676,0.0939394403444269,2025,2025-02-01,16,"PAHO",4,"2024/2025","Observed",44,44,56,702,NA,56,"Caribbean","Barbados",1.06799736595525,971.187500000001,3.81610247770481,"Extremely Low","Rare good event - unusually low cases to date",-0.986077190597388,"Normal",45.1924810185671,"Average - typical case load at this point","Barbados"
"BRB",12,3,0.801421199640976,58.75,1.07757640265898,1029.9375,58.75,1029.9375,1,0.0611607045833241,2025,2025-03-01,12,"PAHO",4,"2024/2025","Observed",56,56,56,702,NA,56,"Caribbean","Barbados",1.07757640265898,1029.9375,4.48897305007533,"Extremely Low","Rare good event - unusually low cases to date",-0.981108821645133,"Normal",45.1924810185671,"Average - typical case load at this point","Barbados"
"BRB",1,4,1.06036597849468,39.9375,1.06036597849468,39.9375,39.9375,39.9375,0.0608729577306085,0.0608729577306085,2025,2025-04-01,18,"PAHO",4,"2025/2026","Observed",18,74,467,702,NA,467,"Caribbean","Barbados",1.06036597849468,39.9375,36.3856714639649,"Normal","Average - typical case load at this point",-0.558269578745486,"Normal",45.1924810185671,"Average - typical case load at this point","Barbados"
"BRB",2,5,1.01928308938098,41.25,1.06629294168815,81.1875,41.25,81.1875,0.111646665037,0.0507737073063911,2025,2025-05-01,10,"PAHO",4,"2025/2026","Observed",28,84,467,702,NA,467,"Caribbean","Barbados",1.06629294168815,81.1875,28.5335332666301,"Normal","Average - typical case load at this point",-0.67208668833484,"Normal",45.1924810185671,"Average - typical case load at this point","Barbados"
"BRB",3,6,0.870753275426241,44.1875,1.03664429827413,125.375,44.1875,125.375,0.170958628227061,0.0593119631900609,2025,2025-06-01,11,"PAHO",4,"2025/2026","Observed",39,95,467,702,NA,467,"Caribbean","Barbados",1.03664429827413,125.375,26.4486659838896,"Normal","Average - typical case load at this point",-0.698560345478082,"Normal",45.1924810185671,"Average - typical case load at this point","Barbados"
"BRB",4,7,0.802085379238947,45.8749999999999,0.99112573501566,171.25,45.875,171.25,0.233571957089051,0.0626133288619901,2025,2025-07-01,13,"PAHO",4,"2025/2026","Observed",52,108,467,702,NA,467,"Caribbean","Barbados",0.99112573501566,171.25,26.7454225446537,"Normal","Average - typical case load at this point",-0.691256210911662,"Normal",45.1924810185671,"Average - typical case load at this point","Barbados"
"BRB",5,8,0.804667517856509,70.1875000000001,1.01579253609429,241.4375,70.1875,241.4375,0.305159314017498,0.0715873569284476,2025,2025-08-01,11,"PAHO",4,"2025/2026","Observed",63,119,467,702,NA,467,"Caribbean","Barbados",1.01579253609429,241.4375,22.9014185312162,"Low","Below average - fewer cases than typical at this point",-0.743313863267437,"Normal",45.1924810185671,"Average - typical case load at this point","Barbados"
"BRB",6,9,0.637107865157304,155.9375,0.900422922175635,397.375,155.9375,397.375,0.426825237660131,0.121665923642633,2025,2025-09-01,17,"PAHO",4,"2025/2026","Observed",80,136,467,702,NA,467,"Caribbean","Barbados",0.900422922175635,397.375,20.7087321332336,"Low","Below average - fewer cases than typical at this point",-0.757014086410055,"Normal",45.1924810185671,"Average - typical case load at this point","Barbados"
"BRB",7,10,0.749784510806585,140.625,0.931159003309323,538,140.625,538,0.540594732385582,0.113769494725451,2025,2025-10-01,12,"PAHO",4,"2025/2026","Observed",92,148,467,702,NA,467,"Caribbean","Barbados",0.931159003309323,538,17.3625860541974,"Low","Below average - fewer cases than typical at this point",-0.799261690885538,"Normal",45.1924810185671,"Average - typical case load at this point","Barbados"
"BRB",8,11,0.543802870536973,117.625,0.956191498438886,655.625,117.625,655.625,0.63363684621726,0.0930421138316781,2025,2025-11-01,217,"PAHO",4,"2025/2026","Observed",309,365,467,702,NA,467,"Caribbean","Barbados",0.956191498438886,655.625,38.5147345446104,"Normal","Average - typical case load at this point",-0.516607075449903,"Normal",45.1924810185671,"Average - typical case load at this point","Barbados"
"BRB",9,12,0.46801490281154,102.25,0.944074137248543,757.875,102.25,757.875,0.709083881377108,0.0754470351598481,2025,2025-12-01,133,"PAHO",4,"2025/2026","Observed",442,498,467,702,NA,467,"Caribbean","Barbados",0.944074137248543,757.875,45.1924810185671,"Normal","Average - typical case load at this point",-0.404716019464406,"Normal",45.1924810185671,"Average - typical case load at this point","Barbados"
"BRB",10,1,0.733426621033197,127.0625,1.03365207218015,884.9375,127.0625,884.9375,0.844899855072249,0.135815973695141,2026,2026-01-01,12,"PAHO",4,"2025/2026","Observed",454,12,467,411,NA,467,"Caribbean","Barbados",1.03365207218015,884.9375,39.5771760051891,"Normal","Average - typical case load at this point",-0.494806490267137,"Extremely Low",0.18085889895681,"Rare good event - unusually low cases to date","Barbados"
"BRB",11,2,0.658421994491794,86.25,1.06799736595525,971.187500000001,86.25,971.1875,0.938839295416676,0.0939394403444269,2026,2026-02-01,10,"PAHO",4,"2025/2026","Observed",464,22,467,411,NA,467,"Caribbean","Barbados",1.06799736595525,971.187500000001,36.7751425941429,"Normal","Average - typical case load at this point",-0.539401173016367,"Extremely Low",0.18085889895681,"Rare good event - unusually low cases to date","Barbados"
"BRB",12,3,0.801421199640976,58.75,1.07757640265898,1029.9375,58.75,1029.9375,1,0.0611607045833241,2026,2026-03-01,3,"PAHO",4,"2025/2026","Observed",467,25,467,411,NA,467,"Caribbean","Barbados",1.07757640265898,1029.9375,35.0366662532105,"Normal","Average - typical case load at this point",-0.567082535876129,"Extremely Low",0.18085889895681,"Rare good event - unusually low cases to date","Barbados"
"BRB",1,4,1.06036597849468,39.9375,1.06036597849468,39.9375,39.9375,39.9375,0.0608729577306085,0.0608729577306085,2026,2026-04-01,0,"WHO",4,"2026/2027","Observed",0,25,0,411,NA,0,"Caribbean","Barbados",1.06036597849468,39.9375,2.07431776145815,"Extremely Low","Rare good event - unusually low cases to date",-1.01633692540845,"Extremely Low",0.18085889895681,"Rare good event - unusually low cases to date","Barbados"
"BRB",2,5,1.01928308938098,41.25,1.06629294168815,81.1875,41.25,81.1875,0.111646665037,0.0507737073063911,2026,2026-05-01,NA,NA,4,"2026/2027","Unobserved",0,25,0,411,NA,0,"Caribbean","Barbados",1.06629294168815,81.1875,0.971868033644751,"Extremely Low","Rare good event - unusually low cases to date",-1.02589965704695,"Extremely Low",0.18085889895681,"Rare good event - unusually low cases to date","Barbados"
"BRB",3,6,0.870753275426241,44.1875,1.03664429827413,125.375,44.1875,125.375,0.170958628227061,0.0593119631900609,2026,2026-06-01,NA,NA,4,"2026/2027","Unobserved",0,25,0,411,NA,0,"Caribbean","Barbados",1.03664429827413,125.375,0.687696655004451,"Extremely Low","Rare good event - unusually low cases to date",-1.01397398916717,"Extremely Low",0.18085889895681,"Rare good event - unusually low cases to date","Barbados"
"BRB",4,7,0.802085379238947,45.8749999999999,0.99112573501566,171.25,45.875,171.25,0.233571957089051,0.0626133288619901,2026,2026-07-01,NA,NA,4,"2026/2027","Unobserved",0,25,0,411,NA,0,"Caribbean","Barbados",0.99112573501566,171.25,0.60237969341387,"Extremely Low","Rare good event - unusually low cases to date",-0.992684495753645,"Extremely Low",0.18085889895681,"Rare good event - unusually low cases to date","Barbados"
"BRB",5,8,0.804667517856509,70.1875000000001,1.01579253609429,241.4375,70.1875,241.4375,0.305159314017498,0.0715873569284476,2026,2026-08-01,NA,NA,4,"2026/2027","Unobserved",0,25,0,411,NA,0,"Caribbean","Barbados",1.01579253609429,241.4375,0.38425990803531,"Extremely Low","Rare good event - unusually low cases to date",-1.00575182269776,"Extremely Low",0.18085889895681,"Rare good event - unusually low cases to date","Barbados"
"BRB",6,9,0.637107865157304,155.9375,0.900422922175635,397.375,155.9375,397.375,0.426825237660131,0.121665923642633,2026,2026-09-01,NA,NA,4,"2026/2027","Unobserved",0,25,0,411,NA,0,"Caribbean","Barbados",0.900422922175635,397.375,0.414684488425102,"Extremely Low","Rare good event - unusually low cases to date",-0.94783291874658,"Extremely Low",0.18085889895681,"Rare good event - unusually low cases to date","Barbados"
"BRB",7,10,0.749784510806585,140.625,0.931159003309323,538,140.625,538,0.540594732385582,0.113769494725451,2026,2026-10-01,NA,NA,4,"2026/2027","Unobserved",0,25,0,411,NA,0,"Caribbean","Barbados",0.931159003309323,538,0.267709915420769,"Extremely Low","Rare good event - unusually low cases to date",-0.964131815462824,"Extremely Low",0.18085889895681,"Rare good event - unusually low cases to date","Barbados"
"BRB",8,11,0.543802870536973,117.625,0.956191498438886,655.625,117.625,655.625,0.63363684621726,0.0930421138316781,2026,2026-11-01,NA,NA,4,"2026/2027","Unobserved",0,25,0,411,NA,0,"Caribbean","Barbados",0.956191498438886,655.625,0.193878622304369,"Extremely Low","Rare good event - unusually low cases to date",-0.977138157495399,"Extremely Low",0.18085889895681,"Rare good event - unusually low cases to date","Barbados"
"BRB",9,12,0.46801490281154,102.25,0.944074137248543,757.875,102.25,757.875,0.709083881377108,0.0754470351598481,2026,2026-12-01,NA,NA,4,"2026/2027","Unobserved",0,25,0,411,NA,0,"Caribbean","Barbados",0.944074137248543,757.875,0.18085889895681,"Extremely Low","Rare good event - unusually low cases to date",-0.971030164627106,"Extremely Low",0.18085889895681,"Rare good event - unusually low cases to date","Barbados"
"BRN",1,5,0.842192500395616,27.9285714285714,0.842192500395616,27.9285714285714,27.9285714285714,27.9285714285714,0.072233841292826,0.072233841292826,NA,NA,NA,NA,NA,NA,"Unobserved",0,0,NA,NA,NA,NA,"East & Southeast Asia","Brunei Darussalam",0.842192500395616,27.9285714285714,5.11050824065006,"Low","Below average - fewer cases than typical at this point",-0.904178860213591,"Extremely Low",0.02761462324054,"Rare good event - unusually low cases to date","Brunei Darussalam"
"BRN",2,6,0.823086740578605,23.4285714285714,0.834096469720373,51.3571428571429,23.4285714285714,51.3571428571429,0.130981421819086,0.0587475805262595,NA,NA,NA,NA,NA,NA,"Unobserved",0,0,NA,NA,NA,NA,"East & Southeast Asia","Brunei Darussalam",0.834096469720373,51.3571428571429,3.17427593920663,"Extremely Low","Rare good event - unusually low cases to date",-0.905961545638145,"Extremely Low",0.02761462324054,"Rare good event - unusually low cases to date","Brunei Darussalam"
"BRN",3,7,0.943107456643899,29.2142857142857,0.881544659858741,80.5714285714285,29.2142857142857,80.5714285714286,0.208218587701277,0.077237165882191,NA,NA,NA,NA,NA,NA,"Unobserved",0,0,NA,NA,NA,NA,"East & Southeast Asia","Brunei Darussalam",0.881544659858741,80.5714285714285,1.85003784171177,"Extremely Low","Rare good event - unusually low cases to date",-0.933811505534984,"Extremely Low",0.02761462324054,"Rare good event - unusually low cases to date","Brunei Darussalam"
"BRN",4,8,1.03891837646888,34.5714285714286,0.930859775045281,115.142857142857,34.5714285714286,115.142857142857,0.305208263636666,0.0969896759353897,NA,NA,NA,NA,NA,NA,"Unobserved",0,0,NA,NA,NA,NA,"East & Southeast Asia","Brunei Darussalam",0.930859775045281,115.142857142857,1.11958710239459,"Extremely Low","Rare good event - unusually low cases to date",-0.960934280860252,"Extremely Low",0.02761462324054,"Rare good event - unusually low cases to date","Brunei Darussalam"
"BRN",5,9,1.67704889731629,25.3571428571429,1.03539259231935,140.5,25.3571428571429,140.5,0.38714338878343,0.0819351251467633,NA,NA,NA,NA,NA,NA,"Unobserved",0,0,NA,NA,NA,NA,"East & Southeast Asia","Brunei Darussalam",1.03539259231935,140.5,0.614681180453234,"Extremely Low","Rare good event - unusually low cases to date",-1.01381371456247,"Extremely Low",0.02761462324054,"Rare good event - unusually low cases to date","Brunei Darussalam"
"BRN",6,10,1.52252576052748,27.6428571428571,1.10652688667122,168.142857142857,27.6428571428571,168.142857142857,0.473789650720224,0.086646261936794,NA,NA,NA,NA,NA,NA,"Unobserved",0,0,NA,NA,NA,NA,"East & Southeast Asia","Brunei Darussalam",1.10652688667122,168.142857142857,0.382577964901992,"Extremely Low","Rare good event - unusually low cases to date",-1.04847154523349,"Extremely Low",0.02761462324054,"Rare good event - unusually low cases to date","Brunei Darussalam"
"BRN",7,11,1.29177712546951,32.7142857142857,1.15077224002362,200.857142857143,32.7142857142857,200.857142857143,0.566657464516764,0.0928678137965403,NA,NA,NA,NA,NA,NA,"Unobserved",0,0,NA,NA,NA,NA,"East & Southeast Asia","Brunei Darussalam",1.15077224002362,200.857142857143,0.261355076303328,"Extremely Low","Rare good event - unusually low cases to date",-1.06968063991434,"Extremely Low",0.02761462324054,"Rare good event - unusually low cases to date","Brunei Darussalam"
"BRN",8,12,1.58513502210644,29.8571428571429,1.20333933325088,230.714285714286,29.8571428571429,230.714285714286,0.658405951644579,0.0917484871278155,NA,NA,NA,NA,NA,NA,"Unobserved",0,0,NA,NA,NA,NA,"East & Southeast Asia","Brunei Darussalam",1.20333933325088,230.714285714286,0.178006161078589,"Extremely Low","Rare good event - unusually low cases to date",-1.09411865302122,"Extremely Low",0.02761462324054,"Rare good event - unusually low cases to date","Brunei Darussalam"
"BRN",9,1,0.902915946353707,36.7857142857143,1.32037855085775,267.5,36.7857142857143,267.5,0.763219062964127,0.104813111319548,NA,NA,NA,NA,NA,NA,"Unobserved",0,0,NA,NA,NA,NA,"East & Southeast Asia","Brunei Darussalam",1.32037855085775,267.5,0.0894453762156943,"Extremely Low","Rare good event - unusually low cases to date",-1.14625179661059,"Extremely Low",0.02761462324054,"Rare good event - unusually low cases to date","Brunei Darussalam"
"BRN",10,2,0.790638105582898,26.9285714285714,1.37541562372168,294.428571428571,26.9285714285714,294.428571428571,0.839628570855337,0.0764095078912094,NA,NA,NA,NA,NA,NA,"Unobserved",0,0,NA,NA,NA,NA,"East & Southeast Asia","Brunei Darussalam",1.37541562372168,294.428571428571,0.0619079869154687,"Extremely Low","Rare good event - unusually low cases to date",-1.17005140062868,"Extremely Low",0.02761462324054,"Rare good event - unusually low cases to date","Brunei Darussalam"
"BRN",11,3,1.11138001062254,23.5714285714286,1.487039872853,318,23.5714285714286,318,0.927071676425543,0.087443105570206,NA,NA,NA,NA,NA,NA,"Unobserved",0,0,NA,NA,NA,NA,"East & Southeast Asia","Brunei Darussalam",1.487039872853,318,0.0340430734442082,"Extremely Low","Rare good event - unusually low cases to date",-1.21660121001008,"Extremely Low",0.02761462324054,"Rare good event - unusually low cases to date","Brunei Darussalam"
"BRN",12,4,1.02668625766401,23.1428571428571,1.51077258950578,341.142857142857,23.1428571428571,341.142857142857,1,0.0729283235744571,NA,NA,NA,NA,NA,NA,"Unobserved",0,0,NA,NA,NA,NA,"East & Southeast Asia","Brunei Darussalam",1.51077258950578,341.142857142857,0.02761462324054,"Extremely Low","Rare good event - unusually low cases to date",-1.22642225069716,"Extremely Low",0.02761462324054,"Rare good event - unusually low cases to date","Brunei Darussalam"
"BTN",11,1,0.490289572847277,53.9166666666667,0.839484225821795,829.75,53.9166666666667,829.75,0.931876231864121,0.139751990810161,2025,2025-01-01,2,"SEARO",3,"2024/2025","Observed",2,2,4,106,NA,4,"South Asia","Bhutan",0.839484225821795,829.75,0.797876560737725,"Extremely Low","Rare good event - unusually low cases to date",-0.913563237085142,"Low",21.684940053128,"Below average - fewer cases than typical at this point","Bhutan"
"BTN",12,2,0.359263013898183,25.0833333333333,0.895917758624633,854.833333333335,25.0833333333333,854.833333333333,1,0.0681237681358792,2025,2025-02-01,2,"WHO",3,"2024/2025","Observed",4,4,4,106,NA,4,"South Asia","Bhutan",0.895917758624633,854.833333333335,0.931285616277495,"Extremely Low","Rare good event - unusually low cases to date",-0.94160695022321,"Low",21.684940053128,"Below average - fewer cases than typical at this point","Bhutan"
"BTN",1,3,0.484507625888462,44.1666666666666,0.484507625888462,44.1666666666666,44.1666666666667,44.1666666666667,0.0392408591092375,0.0392408591092375,2025,2025-03-01,1,"SEARO",3,"2025/2026","Observed",1,5,89,106,NA,89,"South Asia","Bhutan",0.484507625888462,44.1666666666666,16.5276378691344,"Low","Below average - fewer cases than typical at this point",-0.676604789826214,"Low",21.684940053128,"Below average - fewer cases than typical at this point","Bhutan"
"BTN",2,4,0.529442804738165,46.1666666666667,0.486866105509857,90.3333333333334,46.1666666666667,90.3333333333333,0.0848861527894889,0.0456452936802514,2025,2025-04-01,11,"WHO",3,"2025/2026","Observed",12,16,89,106,NA,89,"South Asia","Bhutan",0.486866105509857,90.3333333333334,29.9330073155022,"Normal","Average - typical case load at this point",-0.603442834036706,"Low",21.684940053128,"Below average - fewer cases than typical at this point","Bhutan"
"BTN",3,5,0.529157014391836,36,0.483753732082067,126.333333333333,36,126.333333333333,0.121647141565723,0.0367609887762338,2025,2025-05-01,1,"SEARO",3,"2025/2026","Observed",13,17,89,106,NA,89,"South Asia","Bhutan",0.483753732082067,126.333333333333,26.684652108005,"Normal","Average - typical case load at this point",-0.622761795750007,"Low",21.684940053128,"Below average - fewer cases than typical at this point","Bhutan"
"BTN",4,6,0.547399974207734,48.75,0.483500592933381,175.083333333333,48.75,175.083333333333,0.169844257329162,0.0481971157634392,2025,2025-06-01,12,"WHO",3,"2025/2026","Observed",25,29,89,106,NA,89,"South Asia","Bhutan",0.483500592933381,175.083333333333,30.7092802488737,"Normal","Average - typical case load at this point",-0.595233451890286,"Low",21.684940053128,"Below average - fewer cases than typical at this point","Bhutan"
"BTN",5,7,0.57171565622069,65.7499999999999,0.487620355663511,240.833333333333,65.75,240.833333333333,0.243426164597135,0.0735819072679735,2025,2025-07-01,3,"SEARO",3,"2025/2026","Observed",28,32,89,106,NA,89,"South Asia","Bhutan",0.487620355663511,240.833333333333,27.6660411253004,"Normal","Average - typical case load at this point",-0.616488167601396,"Low",21.684940053128,"Below average - fewer cases than typical at this point","Bhutan"
"BTN",6,8,0.618046337122336,122.833333333334,0.552392485655321,363.666666666667,122.833333333333,363.666666666667,0.377653561082698,0.134227396485562,2025,2025-08-01,22,"SEARO",3,"2025/2026","Observed",50,54,89,106,NA,89,"South Asia","Bhutan",0.552392485655321,363.666666666667,26.5706526354776,"Normal","Average - typical case load at this point",-0.640559044605597,"Low",21.684940053128,"Below average - fewer cases than typical at this point","Bhutan"
"BTN",7,9,0.58938246066074,116,0.564776328374267,479.666666666667,116,479.666666666667,0.495600042061512,0.117946480978815,2025,2025-09-01,5,"SEARO",3,"2025/2026","Observed",55,59,89,106,NA,89,"South Asia","Bhutan",0.564776328374267,479.666666666667,23.5700135128407,"Low","Below average - fewer cases than typical at this point",-0.664953613731907,"Low",21.684940053128,"Below average - fewer cases than typical at this point","Bhutan"
"BTN",8,10,0.604485132024352,111.75,0.57323300438178,591.416666666666,111.75,591.416666666667,0.61216298718843,0.116562945126918,2025,2025-10-01,1,"SEARO",3,"2025/2026","Observed",56,60,89,106,NA,89,"South Asia","Bhutan",0.57323300438178,591.416666666666,20.8728621375114,"Low","Below average - fewer cases than typical at this point",-0.685099343768846,"Low",21.684940053128,"Below average - fewer cases than typical at this point","Bhutan"
"BTN",9,11,0.568476406316693,103.416666666666,0.573850628853509,694.833333333334,103.416666666667,694.833333333333,0.712978417369517,0.100815430181087,2025,2025-11-01,18,"WHO",3,"2025/2026","Observed",74,78,89,106,NA,89,"South Asia","Bhutan",0.573850628853509,694.833333333334,22.2057169699554,"Low","Below average - fewer cases than typical at this point",-0.676572823070706,"Low",21.684940053128,"Below average - fewer cases than typical at this point","Bhutan"
"BTN",10,12,0.565910185933475,81.0000000000001,0.576623494347269,775.833333333334,81,775.833333333333,0.79212424105396,0.0791458236844424,2025,2025-12-01,6,"WHO",3,"2025/2026","Observed",80,84,89,106,NA,89,"South Asia","Bhutan",0.576623494347269,775.833333333334,21.684940053128,"Low","Below average - fewer cases than typical at this point",-0.680803266233071,"Low",21.684940053128,"Below average - fewer cases than typical at this point","Bhutan"
"BTN",11,1,0.490289572847277,53.9166666666667,0.839484225821795,829.75,53.9166666666667,829.75,0.931876231864121,0.139751990810161,2026,2026-01-01,5,"WHO",3,"2025/2026","Observed",85,5,89,255,NA,89,"South Asia","Bhutan",0.839484225821795,829.75,13.1194698289493,"Low","Below average - fewer cases than typical at this point",-0.821958587519371,"Extremely Low",4.84203846789235,"Rare good event - unusually low cases to date","Bhutan"
"BTN",12,2,0.359263013898183,25.0833333333333,0.895917758624633,854.833333333335,25.0833333333333,854.833333333333,1,0.0681237681358792,2026,2026-02-01,4,"WHO",3,"2025/2026","Observed",89,9,89,255,NA,89,"South Asia","Bhutan",0.895917758624633,854.833333333335,12.0036212439266,"Low","Below average - fewer cases than typical at this point",-0.847538479192096,"Extremely Low",4.84203846789235,"Rare good event - unusually low cases to date","Bhutan"
"BTN",1,3,0.484507625888462,44.1666666666666,0.484507625888462,44.1666666666666,44.1666666666667,44.1666666666667,0.0392408591092375,0.0392408591092375,2026,2026-03-01,1,"WHO",3,"2026/2027","Observed",1,10,25,255,NA,59,"South Asia","Bhutan",0.484507625888462,44.1666666666666,16.5276378691344,"Low","Below average - fewer cases than typical at this point",-0.676604789826214,"Extremely Low",4.84203846789235,"Rare good event - unusually low cases to date","Bhutan"
"BTN",2,4,0.529442804738165,46.1666666666667,0.486866105509857,90.3333333333334,46.1666666666667,90.3333333333333,0.0848861527894889,0.0456452936802514,2026,2026-04-01,4,"Estimates",3,"2026/2027","Unobserved",5,14,25,255,4.06243113754237,59,"South Asia","Bhutan",0.486866105509857,90.3333333333334,20.5626661727336,"Low","Below average - fewer cases than typical at this point",-0.657367512822965,"Extremely Low",4.84203846789235,"Rare good event - unusually low cases to date","Bhutan"
"BTN",3,5,0.529157014391836,36,0.483753732082067,126.333333333333,36,126.333333333333,0.121647141565723,0.0367609887762338,2026,2026-05-01,NA,"SEARO",3,"2026/2027","Unobserved",5,14,25,255,NA,59,"South Asia","Bhutan",0.483753732082067,126.333333333333,17.6756460845196,"Low","Below average - fewer cases than typical at this point",-0.666721451920596,"Extremely Low",4.84203846789235,"Rare good event - unusually low cases to date","Bhutan"
"BTN",4,6,0.547399974207734,48.75,0.483500592933381,175.083333333333,48.75,175.083333333333,0.169844257329162,0.0481971157634392,2026,2026-06-01,NA,"SEARO",3,"2026/2027","Unobserved",5,14,25,255,NA,59,"South Asia","Bhutan",0.483500592933381,175.083333333333,15.1401882197265,"Low","Below average - fewer cases than typical at this point",-0.674553845257121,"Extremely Low",4.84203846789235,"Rare good event - unusually low cases to date","Bhutan"
"BTN",5,7,0.57171565622069,65.7499999999999,0.487620355663511,240.833333333333,65.75,240.833333333333,0.243426164597135,0.0735819072679735,2026,2026-07-01,NA,"SEARO",3,"2026/2027","Unobserved",5,14,25,255,NA,59,"South Asia","Bhutan",0.487620355663511,240.833333333333,12.8140882057999,"Low","Below average - fewer cases than typical at this point",-0.683109441782283,"Extremely Low",4.84203846789235,"Rare good event - unusually low cases to date","Bhutan"
"BTN",6,8,0.618046337122336,122.833333333334,0.552392485655321,363.666666666667,122.833333333333,363.666666666667,0.377653561082698,0.134227396485562,2026,2026-08-01,NA,"SEARO",3,"2026/2027","Unobserved",5,14,25,255,NA,59,"South Asia","Bhutan",0.552392485655321,363.666666666667,8.19557343437944,"Low","Below average - fewer cases than typical at this point",-0.732456463332223,"Extremely Low",4.84203846789235,"Rare good event - unusually low cases to date","Bhutan"
"BTN",7,9,0.58938246066074,116,0.564776328374267,479.666666666667,116,479.666666666667,0.495600042061512,0.117946480978815,2026,2026-09-01,NA,"SEARO",3,"2026/2027","Unobserved",5,14,25,255,NA,59,"South Asia","Bhutan",0.564776328374267,479.666666666667,6.69490663063138,"Low","Below average - fewer cases than typical at this point",-0.743244855537076,"Extremely Low",4.84203846789235,"Rare good event - unusually low cases to date","Bhutan"
"BTN",8,10,0.604485132024352,111.75,0.57323300438178,591.416666666666,111.75,591.416666666667,0.61216298718843,0.116562945126918,2026,2026-10-01,NA,"SEARO",3,"2026/2027","Unobserved",5,14,25,255,NA,59,"South Asia","Bhutan",0.57323300438178,591.416666666666,5.74119473818988,"Low","Below average - fewer cases than typical at this point",-0.75035705557998,"Extremely Low",4.84203846789235,"Rare good event - unusually low cases to date","Bhutan"
"BTN",9,11,0.568476406316693,103.416666666666,0.573850628853509,694.833333333334,103.416666666667,694.833333333333,0.712978417369517,0.100815430181087,2026,2026-11-01,NA,"SEARO",3,"2026/2027","Unobserved",5,14,25,255,NA,59,"South Asia","Bhutan",0.573850628853509,694.833333333334,5.22218144201554,"Low","Below average - fewer cases than typical at this point",-0.751767762332793,"Extremely Low",4.84203846789235,"Rare good event - unusually low cases to date","Bhutan"
"BTN",10,12,0.565910185933475,81.0000000000001,0.576623494347269,775.833333333334,81,775.833333333333,0.79212424105396,0.0791458236844424,2026,2026-12-01,NA,"SEARO",3,"2026/2027","Unobserved",5,14,25,255,NA,59,"South Asia","Bhutan",0.576623494347269,775.833333333334,4.84203846789235,"Extremely Low","Rare good event - unusually low cases to date",-0.754183259000708,"Extremely Low",4.84203846789235,"Rare good event - unusually low cases to date","Bhutan"
"CHL",10,1,NA,NA,NA,NA,1.33333333333333,27.6666666666667,0.732807807807808,0.0358608608608609,2025,2025-01-01,0,"WHO",4,"2024/2025","Observed",0,0,0,0,NA,0,"South America","Chile",NA,NA,NA,"Unknown","Cannot determine",NA,"Unknown",NA,"Cannot determine","Chile"
"CHL",11,2,NA,NA,NA,NA,2.33333333333333,30,0.79527027027027,0.0624624624624625,2025,2025-02-01,0,"WHO",4,"2024/2025","Observed",0,0,0,0,NA,0,"South America","Chile",NA,NA,NA,"Unknown","Cannot determine",NA,"Unknown",NA,"Cannot determine","Chile"
"CHL",12,3,NA,NA,NA,NA,7.66666666666667,37.6666666666667,1,0.20472972972973,2025,2025-03-01,0,"WHO",4,"2024/2025","Observed",0,0,0,0,NA,0,"South America","Chile",NA,NA,NA,"Unknown","Cannot determine",NA,"Unknown",NA,"Cannot determine","Chile"
"CHL",1,4,NA,NA,NA,NA,13,13,0.343968968968969,0.343968968968969,2025,2025-04-01,0,"WHO",4,"2025/2026","Observed",0,0,17,0,NA,17,"South America","Chile",NA,NA,NA,"Unknown","Cannot determine",NA,"Unknown",NA,"Cannot determine","Chile"
"CHL",2,5,NA,NA,NA,NA,5.66666666666667,18.6666666666667,0.493393393393393,0.149424424424424,2025,2025-05-01,0,"WHO",4,"2025/2026","Observed",0,0,17,0,NA,17,"South America","Chile",NA,NA,NA,"Unknown","Cannot determine",NA,"Unknown",NA,"Cannot determine","Chile"
"CHL",3,6,NA,NA,NA,NA,1.66666666666667,20.3333333333333,0.537337337337337,0.0439439439439439,2025,2025-06-01,0,"WHO",4,"2025/2026","Observed",0,0,17,0,NA,17,"South America","Chile",NA,NA,NA,"Unknown","Cannot determine",NA,"Unknown",NA,"Cannot determine","Chile"
"CHL",4,7,NA,NA,NA,NA,1,21.3333333333333,0.563938938938939,0.0266016016016016,2025,2025-07-01,0,"WHO",4,"2025/2026","Observed",0,0,17,0,NA,17,"South America","Chile",NA,NA,NA,"Unknown","Cannot determine",NA,"Unknown",NA,"Cannot determine","Chile"
"CHL",5,8,NA,NA,NA,NA,1,22.3333333333333,0.590540540540541,0.0266016016016016,2025,2025-08-01,0,"WHO",4,"2025/2026","Observed",0,0,17,0,NA,17,"South America","Chile",NA,NA,NA,"Unknown","Cannot determine",NA,"Unknown",NA,"Cannot determine","Chile"
"CHL",6,9,NA,NA,NA,NA,1,23.3333333333333,0.617142142142142,0.0266016016016016,2025,2025-09-01,0,"WHO",4,"2025/2026","Observed",0,0,17,0,NA,17,"South America","Chile",NA,NA,NA,"Unknown","Cannot determine",NA,"Unknown",NA,"Cannot determine","Chile"
"CHL",7,10,NA,NA,NA,NA,1,24.3333333333333,0.643743743743744,0.0266016016016016,2025,2025-10-01,0,"WHO",4,"2025/2026","Observed",0,0,17,0,NA,17,"South America","Chile",NA,NA,NA,"Unknown","Cannot determine",NA,"Unknown",NA,"Cannot determine","Chile"
"CHL",8,11,NA,NA,NA,NA,1,25.3333333333333,0.670345345345345,0.0266016016016016,2025,2025-11-01,0,"WHO",4,"2025/2026","Observed",0,0,17,0,NA,17,"South America","Chile",NA,NA,NA,"Unknown","Cannot determine",NA,"Unknown",NA,"Cannot determine","Chile"
"CHL",9,12,NA,NA,NA,NA,1,26.3333333333333,0.696946946946947,0.0266016016016016,2025,2025-12-01,0,"WHO",4,"2025/2026","Observed",0,0,17,0,NA,17,"South America","Chile",NA,NA,NA,"Unknown","Cannot determine",NA,"Unknown",NA,"Cannot determine","Chile"
"CHL",10,1,NA,NA,NA,NA,1.33333333333333,27.6666666666667,0.732807807807808,0.0358608608608609,2026,2026-01-01,0,"WHO",4,"2025/2026","Observed",0,0,17,58,NA,17,"South America","Chile",NA,NA,NA,"Unknown","Cannot determine",NA,"Unknown",NA,"Cannot determine","Chile"
"CHL",11,2,NA,NA,NA,NA,2.33333333333333,30,0.79527027027027,0.0624624624624625,2026,2026-02-01,6,"PAHO",4,"2025/2026","Observed",6,6,17,58,NA,17,"South America","Chile",NA,NA,NA,"Unknown","Cannot determine",NA,"Unknown",NA,"Cannot determine","Chile"
"CHL",12,3,NA,NA,NA,NA,7.66666666666667,37.6666666666667,1,0.20472972972973,2026,2026-03-01,11,"PAHO",4,"2025/2026","Observed",17,17,17,58,NA,17,"South America","Chile",NA,NA,NA,"Unknown","Cannot determine",NA,"Unknown",NA,"Cannot determine","Chile"
"CHL",1,4,NA,NA,NA,NA,13,13,0.343968968968969,0.343968968968969,2026,2026-04-01,3,"WHO",4,"2026/2027","Observed",3,20,9,58,NA,9,"South America","Chile",NA,NA,NA,"Unknown","Cannot determine",NA,"Unknown",NA,"Cannot determine","Chile"
"CHL",2,5,NA,NA,NA,NA,5.66666666666667,18.6666666666667,0.493393393393393,0.149424424424424,2026,2026-05-01,NA,NA,4,"2026/2027","Unobserved",3,20,9,58,NA,9,"South America","Chile",NA,NA,NA,"Unknown","Cannot determine",NA,"Unknown",NA,"Cannot determine","Chile"
"CHL",3,6,NA,NA,NA,NA,1.66666666666667,20.3333333333333,0.537337337337337,0.0439439439439439,2026,2026-06-01,NA,NA,4,"2026/2027","Unobserved",3,20,9,58,NA,9,"South America","Chile",NA,NA,NA,"Unknown","Cannot determine",NA,"Unknown",NA,"Cannot determine","Chile"
"CHL",4,7,NA,NA,NA,NA,1,21.3333333333333,0.563938938938939,0.0266016016016016,2026,2026-07-01,NA,NA,4,"2026/2027","Unobserved",3,20,9,58,NA,9,"South America","Chile",NA,NA,NA,"Unknown","Cannot determine",NA,"Unknown",NA,"Cannot determine","Chile"
"CHL",5,8,NA,NA,NA,NA,1,22.3333333333333,0.590540540540541,0.0266016016016016,2026,2026-08-01,NA,NA,4,"2026/2027","Unobserved",3,20,9,58,NA,9,"South America","Chile",NA,NA,NA,"Unknown","Cannot determine",NA,"Unknown",NA,"Cannot determine","Chile"
"CHL",6,9,NA,NA,NA,NA,1,23.3333333333333,0.617142142142142,0.0266016016016016,2026,2026-09-01,NA,NA,4,"2026/2027","Unobserved",3,20,9,58,NA,9,"South America","Chile",NA,NA,NA,"Unknown","Cannot determine",NA,"Unknown",NA,"Cannot determine","Chile"
"CHL",7,10,NA,NA,NA,NA,1,24.3333333333333,0.643743743743744,0.0266016016016016,2026,2026-10-01,NA,NA,4,"2026/2027","Unobserved",3,20,9,58,NA,9,"South America","Chile",NA,NA,NA,"Unknown","Cannot determine",NA,"Unknown",NA,"Cannot determine","Chile"
"CHL",8,11,NA,NA,NA,NA,1,25.3333333333333,0.670345345345345,0.0266016016016016,2026,2026-11-01,NA,NA,4,"2026/2027","Unobserved",3,20,9,58,NA,9,"South America","Chile",NA,NA,NA,"Unknown","Cannot determine",NA,"Unknown",NA,"Cannot determine","Chile"
"CHL",9,12,NA,NA,NA,NA,1,26.3333333333333,0.696946946946947,0.0266016016016016,2026,2026-12-01,NA,NA,4,"2026/2027","Unobserved",3,20,9,58,NA,9,"South America","Chile",NA,NA,NA,"Unknown","Cannot determine",NA,"Unknown",NA,"Cannot determine","Chile"
"CHN",11,1,0.105410778722125,26.6428571428571,0.560331523266158,10532.8571428572,26.6428571428571,10532.8571428571,0.994747589399826,0.00909702217851037,2025,2025-01-01,49,"WHO",3,"2024/2025","Observed",49,49,100,10153,NA,100,"East & Southeast Asia","China",0.560331523266158,10532.8571428572,4.03977310898922,"Extremely Low","Rare good event - unusually low cases to date",-0.74505078541205,"Normal",65.8780278621417,"Average - typical case load at this point","China"
"CHN",12,2,NA,NA,0.561820187032821,10553,20.1428571428571,10553,1,0.00525241060017391,2025,2025-02-01,51,"WHO",3,"2024/2025","Observed",100,100,100,10153,NA,100,"East & Southeast Asia","China",0.561820187032821,10553,5.94720960142235,"Low","Below average - fewer cases than typical at this point",-0.742424204126107,"Normal",65.8780278621417,"Average - typical case load at this point","China"
"CHN",1,3,NA,NA,NA,NA,11.8571428571429,11.8571428571429,0.000816984016948811,0.000816984016948811,2025,2025-03-01,38,"WHO",3,"2025/2026","Observed",38,138,10094,10153,NA,10094,"East & Southeast Asia","China",NA,NA,NA,"Unknown","Cannot determine",NA,"Normal",65.8780278621417,"Average - typical case load at this point","China"
"CHN",2,4,NA,NA,NA,NA,20.7142857142857,32.5714285714286,0.00216854145357609,0.00135155743662728,2025,2025-04-01,74,"WHO",3,"2025/2026","Observed",112,212,10094,10153,NA,10094,"East & Southeast Asia","China",NA,NA,NA,"Unknown","Cannot determine",NA,"Normal",65.8780278621417,"Average - typical case load at this point","China"
"CHN",3,5,NA,NA,NA,NA,42,74.5714285714286,0.00495877720722345,0.00279023575364735,2025,2025-05-01,126,"WHO",3,"2025/2026","Observed",238,338,10094,10153,NA,10094,"East & Southeast Asia","China",NA,NA,NA,"Unknown","Cannot determine",NA,"Normal",65.8780278621417,"Average - typical case load at this point","China"
"CHN",4,6,0.138224275890739,99.5000000000001,0.125926422320827,174.071428571428,99.5,174.071428571429,0.0132560079660453,0.00829723075882187,2025,2025-06-01,225,"WHO",3,"2025/2026","Observed",463,563,10094,10153,NA,10094,"East & Southeast Asia","China",0.125926422320827,174.071428571428,89.3815644585226,"High","Above average - more cases than typical at this point",0.588795385556813,"Normal",65.8780278621417,"Average - typical case load at this point","China"
"CHN",5,7,NA,NA,NA,NA,339.857142857143,513.928571428571,0.0451333339091701,0.0318773259431248,2025,2025-07-01,694,"WHO",3,"2025/2026","Observed",1157,1257,10094,10153,NA,10094,"East & Southeast Asia","China",NA,NA,NA,"Unknown","Cannot determine",NA,"Normal",65.8780278621417,"Average - typical case load at this point","China"
"CHN",6,8,0.318490622825604,1089.35714285714,0.297704282056973,1603.28571428572,1089.35714285714,1603.28571428571,0.173866901081231,0.128733567172061,2025,2025-08-01,1702,"WHO",3,"2025/2026","Observed",2859,2959,10094,10153,NA,10094,"East & Southeast Asia","China",0.297704282056973,1603.28571428572,82.5079619536055,"High","Above average - more cases than typical at this point",0.427299255238398,"Normal",65.8780278621417,"Average - typical case load at this point","China"
"CHN",7,9,0.399789293774069,3144.21428571429,0.402566305374287,4747.5,3144.21428571429,4747.5,0.467127790801999,0.293260889720768,2025,2025-09-01,2321,"WHO",3,"2025/2026","Observed",5180,5280,10094,10153,NA,10094,"East & Southeast Asia","China",0.402566305374287,4747.5,71.9239418108432,"Normal","Average - typical case load at this point",0.0577991480429996,"Normal",65.8780278621417,"Average - typical case load at this point","China"
"CHN",8,10,0.487451607398329,4488.35714285713,0.539324214950402,9235.85714285716,4488.35714285714,9235.85714285714,0.834125828543446,0.366998037741447,2025,2025-10-01,3727,"WHO",3,"2025/2026","Observed",8907,9007,10094,10153,NA,10094,"East & Southeast Asia","China",0.539324214950402,9235.85714285716,66.7388754098804,"Normal","Average - typical case load at this point",-0.0261482333878656,"Normal",65.8780278621417,"Average - typical case load at this point","China"
"CHN",9,11,0.615320904668652,1137.64285714286,0.554736447302942,10373.5,1137.64285714286,10373.5,0.967678306541275,0.13355247799783,2025,2025-11-01,849,"WHO",3,"2025/2026","Observed",9756,9856,10094,10153,NA,10094,"East & Southeast Asia","China",0.554736447302942,10373.5,65.8499010240732,"Normal","Average - typical case load at this point",-0.0443346607059142,"Normal",65.8780278621417,"Average - typical case load at this point","China"
"CHN",10,12,0.518159280663563,132.714285714286,0.557256022362152,10506.2142857143,132.714285714286,10506.2142857143,0.985650567221316,0.0179722606800403,2025,2025-12-01,151,"WHO",3,"2025/2026","Observed",9907,10007,10094,10153,NA,10094,"East & Southeast Asia","China",0.557256022362152,10506.2142857143,65.8780278621417,"Normal","Average - typical case load at this point",-0.0425747172393256,"Normal",65.8780278621417,"Average - typical case load at this point","China"
"CHN",11,1,0.105410778722125,26.6428571428571,0.560331523266158,10532.8571428572,26.6428571428571,10532.8571428571,0.994747589399826,0.00909702217851037,2026,2026-01-01,93,"WHO",3,"2025/2026","Observed",10000,93,10094,191834,NA,10094,"East & Southeast Asia","China",0.560331523266158,10532.8571428572,66.0062007856114,"Normal","Average - typical case load at this point",-0.0378682795261714,"Low",9.60201076266209,"Below average - fewer cases than typical at this point","China"
"CHN",12,2,NA,NA,0.561820187032821,10553,20.1428571428571,10553,1,0.00525241060017391,2026,2026-02-01,94,"WHO",3,"2025/2026","Observed",10094,187,10094,191834,NA,10094,"East & Southeast Asia","China",0.561820187032821,10553,66.1767660182189,"Normal","Average - typical case load at this point",-0.0326004696923237,"Low",9.60201076266209,"Below average - fewer cases than typical at this point","China"
"CHN",1,3,NA,NA,NA,NA,11.8571428571429,11.8571428571429,0.000816984016948811,0.000816984016948811,2026,2026-03-01,92,"WHO",3,"2026/2027","Observed",92,279,105601,191834,NA,105601,"East & Southeast Asia","China",NA,NA,NA,"Unknown","Cannot determine",NA,"Low",9.60201076266209,"Below average - fewer cases than typical at this point","China"
"CHN",2,4,NA,NA,NA,NA,20.7142857142857,32.5714285714286,0.00216854145357609,0.00135155743662728,2026,2026-04-01,137,"WHO",3,"2026/2027","Observed",229,416,105601,191834,NA,105601,"East & Southeast Asia","China",NA,NA,NA,"Unknown","Cannot determine",NA,"Low",9.60201076266209,"Below average - fewer cases than typical at this point","China"
"CHN",3,5,NA,NA,NA,NA,42,74.5714285714286,0.00495877720722345,0.00279023575364735,2026,2026-05-01,NA,NA,3,"2026/2027","Unobserved",229,416,105601,191834,NA,105601,"East & Southeast Asia","China",NA,NA,NA,"Unknown","Cannot determine",NA,"Low",9.60201076266209,"Below average - fewer cases than typical at this point","China"
"CHN",4,6,0.138224275890739,99.5000000000001,0.125926422320827,174.071428571428,99.5,174.071428571429,0.0132560079660453,0.00829723075882187,2026,2026-06-01,NA,NA,3,"2026/2027","Unobserved",229,416,105601,191834,NA,105601,"East & Southeast Asia","China",0.125926422320827,174.071428571428,83.2197968945448,"High","Above average - more cases than typical at this point",0.11193662583268,"Low",9.60201076266209,"Below average - fewer cases than typical at this point","China"
"CHN",5,7,NA,NA,NA,NA,339.857142857143,513.928571428571,0.0451333339091701,0.0318773259431248,2026,2026-07-01,NA,NA,3,"2026/2027","Unobserved",229,416,105601,191834,NA,105601,"East & Southeast Asia","China",NA,NA,NA,"Unknown","Cannot determine",NA,"Low",9.60201076266209,"Below average - fewer cases than typical at this point","China"
"CHN",6,8,0.318490622825604,1089.35714285714,0.297704282056973,1603.28571428572,1089.35714285714,1603.28571428571,0.173866901081231,0.128733567172061,2026,2026-08-01,NA,NA,3,"2026/2027","Unobserved",229,416,105601,191834,NA,105601,"East & Southeast Asia","China",0.297704282056973,1603.28571428572,43.1198284085589,"Normal","Average - typical case load at this point",-0.467647194015176,"Low",9.60201076266209,"Below average - fewer cases than typical at this point","China"
"CHN",7,9,0.399789293774069,3144.21428571429,0.402566305374287,4747.5,3144.21428571429,4747.5,0.467127790801999,0.293260889720768,2026,2026-09-01,NA,NA,3,"2026/2027","Unobserved",229,416,105601,191834,NA,105601,"East & Southeast Asia","China",0.402566305374287,4747.5,22.9620598829702,"Low","Below average - fewer cases than typical at this point",-0.603850752444602,"Low",9.60201076266209,"Below average - fewer cases than typical at this point","China"
"CHN",8,10,0.487451607398329,4488.35714285713,0.539324214950402,9235.85714285716,4488.35714285714,9235.85714285714,0.834125828543446,0.366998037741447,2026,2026-10-01,NA,NA,3,"2026/2027","Unobserved",229,416,105601,191834,NA,105601,"East & Southeast Asia","China",0.539324214950402,9235.85714285716,10.9567418320162,"Low","Below average - fewer cases than typical at this point",-0.716157175776751,"Low",9.60201076266209,"Below average - fewer cases than typical at this point","China"
"CHN",9,11,0.615320904668652,1137.64285714286,0.554736447302942,10373.5,1137.64285714286,10373.5,0.967678306541275,0.13355247799783,2026,2026-11-01,NA,NA,3,"2026/2027","Unobserved",229,416,105601,191834,NA,105601,"East & Southeast Asia","China",0.554736447302942,10373.5,9.75529274652722,"Low","Below average - fewer cases than typical at this point",-0.728344883451275,"Low",9.60201076266209,"Below average - fewer cases than typical at this point","China"
"CHN",10,12,0.518159280663563,132.714285714286,0.557256022362152,10506.2142857143,132.714285714286,10506.2142857143,0.985650567221316,0.0179722606800403,2026,2026-12-01,NA,NA,3,"2026/2027","Unobserved",229,416,105601,191834,NA,105601,"East & Southeast Asia","China",0.557256022362152,10506.2142857143,9.60201076266209,"Low","Below average - fewer cases than typical at this point",-0.730205375028195,"Low",9.60201076266209,"Below average - fewer cases than typical at this point","China"
"CIV",12,1,3.02048303722008,78.75,0.675275575967817,2630.25,78.75,2630.25,1,0.27289999526653,2025,2025-01-01,23,"WHO",2,"2024/2025","Observed",23,23,23,545,NA,23,"Sub-Saharan Africa","Cote D'ivoire",0.675275575967817,2630.25,3.53256496907113,"Extremely Low","Rare good event - unusually low cases to date",-0.814461248785252,"Normal",34.3404631369831,"Average - typical case load at this point","Cote D'ivoire"
"CIV",1,2,NA,NA,NA,NA,43.25,43.25,0.0118846019433057,0.0118846019433057,2025,2025-02-01,5,"WHO",2,"2025/2026","Observed",5,28,432,545,NA,432,"Sub-Saharan Africa","Cote D'ivoire",NA,NA,NA,"Unknown","Cannot determine",NA,"Normal",34.3404631369831,"Average - typical case load at this point","Cote D'ivoire"
"CIV",2,3,NA,NA,NA,NA,30.75,74,0.0265132503715897,0.0146286484282839,2025,2025-03-01,15,"WHO",2,"2025/2026","Observed",20,43,432,545,NA,432,"Sub-Saharan Africa","Cote D'ivoire",NA,NA,NA,"Unknown","Cannot determine",NA,"Normal",34.3404631369831,"Average - typical case load at this point","Cote D'ivoire"
"CIV",3,4,NA,NA,NA,NA,20,94,0.0388023177148786,0.0122890673432889,2025,2025-04-01,15,"WHO",2,"2025/2026","Observed",35,58,432,545,NA,432,"Sub-Saharan Africa","Cote D'ivoire",NA,NA,NA,"Unknown","Cannot determine",NA,"Normal",34.3404631369831,"Average - typical case load at this point","Cote D'ivoire"
"CIV",4,5,0.715917861102301,49.75,NA,NA,49.75,143.75,0.065226052677137,0.0264237349622584,2025,2025-05-01,28,"WHO",2,"2025/2026","Observed",63,86,432,545,NA,432,"Sub-Saharan Africa","Cote D'ivoire",NA,NA,NA,"Unknown","Cannot determine",NA,"Normal",34.3404631369831,"Average - typical case load at this point","Cote D'ivoire"
"CIV",5,6,0.334029646723253,460.999999999999,0.401840194736288,604.75,461,604.75,0.188060705551662,0.122834652874525,2025,2025-06-01,78,"WHO",2,"2025/2026","Observed",141,164,432,545,NA,432,"Sub-Saharan Africa","Cote D'ivoire",0.401840194736288,604.75,42.465314202425,"Normal","Average - typical case load at this point",-0.485948776238338,"Normal",34.3404631369831,"Average - typical case load at this point","Cote D'ivoire"
"CIV",6,7,0.388569111910422,748,0.39972843810702,1352.75,748,1352.75,0.391491705297309,0.203430999745647,2025,2025-07-01,106,"WHO",2,"2025/2026","Observed",247,270,432,545,NA,432,"Sub-Saharan Africa","Cote D'ivoire",0.39972843810702,1352.75,38.8180704210565,"Normal","Average - typical case load at this point",-0.516722975861323,"Normal",34.3404631369831,"Average - typical case load at this point","Cote D'ivoire"
"CIV",7,8,NA,NA,0.391854860532015,2212,859.25,2212,0.599771765861741,0.208280060564432,2025,2025-08-01,39,"WHO",2,"2025/2026","Observed",286,309,432,545,NA,432,"Sub-Saharan Africa","Cote D'ivoire",0.391854860532015,2212,34.5449519285415,"Normal","Average - typical case load at this point",-0.544998510158957,"Normal",34.3404631369831,"Average - typical case load at this point","Cote D'ivoire"
"CIV",8,9,0.415852490612493,221.75,0.396335623393084,2433.75,221.75,2433.75,0.665758200017591,0.0659864341558508,2025,2025-09-01,28,"WHO",2,"2025/2026","Observed",314,337,432,545,NA,432,"Sub-Saharan Africa","Cote D'ivoire",0.396335623393084,2433.75,34.2109091990306,"Normal","Average - typical case load at this point",-0.548283118862084,"Normal",34.3404631369831,"Average - typical case load at this point","Cote D'ivoire"
"CIV",9,10,NA,NA,0.400973895185058,2495.75,62,2495.75,0.680553977272594,0.0147957772550026,2025,2025-10-01,0,"WHO",2,"2025/2026","Observed",314,337,432,545,NA,432,"Sub-Saharan Africa","Cote D'ivoire",0.400973895185058,2495.75,33.5725656824525,"Normal","Average - typical case load at this point",-0.553512037221901,"Normal",34.3404631369831,"Average - typical case load at this point","Cote D'ivoire"
"CIV",10,11,NA,NA,0.408957168068285,2531.50000000001,35.75,2531.5,0.699959147147088,0.0194051698744943,2025,2025-11-01,19,"WHO",2,"2025/2026","Observed",333,356,432,545,NA,432,"Sub-Saharan Africa","Cote D'ivoire",0.408957168068285,2531.50000000001,33.6292097209742,"Normal","Average - typical case load at this point",-0.555331583473281,"Normal",34.3404631369831,"Average - typical case load at this point","Cote D'ivoire"
"CIV",11,12,1.14715093755554,20,0.420145531036968,2551.5,20,2551.5,0.72710000473347,0.0271408575863822,2025,2025-12-01,40,"WHO",2,"2025/2026","Observed",373,396,432,545,NA,432,"Sub-Saharan Africa","Cote D'ivoire",0.420145531036968,2551.5,34.3404631369831,"Normal","Average - typical case load at this point",-0.553383380423643,"Normal",34.3404631369831,"Average - typical case load at this point","Cote D'ivoire"
"CIV",12,1,3.02048303722008,78.75,0.675275575967817,2630.25,78.75,2630.25,1,0.27289999526653,2026,2026-01-01,59,"WHO",2,"2025/2026","Observed",432,59,432,4355,NA,432,"Sub-Saharan Africa","Cote D'ivoire",0.675275575967817,2630.25,23.9967381710283,"Low","Below average - fewer cases than typical at this point",-0.686696496362904,"Low",20.8604335915097,"Below average - fewer cases than typical at this point","Cote D'ivoire"
"CIV",1,2,NA,NA,NA,NA,43.25,43.25,0.0118846019433057,0.0118846019433057,2026,2026-02-01,36,"WHO",2,"2026/2027","Observed",36,95,2835,4355,NA,2835,"Sub-Saharan Africa","Cote D'ivoire",NA,NA,NA,"Unknown","Cannot determine",NA,"Low",20.8604335915097,"Below average - fewer cases than typical at this point","Cote D'ivoire"
"CIV",2,3,NA,NA,NA,NA,30.75,74,0.0265132503715897,0.0146286484282839,2026,2026-03-01,50,"WHO",2,"2026/2027","Observed",86,145,2835,4355,NA,2835,"Sub-Saharan Africa","Cote D'ivoire",NA,NA,NA,"Unknown","Cannot determine",NA,"Low",20.8604335915097,"Below average - fewer cases than typical at this point","Cote D'ivoire"
"CIV",3,4,NA,NA,NA,NA,20,94,0.0388023177148786,0.0122890673432889,2026,2026-04-01,24,"WHO",2,"2026/2027","Observed",110,169,2835,4355,NA,2835,"Sub-Saharan Africa","Cote D'ivoire",NA,NA,NA,"Unknown","Cannot determine",NA,"Low",20.8604335915097,"Below average - fewer cases than typical at this point","Cote D'ivoire"
"CIV",4,5,0.715917861102301,49.75,NA,NA,49.75,143.75,0.065226052677137,0.0264237349622584,2026,2026-05-01,NA,NA,2,"2026/2027","Unobserved",110,169,2835,4355,NA,2835,"Sub-Saharan Africa","Cote D'ivoire",NA,NA,NA,"Unknown","Cannot determine",NA,"Low",20.8604335915097,"Below average - fewer cases than typical at this point","Cote D'ivoire"
"CIV",5,6,0.334029646723253,460.999999999999,0.401840194736288,604.75,461,604.75,0.188060705551662,0.122834652874525,2026,2026-06-01,NA,NA,2,"2026/2027","Unobserved",110,169,2835,4355,NA,2835,"Sub-Saharan Africa","Cote D'ivoire",0.401840194736288,604.75,38.6766641521911,"Normal","Average - typical case load at this point",-0.518432683652652,"Low",20.8604335915097,"Below average - fewer cases than typical at this point","Cote D'ivoire"
"CIV",6,7,0.388569111910422,748,0.39972843810702,1352.75,748,1352.75,0.391491705297309,0.203430999745647,2026,2026-07-01,NA,NA,2,"2026/2027","Unobserved",110,169,2835,4355,NA,2835,"Sub-Saharan Africa","Cote D'ivoire",0.39972843810702,1352.75,28.4550498297647,"Normal","Average - typical case load at this point",-0.58074381935488,"Low",20.8604335915097,"Below average - fewer cases than typical at this point","Cote D'ivoire"
"CIV",7,8,NA,NA,0.391854860532015,2212,859.25,2212,0.599771765861741,0.208280060564432,2026,2026-08-01,NA,NA,2,"2026/2027","Unobserved",110,169,2835,4355,NA,2835,"Sub-Saharan Africa","Cote D'ivoire",0.391854860532015,2212,23.9997686666109,"Low","Below average - fewer cases than typical at this point",-0.594801073911801,"Low",20.8604335915097,"Below average - fewer cases than typical at this point","Cote D'ivoire"
"CIV",8,9,0.415852490612493,221.75,0.396335623393084,2433.75,221.75,2433.75,0.665758200017591,0.0659864341558508,2026,2026-09-01,NA,NA,2,"2026/2027","Unobserved",110,169,2835,4355,NA,2835,"Sub-Saharan Africa","Cote D'ivoire",0.396335623393084,2433.75,22.8233264105262,"Low","Below average - fewer cases than typical at this point",-0.601048660198498,"Low",20.8604335915097,"Below average - fewer cases than typical at this point","Cote D'ivoire"
"CIV",9,10,NA,NA,0.400973895185058,2495.75,62,2495.75,0.680553977272594,0.0147957772550026,2026,2026-10-01,NA,NA,2,"2026/2027","Unobserved",110,169,2835,4355,NA,2835,"Sub-Saharan Africa","Cote D'ivoire",0.400973895185058,2495.75,22.28826909246,"Low","Below average - fewer cases than typical at this point",-0.605267030045675,"Low",20.8604335915097,"Below average - fewer cases than typical at this point","Cote D'ivoire"
"CIV",10,11,NA,NA,0.408957168068285,2531.50000000001,35.75,2531.5,0.699959147147088,0.0194051698744943,2026,2026-11-01,NA,NA,2,"2026/2027","Unobserved",110,169,2835,4355,NA,2835,"Sub-Saharan Africa","Cote D'ivoire",0.408957168068285,2531.50000000001,21.6390979157929,"Low","Below average - fewer cases than typical at this point",-0.611660418185376,"Low",20.8604335915097,"Below average - fewer cases than typical at this point","Cote D'ivoire"
"CIV",11,12,1.14715093755554,20,0.420145531036968,2551.5,20,2551.5,0.72710000473347,0.0271408575863822,2026,2026-12-01,NA,NA,2,"2026/2027","Unobserved",110,169,2835,4355,NA,2835,"Sub-Saharan Africa","Cote D'ivoire",0.420145531036968,2551.5,20.8604335915097,"Low","Below average - fewer cases than typical at this point",-0.620190738262256,"Low",20.8604335915097,"Below average - fewer cases than typical at this point","Cote D'ivoire"
"COK",1,1,0.704323258917619,10.5,0.704323258917619,10.5,10.5,10.5,0.0219526272984199,0.0219526272984199,2025,2025-01-01,0,"WHO",1,"2025/2026","Observed",0,0,234,234,NA,234,"Pacific Islands","Cook Islands",0.704323258917619,10.5,14.2454309954177,"Low","Below average - fewer cases than typical at this point",-0.812433549977877,"Normal",30.4441325833671,"Average - typical case load at this point","Cook Islands"
"COK",2,2,0.792906446776772,55.6666666666667,0.764328103569812,66.1666666666667,55.6666666666667,66.1666666666667,0.143220116340383,0.121267489041963,2025,2025-02-01,1,"WHO",1,"2025/2026","Observed",1,1,234,234,NA,234,"Pacific Islands","Cook Islands",0.764328103569812,66.1666666666667,5.75221044191036,"Low","Below average - fewer cases than typical at this point",-0.856115092150757,"Normal",30.4441325833671,"Average - typical case load at this point","Cook Islands"
"COK",3,3,NA,NA,0.664255400922457,171.666666666667,105.5,171.666666666667,0.375046553192302,0.23182643685192,2025,2025-03-01,0,"WHO",1,"2025/2026","Observed",1,1,234,234,NA,234,"Pacific Islands","Cook Islands",0.664255400922457,171.666666666667,4.1401883560496,"Extremely Low","Rare good event - unusually low cases to date",-0.808707852967633,"Normal",30.4441325833671,"Average - typical case load at this point","Cook Islands"
"COK",4,4,0.706908420344493,69.6666666666668,0.680107479705771,241.333333333333,69.6666666666667,241.333333333333,0.514764350175039,0.139717796982736,2025,2025-04-01,1,"WHO",1,"2025/2026","Observed",2,2,234,234,NA,234,"Pacific Islands","Cook Islands",0.680107479705771,241.333333333333,4.13369681784349,"Extremely Low","Rare good event - unusually low cases to date",-0.816701900546114,"Normal",30.4441325833671,"Average - typical case load at this point","Cook Islands"
"COK",5,5,1.29039185938199,55.8333333333334,0.93063912119937,297.166666666666,55.8333333333333,297.166666666667,0.630928390062219,0.116164039887181,2025,2025-05-01,12,"WHO",1,"2025/2026","Observed",14,14,234,234,NA,234,"Pacific Islands","Cook Islands",0.93063912119937,297.166666666666,5.81743148870115,"Low","Below average - fewer cases than typical at this point",-0.917811952508569,"Normal",30.4441325833671,"Average - typical case load at this point","Cook Islands"
"COK",6,6,1.62746979603894,36,1.14208838452417,333.166666666667,36,333.166666666667,0.709756482926589,0.0788280928643696,2025,2025-06-01,23,"WHO",1,"2025/2026","Observed",37,37,234,234,NA,234,"Pacific Islands","Cook Islands",1.14208838452417,333.166666666667,8.51942433300306,"Low","Below average - fewer cases than typical at this point",-0.948377818424934,"Normal",30.4441325833671,"Average - typical case load at this point","Cook Islands"
"COK",7,7,1.54848594587346,31,1.32713998243829,364.166666666667,31,364.166666666667,0.781356864288073,0.0716003813614838,2025,2025-07-01,34,"WHO",1,"2025/2026","Observed",71,71,234,234,NA,234,"Pacific Islands","Cook Islands",1.32713998243829,364.166666666667,12.3335709541585,"Low","Below average - fewer cases than typical at this point",-0.925726826269538,"Normal",30.4441325833671,"Average - typical case load at this point","Cook Islands"
"COK",8,8,1.29353320540324,20.5,1.37874588770198,384.666666666667,20.5,384.666666666667,0.824607992163296,0.0432511278752228,2025,2025-08-01,18,"WHO",1,"2025/2026","Observed",89,89,234,234,NA,234,"Pacific Islands","Cook Islands",1.37874588770198,384.666666666667,14.2868855212385,"Low","Below average - fewer cases than typical at this point",-0.900913313975407,"Normal",30.4441325833671,"Average - typical case load at this point","Cook Islands"
"COK",9,9,1.51545593686133,17,1.56650648896916,401.666666666667,17,401.666666666667,0.882356590834578,0.0577485986712823,2025,2025-09-01,40,"WHO",1,"2025/2026","Observed",129,129,234,234,NA,234,"Pacific Islands","Cook Islands",1.56650648896916,401.666666666667,18.322780220211,"Low","Below average - fewer cases than typical at this point",-0.847982959893665,"Normal",30.4441325833671,"Average - typical case load at this point","Cook Islands"
"COK",10,10,0.792494020543718,10.6666666666667,1.68671551447276,412.333333333333,10.6666666666667,412.333333333333,0.919646293281641,0.0372897024470629,2025,2025-10-01,34,"WHO",1,"2025/2026","Observed",163,163,234,234,NA,234,"Pacific Islands","Cook Islands",1.68671551447276,412.333333333333,22.2214437150863,"Low","Below average - fewer cases than typical at this point",-0.783729789111048,"Normal",30.4441325833671,"Average - typical case load at this point","Cook Islands"
"COK",11,11,0.5624931478381,15,1.84311449467866,427.333333333333,15,427.333333333333,0.974793390398684,0.0551470971170431,2025,2025-11-01,59,"WHO",1,"2025/2026","Observed",222,222,234,234,NA,234,"Pacific Islands","Cook Islands",1.84311449467866,427.333333333333,29.5070437932597,"Normal","Average - typical case load at this point",-0.650930001940995,"Normal",30.4441325833671,"Average - typical case load at this point","Cook Islands"
"COK",12,12,1.66581428413964,9.16666666666667,1.86936872478838,436.5,9.16666666666667,436.5,1,0.0252066096013162,2025,2025-12-01,12,"WHO",1,"2025/2026","Observed",234,234,234,234,NA,234,"Pacific Islands","Cook Islands",1.86936872478838,436.5,30.4441325833671,"Normal","Average - typical case load at this point",-0.632936716599795,"Normal",30.4441325833671,"Average - typical case load at this point","Cook Islands"
"COK",1,1,0.704323258917619,10.5,0.704323258917619,10.5,10.5,10.5,0.0219526272984199,0.0219526272984199,2026,2026-01-01,259,"WHO",1,"2026/2027","Observed",259,259,1649,1649,NA,1649,"Pacific Islands","Cook Islands",0.704323258917619,10.5,99.9999984436922,"Extremely High","Rare bad event - unusually high cases to date",19.2275940161431,"High",89.501532135984,"Above average - more cases than typical at this point","Cook Islands"
"COK",2,2,0.792906446776772,55.6666666666667,0.764328103569812,66.1666666666667,55.6666666666667,66.1666666666667,0.143220116340383,0.121267489041963,2026,2026-02-01,423,"WHO",1,"2026/2027","Observed",682,682,1649,1649,NA,1649,"Pacific Islands","Cook Islands",0.764328103569812,66.1666666666667,99.9805127568111,"Extremely High","Rare bad event - unusually high cases to date",8.09039709845791,"High",89.501532135984,"Above average - more cases than typical at this point","Cook Islands"
"COK",3,3,NA,NA,0.664255400922457,171.666666666667,105.5,171.666666666667,0.375046553192302,0.23182643685192,2026,2026-03-01,159,"WHO",1,"2026/2027","Observed",841,841,1649,1649,NA,1649,"Pacific Islands","Cook Islands",0.664255400922457,171.666666666667,98.2286035628786,"Extremely High","Rare bad event - unusually high cases to date",3.17165111085743,"High",89.501532135984,"Above average - more cases than typical at this point","Cook Islands"
"COK",4,4,0.706908420344493,69.6666666666668,0.680107479705771,241.333333333333,69.6666666666667,241.333333333333,0.514764350175039,0.139717796982736,2026,2026-04-01,8,"WHO",1,"2026/2027","Observed",849,849,1649,1649,NA,1649,"Pacific Islands","Cook Islands",0.680107479705771,241.333333333333,95.2812254060471,"Extremely High","Rare bad event - unusually high cases to date",2.07360385055093,"High",89.501532135984,"Above average - more cases than typical at this point","Cook Islands"
"COK",5,5,1.29039185938199,55.8333333333334,0.93063912119937,297.166666666666,55.8333333333333,297.166666666667,0.630928390062219,0.116164039887181,2026,2026-05-01,NA,NA,1,"2026/2027","Unobserved",849,849,1649,1649,NA,1649,"Pacific Islands","Cook Islands",0.93063912119937,297.166666666666,93.8549984731079,"High","Above average - more cases than typical at this point",1.78862588272859,"High",89.501532135984,"Above average - more cases than typical at this point","Cook Islands"
"COK",6,6,1.62746979603894,36,1.14208838452417,333.166666666667,36,333.166666666667,0.709756482926589,0.0788280928643696,2026,2026-06-01,NA,NA,1,"2026/2027","Unobserved",849,849,1649,1649,NA,1649,"Pacific Islands","Cook Islands",1.14208838452417,333.166666666667,92.9502055100858,"High","Above average - more cases than typical at this point",1.65178916602429,"High",89.501532135984,"Above average - more cases than typical at this point","Cook Islands"
"COK",7,7,1.54848594587346,31,1.32713998243829,364.166666666667,31,364.166666666667,0.781356864288073,0.0716003813614838,2026,2026-07-01,NA,NA,1,"2026/2027","Unobserved",849,849,1649,1649,NA,1649,"Pacific Islands","Cook Islands",1.32713998243829,364.166666666667,91.9927669373117,"High","Above average - more cases than typical at this point",1.5309490265026,"High",89.501532135984,"Above average - more cases than typical at this point","Cook Islands"
"COK",8,8,1.29353320540324,20.5,1.37874588770198,384.666666666667,20.5,384.666666666667,0.824607992163296,0.0432511278752228,2026,2026-08-01,NA,NA,1,"2026/2027","Unobserved",849,849,1649,1649,NA,1649,"Pacific Islands","Cook Islands",1.37874588770198,384.666666666667,90.9361498632721,"High","Above average - more cases than typical at this point",1.41485033412372,"High",89.501532135984,"Above average - more cases than typical at this point","Cook Islands"
"COK",9,9,1.51545593686133,17,1.56650648896916,401.666666666667,17,401.666666666667,0.882356590834578,0.0577485986712823,2026,2026-09-01,NA,NA,1,"2026/2027","Unobserved",849,849,1649,1649,NA,1649,"Pacific Islands","Cook Islands",1.56650648896916,401.666666666667,90.6656626619818,"High","Above average - more cases than typical at this point",1.39118964813851,"High",89.501532135984,"Above average - more cases than typical at this point","Cook Islands"
"COK",10,10,0.792494020543718,10.6666666666667,1.68671551447276,412.333333333333,10.6666666666667,412.333333333333,0.919646293281641,0.0372897024470629,2026,2026-10-01,NA,NA,1,"2026/2027","Unobserved",849,849,1649,1649,NA,1649,"Pacific Islands","Cook Islands",1.68671551447276,412.333333333333,90.4543569638469,"High","Above average - more cases than typical at this point",1.37257489804208,"High",89.501532135984,"Above average - more cases than typical at this point","Cook Islands"
"COK",11,11,0.5624931478381,15,1.84311449467866,427.333333333333,15,427.333333333333,0.974793390398684,0.0551470971170431,2026,2026-11-01,NA,NA,1,"2026/2027","Unobserved",849,849,1649,1649,NA,1649,"Pacific Islands","Cook Islands",1.84311449467866,427.333333333333,90.0445712842918,"High","Above average - more cases than typical at this point",1.33673125398597,"High",89.501532135984,"Above average - more cases than typical at this point","Cook Islands"
"COK",12,12,1.66581428413964,9.16666666666667,1.86936872478838,436.5,9.16666666666667,436.5,1,0.0252066096013162,2026,2026-12-01,NA,NA,1,"2026/2027","Unobserved",849,849,1649,1649,NA,1649,"Pacific Islands","Cook Islands",1.86936872478838,436.5,89.501532135984,"High","Above average - more cases than typical at this point",1.2893155338144,"High",89.501532135984,"Above average - more cases than typical at this point","Cook Islands"
"COL",12,1,2.41479181014426,9960.5625,2.87120595534445,102813.8125,9960.5625,102813.8125,1,0.105176907998615,2025,2025-01-01,19794,"PAHO",2,"2024/2025","Observed",19794,19794,19794,139825,NA,19794,"South America","Colombia",2.87120595534445,102813.8125,2.38011504509795,"Extremely Low","Rare good event - unusually low cases to date",-1.36822144604493,"Normal",66.0498098123307,"Average - typical case load at this point","Colombia"
"COL",1,2,1.8611318726909,8925.0625,1.8611318726909,8925.0625,8925.0625,8925.0625,0.0867544896193062,0.0867544896193062,2025,2025-02-01,14705,"PAHO",2,"2025/2026","Observed",14705,34499,116862,139825,NA,116862,"South America","Colombia",1.8611318726909,8925.0625,83.6234353760863,"High","Above average - more cases than typical at this point",0.883395480128495,"Normal",66.0498098123307,"Average - typical case load at this point","Colombia"
"COL",2,3,1.50470941621698,9758.375,1.67816405850618,18683.4375,9758.375,18683.4375,0.173328112939929,0.0865736233206226,2025,2025-03-01,16984,"PAHO",2,"2025/2026","Observed",31689,51483,116862,139825,NA,116862,"South America","Colombia",1.67816405850618,18683.4375,84.1017580173548,"High","Above average - more cases than typical at this point",0.901716592453365,"Normal",66.0498098123307,"Average - typical case load at this point","Colombia"
"COL",3,4,1.72069327545389,9445.99999999997,1.7252783213059,28129.4375,9446,28129.4375,0.258575076729329,0.0852469637894003,2025,2025-04-01,13301,"PAHO",2,"2025/2026","Observed",44990,64784,116862,139825,NA,116862,"South America","Colombia",1.7252783213059,28129.4375,81.9992586097006,"High","Above average - more cases than typical at this point",0.787276478726477,"Normal",66.0498098123307,"Average - typical case load at this point","Colombia"
"COL",4,5,1.89239387123688,10349.1875,1.80323589274484,38478.625,10349.1875,38478.625,0.353439110687293,0.0948640339579639,2025,2025-05-01,11614,"PAHO",2,"2025/2026","Observed",56604,76398,116862,139825,NA,116862,"South America","Colombia",1.80323589274484,38478.625,78.7133487273702,"High","Above average - more cases than typical at this point",0.632533529530023,"Normal",66.0498098123307,"Average - typical case load at this point","Colombia"
"COL",5,6,1.59889817380443,9795.62499999997,1.80562217491271,48274.2500000001,9795.625,48274.25,0.438250827962426,0.084811717275133,2025,2025-06-01,11049,"PAHO",2,"2025/2026","Observed",67653,87447,116862,139825,NA,116862,"South America","Colombia",1.80562217491271,48274.2500000001,76.5476634778407,"High","Above average - more cases than typical at this point",0.539405714125319,"Normal",66.0498098123307,"Average - typical case load at this point","Colombia"
"COL",6,7,2.40558312617766,8740.12500000001,1.93599359323945,57014.3750000001,8740.125,57014.375,0.522148525870288,0.0838976979078624,2025,2025-07-01,7429,"PAHO",2,"2025/2026","Observed",75082,94876,116862,139825,NA,116862,"South America","Colombia",1.93599359323945,57014.3750000001,73.8192880145051,"Normal","Average - typical case load at this point",0.440921508598193,"Normal",66.0498098123307,"Average - typical case load at this point","Colombia"
"COL",7,8,2.76133915497604,7105.3125,2.05330306421239,64119.6875000001,7105.3125,64119.6875,0.591677519348872,0.0695289934785837,2025,2025-08-01,5159,"PAHO",2,"2025/2026","Observed",80241,100035,116862,139825,NA,116862,"South America","Colombia",2.05330306421239,64119.6875000001,71.3719498216731,"Normal","Average - typical case load at this point",0.360270393188881,"Normal",66.0498098123307,"Average - typical case load at this point","Colombia"
"COL",8,9,2.65447318207147,7134.62500000001,2.18504198400765,71254.3125,7134.625,71254.3125,0.662427889026725,0.0707503696778532,2025,2025-09-01,6506,"PAHO",2,"2025/2026","Observed",86747,106541,116862,139825,NA,116862,"South America","Colombia",2.18504198400765,71254.3125,70.0026332704804,"Normal","Average - typical case load at this point",0.321394796414799,"Normal",66.0498098123307,"Average - typical case load at this point","Colombia"
"COL",9,10,3.76901135280955,7077.93749999999,2.38320855014998,78332.2499999998,7077.9375,78332.25,0.738474361152643,0.0760464721259176,2025,2025-10-01,4615,"PAHO",2,"2025/2026","Observed",91362,111156,116862,139825,NA,116862,"South America","Colombia",2.38320855014998,78332.2499999998,67.6789166849539,"Normal","Average - typical case load at this point",0.256785146893649,"Normal",66.0498098123307,"Average - typical case load at this point","Colombia"
"COL",10,11,3.04125342505869,7498.1875,2.56940991517742,85830.4374999999,7498.1875,85830.4375,0.818984888778513,0.0805105276258704,2025,2025-11-01,6554,"PAHO",2,"2025/2026","Observed",97916,117710,116862,139825,NA,116862,"South America","Colombia",2.56940991517742,85830.4374999999,66.3926573895995,"Normal","Average - typical case load at this point",0.225702172732375,"Normal",66.0498098123307,"Average - typical case load at this point","Colombia"
"COL",11,12,3.05262861454672,7022.81249999999,2.72364845963094,92853.2500000002,7022.8125,92853.25,0.894823092001385,0.075838203222872,2025,2025-12-01,7409,"PAHO",2,"2025/2026","Observed",105325,125119,116862,139825,NA,116862,"South America","Colombia",2.72364845963094,92853.2500000002,66.0498098123307,"Normal","Average - typical case load at this point",0.221666183666765,"Normal",66.0498098123307,"Average - typical case load at this point","Colombia"
"COL",12,1,2.41479181014426,9960.5625,2.87120595534445,102813.8125,9960.5625,102813.8125,1,0.105176907998615,2026,2026-01-01,11537,"PAHO",2,"2025/2026","Observed",116862,11537,116862,152354,NA,116862,"South America","Colombia",2.87120595534445,102813.8125,66.1944848332719,"Normal","Average - typical case load at this point",0.231523425996173,"Low",7.51069433947217,"Below average - fewer cases than typical at this point","Colombia"
"COL",1,2,1.8611318726909,8925.0625,1.8611318726909,8925.0625,8925.0625,8925.0625,0.0867544896193062,0.0867544896193062,2026,2026-02-01,9292,"PAHO",2,"2026/2027","Observed",9292,20829,107737,152354,NA,107737,"South America","Colombia",1.8611318726909,8925.0625,61.8402250317684,"Normal","Average - typical case load at this point",0.0560820820276427,"Low",7.51069433947217,"Below average - fewer cases than typical at this point","Colombia"
"COL",2,3,1.50470941621698,9758.375,1.67816405850618,18683.4375,9758.375,18683.4375,0.173328112939929,0.0865736233206226,2026,2026-03-01,10803,"PAHO",2,"2026/2027","Observed",20095,31632,107737,152354,NA,107737,"South America","Colombia",1.67816405850618,18683.4375,63.8325747351714,"Normal","Average - typical case load at this point",0.0978680720295597,"Low",7.51069433947217,"Below average - fewer cases than typical at this point","Colombia"
"COL",3,4,1.72069327545389,9445.99999999997,1.7252783213059,28129.4375,9446,28129.4375,0.258575076729329,0.0852469637894003,2026,2026-04-01,7763,"PAHO",2,"2026/2027","Observed",27858,39395,107737,152354,NA,107737,"South America","Colombia",1.7252783213059,28129.4375,59.630303115036,"Normal","Average - typical case load at this point",-0.0126743315470258,"Low",7.51069433947217,"Below average - fewer cases than typical at this point","Colombia"
"COL",4,5,1.89239387123688,10349.1875,1.80323589274484,38478.625,10349.1875,38478.625,0.353439110687293,0.0948640339579639,2026,2026-05-01,NA,NA,2,"2026/2027","Unobserved",27858,39395,107737,152354,NA,107737,"South America","Colombia",1.80323589274484,38478.625,43.834392387252,"Normal","Average - typical case load at this point",-0.370635168489743,"Low",7.51069433947217,"Below average - fewer cases than typical at this point","Colombia"
"COL",5,6,1.59889817380443,9795.62499999997,1.80562217491271,48274.2500000001,9795.625,48274.25,0.438250827962426,0.084811717275133,2026,2026-06-01,NA,NA,2,"2026/2027","Unobserved",27858,39395,107737,152354,NA,107737,"South America","Colombia",1.80562217491271,48274.2500000001,33.8306945316736,"Normal","Average - typical case load at this point",-0.568284430678508,"Low",7.51069433947217,"Below average - fewer cases than typical at this point","Colombia"
"COL",6,7,2.40558312617766,8740.12500000001,1.93599359323945,57014.3750000001,8740.125,57014.375,0.522148525870288,0.0838976979078624,2026,2026-07-01,NA,NA,2,"2026/2027","Unobserved",27858,39395,107737,152354,NA,107737,"South America","Colombia",1.93599359323945,57014.3750000001,26.192634855266,"Normal","Average - typical case load at this point",-0.711530865304916,"Low",7.51069433947217,"Below average - fewer cases than typical at this point","Colombia"
"COL",7,8,2.76133915497604,7105.3125,2.05330306421239,64119.6875000001,7105.3125,64119.6875,0.591677519348872,0.0695289934785837,2026,2026-08-01,NA,NA,2,"2026/2027","Unobserved",27858,39395,107737,152354,NA,107737,"South America","Colombia",2.05330306421239,64119.6875000001,21.1240814078282,"Low","Below average - fewer cases than typical at this point",-0.81035662656607,"Low",7.51069433947217,"Below average - fewer cases than typical at this point","Colombia"
"COL",8,9,2.65447318207147,7134.62500000001,2.18504198400765,71254.3125,7134.625,71254.3125,0.662427889026725,0.0707503696778532,2026,2026-09-01,NA,NA,2,"2026/2027","Unobserved",27858,39395,107737,152354,NA,107737,"South America","Colombia",2.18504198400765,71254.3125,16.8447973392497,"Low","Below average - fewer cases than typical at this point",-0.900253685559108,"Low",7.51069433947217,"Below average - fewer cases than typical at this point","Colombia"
"COL",9,10,3.76901135280955,7077.93749999999,2.38320855014998,78332.2499999998,7077.9375,78332.25,0.738474361152643,0.0760464721259176,2026,2026-10-01,NA,NA,2,"2026/2027","Unobserved",27858,39395,107737,152354,NA,107737,"South America","Colombia",2.38320855014998,78332.2499999998,12.9023010927598,"Low","Below average - fewer cases than typical at this point",-0.994726506694031,"Low",7.51069433947217,"Below average - fewer cases than typical at this point","Colombia"
"COL",10,11,3.04125342505869,7498.1875,2.56940991517742,85830.4374999999,7498.1875,85830.4375,0.818984888778513,0.0805105276258704,2026,2026-11-01,NA,NA,2,"2026/2027","Unobserved",27858,39395,107737,152354,NA,107737,"South America","Colombia",2.56940991517742,85830.4374999999,9.73846564294172,"Low","Below average - fewer cases than typical at this point",-1.08265586333624,"Low",7.51069433947217,"Below average - fewer cases than typical at this point","Colombia"
"COL",11,12,3.05262861454672,7022.81249999999,2.72364845963094,92853.2500000002,7022.8125,92853.25,0.894823092001385,0.075838203222872,2026,2026-12-01,NA,NA,2,"2026/2027","Unobserved",27858,39395,107737,152354,NA,107737,"South America","Colombia",2.72364845963094,92853.2500000002,7.51069433947217,"Low","Below average - fewer cases than typical at this point",-1.15519065279272,"Low",7.51069433947217,"Below average - fewer cases than typical at this point","Colombia"
"CRI",11,1,0.944543615048547,1515.3125,1.70576972649975,19941.25,1515.3125,19941.25,0.960111790091443,0.0681942838396321,2025,2025-01-01,544,"PAHO",3,"2024/2025","Observed",544,544,804,6784,NA,804,"North & Central America","Costa Rica",1.70576972649975,19941.25,0.335539498177653,"Extremely Low","Rare good event - unusually low cases to date",-1.27036761020149,"Low",13.8785507902121,"Below average - fewer cases than typical at this point","Costa Rica"
"CRI",12,2,1.14473946592164,795.5,1.71579471160473,20736.75,795.5,20736.75,1,0.0398882099085567,2025,2025-02-01,260,"PAHO",3,"2024/2025","Observed",804,804,804,6784,NA,804,"North & Central America","Costa Rica",1.71579471160473,20736.75,0.587693081029122,"Extremely Low","Rare good event - unusually low cases to date",-1.25904491678254,"Low",13.8785507902121,"Below average - fewer cases than typical at this point","Costa Rica"
"CRI",1,3,1.48121602848919,714.75,1.48121602848919,714.75,714.75,714.75,0.0371683469535789,0.0371683469535789,2025,2025-03-01,286,"PAHO",3,"2025/2026","Observed",286,1090,5667,6784,NA,5667,"North & Central America","Costa Rica",1.48121602848919,714.75,25.0559172750713,"Normal","Average - typical case load at this point",-0.729305736981482,"Low",13.8785507902121,"Below average - fewer cases than typical at this point","Costa Rica"
"CRI",2,4,1.88506123914004,643.624999999999,1.70216847783084,1358.375,643.625,1358.375,0.0736384762194345,0.0364701292658555,2025,2025-04-01,165,"PAHO",3,"2025/2026","Observed",451,1255,5667,6784,NA,5667,"North & Central America","Costa Rica",1.70216847783084,1358.375,17.3695607144759,"Low","Below average - fewer cases than typical at this point",-0.870956502840965,"Low",13.8785507902121,"Below average - fewer cases than typical at this point","Costa Rica"
"CRI",3,5,1.66198153341619,1105.375,1.73985897719786,2463.75,1105.375,2463.75,0.133441098029861,0.0598026218104264,2025,2025-05-01,185,"PAHO",3,"2025/2026","Observed",636,1440,5667,6784,NA,5667,"North & Central America","Costa Rica",1.73985897719786,2463.75,11.8150358218102,"Low","Below average - fewer cases than typical at this point",-0.978191507061536,"Low",13.8785507902121,"Below average - fewer cases than typical at this point","Costa Rica"
"CRI",4,6,1.56437431103059,1819.625,1.70660848522439,4283.375,1819.625,4283.375,0.228732350217106,0.0952912521872455,2025,2025-06-01,326,"PAHO",3,"2025/2026","Observed",962,1766,5667,6784,NA,5667,"North & Central America","Costa Rica",1.70660848522439,4283.375,9.90722230437771,"Low","Below average - fewer cases than typical at this point",-1.01277335087566,"Low",13.8785507902121,"Below average - fewer cases than typical at this point","Costa Rica"
"CRI",5,7,1.78133543240783,2547.6875,1.77229406361172,6831.06249999999,2547.6875,6831.0625,0.360845589352423,0.132113239135317,2025,2025-07-01,492,"PAHO",3,"2025/2026","Observed",1454,2258,5667,6784,NA,5667,"North & Central America","Costa Rica",1.77229406361172,6831.06249999999,8.570453330362,"Low","Below average - fewer cases than typical at this point",-1.04777585488609,"Low",13.8785507902121,"Below average - fewer cases than typical at this point","Costa Rica"
"CRI",6,8,1.67632549742118,2702.0625,1.81228585691512,9533.12499999998,2702.0625,9533.125,0.492067737094368,0.131222147741945,2025,2025-08-01,664,"PAHO",3,"2025/2026","Observed",2118,2922,5667,6784,NA,5667,"North & Central America","Costa Rica",1.81228585691512,9533.12499999998,8.80939673456695,"Low","Below average - fewer cases than typical at this point",-1.04702068781048,"Low",13.8785507902121,"Below average - fewer cases than typical at this point","Costa Rica"
"CRI",7,9,1.43014525159802,2491.8125,1.79561796691811,12024.9375,2491.8125,12024.9375,0.607874184424078,0.11580644732971,2025,2025-09-01,876,"PAHO",3,"2025/2026","Observed",2994,3798,5667,6784,NA,5667,"North & Central America","Costa Rica",1.79561796691811,12024.9375,10.6570722881118,"Low","Below average - fewer cases than typical at this point",-1.00629324422943,"Low",13.8785507902121,"Below average - fewer cases than typical at this point","Costa Rica"
"CRI",8,10,1.34591271397665,2543.25,1.79480348724452,14568.1875,2543.25,14568.1875,0.725233321037437,0.117359136613359,2025,2025-10-01,740,"PAHO",3,"2025/2026","Observed",3734,4538,5667,6784,NA,5667,"North & Central America","Costa Rica",1.79480348724452,14568.1875,11.1427753039983,"Low","Below average - fewer cases than typical at this point",-0.996259616166283,"Low",13.8785507902121,"Below average - fewer cases than typical at this point","Costa Rica"
"CRI",9,11,1.10539887858876,2402.4375,1.74307572221233,16970.6249999999,2402.4375,16970.625,0.828353299273317,0.10311997823588,2025,2025-11-01,763,"PAHO",3,"2025/2026","Observed",4497,5301,5667,6784,NA,5667,"North & Central America","Costa Rica",1.74307572221233,16970.6249999999,12.2166524673595,"Low","Below average - fewer cases than typical at this point",-0.970355051893363,"Low",13.8785507902121,"Below average - fewer cases than typical at this point","Costa Rica"
"CRI",10,12,1.04673238953899,1455.3125,1.7127495749842,18425.9375,1455.3125,18425.9375,0.891917506251811,0.0635642069784943,2025,2025-12-01,750,"PAHO",3,"2025/2026","Observed",5247,6051,5667,6784,NA,5667,"North & Central America","Costa Rica",1.7127495749842,18425.9375,13.8785507902121,"Low","Below average - fewer cases than typical at this point",-0.936003677991946,"Low",13.8785507902121,"Below average - fewer cases than typical at this point","Costa Rica"
"CRI",11,1,0.944543615048547,1515.3125,1.70576972649975,19941.25,1515.3125,19941.25,0.960111790091443,0.0681942838396321,2026,2026-01-01,260,"PAHO",3,"2025/2026","Observed",5507,260,5667,13566,NA,5667,"North & Central America","Costa Rica",1.70576972649975,19941.25,13.3581804510815,"Low","Below average - fewer cases than typical at this point",-0.945330068826809,"Extremely Low",0.416974230050038,"Rare good event - unusually low cases to date","Costa Rica"
"CRI",12,2,1.14473946592164,795.5,1.71579471160473,20736.75,795.5,20736.75,1,0.0398882099085567,2026,2026-02-01,160,"PAHO",3,"2025/2026","Observed",5667,420,5667,13566,NA,5667,"North & Central America","Costa Rica",1.71579471160473,20736.75,13.0560794561185,"Low","Below average - fewer cases than typical at this point",-0.951875287388025,"Extremely Low",0.416974230050038,"Rare good event - unusually low cases to date","Costa Rica"
"CRI",1,3,1.48121602848919,714.75,1.48121602848919,714.75,714.75,714.75,0.0371683469535789,0.0371683469535789,2026,2026-03-01,225,"PAHO",3,"2026/2027","Observed",225,645,7863,13566,NA,7863,"North & Central America","Costa Rica",1.48121602848919,714.75,18.8812368748502,"Low","Below average - fewer cases than typical at this point",-0.833067019677389,"Extremely Low",0.416974230050038,"Rare good event - unusually low cases to date","Costa Rica"
"CRI",2,4,1.88506123914004,643.624999999999,1.70216847783084,1358.375,643.625,1358.375,0.0736384762194345,0.0364701292658555,2026,2026-04-01,354,"PAHO",3,"2026/2027","Observed",579,999,7863,13566,NA,7863,"North & Central America","Costa Rica",1.70216847783084,1358.375,24.1580485122712,"Low","Below average - fewer cases than typical at this point",-0.748093924123628,"Extremely Low",0.416974230050038,"Rare good event - unusually low cases to date","Costa Rica"
"CRI",3,5,1.66198153341619,1105.375,1.73985897719786,2463.75,1105.375,2463.75,0.133441098029861,0.0598026218104264,2026,2026-05-01,NA,NA,3,"2026/2027","Unobserved",579,999,7863,13566,NA,7863,"North & Central America","Costa Rica",1.73985897719786,2463.75,10.2864823374229,"Low","Below average - fewer cases than typical at this point",-1.00869727420831,"Extremely Low",0.416974230050038,"Rare good event - unusually low cases to date","Costa Rica"
"CRI",4,6,1.56437431103059,1819.625,1.70660848522439,4283.375,1819.625,4283.375,0.228732350217106,0.0952912521872455,2026,2026-06-01,NA,NA,3,"2026/2027","Unobserved",579,999,7863,13566,NA,7863,"North & Central America","Costa Rica",1.70660848522439,4283.375,4.5794777264822,"Extremely Low","Rare good event - unusually low cases to date",-1.12955998092658,"Extremely Low",0.416974230050038,"Rare good event - unusually low cases to date","Costa Rica"
"CRI",5,7,1.78133543240783,2547.6875,1.77229406361172,6831.06249999999,2547.6875,6831.0625,0.360845589352423,0.132113239135317,2026,2026-07-01,NA,NA,3,"2026/2027","Unobserved",579,999,7863,13566,NA,7863,"North & Central America","Costa Rica",1.77229406361172,6831.06249999999,1.9355279437167,"Extremely Low","Rare good event - unusually low cases to date",-1.21827859184057,"Extremely Low",0.416974230050038,"Rare good event - unusually low cases to date","Costa Rica"
"CRI",6,8,1.67632549742118,2702.0625,1.81228585691512,9533.12499999998,2702.0625,9533.125,0.492067737094368,0.131222147741945,2026,2026-08-01,NA,NA,3,"2026/2027","Unobserved",579,999,7863,13566,NA,7863,"North & Central America","Costa Rica",1.81228585691512,9533.12499999998,1.01262522457224,"Extremely Low","Rare good event - unusually low cases to date",-1.2643285334018,"Extremely Low",0.416974230050038,"Rare good event - unusually low cases to date","Costa Rica"
"CRI",7,9,1.43014525159802,2491.8125,1.79561796691811,12024.9375,2491.8125,12024.9375,0.607874184424078,0.11580644732971,2026,2026-09-01,NA,NA,3,"2026/2027","Unobserved",579,999,7863,13566,NA,7863,"North & Central America","Costa Rica",1.79561796691811,12024.9375,0.701229577292792,"Extremely Low","Rare good event - unusually low cases to date",-1.2753902438282,"Extremely Low",0.416974230050038,"Rare good event - unusually low cases to date","Costa Rica"
"CRI",8,10,1.34591271397665,2543.25,1.79480348724452,14568.1875,2543.25,14568.1875,0.725233321037437,0.117359136613359,2026,2026-10-01,NA,NA,3,"2026/2027","Unobserved",579,999,7863,13566,NA,7863,"North & Central America","Costa Rica",1.79480348724452,14568.1875,0.502725164146448,"Extremely Low","Rare good event - unusually low cases to date",-1.28637819580178,"Extremely Low",0.416974230050038,"Rare good event - unusually low cases to date","Costa Rica"
"CRI",9,11,1.10539887858876,2402.4375,1.74307572221233,16970.6249999999,2402.4375,16970.625,0.828353299273317,0.10311997823588,2026,2026-11-01,NA,NA,3,"2026/2027","Unobserved",579,999,7863,13566,NA,7863,"North & Central America","Costa Rica",1.74307572221233,16970.6249999999,0.441500953730095,"Extremely Low","Rare good event - unusually low cases to date",-1.27514624878426,"Extremely Low",0.416974230050038,"Rare good event - unusually low cases to date","Costa Rica"
"CRI",10,12,1.04673238953899,1455.3125,1.7127495749842,18425.9375,1455.3125,18425.9375,0.891917506251811,0.0635642069784943,2026,2026-12-01,NA,NA,3,"2026/2027","Unobserved",579,999,7863,13566,NA,7863,"North & Central America","Costa Rica",1.7127495749842,18425.9375,0.416974230050038,"Extremely Low","Rare good event - unusually low cases to date",-1.26753762516078,"Extremely Low",0.416974230050038,"Rare good event - unusually low cases to date","Costa Rica"
"CUB",10,1,8.50144749667908,156.375,11.2804978133241,1755.25,156.375,1755.25,0.906197201831166,0.0887380012384306,2025,2025-01-01,3332,"Estimates",4,"2024/2025","Unobserved",3332,3332,NA,37546,3331.75699449811,6854,"Caribbean","Cuba",11.2804978133241,1755.25,99.374438650197,"Extremely High","Rare bad event - unusually high cases to date",3.00743958556735,"Extremely High",100,"Rare bad event - unusually high cases to date","Cuba"
"CUB",11,2,9.33692275869888,84.4999999999999,12.787193399588,1839.75,84.5,1839.75,0.95400436190835,0.047807160077184,2025,2025-02-01,1795,"Estimates",4,"2024/2025","Unobserved",5127,5127,NA,37546,1794.96763225795,6854,"Caribbean","Cuba",12.787193399588,1839.75,99.9996392298725,"Extremely High","Rare bad event - unusually high cases to date",6.36733173602299,"Extremely High",100,"Rare bad event - unusually high cases to date","Cuba"
"CUB",12,3,10.2445724033175,80.375,14.4440726014646,1920.125,80.375,1920.125,1,0.0459956380916502,2025,2025-03-01,1727,"Estimates",4,"2024/2025","Unobserved",6854,6854,NA,37546,1726.9522277891,6854,"Caribbean","Cuba",14.4440726014646,1920.125,99.9999999683513,"Extremely High","Rare bad event - unusually high cases to date",9.72917695412323,"Extremely High",100,"Rare bad event - unusually high cases to date","Cuba"
"CUB",1,4,8.6627247119521,65.6250000000001,8.6627247119521,65.6250000000001,65.625,65.625,0.0335140316808718,0.0335140316808718,2025,2025-04-01,1258,"Estimates",4,"2025/2026","Unobserved",1258,8112,37546,37546,1258.31783349001,52586,"Caribbean","Cuba",8.6627247119521,65.6250000000001,100,"Extremely High","Rare bad event - unusually high cases to date",50.2628293446363,"Extremely High",100,"Rare bad event - unusually high cases to date","Cuba"
"CUB",2,5,10.8912210315538,91.1250000000001,9.65560373747308,156.75,91.125,156.75,0.0805386824822676,0.0470246508013958,2025,2025-05-01,1766,"Estimates",4,"2025/2026","Unobserved",3024,9878,37546,37546,1765.58753898921,52586,"Caribbean","Cuba",9.65560373747308,156.75,100,"Extremely High","Rare bad event - unusually high cases to date",55.165496360888,"Extremely High",100,"Rare bad event - unusually high cases to date","Cuba"
"CUB",3,6,10.8607030158404,116.125,9.88474938582362,272.875,116.125,272.875,0.140521325379363,0.0599826428970958,2025,2025-06-01,2252,"Estimates",4,"2025/2026","Unobserved",5276,12130,37546,37546,2252.10831021436,52586,"Caribbean","Cuba",9.88474938582362,272.875,100,"Extremely High","Rare bad event - unusually high cases to date",56.6282990184769,"Extremely High",100,"Rare bad event - unusually high cases to date","Cuba"
"CUB",4,7,10.3555702551622,138.125,10.0608124081576,411,138.125,411,0.211507212383336,0.0709858870039726,2025,2025-07-01,3945,"WHO",4,"2025/2026","Observed",9221,16075,37546,37546,NA,52586,"Caribbean","Cuba",10.0608124081576,411,100,"Extremely High","Rare bad event - unusually high cases to date",67.1736753648516,"Extremely High",100,"Rare bad event - unusually high cases to date","Cuba"
"CUB",5,8,9.22502203448196,220.625,9.83578195430579,631.625,220.625,631.625,0.324833981105274,0.113326768721938,2025,2025-08-01,4255,"Estimates",4,"2025/2026","Unobserved",13476,20330,37546,37546,4254.96685843388,52586,"Caribbean","Cuba",9.83578195430579,631.625,100,"Extremely High","Rare bad event - unusually high cases to date",63.2852809605697,"Extremely High",100,"Rare bad event - unusually high cases to date","Cuba"
"CUB",6,9,7.95955148012344,279.125,9.16899812230577,910.750000000001,279.125,910.75,0.467023056778792,0.142189075673518,2025,2025-09-01,2574,"WHO",4,"2025/2026","Observed",16050,22904,37546,37546,NA,52586,"Caribbean","Cuba",9.16899812230577,910.750000000001,100,"Extremely High","Rare bad event - unusually high cases to date",50.0830672533448,"Extremely High",100,"Rare bad event - unusually high cases to date","Cuba"
"CUB",7,10,8.16640917070223,288,8.88741856029652,1198.75,288,1198.75,0.61375633375631,0.146733276977519,2025,2025-10-01,5509,"Estimates",4,"2025/2026","Unobserved",21559,28413,37546,37546,5509.24761739791,52586,"Caribbean","Cuba",8.88741856029652,1198.75,100,"Extremely High","Rare bad event - unusually high cases to date",50.4473471006238,"Extremely High",100,"Rare bad event - unusually high cases to date","Cuba"
"CUB",8,11,7.99820402785534,235,8.72625326647459,1433.75,235,1433.75,0.733235214313839,0.119478880557529,2025,2025-11-01,19476,"WHO",4,"2025/2026","Observed",41035,47889,37546,37546,NA,52586,"Caribbean","Cuba",8.72625326647459,1433.75,100,"Extremely High","Rare bad event - unusually high cases to date",81.3451659857022,"Extremely High",100,"Rare bad event - unusually high cases to date","Cuba"
"CUB",9,12,7.66700590058534,165.125,8.59543690868722,1598.875,165.125,1598.875,0.817459200592735,0.0842239862788961,2025,2025-12-01,4697,"PAHO",4,"2025/2026","Observed",45732,52586,37546,37546,NA,52586,"Caribbean","Cuba",8.59543690868722,1598.875,100,"Extremely High","Rare bad event - unusually high cases to date",80.7086170115894,"Extremely High",100,"Rare bad event - unusually high cases to date","Cuba"
"CUB",10,1,8.50144749667908,156.375,11.2804978133241,1755.25,156.375,1755.25,0.906197201831166,0.0887380012384306,2026,2026-01-01,3332,"Estimates",4,"2025/2026","Unobserved",49064,3332,37546,NA,3331.75699449811,52586,"Caribbean","Cuba",11.2804978133241,1755.25,100,"Extremely High","Rare bad event - unusually high cases to date",90.2351086054921,"Normal",28.8828783970775,"Average - typical case load at this point","Cuba"
"CUB",11,2,9.33692275869888,84.4999999999999,12.787193399588,1839.75,84.5,1839.75,0.95400436190835,0.047807160077184,2026,2026-02-01,1795,"Estimates",4,"2025/2026","Unobserved",50859,5127,37546,NA,1794.96763225795,52586,"Caribbean","Cuba",12.787193399588,1839.75,100,"Extremely High","Rare bad event - unusually high cases to date",94.9492208384044,"Normal",28.8828783970775,"Average - typical case load at this point","Cuba"
"CUB",12,3,10.2445724033175,80.375,14.4440726014646,1920.125,80.375,1920.125,1,0.0459956380916502,2026,2026-03-01,1727,"Estimates",4,"2025/2026","Unobserved",52586,6854,37546,NA,1726.9522277891,52586,"Caribbean","Cuba",14.4440726014646,1920.125,100,"Extremely High","Rare bad event - unusually high cases to date",99.9087458459097,"Normal",28.8828783970775,"Average - typical case load at this point","Cuba"
"CUB",1,4,8.6627247119521,65.6250000000001,8.6627247119521,65.6250000000001,65.625,65.625,0.0335140316808718,0.0335140316808718,2026,2026-04-01,1258,"Estimates",4,"2026/2027","Unobserved",1258,8112,NA,NA,1258.31783349001,37537,"Caribbean","Cuba",8.6627247119521,65.6250000000001,100,"Extremely High","Rare bad event - unusually high cases to date",50.2628293446363,"Normal",28.8828783970775,"Average - typical case load at this point","Cuba"
"CUB",2,5,10.8912210315538,91.1250000000001,9.65560373747308,156.75,91.125,156.75,0.0805386824822676,0.0470246508013958,2026,2026-05-01,NA,NA,4,"2026/2027","Unobserved",1258,8112,NA,NA,NA,37537,"Caribbean","Cuba",9.65560373747308,156.75,100,"Extremely High","Rare bad event - unusually high cases to date",21.1878988115539,"Normal",28.8828783970775,"Average - typical case load at this point","Cuba"
"CUB",3,6,10.8607030158404,116.125,9.88474938582362,272.875,116.125,272.875,0.140521325379363,0.0599826428970958,2026,2026-06-01,NA,NA,4,"2026/2027","Unobserved",1258,8112,NA,NA,NA,37537,"Caribbean","Cuba",9.88474938582362,272.875,99.9999999936109,"Extremely High","Rare bad event - unusually high cases to date",11.1502217255369,"Normal",28.8828783970775,"Average - typical case load at this point","Cuba"
"CUB",4,7,10.3555702551622,138.125,10.0608124081576,411,138.125,411,0.211507212383336,0.0709858870039726,2026,2026-07-01,NA,NA,4,"2026/2027","Unobserved",1258,8112,NA,NA,NA,37537,"Caribbean","Cuba",10.0608124081576,411,99.9994853861427,"Extremely High","Rare bad event - unusually high cases to date",6.45812747264805,"Normal",28.8828783970775,"Average - typical case load at this point","Cuba"
"CUB",5,8,9.22502203448196,220.625,9.83578195430579,631.625,220.625,631.625,0.324833981105274,0.113326768721938,2026,2026-08-01,NA,NA,4,"2026/2027","Unobserved",1258,8112,NA,NA,NA,37537,"Caribbean","Cuba",9.83578195430579,631.625,99.4234951117325,"Extremely High","Rare bad event - unusually high cases to date",3.08620060233969,"Normal",28.8828783970775,"Average - typical case load at this point","Cuba"
"CUB",6,9,7.95955148012344,279.125,9.16899812230577,910.750000000001,279.125,910.75,0.467023056778792,0.142189075673518,2026,2026-09-01,NA,NA,4,"2026/2027","Unobserved",1258,8112,NA,NA,NA,37537,"Caribbean","Cuba",9.16899812230577,910.750000000001,87.2362905695764,"High","Above average - more cases than typical at this point",1.14875869701101,"Normal",28.8828783970775,"Average - typical case load at this point","Cuba"
"CUB",7,10,8.16640917070223,288,8.88741856029652,1198.75,288,1198.75,0.61375633375631,0.146733276977519,2026,2026-10-01,NA,NA,4,"2026/2027","Unobserved",1258,8112,NA,NA,NA,37537,"Caribbean","Cuba",8.88741856029652,1198.75,60.1531319079436,"Normal","Average - typical case load at this point",0.146805924078145,"Normal",28.8828783970775,"Average - typical case load at this point","Cuba"
"CUB",8,11,7.99820402785534,235,8.72625326647459,1433.75,235,1433.75,0.733235214313839,0.119478880557529,2026,2026-11-01,NA,NA,4,"2026/2027","Unobserved",1258,8112,NA,NA,NA,37537,"Caribbean","Cuba",8.72625326647459,1433.75,39.6880006593168,"Normal","Average - typical case load at this point",-0.361009132842709,"Normal",28.8828783970775,"Average - typical case load at this point","Cuba"
"CUB",9,12,7.66700590058534,165.125,8.59543690868722,1598.875,165.125,1598.875,0.817459200592735,0.0842239862788961,2026,2026-12-01,NA,NA,4,"2026/2027","Unobserved",1258,8112,NA,NA,NA,37537,"Caribbean","Cuba",8.59543690868722,1598.875,28.8828783970775,"Normal","Average - typical case load at this point",-0.623376428109855,"Normal",28.8828783970775,"Average - typical case load at this point","Cuba"
"CUW",9,1,2.1025200470167,106.25,3.62614196501403,553.499999999999,106.25,553.5,0.656569147713593,0.116921846057492,2025,2025-01-01,NA,"WHO",5,"2024/2025","Unobserved",0,0,NA,NA,NA,NA,"Caribbean","Curacao",3.62614196501403,553.499999999999,1.17871530158994e-06,"Extremely Low","Rare good event - unusually low cases to date",-1.8980359999829,"Extremely Low",3.3109781457808e-06,"Rare good event - unusually low cases to date","Curacao"
"CUW",10,2,2.08870233506682,128.75,3.41624138173666,682.249999999999,128.75,682.25,0.795929928897689,0.139360781184096,2025,2025-02-01,NA,"WHO",5,"2024/2025","Unobserved",0,0,NA,NA,NA,NA,"Caribbean","Curacao",3.41624138173666,682.249999999999,1.36108369876024e-06,"Extremely Low","Rare good event - unusually low cases to date",-1.84369748353228,"Extremely Low",3.3109781457808e-06,"Rare good event - unusually low cases to date","Curacao"
"CUW",11,3,2.24108470751173,159.75,3.2898281124307,842,159.75,842,0.973753643542946,0.177823714645258,2025,2025-03-01,NA,"WHO",5,"2024/2025","Unobserved",0,0,NA,NA,NA,NA,"Caribbean","Curacao",3.2898281124307,842,1.18049868504956e-06,"Extremely Low","Rare good event - unusually low cases to date",-1.81025530152532,"Extremely Low",3.3109781457808e-06,"Rare good event - unusually low cases to date","Curacao"
"CUW",12,4,2.32990305315376,24.25,3.25486353848182,866.250000000001,24.25,866.25,1,0.0262463564570536,2025,2025-04-01,NA,"WHO",5,"2024/2025","Unobserved",0,0,NA,NA,NA,NA,"Caribbean","Curacao",3.25486353848182,866.250000000001,1.26268482773548e-06,"Extremely Low","Rare good event - unusually low cases to date",-1.80074413387032,"Extremely Low",3.3109781457808e-06,"Rare good event - unusually low cases to date","Curacao"
"CUW",1,5,4.10473306030855,28,4.10473306030855,28,28,28,0.0338210622709998,0.0338210622709998,2025,2025-05-01,NA,"WHO",5,"2025/2026","Unobserved",0,0,NA,NA,NA,NA,"Caribbean","Curacao",4.10473306030855,28,0.0215430426815722,"Extremely Low","Rare good event - unusually low cases to date",-1.89206888437454,"Extremely Low",3.3109781457808e-06,"Rare good event - unusually low cases to date","Curacao"
"CUW",2,6,4.31733695064768,32,3.96873882479083,60,32,60,0.0733196598988419,0.0394985976278421,2025,2025-06-01,NA,"WHO",5,"2025/2026","Unobserved",0,0,NA,NA,NA,NA,"Caribbean","Curacao",3.96873882479083,60,0.00161614759116793,"Extremely Low","Rare good event - unusually low cases to date",-1.92938097081141,"Extremely Low",3.3109781457808e-06,"Rare good event - unusually low cases to date","Curacao"
"CUW",3,7,3.75135852299289,38.75,3.85700912481684,98.7499999999999,38.75,98.75,0.119694489901426,0.0463748300025839,2025,2025-07-01,NA,"WHO",5,"2025/2026","Unobserved",0,0,NA,NA,NA,NA,"Caribbean","Curacao",3.85700912481684,98.7499999999999,0.000319187605246588,"Extremely Low","Rare good event - unusually low cases to date",-1.92666128673982,"Extremely Low",3.3109781457808e-06,"Rare good event - unusually low cases to date","Curacao"
"CUW",4,8,4.22601575013257,46.5,3.86230419571568,145.25,46.5,145.25,0.176366819160693,0.0566723292592675,2025,2025-08-01,NA,"WHO",5,"2025/2026","Unobserved",0,0,NA,NA,NA,NA,"Caribbean","Curacao",3.86230419571568,145.25,7.44405147879245e-05,"Extremely Low","Rare good event - unusually low cases to date",-1.93965534633591,"Extremely Low",3.3109781457808e-06,"Rare good event - unusually low cases to date","Curacao"
"CUW",5,9,3.31903333323676,49.25,3.66131642667868,194.5,49.25,194.5,0.235616792082737,0.0592499729220432,2025,2025-09-01,NA,"WHO",5,"2025/2026","Unobserved",0,0,NA,NA,NA,NA,"Caribbean","Curacao",3.66131642667868,194.5,4.503409304329e-05,"Extremely Low","Rare good event - unusually low cases to date",-1.89569731747449,"Extremely Low",3.3109781457808e-06,"Rare good event - unusually low cases to date","Curacao"
"CUW",6,10,3.28724339925473,70.5,3.52239587753204,265,70.5,265,0.320841696011488,0.0852249039287513,2025,2025-10-01,NA,"WHO",5,"2025/2026","Unobserved",0,0,NA,NA,NA,NA,"Caribbean","Curacao",3.52239587753204,265,2.34611635912421e-05,"Extremely Low","Rare good event - unusually low cases to date",-1.86445438393768,"Extremely Low",3.3109781457808e-06,"Rare good event - unusually low cases to date","Curacao"
"CUW",7,11,3.50387674027379,82.75,3.48666066374406,347.75,82.75,347.75,0.419512828541869,0.0986711325303812,2025,2025-11-01,NA,"WHO",5,"2025/2026","Unobserved",0,0,NA,NA,NA,NA,"Caribbean","Curacao",3.48666066374406,347.75,1.03646747011801e-05,"Extremely Low","Rare good event - unusually low cases to date",-1.85796911578093,"Extremely Low",3.3109781457808e-06,"Rare good event - unusually low cases to date","Curacao"
"CUW",8,12,3.92969065763522,99.5,3.55700254095996,447.25,99.5,447.25,0.539647301656101,0.120134473114232,2025,2025-12-01,NA,"WHO",5,"2025/2026","Unobserved",0,0,NA,NA,NA,NA,"Caribbean","Curacao",3.55700254095996,447.25,3.3109781457808e-06,"Extremely Low","Rare good event - unusually low cases to date",-1.87854643898571,"Extremely Low",3.3109781457808e-06,"Rare good event - unusually low cases to date","Curacao"
"CUW",9,1,2.1025200470167,106.25,3.62614196501403,553.499999999999,106.25,553.5,0.656569147713593,0.116921846057492,2026,2026-01-01,NA,"WHO",5,"2025/2026","Unobserved",0,0,NA,NA,NA,NA,"Caribbean","Curacao",3.62614196501403,553.499999999999,1.17871530158994e-06,"Extremely Low","Rare good event - unusually low cases to date",-1.8980359999829,"Extremely Low",3.3109781457808e-06,"Rare good event - unusually low cases to date","Curacao"
"CUW",10,2,2.08870233506682,128.75,3.41624138173666,682.249999999999,128.75,682.25,0.795929928897689,0.139360781184096,2026,2026-02-01,NA,"WHO",5,"2025/2026","Unobserved",0,0,NA,NA,NA,NA,"Caribbean","Curacao",3.41624138173666,682.249999999999,1.36108369876024e-06,"Extremely Low","Rare good event - unusually low cases to date",-1.84369748353228,"Extremely Low",3.3109781457808e-06,"Rare good event - unusually low cases to date","Curacao"
"CUW",11,3,2.24108470751173,159.75,3.2898281124307,842,159.75,842,0.973753643542946,0.177823714645258,2026,2026-03-01,NA,"WHO",5,"2025/2026","Unobserved",0,0,NA,NA,NA,NA,"Caribbean","Curacao",3.2898281124307,842,1.18049868504956e-06,"Extremely Low","Rare good event - unusually low cases to date",-1.81025530152532,"Extremely Low",3.3109781457808e-06,"Rare good event - unusually low cases to date","Curacao"
"CUW",12,4,2.32990305315376,24.25,3.25486353848182,866.250000000001,24.25,866.25,1,0.0262463564570536,2026,2026-04-01,NA,"WHO",5,"2025/2026","Unobserved",0,0,NA,NA,NA,NA,"Caribbean","Curacao",3.25486353848182,866.250000000001,1.26268482773548e-06,"Extremely Low","Rare good event - unusually low cases to date",-1.80074413387032,"Extremely Low",3.3109781457808e-06,"Rare good event - unusually low cases to date","Curacao"
"CUW",1,5,4.10473306030855,28,4.10473306030855,28,28,28,0.0338210622709998,0.0338210622709998,2026,2026-05-01,NA,NA,5,"2026/2027","Unobserved",0,0,NA,NA,NA,NA,"Caribbean","Curacao",4.10473306030855,28,0.0215430426815722,"Extremely Low","Rare good event - unusually low cases to date",-1.89206888437454,"Extremely Low",3.3109781457808e-06,"Rare good event - unusually low cases to date","Curacao"
"CUW",2,6,4.31733695064768,32,3.96873882479083,60,32,60,0.0733196598988419,0.0394985976278421,2026,2026-06-01,NA,NA,5,"2026/2027","Unobserved",0,0,NA,NA,NA,NA,"Caribbean","Curacao",3.96873882479083,60,0.00161614759116793,"Extremely Low","Rare good event - unusually low cases to date",-1.92938097081141,"Extremely Low",3.3109781457808e-06,"Rare good event - unusually low cases to date","Curacao"
"CUW",3,7,3.75135852299289,38.75,3.85700912481684,98.7499999999999,38.75,98.75,0.119694489901426,0.0463748300025839,2026,2026-07-01,NA,NA,5,"2026/2027","Unobserved",0,0,NA,NA,NA,NA,"Caribbean","Curacao",3.85700912481684,98.7499999999999,0.000319187605246588,"Extremely Low","Rare good event - unusually low cases to date",-1.92666128673982,"Extremely Low",3.3109781457808e-06,"Rare good event - unusually low cases to date","Curacao"
"CUW",4,8,4.22601575013257,46.5,3.86230419571568,145.25,46.5,145.25,0.176366819160693,0.0566723292592675,2026,2026-08-01,NA,NA,5,"2026/2027","Unobserved",0,0,NA,NA,NA,NA,"Caribbean","Curacao",3.86230419571568,145.25,7.44405147879245e-05,"Extremely Low","Rare good event - unusually low cases to date",-1.93965534633591,"Extremely Low",3.3109781457808e-06,"Rare good event - unusually low cases to date","Curacao"
"CUW",5,9,3.31903333323676,49.25,3.66131642667868,194.5,49.25,194.5,0.235616792082737,0.0592499729220432,2026,2026-09-01,NA,NA,5,"2026/2027","Unobserved",0,0,NA,NA,NA,NA,"Caribbean","Curacao",3.66131642667868,194.5,4.503409304329e-05,"Extremely Low","Rare good event - unusually low cases to date",-1.89569731747449,"Extremely Low",3.3109781457808e-06,"Rare good event - unusually low cases to date","Curacao"
"CUW",6,10,3.28724339925473,70.5,3.52239587753204,265,70.5,265,0.320841696011488,0.0852249039287513,2026,2026-10-01,NA,NA,5,"2026/2027","Unobserved",0,0,NA,NA,NA,NA,"Caribbean","Curacao",3.52239587753204,265,2.34611635912421e-05,"Extremely Low","Rare good event - unusually low cases to date",-1.86445438393768,"Extremely Low",3.3109781457808e-06,"Rare good event - unusually low cases to date","Curacao"
"CUW",7,11,3.50387674027379,82.75,3.48666066374406,347.75,82.75,347.75,0.419512828541869,0.0986711325303812,2026,2026-11-01,NA,NA,5,"2026/2027","Unobserved",0,0,NA,NA,NA,NA,"Caribbean","Curacao",3.48666066374406,347.75,1.03646747011801e-05,"Extremely Low","Rare good event - unusually low cases to date",-1.85796911578093,"Extremely Low",3.3109781457808e-06,"Rare good event - unusually low cases to date","Curacao"
"CUW",8,12,3.92969065763522,99.5,3.55700254095996,447.25,99.5,447.25,0.539647301656101,0.120134473114232,2026,2026-12-01,NA,NA,5,"2026/2027","Unobserved",0,0,NA,NA,NA,NA,"Caribbean","Curacao",3.55700254095996,447.25,3.3109781457808e-06,"Extremely Low","Rare good event - unusually low cases to date",-1.87854643898571,"Extremely Low",3.3109781457808e-06,"Rare good event - unusually low cases to date","Curacao"
"CYM",10,1,6.1588210820071,14.8571428571429,6.36417623604554,77.7142857142858,14.8571428571429,77.7142857142857,0.883056388397694,0.215354651974454,2025,2025-01-01,0,"WHO",4,"2024/2025","Observed",0,0,0,0,NA,0,"Caribbean","Cayman Islands",6.36417623604554,77.7142857142858,7.34723602667185e-06,"Extremely Low","Rare good event - unusually low cases to date",-2.42537641110728,"Extremely Low",0.010938500235421,"Rare good event - unusually low cases to date","Cayman Islands"
"CYM",11,2,1.24370560802386,8.71428571428572,6.21178256811383,86.4285714285714,8.71428571428571,86.4285714285714,0.97582891634331,0.0927725279456153,2025,2025-02-01,0,"WHO",4,"2024/2025","Observed",0,0,0,0,NA,0,"Caribbean","Cayman Islands",6.21178256811383,86.4285714285714,5.12804247168766e-06,"Extremely Low","Rare good event - unusually low cases to date",-2.40733587106907,"Extremely Low",0.010938500235421,"Rare good event - unusually low cases to date","Cayman Islands"
"CYM",12,3,1.81147413988399,1.85714285714286,6.49162917604275,88.2857142857143,1.85714285714286,88.2857142857143,1,0.0241710836566903,2025,2025-03-01,0,"WHO",4,"2024/2025","Observed",0,0,0,0,NA,0,"Caribbean","Cayman Islands",6.49162917604275,88.2857142857143,2.76354278796276e-06,"Extremely Low","Rare good event - unusually low cases to date",-2.45906383909457,"Extremely Low",0.010938500235421,"Rare good event - unusually low cases to date","Cayman Islands"
"CYM",1,4,7.23138959703475,1.42857142857143,7.23138959703475,1.42857142857143,1.42857142857143,1.42857142857143,0.0160328280300273,0.0160328280300273,2025,2025-04-01,0,"WHO",4,"2025/2026","Observed",0,0,0,0,NA,0,"Caribbean","Cayman Islands",7.23138959703475,1.42857142857143,27.1534052034072,"Normal","Average - typical case load at this point",-1.09220432341285,"Extremely Low",0.010938500235421,"Rare good event - unusually low cases to date","Cayman Islands"
"CYM",2,5,NA,NA,1.60631263314262,2.85714285714286,1.42857142857143,2.85714285714286,0.0318501661373775,0.0158173381073502,2025,2025-05-01,0,"WHO",4,"2025/2026","Observed",0,0,0,0,NA,0,"Caribbean","Cayman Islands",1.60631263314262,2.85714285714286,19.3665553032764,"Low","Below average - fewer cases than typical at this point",-1.01401740890785,"Extremely Low",0.010938500235421,"Rare good event - unusually low cases to date","Cayman Islands"
"CYM",3,6,NA,NA,1.80799421383996,4.71428571428571,1.85714285714286,4.71428571428571,0.0551920516366295,0.023341885499252,2025,2025-06-01,0,"WHO",4,"2025/2026","Observed",0,0,0,0,NA,0,"Caribbean","Cayman Islands",1.80799421383996,4.71428571428571,9.83062859283629,"Low","Below average - fewer cases than typical at this point",-1.14315929237731,"Extremely Low",0.010938500235421,"Rare good event - unusually low cases to date","Cayman Islands"
"CYM",4,7,3.04406979681329,6.57142857142857,4.24722815040544,11.2857142857143,6.57142857142857,11.2857142857143,0.122924579433727,0.0677325277970978,2025,2025-07-01,0,"WHO",4,"2025/2026","Observed",0,0,0,0,NA,0,"Caribbean","Cayman Islands",4.24722815040544,11.2857142857143,0.405677908585545,"Extremely Low","Rare good event - unusually low cases to date",-1.75667109242532,"Extremely Low",0.010938500235421,"Rare good event - unusually low cases to date","Cayman Islands"
"CYM",5,8,4.18666362989453,2.57142857142857,4.22128807308867,13.8571428571429,2.57142857142857,13.8571428571429,0.15367846131232,0.0307538818785928,2025,2025-08-01,0,"WHO",4,"2025/2026","Observed",0,0,0,0,NA,0,"Caribbean","Cayman Islands",4.22128807308867,13.8571428571429,0.215449686167923,"Extremely Low","Rare good event - unusually low cases to date",-1.79878383184472,"Extremely Low",0.010938500235421,"Rare good event - unusually low cases to date","Cayman Islands"
"CYM",6,9,5.75641231846993,6.71428571428572,3.79543318963803,20.5714285714286,6.71428571428571,20.5714285714286,0.226482744280628,0.072804282968308,2025,2025-09-01,0,"WHO",4,"2025/2026","Observed",0,0,0,0,NA,0,"Caribbean","Cayman Islands",3.79543318963803,20.5714285714286,0.0861078072509865,"Extremely Low","Rare good event - unusually low cases to date",-1.79004150874664,"Extremely Low",0.010938500235421,"Rare good event - unusually low cases to date","Cayman Islands"
"CYM",7,10,1.95214138106504,20.2857142857143,2.6732472875372,40.8571428571428,20.2857142857143,40.8571428571429,0.426987235735436,0.200504491454808,2025,2025-10-01,0,"WHO",4,"2025/2026","Observed",0,0,0,0,NA,0,"Caribbean","Cayman Islands",2.6732472875372,40.8571428571428,0.0576346213336343,"Extremely Low","Rare good event - unusually low cases to date",-1.58400768461999,"Extremely Low",0.010938500235421,"Rare good event - unusually low cases to date","Cayman Islands"
"CYM",8,11,3.18623332975788,17,2.69289239620182,57.8571428571429,17,57.8571428571429,0.606582038568439,0.179594802833003,2025,2025-11-01,0,"WHO",4,"2025/2026","Observed",0,0,0,0,NA,0,"Caribbean","Cayman Islands",2.69289239620182,57.8571428571429,0.0228818511461801,"Extremely Low","Rare good event - unusually low cases to date",-1.60409760887657,"Extremely Low",0.010938500235421,"Rare good event - unusually low cases to date","Cayman Islands"
"CYM",9,12,2.11385089495028,5,2.93193458798849,62.8571428571429,5,62.8571428571429,0.66770173642324,0.0611196978548015,2025,2025-12-01,0,"WHO",4,"2025/2026","Observed",0,0,0,0,NA,0,"Caribbean","Cayman Islands",2.93193458798849,62.8571428571429,0.010938500235421,"Extremely Low","Rare good event - unusually low cases to date",-1.67369977789141,"Extremely Low",0.010938500235421,"Rare good event - unusually low cases to date","Cayman Islands"
"CYM",10,1,6.1588210820071,14.8571428571429,6.36417623604554,77.7142857142858,14.8571428571429,77.7142857142857,0.883056388397694,0.215354651974454,2026,2026-01-01,0,"WHO",4,"2025/2026","Observed",0,0,0,0,NA,0,"Caribbean","Cayman Islands",6.36417623604554,77.7142857142858,7.34723602667185e-06,"Extremely Low","Rare good event - unusually low cases to date",-2.42537641110728,"Extremely Low",0.010938500235421,"Rare good event - unusually low cases to date","Cayman Islands"
"CYM",11,2,1.24370560802386,8.71428571428572,6.21178256811383,86.4285714285714,8.71428571428571,86.4285714285714,0.97582891634331,0.0927725279456153,2026,2026-02-01,0,"WHO",4,"2025/2026","Observed",0,0,0,0,NA,0,"Caribbean","Cayman Islands",6.21178256811383,86.4285714285714,5.12804247168766e-06,"Extremely Low","Rare good event - unusually low cases to date",-2.40733587106907,"Extremely Low",0.010938500235421,"Rare good event - unusually low cases to date","Cayman Islands"
"CYM",12,3,1.81147413988399,1.85714285714286,6.49162917604275,88.2857142857143,1.85714285714286,88.2857142857143,1,0.0241710836566903,2026,2026-03-01,0,"WHO",4,"2025/2026","Observed",0,0,0,0,NA,0,"Caribbean","Cayman Islands",6.49162917604275,88.2857142857143,2.76354278796276e-06,"Extremely Low","Rare good event - unusually low cases to date",-2.45906383909457,"Extremely Low",0.010938500235421,"Rare good event - unusually low cases to date","Cayman Islands"
"CYM",1,4,7.23138959703475,1.42857142857143,7.23138959703475,1.42857142857143,1.42857142857143,1.42857142857143,0.0160328280300273,0.0160328280300273,2026,2026-04-01,0,"Estimates",4,"2026/2027","Unobserved",0,0,NA,0,0,0,"Caribbean","Cayman Islands",7.23138959703475,1.42857142857143,27.1534052034072,"Normal","Average - typical case load at this point",-1.09220432341285,"Extremely Low",0.010938500235421,"Rare good event - unusually low cases to date","Cayman Islands"
"CYM",2,5,NA,NA,1.60631263314262,2.85714285714286,1.42857142857143,2.85714285714286,0.0318501661373775,0.0158173381073502,2026,2026-05-01,NA,NA,4,"2026/2027","Unobserved",0,0,NA,0,NA,0,"Caribbean","Cayman Islands",1.60631263314262,2.85714285714286,19.3665553032764,"Low","Below average - fewer cases than typical at this point",-1.01401740890785,"Extremely Low",0.010938500235421,"Rare good event - unusually low cases to date","Cayman Islands"
"CYM",3,6,NA,NA,1.80799421383996,4.71428571428571,1.85714285714286,4.71428571428571,0.0551920516366295,0.023341885499252,2026,2026-06-01,NA,NA,4,"2026/2027","Unobserved",0,0,NA,0,NA,0,"Caribbean","Cayman Islands",1.80799421383996,4.71428571428571,9.83062859283629,"Low","Below average - fewer cases than typical at this point",-1.14315929237731,"Extremely Low",0.010938500235421,"Rare good event - unusually low cases to date","Cayman Islands"
"CYM",4,7,3.04406979681329,6.57142857142857,4.24722815040544,11.2857142857143,6.57142857142857,11.2857142857143,0.122924579433727,0.0677325277970978,2026,2026-07-01,NA,NA,4,"2026/2027","Unobserved",0,0,NA,0,NA,0,"Caribbean","Cayman Islands",4.24722815040544,11.2857142857143,0.405677908585545,"Extremely Low","Rare good event - unusually low cases to date",-1.75667109242532,"Extremely Low",0.010938500235421,"Rare good event - unusually low cases to date","Cayman Islands"
"CYM",5,8,4.18666362989453,2.57142857142857,4.22128807308867,13.8571428571429,2.57142857142857,13.8571428571429,0.15367846131232,0.0307538818785928,2026,2026-08-01,NA,NA,4,"2026/2027","Unobserved",0,0,NA,0,NA,0,"Caribbean","Cayman Islands",4.22128807308867,13.8571428571429,0.215449686167923,"Extremely Low","Rare good event - unusually low cases to date",-1.79878383184472,"Extremely Low",0.010938500235421,"Rare good event - unusually low cases to date","Cayman Islands"
"CYM",6,9,5.75641231846993,6.71428571428572,3.79543318963803,20.5714285714286,6.71428571428571,20.5714285714286,0.226482744280628,0.072804282968308,2026,2026-09-01,NA,NA,4,"2026/2027","Unobserved",0,0,NA,0,NA,0,"Caribbean","Cayman Islands",3.79543318963803,20.5714285714286,0.0861078072509865,"Extremely Low","Rare good event - unusually low cases to date",-1.79004150874664,"Extremely Low",0.010938500235421,"Rare good event - unusually low cases to date","Cayman Islands"
"CYM",7,10,1.95214138106504,20.2857142857143,2.6732472875372,40.8571428571428,20.2857142857143,40.8571428571429,0.426987235735436,0.200504491454808,2026,2026-10-01,NA,NA,4,"2026/2027","Unobserved",0,0,NA,0,NA,0,"Caribbean","Cayman Islands",2.6732472875372,40.8571428571428,0.0576346213336343,"Extremely Low","Rare good event - unusually low cases to date",-1.58400768461999,"Extremely Low",0.010938500235421,"Rare good event - unusually low cases to date","Cayman Islands"
"CYM",8,11,3.18623332975788,17,2.69289239620182,57.8571428571429,17,57.8571428571429,0.606582038568439,0.179594802833003,2026,2026-11-01,NA,NA,4,"2026/2027","Unobserved",0,0,NA,0,NA,0,"Caribbean","Cayman Islands",2.69289239620182,57.8571428571429,0.0228818511461801,"Extremely Low","Rare good event - unusually low cases to date",-1.60409760887657,"Extremely Low",0.010938500235421,"Rare good event - unusually low cases to date","Cayman Islands"
"CYM",9,12,2.11385089495028,5,2.93193458798849,62.8571428571429,5,62.8571428571429,0.66770173642324,0.0611196978548015,2026,2026-12-01,NA,NA,4,"2026/2027","Unobserved",0,0,NA,0,NA,0,"Caribbean","Cayman Islands",2.93193458798849,62.8571428571429,0.010938500235421,"Extremely Low","Rare good event - unusually low cases to date",-1.67369977789141,"Extremely Low",0.010938500235421,"Rare good event - unusually low cases to date","Cayman Islands"
"DMA",1,4,0.631982362091259,8.90909090909091,0.631982362091259,8.90909090909091,8.90909090909091,8.90909090909091,0.0299574956831399,0.0299574956831399,NA,NA,NA,NA,NA,NA,"Unobserved",0,0,NA,NA,NA,NA,"Caribbean","Dominica",0.631982362091259,8.90909090909091,17.9870887077126,"Low","Below average - fewer cases than typical at this point",-0.768193377127471,"Extremely Low",0.0604496439955801,"Rare good event - unusually low cases to date","Dominica"
"DMA",2,5,0.568175703911966,10.8181818181818,0.525687036240285,19.7272727272727,10.8181818181818,19.7272727272727,0.063626225190255,0.0336687295071151,NA,NA,NA,NA,NA,NA,"Unobserved",0,0,NA,NA,NA,NA,"Caribbean","Dominica",0.525687036240285,19.7272727272727,14.6685058163724,"Low","Below average - fewer cases than typical at this point",-0.715571290685164,"Extremely Low",0.0604496439955801,"Rare good event - unusually low cases to date","Dominica"
"DMA",3,6,0.572459675803409,11.2727272727273,0.486994956586296,31,11.2727272727273,31,0.100898251986408,0.0372720267961533,NA,NA,NA,NA,NA,NA,"Unobserved",0,0,NA,NA,NA,NA,"Caribbean","Dominica",0.486994956586296,31,13.1293626390839,"Low","Below average - fewer cases than typical at this point",-0.6924325441691,"Extremely Low",0.0604496439955801,"Rare good event - unusually low cases to date","Dominica"
"DMA",4,7,0.547103396063651,13.2727272727273,0.458802152829374,44.2727272727272,13.2727272727273,44.2727272727273,0.145335400529796,0.0444371485433881,NA,NA,NA,NA,NA,NA,"Unobserved",0,0,NA,NA,NA,NA,"Caribbean","Dominica",0.458802152829374,44.2727272727272,12.2306034625098,"Low","Below average - fewer cases than typical at this point",-0.673866687810692,"Extremely Low",0.0604496439955801,"Rare good event - unusually low cases to date","Dominica"
"DMA",5,8,0.510755036938969,19.1818181818182,0.43290828246572,63.4545454545455,19.1818181818182,63.4545454545455,0.206525609563223,0.0611902090334262,NA,NA,NA,NA,NA,NA,"Unobserved",0,0,NA,NA,NA,NA,"Caribbean","Dominica",0.43290828246572,63.4545454545455,11.5083593334546,"Low","Below average - fewer cases than typical at this point",-0.655724674856813,"Extremely Low",0.0604496439955801,"Rare good event - unusually low cases to date","Dominica"
"DMA",6,9,0.483082618579195,26.1818181818181,0.411648496846781,89.6363636363637,26.1818181818182,89.6363636363636,0.292708708945316,0.0861830993820929,NA,NA,NA,NA,NA,NA,"Unobserved",0,0,NA,NA,NA,NA,"Caribbean","Dominica",0.411648496846781,89.6363636363637,10.8833874250947,"Low","Below average - fewer cases than typical at this point",-0.640130200138353,"Extremely Low",0.0604496439955801,"Rare good event - unusually low cases to date","Dominica"
"DMA",7,10,0.562773145714289,34.6363636363637,0.462399471606719,124.272727272727,34.6363636363636,124.272727272727,0.410314968478492,0.117606259533176,NA,NA,NA,NA,NA,NA,"Unobserved",0,0,NA,NA,NA,NA,"Caribbean","Dominica",0.462399471606719,124.272727272727,7.51484606751064,"Low","Below average - fewer cases than typical at this point",-0.678738044609715,"Extremely Low",0.0604496439955801,"Rare good event - unusually low cases to date","Dominica"
"DMA",8,11,0.604513447882571,40,0.531679495629827,164.272727272727,40,164.272727272727,0.542090600942469,0.131775632463978,NA,NA,NA,NA,NA,NA,"Unobserved",0,0,NA,NA,NA,NA,"Caribbean","Dominica",0.531679495629827,164.272727272727,4.73605589574274,"Extremely Low","Rare good event - unusually low cases to date",-0.727986422612298,"Extremely Low",0.0604496439955801,"Rare good event - unusually low cases to date","Dominica"
"DMA",9,12,0.504960002313054,26,0.523059039674322,190.272727272727,26,190.272727272727,0.631175549604966,0.089084948662497,NA,NA,NA,NA,NA,NA,"Unobserved",0,0,NA,NA,NA,NA,"Caribbean","Dominica",0.523059039674322,190.272727272727,4.56996938028851,"Extremely Low","Rare good event - unusually low cases to date",-0.722236176174704,"Extremely Low",0.0604496439955801,"Rare good event - unusually low cases to date","Dominica"
"DMA",10,1,0.772630790044019,25.0909090909091,1.09833131511206,215.363636363636,25.0909090909091,215.363636363636,0.810052274060568,0.178876724455602,NA,NA,NA,NA,NA,NA,"Unobserved",0,0,NA,NA,NA,NA,"Caribbean","Dominica",1.09833131511206,215.363636363636,0.301797741555043,"Extremely Low","Rare good event - unusually low cases to date",-1.04535083360566,"Extremely Low",0.0604496439955801,"Rare good event - unusually low cases to date","Dominica"
"DMA",11,2,0.736665005130001,12.6363636363636,1.28659404486816,228,12.6363636363636,228,0.904132472713682,0.0940801986531144,NA,NA,NA,NA,NA,NA,"Unobserved",0,0,NA,NA,NA,NA,"Caribbean","Dominica",1.28659404486816,228,0.127045035246597,"Extremely Low","Rare good event - unusually low cases to date",-1.13109442130991,"Extremely Low",0.0604496439955801,"Rare good event - unusually low cases to date","Dominica"
"DMA",12,3,0.800105148993806,12.9090909090909,1.44727862712239,240.909090909091,12.9090909090909,240.909090909091,1,0.0958675272863179,NA,NA,NA,NA,NA,NA,"Unobserved",0,0,NA,NA,NA,NA,"Caribbean","Dominica",1.44727862712239,240.909090909091,0.0604496439955801,"Extremely Low","Rare good event - unusually low cases to date",-1.19943149814744,"Extremely Low",0.0604496439955801,"Rare good event - unusually low cases to date","Dominica"
"DOM",11,1,0.867141934428965,777.249999999999,1.23311824582974,8907.31250000001,777.25,8907.3125,0.942601047644631,0.0761005250169011,2025,2025-01-01,201,"PAHO",3,"2024/2025","Observed",201,201,367,2321,NA,367,"Caribbean","Dominican Republic",1.23311824582974,8907.31250000001,1.06657783096657,"Extremely Low","Rare good event - unusually low cases to date",-1.08532514431545,"Low",13.8904940785692,"Below average - fewer cases than typical at this point","Dominican Republic"
"DOM",12,2,1.31716228823389,432.5625,1.26479081546161,9339.87499999999,432.5625,9339.875,1,0.0573989523553694,2025,2025-02-01,166,"PAHO",3,"2024/2025","Observed",367,367,367,2321,NA,367,"Caribbean","Dominican Republic",1.26479081546161,9339.87499999999,1.91786452185679,"Extremely Low","Rare good event - unusually low cases to date",-1.08036498886049,"Low",13.8904940785692,"Below average - fewer cases than typical at this point","Dominican Republic"
"DOM",1,3,1.57090929670601,460.375000000001,1.57090929670601,460.375000000001,460.375,460.375,0.0848153118399859,0.0848153118399859,2025,2025-03-01,239,"PAHO",3,"2025/2026","Observed",239,606,1861,2321,NA,1861,"Caribbean","Dominican Republic",1.57090929670601,460.375000000001,32.3779638535284,"Normal","Average - typical case load at this point",-0.601662162608894,"Low",13.8904940785692,"Below average - fewer cases than typical at this point","Dominican Republic"
"DOM",2,4,1.90550549033842,372.375,1.84120310630431,832.749999999999,372.375,832.75,0.147324913437771,0.0625096015977854,2025,2025-04-01,126,"PAHO",3,"2025/2026","Observed",365,732,1861,2321,NA,1861,"Caribbean","Dominican Republic",1.84120310630431,832.749999999999,23.5567056566019,"Low","Below average - fewer cases than typical at this point",-0.761325582695204,"Low",13.8904940785692,"Below average - fewer cases than typical at this point","Dominican Republic"
"DOM",3,5,2.10166464065858,410.499999999999,2.04467454130992,1243.25,410.5,1243.25,0.211730643203128,0.0644057297653564,2025,2025-05-01,166,"PAHO",3,"2025/2026","Observed",531,898,1861,2321,NA,1861,"Caribbean","Dominican Republic",2.04467454130992,1243.25,20.7294040919141,"Low","Below average - fewer cases than typical at this point",-0.818519920304899,"Low",13.8904940785692,"Below average - fewer cases than typical at this point","Dominican Republic"
"DOM",4,6,1.44693069920596,518.062499999999,1.93754300516391,1761.3125,518.0625,1761.3125,0.283064171683959,0.0713335284808316,2025,2025-06-01,178,"PAHO",3,"2025/2026","Observed",709,1076,1861,2321,NA,1861,"Caribbean","Dominican Republic",1.93754300516391,1761.3125,19.945464123818,"Low","Below average - fewer cases than typical at this point",-0.831180305872475,"Low",13.8904940785692,"Below average - fewer cases than typical at this point","Dominican Republic"
"DOM",5,7,1.11858823023686,693.562500000001,1.83813143351877,2454.875,693.5625,2454.875,0.35805229761995,0.0749881259359907,2025,2025-07-01,139,"PAHO",3,"2025/2026","Observed",848,1215,1861,2321,NA,1861,"Caribbean","Dominican Republic",1.83813143351877,2454.875,16.8466654906762,"Low","Below average - fewer cases than typical at this point",-0.887112011769685,"Low",13.8904940785692,"Below average - fewer cases than typical at this point","Dominican Republic"
"DOM",6,8,0.930508703501028,909.062499999998,1.68495595092402,3363.9375,909.0625,3363.9375,0.442758892474785,0.0847065948548353,2025,2025-08-01,117,"PAHO",3,"2025/2026","Observed",965,1332,1861,2321,NA,1861,"Caribbean","Dominican Republic",1.68495595092402,3363.9375,14.3408689150621,"Low","Below average - fewer cases than typical at this point",-0.925457654332959,"Low",13.8904940785692,"Below average - fewer cases than typical at this point","Dominican Republic"
"DOM",7,9,0.73340796507248,1325.4375,1.42811671452996,4689.375,1325.4375,4689.375,0.550640477791891,0.107881585317106,2025,2025-09-01,168,"PAHO",3,"2025/2026","Observed",1133,1500,1861,2321,NA,1861,"Caribbean","Dominican Republic",1.42811671452996,4689.375,14.1903468042651,"Low","Below average - fewer cases than typical at this point",-0.906167152161758,"Low",13.8904940785692,"Below average - fewer cases than typical at this point","Dominican Republic"
"DOM",8,10,0.718224205060224,1602,1.25505319954734,6291.37499999999,1602,6291.375,0.681629699958025,0.130989222166134,2025,2025-10-01,172,"PAHO",3,"2025/2026","Observed",1305,1672,1861,2321,NA,1861,"Caribbean","Dominican Republic",1.25505319954734,6291.37499999999,14.1101323807767,"Low","Below average - fewer cases than typical at this point",-0.887824484571177,"Low",13.8904940785692,"Below average - fewer cases than typical at this point","Dominican Republic"
"DOM",9,11,1.01819205329019,985.687500000001,1.27378305298554,7277.06250000002,985.6875,7277.0625,0.787554110033882,0.105924410075856,2025,2025-11-01,196,"PAHO",3,"2025/2026","Observed",1501,1868,1861,2321,NA,1861,"Caribbean","Dominican Republic",1.27378305298554,7277.06250000002,13.737941322305,"Low","Below average - fewer cases than typical at this point",-0.895747296149406,"Low",13.8904940785692,"Below average - fewer cases than typical at this point","Dominican Republic"
"DOM",10,12,0.884070975331393,853,1.24337487720571,8130.0625,853,8130.0625,0.866500522627729,0.0789464125938477,2025,2025-12-01,143,"PAHO",3,"2025/2026","Observed",1644,2011,1861,2321,NA,1861,"Caribbean","Dominican Republic",1.24337487720571,8130.0625,13.8904940785692,"Low","Below average - fewer cases than typical at this point",-0.889518699023603,"Low",13.8904940785692,"Below average - fewer cases than typical at this point","Dominican Republic"
"DOM",11,1,0.867141934428965,777.249999999999,1.23311824582974,8907.31250000001,777.25,8907.3125,0.942601047644631,0.0761005250169011,2026,2026-01-01,132,"PAHO",3,"2025/2026","Observed",1776,132,1861,2797,NA,1861,"Caribbean","Dominican Republic",1.23311824582974,8907.31250000001,13.832692073208,"Low","Below average - fewer cases than typical at this point",-0.888986326670573,"Extremely Low",1.11313338504365,"Rare good event - unusually low cases to date","Dominican Republic"
"DOM",12,2,1.31716228823389,432.5625,1.26479081546161,9339.87499999999,432.5625,9339.875,1,0.0573989523553694,2026,2026-02-01,85,"PAHO",3,"2025/2026","Observed",1861,217,1861,2797,NA,1861,"Caribbean","Dominican Republic",1.26479081546161,9339.87499999999,13.340744997094,"Low","Below average - fewer cases than typical at this point",-0.900482254134156,"Extremely Low",1.11313338504365,"Rare good event - unusually low cases to date","Dominican Republic"
"DOM",1,3,1.57090929670601,460.375000000001,1.57090929670601,460.375000000001,460.375,460.375,0.0848153118399859,0.0848153118399859,2026,2026-03-01,104,"PAHO",3,"2026/2027","Observed",104,321,1324,2797,NA,1324,"Caribbean","Dominican Republic",1.57090929670601,460.375000000001,11.5161148492998,"Low","Below average - fewer cases than typical at this point",-0.968570765442097,"Extremely Low",1.11313338504365,"Rare good event - unusually low cases to date","Dominican Republic"
"DOM",2,4,1.90550549033842,372.375,1.84120310630431,832.749999999999,372.375,832.75,0.147324913437771,0.0625096015977854,2026,2026-04-01,91,"PAHO",3,"2026/2027","Observed",195,412,1324,2797,NA,1324,"Caribbean","Dominican Republic",1.84120310630431,832.749999999999,9.39641926421325,"Low","Below average - fewer cases than typical at this point",-1.03802328244547,"Extremely Low",1.11313338504365,"Rare good event - unusually low cases to date","Dominican Republic"
"DOM",3,5,2.10166464065858,410.499999999999,2.04467454130992,1243.25,410.5,1243.25,0.211730643203128,0.0644057297653564,2026,2026-05-01,NA,NA,3,"2026/2027","Unobserved",195,412,1324,2797,NA,1324,"Caribbean","Dominican Republic",2.04467454130992,1243.25,3.8394675944536,"Extremely Low","Rare good event - unusually low cases to date",-1.20465216772146,"Extremely Low",1.11313338504365,"Rare good event - unusually low cases to date","Dominican Republic"
"DOM",4,6,1.44693069920596,518.062499999999,1.93754300516391,1761.3125,518.0625,1761.3125,0.283064171683959,0.0713335284808316,2026,2026-06-01,NA,NA,3,"2026/2027","Unobserved",195,412,1324,2797,NA,1324,"Caribbean","Dominican Republic",1.93754300516391,1761.3125,2.35979423036701,"Extremely Low","Rare good event - unusually low cases to date",-1.23716871446636,"Extremely Low",1.11313338504365,"Rare good event - unusually low cases to date","Dominican Republic"
"DOM",5,7,1.11858823023686,693.562500000001,1.83813143351877,2454.875,693.5625,2454.875,0.35805229761995,0.0749881259359907,2026,2026-07-01,NA,NA,3,"2026/2027","Unobserved",195,412,1324,2797,NA,1324,"Caribbean","Dominican Republic",1.83813143351877,2454.875,1.54876213227455,"Extremely Low","Rare good event - unusually low cases to date",-1.24761556287702,"Extremely Low",1.11313338504365,"Rare good event - unusually low cases to date","Dominican Republic"
"DOM",6,8,0.930508703501028,909.062499999998,1.68495595092402,3363.9375,909.0625,3363.9375,0.442758892474785,0.0847065948548353,2026,2026-08-01,NA,NA,3,"2026/2027","Unobserved",195,412,1324,2797,NA,1324,"Caribbean","Dominican Republic",1.68495595092402,3363.9375,1.2368932059746,"Extremely Low","Rare good event - unusually low cases to date",-1.22250682457453,"Extremely Low",1.11313338504365,"Rare good event - unusually low cases to date","Dominican Republic"
"DOM",7,9,0.73340796507248,1325.4375,1.42811671452996,4689.375,1325.4375,4689.375,0.550640477791891,0.107881585317106,2026,2026-09-01,NA,NA,3,"2026/2027","Unobserved",195,412,1324,2797,NA,1324,"Caribbean","Dominican Republic",1.42811671452996,4689.375,1.36453059677616,"Extremely Low","Rare good event - unusually low cases to date",-1.14517029123672,"Extremely Low",1.11313338504365,"Rare good event - unusually low cases to date","Dominican Republic"
"DOM",8,10,0.718224205060224,1602,1.25505319954734,6291.37499999999,1602,6291.375,0.681629699958025,0.130989222166134,2026,2026-10-01,NA,NA,3,"2026/2027","Unobserved",195,412,1324,2797,NA,1324,"Caribbean","Dominican Republic",1.25505319954734,6291.37499999999,1.47394151354874,"Extremely Low","Rare good event - unusually low cases to date",-1.08546007713572,"Extremely Low",1.11313338504365,"Rare good event - unusually low cases to date","Dominican Republic"
"DOM",9,11,1.01819205329019,985.687500000001,1.27378305298554,7277.06250000002,985.6875,7277.0625,0.787554110033882,0.105924410075856,2026,2026-11-01,NA,NA,3,"2026/2027","Unobserved",195,412,1324,2797,NA,1324,"Caribbean","Dominican Republic",1.27378305298554,7277.06250000002,1.16467088890295,"Extremely Low","Rare good event - unusually low cases to date",-1.09828076402153,"Extremely Low",1.11313338504365,"Rare good event - unusually low cases to date","Dominican Republic"
"DOM",10,12,0.884070975331393,853,1.24337487720571,8130.0625,853,8130.0625,0.866500522627729,0.0789464125938477,2026,2026-12-01,NA,NA,3,"2026/2027","Unobserved",195,412,1324,2797,NA,1324,"Caribbean","Dominican Republic",1.24337487720571,8130.0625,1.11313338504365,"Extremely Low","Rare good event - unusually low cases to date",-1.08823904667446,"Extremely Low",1.11313338504365,"Rare good event - unusually low cases to date","Dominican Republic"
"ECU",3,1,2.40554923794322,1520.26666666667,2.19938562385211,3449.06666666667,1520.26666666667,3449.06666666667,0.181795941151241,0.0806565017865964,2025,2025-01-01,4513,"PAHO",11,"2024/2025","Observed",4513,4513,35775,372417,NA,35775,"South America","Ecuador",2.19938562385211,3449.06666666667,73.863270315321,"Normal","Average - typical case load at this point",0.457325157290353,"Normal",59.4547489277011,"Average - typical case load at this point","Ecuador"
"ECU",4,2,2.19842779847096,1799.46666666667,2.33912206395077,5248.53333333333,1799.46666666667,5248.53333333333,0.272082895458071,0.0902869543068297,2025,2025-02-01,4122,"PAHO",11,"2024/2025","Observed",8635,8635,35775,372417,NA,35775,"South America","Ecuador",2.33912206395077,5248.53333333333,85.0939078360342,"High","Above average - more cases than typical at this point",0.986594144032175,"Normal",59.4547489277011,"Average - typical case load at this point","Ecuador"
"ECU",5,3,1.88112125485409,2649.86666666667,2.39403142387154,7898.40000000001,2649.86666666667,7898.4,0.39514883283666,0.123065937378589,2025,2025-03-01,5770,"PAHO",11,"2024/2025","Observed",14405,14405,35775,372417,NA,35775,"South America","Ecuador",2.39403142387154,7898.40000000001,89.2253583907761,"High","Above average - more cases than typical at this point",1.27442446527307,"Normal",59.4547489277011,"Average - typical case load at this point","Ecuador"
"ECU",6,4,1.63039159944401,2776.33333333334,2.29908712647823,10674.7333333333,2776.33333333333,10674.7333333333,0.51828597620176,0.123137143365101,2025,2025-04-01,4985,"PAHO",11,"2024/2025","Observed",19390,19390,35775,372417,NA,35775,"South America","Ecuador",2.29908712647823,10674.7333333333,88.7769664207007,"High","Above average - more cases than typical at this point",1.23781173821331,"Normal",59.4547489277011,"Average - typical case load at this point","Ecuador"
"ECU",7,5,1.33297965656592,3288.53333333333,2.1007358132893,13963.2666666667,3288.53333333333,13963.2666666667,0.656307290725207,0.138021314523446,2025,2025-05-01,5324,"PAHO",11,"2024/2025","Observed",24714,24714,35775,372417,NA,35775,"South America","Ecuador",2.1007358132893,13963.2666666667,87.1772262265952,"High","Above average - more cases than typical at this point",1.11584561297011,"Normal",59.4547489277011,"Average - typical case load at this point","Ecuador"
"ECU",8,6,1.64266055464281,2530.46666666667,2.08270303911408,16493.7333333333,2530.46666666667,16493.7333333333,0.769621921937917,0.113314631212711,2025,2025-06-01,4741,"PAHO",11,"2024/2025","Observed",29455,29455,35775,372417,NA,35775,"South America","Ecuador",2.08270303911408,16493.7333333333,87.439715754354,"High","Above average - more cases than typical at this point",1.13400438690627,"Normal",59.4547489277011,"Average - typical case load at this point","Ecuador"
"ECU",9,7,2.1967992235977,1821.73333333333,2.14699137042469,18315.4666666667,1821.73333333333,18315.4666666667,0.858260279097651,0.0886383571597332,2025,2025-07-01,2452,"PAHO",11,"2024/2025","Observed",31907,31907,35775,372417,NA,35775,"South America","Ecuador",2.14699137042469,18315.4666666667,86.7459676409688,"High","Above average - more cases than typical at this point",1.08727690237545,"Normal",59.4547489277011,"Average - typical case load at this point","Ecuador"
"ECU",10,8,2.0776091230734,1097.93333333333,2.19082680003436,19413.3999999999,1097.93333333333,19413.4,0.912815840382549,0.0545555612848986,2025,2025-08-01,1415,"PAHO",11,"2024/2025","Observed",33322,33322,35775,372417,NA,35775,"South America","Ecuador",2.19082680003436,19413.3999999999,86.326295426918,"High","Above average - more cases than typical at this point",1.06037952399196,"Normal",59.4547489277011,"Average - typical case load at this point","Ecuador"
"ECU",11,9,1.86273082292475,886.333333333336,2.22624977568018,20299.7333333333,886.333333333333,20299.7333333333,0.957420144484682,0.044604304102133,2025,2025-09-01,1433,"PAHO",11,"2024/2025","Observed",34755,34755,35775,372417,NA,35775,"South America","Ecuador",2.22624977568018,20299.7333333333,86.343813157748,"High","Above average - more cases than typical at this point",1.0624265283753,"Normal",59.4547489277011,"Average - typical case load at this point","Ecuador"
"ECU",12,10,1.61784546745764,856.066666666667,2.24884537398243,21155.8,856.066666666667,21155.8,1,0.0425798555153178,2025,2025-10-01,1020,"PAHO",11,"2024/2025","Observed",35775,35775,35775,372417,NA,35775,"South America","Ecuador",2.24884537398243,21155.8,85.9301362818174,"High","Above average - more cases than typical at this point",1.03621737741175,"Normal",59.4547489277011,"Average - typical case load at this point","Ecuador"
"ECU",1,11,1.75016272776288,791.600000000003,1.75016272776288,791.600000000003,791.6,791.6,0.0411484295815449,0.0411484295815449,2025,2025-11-01,890,"PAHO",11,"2025/2026","Observed",890,36665,27631,372417,NA,27631,"South America","Ecuador",1.75016272776288,791.600000000003,65.9389083655793,"Normal","Average - typical case load at this point",0.164266484729974,"Normal",59.4547489277011,"Average - typical case load at this point","Ecuador"
"ECU",2,12,1.41080360737768,1137.2,1.63059651838895,1928.8,1137.2,1928.8,0.101139439364645,0.0599910097830999,2025,2025-12-01,1001,"PAHO",11,"2025/2026","Observed",1891,37666,27631,372417,NA,27631,"South America","Ecuador",1.63059651838895,1928.8,59.4547489277011,"Normal","Average - typical case load at this point",-0.0250146459467253,"Normal",59.4547489277011,"Average - typical case load at this point","Ecuador"
"ECU",3,1,2.40554923794322,1520.26666666667,2.19938562385211,3449.06666666667,1520.26666666667,3449.06666666667,0.181795941151241,0.0806565017865964,2026,2026-01-01,1773,"PAHO",11,"2025/2026","Observed",3664,1773,27631,23983,NA,27631,"South America","Ecuador",2.19938562385211,3449.06666666667,62.4123398014038,"Normal","Average - typical case load at this point",0.0923877628362736,"Extremely Low",0.000974260722783562,"Rare good event - unusually low cases to date","Ecuador"
"ECU",4,2,2.19842779847096,1799.46666666667,2.33912206395077,5248.53333333333,1799.46666666667,5248.53333333333,0.272082895458071,0.0902869543068297,2026,2026-02-01,2098,"PAHO",11,"2025/2026","Observed",5762,3871,27631,23983,NA,27631,"South America","Ecuador",2.33912206395077,5248.53333333333,64.1768268422532,"Normal","Average - typical case load at this point",0.149590489543396,"Extremely Low",0.000974260722783562,"Rare good event - unusually low cases to date","Ecuador"
"ECU",5,3,1.88112125485409,2649.86666666667,2.39403142387154,7898.40000000001,2649.86666666667,7898.4,0.39514883283666,0.123065937378589,2026,2026-03-01,4081,"PAHO",11,"2025/2026","Observed",9843,7952,27631,23983,NA,27631,"South America","Ecuador",2.39403142387154,7898.40000000001,71.4571079891198,"Normal","Average - typical case load at this point",0.380881845383149,"Extremely Low",0.000974260722783562,"Rare good event - unusually low cases to date","Ecuador"
"ECU",6,4,1.63039159944401,2776.33333333334,2.29908712647823,10674.7333333333,2776.33333333333,10674.7333333333,0.51828597620176,0.123137143365101,2026,2026-04-01,4478,"PAHO",11,"2025/2026","Observed",14321,12430,27631,23983,NA,27631,"South America","Ecuador",2.29908712647823,10674.7333333333,75.3245885876008,"High","Above average - more cases than typical at this point",0.517871896899992,"Extremely Low",0.000974260722783562,"Rare good event - unusually low cases to date","Ecuador"
"ECU",7,5,1.33297965656592,3288.53333333333,2.1007358132893,13963.2666666667,3288.53333333333,13963.2666666667,0.656307290725207,0.138021314523446,2026,2026-05-01,NA,NA,11,"2025/2026","Unobserved",14321,12430,27631,23983,NA,27631,"South America","Ecuador",2.1007358132893,13963.2666666667,60.5805148463528,"Normal","Average - typical case load at this point",0.0371300411085002,"Extremely Low",0.000974260722783562,"Rare good event - unusually low cases to date","Ecuador"
"ECU",8,6,1.64266055464281,2530.46666666667,2.08270303911408,16493.7333333333,2530.46666666667,16493.7333333333,0.769621921937917,0.113314631212711,2026,2026-06-01,NA,NA,11,"2025/2026","Unobserved",14321,12430,27631,23983,NA,27631,"South America","Ecuador",2.08270303911408,16493.7333333333,51.450741489215,"Normal","Average - typical case load at this point",-0.190096322754778,"Extremely Low",0.000974260722783562,"Rare good event - unusually low cases to date","Ecuador"
"ECU",9,7,2.1967992235977,1821.73333333333,2.14699137042469,18315.4666666667,1821.73333333333,18315.4666666667,0.858260279097651,0.0886383571597332,2026,2026-07-01,NA,NA,11,"2025/2026","Unobserved",14321,12430,27631,23983,NA,27631,"South America","Ecuador",2.14699137042469,18315.4666666667,45.5164754772633,"Normal","Average - typical case load at this point",-0.319543883494286,"Extremely Low",0.000974260722783562,"Rare good event - unusually low cases to date","Ecuador"
"ECU",10,8,2.0776091230734,1097.93333333333,2.19082680003436,19413.3999999999,1097.93333333333,19413.4,0.912815840382549,0.0545555612848986,2026,2026-08-01,NA,NA,11,"2025/2026","Unobserved",14321,12430,27631,23983,NA,27631,"South America","Ecuador",2.19082680003436,19413.3999999999,42.2153705011526,"Normal","Average - typical case load at this point",-0.388240131140197,"Extremely Low",0.000974260722783562,"Rare good event - unusually low cases to date","Ecuador"
"ECU",11,9,1.86273082292475,886.333333333336,2.22624977568018,20299.7333333333,886.333333333333,20299.7333333333,0.957420144484682,0.044604304102133,2026,2026-09-01,NA,NA,11,"2025/2026","Unobserved",14321,12430,27631,23983,NA,27631,"South America","Ecuador",2.22624977568018,20299.7333333333,39.7064911397676,"Normal","Average - typical case load at this point",-0.439422187489794,"Extremely Low",0.000974260722783562,"Rare good event - unusually low cases to date","Ecuador"
"ECU",12,10,1.61784546745764,856.066666666667,2.24884537398243,21155.8,856.066666666667,21155.8,1,0.0425798555153178,2026,2026-10-01,NA,NA,11,"2025/2026","Unobserved",14321,12430,27631,23983,NA,27631,"South America","Ecuador",2.24884537398243,21155.8,37.4871145256994,"Normal","Average - typical case load at this point",-0.484454589247964,"Extremely Low",0.000974260722783562,"Rare good event - unusually low cases to date","Ecuador"
"ECU",1,11,1.75016272776288,791.600000000003,1.75016272776288,791.600000000003,791.6,791.6,0.0411484295815449,0.0411484295815449,2026,2026-11-01,NA,NA,11,"2026/2027","Unobserved",0,12430,NA,23983,NA,NA,"South America","Ecuador",1.75016272776288,791.600000000003,0.00224332080623353,"Extremely Low","Rare good event - unusually low cases to date",-1.32147712715702,"Extremely Low",0.000974260722783562,"Rare good event - unusually low cases to date","Ecuador"
"ECU",2,12,1.41080360737768,1137.2,1.63059651838895,1928.8,1137.2,1928.8,0.101139439364645,0.0599910097830999,2026,2026-12-01,NA,NA,11,"2026/2027","Unobserved",0,12430,NA,23983,NA,NA,"South America","Ecuador",1.63059651838895,1928.8,0.000974260722783562,"Extremely Low","Rare good event - unusually low cases to date",-1.2764087064033,"Extremely Low",0.000974260722783562,"Rare good event - unusually low cases to date","Ecuador"
"ERI",8,1,33.9703483507425,1100.2,45.7132029394631,8528.20000000003,1100.2,8528.2,0.681579477845612,0.0907743467147419,2025,2025-01-01,6,"Estimates",6,"2024/2025","Unobserved",6,6,70,7309,6.35420427003193,82,"Sub-Saharan Africa","Eritrea",45.7132029394631,8528.20000000003,2.33111001501351e-95,"Extremely Low","Rare good event - unusually low cases to date",-6.73836168394967,"Extremely Low",0.268797153213064,"Rare good event - unusually low cases to date","Eritrea"
"ERI",9,2,7.28224711025048,1195.8,36.9248299035491,9724.00000000001,1195.8,9724,0.773878231997675,0.0922987541520635,2025,2025-02-01,18,"WHO",6,"2024/2025","Observed",24,24,70,7309,NA,82,"Sub-Saharan Africa","Eritrea",36.9248299035491,9724.00000000001,1.91044331537157e-71,"Extremely Low","Rare good event - unusually low cases to date",-6.05010659966765,"Extremely Low",0.268797153213064,"Rare good event - unusually low cases to date","Eritrea"
"ERI",10,3,10.046492726815,1060.4,34.1692335365529,10784.4,1060.4,10784.4,0.856455988918651,0.082577756920976,2025,2025-03-01,6,"Estimates",6,"2024/2025","Unobserved",30,30,70,7309,5.78044298446832,82,"Sub-Saharan Africa","Eritrea",34.1692335365529,10784.4,5.94434344661515e-66,"Extremely Low","Rare good event - unusually low cases to date",-5.81997200927524,"Extremely Low",0.268797153213064,"Rare good event - unusually low cases to date","Eritrea"
"ERI",11,4,8.75138487992655,1053,33.8010131921096,11837.4,1053,11837.4,0.939351426877423,0.0828954379587723,2025,2025-04-01,48,"WHO",6,"2024/2025","Observed",78,78,70,7309,NA,82,"Sub-Saharan Africa","Eritrea",33.8010131921096,11837.4,3.40792240417929e-56,"Extremely Low","Rare good event - unusually low cases to date",-5.76732640871249,"Extremely Low",0.268797153213064,"Rare good event - unusually low cases to date","Eritrea"
"ERI",12,5,14.2637128214286,759.599999999999,34.9127733800363,12597,759.6,12597,1,0.0606485731225766,2025,2025-05-01,4,"Estimates",6,"2024/2025","Unobserved",82,82,70,7309,4.24540011858036,82,"Sub-Saharan Africa","Eritrea",34.9127733800363,12597,2.77042342637873e-58,"Extremely Low","Rare good event - unusually low cases to date",-5.86212270694239,"Extremely Low",0.268797153213064,"Rare good event - unusually low cases to date","Eritrea"
"ERI",1,6,270.774386381601,825.799999999999,270.774386381601,825.799999999999,825.8,825.8,0.0674247656690757,0.0674247656690757,2025,2025-06-01,5,"Estimates",6,"2025/2026","Unobserved",5,87,4993,7309,4.7197335968353,5975,"Sub-Saharan Africa","Eritrea",270.774386381601,825.799999999999,1.04216567414422e-153,"Extremely Low","Rare good event - unusually low cases to date",-14.1933414232202,"Extremely Low",0.268797153213064,"Rare good event - unusually low cases to date","Eritrea"
"ERI",2,7,18.9968432683147,677.200000000001,104.531882625767,1503,677.2,1503,0.121781944123744,0.0543571784546687,2025,2025-07-01,9,"WHO",6,"2025/2026","Observed",14,96,4993,7309,NA,5975,"Sub-Saharan Africa","Eritrea",104.531882625767,1503,1.86906807581651e-105,"Extremely Low","Rare good event - unusually low cases to date",-9.79399315026729,"Extremely Low",0.268797153213064,"Rare good event - unusually low cases to date","Eritrea"
"ERI",3,8,8.09125185902833,731.600000000001,62.7355442576295,2234.6,731.6,2234.6,0.179281484813152,0.0574995406894078,2025,2025-08-01,4,"Estimates",6,"2025/2026","Unobserved",18,100,4993,7309,4.02496784825854,5975,"Sub-Saharan Africa","Eritrea",62.7355442576295,2234.6,2.07819155968796e-79,"Extremely Low","Rare good event - unusually low cases to date",-7.74875716066815,"Extremely Low",0.268797153213064,"Rare good event - unusually low cases to date","Eritrea"
"ERI",4,9,4.66188424799327,1151.4,24.8808988310898,3386,1151.4,3386,0.269573437441592,0.0902919526284402,2025,2025-09-01,3493,"WHO",6,"2025/2026","Observed",3511,3593,4993,7309,NA,5975,"Sub-Saharan Africa","Eritrea",24.8808988310898,3386,59.8192748365987,"Normal","Average - typical case load at this point",0.183470519766197,"Extremely Low",0.268797153213064,"Rare good event - unusually low cases to date","Eritrea"
"ERI",5,10,10.8405220350353,1336.8,19.024146331468,4722.80000000001,1336.8,4722.8,0.37444491548813,0.104871478046538,2025,2025-10-01,39,"WHO",6,"2025/2026","Observed",3550,3632,4993,7309,NA,5975,"Sub-Saharan Africa","Eritrea",19.024146331468,4722.80000000001,13.4120897715789,"Low","Below average - fewer cases than typical at this point",-1.08094612004453,"Extremely Low",0.268797153213064,"Rare good event - unusually low cases to date","Eritrea"
"ERI",6,11,20.2232810653399,1532.2,21.0398073450076,6255.00000000001,1532.2,6255,0.495411643597511,0.120966728109381,2025,2025-11-01,465,"WHO",6,"2025/2026","Observed",4015,4097,4993,7309,NA,5975,"Sub-Saharan Africa","Eritrea",21.0398073450076,6255.00000000001,3.48089372407686,"Extremely Low","Rare good event - unusually low cases to date",-1.63988123363468,"Extremely Low",0.268797153213064,"Rare good event - unusually low cases to date","Eritrea"
"ERI",7,12,137.73540255611,1173,31.4626386470741,7428,1173,7428,0.59080513113087,0.0953934875333587,2025,2025-12-01,246,"WHO",6,"2025/2026","Observed",4261,4343,4993,7309,NA,5975,"Sub-Saharan Africa","Eritrea",31.4626386470741,7428,0.268797153213064,"Extremely Low","Rare good event - unusually low cases to date",-2.3864696494245,"Extremely Low",0.268797153213064,"Rare good event - unusually low cases to date","Eritrea"
"ERI",8,1,33.9703483507425,1100.2,45.7132029394631,8528.20000000003,1100.2,8528.2,0.681579477845612,0.0907743467147419,2026,2026-01-01,453,"Estimates",6,"2025/2026","Unobserved",4714,453,4993,28,453.236313146706,5975,"Sub-Saharan Africa","Eritrea",45.7132029394631,8528.20000000003,0.016898502138334,"Extremely Low","Rare good event - unusually low cases to date",-3.01582445083675,"Extremely Low",1.90103152020342e-73,"Rare good event - unusually low cases to date","Eritrea"
"ERI",9,2,7.28224711025048,1195.8,36.9248299035491,9724.00000000001,1195.8,9724,0.773878231997675,0.0922987541520635,2026,2026-02-01,461,"Estimates",6,"2025/2026","Unobserved",5175,914,4993,28,460.847679481253,5975,"Sub-Saharan Africa","Eritrea",36.9248299035491,9724.00000000001,0.0333540431717027,"Extremely Low","Rare good event - unusually low cases to date",-2.83731287854517,"Extremely Low",1.90103152020342e-73,"Rare good event - unusually low cases to date","Eritrea"
"ERI",10,3,10.046492726815,1060.4,34.1692335365529,10784.4,1060.4,10784.4,0.856455988918651,0.082577756920976,2026,2026-03-01,24,"WHO",6,"2025/2026","Observed",5199,938,4993,28,NA,5975,"Sub-Saharan Africa","Eritrea",34.1692335365529,10784.4,0.00937124766334467,"Extremely Low","Rare good event - unusually low cases to date",-3.02265785730547,"Extremely Low",1.90103152020342e-73,"Rare good event - unusually low cases to date","Eritrea"
"ERI",11,4,8.75138487992655,1053,33.8010131921096,11837.4,1053,11837.4,0.939351426877423,0.0828954379587723,2026,2026-04-01,414,"Estimates",6,"2025/2026","Unobserved",5613,1352,4993,28,413.89692172815,5975,"Sub-Saharan Africa","Eritrea",33.8010131921096,11837.4,0.00748742528908079,"Extremely Low","Rare good event - unusually low cases to date",-3.05271922873532,"Extremely Low",1.90103152020342e-73,"Rare good event - unusually low cases to date","Eritrea"
"ERI",12,5,14.2637128214286,759.599999999999,34.9127733800363,12597,759.6,12597,1,0.0606485731225766,2026,2026-05-01,NA,NA,6,"2025/2026","Unobserved",5613,1352,4993,28,NA,5975,"Sub-Saharan Africa","Eritrea",34.9127733800363,12597,0.00171360361252157,"Extremely Low","Rare good event - unusually low cases to date",-3.27135956734204,"Extremely Low",1.90103152020342e-73,"Rare good event - unusually low cases to date","Eritrea"
"ERI",1,6,270.774386381601,825.799999999999,270.774386381601,825.799999999999,825.8,825.8,0.0674247656690757,0.0674247656690757,2026,2026-06-01,NA,NA,6,"2026/2027","Unobserved",0,1352,NA,28,NA,NA,"Sub-Saharan Africa","Eritrea",270.774386381601,825.799999999999,3.33714016342271e-163,"Extremely Low","Rare good event - unusually low cases to date",-14.2798018363733,"Extremely Low",1.90103152020342e-73,"Rare good event - unusually low cases to date","Eritrea"
"ERI",2,7,18.9968432683147,677.200000000001,104.531882625767,1503,677.2,1503,0.121781944123744,0.0543571784546687,2026,2026-07-01,NA,NA,6,"2026/2027","Unobserved",0,1352,NA,28,NA,NA,"Sub-Saharan Africa","Eritrea",104.531882625767,1503,8.5109327722489e-123,"Extremely Low","Rare good event - unusually low cases to date",-9.88607904959821,"Extremely Low",1.90103152020342e-73,"Rare good event - unusually low cases to date","Eritrea"
"ERI",3,8,8.09125185902833,731.600000000001,62.7355442576295,2234.6,731.6,2234.6,0.179281484813152,0.0574995406894078,2026,2026-08-01,NA,NA,6,"2026/2027","Unobserved",0,1352,NA,28,NA,NA,"Sub-Saharan Africa","Eritrea",62.7355442576295,2234.6,7.93878948238268e-97,"Extremely Low","Rare good event - unusually low cases to date",-7.81168129172113,"Extremely Low",1.90103152020342e-73,"Rare good event - unusually low cases to date","Eritrea"
"ERI",4,9,4.66188424799327,1151.4,24.8808988310898,3386,1151.4,3386,0.269573437441592,0.0902919526284402,2026,2026-09-01,NA,NA,6,"2026/2027","Unobserved",0,1352,NA,28,NA,NA,"Sub-Saharan Africa","Eritrea",24.8808988310898,3386,6.75315962746706e-52,"Extremely Low","Rare good event - unusually low cases to date",-4.96984943942666,"Extremely Low",1.90103152020342e-73,"Rare good event - unusually low cases to date","Eritrea"
"ERI",5,10,10.8405220350353,1336.8,19.024146331468,4722.80000000001,1336.8,4722.8,0.37444491548813,0.104871478046538,2026,2026-10-01,NA,NA,6,"2026/2027","Unobserved",0,1352,NA,28,NA,NA,"Sub-Saharan Africa","Eritrea",19.024146331468,4722.80000000001,2.54662428017016e-44,"Extremely Low","Rare good event - unusually low cases to date",-4.35290956322157,"Extremely Low",1.90103152020342e-73,"Rare good event - unusually low cases to date","Eritrea"
"ERI",6,11,20.2232810653399,1532.2,21.0398073450076,6255.00000000001,1532.2,6255,0.495411643597511,0.120966728109381,2026,2026-11-01,NA,NA,6,"2026/2027","Unobserved",0,1352,NA,28,NA,NA,"Sub-Saharan Africa","Eritrea",21.0398073450076,6255.00000000001,8.58951118689008e-51,"Extremely Low","Rare good event - unusually low cases to date",-4.57922192695754,"Extremely Low",1.90103152020342e-73,"Rare good event - unusually low cases to date","Eritrea"
"ERI",7,12,137.73540255611,1173,31.4626386470741,7428,1173,7428,0.59080513113087,0.0953934875333587,2026,2026-12-01,NA,NA,6,"2026/2027","Unobserved",0,1352,NA,28,NA,NA,"Sub-Saharan Africa","Eritrea",31.4626386470741,7428,1.90103152020342e-73,"Extremely Low","Rare good event - unusually low cases to date",-5.59731498450432,"Extremely Low",1.90103152020342e-73,"Rare good event - unusually low cases to date","Eritrea"
"ETH",9,1,NA,NA,1.28991905658818,12866.3333333333,181.333333333333,12866.3333333333,0.896414032065017,0.00771828162335729,2025,2025-01-01,15,"Estimates",5,"2024/2025","Unobserved",15,15,1879,4359,14.5026511702883,1894,"Sub-Saharan Africa","Ethiopia",1.28991905658818,12866.3333333333,0.0216366707540037,"Extremely Low","Rare good event - unusually low cases to date",-1.13436508301682,"Low",9.62800328814959,"Below average - fewer cases than typical at this point","Ethiopia"
"ETH",10,2,1.68992533819481,79.3333333333333,1.3018083111342,12945.6666666667,79.3333333333333,12945.6666666667,0.90477643104411,0.00836239897909264,2025,2025-02-01,114,"WHO",5,"2024/2025","Observed",129,129,1879,4359,NA,1894,"Sub-Saharan Africa","Ethiopia",1.3018083111342,12945.6666666667,0.300503211627597,"Extremely Low","Rare good event - unusually low cases to date",-1.12954192173754,"Low",9.62800328814959,"Below average - fewer cases than typical at this point","Ethiopia"
"ETH",11,3,2.02818462551704,75.6666666666667,1.31678445234279,13021.3333333333,75.6666666666667,13021.3333333333,0.913737268419925,0.00896083737581514,2025,2025-03-01,140,"WHO",5,"2024/2025","Observed",269,269,1879,4359,NA,1894,"Sub-Saharan Africa","Ethiopia",1.31678445234279,13021.3333333333,0.729536597947035,"Extremely Low","Rare good event - unusually low cases to date",-1.12374969471819,"Low",9.62800328814959,"Below average - fewer cases than typical at this point","Ethiopia"
"ETH",12,4,0.734757736639571,285,1.58231446223275,13306.3333333333,285,13306.3333333333,1,0.0862627315800751,2025,2025-04-01,1625,"WHO",5,"2024/2025","Observed",1894,1894,1879,4359,NA,1894,"Sub-Saharan Africa","Ethiopia",1.58231446223275,13306.3333333333,5.85245011685915,"Low","Below average - fewer cases than typical at this point",-1.078789294037,"Low",9.62800328814959,"Below average - fewer cases than typical at this point","Ethiopia"
"ETH",1,5,NA,NA,NA,NA,1021.66666666667,1021.66666666667,0.0765203027654343,0.0765203027654343,2025,2025-05-01,344,"WHO",5,"2025/2026","Observed",344,2238,2799,4359,NA,2799,"Sub-Saharan Africa","Ethiopia",NA,NA,NA,"Unknown","Cannot determine",NA,"Low",9.62800328814959,"Below average - fewer cases than typical at this point","Ethiopia"
"ETH",2,6,NA,NA,NA,NA,1411.66666666667,2433.33333333333,0.140337821007442,0.0638175182420077,2025,2025-06-01,80,"WHO",5,"2025/2026","Observed",424,2318,2799,4359,NA,2799,"Sub-Saharan Africa","Ethiopia",NA,NA,NA,"Unknown","Cannot determine",NA,"Low",9.62800328814959,"Below average - fewer cases than typical at this point","Ethiopia"
"ETH",3,7,NA,NA,NA,NA,424.666666666667,2858,0.16737457641268,0.027036755405238,2025,2025-07-01,98,"WHO",5,"2025/2026","Observed",522,2416,2799,4359,NA,2799,"Sub-Saharan Africa","Ethiopia",NA,NA,NA,"Unknown","Cannot determine",NA,"Low",9.62800328814959,"Below average - fewer cases than typical at this point","Ethiopia"
"ETH",4,8,NA,NA,NA,NA,273.666666666667,3131.66666666667,0.181494739603019,0.0141201631903392,2025,2025-08-01,32,"WHO",5,"2025/2026","Observed",554,2448,2799,4359,NA,2799,"Sub-Saharan Africa","Ethiopia",NA,NA,NA,"Unknown","Cannot determine",NA,"Low",9.62800328814959,"Below average - fewer cases than typical at this point","Ethiopia"
"ETH",5,9,1.47707433267256,349.666666666666,0.609200478047963,3481.33333333333,349.666666666667,3481.33333333333,0.207204268779467,0.0257095291764473,2025,2025-09-01,62,"WHO",5,"2025/2026","Observed",616,2510,2799,4359,NA,2799,"Sub-Saharan Africa","Ethiopia",0.609200478047963,3481.33333333333,27.6592290461043,"Normal","Average - typical case load at this point",-0.642349907628567,"Low",9.62800328814959,"Below average - fewer cases than typical at this point","Ethiopia"
"ETH",6,10,1.07222642671486,4536.66666666666,1.11060143948672,8018.00000000002,4536.66666666667,8018,0.523917559261916,0.316713290482449,2025,2025-10-01,438,"WHO",5,"2025/2026","Observed",1054,2948,2799,4359,NA,2799,"Sub-Saharan Africa","Ethiopia",1.11060143948672,8018.00000000002,10.4076102403271,"Low","Below average - fewer cases than typical at this point",-0.915254242816524,"Low",9.62800328814959,"Below average - fewer cases than typical at this point","Ethiopia"
"ETH",7,11,1.62883037095117,3606,1.26059895873984,11624,3606,11624,0.802936185862009,0.279018626600093,2025,2025-11-01,686,"WHO",5,"2025/2026","Observed",1740,3634,2799,4359,NA,2799,"Sub-Saharan Africa","Ethiopia",1.26059895873984,11624,9.66816349682128,"Low","Below average - fewer cases than typical at this point",-0.954645345799563,"Low",9.62800328814959,"Below average - fewer cases than typical at this point","Ethiopia"
"ETH",8,12,1.92467298669724,1061,1.30708532212596,12685,1061,12685,0.88869575044166,0.085759564579651,2025,2025-12-01,255,"WHO",5,"2025/2026","Observed",1995,3889,2799,4359,NA,2799,"Sub-Saharan Africa","Ethiopia",1.30708532212596,12685,9.62800328814959,"Low","Below average - fewer cases than typical at this point",-0.963422597027973,"Low",9.62800328814959,"Below average - fewer cases than typical at this point","Ethiopia"
"ETH",9,1,NA,NA,1.28991905658818,12866.3333333333,181.333333333333,12866.3333333333,0.896414032065017,0.00771828162335729,2026,2026-01-01,0,"WHO",5,"2025/2026","Observed",1995,0,2799,804,NA,2799,"Sub-Saharan Africa","Ethiopia",1.28991905658818,12866.3333333333,9.68396638957198,"Low","Below average - fewer cases than typical at this point",-0.959593889544808,"Extremely Low",0.000614624591286292,"Rare good event - unusually low cases to date","Ethiopia"
"ETH",10,2,1.68992533819481,79.3333333333333,1.3018083111342,12945.6666666667,79.3333333333333,12945.6666666667,0.90477643104411,0.00836239897909264,2026,2026-02-01,46,"WHO",5,"2025/2026","Observed",2041,46,2799,804,NA,2799,"Sub-Saharan Africa","Ethiopia",1.3018083111342,12945.6666666667,9.72307327188163,"Low","Below average - fewer cases than typical at this point",-0.961036005922543,"Extremely Low",0.000614624591286292,"Rare good event - unusually low cases to date","Ethiopia"
"ETH",11,3,2.02818462551704,75.6666666666667,1.31678445234279,13021.3333333333,75.6666666666667,13021.3333333333,0.913737268419925,0.00896083737581514,2026,2026-03-01,53,"WHO",5,"2025/2026","Observed",2094,99,2799,804,NA,2799,"Sub-Saharan Africa","Ethiopia",1.31678445234279,13021.3333333333,9.76373451901966,"Low","Below average - fewer cases than typical at this point",-0.962928679516216,"Extremely Low",0.000614624591286292,"Rare good event - unusually low cases to date","Ethiopia"
"ETH",12,4,0.734757736639571,285,1.58231446223275,13306.3333333333,285,13306.3333333333,1,0.0862627315800751,2026,2026-04-01,705,"WHO",5,"2025/2026","Observed",2799,804,2799,804,NA,2799,"Sub-Saharan Africa","Ethiopia",1.58231446223275,13306.3333333333,10.1817357979458,"Low","Below average - fewer cases than typical at this point",-0.993241117114063,"Extremely Low",0.000614624591286292,"Rare good event - unusually low cases to date","Ethiopia"
"ETH",1,5,NA,NA,NA,NA,1021.66666666667,1021.66666666667,0.0765203027654343,0.0765203027654343,2026,2026-05-01,NA,NA,5,"2026/2027","Unobserved",0,804,NA,804,NA,NA,"Sub-Saharan Africa","Ethiopia",NA,NA,NA,"Unknown","Cannot determine",NA,"Extremely Low",0.000614624591286292,"Rare good event - unusually low cases to date","Ethiopia"
"ETH",2,6,NA,NA,NA,NA,1411.66666666667,2433.33333333333,0.140337821007442,0.0638175182420077,2026,2026-06-01,NA,NA,5,"2026/2027","Unobserved",0,804,NA,804,NA,NA,"Sub-Saharan Africa","Ethiopia",NA,NA,NA,"Unknown","Cannot determine",NA,"Extremely Low",0.000614624591286292,"Rare good event - unusually low cases to date","Ethiopia"
"ETH",3,7,NA,NA,NA,NA,424.666666666667,2858,0.16737457641268,0.027036755405238,2026,2026-07-01,NA,NA,5,"2026/2027","Unobserved",0,804,NA,804,NA,NA,"Sub-Saharan Africa","Ethiopia",NA,NA,NA,"Unknown","Cannot determine",NA,"Extremely Low",0.000614624591286292,"Rare good event - unusually low cases to date","Ethiopia"
"ETH",4,8,NA,NA,NA,NA,273.666666666667,3131.66666666667,0.181494739603019,0.0141201631903392,2026,2026-08-01,NA,NA,5,"2026/2027","Unobserved",0,804,NA,804,NA,NA,"Sub-Saharan Africa","Ethiopia",NA,NA,NA,"Unknown","Cannot determine",NA,"Extremely Low",0.000614624591286292,"Rare good event - unusually low cases to date","Ethiopia"
"ETH",5,9,1.47707433267256,349.666666666666,0.609200478047963,3481.33333333333,349.666666666667,3481.33333333333,0.207204268779467,0.0257095291764473,2026,2026-09-01,NA,NA,5,"2026/2027","Unobserved",0,804,NA,804,NA,NA,"Sub-Saharan Africa","Ethiopia",0.609200478047963,3481.33333333333,0.514276193975839,"Extremely Low","Rare good event - unusually low cases to date",-0.780444676043829,"Extremely Low",0.000614624591286292,"Rare good event - unusually low cases to date","Ethiopia"
"ETH",6,10,1.07222642671486,4536.66666666666,1.11060143948672,8018.00000000002,4536.66666666667,8018,0.523917559261916,0.316713290482449,2026,2026-10-01,NA,NA,5,"2026/2027","Unobserved",0,804,NA,804,NA,NA,"Sub-Saharan Africa","Ethiopia",1.11060143948672,8018.00000000002,0.00518404612059264,"Extremely Low","Rare good event - unusually low cases to date",-1.05377778846969,"Extremely Low",0.000614624591286292,"Rare good event - unusually low cases to date","Ethiopia"
"ETH",7,11,1.62883037095117,3606,1.26059895873984,11624,3606,11624,0.802936185862009,0.279018626600093,2026,2026-11-01,NA,NA,5,"2026/2027","Unobserved",0,804,NA,804,NA,NA,"Sub-Saharan Africa","Ethiopia",1.26059895873984,11624,0.00100448807237105,"Extremely Low","Rare good event - unusually low cases to date",-1.12270310598686,"Extremely Low",0.000614624591286292,"Rare good event - unusually low cases to date","Ethiopia"
"ETH",8,12,1.92467298669724,1061,1.30708532212596,12685,1061,12685,0.88869575044166,0.085759564579651,2026,2026-12-01,NA,NA,5,"2026/2027","Unobserved",0,804,NA,804,NA,NA,"Sub-Saharan Africa","Ethiopia",1.30708532212596,12685,0.000614624591286292,"Extremely Low","Rare good event - unusually low cases to date",-1.14321942406921,"Extremely Low",0.000614624591286292,"Rare good event - unusually low cases to date","Ethiopia"
"FJI",3,1,0.736944811519677,948.400000000001,0.907927441851649,1647.2,948.4,1647.2,0.242880956482891,0.108763363816202,2025,2025-01-01,1629,"WHO",11,"2024/2025","Observed",1629,1629,24176,190229,NA,24176,"Pacific Islands","Fiji",0.907927441851649,1647.2,63.4655583258831,"Normal","Average - typical case load at this point",-0.0105252148151941,"High",83.4440863427499,"Above average - more cases than typical at this point","Fiji"
"FJI",4,2,0.735632638590614,1324.06666666667,0.91299998862261,2971.26666666667,1324.06666666667,2971.26666666667,0.392245379034751,0.14936442255186,2025,2025-02-01,3394,"WHO",11,"2024/2025","Observed",5023,5023,24176,190229,NA,24176,"Pacific Islands","Fiji",0.91299998862261,2971.26666666667,81.2836035676695,"High","Above average - more cases than typical at this point",0.659702235140951,"High",83.4440863427499,"Above average - more cases than typical at this point","Fiji"
"FJI",5,3,0.721140155726716,1423.8,0.888449195253699,4395.06666666667,1423.8,4395.06666666667,0.541080880854135,0.148835501819384,2025,2025-03-01,4509,"WHO",11,"2024/2025","Observed",9532,9532,24176,190229,NA,24176,"Pacific Islands","Fiji",0.888449195253699,4395.06666666667,87.9512091047567,"High","Above average - more cases than typical at this point",1.10156688146193,"High",83.4440863427499,"Above average - more cases than typical at this point","Fiji"
"FJI",6,4,0.731840971724535,1225.06666666667,0.88425758753033,5620.13333333333,1225.06666666667,5620.13333333333,0.667567872316446,0.126486991462311,2025,2025-04-01,4703,"WHO",11,"2024/2025","Observed",14235,14235,24176,190229,NA,24176,"Pacific Islands","Fiji",0.88425758753033,5620.13333333333,91.3650211941899,"High","Above average - more cases than typical at this point",1.44130925723356,"High",83.4440863427499,"Above average - more cases than typical at this point","Fiji"
"FJI",7,5,0.725905643219619,880.333333333335,0.915492148664588,6500.46666666667,880.333333333333,6500.46666666667,0.762306092467149,0.0947382201507034,2025,2025-05-01,3696,"WHO",11,"2024/2025","Observed",17931,17931,24176,190229,NA,24176,"Pacific Islands","Fiji",0.915492148664588,6500.46666666667,93.1689737176576,"High","Above average - more cases than typical at this point",1.6823590593516,"High",83.4440863427499,"Above average - more cases than typical at this point","Fiji"
"FJI",8,6,0.820401821620188,676.399999999999,0.92958374051653,7176.86666666667,676.4,7176.86666666667,0.840999693954708,0.0786936014875589,2025,2025-06-01,1894,"WHO",11,"2024/2025","Observed",19825,19825,24176,190229,NA,24176,"Pacific Islands","Fiji",0.92958374051653,7176.86666666667,93.2784267704872,"High","Above average - more cases than typical at this point",1.69905599716275,"High",83.4440863427499,"Above average - more cases than typical at this point","Fiji"
"FJI",9,7,0.84993172939279,470.066666666667,0.937217029683564,7646.93333333335,470.066666666667,7646.93333333333,0.897703790487581,0.0567040965328724,2025,2025-07-01,1502,"WHO",11,"2024/2025","Observed",21327,21327,24176,190229,NA,24176,"Pacific Islands","Fiji",0.937217029683564,7646.93333333335,93.4911575621851,"High","Above average - more cases than typical at this point",1.7317866336032,"High",83.4440863427499,"Above average - more cases than typical at this point","Fiji"
"FJI",10,8,0.803789977738723,338.8,0.942657580266681,7985.73333333333,338.8,7985.73333333333,0.939638187620009,0.0419343971324277,2025,2025-08-01,822,"WHO",11,"2024/2025","Observed",22149,22149,24176,190229,NA,24176,"Pacific Islands","Fiji",0.942657580266681,7985.73333333333,93.4268830977164,"High","Above average - more cases than typical at this point",1.72186849314043,"High",83.4440863427499,"Above average - more cases than typical at this point","Fiji"
"FJI",11,9,0.782256346120421,264.333333333333,0.944406455706117,8250.06666666669,264.333333333333,8250.06666666667,0.971305010926734,0.0316668233067255,2025,2025-09-01,741,"WHO",11,"2024/2025","Observed",22890,22890,24176,190229,NA,24176,"Pacific Islands","Fiji",0.944406455706117,8250.06666666669,93.4431503706701,"High","Above average - more cases than typical at this point",1.72439302955779,"High",83.4440863427499,"Above average - more cases than typical at this point","Fiji"
"FJI",12,10,0.664333763461099,264.800000000001,0.941316715569387,8514.86666666665,264.8,8514.86666666667,1,0.028694989073266,2025,2025-10-01,1286,"WHO",11,"2024/2025","Observed",24176,24176,24176,190229,NA,24176,"Pacific Islands","Fiji",0.941316715569387,8514.86666666665,93.8201905558076,"High","Above average - more cases than typical at this point",1.78438768124331,"High",83.4440863427499,"Above average - more cases than typical at this point","Fiji"
"FJI",1,11,0.527209668679448,324.6,0.527209668679448,324.6,324.6,324.6,0.0612735366983323,0.0612735366983323,2025,2025-11-01,819,"WHO",11,"2025/2026","Observed",819,24995,6404,190229,NA,6404,"Pacific Islands","Fiji",0.527209668679448,324.6,88.95645685665,"High","Above average - more cases than typical at this point",1.10501768614889,"High",83.4440863427499,"Above average - more cases than typical at this point","Fiji"
"FJI",2,12,0.548542453333408,374.2,0.54909702824471,698.800000000002,374.2,698.8,0.134117592666689,0.0728440559683566,2025,2025-12-01,518,"WHO",11,"2025/2026","Observed",1337,25513,6404,190229,NA,6404,"Pacific Islands","Fiji",0.54909702824471,698.800000000002,83.4440863427499,"High","Above average - more cases than typical at this point",0.676484560533586,"High",83.4440863427499,"Above average - more cases than typical at this point","Fiji"
"FJI",3,1,0.736944811519677,948.400000000001,0.907927441851649,1647.2,948.4,1647.2,0.242880956482891,0.108763363816202,2026,2026-01-01,805,"WHO",11,"2025/2026","Observed",2142,805,6404,3933,NA,6404,"Pacific Islands","Fiji",0.907927441851649,1647.2,72.8818569130722,"Normal","Average - typical case load at this point",0.286147048931767,"Extremely Low",1.97255471700063,"Rare good event - unusually low cases to date","Fiji"
"FJI",4,2,0.735632638590614,1324.06666666667,0.91299998862261,2971.26666666667,1324.06666666667,2971.26666666667,0.392245379034751,0.14936442255186,2026,2026-02-01,1039,"WHO",11,"2025/2026","Observed",3181,1844,6404,3933,NA,6404,"Pacific Islands","Fiji",0.91299998862261,2971.26666666667,66.1877549809363,"Normal","Average - typical case load at this point",0.0674364190198013,"Extremely Low",1.97255471700063,"Rare good event - unusually low cases to date","Fiji"
"FJI",5,3,0.721140155726716,1423.8,0.888449195253699,4395.06666666667,1423.8,4395.06666666667,0.541080880854135,0.148835501819384,2026,2026-03-01,284,"WHO",11,"2025/2026","Observed",3465,2128,6404,3933,NA,6404,"Pacific Islands","Fiji",0.888449195253699,4395.06666666667,55.8898363154189,"Normal","Average - typical case load at this point",-0.199444020599521,"Extremely Low",1.97255471700063,"Rare good event - unusually low cases to date","Fiji"
"FJI",6,4,0.731840971724535,1225.06666666667,0.88425758753033,5620.13333333333,1225.06666666667,5620.13333333333,0.667567872316446,0.126486991462311,2026,2026-04-01,810,"Estimates",11,"2025/2026","Unobserved",4275,2938,6404,3933,810.02269332464,6404,"Pacific Islands","Fiji",0.88425758753033,5620.13333333333,54.7486956046949,"Normal","Average - typical case load at this point",-0.225047374563363,"Extremely Low",1.97255471700063,"Rare good event - unusually low cases to date","Fiji"
"FJI",7,5,0.725905643219619,880.333333333335,0.915492148664588,6500.46666666667,880.333333333333,6500.46666666667,0.762306092467149,0.0947382201507034,2026,2026-05-01,NA,NA,11,"2025/2026","Unobserved",4275,2938,6404,3933,NA,6404,"Pacific Islands","Fiji",0.915492148664588,6500.46666666667,49.4909399163539,"Normal","Average - typical case load at this point",-0.327546746837564,"Extremely Low",1.97255471700063,"Rare good event - unusually low cases to date","Fiji"
"FJI",8,6,0.820401821620188,676.399999999999,0.92958374051653,7176.86666666667,676.4,7176.86666666667,0.840999693954708,0.0786936014875589,2026,2026-06-01,NA,NA,11,"2025/2026","Unobserved",4275,2938,6404,3933,NA,6404,"Pacific Islands","Fiji",0.92958374051653,7176.86666666667,46.0710329456748,"Normal","Average - typical case load at this point",-0.389815147660789,"Extremely Low",1.97255471700063,"Rare good event - unusually low cases to date","Fiji"
"FJI",9,7,0.84993172939279,470.066666666667,0.937217029683564,7646.93333333335,470.066666666667,7646.93333333333,0.897703790487581,0.0567040965328724,2026,2026-07-01,NA,NA,11,"2025/2026","Unobserved",4275,2938,6404,3933,NA,6404,"Pacific Islands","Fiji",0.937217029683564,7646.93333333335,43.9427577414801,"Normal","Average - typical case load at this point",-0.426859694353423,"Extremely Low",1.97255471700063,"Rare good event - unusually low cases to date","Fiji"
"FJI",10,8,0.803789977738723,338.8,0.942657580266681,7985.73333333333,338.8,7985.73333333333,0.939638187620009,0.0419343971324277,2026,2026-08-01,NA,NA,11,"2025/2026","Unobserved",4275,2938,6404,3933,NA,6404,"Pacific Islands","Fiji",0.942657580266681,7985.73333333333,42.5059226259974,"Normal","Average - typical case load at this point",-0.451124374304842,"Extremely Low",1.97255471700063,"Rare good event - unusually low cases to date","Fiji"
"FJI",11,9,0.782256346120421,264.333333333333,0.944406455706117,8250.06666666669,264.333333333333,8250.06666666667,0.971305010926734,0.0316668233067255,2026,2026-09-01,NA,NA,11,"2025/2026","Unobserved",4275,2938,6404,3933,NA,6404,"Pacific Islands","Fiji",0.944406455706117,8250.06666666669,41.4839901354107,"Normal","Average - typical case load at this point",-0.46821096079861,"Extremely Low",1.97255471700063,"Rare good event - unusually low cases to date","Fiji"
"FJI",12,10,0.664333763461099,264.800000000001,0.941316715569387,8514.86666666665,264.8,8514.86666666667,1,0.028694989073266,2026,2026-10-01,NA,NA,11,"2025/2026","Unobserved",4275,2938,6404,3933,NA,6404,"Pacific Islands","Fiji",0.941316715569387,8514.86666666665,40.5990746255545,"Normal","Average - typical case load at this point",-0.483079077936937,"Extremely Low",1.97255471700063,"Rare good event - unusually low cases to date","Fiji"
"FJI",1,11,0.527209668679448,324.6,0.527209668679448,324.6,324.6,324.6,0.0612735366983323,0.0612735366983323,2026,2026-11-01,NA,NA,11,"2026/2027","Unobserved",0,2938,NA,3933,NA,NA,"Pacific Islands","Fiji",0.527209668679448,324.6,3.38102316094237,"Extremely Low","Rare good event - unusually low cases to date",-0.725503116755519,"Extremely Low",1.97255471700063,"Rare good event - unusually low cases to date","Fiji"
"FJI",2,12,0.548542453333408,374.2,0.54909702824471,698.800000000002,374.2,698.8,0.134117592666689,0.0728440559683566,2026,2026-12-01,NA,NA,11,"2026/2027","Unobserved",0,2938,NA,3933,NA,NA,"Pacific Islands","Fiji",0.54909702824471,698.800000000002,1.97255471700063,"Extremely Low","Rare good event - unusually low cases to date",-0.740719854122331,"Extremely Low",1.97255471700063,"Rare good event - unusually low cases to date","Fiji"
"FSM",10,1,0.915491484193339,13.625,0.408122266962375,1013.875,13.625,1013.875,0.896962276844109,0.0684022236928017,2025,2025-01-01,5,"WHO",4,"2024/2025","Observed",5,5,15,53,NA,15,"Pacific Islands","Micronesia (Federated States Of)",0.408122266962375,1013.875,9.44004579844067,"Low","Below average - fewer cases than typical at this point",-0.635566062260541,"Low",20.3621953591101,"Below average - fewer cases than typical at this point","Micronesia (Federated States Of)"
"FSM",11,2,0.65794564745135,11.875,0.425893321538015,1025.75,11.875,1025.75,0.963695665578067,0.066733388733958,2025,2025-02-01,9,"WHO",4,"2024/2025","Observed",14,14,15,53,NA,15,"Pacific Islands","Micronesia (Federated States Of)",0.425893321538015,1025.75,12.8452732037468,"Low","Below average - fewer cases than typical at this point",-0.64356432427676,"Low",20.3621953591101,"Below average - fewer cases than typical at this point","Micronesia (Federated States Of)"
"FSM",12,3,0.618375206988357,6.625,0.433897879357775,1032.375,6.625,1032.375,1,0.0363043344219326,2025,2025-03-01,1,"WHO",4,"2024/2025","Observed",15,15,15,53,NA,15,"Pacific Islands","Micronesia (Federated States Of)",0.433897879357775,1032.375,12.7580433416305,"Low","Below average - fewer cases than typical at this point",-0.649002097356698,"Low",20.3621953591101,"Below average - fewer cases than typical at this point","Micronesia (Federated States Of)"
"FSM",1,4,0.749561089587513,7.625,0.749561089587513,7.625,7.625,7.625,0.0241393721069925,0.0241393721069925,2025,2025-04-01,3,"WHO",4,"2025/2026","Observed",3,18,29,53,NA,29,"Pacific Islands","Micronesia (Federated States Of)",0.749561089587513,7.625,43.8958313604809,"Normal","Average - typical case load at this point",-0.501088346229263,"Low",20.3621953591101,"Below average - fewer cases than typical at this point","Micronesia (Federated States Of)"
"FSM",2,5,0.533039810382994,18.75,0.634305184073926,26.375,18.75,26.375,0.0774436667449418,0.0533042946379493,2025,2025-05-01,1,"WHO",4,"2025/2026","Observed",4,19,29,53,NA,29,"Pacific Islands","Micronesia (Federated States Of)",0.634305184073926,26.375,26.9773542085325,"Normal","Average - typical case load at this point",-0.667665958922421,"Low",20.3621953591101,"Below average - fewer cases than typical at this point","Micronesia (Federated States Of)"
"FSM",3,6,0.693832067363532,37.375,0.677773557822829,63.75,37.375,63.75,0.187318755052987,0.109875088308046,2025,2025-06-01,2,"WHO",4,"2025/2026","Observed",6,21,29,53,NA,29,"Pacific Islands","Micronesia (Federated States Of)",0.677773557822829,63.75,18.1112393497446,"Low","Below average - fewer cases than typical at this point",-0.741852633953885,"Low",20.3621953591101,"Below average - fewer cases than typical at this point","Micronesia (Federated States Of)"
"FSM",4,7,0.728582652306457,21,0.726731406651984,84.75,21,84.75,0.237650453035708,0.0503316979827205,2025,2025-07-01,6,"WHO",4,"2025/2026","Observed",12,27,29,53,NA,29,"Pacific Islands","Micronesia (Federated States Of)",0.726731406651984,84.75,20.9957556275607,"Low","Below average - fewer cases than typical at this point",-0.728662057115598,"Low",20.3621953591101,"Below average - fewer cases than typical at this point","Micronesia (Federated States Of)"
"FSM",5,8,0.515698222238815,70.25,0.685833701550594,155,70.25,155,0.338308495705605,0.100658042669897,2025,2025-08-01,4,"WHO",4,"2025/2026","Observed",16,31,29,53,NA,29,"Pacific Islands","Micronesia (Federated States Of)",0.685833701550594,155,18.021060513613,"Low","Below average - fewer cases than typical at this point",-0.741026627713411,"Low",20.3621953591101,"Below average - fewer cases than typical at this point","Micronesia (Federated States Of)"
"FSM",6,9,0.316021576444179,315.25,0.446299175743471,470.25,315.25,470.25,0.519348871310699,0.181040375605094,2025,2025-09-01,2,"WHO",4,"2025/2026","Observed",18,33,29,53,NA,29,"Pacific Islands","Micronesia (Federated States Of)",0.446299175743471,470.25,18.5821231217602,"Low","Below average - fewer cases than typical at this point",-0.642180071178646,"Low",20.3621953591101,"Below average - fewer cases than typical at this point","Micronesia (Federated States Of)"
"FSM",7,10,0.322241854015387,240.5,0.407456806873682,710.75,240.5,710.75,0.664814536430949,0.14546566512025,2025,2025-10-01,6,"WHO",4,"2025/2026","Observed",24,39,29,53,NA,29,"Pacific Islands","Micronesia (Federated States Of)",0.407456806873682,710.75,19.8143982507369,"Low","Below average - fewer cases than typical at this point",-0.616592359027983,"Low",20.3621953591101,"Below average - fewer cases than typical at this point","Micronesia (Federated States Of)"
"FSM",8,11,0.294650397575999,194.875,0.38651730797332,905.625,194.875,905.625,0.76956291109144,0.10474837466049,2025,2025-11-01,1,"WHO",4,"2025/2026","Observed",25,40,29,53,NA,29,"Pacific Islands","Micronesia (Federated States Of)",0.38651730797332,905.625,19.6171832724062,"Low","Below average - fewer cases than typical at this point",-0.604413871296424,"Low",20.3621953591101,"Below average - fewer cases than typical at this point","Micronesia (Federated States Of)"
"FSM",9,12,0.307590959626677,94.625,0.380673321818617,1000.25,94.625,1000.25,0.828560053151308,0.058997142059868,2025,2025-12-01,4,"WHO",4,"2025/2026","Observed",29,44,29,53,NA,29,"Pacific Islands","Micronesia (Federated States Of)",0.380673321818617,1000.25,20.3621953591101,"Low","Below average - fewer cases than typical at this point",-0.598985165692783,"Low",20.3621953591101,"Below average - fewer cases than typical at this point","Micronesia (Federated States Of)"
"FSM",10,1,0.915491484193339,13.625,0.408122266962375,1013.875,13.625,1013.875,0.896962276844109,0.0684022236928017,2026,2026-01-01,0,"WHO",4,"2025/2026","Observed",29,0,29,0,NA,29,"Pacific Islands","Micronesia (Federated States Of)",0.408122266962375,1013.875,18.452402270854,"Low","Below average - fewer cases than typical at this point",-0.620446661448495,"Extremely Low",4.99118085159556,"Rare good event - unusually low cases to date","Micronesia (Federated States Of)"
"FSM",11,2,0.65794564745135,11.875,0.425893321538015,1025.75,11.875,1025.75,0.963695665578067,0.066733388733958,2026,2026-02-01,0,"WHO",4,"2025/2026","Observed",29,0,29,0,NA,29,"Pacific Islands","Micronesia (Federated States Of)",0.425893321538015,1025.75,17.2949002792339,"Low","Below average - fewer cases than typical at this point",-0.634022970321582,"Extremely Low",4.99118085159556,"Rare good event - unusually low cases to date","Micronesia (Federated States Of)"
"FSM",12,3,0.618375206988357,6.625,0.433897879357775,1032.375,6.625,1032.375,1,0.0363043344219326,2026,2026-03-01,0,"WHO",4,"2025/2026","Observed",29,0,29,0,NA,29,"Pacific Islands","Micronesia (Federated States Of)",0.433897879357775,1032.375,16.7890557685245,"Low","Below average - fewer cases than typical at this point",-0.640071241612264,"Extremely Low",4.99118085159556,"Rare good event - unusually low cases to date","Micronesia (Federated States Of)"
"FSM",1,4,0.749561089587513,7.625,0.749561089587513,7.625,7.625,7.625,0.0241393721069925,0.0241393721069925,2026,2026-04-01,0,"WHO",4,"2026/2027","Observed",0,0,0,0,NA,0,"Pacific Islands","Micronesia (Federated States Of)",0.749561089587513,7.625,16.3811271122345,"Low","Below average - fewer cases than typical at this point",-0.826118624864461,"Extremely Low",4.99118085159556,"Rare good event - unusually low cases to date","Micronesia (Federated States Of)"
"FSM",2,5,0.533039810382994,18.75,0.634305184073926,26.375,18.75,26.375,0.0774436667449418,0.0533042946379493,2026,2026-05-01,NA,NA,4,"2026/2027","Unobserved",0,0,0,0,NA,0,"Pacific Islands","Micronesia (Federated States Of)",0.634305184073926,26.375,9.25934750576952,"Low","Below average - fewer cases than typical at this point",-0.787025236495144,"Extremely Low",4.99118085159556,"Rare good event - unusually low cases to date","Micronesia (Federated States Of)"
"FSM",3,6,0.693832067363532,37.375,0.677773557822829,63.75,37.375,63.75,0.187318755052987,0.109875088308046,2026,2026-06-01,NA,NA,4,"2026/2027","Unobserved",0,0,0,0,NA,0,"Pacific Islands","Micronesia (Federated States Of)",0.677773557822829,63.75,4.56427387160775,"Extremely Low","Rare good event - unusually low cases to date",-0.818928232286756,"Extremely Low",4.99118085159556,"Rare good event - unusually low cases to date","Micronesia (Federated States Of)"
"FSM",4,7,0.728582652306457,21,0.726731406651984,84.75,21,84.75,0.237650453035708,0.0503316979827205,2026,2026-07-01,NA,NA,4,"2026/2027","Unobserved",0,0,0,0,NA,0,"Pacific Islands","Micronesia (Federated States Of)",0.726731406651984,84.75,3.1283946462385,"Extremely Low","Rare good event - unusually low cases to date",-0.84885373663982,"Extremely Low",4.99118085159556,"Rare good event - unusually low cases to date","Micronesia (Federated States Of)"
"FSM",5,8,0.515698222238815,70.25,0.685833701550594,155,70.25,155,0.338308495705605,0.100658042669897,2026,2026-08-01,NA,NA,4,"2026/2027","Unobserved",0,0,0,0,NA,0,"Pacific Islands","Micronesia (Federated States Of)",0.685833701550594,155,2.42189346856021,"Extremely Low","Rare good event - unusually low cases to date",-0.826324656802725,"Extremely Low",4.99118085159556,"Rare good event - unusually low cases to date","Micronesia (Federated States Of)"
"FSM",6,9,0.316021576444179,315.25,0.446299175743471,470.25,315.25,470.25,0.519348871310699,0.181040375605094,2026,2026-09-01,NA,NA,4,"2026/2027","Unobserved",0,0,0,0,NA,0,"Pacific Islands","Micronesia (Federated States Of)",0.446299175743471,470.25,4.47493160242594,"Extremely Low","Rare good event - unusually low cases to date",-0.667739476996701,"Extremely Low",4.99118085159556,"Rare good event - unusually low cases to date","Micronesia (Federated States Of)"
"FSM",7,10,0.322241854015387,240.5,0.407456806873682,710.75,240.5,710.75,0.664814536430949,0.14546566512025,2026,2026-10-01,NA,NA,4,"2026/2027","Unobserved",0,0,0,0,NA,0,"Pacific Islands","Micronesia (Federated States Of)",0.407456806873682,710.75,4.77608689210034,"Extremely Low","Rare good event - unusually low cases to date",-0.638140544854953,"Extremely Low",4.99118085159556,"Rare good event - unusually low cases to date","Micronesia (Federated States Of)"
"FSM",8,11,0.294650397575999,194.875,0.38651730797332,905.625,194.875,905.625,0.76956291109144,0.10474837466049,2026,2026-11-01,NA,NA,4,"2026/2027","Unobserved",0,0,0,0,NA,0,"Pacific Islands","Micronesia (Federated States Of)",0.38651730797332,905.625,4.98253419806317,"Extremely Low","Rare good event - unusually low cases to date",-0.621572533363037,"Extremely Low",4.99118085159556,"Rare good event - unusually low cases to date","Micronesia (Federated States Of)"
"FSM",9,12,0.307590959626677,94.625,0.380673321818617,1000.25,94.625,1000.25,0.828560053151308,0.058997142059868,2026,2026-12-01,NA,NA,4,"2026/2027","Unobserved",0,0,0,0,NA,0,"Pacific Islands","Micronesia (Federated States Of)",0.380673321818617,1000.25,4.99118085159556,"Extremely Low","Rare good event - unusually low cases to date",-0.616869922248861,"Extremely Low",4.99118085159556,"Rare good event - unusually low cases to date","Micronesia (Federated States Of)"
"GLP",10,1,0.585942795837071,631.866666666667,0.48237892077879,5914.46666666666,631.866666666667,5914.46666666667,0.820303449626582,0.229103628381434,2025,2025-01-01,2220,"PAHO",4,"2024/2025","Observed",2220,2220,4160,8819,NA,4160,"Caribbean","Guadeloupe",0.48237892077879,5914.46666666666,46.7465521956283,"Normal","Average - typical case load at this point",-0.433823041809863,"Normal",52.8327563625355,"Average - typical case load at this point","Guadeloupe"
"GLP",11,2,0.380909575416372,308.8,0.50690151333216,6223.26666666666,308.8,6223.26666666667,0.917128132992577,0.096824683365995,2025,2025-02-01,970,"PAHO",4,"2024/2025","Observed",3190,3190,4160,8819,NA,4160,"Caribbean","Guadeloupe",0.50690151333216,6223.26666666666,52.3606521582336,"Normal","Average - typical case load at this point",-0.347005444641652,"Normal",52.8327563625355,"Average - typical case load at this point","Guadeloupe"
"GLP",12,3,0.374154715163211,261.6,0.524580874351561,6484.86666666664,261.6,6484.86666666667,1,0.0828718670074234,2025,2025-03-01,970,"PAHO",4,"2024/2025","Observed",4160,4160,4160,8819,NA,4160,"Caribbean","Guadeloupe",0.524580874351561,6484.86666666664,56.9786377249502,"Normal","Average - typical case load at this point",-0.259648406096851,"Normal",52.8327563625355,"Average - typical case load at this point","Guadeloupe"
"GLP",1,4,0.358867337445346,144.333333333333,0.358867337445346,144.333333333333,144.333333333333,144.333333333333,0.0164868808527986,0.0164868808527986,2025,2025-04-01,0,"WHO",4,"2025/2026","Observed",0,4160,1352,8819,NA,2104,"Caribbean","Guadeloupe",0.358867337445346,144.333333333333,11.6136072982973,"Low","Below average - fewer cases than typical at this point",-0.598312017559499,"Normal",52.8327563625355,"Average - typical case load at this point","Guadeloupe"
"GLP",2,5,0.358669572327286,182.066666666667,0.352155764729582,326.4,182.066666666667,326.4,0.0369035063501641,0.0204166254973655,2025,2025-05-01,210,"PAHO",4,"2025/2026","Observed",210,4370,1352,8819,NA,2104,"Caribbean","Guadeloupe",0.352155764729582,326.4,62.9066965704565,"Normal","Average - typical case load at this point",-0.211512518060238,"Normal",52.8327563625355,"Average - typical case load at this point","Guadeloupe"
"GLP",3,6,0.356217731323959,238.266666666666,0.348960354870769,564.666666666667,238.266666666667,564.666666666667,0.0622798497885515,0.0253763434383874,2025,2025-06-01,265,"PAHO",4,"2025/2026","Observed",475,4635,1352,8819,NA,2104,"Caribbean","Guadeloupe",0.348960354870769,564.666666666667,68.0577440595791,"Normal","Average - typical case load at this point",-0.0937762290490723,"Normal",52.8327563625355,"Average - typical case load at this point","Guadeloupe"
"GLP",4,7,0.383674608811601,168.8,0.351243149261722,733.466666666665,168.8,733.466666666667,0.0825137013471546,0.0202338515586031,2025,2025-07-01,84,"Estimates",4,"2025/2026","Unobserved",559,4719,1352,8819,84.1728224837888,2104,"Caribbean","Guadeloupe",0.351243149261722,733.466666666665,66.1017495608356,"Normal","Average - typical case load at this point",-0.140939280624039,"Normal",52.8327563625355,"Average - typical case load at this point","Guadeloupe"
"GLP",5,8,0.255083324165022,316.200000000001,0.33973609381457,1049.66666666667,316.2,1049.66666666667,0.114965462191964,0.0324517608448097,2025,2025-08-01,135,"Estimates",4,"2025/2026","Unobserved",694,4854,1352,8819,134.999325114409,2104,"Caribbean","Guadeloupe",0.33973609381457,1049.66666666667,63.8865079773586,"Normal","Average - typical case load at this point",-0.197466001690639,"Normal",52.8327563625355,"Average - typical case load at this point","Guadeloupe"
"GLP",6,9,0.345196063457396,1100.86666666667,0.335691169424836,2150.53333333333,1100.86666666667,2150.53333333333,0.236802099037,0.121836636845036,2025,2025-09-01,155,"WHO",4,"2025/2026","Observed",849,5009,1352,8819,NA,2104,"Caribbean","Guadeloupe",0.335691169424836,2150.53333333333,55.0285811816998,"Normal","Average - typical case load at this point",-0.350626859543767,"Normal",52.8327563625355,"Average - typical case load at this point","Guadeloupe"
"GLP",7,10,0.343274796578194,1176.46666666667,0.33241713733855,3327.00000000001,1176.46666666667,3327,0.365027891821316,0.128225792784316,2025,2025-10-01,533,"Estimates",4,"2025/2026","Unobserved",1382,5542,1352,8819,533.419297982753,2104,"Caribbean","Guadeloupe",0.33241713733855,3327.00000000001,56.0655241977005,"Normal","Average - typical case load at this point",-0.337044164449175,"Normal",52.8327563625355,"Average - typical case load at this point","Guadeloupe"
"GLP",8,11,0.3515724593675,1299.26666666667,0.331969978625106,4626.26666666667,1299.26666666667,4626.26666666667,0.513469043140429,0.148441151319113,2025,2025-11-01,84,"WHO",4,"2025/2026","Observed",1466,5626,1352,8819,NA,2104,"Caribbean","Guadeloupe",0.331969978625106,4626.26666666667,51.674219087711,"Normal","Average - typical case load at this point",-0.393574444839156,"Normal",52.8327563625355,"Average - typical case load at this point","Guadeloupe"
"GLP",9,12,0.367425223847217,656.333333333334,0.332816995844618,5282.59999999999,656.333333333333,5282.6,0.591199821245148,0.0777307781047187,2025,2025-12-01,340,"PAHO",4,"2025/2026","Observed",1806,5966,1352,8819,NA,2104,"Caribbean","Guadeloupe",0.332816995844618,5282.59999999999,52.8327563625355,"Normal","Average - typical case load at this point",-0.37966106922337,"Normal",52.8327563625355,"Average - typical case load at this point","Guadeloupe"
"GLP",10,1,0.585942795837071,631.866666666667,0.48237892077879,5914.46666666666,631.866666666667,5914.46666666667,0.820303449626582,0.229103628381434,2026,2026-01-01,102,"PAHO",4,"2025/2026","Observed",1908,102,1352,19895,NA,2104,"Caribbean","Guadeloupe",0.48237892077879,5914.46666666666,43.7992872491802,"Normal","Average - typical case load at this point",-0.470459666594137,"Low",13.9849873358543,"Below average - fewer cases than typical at this point","Guadeloupe"
"GLP",11,2,0.380909575416372,308.8,0.50690151333216,6223.26666666666,308.8,6223.26666666667,0.917128132992577,0.096824683365995,2026,2026-02-01,46,"PAHO",4,"2025/2026","Observed",1954,148,1352,19895,NA,2104,"Caribbean","Guadeloupe",0.50690151333216,6223.26666666666,42.1739069786344,"Normal","Average - typical case load at this point",-0.488403737871311,"Low",13.9849873358543,"Below average - fewer cases than typical at this point","Guadeloupe"
"GLP",12,3,0.374154715163211,261.6,0.524580874351561,6484.86666666664,261.6,6484.86666666667,1,0.0828718670074234,2026,2026-03-01,150,"PAHO",4,"2025/2026","Observed",2104,298,1352,19895,NA,2104,"Caribbean","Guadeloupe",0.524580874351561,6484.86666666664,42.0443158359747,"Normal","Average - typical case load at this point",-0.489268939002737,"Low",13.9849873358543,"Below average - fewer cases than typical at this point","Guadeloupe"
"GLP",1,4,0.358867337445346,144.333333333333,0.358867337445346,144.333333333333,144.333333333333,144.333333333333,0.0164868808527986,0.0164868808527986,2026,2026-04-01,30,"WHO",4,"2026/2027","Observed",30,328,1820,19895,NA,1820,"Caribbean","Guadeloupe",0.358867337445346,144.333333333333,43.710065704173,"Normal","Average - typical case load at this point",-0.473951552015954,"Low",13.9849873358543,"Below average - fewer cases than typical at this point","Guadeloupe"
"GLP",2,5,0.358669572327286,182.066666666667,0.352155764729582,326.4,182.066666666667,326.4,0.0369035063501641,0.0204166254973655,2026,2026-05-01,NA,NA,4,"2026/2027","Unobserved",30,328,1820,19895,NA,1820,"Caribbean","Guadeloupe",0.352155764729582,326.4,33.503410614184,"Normal","Average - typical case load at this point",-0.538593731555451,"Low",13.9849873358543,"Below average - fewer cases than typical at this point","Guadeloupe"
"GLP",3,6,0.356217731323959,238.266666666666,0.348960354870769,564.666666666667,238.266666666667,564.666666666667,0.0622798497885515,0.0253763434383874,2026,2026-06-01,NA,NA,4,"2026/2027","Unobserved",30,328,1820,19895,NA,1820,"Caribbean","Guadeloupe",0.348960354870769,564.666666666667,27.9795085318359,"Normal","Average - typical case load at this point",-0.55917126912532,"Low",13.9849873358543,"Below average - fewer cases than typical at this point","Guadeloupe"
"GLP",4,7,0.383674608811601,168.8,0.351243149261722,733.466666666665,168.8,733.466666666667,0.0825137013471546,0.0202338515586031,2026,2026-07-01,NA,NA,4,"2026/2027","Unobserved",30,328,1820,19895,NA,1820,"Caribbean","Guadeloupe",0.351243149261722,733.466666666665,25.3865408373254,"Normal","Average - typical case load at this point",-0.568280966429068,"Low",13.9849873358543,"Below average - fewer cases than typical at this point","Guadeloupe"
"GLP",5,8,0.255083324165022,316.200000000001,0.33973609381457,1049.66666666667,316.2,1049.66666666667,0.114965462191964,0.0324517608448097,2026,2026-08-01,NA,NA,4,"2026/2027","Unobserved",30,328,1820,19895,NA,1820,"Caribbean","Guadeloupe",0.33973609381457,1049.66666666667,23.3264101224255,"Low","Below average - fewer cases than typical at this point",-0.566118555924706,"Low",13.9849873358543,"Below average - fewer cases than typical at this point","Guadeloupe"
"GLP",6,9,0.345196063457396,1100.86666666667,0.335691169424836,2150.53333333333,1100.86666666667,2150.53333333333,0.236802099037,0.121836636845036,2026,2026-09-01,NA,NA,4,"2026/2027","Unobserved",30,328,1820,19895,NA,1820,"Caribbean","Guadeloupe",0.335691169424836,2150.53333333333,18.6203142348813,"Low","Below average - fewer cases than typical at this point",-0.571261545273173,"Low",13.9849873358543,"Below average - fewer cases than typical at this point","Guadeloupe"
"GLP",7,10,0.343274796578194,1176.46666666667,0.33241713733855,3327.00000000001,1176.46666666667,3327,0.365027891821316,0.128225792784316,2026,2026-10-01,NA,NA,4,"2026/2027","Unobserved",30,328,1820,19895,NA,1820,"Caribbean","Guadeloupe",0.33241713733855,3327.00000000001,16.3370029874699,"Low","Below average - fewer cases than typical at this point",-0.571328848426184,"Low",13.9849873358543,"Below average - fewer cases than typical at this point","Guadeloupe"
"GLP",8,11,0.3515724593675,1299.26666666667,0.331969978625106,4626.26666666667,1299.26666666667,4626.26666666667,0.513469043140429,0.148441151319113,2026,2026-11-01,NA,NA,4,"2026/2027","Unobserved",30,328,1820,19895,NA,1820,"Caribbean","Guadeloupe",0.331969978625106,4626.26666666667,14.6771052251086,"Low","Below average - fewer cases than typical at this point",-0.572411537528283,"Low",13.9849873358543,"Below average - fewer cases than typical at this point","Guadeloupe"
"GLP",9,12,0.367425223847217,656.333333333334,0.332816995844618,5282.59999999999,656.333333333333,5282.6,0.591199821245148,0.0777307781047187,2026,2026-12-01,NA,NA,4,"2026/2027","Unobserved",30,328,1820,19895,NA,1820,"Caribbean","Guadeloupe",0.332816995844618,5282.59999999999,13.9849873358543,"Low","Below average - fewer cases than typical at this point",-0.573608621124856,"Low",13.9849873358543,"Below average - fewer cases than typical at this point","Guadeloupe"
"GRD",12,1,1.50234032585245,16.9333333333333,2.31782695860935,281,16.9333333333333,281,1,0.0775196629868343,2025,2025-01-01,16,"PAHO",2,"2024/2025","Observed",16,16,16,241,NA,16,"Caribbean","Grenada",2.31782695860935,281,0.376291373117053,"Extremely Low","Rare good event - unusually low cases to date",-1.42986905669712,"Normal",45.648664506153,"Average - typical case load at this point","Grenada"
"GRD",1,2,1.58151826484416,13.7333333333333,1.58151826484416,13.7333333333333,13.7333333333333,13.7333333333333,0.0693471985902711,0.0693471985902711,2025,2025-02-01,16,"PAHO",2,"2025/2026","Observed",16,32,227,241,NA,227,"Caribbean","Grenada",1.58151826484416,13.7333333333333,68.8224845924268,"Normal","Average - typical case load at this point",0.196553321335599,"Normal",45.648664506153,"Average - typical case load at this point","Grenada"
"GRD",2,3,1.19375684664892,14.8666666666667,1.53161612583413,28.6,14.8666666666667,28.6,0.145917970699656,0.0765707721093849,2025,2025-03-01,24,"PAHO",2,"2025/2026","Observed",40,56,227,241,NA,227,"Caribbean","Grenada",1.53161612583413,28.6,76.1536085628335,"High","Above average - more cases than typical at this point",0.480602014563825,"Normal",45.648664506153,"Average - typical case load at this point","Grenada"
"GRD",3,4,0.627343905298267,15.6,1.49229216349189,44.2,15.6,44.2,0.218653361362646,0.0727353906629898,2025,2025-04-01,16,"PAHO",2,"2025/2026","Observed",56,72,227,241,NA,227,"Caribbean","Grenada",1.49229216349189,44.2,71.8543821021807,"Normal","Average - typical case load at this point",0.32075713763834,"Normal",45.648664506153,"Average - typical case load at this point","Grenada"
"GRD",4,5,0.627027175545464,29.9333333333333,1.16942064453103,74.1333333333333,29.9333333333333,74.1333333333333,0.309106951390453,0.0904535900278068,2025,2025-05-01,7,"PAHO",2,"2025/2026","Observed",63,79,227,241,NA,227,"Caribbean","Grenada",1.16942064453103,74.1333333333333,56.0963806833621,"Normal","Average - typical case load at this point",-0.161138158598794,"Normal",45.648664506153,"Average - typical case load at this point","Grenada"
"GRD",5,6,0.526494799692793,24.4666666666667,1.09726831605774,98.6000000000001,24.4666666666667,98.6,0.375718126487242,0.0666111750967889,2025,2025-06-01,12,"PAHO",2,"2025/2026","Observed",75,91,227,241,NA,227,"Caribbean","Grenada",1.09726831605774,98.6000000000001,52.4618326864645,"Normal","Average - typical case load at this point",-0.249337921905557,"Normal",45.648664506153,"Average - typical case load at this point","Grenada"
"GRD",6,7,1.06032423437557,27.6,1.44071800859591,126.2,27.6,126.2,0.466570074296111,0.0908519478088691,2025,2025-07-01,15,"PAHO",2,"2025/2026","Observed",90,106,227,241,NA,227,"Caribbean","Grenada",1.44071800859591,126.2,46.4693423574952,"Normal","Average - typical case load at this point",-0.342352706994277,"Normal",45.648664506153,"Average - typical case load at this point","Grenada"
"GRD",7,8,0.737590887478369,39.4,1.70965528202204,165.6,39.4,165.6,0.585294608086148,0.118724533790037,2025,2025-08-01,18,"PAHO",2,"2025/2026","Observed",108,124,227,241,NA,227,"Caribbean","Grenada",1.70965528202204,165.6,40.1880269224851,"Normal","Average - typical case load at this point",-0.452466146835489,"Normal",45.648664506153,"Average - typical case load at this point","Grenada"
"GRD",8,9,0.61972155422692,45.6666666666666,1.81615965115362,211.266666666667,45.6666666666667,211.266666666667,0.722293745407071,0.136999137320923,2025,2025-09-01,20,"PAHO",2,"2025/2026","Observed",128,144,227,241,NA,227,"Caribbean","Grenada",1.81615965115362,211.266666666667,36.0349465087608,"Normal","Average - typical case load at this point",-0.528881622405532,"Normal",45.648664506153,"Average - typical case load at this point","Grenada"
"GRD",9,10,0.75789197689225,26.4,1.93895713593443,237.666666666667,26.4,237.666666666667,0.815586355510532,0.0932926101034611,2025,2025-10-01,14,"PAHO",2,"2025/2026","Observed",142,158,227,241,NA,227,"Caribbean","Grenada",1.93895713593443,237.666666666667,34.3402127121942,"Normal","Average - typical case load at this point",-0.55822862811672,"Normal",45.648664506153,"Average - typical case load at this point","Grenada"
"GRD",10,11,NA,NA,2.03885338042799,251.2,13.5333333333333,251.2,0.869675016449272,0.0540886609387394,2025,2025-11-01,18,"PAHO",2,"2025/2026","Observed",160,176,227,241,NA,227,"Caribbean","Grenada",2.03885338042799,251.2,36.3334245051106,"Normal","Average - typical case load at this point",-0.516312749491685,"Normal",45.648664506153,"Average - typical case load at this point","Grenada"
"GRD",11,12,0.800235502421318,12.8666666666667,2.13410378875121,264.066666666666,12.8666666666667,264.066666666667,0.922480337013166,0.0528053205638941,2025,2025-12-01,46,"PAHO",2,"2025/2026","Observed",206,222,227,241,NA,227,"Caribbean","Grenada",2.13410378875121,264.066666666666,45.648664506153,"Normal","Average - typical case load at this point",-0.319943446374483,"Normal",45.648664506153,"Average - typical case load at this point","Grenada"
"GRD",12,1,1.50234032585245,16.9333333333333,2.31782695860935,281,16.9333333333333,281,1,0.0775196629868343,2026,2026-01-01,21,"PAHO",2,"2025/2026","Observed",227,21,227,348,NA,227,"Caribbean","Grenada",2.31782695860935,281,46.610978164242,"Normal","Average - typical case load at this point",-0.291369543628845,"Low",6.05684551965992,"Below average - fewer cases than typical at this point","Grenada"
"GRD",1,2,1.58151826484416,13.7333333333333,1.58151826484416,13.7333333333333,13.7333333333333,13.7333333333333,0.0693471985902711,0.0693471985902711,2026,2026-02-01,15,"PAHO",2,"2026/2027","Observed",15,36,252,348,NA,252,"Caribbean","Grenada",1.58151826484416,13.7333333333333,66.0335145937484,"Normal","Average - typical case load at this point",0.109838620746364,"Low",6.05684551965992,"Below average - fewer cases than typical at this point","Grenada"
"GRD",2,3,1.19375684664892,14.8666666666667,1.53161612583413,28.6,14.8666666666667,28.6,0.145917970699656,0.0765707721093849,2026,2026-03-01,25,"PAHO",2,"2026/2027","Observed",40,61,252,348,NA,252,"Caribbean","Grenada",1.53161612583413,28.6,76.1536085628335,"High","Above average - more cases than typical at this point",0.480602014563825,"Low",6.05684551965992,"Below average - fewer cases than typical at this point","Grenada"
"GRD",3,4,0.627343905298267,15.6,1.49229216349189,44.2,15.6,44.2,0.218653361362646,0.0727353906629898,2026,2026-04-01,15,"PAHO",2,"2026/2027","Observed",55,76,252,348,NA,252,"Caribbean","Grenada",1.49229216349189,44.2,71.0764733849639,"Normal","Average - typical case load at this point",0.293574329363904,"Low",6.05684551965992,"Below average - fewer cases than typical at this point","Grenada"
"GRD",4,5,0.627027175545464,29.9333333333333,1.16942064453103,74.1333333333333,29.9333333333333,74.1333333333333,0.309106951390453,0.0904535900278068,2026,2026-05-01,NA,NA,2,"2026/2027","Unobserved",55,76,252,348,NA,252,"Caribbean","Grenada",1.16942064453103,74.1333333333333,50.8745055871995,"Normal","Average - typical case load at this point",-0.276926056993137,"Low",6.05684551965992,"Below average - fewer cases than typical at this point","Grenada"
"GRD",5,6,0.526494799692793,24.4666666666667,1.09726831605774,98.6000000000001,24.4666666666667,98.6,0.375718126487242,0.0666111750967889,2026,2026-06-01,NA,NA,2,"2026/2027","Unobserved",55,76,252,348,NA,252,"Caribbean","Grenada",1.09726831605774,98.6000000000001,41.5968848860701,"Normal","Average - typical case load at this point",-0.460641245554333,"Low",6.05684551965992,"Below average - fewer cases than typical at this point","Grenada"
"GRD",6,7,1.06032423437557,27.6,1.44071800859591,126.2,27.6,126.2,0.466570074296111,0.0908519478088691,2026,2026-07-01,NA,NA,2,"2026/2027","Unobserved",55,76,252,348,NA,252,"Caribbean","Grenada",1.44071800859591,126.2,28.5606739999804,"Normal","Average - typical case load at this point",-0.673356705469407,"Low",6.05684551965992,"Below average - fewer cases than typical at this point","Grenada"
"GRD",7,8,0.737590887478369,39.4,1.70965528202204,165.6,39.4,165.6,0.585294608086148,0.118724533790037,2026,2026-08-01,NA,NA,2,"2026/2027","Unobserved",55,76,252,348,NA,252,"Caribbean","Grenada",1.70965528202204,165.6,17.6961303811394,"Low","Below average - fewer cases than typical at this point",-0.868797844444532,"Low",6.05684551965992,"Below average - fewer cases than typical at this point","Grenada"
"GRD",8,9,0.61972155422692,45.6666666666666,1.81615965115362,211.266666666667,45.6666666666667,211.266666666667,0.722293745407071,0.136999137320923,2026,2026-09-01,NA,NA,2,"2026/2027","Unobserved",55,76,252,348,NA,252,"Caribbean","Grenada",1.81615965115362,211.266666666667,11.5677957088949,"Low","Below average - fewer cases than typical at this point",-0.992552860623353,"Low",6.05684551965992,"Below average - fewer cases than typical at this point","Grenada"
"GRD",9,10,0.75789197689225,26.4,1.93895713593443,237.666666666667,26.4,237.666666666667,0.815586355510532,0.0932926101034611,2026,2026-10-01,NA,NA,2,"2026/2027","Unobserved",55,76,252,348,NA,252,"Caribbean","Grenada",1.93895713593443,237.666666666667,8.67406491426275,"Low","Below average - fewer cases than typical at this point",-1.06588602163053,"Low",6.05684551965992,"Below average - fewer cases than typical at this point","Grenada"
"GRD",10,11,NA,NA,2.03885338042799,251.2,13.5333333333333,251.2,0.869675016449272,0.0540886609387394,2026,2026-11-01,NA,NA,2,"2026/2027","Unobserved",55,76,252,348,NA,252,"Caribbean","Grenada",2.03885338042799,251.2,7.22822959943409,"Low","Below average - fewer cases than typical at this point",-1.11075177028803,"Low",6.05684551965992,"Below average - fewer cases than typical at this point","Grenada"
"GRD",11,12,0.800235502421318,12.8666666666667,2.13410378875121,264.066666666666,12.8666666666667,264.066666666667,0.922480337013166,0.0528053205638941,2026,2026-12-01,NA,NA,2,"2026/2027","Unobserved",55,76,252,348,NA,252,"Caribbean","Grenada",2.13410378875121,264.066666666666,6.05684551965992,"Low","Below average - fewer cases than typical at this point",-1.15194333849642,"Low",6.05684551965992,"Below average - fewer cases than typical at this point","Grenada"
"GTM",12,1,0.872032645078091,1292.375,0.795661880834939,29841.1874999999,1292.375,29841.1875,1,0.0629810116795348,2025,2025-01-01,4342,"PAHO",2,"2024/2025","Observed",4342,4342,4342,51915,NA,4342,"North & Central America","Guatemala",0.795661880834939,29841.1874999999,18.3818589635203,"Low","Below average - fewer cases than typical at this point",-0.762199618752399,"High",78.4690421915063,"Above average - more cases than typical at this point","Guatemala"
"GTM",1,2,1.20829680642402,996.562499999998,1.20829680642402,996.562499999998,996.5625,996.5625,0.0574844130175501,0.0574844130175501,2025,2025-02-01,3502,"PAHO",2,"2025/2026","Observed",3502,7844,45644,51915,NA,45644,"North & Central America","Guatemala",1.20829680642402,996.562499999998,97.795038675239,"Extremely High","Rare bad event - unusually high cases to date",2.76186675515898,"High",78.4690421915063,"Above average - more cases than typical at this point","Guatemala"
"GTM",2,3,0.959235176436296,1092.875,1.07747368867367,2089.43749999999,1092.875,2089.4375,0.10882241211348,0.0513379990959303,2025,2025-03-01,5449,"PAHO",2,"2025/2026","Observed",8951,13293,45644,51915,NA,45644,"North & Central America","Guatemala",1.07747368867367,2089.43749999999,98.8233477063571,"Extremely High","Rare bad event - unusually high cases to date",3.40788575100896,"High",78.4690421915063,"Above average - more cases than typical at this point","Guatemala"
"GTM",3,4,0.872119721299187,1130.375,1.02438328994009,3219.8125,1130.375,3219.8125,0.155758667401618,0.0469362552881375,2025,2025-04-01,3995,"PAHO",2,"2025/2026","Observed",12946,17288,45644,51915,NA,45644,"North & Central America","Guatemala",1.02438328994009,3219.8125,98.2844118602118,"Extremely High","Rare bad event - unusually high cases to date",3.05685067211243,"High",78.4690421915063,"Above average - more cases than typical at this point","Guatemala"
"GTM",4,5,0.871832789494001,1700.75,0.98579386362021,4920.5625,1700.75,4920.5625,0.223807959336759,0.0680492919351414,2025,2025-05-01,4924,"PAHO",2,"2025/2026","Observed",17870,22212,45644,51915,NA,45644,"North & Central America","Guatemala",0.98579386362021,4920.5625,97.2938565773727,"Extremely High","Rare bad event - unusually high cases to date",2.61267691093498,"High",78.4690421915063,"Above average - more cases than typical at this point","Guatemala"
"GTM",5,6,0.692144387995661,3103.75,0.881129256450261,8024.31249999999,3103.75,8024.3125,0.323281476861302,0.0994735175245423,2025,2025-06-01,5885,"PAHO",2,"2025/2026","Observed",23755,28097,45644,51915,NA,45644,"North & Central America","Guatemala",0.881129256450261,8024.31249999999,94.144880809147,"High","Above average - more cases than typical at this point",1.84007632554678,"High",78.4690421915063,"Above average - more cases than typical at this point","Guatemala"
"GTM",6,7,0.676178550900976,3464.4375,0.848433959729319,11488.75,3464.4375,11488.75,0.430137548791013,0.106856071929712,2025,2025-07-01,4076,"PAHO",2,"2025/2026","Observed",27831,32173,45644,51915,NA,45644,"North & Central America","Guatemala",0.848433959729319,11488.75,90.2232680593898,"High","Above average - more cases than typical at this point",1.31018329255626,"High",78.4690421915063,"Above average - more cases than typical at this point","Guatemala"
"GTM",7,8,0.712145152856434,4217.5,0.831069236961739,15706.25,4217.5,15706.25,0.563756072594168,0.133618523803155,2025,2025-08-01,3747,"PAHO",2,"2025/2026","Observed",31578,35920,45644,51915,NA,45644,"North & Central America","Guatemala",0.831069236961739,15706.25,85.7628385298987,"High","Above average - more cases than typical at this point",0.921211650691049,"High",78.4690421915063,"Above average - more cases than typical at this point","Guatemala"
"GTM",8,9,0.550822147804779,4952.74999999999,0.773097685328417,20659,4952.75,20659,0.684675238907076,0.120919166312908,2025,2025-09-01,4112,"PAHO",2,"2025/2026","Observed",35690,40032,45644,51915,NA,45644,"North & Central America","Guatemala",0.773097685328417,20659,81.5015341711486,"High","Above average - more cases than typical at this point",0.639716628554668,"High",78.4690421915063,"Above average - more cases than typical at this point","Guatemala"
"GTM",9,10,0.648000029655373,3952.0625,0.763959311677826,24611.0625,3952.0625,24611.0625,0.80044893434708,0.115773695440004,2025,2025-10-01,3267,"PAHO",2,"2025/2026","Observed",38957,43299,45644,51915,NA,45644,"North & Central America","Guatemala",0.763959311677826,24611.0625,79.0294627398436,"High","Above average - more cases than typical at this point",0.509479771169493,"High",78.4690421915063,"Above average - more cases than typical at this point","Guatemala"
"GTM",10,11,0.694242288750155,2622.9375,0.767548057249186,27234,2622.9375,27234,0.886685979517306,0.0862370451702261,2025,2025-11-01,2970,"PAHO",2,"2025/2026","Observed",41927,46269,45644,51915,NA,45644,"North & Central America","Guatemala",0.767548057249186,27234,78.2322916598698,"High","Above average - more cases than typical at this point",0.472656586277013,"High",78.4690421915063,"Above average - more cases than typical at this point","Guatemala"
"GTM",11,12,0.824715208962074,1314.8125,0.775113387616136,28548.8125,1314.8125,28548.8125,0.937018988320465,0.0503330088031594,2025,2025-12-01,2376,"PAHO",2,"2025/2026","Observed",44303,48645,45644,51915,NA,45644,"North & Central America","Guatemala",0.775113387616136,28548.8125,78.4690421915063,"High","Above average - more cases than typical at this point",0.485830398385746,"High",78.4690421915063,"Above average - more cases than typical at this point","Guatemala"
"GTM",12,1,0.872032645078091,1292.375,0.795661880834939,29841.1874999999,1292.375,29841.1875,1,0.0629810116795348,2026,2026-01-01,1341,"PAHO",2,"2025/2026","Observed",45644,1341,45644,32364,NA,45644,"North & Central America","Guatemala",0.795661880834939,29841.1874999999,78.0609568604692,"High","Above average - more cases than typical at this point",0.472363978762687,"Low",17.4376420434648,"Below average - fewer cases than typical at this point","Guatemala"
"GTM",1,2,1.20829680642402,996.562499999998,1.20829680642402,996.562499999998,996.5625,996.5625,0.0574844130175501,0.0574844130175501,2026,2026-02-01,1589,"PAHO",2,"2026/2027","Observed",1589,2930,23755,32364,NA,23755,"North & Central America","Guatemala",1.20829680642402,996.562499999998,80.2720510218325,"High","Above average - more cases than typical at this point",0.653072940657869,"Low",17.4376420434648,"Below average - fewer cases than typical at this point","Guatemala"
"GTM",2,3,0.959235176436296,1092.875,1.07747368867367,2089.43749999999,1092.875,2089.4375,0.10882241211348,0.0513379990959303,2026,2026-03-01,1818,"PAHO",2,"2026/2027","Observed",3407,4748,23755,32364,NA,23755,"North & Central America","Guatemala",1.07747368867367,2089.43749999999,80.6445495831523,"High","Above average - more cases than typical at this point",0.654384838703103,"Low",17.4376420434648,"Below average - fewer cases than typical at this point","Guatemala"
"GTM",3,4,0.872119721299187,1130.375,1.02438328994009,3219.8125,1130.375,3219.8125,0.155758667401618,0.0469362552881375,2026,2026-04-01,293,"PAHO",2,"2026/2027","Observed",3700,5041,23755,32364,NA,23755,"North & Central America","Guatemala",1.02438328994009,3219.8125,68.2309560692276,"Normal","Average - typical case load at this point",0.150918484978312,"Low",17.4376420434648,"Below average - fewer cases than typical at this point","Guatemala"
"GTM",4,5,0.871832789494001,1700.75,0.98579386362021,4920.5625,1700.75,4920.5625,0.223807959336759,0.0680492919351414,2026,2026-05-01,NA,NA,2,"2026/2027","Unobserved",3700,5041,23755,32364,NA,23755,"North & Central America","Guatemala",0.98579386362021,4920.5625,53.0361769229126,"Normal","Average - typical case load at this point",-0.246260539278488,"Low",17.4376420434648,"Below average - fewer cases than typical at this point","Guatemala"
"GTM",5,6,0.692144387995661,3103.75,0.881129256450261,8024.31249999999,3103.75,8024.3125,0.323281476861302,0.0994735175245423,2026,2026-06-01,NA,NA,2,"2026/2027","Unobserved",3700,5041,23755,32364,NA,23755,"North & Central America","Guatemala",0.881129256450261,8024.31249999999,39.4111995954853,"Normal","Average - typical case load at this point",-0.505830724532288,"Low",17.4376420434648,"Below average - fewer cases than typical at this point","Guatemala"
"GTM",6,7,0.676178550900976,3464.4375,0.848433959729319,11488.75,3464.4375,11488.75,0.430137548791013,0.106856071929712,2026,2026-07-01,NA,NA,2,"2026/2027","Unobserved",3700,5041,23755,32364,NA,23755,"North & Central America","Guatemala",0.848433959729319,11488.75,31.1500460083424,"Normal","Average - typical case load at this point",-0.624436055004517,"Low",17.4376420434648,"Below average - fewer cases than typical at this point","Guatemala"
"GTM",7,8,0.712145152856434,4217.5,0.831069236961739,15706.25,4217.5,15706.25,0.563756072594168,0.133618523803155,2026,2026-08-01,NA,NA,2,"2026/2027","Unobserved",3700,5041,23755,32364,NA,23755,"North & Central America","Guatemala",0.831069236961739,15706.25,25.1471275650918,"Normal","Average - typical case load at this point",-0.696854309141045,"Low",17.4376420434648,"Below average - fewer cases than typical at this point","Guatemala"
"GTM",8,9,0.550822147804779,4952.74999999999,0.773097685328417,20659,4952.75,20659,0.684675238907076,0.120919166312908,2026,2026-09-01,NA,NA,2,"2026/2027","Unobserved",3700,5041,23755,32364,NA,23755,"North & Central America","Guatemala",0.773097685328417,20659,22.1036440428239,"Low","Below average - fewer cases than typical at this point",-0.721771958196963,"Low",17.4376420434648,"Below average - fewer cases than typical at this point","Guatemala"
"GTM",9,10,0.648000029655373,3952.0625,0.763959311677826,24611.0625,3952.0625,24611.0625,0.80044893434708,0.115773695440004,2026,2026-10-01,NA,NA,2,"2026/2027","Unobserved",3700,5041,23755,32364,NA,23755,"North & Central America","Guatemala",0.763959311677826,24611.0625,19.7619193531635,"Low","Below average - fewer cases than typical at this point",-0.742632772337881,"Low",17.4376420434648,"Below average - fewer cases than typical at this point","Guatemala"
"GTM",10,11,0.694242288750155,2622.9375,0.767548057249186,27234,2622.9375,27234,0.886685979517306,0.0862370451702261,2026,2026-11-01,NA,NA,2,"2026/2027","Unobserved",3700,5041,23755,32364,NA,23755,"North & Central America","Guatemala",0.767548057249186,27234,18.2704800168727,"Low","Below average - fewer cases than typical at this point",-0.757061192502774,"Low",17.4376420434648,"Below average - fewer cases than typical at this point","Guatemala"
"GTM",11,12,0.824715208962074,1314.8125,0.775113387616136,28548.8125,1314.8125,28548.8125,0.937018988320465,0.0503330088031594,2026,2026-12-01,NA,NA,2,"2026/2027","Unobserved",3700,5041,23755,32364,NA,23755,"North & Central America","Guatemala",0.775113387616136,28548.8125,17.4376420434648,"Low","Below average - fewer cases than typical at this point",-0.766292039896548,"Low",17.4376420434648,"Below average - fewer cases than typical at this point","Guatemala"
"GUF",4,1,0.491734517973375,686.461538461539,0.653668441276725,1314.30769230769,686.461538461538,1314.30769230769,0.364347491562924,0.131430137809591,2025,2025-01-01,37,"Estimates",10,"2024/2025","Unobserved",37,37,279,1365,36.6690084488758,381,"South America","French Guiana",0.653668441276725,1314.30769230769,8.20752809402621,"Low","Below average - fewer cases than typical at this point",-0.78554173931885,"Normal",34.1994766052625,"Average - typical case load at this point","French Guiana"
"GUF",5,2,0.473926737286478,679.307692307693,0.657212769795759,1993.61538461539,679.307692307692,1993.61538461538,0.506986089939172,0.142638598376248,2025,2025-02-01,40,"Estimates",10,"2024/2025","Unobserved",77,77,279,1365,39.7961689469731,381,"South America","French Guiana",0.657212769795759,1993.61538461539,9.89059533929871,"Low","Below average - fewer cases than typical at this point",-0.77924678191157,"Normal",34.1994766052625,"Average - typical case load at this point","French Guiana"
"GUF",6,3,0.313113086284815,478.923076923076,0.647730824099216,2472.53846153846,478.923076923077,2472.53846153846,0.595254791100751,0.0882687011615793,2025,2025-03-01,25,"Estimates",10,"2024/2025","Unobserved",102,102,279,1365,24.6269676240806,381,"South America","French Guiana",0.647730824099216,2472.53846153846,10.5811307111114,"Low","Below average - fewer cases than typical at this point",-0.771514963857905,"Normal",34.1994766052625,"Average - typical case load at this point","French Guiana"
"GUF",7,4,0.395241950441458,374.846153846154,0.656061667763677,2847.38461538461,374.846153846154,2847.38461538462,0.673831682570325,0.0785768914695739,2025,2025-04-01,175,"WHO",10,"2024/2025","Observed",277,277,279,1365,NA,381,"South America","French Guiana",0.656061667763677,2847.38461538461,17.8291002501188,"Low","Below average - fewer cases than typical at this point",-0.731095791576046,"Normal",34.1994766052625,"Average - typical case load at this point","French Guiana"
"GUF",8,5,0.276170721463342,343.153846153846,0.657921109637034,3190.53846153847,343.153846153846,3190.53846153846,0.735923887783171,0.0620922052128461,2025,2025-05-01,33,"PAHO",10,"2024/2025","Observed",310,310,279,1365,NA,381,"South America","French Guiana",0.657921109637034,3190.53846153847,17.7462288786361,"Low","Below average - fewer cases than typical at this point",-0.732237271834166,"Normal",34.1994766052625,"Average - typical case load at this point","French Guiana"
"GUF",9,6,0.301521519845368,346.769230769231,0.67853159878282,3537.30769230769,346.769230769231,3537.30769230769,0.810390620794469,0.0744667330112978,2025,2025-06-01,24,"PAHO",10,"2024/2025","Observed",334,334,279,1365,NA,381,"South America","French Guiana",0.67853159878282,3537.30769230769,16.7209163088147,"Low","Below average - fewer cases than typical at this point",-0.745880420944244,"Normal",34.1994766052625,"Average - typical case load at this point","French Guiana"
"GUF",10,7,0.333084613844091,241.153846153846,0.701148587213672,3778.46153846154,241.153846153846,3778.46153846154,0.875308608137124,0.0649179873426553,2025,2025-07-01,12,"PAHO",10,"2024/2025","Observed",346,346,279,1365,NA,381,"South America","French Guiana",0.701148587213672,3778.46153846154,15.6572230958127,"Low","Below average - fewer cases than typical at this point",-0.760598411897417,"Normal",34.1994766052625,"Average - typical case load at this point","French Guiana"
"GUF",11,8,0.326264344329893,224.153846153846,0.722669661865692,4002.61538461538,224.153846153846,4002.61538461538,0.942645154576537,0.0673365464394125,2025,2025-08-01,18,"PAHO",10,"2024/2025","Observed",364,364,279,1365,NA,381,"South America","French Guiana",0.722669661865692,4002.61538461538,14.9227948811709,"Low","Below average - fewer cases than typical at this point",-0.772721507719689,"Normal",34.1994766052625,"Average - typical case load at this point","French Guiana"
"GUF",12,9,0.267270147204225,129.538461538462,0.748441914065435,4132.15384615384,129.538461538462,4132.15384615385,1,0.0573548454234633,2025,2025-09-01,17,"PAHO",10,"2024/2025","Observed",381,381,279,1365,NA,381,"South America","French Guiana",0.748441914065435,4132.15384615384,14.3140173152774,"Low","Below average - fewer cases than typical at this point",-0.785286472969164,"Normal",34.1994766052625,"Average - typical case load at this point","French Guiana"
"GUF",1,10,0.331480537605795,167.615384615385,0.331480537605795,167.615384615385,167.615384615385,167.615384615385,0.0643026751557779,0.0643026751557779,2025,2025-10-01,14,"PAHO",10,"2025/2026","Observed",14,395,72,1365,NA,73,"South America","French Guiana",0.331480537605795,167.615384615385,34.3674506630411,"Normal","Average - typical case load at this point",-0.527133770527143,"Normal",34.1994766052625,"Average - typical case load at this point","French Guiana"
"GUF",2,11,0.312535151297716,268.384615384616,0.304629054369058,436,268.384615384615,436,0.163901379527478,0.0995987043717004,2025,2025-11-01,11,"PAHO",10,"2025/2026","Observed",25,406,72,1365,NA,73,"South America","French Guiana",0.304629054369058,436,32.6139093990281,"Normal","Average - typical case load at this point",-0.520102963130346,"Normal",34.1994766052625,"Average - typical case load at this point","French Guiana"
"GUF",3,12,0.308024744167163,191.846153846154,0.295347732598645,627.846153846151,191.846153846154,627.846153846154,0.232917353753333,0.0690159742258549,2025,2025-12-01,14,"PAHO",10,"2025/2026","Observed",39,420,72,1365,NA,73,"South America","French Guiana",0.295347732598645,627.846153846151,34.1994766052625,"Normal","Average - typical case load at this point",-0.50958108600576,"Normal",34.1994766052625,"Average - typical case load at this point","French Guiana"
"GUF",4,1,0.491734517973375,686.461538461539,0.653668441276725,1314.30769230769,686.461538461538,1314.30769230769,0.364347491562924,0.131430137809591,2026,2026-01-01,1,"PAHO",10,"2025/2026","Observed",40,1,72,7,NA,73,"South America","French Guiana",0.653668441276725,1314.30769230769,8.62229895483001,"Low","Below average - fewer cases than typical at this point",-0.783696745170495,"Low",10.4031367412686,"Below average - fewer cases than typical at this point","French Guiana"
"GUF",5,2,0.473926737286478,679.307692307693,0.657212769795759,1993.61538461539,679.307692307692,1993.61538461538,0.506986089939172,0.142638598376248,2026,2026-02-01,2,"PAHO",10,"2025/2026","Observed",42,3,72,7,NA,73,"South America","French Guiana",0.657212769795759,1993.61538461539,6.70993701478076,"Low","Below average - fewer cases than typical at this point",-0.793476886493757,"Low",10.4031367412686,"Below average - fewer cases than typical at this point","French Guiana"
"GUF",6,3,0.313113086284815,478.923076923076,0.647730824099216,2472.53846153846,478.923076923077,2472.53846153846,0.595254791100751,0.0882687011615793,2026,2026-03-01,1,"PAHO",10,"2025/2026","Observed",43,4,72,7,NA,73,"South America","French Guiana",0.647730824099216,2472.53846153846,6.12707397852911,"Low","Below average - fewer cases than typical at this point",-0.790717091815818,"Low",10.4031367412686,"Below average - fewer cases than typical at this point","French Guiana"
"GUF",7,4,0.395241950441458,374.846153846154,0.656061667763677,2847.38461538461,374.846153846154,2847.38461538462,0.673831682570325,0.0785768914695739,2026,2026-04-01,6,"Estimates",10,"2025/2026","Unobserved",49,10,72,7,5.65753618580932,73,"South America","French Guiana",0.656061667763677,2847.38461538461,5.8948342403827,"Low","Below average - fewer cases than typical at this point",-0.795945946483465,"Low",10.4031367412686,"Below average - fewer cases than typical at this point","French Guiana"
"GUF",8,5,0.276170721463342,343.153846153846,0.657921109637034,3190.53846153847,343.153846153846,3190.53846153846,0.735923887783171,0.0620922052128461,2026,2026-05-01,NA,NA,10,"2025/2026","Unobserved",49,10,72,7,NA,73,"South America","French Guiana",0.657921109637034,3190.53846153847,5.43540610517724,"Low","Below average - fewer cases than typical at this point",-0.798583870048531,"Low",10.4031367412686,"Below average - fewer cases than typical at this point","French Guiana"
"GUF",9,6,0.301521519845368,346.769230769231,0.67853159878282,3537.30769230769,346.769230769231,3537.30769230769,0.810390620794469,0.0744667330112978,2026,2026-06-01,NA,NA,10,"2025/2026","Unobserved",49,10,72,7,NA,73,"South America","French Guiana",0.67853159878282,3537.30769230769,4.69305477383835,"Extremely Low","Rare good event - unusually low cases to date",-0.812241801238614,"Low",10.4031367412686,"Below average - fewer cases than typical at this point","French Guiana"
"GUF",10,7,0.333084613844091,241.153846153846,0.701148587213672,3778.46153846154,241.153846153846,3778.46153846154,0.875308608137124,0.0649179873426553,2026,2026-07-01,NA,NA,10,"2025/2026","Unobserved",49,10,72,7,NA,73,"South America","French Guiana",0.701148587213672,3778.46153846154,4.10964630684164,"Extremely Low","Rare good event - unusually low cases to date",-0.826410577832066,"Low",10.4031367412686,"Below average - fewer cases than typical at this point","French Guiana"
"GUF",11,8,0.326264344329893,224.153846153846,0.722669661865692,4002.61538461538,224.153846153846,4002.61538461538,0.942645154576537,0.0673365464394125,2026,2026-08-01,NA,NA,10,"2025/2026","Unobserved",49,10,72,7,NA,73,"South America","French Guiana",0.722669661865692,4002.61538461538,3.62644599390633,"Extremely Low","Rare good event - unusually low cases to date",-0.839617084526423,"Low",10.4031367412686,"Below average - fewer cases than typical at this point","French Guiana"
"GUF",12,9,0.267270147204225,129.538461538462,0.748441914065435,4132.15384615384,129.538461538462,4132.15384615385,1,0.0573548454234633,2026,2026-09-01,NA,NA,10,"2025/2026","Unobserved",49,10,72,7,NA,73,"South America","French Guiana",0.748441914065435,4132.15384615384,3.20033588633499,"Extremely Low","Rare good event - unusually low cases to date",-0.854789116613886,"Low",10.4031367412686,"Below average - fewer cases than typical at this point","French Guiana"
"GUF",1,10,0.331480537605795,167.615384615385,0.331480537605795,167.615384615385,167.615384615385,167.615384615385,0.0643026751557779,0.0643026751557779,2026,2026-10-01,NA,NA,10,"2026/2027","Unobserved",0,10,NA,7,NA,NA,"South America","French Guiana",0.331480537605795,167.615384615385,12.689368023441,"Low","Below average - fewer cases than typical at this point",-0.575175005497569,"Low",10.4031367412686,"Below average - fewer cases than typical at this point","French Guiana"
"GUF",2,11,0.312535151297716,268.384615384616,0.304629054369058,436,268.384615384615,436,0.163901379527478,0.0995987043717004,2026,2026-11-01,NA,NA,10,"2026/2027","Unobserved",0,10,NA,7,NA,NA,"South America","French Guiana",0.304629054369058,436,10.9291168490748,"Low","Below average - fewer cases than typical at this point",-0.55173939641078,"Low",10.4031367412686,"Below average - fewer cases than typical at this point","French Guiana"
"GUF",3,12,0.308024744167163,191.846153846154,0.295347732598645,627.846153846151,191.846153846154,627.846153846154,0.232917353753333,0.0690159742258549,2026,2026-12-01,NA,NA,10,"2026/2027","Unobserved",0,10,NA,7,NA,NA,"South America","French Guiana",0.295347732598645,627.846153846151,10.4031367412686,"Low","Below average - fewer cases than typical at this point",-0.543331263746442,"Low",10.4031367412686,"Below average - fewer cases than typical at this point","French Guiana"
"GUY",12,1,0.341030759234384,1396.93333333333,0.405258130413635,11986.6666666666,1396.93333333333,11986.6666666667,1,0.117482187748045,2025,2025-01-01,5033,"PAHO",2,"2024/2025","Observed",5033,5033,5033,79382,NA,5033,"South America","Guyana",0.405258130413635,11986.6666666666,52.4345156702987,"Normal","Average - typical case load at this point",-0.369295458524817,"Extremely High",98.1289491751397,"Rare bad event - unusually high cases to date","Guyana"
"GUY",1,2,0.419427417045771,740.866666666667,0.419427417045771,740.866666666667,740.866666666667,740.866666666667,0.0692793790540168,0.0692793790540168,2025,2025-02-01,4229,"PAHO",2,"2025/2026","Observed",4229,9262,77134,79382,NA,77134,"South America","Guyana",0.419427417045771,740.866666666667,97.8096890351212,"Extremely High","Rare bad event - unusually high cases to date",3.04830579103219,"Extremely High",98.1289491751397,"Rare bad event - unusually high cases to date","Guyana"
"GUY",2,3,0.402352315545168,839.800000000001,0.410993388472376,1580.66666666667,839.8,1580.66666666667,0.140905920918624,0.0716265418646069,2025,2025-03-01,6799,"PAHO",2,"2025/2026","Observed",11028,16061,77134,79382,NA,77134,"South America","Guyana",0.410993388472376,1580.66666666667,98.7826828222417,"Extremely High","Rare bad event - unusually high cases to date",3.83115663389437,"Extremely High",98.1289491751397,"Rare bad event - unusually high cases to date","Guyana"
"GUY",3,4,0.412022879802005,816.799999999999,0.411925781607814,2397.46666666667,816.8,2397.46666666667,0.212547800554982,0.0716418796363582,2025,2025-04-01,3800,"PAHO",2,"2025/2026","Observed",14828,19861,77134,79382,NA,77134,"South America","Guyana",0.411925781607814,2397.46666666667,98.2232682826658,"Extremely High","Rare bad event - unusually high cases to date",3.32743335412337,"Extremely High",98.1289491751397,"Rare bad event - unusually high cases to date","Guyana"
"GUY",4,5,0.37958434851035,1127.6,0.402053719107086,3525.06666666666,1127.6,3525.06666666667,0.298084052157601,0.085536251602619,2025,2025-05-01,8305,"PAHO",2,"2025/2026","Observed",23133,28166,77134,79382,NA,77134,"South America","Guyana",0.402053719107086,3525.06666666666,98.4613724839095,"Extremely High","Rare bad event - unusually high cases to date",3.52680756146774,"Extremely High",98.1289491751397,"Rare bad event - unusually high cases to date","Guyana"
"GUY",5,6,0.344246888994732,1380,0.386995338151378,4905.06666666666,1380,4905.06666666667,0.38856767314816,0.0904836209905593,2025,2025-06-01,10602,"PAHO",2,"2025/2026","Observed",33735,38768,77134,79382,NA,77134,"South America","Guyana",0.386995338151378,4905.06666666666,98.5868808417742,"Extremely High","Rare bad event - unusually high cases to date",3.65623800641869,"Extremely High",98.1289491751397,"Rare bad event - unusually high cases to date","Guyana"
"GUY",6,7,0.406541312770754,1321.13333333334,0.393311072637463,6226.19999999999,1321.13333333333,6226.2,0.500995417161685,0.112427744013524,2025,2025-07-01,5363,"PAHO",2,"2025/2026","Observed",39098,44131,77134,79382,NA,77134,"South America","Guyana",0.393311072637463,6226.19999999999,98.1822661556875,"Extremely High","Rare bad event - unusually high cases to date",3.31096651397224,"Extremely High",98.1289491751397,"Rare bad event - unusually high cases to date","Guyana"
"GUY",7,8,0.392840412728323,978.866666666668,0.396749291740532,7205.06666666668,978.866666666667,7205.06666666667,0.583356301303171,0.0823608841414863,2025,2025-08-01,4582,"PAHO",2,"2025/2026","Observed",43680,48713,77134,79382,NA,77134,"South America","Guyana",0.396749291740532,7205.06666666668,98.0111108172106,"Extremely High","Rare bad event - unusually high cases to date",3.18861897596152,"Extremely High",98.1289491751397,"Rare bad event - unusually high cases to date","Guyana"
"GUY",8,9,0.400187353385473,971.333333333336,0.398572781770038,8176.39999999997,971.333333333333,8176.4,0.666315604756764,0.0829593034535929,2025,2025-09-01,6071,"PAHO",2,"2025/2026","Observed",49751,54784,77134,79382,NA,77134,"South America","Guyana",0.398572781770038,8176.39999999997,98.0446320479659,"Extremely High","Rare bad event - unusually high cases to date",3.21003068439387,"Extremely High",98.1289491751397,"Rare bad event - unusually high cases to date","Guyana"
"GUY",9,10,0.40098594941673,969.933333333335,0.399391161800755,9146.33333333333,969.933333333333,9146.33333333333,0.747975910860485,0.0816603061037215,2025,2025-10-01,5059,"PAHO",2,"2025/2026","Observed",54810,59843,77134,79382,NA,77134,"South America","Guyana",0.399391161800755,9146.33333333333,97.9627361828358,"Extremely High","Rare bad event - unusually high cases to date",3.15510269315739,"Extremely High",98.1289491751397,"Rare bad event - unusually high cases to date","Guyana"
"GUY",10,11,0.420479174246006,827.799999999999,0.401356021034943,9974.13333333335,827.8,9974.13333333333,0.822907058832953,0.0749311479724674,2025,2025-11-01,5893,"PAHO",2,"2025/2026","Observed",60703,65736,77134,79382,NA,77134,"South America","Guyana",0.401356021034943,9974.13333333335,98.064965920342,"Extremely High","Rare bad event - unusually high cases to date",3.22207869906389,"Extremely High",98.1289491751397,"Rare bad event - unusually high cases to date","Guyana"
"GUY",11,12,0.433854489247278,615.599999999998,0.403525924266462,10589.7333333334,615.6,10589.7333333333,0.882517812251955,0.0596107534190021,2025,2025-12-01,4320,"PAHO",2,"2025/2026","Observed",65023,70056,77134,79382,NA,77134,"South America","Guyana",0.403525924266462,10589.7333333334,98.1289491751397,"Extremely High","Rare bad event - unusually high cases to date",3.2651776886724,"Extremely High",98.1289491751397,"Rare bad event - unusually high cases to date","Guyana"
"GUY",12,1,0.341030759234384,1396.93333333333,0.405258130413635,11986.6666666666,1396.93333333333,11986.6666666667,1,0.117482187748045,2026,2026-01-01,12111,"PAHO",2,"2025/2026","Observed",77134,12111,77134,187842,NA,77134,"South America","Guyana",0.405258130413635,11986.6666666666,98.3855689340603,"Extremely High","Rare bad event - unusually high cases to date",3.45984578903253,"High",82.9352083144362,"Above average - more cases than typical at this point","Guyana"
"GUY",1,2,0.419427417045771,740.866666666667,0.419427417045771,740.866666666667,740.866666666667,740.866666666667,0.0692793790540168,0.0692793790540168,2026,2026-02-01,8040,"PAHO",2,"2026/2027","Observed",8040,20151,101891,187842,NA,93546,"South America","Guyana",0.419427417045771,740.866666666667,99.8130293394417,"Extremely High","Rare bad event - unusually high cases to date",6.37876717523683,"High",82.9352083144362,"Above average - more cases than typical at this point","Guyana"
"GUY",2,3,0.402352315545168,839.800000000001,0.410993388472376,1580.66666666667,839.8,1580.66666666667,0.140905920918624,0.0716265418646069,2026,2026-03-01,6317,"PAHO",2,"2026/2027","Observed",14357,26468,101891,187842,NA,93546,"South America","Guyana",0.410993388472376,1580.66666666667,99.5486040079308,"Extremely High","Rare bad event - unusually high cases to date",5.18115879685757,"High",82.9352083144362,"Above average - more cases than typical at this point","Guyana"
"GUY",3,4,0.412022879802005,816.799999999999,0.411925781607814,2397.46666666667,816.8,2397.46666666667,0.212547800554982,0.0716418796363582,2026,2026-04-01,5526,"Estimates",2,"2026/2027","Unobserved",19883,31994,101891,187842,5526.02474387085,93546,"South America","Guyana",0.411925781607814,2397.46666666667,99.3508121323898,"Extremely High","Rare bad event - unusually high cases to date",4.6805672184596,"High",82.9352083144362,"Above average - more cases than typical at this point","Guyana"
"GUY",4,5,0.37958434851035,1127.6,0.402053719107086,3525.06666666666,1127.6,3525.06666666667,0.298084052157601,0.085536251602619,2026,2026-05-01,NA,NA,2,"2026/2027","Unobserved",19883,31994,101891,187842,NA,93546,"South America","Guyana",0.402053719107086,3525.06666666666,97.608308349502,"Extremely High","Rare bad event - unusually high cases to date",2.94224189715652,"High",82.9352083144362,"Above average - more cases than typical at this point","Guyana"
"GUY",5,6,0.344246888994732,1380,0.386995338151378,4905.06666666666,1380,4905.06666666667,0.38856767314816,0.0904836209905593,2026,2026-06-01,NA,NA,2,"2026/2027","Unobserved",19883,31994,101891,187842,NA,93546,"South America","Guyana",0.386995338151378,4905.06666666666,94.6183810905268,"High","Above average - more cases than typical at this point",1.89951494086951,"High",82.9352083144362,"Above average - more cases than typical at this point","Guyana"
"GUY",6,7,0.406541312770754,1321.13333333334,0.393311072637463,6226.19999999999,1321.13333333333,6226.2,0.500995417161685,0.112427744013524,2026,2026-07-01,NA,NA,2,"2026/2027","Unobserved",19883,31994,101891,187842,NA,93546,"South America","Guyana",0.393311072637463,6226.19999999999,91.7363610100378,"High","Above average - more cases than typical at this point",1.37556225968812,"High",82.9352083144362,"Above average - more cases than typical at this point","Guyana"
"GUY",7,8,0.392840412728323,978.866666666668,0.396749291740532,7205.06666666668,978.866666666667,7205.06666666667,0.583356301303171,0.0823608841414863,2026,2026-08-01,NA,NA,2,"2026/2027","Unobserved",19883,31994,101891,187842,NA,93546,"South America","Guyana",0.396749291740532,7205.06666666668,89.6200366244087,"High","Above average - more cases than typical at this point",1.1082980860639,"High",82.9352083144362,"Above average - more cases than typical at this point","Guyana"
"GUY",8,9,0.400187353385473,971.333333333336,0.398572781770038,8176.39999999997,971.333333333333,8176.4,0.666315604756764,0.0829593034535929,2026,2026-09-01,NA,NA,2,"2026/2027","Unobserved",19883,31994,101891,187842,NA,93546,"South America","Guyana",0.398572781770038,8176.39999999997,87.5837516667632,"High","Above average - more cases than typical at this point",0.903882303375748,"High",82.9352083144362,"Above average - more cases than typical at this point","Guyana"
"GUY",9,10,0.40098594941673,969.933333333335,0.399391161800755,9146.33333333333,969.933333333333,9146.33333333333,0.747975910860485,0.0816603061037215,2026,2026-10-01,NA,NA,2,"2026/2027","Unobserved",19883,31994,101891,187842,NA,93546,"South America","Guyana",0.399391161800755,9146.33333333333,85.6411228874562,"High","Above average - more cases than typical at this point",0.741843316324426,"High",82.9352083144362,"Above average - more cases than typical at this point","Guyana"
"GUY",10,11,0.420479174246006,827.799999999999,0.401356021034943,9974.13333333335,827.8,9974.13333333333,0.822907058832953,0.0749311479724674,2026,2026-11-01,NA,NA,2,"2026/2027","Unobserved",19883,31994,101891,187842,NA,93546,"South America","Guyana",0.401356021034943,9974.13333333335,84.0641510613737,"High","Above average - more cases than typical at this point",0.629368450675634,"High",82.9352083144362,"Above average - more cases than typical at this point","Guyana"
"GUY",11,12,0.433854489247278,615.599999999998,0.403525924266462,10589.7333333334,615.6,10589.7333333333,0.882517812251955,0.0596107534190021,2026,2026-12-01,NA,NA,2,"2026/2027","Unobserved",19883,31994,101891,187842,NA,93546,"South America","Guyana",0.403525924266462,10589.7333333334,82.9352083144362,"High","Above average - more cases than typical at this point",0.557456291585468,"High",82.9352083144362,"Above average - more cases than typical at this point","Guyana"
"HND",12,1,1.86554858062648,1936.8125,1.27199507663707,42287.375,1936.8125,42287.375,1,0.0740860489912372,2025,2025-01-01,1434,"PAHO",2,"2024/2025","Observed",1434,1434,1434,18758,NA,1434,"North & Central America","Honduras",1.27199507663707,42287.375,1.56209603305065,"Extremely Low","Rare good event - unusually low cases to date",-1.08956563475248,"Normal",28.957543534219,"Average - typical case load at this point","Honduras"
"HND",1,2,1.97909814830126,1636.375,1.97909814830126,1636.375,1636.375,1636.375,0.0566198082446306,0.0566198082446306,2025,2025-02-01,1274,"PAHO",2,"2025/2026","Observed",1274,2708,16985,18758,NA,16985,"North & Central America","Honduras",1.97909814830126,1636.375,46.2605249985982,"Normal","Average - typical case load at this point",-0.311348365948042,"Normal",28.957543534219,"Average - typical case load at this point","Honduras"
"HND",2,3,1.83289631002909,1758.5625,1.97231700063218,3394.9375,1758.5625,3394.9375,0.110973596100898,0.0543537878562669,2025,2025-03-01,2134,"PAHO",2,"2025/2026","Observed",3408,4842,16985,18758,NA,16985,"North & Central America","Honduras",1.97231700063218,3394.9375,59.6788256493877,"Normal","Average - typical case load at this point",0.00540202714618109,"Normal",28.957543534219,"Average - typical case load at this point","Honduras"
"HND",3,4,1.68920794695596,1907.9375,1.94038114245656,5302.875,1907.9375,5302.875,0.172308663297333,0.0613350671964351,2025,2025-04-01,1467,"PAHO",2,"2025/2026","Observed",4875,6309,16985,18758,NA,16985,"North & Central America","Honduras",1.94038114245656,5302.875,55.0777167136878,"Normal","Average - typical case load at this point",-0.112374973604282,"Normal",28.957543534219,"Average - typical case load at this point","Honduras"
"HND",4,5,1.4618319575885,2806.0625,1.79290370829528,8108.93749999999,2806.0625,8108.9375,0.252081230555283,0.07977256725795,2025,2025-05-01,1678,"PAHO",2,"2025/2026","Observed",6553,7987,16985,18758,NA,16985,"North & Central America","Honduras",1.79290370829528,8108.93749999999,49.197974011798,"Normal","Average - typical case load at this point",-0.256896786169265,"Normal",28.957543534219,"Average - typical case load at this point","Honduras"
"HND",5,6,0.847772981265074,5883.31249999999,1.34469204112819,13992.25,5883.3125,13992.25,0.368580260148946,0.116499029593664,2025,2025-06-01,1835,"PAHO",2,"2025/2026","Observed",8388,9822,16985,18758,NA,16985,"North & Central America","Honduras",1.34469204112819,13992.25,40.2722817440388,"Normal","Average - typical case load at this point",-0.464430244700736,"Normal",28.957543534219,"Average - typical case load at this point","Honduras"
"HND",6,7,0.776148153670458,6443.62500000001,1.16952501968048,20435.875,6443.625,20435.875,0.486289500729172,0.117709240580226,2025,2025-07-01,1424,"PAHO",2,"2025/2026","Observed",9812,11246,16985,18758,NA,16985,"North & Central America","Honduras",1.16952501968048,20435.875,35.1424231633669,"Normal","Average - typical case load at this point",-0.562188615018867,"Normal",28.957543534219,"Average - typical case load at this point","Honduras"
"HND",7,8,0.722075695653292,6180.68750000001,1.06886310189192,26616.5625,6180.6875,26616.5625,0.592186582213442,0.10589708148427,2025,2025-08-01,1222,"PAHO",2,"2025/2026","Observed",11034,12468,16985,18758,NA,16985,"North & Central America","Honduras",1.06886310189192,26616.5625,32.579167027577,"Normal","Average - typical case load at this point",-0.605256181972404,"Normal",28.957543534219,"Average - typical case load at this point","Honduras"
"HND",8,9,0.806337593975081,4683.125,1.04831416379902,31299.6875,4683.125,31299.6875,0.680640709595057,0.088454127381615,2025,2025-09-01,1176,"PAHO",2,"2025/2026","Observed",12210,13644,16985,18758,NA,16985,"North & Central America","Honduras",1.04831416379902,31299.6875,31.3196031835427,"Normal","Average - typical case load at this point",-0.624449427164715,"Normal",28.957543534219,"Average - typical case load at this point","Honduras"
"HND",9,10,1.23478118675628,3839.1875,1.10723066426391,35138.875,3839.1875,35138.875,0.779237236784639,0.0985965271895816,2025,2025-10-01,1216,"PAHO",2,"2025/2026","Observed",13426,14860,16985,18758,NA,16985,"North & Central America","Honduras",1.10723066426391,35138.875,29.6265246327295,"Normal","Average - typical case load at this point",-0.650192101308903,"Normal",28.957543534219,"Average - typical case load at this point","Honduras"
"HND",10,11,1.29034175519808,3156.6875,1.15458504377124,38295.5625000001,3156.6875,38295.5625,0.864814922964073,0.0855776861794341,2025,2025-11-01,1235,"PAHO",2,"2025/2026","Observed",14661,16095,16985,18758,NA,16985,"North & Central America","Honduras",1.15458504377124,38295.5625000001,28.8081457757575,"Normal","Average - typical case load at this point",-0.663140468033519,"Normal",28.957543534219,"Average - typical case load at this point","Honduras"
"HND",11,12,1.47293261944883,2055,1.19413724113002,40350.5625,2055,40350.5625,0.925913951008763,0.0610990280446899,2025,2025-12-01,1273,"PAHO",2,"2025/2026","Observed",15934,17368,16985,18758,NA,16985,"North & Central America","Honduras",1.19413724113002,40350.5625,28.957543534219,"Normal","Average - typical case load at this point",-0.661234680474215,"Normal",28.957543534219,"Average - typical case load at this point","Honduras"
"HND",12,1,1.86554858062648,1936.8125,1.27199507663707,42287.375,1936.8125,42287.375,1,0.0740860489912372,2026,2026-01-01,1051,"PAHO",2,"2025/2026","Observed",16985,1051,16985,17062,NA,16985,"North & Central America","Honduras",1.27199507663707,42287.375,28.14185809801,"Normal","Average - typical case load at this point",-0.674818133816857,"Extremely Low",2.82273871462072,"Rare good event - unusually low cases to date","Honduras"
"HND",1,2,1.97909814830126,1636.375,1.97909814830126,1636.375,1636.375,1636.375,0.0566198082446306,0.0566198082446306,2026,2026-02-01,660,"PAHO",2,"2026/2027","Observed",660,1711,10963,17062,NA,10963,"North & Central America","Honduras",1.97909814830126,1636.375,19.6058405017575,"Low","Below average - fewer cases than typical at this point",-0.83888999186622,"Extremely Low",2.82273871462072,"Rare good event - unusually low cases to date","Honduras"
"HND",2,3,1.83289631002909,1758.5625,1.97231700063218,3394.9375,1758.5625,3394.9375,0.110973596100898,0.0543537878562669,2026,2026-03-01,744,"PAHO",2,"2026/2027","Observed",1404,2455,10963,17062,NA,10963,"North & Central America","Honduras",1.97231700063218,3394.9375,20.3842251056253,"Low","Below average - fewer cases than typical at this point",-0.82335681694516,"Extremely Low",2.82273871462072,"Rare good event - unusually low cases to date","Honduras"
"HND",3,4,1.68920794695596,1907.9375,1.94038114245656,5302.875,1907.9375,5302.875,0.172308663297333,0.0613350671964351,2026,2026-04-01,485,"PAHO",2,"2026/2027","Observed",1889,2940,10963,17062,NA,10963,"North & Central America","Honduras",1.94038114245656,5302.875,16.5845568089727,"Low","Below average - fewer cases than typical at this point",-0.896603243969195,"Extremely Low",2.82273871462072,"Rare good event - unusually low cases to date","Honduras"
"HND",4,5,1.4618319575885,2806.0625,1.79290370829528,8108.93749999999,2806.0625,8108.9375,0.252081230555283,0.07977256725795,2026,2026-05-01,NA,NA,2,"2026/2027","Unobserved",1889,2940,10963,17062,NA,10963,"North & Central America","Honduras",1.79290370829528,8108.93749999999,9.65314757257484,"Low","Below average - fewer cases than typical at this point",-1.02695767273666,"Extremely Low",2.82273871462072,"Rare good event - unusually low cases to date","Honduras"
"HND",5,6,0.847772981265074,5883.31249999999,1.34469204112819,13992.25,5883.3125,13992.25,0.368580260148946,0.116499029593664,2026,2026-06-01,NA,NA,2,"2026/2027","Unobserved",1889,2940,10963,17062,NA,10963,"North & Central America","Honduras",1.34469204112819,13992.25,7.59126717232923,"Low","Below average - fewer cases than typical at this point",-1.00300938737104,"Extremely Low",2.82273871462072,"Rare good event - unusually low cases to date","Honduras"
"HND",6,7,0.776148153670458,6443.62500000001,1.16952501968048,20435.875,6443.625,20435.875,0.486289500729172,0.117709240580226,2026,2026-07-01,NA,NA,2,"2026/2027","Unobserved",1889,2940,10963,17062,NA,10963,"North & Central America","Honduras",1.16952501968048,20435.875,6.45949685859705,"Low","Below average - fewer cases than typical at this point",-0.981453751025689,"Extremely Low",2.82273871462072,"Rare good event - unusually low cases to date","Honduras"
"HND",7,8,0.722075695653292,6180.68750000001,1.06886310189192,26616.5625,6180.6875,26616.5625,0.592186582213442,0.10589708148427,2026,2026-08-01,NA,NA,2,"2026/2027","Unobserved",1889,2940,10963,17062,NA,10963,"North & Central America","Honduras",1.06886310189192,26616.5625,5.92780102073939,"Low","Below average - fewer cases than typical at this point",-0.960465268034959,"Extremely Low",2.82273871462072,"Rare good event - unusually low cases to date","Honduras"
"HND",8,9,0.806337593975081,4683.125,1.04831416379902,31299.6875,4683.125,31299.6875,0.680640709595057,0.088454127381615,2026,2026-09-01,NA,NA,2,"2026/2027","Unobserved",1889,2940,10963,17062,NA,10963,"North & Central America","Honduras",1.04831416379902,31299.6875,5.25181505436117,"Low","Below average - fewer cases than typical at this point",-0.962063258599463,"Extremely Low",2.82273871462072,"Rare good event - unusually low cases to date","Honduras"
"HND",9,10,1.23478118675628,3839.1875,1.10723066426391,35138.875,3839.1875,35138.875,0.779237236784639,0.0985965271895816,2026,2026-10-01,NA,NA,2,"2026/2027","Unobserved",1889,2940,10963,17062,NA,10963,"North & Central America","Honduras",1.10723066426391,35138.875,4.06217274261414,"Extremely Low","Rare good event - unusually low cases to date",-0.995667597888734,"Extremely Low",2.82273871462072,"Rare good event - unusually low cases to date","Honduras"
"HND",10,11,1.29034175519808,3156.6875,1.15458504377124,38295.5625000001,3156.6875,38295.5625,0.864814922964073,0.0855776861794341,2026,2026-11-01,NA,NA,2,"2026/2027","Unobserved",1889,2940,10963,17062,NA,10963,"North & Central America","Honduras",1.15458504377124,38295.5625000001,3.30046338346884,"Extremely Low","Rare good event - unusually low cases to date",-1.02149827802996,"Extremely Low",2.82273871462072,"Rare good event - unusually low cases to date","Honduras"
"HND",11,12,1.47293261944883,2055,1.19413724113002,40350.5625,2055,40350.5625,0.925913951008763,0.0610990280446899,2026,2026-12-01,NA,NA,2,"2026/2027","Unobserved",1889,2940,10963,17062,NA,10963,"North & Central America","Honduras",1.19413724113002,40350.5625,2.82273871462072,"Extremely Low","Rare good event - unusually low cases to date",-1.04159293472316,"Extremely Low",2.82273871462072,"Rare good event - unusually low cases to date","Honduras"
"HTI",9,1,0.355161874683818,607.199999999999,0.600021879937569,1911.4,607.2,1911.4,0.876738260347294,0.159438208074922,2025,2025-01-01,NA,"WHO",5,"2024/2025","Unobserved",0,0,NA,NA,NA,NA,"Caribbean","Haiti",0.600021879937569,1911.4,0.790552769059084,"Extremely Low","Rare good event - unusually low cases to date",-0.774489239233488,"Extremely Low",0.614672139149286,"Rare good event - unusually low cases to date","Haiti"
"HTI",10,2,0.327968080010136,201.2,0.580308821663561,2112.6,201.2,2112.6,0.92704594847237,0.0503076881250763,2025,2025-02-01,NA,"WHO",5,"2024/2025","Unobserved",0,0,NA,NA,NA,NA,"Caribbean","Haiti",0.580308821663561,2112.6,0.857747218729616,"Extremely Low","Rare good event - unusually low cases to date",-0.761675430060329,"Extremely Low",0.614672139149286,"Rare good event - unusually low cases to date","Haiti"
"HTI",11,3,0.290291262358008,146.6,0.571943177271695,2259.2,146.6,2259.2,0.972318003006155,0.0452720545337855,2025,2025-03-01,NA,"WHO",5,"2024/2025","Unobserved",0,0,NA,NA,NA,NA,"Caribbean","Haiti",0.571943177271695,2259.2,0.876769161905079,"Extremely Low","Rare good event - unusually low cases to date",-0.756173538114577,"Extremely Low",0.614672139149286,"Rare good event - unusually low cases to date","Haiti"
"HTI",12,4,0.302264301426234,89.6,0.567125546105512,2348.8,89.6,2348.8,1,0.0276819969938447,2025,2025-04-01,NA,"WHO",5,"2024/2025","Unobserved",0,0,NA,NA,NA,NA,"Caribbean","Haiti",0.567125546105512,2348.8,0.888286015168597,"Extremely Low","Rare good event - unusually low cases to date",-0.752986483821386,"Extremely Low",0.614672139149286,"Rare good event - unusually low cases to date","Haiti"
"HTI",1,5,0.2930401010657,72.6,0.2930401010657,72.6,72.6,72.6,0.0465115078893926,0.0465115078893926,2025,2025-05-01,NA,"WHO",5,"2025/2026","Unobserved",0,0,NA,NA,NA,NA,"Caribbean","Haiti",0.2930401010657,72.6,19.8585044329139,"Low","Below average - fewer cases than typical at this point",-0.540242574532022,"Extremely Low",0.614672139149286,"Rare good event - unusually low cases to date","Haiti"
"HTI",2,6,0.317654703784047,71.4,0.287848425310369,144,71.4,144,0.105076451678037,0.058564943788644,2025,2025-06-01,NA,"WHO",5,"2025/2026","Unobserved",0,0,NA,NA,NA,NA,"Caribbean","Haiti",0.287848425310369,144,16.7028385261601,"Low","Below average - fewer cases than typical at this point",-0.53597964451747,"Extremely Low",0.614672139149286,"Rare good event - unusually low cases to date","Haiti"
"HTI",3,7,0.314711520409713,76.0000000000001,0.279282148393059,220,76,220,0.164331517228125,0.0592550655500884,2025,2025-07-01,NA,"WHO",5,"2025/2026","Unobserved",0,0,NA,NA,NA,NA,"Caribbean","Haiti",0.279282148393059,220,15.5216909835343,"Low","Below average - fewer cases than typical at this point",-0.528136402055976,"Extremely Low",0.614672139149286,"Rare good event - unusually low cases to date","Haiti"
"HTI",4,8,0.304395108466595,98,0.277253995920131,318,98,318,0.254962365690107,0.0906308484619823,2025,2025-08-01,NA,"WHO",5,"2025/2026","Unobserved",0,0,NA,NA,NA,NA,"Caribbean","Haiti",0.277253995920131,318,14.1782553417168,"Low","Below average - fewer cases than typical at this point",-0.52631974847021,"Extremely Low",0.614672139149286,"Rare good event - unusually low cases to date","Haiti"
"HTI",5,9,NA,NA,NA,NA,127.2,445.2,0.376707826910974,0.121745461220867,2025,2025-09-01,NA,"WHO",5,"2025/2026","Unobserved",0,0,NA,NA,NA,NA,"Caribbean","Haiti",NA,NA,NA,"Unknown","Cannot determine",NA,"Extremely Low",0.614672139149286,"Rare good event - unusually low cases to date","Haiti"
"HTI",6,10,0.501836385482144,105.4,0.441148507925733,550.6,105.4,550.6,0.450267765302289,0.073559938391315,2025,2025-10-01,NA,"WHO",5,"2025/2026","Unobserved",0,0,NA,NA,NA,NA,"Caribbean","Haiti",0.441148507925733,550.6,4.30467012483826,"Extremely Low","Rare good event - unusually low cases to date",-0.663924194819977,"Extremely Low",0.614672139149286,"Rare good event - unusually low cases to date","Haiti"
"HTI",7,11,0.499033069931295,109.8,0.471004979078394,660.400000000001,109.8,660.4,0.522387700270883,0.0721199349685941,2025,2025-11-01,NA,"WHO",5,"2025/2026","Unobserved",0,0,NA,NA,NA,NA,"Caribbean","Haiti",0.471004979078394,660.400000000001,3.29385422797076,"Extremely Low","Rare good event - unusually low cases to date",-0.686053417928955,"Extremely Low",0.614672139149286,"Rare good event - unusually low cases to date","Haiti"
"HTI",8,12,NA,NA,0.672591108329979,1304.2,643.8,1304.2,0.717300052272372,0.194912352001488,2025,2025-12-01,NA,"WHO",5,"2025/2026","Unobserved",0,0,NA,NA,NA,NA,"Caribbean","Haiti",0.672591108329979,1304.2,0.614672139149286,"Extremely Low","Rare good event - unusually low cases to date",-0.819905131135327,"Extremely Low",0.614672139149286,"Rare good event - unusually low cases to date","Haiti"
"HTI",9,1,0.355161874683818,607.199999999999,0.600021879937569,1911.4,607.2,1911.4,0.876738260347294,0.159438208074922,2026,2026-01-01,NA,"WHO",5,"2025/2026","Unobserved",0,0,NA,NA,NA,NA,"Caribbean","Haiti",0.600021879937569,1911.4,0.790552769059084,"Extremely Low","Rare good event - unusually low cases to date",-0.774489239233488,"Extremely Low",0.614672139149286,"Rare good event - unusually low cases to date","Haiti"
"HTI",10,2,0.327968080010136,201.2,0.580308821663561,2112.6,201.2,2112.6,0.92704594847237,0.0503076881250763,2026,2026-02-01,NA,"WHO",5,"2025/2026","Unobserved",0,0,NA,NA,NA,NA,"Caribbean","Haiti",0.580308821663561,2112.6,0.857747218729616,"Extremely Low","Rare good event - unusually low cases to date",-0.761675430060329,"Extremely Low",0.614672139149286,"Rare good event - unusually low cases to date","Haiti"
"HTI",11,3,0.290291262358008,146.6,0.571943177271695,2259.2,146.6,2259.2,0.972318003006155,0.0452720545337855,2026,2026-03-01,NA,"WHO",5,"2025/2026","Unobserved",0,0,NA,NA,NA,NA,"Caribbean","Haiti",0.571943177271695,2259.2,0.876769161905079,"Extremely Low","Rare good event - unusually low cases to date",-0.756173538114577,"Extremely Low",0.614672139149286,"Rare good event - unusually low cases to date","Haiti"
"HTI",12,4,0.302264301426234,89.6,0.567125546105512,2348.8,89.6,2348.8,1,0.0276819969938447,2026,2026-04-01,NA,"WHO",5,"2025/2026","Unobserved",0,0,NA,NA,NA,NA,"Caribbean","Haiti",0.567125546105512,2348.8,0.888286015168597,"Extremely Low","Rare good event - unusually low cases to date",-0.752986483821386,"Extremely Low",0.614672139149286,"Rare good event - unusually low cases to date","Haiti"
"HTI",1,5,0.2930401010657,72.6,0.2930401010657,72.6,72.6,72.6,0.0465115078893926,0.0465115078893926,2026,2026-05-01,NA,NA,5,"2026/2027","Unobserved",0,0,NA,NA,NA,NA,"Caribbean","Haiti",0.2930401010657,72.6,19.8585044329139,"Low","Below average - fewer cases than typical at this point",-0.540242574532022,"Extremely Low",0.614672139149286,"Rare good event - unusually low cases to date","Haiti"
"HTI",2,6,0.317654703784047,71.4,0.287848425310369,144,71.4,144,0.105076451678037,0.058564943788644,2026,2026-06-01,NA,NA,5,"2026/2027","Unobserved",0,0,NA,NA,NA,NA,"Caribbean","Haiti",0.287848425310369,144,16.7028385261601,"Low","Below average - fewer cases than typical at this point",-0.53597964451747,"Extremely Low",0.614672139149286,"Rare good event - unusually low cases to date","Haiti"
"HTI",3,7,0.314711520409713,76.0000000000001,0.279282148393059,220,76,220,0.164331517228125,0.0592550655500884,2026,2026-07-01,NA,NA,5,"2026/2027","Unobserved",0,0,NA,NA,NA,NA,"Caribbean","Haiti",0.279282148393059,220,15.5216909835343,"Low","Below average - fewer cases than typical at this point",-0.528136402055976,"Extremely Low",0.614672139149286,"Rare good event - unusually low cases to date","Haiti"
"HTI",4,8,0.304395108466595,98,0.277253995920131,318,98,318,0.254962365690107,0.0906308484619823,2026,2026-08-01,NA,NA,5,"2026/2027","Unobserved",0,0,NA,NA,NA,NA,"Caribbean","Haiti",0.277253995920131,318,14.1782553417168,"Low","Below average - fewer cases than typical at this point",-0.52631974847021,"Extremely Low",0.614672139149286,"Rare good event - unusually low cases to date","Haiti"
"HTI",5,9,NA,NA,NA,NA,127.2,445.2,0.376707826910974,0.121745461220867,2026,2026-09-01,NA,NA,5,"2026/2027","Unobserved",0,0,NA,NA,NA,NA,"Caribbean","Haiti",NA,NA,NA,"Unknown","Cannot determine",NA,"Extremely Low",0.614672139149286,"Rare good event - unusually low cases to date","Haiti"
"HTI",6,10,0.501836385482144,105.4,0.441148507925733,550.6,105.4,550.6,0.450267765302289,0.073559938391315,2026,2026-10-01,NA,NA,5,"2026/2027","Unobserved",0,0,NA,NA,NA,NA,"Caribbean","Haiti",0.441148507925733,550.6,4.30467012483826,"Extremely Low","Rare good event - unusually low cases to date",-0.663924194819977,"Extremely Low",0.614672139149286,"Rare good event - unusually low cases to date","Haiti"
"HTI",7,11,0.499033069931295,109.8,0.471004979078394,660.400000000001,109.8,660.4,0.522387700270883,0.0721199349685941,2026,2026-11-01,NA,NA,5,"2026/2027","Unobserved",0,0,NA,NA,NA,NA,"Caribbean","Haiti",0.471004979078394,660.400000000001,3.29385422797076,"Extremely Low","Rare good event - unusually low cases to date",-0.686053417928955,"Extremely Low",0.614672139149286,"Rare good event - unusually low cases to date","Haiti"
"HTI",8,12,NA,NA,0.672591108329979,1304.2,643.8,1304.2,0.717300052272372,0.194912352001488,2026,2026-12-01,NA,NA,5,"2026/2027","Unobserved",0,0,NA,NA,NA,NA,"Caribbean","Haiti",0.672591108329979,1304.2,0.614672139149286,"Extremely Low","Rare good event - unusually low cases to date",-0.819905131135327,"Extremely Low",0.614672139149286,"Rare good event - unusually low cases to date","Haiti"
"IDN",4,1,3.80331307317244,16033.6428571429,7.25410926922346,36573.1428571428,16033.6428571429,36573.1428571429,0.322787411098008,0.132719603315223,2025,2025-01-01,21417,"SEARO",10,"2024/2025","Observed",21417,21417,75997,75997,NA,75997,"East & Southeast Asia","Indonesia",7.25410926922346,36573.1428571428,11.6196261080434,"Low","Below average - fewer cases than typical at this point",-1.11602876509524,"Low",18.0535493765691,"Below average - fewer cases than typical at this point","Indonesia"
"IDN",5,2,3.07733420862401,14782.2857142857,5.94421955315613,51355.4285714286,14782.2857142857,51355.4285714286,0.44235007854329,0.119562667445281,2025,2025-02-01,17160,"SEARO",10,"2024/2025","Observed",38577,38577,75997,75997,NA,75997,"East & Southeast Asia","Indonesia",5.94421955315613,51355.4285714286,29.9610765877308,"Normal","Average - typical case load at this point",-0.606615328449347,"Low",18.0535493765691,"Below average - fewer cases than typical at this point","Indonesia"
"IDN",6,3,3.44995771153152,13363.1428571428,5.48386758888168,64718.5714285715,13363.1428571429,64718.5714285714,0.55154618680301,0.109196108259721,2025,2025-03-01,11795,"SEARO",10,"2024/2025","Observed",50372,50372,75997,75997,NA,75997,"East & Southeast Asia","Indonesia",5.48386758888168,64718.5714285715,33.8108061817243,"Normal","Average - typical case load at this point",-0.519091937682469,"Low",18.0535493765691,"Below average - fewer cases than typical at this point","Indonesia"
"IDN",7,4,3.6545760833422,11714.1428571428,5.31191409167382,76432.7142857143,11714.1428571429,76432.7142857143,0.647676770260368,0.0961305834573579,2025,2025-04-01,5750,"SEARO",10,"2024/2025","Observed",56122,56122,75997,75997,NA,75997,"East & Southeast Asia","Indonesia",5.31191409167382,76432.7142857143,29.8617447528187,"Normal","Average - typical case load at this point",-0.612429842598999,"Low",18.0535493765691,"Below average - fewer cases than typical at this point","Indonesia"
"IDN",8,5,4.1178055157868,11173.0714285715,5.27707509071558,87605.7857142853,11173.0714285714,87605.7857142857,0.740546197541465,0.092869427281097,2025,2025-05-01,157,"SEARO",10,"2024/2025","Observed",56279,56279,75997,75997,NA,75997,"East & Southeast Asia","Indonesia",5.27707509071558,87605.7857142853,21.2933606393059,"Low","Below average - fewer cases than typical at this point",-0.821422518663732,"Low",18.0535493765691,"Below average - fewer cases than typical at this point","Indonesia"
"IDN",9,6,4.45819085391673,9308.57142857144,5.29756553113183,96914.3571428574,9308.57142857143,96914.3571428571,0.81868699711681,0.0781407995753454,2025,2025-06-01,5938,"Estimates",10,"2024/2025","Unobserved",62217,62217,75997,75997,5938.46634532752,75997,"East & Southeast Asia","Indonesia",5.29756553113183,96914.3571428574,21.1925999931507,"Low","Below average - fewer cases than typical at this point",-0.824013973397704,"Low",18.0535493765691,"Below average - fewer cases than typical at this point","Indonesia"
"IDN",10,7,4.97438333917491,7956.85714285715,5.37791075989314,104871.214285714,7956.85714285714,104871.214285714,0.88652980702974,0.0678428099129299,2025,2025-07-01,5156,"Estimates",10,"2024/2025","Unobserved",67373,67373,75997,75997,5155.85002495293,75997,"East & Southeast Asia","Indonesia",5.37791075989314,104871.214285714,20.9935504562145,"Low","Below average - fewer cases than typical at this point",-0.829182161333718,"Low",18.0535493765691,"Below average - fewer cases than typical at this point","Indonesia"
"IDN",11,8,5.21186568732526,6776,5.53943837217349,111647.214285715,6776,111647.214285714,0.945977673210495,0.0594478661807544,2025,2025-08-01,4518,"Estimates",10,"2024/2025","Unobserved",71891,71891,75997,75997,4517.85948613879,75997,"East & Southeast Asia","Indonesia",5.53943837217349,111647.214285715,20.6557072171709,"Low","Below average - fewer cases than typical at this point",-0.83806793629126,"Low",18.0535493765691,"Below average - fewer cases than typical at this point","Indonesia"
"IDN",12,9,6.2017281307895,5902.35714285714,5.79534825764016,117549.571428571,5902.35714285714,117549.571428571,1,0.0540223267895052,2025,2025-09-01,4106,"Estimates",10,"2024/2025","Unobserved",75997,75997,75997,75997,4105.53476902203,75997,"East & Southeast Asia","Indonesia",5.79534825764016,117549.571428571,20.1751287140763,"Low","Below average - fewer cases than typical at this point",-0.850953676062816,"Low",18.0535493765691,"Below average - fewer cases than typical at this point","Indonesia"
"IDN",1,10,8.29044381258607,6244.35714285715,8.29044381258607,6244.35714285715,6244.35714285714,6244.35714285714,0.0599107254659208,0.0599107254659208,2025,2025-10-01,4553,"Estimates",10,"2025/2026","Unobserved",4553,80550,NA,75997,4553.03540323358,75999,"East & Southeast Asia","Indonesia",8.29044381258607,6244.35714285715,22.8360342056468,"Low","Below average - fewer cases than typical at this point",-0.779378406485748,"Low",18.0535493765691,"Below average - fewer cases than typical at this point","Indonesia"
"IDN",2,11,10.0486826027842,6964.71428571427,9.71271077038159,13209.0714285715,6964.71428571429,13209.0714285714,0.124858829775001,0.0649481043090804,2025,2025-11-01,4936,"Estimates",10,"2025/2026","Unobserved",9489,85486,NA,75997,4935.86108317718,75999,"East & Southeast Asia","Indonesia",9.71271077038159,13209.0714285715,19.3096781252749,"Low","Below average - fewer cases than typical at this point",-0.877383791796379,"Low",18.0535493765691,"Below average - fewer cases than typical at this point","Indonesia"
"IDN",3,12,6.93780297200199,7330.42857142858,9.50264387898276,20539.5,7330.42857142857,20539.5,0.190067807782785,0.065208978007784,2025,2025-12-01,4956,"Estimates",10,"2025/2026","Unobserved",14445,90442,NA,75997,4955.68670165756,75999,"East & Southeast Asia","Indonesia",9.50264387898276,20539.5,18.0535493765691,"Low","Below average - fewer cases than typical at this point",-0.914471133069685,"Low",18.0535493765691,"Below average - fewer cases than typical at this point","Indonesia"
"IDN",4,1,3.80331307317244,16033.6428571429,7.25410926922346,36573.1428571428,16033.6428571429,36573.1428571429,0.322787411098008,0.132719603315223,2026,2026-01-01,NA,NA,10,"2025/2026","Unobserved",14445,0,NA,NA,NA,75999,"East & Southeast Asia","Indonesia",7.25410926922346,36573.1428571428,2.08938345309768,"Extremely Low","Rare good event - unusually low cases to date",-1.62941483063875,"Extremely Low",2.03794759407294e-30,"Rare good event - unusually low cases to date","Indonesia"
"IDN",5,2,3.07733420862401,14782.2857142857,5.94421955315613,51355.4285714286,14782.2857142857,51355.4285714286,0.44235007854329,0.119562667445281,2026,2026-02-01,NA,NA,10,"2025/2026","Unobserved",14445,0,NA,NA,NA,75999,"East & Southeast Asia","Indonesia",5.94421955315613,51355.4285714286,0.801584629449352,"Extremely Low","Rare good event - unusually low cases to date",-1.75220541601855,"Extremely Low",2.03794759407294e-30,"Rare good event - unusually low cases to date","Indonesia"
"IDN",6,3,3.44995771153152,13363.1428571428,5.48386758888168,64718.5714285715,13363.1428571429,64718.5714285714,0.55154618680301,0.109196108259721,2026,2026-03-01,NA,NA,10,"2025/2026","Unobserved",14445,0,NA,NA,NA,75999,"East & Southeast Asia","Indonesia",5.48386758888168,64718.5714285715,0.390404713744355,"Extremely Low","Rare good event - unusually low cases to date",-1.81901339543072,"Extremely Low",2.03794759407294e-30,"Rare good event - unusually low cases to date","Indonesia"
"IDN",7,4,3.6545760833422,11714.1428571428,5.31191409167382,76432.7142857143,11714.1428571429,76432.7142857143,0.647676770260368,0.0961305834573579,2026,2026-04-01,NA,NA,10,"2025/2026","Unobserved",14445,0,NA,NA,NA,75999,"East & Southeast Asia","Indonesia",5.31191409167382,76432.7142857143,0.215069690798804,"Extremely Low","Rare good event - unusually low cases to date",-1.86911821854406,"Extremely Low",2.03794759407294e-30,"Rare good event - unusually low cases to date","Indonesia"
"IDN",8,5,4.1178055157868,11173.0714285715,5.27707509071558,87605.7857142853,11173.0714285714,87605.7857142857,0.740546197541465,0.092869427281097,2026,2026-05-01,NA,NA,10,"2025/2026","Unobserved",14445,0,NA,NA,NA,75999,"East & Southeast Asia","Indonesia",5.27707509071558,87605.7857142853,0.120102611209868,"Extremely Low","Rare good event - unusually low cases to date",-1.91835566588121,"Extremely Low",2.03794759407294e-30,"Rare good event - unusually low cases to date","Indonesia"
"IDN",9,6,4.45819085391673,9308.57142857144,5.29756553113183,96914.3571428574,9308.57142857143,96914.3571428571,0.81868699711681,0.0781407995753454,2026,2026-06-01,NA,NA,10,"2025/2026","Unobserved",14445,0,NA,NA,NA,75999,"East & Southeast Asia","Indonesia",5.29756553113183,96914.3571428574,0.0737764755165407,"Extremely Low","Rare good event - unusually low cases to date",-1.95853252981342,"Extremely Low",2.03794759407294e-30,"Rare good event - unusually low cases to date","Indonesia"
"IDN",10,7,4.97438333917491,7956.85714285715,5.37791075989314,104871.214285714,7956.85714285714,104871.214285714,0.88652980702974,0.0678428099129299,2026,2026-07-01,NA,NA,10,"2025/2026","Unobserved",14445,0,NA,NA,NA,75999,"East & Southeast Asia","Indonesia",5.37791075989314,104871.214285714,0.04632215396854,"Extremely Low","Rare good event - unusually low cases to date",-1.99955665172088,"Extremely Low",2.03794759407294e-30,"Rare good event - unusually low cases to date","Indonesia"
"IDN",11,8,5.21186568732526,6776,5.53943837217349,111647.214285715,6776,111647.214285714,0.945977673210495,0.0594478661807544,2026,2026-08-01,NA,NA,10,"2025/2026","Unobserved",14445,0,NA,NA,NA,75999,"East & Southeast Asia","Indonesia",5.53943837217349,111647.214285715,0.0280168872397048,"Extremely Low","Rare good event - unusually low cases to date",-2.04903964305879,"Extremely Low",2.03794759407294e-30,"Rare good event - unusually low cases to date","Indonesia"
"IDN",12,9,6.2017281307895,5902.35714285714,5.79534825764016,117549.571428571,5902.35714285714,117549.571428571,1,0.0540223267895052,2026,2026-09-01,NA,NA,10,"2025/2026","Unobserved",14445,0,NA,NA,NA,75999,"East & Southeast Asia","Indonesia",5.79534825764016,117549.571428571,0.0155553711320717,"Extremely Low","Rare good event - unusually low cases to date",-2.11147495954237,"Extremely Low",2.03794759407294e-30,"Rare good event - unusually low cases to date","Indonesia"
"IDN",1,10,8.29044381258607,6244.35714285715,8.29044381258607,6244.35714285715,6244.35714285714,6244.35714285714,0.0599107254659208,0.0599107254659208,2026,2026-10-01,NA,NA,10,"2026/2027","Unobserved",0,0,NA,NA,NA,NA,"East & Southeast Asia","Indonesia",8.29044381258607,6244.35714285715,1.39432038080405e-22,"Extremely Low","Rare good event - unusually low cases to date",-2.87740359277801,"Extremely Low",2.03794759407294e-30,"Rare good event - unusually low cases to date","Indonesia"
"IDN",2,11,10.0486826027842,6964.71428571427,9.71271077038159,13209.0714285715,6964.71428571429,13209.0714285714,0.124858829775001,0.0649481043090804,2026,2026-11-01,NA,NA,10,"2026/2027","Unobserved",0,0,NA,NA,NA,NA,"East & Southeast Asia","Indonesia",9.71271077038159,13209.0714285715,3.64595338213319e-29,"Extremely Low","Rare good event - unusually low cases to date",-3.11537705623025,"Extremely Low",2.03794759407294e-30,"Rare good event - unusually low cases to date","Indonesia"
"IDN",3,12,6.93780297200199,7330.42857142858,9.50264387898276,20539.5,7330.42857142857,20539.5,0.190067807782785,0.065208978007784,2026,2026-12-01,NA,NA,10,"2026/2027","Unobserved",0,0,NA,NA,NA,NA,"East & Southeast Asia","Indonesia",9.50264387898276,20539.5,2.03794759407294e-30,"Extremely Low","Rare good event - unusually low cases to date",-3.08192301873571,"Extremely Low",2.03794759407294e-30,"Rare good event - unusually low cases to date","Indonesia"
"IND",10,1,2.14562392903655,7139.75000000001,2.18098731750378,117237.9375,7139.75,117237.9375,0.917111770253867,0.0715033093065821,2025,2025-01-01,4700,"SEARO",4,"2024/2025","Observed",4700,4700,12023,142772,NA,12023,"South Asia","India",2.18098731750378,117237.9375,0.194926091717652,"Extremely Low","Rare good event - unusually low cases to date",-1.41759872023634,"Normal",58.7212807995759,"Average - typical case load at this point","India"
"IND",11,2,2.25465961787274,4578.9375,2.27876158332452,121816.875,4578.9375,121816.875,0.962202672390375,0.0450909021365083,2025,2025-02-01,3806,"SEARO",4,"2024/2025","Observed",8506,8506,12023,142772,NA,12023,"South Asia","India",2.27876158332452,121816.875,0.517775390793016,"Extremely Low","Rare good event - unusually low cases to date",-1.40413712332427,"Normal",58.7212807995759,"Average - typical case load at this point","India"
"IND",12,3,2.25549223559132,3819.3125,2.35416624296857,125636.1875,3819.3125,125636.1875,1,0.0377973276096245,2025,2025-03-01,3517,"SEARO",4,"2024/2025","Observed",12023,12023,12023,142772,NA,12023,"South Asia","India",2.35416624296857,125636.1875,0.90149146083931,"Extremely Low","Rare good event - unusually low cases to date",-1.38748561933605,"Normal",58.7212807995759,"Average - typical case load at this point","India"
"IND",1,4,2.16536600468838,2528.6875,2.16536600468838,2528.6875,2528.6875,2528.6875,0.0202968224806565,0.0202968224806565,2025,2025-04-01,2700,"SEARO",4,"2025/2026","Observed",2700,14723,118354,142772,NA,118354,"South Asia","India",2.16536600468838,2528.6875,62.7425649125722,"Normal","Average - typical case load at this point",0.0996491687585914,"Normal",58.7212807995759,"Average - typical case load at this point","India"
"IND",2,5,2.09126205700382,3701.4375,2.12348827647143,6230.12499999999,3701.4375,6230.125,0.0496227399746386,0.0293259174939821,2025,2025-05-01,3766,"SEARO",4,"2025/2026","Observed",6466,18489,118354,142772,NA,118354,"South Asia","India",2.12348827647143,6230.12499999999,61.2045171627291,"Normal","Average - typical case load at this point",0.055161502410515,"Normal",58.7212807995759,"Average - typical case load at this point","India"
"IND",3,6,2.18246644931763,5614.75,2.16858302104124,11844.875,5614.75,11844.875,0.0940681924032025,0.0444454524285639,2025,2025-06-01,6459,"SEARO",4,"2025/2026","Observed",12925,24948,118354,142772,NA,118354,"South Asia","India",2.16858302104124,11844.875,63.9517442700423,"Normal","Average - typical case load at this point",0.134273964135528,"Normal",58.7212807995759,"Average - typical case load at this point","India"
"IND",4,7,1.85319540587303,10917.625,2.03661667013326,22762.5000000001,10917.625,22762.5,0.177054673815853,0.0829864814126505,2025,2025-07-01,10302,"SEARO",4,"2025/2026","Observed",23227,35250,118354,142772,NA,118354,"South Asia","India",2.03661667013326,22762.5000000001,60.4204201021433,"Normal","Average - typical case load at this point",0.0291206442477034,"Normal",58.7212807995759,"Average - typical case load at this point","India"
"IND",5,8,1.94803932474747,14635.3125,2.00858995252484,37397.8125000001,14635.3125,37397.8125,0.289060585698756,0.112005911882903,2025,2025-08-01,14303,"SEARO",4,"2025/2026","Observed",37530,49553,118354,142772,NA,118354,"South Asia","India",2.00858995252484,37397.8125000001,59.5716013203956,"Normal","Average - typical case load at this point",0.00500931301052528,"Normal",58.7212807995759,"Average - typical case load at this point","India"
"IND",6,9,1.92469293145731,19743.0625,1.98835385660018,57140.875,19743.0625,57140.875,0.439456977044145,0.15039639134539,2025,2025-09-01,18803,"SEARO",4,"2025/2026","Observed",56333,68356,118354,142772,NA,118354,"South Asia","India",1.98835385660018,57140.875,58.6588558764359,"Normal","Average - typical case load at this point",-0.019935932954673,"Normal",58.7212807995759,"Average - typical case load at this point","India"
"IND",7,10,1.94474568377791,25690.5,1.99172651828654,82831.3749999999,25690.5,82831.375,0.636109511805815,0.19665253476167,2025,2025-10-01,22659,"SEARO",4,"2025/2026","Observed",78992,91015,118354,142772,NA,118354,"South Asia","India",1.99172651828654,82831.3749999999,56.8575755039006,"Normal","Average - typical case load at this point",-0.0654146908784715,"Normal",58.7212807995759,"Average - typical case load at this point","India"
"IND",8,11,1.98702461794394,17910.0625,1.9990342656323,100741.4375,17910.0625,100741.4375,0.774342769067599,0.138233257261784,2025,2025-11-01,22175,"SEARO",4,"2025/2026","Observed",101167,113190,118354,142772,NA,118354,"South Asia","India",1.9990342656323,100741.4375,59.6300708858698,"Normal","Average - typical case load at this point",0.00597256683427512,"Normal",58.7212807995759,"Average - typical case load at this point","India"
"IND",9,12,1.93093262040229,9356.74999999999,1.99585373687423,110098.1875,9356.75,110098.1875,0.845608460947285,0.0712656918796861,2025,2025-12-01,7539,"SEARO",4,"2025/2026","Observed",108706,120729,118354,142772,NA,118354,"South Asia","India",1.99585373687423,110098.1875,58.7212807995759,"Normal","Average - typical case load at this point",-0.0178639699693571,"Normal",58.7212807995759,"Average - typical case load at this point","India"
"IND",10,1,2.14562392903655,7139.75000000001,2.18098731750378,117237.9375,7139.75,117237.9375,0.917111770253867,0.0715033093065821,2026,2026-01-01,3544,"SEARO",4,"2025/2026","Observed",112250,3544,118354,619112,NA,118354,"South Asia","India",2.18098731750378,117237.9375,56.5392417604979,"Normal","Average - typical case load at this point",-0.0628312014036954,"Extremely Low",0.137388144551837,"Rare good event - unusually low cases to date","India"
"IND",11,2,2.25465961787274,4578.9375,2.27876158332452,121816.875,4578.9375,121816.875,0.962202672390375,0.0450909021365083,2026,2026-02-01,3019,"SEARO",4,"2025/2026","Observed",115269,6563,118354,619112,NA,118354,"South Asia","India",2.27876158332452,121816.875,55.6045231736792,"Normal","Average - typical case load at this point",-0.0811406174948922,"Extremely Low",0.137388144551837,"Rare good event - unusually low cases to date","India"
"IND",12,3,2.25549223559132,3819.3125,2.35416624296857,125636.1875,3819.3125,125636.1875,1,0.0377973276096245,2026,2026-03-01,3085,"SEARO",4,"2025/2026","Observed",118354,9648,118354,619112,NA,118354,"South Asia","India",2.35416624296857,125636.1875,55.1441842543704,"Normal","Average - typical case load at this point",-0.0889327256447091,"Extremely Low",0.137388144551837,"Rare good event - unusually low cases to date","India"
"IND",1,4,2.16536600468838,2528.6875,2.16536600468838,2528.6875,2528.6875,2528.6875,0.0202968224806565,0.0202968224806565,2026,2026-04-01,2918,"SEARO",4,"2026/2027","Observed",2918,12566,143766,619112,NA,143766,"South Asia","India",2.16536600468838,2528.6875,67.0714631657223,"Normal","Average - typical case load at this point",0.226455553519617,"Extremely Low",0.137388144551837,"Rare good event - unusually low cases to date","India"
"IND",2,5,2.09126205700382,3701.4375,2.12348827647143,6230.12499999999,3701.4375,6230.125,0.0496227399746386,0.0293259174939821,2026,2026-05-01,NA,"SEARO",4,"2026/2027","Unobserved",2918,12566,143766,619112,NA,143766,"South Asia","India",2.12348827647143,6230.12499999999,22.9932181313643,"Low","Below average - fewer cases than typical at this point",-0.774570391823728,"Extremely Low",0.137388144551837,"Rare good event - unusually low cases to date","India"
"IND",3,6,2.18246644931763,5614.75,2.16858302104124,11844.875,5614.75,11844.875,0.0940681924032025,0.0444454524285639,2026,2026-06-01,NA,"SEARO",4,"2026/2027","Unobserved",2918,12566,143766,619112,NA,143766,"South Asia","India",2.16858302104124,11844.875,7.64611510981317,"Low","Below average - fewer cases than typical at this point",-1.10972979385938,"Extremely Low",0.137388144551837,"Rare good event - unusually low cases to date","India"
"IND",4,7,1.85319540587303,10917.625,2.03661667013326,22762.5000000001,10917.625,22762.5,0.177054673815853,0.0829864814126505,2026,2026-07-01,NA,"SEARO",4,"2026/2027","Unobserved",2918,12566,143766,619112,NA,143766,"South Asia","India",2.03661667013326,22762.5000000001,2.63956657944641,"Extremely Low","Rare good event - unusually low cases to date",-1.24410037626183,"Extremely Low",0.137388144551837,"Rare good event - unusually low cases to date","India"
"IND",5,8,1.94803932474747,14635.3125,2.00858995252484,37397.8125000001,14635.3125,37397.8125,0.289060585698756,0.112005911882903,2026,2026-08-01,NA,"SEARO",4,"2026/2027","Unobserved",2918,12566,143766,619112,NA,143766,"South Asia","India",2.00858995252484,37397.8125000001,1.08175564163321,"Extremely Low","Rare good event - unusually low cases to date",-1.30663015305394,"Extremely Low",0.137388144551837,"Rare good event - unusually low cases to date","India"
"IND",6,9,1.92469293145731,19743.0625,1.98835385660018,57140.875,19743.0625,57140.875,0.439456977044145,0.15039639134539,2026,2026-09-01,NA,"SEARO",4,"2026/2027","Unobserved",2918,12566,143766,619112,NA,143766,"South Asia","India",1.98835385660018,57140.875,0.500790049425814,"Extremely Low","Rare good event - unusually low cases to date",-1.33805799239928,"Extremely Low",0.137388144551837,"Rare good event - unusually low cases to date","India"
"IND",7,10,1.94474568377791,25690.5,1.99172651828654,82831.3749999999,25690.5,82831.375,0.636109511805815,0.19665253476167,2026,2026-10-01,NA,"SEARO",4,"2026/2027","Unobserved",2918,12566,143766,619112,NA,143766,"South Asia","India",1.99172651828654,82831.3749999999,0.242249285100993,"Extremely Low","Rare good event - unusually low cases to date",-1.36155200330275,"Extremely Low",0.137388144551837,"Rare good event - unusually low cases to date","India"
"IND",8,11,1.98702461794394,17910.0625,1.9990342656323,100741.4375,17910.0625,100741.4375,0.774342769067599,0.138233257261784,2026,2026-11-01,NA,"SEARO",4,"2026/2027","Unobserved",2918,12566,143766,619112,NA,143766,"South Asia","India",1.9990342656323,100741.4375,0.16205199684863,"Extremely Low","Rare good event - unusually low cases to date",-1.37290531573418,"Extremely Low",0.137388144551837,"Rare good event - unusually low cases to date","India"
"IND",9,12,1.93093262040229,9356.74999999999,1.99585373687423,110098.1875,9356.75,110098.1875,0.845608460947285,0.0712656918796861,2026,2026-12-01,NA,"SEARO",4,"2026/2027","Unobserved",2918,12566,143766,619112,NA,143766,"South Asia","India",1.99585373687423,110098.1875,0.137388144551837,"Extremely Low","Rare good event - unusually low cases to date",-1.37529151124411,"Extremely Low",0.137388144551837,"Rare good event - unusually low cases to date","India"
"JAM",9,1,0.346994960529307,217.625,0.763229340892673,1727,217.625,1727,0.825144695165349,0.0860067162539063,2025,2025-01-01,46,"PAHO",5,"2024/2025","Observed",46,46,165,814,NA,165,"Caribbean","Jamaica",0.763229340892673,1727,5.57504495992297,"Low","Below average - fewer cases than typical at this point",-0.850172317873094,"Normal",33.5275913503927,"Average - typical case load at this point","Jamaica"
"JAM",10,2,0.478076883586611,154.5,0.798506617311575,1881.5,154.5,1881.5,0.905407567868639,0.0802628727032896,2025,2025-02-01,38,"PAHO",5,"2024/2025","Observed",84,84,165,814,NA,165,"Caribbean","Jamaica",0.798506617311575,1881.5,7.43977389523033,"Low","Below average - fewer cases than typical at this point",-0.853516259125352,"Normal",33.5275913503927,"Average - typical case load at this point","Jamaica"
"JAM",11,3,0.482052338305445,84.25,0.817986481570524,1965.75,84.25,1965.75,0.959127156306029,0.0537195884373905,2025,2025-03-01,37,"PAHO",5,"2024/2025","Observed",121,121,165,814,NA,165,"Caribbean","Jamaica",0.817986481570524,1965.75,9.11115215315861,"Low","Below average - fewer cases than typical at this point",-0.848578369936155,"Normal",33.5275913503927,"Average - typical case load at this point","Jamaica"
"JAM",12,4,0.688148854234968,39.5625,0.842163499564417,2005.3125,39.5625,2005.3125,1,0.0408728436939707,2025,2025-04-01,44,"PAHO",5,"2024/2025","Observed",165,165,165,814,NA,165,"Caribbean","Jamaica",0.842163499564417,2005.3125,10.8960491010931,"Low","Below average - fewer cases than typical at this point",-0.842008638218834,"Normal",33.5275913503927,"Average - typical case load at this point","Jamaica"
"JAM",1,5,0.658305444336508,58.75,0.658305444336508,58.75,58.75,58.75,0.0545464910132734,0.0545464910132734,2025,2025-05-01,30,"PAHO",5,"2025/2026","Observed",30,195,536,814,NA,536,"Caribbean","Jamaica",0.658305444336508,58.75,48.1569841527354,"Normal","Average - typical case load at this point",-0.394842646856763,"Normal",33.5275913503927,"Average - typical case load at this point","Jamaica"
"JAM",2,6,0.82981431923391,68.5625,0.81127194040446,127.3125,68.5625,127.3125,0.11174994179034,0.0572034507770667,2025,2025-06-01,65,"PAHO",5,"2025/2026","Observed",95,260,536,814,NA,536,"Caribbean","Jamaica",0.81127194040446,127.3125,55.3762097552252,"Normal","Average - typical case load at this point",-0.227878528828782,"Normal",33.5275913503927,"Average - typical case load at this point","Jamaica"
"JAM",3,7,0.654191788778336,106.5625,0.80233342696775,233.875,106.5625,233.875,0.186321838070943,0.074571896280603,2025,2025-07-01,48,"PAHO",5,"2025/2026","Observed",143,308,536,814,NA,536,"Caribbean","Jamaica",0.80233342696775,233.875,49.3553268638333,"Normal","Average - typical case load at this point",-0.347451662724358,"Normal",33.5275913503927,"Average - typical case load at this point","Jamaica"
"JAM",4,8,0.38209510397493,85.5625,0.848574544464044,319.4375,85.5625,319.4375,0.232571406585718,0.0462495685147752,2025,2025-08-01,17,"PAHO",5,"2025/2026","Observed",160,325,536,814,NA,536,"Caribbean","Jamaica",0.848574544464044,319.4375,42.5718680744713,"Normal","Average - typical case load at this point",-0.459169992280828,"Normal",33.5275913503927,"Average - typical case load at this point","Jamaica"
"JAM",5,9,0.40758495682435,265.8125,0.734252388112474,585.25,265.8125,585.25,0.338987566413535,0.106416159827816,2025,2025-09-01,54,"PAHO",5,"2025/2026","Observed",214,379,536,814,NA,536,"Caribbean","Jamaica",0.734252388112474,585.25,37.3196372462893,"Normal","Average - typical case load at this point",-0.543219638860902,"Normal",33.5275913503927,"Average - typical case load at this point","Jamaica"
"JAM",6,10,0.402460502697907,250,0.665164099841648,835.249999999999,250,835.25,0.438814464391257,0.0998268979777225,2025,2025-10-01,33,"PAHO",5,"2025/2026","Observed",247,412,536,814,NA,536,"Caribbean","Jamaica",0.665164099841648,835.249999999999,34.8503121196801,"Normal","Average - typical case load at this point",-0.574165366705423,"Normal",33.5275913503927,"Average - typical case load at this point","Jamaica"
"JAM",7,11,0.387408631159233,355.75,0.614632210540501,1191,355.75,1191,0.558764854367828,0.11995038997657,2025,2025-11-01,117,"PAHO",5,"2025/2026","Observed",364,529,536,814,NA,536,"Caribbean","Jamaica",0.614632210540501,1191,37.3085867464655,"Normal","Average - typical case load at this point",-0.544238640665598,"Normal",33.5275913503927,"Average - typical case load at this point","Jamaica"
"JAM",8,12,0.691471575407252,318.375,0.690616936856461,1509.375,318.375,1509.375,0.739137978911443,0.180373124543615,2025,2025-12-01,73,"PAHO",5,"2025/2026","Observed",437,602,536,814,NA,536,"Caribbean","Jamaica",0.690616936856461,1509.375,33.5275913503927,"Normal","Average - typical case load at this point",-0.590294596165374,"Normal",33.5275913503927,"Average - typical case load at this point","Jamaica"
"JAM",9,1,0.346994960529307,217.625,0.763229340892673,1727,217.625,1727,0.825144695165349,0.0860067162539063,2026,2026-01-01,44,"PAHO",5,"2025/2026","Observed",481,44,536,99,NA,536,"Caribbean","Jamaica",0.763229340892673,1727,30.4310090983487,"Normal","Average - typical case load at this point",-0.630169368274762,"Extremely Low",0.493748909915063,"Rare good event - unusually low cases to date","Jamaica"
"JAM",10,2,0.478076883586611,154.5,0.798506617311575,1881.5,154.5,1881.5,0.905407567868639,0.0802628727032896,2026,2026-02-01,18,"PAHO",5,"2025/2026","Observed",499,62,536,99,NA,536,"Caribbean","Jamaica",0.798506617311575,1881.5,28.3969609706166,"Normal","Average - typical case load at this point",-0.656459654097802,"Extremely Low",0.493748909915063,"Rare good event - unusually low cases to date","Jamaica"
"JAM",11,3,0.482052338305445,84.25,0.817986481570524,1965.75,84.25,1965.75,0.959127156306029,0.0537195884373905,2026,2026-03-01,16,"PAHO",5,"2025/2026","Observed",515,78,536,99,NA,536,"Caribbean","Jamaica",0.817986481570524,1965.75,27.5973579050915,"Normal","Average - typical case load at this point",-0.667339785979064,"Extremely Low",0.493748909915063,"Rare good event - unusually low cases to date","Jamaica"
"JAM",12,4,0.688148854234968,39.5625,0.842163499564417,2005.3125,39.5625,2005.3125,1,0.0408728436939707,2026,2026-04-01,21,"PAHO",5,"2025/2026","Observed",536,99,536,99,NA,536,"Caribbean","Jamaica",0.842163499564417,2005.3125,27.3350570977022,"Normal","Average - typical case load at this point",-0.672262899503705,"Extremely Low",0.493748909915063,"Rare good event - unusually low cases to date","Jamaica"
"JAM",1,5,0.658305444336508,58.75,0.658305444336508,58.75,58.75,58.75,0.0545464910132734,0.0545464910132734,2026,2026-05-01,NA,NA,5,"2026/2027","Unobserved",0,99,NA,99,NA,NA,"Caribbean","Jamaica",0.658305444336508,58.75,5.16103202211758,"Low","Below average - fewer cases than typical at this point",-0.806852365315993,"Extremely Low",0.493748909915063,"Rare good event - unusually low cases to date","Jamaica"
"JAM",2,6,0.82981431923391,68.5625,0.81127194040446,127.3125,68.5625,127.3125,0.11174994179034,0.0572034507770667,2026,2026-06-01,NA,NA,5,"2026/2027","Unobserved",0,99,NA,99,NA,NA,"Caribbean","Jamaica",0.81127194040446,127.3125,1.64607054908294,"Extremely Low","Rare good event - unusually low cases to date",-0.897850219002373,"Extremely Low",0.493748909915063,"Rare good event - unusually low cases to date","Jamaica"
"JAM",3,7,0.654191788778336,106.5625,0.80233342696775,233.875,106.5625,233.875,0.186321838070943,0.074571896280603,2026,2026-07-01,NA,NA,5,"2026/2027","Unobserved",0,99,NA,99,NA,NA,"Caribbean","Jamaica",0.80233342696775,233.875,1.05039462552025,"Extremely Low","Rare good event - unusually low cases to date",-0.89419815812555,"Extremely Low",0.493748909915063,"Rare good event - unusually low cases to date","Jamaica"
"JAM",4,8,0.38209510397493,85.5625,0.848574544464044,319.4375,85.5625,319.4375,0.232571406585718,0.0462495685147752,2026,2026-08-01,NA,NA,5,"2026/2027","Unobserved",0,99,NA,99,NA,NA,"Caribbean","Jamaica",0.848574544464044,319.4375,0.650657340642741,"Extremely Low","Rare good event - unusually low cases to date",-0.91995994925414,"Extremely Low",0.493748909915063,"Rare good event - unusually low cases to date","Jamaica"
"JAM",5,9,0.40758495682435,265.8125,0.734252388112474,585.25,265.8125,585.25,0.338987566413535,0.106416159827816,2026,2026-09-01,NA,NA,5,"2026/2027","Unobserved",0,99,NA,99,NA,NA,"Caribbean","Jamaica",0.734252388112474,585.25,0.739894460287171,"Extremely Low","Rare good event - unusually low cases to date",-0.856348265705975,"Extremely Low",0.493748909915063,"Rare good event - unusually low cases to date","Jamaica"
"JAM",6,10,0.402460502697907,250,0.665164099841648,835.249999999999,250,835.25,0.438814464391257,0.0998268979777225,2026,2026-10-01,NA,NA,5,"2026/2027","Unobserved",0,99,NA,99,NA,NA,"Caribbean","Jamaica",0.665164099841648,835.249999999999,0.867962983172168,"Extremely Low","Rare good event - unusually low cases to date",-0.815251377034772,"Extremely Low",0.493748909915063,"Rare good event - unusually low cases to date","Jamaica"
"JAM",7,11,0.387408631159233,355.75,0.614632210540501,1191,355.75,1191,0.558764854367828,0.11995038997657,2026,2026-11-01,NA,NA,5,"2026/2027","Unobserved",0,99,NA,99,NA,NA,"Caribbean","Jamaica",0.614632210540501,1191,0.95363899421101,"Extremely Low","Rare good event - unusually low cases to date",-0.783782613098823,"Extremely Low",0.493748909915063,"Rare good event - unusually low cases to date","Jamaica"
"JAM",8,12,0.691471575407252,318.375,0.690616936856461,1509.375,318.375,1509.375,0.739137978911443,0.180373124543615,2026,2026-12-01,NA,NA,5,"2026/2027","Unobserved",0,99,NA,99,NA,NA,"Caribbean","Jamaica",0.690616936856461,1509.375,0.493748909915063,"Extremely Low","Rare good event - unusually low cases to date",-0.830843600500861,"Extremely Low",0.493748909915063,"Rare good event - unusually low cases to date","Jamaica"
"KEN",11,1,0.283975446569764,203.833333333334,0.889177257894066,1371.66666666666,203.833333333333,1371.66666666667,0.886636121304807,0.137590413982102,2025,2025-01-01,855,"WHO",3,"2024/2025","Observed",855,855,1528,9005,NA,1528,"Sub-Saharan Africa","Kenya",0.889177257894066,1371.66666666666,48.2313481717367,"Normal","Average - typical case load at this point",-0.355071089410732,"Extremely High",98.6840668172009,"Rare bad event - unusually high cases to date","Kenya"
"KEN",12,2,0.33710828320215,163.833333333333,0.905919683929719,1535.5,163.833333333333,1535.5,1,0.113363878695193,2025,2025-02-01,673,"WHO",3,"2024/2025","Observed",1528,1528,1528,9005,NA,1528,"Sub-Saharan Africa","Kenya",0.905919683929719,1535.5,63.6972579506311,"Normal","Average - typical case load at this point",-0.00464759435117159,"Extremely High",98.6840668172009,"Rare bad event - unusually high cases to date","Kenya"
"KEN",1,3,0.302574900768946,11.8333333333333,0.302574900768946,11.8333333333333,11.8333333333333,11.8333333333333,0.0188339513083072,0.0188339513083072,2025,2025-03-01,29,"Estimates",3,"2025/2026","Unobserved",29,1557,7443,9005,28.7782775990935,7757,"Sub-Saharan Africa","Kenya",0.302574900768946,11.8333333333333,87.5551043101297,"High","Above average - more cases than typical at this point",0.787975533598254,"Extremely High",98.6840668172009,"Rare bad event - unusually high cases to date","Kenya"
"KEN",2,4,NA,NA,NA,NA,10,21.8333333333333,0.0354202864489049,0.0165863351405976,2025,2025-04-01,64,"WHO",3,"2025/2026","Observed",93,1621,7443,9005,NA,7757,"Sub-Saharan Africa","Kenya",NA,NA,NA,"Unknown","Cannot determine",NA,"Extremely High",98.6840668172009,"Rare bad event - unusually high cases to date","Kenya"
"KEN",3,5,0.253873791084432,35.3333333333333,0.52762574125256,57.1666666666667,35.3333333333333,57.1666666666667,0.0594711961009668,0.0240509096520619,2025,2025-05-01,816,"WHO",3,"2025/2026","Observed",909,2437,7443,9005,NA,7757,"Sub-Saharan Africa","Kenya",0.52762574125256,57.1666666666667,99.9951360709095,"Extremely High","Rare bad event - unusually high cases to date",10.7740691284482,"Extremely High",98.6840668172009,"Rare bad event - unusually high cases to date","Kenya"
"KEN",4,6,1.05055701342053,185.166666666667,1.40659529332906,242.333333333333,185.166666666667,242.333333333333,0.245711087999323,0.186239891898356,2025,2025-06-01,285,"Estimates",3,"2025/2026","Unobserved",1194,2722,7443,9005,284.574554820688,7757,"Sub-Saharan Africa","Kenya",1.40659529332906,242.333333333333,99.7414485549653,"Extremely High","Rare bad event - unusually high cases to date",4.64407815567303,"Extremely High",98.6840668172009,"Rare bad event - unusually high cases to date","Kenya"
"KEN",5,7,0.488107617426959,104.333333333333,1.70953944219854,346.666666666667,104.333333333333,346.666666666667,0.340067697788997,0.0943566097896739,2025,2025-07-01,1241,"WHO",3,"2025/2026","Observed",2435,3963,7443,9005,NA,7757,"Sub-Saharan Africa","Kenya",1.70953944219854,346.666666666667,99.9957783692243,"Extremely High","Rare bad event - unusually high cases to date",7.85704242698939,"Extremely High",98.6840668172009,"Rare bad event - unusually high cases to date","Kenya"
"KEN",6,8,0.716905166373617,173.833333333333,1.37856625469778,520.500000000001,173.833333333333,520.5,0.45975306139805,0.119685363609053,2025,2025-08-01,740,"WHO",3,"2025/2026","Observed",3175,4703,7443,9005,NA,7757,"Sub-Saharan Africa","Kenya",1.37856625469778,520.500000000001,99.941036197684,"Extremely High","Rare bad event - unusually high cases to date",5.98000372004916,"Extremely High",98.6840668172009,"Rare bad event - unusually high cases to date","Kenya"
"KEN",7,9,0.357578568204209,177.333333333333,1.09338814164101,697.833333333333,177.333333333333,697.833333333333,0.54688511761976,0.0871320562217105,2025,2025-09-01,650,"WHO",3,"2025/2026","Observed",3825,5353,7443,9005,NA,7757,"Sub-Saharan Africa","Kenya",1.09338814164101,697.833333333333,99.6855846476418,"Extremely High","Rare bad event - unusually high cases to date",4.68216301659849,"Extremely High",98.6840668172009,"Rare bad event - unusually high cases to date","Kenya"
"KEN",8,10,0.343966688824922,151,0.954936209073054,848.833333333333,151,848.833333333333,0.612256091103887,0.065370973484127,2025,2025-10-01,932,"WHO",3,"2025/2026","Observed",4757,6285,7443,9005,NA,7757,"Sub-Saharan Africa","Kenya",0.954936209073054,848.833333333333,99.574739171972,"Extremely High","Rare bad event - unusually high cases to date",4.4966975533741,"Extremely High",98.6840668172009,"Rare bad event - unusually high cases to date","Kenya"
"KEN",9,11,0.448118546058244,185.5,0.857376537482003,1034.33333333334,185.5,1034.33333333333,0.694241185971818,0.0819850948679305,2025,2025-11-01,313,"WHO",3,"2025/2026","Observed",5070,6598,7443,9005,NA,7757,"Sub-Saharan Africa","Kenya",0.857376537482003,1034.33333333334,98.9269328543895,"Extremely High","Rare bad event - unusually high cases to date",3.61127566761241,"Extremely High",98.6840668172009,"Rare bad event - unusually high cases to date","Kenya"
"KEN",10,12,0.281793519847279,133.5,0.833468567531114,1167.83333333333,133.5,1167.83333333333,0.749045707322705,0.0548045213508872,2025,2025-12-01,461,"WHO",3,"2025/2026","Observed",5531,7059,7443,9005,NA,7757,"Sub-Saharan Africa","Kenya",0.833468567531114,1167.83333333333,98.6840668172009,"Extremely High","Rare bad event - unusually high cases to date",3.40965649668629,"Extremely High",98.6840668172009,"Rare bad event - unusually high cases to date","Kenya"
"KEN",11,1,0.283975446569764,203.833333333334,0.889177257894066,1371.66666666666,203.833333333333,1371.66666666667,0.886636121304807,0.137590413982102,2026,2026-01-01,1284,"WHO",3,"2025/2026","Observed",6815,1284,7443,137407,NA,7757,"Sub-Saharan Africa","Kenya",0.889177257894066,1371.66666666666,99.0694150754516,"Extremely High","Rare bad event - unusually high cases to date",3.74084573553374,"High",88.6186176290442,"Above average - more cases than typical at this point","Kenya"
"KEN",12,2,0.33710828320215,163.833333333333,0.905919683929719,1535.5,163.833333333333,1535.5,1,0.113363878695193,2026,2026-02-01,942,"WHO",3,"2025/2026","Observed",7757,2226,7443,137407,NA,7757,"Sub-Saharan Africa","Kenya",0.905919683929719,1535.5,99.1753176497176,"Extremely High","Rare bad event - unusually high cases to date",3.85533443410807,"High",88.6186176290442,"Above average - more cases than typical at this point","Kenya"
"KEN",1,3,0.302574900768946,11.8333333333333,0.302574900768946,11.8333333333333,11.8333333333333,11.8333333333333,0.0188339513083072,0.0188339513083072,2026,2026-03-01,1337,"WHO",3,"2026/2027","Observed",1337,3563,74562,137407,NA,74562,"Sub-Saharan Africa","Kenya",0.302574900768946,11.8333333333333,100,"Extremely High","Rare bad event - unusually high cases to date",60.8271210450458,"High",88.6186176290442,"Above average - more cases than typical at this point","Kenya"
"KEN",2,4,NA,NA,NA,NA,10,21.8333333333333,0.0354202864489049,0.0165863351405976,2026,2026-04-01,1304,"WHO",3,"2026/2027","Observed",2641,4867,74562,137407,NA,74562,"Sub-Saharan Africa","Kenya",NA,NA,NA,"Unknown","Cannot determine",NA,"High",88.6186176290442,"Above average - more cases than typical at this point","Kenya"
"KEN",3,5,0.253873791084432,35.3333333333333,0.52762574125256,57.1666666666667,35.3333333333333,57.1666666666667,0.0594711961009668,0.0240509096520619,2026,2026-05-01,NA,NA,3,"2026/2027","Unobserved",2641,4867,74562,137407,NA,74562,"Sub-Saharan Africa","Kenya",0.52762574125256,57.1666666666667,99.9999999996274,"Extremely High","Rare bad event - unusually high cases to date",32.6805700838061,"High",88.6186176290442,"Above average - more cases than typical at this point","Kenya"
"KEN",4,6,1.05055701342053,185.166666666667,1.40659529332906,242.333333333333,185.166666666667,242.333333333333,0.245711087999323,0.186239891898356,2026,2026-06-01,NA,NA,3,"2026/2027","Unobserved",2641,4867,74562,137407,NA,74562,"Sub-Saharan Africa","Kenya",1.40659529332906,242.333333333333,99.9999199298825,"Extremely High","Rare bad event - unusually high cases to date",11.705354258572,"High",88.6186176290442,"Above average - more cases than typical at this point","Kenya"
"KEN",5,7,0.488107617426959,104.333333333333,1.70953944219854,346.666666666667,104.333333333333,346.666666666667,0.340067697788997,0.0943566097896739,2026,2026-07-01,NA,NA,3,"2026/2027","Unobserved",2641,4867,74562,137407,NA,74562,"Sub-Saharan Africa","Kenya",1.70953944219854,346.666666666667,99.9983835140682,"Extremely High","Rare bad event - unusually high cases to date",8.63208667597254,"High",88.6186176290442,"Above average - more cases than typical at this point","Kenya"
"KEN",6,8,0.716905166373617,173.833333333333,1.37856625469778,520.500000000001,173.833333333333,520.5,0.45975306139805,0.119685363609053,2026,2026-08-01,NA,NA,3,"2026/2027","Unobserved",2641,4867,74562,137407,NA,74562,"Sub-Saharan Africa","Kenya",1.37856625469778,520.500000000001,99.7724665954703,"Extremely High","Rare bad event - unusually high cases to date",4.77701935896185,"High",88.6186176290442,"Above average - more cases than typical at this point","Kenya"
"KEN",7,9,0.357578568204209,177.333333333333,1.09338814164101,697.833333333333,177.333333333333,697.833333333333,0.54688511761976,0.0871320562217105,2026,2026-09-01,NA,NA,3,"2026/2027","Unobserved",2641,4867,74562,137407,NA,74562,"Sub-Saharan Africa","Kenya",1.09338814164101,697.833333333333,98.0511124902177,"Extremely High","Rare bad event - unusually high cases to date",2.90941419871672,"High",88.6186176290442,"Above average - more cases than typical at this point","Kenya"
"KEN",8,10,0.343966688824922,151,0.954936209073054,848.833333333333,151,848.833333333333,0.612256091103887,0.065370973484127,2026,2026-10-01,NA,NA,3,"2026/2027","Unobserved",2641,4867,74562,137407,NA,74562,"Sub-Saharan Africa","Kenya",0.954936209073054,848.833333333333,95.3074326243339,"Extremely High","Rare bad event - unusually high cases to date",2.06204907635429,"High",88.6186176290442,"Above average - more cases than typical at this point","Kenya"
"KEN",9,11,0.448118546058244,185.5,0.857376537482003,1034.33333333334,185.5,1034.33333333333,0.694241185971818,0.0819850948679305,2026,2026-11-01,NA,NA,3,"2026/2027","Unobserved",2641,4867,74562,137407,NA,74562,"Sub-Saharan Africa","Kenya",0.857376537482003,1034.33333333334,91.3573028477655,"High","Above average - more cases than typical at this point",1.43770948359559,"High",88.6186176290442,"Above average - more cases than typical at this point","Kenya"
"KEN",10,12,0.281793519847279,133.5,0.833468567531114,1167.83333333333,133.5,1167.83333333333,0.749045707322705,0.0548045213508872,2026,2026-12-01,NA,NA,3,"2026/2027","Unobserved",2641,4867,74562,137407,NA,74562,"Sub-Saharan Africa","Kenya",0.833468567531114,1167.83333333333,88.6186176290442,"High","Above average - more cases than typical at this point",1.15122631782001,"High",88.6186176290442,"Above average - more cases than typical at this point","Kenya"
"KHM",12,1,0.658669304753035,791.875000000001,1.49141059639954,22943,791.875,22943,1,0.0389158613258132,2025,2025-01-01,761,"WHO",2,"2024/2025","Observed",761,761,761,65568,NA,761,"East & Southeast Asia","Cambodia",1.49141059639954,22943,0.831543474023034,"Extremely Low","Rare good event - unusually low cases to date",-1.18068757467702,"Extremely High",96.1150401472244,"Rare bad event - unusually high cases to date","Cambodia"
"KHM",1,2,0.767005771347839,396.4375,0.767005771347839,396.4375,396.4375,396.4375,0.022370383973675,0.022370383973675,2025,2025-02-01,498,"WHO",2,"2025/2026","Observed",498,1259,65000,65568,NA,65000,"East & Southeast Asia","Cambodia",0.767005771347839,396.4375,72.1554081126203,"Normal","Average - typical case load at this point",0.22414974597137,"Extremely High",96.1150401472244,"Rare bad event - unusually high cases to date","Cambodia"
"KHM",2,3,0.732832878651007,513.875,0.715352233405694,910.3125,513.875,910.3125,0.048258016979807,0.0258876330061319,2025,2025-03-01,600,"WHO",2,"2025/2026","Observed",1098,1859,65000,65568,NA,65000,"East & Southeast Asia","Cambodia",0.715352233405694,910.3125,71.1477765325624,"Normal","Average - typical case load at this point",0.174314790308556,"Extremely High",96.1150401472244,"Rare bad event - unusually high cases to date","Cambodia"
"KHM",3,4,1.13003450281431,657.4375,1.14024778749005,1567.75,657.4375,1567.75,0.0770227128620988,0.0287646958822918,2025,2025-04-01,935,"WHO",2,"2025/2026","Observed",2033,2794,65000,65568,NA,65000,"East & Southeast Asia","Cambodia",1.14024778749005,1567.75,72.5701149238952,"Normal","Average - typical case load at this point",0.316775302613224,"Extremely High",96.1150401472244,"Rare bad event - unusually high cases to date","Cambodia"
"KHM",4,5,1.28021947015443,1453.625,1.40240497702034,3021.375,1453.625,3021.375,0.139847760133425,0.0628250472713258,2025,2025-05-01,3233,"WHO",2,"2025/2026","Observed",5266,6027,65000,65568,NA,65000,"East & Southeast Asia","Cambodia",1.40240497702034,3021.375,84.0435673119932,"High","Above average - more cases than typical at this point",0.879579539799769,"Extremely High",96.1150401472244,"Rare bad event - unusually high cases to date","Cambodia"
"KHM",5,6,1.01159822329271,3400.8125,1.23766169273383,6422.18749999999,3400.8125,6422.1875,0.271557303695584,0.131709543562159,2025,2025-06-01,6602,"WHO",2,"2025/2026","Observed",11868,12629,65000,65568,NA,65000,"East & Southeast Asia","Cambodia",1.23766169273383,6422.18749999999,85.277955828202,"High","Above average - more cases than typical at this point",0.943276107619246,"Extremely High",96.1150401472244,"Rare bad event - unusually high cases to date","Cambodia"
"KHM",6,7,1.05820605954759,4697.18749999999,1.22121066048929,11119.375,4697.1875,11119.375,0.454950074675519,0.183392770979935,2025,2025-07-01,14728,"WHO",2,"2025/2026","Observed",26596,27357,65000,65568,NA,65000,"East & Southeast Asia","Cambodia",1.22121066048929,11119.375,92.0510026478301,"High","Above average - more cases than typical at this point",1.53803893173677,"Extremely High",96.1150401472244,"Rare bad event - unusually high cases to date","Cambodia"
"KHM",7,8,1.57695169973995,3647,1.34086446275241,14766.375,3647,14766.375,0.62322636994517,0.168276295269651,2025,2025-08-01,9948,"WHO",2,"2025/2026","Observed",36544,37305,65000,65568,NA,65000,"East & Southeast Asia","Cambodia",1.34086446275241,14766.375,93.3507266975702,"High","Above average - more cases than typical at this point",1.70769121783392,"Extremely High",96.1150401472244,"Rare bad event - unusually high cases to date","Cambodia"
"KHM",8,9,1.51002413364875,2713.125,1.38211935227483,17479.5,2713.125,17479.5,0.744746853775012,0.121520483829843,2025,2025-09-01,7408,"WHO",2,"2025/2026","Observed",43952,44713,65000,65568,NA,65000,"East & Southeast Asia","Cambodia",1.38211935227483,17479.5,93.8538063787102,"High","Above average - more cases than typical at this point",1.78041627719308,"Extremely High",96.1150401472244,"Rare bad event - unusually high cases to date","Cambodia"
"KHM",9,10,1.44019523372387,2190.3125,1.4200299980978,19669.8125,2190.3125,19669.8125,0.843525640357736,0.0987787865827243,2025,2025-10-01,8685,"WHO",2,"2025/2026","Observed",52637,53398,65000,65568,NA,65000,"East & Southeast Asia","Cambodia",1.4200299980978,19669.8125,95.1444806765869,"Extremely High","Rare bad event - unusually high cases to date",1.99716874791911,"Extremely High",96.1150401472244,"Rare bad event - unusually high cases to date","Cambodia"
"KHM",10,11,1.425825163062,1504.8125,1.45305020725597,21174.625,1504.8125,21174.625,0.914508086293203,0.0709824459354669,2025,2025-11-01,6058,"WHO",2,"2025/2026","Observed",58695,59456,65000,65568,NA,65000,"East & Southeast Asia","Cambodia",1.45305020725597,21174.625,95.8367648222817,"Extremely High","Rare bad event - unusually high cases to date",2.13588001569587,"Extremely High",96.1150401472244,"Rare bad event - unusually high cases to date","Cambodia"
"KHM",11,12,1.27482496552421,976.499999999998,1.47289908814809,22151.125,976.5,22151.125,0.961084138674187,0.0465760523809834,2025,2025-12-01,3560,"WHO",2,"2025/2026","Observed",62255,63016,65000,65568,NA,65000,"East & Southeast Asia","Cambodia",1.47289908814809,22151.125,96.1150401472244,"Extremely High","Rare bad event - unusually high cases to date",2.19716467705495,"Extremely High",96.1150401472244,"Rare bad event - unusually high cases to date","Cambodia"
"KHM",12,1,0.658669304753035,791.875000000001,1.49141059639954,22943,791.875,22943,1,0.0389158613258132,2026,2026-01-01,2745,"WHO",2,"2025/2026","Observed",65000,2745,65000,85248,NA,65000,"East & Southeast Asia","Cambodia",1.49141059639954,22943,96.2956577469958,"Extremely High","Rare bad event - unusually high cases to date",2.23857980922332,"Low",8.78099546994182,"Below average - fewer cases than typical at this point","Cambodia"
"KHM",1,2,0.767005771347839,396.4375,0.767005771347839,396.4375,396.4375,396.4375,0.022370383973675,0.022370383973675,2026,2026-02-01,1339,"WHO",2,"2026/2027","Observed",1339,4084,49609,85248,NA,49609,"East & Southeast Asia","Cambodia",0.767005771347839,396.4375,95.329742383338,"Extremely High","Rare bad event - unusually high cases to date",2.08024758091952,"Low",8.78099546994182,"Below average - fewer cases than typical at this point","Cambodia"
"KHM",2,3,0.732832878651007,513.875,0.715352233405694,910.3125,513.875,910.3125,0.048258016979807,0.0258876330061319,2026,2026-03-01,1275,"WHO",2,"2026/2027","Observed",2614,5359,49609,85248,NA,49609,"East & Southeast Asia","Cambodia",0.715352233405694,910.3125,92.5658960006669,"High","Above average - more cases than typical at this point",1.58229998968395,"Low",8.78099546994182,"Below average - fewer cases than typical at this point","Cambodia"
"KHM",3,4,1.13003450281431,657.4375,1.14024778749005,1567.75,657.4375,1567.75,0.0770227128620988,0.0287646958822918,2026,2026-04-01,1207,"WHO",2,"2026/2027","Observed",3821,6566,49609,85248,NA,49609,"East & Southeast Asia","Cambodia",1.14024778749005,1567.75,92.0347457988887,"High","Above average - more cases than typical at this point",1.53417291910424,"Low",8.78099546994182,"Below average - fewer cases than typical at this point","Cambodia"
"KHM",4,5,1.28021947015443,1453.625,1.40240497702034,3021.375,1453.625,3021.375,0.139847760133425,0.0628250472713258,2026,2026-05-01,NA,NA,2,"2026/2027","Unobserved",3821,6566,49609,85248,NA,49609,"East & Southeast Asia","Cambodia",1.40240497702034,3021.375,71.5269228337482,"Normal","Average - typical case load at this point",0.313341332967596,"Low",8.78099546994182,"Below average - fewer cases than typical at this point","Cambodia"
"KHM",5,6,1.01159822329271,3400.8125,1.23766169273383,6422.18749999999,3400.8125,6422.1875,0.271557303695584,0.131709543562159,2026,2026-06-01,NA,NA,2,"2026/2027","Unobserved",3821,6566,49609,85248,NA,49609,"East & Southeast Asia","Cambodia",1.23766169273383,6422.18749999999,41.3602927112589,"Normal","Average - typical case load at this point",-0.45055499435352,"Low",8.78099546994182,"Below average - fewer cases than typical at this point","Cambodia"
"KHM",6,7,1.05820605954759,4697.18749999999,1.22121066048929,11119.375,4697.1875,11119.375,0.454950074675519,0.183392770979935,2026,2026-07-01,NA,NA,2,"2026/2027","Unobserved",3821,6566,49609,85248,NA,49609,"East & Southeast Asia","Cambodia",1.22121066048929,11119.375,24.8398144050513,"Low","Below average - fewer cases than typical at this point",-0.72529927477175,"Low",8.78099546994182,"Below average - fewer cases than typical at this point","Cambodia"
"KHM",7,8,1.57695169973995,3647,1.34086446275241,14766.375,3647,14766.375,0.62322636994517,0.168276295269651,2026,2026-08-01,NA,NA,2,"2026/2027","Unobserved",3821,6566,49609,85248,NA,49609,"East & Southeast Asia","Cambodia",1.34086446275241,14766.375,16.6542501577876,"Low","Below average - fewer cases than typical at this point",-0.858280954116848,"Low",8.78099546994182,"Below average - fewer cases than typical at this point","Cambodia"
"KHM",8,9,1.51002413364875,2713.125,1.38211935227483,17479.5,2713.125,17479.5,0.744746853775012,0.121520483829843,2026,2026-09-01,NA,NA,2,"2026/2027","Unobserved",3821,6566,49609,85248,NA,49609,"East & Southeast Asia","Cambodia",1.38211935227483,17479.5,13.1180346001406,"Low","Below average - fewer cases than typical at this point",-0.918606694571414,"Low",8.78099546994182,"Below average - fewer cases than typical at this point","Cambodia"
"KHM",9,10,1.44019523372387,2190.3125,1.4200299980978,19669.8125,2190.3125,19669.8125,0.843525640357736,0.0987787865827243,2026,2026-10-01,NA,NA,2,"2026/2027","Unobserved",3821,6566,49609,85248,NA,49609,"East & Southeast Asia","Cambodia",1.4200299980978,19669.8125,10.8860985627536,"Low","Below average - fewer cases than typical at this point",-0.960129007566382,"Low",8.78099546994182,"Below average - fewer cases than typical at this point","Cambodia"
"KHM",10,11,1.425825163062,1504.8125,1.45305020725597,21174.625,1504.8125,21174.625,0.914508086293203,0.0709824459354669,2026,2026-11-01,NA,NA,2,"2026/2027","Unobserved",3821,6566,49609,85248,NA,49609,"East & Southeast Asia","Cambodia",1.45305020725597,21174.625,9.5385565609041,"Low","Below average - fewer cases than typical at this point",-0.987870212847822,"Low",8.78099546994182,"Below average - fewer cases than typical at this point","Cambodia"
"KHM",11,12,1.27482496552421,976.499999999998,1.47289908814809,22151.125,976.5,22151.125,0.961084138674187,0.0465760523809834,2026,2026-12-01,NA,NA,2,"2026/2027","Unobserved",3821,6566,49609,85248,NA,49609,"East & Southeast Asia","Cambodia",1.47289908814809,22151.125,8.78099546994182,"Low","Below average - fewer cases than typical at this point",-1.00424966854206,"Low",8.78099546994182,"Below average - fewer cases than typical at this point","Cambodia"
"KIR",10,1,0.231532101819154,70,0.852742669424771,451.125,70,451.125,0.764660261518736,0.199864116630927,2025,2025-01-01,0,"WHO",4,"2024/2025","Observed",0,0,5,2500,NA,5,"Pacific Islands","Kiribati",0.852742669424771,451.125,0.475197286763225,"Extremely Low","Rare good event - unusually low cases to date",-0.922569133931001,"High",93.6442202191371,"Above average - more cases than typical at this point","Kiribati"
"KIR",11,2,0.171949659992417,48,1.00486916861704,499.125,48,499.125,0.875002528511728,0.110342266992991,2025,2025-02-01,0,"WHO",4,"2024/2025","Observed",0,0,5,2500,NA,5,"Pacific Islands","Kiribati",1.00486916861704,499.125,0.194937194363241,"Extremely Low","Rare good event - unusually low cases to date",-1.00142407047993,"High",93.6442202191371,"Above average - more cases than typical at this point","Kiribati"
"KIR",12,3,0.251400309805775,49,1.09648487250093,548.125,49,548.125,1,0.124997471488272,2025,2025-03-01,5,"WHO",4,"2024/2025","Observed",5,5,5,2500,NA,5,"Pacific Islands","Kiribati",1.09648487250093,548.125,0.750662092699781,"Extremely Low","Rare good event - unusually low cases to date",-1.03654354547264,"High",93.6442202191371,"Above average - more cases than typical at this point","Kiribati"
"KIR",1,4,0.363846506761754,11.125,0.363846506761754,11.125,11.125,11.125,0.016513984468929,0.016513984468929,2025,2025-04-01,21,"WHO",4,"2025/2026","Observed",21,26,1412,2500,NA,1412,"Pacific Islands","Kiribati",0.363846506761754,11.125,83.4009142650752,"High","Above average - more cases than typical at this point",0.526875477667598,"High",93.6442202191371,"Above average - more cases than typical at this point","Kiribati"
"KIR",2,5,0.333019488469882,43.125,0.329952773914913,54.25,43.125,54.25,0.159560787137511,0.143046802668582,2025,2025-05-01,95,"WHO",4,"2025/2026","Observed",116,121,1412,2500,NA,1412,"Pacific Islands","Kiribati",0.329952773914913,54.25,85.3540164703782,"High","Above average - more cases than typical at this point",0.651848101233648,"High",93.6442202191371,"Above average - more cases than typical at this point","Kiribati"
"KIR",3,6,0.179841074985171,68.375,0.268685782969812,122.625,68.375,122.625,0.231662813485541,0.0721020263480295,2025,2025-06-01,380,"WHO",4,"2025/2026","Observed",496,501,1412,2500,NA,1412,"Pacific Islands","Kiribati",0.268685782969812,122.625,93.4896096967841,"High","Above average - more cases than typical at this point",1.57657009402107,"High",93.6442202191371,"Above average - more cases than typical at this point","Kiribati"
"KIR",4,7,0.184801623535672,74.6249999999999,0.235338556754427,197.25,74.625,197.25,0.294846432362849,0.0631836188773081,2025,2025-07-01,494,"WHO",4,"2025/2026","Observed",990,995,1412,2500,NA,1412,"Pacific Islands","Kiribati",0.235338556754427,197.25,95.1542575354917,"Extremely High","Rare bad event - unusually high cases to date",1.9485289301055,"High",93.6442202191371,"Above average - more cases than typical at this point","Kiribati"
"KIR",5,8,NA,NA,0.226890527781926,234.25,37,234.25,0.332190399075794,0.0373439667129452,2025,2025-08-01,163,"WHO",4,"2025/2026","Observed",1153,1158,1412,2500,NA,1412,"Pacific Islands","Kiribati",0.226890527781926,234.25,94.9051248279429,"High","Above average - more cases than typical at this point",1.8673069426198,"High",93.6442202191371,"Above average - more cases than typical at this point","Kiribati"
"KIR",6,9,NA,NA,0.218573038503296,273.875,39.625,273.875,0.368444086591966,0.0362536875161719,2025,2025-09-01,198,"WHO",4,"2025/2026","Observed",1351,1356,1412,2500,NA,1412,"Pacific Islands","Kiribati",0.218573038503296,273.875,94.8386406010583,"High","Above average - more cases than typical at this point",1.83797152760909,"High",93.6442202191371,"Above average - more cases than typical at this point","Kiribati"
"KIR",7,10,NA,NA,0.216729042769518,294.5,20.625,294.5,0.397396410162262,0.0289523235702961,2025,2025-10-01,40,"WHO",4,"2025/2026","Observed",1391,1396,1412,2500,NA,1412,"Pacific Islands","Kiribati",0.216729042769518,294.5,94.4547819996716,"High","Above average - more cases than typical at this point",1.73269510563794,"High",93.6442202191371,"Above average - more cases than typical at this point","Kiribati"
"KIR",8,11,0.194663453044975,32.125,0.310917156102475,326.625,32.125,326.625,0.450591033629778,0.0531946234675157,2025,2025-11-01,12,"WHO",4,"2025/2026","Observed",1403,1408,1412,2500,NA,1412,"Pacific Islands","Kiribati",0.310917156102475,326.625,94.5001378419017,"High","Above average - more cases than typical at this point",1.83666485950333,"High",93.6442202191371,"Above average - more cases than typical at this point","Kiribati"
"KIR",9,12,0.21444184210792,54.5000000000001,0.397268274941062,381.125,54.5,381.125,0.564796144887809,0.114205111258031,2025,2025-12-01,4,"WHO",4,"2025/2026","Observed",1407,1412,1412,2500,NA,1412,"Pacific Islands","Kiribati",0.397268274941062,381.125,93.6442202191371,"High","Above average - more cases than typical at this point",1.69567541795287,"High",93.6442202191371,"Above average - more cases than typical at this point","Kiribati"
"KIR",10,1,0.231532101819154,70,0.852742669424771,451.125,70,451.125,0.764660261518736,0.199864116630927,2026,2026-01-01,1,"WHO",4,"2025/2026","Observed",1408,1,1412,303,NA,1412,"Pacific Islands","Kiribati",0.852742669424771,451.125,94.7713590094679,"High","Above average - more cases than typical at this point",1.95684863403763,"Low",6.5339046489912,"Below average - fewer cases than typical at this point","Kiribati"
"KIR",11,2,0.171949659992417,48,1.00486916861704,499.125,48,499.125,0.875002528511728,0.110342266992991,2026,2026-02-01,4,"WHO",4,"2025/2026","Observed",1412,5,1412,303,NA,1412,"Pacific Islands","Kiribati",1.00486916861704,499.125,94.1144663820694,"High","Above average - more cases than typical at this point",1.83155521831077,"Low",6.5339046489912,"Below average - fewer cases than typical at this point","Kiribati"
"KIR",12,3,0.251400309805775,49,1.09648487250093,548.125,49,548.125,1,0.124997471488272,2026,2026-03-01,0,"WHO",4,"2025/2026","Observed",1412,5,1412,303,NA,1412,"Pacific Islands","Kiribati",1.09648487250093,548.125,92.9245707795803,"High","Above average - more cases than typical at this point",1.64868870949629,"Low",6.5339046489912,"Below average - fewer cases than typical at this point","Kiribati"
"KIR",1,4,0.363846506761754,11.125,0.363846506761754,11.125,11.125,11.125,0.016513984468929,0.016513984468929,2026,2026-04-01,0,"WHO",4,"2026/2027","Observed",0,5,0,303,NA,0,"Pacific Islands","Kiribati",0.363846506761754,11.125,28.4750011416754,"Normal","Average - typical case load at this point",-0.593568576106535,"Low",6.5339046489912,"Below average - fewer cases than typical at this point","Kiribati"
"KIR",2,5,0.333019488469882,43.125,0.329952773914913,54.25,43.125,54.25,0.159560787137511,0.143046802668582,2026,2026-05-01,NA,NA,4,"2026/2027","Unobserved",0,5,0,303,NA,0,"Pacific Islands","Kiribati",0.329952773914913,54.25,18.5341606147347,"Low","Below average - fewer cases than typical at this point",-0.572676267075715,"Low",6.5339046489912,"Below average - fewer cases than typical at this point","Kiribati"
"KIR",3,6,0.179841074985171,68.375,0.268685782969812,122.625,68.375,122.625,0.231662813485541,0.0721020263480295,2026,2026-06-01,NA,NA,4,"2026/2027","Unobserved",0,5,0,303,NA,0,"Pacific Islands","Kiribati",0.268685782969812,122.625,19.2849835798026,"Low","Below average - fewer cases than typical at this point",-0.517782143366141,"Low",6.5339046489912,"Below average - fewer cases than typical at this point","Kiribati"
"KIR",4,7,0.184801623535672,74.6249999999999,0.235338556754427,197.25,74.625,197.25,0.294846432362849,0.0631836188773081,2026,2026-07-01,NA,NA,4,"2026/2027","Unobserved",0,5,0,303,NA,0,"Pacific Islands","Kiribati",0.235338556754427,197.25,20.5072439128593,"Low","Below average - fewer cases than typical at this point",-0.484827917329941,"Low",6.5339046489912,"Below average - fewer cases than typical at this point","Kiribati"
"KIR",5,8,NA,NA,0.226890527781926,234.25,37,234.25,0.332190399075794,0.0373439667129452,2026,2026-08-01,NA,NA,4,"2026/2027","Unobserved",0,5,0,303,NA,0,"Pacific Islands","Kiribati",0.226890527781926,234.25,20.705588792083,"Low","Below average - fewer cases than typical at this point",-0.476099756526463,"Low",6.5339046489912,"Below average - fewer cases than typical at this point","Kiribati"
"KIR",6,9,NA,NA,0.218573038503296,273.875,39.625,273.875,0.368444086591966,0.0362536875161719,2026,2026-09-01,NA,NA,4,"2026/2027","Unobserved",0,5,0,303,NA,0,"Pacific Islands","Kiribati",0.218573038503296,273.875,21.0278398270247,"Low","Below average - fewer cases than typical at this point",-0.467331509457063,"Low",6.5339046489912,"Below average - fewer cases than typical at this point","Kiribati"
"KIR",7,10,NA,NA,0.216729042769518,294.5,20.625,294.5,0.397396410162262,0.0289523235702961,2026,2026-10-01,NA,NA,4,"2026/2027","Unobserved",0,5,0,303,NA,0,"Pacific Islands","Kiribati",0.216729042769518,294.5,20.9354459121811,"Low","Below average - fewer cases than typical at this point",-0.465370459288987,"Low",6.5339046489912,"Below average - fewer cases than typical at this point","Kiribati"
"KIR",8,11,0.194663453044975,32.125,0.310917156102475,326.625,32.125,326.625,0.450591033629778,0.0531946234675157,2026,2026-11-01,NA,NA,4,"2026/2027","Unobserved",0,5,0,303,NA,0,"Pacific Islands","Kiribati",0.310917156102475,326.625,11.4938349733772,"Low","Below average - fewer cases than typical at this point",-0.557334255938011,"Low",6.5339046489912,"Below average - fewer cases than typical at this point","Kiribati"
"KIR",9,12,0.21444184210792,54.5000000000001,0.397268274941062,381.125,54.5,381.125,0.564796144887809,0.114205111258031,2026,2026-12-01,NA,NA,4,"2026/2027","Unobserved",0,5,0,303,NA,0,"Pacific Islands","Kiribati",0.397268274941062,381.125,6.5339046489912,"Low","Below average - fewer cases than typical at this point",-0.629963975793626,"Low",6.5339046489912,"Below average - fewer cases than typical at this point","Kiribati"
"KNA",10,1,0.337622312075385,24.5,2.14950969470086,137.5,24.5,137.5,0.960613961748788,0.110682170142429,2025,2025-01-01,0,"WHO",4,"2024/2025","Observed",0,0,4,13,NA,4,"Caribbean","Saint Kitts And Nevis",2.14950969470086,137.5,0.0126935693854105,"Extremely Low","Rare good event - unusually low cases to date",-1.45479347856405,"Extremely Low",0.238178298820903,"Rare good event - unusually low cases to date","Saint Kitts And Nevis"
"KNA",11,2,1.17761439544517,5.16666666666667,2.10855677727932,142.666666666667,5.16666666666667,142.666666666667,0.991473057797343,0.0308590960485542,2025,2025-02-01,4,"PAHO",4,"2024/2025","Observed",4,4,4,13,NA,4,"Caribbean","Saint Kitts And Nevis",2.10855677727932,142.666666666667,0.213920050548082,"Extremely Low","Rare good event - unusually low cases to date",-1.40105874986401,"Extremely Low",0.238178298820903,"Rare good event - unusually low cases to date","Saint Kitts And Nevis"
"KNA",12,3,0.147516922522646,2.5,2.04292842180951,145.166666666667,2.5,145.166666666667,1,0.00852694220265754,2025,2025-03-01,0,"WHO",4,"2024/2025","Observed",4,4,4,13,NA,4,"Caribbean","Saint Kitts And Nevis",2.04292842180951,145.166666666667,0.241190479664954,"Extremely Low","Rare good event - unusually low cases to date",-1.38024830923679,"Extremely Low",0.238178298820903,"Rare good event - unusually low cases to date","Saint Kitts And Nevis"
"KNA",1,4,2.96198731504469,1.66666666666667,2.96198731504469,1.66666666666667,1.66666666666667,1.66666666666667,0.0170233764811229,0.0170233764811229,2025,2025-04-01,0,"WHO",4,"2025/2026","Observed",0,4,20,13,NA,20,"Caribbean","Saint Kitts And Nevis",2.96198731504469,1.66666666666667,26.6535469804602,"Normal","Average - typical case load at this point",-1.03273432984676,"Extremely Low",0.238178298820903,"Rare good event - unusually low cases to date","Saint Kitts And Nevis"
"KNA",2,5,0.531478703055805,6.66666666666667,0.502435359051334,8.33333333333334,6.66666666666667,8.33333333333333,0.0849146912002327,0.0678913147191098,2025,2025-05-01,0,"WHO",4,"2025/2026","Observed",0,4,20,13,NA,20,"Caribbean","Saint Kitts And Nevis",0.502435359051334,8.33333333333334,23.6802076776088,"Low","Below average - fewer cases than typical at this point",-0.688378512656307,"Extremely Low",0.238178298820903,"Rare good event - unusually low cases to date","Saint Kitts And Nevis"
"KNA",3,6,1.66592602956819,16.5,1.48982135948266,24.8333333333333,16.5,24.8333333333333,0.28918557038214,0.204270879181907,2025,2025-06-01,0,"WHO",4,"2025/2026","Observed",0,4,20,13,NA,20,"Caribbean","Saint Kitts And Nevis",1.48982135948266,24.8333333333333,1.38640216911712,"Extremely Low","Rare good event - unusually low cases to date",-1.18553843752746,"Extremely Low",0.238178298820903,"Rare good event - unusually low cases to date","Saint Kitts And Nevis"
"KNA",4,7,2.49110032662763,2.33333333333333,1.48175762738633,27.1666666666667,2.33333333333333,27.1666666666667,0.314000850595808,0.0248152802136677,2025,2025-07-01,0,"WHO",4,"2025/2026","Observed",0,4,20,13,NA,20,"Caribbean","Saint Kitts And Nevis",1.48175762738633,27.1666666666667,1.241595817277,"Extremely Low","Rare good event - unusually low cases to date",-1.18537671712044,"Extremely Low",0.238178298820903,"Rare good event - unusually low cases to date","Saint Kitts And Nevis"
"KNA",5,8,2.5622018464792,2.66666666666667,NA,NA,2.66666666666667,29.8333333333333,0.344192474895497,0.0301916242996892,2025,2025-08-01,0,"WHO",4,"2025/2026","Observed",0,4,20,13,NA,20,"Caribbean","Saint Kitts And Nevis",NA,NA,NA,"Unknown","Cannot determine",NA,"Extremely Low",0.238178298820903,"Rare good event - unusually low cases to date","Saint Kitts And Nevis"
"KNA",6,9,1.57896148111805,7.16666666666667,NA,NA,7.16666666666667,37,0.421558759354827,0.0773662844593299,2025,2025-09-01,3,"PAHO",4,"2025/2026","Observed",3,7,20,13,NA,20,"Caribbean","Saint Kitts And Nevis",NA,NA,NA,"Unknown","Cannot determine",NA,"Extremely Low",0.238178298820903,"Rare good event - unusually low cases to date","Saint Kitts And Nevis"
"KNA",7,10,6.90099786106798,17,7.55048739303175,54,17,54,0.572432683856624,0.150873924501798,2025,2025-10-01,2,"PAHO",4,"2025/2026","Observed",5,9,20,13,NA,20,"Caribbean","Saint Kitts And Nevis",7.55048739303175,54,0.00774243455975134,"Extremely Low","Rare good event - unusually low cases to date",-2.33545199783092,"Extremely Low",0.238178298820903,"Rare good event - unusually low cases to date","Saint Kitts And Nevis"
"KNA",8,11,0.599818748389156,36.8333333333334,4.37485137022863,90.8333333333333,36.8333333333333,90.8333333333333,0.740381937297947,0.167949253441322,2025,2025-11-01,0,"WHO",4,"2025/2026","Observed",5,9,20,13,NA,20,"Caribbean","Saint Kitts And Nevis",4.37485137022863,90.8333333333333,0.0192099751775834,"Extremely Low","Rare good event - unusually low cases to date",-1.9305358099744,"Extremely Low",0.238178298820903,"Rare good event - unusually low cases to date","Saint Kitts And Nevis"
"KNA",9,12,0.511513784165169,22.1666666666667,2.83410228447822,113,22.1666666666667,113,0.84993179160636,0.109549854308413,2025,2025-12-01,2,"PAHO",4,"2025/2026","Observed",7,11,20,13,NA,20,"Caribbean","Saint Kitts And Nevis",2.83410228447822,113,0.238178298820903,"Extremely Low","Rare good event - unusually low cases to date",-1.55975427628,"Extremely Low",0.238178298820903,"Rare good event - unusually low cases to date","Saint Kitts And Nevis"
"KNA",10,1,0.337622312075385,24.5,2.14950969470086,137.5,24.5,137.5,0.960613961748788,0.110682170142429,2026,2026-01-01,2,"PAHO",4,"2025/2026","Observed",9,2,20,999,NA,20,"Caribbean","Saint Kitts And Nevis",2.14950969470086,137.5,0.794500519689015,"Extremely Low","Rare good event - unusually low cases to date",-1.3595706326944,"Extremely Low",0.0775981664385735,"Rare good event - unusually low cases to date","Saint Kitts And Nevis"
"KNA",11,2,1.17761439544517,5.16666666666667,2.10855677727932,142.666666666667,5.16666666666667,142.666666666667,0.991473057797343,0.0308590960485542,2026,2026-02-01,3,"PAHO",4,"2025/2026","Observed",12,5,20,999,NA,20,"Caribbean","Saint Kitts And Nevis",2.10855677727932,142.666666666667,1.30792969601049,"Extremely Low","Rare good event - unusually low cases to date",-1.32022843737186,"Extremely Low",0.0775981664385735,"Rare good event - unusually low cases to date","Saint Kitts And Nevis"
"KNA",12,3,0.147516922522646,2.5,2.04292842180951,145.166666666667,2.5,145.166666666667,1,0.00852694220265754,2026,2026-03-01,8,"PAHO",4,"2025/2026","Observed",20,13,20,999,NA,20,"Caribbean","Saint Kitts And Nevis",2.04292842180951,145.166666666667,3.37902208346596,"Extremely Low","Rare good event - unusually low cases to date",-1.22380930370346,"Extremely Low",0.0775981664385735,"Rare good event - unusually low cases to date","Saint Kitts And Nevis"
"KNA",1,4,2.96198731504469,1.66666666666667,2.96198731504469,1.66666666666667,1.66666666666667,1.66666666666667,0.0170233764811229,0.0170233764811229,2026,2026-04-01,4,"WHO",4,"2026/2027","Observed",4,17,235,999,NA,235,"Caribbean","Saint Kitts And Nevis",2.96198731504469,1.66666666666667,93.9156098543646,"High","Above average - more cases than typical at this point",1.44582806178547,"Extremely Low",0.0775981664385735,"Rare good event - unusually low cases to date","Saint Kitts And Nevis"
"KNA",2,5,0.531478703055805,6.66666666666667,0.502435359051334,8.33333333333334,6.66666666666667,8.33333333333333,0.0849146912002327,0.0678913147191098,2026,2026-05-01,NA,NA,4,"2026/2027","Unobserved",4,17,235,999,NA,235,"Caribbean","Saint Kitts And Nevis",0.502435359051334,8.33333333333334,54.2713506690002,"Normal","Average - typical case load at this point",-0.35795682658128,"Extremely Low",0.0775981664385735,"Rare good event - unusually low cases to date","Saint Kitts And Nevis"
"KNA",3,6,1.66592602956819,16.5,1.48982135948266,24.8333333333333,16.5,24.8333333333333,0.28918557038214,0.204270879181907,2026,2026-06-01,NA,NA,4,"2026/2027","Unobserved",4,17,235,999,NA,235,"Caribbean","Saint Kitts And Nevis",1.48982135948266,24.8333333333333,10.7945332711689,"Low","Below average - fewer cases than typical at this point",-0.99457922611364,"Extremely Low",0.0775981664385735,"Rare good event - unusually low cases to date","Saint Kitts And Nevis"
"KNA",4,7,2.49110032662763,2.33333333333333,1.48175762738633,27.1666666666667,2.33333333333333,27.1666666666667,0.314000850595808,0.0248152802136677,2026,2026-07-01,NA,NA,4,"2026/2027","Unobserved",4,17,235,999,NA,235,"Caribbean","Saint Kitts And Nevis",1.48175762738633,27.1666666666667,9.69878487465879,"Low","Below average - fewer cases than typical at this point",-1.0108427219616,"Extremely Low",0.0775981664385735,"Rare good event - unusually low cases to date","Saint Kitts And Nevis"
"KNA",5,8,2.5622018464792,2.66666666666667,NA,NA,2.66666666666667,29.8333333333333,0.344192474895497,0.0301916242996892,2026,2026-08-01,NA,NA,4,"2026/2027","Unobserved",4,17,235,999,NA,235,"Caribbean","Saint Kitts And Nevis",NA,NA,NA,"Unknown","Cannot determine",NA,"Extremely Low",0.0775981664385735,"Rare good event - unusually low cases to date","Saint Kitts And Nevis"
"KNA",6,9,1.57896148111805,7.16666666666667,NA,NA,7.16666666666667,37,0.421558759354827,0.0773662844593299,2026,2026-09-01,NA,NA,4,"2026/2027","Unobserved",4,17,235,999,NA,235,"Caribbean","Saint Kitts And Nevis",NA,NA,NA,"Unknown","Cannot determine",NA,"Extremely Low",0.0775981664385735,"Rare good event - unusually low cases to date","Saint Kitts And Nevis"
"KNA",7,10,6.90099786106798,17,7.55048739303175,54,17,54,0.572432683856624,0.150873924501798,2026,2026-10-01,NA,NA,4,"2026/2027","Unobserved",4,17,235,999,NA,235,"Caribbean","Saint Kitts And Nevis",7.55048739303175,54,0.00345632259839588,"Extremely Low","Rare good event - unusually low cases to date",-2.38311428350094,"Extremely Low",0.0775981664385735,"Rare good event - unusually low cases to date","Saint Kitts And Nevis"
"KNA",8,11,0.599818748389156,36.8333333333334,4.37485137022863,90.8333333333333,36.8333333333333,90.8333333333333,0.740381937297947,0.167949253441322,2026,2026-11-01,NA,NA,4,"2026/2027","Unobserved",4,17,235,999,NA,235,"Caribbean","Saint Kitts And Nevis",4.37485137022863,90.8333333333333,0.0106412330126644,"Extremely Low","Rare good event - unusually low cases to date",-1.95302748931391,"Extremely Low",0.0775981664385735,"Rare good event - unusually low cases to date","Saint Kitts And Nevis"
"KNA",9,12,0.511513784165169,22.1666666666667,2.83410228447822,113,22.1666666666667,113,0.84993179160636,0.109549854308413,2026,2026-12-01,NA,NA,4,"2026/2027","Unobserved",4,17,235,999,NA,235,"Caribbean","Saint Kitts And Nevis",2.83410228447822,113,0.0775981664385735,"Extremely Low","Rare good event - unusually low cases to date",-1.60389826523132,"Extremely Low",0.0775981664385735,"Rare good event - unusually low cases to date","Saint Kitts And Nevis"
"LAO",12,1,0.765146224912296,316.875,1.19184624964927,15619.875,316.875,15619.875,1,0.0308004928052419,2025,2025-01-01,253,"WHO",2,"2024/2025","Observed",253,253,253,12634,NA,253,"East & Southeast Asia","Lao People's Democratic Republic",1.19184624964927,15619.875,0.820795204789421,"Extremely Low","Rare good event - unusually low cases to date",-1.07399325341938,"Normal",52.5753958390738,"Average - typical case load at this point","Lao People's Democratic Republic"
"LAO",1,2,0.948230788825078,241.3125,0.948230788825078,241.3125,241.3125,241.3125,0.0192964558831778,0.0192964558831778,2025,2025-02-01,165,"WHO",2,"2025/2026","Observed",165,418,12430,12634,NA,12430,"East & Southeast Asia","Lao People's Democratic Republic",0.948230788825078,241.3125,50.4034176102016,"Normal","Average - typical case load at this point",-0.307341556691414,"Normal",52.5753958390738,"Average - typical case load at this point","Lao People's Democratic Republic"
"LAO",2,3,1.0615154726294,273.25,1.05694072579257,514.5625,273.25,514.5625,0.0426573893351105,0.0233609334519327,2025,2025-03-01,138,"WHO",2,"2025/2026","Observed",303,556,12430,12634,NA,12430,"East & Southeast Asia","Lao People's Democratic Republic",1.05694072579257,514.5625,43.6712326445326,"Normal","Average - typical case load at this point",-0.422260345225605,"Normal",52.5753958390738,"Average - typical case load at this point","Lao People's Democratic Republic"
"LAO",3,4,0.956594627868521,392.6875,1.06039541775543,907.25,392.6875,907.25,0.0685257614442771,0.0258683721091666,2025,2025-04-01,173,"WHO",2,"2025/2026","Observed",476,729,12430,12634,NA,12430,"East & Southeast Asia","Lao People's Democratic Republic",1.06039541775543,907.25,39.8159827533079,"Normal","Average - typical case load at this point",-0.489195438172256,"Normal",52.5753958390738,"Average - typical case load at this point","Lao People's Democratic Republic"
"LAO",4,5,1.23022667110811,824.250000000001,1.22567653281769,1731.5,824.25,1731.5,0.12676678600099,0.0582410245567132,2025,2025-05-01,614,"WHO",2,"2025/2026","Observed",1090,1343,12430,12634,NA,12430,"East & Southeast Asia","Lao People's Democratic Republic",1.22567653281769,1731.5,43.5928428709441,"Normal","Average - typical case load at this point",-0.410023211345217,"Normal",52.5753958390738,"Average - typical case load at this point","Lao People's Democratic Republic"
"LAO",5,6,0.991327951362401,1838.6875,1.15637744960911,3570.18750000001,1838.6875,3570.1875,0.236300578606482,0.109533792605492,2025,2025-06-01,1271,"WHO",2,"2025/2026","Observed",2361,2614,12430,12634,NA,12430,"East & Southeast Asia","Lao People's Democratic Republic",1.15637744960911,3570.18750000001,46.2708490177464,"Normal","Average - typical case load at this point",-0.36415150455623,"Normal",52.5753958390738,"Average - typical case load at this point","Lao People's Democratic Republic"
"LAO",6,7,0.867636409536776,3511.25,1.04391785440238,7081.43749999999,3511.25,7081.4375,0.429921436511435,0.193620857904953,2025,2025-07-01,2741,"WHO",2,"2025/2026","Observed",5102,5355,12430,12634,NA,12430,"East & Southeast Asia","Lao People's Democratic Republic",1.04391785440238,7081.43749999999,50.7919021582692,"Normal","Average - typical case load at this point",-0.285575878368625,"Normal",52.5753958390738,"Average - typical case load at this point","Lao People's Democratic Republic"
"LAO",7,8,1.04070615742484,2951.4375,1.05702552478338,10032.875,2951.4375,10032.875,0.609548541971067,0.179627105459631,2025,2025-08-01,2506,"WHO",2,"2025/2026","Observed",7608,7861,12430,12634,NA,12430,"East & Southeast Asia","Lao People's Democratic Republic",1.05702552478338,10032.875,52.487988922931,"Normal","Average - typical case load at this point",-0.248475638570985,"Normal",52.5753958390738,"Average - typical case load at this point","Lao People's Democratic Republic"
"LAO",8,9,1.0270084796246,2336.875,1.07032572275168,12369.75,2336.875,12369.75,0.751276525395475,0.141727983424408,2025,2025-09-01,1369,"WHO",2,"2025/2026","Observed",8977,9230,12430,12634,NA,12430,"East & Southeast Asia","Lao People's Democratic Republic",1.07032572275168,12369.75,50.7279468906498,"Normal","Average - typical case load at this point",-0.283746249460747,"Normal",52.5753958390738,"Average - typical case load at this point","Lao People's Democratic Republic"
"LAO",9,10,1.1689130501551,1600.375,1.10079434169019,13970.125,1600.375,13970.125,0.859510123757925,0.10823359836245,2025,2025-10-01,1552,"WHO",2,"2025/2026","Observed",10529,10782,12430,12634,NA,12430,"East & Southeast Asia","Lao People's Democratic Republic",1.10079434169019,13970.125,51.7692804753177,"Normal","Average - typical case load at this point",-0.258425961796588,"Normal",52.5753958390738,"Average - typical case load at this point","Lao People's Democratic Republic"
"LAO",10,11,1.48192684951688,834.9375,1.12821174902687,14805.0625,834.9375,14805.0625,0.922068927607146,0.0625588038492216,2025,2025-11-01,890,"WHO",2,"2025/2026","Observed",11419,11672,12430,12634,NA,12430,"East & Southeast Asia","Lao People's Democratic Republic",1.12821174902687,14805.0625,52.3461922415977,"Normal","Average - typical case load at this point",-0.242920120025973,"Normal",52.5753958390738,"Average - typical case load at this point","Lao People's Democratic Republic"
"LAO",11,12,1.60483881866054,497.9375,1.16617348419297,15303,497.9375,15303,0.969199507194758,0.0471305795876119,2025,2025-12-01,573,"WHO",2,"2025/2026","Observed",11992,12245,12430,12634,NA,12430,"East & Southeast Asia","Lao People's Democratic Republic",1.16617348419297,15303,52.5753958390738,"Normal","Average - typical case load at this point",-0.233640236152583,"Normal",52.5753958390738,"Average - typical case load at this point","Lao People's Democratic Republic"
"LAO",12,1,0.765146224912296,316.875,1.19184624964927,15619.875,316.875,15619.875,1,0.0308004928052419,2026,2026-01-01,438,"WHO",2,"2025/2026","Observed",12430,438,12430,15950,NA,12430,"East & Southeast Asia","Lao People's Democratic Republic",1.19184624964927,15619.875,52.9342306817224,"Normal","Average - typical case load at this point",-0.222940853573101,"Extremely Low",2.73418463308788,"Rare good event - unusually low cases to date","Lao People's Democratic Republic"
"LAO",1,2,0.948230788825078,241.3125,0.948230788825078,241.3125,241.3125,241.3125,0.0192964558831778,0.0192964558831778,2026,2026-02-01,214,"WHO",2,"2026/2027","Observed",214,652,9558,15950,NA,9558,"East & Southeast Asia","Lao People's Democratic Republic",0.948230788825078,241.3125,59.371237658578,"Normal","Average - typical case load at this point",-0.109998575163102,"Extremely Low",2.73418463308788,"Rare good event - unusually low cases to date","Lao People's Democratic Republic"
"LAO",2,3,1.0615154726294,273.25,1.05694072579257,514.5625,273.25,514.5625,0.0426573893351105,0.0233609334519327,2026,2026-03-01,238,"WHO",2,"2026/2027","Observed",452,890,9558,15950,NA,9558,"East & Southeast Asia","Lao People's Democratic Republic",1.05694072579257,514.5625,58.0001563489001,"Normal","Average - typical case load at this point",-0.124869307406449,"Extremely Low",2.73418463308788,"Rare good event - unusually low cases to date","Lao People's Democratic Republic"
"LAO",3,4,0.956594627868521,392.6875,1.06039541775543,907.25,392.6875,907.25,0.0685257614442771,0.0258683721091666,2026,2026-04-01,203,"WHO",2,"2026/2027","Observed",655,1093,9558,15950,NA,9558,"East & Southeast Asia","Lao People's Democratic Republic",1.06039541775543,907.25,50.6933343890459,"Normal","Average - typical case load at this point",-0.286143882385975,"Extremely Low",2.73418463308788,"Rare good event - unusually low cases to date","Lao People's Democratic Republic"
"LAO",4,5,1.23022667110811,824.250000000001,1.22567653281769,1731.5,824.25,1731.5,0.12676678600099,0.0582410245567132,2026,2026-05-01,NA,NA,2,"2026/2027","Unobserved",655,1093,9558,15950,NA,9558,"East & Southeast Asia","Lao People's Democratic Republic",1.22567653281769,1731.5,27.2831955342565,"Normal","Average - typical case load at this point",-0.688059215920694,"Extremely Low",2.73418463308788,"Rare good event - unusually low cases to date","Lao People's Democratic Republic"
"LAO",5,6,0.991327951362401,1838.6875,1.15637744960911,3570.18750000001,1838.6875,3570.1875,0.236300578606482,0.109533792605492,2026,2026-06-01,NA,NA,2,"2026/2027","Unobserved",655,1093,9558,15950,NA,9558,"East & Southeast Asia","Lao People's Democratic Republic",1.15637744960911,3570.18750000001,13.8470834679183,"Low","Below average - fewer cases than typical at this point",-0.877920020003935,"Extremely Low",2.73418463308788,"Rare good event - unusually low cases to date","Lao People's Democratic Republic"
"LAO",6,7,0.867636409536776,3511.25,1.04391785440238,7081.43749999999,3511.25,7081.4375,0.429921436511435,0.193620857904953,2026,2026-07-01,NA,NA,2,"2026/2027","Unobserved",655,1093,9558,15950,NA,9558,"East & Southeast Asia","Lao People's Democratic Republic",1.04391785440238,7081.43749999999,8.15190669162236,"Low","Below average - fewer cases than typical at this point",-0.927150028148692,"Extremely Low",2.73418463308788,"Rare good event - unusually low cases to date","Lao People's Democratic Republic"
"LAO",7,8,1.04070615742484,2951.4375,1.05702552478338,10032.875,2951.4375,10032.875,0.609548541971067,0.179627105459631,2026,2026-08-01,NA,NA,2,"2026/2027","Unobserved",655,1093,9558,15950,NA,9558,"East & Southeast Asia","Lao People's Democratic Republic",1.05702552478338,10032.875,5.58631634222704,"Low","Below average - fewer cases than typical at this point",-0.960945813315686,"Extremely Low",2.73418463308788,"Rare good event - unusually low cases to date","Lao People's Democratic Republic"
"LAO",8,9,1.0270084796246,2336.875,1.07032572275168,12369.75,2336.875,12369.75,0.751276525395475,0.141727983424408,2026,2026-09-01,NA,NA,2,"2026/2027","Unobserved",655,1093,9558,15950,NA,9558,"East & Southeast Asia","Lao People's Democratic Republic",1.07032572275168,12369.75,4.36675625021745,"Extremely Low","Rare good event - unusually low cases to date",-0.979741028920572,"Extremely Low",2.73418463308788,"Rare good event - unusually low cases to date","Lao People's Democratic Republic"
"LAO",9,10,1.1689130501551,1600.375,1.10079434169019,13970.125,1600.375,13970.125,0.859510123757925,0.10823359836245,2026,2026-10-01,NA,NA,2,"2026/2027","Unobserved",655,1093,9558,15950,NA,9558,"East & Southeast Asia","Lao People's Democratic Republic",1.10079434169019,13970.125,3.56557040061371,"Extremely Low","Rare good event - unusually low cases to date",-0.999956114516859,"Extremely Low",2.73418463308788,"Rare good event - unusually low cases to date","Lao People's Democratic Republic"
"LAO",10,11,1.48192684951688,834.9375,1.12821174902687,14805.0625,834.9375,14805.0625,0.922068927607146,0.0625588038492216,2026,2026-11-01,NA,NA,2,"2026/2027","Unobserved",655,1093,9558,15950,NA,9558,"East & Southeast Asia","Lao People's Democratic Republic",1.12821174902687,14805.0625,3.12495920549777,"Extremely Low","Rare good event - unusually low cases to date",-1.01514218384186,"Extremely Low",2.73418463308788,"Rare good event - unusually low cases to date","Lao People's Democratic Republic"
"LAO",11,12,1.60483881866054,497.9375,1.16617348419297,15303,497.9375,15303,0.969199507194758,0.0471305795876119,2026,2026-12-01,NA,NA,2,"2026/2027","Unobserved",655,1093,9558,15950,NA,9558,"East & Southeast Asia","Lao People's Democratic Republic",1.16617348419297,15303,2.73418463308788,"Extremely Low","Rare good event - unusually low cases to date",-1.03363400155936,"Extremely Low",2.73418463308788,"Rare good event - unusually low cases to date","Lao People's Democratic Republic"
"LCA",11,1,0.558781351832759,11.5454545454545,0.999512828764122,305.363636363637,11.5454545454545,305.363636363636,0.96354169279278,0.0946833422678151,2025,2025-01-01,8,"PAHO",3,"2024/2025","Observed",8,8,18,54,NA,18,"Caribbean","Saint Lucia",0.999512828764122,305.363636363637,2.90374655800986,"Extremely Low","Rare good event - unusually low cases to date",-0.971975064337126,"Low",12.1999908255453,"Below average - fewer cases than typical at this point","Saint Lucia"
"LCA",12,2,0.56311082994739,4.54545454545454,1.03780807095449,309.909090909091,4.54545454545455,309.909090909091,1,0.0364583072072204,2025,2025-02-01,10,"PAHO",3,"2024/2025","Observed",18,18,18,54,NA,18,"Caribbean","Saint Lucia",1.03780807095449,309.909090909091,5.45711642421388,"Low","Below average - fewer cases than typical at this point",-0.957956678015909,"Low",12.1999908255453,"Below average - fewer cases than typical at this point","Saint Lucia"
"LCA",1,3,0.916740461439758,6.54545454545454,0.916740461439758,6.54545454545454,6.54545454545455,6.54545454545455,0.0294325515021122,0.0294325515021122,2025,2025-03-01,6,"PAHO",3,"2025/2026","Observed",6,24,30,54,NA,30,"Caribbean","Saint Lucia",0.916740461439758,6.54545454545454,63.6065310859373,"Normal","Average - typical case load at this point",-0.0747271746651173,"Low",12.1999908255453,"Below average - fewer cases than typical at this point","Saint Lucia"
"LCA",2,4,1.47221120142144,6.90909090909091,1.13299004247944,13.4545454545455,6.90909090909091,13.4545454545455,0.0640625028057447,0.0346299513036325,2025,2025-04-01,6,"PAHO",3,"2025/2026","Observed",12,30,30,54,NA,30,"Caribbean","Saint Lucia",1.13299004247944,13.4545454545455,59.6691516881993,"Normal","Average - typical case load at this point",-0.110513381053154,"Low",12.1999908255453,"Below average - fewer cases than typical at this point","Saint Lucia"
"LCA",3,5,1.36164622647653,10.5454545454545,1.20361644059817,24,10.5454545454545,24,0.114756222495871,0.0506937196901261,2025,2025-05-01,1,"PAHO",3,"2025/2026","Observed",13,31,30,54,NA,30,"Caribbean","Saint Lucia",1.20361644059817,24,40.4980235045234,"Normal","Average - typical case load at this point",-0.490681505486061,"Low",12.1999908255453,"Below average - fewer cases than typical at this point","Saint Lucia"
"LCA",4,6,1.2181034178363,10.4545454545455,1.2870894258015,34.4545454545455,10.4545454545455,34.4545454545455,0.155607923580876,0.0408517010850048,2025,2025-06-01,8,"PAHO",3,"2025/2026","Observed",21,39,30,54,NA,30,"Caribbean","Saint Lucia",1.2870894258015,34.4545454545455,42.8924938479569,"Normal","Average - typical case load at this point",-0.434973623085377,"Low",12.1999908255453,"Below average - fewer cases than typical at this point","Saint Lucia"
"LCA",5,7,0.964456091301499,20.7272727272727,1.22468153154478,55.1818181818182,20.7272727272727,55.1818181818182,0.231990583040022,0.0763826594591463,2025,2025-07-01,3,"PAHO",3,"2025/2026","Observed",24,42,30,54,NA,30,"Caribbean","Saint Lucia",1.22468153154478,55.1818181818182,32.2477981052159,"Normal","Average - typical case load at this point",-0.618515291275705,"Low",12.1999908255453,"Below average - fewer cases than typical at this point","Saint Lucia"
"LCA",6,8,0.612564964932272,41.4545454545455,0.989835792458502,96.6363636363634,41.4545454545455,96.6363636363636,0.328604260907829,0.0966136778678071,2025,2025-08-01,1,"PAHO",3,"2025/2026","Observed",25,43,30,54,NA,30,"Caribbean","Saint Lucia",0.989835792458502,96.6363636363634,23.7058264820344,"Low","Below average - fewer cases than typical at this point",-0.733772832554398,"Low",12.1999908255453,"Below average - fewer cases than typical at this point","Saint Lucia"
"LCA",7,9,0.735566384287964,101.636363636364,0.897588729814173,198.272727272727,101.636363636364,198.272727272727,0.59925189171593,0.270647630808101,2025,2025-09-01,2,"PAHO",3,"2025/2026","Observed",27,45,30,54,NA,30,"Caribbean","Saint Lucia",0.897588729814173,198.272727272727,15.3078737197997,"Low","Below average - fewer cases than typical at this point",-0.816550618942164,"Low",12.1999908255453,"Below average - fewer cases than typical at this point","Saint Lucia"
"LCA",8,10,0.82004440240247,30.9090909090909,0.92252286229738,229.181818181818,30.9090909090909,229.181818181818,0.706154271240115,0.106902379524185,2025,2025-10-01,3,"PAHO",3,"2025/2026","Observed",30,48,30,54,NA,30,"Caribbean","Saint Lucia",0.92252286229738,229.181818181818,14.2108566483432,"Low","Below average - fewer cases than typical at this point",-0.833078209740196,"Low",12.1999908255453,"Below average - fewer cases than typical at this point","Saint Lucia"
"LCA",9,11,0.576725251634771,50.8181818181819,0.853692238114337,280,50.8181818181818,280,0.814529605070268,0.108375333830153,2025,2025-11-01,1,"PAHO",3,"2025/2026","Observed",31,49,30,54,NA,30,"Caribbean","Saint Lucia",0.853692238114337,280,13.8123521950389,"Low","Below average - fewer cases than typical at this point",-0.82040996903653,"Low",12.1999908255453,"Below average - fewer cases than typical at this point","Saint Lucia"
"LCA",10,12,1.28913614270656,13.8181818181818,0.871538591630283,293.818181818181,13.8181818181818,293.818181818182,0.868858350524964,0.0543287454546963,2025,2025-12-01,-2,"WHO",3,"2025/2026","Observed",29,47,30,54,NA,30,"Caribbean","Saint Lucia",0.871538591630283,293.818181818181,12.1999908255453,"Low","Below average - fewer cases than typical at this point",-0.8401740891459,"Low",12.1999908255453,"Below average - fewer cases than typical at this point","Saint Lucia"
"LCA",11,1,0.558781351832759,11.5454545454545,0.999512828764122,305.363636363637,11.5454545454545,305.363636363636,0.96354169279278,0.0946833422678151,2026,2026-01-01,0,"WHO",3,"2025/2026","Observed",29,0,30,62,NA,30,"Caribbean","Saint Lucia",0.999512828764122,305.363636363637,9.350847703072,"Low","Below average - fewer cases than typical at this point",-0.903333596938203,"Extremely Low",2.15805128594968,"Rare good event - unusually low cases to date","Saint Lucia"
"LCA",12,2,0.56311082994739,4.54545454545454,1.03780807095449,309.909090909091,4.54545454545455,309.909090909091,1,0.0364583072072204,2026,2026-02-01,1,"PAHO",3,"2025/2026","Observed",30,1,30,62,NA,30,"Caribbean","Saint Lucia",1.03780807095449,309.909090909091,8.88557363107753,"Low","Below average - fewer cases than typical at this point",-0.918576334976949,"Extremely Low",2.15805128594968,"Rare good event - unusually low cases to date","Saint Lucia"
"LCA",1,3,0.916740461439758,6.54545454545454,0.916740461439758,6.54545454545454,6.54545454545455,6.54545454545455,0.0294325515021122,0.0294325515021122,2026,2026-03-01,3,"PAHO",3,"2026/2027","Observed",3,4,47,62,NA,47,"Caribbean","Saint Lucia",0.916740461439758,6.54545454545454,44.7125856820629,"Normal","Average - typical case load at this point",-0.485726635323264,"Extremely Low",2.15805128594968,"Rare good event - unusually low cases to date","Saint Lucia"
"LCA",2,4,1.47221120142144,6.90909090909091,1.13299004247944,13.4545454545455,6.90909090909091,13.4545454545455,0.0640625028057447,0.0346299513036325,2026,2026-04-01,0,"WHO",3,"2026/2027","Observed",3,4,47,62,NA,47,"Caribbean","Saint Lucia",1.13299004247944,13.4545454545455,22.4650305545642,"Low","Below average - fewer cases than typical at this point",-0.794314926319543,"Extremely Low",2.15805128594968,"Rare good event - unusually low cases to date","Saint Lucia"
"LCA",3,5,1.36164622647653,10.5454545454545,1.20361644059817,24,10.5454545454545,24,0.114756222495871,0.0506937196901261,2026,2026-05-01,NA,NA,3,"2026/2027","Unobserved",3,4,47,62,NA,47,"Caribbean","Saint Lucia",1.20361644059817,24,11.7519017439737,"Low","Below average - fewer cases than typical at this point",-0.936755601382479,"Extremely Low",2.15805128594968,"Rare good event - unusually low cases to date","Saint Lucia"
"LCA",4,6,1.2181034178363,10.4545454545455,1.2870894258015,34.4545454545455,10.4545454545455,34.4545454545455,0.155607923580876,0.0408517010850048,2026,2026-06-01,NA,NA,3,"2026/2027","Unobserved",3,4,47,62,NA,47,"Caribbean","Saint Lucia",1.2870894258015,34.4545454545455,7.00752573987197,"Low","Below average - fewer cases than typical at this point",-1.01689779451041,"Extremely Low",2.15805128594968,"Rare good event - unusually low cases to date","Saint Lucia"
"LCA",5,7,0.964456091301499,20.7272727272727,1.22468153154478,55.1818181818182,20.7272727272727,55.1818181818182,0.231990583040022,0.0763826594591463,2026,2026-07-01,NA,NA,3,"2026/2027","Unobserved",3,4,47,62,NA,47,"Caribbean","Saint Lucia",1.22468153154478,55.1818181818182,4.47465330356096,"Extremely Low","Rare good event - unusually low cases to date",-1.03506640580832,"Extremely Low",2.15805128594968,"Rare good event - unusually low cases to date","Saint Lucia"
"LCA",6,8,0.612564964932272,41.4545454545455,0.989835792458502,96.6363636363634,41.4545454545455,96.6363636363636,0.328604260907829,0.0966136778678071,2026,2026-08-01,NA,NA,3,"2026/2027","Unobserved",3,4,47,62,NA,47,"Caribbean","Saint Lucia",0.989835792458502,96.6363636363634,4.13957744509161,"Extremely Low","Rare good event - unusually low cases to date",-0.959119311587602,"Extremely Low",2.15805128594968,"Rare good event - unusually low cases to date","Saint Lucia"
"LCA",7,9,0.735566384287964,101.636363636364,0.897588729814173,198.272727272727,101.636363636364,198.272727272727,0.59925189171593,0.270647630808101,2026,2026-09-01,NA,NA,3,"2026/2027","Unobserved",3,4,47,62,NA,47,"Caribbean","Saint Lucia",0.897588729814173,198.272727272727,2.78118734256089,"Extremely Low","Rare good event - unusually low cases to date",-0.930971724781194,"Extremely Low",2.15805128594968,"Rare good event - unusually low cases to date","Saint Lucia"
"LCA",8,10,0.82004440240247,30.9090909090909,0.92252286229738,229.181818181818,30.9090909090909,229.181818181818,0.706154271240115,0.106902379524185,2026,2026-10-01,NA,NA,3,"2026/2027","Unobserved",3,4,47,62,NA,47,"Caribbean","Saint Lucia",0.92252286229738,229.181818181818,2.24541975803873,"Extremely Low","Rare good event - unusually low cases to date",-0.946005744333003,"Extremely Low",2.15805128594968,"Rare good event - unusually low cases to date","Saint Lucia"
"LCA",9,11,0.576725251634771,50.8181818181819,0.853692238114337,280,50.8181818181818,280,0.814529605070268,0.108375333830153,2026,2026-11-01,NA,NA,3,"2026/2027","Unobserved",3,4,47,62,NA,47,"Caribbean","Saint Lucia",0.853692238114337,280,2.40132229510024,"Extremely Low","Rare good event - unusually low cases to date",-0.91266490531373,"Extremely Low",2.15805128594968,"Rare good event - unusually low cases to date","Saint Lucia"
"LCA",10,12,1.28913614270656,13.8181818181818,0.871538591630283,293.818181818181,13.8181818181818,293.818181818182,0.868858350524964,0.0543287454546963,2026,2026-12-01,NA,NA,3,"2026/2027","Unobserved",3,4,47,62,NA,47,"Caribbean","Saint Lucia",0.871538591630283,293.818181818181,2.15805128594968,"Extremely Low","Rare good event - unusually low cases to date",-0.922662859999223,"Extremely Low",2.15805128594968,"Rare good event - unusually low cases to date","Saint Lucia"
"LKA",12,1,3.20742331069043,7276.875,3.28629785745415,59437.8125000001,7276.875,59437.8125,1,0.134049076211139,2025,2025-01-01,4942,"SEARO",2,"2024/2025","Observed",4942,4942,4942,59429,NA,4942,"South Asia","Sri Lanka",3.28629785745415,59437.8125000001,0.131579471824557,"Extremely Low","Rare good event - unusually low cases to date",-1.6620411439432,"Normal",50.003574365823,"Average - typical case load at this point","Sri Lanka"
"LKA",1,2,4.78602457451789,4363.49999999999,4.78602457451789,4363.49999999999,4363.5,4363.5,0.0890894109941871,0.0890894109941871,2025,2025-02-01,3666,"SEARO",2,"2025/2026","Observed",3666,8608,54389,59429,NA,54389,"South Asia","Sri Lanka",4.78602457451789,4363.49999999999,41.5015514023695,"Normal","Average - typical case load at this point",-0.349509230844533,"Normal",50.003574365823,"Average - typical case load at this point","Sri Lanka"
"LKA",2,3,3.06473137428624,3596.3125,4.28533242619434,7959.8125,3596.3125,7959.8125,0.151208206220534,0.0621187952263468,2025,2025-03-01,3771,"SEARO",2,"2025/2026","Observed",7437,12379,54389,59429,NA,54389,"South Asia","Sri Lanka",4.28533242619434,7959.8125,50.9496380388008,"Normal","Average - typical case load at this point",-0.13593099915637,"Normal",50.003574365823,"Average - typical case load at this point","Sri Lanka"
"LKA",3,4,1.70937739690396,3836.0625,3.45746632231124,11795.875,3836.0625,11795.875,0.208916741357625,0.0577085351370915,2025,2025-04-01,5171,"SEARO",2,"2025/2026","Observed",12608,17550,54389,59429,NA,54389,"South Asia","Sri Lanka",3.45746632231124,11795.875,61.9670043423433,"Normal","Average - typical case load at this point",0.127999436883948,"Normal",50.003574365823,"Average - typical case load at this point","Sri Lanka"
"LKA",4,5,2.01517789241611,4466.81249999999,3.18261440419022,16262.6875,4466.8125,16262.6875,0.279556911570857,0.0706401702132315,2025,2025-05-01,6035,"SEARO",2,"2025/2026","Observed",18643,23585,54389,59429,NA,54389,"South Asia","Sri Lanka",3.18261440419022,16262.6875,66.8338818986399,"Normal","Average - typical case load at this point",0.261090566685754,"Normal",50.003574365823,"Average - typical case load at this point","Sri Lanka"
"LKA",5,6,2.18952103883636,6223.18749999999,3.01462743599652,22485.875,6223.1875,22485.875,0.379397402304803,0.0998404907339462,2025,2025-06-01,5468,"SEARO",2,"2025/2026","Observed",24111,29053,54389,59429,NA,54389,"South Asia","Sri Lanka",3.01462743599652,22485.875,62.3539687484071,"Normal","Average - typical case load at this point",0.125477163449863,"Normal",50.003574365823,"Average - typical case load at this point","Sri Lanka"
"LKA",6,7,1.45272450640784,8700,2.51309300906251,31185.8749999999,8700,31185.875,0.505422421464096,0.126025019159292,2025,2025-07-01,4838,"SEARO",2,"2025/2026","Observed",28949,33891,54389,59429,NA,54389,"South Asia","Sri Lanka",2.51309300906251,31185.8749999999,53.8473038270682,"Normal","Average - typical case load at this point",-0.113702644328383,"Normal",50.003574365823,"Average - typical case load at this point","Sri Lanka"
"LKA",7,8,2.22931747150319,4748.75,2.52760592980915,35934.625,4748.75,35934.625,0.58424438356522,0.0788219621011243,2025,2025-08-01,2746,"SEARO",2,"2025/2026","Observed",31695,36637,54389,59429,NA,54389,"South Asia","Sri Lanka",2.52760592980915,35934.625,50.7109951455101,"Normal","Average - typical case load at this point",-0.187565835840264,"Normal",50.003574365823,"Average - typical case load at this point","Sri Lanka"
"LKA",8,9,3.70018545929503,2972,2.63917804231037,38906.6250000001,2972,38906.625,0.637202935361132,0.0529585517959123,2025,2025-09-01,2403,"SEARO",2,"2025/2026","Observed",34098,39040,54389,59429,NA,54389,"South Asia","Sri Lanka",2.63917804231037,38906.6250000001,49.9645010065692,"Normal","Average - typical case load at this point",-0.200778389437993,"Normal",50.003574365823,"Average - typical case load at this point","Sri Lanka"
"LKA",9,10,2.92995280395351,3361.93749999999,2.7264507879414,42268.5624999999,3361.9375,42268.5625,0.69464736936204,0.0574444340009073,2025,2025-10-01,2717,"SEARO",2,"2025/2026","Observed",36815,41757,54389,59429,NA,54389,"South Asia","Sri Lanka",2.7264507879414,42268.5624999999,49.3039001706392,"Normal","Average - typical case load at this point",-0.213033372058035,"Normal",50.003574365823,"Average - typical case load at this point","Sri Lanka"
"LKA",10,11,2.28240505981242,4265.25,2.82015330944318,46533.8124999999,4265.25,46533.8125,0.766384833423163,0.0717374640611237,2025,2025-11-01,3806,"SEARO",2,"2025/2026","Observed",40621,45563,54389,59429,NA,54389,"South Asia","Sri Lanka",2.82015330944318,46533.8124999999,49.1560103531033,"Normal","Average - typical case load at this point",-0.21337752392351,"Normal",50.003574365823,"Average - typical case load at this point","Sri Lanka"
"LKA",11,12,2.28376279500718,5627.125,3.01380901909274,52160.9375,5627.125,52160.9375,0.865950923788861,0.0995660903656975,2025,2025-12-01,5900,"SEARO",2,"2025/2026","Observed",46521,51463,54389,59429,NA,54389,"South Asia","Sri Lanka",3.01380901909274,52160.9375,50.003574365823,"Normal","Average - typical case load at this point",-0.187704299578529,"Normal",50.003574365823,"Average - typical case load at this point","Sri Lanka"
"LKA",12,1,3.20742331069043,7276.875,3.28629785745415,59437.8125000001,7276.875,59437.8125,1,0.134049076211139,2026,2026-01-01,7868,"SEARO",2,"2025/2026","Observed",54389,7868,54389,120957,NA,54389,"South Asia","Sri Lanka",3.28629785745415,59437.8125000001,51.1069307882306,"Normal","Average - typical case load at this point",-0.153981264212822,"Low",7.9854958583572,"Below average - fewer cases than typical at this point","Sri Lanka"
"LKA",1,2,4.78602457451789,4363.49999999999,4.78602457451789,4363.49999999999,4363.5,4363.5,0.0890894109941871,0.0890894109941871,2026,2026-02-01,5724,"SEARO",2,"2026/2027","Observed",5724,13592,83296,120957,NA,83296,"South Asia","Sri Lanka",4.78602457451789,4363.49999999999,77.9721699878853,"High","Above average - more cases than typical at this point",0.68173090833548,"Low",7.9854958583572,"Below average - fewer cases than typical at this point","Sri Lanka"
"LKA",2,3,3.06473137428624,3596.3125,4.28533242619434,7959.8125,3596.3125,7959.8125,0.151208206220534,0.0621187952263468,2026,2026-03-01,6016,"SEARO",2,"2026/2027","Observed",11740,19608,83296,120957,NA,83296,"South Asia","Sri Lanka",4.28533242619434,7959.8125,84.5268555196499,"High","Above average - more cases than typical at this point",0.982846936279112,"Low",7.9854958583572,"Below average - fewer cases than typical at this point","Sri Lanka"
"LKA",3,4,1.70937739690396,3836.0625,3.45746632231124,11795.875,3836.0625,11795.875,0.208916741357625,0.0577085351370915,2026,2026-04-01,5662,"SEARO",2,"2026/2027","Observed",17402,25270,83296,120957,NA,83296,"South Asia","Sri Lanka",3.45746632231124,11795.875,82.8261840914718,"High","Above average - more cases than typical at this point",0.883584230384512,"Low",7.9854958583572,"Below average - fewer cases than typical at this point","Sri Lanka"
"LKA",4,5,2.01517789241611,4466.81249999999,3.18261440419022,16262.6875,4466.8125,16262.6875,0.279556911570857,0.0706401702132315,2026,2026-05-01,NA,"SEARO",2,"2026/2027","Unobserved",17402,25270,83296,120957,NA,83296,"South Asia","Sri Lanka",3.18261440419022,16262.6875,62.1426614092822,"Normal","Average - typical case load at this point",0.124968358674402,"Low",7.9854958583572,"Below average - fewer cases than typical at this point","Sri Lanka"
"LKA",5,6,2.18952103883636,6223.18749999999,3.01462743599652,22485.875,6223.1875,22485.875,0.379397402304803,0.0998404907339462,2026,2026-06-01,NA,"SEARO",2,"2026/2027","Unobserved",17402,25270,83296,120957,NA,83296,"South Asia","Sri Lanka",3.01462743599652,22485.875,40.9152667809558,"Normal","Average - typical case load at this point",-0.392529937287091,"Low",7.9854958583572,"Below average - fewer cases than typical at this point","Sri Lanka"
"LKA",6,7,1.45272450640784,8700,2.51309300906251,31185.8749999999,8700,31185.875,0.505422421464096,0.126025019159292,2026,2026-07-01,NA,"SEARO",2,"2026/2027","Unobserved",17402,25270,83296,120957,NA,83296,"South Asia","Sri Lanka",2.51309300906251,31185.8749999999,26.6796451505334,"Normal","Average - typical case load at this point",-0.700648465646012,"Low",7.9854958583572,"Below average - fewer cases than typical at this point","Sri Lanka"
"LKA",7,8,2.22931747150319,4748.75,2.52760592980915,35934.625,4748.75,35934.625,0.58424438356522,0.0788219621011243,2026,2026-08-01,NA,"SEARO",2,"2026/2027","Unobserved",17402,25270,83296,120957,NA,83296,"South Asia","Sri Lanka",2.52760592980915,35934.625,20.9751819782571,"Low","Below average - fewer cases than typical at this point",-0.819904425141177,"Low",7.9854958583572,"Below average - fewer cases than typical at this point","Sri Lanka"
"LKA",8,9,3.70018545929503,2972,2.63917804231037,38906.6250000001,2972,38906.625,0.637202935361132,0.0529585517959123,2026,2026-09-01,NA,"SEARO",2,"2026/2027","Unobserved",17402,25270,83296,120957,NA,83296,"South Asia","Sri Lanka",2.63917804231037,38906.6250000001,17.4815265764643,"Low","Below average - fewer cases than typical at this point",-0.897899913794057,"Low",7.9854958583572,"Below average - fewer cases than typical at this point","Sri Lanka"
"LKA",9,10,2.92995280395351,3361.93749999999,2.7264507879414,42268.5624999999,3361.9375,42268.5625,0.69464736936204,0.0574444340009073,2026,2026-10-01,NA,"SEARO",2,"2026/2027","Unobserved",17402,25270,83296,120957,NA,83296,"South Asia","Sri Lanka",2.7264507879414,42268.5624999999,14.4075536814987,"Low","Below average - fewer cases than typical at this point",-0.971366452821795,"Low",7.9854958583572,"Below average - fewer cases than typical at this point","Sri Lanka"
"LKA",10,11,2.28240505981242,4265.25,2.82015330944318,46533.8124999999,4265.25,46533.8125,0.766384833423163,0.0717374640611237,2026,2026-11-01,NA,"SEARO",2,"2026/2027","Unobserved",17402,25270,83296,120957,NA,83296,"South Asia","Sri Lanka",2.82015330944318,46533.8124999999,11.3570892636479,"Low","Below average - fewer cases than typical at this point",-1.05128887795005,"Low",7.9854958583572,"Below average - fewer cases than typical at this point","Sri Lanka"
"LKA",11,12,2.28376279500718,5627.125,3.01380901909274,52160.9375,5627.125,52160.9375,0.865950923788861,0.0995660903656975,2026,2026-12-01,NA,"SEARO",2,"2026/2027","Unobserved",17402,25270,83296,120957,NA,83296,"South Asia","Sri Lanka",3.01380901909274,52160.9375,7.9854958583572,"Low","Below average - fewer cases than typical at this point",-1.1568216877459,"Low",7.9854958583572,"Below average - fewer cases than typical at this point","Sri Lanka"
"MAF",8,1,0.792820820760834,104.857142857143,1.01464255597164,521,104.857142857143,521,0.676773170096756,0.128085897953449,2025,2025-01-01,53,"PAHO",6,"2024/2025","Observed",53,53,154,390,NA,154,"Caribbean","Saint Martin",1.01464255597164,521,9.58682975562636,"Low","Below average - fewer cases than typical at this point",-0.903945371920467,"Low",21.7818212723546,"Below average - fewer cases than typical at this point","Saint Martin"
"MAF",9,2,0.76915457209978,89.5714285714286,1.04460514972645,610.571428571428,89.5714285714286,610.571428571429,0.784608827508575,0.107835657411819,2025,2025-02-01,17,"PAHO",6,"2024/2025","Observed",70,70,154,390,NA,154,"Caribbean","Saint Martin",1.04460514972645,610.571428571428,10.1917733205561,"Low","Below average - fewer cases than typical at this point",-0.904110470900612,"Low",21.7818212723546,"Below average - fewer cases than typical at this point","Saint Martin"
"MAF",10,3,0.645216872356217,51.0714285714285,1.04171585960181,661.642857142856,51.0714285714286,661.642857142857,0.842671191898835,0.0580623643902605,2025,2025-03-01,18,"PAHO",6,"2024/2025","Observed",88,88,154,390,NA,154,"Caribbean","Saint Martin",1.04171585960181,661.642857142856,11.8053330064221,"Low","Below average - fewer cases than typical at this point",-0.884200963554701,"Low",21.7818212723546,"Below average - fewer cases than typical at this point","Saint Martin"
"MAF",11,4,0.651776341725401,38.7857142857142,1.07679318663396,700.428571428571,38.7857142857143,700.428571428571,0.904696501369141,0.0620253094703059,2025,2025-04-01,32,"PAHO",6,"2024/2025","Observed",120,120,154,390,NA,154,"Caribbean","Saint Martin",1.07679318663396,700.428571428571,14.3574741459072,"Low","Below average - fewer cases than typical at this point",-0.859245975875018,"Low",21.7818212723546,"Below average - fewer cases than typical at this point","Saint Martin"
"MAF",12,5,0.659813220384339,60.2142857142857,1.11503660552734,760.642857142856,60.2142857142857,760.642857142857,1,0.0953034986308586,2025,2025-05-01,34,"PAHO",6,"2024/2025","Observed",154,154,154,390,NA,154,"Caribbean","Saint Martin",1.11503660552734,760.642857142856,16.1507609954325,"Low","Below average - fewer cases than typical at this point",-0.841547770202641,"Low",21.7818212723546,"Below average - fewer cases than typical at this point","Saint Martin"
"MAF",1,6,0.886649271703714,52.7857142857143,0.886649271703714,52.7857142857143,52.7857142857143,52.7857142857143,0.0783264742011549,0.0783264742011549,2025,2025-06-01,30,"PAHO",6,"2025/2026","Observed",30,184,72,390,NA,102,"Caribbean","Saint Martin",0.886649271703714,52.7857142857143,46.0803474570189,"Normal","Average - typical case load at this point",-0.4030927773898,"Low",21.7818212723546,"Below average - fewer cases than typical at this point","Saint Martin"
"MAF",2,7,0.921135279683278,25.5714285714286,0.91204137022801,78.3571428571429,25.5714285714286,78.3571428571429,0.116800677459286,0.0384742032581314,2025,2025-07-01,6,"Estimates",6,"2025/2026","Unobserved",36,190,72,390,5.92502730175224,102,"Caribbean","Saint Martin",0.91204137022801,78.3571428571429,39.2096237250334,"Normal","Average - typical case load at this point",-0.513265929139118,"Low",21.7818212723546,"Below average - fewer cases than typical at this point","Saint Martin"
"MAF",3,8,0.469521170166653,32.2857142857142,0.842369157513992,110.642857142857,32.2857142857143,110.642857142857,0.154994104704511,0.038193427245225,2025,2025-08-01,6,"Estimates",6,"2025/2026","Unobserved",42,196,72,390,5.88178779576465,102,"Caribbean","Saint Martin",0.842369157513992,110.642857142857,35.6560119374963,"Normal","Average - typical case load at this point",-0.567252253265953,"Low",21.7818212723546,"Below average - fewer cases than typical at this point","Saint Martin"
"MAF",4,9,0.823232204527585,37.2857142857143,0.844579948910748,147.928571428572,37.2857142857143,147.928571428571,0.203786542077302,0.0487924373727909,2025,2025-09-01,20,"WHO",6,"2025/2026","Observed",62,216,72,390,NA,102,"Caribbean","Saint Martin",0.844579948910748,147.928571428572,37.9902515554357,"Normal","Average - typical case load at this point",-0.532316174078988,"Low",21.7818212723546,"Below average - fewer cases than typical at this point","Saint Martin"
"MAF",5,10,0.976499267766485,68.4999999999999,0.910401773803955,216.428571428571,68.5,216.428571428571,0.304337657177829,0.100551115100527,2025,2025-10-01,15,"Estimates",6,"2025/2026","Unobserved",77,231,72,390,15.4848717254811,102,"Caribbean","Saint Martin",0.910401773803955,216.428571428571,32.202360942355,"Normal","Average - typical case load at this point",-0.613397813220192,"Low",21.7818212723546,"Below average - fewer cases than typical at this point","Saint Martin"
"MAF",6,11,0.687936558611644,124.285714285714,0.863317206601237,340.714285714285,124.285714285714,340.714285714286,0.447820802102719,0.14348314492489,2025,2025-11-01,5,"WHO",6,"2025/2026","Observed",82,236,72,390,NA,102,"Caribbean","Saint Martin",0.863317206601237,340.714285714285,24.8673603358977,"Low","Below average - fewer cases than typical at this point",-0.704637486509983,"Low",21.7818212723546,"Below average - fewer cases than typical at this point","Saint Martin"
"MAF",7,12,0.838830213220164,75.4285714285714,0.882843807708384,416.142857142858,75.4285714285714,416.142857142857,0.548687272143307,0.100866470040588,2025,2025-12-01,5,"PAHO",6,"2025/2026","Observed",87,241,72,390,NA,102,"Caribbean","Saint Martin",0.882843807708384,416.142857142858,21.7818212723546,"Low","Below average - fewer cases than typical at this point",-0.742375685879569,"Low",21.7818212723546,"Below average - fewer cases than typical at this point","Saint Martin"
"MAF",8,1,0.792820820760834,104.857142857143,1.01464255597164,521,104.857142857143,521,0.676773170096756,0.128085897953449,2026,2026-01-01,0,"WHO",6,"2025/2026","Observed",87,0,72,6,NA,102,"Caribbean","Saint Martin",1.01464255597164,521,15.2302428109835,"Low","Below average - fewer cases than typical at this point",-0.838274126951886,"Extremely Low",0.435541349688566,"Rare good event - unusually low cases to date","Saint Martin"
"MAF",9,2,0.76915457209978,89.5714285714286,1.04460514972645,610.571428571428,89.5714285714286,610.571428571429,0.784608827508575,0.107835657411819,2026,2026-02-01,4,"PAHO",6,"2025/2026","Observed",91,4,72,6,NA,102,"Caribbean","Saint Martin",1.04460514972645,610.571428571428,13.1213808668866,"Low","Below average - fewer cases than typical at this point",-0.868987786116682,"Extremely Low",0.435541349688566,"Rare good event - unusually low cases to date","Saint Martin"
"MAF",10,3,0.645216872356217,51.0714285714285,1.04171585960181,661.642857142856,51.0714285714286,661.642857142857,0.842671191898835,0.0580623643902605,2026,2026-03-01,1,"WHO",6,"2025/2026","Observed",92,5,72,6,NA,102,"Caribbean","Saint Martin",1.04171585960181,661.642857142856,12.319721783925,"Low","Below average - fewer cases than typical at this point",-0.878035448181888,"Extremely Low",0.435541349688566,"Rare good event - unusually low cases to date","Saint Martin"
"MAF",11,4,0.651776341725401,38.7857142857142,1.07679318663396,700.428571428571,38.7857142857143,700.428571428571,0.904696501369141,0.0620253094703059,2026,2026-04-01,0,"WHO",6,"2025/2026","Observed",92,5,72,6,NA,102,"Caribbean","Saint Martin",1.07679318663396,700.428571428571,11.0529540801289,"Low","Below average - fewer cases than typical at this point",-0.900696187854221,"Extremely Low",0.435541349688566,"Rare good event - unusually low cases to date","Saint Martin"
"MAF",12,5,0.659813220384339,60.2142857142857,1.11503660552734,760.642857142856,60.2142857142857,760.642857142857,1,0.0953034986308586,2026,2026-05-01,NA,NA,6,"2025/2026","Unobserved",92,5,72,6,NA,102,"Caribbean","Saint Martin",1.11503660552734,760.642857142856,9.57551680106224,"Low","Below average - fewer cases than typical at this point",-0.927555478260559,"Extremely Low",0.435541349688566,"Rare good event - unusually low cases to date","Saint Martin"
"MAF",1,6,0.886649271703714,52.7857142857143,0.886649271703714,52.7857142857143,52.7857142857143,52.7857142857143,0.0783264742011549,0.0783264742011549,2026,2026-06-01,NA,NA,6,"2026/2027","Unobserved",0,5,NA,6,NA,NA,"Caribbean","Saint Martin",0.886649271703714,52.7857142857143,2.63021959871138,"Extremely Low","Rare good event - unusually low cases to date",-0.933810540724332,"Extremely Low",0.435541349688566,"Rare good event - unusually low cases to date","Saint Martin"
"MAF",2,7,0.921135279683278,25.5714285714286,0.91204137022801,78.3571428571429,25.5714285714286,78.3571428571429,0.116800677459286,0.0384742032581314,2026,2026-07-01,NA,NA,6,"2026/2027","Unobserved",0,5,NA,6,NA,NA,"Caribbean","Saint Martin",0.91204137022801,78.3571428571429,1.70400096280453,"Extremely Low","Rare good event - unusually low cases to date",-0.949498691847575,"Extremely Low",0.435541349688566,"Rare good event - unusually low cases to date","Saint Martin"
"MAF",3,8,0.469521170166653,32.2857142857142,0.842369157513992,110.642857142857,32.2857142857143,110.642857142857,0.154994104704511,0.038193427245225,2026,2026-08-01,NA,NA,6,"2026/2027","Unobserved",0,5,NA,6,NA,NA,"Caribbean","Saint Martin",0.842369157513992,110.642857142857,1.63204766618062,"Extremely Low","Rare good event - unusually low cases to date",-0.914332716242415,"Extremely Low",0.435541349688566,"Rare good event - unusually low cases to date","Saint Martin"
"MAF",4,9,0.823232204527585,37.2857142857143,0.844579948910748,147.928571428572,37.2857142857143,147.928571428571,0.203786542077302,0.0487924373727909,2026,2026-09-01,NA,NA,6,"2026/2027","Unobserved",0,5,NA,6,NA,NA,"Caribbean","Saint Martin",0.844579948910748,147.928571428572,1.26815278103637,"Extremely Low","Rare good event - unusually low cases to date",-0.916398002092754,"Extremely Low",0.435541349688566,"Rare good event - unusually low cases to date","Saint Martin"
"MAF",5,10,0.976499267766485,68.4999999999999,0.910401773803955,216.428571428571,68.5,216.428571428571,0.304337657177829,0.100551115100527,2026,2026-10-01,NA,NA,6,"2026/2027","Unobserved",0,5,NA,6,NA,NA,"Caribbean","Saint Martin",0.910401773803955,216.428571428571,0.68415028300583,"Extremely Low","Rare good event - unusually low cases to date",-0.952149269496508,"Extremely Low",0.435541349688566,"Rare good event - unusually low cases to date","Saint Martin"
"MAF",6,11,0.687936558611644,124.285714285714,0.863317206601237,340.714285714285,124.285714285714,340.714285714286,0.447820802102719,0.14348314492489,2026,2026-11-01,NA,NA,6,"2026/2027","Unobserved",0,5,NA,6,NA,NA,"Caribbean","Saint Martin",0.863317206601237,340.714285714285,0.572387083915264,"Extremely Low","Rare good event - unusually low cases to date",-0.927973719119994,"Extremely Low",0.435541349688566,"Rare good event - unusually low cases to date","Saint Martin"
"MAF",7,12,0.838830213220164,75.4285714285714,0.882843807708384,416.142857142858,75.4285714285714,416.142857142857,0.548687272143307,0.100866470040588,2026,2026-12-01,NA,NA,6,"2026/2027","Unobserved",0,5,NA,6,NA,NA,"Caribbean","Saint Martin",0.882843807708384,416.142857142858,0.435541349688566,"Extremely Low","Rare good event - unusually low cases to date",-0.938602592433674,"Extremely Low",0.435541349688566,"Rare good event - unusually low cases to date","Saint Martin"
"MDV",12,1,1.45481500807334,198.1875,3.05812058828241,2221.0625,198.1875,2221.0625,1,0.125720503133019,2025,2025-01-01,72,"SEARO",2,"2024/2025","Observed",72,72,72,2805,NA,72,"South Asia","Maldives",3.05812058828241,2221.0625,0.0132719420397903,"Extremely Low","Rare good event - unusually low cases to date",-1.69089558894711,"Normal",68.1696322053718,"Average - typical case load at this point","Maldives"
"MDV",1,2,1.88632522939321,105,1.88632522939321,105,105,105,0.0480501982928266,0.0480501982928266,2025,2025-02-01,74,"SEARO",2,"2025/2026","Observed",74,146,3011,2805,NA,3011,"South Asia","Maldives",1.88632522939321,105,42.4471236620274,"Normal","Average - typical case load at this point",-0.401896531319489,"Normal",68.1696322053718,"Average - typical case load at this point","Maldives"
"MDV",2,3,2.10441924737671,110.875,2.01232676528985,215.875,110.875,215.875,0.100262565976722,0.0522123676838951,2025,2025-03-01,69,"SEARO",2,"2025/2026","Observed",143,215,3011,2805,NA,3011,"South Asia","Maldives",2.01232676528985,215.875,38.3755040929252,"Normal","Average - typical case load at this point",-0.47666214060416,"Normal",68.1696322053718,"Average - typical case load at this point","Maldives"
"MDV",3,4,1.71500443960502,144.5,2.08670948245382,360.375,144.5,360.375,0.162994309147874,0.0627317431711523,2025,2025-04-01,120,"SEARO",2,"2025/2026","Observed",263,335,3011,2805,NA,3011,"South Asia","Maldives",2.08670948245382,360.375,42.4478361609939,"Normal","Average - typical case load at this point",-0.389197525677308,"Normal",68.1696322053718,"Average - typical case load at this point","Maldives"
"MDV",4,5,1.42054669252092,201.3125,1.9693231023201,561.687499999999,201.3125,561.6875,0.247027609675341,0.0840333005274667,2025,2025-05-01,116,"SEARO",2,"2025/2026","Observed",379,451,3011,2805,NA,3011,"South Asia","Maldives",1.9693231023201,561.687499999999,39.3903504953939,"Normal","Average - typical case load at this point",-0.455630257249356,"Normal",68.1696322053718,"Average - typical case load at this point","Maldives"
"MDV",5,6,1.46817521056211,277.125,1.93098766718829,838.812500000001,277.125,838.8125,0.360220719994863,0.113193110319522,2025,2025-06-01,165,"SEARO",2,"2025/2026","Observed",544,616,3011,2805,NA,3011,"South Asia","Maldives",1.93098766718829,838.812500000001,37.8263160615999,"Normal","Average - typical case load at this point",-0.487833298188768,"Normal",68.1696322053718,"Average - typical case load at this point","Maldives"
"MDV",6,7,2.03352987849968,300.5,2.10018526356306,1139.3125,300.5,1139.3125,0.492817739137757,0.132597019142894,2025,2025-07-01,168,"SEARO",2,"2025/2026","Observed",712,784,3011,2805,NA,3011,"South Asia","Maldives",2.10018526356306,1139.3125,34.8020947811159,"Normal","Average - typical case load at this point",-0.54303975174752,"Normal",68.1696322053718,"Average - typical case load at this point","Maldives"
"MDV",7,8,2.28779033133281,207.75,2.22208064736564,1347.0625,207.75,1347.0625,0.585216513472557,0.0923987743348002,2025,2025-08-01,256,"SEARO",2,"2025/2026","Observed",968,1040,3011,2805,NA,3011,"South Asia","Maldives",2.22208064736564,1347.0625,40.7142577484208,"Normal","Average - typical case load at this point",-0.419126459967421,"Normal",68.1696322053718,"Average - typical case load at this point","Maldives"
"MDV",8,9,2.19860484653026,166.4375,2.28127428225891,1513.5,166.4375,1513.5,0.658466958992694,0.0732504455201364,2025,2025-09-01,252,"SEARO",2,"2025/2026","Observed",1220,1292,3011,2805,NA,3011,"South Asia","Maldives",2.28127428225891,1513.5,46.5173446849279,"Normal","Average - typical case load at this point",-0.292676178935606,"Normal",68.1696322053718,"Average - typical case load at this point","Maldives"
"MDV",9,10,1.44746297800032,200.25,2.29540755688019,1713.75,200.25,1713.75,0.742904368210831,0.0844374092181376,2025,2025-10-01,373,"SEARO",2,"2025/2026","Observed",1593,1665,3011,2805,NA,3011,"South Asia","Maldives",2.29540755688019,1713.75,54.547250250883,"Normal","Average - typical case load at this point",-0.106678996412135,"Normal",68.1696322053718,"Average - typical case load at this point","Maldives"
"MDV",10,11,1.58916333627456,158,2.31894486420424,1871.75,158,1871.75,0.810606053870275,0.0677016856594432,2025,2025-11-01,376,"SEARO",2,"2025/2026","Observed",1969,2041,3011,2805,NA,3011,"South Asia","Maldives",2.31894486420424,1871.75,61.7120884643953,"Normal","Average - typical case load at this point",0.0790711615334314,"Normal",68.1696322053718,"Average - typical case load at this point","Maldives"
"MDV",11,12,1.60296032292612,151.125,2.3184122920982,2022.875,151.125,2022.875,0.874279496866981,0.0636734429967068,2025,2025-12-01,411,"SEARO",2,"2025/2026","Observed",2380,2452,3011,2805,NA,3011,"South Asia","Maldives",2.3184122920982,2022.875,68.1696322053718,"Normal","Average - typical case load at this point",0.268656784331213,"Normal",68.1696322053718,"Average - typical case load at this point","Maldives"
"MDV",12,1,1.45481500807334,198.1875,3.05812058828241,2221.0625,198.1875,2221.0625,1,0.125720503133019,2026,2026-01-01,631,"SEARO",2,"2025/2026","Observed",3011,631,3011,13761,NA,3011,"South Asia","Maldives",3.05812058828241,2221.0625,77.2603382933644,"High","Above average - more cases than typical at this point",0.6215276820911,"Normal",45.6981209230716,"Average - typical case load at this point","Maldives"
"MDV",1,2,1.88632522939321,105,1.88632522939321,105,105,105,0.0480501982928266,0.0480501982928266,2026,2026-02-01,420,"SEARO",2,"2026/2027","Observed",420,1051,9890,13761,NA,9890,"South Asia","Maldives",1.88632522939321,105,99.6165254815041,"Extremely High","Rare bad event - unusually high cases to date",4.08378733437546,"Normal",45.6981209230716,"Average - typical case load at this point","Maldives"
"MDV",2,3,2.10441924737671,110.875,2.01232676528985,215.875,110.875,215.875,0.100262565976722,0.0522123676838951,2026,2026-03-01,591,"SEARO",2,"2026/2027","Observed",1011,1642,9890,13761,NA,9890,"South Asia","Maldives",2.01232676528985,215.875,99.911474799785,"Extremely High","Rare bad event - unusually high cases to date",5.20076822707213,"Normal",45.6981209230716,"Average - typical case load at this point","Maldives"
"MDV",3,4,1.71500443960502,144.5,2.08670948245382,360.375,144.5,360.375,0.162994309147874,0.0627317431711523,2026,2026-04-01,601,"SEARO",2,"2026/2027","Observed",1612,2243,9890,13761,NA,9890,"South Asia","Maldives",2.08670948245382,360.375,99.8906802581329,"Extremely High","Rare bad event - unusually high cases to date",5.00261209834004,"Normal",45.6981209230716,"Average - typical case load at this point","Maldives"
"MDV",4,5,1.42054669252092,201.3125,1.9693231023201,561.687499999999,201.3125,561.6875,0.247027609675341,0.0840333005274667,2026,2026-05-01,NA,"SEARO",2,"2026/2027","Unobserved",1612,2243,9890,13761,NA,9890,"South Asia","Maldives",1.9693231023201,561.687499999999,97.7599843093178,"Extremely High","Rare bad event - unusually high cases to date",2.61952325455883,"Normal",45.6981209230716,"Average - typical case load at this point","Maldives"
"MDV",5,6,1.46817521056211,277.125,1.93098766718829,838.812500000001,277.125,838.8125,0.360220719994863,0.113193110319522,2026,2026-06-01,NA,"SEARO",2,"2026/2027","Unobserved",1612,2243,9890,13761,NA,9890,"South Asia","Maldives",1.93098766718829,838.812500000001,89.3642216965357,"High","Above average - more cases than typical at this point",1.27941185751393,"Normal",45.6981209230716,"Average - typical case load at this point","Maldives"
"MDV",6,7,2.03352987849968,300.5,2.10018526356306,1139.3125,300.5,1139.3125,0.492817739137757,0.132597019142894,2026,2026-07-01,NA,"SEARO",2,"2026/2027","Unobserved",1612,2243,9890,13761,NA,9890,"South Asia","Maldives",2.10018526356306,1139.3125,77.6128420079568,"High","Above average - more cases than typical at this point",0.60070347264393,"Normal",45.6981209230716,"Average - typical case load at this point","Maldives"
"MDV",7,8,2.28779033133281,207.75,2.22208064736564,1347.0625,207.75,1347.0625,0.585216513472557,0.0923987743348002,2026,2026-08-01,NA,"SEARO",2,"2026/2027","Unobserved",1612,2243,9890,13761,NA,9890,"South Asia","Maldives",2.22208064736564,1347.0625,69.0898032710988,"Normal","Average - typical case load at this point",0.292939334509795,"Normal",45.6981209230716,"Average - typical case load at this point","Maldives"
"MDV",8,9,2.19860484653026,166.4375,2.28127428225891,1513.5,166.4375,1513.5,0.658466958992694,0.0732504455201364,2026,2026-09-01,NA,"SEARO",2,"2026/2027","Unobserved",1612,2243,9890,13761,NA,9890,"South Asia","Maldives",2.28127428225891,1513.5,62.4776663334944,"Normal","Average - typical case load at this point",0.0982235217211475,"Normal",45.6981209230716,"Average - typical case load at this point","Maldives"
"MDV",9,10,1.44746297800032,200.25,2.29540755688019,1713.75,200.25,1713.75,0.742904368210831,0.0844374092181376,2026,2026-10-01,NA,"SEARO",2,"2026/2027","Unobserved",1612,2243,9890,13761,NA,9890,"South Asia","Maldives",2.29540755688019,1713.75,55.2343235740447,"Normal","Average - typical case load at this point",-0.0898930673700599,"Normal",45.6981209230716,"Average - typical case load at this point","Maldives"
"MDV",10,11,1.58916333627456,158,2.31894486420424,1871.75,158,1871.75,0.810606053870275,0.0677016856594432,2026,2026-11-01,NA,"SEARO",2,"2026/2027","Unobserved",1612,2243,9890,13761,NA,9890,"South Asia","Maldives",2.31894486420424,1871.75,50.0709218213239,"Normal","Average - typical case load at this point",-0.211195210368207,"Normal",45.6981209230716,"Average - typical case load at this point","Maldives"
"MDV",11,12,1.60296032292612,151.125,2.3184122920982,2022.875,151.125,2022.875,0.874279496866981,0.0636734429967068,2026,2026-12-01,NA,"SEARO",2,"2026/2027","Unobserved",1612,2243,9890,13761,NA,9890,"South Asia","Maldives",2.3184122920982,2022.875,45.6981209230716,"Normal","Average - typical case load at this point",-0.309091652116446,"Normal",45.6981209230716,"Average - typical case load at this point","Maldives"
"MEX",11,1,1.89556906113667,5399.93749999999,2.13023504372421,159644.125,5399.9375,159644.125,0.967883831722981,0.0355922382545011,2025,2025-01-01,11125,"PAHO",3,"2024/2025","Observed",11125,11125,19412,155800,NA,19412,"North & Central America","Mexico",2.13023504372421,159644.125,0.687231736801006,"Extremely Low","Rare good event - unusually low cases to date",-1.35781407411607,"Normal",48.0026574593172,"Average - typical case load at this point","Mexico"
"MEX",12,2,2.28497648553198,4662.74999999999,2.16202453562424,164306.875,4662.75,164306.875,1,0.0321161682770194,2025,2025-02-01,8287,"PAHO",3,"2024/2025","Observed",19412,19412,19412,155800,NA,19412,"North & Central America","Mexico",2.16202453562424,164306.875,1.88497602663204,"Extremely Low","Rare good event - unusually low cases to date",-1.29665590028643,"Normal",48.0026574593172,"Average - typical case load at this point","Mexico"
"MEX",1,3,2.31100672062842,4627.37500000001,2.31100672062842,4627.37500000001,4627.375,4627.375,0.031114043989153,0.031114043989153,2025,2025-03-01,9680,"PAHO",3,"2025/2026","Observed",9680,29092,136943,155800,NA,136943,"North & Central America","Mexico",2.31100672062842,4627.37500000001,93.1230674406999,"High","Above average - more cases than typical at this point",1.6594896730634,"Normal",48.0026574593172,"Average - typical case load at this point","Mexico"
"MEX",2,4,2.62718131253342,4321.4375,2.5730272163245,8948.81250000001,4321.4375,8948.8125,0.0605136140509094,0.0293995700617564,2025,2025-04-01,6002,"PAHO",3,"2025/2026","Observed",15682,35094,136943,155800,NA,136943,"North & Central America","Mexico",2.5730272163245,8948.81250000001,88.3270720417119,"High","Above average - more cases than typical at this point",1.20674376367153,"Normal",48.0026574593172,"Average - typical case load at this point","Mexico"
"MEX",3,5,3.02911157422824,5973.125,2.82503599149548,14921.9375,5973.125,14921.9375,0.102075727711113,0.0415621136602036,2025,2025-05-01,7905,"PAHO",3,"2025/2026","Observed",23587,42999,136943,155800,NA,136943,"North & Central America","Mexico",2.82503599149548,14921.9375,84.7279527077788,"High","Above average - more cases than typical at this point",0.975927079850717,"Normal",48.0026574593172,"Average - typical case load at this point","Mexico"
"MEX",4,6,2.06033596602064,10246.75,2.51824518707328,25168.6875,10246.75,25168.6875,0.165400877094565,0.0633251493834517,2025,2025-06-01,12409,"PAHO",3,"2025/2026","Observed",35996,55408,136943,155800,NA,136943,"North & Central America","Mexico",2.51824518707328,25168.6875,79.0757634551024,"High","Above average - more cases than typical at this point",0.682633164613546,"Normal",48.0026574593172,"Average - typical case load at this point","Mexico"
"MEX",5,7,2.10551676749999,14021.9375,2.39578273640116,39190.6249999999,14021.9375,39190.625,0.251589575070228,0.086188697975663,2025,2025-07-01,11822,"PAHO",3,"2025/2026","Observed",47818,67230,136943,155800,NA,136943,"North & Central America","Mexico",2.39578273640116,39190.6249999999,70.2664518129187,"Normal","Average - typical case load at this point",0.340727296629386,"Normal",48.0026574593172,"Average - typical case load at this point","Mexico"
"MEX",6,8,1.65024485515847,21118.6875,2.13885219730834,60309.3124999999,21118.6875,60309.3125,0.372136518960405,0.120546943890177,2025,2025-08-01,13638,"PAHO",3,"2025/2026","Observed",61456,80868,136943,155800,NA,136943,"North & Central America","Mexico",2.13885219730834,60309.3124999999,60.1486596440365,"Normal","Average - typical case load at this point",0.0278063117004102,"Normal",48.0026574593172,"Average - typical case load at this point","Mexico"
"MEX",7,9,1.40767848538648,31406.1875,1.92558992248286,91715.4999999999,31406.1875,91715.5,0.54226021495516,0.170123695994755,2025,2025-09-01,21031,"PAHO",3,"2025/2026","Observed",82487,101899,136943,155800,NA,136943,"North & Central America","Mexico",1.92558992248286,91715.4999999999,53.9737577376776,"Normal","Average - typical case load at this point",-0.139625815193949,"Normal",48.0026574593172,"Average - typical case load at this point","Mexico"
"MEX",8,10,2.23173502994672,33039.1875,2.02715158603933,124754.6875,33039.1875,124754.6875,0.747049736001685,0.204789521046525,2025,2025-10-01,21250,"PAHO",3,"2025/2026","Observed",103737,123149,136943,155800,NA,136943,"North & Central America","Mexico",2.02715158603933,124754.6875,49.3862205407196,"Normal","Average - typical case load at this point",-0.239865419650176,"Normal",48.0026574593172,"Average - typical case load at this point","Mexico"
"MEX",9,11,2.50383136744417,20915,2.10302803109265,145669.6875,20915,145669.6875,0.880888193097973,0.133838457096288,2025,2025-11-01,14725,"PAHO",3,"2025/2026","Observed",118462,137874,136943,155800,NA,136943,"North & Central America","Mexico",2.10302803109265,145669.6875,47.8299971219819,"Normal","Average - typical case load at this point",-0.270858106434526,"Normal",48.0026574593172,"Average - typical case load at this point","Mexico"
"MEX",10,12,1.79617831384063,8574.50000000002,2.10281343975506,154244.1875,8574.5,154244.1875,0.932291593468479,0.0514034003705064,2025,2025-12-01,7377,"PAHO",3,"2025/2026","Observed",125839,145251,136943,155800,NA,136943,"North & Central America","Mexico",2.10281343975506,154244.1875,48.0026574593172,"Normal","Average - typical case load at this point",-0.267046115407672,"Normal",48.0026574593172,"Average - typical case load at this point","Mexico"
"MEX",11,1,1.89556906113667,5399.93749999999,2.13023504372421,159644.125,5399.9375,159644.125,0.967883831722981,0.0355922382545011,2026,2026-01-01,6252,"PAHO",3,"2025/2026","Observed",132091,6252,136943,320771,NA,136943,"North & Central America","Mexico",2.13023504372421,159644.125,48.6262441681126,"Normal","Average - typical case load at this point",-0.251900359033755,"Extremely Low",0.431182797599058,"Rare good event - unusually low cases to date","Mexico"
"MEX",12,2,2.28497648553198,4662.74999999999,2.16202453562424,164306.875,4662.75,164306.875,1,0.0321161682770194,2026,2026-02-01,4852,"PAHO",3,"2025/2026","Observed",136943,11104,136943,320771,NA,136943,"North & Central America","Mexico",2.16202453562424,164306.875,48.874504522178,"Normal","Average - typical case load at this point",-0.24487774307718,"Extremely Low",0.431182797599058,"Rare good event - unusually low cases to date","Mexico"
"MEX",1,3,2.31100672062842,4627.37500000001,2.31100672062842,4627.37500000001,4627.375,4627.375,0.031114043989153,0.031114043989153,2026,2026-03-01,4950,"PAHO",3,"2026/2027","Observed",4950,16054,137275,320771,NA,137275,"North & Central America","Mexico",2.31100672062842,4627.37500000001,62.689245548214,"Normal","Average - typical case load at this point",0.105963307344611,"Extremely Low",0.431182797599058,"Rare good event - unusually low cases to date","Mexico"
"MEX",2,4,2.62718131253342,4321.4375,2.5730272163245,8948.81250000001,4321.4375,8948.8125,0.0605136140509094,0.0293995700617564,2026,2026-04-01,3357,"PAHO",3,"2026/2027","Observed",8307,19411,137275,320771,NA,137275,"North & Central America","Mexico",2.5730272163245,8948.81250000001,53.6958321070753,"Normal","Average - typical case load at this point",-0.115027723767005,"Extremely Low",0.431182797599058,"Rare good event - unusually low cases to date","Mexico"
"MEX",3,5,3.02911157422824,5973.125,2.82503599149548,14921.9375,5973.125,14921.9375,0.102075727711113,0.0415621136602036,2026,2026-05-01,NA,NA,3,"2026/2027","Unobserved",8307,19411,137275,320771,NA,137275,"North & Central America","Mexico",2.82503599149548,14921.9375,24.539282568936,"Low","Below average - fewer cases than typical at this point",-0.745025975031341,"Extremely Low",0.431182797599058,"Rare good event - unusually low cases to date","Mexico"
"MEX",4,6,2.06033596602064,10246.75,2.51824518707328,25168.6875,10246.75,25168.6875,0.165400877094565,0.0633251493834517,2026,2026-06-01,NA,NA,3,"2026/2027","Unobserved",8307,19411,137275,320771,NA,137275,"North & Central America","Mexico",2.51824518707328,25168.6875,10.3802754732108,"Low","Below average - fewer cases than typical at this point",-1.06308440795901,"Extremely Low",0.431182797599058,"Rare good event - unusually low cases to date","Mexico"
"MEX",5,7,2.10551676749999,14021.9375,2.39578273640116,39190.6249999999,14021.9375,39190.625,0.251589575070228,0.086188697975663,2026,2026-07-01,NA,NA,3,"2026/2027","Unobserved",8307,19411,137275,320771,NA,137275,"North & Central America","Mexico",2.39578273640116,39190.6249999999,4.67499375159084,"Extremely Low","Rare good event - unusually low cases to date",-1.21970982556868,"Extremely Low",0.431182797599058,"Rare good event - unusually low cases to date","Mexico"
"MEX",6,8,1.65024485515847,21118.6875,2.13885219730834,60309.3124999999,21118.6875,60309.3125,0.372136518960405,0.120546943890177,2026,2026-08-01,NA,NA,3,"2026/2027","Unobserved",8307,19411,137275,320771,NA,137275,"North & Central America","Mexico",2.13885219730834,60309.3124999999,2.63297183538695,"Extremely Low","Rare good event - unusually low cases to date",-1.26101706918141,"Extremely Low",0.431182797599058,"Rare good event - unusually low cases to date","Mexico"
"MEX",7,9,1.40767848538648,31406.1875,1.92558992248286,91715.4999999999,31406.1875,91715.5,0.54226021495516,0.170123695994755,2026,2026-09-01,NA,NA,3,"2026/2027","Unobserved",8307,19411,137275,320771,NA,137275,"North & Central America","Mexico",1.92558992248286,91715.4999999999,1.65399625413829,"Extremely Low","Rare good event - unusually low cases to date",-1.26195804373458,"Extremely Low",0.431182797599058,"Rare good event - unusually low cases to date","Mexico"
"MEX",8,10,2.23173502994672,33039.1875,2.02715158603933,124754.6875,33039.1875,124754.6875,0.747049736001685,0.204789521046525,2026,2026-10-01,NA,NA,3,"2026/2027","Unobserved",8307,19411,137275,320771,NA,137275,"North & Central America","Mexico",2.02715158603933,124754.6875,0.769249419834223,"Extremely Low","Rare good event - unusually low cases to date",-1.32896511233598,"Extremely Low",0.431182797599058,"Rare good event - unusually low cases to date","Mexico"
"MEX",9,11,2.50383136744417,20915,2.10302803109265,145669.6875,20915,145669.6875,0.880888193097973,0.133838457096288,2026,2026-11-01,NA,NA,3,"2026/2027","Unobserved",8307,19411,137275,320771,NA,137275,"North & Central America","Mexico",2.10302803109265,145669.6875,0.483894851166807,"Extremely Low","Rare good event - unusually low cases to date",-1.36747371238395,"Extremely Low",0.431182797599058,"Rare good event - unusually low cases to date","Mexico"
"MEX",10,12,1.79617831384063,8574.50000000002,2.10281343975506,154244.1875,8574.5,154244.1875,0.932291593468479,0.0514034003705064,2026,2026-12-01,NA,NA,3,"2026/2027","Unobserved",8307,19411,137275,320771,NA,137275,"North & Central America","Mexico",2.10281343975506,154244.1875,0.431182797599058,"Extremely Low","Rare good event - unusually low cases to date",-1.37200147034397,"Extremely Low",0.431182797599058,"Rare good event - unusually low cases to date","Mexico"
"MHL",8,1,0.333824186852444,185.4,1.40810742073851,693.2,185.4,693.2,0.761258968088342,0.113132026761582,2025,2025-01-01,0,"WHO",6,"2024/2025","Observed",0,0,0,0,NA,0,"Pacific Islands","Marshall Islands",1.40810742073851,693.2,0.0161369029512397,"Extremely Low","Rare good event - unusually low cases to date",-1.18543363783153,"Unknown",0.00482888646526229,"Cannot determine","Marshall Islands"
"MHL",9,2,0.243760423615117,147.6,1.39837335820921,840.799999999999,147.6,840.8,0.854820523549553,0.0935615554612101,2025,2025-02-01,0,"WHO",6,"2024/2025","Observed",0,0,0,0,NA,0,"Pacific Islands","Marshall Islands",1.39837335820921,840.799999999999,0.0129662372757215,"Extremely Low","Rare good event - unusually low cases to date",-1.18154624131808,"Unknown",0.00482888646526229,"Cannot determine","Marshall Islands"
"MHL",10,3,0.437574788674764,86.9999999999999,1.54278860529401,927.799999999998,87,927.8,0.951620816998461,0.0968002934489081,2025,2025-03-01,0,"WHO",6,"2024/2025","Observed",0,0,0,0,NA,0,"Pacific Islands","Marshall Islands",1.54278860529401,927.799999999998,0.00514338453469015,"Extremely Low","Rare good event - unusually low cases to date",-1.24105900105753,"Unknown",0.00482888646526229,"Cannot determine","Marshall Islands"
"MHL",11,4,0.352926557784839,27.4,1.54587849770416,955.199999999998,27.4,955.2,0.978655215754475,0.0270343987560141,2025,2025-04-01,0,"WHO",6,"2024/2025","Observed",0,0,0,0,NA,0,"Pacific Islands","Marshall Islands",1.54587849770416,955.199999999998,0.0048360718632695,"Extremely Low","Rare good event - unusually low cases to date",-1.24232874800213,"Unknown",0.00482888646526229,"Cannot determine","Marshall Islands"
"MHL",12,5,NA,NA,1.53947710814749,978,22.8,978,1,0.0213447842455253,2025,2025-05-01,0,"WHO",6,"2024/2025","Observed",0,0,0,0,NA,0,"Pacific Islands","Marshall Islands",1.53947710814749,978,0.00482888646526229,"Extremely Low","Rare good event - unusually low cases to date",-1.23978127678681,"Unknown",0.00482888646526229,"Cannot determine","Marshall Islands"
"MHL",1,6,NA,NA,NA,NA,22,22,0.0349195390958301,0.0349195390958301,2025,2025-06-01,0,"WHO",6,"2025/2026","Observed",0,0,0,0,NA,0,"Pacific Islands","Marshall Islands",NA,NA,NA,"Unknown","Cannot determine",NA,"Unknown",0.00482888646526229,"Cannot determine","Marshall Islands"
"MHL",2,7,NA,NA,NA,NA,22.4,44.4,0.0670655548769595,0.0321460157811294,2025,2025-07-01,0,"WHO",6,"2025/2026","Observed",0,0,0,0,NA,0,"Pacific Islands","Marshall Islands",NA,NA,NA,"Unknown","Cannot determine",NA,"Unknown",0.00482888646526229,"Cannot determine","Marshall Islands"
"MHL",3,8,NA,NA,NA,NA,31.4,75.8,0.10754146421016,0.0404759093332003,2025,2025-08-01,0,"WHO",6,"2025/2026","Observed",0,0,0,0,NA,0,"Pacific Islands","Marshall Islands",NA,NA,NA,"Unknown","Cannot determine",NA,"Unknown",0.00482888646526229,"Cannot determine","Marshall Islands"
"MHL",4,9,NA,NA,NA,NA,43,118.8,0.160902966098835,0.0533615018886753,2025,2025-09-01,0,"WHO",6,"2025/2026","Observed",0,0,0,0,NA,0,"Pacific Islands","Marshall Islands",NA,NA,NA,"Unknown","Cannot determine",NA,"Unknown",0.00482888646526229,"Cannot determine","Marshall Islands"
"MHL",5,10,NA,NA,NA,NA,74.2,193,0.250319898256079,0.089416932157244,2025,2025-10-01,0,"WHO",6,"2025/2026","Observed",0,0,0,0,NA,0,"Pacific Islands","Marshall Islands",NA,NA,NA,"Unknown","Cannot determine",NA,"Unknown",0.00482888646526229,"Cannot determine","Marshall Islands"
"MHL",6,11,NA,NA,NA,NA,122.8,315.8,0.401835347125691,0.151515448869612,2025,2025-11-01,0,"WHO",6,"2025/2026","Observed",0,0,0,0,NA,0,"Pacific Islands","Marshall Islands",NA,NA,NA,"Unknown","Cannot determine",NA,"Unknown",0.00482888646526229,"Cannot determine","Marshall Islands"
"MHL",7,12,0.612480954221535,192,NA,NA,192,507.8,0.64812694132676,0.246291594201069,2025,2025-12-01,0,"WHO",6,"2025/2026","Observed",0,0,0,0,NA,0,"Pacific Islands","Marshall Islands",NA,NA,NA,"Unknown","Cannot determine",NA,"Unknown",0.00482888646526229,"Cannot determine","Marshall Islands"
"MHL",8,1,0.333824186852444,185.4,1.40810742073851,693.2,185.4,693.2,0.761258968088342,0.113132026761582,2026,2026-01-01,0,"WHO",6,"2025/2026","Observed",0,0,0,0,NA,0,"Pacific Islands","Marshall Islands",1.40810742073851,693.2,0.0161369029512397,"Extremely Low","Rare good event - unusually low cases to date",-1.18543363783153,"Unknown",0.00482888646526229,"Cannot determine","Marshall Islands"
"MHL",9,2,0.243760423615117,147.6,1.39837335820921,840.799999999999,147.6,840.8,0.854820523549553,0.0935615554612101,2026,2026-02-01,0,"WHO",6,"2025/2026","Observed",0,0,0,0,NA,0,"Pacific Islands","Marshall Islands",1.39837335820921,840.799999999999,0.0129662372757215,"Extremely Low","Rare good event - unusually low cases to date",-1.18154624131808,"Unknown",0.00482888646526229,"Cannot determine","Marshall Islands"
"MHL",10,3,0.437574788674764,86.9999999999999,1.54278860529401,927.799999999998,87,927.8,0.951620816998461,0.0968002934489081,2026,2026-03-01,0,"WHO",6,"2025/2026","Observed",0,0,0,0,NA,0,"Pacific Islands","Marshall Islands",1.54278860529401,927.799999999998,0.00514338453469015,"Extremely Low","Rare good event - unusually low cases to date",-1.24105900105753,"Unknown",0.00482888646526229,"Cannot determine","Marshall Islands"
"MHL",11,4,0.352926557784839,27.4,1.54587849770416,955.199999999998,27.4,955.2,0.978655215754475,0.0270343987560141,2026,2026-04-01,0,"WHO",6,"2025/2026","Observed",0,0,0,0,NA,0,"Pacific Islands","Marshall Islands",1.54587849770416,955.199999999998,0.0048360718632695,"Extremely Low","Rare good event - unusually low cases to date",-1.24232874800213,"Unknown",0.00482888646526229,"Cannot determine","Marshall Islands"
"MHL",12,5,NA,NA,1.53947710814749,978,22.8,978,1,0.0213447842455253,2026,2026-05-01,NA,NA,6,"2025/2026","Unobserved",0,0,0,0,NA,0,"Pacific Islands","Marshall Islands",1.53947710814749,978,0.00482888646526229,"Extremely Low","Rare good event - unusually low cases to date",-1.23978127678681,"Unknown",0.00482888646526229,"Cannot determine","Marshall Islands"
"MHL",1,6,NA,NA,NA,NA,22,22,0.0349195390958301,0.0349195390958301,2026,2026-06-01,NA,NA,6,"2026/2027","Unobserved",0,0,NA,0,NA,NA,"Pacific Islands","Marshall Islands",NA,NA,NA,"Unknown","Cannot determine",NA,"Unknown",0.00482888646526229,"Cannot determine","Marshall Islands"
"MHL",2,7,NA,NA,NA,NA,22.4,44.4,0.0670655548769595,0.0321460157811294,2026,2026-07-01,NA,NA,6,"2026/2027","Unobserved",0,0,NA,0,NA,NA,"Pacific Islands","Marshall Islands",NA,NA,NA,"Unknown","Cannot determine",NA,"Unknown",0.00482888646526229,"Cannot determine","Marshall Islands"
"MHL",3,8,NA,NA,NA,NA,31.4,75.8,0.10754146421016,0.0404759093332003,2026,2026-08-01,NA,NA,6,"2026/2027","Unobserved",0,0,NA,0,NA,NA,"Pacific Islands","Marshall Islands",NA,NA,NA,"Unknown","Cannot determine",NA,"Unknown",0.00482888646526229,"Cannot determine","Marshall Islands"
"MHL",4,9,NA,NA,NA,NA,43,118.8,0.160902966098835,0.0533615018886753,2026,2026-09-01,NA,NA,6,"2026/2027","Unobserved",0,0,NA,0,NA,NA,"Pacific Islands","Marshall Islands",NA,NA,NA,"Unknown","Cannot determine",NA,"Unknown",0.00482888646526229,"Cannot determine","Marshall Islands"
"MHL",5,10,NA,NA,NA,NA,74.2,193,0.250319898256079,0.089416932157244,2026,2026-10-01,NA,NA,6,"2026/2027","Unobserved",0,0,NA,0,NA,NA,"Pacific Islands","Marshall Islands",NA,NA,NA,"Unknown","Cannot determine",NA,"Unknown",0.00482888646526229,"Cannot determine","Marshall Islands"
"MHL",6,11,NA,NA,NA,NA,122.8,315.8,0.401835347125691,0.151515448869612,2026,2026-11-01,NA,NA,6,"2026/2027","Unobserved",0,0,NA,0,NA,NA,"Pacific Islands","Marshall Islands",NA,NA,NA,"Unknown","Cannot determine",NA,"Unknown",0.00482888646526229,"Cannot determine","Marshall Islands"
"MHL",7,12,0.612480954221535,192,NA,NA,192,507.8,0.64812694132676,0.246291594201069,2026,2026-12-01,NA,NA,6,"2026/2027","Unobserved",0,0,NA,0,NA,NA,"Pacific Islands","Marshall Islands",NA,NA,NA,"Unknown","Cannot determine",NA,"Unknown",0.00482888646526229,"Cannot determine","Marshall Islands"
"MMR",12,1,0.199842519048785,37.625,2.88662791964624,17297.1249999999,37.625,17297.125,1,0.00350116214760789,2025,2025-01-01,172,"SEARO",2,"2024/2025","Observed",172,172,172,12082,NA,172,"East & Southeast Asia","Myanmar",2.88662791964624,17297.1249999999,0.0006857556367143,"Extremely Low","Rare good event - unusually low cases to date",-1.68197290183819,"Normal",34.7132491195717,"Average - typical case load at this point","Myanmar"
"MMR",1,2,0.206764102777706,23.0625,0.206764102777706,23.0625,23.0625,23.0625,0.00266057465432388,0.00266057465432388,2025,2025-02-01,120,"SEARO",2,"2025/2026","Observed",120,292,11998,12082,NA,11998,"East & Southeast Asia","Myanmar",0.206764102777706,23.0625,95.1503517952838,"Extremely High","Rare bad event - unusually high cases to date",1.90276375270355,"Normal",34.7132491195717,"Average - typical case load at this point","Myanmar"
"MMR",2,3,0.310369036703889,120.4375,0.302984081566995,143.5,120.4375,143.5,0.00907801134933879,0.00641743669501491,2025,2025-03-01,167,"SEARO",2,"2025/2026","Observed",287,459,11998,12082,NA,11998,"East & Southeast Asia","Myanmar",0.302984081566995,143.5,84.3268475177564,"High","Above average - more cases than typical at this point",0.549859720893075,"Normal",34.7132491195717,"Average - typical case load at this point","Myanmar"
"MMR",3,4,0.391277610940617,288.25,0.372406552239336,431.75,288.25,431.75,0.0232874399896268,0.014209428640288,2025,2025-04-01,235,"SEARO",2,"2025/2026","Observed",522,694,11998,12082,NA,11998,"East & Southeast Asia","Myanmar",0.372406552239336,431.75,74.5666315825229,"Normal","Average - typical case load at this point",0.127507667471797,"Normal",34.7132491195717,"Average - typical case load at this point","Myanmar"
"MMR",4,5,0.8403143934226,1533.25,0.83752264307136,1965,1533.25,1965,0.105874594522324,0.0825871545326973,2025,2025-05-01,699,"SEARO",2,"2025/2026","Observed",1221,1393,11998,12082,NA,11998,"East & Southeast Asia","Myanmar",0.83752264307136,1965,49.0523449997132,"Normal","Average - typical case load at this point",-0.346430504830577,"Normal",34.7132491195717,"Average - typical case load at this point","Myanmar"
"MMR",5,6,2.23258778670315,3890.625,2.20303850847997,5855.62499999999,3890.625,5855.625,0.324252081290463,0.218377486768139,2025,2025-06-01,1744,"SEARO",2,"2025/2026","Observed",2965,3137,11998,12082,NA,11998,"East & Southeast Asia","Myanmar",2.20303850847997,5855.62499999999,25.1341455003117,"Normal","Average - typical case load at this point",-0.732567860694254,"Normal",34.7132491195717,"Average - typical case load at this point","Myanmar"
"MMR",6,7,2.45690369117973,4259.87500000001,2.43469309135207,10115.5,4259.875,10115.5,0.567843766868559,0.243591685578096,2025,2025-07-01,3065,"SEARO",2,"2025/2026","Observed",6030,6202,11998,12082,NA,11998,"East & Southeast Asia","Myanmar",2.43469309135207,10115.5,30.1557644354296,"Normal","Average - typical case load at this point",-0.630126455169954,"Normal",34.7132491195717,"Average - typical case load at this point","Myanmar"
"MMR",7,8,3.07330491280799,3100.0625,2.60296524493404,13215.5625,3100.0625,13215.5625,0.751144844646029,0.18330107777747,2025,2025-08-01,2415,"SEARO",2,"2025/2026","Observed",8445,8617,11998,12082,NA,11998,"East & Southeast Asia","Myanmar",2.60296524493404,13215.5625,32.3684613815203,"Normal","Average - typical case load at this point",-0.582338302526592,"Normal",34.7132491195717,"Average - typical case load at this point","Myanmar"
"MMR",8,9,3.12748365060103,1993.1875,2.72056798284771,15208.75,1993.1875,15208.75,0.871407207627335,0.120262362981307,2025,2025-09-01,1576,"SEARO",2,"2025/2026","Observed",10021,10193,11998,12082,NA,11998,"East & Southeast Asia","Myanmar",2.72056798284771,15208.75,33.2282869561844,"Normal","Average - typical case load at this point",-0.562569870740029,"Normal",34.7132491195717,"Average - typical case load at this point","Myanmar"
"MMR",9,10,NA,NA,2.80430573611132,16361.3125,1152.5625,16361.3125,0.941433916152088,0.0700267085247533,2025,2025-10-01,943,"SEARO",2,"2025/2026","Observed",10964,11136,11998,12082,NA,11998,"East & Southeast Asia","Myanmar",2.80430573611132,16361.3125,33.6489991548445,"Normal","Average - typical case load at this point",-0.552376112170018,"Normal",34.7132491195717,"Average - typical case load at this point","Myanmar"
"MMR",10,11,1.01044241525467,720.625,2.84688753570365,17081.9375,720.625,17081.9375,0.985117404616895,0.0436834884648061,2025,2025-11-01,594,"SEARO",2,"2025/2026","Observed",11558,11730,11998,12082,NA,11998,"East & Southeast Asia","Myanmar",2.84688753570365,17081.9375,33.9378312665323,"Normal","Average - typical case load at this point",-0.545582706915313,"Normal",34.7132491195717,"Average - typical case load at this point","Myanmar"
"MMR",11,12,0.267800264749375,177.5625,2.86647306155403,17259.5,177.5625,17259.5,0.996498837852392,0.0113814332354975,2025,2025-12-01,310,"SEARO",2,"2025/2026","Observed",11868,12040,11998,12082,NA,11998,"East & Southeast Asia","Myanmar",2.86647306155403,17259.5,34.7132491195717,"Normal","Average - typical case load at this point",-0.528833879998413,"Normal",34.7132491195717,"Average - typical case load at this point","Myanmar"
"MMR",12,1,0.199842519048785,37.625,2.88662791964624,17297.1249999999,37.625,17297.125,1,0.00350116214760789,2026,2026-01-01,130,"SEARO",2,"2025/2026","Observed",11998,130,11998,23360,NA,11998,"East & Southeast Asia","Myanmar",2.88662791964624,17297.1249999999,35.0911221832965,"Normal","Average - typical case load at this point",-0.52046245813991,"Extremely Low",0.00879595241397177,"Rare good event - unusually low cases to date","Myanmar"
"MMR",1,2,0.206764102777706,23.0625,0.206764102777706,23.0625,23.0625,23.0625,0.00266057465432388,0.00266057465432388,2026,2026-02-01,99,"SEARO",2,"2026/2027","Observed",99,229,17778,23360,NA,17778,"East & Southeast Asia","Myanmar",0.206764102777706,23.0625,93.5358072622139,"High","Above average - more cases than typical at this point",1.49055961285288,"Extremely Low",0.00879595241397177,"Rare good event - unusually low cases to date","Myanmar"
"MMR",2,3,0.310369036703889,120.4375,0.302984081566995,143.5,120.4375,143.5,0.00907801134933879,0.00641743669501491,2026,2026-03-01,131,"SEARO",2,"2026/2027","Observed",230,360,17778,23360,NA,17778,"East & Southeast Asia","Myanmar",0.302984081566995,143.5,80.7290039523112,"High","Above average - more cases than typical at this point",0.331448542559241,"Extremely Low",0.00879595241397177,"Rare good event - unusually low cases to date","Myanmar"
"MMR",3,4,0.391277610940617,288.25,0.372406552239336,431.75,288.25,431.75,0.0232874399896268,0.014209428640288,2026,2026-04-01,184,"SEARO",2,"2026/2027","Observed",414,544,17778,23360,NA,17778,"East & Southeast Asia","Myanmar",0.372406552239336,431.75,69.9514635038738,"Normal","Average - typical case load at this point",-0.0250776852922368,"Extremely Low",0.00879595241397177,"Rare good event - unusually low cases to date","Myanmar"
"MMR",4,5,0.8403143934226,1533.25,0.83752264307136,1965,1533.25,1965,0.105874594522324,0.0825871545326973,2026,2026-05-01,NA,"SEARO",2,"2026/2027","Unobserved",414,544,17778,23360,NA,17778,"East & Southeast Asia","Myanmar",0.83752264307136,1965,22.9807776497318,"Low","Below average - fewer cases than typical at this point",-0.722195850796002,"Extremely Low",0.00879595241397177,"Rare good event - unusually low cases to date","Myanmar"
"MMR",5,6,2.23258778670315,3890.625,2.20303850847997,5855.62499999999,3890.625,5855.625,0.324252081290463,0.218377486768139,2026,2026-06-01,NA,"SEARO",2,"2026/2027","Unobserved",414,544,17778,23360,NA,17778,"East & Southeast Asia","Myanmar",2.20303850847997,5855.62499999999,0.619695839541009,"Extremely Low","Rare good event - unusually low cases to date",-1.37906493749635,"Extremely Low",0.00879595241397177,"Rare good event - unusually low cases to date","Myanmar"
"MMR",6,7,2.45690369117973,4259.87500000001,2.43469309135207,10115.5,4259.875,10115.5,0.567843766868559,0.243591685578096,2026,2026-07-01,NA,"SEARO",2,"2026/2027","Unobserved",414,544,17778,23360,NA,17778,"East & Southeast Asia","Myanmar",2.43469309135207,10115.5,0.110791215123697,"Extremely Low","Rare good event - unusually low cases to date",-1.49630933908488,"Extremely Low",0.00879595241397177,"Rare good event - unusually low cases to date","Myanmar"
"MMR",7,8,3.07330491280799,3100.0625,2.60296524493404,13215.5625,3100.0625,13215.5625,0.751144844646029,0.18330107777747,2026,2026-08-01,NA,"SEARO",2,"2026/2027","Unobserved",414,544,17778,23360,NA,17778,"East & Southeast Asia","Myanmar",2.60296524493404,13215.5625,0.0374865493314018,"Extremely Low","Rare good event - unusually low cases to date",-1.56267529792097,"Extremely Low",0.00879595241397177,"Rare good event - unusually low cases to date","Myanmar"
"MMR",8,9,3.12748365060103,1993.1875,2.72056798284771,15208.75,1993.1875,15208.75,0.871407207627335,0.120262362981307,2026,2026-09-01,NA,"SEARO",2,"2026/2027","Unobserved",414,544,17778,23360,NA,17778,"East & Southeast Asia","Myanmar",2.72056798284771,15208.75,0.0188598783320448,"Extremely Low","Rare good event - unusually low cases to date",-1.60437195222033,"Extremely Low",0.00879595241397177,"Rare good event - unusually low cases to date","Myanmar"
"MMR",9,10,NA,NA,2.80430573611132,16361.3125,1152.5625,16361.3125,0.941433916152088,0.0700267085247533,2026,2026-10-01,NA,"SEARO",2,"2026/2027","Unobserved",414,544,17778,23360,NA,17778,"East & Southeast Asia","Myanmar",2.80430573611132,16361.3125,0.012211699618635,"Extremely Low","Rare good event - unusually low cases to date",-1.6320927273176,"Extremely Low",0.00879595241397177,"Rare good event - unusually low cases to date","Myanmar"
"MMR",10,11,1.01044241525467,720.625,2.84688753570365,17081.9375,720.625,17081.9375,0.985117404616895,0.0436834884648061,2026,2026-11-01,NA,"SEARO",2,"2026/2027","Unobserved",414,544,17778,23360,NA,17778,"East & Southeast Asia","Myanmar",2.84688753570365,17081.9375,0.00958493980423005,"Extremely Low","Rare good event - unusually low cases to date",-1.64624209813113,"Extremely Low",0.00879595241397177,"Rare good event - unusually low cases to date","Myanmar"
"MMR",11,12,0.267800264749375,177.5625,2.86647306155403,17259.5,177.5625,17259.5,0.996498837852392,0.0113814332354975,2026,2026-12-01,NA,"SEARO",2,"2026/2027","Unobserved",414,544,17778,23360,NA,17778,"East & Southeast Asia","Myanmar",2.86647306155403,17259.5,0.00879595241397177,"Extremely Low","Rare good event - unusually low cases to date",-1.65231774562056,"Extremely Low",0.00879595241397177,"Rare good event - unusually low cases to date","Myanmar"
"MRT",9,1,1.12369019858878,219.666666666667,1.44075393546445,1694,219.666666666667,1694,0.827874902155984,0.109635975365756,2025,2025-01-01,102,"WHO",5,"2024/2025","Observed",102,102,244,8497,NA,244,"Sub-Saharan Africa","Mauritania",1.44075393546445,1694,2.2345578041833,"Extremely Low","Rare good event - unusually low cases to date",-1.12756077267258,"Extremely High",98.6165775019291,"Rare bad event - unusually high cases to date","Mauritania"
"MRT",10,2,0.958313454731303,167,1.44027174301385,1861,167,1861,0.905846473223436,0.0779715710674514,2025,2025-02-01,66,"WHO",5,"2024/2025","Observed",168,168,244,8497,NA,244,"Sub-Saharan Africa","Mauritania",1.44027174301385,1861,3.88275087480218,"Extremely Low","Rare good event - unusually low cases to date",-1.09135191474909,"Extremely High",98.6165775019291,"Rare bad event - unusually high cases to date","Mauritania"
"MRT",11,3,0.974862741526227,99,1.44406451957293,1960,99,1960,0.954131806869089,0.0482853336456534,2025,2025-03-01,35,"WHO",5,"2024/2025","Observed",203,203,244,8497,NA,244,"Sub-Saharan Africa","Mauritania",1.44406451957293,1960,4.64289535600104,"Extremely Low","Rare good event - unusually low cases to date",-1.0768347469549,"Extremely High",98.6165775019291,"Rare bad event - unusually high cases to date","Mauritania"
"MRT",12,4,1.078029559824,93.3333333333334,1.44631144668357,2053.33333333333,93.3333333333333,2053.33333333333,1,0.0458681931309109,2025,2025-04-01,41,"WHO",5,"2024/2025","Observed",244,244,244,8497,NA,244,"Sub-Saharan Africa","Mauritania",1.44631144668357,2053.33333333333,5.56339160277388,"Low","Below average - fewer cases than typical at this point",-1.05934431390138,"Extremely High",98.6165775019291,"Rare bad event - unusually high cases to date","Mauritania"
"MRT",1,5,1.02841486935713,148.333333333334,1.02841486935713,148.333333333334,148.333333333333,148.333333333333,0.0627557071609131,0.0627557071609131,2025,2025-05-01,3,"WHO",5,"2025/2026","Observed",3,247,6080,8497,NA,6093,"Sub-Saharan Africa","Mauritania",1.02841486935713,148.333333333334,2.43948412545475,"Extremely Low","Rare good event - unusually low cases to date",-0.99017130403281,"Extremely High",98.6165775019291,"Rare bad event - unusually high cases to date","Mauritania"
"MRT",2,6,0.992084251572646,154,1.11933683197385,302.333333333333,154,302.333333333333,0.134487338349974,0.071731631189061,2025,2025-06-01,179,"WHO",5,"2025/2026","Observed",182,426,6080,8497,NA,6093,"Sub-Saharan Africa","Mauritania",1.11933683197385,302.333333333333,43.5451504227712,"Normal","Average - typical case load at this point",-0.420317862257877,"Extremely High",98.6165775019291,"Rare bad event - unusually high cases to date","Mauritania"
"MRT",3,7,1.54692014992337,80.6666666666667,1.2096929642382,383,80.6666666666667,383,0.17452050283528,0.0400331644853063,2025,2025-07-01,82,"WHO",5,"2025/2026","Observed",264,508,6080,8497,NA,6093,"Sub-Saharan Africa","Mauritania",1.2096929642382,383,47.2636923199695,"Normal","Average - typical case load at this point",-0.34119369189244,"Extremely High",98.6165775019291,"Rare bad event - unusually high cases to date","Mauritania"
"MRT",4,8,1.1596996268211,190.333333333333,1.22138159443697,573.333333333333,190.333333333333,573.333333333333,0.267266902858704,0.092746400023424,2025,2025-08-01,37,"WHO",5,"2025/2026","Observed",301,545,6080,8497,NA,6093,"Sub-Saharan Africa","Mauritania",1.22138159443697,573.333333333333,37.3153572188808,"Normal","Average - typical case load at this point",-0.524393373178555,"Extremely High",98.6165775019291,"Rare bad event - unusually high cases to date","Mauritania"
"MRT",5,9,1.22734303559912,267.666666666666,1.22480411790581,840.999999999999,267.666666666667,841,0.395947173015548,0.128680270156843,2025,2025-09-01,37,"WHO",5,"2025/2026","Observed",338,582,6080,8497,NA,6093,"Sub-Saharan Africa","Mauritania",1.22480411790581,840.999999999999,28.999916212182,"Normal","Average - typical case load at this point",-0.661438229259199,"Extremely High",98.6165775019291,"Rare bad event - unusually high cases to date","Mauritania"
"MRT",6,10,1.30342558095522,337.666666666666,1.24532505521552,1178.66666666667,337.666666666667,1178.66666666667,0.55976006012161,0.163812887106062,2025,2025-10-01,3135,"WHO",5,"2025/2026","Observed",3473,3717,6080,8497,NA,6093,"Sub-Saharan Africa","Mauritania",1.24532505521552,1178.66666666667,95.9117718832249,"Extremely High","Rare bad event - unusually high cases to date",2.17108871272881,"Extremely High",98.6165775019291,"Rare bad event - unusually high cases to date","Mauritania"
"MRT",7,11,1.46635948641897,205.666666666667,1.326144663507,1384.33333333333,205.666666666667,1384.33333333333,0.663793419806947,0.104033359685338,2025,2025-11-01,1923,"WHO",5,"2025/2026","Observed",5396,5640,6080,8497,NA,6093,"Sub-Saharan Africa","Mauritania",1.326144663507,1384.33333333333,98.8492748257121,"Extremely High","Rare bad event - unusually high cases to date",3.33558255896298,"Extremely High",98.6165775019291,"Rare bad event - unusually high cases to date","Mauritania"
"MRT",8,12,2.2966468566504,90.0000000000001,1.39228179116102,1474.33333333333,90,1474.33333333333,0.718238926790228,0.0544455069832811,2025,2025-12-01,13,"Estimates",5,"2025/2026","Unobserved",5409,5653,6080,8497,13.2847037039206,6093,"Sub-Saharan Africa","Mauritania",1.39228179116102,1474.33333333333,98.6165775019291,"Extremely High","Rare bad event - unusually high cases to date",3.14753717070413,"Extremely High",98.6165775019291,"Rare bad event - unusually high cases to date","Mauritania"
"MRT",9,1,1.12369019858878,219.666666666667,1.44075393546445,1694,219.666666666667,1694,0.827874902155984,0.109635975365756,2026,2026-01-01,530,"WHO",5,"2025/2026","Observed",5939,530,6080,684,NA,6093,"Sub-Saharan Africa","Mauritania",1.44075393546445,1694,98.4050854495261,"Extremely High","Rare bad event - unusually high cases to date",3.0065926381879,"Extremely Low",0.00613705294085106,"Rare good event - unusually low cases to date","Mauritania"
"MRT",10,2,0.958313454731303,167,1.44027174301385,1861,167,1861,0.905846473223436,0.0779715710674514,2026,2026-02-01,78,"WHO",5,"2025/2026","Observed",6017,608,6080,684,NA,6093,"Sub-Saharan Africa","Mauritania",1.44027174301385,1861,97.706532819035,"Extremely High","Rare bad event - unusually high cases to date",2.67906589350102,"Extremely Low",0.00613705294085106,"Rare good event - unusually low cases to date","Mauritania"
"MRT",11,3,0.974862741526227,99,1.44406451957293,1960,99,1960,0.954131806869089,0.0482853336456534,2026,2026-03-01,46,"WHO",5,"2025/2026","Observed",6063,654,6080,684,NA,6093,"Sub-Saharan Africa","Mauritania",1.44406451957293,1960,97.2519302842391,"Extremely High","Rare bad event - unusually high cases to date",2.51465735159702,"Extremely Low",0.00613705294085106,"Rare good event - unusually low cases to date","Mauritania"
"MRT",12,4,1.078029559824,93.3333333333334,1.44631144668357,2053.33333333333,93.3333333333333,2053.33333333333,1,0.0458681931309109,2026,2026-04-01,30,"WHO",5,"2025/2026","Observed",6093,684,6080,684,NA,6093,"Sub-Saharan Africa","Mauritania",1.44631144668357,2053.33333333333,96.7613303842838,"Extremely High","Rare bad event - unusually high cases to date",2.36517939207273,"Extremely Low",0.00613705294085106,"Rare good event - unusually low cases to date","Mauritania"
"MRT",1,5,1.02841486935713,148.333333333334,1.02841486935713,148.333333333334,148.333333333333,148.333333333333,0.0627557071609131,0.0627557071609131,2026,2026-05-01,NA,NA,5,"2026/2027","Unobserved",0,684,NA,684,NA,NA,"Sub-Saharan Africa","Mauritania",1.02841486935713,148.333333333334,0.597714777178582,"Extremely Low","Rare good event - unusually low cases to date",-1.01061061994174,"Extremely Low",0.00613705294085106,"Rare good event - unusually low cases to date","Mauritania"
"MRT",2,6,0.992084251572646,154,1.11933683197385,302.333333333333,154,302.333333333333,0.134487338349974,0.071731631189061,2026,2026-06-01,NA,NA,5,"2026/2027","Unobserved",0,684,NA,684,NA,NA,"Sub-Saharan Africa","Mauritania",1.11933683197385,302.333333333333,0.1890200114273,"Extremely Low","Rare good event - unusually low cases to date",-1.05603407498032,"Extremely Low",0.00613705294085106,"Rare good event - unusually low cases to date","Mauritania"
"MRT",3,7,1.54692014992337,80.6666666666667,1.2096929642382,383,80.6666666666667,383,0.17452050283528,0.0400331644853063,2026,2026-07-01,NA,NA,5,"2026/2027","Unobserved",0,684,NA,684,NA,NA,"Sub-Saharan Africa","Mauritania",1.2096929642382,383,0.0940756968801003,"Extremely Low","Rare good event - unusually low cases to date",-1.098127596595,"Extremely Low",0.00613705294085106,"Rare good event - unusually low cases to date","Mauritania"
"MRT",4,8,1.1596996268211,190.333333333333,1.22138159443697,573.333333333333,190.333333333333,573.333333333333,0.267266902858704,0.092746400023424,2026,2026-08-01,NA,NA,5,"2026/2027","Unobserved",0,684,NA,684,NA,NA,"Sub-Saharan Africa","Mauritania",1.22138159443697,573.333333333333,0.0544354841481254,"Extremely Low","Rare good event - unusually low cases to date",-1.10398604879696,"Extremely Low",0.00613705294085106,"Rare good event - unusually low cases to date","Mauritania"
"MRT",5,9,1.22734303559912,267.666666666666,1.22480411790581,840.999999999999,267.666666666667,841,0.395947173015548,0.128680270156843,2026,2026-09-01,NA,NA,5,"2026/2027","Unobserved",0,684,NA,684,NA,NA,"Sub-Saharan Africa","Mauritania",1.22480411790581,840.999999999999,0.0334802032545105,"Extremely Low","Rare good event - unusually low cases to date",-1.10590367953675,"Extremely Low",0.00613705294085106,"Rare good event - unusually low cases to date","Mauritania"
"MRT",6,10,1.30342558095522,337.666666666666,1.24532505521552,1178.66666666667,337.666666666667,1178.66666666667,0.55976006012161,0.163812887106062,2026,2026-10-01,NA,NA,5,"2026/2027","Unobserved",0,684,NA,684,NA,NA,"Sub-Saharan Africa","Mauritania",1.24532505521552,1178.66666666667,0.0196429483430374,"Extremely Low","Rare good event - unusually low cases to date",-1.1153522720048,"Extremely Low",0.00613705294085106,"Rare good event - unusually low cases to date","Mauritania"
"MRT",7,11,1.46635948641897,205.666666666667,1.326144663507,1384.33333333333,205.666666666667,1384.33333333333,0.663793419806947,0.104033359685338,2026,2026-11-01,NA,NA,5,"2026/2027","Unobserved",0,684,NA,684,NA,NA,"Sub-Saharan Africa","Mauritania",1.326144663507,1384.33333333333,0.00991476091952828,"Extremely Low","Rare good event - unusually low cases to date",-1.15103235291842,"Extremely Low",0.00613705294085106,"Rare good event - unusually low cases to date","Mauritania"
"MRT",8,12,2.2966468566504,90.0000000000001,1.39228179116102,1474.33333333333,90,1474.33333333333,0.718238926790228,0.0544455069832811,2026,2026-12-01,NA,NA,5,"2026/2027","Unobserved",0,684,NA,684,NA,NA,"Sub-Saharan Africa","Mauritania",1.39228179116102,1474.33333333333,0.00613705294085106,"Extremely Low","Rare good event - unusually low cases to date",-1.17939316384483,"Extremely Low",0.00613705294085106,"Rare good event - unusually low cases to date","Mauritania"
"MTQ",9,1,0.697451878317927,358.599999999999,0.355259212138215,4732.86666666666,358.6,4732.86666666667,0.625198269410857,0.188744379102601,2025,2025-01-01,293,"PAHO",5,"2024/2025","Observed",293,293,775,2933,NA,775,"Caribbean","Martinique",0.355259212138215,4732.86666666666,28.7895510308787,"Normal","Average - typical case load at this point",-0.559116145504315,"Normal",55.4525343303332,"Average - typical case load at this point","Martinique"
"MTQ",10,2,0.501931604455355,356.666666666666,0.40185395387996,5089.53333333333,356.666666666667,5089.53333333333,0.793994210025072,0.168795940614214,2025,2025-02-01,100,"PAHO",5,"2024/2025","Observed",393,393,775,2933,NA,775,"Caribbean","Martinique",0.40185395387996,5089.53333333333,27.6926810933357,"Normal","Average - typical case load at this point",-0.584946873790351,"Normal",55.4525343303332,"Average - typical case load at this point","Martinique"
"MTQ",11,3,0.478652209606313,291.533333333333,0.429500148524314,5381.06666666665,291.533333333333,5381.06666666667,0.93110588881619,0.137111678791118,2025,2025-03-01,282,"PAHO",5,"2024/2025","Observed",675,675,775,2933,NA,775,"Caribbean","Martinique",0.429500148524314,5381.06666666665,31.6872388823671,"Normal","Average - typical case load at this point",-0.573131172616136,"Normal",55.4525343303332,"Average - typical case load at this point","Martinique"
"MTQ",12,4,0.278823122761012,143.666666666667,0.441419919172368,5524.73333333334,143.666666666667,5524.73333333333,1,0.0688941111838098,2025,2025-04-01,100,"PAHO",5,"2024/2025","Observed",775,775,775,2933,NA,775,"Caribbean","Martinique",0.441419919172368,5524.73333333334,32.4615741363647,"Normal","Average - typical case load at this point",-0.571171489835966,"Normal",55.4525343303332,"Average - typical case load at this point","Martinique"
"MTQ",1,5,0.217140161164513,173.266666666667,0.217140161164513,173.266666666667,173.266666666667,173.266666666667,0.0219652858127934,0.0219652858127934,2025,2025-05-01,130,"PAHO",5,"2025/2026","Observed",130,905,1584,2933,NA,1719,"Caribbean","Martinique",0.217140161164513,173.266666666667,71.799104210945,"Normal","Average - typical case load at this point",-0.116288437097798,"Normal",55.4525343303332,"Average - typical case load at this point","Martinique"
"MTQ",2,6,0.232666640414923,200,0.21827960317094,373.266666666667,200,373.266666666667,0.0461832753936044,0.024217989580811,2025,2025-06-01,90,"PAHO",5,"2025/2026","Observed",220,995,1584,2933,NA,1719,"Caribbean","Martinique",0.21827960317094,373.266666666667,68.4414073623479,"Normal","Average - typical case load at this point",-0.191782128739009,"Normal",55.4525343303332,"Average - typical case load at this point","Martinique"
"MTQ",3,7,0.220034945448133,329.866666666667,0.210259307113576,703.133333333333,329.866666666667,703.133333333333,0.082827246911249,0.0366439715176445,2025,2025-07-01,28,"Estimates",5,"2025/2026","Unobserved",248,1023,1584,2933,28.3990779261745,1719,"Caribbean","Martinique",0.210259307113576,703.133333333333,62.439141313204,"Normal","Average - typical case load at this point",-0.296765661073294,"Normal",55.4525343303332,"Average - typical case load at this point","Martinique"
"MTQ",4,8,0.123634793392305,667.133333333332,0.18719021645203,1370.26666666667,667.133333333333,1370.26666666667,0.119658227898486,0.0368309809872368,2025,2025-08-01,29,"Estimates",5,"2025/2026","Unobserved",277,1052,1584,2933,28.5440102651086,1719,"Caribbean","Martinique",0.18719021645203,1370.26666666667,58.4551135339937,"Normal","Average - typical case load at this point",-0.345169906386039,"Normal",55.4525343303332,"Average - typical case load at this point","Martinique"
"MTQ",5,9,0.16269594002527,1078.8,0.180137249434826,2449.06666666667,1078.8,2449.06666666667,0.209627025917464,0.0899687980189778,2025,2025-09-01,105,"WHO",5,"2025/2026","Observed",382,1157,1584,2933,NA,1719,"Caribbean","Martinique",0.180137249434826,2449.06666666667,56.6610189981132,"Normal","Average - typical case load at this point",-0.358211618960111,"Normal",55.4525343303332,"Average - typical case load at this point","Martinique"
"MTQ",6,10,0.208624753564456,899.266666666666,0.182536225310234,3348.33333333334,899.266666666667,3348.33333333333,0.31085243884323,0.101225412925766,2025,2025-10-01,78,"Estimates",5,"2025/2026","Unobserved",460,1235,1584,2933,78.4496950174687,1719,"Caribbean","Martinique",0.182536225310234,3348.33333333334,55.0852961113548,"Normal","Average - typical case load at this point",-0.368537190830033,"Normal",55.4525343303332,"Average - typical case load at this point","Martinique"
"MTQ",7,11,0.213029843788093,690.666666666667,0.183159943191965,4038.99999999999,690.666666666667,4039,0.388918602418391,0.0780661635751609,2025,2025-11-01,30,"WHO",5,"2025/2026","Observed",490,1265,1584,2933,NA,1719,"Caribbean","Martinique",0.183159943191965,4038.99999999999,53.7874904148453,"Normal","Average - typical case load at this point",-0.376043035133572,"Normal",55.4525343303332,"Average - typical case load at this point","Martinique"
"MTQ",8,12,0.206607321145784,335.266666666666,0.184468194501931,4374.26666666666,335.266666666667,4374.26666666667,0.436453890308256,0.0475352878898651,2025,2025-12-01,150,"PAHO",5,"2025/2026","Observed",640,1415,1584,2933,NA,1719,"Caribbean","Martinique",0.184468194501931,4374.26666666666,55.4525343303332,"Normal","Average - typical case load at this point",-0.36664997873662,"Normal",55.4525343303332,"Average - typical case load at this point","Martinique"
"MTQ",9,1,0.697451878317927,358.599999999999,0.355259212138215,4732.86666666666,358.6,4732.86666666667,0.625198269410857,0.188744379102601,2026,2026-01-01,346,"PAHO",5,"2025/2026","Observed",986,346,1584,1079,NA,1719,"Caribbean","Martinique",0.355259212138215,4732.86666666666,43.6894035556042,"Normal","Average - typical case load at this point",-0.471846072341196,"Low",15.5937751141873,"Below average - fewer cases than typical at this point","Martinique"
"MTQ",10,2,0.501931604455355,356.666666666666,0.40185395387996,5089.53333333333,356.666666666667,5089.53333333333,0.793994210025072,0.168795940614214,2026,2026-02-01,322,"PAHO",5,"2025/2026","Observed",1308,668,1584,1079,NA,1719,"Caribbean","Martinique",0.40185395387996,5089.53333333333,43.9729649274522,"Normal","Average - typical case load at this point",-0.47098486148663,"Low",15.5937751141873,"Below average - fewer cases than typical at this point","Martinique"
"MTQ",11,3,0.478652209606313,291.533333333333,0.429500148524314,5381.06666666665,291.533333333333,5381.06666666667,0.93110588881619,0.137111678791118,2026,2026-03-01,341,"PAHO",5,"2025/2026","Observed",1649,1009,1584,1079,NA,1719,"Caribbean","Martinique",0.429500148524314,5381.06666666665,45.4466957107309,"Normal","Average - typical case load at this point",-0.454511994081737,"Low",15.5937751141873,"Below average - fewer cases than typical at this point","Martinique"
"MTQ",12,4,0.278823122761012,143.666666666667,0.441419919172368,5524.73333333334,143.666666666667,5524.73333333333,1,0.0688941111838098,2026,2026-04-01,70,"WHO",5,"2025/2026","Observed",1719,1079,1584,1079,NA,1719,"Caribbean","Martinique",0.441419919172368,5524.73333333334,45.1067438601738,"Normal","Average - typical case load at this point",-0.457652298638183,"Low",15.5937751141873,"Below average - fewer cases than typical at this point","Martinique"
"MTQ",1,5,0.217140161164513,173.266666666667,0.217140161164513,173.266666666667,173.266666666667,173.266666666667,0.0219652858127934,0.0219652858127934,2026,2026-05-01,NA,NA,5,"2026/2027","Unobserved",0,1079,NA,1079,NA,NA,"Caribbean","Martinique",0.217140161164513,173.266666666667,23.4286142960515,"Low","Below average - fewer cases than typical at this point",-0.465691291243724,"Low",15.5937751141873,"Below average - fewer cases than typical at this point","Martinique"
"MTQ",2,6,0.232666640414923,200,0.21827960317094,373.266666666667,200,373.266666666667,0.0461832753936044,0.024217989580811,2026,2026-06-01,NA,NA,5,"2026/2027","Unobserved",0,1079,NA,1079,NA,NA,"Caribbean","Martinique",0.21827960317094,373.266666666667,19.6899812235641,"Low","Below average - fewer cases than typical at this point",-0.46706748099596,"Low",15.5937751141873,"Below average - fewer cases than typical at this point","Martinique"
"MTQ",3,7,0.220034945448133,329.866666666667,0.210259307113576,703.133333333333,329.866666666667,703.133333333333,0.082827246911249,0.0366439715176445,2026,2026-07-01,NA,NA,5,"2026/2027","Unobserved",0,1079,NA,1079,NA,NA,"Caribbean","Martinique",0.210259307113576,703.133333333333,18.1534640896135,"Low","Below average - fewer cases than typical at this point",-0.458471865730193,"Low",15.5937751141873,"Below average - fewer cases than typical at this point","Martinique"
"MTQ",4,8,0.123634793392305,667.133333333332,0.18719021645203,1370.26666666667,667.133333333333,1370.26666666667,0.119658227898486,0.0368309809872368,2026,2026-08-01,NA,NA,5,"2026/2027","Unobserved",0,1079,NA,1079,NA,NA,"Caribbean","Martinique",0.18719021645203,1370.26666666667,18.9055012019202,"Low","Below average - fewer cases than typical at this point",-0.43262529763148,"Low",15.5937751141873,"Below average - fewer cases than typical at this point","Martinique"
"MTQ",5,9,0.16269594002527,1078.8,0.180137249434826,2449.06666666667,1078.8,2449.06666666667,0.209627025917464,0.0899687980189778,2026,2026-09-01,NA,NA,5,"2026/2027","Unobserved",0,1079,NA,1079,NA,NA,"Caribbean","Martinique",0.180137249434826,2449.06666666667,18.0059261705375,"Low","Below average - fewer cases than typical at this point",-0.424410179775483,"Low",15.5937751141873,"Below average - fewer cases than typical at this point","Martinique"
"MTQ",6,10,0.208624753564456,899.266666666666,0.182536225310234,3348.33333333334,899.266666666667,3348.33333333333,0.31085243884323,0.101225412925766,2026,2026-10-01,NA,NA,5,"2026/2027","Unobserved",0,1079,NA,1079,NA,NA,"Caribbean","Martinique",0.182536225310234,3348.33333333334,16.6631153890074,"Low","Below average - fewer cases than typical at this point",-0.427230938475209,"Low",15.5937751141873,"Below average - fewer cases than typical at this point","Martinique"
"MTQ",7,11,0.213029843788093,690.666666666667,0.183159943191965,4038.99999999999,690.666666666667,4039,0.388918602418391,0.0780661635751609,2026,2026-11-01,NA,NA,5,"2026/2027","Unobserved",0,1079,NA,1079,NA,NA,"Caribbean","Martinique",0.183159943191965,4038.99999999999,16.0122202437161,"Low","Below average - fewer cases than typical at this point",-0.427962191858129,"Low",15.5937751141873,"Below average - fewer cases than typical at this point","Martinique"
"MTQ",8,12,0.206607321145784,335.266666666666,0.184468194501931,4374.26666666666,335.266666666667,4374.26666666667,0.436453890308256,0.0475352878898651,2026,2026-12-01,NA,NA,5,"2026/2027","Unobserved",0,1079,NA,1079,NA,NA,"Caribbean","Martinique",0.184468194501931,4374.26666666666,15.5937751141873,"Low","Below average - fewer cases than typical at this point",-0.429488551162649,"Low",15.5937751141873,"Below average - fewer cases than typical at this point","Martinique"
"MYS",12,1,2.29580543949486,8990.31250000001,3.42146730967202,78688.3125000001,8990.3125,78688.3125,1,0.114848369664439,2025,2025-01-01,6676,"WHO",2,"2024/2025","Observed",6676,6676,6676,62587,NA,6676,"East & Southeast Asia","Malaysia",3.42146730967202,78688.3125000001,0.111407969540377,"Extremely Low","Rare good event - unusually low cases to date",-1.69275178903586,"Normal",33.218958241239,"Average - typical case load at this point","Malaysia"
"MYS",1,2,2.32952284958419,6871.56249999999,2.32952284958419,6871.56249999999,6871.5625,6871.5625,0.0863821835623436,0.0863821835623436,2025,2025-02-01,5049,"WHO",2,"2025/2026","Observed",5049,11725,54034,62587,NA,54034,"East & Southeast Asia","Malaysia",2.32952284958419,6871.56249999999,41.2121302648526,"Normal","Average - typical case load at this point",-0.404749959694319,"Normal",33.218958241239,"Average - typical case load at this point","Malaysia"
"MYS",2,3,2.52345559624953,6274.87500000002,2.43607482427874,13146.4375,6274.875,13146.4375,0.165229257725426,0.0788470741630822,2025,2025-03-01,4571,"WHO",2,"2025/2026","Observed",9620,16296,54034,62587,NA,54034,"East & Southeast Asia","Malaysia",2.43607482427874,13146.4375,40.3979190805924,"Normal","Average - typical case load at this point",-0.418632737442816,"Normal",33.218958241239,"Average - typical case load at this point","Malaysia"
"MYS",3,4,3.52286060852569,5290.87499999999,2.80561543143508,18437.3125,5290.875,18437.3125,0.235813603537792,0.0705843458123661,2025,2025-04-01,5383,"WHO",2,"2025/2026","Observed",15003,21679,54034,62587,NA,54034,"East & Southeast Asia","Malaysia",2.80561543143508,18437.3125,44.8210400709246,"Normal","Average - typical case load at this point",-0.311977464197125,"Normal",33.218958241239,"Average - typical case load at this point","Malaysia"
"MYS",4,5,3.09089130146189,6162.5,2.9518837261864,24599.8124999999,6162.5,24599.8125,0.314906133573656,0.0790925300358645,2025,2025-05-01,4877,"WHO",2,"2025/2026","Observed",19880,26556,54034,62587,NA,54034,"East & Southeast Asia","Malaysia",2.9518837261864,24599.8124999999,43.8445711765094,"Normal","Average - typical case load at this point",-0.329622248300461,"Normal",33.218958241239,"Average - typical case load at this point","Malaysia"
"MYS",5,6,3.0791840553623,6668.625,3.03632506881466,31268.4375000001,6668.625,31268.4375,0.39910625008642,0.0842001165127635,2025,2025-06-01,4657,"WHO",2,"2025/2026","Observed",24537,31213,54034,62587,NA,54034,"East & Southeast Asia","Malaysia",3.03632506881466,31268.4375000001,41.6875127356003,"Normal","Average - typical case load at this point",-0.375106582609449,"Normal",33.218958241239,"Average - typical case load at this point","Malaysia"
"MYS",6,7,2.72470985226728,7639.31250000001,3.01553300716189,38907.75,7639.3125,38907.75,0.493735843996143,0.0946295939097232,2025,2025-07-01,5065,"WHO",2,"2025/2026","Observed",29602,36278,54034,62587,NA,54034,"East & Southeast Asia","Malaysia",3.01553300716189,38907.75,39.8676004573357,"Normal","Average - typical case load at this point",-0.415317736365339,"Normal",33.218958241239,"Average - typical case load at this point","Malaysia"
"MYS",7,8,2.47963012618854,6379.62499999999,2.97571083106786,45287.375,6379.625,45287.375,0.571356434038816,0.0776205900426727,2025,2025-08-01,3338,"WHO",2,"2025/2026","Observed",32940,39616,54034,62587,NA,54034,"East & Southeast Asia","Malaysia",2.97571083106786,45287.375,37.3601597161118,"Normal","Average - typical case load at this point",-0.470303905340168,"Normal",33.218958241239,"Average - typical case load at this point","Malaysia"
"MYS",8,9,3.00319948666315,5951.75,3.06505800988884,51239.1249999999,5951.75,51239.125,0.646473789119196,0.07511735508038,2025,2025-09-01,2969,"WHO",2,"2025/2026","Observed",35909,42585,54034,62587,NA,54034,"East & Southeast Asia","Malaysia",3.06505800988884,51239.1249999999,34.7929644242301,"Normal","Average - typical case load at this point",-0.52378173685291,"Normal",33.218958241239,"Average - typical case load at this point","Malaysia"
"MYS",9,10,3.6816714869609,5958.43749999999,3.2167924564215,57197.5624999999,5958.4375,57197.5625,0.724406437659999,0.0779326485408028,2025,2025-10-01,4398,"WHO",2,"2025/2026","Observed",40307,46983,54034,62587,NA,54034,"East & Southeast Asia","Malaysia",3.2167924564215,57197.5624999999,34.4121936821291,"Normal","Average - typical case load at this point",-0.529621857604976,"Normal",33.218958241239,"Average - typical case load at this point","Malaysia"
"MYS",10,11,3.07947592696705,5853.68750000002,3.2948985826461,63051.25,5853.6875,63051.25,0.799190026781236,0.0747835891212373,2025,2025-11-01,3449,"WHO",2,"2025/2026","Observed",43756,50432,54034,62587,NA,54034,"East & Southeast Asia","Malaysia",3.2948985826461,63051.25,33.1670991396717,"Normal","Average - typical case load at this point",-0.5554773915487,"Normal",33.218958241239,"Average - typical case load at this point","Malaysia"
"MYS",11,12,2.9734523020794,6646.75,3.37978135725552,69698.0000000001,6646.75,69698,0.885151630335561,0.0859616035543254,2025,2025-12-01,4967,"WHO",2,"2025/2026","Observed",48723,55399,54034,62587,NA,54034,"East & Southeast Asia","Malaysia",3.37978135725552,69698.0000000001,33.218958241239,"Normal","Average - typical case load at this point",-0.553242362017559,"Normal",33.218958241239,"Average - typical case load at this point","Malaysia"
"MYS",12,1,2.29580543949486,8990.31250000001,3.42146730967202,78688.3125000001,8990.3125,78688.3125,1,0.114848369664439,2026,2026-01-01,5311,"WHO",2,"2025/2026","Observed",54034,5311,54034,91292,NA,54034,"East & Southeast Asia","Malaysia",3.42146730967202,78688.3125000001,31.990182429089,"Normal","Average - typical case load at this point",-0.579534667655955,"Extremely Low",2.48053680806202,"Rare good event - unusually low cases to date","Malaysia"
"MYS",1,2,2.32952284958419,6871.56249999999,2.32952284958419,6871.56249999999,6871.5625,6871.5625,0.0863821835623436,0.0863821835623436,2026,2026-02-01,4913,"WHO",2,"2026/2027","Observed",4913,10224,68770,91292,NA,68770,"East & Southeast Asia","Malaysia",2.32952284958419,6871.56249999999,39.7732402333651,"Normal","Average - typical case load at this point",-0.434952487464108,"Extremely Low",2.48053680806202,"Rare good event - unusually low cases to date","Malaysia"
"MYS",2,3,2.52345559624953,6274.87500000002,2.43607482427874,13146.4375,6274.875,13146.4375,0.165229257725426,0.0788470741630822,2026,2026-03-01,4431,"WHO",2,"2026/2027","Observed",9344,14655,68770,91292,NA,68770,"East & Southeast Asia","Malaysia",2.43607482427874,13146.4375,38.8397457859078,"Normal","Average - typical case load at this point",-0.451397428589112,"Extremely Low",2.48053680806202,"Rare good event - unusually low cases to date","Malaysia"
"MYS",3,4,3.52286060852569,5290.87499999999,2.80561543143508,18437.3125,5290.875,18437.3125,0.235813603537792,0.0705843458123661,2026,2026-04-01,6873,"WHO",2,"2026/2027","Observed",16217,21528,68770,91292,NA,68770,"East & Southeast Asia","Malaysia",2.80561543143508,18437.3125,49.6817928861196,"Normal","Average - typical case load at this point",-0.201696107583449,"Extremely Low",2.48053680806202,"Rare good event - unusually low cases to date","Malaysia"
"MYS",4,5,3.09089130146189,6162.5,2.9518837261864,24599.8124999999,6162.5,24599.8125,0.314906133573656,0.0790925300358645,2026,2026-05-01,NA,NA,2,"2026/2027","Unobserved",16217,21528,68770,91292,NA,68770,"East & Southeast Asia","Malaysia",2.9518837261864,24599.8124999999,31.984213696898,"Normal","Average - typical case load at this point",-0.585438829049082,"Extremely Low",2.48053680806202,"Rare good event - unusually low cases to date","Malaysia"
"MYS",5,6,3.0791840553623,6668.625,3.03632506881466,31268.4375000001,6668.625,31268.4375,0.39910625008642,0.0842001165127635,2026,2026-06-01,NA,NA,2,"2026/2027","Unobserved",16217,21528,68770,91292,NA,68770,"East & Southeast Asia","Malaysia",3.03632506881466,31268.4375000001,20.3243556478469,"Low","Below average - fewer cases than typical at this point",-0.838735156344344,"Extremely Low",2.48053680806202,"Rare good event - unusually low cases to date","Malaysia"
"MYS",6,7,2.72470985226728,7639.31250000001,3.01553300716189,38907.75,7639.3125,38907.75,0.493735843996143,0.0946295939097232,2026,2026-07-01,NA,NA,2,"2026/2027","Unobserved",16217,21528,68770,91292,NA,68770,"East & Southeast Asia","Malaysia",3.01553300716189,38907.75,13.0808699883369,"Low","Below average - fewer cases than typical at this point",-1.01269332686047,"Extremely Low",2.48053680806202,"Rare good event - unusually low cases to date","Malaysia"
"MYS",7,8,2.47963012618854,6379.62499999999,2.97571083106786,45287.375,6379.625,45287.375,0.571356434038816,0.0776205900426727,2026,2026-08-01,NA,NA,2,"2026/2027","Unobserved",16217,21528,68770,91292,NA,68770,"East & Southeast Asia","Malaysia",2.97571083106786,45287.375,9.5661522885619,"Low","Below average - fewer cases than typical at this point",-1.10727267068532,"Extremely Low",2.48053680806202,"Rare good event - unusually low cases to date","Malaysia"
"MYS",8,9,3.00319948666315,5951.75,3.06505800988884,51239.1249999999,5951.75,51239.125,0.646473789119196,0.07511735508038,2026,2026-09-01,NA,NA,2,"2026/2027","Unobserved",16217,21528,68770,91292,NA,68770,"East & Southeast Asia","Malaysia",3.06505800988884,51239.1249999999,6.85472059292552,"Low","Below average - fewer cases than typical at this point",-1.19659490452816,"Extremely Low",2.48053680806202,"Rare good event - unusually low cases to date","Malaysia"
"MYS",9,10,3.6816714869609,5958.43749999999,3.2167924564215,57197.5624999999,5958.4375,57197.5625,0.724406437659999,0.0779326485408028,2026,2026-10-01,NA,NA,2,"2026/2027","Unobserved",16217,21528,68770,91292,NA,68770,"East & Southeast Asia","Malaysia",3.2167924564215,57197.5624999999,4.74965189451214,"Extremely Low","Rare good event - unusually low cases to date",-1.28498986560968,"Extremely Low",2.48053680806202,"Rare good event - unusually low cases to date","Malaysia"
"MYS",10,11,3.07947592696705,5853.68750000002,3.2948985826461,63051.25,5853.6875,63051.25,0.799190026781236,0.0747835891212373,2026,2026-11-01,NA,NA,2,"2026/2027","Unobserved",16217,21528,68770,91292,NA,68770,"East & Southeast Asia","Malaysia",3.2948985826461,63051.25,3.48499341275769,"Extremely Low","Rare good event - unusually low cases to date",-1.34827830814007,"Extremely Low",2.48053680806202,"Rare good event - unusually low cases to date","Malaysia"
"MYS",11,12,2.9734523020794,6646.75,3.37978135725552,69698.0000000001,6646.75,69698,0.885151630335561,0.0859616035543254,2026,2026-12-01,NA,NA,2,"2026/2027","Unobserved",16217,21528,68770,91292,NA,68770,"East & Southeast Asia","Malaysia",3.37978135725552,69698.0000000001,2.48053680806202,"Extremely Low","Rare good event - unusually low cases to date",-1.41062954770255,"Extremely Low",2.48053680806202,"Rare good event - unusually low cases to date","Malaysia"
"NCL",5,1,0.29470609481677,194.818181818182,0.56409602867753,370.363636363636,194.818181818182,370.363636363636,0.34057248640989,0.069362227773841,2025,2025-01-01,0,"WHO",9,"2024/2025","Observed",0,0,3,18,NA,3,"Pacific Islands","New Caledonia",0.56409602867753,370.363636363636,2.57284335461719,"Extremely Low","Rare good event - unusually low cases to date",-0.75049195063168,"Low",20.962023945933,"Below average - fewer cases than typical at this point","New Caledonia"
"NCL",6,2,0.255979530451588,354.636363636365,0.489959521466978,725,354.636363636364,725,0.445709325857552,0.105136839447662,2025,2025-02-01,0,"WHO",9,"2024/2025","Observed",0,0,3,18,NA,3,"Pacific Islands","New Caledonia",0.489959521466978,725,2.79638810299742,"Extremely Low","Rare good event - unusually low cases to date",-0.699734683567292,"Low",20.962023945933,"Below average - fewer cases than typical at this point","New Caledonia"
"NCL",7,3,0.271029499659282,519.636363636365,0.42692324547384,1244.63636363636,519.636363636364,1244.63636363636,0.579889473653222,0.13418014779567,2025,2025-03-01,0,"WHO",9,"2024/2025","Observed",0,0,3,18,NA,3,"Pacific Islands","New Caledonia",0.42692324547384,1244.63636363636,3.31725279281061,"Extremely Low","Rare good event - unusually low cases to date",-0.653281605866702,"Low",20.962023945933,"Below average - fewer cases than typical at this point","New Caledonia"
"NCL",8,4,0.284935420030207,405.545454545454,0.416657748471336,1650.18181818182,405.545454545455,1650.18181818182,0.70234213735628,0.122452663703057,2025,2025-04-01,2,"WHO",9,"2024/2025","Observed",2,2,3,18,NA,3,"Pacific Islands","New Caledonia",0.416657748471336,1650.18181818182,5.42386083565465,"Low","Below average - fewer cases than typical at this point",-0.644626613625615,"Low",20.962023945933,"Below average - fewer cases than typical at this point","New Caledonia"
"NCL",9,5,0.26630559400115,258.545454545455,0.432932094665887,1908.72727272727,258.545454545455,1908.72727272727,0.838524648372544,0.136182511016264,2025,2025-05-01,1,"WHO",9,"2024/2025","Observed",3,3,3,18,NA,3,"Pacific Islands","New Caledonia",0.432932094665887,1908.72727272727,5.2722111197749,"Low","Below average - fewer cases than typical at this point",-0.656867106353204,"Low",20.962023945933,"Below average - fewer cases than typical at this point","New Caledonia"
"NCL",10,6,0.286832642348794,110,0.437659764557835,2018.72727272727,110,2018.72727272727,0.898156639876026,0.0596319915034818,2025,2025-06-01,0,"WHO",9,"2024/2025","Observed",3,3,3,18,NA,3,"Pacific Islands","New Caledonia",0.437659764557835,2018.72727272727,5.00096838204311,"Low","Below average - fewer cases than typical at this point",-0.660503860519708,"Low",20.962023945933,"Below average - fewer cases than typical at this point","New Caledonia"
"NCL",11,7,0.302967398105661,42.6363636363636,0.446764873909056,2061.36363636363,42.6363636363636,2061.36363636364,0.931254117055095,0.0330974771790695,2025,2025-07-01,0,"WHO",9,"2024/2025","Observed",3,3,3,18,NA,3,"Pacific Islands","New Caledonia",0.446764873909056,2061.36363636363,4.68965729192691,"Extremely Low","Rare good event - unusually low cases to date",-0.667359646720903,"Low",20.962023945933,"Below average - fewer cases than typical at this point","New Caledonia"
"NCL",12,8,0.403132100340864,25.8181818181818,0.471570886056434,2087.18181818182,25.8181818181818,2087.18181818182,1,0.0687458829449047,2025,2025-08-01,0,"WHO",9,"2024/2025","Observed",3,3,3,18,NA,3,"Pacific Islands","New Caledonia",0.471570886056434,2087.18181818182,4.01453037834832,"Extremely Low","Rare good event - unusually low cases to date",-0.685645699514482,"Low",20.962023945933,"Below average - fewer cases than typical at this point","New Caledonia"
"NCL",1,9,0.367984868642507,32.2727272727273,0.367984868642507,32.2727272727273,32.2727272727273,32.2727272727273,0.069940122827225,0.069940122827225,2025,2025-09-01,2,"WHO",9,"2025/2026","Observed",2,5,1867,18,NA,1867,"Pacific Islands","New Caledonia",0.367984868642507,32.2727272727273,30.9021063072516,"Normal","Average - typical case load at this point",-0.565807737516155,"Low",20.962023945933,"Below average - fewer cases than typical at this point","New Caledonia"
"NCL",2,10,0.378044220971064,28.1818181818182,0.358468194564705,60.4545454545455,28.1818181818182,60.4545454545455,0.122661694758665,0.0527215719314396,2025,2025-10-01,0,"WHO",9,"2025/2026","Observed",2,5,1867,18,NA,1867,"Pacific Islands","New Caledonia",0.358468194564705,60.4545454545455,25.3558025524856,"Normal","Average - typical case load at this point",-0.577206029424435,"Low",20.962023945933,"Below average - fewer cases than typical at this point","New Caledonia"
"NCL",3,11,0.35441539799064,46.7272727272728,0.341814817212541,107.181818181818,46.7272727272727,107.181818181818,0.190925120137157,0.0682634253784927,2025,2025-11-01,0,"WHO",9,"2025/2026","Observed",2,5,1867,18,NA,1867,"Pacific Islands","New Caledonia",0.341814817212541,107.181818181818,21.9662784871777,"Low","Below average - fewer cases than typical at this point",-0.572827146711934,"Low",20.962023945933,"Below average - fewer cases than typical at this point","New Caledonia"
"NCL",4,12,0.295259619501213,68.3636363636363,0.312432163089021,175.545454545454,68.3636363636364,175.545454545455,0.271210258636049,0.080285138498892,2025,2025-12-01,0,"WHO",9,"2025/2026","Observed",2,5,1867,18,NA,1867,"Pacific Islands","New Caledonia",0.312432163089021,175.545454545454,20.962023945933,"Low","Below average - fewer cases than typical at this point",-0.552097005732768,"Low",20.962023945933,"Below average - fewer cases than typical at this point","New Caledonia"
"NCL",5,1,0.29470609481677,194.818181818182,0.56409602867753,370.363636363636,194.818181818182,370.363636363636,0.34057248640989,0.069362227773841,2026,2026-01-01,39,"WHO",9,"2025/2026","Observed",41,39,1867,1864,NA,1867,"Pacific Islands","New Caledonia",0.56409602867753,370.363636363636,23.213309739507,"Low","Below average - fewer cases than typical at this point",-0.667410981133671,"Low",13.8256216648988,"Below average - fewer cases than typical at this point","New Caledonia"
"NCL",6,2,0.255979530451588,354.636363636365,0.489959521466978,725,354.636363636364,725,0.445709325857552,0.105136839447662,2026,2026-02-01,126,"WHO",9,"2025/2026","Observed",167,165,1867,1864,NA,1867,"Pacific Islands","New Caledonia",0.489959521466978,725,37.4379810330616,"Normal","Average - typical case load at this point",-0.538554418524895,"Low",13.8256216648988,"Below average - fewer cases than typical at this point","New Caledonia"
"NCL",7,3,0.271029499659282,519.636363636365,0.42692324547384,1244.63636363636,519.636363636364,1244.63636363636,0.579889473653222,0.13418014779567,2026,2026-03-01,309,"WHO",9,"2025/2026","Observed",476,474,1867,1864,NA,1867,"Pacific Islands","New Caledonia",0.42692324547384,1244.63636363636,49.6566366387349,"Normal","Average - typical case load at this point",-0.403439922401795,"Low",13.8256216648988,"Below average - fewer cases than typical at this point","New Caledonia"
"NCL",8,4,0.284935420030207,405.545454545454,0.416657748471336,1650.18181818182,405.545454545455,1650.18181818182,0.70234213735628,0.122452663703057,2026,2026-04-01,835,"WHO",9,"2025/2026","Observed",1311,1309,1867,1864,NA,1867,"Pacific Islands","New Caledonia",0.416657748471336,1650.18181818182,64.8691652726597,"Normal","Average - typical case load at this point",-0.132658681491294,"Low",13.8256216648988,"Below average - fewer cases than typical at this point","New Caledonia"
"NCL",9,5,0.26630559400115,258.545454545455,0.432932094665887,1908.72727272727,258.545454545455,1908.72727272727,0.838524648372544,0.136182511016264,2026,2026-05-01,NA,NA,9,"2025/2026","Unobserved",1311,1309,1867,1864,NA,1867,"Pacific Islands","New Caledonia",0.432932094665887,1908.72727272727,61.2668539443702,"Normal","Average - typical case load at this point",-0.206024959417655,"Low",13.8256216648988,"Below average - fewer cases than typical at this point","New Caledonia"
"NCL",10,6,0.286832642348794,110,0.437659764557835,2018.72727272727,110,2018.72727272727,0.898156639876026,0.0596319915034818,2026,2026-06-01,NA,NA,9,"2025/2026","Unobserved",1311,1309,1867,1864,NA,1867,"Pacific Islands","New Caledonia",0.437659764557835,2018.72727272727,59.9115111002621,"Normal","Average - typical case load at this point",-0.231904683811208,"Low",13.8256216648988,"Below average - fewer cases than typical at this point","New Caledonia"
"NCL",11,7,0.302967398105661,42.6363636363636,0.446764873909056,2061.36363636363,42.6363636363636,2061.36363636364,0.931254117055095,0.0330974771790695,2026,2026-07-01,NA,NA,9,"2025/2026","Unobserved",1311,1309,1867,1864,NA,1867,"Pacific Islands","New Caledonia",0.446764873909056,2061.36363636363,59.1603043463596,"Normal","Average - typical case load at this point",-0.243281800372507,"Low",13.8256216648988,"Below average - fewer cases than typical at this point","New Caledonia"
"NCL",12,8,0.403132100340864,25.8181818181818,0.471570886056434,2087.18181818182,25.8181818181818,2087.18181818182,1,0.0687458829449047,2026,2026-08-01,NA,NA,9,"2025/2026","Unobserved",1311,1309,1867,1864,NA,1867,"Pacific Islands","New Caledonia",0.471570886056434,2087.18181818182,58.0834465507221,"Normal","Average - typical case load at this point",-0.255345153208351,"Low",13.8256216648988,"Below average - fewer cases than typical at this point","New Caledonia"
"NCL",1,9,0.367984868642507,32.2727272727273,0.367984868642507,32.2727272727273,32.2727272727273,32.2727272727273,0.069940122827225,0.069940122827225,2026,2026-09-01,NA,NA,9,"2026/2027","Unobserved",0,1309,NA,1864,NA,NA,"Pacific Islands","New Caledonia",0.367984868642507,32.2727272727273,19.1951432853814,"Low","Below average - fewer cases than typical at this point",-0.603188428883588,"Low",13.8256216648988,"Below average - fewer cases than typical at this point","New Caledonia"
"NCL",2,10,0.378044220971064,28.1818181818182,0.358468194564705,60.4545454545455,28.1818181818182,60.4545454545455,0.122661694758665,0.0527215719314396,2026,2026-10-01,NA,NA,9,"2026/2027","Unobserved",0,1309,NA,1864,NA,NA,"Pacific Islands","New Caledonia",0.358468194564705,60.4545454545455,15.8773751898703,"Low","Below average - fewer cases than typical at this point",-0.596954913790434,"Low",13.8256216648988,"Below average - fewer cases than typical at this point","New Caledonia"
"NCL",3,11,0.35441539799064,46.7272727272728,0.341814817212541,107.181818181818,46.7272727272727,107.181818181818,0.190925120137157,0.0682634253784927,2026,2026-11-01,NA,NA,9,"2026/2027","Unobserved",0,1309,NA,1864,NA,NA,"Pacific Islands","New Caledonia",0.341814817212541,107.181818181818,14.003760418245,"Low","Below average - fewer cases than typical at this point",-0.583719279147252,"Low",13.8256216648988,"Below average - fewer cases than typical at this point","New Caledonia"
"NCL",4,12,0.295259619501213,68.3636363636363,0.312432163089021,175.545454545454,68.3636363636364,175.545454545455,0.271210258636049,0.080285138498892,2026,2026-12-01,NA,NA,9,"2026/2027","Unobserved",0,1309,NA,1864,NA,NA,"Pacific Islands","New Caledonia",0.312432163089021,175.545454545454,13.8256216648988,"Low","Below average - fewer cases than typical at this point",-0.558459569444722,"Low",13.8256216648988,"Below average - fewer cases than typical at this point","New Caledonia"
"NIC",11,1,2.1427354104271,4860.71428571428,2.10034037245164,68280.5714285714,4860.71428571429,68280.5714285714,0.939668466557899,0.0735702552598359,2025,2025-01-01,5702,"PAHO",3,"2024/2025","Observed",5702,5702,6068,6068,NA,6068,"North & Central America","Nicaragua",2.10034037245164,68280.5714285714,1.04487651972138,"Extremely Low","Rare good event - unusually low cases to date",-1.32820973310486,"Extremely Low",1.15908255900099,"Rare good event - unusually low cases to date","Nicaragua"
"NIC",12,2,1.84044615685926,4097.85714285714,2.13382257659568,72378.4285714285,4097.85714285714,72378.4285714286,1,0.060331533442101,2025,2025-02-01,366,"Estimates",3,"2024/2025","Unobserved",6068,6068,6068,6068,366.091744926669,6068,"North & Central America","Nicaragua",2.13382257659568,72378.4285714285,0.992383605886351,"Extremely Low","Rare good event - unusually low cases to date",-1.338275219162,"Extremely Low",1.15908255900099,"Rare good event - unusually low cases to date","Nicaragua"
"NIC",1,3,1.84694800719822,3023.14285714285,1.84694800719822,3023.14285714285,3023.14285714286,3023.14285714286,0.0469484059942421,0.0469484059942421,2025,2025-03-01,285,"Estimates",3,"2025/2026","Unobserved",285,6353,NA,6068,284.882927573061,6069,"North & Central America","Nicaragua",1.84694800719822,3023.14285714285,2.04639499637802,"Extremely Low","Rare good event - unusually low cases to date",-1.23052982707725,"Extremely Low",1.15908255900099,"Rare good event - unusually low cases to date","Nicaragua"
"NIC",2,4,1.66462971374495,2989.28571428572,1.82799560471906,6012.42857142858,2989.28571428571,6012.42857142857,0.0916409461956767,0.0446925402014346,2025,2025-04-01,271,"Estimates",3,"2025/2026","Unobserved",556,6624,NA,6068,271.194333942305,6069,"North & Central America","Nicaragua",1.82799560471906,6012.42857142858,2.03608523007332,"Extremely Low","Rare good event - unusually low cases to date",-1.2268179097756,"Extremely Low",1.15908255900099,"Rare good event - unusually low cases to date","Nicaragua"
"NIC",3,5,2.08441044522285,3776.21428571429,2.00286641243151,9788.64285714286,3776.21428571429,9788.64285714286,0.149589744397863,0.0579487982021862,2025,2025-05-01,352,"Estimates",3,"2025/2026","Unobserved",908,6976,NA,6068,351.633307490866,6069,"North & Central America","Nicaragua",2.00286641243151,9788.64285714286,1.51923369699435,"Extremely Low","Rare good event - unusually low cases to date",-1.28381807859511,"Extremely Low",1.15908255900099,"Rare good event - unusually low cases to date","Nicaragua"
"NIC",4,6,1.5608925494524,5836.28571428573,1.9774229937179,15624.9285714285,5836.28571428571,15624.9285714286,0.227685091278972,0.0780953468811087,2025,2025-06-01,474,"Estimates",3,"2025/2026","Unobserved",1382,7450,NA,6068,473.882564874568,6069,"North & Central America","Nicaragua",1.9774229937179,15624.9285714285,1.4500977818388,"Extremely Low","Rare good event - unusually low cases to date",-1.28175070828804,"Extremely Low",1.15908255900099,"Rare good event - unusually low cases to date","Nicaragua"
"NIC",5,7,1.48467172718109,7739.2142857143,1.95318165199256,23364.1428571429,7739.21428571429,23364.1428571429,0.328125902662483,0.100440811383512,2025,2025-07-01,609,"Estimates",3,"2025/2026","Unobserved",1991,8059,NA,6068,609.474843475149,6069,"North & Central America","Nicaragua",1.95318165199256,23364.1428571429,1.41132367719482,"Extremely Low","Rare good event - unusually low cases to date",-1.2784145396923,"Extremely Low",1.15908255900099,"Rare good event - unusually low cases to date","Nicaragua"
"NIC",6,8,1.70453153434302,8370.07142857141,1.97071007629634,31734.2142857142,8370.07142857143,31734.2142857143,0.438152987452549,0.110027084790066,2025,2025-08-01,668,"Estimates",3,"2025/2026","Unobserved",2659,8727,NA,6068,667.64435050612,6069,"North & Central America","Nicaragua",1.97071007629634,31734.2142857142,1.32544058619886,"Extremely Low","Rare good event - unusually low cases to date",-1.28615425318428,"Extremely Low",1.15908255900099,"Rare good event - unusually low cases to date","Nicaragua"
"NIC",7,9,1.39550184106962,8220.8571428571,1.95178611045249,39955.0714285712,8220.85714285714,39955.0714285714,0.543653069349595,0.105500081897046,2025,2025-09-01,640,"Estimates",3,"2025/2026","Unobserved",3299,9367,NA,6068,640.174496951274,6069,"North & Central America","Nicaragua",1.95178611045249,39955.0714285712,1.33407978988757,"Extremely Low","Rare good event - unusually low cases to date",-1.28167971542774,"Extremely Low",1.15908255900099,"Rare good event - unusually low cases to date","Nicaragua"
"NIC",8,10,1.78210139561787,10214.7857142857,2.03575659146793,50169.8571428571,10214.7857142857,50169.8571428571,0.68778414173788,0.144131072388285,2025,2025-10-01,875,"Estimates",3,"2025/2026","Unobserved",4174,10242,NA,6068,874.587347252116,6069,"North & Central America","Nicaragua",2.03575659146793,50169.8571428571,1.16394302276406,"Extremely Low","Rare good event - unusually low cases to date",-1.30806692897692,"Extremely Low",1.15908255900099,"Rare good event - unusually low cases to date","Nicaragua"
"NIC",9,11,1.60577974575409,8439,2.04776074253617,58608.8571428571,8439,58608.8571428571,0.803011796766408,0.115227655028527,2025,2025-11-01,699,"Estimates",3,"2025/2026","Unobserved",4873,10941,NA,6068,699.201410713105,6069,"North & Central America","Nicaragua",2.04776074253617,58608.8571428571,1.13775581443926,"Extremely Low","Rare good event - unusually low cases to date",-1.31199731865418,"Extremely Low",1.15908255900099,"Rare good event - unusually low cases to date","Nicaragua"
"NIC",10,12,1.46514889243768,4811.00000000001,2.03386136735244,63419.8571428572,4811,63419.8571428571,0.866098211298063,0.0630864145316552,2025,2025-12-01,383,"Estimates",3,"2025/2026","Unobserved",5256,11324,NA,6068,382.808363378083,6069,"North & Central America","Nicaragua",2.03386136735244,63419.8571428572,1.15908255900099,"Extremely Low","Rare good event - unusually low cases to date",-1.30792141137184,"Extremely Low",1.15908255900099,"Rare good event - unusually low cases to date","Nicaragua"
"NIC",11,1,2.1427354104271,4860.71428571428,2.10034037245164,68280.5714285714,4860.71428571429,68280.5714285714,0.939668466557899,0.0735702552598359,2026,2026-01-01,NA,"WHO",3,"2025/2026","Unobserved",5256,0,NA,NA,NA,6069,"North & Central America","Nicaragua",2.10034037245164,68280.5714285714,0.88874104683093,"Extremely Low","Rare good event - unusually low cases to date",-1.3376759373892,"Extremely Low",7.24426147689228e-08,"Rare good event - unusually low cases to date","Nicaragua"
"NIC",12,2,1.84044615685926,4097.85714285714,2.13382257659568,72378.4285714285,4097.85714285714,72378.4285714286,1,0.060331533442101,2026,2026-02-01,NA,"WHO",3,"2025/2026","Unobserved",5256,0,NA,NA,NA,6069,"North & Central America","Nicaragua",2.13382257659568,72378.4285714285,0.742289824537368,"Extremely Low","Rare good event - unusually low cases to date",-1.35466298050468,"Extremely Low",7.24426147689228e-08,"Rare good event - unusually low cases to date","Nicaragua"
"NIC",1,3,1.84694800719822,3023.14285714285,1.84694800719822,3023.14285714285,3023.14285714286,3023.14285714286,0.0469484059942421,0.0469484059942421,2026,2026-03-01,NA,"WHO",3,"2026/2027","Unobserved",0,0,NA,NA,NA,NA,"North & Central America","Nicaragua",1.84694800719822,3023.14285714285,0.000115720905325229,"Extremely Low","Rare good event - unusually low cases to date",-1.35860970421082,"Extremely Low",7.24426147689228e-08,"Rare good event - unusually low cases to date","Nicaragua"
"NIC",2,4,1.66462971374495,2989.28571428572,1.82799560471906,6012.42857142858,2989.28571428571,6012.42857142857,0.0916409461956767,0.0446925402014346,2026,2026-04-01,NA,"WHO",3,"2026/2027","Unobserved",0,0,NA,NA,NA,NA,"North & Central America","Nicaragua",1.82799560471906,6012.42857142858,3.72015831038804e-05,"Extremely Low","Rare good event - unusually low cases to date",-1.35182839033187,"Extremely Low",7.24426147689228e-08,"Rare good event - unusually low cases to date","Nicaragua"
"NIC",3,5,2.08441044522285,3776.21428571429,2.00286641243151,9788.64285714286,3776.21428571429,9788.64285714286,0.149589744397863,0.0579487982021862,2026,2026-05-01,NA,NA,3,"2026/2027","Unobserved",0,0,NA,NA,NA,NA,"North & Central America","Nicaragua",2.00286641243151,9788.64285714286,4.08419663656003e-06,"Extremely Low","Rare good event - unusually low cases to date",-1.41508186592632,"Extremely Low",7.24426147689228e-08,"Rare good event - unusually low cases to date","Nicaragua"
"NIC",4,6,1.5608925494524,5836.28571428573,1.9774229937179,15624.9285714285,5836.28571428571,15624.9285714286,0.227685091278972,0.0780953468811087,2026,2026-06-01,NA,NA,3,"2026/2027","Unobserved",0,0,NA,NA,NA,NA,"North & Central America","Nicaragua",1.9774229937179,15624.9285714285,1.96088992677123e-06,"Extremely Low","Rare good event - unusually low cases to date",-1.40611975710904,"Extremely Low",7.24426147689228e-08,"Rare good event - unusually low cases to date","Nicaragua"
"NIC",5,7,1.48467172718109,7739.2142857143,1.95318165199256,23364.1428571429,7739.21428571429,23364.1428571429,0.328125902662483,0.100440811383512,2026,2026-07-01,NA,NA,3,"2026/2027","Unobserved",0,0,NA,NA,NA,NA,"North & Central America","Nicaragua",1.95318165199256,23364.1428571429,1.08450324080994e-06,"Extremely Low","Rare good event - unusually low cases to date",-1.39750434157779,"Extremely Low",7.24426147689228e-08,"Rare good event - unusually low cases to date","Nicaragua"
"NIC",6,8,1.70453153434302,8370.07142857141,1.97071007629634,31734.2142857142,8370.07142857143,31734.2142857143,0.438152987452549,0.110027084790066,2026,2026-08-01,NA,NA,3,"2026/2027","Unobserved",0,0,NA,NA,NA,NA,"North & Central America","Nicaragua",1.97071007629634,31734.2142857142,5.12102331361767e-07,"Extremely Low","Rare good event - unusually low cases to date",-1.40377622926366,"Extremely Low",7.24426147689228e-08,"Rare good event - unusually low cases to date","Nicaragua"
"NIC",7,9,1.39550184106962,8220.8571428571,1.95178611045249,39955.0714285712,8220.85714285714,39955.0714285714,0.543653069349595,0.105500081897046,2026,2026-09-01,NA,NA,3,"2026/2027","Unobserved",0,0,NA,NA,NA,NA,"North & Central America","Nicaragua",1.95178611045249,39955.0714285712,3.85066759193404e-07,"Extremely Low","Rare good event - unusually low cases to date",-1.39702926644101,"Extremely Low",7.24426147689228e-08,"Rare good event - unusually low cases to date","Nicaragua"
"NIC",8,10,1.78210139561787,10214.7857142857,2.03575659146793,50169.8571428571,10214.7857142857,50169.8571428571,0.68778414173788,0.144131072388285,2026,2026-10-01,NA,NA,3,"2026/2027","Unobserved",0,0,NA,NA,NA,NA,"North & Central America","Nicaragua",2.03575659146793,50169.8571428571,1.14682529918873e-07,"Extremely Low","Rare good event - unusually low cases to date",-1.42677047535485,"Extremely Low",7.24426147689228e-08,"Rare good event - unusually low cases to date","Nicaragua"
"NIC",9,11,1.60577974575409,8439,2.04776074253617,58608.8571428571,8439,58608.8571428571,0.803011796766408,0.115227655028527,2026,2026-11-01,NA,NA,3,"2026/2027","Unobserved",0,0,NA,NA,NA,NA,"North & Central America","Nicaragua",2.04776074253617,58608.8571428571,7.47732588522152e-08,"Extremely Low","Rare good event - unusually low cases to date",-1.43097491152675,"Extremely Low",7.24426147689228e-08,"Rare good event - unusually low cases to date","Nicaragua"
"NIC",10,12,1.46514889243768,4811.00000000001,2.03386136735244,63419.8571428572,4811,63419.8571428571,0.866098211298063,0.0630864145316552,2026,2026-12-01,NA,NA,3,"2026/2027","Unobserved",0,0,NA,NA,NA,NA,"North & Central America","Nicaragua",2.03386136735244,63419.8571428572,7.24426147689228e-08,"Extremely Low","Rare good event - unusually low cases to date",-1.42611224801608,"Extremely Low",7.24426147689228e-08,"Rare good event - unusually low cases to date","Nicaragua"
"NPL",11,1,0.419136865892049,98.375,0.349782607302509,11967,98.375,11967,0.978559624156774,0.0470989611469927,2025,2025-01-01,259,"SEARO",3,"2024/2025","Observed",259,259,511,9204,NA,511,"South Asia","Nepal",0.349782607302509,11967,20.3108564995876,"Low","Below average - fewer cases than typical at this point",-0.578615656950214,"Normal",64.3508853377574,"Average - typical case load at this point","Nepal"
"NPL",12,2,0.249675254739639,87.9374999999998,0.35228646490145,12054.9375,87.9375,12054.9375,1,0.0214403758432259,2025,2025-02-01,252,"SEARO",3,"2024/2025","Observed",511,511,511,9204,NA,511,"South Asia","Nepal",0.35228646490145,12054.9375,25.4361367876191,"Normal","Average - typical case load at this point",-0.568369332690135,"Normal",64.3508853377574,"Average - typical case load at this point","Nepal"
"NPL",1,3,0.281770268781614,72.5625000000001,0.281770268781614,72.5625000000001,72.5625,72.5625,0.00965757385245068,0.00965757385245068,2025,2025-03-01,254,"SEARO",3,"2025/2026","Observed",254,765,8363,9204,NA,8363,"South Asia","Nepal",0.281770268781614,72.5625000000001,92.0225232423973,"High","Above average - more cases than typical at this point",1.32471001375375,"Normal",64.3508853377574,"Average - typical case load at this point","Nepal"
"NPL",2,4,0.272087328361659,68.375,0.278351222692978,140.9375,68.375,140.9375,0.020346006913014,0.0106884330605634,2025,2025-04-01,224,"SEARO",3,"2025/2026","Observed",478,989,8363,9204,NA,8363,"South Asia","Nepal",0.278351222692978,140.9375,91.6242597139229,"High","Above average - more cases than typical at this point",1.26052655267908,"Normal",64.3508853377574,"Average - typical case load at this point","Nepal"
"NPL",3,5,0.337135276385045,118.8125,0.332526239548348,259.749999999999,118.8125,259.75,0.0375275502873146,0.0171815433743006,2025,2025-05-01,314,"SEARO",3,"2025/2026","Observed",792,1303,8363,9204,NA,8363,"South Asia","Nepal",0.332526239548348,259.749999999999,90.6477871067178,"High","Above average - more cases than typical at this point",1.18085144415388,"Normal",64.3508853377574,"Average - typical case load at this point","Nepal"
"NPL",4,6,0.390531857212742,194.5625,0.382254114791518,454.312500000001,194.5625,454.3125,0.0632451965677509,0.0257176462804364,2025,2025-06-01,530,"SEARO",3,"2025/2026","Observed",1322,1833,8363,9204,NA,8363,"South Asia","Nepal",0.382254114791518,454.312500000001,90.3265806610639,"High","Above average - more cases than typical at this point",1.18032637181398,"Normal",64.3508853377574,"Average - typical case load at this point","Nepal"
"NPL",5,7,0.325579108366832,737.374999999999,0.357932193710656,1191.6875,737.375,1191.6875,0.127471300075513,0.0642261035077624,2025,2025-07-01,830,"SEARO",3,"2025/2026","Observed",2152,2663,8363,9204,NA,8363,"South Asia","Nepal",0.357932193710656,1191.6875,82.3431657352041,"High","Above average - more cases than typical at this point",0.482042541020806,"Normal",64.3508853377574,"Average - typical case load at this point","Nepal"
"NPL",6,8,0.327308020944893,1926,0.34428919014728,3117.6875,1926,3117.6875,0.273084630370301,0.145613330294788,2025,2025-08-01,1197,"SEARO",3,"2025/2026","Observed",3349,3860,8363,9204,NA,8363,"South Asia","Nepal",0.34428919014728,3117.6875,72.817325560473,"Normal","Average - typical case load at this point",0.0435315604990738,"Normal",64.3508853377574,"Average - typical case load at this point","Nepal"
"NPL",7,9,0.304851414264732,4205.25,0.328534487999618,7322.93750000001,4205.25,7322.9375,0.536111273477513,0.263026643107211,2025,2025-09-01,1636,"SEARO",3,"2025/2026","Observed",4985,5496,8363,9204,NA,8363,"South Asia","Nepal",0.328534487999618,7322.93750000001,64.8677936254596,"Normal","Average - typical case load at this point",-0.182990401862413,"Normal",64.3508853377574,"Average - typical case load at this point","Nepal"
"NPL",8,10,0.321480318105087,3316.75,0.328018864519383,10639.6875,3316.75,10639.6875,0.769261081213065,0.233149807735553,2025,2025-10-01,1869,"SEARO",3,"2025/2026","Observed",6854,7365,8363,9204,NA,8363,"South Asia","Nepal",0.328018864519383,10639.6875,63.9009140931371,"Normal","Average - typical case load at this point",-0.203778614264567,"Normal",64.3508853377574,"Average - typical case load at this point","Nepal"
"NPL",9,11,0.389910485669407,1036.0625,0.335192892908042,11675.75,1036.0625,11675.75,0.885936775876526,0.116675694663461,2025,2025-11-01,891,"SEARO",3,"2025/2026","Observed",7745,8256,8363,9204,NA,8363,"South Asia","Nepal",0.335192892908042,11675.75,64.1218532877805,"Normal","Average - typical case load at this point",-0.194908959353203,"Normal",64.3508853377574,"Average - typical case load at this point","Nepal"
"NPL",10,12,0.523224254169676,192.875,0.34017583135626,11868.625,192.875,11868.625,0.931460663009781,0.045523887133255,2025,2025-12-01,317,"SEARO",3,"2025/2026","Observed",8062,8573,8363,9204,NA,8363,"South Asia","Nepal",0.34017583135626,11868.625,64.3508853377574,"Normal","Average - typical case load at this point",-0.187061835333399,"Normal",64.3508853377574,"Average - typical case load at this point","Nepal"
"NPL",11,1,0.419136865892049,98.375,0.349782607302509,11967,98.375,11967,0.978559624156774,0.0470989611469927,2026,2026-01-01,143,"SEARO",3,"2025/2026","Observed",8205,143,8363,32685,NA,8363,"South Asia","Nepal",0.349782607302509,11967,64.1430464834925,"Normal","Average - typical case load at this point",-0.185920063328212,"Low",23.6901714969304,"Below average - fewer cases than typical at this point","Nepal"
"NPL",12,2,0.249675254739639,87.9374999999998,0.35228646490145,12054.9375,87.9375,12054.9375,1,0.0214403758432259,2026,2026-02-01,158,"SEARO",3,"2025/2026","Observed",8363,301,8363,32685,NA,8363,"South Asia","Nepal",0.35228646490145,12054.9375,64.2671606206286,"Normal","Average - typical case load at this point",-0.181773684516975,"Low",23.6901714969304,"Below average - fewer cases than typical at this point","Nepal"
"NPL",1,3,0.281770268781614,72.5625000000001,0.281770268781614,72.5625000000001,72.5625,72.5625,0.00965757385245068,0.00965757385245068,2026,2026-03-01,176,"SEARO",3,"2026/2027","Observed",176,477,17890,32685,NA,17890,"South Asia","Nepal",0.281770268781614,72.5625000000001,87.2760073550761,"High","Above average - more cases than typical at this point",0.755217041943661,"Low",23.6901714969304,"Below average - fewer cases than typical at this point","Nepal"
"NPL",2,4,0.272087328361659,68.375,0.278351222692978,140.9375,68.375,140.9375,0.020346006913014,0.0106884330605634,2026,2026-04-01,188,"SEARO",3,"2026/2027","Observed",364,665,17890,32685,NA,17890,"South Asia","Nepal",0.278351222692978,140.9375,88.1372555289379,"High","Above average - more cases than typical at this point",0.834196044226152,"Low",23.6901714969304,"Below average - fewer cases than typical at this point","Nepal"
"NPL",3,5,0.337135276385045,118.8125,0.332526239548348,259.749999999999,118.8125,259.75,0.0375275502873146,0.0171815433743006,2026,2026-05-01,NA,"SEARO",3,"2026/2027","Unobserved",364,665,17890,32685,NA,17890,"South Asia","Nepal",0.332526239548348,259.749999999999,77.99457876945,"High","Above average - more cases than typical at this point",0.231289362241509,"Low",23.6901714969304,"Below average - fewer cases than typical at this point","Nepal"
"NPL",4,6,0.390531857212742,194.5625,0.382254114791518,454.312500000001,194.5625,454.3125,0.0632451965677509,0.0257176462804364,2026,2026-06-01,NA,"SEARO",3,"2026/2027","Unobserved",364,665,17890,32685,NA,17890,"South Asia","Nepal",0.382254114791518,454.312500000001,66.0753486066971,"Normal","Average - typical case load at this point",-0.122853245499619,"Low",23.6901714969304,"Below average - fewer cases than typical at this point","Nepal"
"NPL",5,7,0.325579108366832,737.374999999999,0.357932193710656,1191.6875,737.375,1191.6875,0.127471300075513,0.0642261035077624,2026,2026-07-01,NA,"SEARO",3,"2026/2027","Unobserved",364,665,17890,32685,NA,17890,"South Asia","Nepal",0.357932193710656,1191.6875,49.4654490024979,"Normal","Average - typical case load at this point",-0.415469532752263,"Low",23.6901714969304,"Below average - fewer cases than typical at this point","Nepal"
"NPL",6,8,0.327308020944893,1926,0.34428919014728,3117.6875,1926,3117.6875,0.273084630370301,0.145613330294788,2026,2026-08-01,NA,"SEARO",3,"2026/2027","Unobserved",364,665,17890,32685,NA,17890,"South Asia","Nepal",0.34428919014728,3117.6875,36.7294007981755,"Normal","Average - typical case load at this point",-0.518226701980192,"Low",23.6901714969304,"Below average - fewer cases than typical at this point","Nepal"
"NPL",7,9,0.304851414264732,4205.25,0.328534487999618,7322.93750000001,4205.25,7322.9375,0.536111273477513,0.263026643107211,2026,2026-09-01,NA,"SEARO",3,"2026/2027","Unobserved",364,665,17890,32685,NA,17890,"South Asia","Nepal",0.328534487999618,7322.93750000001,28.8596032822902,"Normal","Average - typical case load at this point",-0.54467613854537,"Low",23.6901714969304,"Below average - fewer cases than typical at this point","Nepal"
"NPL",8,10,0.321480318105087,3316.75,0.328018864519383,10639.6875,3316.75,10639.6875,0.769261081213065,0.233149807735553,2026,2026-10-01,NA,"SEARO",3,"2026/2027","Unobserved",364,665,17890,32685,NA,17890,"South Asia","Nepal",0.328018864519383,10639.6875,25.6027931687636,"Normal","Average - typical case load at this point",-0.553126838748769,"Low",23.6901714969304,"Below average - fewer cases than typical at this point","Nepal"
"NPL",9,11,0.389910485669407,1036.0625,0.335192892908042,11675.75,1036.0625,11675.75,0.885936775876526,0.116675694663461,2026,2026-11-01,NA,"SEARO",3,"2026/2027","Unobserved",364,665,17890,32685,NA,17890,"South Asia","Nepal",0.335192892908042,11675.75,24.2331430284893,"Low","Below average - fewer cases than typical at this point",-0.560900952989529,"Low",23.6901714969304,"Below average - fewer cases than typical at this point","Nepal"
"NPL",10,12,0.523224254169676,192.875,0.34017583135626,11868.625,192.875,11868.625,0.931460663009781,0.045523887133255,2026,2026-12-01,NA,"SEARO",3,"2026/2027","Unobserved",364,665,17890,32685,NA,17890,"South Asia","Nepal",0.34017583135626,11868.625,23.6901714969304,"Low","Below average - fewer cases than typical at this point",-0.565350216352413,"Low",23.6901714969304,"Below average - fewer cases than typical at this point","Nepal"
"OMN",1,4,0.161397888995705,125.2,0.161397888995705,125.2,125.2,125.2,0.0619988385656223,0.0619988385656223,NA,NA,NA,NA,NA,NA,"Unobserved",0,0,NA,NA,NA,NA,"Europe, Middle East & North Africa","Oman",0.161397888995705,125.2,34.1599457894055,"Normal","Average - typical case load at this point",-0.401484863395954,"Extremely Low",1.0330529045826,"Rare good event - unusually low cases to date","Oman"
"OMN",2,5,0.332366465771666,84.5999999999999,0.271346160693783,209.8,84.6,209.8,0.157790430963386,0.0957915923977638,NA,NA,NA,NA,NA,NA,"Unobserved",0,0,NA,NA,NA,NA,"Europe, Middle East & North Africa","Oman",0.271346160693783,209.8,16.4483942054303,"Low","Below average - fewer cases than typical at this point",-0.520572441384847,"Extremely Low",1.0330529045826,"Rare good event - unusually low cases to date","Oman"
"OMN",3,6,0.414505339220312,33.8,0.305044138754386,243.6,33.8,243.6,0.236246464667076,0.0784560337036902,NA,NA,NA,NA,NA,NA,"Unobserved",0,0,NA,NA,NA,NA,"Europe, Middle East & North Africa","Oman",0.305044138754386,243.6,13.0166777055017,"Low","Below average - fewer cases than typical at this point",-0.551962525838718,"Extremely Low",1.0330529045826,"Rare good event - unusually low cases to date","Oman"
"OMN",4,7,0.422388633337713,26.2,0.342034597159315,269.8,26.2,269.8,0.334261844215727,0.0980153795486511,NA,NA,NA,NA,NA,NA,"Unobserved",0,0,NA,NA,NA,NA,"Europe, Middle East & North Africa","Oman",0.342034597159315,269.8,10.208153358703,"Low","Below average - fewer cases than typical at this point",-0.5844668829982,"Extremely Low",1.0330529045826,"Rare good event - unusually low cases to date","Oman"
"OMN",5,8,0.649336955032449,7.8,0.356870517417937,277.6,7.8,277.6,0.355577085513461,0.0213152412977331,NA,NA,NA,NA,NA,NA,"Unobserved",0,0,NA,NA,NA,NA,"Europe, Middle East & North Africa","Oman",0.356870517417937,277.6,9.29224747062233,"Low","Below average - fewer cases than typical at this point",-0.597002788259046,"Extremely Low",1.0330529045826,"Rare good event - unusually low cases to date","Oman"
"OMN",6,9,0.584783278653259,27.4,0.392301824805103,305,27.4,305,0.400427200599456,0.0448501150859956,NA,NA,NA,NA,NA,NA,"Unobserved",0,0,NA,NA,NA,NA,"Europe, Middle East & North Africa","Oman",0.392301824805103,305,7.34111710460588,"Low","Below average - fewer cases than typical at this point",-0.625937601096056,"Extremely Low",1.0330529045826,"Rare good event - unusually low cases to date","Oman"
"OMN",7,10,0.431112727719118,47.2,0.427604115042103,352.2,47.2,352.2,0.461264412590827,0.0608372119913704,NA,NA,NA,NA,NA,NA,"Unobserved",0,0,NA,NA,NA,NA,"Europe, Middle East & North Africa","Oman",0.427604115042103,352.2,5.66225016320015,"Low","Below average - fewer cases than typical at this point",-0.653517859537105,"Extremely Low",1.0330529045826,"Rare good event - unusually low cases to date","Oman"
"OMN",8,11,0.448633570630962,60.4,0.456867440723929,412.6,60.4,412.6,0.55709693501466,0.0958325224238339,NA,NA,NA,NA,NA,NA,"Unobserved",0,0,NA,NA,NA,NA,"Europe, Middle East & North Africa","Oman",0.456867440723929,412.6,4.46066388021417,"Extremely Low","Rare good event - unusually low cases to date",-0.675545791174545,"Extremely Low",1.0330529045826,"Rare good event - unusually low cases to date","Oman"
"OMN",9,12,0.535768431359114,51.6,0.533687808085639,464.2,51.6,464.2,0.708113579039527,0.151016644024867,NA,NA,NA,NA,NA,NA,"Unobserved",0,0,NA,NA,NA,NA,"Europe, Middle East & North Africa","Oman",0.533687808085639,464.2,2.69775314757412,"Extremely Low","Rare good event - unusually low cases to date",-0.730119808798236,"Extremely Low",1.0330529045826,"Rare good event - unusually low cases to date","Oman"
"OMN",10,1,0.29218239083572,41.6,0.564525214383924,505.799999999999,41.6,505.8,0.794393286494796,0.0862797074552691,NA,NA,NA,NA,NA,NA,"Unobserved",0,0,NA,NA,NA,NA,"Europe, Middle East & North Africa","Oman",0.564525214383924,505.799999999999,2.15318466504481,"Extremely Low","Rare good event - unusually low cases to date",-0.750929988868927,"Extremely Low",1.0330529045826,"Rare good event - unusually low cases to date","Oman"
"OMN",11,2,0.312462651056071,21.4,0.574869773467046,527.199999999999,21.4,527.2,0.823836809412704,0.0294435229179078,NA,NA,NA,NA,NA,NA,"Unobserved",0,0,NA,NA,NA,NA,"Europe, Middle East & North Africa","Oman",0.574869773467046,527.199999999999,1.9802968034468,"Extremely Low","Rare good event - unusually low cases to date",-0.757788629086722,"Extremely Low",1.0330529045826,"Rare good event - unusually low cases to date","Oman"
"OMN",12,3,0.25538448847009,65,0.674564687337285,592.199999999999,65,592.2,1,0.176163190587296,NA,NA,NA,NA,NA,NA,"Unobserved",0,0,NA,NA,NA,NA,"Europe, Middle East & North Africa","Oman",0.674564687337285,592.199999999999,1.0330529045826,"Extremely Low","Rare good event - unusually low cases to date",-0.8208514949305,"Extremely Low",1.0330529045826,"Rare good event - unusually low cases to date","Oman"
"PAK",11,1,0.432205945060314,1870.5625,0.826064419091862,49044.0625,1870.5625,49044.0625,0.964794608455751,0.0478848195884607,2025,2025-01-01,3743,"WHO",3,"2024/2025","Observed",3743,3743,6239,29970,NA,6239,"South Asia","Pakistan",0.826064419091862,49044.0625,10.561846508738,"Low","Below average - fewer cases than typical at this point",-0.839508797553767,"Normal",40.566981299255,"Average - typical case load at this point","Pakistan"
"PAK",12,2,0.401895275552484,1390.375,0.836495664239018,50434.4375,1390.375,50434.4375,1,0.0352053915442488,2025,2025-02-01,2496,"WHO",3,"2024/2025","Observed",6239,6239,6239,29970,NA,6239,"South Asia","Pakistan",0.836495664239018,50434.4375,15.2002767498401,"Low","Below average - fewer cases than typical at this point",-0.801453816900975,"Normal",40.566981299255,"Average - typical case load at this point","Pakistan"
"PAK",1,3,0.600676016401075,559.625,0.600676016401075,559.625,559.625,559.625,0.0128224204107261,0.0128224204107261,2025,2025-03-01,615,"WHO",3,"2025/2026","Observed",615,6854,45255,29970,NA,45255,"South Asia","Pakistan",0.600676016401075,559.625,69.390610616573,"Normal","Average - typical case load at this point",0.0766485294093059,"Normal",40.566981299255,"Average - typical case load at this point","Pakistan"
"PAK",2,4,0.547939509415451,942.749999999998,0.551138887719445,1502.375,942.75,1502.375,0.0324122735720214,0.0195898531612953,2025,2025-04-01,431,"WHO",3,"2025/2026","Observed",1046,7285,45255,29970,NA,45255,"South Asia","Pakistan",0.551138887719445,1502.375,58.2848391306992,"Normal","Average - typical case load at this point",-0.225472915570474,"Normal",40.566981299255,"Average - typical case load at this point","Pakistan"
"PAK",3,5,0.664829221010327,3770.99999999999,0.704004699550154,5273.375,3771,5273.375,0.108088919507345,0.0756766459353233,2025,2025-05-01,499,"WHO",3,"2025/2026","Observed",1545,7784,45255,29970,NA,45255,"South Asia","Pakistan",0.704004699550154,5273.375,33.3068419519294,"Normal","Average - typical case load at this point",-0.593184402304838,"Normal",40.566981299255,"Average - typical case load at this point","Pakistan"
"PAK",4,6,0.720423551115589,2605.75,0.722853433925762,7879.12500000001,2605.75,7879.125,0.159606817084076,0.0515178975767316,2025,2025-06-01,598,"WHO",3,"2025/2026","Observed",2143,8382,45255,29970,NA,45255,"South Asia","Pakistan",0.722853433925762,7879.12500000001,31.177620228645,"Normal","Average - typical case load at this point",-0.618936108122467,"Normal",40.566981299255,"Average - typical case load at this point","Pakistan"
"PAK",5,7,0.724979444834083,1852.6875,0.728189961689624,9731.81249999999,1852.6875,9731.8125,0.195220486434867,0.0356136693507908,2025,2025-07-01,1029,"WHO",3,"2025/2026","Observed",3172,9411,45255,29970,NA,45255,"South Asia","Pakistan",0.728189961689624,9731.81249999999,34.8174906110192,"Normal","Average - typical case load at this point",-0.575180017165702,"Normal",40.566981299255,"Average - typical case load at this point","Pakistan"
"PAK",6,8,0.748395077548207,4244.625,0.753499904663486,13976.4375,4244.625,13976.4375,0.276499286325487,0.08127879989062,2025,2025-08-01,1015,"WHO",3,"2025/2026","Observed",4187,10426,45255,29970,NA,45255,"South Asia","Pakistan",0.753499904663486,13976.4375,32.2189689466153,"Normal","Average - typical case load at this point",-0.607982593356032,"Normal",40.566981299255,"Average - typical case load at this point","Pakistan"
"PAK",7,9,0.751423761181542,14351.4375,0.789016067381713,28327.875,14351.4375,28327.875,0.5550038335783,0.278504547252813,2025,2025-09-01,3275,"WHO",3,"2025/2026","Observed",7462,13701,45255,29970,NA,45255,"South Asia","Pakistan",0.789016067381713,28327.875,28.5059488257335,"Normal","Average - typical case load at this point",-0.654273724472291,"Normal",40.566981299255,"Average - typical case load at this point","Pakistan"
"PAK",8,10,0.795534645956392,11705.375,0.79959543360754,40033.2500000001,11705.375,40033.25,0.780232149993556,0.225228316415256,2025,2025-10-01,7780,"WHO",3,"2025/2026","Observed",15242,21481,45255,29970,NA,45255,"South Asia","Pakistan",0.79959543360754,40033.2500000001,36.3877859467475,"Normal","Average - typical case load at this point",-0.553743181711952,"Normal",40.566981299255,"Average - typical case load at this point","Pakistan"
"PAK",9,11,0.774735086764483,5355.1875,0.803809331316592,45388.4375000001,5355.1875,45388.4375,0.882940498022463,0.102708348028906,2025,2025-11-01,5115,"WHO",3,"2025/2026","Observed",20357,26596,45255,29970,NA,45255,"South Asia","Pakistan",0.803809331316592,45388.4375000001,40.4532957384653,"Normal","Average - typical case load at this point",-0.494439586711483,"Normal",40.566981299255,"Average - typical case load at this point","Pakistan"
"PAK",10,12,0.677906448332548,1785.0625,0.80342109026422,47173.5000000001,1785.0625,47173.5,0.91690978886729,0.0339692908448279,2025,2025-12-01,884,"WHO",3,"2025/2026","Observed",21241,27480,45255,29970,NA,45255,"South Asia","Pakistan",0.80342109026422,47173.5000000001,40.566981299255,"Normal","Average - typical case load at this point",-0.492735896924082,"Normal",40.566981299255,"Average - typical case load at this point","Pakistan"
"PAK",11,1,0.432205945060314,1870.5625,0.826064419091862,49044.0625,1870.5625,49044.0625,0.964794608455751,0.0478848195884607,2026,2026-01-01,12472,"WHO",3,"2025/2026","Observed",33713,12472,45255,1864448,NA,45255,"South Asia","Pakistan",0.826064419091862,49044.0625,52.3623726313264,"Normal","Average - typical case load at this point",-0.284111699247598,"Normal",56.3675896912487,"Average - typical case load at this point","Pakistan"
"PAK",12,2,0.401895275552484,1390.375,0.836495664239018,50434.4375,1390.375,50434.4375,1,0.0352053915442488,2026,2026-02-01,11542,"WHO",3,"2025/2026","Observed",45255,24014,45255,1864448,NA,45255,"South Asia","Pakistan",0.836495664239018,50434.4375,60.8086123667526,"Normal","Average - typical case load at this point",-0.0939255314256146,"Normal",56.3675896912487,"Average - typical case load at this point","Pakistan"
"PAK",1,3,0.600676016401075,559.625,0.600676016401075,559.625,559.625,559.625,0.0128224204107261,0.0128224204107261,2026,2026-03-01,12332,"WHO",3,"2026/2027","Observed",12332,36346,1123556,1864448,NA,1123556,"South Asia","Pakistan",0.600676016401075,559.625,99.9999581530095,"Extremely High","Rare bad event - unusually high cases to date",16.2949928921875,"Normal",56.3675896912487,"Average - typical case load at this point","Pakistan"
"PAK",2,4,0.547939509415451,942.749999999998,0.551138887719445,1502.375,942.75,1502.375,0.0324122735720214,0.0195898531612953,2026,2026-04-01,24085,"WHO",3,"2026/2027","Observed",36417,60431,1123556,1864448,NA,1123556,"South Asia","Pakistan",0.551138887719445,1502.375,99.9999703059434,"Extremely High","Rare bad event - unusually high cases to date",17.2496352666113,"Normal",56.3675896912487,"Average - typical case load at this point","Pakistan"
"PAK",3,5,0.664829221010327,3770.99999999999,0.704004699550154,5273.375,3771,5273.375,0.108088919507345,0.0756766459353233,2026,2026-05-01,NA,NA,3,"2026/2027","Unobserved",36417,60431,1123556,1864448,NA,1123556,"South Asia","Pakistan",0.704004699550154,5273.375,99.6433928011306,"Extremely High","Rare bad event - unusually high cases to date",4.95495023468161,"Normal",56.3675896912487,"Average - typical case load at this point","Pakistan"
"PAK",4,6,0.720423551115589,2605.75,0.722853433925762,7879.12500000001,2605.75,7879.125,0.159606817084076,0.0515178975767316,2026,2026-06-01,NA,NA,3,"2026/2027","Unobserved",36417,60431,1123556,1864448,NA,1123556,"South Asia","Pakistan",0.722853433925762,7879.12500000001,98.1200379431023,"Extremely High","Rare bad event - unusually high cases to date",3.07927761103278,"Normal",56.3675896912487,"Average - typical case load at this point","Pakistan"
"PAK",5,7,0.724979444834083,1852.6875,0.728189961689624,9731.81249999999,1852.6875,9731.8125,0.195220486434867,0.0356136693507908,2026,2026-07-01,NA,NA,3,"2026/2027","Unobserved",36417,60431,1123556,1864448,NA,1123556,"South Asia","Pakistan",0.728189961689624,9731.81249999999,96.3117415588943,"Extremely High","Rare bad event - unusually high cases to date",2.33982093304039,"Normal",56.3675896912487,"Average - typical case load at this point","Pakistan"
"PAK",6,8,0.748395077548207,4244.625,0.753499904663486,13976.4375,4244.625,13976.4375,0.276499286325487,0.08127879989062,2026,2026-08-01,NA,NA,3,"2026/2027","Unobserved",36417,60431,1123556,1864448,NA,1123556,"South Asia","Pakistan",0.753499904663486,13976.4375,91.0812108708688,"High","Above average - more cases than typical at this point",1.39369308860884,"Normal",56.3675896912487,"Average - typical case load at this point","Pakistan"
"PAK",7,9,0.751423761181542,14351.4375,0.789016067381713,28327.875,14351.4375,28327.875,0.5550038335783,0.278504547252813,2026,2026-09-01,NA,NA,3,"2026/2027","Unobserved",36417,60431,1123556,1864448,NA,1123556,"South Asia","Pakistan",0.789016067381713,28327.875,72.7730052811141,"Normal","Average - typical case load at this point",0.253643901416639,"Normal",56.3675896912487,"Average - typical case load at this point","Pakistan"
"PAK",8,10,0.795534645956392,11705.375,0.79959543360754,40033.2500000001,11705.375,40033.25,0.780232149993556,0.225228316415256,2026,2026-10-01,NA,NA,3,"2026/2027","Unobserved",36417,60431,1123556,1864448,NA,1123556,"South Asia","Pakistan",0.79959543360754,40033.2500000001,61.6551639272682,"Normal","Average - typical case load at this point",-0.0807734092014672,"Normal",56.3675896912487,"Average - typical case load at this point","Pakistan"
"PAK",9,11,0.774735086764483,5355.1875,0.803809331316592,45388.4375000001,5355.1875,45388.4375,0.882940498022463,0.102708348028906,2026,2026-11-01,NA,NA,3,"2026/2027","Unobserved",36417,60431,1123556,1864448,NA,1123556,"South Asia","Pakistan",0.803809331316592,45388.4375000001,57.5843761033511,"Normal","Average - typical case load at this point",-0.177210511769767,"Normal",56.3675896912487,"Average - typical case load at this point","Pakistan"
"PAK",10,12,0.677906448332548,1785.0625,0.80342109026422,47173.5000000001,1785.0625,47173.5,0.91690978886729,0.0339692908448279,2026,2026-12-01,NA,NA,3,"2026/2027","Unobserved",36417,60431,1123556,1864448,NA,1123556,"South Asia","Pakistan",0.80342109026422,47173.5000000001,56.3675896912487,"Normal","Average - typical case load at this point",-0.204381130830576,"Normal",56.3675896912487,"Average - typical case load at this point","Pakistan"
"PAN",10,1,1.05331311489753,1000.1875,1.30756930630684,9140,1000.1875,9140,0.91132394284952,0.112532559650326,2025,2025-01-01,2339,"PAHO",4,"2024/2025","Observed",2339,2339,4947,24612,NA,4947,"North & Central America","Panama",1.30756930630684,9140,16.9452496940304,"Low","Below average - fewer cases than typical at this point",-0.850800771330407,"High",84.5584474124413,"Above average - more cases than typical at this point","Panama"
"PAN",11,2,1.11705305535745,470.625,1.31937424898283,9610.62499999999,470.625,9610.625,0.961452117961617,0.0501281751120968,2025,2025-02-01,1335,"PAHO",4,"2024/2025","Observed",3674,3674,4947,24612,NA,4947,"North & Central America","Panama",1.31937424898283,9610.62499999999,26.0251075270686,"Normal","Average - typical case load at this point",-0.709483301153404,"High",84.5584474124413,"Above average - more cases than typical at this point","Panama"
"PAN",12,3,1.23501422113223,362,1.32653252732295,9972.62499999998,362,9972.625,1,0.0385478820383827,2025,2025-03-01,1273,"PAHO",4,"2024/2025","Observed",4947,4947,4947,24612,NA,4947,"North & Central America","Panama",1.32653252732295,9972.62499999998,33.8122893356677,"Normal","Average - typical case load at this point",-0.580377624015873,"High",84.5584474124413,"Above average - more cases than typical at this point","Panama"
"PAN",1,4,1.11314160436522,275,1.11314160436522,275,275,275,0.0316773988560498,0.0316773988560498,2025,2025-04-01,827,"PAHO",4,"2025/2026","Observed",827,5774,17396,24612,NA,17396,"North & Central America","Panama",1.11314160436522,275,95.6094766648992,"Extremely High","Rare bad event - unusually high cases to date",2.11351045087542,"High",84.5584474124413,"Above average - more cases than typical at this point","Panama"
"PAN",2,5,1.70088519954931,352.3125,1.46246943585808,627.312500000001,352.3125,627.3125,0.0808313357208927,0.0491539368648429,2025,2025-05-01,962,"PAHO",4,"2025/2026","Observed",1789,6736,17396,24612,NA,17396,"North & Central America","Panama",1.46246943585808,627.312500000001,96.2807910992533,"Extremely High","Rare bad event - unusually high cases to date",2.23688224523629,"High",84.5584474124413,"Above average - more cases than typical at this point","Panama"
"PAN",3,6,1.02657695377583,624.8125,1.29746870240966,1252.125,624.8125,1252.125,0.145184303479059,0.0643529677581659,2025,2025-06-01,1813,"PAHO",4,"2025/2026","Observed",3602,8549,17396,24612,NA,17396,"North & Central America","Panama",1.29746870240966,1252.125,95.7810769107575,"Extremely High","Rare bad event - unusually high cases to date",2.13658721350699,"High",84.5584474124413,"Above average - more cases than typical at this point","Panama"
"PAN",4,7,0.876743675939046,1230.9375,1.13626957305399,2483.0625,1230.9375,2483.0625,0.250805120082155,0.105620816603097,2025,2025-07-01,2331,"PAHO",4,"2025/2026","Observed",5933,10880,17396,24612,NA,17396,"North & Central America","Panama",1.13626957305399,2483.0625,91.5855205192443,"High","Above average - more cases than typical at this point",1.48069264551507,"High",84.5584474124413,"Above average - more cases than typical at this point","Panama"
"PAN",5,8,0.969220732158268,1207.125,1.12542749631825,3690.1875,1207.125,3690.1875,0.358056834694217,0.107251714612062,2025,2025-08-01,1989,"PAHO",4,"2025/2026","Observed",7922,12869,17396,24612,NA,17396,"North & Central America","Panama",1.12542749631825,3690.1875,88.9809852706254,"High","Above average - more cases than typical at this point",1.21638352499334,"High",84.5584474124413,"Above average - more cases than typical at this point","Panama"
"PAN",6,9,0.908152311312196,1192.0625,1.1098477557313,4882.25,1192.0625,4882.25,0.462202561506273,0.104145726812055,2025,2025-09-01,2406,"PAHO",4,"2025/2026","Observed",10328,15275,17396,24612,NA,17396,"North & Central America","Panama",1.1098477557313,4882.25,88.520405941184,"High","Above average - more cases than typical at this point",1.17495175201461,"High",84.5584474124413,"Above average - more cases than typical at this point","Panama"
"PAN",7,10,1.19836507248932,1146.875,1.14523312993525,6029.12499999999,1146.875,6029.125,0.575932324781735,0.113729763275462,2025,2025-10-01,1624,"PAHO",4,"2025/2026","Observed",11952,16899,17396,24612,NA,17396,"North & Central America","Panama",1.14523312993525,6029.12499999999,86.9358605845804,"High","Above average - more cases than typical at this point",1.0511966963923,"High",84.5584474124413,"Above average - more cases than typical at this point","Panama"
"PAN",8,11,1.20890771786666,1011.3125,1.17675339909318,7040.4375,1011.3125,7040.4375,0.677309272022592,0.101376947240857,2025,2025-11-01,1350,"PAHO",4,"2025/2026","Observed",13302,18249,17396,24612,NA,17396,"North & Central America","Panama",1.17675339909318,7040.4375,85.6845269645828,"High","Above average - more cases than typical at this point",0.964693854057049,"High",84.5584474124413,"Above average - more cases than typical at this point","Panama"
"PAN",9,12,1.23231901108435,1099.375,1.23202926763297,8139.81249999999,1099.375,8139.8125,0.798791383199195,0.121482111176603,2025,2025-12-01,1411,"PAHO",4,"2025/2026","Observed",14713,19660,17396,24612,NA,17396,"North & Central America","Panama",1.23202926763297,8139.81249999999,84.5584474124413,"High","Above average - more cases than typical at this point",0.896270841103464,"High",84.5584474124413,"Above average - more cases than typical at this point","Panama"
"PAN",10,1,1.05331311489753,1000.1875,1.30756930630684,9140,1000.1875,9140,0.91132394284952,0.112532559650326,2026,2026-01-01,1078,"PAHO",4,"2025/2026","Observed",15791,1078,17396,103986,NA,17396,"North & Central America","Panama",1.30756930630684,9140,83.3793174020261,"High","Above average - more cases than typical at this point",0.832035866801726,"Extremely Low",4.52073843343665,"Rare good event - unusually low cases to date","Panama"
"PAN",11,2,1.11705305535745,470.625,1.31937424898283,9610.62499999999,470.625,9610.625,0.961452117961617,0.0501281751120968,2026,2026-02-01,762,"PAHO",4,"2025/2026","Observed",16553,1840,17396,103986,NA,17396,"North & Central America","Panama",1.31937424898283,9610.62499999999,83.3197341523995,"High","Above average - more cases than typical at this point",0.829680017323795,"Extremely Low",4.52073843343665,"Rare good event - unusually low cases to date","Panama"
"PAN",12,3,1.23501422113223,362,1.32653252732295,9972.62499999998,362,9972.625,1,0.0385478820383827,2026,2026-03-01,843,"PAHO",4,"2025/2026","Observed",17396,2683,17396,103986,NA,17396,"North & Central America","Panama",1.32653252732295,9972.62499999998,83.7769935362258,"High","Above average - more cases than typical at this point",0.857278596130603,"Extremely Low",4.52073843343665,"Rare good event - unusually low cases to date","Panama"
"PAN",1,4,1.11314160436522,275,1.11314160436522,275,275,275,0.0316773988560498,0.0316773988560498,2026,2026-04-01,611,"PAHO",4,"2026/2027","Observed",611,3294,19288,103986,NA,19288,"North & Central America","Panama",1.11314160436522,275,89.7684970670699,"High","Above average - more cases than typical at this point",1.28648462227199,"Extremely Low",4.52073843343665,"Rare good event - unusually low cases to date","Panama"
"PAN",2,5,1.70088519954931,352.3125,1.46246943585808,627.312500000001,352.3125,627.3125,0.0808313357208927,0.0491539368648429,2026,2026-05-01,NA,NA,4,"2026/2027","Unobserved",611,3294,19288,103986,NA,19288,"North & Central America","Panama",1.46246943585808,627.312500000001,59.8107939143104,"Normal","Average - typical case load at this point",-0.0314104624741322,"Extremely Low",4.52073843343665,"Rare good event - unusually low cases to date","Panama"
"PAN",3,6,1.02657695377583,624.8125,1.29746870240966,1252.125,624.8125,1252.125,0.145184303479059,0.0643529677581659,2026,2026-06-01,NA,NA,4,"2026/2027","Unobserved",611,3294,19288,103986,NA,19288,"North & Central America","Panama",1.29746870240966,1252.125,33.7271199267973,"Normal","Average - typical case load at this point",-0.582932912286682,"Extremely Low",4.52073843343665,"Rare good event - unusually low cases to date","Panama"
"PAN",4,7,0.876743675939046,1230.9375,1.13626957305399,2483.0625,1230.9375,2483.0625,0.250805120082155,0.105620816603097,2026,2026-07-01,NA,NA,4,"2026/2027","Unobserved",611,3294,19288,103986,NA,19288,"North & Central America","Panama",1.13626957305399,2483.0625,19.0977841554529,"Low","Below average - fewer cases than typical at this point",-0.803478084949239,"Extremely Low",4.52073843343665,"Rare good event - unusually low cases to date","Panama"
"PAN",5,8,0.969220732158268,1207.125,1.12542749631825,3690.1875,1207.125,3690.1875,0.358056834694217,0.107251714612062,2026,2026-08-01,NA,NA,4,"2026/2027","Unobserved",611,3294,19288,103986,NA,19288,"North & Central America","Panama",1.12542749631825,3690.1875,12.9440042241939,"Low","Below average - fewer cases than typical at this point",-0.885075353732103,"Extremely Low",4.52073843343665,"Rare good event - unusually low cases to date","Panama"
"PAN",6,9,0.908152311312196,1192.0625,1.1098477557313,4882.25,1192.0625,4882.25,0.462202561506273,0.104145726812055,2026,2026-09-01,NA,NA,4,"2026/2027","Unobserved",611,3294,19288,103986,NA,19288,"North & Central America","Panama",1.1098477557313,4882.25,9.90878953816188,"Low","Below average - fewer cases than typical at this point",-0.921546650285528,"Extremely Low",4.52073843343665,"Rare good event - unusually low cases to date","Panama"
"PAN",7,10,1.19836507248932,1146.875,1.14523312993525,6029.12499999999,1146.875,6029.125,0.575932324781735,0.113729763275462,2026,2026-10-01,NA,NA,4,"2026/2027","Unobserved",611,3294,19288,103986,NA,19288,"North & Central America","Panama",1.14523312993525,6029.12499999999,7.47156220753488,"Low","Below average - fewer cases than typical at this point",-0.961613253806729,"Extremely Low",4.52073843343665,"Rare good event - unusually low cases to date","Panama"
"PAN",8,11,1.20890771786666,1011.3125,1.17675339909318,7040.4375,1011.3125,7040.4375,0.677309272022592,0.101376947240857,2026,2026-11-01,NA,NA,4,"2026/2027","Unobserved",611,3294,19288,103986,NA,19288,"North & Central America","Panama",1.17675339909318,7040.4375,5.94754969796362,"Low","Below average - fewer cases than typical at this point",-0.990557682893673,"Extremely Low",4.52073843343665,"Rare good event - unusually low cases to date","Panama"
"PAN",9,12,1.23231901108435,1099.375,1.23202926763297,8139.81249999999,1099.375,8139.8125,0.798791383199195,0.121482111176603,2026,2026-12-01,NA,NA,4,"2026/2027","Unobserved",611,3294,19288,103986,NA,19288,"North & Central America","Panama",1.23202926763297,8139.81249999999,4.52073843343665,"Extremely Low","Rare good event - unusually low cases to date",-1.02657274144169,"Extremely Low",4.52073843343665,"Rare good event - unusually low cases to date","Panama"
"PER",5,1,2.03125610690481,4857.73333333332,1.81810315765963,15417.4,4857.73333333333,15417.4,0.328303895748276,0.118741543577129,2025,2025-01-01,6182,"PAHO",9,"2024/2025","Observed",6182,6182,32252,185033,NA,32252,"South America","Peru",1.81810315765963,15417.4,21.0063088298013,"Low","Below average - fewer cases than typical at this point",-0.807659349515342,"Normal",42.6267752803485,"Average - typical case load at this point","Peru"
"PER",6,2,1.13349791640089,6383.53333333334,1.73074810247741,21800.9333333334,6383.53333333333,21800.9333333333,0.438014375979465,0.10971048023119,2025,2025-02-01,4516,"PAHO",9,"2024/2025","Observed",10698,10698,32252,185033,NA,32252,"South America","Peru",1.73074810247741,21800.9333333334,28.4412259466836,"Normal","Average - typical case load at this point",-0.669980772119996,"Normal",42.6267752803485,"Average - typical case load at this point","Peru"
"PER",7,3,0.736415402152378,10602.0666666667,1.32313744699624,32403.0000000001,10602.0666666667,32403,0.562247235364582,0.124232859385117,2025,2025-03-01,7093,"PAHO",9,"2024/2025","Observed",17791,17791,32252,185033,NA,32252,"South America","Peru",1.32313744699624,32403.0000000001,37.3421770665278,"Normal","Average - typical case load at this point",-0.518702159892085,"Normal",42.6267752803485,"Average - typical case load at this point","Peru"
"PER",8,4,0.692505759317267,12129.7333333333,1.1858047101455,44532.7333333334,12129.7333333333,44532.7333333333,0.698447009375641,0.13619977401106,2025,2025-04-01,6207,"PAHO",9,"2024/2025","Observed",23998,23998,32252,185033,NA,32252,"South America","Peru",1.1858047101455,44532.7333333334,38.6368680334841,"Normal","Average - typical case load at this point",-0.502123466966716,"Normal",42.6267752803485,"Average - typical case load at this point","Peru"
"PER",9,5,0.612408023410236,12176.0666666667,1.11967141411013,56708.8000000001,12176.0666666667,56708.8,0.836747091351569,0.138300081975928,2025,2025-05-01,3573,"PAHO",9,"2024/2025","Observed",27571,27571,32252,185033,NA,32252,"South America","Peru",1.11967141411013,56708.8000000001,36.3612556418771,"Normal","Average - typical case load at this point",-0.543684946581233,"Normal",42.6267752803485,"Average - typical case load at this point","Peru"
"PER",10,6,0.670493075645633,6228.93333333332,1.10405393043825,62937.7333333333,6228.93333333333,62937.7333333333,0.916342195616208,0.0795951042646389,2025,2025-06-01,2451,"PAHO",9,"2024/2025","Observed",30022,30022,32252,185033,NA,32252,"South America","Peru",1.10405393043825,62937.7333333333,36.0408383206122,"Normal","Average - typical case load at this point",-0.54952034011295,"Normal",42.6267752803485,"Average - typical case load at this point","Peru"
"PER",11,7,0.713252408074025,3720.86666666667,1.09425767844589,66658.5999999999,3720.86666666667,66658.6,0.964466971313226,0.0481247756970174,2025,2025-07-01,1191,"PAHO",9,"2024/2025","Observed",31213,31213,32252,185033,NA,32252,"South America","Peru",1.09425767844589,66658.5999999999,35.6485215314519,"Normal","Average - typical case load at this point",-0.556240210618726,"Normal",42.6267752803485,"Average - typical case load at this point","Peru"
"PER",12,8,0.902739087283924,2227.8,1.10100498141248,68886.3999999997,2227.8,68886.4,1,0.0355330286867742,2025,2025-08-01,1039,"PAHO",9,"2024/2025","Observed",32252,32252,32252,185033,NA,32252,"South America","Peru",1.10100498141248,68886.3999999997,35.5256275058059,"Normal","Average - typical case load at this point",-0.558016145950628,"Normal",42.6267752803485,"Average - typical case load at this point","Peru"
"PER",1,9,0.768969074172824,1848.2,0.768969074172824,1848.2,1848.2,1848.2,0.0320940250481495,0.0320940250481495,2025,2025-09-01,1276,"PAHO",9,"2025/2026","Observed",1276,33528,38166,185033,NA,38166,"South America","Peru",0.768969074172824,1848.2,53.498570116225,"Normal","Average - typical case load at this point",-0.271433218450011,"Normal",42.6267752803485,"Average - typical case load at this point","Peru"
"PER",2,10,0.987652169221907,2210.93333333334,0.921389725148991,4059.13333333335,2210.93333333333,4059.13333333333,0.0704967609838446,0.0384027359356951,2025,2025-10-01,1100,"PAHO",9,"2025/2026","Observed",2376,34628,38166,185033,NA,38166,"South America","Peru",0.921389725148991,4059.13333333335,45.6683817688938,"Normal","Average - typical case load at this point",-0.397976658506929,"Normal",42.6267752803485,"Average - typical case load at this point","Peru"
"PER",3,11,0.872281218432623,3643.53333333334,1.00413184997543,7702.66666666666,3643.53333333333,7702.66666666667,0.148659927087892,0.0781631661040471,2025,2025-11-01,1512,"PAHO",9,"2025/2026","Observed",3888,36140,38166,185033,NA,38166,"South America","Peru",1.00413184997543,7702.66666666666,39.5645286793787,"Normal","Average - typical case load at this point",-0.496229473721282,"Normal",42.6267752803485,"Average - typical case load at this point","Peru"
"PER",4,12,1.51209953201623,2856.99999999999,1.24571286040984,10559.6666666667,2857,10559.6666666667,0.209562352171147,0.0609024250832549,2025,2025-12-01,2636,"PAHO",9,"2025/2026","Observed",6524,38776,38166,185033,NA,38166,"South America","Peru",1.24571286040984,10559.6666666667,42.6267752803485,"Normal","Average - typical case load at this point",-0.426528875170008,"Normal",42.6267752803485,"Average - typical case load at this point","Peru"
"PER",5,1,2.03125610690481,4857.73333333332,1.81810315765963,15417.4,4857.73333333333,15417.4,0.328303895748276,0.118741543577129,2026,2026-01-01,2380,"PAHO",9,"2025/2026","Observed",8904,2380,38166,28825,NA,38166,"South America","Peru",1.81810315765963,15417.4,33.7472873680144,"Normal","Average - typical case load at this point",-0.569613488006284,"Extremely Low",0.00127787017914218,"Rare good event - unusually low cases to date","Peru"
"PER",6,2,1.13349791640089,6383.53333333334,1.73074810247741,21800.9333333334,6383.53333333333,21800.9333333333,0.438014375979465,0.10971048023119,2026,2026-02-01,2745,"PAHO",9,"2025/2026","Observed",11649,5125,38166,28825,NA,38166,"South America","Peru",1.73074810247741,21800.9333333334,31.5544356223417,"Normal","Average - typical case load at this point",-0.612594881818984,"Extremely Low",0.00127787017914218,"Rare good event - unusually low cases to date","Peru"
"PER",7,3,0.736415402152378,10602.0666666667,1.32313744699624,32403.0000000001,10602.0666666667,32403,0.562247235364582,0.124232859385117,2026,2026-03-01,6109,"PAHO",9,"2025/2026","Observed",17758,11234,38166,28825,NA,38166,"South America","Peru",1.32313744699624,32403.0000000001,37.2764294927966,"Normal","Average - typical case load at this point",-0.519873606051163,"Extremely Low",0.00127787017914218,"Rare good event - unusually low cases to date","Peru"
"PER",8,4,0.692505759317267,12129.7333333333,1.1858047101455,44532.7333333334,12129.7333333333,44532.7333333333,0.698447009375641,0.13619977401106,2026,2026-04-01,8899,"PAHO",9,"2025/2026","Observed",26657,20133,38166,28825,NA,38166,"South America","Peru",1.1858047101455,44532.7333333334,42.2727523313604,"Normal","Average - typical case load at this point",-0.437104541374087,"Extremely Low",0.00127787017914218,"Rare good event - unusually low cases to date","Peru"
"PER",9,5,0.612408023410236,12176.0666666667,1.11967141411013,56708.8000000001,12176.0666666667,56708.8,0.836747091351569,0.138300081975928,2026,2026-05-01,NA,NA,9,"2025/2026","Unobserved",26657,20133,38166,28825,NA,38166,"South America","Peru",1.11967141411013,56708.8000000001,35.3223745849011,"Normal","Average - typical case load at this point",-0.560739358416555,"Extremely Low",0.00127787017914218,"Rare good event - unusually low cases to date","Peru"
"PER",10,6,0.670493075645633,6228.93333333332,1.10405393043825,62937.7333333333,6228.93333333333,62937.7333333333,0.916342195616208,0.0795951042646389,2026,2026-06-01,NA,NA,9,"2025/2026","Unobserved",26657,20133,38166,28825,NA,38166,"South America","Peru",1.10405393043825,62937.7333333333,32.5253645405274,"Normal","Average - typical case load at this point",-0.605698214862211,"Extremely Low",0.00127787017914218,"Rare good event - unusually low cases to date","Peru"
"PER",11,7,0.713252408074025,3720.86666666667,1.09425767844589,66658.5999999999,3720.86666666667,66658.6,0.964466971313226,0.0481247756970174,2026,2026-07-01,NA,NA,9,"2025/2026","Unobserved",26657,20133,38166,28825,NA,38166,"South America","Peru",1.09425767844589,66658.5999999999,31.1018625447446,"Normal","Average - typical case load at this point",-0.627736543014818,"Extremely Low",0.00127787017914218,"Rare good event - unusually low cases to date","Peru"
"PER",12,8,0.902739087283924,2227.8,1.10100498141248,68886.3999999997,2227.8,68886.4,1,0.0355330286867742,2026,2026-08-01,NA,NA,9,"2025/2026","Unobserved",26657,20133,38166,28825,NA,38166,"South America","Peru",1.10100498141248,68886.3999999997,30.0829234692308,"Normal","Average - typical case load at this point",-0.643239333353555,"Extremely Low",0.00127787017914218,"Rare good event - unusually low cases to date","Peru"
"PER",1,9,0.768969074172824,1848.2,0.768969074172824,1848.2,1848.2,1848.2,0.0320940250481495,0.0320940250481495,2026,2026-09-01,NA,NA,9,"2026/2027","Unobserved",0,20133,NA,28825,NA,NA,"South America","Peru",0.768969074172824,1848.2,0.251246259768203,"Extremely Low","Rare good event - unusually low cases to date",-0.876726449387123,"Extremely Low",0.00127787017914218,"Rare good event - unusually low cases to date","Peru"
"PER",2,10,0.987652169221907,2210.93333333334,0.921389725148991,4059.13333333335,2210.93333333333,4059.13333333333,0.0704967609838446,0.0384027359356951,2026,2026-10-01,NA,NA,9,"2026/2027","Unobserved",0,20133,NA,28825,NA,NA,"South America","Peru",0.921389725148991,4059.13333333335,0.0438908789499972,"Extremely Low","Rare good event - unusually low cases to date",-0.959781550541106,"Extremely Low",0.00127787017914218,"Rare good event - unusually low cases to date","Peru"
"PER",3,11,0.872281218432623,3643.53333333334,1.00413184997543,7702.66666666666,3643.53333333333,7702.66666666667,0.148659927087892,0.0781631661040471,2026,2026-11-01,NA,NA,9,"2026/2027","Unobserved",0,20133,NA,28825,NA,NA,"South America","Peru",1.00413184997543,7702.66666666666,0.0125614904957236,"Extremely Low","Rare good event - unusually low cases to date",-1.00199848643406,"Extremely Low",0.00127787017914218,"Rare good event - unusually low cases to date","Peru"
"PER",4,12,1.51209953201623,2856.99999999999,1.24571286040984,10559.6666666667,2857,10559.6666666667,0.209562352171147,0.0609024250832549,2026,2026-12-01,NA,NA,9,"2026/2027","Unobserved",0,20133,NA,28825,NA,NA,"South America","Peru",1.24571286040984,10559.6666666667,0.00127787017914218,"Extremely Low","Rare good event - unusually low cases to date",-1.11604924725453,"Extremely Low",0.00127787017914218,"Rare good event - unusually low cases to date","Peru"
"PHL",1,4,4.7525703733065,5593.78571428571,4.7525703733065,5593.78571428571,5593.78571428571,5593.78571428571,0.0304530035266563,0.0304530035266563,NA,NA,NA,NA,NA,NA,"Unobserved",0,0,NA,NA,NA,NA,"East & Southeast Asia","Philippines",4.7525703733065,5593.78571428571,2.53607476040594e-13,"Extremely Low","Rare good event - unusually low cases to date",-2.17911356765655,"Extremely Low",2.76867475748391e-21,"Rare good event - unusually low cases to date","Philippines"
"PHL",2,5,3.27660558200776,7711.71428571427,3.88166505202212,13305.5,7711.71428571429,13305.5,0.0717166281236015,0.0412636245969452,NA,NA,NA,NA,NA,NA,"Unobserved",0,0,NA,NA,NA,NA,"East & Southeast Asia","Philippines",3.88166505202212,13305.5,1.89570737625016e-12,"Extremely Low","Rare good event - unusually low cases to date",-1.96990684274875,"Extremely Low",2.76867475748391e-21,"Rare good event - unusually low cases to date","Philippines"
"PHL",3,6,2.8492427714908,14673.2857142858,3.34248902198937,27978.7857142856,14673.2857142857,27978.7857142857,0.146597497310002,0.0748808691864001,NA,NA,NA,NA,NA,NA,"Unobserved",0,0,NA,NA,NA,NA,"East & Southeast Asia","Philippines",3.34248902198937,27978.7857142856,7.72766211140808e-12,"Extremely Low","Rare good event - unusually low cases to date",-1.82813833142675,"Extremely Low",2.76867475748391e-21,"Rare good event - unusually low cases to date","Philippines"
"PHL",4,7,3.02222995121867,26056.2142857142,3.23353573707897,54035.0000000001,26056.2142857143,54035,0.279835835314265,0.133238338004263,NA,NA,NA,NA,NA,NA,"Unobserved",0,0,NA,NA,NA,NA,"East & Southeast Asia","Philippines",3.23353573707897,54035.0000000001,2.21158004683516e-12,"Extremely Low","Rare good event - unusually low cases to date",-1.79814967369564,"Extremely Low",2.76867475748391e-21,"Rare good event - unusually low cases to date","Philippines"
"PHL",5,8,3.73795735993837,30230.2142857143,3.58117411725324,84265.214285714,30230.2142857143,84265.2142857143,0.440197074120484,0.160361238806219,NA,NA,NA,NA,NA,NA,"Unobserved",0,0,NA,NA,NA,NA,"East & Southeast Asia","Philippines",3.58117411725324,84265.214285714,2.20999428434294e-14,"Extremely Low","Rare good event - unusually low cases to date",-1.89235882642916,"Extremely Low",2.76867475748391e-21,"Rare good event - unusually low cases to date","Philippines"
"PHL",6,9,3.32005331919403,26639.2857142856,3.59684198784644,110904.5,26639.2857142857,110904.5,0.57859572740484,0.138398653284356,NA,NA,NA,NA,NA,NA,"Unobserved",0,0,NA,NA,NA,NA,"East & Southeast Asia","Philippines",3.59684198784644,110904.5,7.13880685161464e-15,"Extremely Low","Rare good event - unusually low cases to date",-1.89650345089692,"Extremely Low",2.76867475748391e-21,"Rare good event - unusually low cases to date","Philippines"
"PHL",7,10,4.44275026352008,17397.2142857143,3.75346638519148,128301.714285714,17397.2142857143,128301.714285714,0.6714406338536,0.0928449064487598,NA,NA,NA,NA,NA,NA,"Unobserved",0,0,NA,NA,NA,NA,"East & Southeast Asia","Philippines",3.75346638519148,128301.714285714,9.60476367591823e-16,"Extremely Low","Rare good event - unusually low cases to date",-1.9373581446786,"Extremely Low",2.76867475748391e-21,"Rare good event - unusually low cases to date","Philippines"
"PHL",8,11,5.26893423622946,14515.1428571428,4.07053158017668,142816.857142857,14515.1428571429,142816.857142857,0.75299291395923,0.0815522801056305,NA,NA,NA,NA,NA,NA,"Unobserved",0,0,NA,NA,NA,NA,"East & Southeast Asia","Philippines",4.07053158017668,142816.857142857,3.15399614392485e-17,"Extremely Low","Rare good event - unusually low cases to date",-2.01752709180694,"Extremely Low",2.76867475748391e-21,"Rare good event - unusually low cases to date","Philippines"
"PHL",9,12,2.86216948333885,9864.64285714287,4.27421559939511,152681.5,9864.64285714286,152681.5,0.808685589243281,0.0556926752840508,NA,NA,NA,NA,NA,NA,"Unobserved",0,0,NA,NA,NA,NA,"East & Southeast Asia","Philippines",4.27421559939511,152681.5,3.46532232801897e-18,"Extremely Low","Rare good event - unusually low cases to date",-2.06738867873512,"Extremely Low",2.76867475748391e-21,"Rare good event - unusually low cases to date","Philippines"
"PHL",10,1,4.52571382518092,15376,4.4959728999426,168057.499999999,15376,168057.5,0.894141881285377,0.0854562920420962,NA,NA,NA,NA,NA,NA,"Unobserved",0,0,NA,NA,NA,NA,"East & Southeast Asia","Philippines",4.4959728999426,168057.499999999,2.7638104652889e-19,"Extremely Low","Rare good event - unusually low cases to date",-2.12034257238161,"Extremely Low",2.76867475748391e-21,"Rare good event - unusually low cases to date","Philippines"
"PHL",11,2,6.1758162777488,10032.6428571429,4.68671230120371,178090.142857143,10032.6428571429,178090.142857143,0.951676226325011,0.0575343450396339,NA,NA,NA,NA,NA,NA,"Unobserved",0,0,NA,NA,NA,NA,"East & Southeast Asia","Philippines",4.68671230120371,178090.142857143,3.43458761492216e-20,"Extremely Low","Rare good event - unusually low cases to date",-2.16485310506388,"Extremely Low",2.76867475748391e-21,"Rare good event - unusually low cases to date","Philippines"
"PHL",12,3,8.05692801791417,8029.78571428571,4.9283894191907,186119.928571429,8029.78571428571,186119.928571429,1,0.0483237736749891,NA,NA,NA,NA,NA,NA,"Unobserved",0,0,NA,NA,NA,NA,"East & Southeast Asia","Philippines",4.9283894191907,186119.928571429,2.76867475748391e-21,"Extremely Low","Rare good event - unusually low cases to date",-2.21996822514417,"Extremely Low",2.76867475748391e-21,"Rare good event - unusually low cases to date","Philippines"
"PLW",10,1,0.641914731612241,38.2857142857143,0.648856799807397,517.857142857142,38.2857142857143,517.857142857143,0.835540488917634,0.0981663721367899,2025,2025-01-01,0,"WHO",4,"2024/2025","Observed",0,0,0,64,NA,0,"Pacific Islands","Palau",0.648856799807397,517.857142857142,1.30805214338489,"Extremely Low","Rare good event - unusually low cases to date",-0.805012311968313,"Low",23.2986285446322,"Below average - fewer cases than typical at this point","Palau"
"PLW",11,2,0.711135407029139,18,0.692082982139593,535.857142857143,18,535.857142857143,0.900912295761274,0.0653718068436397,2025,2025-02-01,0,"WHO",4,"2024/2025","Observed",0,0,0,64,NA,0,"Pacific Islands","Palau",0.692082982139593,535.857142857143,1.00059852144083,"Extremely Low","Rare good event - unusually low cases to date",-0.831378541703111,"Low",23.2986285446322,"Below average - fewer cases than typical at this point","Palau"
"PLW",12,3,0.93875411627612,25.7142857142857,0.740542160720657,561.57142857143,25.7142857142857,561.571428571429,1,0.0990877042387262,2025,2025-03-01,0,"WHO",4,"2024/2025","Observed",0,0,0,64,NA,0,"Pacific Islands","Palau",0.740542160720657,561.57142857143,0.736074827115489,"Extremely Low","Rare good event - unusually low cases to date",-0.859980753619641,"Low",23.2986285446322,"Below average - fewer cases than typical at this point","Palau"
"PLW",1,4,0.615626765873202,43.4285714285714,0.615626765873202,43.4285714285714,43.4285714285714,43.4285714285714,0.0830670458646552,0.0830670458646552,2025,2025-04-01,0,"WHO",4,"2025/2026","Observed",0,0,47,64,NA,47,"Pacific Islands","Palau",0.615626765873202,43.4285714285714,7.21566431742897,"Low","Below average - fewer cases than typical at this point",-0.779116074106944,"Low",23.2986285446322,"Below average - fewer cases than typical at this point","Palau"
"PLW",2,5,0.550741854287884,39.1428571428571,0.584797322278717,82.5714285714287,39.1428571428571,82.5714285714286,0.149620796444162,0.0665537505795064,2025,2025-05-01,0,"WHO",4,"2025/2026","Observed",0,0,47,64,NA,47,"Pacific Islands","Palau",0.584797322278717,82.5714285714287,5.50802682483075,"Low","Below average - fewer cases than typical at this point",-0.762026723236257,"Low",23.2986285446322,"Below average - fewer cases than typical at this point","Palau"
"PLW",3,6,0.455885578165332,68,0.534199668738296,150.571428571429,68,150.571428571429,0.234110878240252,0.0844900817960906,2025,2025-06-01,1,"WHO",4,"2025/2026","Observed",1,1,47,64,NA,47,"Pacific Islands","Palau",0.534199668738296,150.571428571429,7.51130366431124,"Low","Below average - fewer cases than typical at this point",-0.724751032950629,"Low",23.2986285446322,"Below average - fewer cases than typical at this point","Palau"
"PLW",4,7,0.403136138314997,67.5714285714286,0.515791707374546,218.142857142857,67.5714285714286,218.142857142857,0.32926359291843,0.0951527146781774,2025,2025-07-01,6,"WHO",4,"2025/2026","Observed",7,7,47,64,NA,47,"Pacific Islands","Palau",0.515791707374546,218.142857142857,14.2435507881241,"Low","Below average - fewer cases than typical at this point",-0.694320108452511,"Low",23.2986285446322,"Below average - fewer cases than typical at this point","Palau"
"PLW",5,8,0.51962142279662,69,0.525451060581668,287.142857142857,69,287.142857142857,0.435407326387167,0.106143733468737,2025,2025-08-01,9,"WHO",4,"2025/2026","Observed",16,16,47,64,NA,47,"Pacific Islands","Palau",0.525451060581668,287.142857142857,17.8668107026509,"Low","Below average - fewer cases than typical at this point",-0.683863282037815,"Low",23.2986285446322,"Below average - fewer cases than typical at this point","Palau"
"PLW",6,9,0.378597403199441,61.7142857142857,0.511562768193593,348.857142857143,61.7142857142857,348.857142857143,0.518885480481224,0.0834781540940565,2025,2025-09-01,10,"WHO",4,"2025/2026","Observed",26,26,47,64,NA,47,"Pacific Islands","Palau",0.511562768193593,348.857142857143,21.229127165022,"Low","Below average - fewer cases than typical at this point",-0.661445480378228,"Low",23.2986285446322,"Below average - fewer cases than typical at this point","Palau"
"PLW",7,10,0.534827345432648,56.5714285714286,0.518245471877134,405.428571428572,56.5714285714286,405.428571428571,0.606837073527162,0.0879515930459382,2025,2025-10-01,20,"WHO",4,"2025/2026","Observed",46,46,47,64,NA,47,"Pacific Islands","Palau",0.518245471877134,405.428571428572,25.6502850127752,"Normal","Average - typical case load at this point",-0.63780601272037,"Low",23.2986285446322,"Below average - fewer cases than typical at this point","Palau"
"PLW",8,11,0.422991581436127,47.8571428571429,0.524427499686633,453.285714285714,47.8571428571429,453.285714285714,0.681503025472425,0.0746659519452636,2025,2025-11-01,1,"WHO",4,"2025/2026","Observed",47,47,47,64,NA,47,"Pacific Islands","Palau",0.524427499686633,453.285714285714,24.2161905440248,"Low","Below average - fewer cases than typical at this point",-0.648710856045816,"Low",23.2986285446322,"Below average - fewer cases than typical at this point","Palau"
"PLW",9,12,0.557533441003195,26.2857142857143,0.529332182061457,479.571428571429,26.2857142857143,479.571428571429,0.737374116780844,0.0558710913084187,2025,2025-12-01,0,"WHO",4,"2025/2026","Observed",47,47,47,64,NA,47,"Pacific Islands","Palau",0.529332182061457,479.571428571429,23.2986285446322,"Low","Below average - fewer cases than typical at this point",-0.655887165324569,"Low",23.2986285446322,"Below average - fewer cases than typical at this point","Palau"
"PLW",10,1,0.641914731612241,38.2857142857143,0.648856799807397,517.857142857142,38.2857142857143,517.857142857143,0.835540488917634,0.0981663721367899,2026,2026-01-01,0,"WHO",4,"2025/2026","Observed",47,0,47,0,NA,47,"Pacific Islands","Palau",0.648856799807397,517.857142857142,17.469338860161,"Low","Below average - fewer cases than typical at this point",-0.731950504895879,"Extremely Low",2.7192239113769,"Rare good event - unusually low cases to date","Palau"
"PLW",11,2,0.711135407029139,18,0.692082982139593,535.857142857143,18,535.857142857143,0.900912295761274,0.0653718068436397,2026,2026-02-01,0,"WHO",4,"2025/2026","Observed",47,0,47,0,NA,47,"Pacific Islands","Palau",0.692082982139593,535.857142857143,15.6483649553192,"Low","Below average - fewer cases than typical at this point",-0.758458376355118,"Extremely Low",2.7192239113769,"Rare good event - unusually low cases to date","Palau"
"PLW",12,3,0.93875411627612,25.7142857142857,0.740542160720657,561.57142857143,25.7142857142857,561.571428571429,1,0.0990877042387262,2026,2026-03-01,0,"WHO",4,"2025/2026","Observed",47,0,47,0,NA,47,"Pacific Islands","Palau",0.740542160720657,561.57142857143,13.7205956217195,"Low","Below average - fewer cases than typical at this point",-0.788005768134812,"Extremely Low",2.7192239113769,"Rare good event - unusually low cases to date","Palau"
"PLW",1,4,0.615626765873202,43.4285714285714,0.615626765873202,43.4285714285714,43.4285714285714,43.4285714285714,0.0830670458646552,0.0830670458646552,2026,2026-04-01,0,"WHO",4,"2026/2027","Observed",0,0,0,0,NA,0,"Pacific Islands","Palau",0.615626765873202,43.4285714285714,7.21566431742897,"Low","Below average - fewer cases than typical at this point",-0.779116074106944,"Extremely Low",2.7192239113769,"Rare good event - unusually low cases to date","Palau"
"PLW",2,5,0.550741854287884,39.1428571428571,0.584797322278717,82.5714285714287,39.1428571428571,82.5714285714286,0.149620796444162,0.0665537505795064,2026,2026-05-01,NA,NA,4,"2026/2027","Unobserved",0,0,0,0,NA,0,"Pacific Islands","Palau",0.584797322278717,82.5714285714287,5.50802682483075,"Low","Below average - fewer cases than typical at this point",-0.762026723236257,"Extremely Low",2.7192239113769,"Rare good event - unusually low cases to date","Palau"
"PLW",3,6,0.455885578165332,68,0.534199668738296,150.571428571429,68,150.571428571429,0.234110878240252,0.0844900817960906,2026,2026-06-01,NA,NA,4,"2026/2027","Unobserved",0,0,0,0,NA,0,"Pacific Islands","Palau",0.534199668738296,150.571428571429,4.9019442148315,"Extremely Low","Rare good event - unusually low cases to date",-0.729596550840461,"Extremely Low",2.7192239113769,"Rare good event - unusually low cases to date","Palau"
"PLW",4,7,0.403136138314997,67.5714285714286,0.515791707374546,218.142857142857,67.5714285714286,218.142857142857,0.32926359291843,0.0951527146781774,2026,2026-07-01,NA,NA,4,"2026/2027","Unobserved",0,0,0,0,NA,0,"Pacific Islands","Palau",0.515791707374546,218.142857142857,4.41432613776315,"Extremely Low","Rare good event - unusually low cases to date",-0.717338840058853,"Extremely Low",2.7192239113769,"Rare good event - unusually low cases to date","Palau"
"PLW",5,8,0.51962142279662,69,0.525451060581668,287.142857142857,69,287.142857142857,0.435407326387167,0.106143733468737,2026,2026-08-01,NA,NA,4,"2026/2027","Unobserved",0,0,0,0,NA,0,"Pacific Islands","Palau",0.525451060581668,287.142857142857,3.64020604951243,"Extremely Low","Rare good event - unusually low cases to date",-0.724217701209698,"Extremely Low",2.7192239113769,"Rare good event - unusually low cases to date","Palau"
"PLW",6,9,0.378597403199441,61.7142857142857,0.511562768193593,348.857142857143,61.7142857142857,348.857142857143,0.518885480481224,0.0834781540940565,2026,2026-09-01,NA,NA,4,"2026/2027","Unobserved",0,0,0,0,NA,0,"Pacific Islands","Palau",0.511562768193593,348.857142857143,3.54841271184647,"Extremely Low","Rare good event - unusually low cases to date",-0.714712328798068,"Extremely Low",2.7192239113769,"Rare good event - unusually low cases to date","Palau"
"PLW",7,10,0.534827345432648,56.5714285714286,0.518245471877134,405.428571428572,56.5714285714286,405.428571428571,0.606837073527162,0.0879515930459382,2026,2026-10-01,NA,NA,4,"2026/2027","Unobserved",0,0,0,0,NA,0,"Pacific Islands","Palau",0.518245471877134,405.428571428572,3.1639674237288,"Extremely Low","Rare good event - unusually low cases to date",-0.719433014348335,"Extremely Low",2.7192239113769,"Rare good event - unusually low cases to date","Palau"
"PLW",8,11,0.422991581436127,47.8571428571429,0.524427499686633,453.285714285714,47.8571428571429,453.285714285714,0.681503025472425,0.0746659519452636,2026,2026-11-01,NA,NA,4,"2026/2027","Unobserved",0,0,0,0,NA,0,"Pacific Islands","Palau",0.524427499686633,453.285714285714,2.8817576371424,"Extremely Low","Rare good event - unusually low cases to date",-0.723755114709344,"Extremely Low",2.7192239113769,"Rare good event - unusually low cases to date","Palau"
"PLW",9,12,0.557533441003195,26.2857142857143,0.529332182061457,479.571428571429,26.2857142857143,479.571428571429,0.737374116780844,0.0558710913084187,2026,2026-12-01,NA,NA,4,"2026/2027","Unobserved",0,0,0,0,NA,0,"Pacific Islands","Palau",0.529332182061457,479.571428571429,2.7192239113769,"Extremely Low","Rare good event - unusually low cases to date",-0.727150995374696,"Extremely Low",2.7192239113769,"Rare good event - unusually low cases to date","Palau"
"PRI",10,1,0.936896227500743,394.692307692308,0.763154135450514,5368.92307692308,394.692307692308,5368.92307692308,0.857038415538223,0.106202518031831,2025,2025-01-01,662,"PAHO",4,"2024/2025","Observed",662,662,1378,4420,NA,1378,"Caribbean","Puerto Rico",0.763154135450514,5368.92307692308,17.170221751851,"Low","Below average - fewer cases than typical at this point",-0.765817323845035,"Normal",40.5090457856096,"Average - typical case load at this point","Puerto Rico"
"PRI",11,2,1.12136548085615,277.153846153846,0.812109508209711,5646.07692307693,277.153846153846,5646.07692307692,0.940655251760774,0.0836168362225511,2025,2025-02-01,389,"PAHO",4,"2024/2025","Observed",1051,1051,1378,4420,NA,1378,"Caribbean","Puerto Rico",0.812109508209711,5646.07692307693,21.590247555372,"Low","Below average - fewer cases than typical at this point",-0.733368178371265,"Normal",40.5090457856096,"Average - typical case load at this point","Puerto Rico"
"PRI",12,3,0.955563785926454,258.692307692308,0.82957708055609,5904.76923076923,258.692307692308,5904.76923076923,1,0.0593447482392257,2025,2025-03-01,327,"PAHO",4,"2024/2025","Observed",1378,1378,1378,4420,NA,1378,"Caribbean","Puerto Rico",0.82957708055609,5904.76923076923,25.0196636949045,"Normal","Average - typical case load at this point",-0.698205544076015,"Normal",40.5090457856096,"Average - typical case load at this point","Puerto Rico"
"PRI",1,4,0.570773012858778,264.307692307692,0.570773012858778,264.307692307692,264.307692307692,264.307692307692,0.0424760729794962,0.0424760729794962,2025,2025-04-01,193,"PAHO",4,"2025/2026","Observed",193,1571,2406,4420,NA,2406,"Caribbean","Puerto Rico",0.570773012858778,264.307692307692,59.0882021007351,"Normal","Average - typical case load at this point",-0.203605670931496,"Normal",40.5090457856096,"Average - typical case load at this point","Puerto Rico"
"PRI",2,5,0.602429610699904,308.23076923077,0.565319811986254,572.538461538463,308.230769230769,572.538461538462,0.0975743425188486,0.0550982695393524,2025,2025-05-01,191,"PAHO",4,"2025/2026","Observed",384,1762,2406,4420,NA,2406,"Caribbean","Puerto Rico",0.565319811986254,572.538461538463,57.0222414700374,"Normal","Average - typical case load at this point",-0.247473152968058,"Normal",40.5090457856096,"Average - typical case load at this point","Puerto Rico"
"PRI",3,6,0.540393147882779,310.615384615385,0.537706501291464,883.153846153845,310.615384615385,883.153846153846,0.146595864869351,0.0490215223505023,2025,2025-06-01,295,"PAHO",4,"2025/2026","Observed",679,2057,2406,4420,NA,2406,"Caribbean","Puerto Rico",0.537706501291464,883.153846153845,61.0808428846864,"Normal","Average - typical case load at this point",-0.169457843713658,"Normal",40.5090457856096,"Average - typical case load at this point","Puerto Rico"
"PRI",4,7,0.503032833753593,470.230769230769,0.5136012910972,1353.38461538462,470.230769230769,1353.38461538462,0.216797579977682,0.0702017151083314,2025,2025-07-01,208,"PAHO",4,"2025/2026","Observed",887,2265,2406,4420,NA,2406,"Caribbean","Puerto Rico",0.5136012910972,1353.38461538462,57.8089601218066,"Normal","Average - typical case load at this point",-0.246918507702348,"Normal",40.5090457856096,"Average - typical case load at this point","Puerto Rico"
"PRI",5,8,0.544647258102941,526.000000000001,0.506449626649648,1879.38461538462,526,1879.38461538462,0.296964880702918,0.0801673007252358,2025,2025-08-01,193,"PAHO",4,"2025/2026","Observed",1080,2458,2406,4420,NA,2406,"Caribbean","Puerto Rico",0.506449626649648,1879.38461538462,54.9636567360368,"Normal","Average - typical case load at this point",-0.302656313500268,"Normal",40.5090457856096,"Average - typical case load at this point","Puerto Rico"
"PRI",6,9,0.557442985656916,565.615384615385,0.504375094418236,2444.99999999999,565.615384615385,2445,0.384627334361511,0.0876624536585931,2025,2025-09-01,229,"PAHO",4,"2025/2026","Observed",1309,2687,2406,4420,NA,2406,"Caribbean","Puerto Rico",0.504375094418236,2444.99999999999,53.4261139884867,"Normal","Average - typical case load at this point",-0.329937359392831,"Normal",40.5090457856096,"Average - typical case load at this point","Puerto Rico"
"PRI",7,10,0.650775521780063,759.230769230769,0.589565324630154,3204.23076923077,759.230769230769,3204.23076923077,0.503133604819764,0.118506270458253,2025,2025-10-01,269,"PAHO",4,"2025/2026","Observed",1578,2956,2406,4420,NA,2406,"Caribbean","Puerto Rico",0.589565324630154,3204.23076923077,48.7244180333406,"Normal","Average - typical case load at this point",-0.38965872320394,"Normal",40.5090457856096,"Average - typical case load at this point","Puerto Rico"
"PRI",8,11,0.623843044889805,945.923076923079,0.635746564782285,4150.15384615386,945.923076923077,4150.15384615385,0.637559771055845,0.13442616623608,2025,2025-11-01,242,"PAHO",4,"2025/2026","Observed",1820,3198,2406,4420,NA,2406,"Caribbean","Puerto Rico",0.635746564782285,4150.15384615386,44.5227230487558,"Normal","Average - typical case load at this point",-0.447640270189344,"Normal",40.5090457856096,"Average - typical case load at this point","Puerto Rico"
"PRI",9,12,0.609531972882054,824.076923076924,0.67637080341585,4974.23076923078,824.076923076923,4974.23076923077,0.750835897506392,0.113276126450547,2025,2025-12-01,121,"PAHO",4,"2025/2026","Observed",1941,3319,2406,4420,NA,2406,"Caribbean","Puerto Rico",0.67637080341585,4974.23076923078,40.5090457856096,"Normal","Average - typical case load at this point",-0.501467076341933,"Normal",40.5090457856096,"Average - typical case load at this point","Puerto Rico"
"PRI",10,1,0.936896227500743,394.692307692308,0.763154135450514,5368.92307692308,394.692307692308,5368.92307692308,0.857038415538223,0.106202518031831,2026,2026-01-01,237,"PAHO",4,"2025/2026","Observed",2178,237,2406,12454,NA,2406,"Caribbean","Puerto Rico",0.763154135450514,5368.92307692308,38.9342902796694,"Normal","Average - typical case load at this point",-0.519163821339104,"Extremely Low",4.49101484708014,"Rare good event - unusually low cases to date","Puerto Rico"
"PRI",11,2,1.12136548085615,277.153846153846,0.812109508209711,5646.07692307693,277.153846153846,5646.07692307692,0.940655251760774,0.0836168362225511,2026,2026-02-01,104,"PAHO",4,"2025/2026","Observed",2282,341,2406,12454,NA,2406,"Caribbean","Puerto Rico",0.812109508209711,5646.07692307693,37.5569886335931,"Normal","Average - typical case load at this point",-0.536902212145282,"Extremely Low",4.49101484708014,"Rare good event - unusually low cases to date","Puerto Rico"
"PRI",12,3,0.955563785926454,258.692307692308,0.82957708055609,5904.76923076923,258.692307692308,5904.76923076923,1,0.0593447482392257,2026,2026-03-01,124,"PAHO",4,"2025/2026","Observed",2406,465,2406,12454,NA,2406,"Caribbean","Puerto Rico",0.82957708055609,5904.76923076923,37.3238266038532,"Normal","Average - typical case load at this point",-0.539647583040265,"Extremely Low",4.49101484708014,"Rare good event - unusually low cases to date","Puerto Rico"
"PRI",1,4,0.570773012858778,264.307692307692,0.570773012858778,264.307692307692,264.307692307692,264.307692307692,0.0424760729794962,0.0424760729794962,2026,2026-04-01,64,"PAHO",4,"2026/2027","Observed",64,529,1507,12454,NA,1507,"Caribbean","Puerto Rico",0.570773012858778,264.307692307692,34.7423542065807,"Normal","Average - typical case load at this point",-0.571940849089123,"Extremely Low",4.49101484708014,"Rare good event - unusually low cases to date","Puerto Rico"
"PRI",2,5,0.602429610699904,308.23076923077,0.565319811986254,572.538461538463,308.230769230769,572.538461538462,0.0975743425188486,0.0550982695393524,2026,2026-05-01,NA,NA,4,"2026/2027","Unobserved",64,529,1507,12454,NA,1507,"Caribbean","Puerto Rico",0.565319811986254,572.538461538463,23.1996368590324,"Low","Below average - fewer cases than typical at this point",-0.667501025814699,"Extremely Low",4.49101484708014,"Rare good event - unusually low cases to date","Puerto Rico"
"PRI",3,6,0.540393147882779,310.615384615385,0.537706501291464,883.153846153845,310.615384615385,883.153846153846,0.146595864869351,0.0490215223505023,2026,2026-06-01,NA,NA,4,"2026/2027","Unobserved",64,529,1507,12454,NA,1507,"Caribbean","Puerto Rico",0.537706501291464,883.153846153845,19.5226553208532,"Low","Below average - fewer cases than typical at this point",-0.679938424154767,"Extremely Low",4.49101484708014,"Rare good event - unusually low cases to date","Puerto Rico"
"PRI",4,7,0.503032833753593,470.230769230769,0.5136012910972,1353.38461538462,470.230769230769,1353.38461538462,0.216797579977682,0.0702017151083314,2026,2026-07-01,NA,NA,4,"2026/2027","Unobserved",64,529,1507,12454,NA,1507,"Caribbean","Puerto Rico",0.5136012910972,1353.38461538462,16.6688638353497,"Low","Below average - fewer cases than typical at this point",-0.682640281396463,"Extremely Low",4.49101484708014,"Rare good event - unusually low cases to date","Puerto Rico"
"PRI",5,8,0.544647258102941,526.000000000001,0.506449626649648,1879.38461538462,526,1879.38461538462,0.296964880702918,0.0801673007252358,2026,2026-08-01,NA,NA,4,"2026/2027","Unobserved",64,529,1507,12454,NA,1507,"Caribbean","Puerto Rico",0.506449626649648,1879.38461538462,14.4319854964089,"Low","Below average - fewer cases than typical at this point",-0.687325731197682,"Extremely Low",4.49101484708014,"Rare good event - unusually low cases to date","Puerto Rico"
"PRI",6,9,0.557442985656916,565.615384615385,0.504375094418236,2444.99999999999,565.615384615385,2445,0.384627334361511,0.0876624536585931,2026,2026-09-01,NA,NA,4,"2026/2027","Unobserved",64,529,1507,12454,NA,1507,"Caribbean","Puerto Rico",0.504375094418236,2444.99999999999,12.7374958473891,"Low","Below average - fewer cases than typical at this point",-0.691532440769661,"Extremely Low",4.49101484708014,"Rare good event - unusually low cases to date","Puerto Rico"
"PRI",7,10,0.650775521780063,759.230769230769,0.589565324630154,3204.23076923077,759.230769230769,3204.23076923077,0.503133604819764,0.118506270458253,2026,2026-10-01,NA,NA,4,"2026/2027","Unobserved",64,529,1507,12454,NA,1507,"Caribbean","Puerto Rico",0.589565324630154,3204.23076923077,8.19202213064649,"Low","Below average - fewer cases than typical at this point",-0.752425999591054,"Extremely Low",4.49101484708014,"Rare good event - unusually low cases to date","Puerto Rico"
"PRI",8,11,0.623843044889805,945.923076923079,0.635746564782285,4150.15384615386,945.923076923077,4150.15384615385,0.637559771055845,0.13442616623608,2026,2026-11-01,NA,NA,4,"2026/2027","Unobserved",64,529,1507,12454,NA,1507,"Caribbean","Puerto Rico",0.635746564782285,4150.15384615386,5.90958747143264,"Low","Below average - fewer cases than typical at this point",-0.784981221195626,"Extremely Low",4.49101484708014,"Rare good event - unusually low cases to date","Puerto Rico"
"PRI",9,12,0.609531972882054,824.076923076924,0.67637080341585,4974.23076923078,824.076923076923,4974.23076923077,0.750835897506392,0.113276126450547,2026,2026-12-01,NA,NA,4,"2026/2027","Unobserved",64,529,1507,12454,NA,1507,"Caribbean","Puerto Rico",0.67637080341585,4974.23076923078,4.49101484708014,"Extremely Low","Rare good event - unusually low cases to date",-0.811780987120475,"Extremely Low",4.49101484708014,"Rare good event - unusually low cases to date","Puerto Rico"
"PRY",7,1,0.389204637731057,15900.6,1.09137948365212,30284.3333333332,15900.6,30284.3333333333,0.492857514401103,0.136978869536628,2025,2025-01-01,4664,"PAHO",7,"2024/2025","Observed",4664,4664,21838,88952,NA,21838,"South America","Paraguay",1.09137948365212,30284.3333333332,12.5692999889656,"Low","Below average - fewer cases than typical at this point",-0.883785405392916,"Normal",48.2201704523103,"Average - typical case load at this point","Paraguay"
"PRY",8,2,0.406850607793024,16275.8666666666,0.921790559764615,46560.1999999999,16275.8666666667,46560.2,0.643588922628033,0.150731408226929,2025,2025-02-01,3832,"PAHO",7,"2024/2025","Observed",8496,8496,21838,88952,NA,21838,"South America","Paraguay",0.921790559764615,46560.1999999999,18.4243463042209,"Low","Below average - fewer cases than typical at this point",-0.784898860346954,"Normal",48.2201704523103,"Average - typical case load at this point","Paraguay"
"PRY",9,3,0.559795411019381,12051.6,0.94236770916406,58611.7999999999,12051.6,58611.8,0.796982468726651,0.153393546098618,2025,2025-03-01,4747,"PAHO",7,"2024/2025","Observed",13243,13243,21838,88952,NA,21838,"South America","Paraguay",0.94236770916406,58611.7999999999,21.5299848316776,"Low","Below average - fewer cases than typical at this point",-0.751413408030672,"Normal",48.2201704523103,"Average - typical case load at this point","Paraguay"
"PRY",10,4,0.713706642793856,5775.86666666667,0.970074880423788,64387.6666666667,5775.86666666667,64387.6666666667,0.887381697817117,0.0903992290904661,2025,2025-04-01,2923,"PAHO",7,"2024/2025","Observed",16166,16166,21838,88952,NA,21838,"South America","Paraguay",0.970074880423788,64387.6666666667,22.8742683150153,"Low","Below average - fewer cases than typical at this point",-0.737630536696066,"Normal",48.2201704523103,"Average - typical case load at this point","Paraguay"
"PRY",11,5,0.7442880083713,4194.26666666666,0.996548485356899,68581.9333333333,4194.26666666667,68581.9333333333,0.959014978636678,0.0716332808195604,2025,2025-05-01,3701,"PAHO",7,"2024/2025","Observed",19867,19867,21838,88952,NA,21838,"South America","Paraguay",0.996548485356899,68581.9333333333,25.2267770547911,"Normal","Average - typical case load at this point",-0.709085247840262,"Normal",48.2201704523103,"Average - typical case load at this point","Paraguay"
"PRY",12,6,0.680641303224969,1731.33333333334,1.02648137112454,70313.2666666667,1731.33333333333,70313.2666666667,1,0.0409850213633225,2025,2025-06-01,1971,"PAHO",7,"2024/2025","Observed",21838,21838,21838,88952,NA,21838,"South America","Paraguay",1.02648137112454,70313.2666666667,26.1290852473768,"Normal","Average - typical case load at this point",-0.698482126914044,"Normal",48.2201704523103,"Average - typical case load at this point","Paraguay"
"PRY",1,7,0.762664085355196,1105.4,0.762664085355196,1105.4,1105.4,1105.4,0.0379329643549708,0.0379329643549708,2025,2025-07-01,870,"PAHO",7,"2025/2026","Observed",870,22708,19963,88952,NA,19963,"South America","Paraguay",0.762664085355196,1105.4,57.5974236578583,"Normal","Average - typical case load at this point",-0.185910482595477,"Normal",48.2201704523103,"Average - typical case load at this point","Paraguay"
"PRY",2,8,0.606015952554057,1766.26666666667,0.725235707933017,2871.66666666666,1766.26666666667,2871.66666666667,0.104139341598554,0.0662063772435834,2025,2025-08-01,877,"PAHO",7,"2025/2026","Observed",1747,23585,19963,88952,NA,19963,"South America","Paraguay",0.725235707933017,2871.66666666666,50.6710234101865,"Normal","Average - typical case load at this point",-0.333483654922216,"Normal",48.2201704523103,"Average - typical case load at this point","Paraguay"
"PRY",3,9,1.00424765710637,1206.93333333333,0.836319263771787,4078.59999999999,1206.93333333333,4078.6,0.136084774646145,0.0319454330475905,2025,2025-09-01,1338,"PAHO",7,"2025/2026","Observed",3085,24923,19963,88952,NA,19963,"South America","Paraguay",0.836319263771787,4078.59999999999,55.2413369148971,"Normal","Average - typical case load at this point",-0.222762455549848,"Normal",48.2201704523103,"Average - typical case load at this point","Paraguay"
"PRY",4,10,1.15484270721484,2265.53333333334,1.02281797999462,6344.13333333335,2265.53333333333,6344.13333333333,0.197644165188369,0.0615593905422242,2025,2025-10-01,1750,"PAHO",7,"2025/2026","Observed",4835,26673,19963,88952,NA,19963,"South America","Paraguay",1.02281797999462,6344.13333333335,53.0669867619704,"Normal","Average - typical case load at this point",-0.240557820652388,"Normal",48.2201704523103,"Average - typical case load at this point","Paraguay"
"PRY",5,11,0.850735060997244,2614.26666666667,1.14218303305986,8958.40000000002,2614.26666666667,8958.4,0.260614579120509,0.0629704139321401,2025,2025-11-01,2523,"PAHO",7,"2025/2026","Observed",7358,29196,19963,88952,NA,19963,"South America","Paraguay",1.14218303305986,8958.40000000002,54.631420479562,"Normal","Average - typical case load at this point",-0.190914212592754,"Normal",48.2201704523103,"Average - typical case load at this point","Paraguay"
"PRY",6,12,0.670550754023646,5425.33333333333,1.09322021646557,14383.7333333334,5425.33333333333,14383.7333333333,0.355878644864476,0.0952640657439666,2025,2025-12-01,2460,"PAHO",7,"2025/2026","Observed",9818,31656,19963,88952,NA,19963,"South America","Paraguay",1.09322021646557,14383.7333333334,48.2201704523103,"Normal","Average - typical case load at this point",-0.331876302829363,"Normal",48.2201704523103,"Average - typical case load at this point","Paraguay"
"PRY",7,1,0.389204637731057,15900.6,1.09137948365212,30284.3333333332,15900.6,30284.3333333333,0.492857514401103,0.136978869536628,2026,2026-01-01,2902,"PAHO",7,"2025/2026","Observed",12720,2902,19963,8899,NA,19963,"South America","Paraguay",1.09137948365212,30284.3333333332,32.5227277212335,"Normal","Average - typical case load at this point",-0.6058899099201,"Extremely Low",0.00313913932067667,"Rare good event - unusually low cases to date","Paraguay"
"PRY",8,2,0.406850607793024,16275.8666666666,0.921790559764615,46560.1999999999,16275.8666666667,46560.2,0.643588922628033,0.150731408226929,2026,2026-02-01,1798,"PAHO",7,"2025/2026","Observed",14518,4700,19963,8899,NA,19963,"South America","Paraguay",0.921790559764615,46560.1999999999,28.5782829642319,"Normal","Average - typical case load at this point",-0.660722838336525,"Extremely Low",0.00313913932067667,"Rare good event - unusually low cases to date","Paraguay"
"PRY",9,3,0.559795411019381,12051.6,0.94236770916406,58611.7999999999,12051.6,58611.8,0.796982468726651,0.153393546098618,2026,2026-03-01,1776,"PAHO",7,"2025/2026","Observed",16294,6476,19963,8899,NA,19963,"South America","Paraguay",0.94236770916406,58611.7999999999,25.5848301562196,"Normal","Average - typical case load at this point",-0.700881714269726,"Extremely Low",0.00313913932067667,"Rare good event - unusually low cases to date","Paraguay"
"PRY",10,4,0.713706642793856,5775.86666666667,0.970074880423788,64387.6666666667,5775.86666666667,64387.6666666667,0.887381697817117,0.0903992290904661,2026,2026-04-01,1421,"PAHO",7,"2025/2026","Observed",17715,7897,19963,8899,NA,19963,"South America","Paraguay",0.970074880423788,64387.6666666667,24.7241266404024,"Low","Below average - fewer cases than typical at this point",-0.71393600723817,"Extremely Low",0.00313913932067667,"Rare good event - unusually low cases to date","Paraguay"
"PRY",11,5,0.7442880083713,4194.26666666666,0.996548485356899,68581.9333333333,4194.26666666667,68581.9333333333,0.959014978636678,0.0716332808195604,2026,2026-05-01,NA,NA,7,"2025/2026","Unobserved",17715,7897,19963,8899,NA,19963,"South America","Paraguay",0.996548485356899,68581.9333333333,22.8409745796943,"Low","Below average - fewer cases than typical at this point",-0.740409348048116,"Extremely Low",0.00313913932067667,"Rare good event - unusually low cases to date","Paraguay"
"PRY",12,6,0.680641303224969,1731.33333333334,1.02648137112454,70313.2666666667,1731.33333333333,70313.2666666667,1,0.0409850213633225,2026,2026-06-01,NA,NA,7,"2025/2026","Unobserved",17715,7897,19963,8899,NA,19963,"South America","Paraguay",1.02648137112454,70313.2666666667,21.7004494865179,"Low","Below average - fewer cases than typical at this point",-0.757890604830615,"Extremely Low",0.00313913932067667,"Rare good event - unusually low cases to date","Paraguay"
"PRY",1,7,0.762664085355196,1105.4,0.762664085355196,1105.4,1105.4,1105.4,0.0379329643549708,0.0379329643549708,2026,2026-07-01,NA,NA,7,"2026/2027","Unobserved",0,7897,NA,8899,NA,NA,"South America","Paraguay",0.762664085355196,1105.4,0.388014897264406,"Extremely Low","Rare good event - unusually low cases to date",-0.873005299324725,"Extremely Low",0.00313913932067667,"Rare good event - unusually low cases to date","Paraguay"
"PRY",2,8,0.606015952554057,1766.26666666667,0.725235707933017,2871.66666666666,1766.26666666667,2871.66666666667,0.104139341598554,0.0662063772435834,2026,2026-08-01,NA,NA,7,"2026/2027","Unobserved",0,7897,NA,8899,NA,NA,"South America","Paraguay",0.725235707933017,2871.66666666666,0.245908026919403,"Extremely Low","Rare good event - unusually low cases to date",-0.851500203661799,"Extremely Low",0.00313913932067667,"Rare good event - unusually low cases to date","Paraguay"
"PRY",3,9,1.00424765710637,1206.93333333333,0.836319263771787,4078.59999999999,1206.93333333333,4078.6,0.136084774646145,0.0319454330475905,2026,2026-09-01,NA,NA,7,"2026/2027","Unobserved",0,7897,NA,8899,NA,NA,"South America","Paraguay",0.836319263771787,4078.59999999999,0.0823121273597379,"Extremely Low","Rare good event - unusually low cases to date",-0.914411182775375,"Extremely Low",0.00313913932067667,"Rare good event - unusually low cases to date","Paraguay"
"PRY",4,10,1.15484270721484,2265.53333333334,1.02281797999462,6344.13333333335,2265.53333333333,6344.13333333333,0.197644165188369,0.0615593905422242,2026,2026-10-01,NA,NA,7,"2026/2027","Unobserved",0,7897,NA,8899,NA,NA,"South America","Paraguay",1.02281797999462,6344.13333333335,0.0132073463050556,"Extremely Low","Rare good event - unusually low cases to date",-1.01126312359952,"Extremely Low",0.00313913932067667,"Rare good event - unusually low cases to date","Paraguay"
"PRY",5,11,0.850735060997244,2614.26666666667,1.14218303305986,8958.40000000002,2614.26666666667,8958.4,0.260614579120509,0.0629704139321401,2026,2026-11-01,NA,NA,7,"2026/2027","Unobserved",0,7897,NA,8899,NA,NA,"South America","Paraguay",1.14218303305986,8958.40000000002,0.00356213962392376,"Extremely Low","Rare good event - unusually low cases to date",-1.06866151092909,"Extremely Low",0.00313913932067667,"Rare good event - unusually low cases to date","Paraguay"
"PRY",6,12,0.670550754023646,5425.33333333333,1.09322021646557,14383.7333333334,5425.33333333333,14383.7333333333,0.355878644864476,0.0952640657439666,2026,2026-12-01,NA,NA,7,"2026/2027","Unobserved",0,7897,NA,8899,NA,NA,"South America","Paraguay",1.09322021646557,14383.7333333334,0.00313913932067667,"Extremely Low","Rare good event - unusually low cases to date",-1.0455319860008,"Extremely Low",0.00313913932067667,"Rare good event - unusually low cases to date","Paraguay"
"PYF",9,1,0.617047604416825,125.25,1.10621956124207,824.833333333333,125.25,824.833333333333,0.748882401129208,0.116149062645382,2025,2025-01-01,223,"WHO",5,"2024/2025","Observed",223,223,762,1704,NA,762,"Pacific Islands","French Polynesia",1.10621956124207,824.833333333333,21.5808974519584,"Low","Below average - fewer cases than typical at this point",-0.766901648134888,"Normal",39.4175818246536,"Average - typical case load at this point","French Polynesia"
"PYF",10,2,0.678809688275694,82.8333333333334,1.19740034320894,907.666666666667,82.8333333333333,907.666666666667,0.83338730733172,0.0845049062025114,2025,2025-02-01,131,"WHO",5,"2024/2025","Observed",354,354,762,1704,NA,762,"Pacific Islands","French Polynesia",1.19740034320894,907.666666666667,28.6246287836617,"Normal","Average - typical case load at this point",-0.667045420378979,"Normal",39.4175818246536,"Average - typical case load at this point","French Polynesia"
"PYF",11,3,0.565088670942762,90.75,1.25574543624601,998.416666666666,90.75,998.416666666667,0.924213756538554,0.0908264492068342,2025,2025-03-01,240,"WHO",5,"2024/2025","Observed",594,594,762,1704,NA,762,"Pacific Islands","French Polynesia",1.25574543624601,998.416666666666,41.1590119831014,"Normal","Average - typical case load at this point",-0.453623019300627,"Normal",39.4175818246536,"Average - typical case load at this point","French Polynesia"
"PYF",12,4,0.608913531983005,72.25,1.28678853911194,1070.66666666667,72.25,1070.66666666667,1,0.0757862434614464,2025,2025-04-01,168,"WHO",5,"2024/2025","Observed",762,762,762,1704,NA,762,"Pacific Islands","French Polynesia",1.28678853911194,1070.66666666667,47.6026097954988,"Normal","Average - typical case load at this point",-0.326834744829628,"Normal",39.4175818246536,"Average - typical case load at this point","French Polynesia"
"PYF",1,5,0.827100589124675,104.583333333334,0.827100589124675,104.583333333334,104.583333333333,104.583333333333,0.12349438231002,0.12349438231002,2025,2025-05-01,203,"WHO",5,"2025/2026","Observed",203,965,340,1704,NA,340,"Pacific Islands","French Polynesia",0.827100589124675,104.583333333334,84.8497632138972,"High","Above average - more cases than typical at this point",0.852461504485438,"Normal",39.4175818246536,"Average - typical case load at this point","French Polynesia"
"PYF",2,6,0.812063729832646,80.75,0.914960926258844,185.333333333333,80.75,185.333333333333,0.205863708358713,0.0823693260486929,2025,2025-06-01,84,"WHO",5,"2025/2026","Observed",287,1049,340,1704,NA,340,"Pacific Islands","French Polynesia",0.914960926258844,185.333333333333,78.6127984971271,"High","Above average - more cases than typical at this point",0.523427984598036,"Normal",39.4175818246536,"Average - typical case load at this point","French Polynesia"
"PYF",3,7,0.511818054113777,77.9166666666666,0.952145181869224,263.25,77.9166666666667,263.25,0.273071128956786,0.0672074205980731,2025,2025-07-01,0,"WHO",5,"2025/2026","Observed",287,1049,340,1704,NA,340,"Pacific Islands","French Polynesia",0.952145181869224,263.25,66.6699901250067,"Normal","Average - typical case load at this point",0.0878744948169656,"Normal",39.4175818246536,"Average - typical case load at this point","French Polynesia"
"PYF",4,8,0.503890158078088,74.8333333333333,0.940554313837323,338.083333333333,74.8333333333333,338.083333333333,0.334324160328578,0.061253031371792,2025,2025-08-01,0,"WHO",5,"2025/2026","Observed",287,1049,340,1704,NA,340,"Pacific Islands","French Polynesia",0.940554313837323,338.083333333333,57.8854147120337,"Normal","Average - typical case load at this point",-0.146333627181624,"Normal",39.4175818246536,"Average - typical case load at this point","French Polynesia"
"PYF",5,9,0.476226059661546,81.9166666666668,0.903950607604488,419.999999999999,81.9166666666667,420,0.40142777357759,0.0671036132490125,2025,2025-09-01,0,"WHO",5,"2025/2026","Observed",287,1049,340,1704,NA,340,"Pacific Islands","French Polynesia",0.903950607604488,419.999999999999,50.9921142793281,"Normal","Average - typical case load at this point",-0.300751529904777,"Normal",39.4175818246536,"Average - typical case load at this point","French Polynesia"
"PYF",6,10,0.504198960493204,70.8333333333333,0.884907556804006,490.833333333333,70.8333333333333,490.833333333333,0.459046982497004,0.057619208919414,2025,2025-10-01,0,"WHO",5,"2025/2026","Observed",287,1049,340,1704,NA,340,"Pacific Islands","French Polynesia",0.884907556804006,490.833333333333,46.3640488654066,"Normal","Average - typical case load at this point",-0.390300380406613,"Normal",39.4175818246536,"Average - typical case load at this point","French Polynesia"
"PYF",7,11,0.82821204906213,91.9166666666668,0.877701235618863,582.749999999999,91.9166666666667,582.75,0.538909575706836,0.0798625932098311,2025,2025-11-01,29,"WHO",5,"2025/2026","Observed",316,1078,340,1704,NA,340,"Pacific Islands","French Polynesia",0.877701235618863,582.749999999999,44.2126932326313,"Normal","Average - typical case load at this point",-0.428517629085601,"Normal",39.4175818246536,"Average - typical case load at this point","French Polynesia"
"PYF",8,12,0.510145489951258,116.833333333333,0.858214168292991,699.583333333334,116.833333333333,699.583333333333,0.632733338483826,0.0938237627769905,2025,2025-12-01,0,"WHO",5,"2025/2026","Observed",316,1078,340,1704,NA,340,"Pacific Islands","French Polynesia",0.858214168292991,699.583333333334,39.4175818246536,"Normal","Average - typical case load at this point",-0.507635390862609,"Normal",39.4175818246536,"Average - typical case load at this point","French Polynesia"
"PYF",9,1,0.617047604416825,125.25,1.10621956124207,824.833333333333,125.25,824.833333333333,0.748882401129208,0.116149062645382,2026,2026-01-01,6,"WHO",5,"2025/2026","Observed",322,6,340,24,NA,340,"Pacific Islands","French Polynesia",1.10621956124207,824.833333333333,30.2906241477984,"Normal","Average - typical case load at this point",-0.640748344620038,"Extremely Low",0.317009585372412,"Rare good event - unusually low cases to date","French Polynesia"
"PYF",10,2,0.678809688275694,82.8333333333334,1.19740034320894,907.666666666667,82.8333333333333,907.666666666667,0.83338730733172,0.0845049062025114,2026,2026-02-01,7,"WHO",5,"2025/2026","Observed",329,13,340,24,NA,340,"Pacific Islands","French Polynesia",1.19740034320894,907.666666666667,26.6729455044592,"Normal","Average - typical case load at this point",-0.697164870426194,"Extremely Low",0.317009585372412,"Rare good event - unusually low cases to date","French Polynesia"
"PYF",11,3,0.565088670942762,90.75,1.25574543624601,998.416666666666,90.75,998.416666666667,0.924213756538554,0.0908264492068342,2026,2026-03-01,2,"WHO",5,"2025/2026","Observed",331,15,340,24,NA,340,"Pacific Islands","French Polynesia",1.25574543624601,998.416666666666,23.4364067700193,"Low","Below average - fewer cases than typical at this point",-0.748622864533016,"Extremely Low",0.317009585372412,"Rare good event - unusually low cases to date","French Polynesia"
"PYF",12,4,0.608913531983005,72.25,1.28678853911194,1070.66666666667,72.25,1070.66666666667,1,0.0757862434614464,2026,2026-04-01,9,"WHO",5,"2025/2026","Observed",340,24,340,24,NA,340,"Pacific Islands","French Polynesia",1.28678853911194,1070.66666666667,21.9016330640541,"Low","Below average - fewer cases than typical at this point",-0.773673607631258,"Extremely Low",0.317009585372412,"Rare good event - unusually low cases to date","French Polynesia"
"PYF",1,5,0.827100589124675,104.583333333334,0.827100589124675,104.583333333334,104.583333333333,104.583333333333,0.12349438231002,0.12349438231002,2026,2026-05-01,NA,NA,5,"2026/2027","Unobserved",0,24,NA,24,NA,NA,"Pacific Islands","French Polynesia",0.827100589124675,104.583333333334,1.81419609624187,"Extremely Low","Rare good event - unusually low cases to date",-0.905875688509085,"Extremely Low",0.317009585372412,"Rare good event - unusually low cases to date","French Polynesia"
"PYF",2,6,0.812063729832646,80.75,0.914960926258844,185.333333333333,80.75,185.333333333333,0.205863708358713,0.0823693260486929,2026,2026-06-01,NA,NA,5,"2026/2027","Unobserved",0,24,NA,24,NA,NA,"Pacific Islands","French Polynesia",0.914960926258844,185.333333333333,0.772038720312893,"Extremely Low","Rare good event - unusually low cases to date",-0.954183473562323,"Extremely Low",0.317009585372412,"Rare good event - unusually low cases to date","French Polynesia"
"PYF",3,7,0.511818054113777,77.9166666666666,0.952145181869224,263.25,77.9166666666667,263.25,0.273071128956786,0.0672074205980731,2026,2026-07-01,NA,NA,5,"2026/2027","Unobserved",0,24,NA,24,NA,NA,"Pacific Islands","French Polynesia",0.952145181869224,263.25,0.471723284037725,"Extremely Low","Rare good event - unusually low cases to date",-0.97401940044489,"Extremely Low",0.317009585372412,"Rare good event - unusually low cases to date","French Polynesia"
"PYF",4,8,0.503890158078088,74.8333333333333,0.940554313837323,338.083333333333,74.8333333333333,338.083333333333,0.334324160328578,0.061253031371792,2026,2026-08-01,NA,NA,5,"2026/2027","Unobserved",0,24,NA,24,NA,NA,"Pacific Islands","French Polynesia",0.940554313837323,338.083333333333,0.393683370110701,"Extremely Low","Rare good event - unusually low cases to date",-0.968475571738748,"Extremely Low",0.317009585372412,"Rare good event - unusually low cases to date","French Polynesia"
"PYF",5,9,0.476226059661546,81.9166666666668,0.903950607604488,419.999999999999,81.9166666666667,420,0.40142777357759,0.0671036132490125,2026,2026-09-01,NA,NA,5,"2026/2027","Unobserved",0,24,NA,24,NA,NA,"Pacific Islands","French Polynesia",0.903950607604488,419.999999999999,0.387458467746445,"Extremely Low","Rare good event - unusually low cases to date",-0.949741673383513,"Extremely Low",0.317009585372412,"Rare good event - unusually low cases to date","French Polynesia"
"PYF",6,10,0.504198960493204,70.8333333333333,0.884907556804006,490.833333333333,70.8333333333333,490.833333333333,0.459046982497004,0.057619208919414,2026,2026-10-01,NA,NA,5,"2026/2027","Unobserved",0,24,NA,24,NA,NA,"Pacific Islands","French Polynesia",0.884907556804006,490.833333333333,0.37246840752216,"Extremely Low","Rare good event - unusually low cases to date",-0.939848422156565,"Extremely Low",0.317009585372412,"Rare good event - unusually low cases to date","French Polynesia"
"PYF",7,11,0.82821204906213,91.9166666666668,0.877701235618863,582.749999999999,91.9166666666667,582.75,0.538909575706836,0.0798625932098311,2026,2026-11-01,NA,NA,5,"2026/2027","Unobserved",0,24,NA,24,NA,NA,"Pacific Islands","French Polynesia",0.877701235618863,582.749999999999,0.332992492686517,"Extremely Low","Rare good event - unusually low cases to date",-0.936152383691227,"Extremely Low",0.317009585372412,"Rare good event - unusually low cases to date","French Polynesia"
"PYF",8,12,0.510145489951258,116.833333333333,0.858214168292991,699.583333333334,116.833333333333,699.583333333333,0.632733338483826,0.0938237627769905,2026,2026-12-01,NA,NA,5,"2026/2027","Unobserved",0,24,NA,24,NA,NA,"Pacific Islands","French Polynesia",0.858214168292991,699.583333333334,0.317009585372412,"Extremely Low","Rare good event - unusually low cases to date",-0.925830785637974,"Extremely Low",0.317009585372412,"Rare good event - unusually low cases to date","French Polynesia"
"REU",3,1,0.420740926747604,129.7,0.496094091536555,189.3,129.7,189.3,0.144552821313068,0.0480574851129808,2025,2025-01-01,10,"WHO",11,"2024/2025","Observed",10,10,17,176,NA,17,"Sub-Saharan Africa","Reunion",0.496094091536555,189.3,19.018717189527,"Low","Below average - fewer cases than typical at this point",-0.666259438681556,"Low",10.0634437477144,"Below average - fewer cases than typical at this point","Reunion"
"REU",4,2,0.27365816934739,405.7,0.413395569530402,595,405.7,595,0.195166890123613,0.050614068810545,2025,2025-02-01,0,"WHO",11,"2024/2025","Observed",10,10,17,176,NA,17,"Sub-Saharan Africa","Reunion",0.413395569530402,595,14.8389109756689,"Low","Below average - fewer cases than typical at this point",-0.63193293662893,"Low",10.0634437477144,"Below average - fewer cases than typical at this point","Reunion"
"REU",5,3,0.30750214572663,1333.3,0.36359871903899,1928.3,1333.3,1928.3,0.351786169058255,0.156619278934642,2025,2025-03-01,2,"WHO",11,"2024/2025","Observed",12,12,17,176,NA,17,"Sub-Saharan Africa","Reunion",0.36359871903899,1928.3,12.5110795095607,"Low","Below average - fewer cases than typical at this point",-0.599182511987196,"Low",10.0634437477144,"Below average - fewer cases than typical at this point","Reunion"
"REU",6,4,0.328806046269697,2197.4,0.357156383875496,4125.69999999999,2197.4,4125.7,0.641203826161149,0.289417657102894,2025,2025-04-01,5,"WHO",11,"2024/2025","Observed",17,17,17,176,NA,17,"Sub-Saharan Africa","Reunion",0.357156383875496,4125.69999999999,11.085705044392,"Low","Below average - fewer cases than typical at this point",-0.595137338194713,"Low",10.0634437477144,"Below average - fewer cases than typical at this point","Reunion"
"REU",7,5,0.234944404500626,2236,0.335516546936728,6361.69999999999,2236,6361.7,0.846596888047342,0.205393061886193,2025,2025-05-01,0,"WHO",11,"2024/2025","Observed",17,17,17,176,NA,17,"Sub-Saharan Africa","Reunion",0.335516546936728,6361.69999999999,10.773374953636,"Low","Below average - fewer cases than typical at this point",-0.577674805068113,"Low",10.0634437477144,"Below average - fewer cases than typical at this point","Reunion"
"REU",8,6,0.276655245771212,700.900000000001,0.338272272316814,7062.6,700.9,7062.6,0.947802862685148,0.101205974637806,2025,2025-06-01,0,"WHO",11,"2024/2025","Observed",17,17,17,176,NA,17,"Sub-Saharan Africa","Reunion",0.338272272316814,7062.6,10.2334270424044,"Low","Below average - fewer cases than typical at this point",-0.580197927753389,"Low",10.0634437477144,"Below average - fewer cases than typical at this point","Reunion"
"REU",9,7,0.293143932122952,176.8,0.339713802220458,7239.40000000002,176.8,7239.4,0.979873599058472,0.0320707363733236,2025,2025-07-01,0,"WHO",11,"2024/2025","Observed",17,17,17,176,NA,17,"Sub-Saharan Africa","Reunion",0.339713802220458,7239.40000000002,10.0613920888526,"Low","Below average - fewer cases than typical at this point",-0.581467399305433,"Low",10.0634437477144,"Below average - fewer cases than typical at this point","Reunion"
"REU",10,8,0.230246529571229,73.4,0.3397315229781,7312.8,73.4,7312.8,0.989783427158057,0.0099098280995855,2025,2025-08-01,0,"WHO",11,"2024/2025","Observed",17,17,17,176,NA,17,"Sub-Saharan Africa","Reunion",0.3397315229781,7312.8,10.0259316576597,"Low","Below average - fewer cases than typical at this point",-0.581496438886374,"Low",10.0634437477144,"Below average - fewer cases than typical at this point","Reunion"
"REU",11,9,0.240856693074986,42.3,0.339666046508068,7355.09999999999,42.3,7355.1,0.995023602215428,0.00524017505737123,2025,2025-09-01,0,"WHO",11,"2024/2025","Observed",17,17,17,176,NA,17,"Sub-Saharan Africa","Reunion",0.339666046508068,7355.09999999999,10.0102347493896,"Low","Below average - fewer cases than typical at this point",-0.581448272244004,"Low",10.0634437477144,"Below average - fewer cases than typical at this point","Reunion"
"REU",12,10,0.281307409995299,24.7,0.339912114386762,7379.8,24.7,7379.8,1,0.00497639778457171,2025,2025-10-01,0,"WHO",11,"2024/2025","Observed",17,17,17,176,NA,17,"Sub-Saharan Africa","Reunion",0.339912114386762,7379.8,9.98414559527327,"Low","Below average - fewer cases than typical at this point",-0.581663391837045,"Low",10.0634437477144,"Below average - fewer cases than typical at this point","Reunion"
"REU",1,11,0.515833803202528,26.5,0.515833803202528,26.5,26.5,26.5,0.0482736420049381,0.0482736420049381,2025,2025-11-01,0,"WHO",11,"2025/2026","Observed",0,17,209,176,NA,209,"Sub-Saharan Africa","Reunion",0.515833803202528,26.5,12.9785353520857,"Low","Below average - fewer cases than typical at this point",-0.711325943008872,"Low",10.0634437477144,"Below average - fewer cases than typical at this point","Reunion"
"REU",2,12,0.336551417946186,33.1,0.474284037504707,59.6000000000001,33.1,59.6,0.0964953362000873,0.0482216941951492,2025,2025-12-01,0,"WHO",11,"2025/2026","Observed",0,17,209,176,NA,209,"Sub-Saharan Africa","Reunion",0.474284037504707,59.6000000000001,10.0634437477144,"Low","Below average - fewer cases than typical at this point",-0.685958879418152,"Low",10.0634437477144,"Below average - fewer cases than typical at this point","Reunion"
"REU",3,1,0.420740926747604,129.7,0.496094091536555,189.3,129.7,189.3,0.144552821313068,0.0480574851129808,2026,2026-01-01,10,"WHO",11,"2025/2026","Observed",10,10,209,209,NA,209,"Sub-Saharan Africa","Reunion",0.496094091536555,189.3,19.018717189527,"Low","Below average - fewer cases than typical at this point",-0.666259438681556,"Low",10.0634437477144,"Below average - fewer cases than typical at this point","Reunion"
"REU",4,2,0.27365816934739,405.7,0.413395569530402,595,405.7,595,0.195166890123613,0.050614068810545,2026,2026-02-01,3,"WHO",11,"2025/2026","Observed",13,13,209,209,NA,209,"Sub-Saharan Africa","Reunion",0.413395569530402,595,16.4234702913326,"Low","Below average - fewer cases than typical at this point",-0.628692254902627,"Low",10.0634437477144,"Below average - fewer cases than typical at this point","Reunion"
"REU",5,3,0.30750214572663,1333.3,0.36359871903899,1928.3,1333.3,1928.3,0.351786169058255,0.156619278934642,2026,2026-03-01,45,"WHO",11,"2025/2026","Observed",58,58,209,209,NA,209,"Sub-Saharan Africa","Reunion",0.36359871903899,1928.3,21.7855809916118,"Low","Below average - fewer cases than typical at this point",-0.584799380143846,"Low",10.0634437477144,"Below average - fewer cases than typical at this point","Reunion"
"REU",6,4,0.328806046269697,2197.4,0.357156383875496,4125.69999999999,2197.4,4125.7,0.641203826161149,0.289417657102894,2026,2026-04-01,76,"WHO",11,"2025/2026","Observed",134,134,209,209,NA,209,"Sub-Saharan Africa","Reunion",0.357156383875496,4125.69999999999,22.8322762834746,"Low","Below average - fewer cases than typical at this point",-0.57819011192636,"Low",10.0634437477144,"Below average - fewer cases than typical at this point","Reunion"
"REU",7,5,0.234944404500626,2236,0.335516546936728,6361.69999999999,2236,6361.7,0.846596888047342,0.205393061886193,2026,2026-05-01,NA,NA,11,"2025/2026","Unobserved",134,134,209,209,NA,209,"Sub-Saharan Africa","Reunion",0.335516546936728,6361.69999999999,21.2625635167777,"Low","Below average - fewer cases than typical at this point",-0.567022141870016,"Low",10.0634437477144,"Below average - fewer cases than typical at this point","Reunion"
"REU",8,6,0.276655245771212,700.900000000001,0.338272272316814,7062.6,700.9,7062.6,0.947802862685148,0.101205974637806,2026,2026-06-01,NA,NA,11,"2025/2026","Unobserved",134,134,209,209,NA,209,"Sub-Saharan Africa","Reunion",0.338272272316814,7062.6,20.3125101929708,"Low","Below average - fewer cases than typical at this point",-0.570563097852863,"Low",10.0634437477144,"Below average - fewer cases than typical at this point","Reunion"
"REU",9,7,0.293143932122952,176.8,0.339713802220458,7239.40000000002,176.8,7239.4,0.979873599058472,0.0320707363733236,2026,2026-07-01,NA,NA,11,"2025/2026","Unobserved",134,134,209,209,NA,209,"Sub-Saharan Africa","Reunion",0.339713802220458,7239.40000000002,20.0298324957218,"Low","Below average - fewer cases than typical at this point",-0.572047859302285,"Low",10.0634437477144,"Below average - fewer cases than typical at this point","Reunion"
"REU",10,8,0.230246529571229,73.4,0.3397315229781,7312.8,73.4,7312.8,0.989783427158057,0.0099098280995855,2026,2026-08-01,NA,NA,11,"2025/2026","Unobserved",134,134,209,209,NA,209,"Sub-Saharan Africa","Reunion",0.3397315229781,7312.8,19.9602303681601,"Low","Below average - fewer cases than typical at this point",-0.572171199248541,"Low",10.0634437477144,"Below average - fewer cases than typical at this point","Reunion"
"REU",11,9,0.240856693074986,42.3,0.339666046508068,7355.09999999999,42.3,7355.1,0.995023602215428,0.00524017505737123,2026,2026-09-01,NA,NA,11,"2025/2026","Unobserved",134,134,209,209,NA,209,"Sub-Saharan Africa","Reunion",0.339666046508068,7355.09999999999,19.9265078002584,"Low","Below average - fewer cases than typical at this point",-0.57217755532102,"Low",10.0634437477144,"Below average - fewer cases than typical at this point","Reunion"
"REU",12,10,0.281307409995299,24.7,0.339912114386762,7379.8,24.7,7379.8,1,0.00497639778457171,2026,2026-10-01,NA,NA,11,"2025/2026","Unobserved",134,134,209,209,NA,209,"Sub-Saharan Africa","Reunion",0.339912114386762,7379.8,19.8845246615126,"Low","Below average - fewer cases than typical at this point",-0.572420357007234,"Low",10.0634437477144,"Below average - fewer cases than typical at this point","Reunion"
"REU",1,11,0.515833803202528,26.5,0.515833803202528,26.5,26.5,26.5,0.0482736420049381,0.0482736420049381,2026,2026-11-01,NA,NA,11,"2026/2027","Unobserved",0,134,NA,209,NA,NA,"Sub-Saharan Africa","Reunion",0.515833803202528,26.5,12.9785353520857,"Low","Below average - fewer cases than typical at this point",-0.711325943008872,"Low",10.0634437477144,"Below average - fewer cases than typical at this point","Reunion"
"REU",2,12,0.336551417946186,33.1,0.474284037504707,59.6000000000001,33.1,59.6,0.0964953362000873,0.0482216941951492,2026,2026-12-01,NA,NA,11,"2026/2027","Unobserved",0,134,NA,209,NA,NA,"Sub-Saharan Africa","Reunion",0.474284037504707,59.6000000000001,10.0634437477144,"Low","Below average - fewer cases than typical at this point",-0.685958879418152,"Low",10.0634437477144,"Below average - fewer cases than typical at this point","Reunion"
"SAU",1,10,1.49775950492732,110.928571428571,1.49775950492732,110.928571428571,110.928571428571,110.928571428571,0.0251934364635979,0.0251934364635979,NA,NA,NA,NA,NA,NA,"Unobserved",0,0,NA,NA,NA,NA,"Europe, Middle East & North Africa","Saudi Arabia",1.49775950492732,110.928571428571,0.155261205116845,"Extremely Low","Rare good event - unusually low cases to date",-1.21565050103137,"Extremely Low",6.0063607957213e-06,"Rare good event - unusually low cases to date","Saudi Arabia"
"SAU",2,11,2.030877243729,136.428571428571,1.86542255289351,247.357142857143,136.428571428571,247.357142857143,0.0594032434403156,0.0342098069767178,NA,NA,NA,NA,NA,NA,"Unobserved",0,0,NA,NA,NA,NA,"Europe, Middle East & North Africa","Saudi Arabia",1.86542255289351,247.357142857143,0.0108259451730638,"Extremely Low","Rare good event - unusually low cases to date",-1.36068362508652,"Extremely Low",6.0063607957213e-06,"Rare good event - unusually low cases to date","Saudi Arabia"
"SAU",3,12,1.16705361733775,303.857142857143,1.50662748281981,551.214285714286,303.857142857143,551.214285714286,0.122038733045627,0.0626354896053109,NA,NA,NA,NA,NA,NA,"Unobserved",0,0,NA,NA,NA,NA,"Europe, Middle East & North Africa","Saudi Arabia",1.50662748281981,551.214285714286,0.0136852836182629,"Extremely Low","Rare good event - unusually low cases to date",-1.22577349493357,"Extremely Low",6.0063607957213e-06,"Rare good event - unusually low cases to date","Saudi Arabia"
"SAU",4,1,0.576680485257153,556.785714285714,1.22539078356733,1108,556.785714285714,1108,0.21401058426807,0.0919718512224432,NA,NA,NA,NA,NA,NA,"Unobserved",0,0,NA,NA,NA,NA,"Europe, Middle East & North Africa","Saudi Arabia",1.22539078356733,1108,0.023813963932916,"Extremely Low","Rare good event - unusually low cases to date",-1.10636208439439,"Extremely Low",6.0063607957213e-06,"Rare good event - unusually low cases to date","Saudi Arabia"
"SAU",5,2,0.525124622451382,561.285714285714,1.0543708498063,1669.28571428572,561.285714285714,1669.28571428571,0.295301437608603,0.0812908533405329,NA,NA,NA,NA,NA,NA,"Unobserved",0,0,NA,NA,NA,NA,"Europe, Middle East & North Africa","Saudi Arabia",1.0543708498063,1669.28571428572,0.042287500484473,"Extremely Low","Rare good event - unusually low cases to date",-1.02650148464732,"Extremely Low",6.0063607957213e-06,"Rare good event - unusually low cases to date","Saudi Arabia"
"SAU",6,3,0.642578443149615,564.142857142857,1.05972534268397,2233.42857142857,564.142857142857,2233.42857142857,0.384522513199487,0.0892210755908849,NA,NA,NA,NA,NA,NA,"Unobserved",0,0,NA,NA,NA,NA,"Europe, Middle East & North Africa","Saudi Arabia",1.05972534268397,2233.42857142857,0.0300254210910012,"Extremely Low","Rare good event - unusually low cases to date",-1.02918548318669,"Extremely Low",6.0063607957213e-06,"Rare good event - unusually low cases to date","Saudi Arabia"
"SAU",7,4,0.778036865869887,604.357142857143,1.20886356287851,2837.78571428572,604.357142857143,2837.78571428571,0.500449297382587,0.1159267841831,NA,NA,NA,NA,NA,NA,"Unobserved",0,0,NA,NA,NA,NA,"Europe, Middle East & North Africa","Saudi Arabia",1.20886356287851,2837.78571428572,0.00841740229980754,"Extremely Low","Rare good event - unusually low cases to date",-1.09924920759449,"Extremely Low",6.0063607957213e-06,"Rare good event - unusually low cases to date","Saudi Arabia"
"SAU",8,5,2.11544036281165,749.500000000001,1.51666859602438,3587.2857142857,749.5,3587.28571428571,0.677182817579988,0.1767335201974,NA,NA,NA,NA,NA,NA,"Unobserved",0,0,NA,NA,NA,NA,"Europe, Middle East & North Africa","Saudi Arabia",1.51666859602438,3587.2857142857,0.000763257184129085,"Extremely Low","Rare good event - unusually low cases to date",-1.23127073979349,"Extremely Low",6.0063607957213e-06,"Rare good event - unusually low cases to date","Saudi Arabia"
"SAU",9,6,3.29593827564149,616.214285714285,1.75445708953779,4203.49999999999,616.214285714286,4203.5,0.827764472088671,0.150581654508683,NA,NA,NA,NA,NA,NA,"Unobserved",0,0,NA,NA,NA,NA,"Europe, Middle East & North Africa","Saudi Arabia",1.75445708953779,4203.49999999999,0.000117638620633301,"Extremely Low","Rare good event - unusually low cases to date",-1.32428286994852,"Extremely Low",6.0063607957213e-06,"Rare good event - unusually low cases to date","Saudi Arabia"
"SAU",10,7,6.10924720730887,351,1.96736155954228,4554.5,351,4554.5,0.923457850472824,0.0956933783841538,NA,NA,NA,NA,NA,NA,"Unobserved",0,0,NA,NA,NA,NA,"Europe, Middle East & North Africa","Saudi Arabia",1.96736155954228,4554.5,2.40066651439307e-05,"Extremely Low","Rare good event - unusually low cases to date",-1.40232382318986,"Extremely Low",6.0063607957213e-06,"Rare good event - unusually low cases to date","Saudi Arabia"
"SAU",11,8,4.33703232535792,161.5,2.07626519281902,4716.00000000002,161.5,4716,0.96899778575731,0.0455399352844858,NA,NA,NA,NA,NA,NA,"Unobserved",0,0,NA,NA,NA,NA,"Europe, Middle East & North Africa","Saudi Arabia",2.07626519281902,4716.00000000002,1.0741204278083e-05,"Extremely Low","Rare good event - unusually low cases to date",-1.44060803100417,"Extremely Low",6.0063607957213e-06,"Rare good event - unusually low cases to date","Saudi Arabia"
"SAU",12,9,2.98896114834646,104.214285714286,2.15587156582205,4820.21428571427,104.214285714286,4820.21428571429,1,0.0310022142426899,NA,NA,NA,NA,NA,NA,"Unobserved",0,0,NA,NA,NA,NA,"Europe, Middle East & North Africa","Saudi Arabia",2.15587156582205,4820.21428571427,6.0063607957213e-06,"Extremely Low","Rare good event - unusually low cases to date",-1.46796041145039,"Extremely Low",6.0063607957213e-06,"Rare good event - unusually low cases to date","Saudi Arabia"
"SDN",8,1,0.29884567445588,196.625,0.849014930363188,3549.125,196.625,3549.125,0.944176770367696,0.0400062522985696,2025,2025-01-01,822,"WHO",6,"2024/2025","Observed",822,822,3998,53853,NA,3998,"Europe, Middle East & North Africa","Sudan",0.849014930363188,3549.125,24.3548740266246,"Low","Below average - fewer cases than typical at this point",-0.707928625543568,"Extremely High",99.9993335935467,"Rare bad event - unusually high cases to date","Sudan"
"SDN",9,2,0.237844991032519,165,0.823123976846439,3714.12500000001,165,3714.125,0.961751213710868,0.0175744433431711,2025,2025-02-01,816,"WHO",6,"2024/2025","Observed",1638,1638,3998,53853,NA,3998,"Europe, Middle East & North Africa","Sudan",0.823123976846439,3714.12500000001,39.5483085542983,"Normal","Average - typical case load at this point",-0.507085847240511,"Extremely High",99.9993335935467,"Rare bad event - unusually high cases to date","Sudan"
"SDN",10,3,0.138252127861018,147.625,0.800602983968919,3861.74999999999,147.625,3861.75,0.976002348695219,0.0142511349843514,2025,2025-03-01,669,"WHO",6,"2024/2025","Observed",2307,2307,3998,53853,NA,3998,"Europe, Middle East & North Africa","Sudan",0.800602983968919,3861.74999999999,48.5733720074415,"Normal","Average - typical case load at this point",-0.360196923432016,"Extremely High",99.9993335935467,"Rare bad event - unusually high cases to date","Sudan"
"SDN",11,4,0.124784875985553,145.625,0.779326027421964,4007.375,145.625,4007.375,0.988973625971566,0.012971277276347,2025,2025-04-01,838,"WHO",6,"2024/2025","Observed",3145,3145,3998,53853,NA,3998,"Europe, Middle East & North Africa","Sudan",0.779326027421964,4007.375,57.2451849669837,"Normal","Average - typical case load at this point",-0.189956228676522,"Extremely High",99.9993335935467,"Rare bad event - unusually high cases to date","Sudan"
"SDN",12,5,0.0911420568507168,130.125,0.761244978679613,4137.50000000001,130.125,4137.5,1,0.0110263740284341,2025,2025-05-01,853,"WHO",6,"2024/2025","Observed",3998,3998,3998,53853,NA,3998,"Europe, Middle East & North Africa","Sudan",0.761244978679613,4137.50000000001,63.9822695555014,"Normal","Average - typical case load at this point",-0.0294142969689297,"Extremely High",99.9993335935467,"Rare bad event - unusually high cases to date","Sudan"
"SDN",1,6,0.397705150144643,7.375,0.397705150144643,7.375,7.375,7.375,0.00222231620837552,0.00222231620837552,2025,2025-06-01,335,"WHO",6,"2025/2026","Observed",335,4333,49431,53853,NA,49431,"Europe, Middle East & North Africa","Sudan",0.397705150144643,7.375,99.9999998303493,"Extremely High","Rare bad event - unusually high cases to date",27.2891829173133,"Extremely High",99.9993335935467,"Rare bad event - unusually high cases to date","Sudan"
"SDN",2,7,0.558315809216979,18.375,0.596152314271837,25.75,18.375,25.75,0.00989315557103269,0.00767083936265717,2025,2025-07-01,741,"WHO",6,"2025/2026","Observed",1076,5074,49431,53853,NA,49431,"Europe, Middle East & North Africa","Sudan",0.596152314271837,25.75,99.9999999996433,"Extremely High","Rare bad event - unusually high cases to date",31.1332236515938,"Extremely High",99.9993335935467,"Rare bad event - unusually high cases to date","Sudan"
"SDN",3,8,0.801705776492556,112.75,0.8866243281247,138.5,112.75,138.5,0.0560783820321162,0.0461852264610835,2025,2025-08-01,3791,"WHO",6,"2025/2026","Observed",4867,8865,49431,53853,NA,49431,"Europe, Middle East & North Africa","Sudan",0.8866243281247,138.5,99.999999999998,"Extremely High","Rare bad event - unusually high cases to date",32.0448157118793,"Extremely High",99.9993335935467,"Rare bad event - unusually high cases to date","Sudan"
"SDN",4,9,0.857381496811902,380.125,0.971420641182171,518.625,380.125,518.625,0.179214877748146,0.12313649571603,2025,2025-09-01,12511,"WHO",6,"2025/2026","Observed",17378,21376,49431,53853,NA,49431,"Europe, Middle East & North Africa","Sudan",0.971420641182171,518.625,99.9999999999993,"Extremely High","Rare bad event - unusually high cases to date",32.0099750107266,"Extremely High",99.9993335935467,"Rare bad event - unusually high cases to date","Sudan"
"SDN",5,10,0.801594453569587,1331.375,0.895492578169846,1850,1331.375,1850,0.516838601742333,0.337623723994187,2025,2025-10-01,18678,"WHO",6,"2025/2026","Observed",36056,40054,49431,53853,NA,49431,"Europe, Middle East & North Africa","Sudan",0.895492578169846,1850,99.9999981828751,"Extremely High","Rare bad event - unusually high cases to date",17.4926849206464,"Extremely High",99.9993335935467,"Rare bad event - unusually high cases to date","Sudan"
"SDN",6,11,0.766305320192734,1090.625,0.85433731607786,2940.625,1090.625,2940.625,0.78914283389676,0.272304232154427,2025,2025-11-01,6632,"WHO",6,"2025/2026","Observed",42688,46686,49431,53853,NA,49431,"Europe, Middle East & North Africa","Sudan",0.85433731607786,2940.625,99.9997454274861,"Extremely High","Rare bad event - unusually high cases to date",12.4916675266921,"Extremely High",99.9993335935467,"Rare bad event - unusually high cases to date","Sudan"
"SDN",7,12,0.865771972049896,411.875,0.860395941854184,3352.5,411.875,3352.5,0.904170518069127,0.115027684172367,2025,2025-12-01,2006,"WHO",6,"2025/2026","Observed",44694,48692,49431,53853,NA,49431,"Europe, Middle East & North Africa","Sudan",0.860395941854184,3352.5,99.9993335935467,"Extremely High","Rare bad event - unusually high cases to date",11.4369677925836,"Extremely High",99.9993335935467,"Rare bad event - unusually high cases to date","Sudan"
"SDN",8,1,0.29884567445588,196.625,0.849014930363188,3549.125,196.625,3549.125,0.944176770367696,0.0400062522985696,2026,2026-01-01,1978,"Estimates",6,"2025/2026","Unobserved",46672,1978,49431,NA,1977.54905737059,49431,"Europe, Middle East & North Africa","Sudan",0.849014930363188,3549.125,99.9991261810776,"Extremely High","Rare bad event - unusually high cases to date",11.1941761482283,"Extremely Low",0.0813777811996984,"Rare good event - unusually low cases to date","Sudan"
"SDN",9,2,0.237844991032519,165,0.823123976846439,3714.12500000001,165,3714.125,0.961751213710868,0.0175744433431711,2026,2026-02-01,869,"Estimates",6,"2025/2026","Unobserved",47541,2847,49431,NA,868.722308896291,49431,"Europe, Middle East & North Africa","Sudan",0.823123976846439,3714.12500000001,99.9984845927328,"Extremely High","Rare bad event - unusually high cases to date",10.7045520097677,"Extremely Low",0.0813777811996984,"Rare good event - unusually low cases to date","Sudan"
"SDN",10,3,0.138252127861018,147.625,0.800602983968919,3861.74999999999,147.625,3861.75,0.976002348695219,0.0142511349843514,2026,2026-03-01,704,"Estimates",6,"2025/2026","Unobserved",48245,3551,49431,NA,704.447853411472,49431,"Europe, Middle East & North Africa","Sudan",0.800602983968919,3861.74999999999,99.9975816967721,"Extremely High","Rare bad event - unusually high cases to date",10.2824956436174,"Extremely Low",0.0813777811996984,"Rare good event - unusually low cases to date","Sudan"
"SDN",11,4,0.124784875985553,145.625,0.779326027421964,4007.375,145.625,4007.375,0.988973625971566,0.012971277276347,2026,2026-04-01,641,"Estimates",6,"2025/2026","Unobserved",48886,4192,49431,NA,641.183207047106,49431,"Europe, Middle East & North Africa","Sudan",0.779326027421964,4007.375,99.9962706409554,"Extremely High","Rare bad event - unusually high cases to date",9.88546091107447,"Extremely Low",0.0813777811996984,"Rare good event - unusually low cases to date","Sudan"
"SDN",12,5,0.0911420568507168,130.125,0.761244978679613,4137.50000000001,130.125,4137.5,1,0.0110263740284341,2026,2026-05-01,NA,NA,6,"2025/2026","Unobserved",48886,4192,49431,NA,NA,49431,"Europe, Middle East & North Africa","Sudan",0.761244978679613,4137.50000000001,99.9940719200751,"Extremely High","Rare bad event - unusually high cases to date",9.43545281658834,"Extremely Low",0.0813777811996984,"Rare good event - unusually low cases to date","Sudan"
"SDN",1,6,0.397705150144643,7.375,0.397705150144643,7.375,7.375,7.375,0.00222231620837552,0.00222231620837552,2026,2026-06-01,NA,NA,6,"2026/2027","Unobserved",0,4192,NA,NA,NA,NA,"Europe, Middle East & North Africa","Sudan",0.397705150144643,7.375,30.6590211449762,"Normal","Average - typical case load at this point",-0.614292938619414,"Extremely Low",0.0813777811996984,"Rare good event - unusually low cases to date","Sudan"
"SDN",2,7,0.558315809216979,18.375,0.596152314271837,25.75,18.375,25.75,0.00989315557103269,0.00767083936265717,2026,2026-07-01,NA,NA,6,"2026/2027","Unobserved",0,4192,NA,NA,NA,NA,"Europe, Middle East & North Africa","Sudan",0.596152314271837,25.75,10.4499653310528,"Low","Below average - fewer cases than typical at this point",-0.763323503002658,"Extremely Low",0.0813777811996984,"Rare good event - unusually low cases to date","Sudan"
"SDN",3,8,0.801705776492556,112.75,0.8866243281247,138.5,112.75,138.5,0.0560783820321162,0.0461852264610835,2026,2026-08-01,NA,NA,6,"2026/2027","Unobserved",0,4192,NA,NA,NA,NA,"Europe, Middle East & North Africa","Sudan",0.8866243281247,138.5,1.1286157437474,"Extremely Low","Rare good event - unusually low cases to date",-0.938607798687804,"Extremely Low",0.0813777811996984,"Rare good event - unusually low cases to date","Sudan"
"SDN",4,9,0.857381496811902,380.125,0.971420641182171,518.625,380.125,518.625,0.179214877748146,0.12313649571603,2026,2026-09-01,NA,NA,6,"2026/2027","Unobserved",0,4192,NA,NA,NA,NA,"Europe, Middle East & North Africa","Sudan",0.971420641182171,518.625,0.223724251881576,"Extremely Low","Rare good event - unusually low cases to date",-0.984684977345723,"Extremely Low",0.0813777811996984,"Rare good event - unusually low cases to date","Sudan"
"SDN",5,10,0.801594453569587,1331.375,0.895492578169846,1850,1331.375,1850,0.516838601742333,0.337623723994187,2026,2026-10-01,NA,NA,6,"2026/2027","Unobserved",0,4192,NA,NA,NA,NA,"Europe, Middle East & North Africa","Sudan",0.895492578169846,1850,0.107437434434569,"Extremely Low","Rare good event - unusually low cases to date",-0.946075749961874,"Extremely Low",0.0813777811996984,"Rare good event - unusually low cases to date","Sudan"
"SDN",6,11,0.766305320192734,1090.625,0.85433731607786,2940.625,1090.625,2940.625,0.78914283389676,0.272304232154427,2026,2026-11-01,NA,NA,6,"2026/2027","Unobserved",0,4192,NA,NA,NA,NA,"Europe, Middle East & North Africa","Sudan",0.85433731607786,2940.625,0.095118113171291,"Extremely Low","Rare good event - unusually low cases to date",-0.924169453219968,"Extremely Low",0.0813777811996984,"Rare good event - unusually low cases to date","Sudan"
"SDN",7,12,0.865771972049896,411.875,0.860395941854184,3352.5,411.875,3352.5,0.904170518069127,0.115027684172367,2026,2026-12-01,NA,NA,6,"2026/2027","Unobserved",0,4192,NA,NA,NA,NA,"Europe, Middle East & North Africa","Sudan",0.860395941854184,3352.5,0.0813777811996984,"Extremely Low","Rare good event - unusually low cases to date",-0.927456297537258,"Extremely Low",0.0813777811996984,"Rare good event - unusually low cases to date","Sudan"
"SEN",10,1,0.520541326036736,148.714285714286,0.502158828909035,2410.57142857143,148.714285714286,2410.57142857143,0.811671041899069,0.127842529725545,2025,2025-01-01,92,"WHO",4,"2024/2025","Observed",92,92,321,18225,NA,321,"Sub-Saharan Africa","Senegal",0.502158828909035,2410.57142857143,15.4497071285885,"Low","Below average - fewer cases than typical at this point",-0.681515591740761,"Extremely High",97.4574486250644,"Rare bad event - unusually high cases to date","Senegal"
"SEN",11,2,0.545447477113455,123.142857142857,0.53821729312016,2533.71428571429,123.142857142857,2533.71428571429,0.921632649770691,0.109961607871622,2025,2025-02-01,140,"WHO",4,"2024/2025","Observed",232,232,321,18225,NA,321,"Sub-Saharan Africa","Senegal",0.53821729312016,2533.71428571429,21.9392521813441,"Low","Below average - fewer cases than typical at this point",-0.666386936717523,"Extremely High",97.4574486250644,"Rare bad event - unusually high cases to date","Senegal"
"SEN",12,3,0.610369940626789,84.2857142857143,0.55968801973901,2618,84.2857142857143,2618,1,0.0783673502293085,2025,2025-03-01,89,"WHO",4,"2024/2025","Observed",321,321,321,18225,NA,321,"Sub-Saharan Africa","Senegal",0.55968801973901,2618,24.5203815978853,"Low","Below average - fewer cases than typical at this point",-0.656323478768911,"Extremely High",97.4574486250644,"Rare bad event - unusually high cases to date","Senegal"
"SEN",1,4,0.384501298329283,33.5714285714286,0.384501298329283,33.5714285714286,33.5714285714286,33.5714285714286,0.0153366613334689,0.0153366613334689,2025,2025-04-01,130,"WHO",4,"2025/2026","Observed",130,451,13139,18225,NA,13139,"Sub-Saharan Africa","Senegal",0.384501298329283,33.5714285714286,94.0837453858726,"High","Above average - more cases than typical at this point",1.77097288976125,"Extremely High",97.4574486250644,"Rare bad event - unusually high cases to date","Senegal"
"SEN",2,5,0.42676290398479,39.5714285714286,0.443106357990509,73.1428571428571,39.5714285714286,73.1428571428571,0.0290662077744251,0.0137295464409562,2025,2025-05-01,201,"WHO",4,"2025/2026","Observed",331,652,13139,18225,NA,13139,"Sub-Saharan Africa","Senegal",0.443106357990509,73.1428571428571,96.2082067869404,"Extremely High","Rare bad event - unusually high cases to date",2.33964360122348,"Extremely High",97.4574486250644,"Rare bad event - unusually high cases to date","Senegal"
"SEN",3,6,0.356013553582183,49.8571428571428,0.433649852127238,123,49.8571428571429,123,0.0476482306218311,0.0185820228474059,2025,2025-06-01,225,"WHO",4,"2025/2026","Observed",556,877,13139,18225,NA,13139,"Sub-Saharan Africa","Senegal",0.433649852127238,123,96.1226895229038,"Extremely High","Rare bad event - unusually high cases to date",2.31413215250069,"Extremely High",97.4574486250644,"Rare bad event - unusually high cases to date","Senegal"
"SEN",4,7,0.50713812187765,86.5714285714287,0.469816896394857,209.571428571429,86.5714285714286,209.571428571429,0.089672797449297,0.042024566827466,2025,2025-07-01,304,"WHO",4,"2025/2026","Observed",860,1181,13139,18225,NA,13139,"Sub-Saharan Africa","Senegal",0.469816896394857,209.571428571429,95.4731027886302,"Extremely High","Rare bad event - unusually high cases to date",2.12493474009869,"Extremely High",97.4574486250644,"Rare bad event - unusually high cases to date","Senegal"
"SEN",5,8,0.5481311497472,92.8571428571429,0.498086981104673,302.428571428571,92.8571428571429,302.428571428571,0.133647850183165,0.0439750527338684,2025,2025-08-01,356,"WHO",4,"2025/2026","Observed",1216,1537,13139,18225,NA,13139,"Sub-Saharan Africa","Senegal",0.498086981104673,302.428571428571,95.4881442669014,"Extremely High","Rare bad event - unusually high cases to date",2.13017335420711,"Extremely High",97.4574486250644,"Rare bad event - unusually high cases to date","Senegal"
"SEN",6,9,0.433503534046085,174.571428571428,0.477115451478526,477.000000000001,174.571428571429,477,0.191140564400753,0.057492714217588,2025,2025-09-01,878,"WHO",4,"2025/2026","Observed",2094,2415,13139,18225,NA,13139,"Sub-Saharan Africa","Senegal",0.477115451478526,477.000000000001,96.2062738439269,"Extremely High","Rare bad event - unusually high cases to date",2.34037952702912,"Extremely High",97.4574486250644,"Rare bad event - unusually high cases to date","Senegal"
"SEN",7,10,0.391728177124597,636.714285714286,0.441927925905191,1113.71428571429,636.714285714286,1113.71428571429,0.358608264649461,0.167467700248708,2025,2025-10-01,3616,"WHO",4,"2025/2026","Observed",5710,6031,13139,18225,NA,13139,"Sub-Saharan Africa","Senegal",0.441927925905191,1113.71428571429,97.2408855345257,"Extremely High","Rare bad event - unusually high cases to date",2.7429810160407,"Extremely High",97.4574486250644,"Rare bad event - unusually high cases to date","Senegal"
"SEN",8,11,0.38812336428334,867.142857142859,0.421924258041608,1980.85714285714,867.142857142857,1980.85714285714,0.589588616437912,0.230980351788451,2025,2025-11-01,4923,"WHO",4,"2025/2026","Observed",10633,10954,13139,18225,NA,13139,"Sub-Saharan Africa","Senegal",0.421924258041608,1980.85714285714,97.4225087773178,"Extremely High","Rare bad event - unusually high cases to date",2.83688365943351,"Extremely High",97.4574486250644,"Rare bad event - unusually high cases to date","Senegal"
"SEN",9,12,0.451324568813434,281,0.426574587356525,2261.85714285714,281,2261.85714285714,0.683828512173524,0.0942398957356121,2025,2025-12-01,1509,"WHO",4,"2025/2026","Observed",12142,12463,13139,18225,NA,13139,"Sub-Saharan Africa","Senegal",0.426574587356525,2261.85714285714,97.4574486250644,"Extremely High","Rare bad event - unusually high cases to date",2.8526900874562,"Extremely High",97.4574486250644,"Rare bad event - unusually high cases to date","Senegal"
"SEN",10,1,0.520541326036736,148.714285714286,0.502158828909035,2410.57142857143,148.714285714286,2410.57142857143,0.811671041899069,0.127842529725545,2026,2026-01-01,455,"WHO",4,"2025/2026","Observed",12597,455,13139,81113,NA,13139,"Sub-Saharan Africa","Senegal",0.502158828909035,2410.57142857143,97.7876996737325,"Extremely High","Rare bad event - unusually high cases to date",2.99417555570395,"Normal",30.1224641144854,"Average - typical case load at this point","Senegal"
"SEN",11,2,0.545447477113455,123.142857142857,0.53821729312016,2533.71428571429,123.142857142857,2533.71428571429,0.921632649770691,0.109961607871622,2026,2026-02-01,312,"WHO",4,"2025/2026","Observed",12909,767,13139,81113,NA,13139,"Sub-Saharan Africa","Senegal",0.53821729312016,2533.71428571429,97.8362847475755,"Extremely High","Rare bad event - unusually high cases to date",3.00382845413254,"Normal",30.1224641144854,"Average - typical case load at this point","Senegal"
"SEN",12,3,0.610369940626789,84.2857142857143,0.55968801973901,2618,84.2857142857143,2618,1,0.0783673502293085,2026,2026-03-01,230,"WHO",4,"2025/2026","Observed",13139,997,13139,81113,NA,13139,"Sub-Saharan Africa","Senegal",0.55968801973901,2618,97.8589223252789,"Extremely High","Rare bad event - unusually high cases to date",3.00617297349922,"Normal",30.1224641144854,"Average - typical case load at this point","Senegal"
"SEN",1,4,0.384501298329283,33.5714285714286,0.384501298329283,33.5714285714286,33.5714285714286,33.5714285714286,0.0153366613334689,0.0153366613334689,2026,2026-04-01,247,"WHO",4,"2026/2027","Observed",247,1244,16105,81113,NA,16105,"Sub-Saharan Africa","Senegal",0.384501298329283,33.5714285714286,98.8399505103134,"Extremely High","Rare bad event - unusually high cases to date",3.91975332933823,"Normal",30.1224641144854,"Average - typical case load at this point","Senegal"
"SEN",2,5,0.42676290398479,39.5714285714286,0.443106357990509,73.1428571428571,39.5714285714286,73.1428571428571,0.0290662077744251,0.0137295464409562,2026,2026-05-01,NA,NA,4,"2026/2027","Unobserved",247,1244,16105,81113,NA,16105,"Sub-Saharan Africa","Senegal",0.443106357990509,73.1428571428571,92.9108932711377,"High","Above average - more cases than typical at this point",1.57747715384431,"Normal",30.1224641144854,"Average - typical case load at this point","Senegal"
"SEN",3,6,0.356013553582183,49.8571428571428,0.433649852127238,123,49.8571428571429,123,0.0476482306218311,0.0185820228474059,2026,2026-06-01,NA,NA,4,"2026/2027","Unobserved",247,1244,16105,81113,NA,16105,"Sub-Saharan Africa","Senegal",0.433649852127238,123,84.2463287929629,"High","Above average - more cases than typical at this point",0.662707591016362,"Normal",30.1224641144854,"Average - typical case load at this point","Senegal"
"SEN",4,7,0.50713812187765,86.5714285714287,0.469816896394857,209.571428571429,86.5714285714286,209.571428571429,0.089672797449297,0.042024566827466,2026,2026-07-01,NA,NA,4,"2026/2027","Unobserved",247,1244,16105,81113,NA,16105,"Sub-Saharan Africa","Senegal",0.469816896394857,209.571428571429,72.6371621971053,"Normal","Average - typical case load at this point",0.122278256513475,"Normal",30.1224641144854,"Average - typical case load at this point","Senegal"
"SEN",5,8,0.5481311497472,92.8571428571429,0.498086981104673,302.428571428571,92.8571428571429,302.428571428571,0.133647850183165,0.0439750527338684,2026,2026-08-01,NA,NA,4,"2026/2027","Unobserved",247,1244,16105,81113,NA,16105,"Sub-Saharan Africa","Senegal",0.498086981104673,302.428571428571,63.4818287367657,"Normal","Average - typical case load at this point",-0.129242730481994,"Normal",30.1224641144854,"Average - typical case load at this point","Senegal"
"SEN",6,9,0.433503534046085,174.571428571428,0.477115451478526,477.000000000001,174.571428571429,477,0.191140564400753,0.057492714217588,2026,2026-09-01,NA,NA,4,"2026/2027","Unobserved",247,1244,16105,81113,NA,16105,"Sub-Saharan Africa","Senegal",0.477115451478526,477.000000000001,53.69507558502,"Normal","Average - typical case load at this point",-0.332892573417872,"Normal",30.1224641144854,"Average - typical case load at this point","Senegal"
"SEN",7,10,0.391728177124597,636.714285714286,0.441927925905191,1113.71428571429,636.714285714286,1113.71428571429,0.358608264649461,0.167467700248708,2026,2026-10-01,NA,NA,4,"2026/2027","Unobserved",247,1244,16105,81113,NA,16105,"Sub-Saharan Africa","Senegal",0.441927925905191,1113.71428571429,39.3111991135281,"Normal","Average - typical case load at this point",-0.517239566865138,"Normal",30.1224641144854,"Average - typical case load at this point","Senegal"
"SEN",8,11,0.38812336428334,867.142857142859,0.421924258041608,1980.85714285714,867.142857142857,1980.85714285714,0.589588616437912,0.230980351788451,2026,2026-11-01,NA,NA,4,"2026/2027","Unobserved",247,1244,16105,81113,NA,16105,"Sub-Saharan Africa","Senegal",0.421924258041608,1980.85714285714,32.1053797498341,"Normal","Average - typical case load at this point",-0.568500899439354,"Normal",30.1224641144854,"Average - typical case load at this point","Senegal"
"SEN",9,12,0.451324568813434,281,0.426574587356525,2261.85714285714,281,2261.85714285714,0.683828512173524,0.0942398957356121,2026,2026-12-01,NA,NA,4,"2026/2027","Unobserved",247,1244,16105,81113,NA,16105,"Sub-Saharan Africa","Senegal",0.426574587356525,2261.85714285714,30.1224641144854,"Normal","Average - typical case load at this point",-0.581748976930382,"Normal",30.1224641144854,"Average - typical case load at this point","Senegal"
"SGP",12,1,1.9464080873496,1001.375,1.89362656998737,12649.75,1001.375,12649.75,1,0.102619872441714,2025,2025-01-01,486,"WHO",2,"2024/2025","Observed",486,486,486,4498,NA,486,"East & Southeast Asia","Singapore",1.89362656998737,12649.75,0.369058908005511,"Extremely Low","Rare good event - unusually low cases to date",-1.32312296851601,"Low",15.0829947287792,"Below average - fewer cases than typical at this point","Singapore"
"SGP",1,2,1.92586102319404,805.062499999999,1.92586102319404,805.062499999999,805.0625,805.0625,0.0743645391296388,0.0743645391296388,2025,2025-02-01,380,"WHO",2,"2025/2026","Observed",380,866,3699,4498,NA,3699,"East & Southeast Asia","Singapore",1.92586102319404,805.062499999999,25.165879910872,"Normal","Average - typical case load at this point",-0.731841157362946,"Low",15.0829947287792,"Below average - fewer cases than typical at this point","Singapore"
"SGP",2,3,1.69541219086068,797.625,1.86348155408988,1602.6875,797.625,1602.6875,0.140359349825143,0.065994810695504,2025,2025-03-01,356,"WHO",2,"2025/2026","Observed",736,1222,3699,4498,NA,3699,"East & Southeast Asia","Singapore",1.86348155408988,1602.6875,24.808021980095,"Low","Below average - fewer cases than typical at this point",-0.737774935605081,"Low",15.0829947287792,"Below average - fewer cases than typical at this point","Singapore"
"SGP",3,4,1.62778096108952,887.9375,1.85797170687362,2490.625,887.9375,2490.625,0.211037069812616,0.0706777199874728,2025,2025-04-01,380,"WHO",2,"2025/2026","Observed",1116,1602,3699,4498,NA,3699,"East & Southeast Asia","Singapore",1.85797170687362,2490.625,24.0359812460135,"Low","Below average - fewer cases than typical at this point",-0.752027140881073,"Low",15.0829947287792,"Below average - fewer cases than typical at this point","Singapore"
"SGP",4,5,1.14739480196335,1338.8125,1.60933478989647,3829.4375,1338.8125,3829.4375,0.303778771673857,0.0927417018612419,2025,2025-05-01,532,"WHO",2,"2025/2026","Observed",1648,2134,3699,4498,NA,3699,"East & Southeast Asia","Singapore",1.60933478989647,3829.4375,25.5119936763493,"Normal","Average - typical case load at this point",-0.722503160051112,"Low",15.0829947287792,"Below average - fewer cases than typical at this point","Singapore"
"SGP",5,6,1.16491361235597,1676.5,1.51033357227798,5505.93749999999,1676.5,5505.9375,0.417609352609051,0.113830580935193,2025,2025-06-01,449,"WHO",2,"2025/2026","Observed",2097,2583,3699,4498,NA,3699,"East & Southeast Asia","Singapore",1.51033357227798,5505.93749999999,23.1948671577773,"Low","Below average - fewer cases than typical at this point",-0.760789731510916,"Low",15.0829947287792,"Below average - fewer cases than typical at this point","Singapore"
"SGP",6,7,1.23606548689859,1650.75,1.49183702419237,7156.68749999999,1650.75,7156.6875,0.535290198069568,0.117680845460518,2025,2025-07-01,465,"WHO",2,"2025/2026","Observed",2562,3048,3699,4498,NA,3699,"East & Southeast Asia","Singapore",1.49183702419237,7156.68749999999,21.7828959845701,"Low","Below average - fewer cases than typical at this point",-0.784078156616961,"Low",15.0829947287792,"Below average - fewer cases than typical at this point","Singapore"
"SGP",7,8,1.19138433696591,1320.375,1.46392721820009,8477.0625,1320.375,8477.0625,0.625982668417061,0.0906924703474931,2025,2025-08-01,233,"WHO",2,"2025/2026","Observed",2795,3281,3699,4498,NA,3699,"East & Southeast Asia","Singapore",1.46392721820009,8477.0625,20.1065407547975,"Low","Below average - fewer cases than typical at this point",-0.810929066924184,"Low",15.0829947287792,"Below average - fewer cases than typical at this point","Singapore"
"SGP",8,9,1.80267189670415,988.125,1.52669337636728,9465.1875,988.125,9465.1875,0.705691538925494,0.0797088705084324,2025,2025-09-01,176,"WHO",2,"2025/2026","Observed",2971,3457,3699,4498,NA,3699,"East & Southeast Asia","Singapore",1.52669337636728,9465.1875,18.1242777078824,"Low","Below average - fewer cases than typical at this point",-0.847688888595984,"Low",15.0829947287792,"Below average - fewer cases than typical at this point","Singapore"
"SGP",9,10,2.30606870819339,831.6875,1.59737998594162,10296.875,831.6875,10296.875,0.777555571640696,0.071864032715202,2025,2025-10-01,224,"WHO",2,"2025/2026","Observed",3195,3681,3699,4498,NA,3699,"East & Southeast Asia","Singapore",1.59737998594162,10296.875,16.9854713286082,"Low","Below average - fewer cases than typical at this point",-0.87164173962395,"Low",15.0829947287792,"Below average - fewer cases than typical at this point","Singapore"
"SGP",10,11,1.9129931185318,683.999999999999,1.64805605789242,10980.875,684,10980.875,0.834990684595172,0.0574351129544767,2025,2025-11-01,160,"WHO",2,"2025/2026","Observed",3355,3841,3699,4498,NA,3699,"East & Southeast Asia","Singapore",1.64805605789242,10980.875,16.0504964182768,"Low","Below average - fewer cases than typical at this point",-0.891468775996072,"Low",15.0829947287792,"Below average - fewer cases than typical at this point","Singapore"
"SGP",11,12,2.35225519411003,667.5,1.73063077025101,11648.375,667.5,11648.375,0.897380127558286,0.0623894429631139,2025,2025-12-01,195,"WHO",2,"2025/2026","Observed",3550,4036,3699,4498,NA,3699,"East & Southeast Asia","Singapore",1.73063077025101,11648.375,15.0829947287792,"Low","Below average - fewer cases than typical at this point",-0.914539547348172,"Low",15.0829947287792,"Below average - fewer cases than typical at this point","Singapore"
"SGP",12,1,1.9464080873496,1001.375,1.89362656998737,12649.75,1001.375,12649.75,1,0.102619872441714,2026,2026-01-01,149,"WHO",2,"2025/2026","Observed",3699,149,3699,2564,NA,3699,"East & Southeast Asia","Singapore",1.89362656998737,12649.75,12.6272258378369,"Low","Below average - fewer cases than typical at this point",-0.973625971468064,"Extremely Low",0.446733284639186,"Rare good event - unusually low cases to date","Singapore"
"SGP",1,2,1.92586102319404,805.062499999999,1.92586102319404,805.062499999999,805.0625,805.0625,0.0743645391296388,0.0743645391296388,2026,2026-02-01,134,"WHO",2,"2026/2027","Observed",134,283,1857,2564,NA,1857,"East & Southeast Asia","Singapore",1.92586102319404,805.062499999999,4.93756832086182,"Extremely Low","Rare good event - unusually low cases to date",-1.1553857530666,"Extremely Low",0.446733284639186,"Rare good event - unusually low cases to date","Singapore"
"SGP",2,3,1.69541219086068,797.625,1.86348155408988,1602.6875,797.625,1602.6875,0.140359349825143,0.065994810695504,2026,2026-03-01,127,"WHO",2,"2026/2027","Observed",261,410,1857,2564,NA,1857,"East & Southeast Asia","Singapore",1.86348155408988,1602.6875,5.08108593977558,"Low","Below average - fewer cases than typical at this point",-1.14212263233823,"Extremely Low",0.446733284639186,"Rare good event - unusually low cases to date","Singapore"
"SGP",3,4,1.62778096108952,887.9375,1.85797170687362,2490.625,887.9375,2490.625,0.211037069812616,0.0706777199874728,2026,2026-04-01,131,"WHO",2,"2026/2027","Observed",392,541,1857,2564,NA,1857,"East & Southeast Asia","Singapore",1.85797170687362,2490.625,4.81856906783771,"Extremely Low","Rare good event - unusually low cases to date",-1.14811163665112,"Extremely Low",0.446733284639186,"Rare good event - unusually low cases to date","Singapore"
"SGP",4,5,1.14739480196335,1338.8125,1.60933478989647,3829.4375,1338.8125,3829.4375,0.303778771673857,0.0927417018612419,2026,2026-05-01,NA,NA,2,"2026/2027","Unobserved",392,541,1857,2564,NA,1857,"East & Southeast Asia","Singapore",1.60933478989647,3829.4375,3.464104700941,"Extremely Low","Rare good event - unusually low cases to date",-1.13849672806496,"Extremely Low",0.446733284639186,"Rare good event - unusually low cases to date","Singapore"
"SGP",5,6,1.16491361235597,1676.5,1.51033357227798,5505.93749999999,1676.5,5505.9375,0.417609352609051,0.113830580935193,2026,2026-06-01,NA,NA,2,"2026/2027","Unobserved",392,541,1857,2564,NA,1857,"East & Southeast Asia","Singapore",1.51033357227798,5505.93749999999,2.42369297230409,"Extremely Low","Rare good event - unusually low cases to date",-1.14130315900148,"Extremely Low",0.446733284639186,"Rare good event - unusually low cases to date","Singapore"
"SGP",6,7,1.23606548689859,1650.75,1.49183702419237,7156.68749999999,1650.75,7156.6875,0.535290198069568,0.117680845460518,2026,2026-07-01,NA,NA,2,"2026/2027","Unobserved",392,541,1857,2564,NA,1857,"East & Southeast Asia","Singapore",1.49183702419237,7156.68749999999,1.72563454987329,"Extremely Low","Rare good event - unusually low cases to date",-1.15438616991684,"Extremely Low",0.446733284639186,"Rare good event - unusually low cases to date","Singapore"
"SGP",7,8,1.19138433696591,1320.375,1.46392721820009,8477.0625,1320.375,8477.0625,0.625982668417061,0.0906924703474931,2026,2026-08-01,NA,NA,2,"2026/2027","Unobserved",392,541,1857,2564,NA,1857,"East & Southeast Asia","Singapore",1.46392721820009,8477.0625,1.44462136742593,"Extremely Low","Rare good event - unusually low cases to date",-1.15387892849625,"Extremely Low",0.446733284639186,"Rare good event - unusually low cases to date","Singapore"
"SGP",8,9,1.80267189670415,988.125,1.52669337636728,9465.1875,988.125,9465.1875,0.705691538925494,0.0797088705084324,2026,2026-09-01,NA,NA,2,"2026/2027","Unobserved",392,541,1857,2564,NA,1857,"East & Southeast Asia","Singapore",1.52669337636728,9465.1875,1.05435552762225,"Extremely Low","Rare good event - unusually low cases to date",-1.18432678882431,"Extremely Low",0.446733284639186,"Rare good event - unusually low cases to date","Singapore"
"SGP",9,10,2.30606870819339,831.6875,1.59737998594162,10296.875,831.6875,10296.875,0.777555571640696,0.071864032715202,2026,2026-10-01,NA,NA,2,"2026/2027","Unobserved",392,541,1857,2564,NA,1857,"East & Southeast Asia","Singapore",1.59737998594162,10296.875,0.774816727728516,"Extremely Low","Rare good event - unusually low cases to date",-1.21566522583934,"Extremely Low",0.446733284639186,"Rare good event - unusually low cases to date","Singapore"
"SGP",10,11,1.9129931185318,683.999999999999,1.64805605789242,10980.875,684,10980.875,0.834990684595172,0.0574351129544767,2026,2026-11-01,NA,NA,2,"2026/2027","Unobserved",392,541,1857,2564,NA,1857,"East & Southeast Asia","Singapore",1.64805605789242,10980.875,0.613183943100394,"Extremely Low","Rare good event - unusually low cases to date",-1.23784502570858,"Extremely Low",0.446733284639186,"Rare good event - unusually low cases to date","Singapore"
"SGP",11,12,2.35225519411003,667.5,1.73063077025101,11648.375,667.5,11648.375,0.897380127558286,0.0623894429631139,2026,2026-12-01,NA,NA,2,"2026/2027","Unobserved",392,541,1857,2564,NA,1857,"East & Southeast Asia","Singapore",1.73063077025101,11648.375,0.446733284639186,"Extremely Low","Rare good event - unusually low cases to date",-1.27116861065106,"Extremely Low",0.446733284639186,"Rare good event - unusually low cases to date","Singapore"
"SLB",10,1,0.38497437113306,313,0.568338636356396,3145.99999999999,313,3146,0.886738284397408,0.0814966981560136,2025,2025-01-01,47,"WHO",4,"2024/2025","Observed",47,47,111,360,NA,111,"Pacific Islands","Solomon Islands",0.568338636356396,3145.99999999999,7.51780054805037,"Low","Below average - fewer cases than typical at this point",-0.742552600472337,"Low",16.8372297405004,"Below average - fewer cases than typical at this point","Solomon Islands"
"SLB",11,2,0.443539664900341,151.4,0.574141470653874,3297.4,151.4,3297.4,0.938593802700081,0.051855518302673,2025,2025-02-01,34,"WHO",4,"2024/2025","Observed",81,81,111,360,NA,111,"Pacific Islands","Solomon Islands",0.574141470653874,3297.4,9.7225870527733,"Low","Below average - fewer cases than typical at this point",-0.739043620168781,"Low",16.8372297405004,"Below average - fewer cases than typical at this point","Solomon Islands"
"SLB",12,3,0.658235182417325,112.1,0.589057675285265,3409.50000000001,112.1,3409.5,1,0.061406197299919,2025,2025-03-01,30,"WHO",4,"2024/2025","Observed",111,111,111,360,NA,111,"Pacific Islands","Solomon Islands",0.589057675285265,3409.50000000001,10.8802806494584,"Low","Below average - fewer cases than typical at this point",-0.742449963119546,"Low",16.8372297405004,"Below average - fewer cases than typical at this point","Solomon Islands"
"SLB",1,4,0.406394380800847,93.6,0.406394380800847,93.6,93.6,93.6,0.113713605979972,0.113713605979972,2025,2025-04-01,30,"WHO",4,"2025/2026","Observed",30,141,238,360,NA,238,"Pacific Islands","Solomon Islands",0.406394380800847,93.6,47.8310643936751,"Normal","Average - typical case load at this point",-0.432229436450215,"Low",16.8372297405004,"Below average - fewer cases than typical at this point","Solomon Islands"
"SLB",2,5,0.362202453919243,63.4000000000001,0.466361499594968,157,63.4,157,0.163395303089957,0.0496816971099846,2025,2025-05-01,28,"WHO",4,"2025/2026","Observed",58,169,238,360,NA,238,"Pacific Islands","Solomon Islands",0.466361499594968,157,47.3510120821159,"Normal","Average - typical case load at this point",-0.429984516504278,"Low",16.8372297405004,"Below average - fewer cases than typical at this point","Solomon Islands"
"SLB",3,6,0.428082568806234,58.3000000000001,0.516055276569109,215.3,58.3,215.3,0.213055483950506,0.0496601808605491,2025,2025-06-01,13,"WHO",4,"2025/2026","Observed",71,182,238,360,NA,238,"Pacific Islands","Solomon Islands",0.516055276569109,215.3,42.9080366222998,"Normal","Average - typical case load at this point",-0.48089532220114,"Low",16.8372297405004,"Below average - fewer cases than typical at this point","Solomon Islands"
"SLB",4,7,0.405297520104043,68.2000000000001,0.549076580871755,283.5,68.2,283.5,0.259829844860614,0.0467743609101086,2025,2025-07-01,5,"WHO",4,"2025/2026","Observed",76,187,238,360,NA,238,"Pacific Islands","Solomon Islands",0.549076580871755,283.5,37.5018296795188,"Normal","Average - typical case load at this point",-0.541827868500578,"Low",16.8372297405004,"Below average - fewer cases than typical at this point","Solomon Islands"
"SLB",5,8,0.296782303896142,585.8,0.611865585542867,869.300000000001,585.8,869.3,0.388340124633295,0.12851027977268,2025,2025-08-01,23,"WHO",4,"2025/2026","Observed",99,210,238,360,NA,238,"Pacific Islands","Solomon Islands",0.611865585542867,869.300000000001,21.426387508072,"Low","Below average - fewer cases than typical at this point",-0.692891835842918,"Low",16.8372297405004,"Below average - fewer cases than typical at this point","Solomon Islands"
"SLB",6,9,0.3875707444834,380.999999999999,0.627083586392561,1250.3,381,1250.3,0.498534483595873,0.110194358962578,2025,2025-09-01,20,"WHO",4,"2025/2026","Observed",119,230,238,360,NA,238,"Pacific Islands","Solomon Islands",0.627083586392561,1250.3,18.6828437296547,"Low","Below average - fewer cases than typical at this point",-0.716337011180528,"Low",16.8372297405004,"Below average - fewer cases than typical at this point","Solomon Islands"
"SLB",7,10,0.32766446780879,684.600000000001,0.61766522025625,1934.9,684.6,1934.9,0.637777207591182,0.139242723995309,2025,2025-10-01,30,"WHO",4,"2025/2026","Observed",149,260,238,360,NA,238,"Pacific Islands","Solomon Islands",0.61766522025625,1934.9,16.7649011318603,"Low","Below average - fewer cases than typical at this point",-0.725280296154053,"Low",16.8372297405004,"Below average - fewer cases than typical at this point","Solomon Islands"
"SLB",8,11,0.319290244512273,558.100000000001,0.585443866772303,2493,558.1,2493,0.745121353797113,0.107344146205931,2025,2025-11-01,14,"WHO",4,"2025/2026","Observed",163,274,238,360,NA,238,"Pacific Islands","Solomon Islands",0.585443866772303,2493,16.4103315411581,"Low","Below average - fewer cases than typical at this point",-0.715031681743953,"Low",16.8372297405004,"Below average - fewer cases than typical at this point","Solomon Islands"
"SLB",9,12,0.298560457660626,340,0.566884704740975,2833,340,2833,0.805241586241394,0.0601202324442819,2025,2025-12-01,16,"WHO",4,"2025/2026","Observed",179,290,238,360,NA,238,"Pacific Islands","Solomon Islands",0.566884704740975,2833,16.8372297405004,"Low","Below average - fewer cases than typical at this point",-0.705274638094075,"Low",16.8372297405004,"Below average - fewer cases than typical at this point","Solomon Islands"
"SLB",10,1,0.38497437113306,313,0.568338636356396,3145.99999999999,313,3146,0.886738284397408,0.0814966981560136,2026,2026-01-01,20,"WHO",4,"2025/2026","Observed",199,20,238,47,NA,238,"Pacific Islands","Solomon Islands",0.568338636356396,3145.99999999999,16.7836496567284,"Low","Below average - fewer cases than typical at this point",-0.706131821100993,"Low",5.90623086782802,"Below average - fewer cases than typical at this point","Solomon Islands"
"SLB",11,2,0.443539664900341,151.4,0.574141470653874,3297.4,151.4,3297.4,0.938593802700081,0.051855518302673,2026,2026-02-01,24,"WHO",4,"2025/2026","Observed",223,44,238,47,NA,238,"Pacific Islands","Solomon Islands",0.574141470653874,3297.4,17.1742032009503,"Low","Below average - fewer cases than typical at this point",-0.70641577721891,"Low",5.90623086782802,"Below average - fewer cases than typical at this point","Solomon Islands"
"SLB",12,3,0.658235182417325,112.1,0.589057675285265,3409.50000000001,112.1,3409.5,1,0.061406197299919,2026,2026-03-01,15,"Estimates",4,"2025/2026","Unobserved",238,59,238,47,14.6146749573807,238,"Pacific Islands","Solomon Islands",0.589057675285265,3409.50000000001,16.8767625679522,"Low","Below average - fewer cases than typical at this point",-0.713863895114033,"Low",5.90623086782802,"Below average - fewer cases than typical at this point","Solomon Islands"
"SLB",1,4,0.406394380800847,93.6,0.406394380800847,93.6,93.6,93.6,0.113713605979972,0.113713605979972,2026,2026-04-01,27,"Estimates",4,"2026/2027","Unobserved",27,86,NA,47,27.0638382232334,237,"Pacific Islands","Solomon Islands",0.406394380800847,93.6,46.0400289672377,"Normal","Average - typical case load at this point",-0.452617617414848,"Low",5.90623086782802,"Below average - fewer cases than typical at this point","Solomon Islands"
"SLB",2,5,0.362202453919243,63.4000000000001,0.466361499594968,157,63.4,157,0.163395303089957,0.0496816971099846,2026,2026-05-01,NA,NA,4,"2026/2027","Unobserved",27,86,NA,47,NA,237,"Pacific Islands","Solomon Islands",0.466361499594968,157,34.3251502368357,"Normal","Average - typical case load at this point",-0.564626132783395,"Low",5.90623086782802,"Below average - fewer cases than typical at this point","Solomon Islands"
"SLB",3,6,0.428082568806234,58.3000000000001,0.516055276569109,215.3,58.3,215.3,0.213055483950506,0.0496601808605491,2026,2026-06-01,NA,NA,4,"2026/2027","Unobserved",27,86,NA,47,NA,237,"Pacific Islands","Solomon Islands",0.516055276569109,215.3,27.2128709914745,"Normal","Average - typical case load at this point",-0.62753007048146,"Low",5.90623086782802,"Below average - fewer cases than typical at this point","Solomon Islands"
"SLB",4,7,0.405297520104043,68.2000000000001,0.549076580871755,283.5,68.2,283.5,0.259829844860614,0.0467743609101086,2026,2026-07-01,NA,NA,4,"2026/2027","Unobserved",27,86,NA,47,NA,237,"Pacific Islands","Solomon Islands",0.549076580871755,283.5,22.173218625828,"Low","Below average - fewer cases than typical at this point",-0.669777582026016,"Low",5.90623086782802,"Below average - fewer cases than typical at this point","Solomon Islands"
"SLB",5,8,0.296782303896142,585.8,0.611865585542867,869.300000000001,585.8,869.3,0.388340124633295,0.12851027977268,2026,2026-08-01,NA,NA,4,"2026/2027","Unobserved",27,86,NA,47,NA,237,"Pacific Islands","Solomon Islands",0.611865585542867,869.300000000001,9.99132871643452,"Low","Below average - fewer cases than typical at this point",-0.757656488810191,"Low",5.90623086782802,"Below average - fewer cases than typical at this point","Solomon Islands"
"SLB",6,9,0.3875707444834,380.999999999999,0.627083586392561,1250.3,381,1250.3,0.498534483595873,0.110194358962578,2026,2026-09-01,NA,NA,4,"2026/2027","Unobserved",27,86,NA,47,NA,237,"Pacific Islands","Solomon Islands",0.627083586392561,1250.3,7.60989202162446,"Low","Below average - fewer cases than typical at this point",-0.774591236433431,"Low",5.90623086782802,"Below average - fewer cases than typical at this point","Solomon Islands"
"SLB",7,10,0.32766446780879,684.600000000001,0.61766522025625,1934.9,684.6,1934.9,0.637777207591182,0.139242723995309,2026,2026-10-01,NA,NA,4,"2026/2027","Unobserved",27,86,NA,47,NA,237,"Pacific Islands","Solomon Islands",0.61766522025625,1934.9,6.01300002250195,"Low","Below average - fewer cases than typical at this point",-0.774826293203605,"Low",5.90623086782802,"Below average - fewer cases than typical at this point","Solomon Islands"
"SLB",8,11,0.319290244512273,558.100000000001,0.585443866772303,2493,558.1,2493,0.745121353797113,0.107344146205931,2026,2026-11-01,NA,NA,4,"2026/2027","Unobserved",27,86,NA,47,NA,237,"Pacific Islands","Solomon Islands",0.585443866772303,2493,5.87779776186175,"Low","Below average - fewer cases than typical at this point",-0.756767436558192,"Low",5.90623086782802,"Below average - fewer cases than typical at this point","Solomon Islands"
"SLB",9,12,0.298560457660626,340,0.566884704740975,2833,340,2833,0.805241586241394,0.0601202324442819,2026,2026-12-01,NA,NA,4,"2026/2027","Unobserved",27,86,NA,47,NA,237,"Pacific Islands","Solomon Islands",0.566884704740975,2833,5.90623086782802,"Low","Below average - fewer cases than typical at this point",-0.745667156929907,"Low",5.90623086782802,"Below average - fewer cases than typical at this point","Solomon Islands"
"SLV",12,1,1.95702892448805,1036.9375,1.5704851545701,19631.9375,1036.9375,19631.9375,1,0.0651374322588544,2025,2025-01-01,411,"PAHO",2,"2024/2025","Observed",411,411,411,6239,NA,411,"North & Central America","El Salvador",1.5704851545701,19631.9375,0.330001592363544,"Extremely Low","Rare good event - unusually low cases to date",-1.22690504193516,"Low",16.6460126596933,"Below average - fewer cases than typical at this point","El Salvador"
"SLV",1,2,2.30972545785511,824.812499999999,2.30972545785511,824.812499999999,824.8125,824.8125,0.0574284156592147,0.0574284156592147,2025,2025-02-01,358,"PAHO",2,"2025/2026","Observed",358,769,6153,6239,NA,6153,"North & Central America","El Salvador",2.30972545785511,824.812499999999,19.015678626401,"Low","Below average - fewer cases than typical at this point",-0.858934792617547,"Low",16.6460126596933,"Below average - fewer cases than typical at this point","El Salvador"
"SLV",2,3,2.30636563305986,987.874999999998,2.44412188373863,1812.6875,987.875,1812.6875,0.120425333291993,0.062996917632778,2025,2025-03-01,492,"PAHO",2,"2025/2026","Observed",850,1261,6153,6239,NA,6153,"North & Central America","El Salvador",2.44412188373863,1812.6875,20.4858736145599,"Low","Below average - fewer cases than typical at this point",-0.829719374296905,"Low",16.6460126596933,"Below average - fewer cases than typical at this point","El Salvador"
"SLV",3,4,2.63438702261917,915.187499999999,2.62627164932741,2727.875,915.1875,2727.875,0.180886441028782,0.0604611077367897,2025,2025-04-01,379,"PAHO",2,"2025/2026","Observed",1229,1640,6153,6239,NA,6153,"North & Central America","El Salvador",2.62627164932741,2727.875,17.8342100631242,"Low","Below average - fewer cases than typical at this point",-0.890024197818041,"Low",16.6460126596933,"Below average - fewer cases than typical at this point","El Salvador"
"SLV",4,5,2.07399146753647,1327.125,2.53309673743142,4055,1327.125,4055,0.261577887168614,0.0806914461398314,2025,2025-05-01,391,"PAHO",2,"2025/2026","Observed",1620,2031,6153,6239,NA,6153,"North & Central America","El Salvador",2.53309673743142,4055,14.8453470282555,"Low","Below average - fewer cases than typical at this point",-0.955428932527754,"Low",16.6460126596933,"Below average - fewer cases than typical at this point","El Salvador"
"SLV",5,6,1.50966112738915,1926.25,2.22555058897736,5981.25000000001,1926.25,5981.25,0.360160125264429,0.098582238095815,2025,2025-06-01,616,"PAHO",2,"2025/2026","Observed",2236,2647,6153,6239,NA,6153,"North & Central America","El Salvador",2.22555058897736,5981.25000000001,15.3300718783178,"Low","Below average - fewer cases than typical at this point",-0.933956846442286,"Low",16.6460126596933,"Below average - fewer cases than typical at this point","El Salvador"
"SLV",6,7,1.28617211920646,2429.6875,1.97973632185146,8410.93750000001,2429.6875,8410.9375,0.476528847932227,0.116368722667798,2025,2025-07-01,732,"PAHO",2,"2025/2026","Observed",2968,3379,6153,6239,NA,6153,"North & Central America","El Salvador",1.97973632185146,8410.93750000001,15.975602947576,"Low","Below average - fewer cases than typical at this point",-0.910419417509009,"Low",16.6460126596933,"Below average - fewer cases than typical at this point","El Salvador"
"SLV",7,8,0.889629682169646,3139.125,1.62829343847218,11550.0625,3139.125,11550.0625,0.602983787600194,0.126454939667967,2025,2025-08-01,690,"PAHO",2,"2025/2026","Observed",3658,4069,6153,6239,NA,6153,"North & Central America","El Salvador",1.62829343847218,11550.0625,17.0760406970718,"Low","Below average - fewer cases than typical at this point",-0.871850272067187,"Low",16.6460126596933,"Below average - fewer cases than typical at this point","El Salvador"
"SLV",8,9,1.01490927710245,2628.5625,1.52760828991535,14178.625,2628.5625,14178.625,0.71849866714481,0.115514879544616,2025,2025-09-01,811,"PAHO",2,"2025/2026","Observed",4469,4880,6153,6239,NA,6153,"North & Central America","El Salvador",1.52760828991535,14178.625,18.2043506485801,"Low","Below average - fewer cases than typical at this point",-0.846351853869665,"Low",16.6460126596933,"Below average - fewer cases than typical at this point","El Salvador"
"SLV",9,10,1.31003345484024,2078.5,1.51427154588084,16257.125,2078.5,16257.125,0.818874345389383,0.100375678244573,2025,2025-10-01,458,"PAHO",2,"2025/2026","Observed",4927,5338,6153,6239,NA,6153,"North & Central America","El Salvador",1.51427154588084,16257.125,17.4985789811976,"Low","Below average - fewer cases than typical at this point",-0.857575987076819,"Low",16.6460126596933,"Below average - fewer cases than typical at this point","El Salvador"
"SLV",10,11,1.13972999025959,1524.25,1.50003950806896,17781.375,1524.25,17781.375,0.890954774721057,0.0720804293316743,2025,2025-11-01,298,"PAHO",2,"2025/2026","Observed",5225,5636,6153,6239,NA,6153,"North & Central America","El Salvador",1.50003950806896,17781.375,17.0156643793201,"Low","Below average - fewer cases than typical at this point",-0.864832431603627,"Low",16.6460126596933,"Below average - fewer cases than typical at this point","El Salvador"
"SLV",11,12,1.35228606808514,813.625,1.51605458908745,18595,813.625,18595,0.934862567741146,0.0439077930200885,2025,2025-12-01,197,"PAHO",2,"2025/2026","Observed",5422,5833,6153,6239,NA,6153,"North & Central America","El Salvador",1.51605458908745,18595,16.6460126596933,"Low","Below average - fewer cases than typical at this point",-0.872224387571232,"Low",16.6460126596933,"Below average - fewer cases than typical at this point","El Salvador"
"SLV",12,1,1.95702892448805,1036.9375,1.5704851545701,19631.9375,1036.9375,19631.9375,1,0.0651374322588544,2026,2026-01-01,731,"PAHO",2,"2025/2026","Observed",6153,731,6153,10869,NA,6153,"North & Central America","El Salvador",1.5704851545701,19631.9375,17.5346399313833,"Low","Below average - fewer cases than typical at this point",-0.860383442726397,"Extremely Low",2.15935908234629,"Rare good event - unusually low cases to date","El Salvador"
"SLV",1,2,2.30972545785511,824.812499999999,2.30972545785511,824.812499999999,824.8125,824.8125,0.0574284156592147,0.0574284156592147,2026,2026-02-01,371,"PAHO",2,"2026/2027","Observed",371,1102,6827,10869,NA,6827,"North & Central America","El Salvador",2.30972545785511,824.812499999999,20.1632142949774,"Low","Below average - fewer cases than typical at this point",-0.835014798392825,"Extremely Low",2.15935908234629,"Rare good event - unusually low cases to date","El Salvador"
"SLV",2,3,2.30636563305986,987.874999999998,2.44412188373863,1812.6875,987.875,1812.6875,0.120425333291993,0.062996917632778,2026,2026-03-01,463,"PAHO",2,"2026/2027","Observed",834,1565,6827,10869,NA,6827,"North & Central America","El Salvador",2.44412188373863,1812.6875,19.8351053927619,"Low","Below average - fewer cases than typical at this point",-0.843509425573929,"Extremely Low",2.15935908234629,"Rare good event - unusually low cases to date","El Salvador"
"SLV",3,4,2.63438702261917,915.187499999999,2.62627164932741,2727.875,915.1875,2727.875,0.180886441028782,0.0604611077367897,2026,2026-04-01,401,"PAHO",2,"2026/2027","Observed",1235,1966,6827,10869,NA,6827,"North & Central America","El Salvador",2.62627164932741,2727.875,17.9938757010604,"Low","Below average - fewer cases than typical at this point",-0.886461428950118,"Extremely Low",2.15935908234629,"Rare good event - unusually low cases to date","El Salvador"
"SLV",4,5,2.07399146753647,1327.125,2.53309673743142,4055,1327.125,4055,0.261577887168614,0.0806914461398314,2026,2026-05-01,NA,NA,2,"2026/2027","Unobserved",1235,1966,6827,10869,NA,6827,"North & Central America","El Salvador",2.53309673743142,4055,8.78717207164301,"Low","Below average - fewer cases than typical at this point",-1.10649264465227,"Extremely Low",2.15935908234629,"Rare good event - unusually low cases to date","El Salvador"
"SLV",5,6,1.50966112738915,1926.25,2.22555058897736,5981.25000000001,1926.25,5981.25,0.360160125264429,0.098582238095815,2026,2026-06-01,NA,NA,2,"2026/2027","Unobserved",1235,1966,6827,10869,NA,6827,"North & Central America","El Salvador",2.22555058897736,5981.25000000001,5.22881518911208,"Low","Below average - fewer cases than typical at this point",-1.18357724649268,"Extremely Low",2.15935908234629,"Rare good event - unusually low cases to date","El Salvador"
"SLV",6,7,1.28617211920646,2429.6875,1.97973632185146,8410.93750000001,2429.6875,8410.9375,0.476528847932227,0.116368722667798,2026,2026-07-01,NA,NA,2,"2026/2027","Unobserved",1235,1966,6827,10869,NA,6827,"North & Central America","El Salvador",1.97973632185146,8410.93750000001,3.65425091010028,"Extremely Low","Rare good event - unusually low cases to date",-1.20029172461213,"Extremely Low",2.15935908234629,"Rare good event - unusually low cases to date","El Salvador"
"SLV",7,8,0.889629682169646,3139.125,1.62829343847218,11550.0625,3139.125,11550.0625,0.602983787600194,0.126454939667967,2026,2026-08-01,NA,NA,2,"2026/2027","Unobserved",1235,1966,6827,10869,NA,6827,"North & Central America","El Salvador",1.62829343847218,11550.0625,3.57713305892926,"Extremely Low","Rare good event - unusually low cases to date",-1.1395234195136,"Extremely Low",2.15935908234629,"Rare good event - unusually low cases to date","El Salvador"
"SLV",8,9,1.01490927710245,2628.5625,1.52760828991535,14178.625,2628.5625,14178.625,0.71849866714481,0.115514879544616,2026,2026-09-01,NA,NA,2,"2026/2027","Unobserved",1235,1966,6827,10869,NA,6827,"North & Central America","El Salvador",1.52760828991535,14178.625,3.13099366930787,"Extremely Low","Rare good event - unusually low cases to date",-1.12824759087439,"Extremely Low",2.15935908234629,"Rare good event - unusually low cases to date","El Salvador"
"SLV",9,10,1.31003345484024,2078.5,1.51427154588084,16257.125,2078.5,16257.125,0.818874345389383,0.100375678244573,2026,2026-10-01,NA,NA,2,"2026/2027","Unobserved",1235,1966,6827,10869,NA,6827,"North & Central America","El Salvador",1.51427154588084,16257.125,2.63353098529949,"Extremely Low","Rare good event - unusually low cases to date",-1.13702308446432,"Extremely Low",2.15935908234629,"Rare good event - unusually low cases to date","El Salvador"
"SLV",10,11,1.13972999025959,1524.25,1.50003950806896,17781.375,1524.25,17781.375,0.890954774721057,0.0720804293316743,2026,2026-11-01,NA,NA,2,"2026/2027","Unobserved",1235,1966,6827,10869,NA,6827,"North & Central America","El Salvador",1.50003950806896,17781.375,2.38033800417538,"Extremely Low","Rare good event - unusually low cases to date",-1.13964752768816,"Extremely Low",2.15935908234629,"Rare good event - unusually low cases to date","El Salvador"
"SLV",11,12,1.35228606808514,813.625,1.51605458908745,18595,813.625,18595,0.934862567741146,0.0439077930200885,2026,2026-12-01,NA,NA,2,"2026/2027","Unobserved",1235,1966,6827,10869,NA,6827,"North & Central America","El Salvador",1.51605458908745,18595,2.15935908234629,"Extremely Low","Rare good event - unusually low cases to date",-1.14945838975454,"Extremely Low",2.15935908234629,"Rare good event - unusually low cases to date","El Salvador"
"SUR",10,1,0.985962919830211,50.2727272727273,1.20287931772091,242.818181818182,50.2727272727273,242.818181818182,0.680170943773103,0.205272161697281,2025,2025-01-01,75,"PAHO",4,"2024/2025","Observed",75,75,526,2765,NA,526,"South America","Suriname",1.20287931772091,242.818181818182,22.88272938828,"Low","Below average - fewer cases than typical at this point",-0.756128805517648,"Extremely High",95.5702642030427,"Rare bad event - unusually high cases to date","Suriname"
"SUR",11,2,0.689295063589029,74.9999999999999,1.39492250959987,317.818181818182,75,317.818181818182,0.887087773631701,0.206916829858598,2025,2025-02-01,162,"PAHO",4,"2024/2025","Observed",237,237,526,2765,NA,526,"South America","Suriname",1.39492250959987,317.818181818182,48.5553322866374,"Normal","Average - typical case load at this point",-0.299677675794595,"Extremely High",95.5702642030427,"Rare bad event - unusually high cases to date","Suriname"
"SUR",12,3,0.457241296465859,48.8181818181818,1.36662274378095,366.636363636364,48.8181818181818,366.636363636364,1,0.112912226368299,2025,2025-03-01,289,"PAHO",4,"2024/2025","Observed",526,526,526,2765,NA,526,"South America","Suriname",1.36662274378095,366.636363636364,76.7123624537675,"High","Above average - more cases than typical at this point",0.507189335323816,"Extremely High",95.5702642030427,"Rare bad event - unusually high cases to date","Suriname"
"SUR",1,4,0.333372422562774,25.5454545454546,0.333372422562774,25.5454545454546,25.5454545454545,25.5454545454545,0.065245704425153,0.065245704425153,2025,2025-04-01,98,"PAHO",4,"2025/2026","Observed",98,624,1154,2765,NA,1154,"South America","Suriname",0.333372422562774,25.5454545454546,93.5153051245409,"High","Above average - more cases than typical at this point",1.62705172992451,"Extremely High",95.5702642030427,"Rare bad event - unusually high cases to date","Suriname"
"SUR",2,5,0.359600439639485,29.1818181818182,0.35157986883542,54.7272727272727,29.1818181818182,54.7272727272727,0.119857641017337,0.0546119365921844,2025,2025-05-01,204,"PAHO",4,"2025/2026","Observed",302,828,1154,2765,NA,1154,"South America","Suriname",0.35157986883542,54.7272727272727,97.0422609454886,"Extremely High","Rare bad event - unusually high cases to date",2.67050793959556,"Extremely High",95.5702642030427,"Rare bad event - unusually high cases to date","Suriname"
"SUR",3,6,0.392063355436553,18.5454545454545,0.363263617831655,73.2727272727272,18.5454545454545,73.2727272727273,0.163677463296584,0.043819822279247,2025,2025-06-01,119,"PAHO",4,"2025/2026","Observed",421,947,1154,2765,NA,1154,"South America","Suriname",0.363263617831655,73.2727272727272,97.420547520646,"Extremely High","Rare bad event - unusually high cases to date",2.85320817889795,"Extremely High",95.5702642030427,"Rare bad event - unusually high cases to date","Suriname"
"SUR",4,7,0.335929046954333,25.3636363636364,0.35404309436265,98.6363636363636,25.3636363636364,98.6363636363636,0.222663518945652,0.0589860556490675,2025,2025-07-01,115,"PAHO",4,"2025/2026","Observed",536,1062,1154,2765,NA,1154,"South America","Suriname",0.35404309436265,98.6363636363636,96.9556363714219,"Extremely High","Rare bad event - unusually high cases to date",2.63363542232342,"Extremely High",95.5702642030427,"Rare bad event - unusually high cases to date","Suriname"
"SUR",5,8,0.350917433181316,26.7272727272727,0.34883981681981,125.363636363636,26.7272727272727,125.363636363636,0.279363605487931,0.056700086542279,2025,2025-08-01,133,"PAHO",4,"2025/2026","Observed",669,1195,1154,2765,NA,1154,"South America","Suriname",0.34883981681981,125.363636363636,96.7755675702425,"Extremely High","Rare bad event - unusually high cases to date",2.55768197461957,"Extremely High",95.5702642030427,"Rare bad event - unusually high cases to date","Suriname"
"SUR",6,9,0.407704316249238,17.6363636363636,0.349008662975459,143,17.6363636363636,143,0.319680047626914,0.0403164421389834,2025,2025-09-01,67,"PAHO",4,"2025/2026","Observed",736,1262,1154,2765,NA,1154,"South America","Suriname",0.349008662975459,143,96.4967087507197,"Extremely High","Rare bad event - unusually high cases to date",2.44685047720909,"Extremely High",95.5702642030427,"Rare bad event - unusually high cases to date","Suriname"
"SUR",7,10,0.574640543800045,21.8181818181818,0.463881349359558,164.818181818182,21.8181818181818,164.818181818182,0.396808674607898,0.077128626980984,2025,2025-10-01,19,"PAHO",4,"2025/2026","Observed",755,1281,1154,2765,NA,1154,"South America","Suriname",0.463881349359558,164.818181818182,96.4890940261099,"Extremely High","Rare bad event - unusually high cases to date",2.43541995250421,"Extremely High",95.5702642030427,"Rare bad event - unusually high cases to date","Suriname"
"SUR",8,11,0.646204140243466,11.2727272727273,0.474398184697182,176.090909090909,11.2727272727273,176.090909090909,0.428122146992343,0.0313134723844449,2025,2025-11-01,20,"PAHO",4,"2025/2026","Observed",775,1301,1154,2765,NA,1154,"South America","Suriname",0.474398184697182,176.090909090909,96.2064542454592,"Extremely High","Rare bad event - unusually high cases to date",2.33943648938341,"Extremely High",95.5702642030427,"Rare bad event - unusually high cases to date","Suriname"
"SUR",9,12,0.422454608425042,16.4545454545454,0.486815474185354,192.545454545455,16.4545454545455,192.545454545455,0.474898782075823,0.0467766350834794,2025,2025-12-01,12,"PAHO",4,"2025/2026","Observed",787,1313,1154,2765,NA,1154,"South America","Suriname",0.486815474185354,192.545454545455,95.5702642030427,"Extremely High","Rare bad event - unusually high cases to date",2.15139049321806,"Extremely High",95.5702642030427,"Rare bad event - unusually high cases to date","Suriname"
"SUR",10,1,0.985962919830211,50.2727272727273,1.20287931772091,242.818181818182,50.2727272727273,242.818181818182,0.680170943773103,0.205272161697281,2026,2026-01-01,102,"PAHO",4,"2025/2026","Observed",889,102,1154,7541,NA,1154,"South America","Suriname",1.20287931772091,242.818181818182,98.1176067343388,"Extremely High","Rare bad event - unusually high cases to date",2.91146454475593,"Normal",58.4559385032567,"Average - typical case load at this point","Suriname"
"SUR",11,2,0.689295063589029,74.9999999999999,1.39492250959987,317.818181818182,75,317.818181818182,0.887087773631701,0.206916829858598,2026,2026-02-01,149,"PAHO",4,"2025/2026","Observed",1038,251,1154,7541,NA,1154,"South America","Suriname",1.39492250959987,317.818181818182,97.6677123424634,"Extremely High","Rare bad event - unusually high cases to date",2.67046855753067,"Normal",58.4559385032567,"Average - typical case load at this point","Suriname"
"SUR",12,3,0.457241296465859,48.8181818181818,1.36662274378095,366.636363636364,48.8181818181818,366.636363636364,1,0.112912226368299,2026,2026-03-01,116,"PAHO",4,"2025/2026","Observed",1154,367,1154,7541,NA,1154,"South America","Suriname",1.36662274378095,366.636363636364,97.1934837248781,"Extremely High","Rare bad event - unusually high cases to date",2.50585672175675,"Normal",58.4559385032567,"Average - typical case load at this point","Suriname"
"SUR",1,4,0.333372422562774,25.5454545454546,0.333372422562774,25.5454545454546,25.5454545454545,25.5454545454545,0.065245704425153,0.065245704425153,2026,2026-04-01,125,"PAHO",4,"2026/2027","Observed",125,492,1916,7541,NA,1916,"South America","Suriname",0.333372422562774,25.5454545454546,95.9231498320412,"Extremely High","Rare bad event - unusually high cases to date",2.23336837206702,"Normal",58.4559385032567,"Average - typical case load at this point","Suriname"
"SUR",2,5,0.359600439639485,29.1818181818182,0.35157986883542,54.7272727272727,29.1818181818182,54.7272727272727,0.119857641017337,0.0546119365921844,2026,2026-05-01,NA,NA,4,"2026/2027","Unobserved",125,492,1916,7541,NA,1916,"South America","Suriname",0.35157986883542,54.7272727272727,86.4318137399568,"High","Above average - more cases than typical at this point",0.75893479312771,"Normal",58.4559385032567,"Average - typical case load at this point","Suriname"
"SUR",3,6,0.392063355436553,18.5454545454545,0.363263617831655,73.2727272727272,18.5454545454545,73.2727272727273,0.163677463296584,0.043819822279247,2026,2026-06-01,NA,NA,4,"2026/2027","Unobserved",125,492,1916,7541,NA,1916,"South America","Suriname",0.363263617831655,73.2727272727272,81.3297574430555,"High","Above average - more cases than typical at this point",0.424438027135408,"Normal",58.4559385032567,"Average - typical case load at this point","Suriname"
"SUR",4,7,0.335929046954333,25.3636363636364,0.35404309436265,98.6363636363636,25.3636363636364,98.6363636363636,0.222663518945652,0.0589860556490675,2026,2026-07-01,NA,NA,4,"2026/2027","Unobserved",125,492,1916,7541,NA,1916,"South America","Suriname",0.35404309436265,98.6363636363636,75.8388139259317,"High","Above average - more cases than typical at this point",0.15875166752729,"Normal",58.4559385032567,"Average - typical case load at this point","Suriname"
"SUR",5,8,0.350917433181316,26.7272727272727,0.34883981681981,125.363636363636,26.7272727272727,125.363636363636,0.279363605487931,0.056700086542279,2026,2026-08-01,NA,NA,4,"2026/2027","Unobserved",125,492,1916,7541,NA,1916,"South America","Suriname",0.34883981681981,125.363636363636,71.3626194500499,"Normal","Average - typical case load at this point",-0.0017108240632912,"Normal",58.4559385032567,"Average - typical case load at this point","Suriname"
"SUR",6,9,0.407704316249238,17.6363636363636,0.349008662975459,143,17.6363636363636,143,0.319680047626914,0.0403164421389834,2026,2026-09-01,NA,NA,4,"2026/2027","Unobserved",125,492,1916,7541,NA,1916,"South America","Suriname",0.349008662975459,143,68.8460265037343,"Normal","Average - typical case load at this point",-0.0742720212306298,"Normal",58.4559385032567,"Average - typical case load at this point","Suriname"
"SUR",7,10,0.574640543800045,21.8181818181818,0.463881349359558,164.818181818182,21.8181818181818,164.818181818182,0.396808674607898,0.077128626980984,2026,2026-10-01,NA,NA,4,"2026/2027","Unobserved",125,492,1916,7541,NA,1916,"South America","Suriname",0.463881349359558,164.818181818182,62.6448302315937,"Normal","Average - typical case load at this point",-0.164312067035866,"Normal",58.4559385032567,"Average - typical case load at this point","Suriname"
"SUR",8,11,0.646204140243466,11.2727272727273,0.474398184697182,176.090909090909,11.2727272727273,176.090909090909,0.428122146992343,0.0313134723844449,2026,2026-11-01,NA,NA,4,"2026/2027","Unobserved",125,492,1916,7541,NA,1916,"South America","Suriname",0.474398184697182,176.090909090909,60.8540218109906,"Normal","Average - typical case load at this point",-0.199569415153837,"Normal",58.4559385032567,"Average - typical case load at this point","Suriname"
"SUR",9,12,0.422454608425042,16.4545454545454,0.486815474185354,192.545454545455,16.4545454545455,192.545454545455,0.474898782075823,0.0467766350834794,2026,2026-12-01,NA,NA,4,"2026/2027","Unobserved",125,492,1916,7541,NA,1916,"South America","Suriname",0.486815474185354,192.545454545455,58.4559385032567,"Normal","Average - typical case load at this point",-0.244453759972628,"Normal",58.4559385032567,"Average - typical case load at this point","Suriname"
"SXM",10,1,0.437434376633685,10.75,4.70882506055288,143.75,10.75,143.75,0.928616305569431,0.108052104145854,2025,2025-01-01,0,"WHO",4,"2024/2025","Observed",0,0,0,66,NA,0,"Caribbean","Sint Maarten",4.70882506055288,143.75,8.76828511640414e-06,"Extremely Low","Rare good event - unusually low cases to date",-2.13529161756378,"Extremely Low",0.518656722068694,"Rare good event - unusually low cases to date","Sint Maarten"
"SXM",11,2,0.432200024224639,4.5,6.04888440524991,148.25,4.5,148.25,0.975297163773726,0.0466808582042957,2025,2025-02-01,0,"WHO",4,"2024/2025","Observed",0,0,0,66,NA,0,"Caribbean","Sint Maarten",6.04888440524991,148.25,3.09820330362891e-07,"Extremely Low","Rare good event - unusually low cases to date",-2.41075791085137,"Extremely Low",0.518656722068694,"Rare good event - unusually low cases to date","Sint Maarten"
"SXM",12,3,0.748936732299839,2.5,6.73424809239004,150.75,2.5,150.75,1,0.0247028362262737,2025,2025-03-01,0,"WHO",4,"2024/2025","Observed",0,0,0,66,NA,0,"Caribbean","Sint Maarten",6.73424809239004,150.75,6.04177405231317e-08,"Extremely Low","Rare good event - unusually low cases to date",-2.53895296651037,"Extremely Low",0.518656722068694,"Rare good event - unusually low cases to date","Sint Maarten"
"SXM",1,4,5.88053187245633,3.25,5.88053187245633,3.25,3.25,3.25,0.0192527242530699,0.0192527242530699,2025,2025-04-01,0,"WHO",4,"2025/2026","Observed",0,0,66,66,NA,20,"Caribbean","Sint Maarten",5.88053187245633,3.25,7.52230770411737,"Low","Below average - fewer cases than typical at this point",-1.44677816656919,"Extremely Low",0.518656722068694,"Rare good event - unusually low cases to date","Sint Maarten"
"SXM",2,5,3.06033375721253,4.5,2.709053246581,7.75000000000001,4.5,7.75,0.0458599147672018,0.0266071905141319,2025,2025-05-01,6,"PAHO",4,"2025/2026","Observed",6,6,66,66,NA,20,"Caribbean","Sint Maarten",2.709053246581,7.75000000000001,48.7916140182557,"Normal","Average - typical case load at this point",-0.31992618043408,"Extremely Low",0.518656722068694,"Rare good event - unusually low cases to date","Sint Maarten"
"SXM",3,6,3.22169343340707,4.75,2.34787352880516,12.5,4.75,12.5,0.0737512193973062,0.0278913046301044,2025,2025-06-01,0,"WHO",4,"2025/2026","Observed",6,6,66,66,NA,20,"Caribbean","Sint Maarten",2.34787352880516,12.5,28.0256675625786,"Normal","Average - typical case load at this point",-0.731077755788663,"Extremely Low",0.518656722068694,"Rare good event - unusually low cases to date","Sint Maarten"
"SXM",4,7,3.26435034858936,8,2.30321949217188,20.5,8,20.5,0.122131075161012,0.0483798557637053,2025,2025-07-01,2,"PAHO",4,"2025/2026","Observed",8,8,66,66,NA,20,"Caribbean","Sint Maarten",2.30321949217188,20.5,19.7678926129597,"Low","Below average - fewer cases than typical at this point",-0.877410166732241,"Extremely Low",0.518656722068694,"Rare good event - unusually low cases to date","Sint Maarten"
"SXM",5,8,2.94005707225544,20,2.41277875723517,40.5,20,40.5,0.247252332844147,0.125121257683135,2025,2025-08-01,0,"Estimates",4,"2025/2026","Unobserved",8,8,66,66,0,20,"Caribbean","Sint Maarten",2.41277875723517,40.5,5.54490797045252,"Low","Below average - fewer cases than typical at this point",-1.21093625179562,"Extremely Low",0.518656722068694,"Rare good event - unusually low cases to date","Sint Maarten"
"SXM",6,9,3.23856732668797,15.5,2.45287823460718,56,15.5,56,0.34406643550034,0.0968141026561934,2025,2025-09-01,0,"Estimates",4,"2025/2026","Unobserved",8,8,66,66,0,20,"Caribbean","Sint Maarten",2.45287823460718,56,2.75293234694559,"Extremely Low","Rare good event - unusually low cases to date",-1.31396037445561,"Extremely Low",0.518656722068694,"Rare good event - unusually low cases to date","Sint Maarten"
"SXM",7,10,2.3827543203153,22.25,2.3391455111534,78.2499999999999,22.25,78.25,0.4790559965477,0.13498956104736,2025,2025-10-01,0,"Estimates",4,"2025/2026","Unobserved",8,8,66,66,0,20,"Caribbean","Sint Maarten",2.3391455111534,78.2499999999999,1.54863428321761,"Extremely Low","Rare good event - unusually low cases to date",-1.35298972790772,"Extremely Low",0.518656722068694,"Rare good event - unusually low cases to date","Sint Maarten"
"SXM",8,11,2.5323711592327,35.25,2.33371307007158,113.5,35.25,113.5,0.698859207371721,0.219803210824021,2025,2025-11-01,0,"Estimates",4,"2025/2026","Unobserved",8,8,66,66,0,20,"Caribbean","Sint Maarten",2.33371307007158,113.5,0.702821861194806,"Extremely Low","Rare good event - unusually low cases to date",-1.40559683034558,"Extremely Low",0.518656722068694,"Rare good event - unusually low cases to date","Sint Maarten"
"SXM",9,12,2.59709288187835,19.5,2.30982408063802,133,19.5,133,0.820564201423576,0.121704994051855,2025,2025-12-01,0,"Estimates",4,"2025/2026","Unobserved",8,8,66,66,0,20,"Caribbean","Sint Maarten",2.30982408063802,133,0.518656722068694,"Extremely Low","Rare good event - unusually low cases to date",-1.41614909831339,"Extremely Low",0.518656722068694,"Rare good event - unusually low cases to date","Sint Maarten"
"SXM",10,1,0.437434376633685,10.75,4.70882506055288,143.75,10.75,143.75,0.928616305569431,0.108052104145854,2026,2026-01-01,7,"Estimates",4,"2025/2026","Unobserved",15,7,66,NA,7.13143887362637,20,"Caribbean","Sint Maarten",4.70882506055288,143.75,0.0620890210928989,"Extremely Low","Rare good event - unusually low cases to date",-1.9124785792093,"Extremely Low",0.0270027234102604,"Rare good event - unusually low cases to date","Sint Maarten"
"SXM",11,2,0.432200024224639,4.5,6.04888440524991,148.25,4.5,148.25,0.975297163773726,0.0466808582042957,2026,2026-02-01,3,"Estimates",4,"2025/2026","Unobserved",18,10,66,NA,3.08093664148352,20,"Caribbean","Sint Maarten",6.04888440524991,148.25,0.0241234388200484,"Extremely Low","Rare good event - unusually low cases to date",-2.11805205995542,"Extremely Low",0.0270027234102604,"Rare good event - unusually low cases to date","Sint Maarten"
"SXM",12,3,0.748936732299839,2.5,6.73424809239004,150.75,2.5,150.75,1,0.0247028362262737,2026,2026-03-01,2,"Estimates",4,"2025/2026","Unobserved",20,12,66,NA,1.63038719093407,20,"Caribbean","Sint Maarten",6.73424809239004,150.75,0.017816422931579,"Extremely Low","Rare good event - unusually low cases to date",-2.20211011854879,"Extremely Low",0.0270027234102604,"Rare good event - unusually low cases to date","Sint Maarten"
"SXM",1,4,5.88053187245633,3.25,5.88053187245633,3.25,3.25,3.25,0.0192527242530699,0.0192527242530699,2026,2026-04-01,1,"Estimates",4,"2026/2027","Unobserved",1,13,NA,NA,1.27067980070262,52,"Caribbean","Sint Maarten",5.88053187245633,3.25,23.2677544300925,"Low","Below average - fewer cases than typical at this point",-1.00161565377867,"Extremely Low",0.0270027234102604,"Rare good event - unusually low cases to date","Sint Maarten"
"SXM",2,5,3.06033375721253,4.5,2.709053246581,7.75000000000001,4.5,7.75,0.0458599147672018,0.0266071905141319,2026,2026-05-01,NA,NA,4,"2026/2027","Unobserved",1,13,NA,NA,NA,52,"Caribbean","Sint Maarten",2.709053246581,7.75000000000001,7.74199932525491,"Low","Below average - fewer cases than typical at this point",-1.23400098167431,"Extremely Low",0.0270027234102604,"Rare good event - unusually low cases to date","Sint Maarten"
"SXM",3,6,3.22169343340707,4.75,2.34787352880516,12.5,4.75,12.5,0.0737512193973062,0.0278913046301044,2026,2026-06-01,NA,NA,4,"2026/2027","Unobserved",1,13,NA,NA,NA,52,"Caribbean","Sint Maarten",2.34787352880516,12.5,3.91831543948248,"Extremely Low","Rare good event - unusually low cases to date",-1.29344526024148,"Extremely Low",0.0270027234102604,"Rare good event - unusually low cases to date","Sint Maarten"
"SXM",4,7,3.26435034858936,8,2.30321949217188,20.5,8,20.5,0.122131075161012,0.0483798557637053,2026,2026-07-01,NA,NA,4,"2026/2027","Unobserved",1,13,NA,NA,NA,52,"Caribbean","Sint Maarten",2.30321949217188,20.5,1.56313195127121,"Extremely Low","Rare good event - unusually low cases to date",-1.3687598601023,"Extremely Low",0.0270027234102604,"Rare good event - unusually low cases to date","Sint Maarten"
"SXM",5,8,2.94005707225544,20,2.41277875723517,40.5,20,40.5,0.247252332844147,0.125121257683135,2026,2026-08-01,NA,NA,4,"2026/2027","Unobserved",1,13,NA,NA,NA,52,"Caribbean","Sint Maarten",2.41277875723517,40.5,0.315756328554176,"Extremely Low","Rare good event - unusually low cases to date",-1.4717532906439,"Extremely Low",0.0270027234102604,"Rare good event - unusually low cases to date","Sint Maarten"
"SXM",6,9,3.23856732668797,15.5,2.45287823460718,56,15.5,56,0.34406643550034,0.0968141026561934,2026,2026-09-01,NA,NA,4,"2026/2027","Unobserved",1,13,NA,NA,NA,52,"Caribbean","Sint Maarten",2.45287823460718,56,0.140315608658021,"Extremely Low","Rare good event - unusually low cases to date",-1.50557959573038,"Extremely Low",0.0270027234102604,"Rare good event - unusually low cases to date","Sint Maarten"
"SXM",7,10,2.3827543203153,22.25,2.3391455111534,78.2499999999999,22.25,78.25,0.4790559965477,0.13498956104736,2026,2026-10-01,NA,NA,4,"2026/2027","Unobserved",1,13,NA,NA,NA,52,"Caribbean","Sint Maarten",2.3391455111534,78.2499999999999,0.082972494503521,"Extremely Low","Rare good event - unusually low cases to date",-1.48780720969212,"Extremely Low",0.0270027234102604,"Rare good event - unusually low cases to date","Sint Maarten"
"SXM",8,11,2.5323711592327,35.25,2.33371307007158,113.5,35.25,113.5,0.698859207371721,0.219803210824021,2026,2026-11-01,NA,NA,4,"2026/2027","Unobserved",1,13,NA,NA,NA,52,"Caribbean","Sint Maarten",2.33371307007158,113.5,0.036247493064995,"Extremely Low","Rare good event - unusually low cases to date",-1.49885917927846,"Extremely Low",0.0270027234102604,"Rare good event - unusually low cases to date","Sint Maarten"
"SXM",9,12,2.59709288187835,19.5,2.30982408063802,133,19.5,133,0.820564201423576,0.121704994051855,2026,2026-12-01,NA,NA,4,"2026/2027","Unobserved",1,13,NA,NA,NA,52,"Caribbean","Sint Maarten",2.30982408063802,133,0.0270027234102604,"Extremely Low","Rare good event - unusually low cases to date",-1.49545344781894,"Extremely Low",0.0270027234102604,"Rare good event - unusually low cases to date","Sint Maarten"
"SYC",8,1,NA,NA,2.6237778847827,2159.2,364.8,2159.2,0.572606355608006,0.111867861458139,2025,2025-01-01,1,"WHO",6,"2024/2025","Observed",1,1,12,228,NA,12,"Sub-Saharan Africa","Seychelles",2.6237778847827,2159.2,8.0932621777915e-06,"Extremely Low","Rare good event - unusually low cases to date",-1.61807497563301,"Extremely Low",3.06558776122448,"Rare good event - unusually low cases to date","Seychelles"
"SYC",9,2,NA,NA,5.53458641321937,2590.2,431,2590.2,0.709691671274825,0.137085315666819,2025,2025-02-01,0,"WHO",6,"2024/2025","Observed",1,1,12,228,NA,12,"Sub-Saharan Africa","Seychelles",5.53458641321937,2590.2,1.07296024087292e-12,"Extremely Low","Rare good event - unusually low cases to date",-2.34915348670021,"Extremely Low",3.06558776122448,"Rare good event - unusually low cases to date","Seychelles"
"SYC",10,3,NA,NA,9.29363715384113,2980.6,390.4,2980.6,0.833359795764554,0.12366812448973,2025,2025-03-01,0,"WHO",6,"2024/2025","Observed",1,1,12,228,NA,12,"Sub-Saharan Africa","Seychelles",9.29363715384113,2980.6,5.10307259261438e-21,"Extremely Low","Rare good event - unusually low cases to date",-3.04278385937444,"Extremely Low",3.06558776122448,"Rare good event - unusually low cases to date","Seychelles"
"SYC",11,4,NA,NA,11.379801898851,3251.39999999999,270.8,3251.4,0.915134951423226,0.0817751556586712,2025,2025-04-01,10,"WHO",6,"2024/2025","Observed",11,11,12,228,NA,12,"Sub-Saharan Africa","Seychelles",11.379801898851,3251.39999999999,9.4873910926667e-21,"Extremely Low","Rare good event - unusually low cases to date",-3.35611544272699,"Extremely Low",3.06558776122448,"Rare good event - unusually low cases to date","Seychelles"
"SYC",12,5,NA,NA,11.5047323504482,3555.2,303.8,3555.2,1,0.0848650485767744,2025,2025-05-01,1,"WHO",6,"2024/2025","Observed",12,12,12,228,NA,12,"Sub-Saharan Africa","Seychelles",11.5047323504482,3555.2,4.04512256156614e-21,"Extremely Low","Rare good event - unusually low cases to date",-3.37495766466117,"Extremely Low",3.06558776122448,"Rare good event - unusually low cases to date","Seychelles"
"SYC",1,6,1.1370914968951,210.4,1.1370914968951,210.4,210.4,210.4,0.0537369591951678,0.0537369591951678,2025,2025-06-01,1,"Estimates",6,"2025/2026","Unobserved",1,13,354,228,0.644843510342014,355,"Sub-Saharan Africa","Seychelles",1.1370914968951,210.4,0.5595597283823,"Extremely Low","Rare good event - unusually low cases to date",-1.05842052018721,"Extremely Low",3.06558776122448,"Rare good event - unusually low cases to date","Seychelles"
"SYC",2,7,1.26685583923531,155.8,1.19237769356695,366.2,155.8,366.2,0.0928298844761974,0.0390929252810295,2025,2025-07-01,0,"WHO",6,"2025/2026","Observed",1,13,354,228,NA,355,"Sub-Saharan Africa","Seychelles",1.19237769356695,366.2,0.235862176066779,"Extremely Low","Rare good event - unusually low cases to date",-1.08721002784352,"Extremely Low",3.06558776122448,"Rare good event - unusually low cases to date","Seychelles"
"SYC",3,8,1.26217783902149,186.8,1.21211637748953,553,186.8,553,0.140594349200745,0.0477644647245472,2025,2025-08-01,7,"WHO",6,"2025/2026","Observed",8,20,354,228,NA,355,"Sub-Saharan Africa","Seychelles",1.21211637748953,553,0.774745592982012,"Extremely Low","Rare good event - unusually low cases to date",-1.08384727018645,"Extremely Low",3.06558776122448,"Rare good event - unusually low cases to date","Seychelles"
"SYC",4,9,1.20734840889846,225.4,1.20824813576752,778.4,225.4,778.4,0.197995966906127,0.0574016177053822,2025,2025-09-01,5,"WHO",6,"2025/2026","Observed",13,25,354,228,NA,355,"Sub-Saharan Africa","Seychelles",1.20824813576752,778.4,0.880968215445856,"Extremely Low","Rare good event - unusually low cases to date",-1.08000781605601,"Extremely Low",3.06558776122448,"Rare good event - unusually low cases to date","Seychelles"
"SYC",5,10,1.16925289184381,321.6,1.19516388159656,1099.99999999999,321.6,1100,0.280142335103349,0.0821463681972223,2025,2025-10-01,7,"WHO",6,"2025/2026","Observed",20,32,354,228,NA,355,"Sub-Saharan Africa","Seychelles",1.19516388159656,1099.99999999999,0.985317903716028,"Extremely Low","Rare good event - unusually low cases to date",-1.07277586725621,"Extremely Low",3.06558776122448,"Rare good event - unusually low cases to date","Seychelles"
"SYC",6,11,1.15158281440816,458.000000000001,1.18435924738835,1558,458,1558,0.397951119933095,0.117808784829746,2025,2025-11-01,14,"WHO",6,"2025/2026","Observed",34,46,354,228,NA,355,"Sub-Saharan Africa","Seychelles",1.18435924738835,1558,1.23327948917706,"Extremely Low","Rare good event - unusually low cases to date",-1.06412888809909,"Extremely Low",3.06558776122448,"Rare good event - unusually low cases to date","Seychelles"
"SYC",7,12,1.36028068506755,236.4,1.22007826939962,1794.4,236.4,1794.4,0.460738494149867,0.0627873742167717,2025,2025-12-01,60,"WHO",6,"2025/2026","Observed",94,106,354,228,NA,355,"Sub-Saharan Africa","Seychelles",1.22007826939962,1794.4,3.06558776122448,"Extremely Low","Rare good event - unusually low cases to date",-1.04635266689535,"Extremely Low",3.06558776122448,"Rare good event - unusually low cases to date","Seychelles"
"SYC",8,1,NA,NA,2.6237778847827,2159.2,364.8,2159.2,0.572606355608006,0.111867861458139,2026,2026-01-01,151,"WHO",6,"2025/2026","Observed",245,151,354,252,NA,355,"Sub-Saharan Africa","Seychelles",2.6237778847827,2159.2,0.894770323295141,"Extremely Low","Rare good event - unusually low cases to date",-1.43513998626481,"Extremely Low",0.0136459384417651,"Rare good event - unusually low cases to date","Seychelles"
"SYC",9,2,NA,NA,5.53458641321937,2590.2,431,2590.2,0.709691671274825,0.137085315666819,2026,2026-02-01,29,"WHO",6,"2025/2026","Observed",274,180,354,252,NA,355,"Sub-Saharan Africa","Seychelles",5.53458641321937,2590.2,0.0108787400874944,"Extremely Low","Rare good event - unusually low cases to date",-2.10146350451685,"Extremely Low",0.0136459384417651,"Rare good event - unusually low cases to date","Seychelles"
"SYC",10,3,NA,NA,9.29363715384113,2980.6,390.4,2980.6,0.833359795764554,0.12366812448973,2026,2026-03-01,29,"WHO",6,"2025/2026","Observed",303,209,354,252,NA,355,"Sub-Saharan Africa","Seychelles",9.29363715384113,2980.6,4.06279501871471e-05,"Extremely Low","Rare good event - unusually low cases to date",-2.73437980328266,"Extremely Low",0.0136459384417651,"Rare good event - unusually low cases to date","Seychelles"
"SYC",11,4,NA,NA,11.379801898851,3251.39999999999,270.8,3251.4,0.915134951423226,0.0817751556586712,2026,2026-04-01,22,"WHO",6,"2025/2026","Observed",325,231,354,252,NA,355,"Sub-Saharan Africa","Seychelles",11.379801898851,3251.39999999999,1.79486733865483e-06,"Extremely Low","Rare good event - unusually low cases to date",-3.03090242920512,"Extremely Low",0.0136459384417651,"Rare good event - unusually low cases to date","Seychelles"
"SYC",12,5,NA,NA,11.5047323504482,3555.2,303.8,3555.2,1,0.0848650485767744,2026,2026-05-01,NA,NA,6,"2025/2026","Unobserved",325,231,354,252,NA,355,"Sub-Saharan Africa","Seychelles",11.5047323504482,3555.2,5.90550333294341e-07,"Extremely Low","Rare good event - unusually low cases to date",-3.07681989399089,"Extremely Low",0.0136459384417651,"Rare good event - unusually low cases to date","Seychelles"
"SYC",1,6,1.1370914968951,210.4,1.1370914968951,210.4,210.4,210.4,0.0537369591951678,0.0537369591951678,2026,2026-06-01,NA,NA,6,"2026/2027","Unobserved",0,231,NA,252,NA,NA,"Sub-Saharan Africa","Seychelles",1.1370914968951,210.4,0.262583383189299,"Extremely Low","Rare good event - unusually low cases to date",-1.06347505944311,"Extremely Low",0.0136459384417651,"Rare good event - unusually low cases to date","Seychelles"
"SYC",2,7,1.26685583923531,155.8,1.19237769356695,366.2,155.8,366.2,0.0928298844761974,0.0390929252810295,2026,2026-07-01,NA,NA,6,"2026/2027","Unobserved",0,231,NA,252,NA,NA,"Sub-Saharan Africa","Seychelles",1.19237769356695,366.2,0.107773056439868,"Extremely Low","Rare good event - unusually low cases to date",-1.09018705420673,"Extremely Low",0.0136459384417651,"Rare good event - unusually low cases to date","Seychelles"
"SYC",3,8,1.26217783902149,186.8,1.21211637748953,553,186.8,553,0.140594349200745,0.0477644647245472,2026,2026-08-01,NA,NA,6,"2026/2027","Unobserved",0,231,NA,252,NA,NA,"Sub-Saharan Africa","Seychelles",1.21211637748953,553,0.0596500488638491,"Extremely Low","Rare good event - unusually low cases to date",-1.09975695488644,"Extremely Low",0.0136459384417651,"Rare good event - unusually low cases to date","Seychelles"
"SYC",4,9,1.20734840889846,225.4,1.20824813576752,778.4,225.4,778.4,0.197995966906127,0.0574016177053822,2026,2026-09-01,NA,NA,6,"2026/2027","Unobserved",0,231,NA,252,NA,NA,"Sub-Saharan Africa","Seychelles",1.20824813576752,778.4,0.0402866073502305,"Extremely Low","Rare good event - unusually low cases to date",-1.09835129869088,"Extremely Low",0.0136459384417651,"Rare good event - unusually low cases to date","Seychelles"
"SYC",5,10,1.16925289184381,321.6,1.19516388159656,1099.99999999999,321.6,1100,0.280142335103349,0.0821463681972223,2026,2026-10-01,NA,NA,6,"2026/2027","Unobserved",0,231,NA,252,NA,NA,"Sub-Saharan Africa","Seychelles",1.19516388159656,1099.99999999999,0.028642582001741,"Extremely Low","Rare good event - unusually low cases to date",-1.09264208702022,"Extremely Low",0.0136459384417651,"Rare good event - unusually low cases to date","Seychelles"
"SYC",6,11,1.15158281440816,458.000000000001,1.18435924738835,1558,458,1558,0.397951119933095,0.117808784829746,2026,2026-11-01,NA,NA,6,"2026/2027","Unobserved",0,231,NA,252,NA,NA,"Sub-Saharan Africa","Seychelles",1.18435924738835,1558,0.0202065963406853,"Extremely Low","Rare good event - unusually low cases to date",-1.08786929636376,"Extremely Low",0.0136459384417651,"Rare good event - unusually low cases to date","Seychelles"
"SYC",7,12,1.36028068506755,236.4,1.22007826939962,1794.4,236.4,1794.4,0.460738494149867,0.0627873742167717,2026,2026-12-01,NA,NA,6,"2026/2027","Unobserved",0,231,NA,252,NA,NA,"Sub-Saharan Africa","Seychelles",1.22007826939962,1794.4,0.0136459384417651,"Extremely Low","Rare good event - unusually low cases to date",-1.10419620411492,"Extremely Low",0.0136459384417651,"Rare good event - unusually low cases to date","Seychelles"
"TCA",9,1,NA,NA,2.11975842847989,185.142857142857,31.5714285714286,185.142857142857,0.706284171567204,0.163305673221492,2025,2025-01-01,0,"WHO",5,"2024/2025","Observed",0,0,0,2,NA,0,"Caribbean","Turks And Caicos Islands",2.11975842847989,185.142857142857,0.00749205477136356,"Extremely Low","Rare good event - unusually low cases to date",-1.44767516336812,"Unknown",6.5268536889073,"Cannot determine","Turks And Caicos Islands"
"TCA",10,2,NA,NA,3.17159223635747,213.285714285715,28.1428571428571,213.285714285714,0.848122425254418,0.141838253687213,2025,2025-02-01,0,"WHO",5,"2024/2025","Observed",0,0,0,2,NA,0,"Caribbean","Turks And Caicos Islands",3.17159223635747,213.285714285715,0.000152404868987215,"Extremely Low","Rare good event - unusually low cases to date",-1.76780123061948,"Unknown",6.5268536889073,"Cannot determine","Turks And Caicos Islands"
"TCA",11,3,NA,NA,3.91807466471471,235.285714285714,22,235.285714285714,0.957754226190839,0.109631800936421,2025,2025-03-01,0,"WHO",5,"2024/2025","Observed",0,0,0,2,NA,0,"Caribbean","Turks And Caicos Islands",3.91807466471471,235.285714285714,1.00812016846929e-05,"Extremely Low","Rare good event - unusually low cases to date",-1.96313472990054,"Unknown",6.5268536889073,"Cannot determine","Turks And Caicos Islands"
"TCA",12,4,0.948613401261463,9.00000000000001,4.10842821152714,244.285714285714,9,244.285714285714,1,0.0422457738091611,2025,2025-04-01,0,"WHO",5,"2024/2025","Observed",0,0,0,2,NA,0,"Caribbean","Turks And Caicos Islands",4.10842821152714,244.285714285714,4.79707242802523e-06,"Extremely Low","Rare good event - unusually low cases to date",-2.01009327875175,"Unknown",6.5268536889073,"Cannot determine","Turks And Caicos Islands"
"TCA",1,5,0.685327833806371,7.14285714285714,0.685327833806371,7.14285714285714,7.14285714285714,7.14285714285714,0.0250317616724175,0.0250317616724175,2025,2025-05-01,1,"PAHO",5,"2025/2026","Observed",1,1,9,2,NA,9,"Caribbean","Turks And Caicos Islands",0.685327833806371,7.14285714285714,30.6215607385465,"Normal","Average - typical case load at this point",-0.680069157283781,"Unknown",6.5268536889073,"Cannot determine","Turks And Caicos Islands"
"TCA",2,6,NA,NA,NA,NA,6.57142857142857,13.7142857142857,0.0479210452438485,0.022889283571431,2025,2025-06-01,0,"WHO",5,"2025/2026","Observed",1,1,9,2,NA,9,"Caribbean","Turks And Caicos Islands",NA,NA,NA,"Unknown","Cannot determine",NA,"Unknown",6.5268536889073,"Cannot determine","Turks And Caicos Islands"
"TCA",3,7,NA,NA,NA,NA,7.71428571428571,21.4285714285714,0.0737836204046425,0.025862575160794,2025,2025-07-01,0,"WHO",5,"2025/2026","Observed",1,1,9,2,NA,9,"Caribbean","Turks And Caicos Islands",NA,NA,NA,"Unknown","Cannot determine",NA,"Unknown",6.5268536889073,"Cannot determine","Turks And Caicos Islands"
"TCA",4,8,0.636757495610487,21.4285714285714,0.571767567372618,42.8571428571429,21.4285714285714,42.8571428571429,0.147707263690204,0.0739236432855612,2025,2025-08-01,0,"WHO",5,"2025/2026","Observed",1,1,9,2,NA,9,"Caribbean","Turks And Caicos Islands",0.571767567372618,42.8571428571429,13.1540799795038,"Low","Below average - fewer cases than typical at this point",-0.733631997146669,"Unknown",6.5268536889073,"Cannot determine","Turks And Caicos Islands"
"TCA",5,9,0.960453606830475,22.1428571428571,0.725747822487228,65.0000000000001,22.1428571428571,65,0.226771579410596,0.0790643157203921,2025,2025-09-01,0,"WHO",5,"2025/2026","Observed",1,1,9,2,NA,9,"Caribbean","Turks And Caicos Islands",0.725747822487228,65.0000000000001,6.5268536889073,"Low","Below average - fewer cases than typical at this point",-0.834158151827903,"Unknown",6.5268536889073,"Cannot determine","Turks And Caicos Islands"
"TCA",6,10,NA,NA,NA,NA,71.7142857142857,136.714285714286,0.484139629204905,0.257368049794309,2025,2025-10-01,0,"WHO",5,"2025/2026","Observed",1,1,9,2,NA,9,"Caribbean","Turks And Caicos Islands",NA,NA,NA,"Unknown","Cannot determine",NA,"Unknown",6.5268536889073,"Cannot determine","Turks And Caicos Islands"
"TCA",7,11,NA,NA,NA,NA,8.71428571428571,145.428571428571,0.514302628246552,0.0301629990416471,2025,2025-11-01,0,"WHO",5,"2025/2026","Observed",1,1,9,2,NA,9,"Caribbean","Turks And Caicos Islands",NA,NA,NA,"Unknown","Cannot determine",NA,"Unknown",6.5268536889073,"Cannot determine","Turks And Caicos Islands"
"TCA",8,12,NA,NA,NA,NA,8.14285714285714,153.571428571429,0.542978498345713,0.028675870099161,2025,2025-12-01,0,"Estimates",5,"2025/2026","Unobserved",1,1,9,2,0,9,"Caribbean","Turks And Caicos Islands",NA,NA,NA,"Unknown","Cannot determine",NA,"Unknown",6.5268536889073,"Cannot determine","Turks And Caicos Islands"
"TCA",9,1,NA,NA,2.11975842847989,185.142857142857,31.5714285714286,185.142857142857,0.706284171567204,0.163305673221492,2026,2026-01-01,8,"PAHO",5,"2025/2026","Observed",9,8,9,8,NA,9,"Caribbean","Turks And Caicos Islands",2.11975842847989,185.142857142857,0.460257266055043,"Extremely Low","Rare good event - unusually low cases to date",-1.37730206514883,"Unknown",3.79968809168127,"Cannot determine","Turks And Caicos Islands"
"TCA",10,2,NA,NA,3.17159223635747,213.285714285715,28.1428571428571,213.285714285714,0.848122425254418,0.141838253687213,2026,2026-02-01,0,"WHO",5,"2025/2026","Observed",9,8,9,8,NA,9,"Caribbean","Turks And Caicos Islands",3.17159223635747,213.285714285715,0.0375935212752672,"Extremely Low","Rare good event - unusually low cases to date",-1.69320546536227,"Unknown",3.79968809168127,"Cannot determine","Turks And Caicos Islands"
"TCA",11,3,NA,NA,3.91807466471471,235.285714285714,22,235.285714285714,0.957754226190839,0.109631800936421,2026,2026-03-01,0,"WHO",5,"2025/2026","Observed",9,8,9,8,NA,9,"Caribbean","Turks And Caicos Islands",3.91807466471471,235.285714285714,0.00585270279872034,"Extremely Low","Rare good event - unusually low cases to date",-1.8880421446038,"Unknown",3.79968809168127,"Cannot determine","Turks And Caicos Islands"
"TCA",12,4,0.948613401261463,9.00000000000001,4.10842821152714,244.285714285714,9,244.285714285714,1,0.0422457738091611,2026,2026-04-01,0,"Estimates",5,"2025/2026","Unobserved",9,8,9,8,0.38021196428245,9,"Caribbean","Turks And Caicos Islands",4.10842821152714,244.285714285714,0.00342239279683491,"Extremely Low","Rare good event - unusually low cases to date",-1.93603721058721,"Unknown",3.79968809168127,"Cannot determine","Turks And Caicos Islands"
"TCA",1,5,0.685327833806371,7.14285714285714,0.685327833806371,7.14285714285714,7.14285714285714,7.14285714285714,0.0250317616724175,0.0250317616724175,2026,2026-05-01,NA,NA,5,"2026/2027","Unobserved",0,8,NA,8,NA,NA,"Caribbean","Turks And Caicos Islands",0.685327833806371,7.14285714285714,18.8402115113477,"Low","Below average - fewer cases than typical at this point",-0.790778089864862,"Unknown",3.79968809168127,"Cannot determine","Turks And Caicos Islands"
"TCA",2,6,NA,NA,NA,NA,6.57142857142857,13.7142857142857,0.0479210452438485,0.022889283571431,2026,2026-06-01,NA,NA,5,"2026/2027","Unobserved",0,8,NA,8,NA,NA,"Caribbean","Turks And Caicos Islands",NA,NA,NA,"Unknown","Cannot determine",NA,"Unknown",3.79968809168127,"Cannot determine","Turks And Caicos Islands"
"TCA",3,7,NA,NA,NA,NA,7.71428571428571,21.4285714285714,0.0737836204046425,0.025862575160794,2026,2026-07-01,NA,NA,5,"2026/2027","Unobserved",0,8,NA,8,NA,NA,"Caribbean","Turks And Caicos Islands",NA,NA,NA,"Unknown","Cannot determine",NA,"Unknown",3.79968809168127,"Cannot determine","Turks And Caicos Islands"
"TCA",4,8,0.636757495610487,21.4285714285714,0.571767567372618,42.8571428571429,21.4285714285714,42.8571428571429,0.147707263690204,0.0739236432855612,2026,2026-08-01,NA,NA,5,"2026/2027","Unobserved",0,8,NA,8,NA,NA,"Caribbean","Turks And Caicos Islands",0.571767567372618,42.8571428571429,8.40924715758215,"Low","Below average - fewer cases than typical at this point",-0.751159041447101,"Unknown",3.79968809168127,"Cannot determine","Turks And Caicos Islands"
"TCA",5,9,0.960453606830475,22.1428571428571,0.725747822487228,65.0000000000001,22.1428571428571,65,0.226771579410596,0.0790643157203921,2026,2026-09-01,NA,NA,5,"2026/2027","Unobserved",0,8,NA,8,NA,NA,"Caribbean","Turks And Caicos Islands",0.725747822487228,65.0000000000001,3.79968809168127,"Extremely Low","Rare good event - unusually low cases to date",-0.847191872950213,"Unknown",3.79968809168127,"Cannot determine","Turks And Caicos Islands"
"TCA",6,10,NA,NA,NA,NA,71.7142857142857,136.714285714286,0.484139629204905,0.257368049794309,2026,2026-10-01,NA,NA,5,"2026/2027","Unobserved",0,8,NA,8,NA,NA,"Caribbean","Turks And Caicos Islands",NA,NA,NA,"Unknown","Cannot determine",NA,"Unknown",3.79968809168127,"Cannot determine","Turks And Caicos Islands"
"TCA",7,11,NA,NA,NA,NA,8.71428571428571,145.428571428571,0.514302628246552,0.0301629990416471,2026,2026-11-01,NA,NA,5,"2026/2027","Unobserved",0,8,NA,8,NA,NA,"Caribbean","Turks And Caicos Islands",NA,NA,NA,"Unknown","Cannot determine",NA,"Unknown",3.79968809168127,"Cannot determine","Turks And Caicos Islands"
"TCA",8,12,NA,NA,NA,NA,8.14285714285714,153.571428571429,0.542978498345713,0.028675870099161,2026,2026-12-01,NA,NA,5,"2026/2027","Unobserved",0,8,NA,8,NA,NA,"Caribbean","Turks And Caicos Islands",NA,NA,NA,"Unknown","Cannot determine",NA,"Unknown",3.79968809168127,"Cannot determine","Turks And Caicos Islands"
"THA",12,1,2.1239564508486,3499.9375,2.7045016369764,84104.3125000001,3499.9375,84104.3125,1,0.0457469339377959,2025,2025-01-01,4005,"SEARO",2,"2024/2025","Observed",4005,4005,4005,60194,NA,4005,"East & Southeast Asia","Thailand",2.7045016369764,84104.3125000001,0.0851106140217284,"Extremely Low","Rare good event - unusually low cases to date",-1.56619980357005,"Normal",33.9715129273705,"Average - typical case load at this point","Thailand"
"THA",1,2,2.54294957101223,2720.0625,2.54294957101223,2720.0625,2720.0625,2720.0625,0.03737012376918,0.03737012376918,2025,2025-02-01,2269,"SEARO",2,"2025/2026","Observed",2269,6274,55338,60194,NA,55338,"East & Southeast Asia","Thailand",2.54294957101223,2720.0625,47.341598210323,"Normal","Average - typical case load at this point",-0.264316211138458,"Normal",33.9715129273705,"Average - typical case load at this point","Thailand"
"THA",2,3,2.69794191030474,2920.4375,2.66181780493205,5640.50000000001,2920.4375,5640.5,0.0758439310608258,0.0384738072916457,2025,2025-03-01,2447,"SEARO",2,"2025/2026","Observed",4716,8721,55338,60194,NA,55338,"East & Southeast Asia","Thailand",2.66181780493205,5640.50000000001,47.0201893742514,"Normal","Average - typical case load at this point",-0.267347436805408,"Normal",33.9715129273705,"Average - typical case load at this point","Thailand"
"THA",3,4,2.3968292196608,3023.75,2.70194309549726,8664.25000000001,3023.75,8664.25,0.112375986040397,0.0365320549795709,2025,2025-04-01,2271,"SEARO",2,"2025/2026","Observed",6987,10992,55338,60194,NA,55338,"East & Southeast Asia","Thailand",2.70194309549726,8664.25000000001,44.6825145993207,"Normal","Average - typical case load at this point",-0.31815387557827,"Normal",33.9715129273705,"Average - typical case load at this point","Thailand"
"THA",4,5,2.40028032607068,5658.125,2.88672216963652,14322.375,5658.125,14322.375,0.182225324078233,0.0698493380378364,2025,2025-05-01,4683,"SEARO",2,"2025/2026","Observed",11670,15675,55338,60194,NA,55338,"East & Southeast Asia","Thailand",2.88672216963652,14322.375,44.6001656888953,"Normal","Average - typical case load at this point",-0.314614414578641,"Normal",33.9715129273705,"Average - typical case load at this point","Thailand"
"THA",5,6,2.37768713306799,10646,2.83617433191888,24968.375,10646,24968.375,0.310298334997226,0.128073010918993,2025,2025-06-01,8697,"SEARO",2,"2025/2026","Observed",20367,24372,55338,60194,NA,55338,"East & Southeast Asia","Thailand",2.83617433191888,24968.375,44.8547614191159,"Normal","Average - typical case load at this point",-0.310340993999255,"Normal",33.9715129273705,"Average - typical case load at this point","Thailand"
"THA",6,7,2.14523098084328,14275.4375,2.6498436048084,39243.8124999999,14275.4375,39243.8125,0.474355647789511,0.164057312792285,2025,2025-07-01,10987,"SEARO",2,"2025/2026","Observed",31354,35359,55338,60194,NA,55338,"East & Southeast Asia","Thailand",2.6498436048084,39243.8124999999,44.337938816412,"Normal","Average - typical case load at this point",-0.327258510727737,"Normal",33.9715129273705,"Average - typical case load at this point","Thailand"
"THA",7,8,2.1559347060588,13359.8125,2.585896906136,52603.6250000001,13359.8125,52603.625,0.627457630489215,0.153101982699704,2025,2025-08-01,8610,"SEARO",2,"2025/2026","Observed",39964,43969,55338,60194,NA,55338,"East & Southeast Asia","Thailand",2.585896906136,52603.6250000001,41.7053802355754,"Normal","Average - typical case load at this point",-0.38637893857209,"Normal",33.9715129273705,"Average - typical case load at this point","Thailand"
"THA",8,9,2.1949208914771,9531,2.58667399230909,62134.6250000001,9531,62134.625,0.737357017952903,0.109899387463688,2025,2025-09-01,4012,"SEARO",2,"2025/2026","Observed",43976,47981,55338,60194,NA,55338,"East & Southeast Asia","Thailand",2.58667399230909,62134.6250000001,37.7686878077061,"Normal","Average - typical case load at this point",-0.470014316835722,"Normal",33.9715129273705,"Average - typical case load at this point","Thailand"
"THA",9,10,2.17533840166139,7307.81249999998,2.61623018493578,69442.4374999999,7307.8125,69442.4375,0.822914399708483,0.0855573817555798,2025,2025-10-01,3814,"SEARO",2,"2025/2026","Observed",47790,51795,55338,60194,NA,55338,"East & Southeast Asia","Thailand",2.61623018493578,69442.4374999999,36.1016965463245,"Normal","Average - typical case load at this point",-0.504326318106611,"Normal",33.9715129273705,"Average - typical case load at this point","Thailand"
"THA",10,11,1.78645916560573,6892.37499999999,2.62093854507766,76334.8124999999,6892.375,76334.8125,0.902664670736938,0.0797502710284556,2025,2025-11-01,3218,"SEARO",2,"2025/2026","Observed",51008,55013,55338,60194,NA,55338,"East & Southeast Asia","Thailand",2.62093854507766,76334.8124999999,34.5266583138133,"Normal","Average - typical case load at this point",-0.537129314745264,"Normal",33.9715129273705,"Average - typical case load at this point","Thailand"
"THA",11,12,1.86830735924767,4269.5625,2.64567261501576,80604.3749999999,4269.5625,80604.375,0.954253066062204,0.051588395325266,2025,2025-12-01,2427,"SEARO",2,"2025/2026","Observed",53435,57440,55338,60194,NA,55338,"East & Southeast Asia","Thailand",2.64567261501576,80604.3749999999,33.9715129273705,"Normal","Average - typical case load at this point",-0.548254186888958,"Normal",33.9715129273705,"Average - typical case load at this point","Thailand"
"THA",12,1,2.1239564508486,3499.9375,2.7045016369764,84104.3125000001,3499.9375,84104.3125,1,0.0457469339377959,2026,2026-01-01,1903,"SEARO",2,"2025/2026","Observed",55338,1903,55338,54113,NA,55338,"East & Southeast Asia","Thailand",2.7045016369764,84104.3125000001,33.2430976390017,"Normal","Average - typical case load at this point",-0.56247415340718,"Extremely Low",0.12070491352372,"Rare good event - unusually low cases to date","Thailand"
"THA",1,2,2.54294957101223,2720.0625,2.54294957101223,2720.0625,2720.0625,2720.0625,0.03737012376918,0.03737012376918,2026,2026-02-01,1288,"SEARO",2,"2026/2027","Observed",1288,3191,37179,54113,NA,37179,"East & Southeast Asia","Thailand",2.54294957101223,2720.0625,20.0959616068041,"Low","Below average - fewer cases than typical at this point",-0.839168261856107,"Extremely Low",0.12070491352372,"Rare good event - unusually low cases to date","Thailand"
"THA",2,3,2.69794191030474,2920.4375,2.66181780493205,5640.50000000001,2920.4375,5640.5,0.0758439310608258,0.0384738072916457,2026,2026-03-01,1229,"SEARO",2,"2026/2027","Observed",2517,4420,37179,54113,NA,37179,"East & Southeast Asia","Thailand",2.66181780493205,5640.50000000001,17.2694676488547,"Low","Below average - fewer cases than typical at this point",-0.903255509855803,"Extremely Low",0.12070491352372,"Rare good event - unusually low cases to date","Thailand"
"THA",3,4,2.3968292196608,3023.75,2.70194309549726,8664.25000000001,3023.75,8664.25,0.112375986040397,0.0365320549795709,2026,2026-04-01,1661,"SEARO",2,"2026/2027","Observed",4178,6081,37179,54113,NA,37179,"East & Southeast Asia","Thailand",2.70194309549726,8664.25000000001,19.6358942789021,"Low","Below average - fewer cases than typical at this point",-0.85098692759756,"Extremely Low",0.12070491352372,"Rare good event - unusually low cases to date","Thailand"
"THA",4,5,2.40028032607068,5658.125,2.88672216963652,14322.375,5658.125,14322.375,0.182225324078233,0.0698493380378364,2026,2026-05-01,NA,"SEARO",2,"2026/2027","Unobserved",4178,6081,37179,54113,NA,37179,"East & Southeast Asia","Thailand",2.88672216963652,14322.375,6.34476572636531,"Low","Below average - fewer cases than typical at this point",-1.20328633842921,"Extremely Low",0.12070491352372,"Rare good event - unusually low cases to date","Thailand"
"THA",5,6,2.37768713306799,10646,2.83617433191888,24968.375,10646,24968.375,0.310298334997226,0.128073010918993,2026,2026-06-01,NA,"SEARO",2,"2026/2027","Unobserved",4178,6081,37179,54113,NA,37179,"East & Southeast Asia","Thailand",2.83617433191888,24968.375,1.74403751846959,"Extremely Low","Rare good event - unusually low cases to date",-1.40221252193469,"Extremely Low",0.12070491352372,"Rare good event - unusually low cases to date","Thailand"
"THA",6,7,2.14523098084328,14275.4375,2.6498436048084,39243.8124999999,14275.4375,39243.8125,0.474355647789511,0.164057312792285,2026,2026-07-01,NA,"SEARO",2,"2026/2027","Unobserved",4178,6081,37179,54113,NA,37179,"East & Southeast Asia","Thailand",2.6498436048084,39243.8124999999,0.726056261590028,"Extremely Low","Rare good event - unusually low cases to date",-1.45448140576321,"Extremely Low",0.12070491352372,"Rare good event - unusually low cases to date","Thailand"
"THA",7,8,2.1559347060588,13359.8125,2.585896906136,52603.6250000001,13359.8125,52603.625,0.627457630489215,0.153101982699704,2026,2026-08-01,NA,"SEARO",2,"2026/2027","Unobserved",4178,6081,37179,54113,NA,37179,"East & Southeast Asia","Thailand",2.585896906136,52603.6250000001,0.394112449329972,"Extremely Low","Rare good event - unusually low cases to date",-1.4803161950762,"Extremely Low",0.12070491352372,"Rare good event - unusually low cases to date","Thailand"
"THA",8,9,2.1949208914771,9531,2.58667399230909,62134.6250000001,9531,62134.625,0.737357017952903,0.109899387463688,2026,2026-09-01,NA,"SEARO",2,"2026/2027","Unobserved",4178,6081,37179,54113,NA,37179,"East & Southeast Asia","Thailand",2.58667399230909,62134.6250000001,0.261647746649395,"Extremely Low","Rare good event - unusually low cases to date",-1.50013800634569,"Extremely Low",0.12070491352372,"Rare good event - unusually low cases to date","Thailand"
"THA",9,10,2.17533840166139,7307.81249999998,2.61623018493578,69442.4374999999,7307.8125,69442.4375,0.822914399708483,0.0855573817555798,2026,2026-10-01,NA,"SEARO",2,"2026/2027","Unobserved",4178,6081,37179,54113,NA,37179,"East & Southeast Asia","Thailand",2.61623018493578,69442.4374999999,0.187166432461248,"Extremely Low","Rare good event - unusually low cases to date",-1.52013247781799,"Extremely Low",0.12070491352372,"Rare good event - unusually low cases to date","Thailand"
"THA",10,11,1.78645916560573,6892.37499999999,2.62093854507766,76334.8124999999,6892.375,76334.8125,0.902664670736938,0.0797502710284556,2026,2026-11-01,NA,"SEARO",2,"2026/2027","Unobserved",4178,6081,37179,54113,NA,37179,"East & Southeast Asia","Thailand",2.62093854507766,76334.8124999999,0.146140939207767,"Extremely Low","Rare good event - unusually low cases to date",-1.53029676562448,"Extremely Low",0.12070491352372,"Rare good event - unusually low cases to date","Thailand"
"THA",11,12,1.86830735924767,4269.5625,2.64567261501576,80604.3749999999,4269.5625,80604.375,0.954253066062204,0.051588395325266,2026,2026-12-01,NA,"SEARO",2,"2026/2027","Unobserved",4178,6081,37179,54113,NA,37179,"East & Southeast Asia","Thailand",2.64567261501576,80604.3749999999,0.12070491352372,"Extremely Low","Rare good event - unusually low cases to date",-1.5422172973245,"Extremely Low",0.12070491352372,"Rare good event - unusually low cases to date","Thailand"
"TLS",5,1,1.17259610705666,196.8,1.49155875534206,302.4,196.8,302.4,0.262153114000808,0.150690525286654,2025,2025-01-01,130,"SEARO",9,"2024/2025","Observed",130,130,970,13547,NA,970,"East & Southeast Asia","Timor-Leste",1.49155875534206,302.4,27.1700629185155,"Normal","Average - typical case load at this point",-0.694555944310025,"Unknown",95.0260116537708,"Cannot determine","Timor-Leste"
"TLS",6,2,2.14830039505678,262.733333333333,1.89647180182736,565.133333333332,262.733333333333,565.133333333333,0.505681332259721,0.243528218258913,2025,2025-02-01,189,"SEARO",9,"2024/2025","Observed",319,319,970,13547,NA,970,"East & Southeast Asia","Timor-Leste",1.89647180182736,565.133333333332,32.1978792592218,"Normal","Average - typical case load at this point",-0.598777154775522,"Unknown",95.0260116537708,"Cannot determine","Timor-Leste"
"TLS",7,3,1.91916569605518,250.733333333333,1.98581483350276,815.866666666667,250.733333333333,815.866666666667,0.725371661643334,0.219690329383613,2025,2025-03-01,192,"SEARO",9,"2024/2025","Observed",511,511,970,13547,NA,970,"East & Southeast Asia","Timor-Leste",1.98581483350276,815.866666666667,35.8218030458555,"Normal","Average - typical case load at this point",-0.525935195580085,"Unknown",95.0260116537708,"Cannot determine","Timor-Leste"
"TLS",8,4,1.08796024122912,159.266666666667,1.9501731445028,975.133333333333,159.266666666667,975.133333333333,0.851600479457924,0.12622881781459,2025,2025-04-01,131,"SEARO",9,"2024/2025","Observed",642,642,970,13547,NA,970,"East & Southeast Asia","Timor-Leste",1.9501731445028,975.133333333333,38.3525117777754,"Normal","Average - typical case load at this point",-0.476603068191189,"Unknown",95.0260116537708,"Cannot determine","Timor-Leste"
"TLS",9,5,0.470741094283412,101.066666666667,1.84872917200777,1076.2,101.066666666667,1076.2,0.918117392959997,0.0665169135020734,2025,2025-05-01,111,"SEARO",9,"2024/2025","Observed",753,753,970,13547,NA,970,"East & Southeast Asia","Timor-Leste",1.84872917200777,1076.2,41.9427751506166,"Normal","Average - typical case load at this point",-0.407983227592609,"Unknown",95.0260116537708,"Cannot determine","Timor-Leste"
"TLS",10,6,0.460662593385297,52.6666666666666,1.80549482870001,1128.86666666666,52.6666666666667,1128.86666666667,0.954359532643024,0.0362421396830268,2025,2025-06-01,74,"SEARO",9,"2024/2025","Observed",827,827,970,13547,NA,970,"East & Southeast Asia","Timor-Leste",1.80549482870001,1128.86666666666,44.4165932850679,"Normal","Average - typical case load at this point",-0.359024105770891,"Unknown",95.0260116537708,"Cannot determine","Timor-Leste"
"TLS",11,7,0.492275653439916,38.4,1.78504560150563,1167.26666666667,38.4,1167.26666666667,0.982328810995441,0.0279692783524166,2025,2025-07-01,85,"SEARO",9,"2024/2025","Observed",912,912,970,13547,NA,970,"East & Southeast Asia","Timor-Leste",1.78504560150563,1167.26666666667,47.6331687298145,"Normal","Average - typical case load at this point",-0.291955634992457,"Unknown",95.0260116537708,"Cannot determine","Timor-Leste"
"TLS",12,8,0.37835812412279,24.0666666666667,1.77240467817932,1191.33333333333,24.0666666666667,1191.33333333333,1,0.0176711890045593,2025,2025-08-01,58,"SEARO",9,"2024/2025","Observed",970,970,970,13547,NA,970,"East & Southeast Asia","Timor-Leste",1.77240467817932,1191.33333333333,49.7159141567501,"Normal","Average - typical case load at this point",-0.247156567186958,"Unknown",95.0260116537708,"Cannot determine","Timor-Leste"
"TLS",1,9,0.486073261232126,14.1333333333333,0.486073261232126,14.1333333333333,14.1333333333333,14.1333333333333,0.0144007848720202,0.0144007848720202,2025,2025-09-01,51,"SEARO",9,"2025/2026","Observed",51,1021,5764,13547,NA,5764,"East & Southeast Asia","Timor-Leste",0.486073261232126,14.1333333333333,94.1047981706913,"High","Above average - more cases than typical at this point",1.78812372110556,"Unknown",95.0260116537708,"Cannot determine","Timor-Leste"
"TLS",2,10,0.462233672460618,21.9333333333333,0.402775276118595,36.0666666666667,21.9333333333333,36.0666666666667,0.0382632846383324,0.0238624997663122,2025,2025-10-01,99,"SEARO",9,"2025/2026","Observed",150,1120,5764,13547,NA,5764,"East & Southeast Asia","Timor-Leste",0.402775276118595,36.0666666666667,95.0260116537708,"Extremely High","Rare bad event - unusually high cases to date",1.99372219558343,"Unknown",95.0260116537708,"Cannot determine","Timor-Leste"
"TLS",3,11,NA,NA,NA,NA,19.2,55.2666666666667,0.0591990379966395,0.0209357533583071,2025,2025-11-01,111,"SEARO",9,"2025/2026","Observed",261,1231,5764,13547,NA,5764,"East & Southeast Asia","Timor-Leste",NA,NA,NA,"Unknown","Cannot determine",NA,"Unknown",95.0260116537708,"Cannot determine","Timor-Leste"
"TLS",4,12,0.360913723179406,50.3333333333333,NA,NA,50.3333333333333,105.6,0.111462588714154,0.052263550717514,2025,2025-12-01,279,"SEARO",9,"2025/2026","Observed",540,1510,5764,13547,NA,5764,"East & Southeast Asia","Timor-Leste",NA,NA,NA,"Unknown","Cannot determine",NA,"Unknown",95.0260116537708,"Cannot determine","Timor-Leste"
"TLS",5,1,1.17259610705666,196.8,1.49155875534206,302.4,196.8,302.4,0.262153114000808,0.150690525286654,2026,2026-01-01,1281,"SEARO",9,"2025/2026","Observed",1821,1281,5764,5130,NA,5764,"East & Southeast Asia","Timor-Leste",1.49155875534206,302.4,99.9554306673581,"Extremely High","Rare bad event - unusually high cases to date",6.11805485515781,"Unknown",16.286307491126,"Cannot determine","Timor-Leste"
"TLS",6,2,2.14830039505678,262.733333333333,1.89647180182736,565.133333333332,262.733333333333,565.133333333333,0.505681332259721,0.243528218258913,2026,2026-02-01,2105,"SEARO",9,"2025/2026","Observed",3926,3386,5764,5130,NA,5764,"East & Southeast Asia","Timor-Leste",1.89647180182736,565.133333333332,99.9978376995737,"Extremely High","Rare bad event - unusually high cases to date",8.17609769872658,"Unknown",16.286307491126,"Cannot determine","Timor-Leste"
"TLS",7,3,1.91916569605518,250.733333333333,1.98581483350276,815.866666666667,250.733333333333,815.866666666667,0.725371661643334,0.219690329383613,2026,2026-03-01,780,"SEARO",9,"2025/2026","Observed",4706,4166,5764,5130,NA,5764,"East & Southeast Asia","Timor-Leste",1.98581483350276,815.866666666667,99.9870615033471,"Extremely High","Rare bad event - unusually high cases to date",6.71099290017256,"Unknown",16.286307491126,"Cannot determine","Timor-Leste"
"TLS",8,4,1.08796024122912,159.266666666667,1.9501731445028,975.133333333333,159.266666666667,975.133333333333,0.851600479457924,0.12622881781459,2026,2026-04-01,203,"SEARO",9,"2025/2026","Observed",4909,4369,5764,5130,NA,5764,"East & Southeast Asia","Timor-Leste",1.9501731445028,975.133333333333,99.9462556821338,"Extremely High","Rare bad event - unusually high cases to date",5.6280556029269,"Unknown",16.286307491126,"Cannot determine","Timor-Leste"
"TLS",9,5,0.470741094283412,101.066666666667,1.84872917200777,1076.2,101.066666666667,1076.2,0.918117392959997,0.0665169135020734,2026,2026-05-01,NA,"SEARO",9,"2025/2026","Unobserved",4909,4369,5764,5130,NA,5764,"East & Southeast Asia","Timor-Leste",1.84872917200777,1076.2,99.8447827669733,"Extremely High","Rare bad event - unusually high cases to date",4.83823674107971,"Unknown",16.286307491126,"Cannot determine","Timor-Leste"
"TLS",10,6,0.460662593385297,52.6666666666666,1.80549482870001,1128.86666666666,52.6666666666667,1128.86666666667,0.954359532643024,0.0362421396830268,2026,2026-06-01,NA,"SEARO",9,"2025/2026","Unobserved",4909,4369,5764,5130,NA,5764,"East & Southeast Asia","Timor-Leste",1.80549482870001,1128.86666666666,99.7576905032729,"Extremely High","Rare bad event - unusually high cases to date",4.49588887928914,"Unknown",16.286307491126,"Cannot determine","Timor-Leste"
"TLS",11,7,0.492275653439916,38.4,1.78504560150563,1167.26666666667,38.4,1167.26666666667,0.982328810995441,0.0279692783524166,2026,2026-07-01,NA,"SEARO",9,"2025/2026","Unobserved",4909,4369,5764,5130,NA,5764,"East & Southeast Asia","Timor-Leste",1.78504560150563,1167.26666666667,99.6813843531979,"Extremely High","Rare bad event - unusually high cases to date",4.27952519445974,"Unknown",16.286307491126,"Cannot determine","Timor-Leste"
"TLS",12,8,0.37835812412279,24.0666666666667,1.77240467817932,1191.33333333333,24.0666666666667,1191.33333333333,1,0.0176711890045593,2026,2026-08-01,NA,"SEARO",9,"2025/2026","Unobserved",4909,4369,5764,5130,NA,5764,"East & Southeast Asia","Timor-Leste",1.77240467817932,1191.33333333333,99.625712091648,"Extremely High","Rare bad event - unusually high cases to date",4.1514114365002,"Unknown",16.286307491126,"Cannot determine","Timor-Leste"
"TLS",1,9,0.486073261232126,14.1333333333333,0.486073261232126,14.1333333333333,14.1333333333333,14.1333333333333,0.0144007848720202,0.0144007848720202,2026,2026-09-01,NA,"SEARO",9,"2026/2027","Unobserved",0,4369,NA,5130,NA,NA,"East & Southeast Asia","Timor-Leste",0.486073261232126,14.1333333333333,19.119339659351,"Low","Below average - fewer cases than typical at this point",-0.685501318036853,"Unknown",16.286307491126,"Cannot determine","Timor-Leste"
"TLS",2,10,0.462233672460618,21.9333333333333,0.402775276118595,36.0666666666667,21.9333333333333,36.0666666666667,0.0382632846383324,0.0238624997663122,2026,2026-10-01,NA,"SEARO",9,"2026/2027","Unobserved",0,4369,NA,5130,NA,NA,"East & Southeast Asia","Timor-Leste",0.402775276118595,36.0666666666667,16.286307491126,"Low","Below average - fewer cases than typical at this point",-0.63113148496819,"Unknown",16.286307491126,"Cannot determine","Timor-Leste"
"TLS",3,11,NA,NA,NA,NA,19.2,55.2666666666667,0.0591990379966395,0.0209357533583071,2026,2026-11-01,NA,"SEARO",9,"2026/2027","Unobserved",0,4369,NA,5130,NA,NA,"East & Southeast Asia","Timor-Leste",NA,NA,NA,"Unknown","Cannot determine",NA,"Unknown",16.286307491126,"Cannot determine","Timor-Leste"
"TLS",4,12,0.360913723179406,50.3333333333333,NA,NA,50.3333333333333,105.6,0.111462588714154,0.052263550717514,2026,2026-12-01,NA,"SEARO",9,"2026/2027","Unobserved",0,4369,NA,5130,NA,NA,"East & Southeast Asia","Timor-Leste",NA,NA,NA,"Unknown","Cannot determine",NA,"Unknown",16.286307491126,"Cannot determine","Timor-Leste"
"TON",9,1,NA,NA,0.63390476627992,546,47.3333333333333,546,0.583112792414359,0.0667177338730211,2025,2025-01-01,0,"WHO",5,"2024/2025","Observed",0,0,1285,4229,NA,1285,"Pacific Islands","Tonga",0.63390476627992,546,1.37740983503201,"Extremely Low","Rare good event - unusually low cases to date",-0.795719584865153,"High",82.070615266199,"Above average - more cases than typical at this point","Tonga"
"TON",10,2,NA,NA,1.15757549407429,652.5,106.5,652.5,0.70650383413194,0.123391041717581,2025,2025-02-01,249,"WHO",5,"2024/2025","Observed",249,249,1285,4229,NA,1285,"Pacific Islands","Tonga",1.15757549407429,652.5,28.7588510312801,"Normal","Average - typical case load at this point",-0.664741501553865,"High",82.070615266199,"Above average - more cases than typical at this point","Tonga"
"TON",11,3,NA,NA,1.47184463876134,832.833333333333,180.333333333333,832.833333333333,0.896478664675821,0.189974830543881,2025,2025-03-01,603,"WHO",5,"2024/2025","Observed",852,852,1285,4229,NA,1285,"Pacific Islands","Tonga",1.47184463876134,832.833333333333,62.006355982956,"Normal","Average - typical case load at this point",0.0278956224236774,"High",82.070615266199,"Above average - more cases than typical at this point","Tonga"
"TON",12,4,0.234961627729411,107.833333333334,1.45935409336987,940.666666666668,107.833333333333,940.666666666667,1,0.103521335324179,2025,2025-04-01,433,"WHO",5,"2024/2025","Observed",1285,1285,1285,4229,NA,1285,"Pacific Islands","Tonga",1.45935409336987,940.666666666668,74.8467943389284,"Normal","Average - typical case load at this point",0.441862382930561,"High",82.070615266199,"Above average - more cases than typical at this point","Tonga"
"TON",1,5,0.428798036173267,109.166666666667,0.428798036173267,109.166666666667,109.166666666667,109.166666666667,0.157683927634584,0.157683927634584,2025,2025-05-01,563,"WHO",5,"2025/2026","Observed",563,1848,949,4229,NA,949,"Pacific Islands","Tonga",0.428798036173267,109.166666666667,97.1808807348026,"Extremely High","Rare bad event - unusually high cases to date",2.71694889008458,"High",82.070615266199,"Above average - more cases than typical at this point","Tonga"
"TON",2,6,0.659472074002865,67.3333333333334,0.524188663780866,176.5,67.3333333333333,176.5,0.283539325033187,0.125855397398602,2025,2025-06-01,207,"WHO",5,"2025/2026","Observed",770,2055,949,4229,NA,949,"Pacific Islands","Tonga",0.524188663780866,176.5,96.5020356756571,"Extremely High","Rare bad event - unusually high cases to date",2.43094914963394,"High",82.070615266199,"Above average - more cases than typical at this point","Tonga"
"TON",3,7,0.53374224850415,48.8333333333333,0.538793095673592,225.333333333333,48.8333333333333,225.333333333333,0.341747146272756,0.0582078212395692,2025,2025-07-01,109,"WHO",5,"2025/2026","Observed",879,2164,949,4229,NA,949,"Pacific Islands","Tonga",0.538793095673592,225.333333333333,95.4771780360799,"Extremely High","Rare bad event - unusually high cases to date",2.12678363084119,"High",82.070615266199,"Above average - more cases than typical at this point","Tonga"
"TON",4,8,0.304272821002172,30.5,0.533117984486198,255.833333333334,30.5,255.833333333333,0.367600657563067,0.025853511290311,2025,2025-08-01,11,"WHO",5,"2025/2026","Observed",890,2175,949,4229,NA,949,"Pacific Islands","Tonga",0.533117984486198,255.833333333334,94.0517587093399,"High","Above average - more cases than typical at this point",1.80803118461634,"High",82.070615266199,"Above average - more cases than typical at this point","Tonga"
"TON",5,9,0.247607084700203,108,0.486765090459327,363.833333333334,108,363.833333333333,0.434007582131592,0.066406924568525,2025,2025-09-01,1,"WHO",5,"2025/2026","Observed",891,2176,949,4229,NA,949,"Pacific Islands","Tonga",0.486765090459327,363.833333333334,88.1651039006198,"High","Above average - more cases than typical at this point",1.01021740262832,"High",82.070615266199,"Above average - more cases than typical at this point","Tonga"
"TON",6,10,0.261990030976406,106.833333333333,0.454177513749099,470.666666666667,106.833333333333,470.666666666667,0.49524580291382,0.0612382207822275,2025,2025-10-01,7,"WHO",5,"2025/2026","Observed",898,2183,949,4229,NA,949,"Pacific Islands","Tonga",0.454177513749099,470.666666666667,83.2381957516305,"High","Above average - more cases than typical at this point",0.611584829354531,"High",82.070615266199,"Above average - more cases than typical at this point","Tonga"
"TON",7,11,0.385854846978806,19.1666666666667,0.460145088772451,489.833333333334,19.1666666666667,489.833333333333,0.509486184285381,0.0142403813715611,2025,2025-11-01,1,"WHO",5,"2025/2026","Observed",899,2184,949,4229,NA,949,"Pacific Islands","Tonga",0.460145088772451,489.833333333334,82.4468506544555,"High","Above average - more cases than typical at this point",0.566363706757858,"High",82.070615266199,"Above average - more cases than typical at this point","Tonga"
"TON",8,12,0.325534457757481,8.83333333333334,0.471869569865406,498.666666666666,8.83333333333333,498.666666666667,0.516395058541338,0.00690887425595723,2025,2025-12-01,0,"WHO",5,"2025/2026","Observed",899,2184,949,4229,NA,949,"Pacific Islands","Tonga",0.471869569865406,498.666666666666,82.070615266199,"High","Above average - more cases than typical at this point",0.551209911756262,"High",82.070615266199,"Above average - more cases than typical at this point","Tonga"
"TON",9,1,NA,NA,0.63390476627992,546,47.3333333333333,546,0.583112792414359,0.0667177338730211,2026,2026-01-01,0,"WHO",5,"2025/2026","Observed",899,0,949,50,NA,949,"Pacific Islands","Tonga",0.63390476627992,546,79.9916776106523,"High","Above average - more cases than typical at this point",0.51444874259597,"Extremely Low",3.74005581535087,"Rare good event - unusually low cases to date","Tonga"
"TON",10,2,NA,NA,1.15757549407429,652.5,106.5,652.5,0.70650383413194,0.123391041717581,2026,2026-02-01,0,"WHO",5,"2025/2026","Observed",899,0,949,50,NA,949,"Pacific Islands","Tonga",1.15757549407429,652.5,74.8669338537092,"Normal","Average - typical case load at this point",0.406093631060787,"Extremely Low",3.74005581535087,"Rare good event - unusually low cases to date","Tonga"
"TON",11,3,NA,NA,1.47184463876134,832.833333333333,180.333333333333,832.833333333333,0.896478664675821,0.189974830543881,2026,2026-03-01,0,"WHO",5,"2025/2026","Observed",899,0,949,50,NA,949,"Pacific Islands","Tonga",1.47184463876134,832.833333333333,64.4555765987938,"Normal","Average - typical case load at this point",0.0963005400191287,"Extremely Low",3.74005581535087,"Rare good event - unusually low cases to date","Tonga"
"TON",12,4,0.234961627729411,107.833333333334,1.45935409336987,940.666666666668,107.833333333333,940.666666666667,1,0.103521335324179,2026,2026-04-01,50,"WHO",5,"2025/2026","Observed",949,50,949,50,NA,949,"Pacific Islands","Tonga",1.45935409336987,940.666666666668,61.4106120647638,"Normal","Average - typical case load at this point",0.010693668512355,"Extremely Low",3.74005581535087,"Rare good event - unusually low cases to date","Tonga"
"TON",1,5,0.428798036173267,109.166666666667,0.428798036173267,109.166666666667,109.166666666667,109.166666666667,0.157683927634584,0.157683927634584,2026,2026-05-01,NA,NA,5,"2026/2027","Unobserved",0,50,NA,50,NA,NA,"Pacific Islands","Tonga",0.428798036173267,109.166666666667,9.2822158636577,"Low","Below average - fewer cases than typical at this point",-0.65354444473206,"Extremely Low",3.74005581535087,"Rare good event - unusually low cases to date","Tonga"
"TON",2,6,0.659472074002865,67.3333333333334,0.524188663780866,176.5,67.3333333333333,176.5,0.283539325033187,0.125855397398602,2026,2026-06-01,NA,NA,5,"2026/2027","Unobserved",0,50,NA,50,NA,NA,"Pacific Islands","Tonga",0.524188663780866,176.5,4.726779914437,"Extremely Low","Rare good event - unusually low cases to date",-0.722936015013296,"Extremely Low",3.74005581535087,"Rare good event - unusually low cases to date","Tonga"
"TON",3,7,0.53374224850415,48.8333333333333,0.538793095673592,225.333333333333,48.8333333333333,225.333333333333,0.341747146272756,0.0582078212395692,2026,2026-07-01,NA,NA,5,"2026/2027","Unobserved",0,50,NA,50,NA,NA,"Pacific Islands","Tonga",0.538793095673592,225.333333333333,3.86408882286332,"Extremely Low","Rare good event - unusually low cases to date",-0.733149278148211,"Extremely Low",3.74005581535087,"Rare good event - unusually low cases to date","Tonga"
"TON",4,8,0.304272821002172,30.5,0.533117984486198,255.833333333334,30.5,255.833333333333,0.367600657563067,0.025853511290311,2026,2026-08-01,NA,NA,5,"2026/2027","Unobserved",0,50,NA,50,NA,NA,"Pacific Islands","Tonga",0.533117984486198,255.833333333334,3.71669893012062,"Extremely Low","Rare good event - unusually low cases to date",-0.72938971573879,"Extremely Low",3.74005581535087,"Rare good event - unusually low cases to date","Tonga"
"TON",5,9,0.247607084700203,108,0.486765090459327,363.833333333334,108,363.833333333333,0.434007582131592,0.066406924568525,2026,2026-09-01,NA,NA,5,"2026/2027","Unobserved",0,50,NA,50,NA,NA,"Pacific Islands","Tonga",0.486765090459327,363.833333333334,3.98985803801749,"Extremely Low","Rare good event - unusually low cases to date",-0.697219282307185,"Extremely Low",3.74005581535087,"Rare good event - unusually low cases to date","Tonga"
"TON",6,10,0.261990030976406,106.833333333333,0.454177513749099,470.666666666667,106.833333333333,470.666666666667,0.49524580291382,0.0612382207822275,2026,2026-10-01,NA,NA,5,"2026/2027","Unobserved",0,50,NA,50,NA,NA,"Pacific Islands","Tonga",0.454177513749099,470.666666666667,4.26818266306394,"Extremely Low","Rare good event - unusually low cases to date",-0.673602011738378,"Extremely Low",3.74005581535087,"Rare good event - unusually low cases to date","Tonga"
"TON",7,11,0.385854846978806,19.1666666666667,0.460145088772451,489.833333333334,19.1666666666667,489.833333333333,0.509486184285381,0.0142403813715611,2026,2026-11-01,NA,NA,5,"2026/2027","Unobserved",0,50,NA,50,NA,NA,"Pacific Islands","Tonga",0.460145088772451,489.833333333334,4.04466470367672,"Extremely Low","Rare good event - unusually low cases to date",-0.678021561776516,"Extremely Low",3.74005581535087,"Rare good event - unusually low cases to date","Tonga"
"TON",8,12,0.325534457757481,8.83333333333334,0.471869569865406,498.666666666666,8.83333333333333,498.666666666667,0.516395058541338,0.00690887425595723,2026,2026-12-01,NA,NA,5,"2026/2027","Unobserved",0,50,NA,50,NA,NA,"Pacific Islands","Tonga",0.471869569865406,498.666666666666,3.74005581535087,"Extremely Low","Rare good event - unusually low cases to date",-0.686602854277572,"Extremely Low",3.74005581535087,"Rare good event - unusually low cases to date","Tonga"
"TTO",10,1,0.440238945741006,91,0.716788261073877,880.583333333333,91,880.583333333333,0.935219066759704,0.185420697092611,2025,2025-01-01,0,"WHO",4,"2024/2025","Observed",0,0,0,97,NA,0,"Caribbean","Trinidad And Tobago",0.716788261073877,880.583333333333,0.609980139002827,"Extremely Low","Rare good event - unusually low cases to date",-0.846289120410502,"Low",19.6224594474738,"Below average - fewer cases than typical at this point","Trinidad And Tobago"
"TTO",11,2,0.429974717974194,15.5833333333333,0.726740408967219,896.166666666668,15.5833333333333,896.166666666667,0.963191147213405,0.0279720804537013,2025,2025-02-01,0,"WHO",4,"2024/2025","Observed",0,0,0,97,NA,0,"Caribbean","Trinidad And Tobago",0.726740408967219,896.166666666668,0.566738430037718,"Extremely Low","Rare good event - unusually low cases to date",-0.852145258272072,"Low",19.6224594474738,"Below average - fewer cases than typical at this point","Trinidad And Tobago"
"TTO",12,3,0.425371359250588,10.3333333333333,0.750164331940207,906.500000000001,10.3333333333333,906.5,1,0.036808852786595,2025,2025-03-01,0,"WHO",4,"2024/2025","Observed",0,0,0,97,NA,0,"Caribbean","Trinidad And Tobago",0.750164331940207,906.500000000001,0.487040920665973,"Extremely Low","Rare good event - unusually low cases to date",-0.86576212368857,"Low",19.6224594474738,"Below average - fewer cases than typical at this point","Trinidad And Tobago"
"TTO",1,4,0.325724313866813,7,0.325724313866813,7,7,7,0.00431159469782277,0.00431159469782277,2025,2025-04-01,0,"WHO",4,"2025/2026","Observed",0,0,102,97,NA,102,"Caribbean","Trinidad And Tobago",0.325724313866813,7,36.2761007682446,"Normal","Average - typical case load at this point",-0.557890316749739,"Low",19.6224594474738,"Below average - fewer cases than typical at this point","Trinidad And Tobago"
"TTO",2,5,0.577174979288998,9.24999999999999,0.507333528894968,16.25,9.25,16.25,0.0194277224248581,0.0151161277270353,2025,2025-05-01,9,"PAHO",4,"2025/2026","Observed",9,9,102,97,NA,102,"Caribbean","Trinidad And Tobago",0.507333528894968,16.25,55.5768273785747,"Normal","Average - typical case load at this point",-0.312936088327582,"Low",19.6224594474738,"Below average - fewer cases than typical at this point","Trinidad And Tobago"
"TTO",3,6,0.510968037810871,17.5,0.493355133989046,33.75,17.5,33.75,0.050734297496433,0.0313065750715749,2025,2025-06-01,23,"PAHO",4,"2025/2026","Observed",32,32,102,97,NA,102,"Caribbean","Trinidad And Tobago",0.493355133989046,33.75,67.4810406222121,"Normal","Average - typical case load at this point",-0.0361570367898797,"Low",19.6224594474738,"Below average - fewer cases than typical at this point","Trinidad And Tobago"
"TTO",4,7,0.450752952947954,30.1666666666667,0.463292295494826,63.9166666666668,30.1666666666667,63.9166666666667,0.0795805874816304,0.0288462899851974,2025,2025-07-01,8,"PAHO",4,"2025/2026","Observed",40,40,102,97,NA,102,"Caribbean","Trinidad And Tobago",0.463292295494826,63.9166666666668,58.5785359441671,"Normal","Average - typical case load at this point",-0.253773215742883,"Low",19.6224594474738,"Below average - fewer cases than typical at this point","Trinidad And Tobago"
"TTO",5,8,0.562111144164891,229.333333333334,0.619244288424109,293.25,229.333333333333,293.25,0.30505270649313,0.2254721190115,2025,2025-08-01,7,"PAHO",4,"2025/2026","Observed",47,47,102,97,NA,102,"Caribbean","Trinidad And Tobago",0.619244288424109,293.25,25.9574699528352,"Normal","Average - typical case load at this point",-0.660102177681073,"Low",19.6224594474738,"Below average - fewer cases than typical at this point","Trinidad And Tobago"
"TTO",6,9,0.531517165565918,87.7500000000002,0.608252874633252,380.999999999999,87.75,381,0.379385582830929,0.074332876337799,2025,2025-09-01,12,"PAHO",4,"2025/2026","Observed",59,59,102,97,NA,102,"Caribbean","Trinidad And Tobago",0.608252874633252,380.999999999999,25.837347276683,"Normal","Average - typical case load at this point",-0.658607375180387,"Low",19.6224594474738,"Below average - fewer cases than typical at this point","Trinidad And Tobago"
"TTO",7,10,0.612457717467236,162.333333333334,0.612203737320681,543.333333333333,162.333333333333,543.333333333333,0.53864008139081,0.159254498559881,2025,2025-10-01,14,"PAHO",4,"2025/2026","Observed",73,73,102,97,NA,102,"Caribbean","Trinidad And Tobago",0.612203737320681,543.333333333333,23.6185839754316,"Low","Below average - fewer cases than typical at this point",-0.676928600392549,"Low",19.6224594474738,"Below average - fewer cases than typical at this point","Trinidad And Tobago"
"TTO",8,11,0.438561115077107,189.916666666667,0.599492121239274,733.250000000001,189.916666666667,733.25,0.702578756763584,0.163938675372774,2025,2025-11-01,0,"WHO",4,"2025/2026","Observed",73,73,102,97,NA,102,"Caribbean","Trinidad And Tobago",0.599492121239274,733.250000000001,20.3256921656379,"Low","Below average - fewer cases than typical at this point",-0.696900241395392,"Low",19.6224594474738,"Below average - fewer cases than typical at this point","Trinidad And Tobago"
"TTO",9,12,0.355614598109485,56.3333333333333,0.595828169235035,789.583333333332,56.3333333333333,789.583333333333,0.749798369667093,0.0472196129035094,2025,2025-12-01,0,"WHO",4,"2025/2026","Observed",73,73,102,97,NA,102,"Caribbean","Trinidad And Tobago",0.595828169235035,789.583333333332,19.6224594474738,"Low","Below average - fewer cases than typical at this point",-0.700269879038081,"Low",19.6224594474738,"Below average - fewer cases than typical at this point","Trinidad And Tobago"
"TTO",10,1,0.440238945741006,91,0.716788261073877,880.583333333333,91,880.583333333333,0.935219066759704,0.185420697092611,2026,2026-01-01,2,"PAHO",4,"2025/2026","Observed",75,2,102,29,NA,102,"Caribbean","Trinidad And Tobago",0.716788261073877,880.583333333333,14.5187696240698,"Low","Below average - fewer cases than typical at this point",-0.774209986468091,"Extremely Low",1.37868246920742,"Rare good event - unusually low cases to date","Trinidad And Tobago"
"TTO",11,2,0.429974717974194,15.5833333333333,0.726740408967219,896.166666666668,15.5833333333333,896.166666666667,0.963191147213405,0.0279720804537013,2026,2026-02-01,0,"WHO",4,"2025/2026","Observed",75,2,102,29,NA,102,"Caribbean","Trinidad And Tobago",0.726740408967219,896.166666666668,14.0509056936305,"Low","Below average - fewer cases than typical at this point",-0.780829400689325,"Extremely Low",1.37868246920742,"Rare good event - unusually low cases to date","Trinidad And Tobago"
"TTO",12,3,0.425371359250588,10.3333333333333,0.750164331940207,906.500000000001,10.3333333333333,906.5,1,0.036808852786595,2026,2026-03-01,27,"PAHO",4,"2025/2026","Observed",102,29,102,29,NA,102,"Caribbean","Trinidad And Tobago",0.750164331940207,906.500000000001,16.5272324870138,"Low","Below average - fewer cases than typical at this point",-0.768345977393773,"Extremely Low",1.37868246920742,"Rare good event - unusually low cases to date","Trinidad And Tobago"
"TTO",1,4,0.325724313866813,7,0.325724313866813,7,7,7,0.00431159469782277,0.00431159469782277,2026,2026-04-01,0,"Estimates",4,"2026/2027","Unobserved",0,29,NA,29,0.439782659177922,0,"Caribbean","Trinidad And Tobago",0.325724313866813,7,36.2761007682446,"Normal","Average - typical case load at this point",-0.557890316749739,"Extremely Low",1.37868246920742,"Rare good event - unusually low cases to date","Trinidad And Tobago"
"TTO",2,5,0.577174979288998,9.24999999999999,0.507333528894968,16.25,9.25,16.25,0.0194277224248581,0.0151161277270353,2026,2026-05-01,NA,NA,4,"2026/2027","Unobserved",0,29,NA,29,NA,0,"Caribbean","Trinidad And Tobago",0.507333528894968,16.25,16.9591993593589,"Low","Below average - fewer cases than typical at this point",-0.701408473837684,"Extremely Low",1.37868246920742,"Rare good event - unusually low cases to date","Trinidad And Tobago"
"TTO",3,6,0.510968037810871,17.5,0.493355133989046,33.75,17.5,33.75,0.050734297496433,0.0313065750715749,2026,2026-06-01,NA,NA,4,"2026/2027","Unobserved",0,29,NA,29,NA,0,"Caribbean","Trinidad And Tobago",0.493355133989046,33.75,12.3460388142488,"Low","Below average - fewer cases than typical at this point",-0.69731428094768,"Extremely Low",1.37868246920742,"Rare good event - unusually low cases to date","Trinidad And Tobago"
"TTO",4,7,0.450752952947954,30.1666666666667,0.463292295494826,63.9166666666668,30.1666666666667,63.9166666666667,0.0795805874816304,0.0288462899851974,2026,2026-07-01,NA,NA,4,"2026/2027","Unobserved",0,29,NA,29,NA,0,"Caribbean","Trinidad And Tobago",0.463292295494826,63.9166666666668,10.1674716550669,"Low","Below average - fewer cases than typical at this point",-0.678202287368609,"Extremely Low",1.37868246920742,"Rare good event - unusually low cases to date","Trinidad And Tobago"
"TTO",5,8,0.562111144164891,229.333333333334,0.619244288424109,293.25,229.333333333333,293.25,0.30505270649313,0.2254721190115,2026,2026-08-01,NA,NA,4,"2026/2027","Unobserved",0,29,NA,29,NA,0,"Caribbean","Trinidad And Tobago",0.619244288424109,293.25,2.20151366987119,"Extremely Low","Rare good event - unusually low cases to date",-0.786091222761318,"Extremely Low",1.37868246920742,"Rare good event - unusually low cases to date","Trinidad And Tobago"
"TTO",6,9,0.531517165565918,87.7500000000002,0.608252874633252,380.999999999999,87.75,381,0.379385582830929,0.074332876337799,2026,2026-09-01,NA,NA,4,"2026/2027","Unobserved",0,29,NA,29,NA,0,"Caribbean","Trinidad And Tobago",0.608252874633252,380.999999999999,1.98788910285397,"Extremely Low","Rare good event - unusually low cases to date",-0.779283881812819,"Extremely Low",1.37868246920742,"Rare good event - unusually low cases to date","Trinidad And Tobago"
"TTO",7,10,0.612457717467236,162.333333333334,0.612203737320681,543.333333333333,162.333333333333,543.333333333333,0.53864008139081,0.159254498559881,2026,2026-10-01,NA,NA,4,"2026/2027","Unobserved",0,29,NA,29,NA,0,"Caribbean","Trinidad And Tobago",0.612203737320681,543.333333333333,1.56610065043382,"Extremely Low","Rare good event - unusually low cases to date",-0.781994059985723,"Extremely Low",1.37868246920742,"Rare good event - unusually low cases to date","Trinidad And Tobago"
"TTO",8,11,0.438561115077107,189.916666666667,0.599492121239274,733.250000000001,189.916666666667,733.25,0.702578756763584,0.163938675372774,2026,2026-11-01,NA,NA,4,"2026/2027","Unobserved",0,29,NA,29,NA,0,"Caribbean","Trinidad And Tobago",0.599492121239274,733.250000000001,1.40888040548373,"Extremely Low","Rare good event - unusually low cases to date",-0.773952445290679,"Extremely Low",1.37868246920742,"Rare good event - unusually low cases to date","Trinidad And Tobago"
"TTO",9,12,0.355614598109485,56.3333333333333,0.595828169235035,789.583333333332,56.3333333333333,789.583333333333,0.749798369667093,0.0472196129035094,2026,2026-12-01,NA,NA,4,"2026/2027","Unobserved",0,29,NA,29,NA,0,"Caribbean","Trinidad And Tobago",0.595828169235035,789.583333333332,1.37868246920742,"Extremely Low","Rare good event - unusually low cases to date",-0.771607989752973,"Extremely Low",1.37868246920742,"Rare good event - unusually low cases to date","Trinidad And Tobago"
"TUV",10,1,1.21985216143336,13.2,1.10158706490923,211.4,13.2,211.4,0.934561107585055,0.159453837586971,2025,2025-01-01,0,"WHO",4,"2024/2025","Observed",0,0,0,39,NA,0,"Pacific Islands","Tuvalu",1.10158706490923,211.4,0.30373534064988,"Extremely Low","Rare good event - unusually low cases to date",-1.04684122352375,"Low",21.6493138419089,"Below average - fewer cases than typical at this point","Tuvalu"
"TUV",11,2,0.490119326064863,3.6,1.16364769734707,215,3.6,215,0.972106848779005,0.0375457411939506,2025,2025-02-01,0,"WHO",4,"2024/2025","Observed",0,0,0,39,NA,0,"Pacific Islands","Tuvalu",1.16364769734707,215,0.228943642003904,"Extremely Low","Rare good event - unusually low cases to date",-1.0758176300019,"Low",21.6493138419089,"Below average - fewer cases than typical at this point","Tuvalu"
"TUV",12,3,0.588346358981623,2.6,1.20340433644408,217.6,2.6,217.6,1,0.0278931512209945,2025,2025-03-01,0,"WHO",4,"2024/2025","Observed",0,0,0,39,NA,0,"Pacific Islands","Tuvalu",1.20340433644408,217.6,0.190869446197408,"Extremely Low","Rare good event - unusually low cases to date",-1.09397700694458,"Low",21.6493138419089,"Below average - fewer cases than typical at this point","Tuvalu"
"TUV",1,4,0.565417684698438,2.2,0.565417684698438,2.2,2.2,2.2,0.00813081564930696,0.00813081564930696,2025,2025-04-01,0,"WHO",4,"2025/2026","Observed",0,0,36,39,NA,36,"Pacific Islands","Tuvalu",0.565417684698438,2.2,40.7573501247795,"Normal","Average - typical case load at this point",-0.670680479954021,"Low",21.6493138419089,"Below average - fewer cases than typical at this point","Tuvalu"
"TUV",2,5,0.48057483482075,2.8,0.380265474042733,5,2.8,5,0.0192385477732943,0.0111077321239874,2025,2025-05-01,0,"WHO",4,"2025/2026","Observed",0,0,36,39,NA,36,"Pacific Islands","Tuvalu",0.380265474042733,5,36.5108653990635,"Normal","Average - typical case load at this point",-0.59446542080877,"Low",21.6493138419089,"Below average - fewer cases than typical at this point","Tuvalu"
"TUV",3,6,0.432232277490121,2.8,0.318265013968625,7.80000000000001,2.8,7.8,0.0286432487729197,0.00940470099962543,2025,2025-06-01,0,"WHO",4,"2025/2026","Observed",0,0,36,39,NA,36,"Pacific Islands","Tuvalu",0.318265013968625,7.80000000000001,35.6701369399043,"Normal","Average - typical case load at this point",-0.552980910629629,"Low",21.6493138419089,"Below average - fewer cases than typical at this point","Tuvalu"
"TUV",4,7,0.398957605740579,42.2,0.378826639680766,49.9999999999999,42.2,50,0.174066279150377,0.145423030377458,2025,2025-07-01,0,"WHO",4,"2025/2026","Observed",0,0,36,39,NA,36,"Pacific Islands","Tuvalu",0.378826639680766,49.9999999999999,15.6835772569499,"Low","Below average - fewer cases than typical at this point",-0.613170473692467,"Low",21.6493138419089,"Below average - fewer cases than typical at this point","Tuvalu"
"TUV",5,8,NA,NA,NA,NA,86.2,136.2,0.450830861985003,0.276764582834626,2025,2025-08-01,0,"WHO",4,"2025/2026","Observed",0,0,36,39,NA,36,"Pacific Islands","Tuvalu",NA,NA,NA,"Unknown","Cannot determine",NA,"Low",21.6493138419089,"Below average - fewer cases than typical at this point","Tuvalu"
"TUV",6,9,0.808546895761555,34.4,0.750667146359667,170.6,34.4,170.6,0.679864062536704,0.229033200551701,2025,2025-09-01,26,"WHO",4,"2025/2026","Observed",26,26,36,39,NA,36,"Pacific Islands","Tuvalu",0.750667146359667,170.6,20.8050392088697,"Low","Below average - fewer cases than typical at this point",-0.73275633905542,"Low",21.6493138419089,"Below average - fewer cases than typical at this point","Tuvalu"
"TUV",7,10,0.564055893742158,11.8,0.743233070321947,182.4,11.8,182.4,0.727249591062524,0.04738552852582,2025,2025-10-01,3,"WHO",4,"2025/2026","Observed",29,29,36,39,NA,36,"Pacific Islands","Tuvalu",0.743233070321947,182.4,21.6135432766267,"Low","Below average - fewer cases than typical at this point",-0.723569108297775,"Low",21.6493138419089,"Below average - fewer cases than typical at this point","Tuvalu"
"TUV",8,11,0.491478103842333,9,0.730699585150465,191.4,9,191.4,0.756240871906858,0.0289912808443347,2025,2025-11-01,1,"WHO",4,"2025/2026","Observed",30,30,36,39,NA,36,"Pacific Islands","Tuvalu",0.730699585150465,191.4,21.7845016705852,"Low","Below average - fewer cases than typical at this point",-0.719454961641541,"Low",21.6493138419089,"Below average - fewer cases than typical at this point","Tuvalu"
"TUV",9,12,NA,NA,0.719011267892766,198.2,6.8,198.2,0.775107269998084,0.0188663980912253,2025,2025-12-01,0,"WHO",4,"2025/2026","Observed",30,30,36,39,NA,36,"Pacific Islands","Tuvalu",0.719011267892766,198.2,21.6493138419089,"Low","Below average - fewer cases than typical at this point",-0.718296695786275,"Low",21.6493138419089,"Below average - fewer cases than typical at this point","Tuvalu"
"TUV",10,1,1.21985216143336,13.2,1.10158706490923,211.4,13.2,211.4,0.934561107585055,0.159453837586971,2026,2026-01-01,6,"WHO",4,"2025/2026","Observed",36,6,36,6,NA,36,"Pacific Islands","Tuvalu",1.10158706490923,211.4,14.0813856891297,"Low","Below average - fewer cases than typical at this point",-0.868571194919893,"Extremely Low",1.75475785972517,"Rare good event - unusually low cases to date","Tuvalu"
"TUV",11,2,0.490119326064863,3.6,1.16364769734707,215,3.6,215,0.972106848779005,0.0375457411939506,2026,2026-02-01,0,"WHO",4,"2025/2026","Observed",36,6,36,6,NA,36,"Pacific Islands","Tuvalu",1.16364769734707,215,12.8025057048234,"Low","Below average - fewer cases than typical at this point",-0.895680724513211,"Extremely Low",1.75475785972517,"Rare good event - unusually low cases to date","Tuvalu"
"TUV",12,3,0.588346358981623,2.6,1.20340433644408,217.6,2.6,217.6,1,0.0278931512209945,2026,2026-03-01,0,"WHO",4,"2025/2026","Observed",36,6,36,6,NA,36,"Pacific Islands","Tuvalu",1.20340433644408,217.6,12.0239250690437,"Low","Below average - fewer cases than typical at this point",-0.912988163883899,"Extremely Low",1.75475785972517,"Rare good event - unusually low cases to date","Tuvalu"
"TUV",1,4,0.565417684698438,2.2,0.565417684698438,2.2,2.2,2.2,0.00813081564930696,0.00813081564930696,2026,2026-04-01,0,"Estimates",4,"2026/2027","Unobserved",0,6,NA,6,0.29270936337505,0,"Pacific Islands","Tuvalu",0.565417684698438,2.2,40.7573501247795,"Normal","Average - typical case load at this point",-0.670680479954021,"Extremely Low",1.75475785972517,"Rare good event - unusually low cases to date","Tuvalu"
"TUV",2,5,0.48057483482075,2.8,0.380265474042733,5,2.8,5,0.0192385477732943,0.0111077321239874,2026,2026-05-01,NA,NA,4,"2026/2027","Unobserved",0,6,NA,6,NA,0,"Pacific Islands","Tuvalu",0.380265474042733,5,36.5108653990635,"Normal","Average - typical case load at this point",-0.59446542080877,"Extremely Low",1.75475785972517,"Rare good event - unusually low cases to date","Tuvalu"
"TUV",3,6,0.432232277490121,2.8,0.318265013968625,7.80000000000001,2.8,7.8,0.0286432487729197,0.00940470099962543,2026,2026-06-01,NA,NA,4,"2026/2027","Unobserved",0,6,NA,6,NA,0,"Pacific Islands","Tuvalu",0.318265013968625,7.80000000000001,35.6701369399043,"Normal","Average - typical case load at this point",-0.552980910629629,"Extremely Low",1.75475785972517,"Rare good event - unusually low cases to date","Tuvalu"
"TUV",4,7,0.398957605740579,42.2,0.378826639680766,49.9999999999999,42.2,50,0.174066279150377,0.145423030377458,2026,2026-07-01,NA,NA,4,"2026/2027","Unobserved",0,6,NA,6,NA,0,"Pacific Islands","Tuvalu",0.378826639680766,49.9999999999999,15.6835772569499,"Low","Below average - fewer cases than typical at this point",-0.613170473692467,"Extremely Low",1.75475785972517,"Rare good event - unusually low cases to date","Tuvalu"
"TUV",5,8,NA,NA,NA,NA,86.2,136.2,0.450830861985003,0.276764582834626,2026,2026-08-01,NA,NA,4,"2026/2027","Unobserved",0,6,NA,6,NA,0,"Pacific Islands","Tuvalu",NA,NA,NA,"Unknown","Cannot determine",NA,"Extremely Low",1.75475785972517,"Rare good event - unusually low cases to date","Tuvalu"
"TUV",6,9,0.808546895761555,34.4,0.750667146359667,170.6,34.4,170.6,0.679864062536704,0.229033200551701,2026,2026-09-01,NA,NA,4,"2026/2027","Unobserved",0,6,NA,6,NA,0,"Pacific Islands","Tuvalu",0.750667146359667,170.6,1.69667157264154,"Extremely Low","Rare good event - unusually low cases to date",-0.864510590891111,"Extremely Low",1.75475785972517,"Rare good event - unusually low cases to date","Tuvalu"
"TUV",7,10,0.564055893742158,11.8,0.743233070321947,182.4,11.8,182.4,0.727249591062524,0.04738552852582,2026,2026-10-01,NA,NA,4,"2026/2027","Unobserved",0,6,NA,6,NA,0,"Pacific Islands","Tuvalu",0.743233070321947,182.4,1.66891741400117,"Extremely Low","Rare good event - unusually low cases to date",-0.860358574664369,"Extremely Low",1.75475785972517,"Rare good event - unusually low cases to date","Tuvalu"
"TUV",8,11,0.491478103842333,9,0.730699585150465,191.4,9,191.4,0.756240871906858,0.0289912808443347,2026,2026-11-01,NA,NA,4,"2026/2027","Unobserved",0,6,NA,6,NA,0,"Pacific Islands","Tuvalu",0.730699585150465,191.4,1.70533943078972,"Extremely Low","Rare good event - unusually low cases to date",-0.853182649679002,"Extremely Low",1.75475785972517,"Rare good event - unusually low cases to date","Tuvalu"
"TUV",9,12,NA,NA,0.719011267892766,198.2,6.8,198.2,0.775107269998084,0.0188663980912253,2026,2026-12-01,NA,NA,4,"2026/2027","Unobserved",0,6,NA,6,NA,0,"Pacific Islands","Tuvalu",0.719011267892766,198.2,1.75475785972517,"Extremely Low","Rare good event - unusually low cases to date",-0.846411445331984,"Extremely Low",1.75475785972517,"Rare good event - unusually low cases to date","Tuvalu"
"TWN",1,3,0.214747218391303,1.22222222222222,0.214747218391303,1.22222222222222,1.22222222222222,1.22222222222222,0.000353473986263842,0.000353473986263842,NA,NA,NA,NA,NA,NA,"Unobserved",0,0,NA,NA,NA,NA,"East & Southeast Asia","Taiwan",0.214747218391303,1.22222222222222,66.4847254189668,"Normal","Average - typical case load at this point",-0.427380886224991,"Extremely Low",1.60758821903735,"Rare good event - unusually low cases to date","Taiwan"
"TWN",2,4,0.229579480355352,3.77777777777778,NA,NA,3.77777777777778,5,0.00482958072016799,0.00447610673390415,NA,NA,NA,NA,NA,NA,"Unobserved",0,0,NA,NA,NA,NA,"East & Southeast Asia","Taiwan",NA,NA,NA,"Unknown","Cannot determine",NA,"Extremely Low",1.60758821903735,"Rare good event - unusually low cases to date","Taiwan"
"TWN",3,5,0.645005623270962,8.77777777777778,0.593494274122917,13.7777777777778,8.77777777777778,13.7777777777778,0.0221231696731007,0.0172935889529327,NA,NA,NA,NA,NA,NA,"Unobserved",0,0,NA,NA,NA,NA,"East & Southeast Asia","Taiwan",0.593494274122917,13.7777777777778,15.085413884766,"Low","Below average - fewer cases than typical at this point",-0.754310666767553,"Extremely Low",1.60758821903735,"Rare good event - unusually low cases to date","Taiwan"
"TWN",4,6,0.423789673824639,51.6666666666667,0.502978795586993,65.4444444444445,51.6666666666667,65.4444444444444,0.0682170431606538,0.0460938734875531,NA,NA,NA,NA,NA,NA,"Unobserved",0,0,NA,NA,NA,NA,"East & Southeast Asia","Taiwan",0.502978795586993,65.4444444444445,8.60731866181212,"Low","Below average - fewer cases than typical at this point",-0.706500242819172,"Extremely Low",1.60758821903735,"Rare good event - unusually low cases to date","Taiwan"
"TWN",5,7,0.380814863092182,203.444444444444,0.513102621301661,268.888888888889,203.444444444444,268.888888888889,0.110837357640247,0.0426203144795937,NA,NA,NA,NA,NA,NA,"Unobserved",0,0,NA,NA,NA,NA,"East & Southeast Asia","Taiwan",0.513102621301661,268.888888888889,4.02031433311437,"Extremely Low","Rare good event - unusually low cases to date",-0.715629350175988,"Extremely Low",1.60758821903735,"Rare good event - unusually low cases to date","Taiwan"
"TWN",6,8,0.362862376370519,1320.11111111111,0.437227973866467,1589,1320.11111111111,1589,0.242933348944032,0.132095991303784,NA,NA,NA,NA,NA,NA,"Unobserved",0,0,NA,NA,NA,NA,"East & Southeast Asia","Taiwan",0.437227973866467,1589,2.77481672460301,"Extremely Low","Rare good event - unusually low cases to date",-0.661141210075519,"Extremely Low",1.60758821903735,"Rare good event - unusually low cases to date","Taiwan"
"TWN",7,9,0.353836773274333,2913.77777777778,0.396953665340863,4502.77777777777,2913.77777777778,4502.77777777778,0.479862947505864,0.236929598561832,NA,NA,NA,NA,NA,NA,"Unobserved",0,0,NA,NA,NA,NA,"East & Southeast Asia","Taiwan",0.396953665340863,4502.77777777777,2.45720064607329,"Extremely Low","Rare good event - unusually low cases to date",-0.630014820444661,"Extremely Low",1.60758821903735,"Rare good event - unusually low cases to date","Taiwan"
"TWN",8,10,0.354197421851685,2718.33333333334,0.400768570423276,7221.11111111111,2718.33333333333,7221.11111111111,0.71453596202895,0.234673014523086,NA,NA,NA,NA,NA,NA,"Unobserved",0,0,NA,NA,NA,NA,"East & Southeast Asia","Taiwan",0.400768570423276,7221.11111111111,1.96986007716245,"Extremely Low","Rare good event - unusually low cases to date",-0.63304528208797,"Extremely Low",1.60758821903735,"Rare good event - unusually low cases to date","Taiwan"
"TWN",9,11,0.275166005508137,2330.22222222222,0.400698471848714,9551.33333333335,2330.22222222222,9551.33333333333,0.915514450695387,0.200978488666437,NA,NA,NA,NA,NA,NA,"Unobserved",0,0,NA,NA,NA,NA,"East & Southeast Asia","Taiwan",0.400698471848714,9551.33333333335,1.76212531345489,"Extremely Low","Rare good event - unusually low cases to date",-0.632994204090649,"Extremely Low",1.60758821903735,"Rare good event - unusually low cases to date","Taiwan"
"TWN",10,12,0.2770758283331,499.333333333333,0.407763954004713,10050.6666666667,499.333333333333,10050.6666666667,0.991323185753281,0.0758087350578943,NA,NA,NA,NA,NA,NA,"Unobserved",0,0,NA,NA,NA,NA,"East & Southeast Asia","Taiwan",0.407763954004713,10050.6666666667,1.61875370535017,"Extremely Low","Rare good event - unusually low cases to date",-0.638551024861096,"Extremely Low",1.60758821903735,"Rare good event - unusually low cases to date","Taiwan"
"TWN",11,1,0.396845307432839,60.7777777777778,0.408168666665922,10111.4444444444,60.7777777777778,10111.4444444444,0.999141682285026,0.00781849653174432,NA,NA,NA,NA,NA,NA,"Unobserved",0,0,NA,NA,NA,NA,"East & Southeast Asia","Taiwan",0.408168666665922,10111.4444444444,1.60883136472582,"Extremely Low","Rare good event - unusually low cases to date",-0.63886789775891,"Extremely Low",1.60758821903735,"Rare good event - unusually low cases to date","Taiwan"
"TWN",12,2,0.459799852580873,6.00000000000001,0.408226889246995,10117.4444444444,6,10117.4444444444,1,0.000858317714974152,NA,NA,NA,NA,NA,NA,"Unobserved",0,0,NA,NA,NA,NA,"East & Southeast Asia","Taiwan",0.408226889246995,10117.4444444444,1.60758821903735,"Extremely Low","Rare good event - unusually low cases to date",-0.638913467099057,"Extremely Low",1.60758821903735,"Rare good event - unusually low cases to date","Taiwan"
"TZA",9,1,0.489629053964943,472.333333333333,1.84245069169759,652.999999999999,472.333333333333,653,0.323791868724096,0.214981495759469,2025,2025-01-01,1,"WHO",5,"2024/2025","Observed",1,1,7,1498,NA,7,"Sub-Saharan Africa","United Republic Of Tanzania",1.84245069169759,652.999999999999,0.0056661197415197,"Extremely Low","Rare good event - unusually low cases to date",-1.35338241581521,"Normal",33.9529997623668,"Average - typical case load at this point","United Republic Of Tanzania"
"TZA",10,2,NA,NA,1.27302323109043,1025.66666666667,372.666666666667,1025.66666666667,0.493926741322389,0.170134872598293,2025,2025-02-01,3,"WHO",5,"2024/2025","Observed",4,4,7,1498,NA,7,"Sub-Saharan Africa","United Republic Of Tanzania",1.27302323109043,1025.66666666667,0.13887462450533,"Extremely Low","Rare good event - unusually low cases to date",-1.12318630210072,"Normal",33.9529997623668,"Average - typical case load at this point","United Republic Of Tanzania"
"TZA",11,3,0.735657457862366,291.333333333333,1.14308896396866,1317,291.333333333333,1317,0.62675517248156,0.132828431159171,2025,2025-03-01,0,"WHO",5,"2024/2025","Observed",4,4,7,1498,NA,7,"Sub-Saharan Africa","United Republic Of Tanzania",1.14308896396866,1317,0.188767074158354,"Extremely Low","Rare good event - unusually low cases to date",-1.06544387247465,"Normal",33.9529997623668,"Average - typical case load at this point","United Republic Of Tanzania"
"TZA",12,4,0.768643184559361,912.999999999999,6.46869603936278,2229.99999999999,913,2230,1,0.37324482751844,2025,2025-04-01,3,"WHO",5,"2024/2025","Observed",7,7,7,1498,NA,7,"Sub-Saharan Africa","United Republic Of Tanzania",6.46869603936278,2229.99999999999,8.90170723485486e-12,"Extremely Low","Rare good event - unusually low cases to date",-2.53171020092573,"Normal",33.9529997623668,"Average - typical case load at this point","United Republic Of Tanzania"
"TZA",1,5,604.583131088389,11.3333333333333,604.583131088389,11.3333333333333,11.3333333333333,11.3333333333333,0.00685400927839551,0.00685400927839551,2025,2025-05-01,10,"WHO",5,"2025/2026","Observed",10,17,2507,1498,NA,2507,"Sub-Saharan Africa","United Republic Of Tanzania",604.583131088389,11.3333333333333,42.2176583695328,"Normal","Average - typical case load at this point",-0.392398204365101,"Normal",33.9529997623668,"Average - typical case load at this point","United Republic Of Tanzania"
"TZA",2,6,1.14207542486733,26.6666666666667,2.42477298363284,38,26.6666666666667,38,0.0194214233313779,0.0125674140529824,2025,2025-06-01,62,"WHO",5,"2025/2026","Observed",72,79,2507,1498,NA,2507,"Sub-Saharan Africa","United Republic Of Tanzania",2.42477298363284,38,90.3579135370963,"High","Above average - more cases than typical at this point",1.35082430499585,"Normal",33.9529997623668,"Average - typical case load at this point","United Republic Of Tanzania"
"TZA",3,7,1.26824869516433,32.6666666666667,1.76504862047891,70.6666666666666,32.6666666666667,70.6666666666667,0.0342896110336284,0.0148681877022505,2025,2025-07-01,76,"WHO",5,"2025/2026","Observed",148,155,2507,1498,NA,2507,"Sub-Saharan Africa","United Republic Of Tanzania",1.76504862047891,70.6666666666666,91.1676360866014,"High","Above average - more cases than typical at this point",1.43606262233464,"Normal",33.9529997623668,"Average - typical case load at this point","United Republic Of Tanzania"
"TZA",4,8,1.79451670806351,11.6666666666667,2.96736148056836,82.3333333333333,11.6666666666667,82.3333333333333,0.0419710512604594,0.00768144022683099,2025,2025-08-01,2,"WHO",5,"2025/2026","Observed",150,157,2507,1498,NA,2507,"Sub-Saharan Africa","United Republic Of Tanzania",2.96736148056836,82.3333333333333,90.6992321432229,"High","Above average - more cases than typical at this point",1.39089990340885,"Normal",33.9529997623668,"Average - typical case load at this point","United Republic Of Tanzania"
"TZA",5,9,1.10264263865657,20.3333333333333,6.19429926540685,102.666666666667,20.3333333333333,102.666666666667,0.055938140717047,0.0139670894565876,2025,2025-09-01,2,"WHO",5,"2025/2026","Observed",152,159,2507,1498,NA,2507,"Sub-Saharan Africa","United Republic Of Tanzania",6.19429926540685,102.666666666667,87.6388398167659,"High","Above average - more cases than typical at this point",1.1614104512557,"Normal",33.9529997623668,"Average - typical case load at this point","United Republic Of Tanzania"
"TZA",6,10,NA,NA,9.92626731666594,119.666666666666,17,119.666666666667,0.0678580185649194,0.0119198778478724,2025,2025-10-01,0,"WHO",5,"2025/2026","Observed",152,159,2507,1498,NA,2507,"Sub-Saharan Africa","United Republic Of Tanzania",9.92626731666594,119.666666666666,80.8158820609955,"High","Above average - more cases than typical at this point",0.818024299733618,"Normal",33.9529997623668,"Average - typical case load at this point","United Republic Of Tanzania"
"TZA",7,11,NA,NA,14.6705300077872,161,41.3333333333333,161,0.0960998621742239,0.0282418436093045,2025,2025-11-01,0,"WHO",5,"2025/2026","Observed",152,159,2507,1498,NA,2507,"Sub-Saharan Africa","United Republic Of Tanzania",14.6705300077872,161,45.6471832655198,"Normal","Average - typical case load at this point",-0.204976001796027,"Normal",33.9529997623668,"Average - typical case load at this point","United Republic Of Tanzania"
"TZA",8,12,1.9201174795094,19.6666666666667,13.9717291448898,180.666666666667,19.6666666666667,180.666666666667,0.108810372964627,0.0127105107904031,2025,2025-12-01,4,"WHO",5,"2025/2026","Observed",156,163,2507,1498,NA,2507,"Sub-Saharan Africa","United Republic Of Tanzania",13.9717291448898,180.666666666667,33.9529997623668,"Normal","Average - typical case load at this point",-0.491679690751633,"Normal",33.9529997623668,"Average - typical case load at this point","United Republic Of Tanzania"
"TZA",9,1,0.489629053964943,472.333333333333,1.84245069169759,652.999999999999,472.333333333333,653,0.323791868724096,0.214981495759469,2026,2026-01-01,6,"WHO",5,"2025/2026","Observed",162,6,2507,2351,NA,2507,"Sub-Saharan Africa","United Republic Of Tanzania",1.84245069169759,652.999999999999,10.2924828748614,"Low","Below average - fewer cases than typical at this point",-1.01918829166452,"Extremely Low",1.03906860923603e-14,"Rare good event - unusually low cases to date","United Republic Of Tanzania"
"TZA",10,2,NA,NA,1.27302323109043,1025.66666666667,372.666666666667,1025.66666666667,0.493926741322389,0.170134872598293,2026,2026-02-01,2,"WHO",5,"2025/2026","Observed",164,8,2507,2351,NA,2507,"Sub-Saharan Africa","United Republic Of Tanzania",1.27302323109043,1025.66666666667,10.3334922275746,"Low","Below average - fewer cases than typical at this point",-0.947287631624918,"Extremely Low",1.03906860923603e-14,"Rare good event - unusually low cases to date","United Republic Of Tanzania"
"TZA",11,3,0.735657457862366,291.333333333333,1.14308896396866,1317,291.333333333333,1317,0.62675517248156,0.132828431159171,2026,2026-03-01,16,"WHO",5,"2025/2026","Observed",180,24,2507,2351,NA,2507,"Sub-Saharan Africa","United Republic Of Tanzania",1.14308896396866,1317,10.3779503346372,"Low","Below average - fewer cases than typical at this point",-0.922627329020315,"Extremely Low",1.03906860923603e-14,"Rare good event - unusually low cases to date","United Republic Of Tanzania"
"TZA",12,4,0.768643184559361,912.999999999999,6.46869603936278,2229.99999999999,913,2230,1,0.37324482751844,2026,2026-04-01,2327,"WHO",5,"2025/2026","Observed",2507,2351,2507,2351,NA,2507,"Sub-Saharan Africa","United Republic Of Tanzania",6.46869603936278,2229.99999999999,66.7872779260747,"Normal","Average - typical case load at this point",0.315467263003349,"Extremely Low",1.03906860923603e-14,"Rare good event - unusually low cases to date","United Republic Of Tanzania"
"TZA",1,5,604.583131088389,11.3333333333333,604.583131088389,11.3333333333333,11.3333333333333,11.3333333333333,0.00685400927839551,0.00685400927839551,2026,2026-05-01,NA,NA,5,"2026/2027","Unobserved",0,2351,NA,2351,NA,NA,"Sub-Saharan Africa","United Republic Of Tanzania",604.583131088389,11.3333333333333,0.00132910878517022,"Extremely Low","Rare good event - unusually low cases to date",-3.33538473710336,"Extremely Low",1.03906860923603e-14,"Rare good event - unusually low cases to date","United Republic Of Tanzania"
"TZA",2,6,1.14207542486733,26.6666666666667,2.42477298363284,38,26.6666666666667,38,0.0194214233313779,0.0125674140529824,2026,2026-06-01,NA,NA,5,"2026/2027","Unobserved",0,2351,NA,2351,NA,NA,"Sub-Saharan Africa","United Republic Of Tanzania",2.42477298363284,38,0.108889093852569,"Extremely Low","Rare good event - unusually low cases to date",-1.50974481146595,"Extremely Low",1.03906860923603e-14,"Rare good event - unusually low cases to date","United Republic Of Tanzania"
"TZA",3,7,1.26824869516433,32.6666666666667,1.76504862047891,70.6666666666666,32.6666666666667,70.6666666666667,0.0342896110336284,0.0148681877022505,2026,2026-07-01,NA,NA,5,"2026/2027","Unobserved",0,2351,NA,2351,NA,NA,"Sub-Saharan Africa","United Republic Of Tanzania",1.76504862047891,70.6666666666666,0.142125765111216,"Extremely Low","Rare good event - unusually low cases to date",-1.31226412040924,"Extremely Low",1.03906860923603e-14,"Rare good event - unusually low cases to date","United Republic Of Tanzania"
"TZA",4,8,1.79451670806351,11.6666666666667,2.96736148056836,82.3333333333333,11.6666666666667,82.3333333333333,0.0419710512604594,0.00768144022683099,2026,2026-08-01,NA,NA,5,"2026/2027","Unobserved",0,2351,NA,2351,NA,NA,"Sub-Saharan Africa","United Republic Of Tanzania",2.96736148056836,82.3333333333333,0.00469742244862045,"Extremely Low","Rare good event - unusually low cases to date",-1.6923757445418,"Extremely Low",1.03906860923603e-14,"Rare good event - unusually low cases to date","United Republic Of Tanzania"
"TZA",5,9,1.10264263865657,20.3333333333333,6.19429926540685,102.666666666667,20.3333333333333,102.666666666667,0.055938140717047,0.0139670894565876,2026,2026-09-01,NA,NA,5,"2026/2027","Unobserved",0,2351,NA,2351,NA,NA,"Sub-Saharan Africa","United Republic Of Tanzania",6.19429926540685,102.666666666667,1.9446467897224e-06,"Extremely Low","Rare good event - unusually low cases to date",-2.41698931747807,"Extremely Low",1.03906860923603e-14,"Rare good event - unusually low cases to date","United Republic Of Tanzania"
"TZA",6,10,NA,NA,9.92626731666594,119.666666666666,17,119.666666666667,0.0678580185649194,0.0119198778478724,2026,2026-10-01,NA,NA,5,"2026/2027","Unobserved",0,2351,NA,2351,NA,NA,"Sub-Saharan Africa","United Republic Of Tanzania",9.92626731666594,119.666666666666,8.40073003155809e-10,"Extremely Low","Rare good event - unusually low cases to date",-3.02753323303471,"Extremely Low",1.03906860923603e-14,"Rare good event - unusually low cases to date","United Republic Of Tanzania"
"TZA",7,11,NA,NA,14.6705300077872,161,41.3333333333333,161,0.0960998621742239,0.0282418436093045,2026,2026-11-01,NA,NA,5,"2026/2027","Unobserved",0,2351,NA,2351,NA,NA,"Sub-Saharan Africa","United Republic Of Tanzania",14.6705300077872,161,1.51864208091519e-14,"Extremely Low","Rare good event - unusually low cases to date",-3.6667929210178,"Extremely Low",1.03906860923603e-14,"Rare good event - unusually low cases to date","United Republic Of Tanzania"
"TZA",8,12,1.9201174795094,19.6666666666667,13.9717291448898,180.666666666667,19.6666666666667,180.666666666667,0.108810372964627,0.0127105107904031,2026,2026-12-01,NA,NA,5,"2026/2027","Unobserved",0,2351,NA,2351,NA,NA,"Sub-Saharan Africa","United Republic Of Tanzania",13.9717291448898,180.666666666667,1.03906860923603e-14,"Extremely Low","Rare good event - unusually low cases to date",-3.60122151874843,"Extremely Low",1.03906860923603e-14,"Rare good event - unusually low cases to date","United Republic Of Tanzania"
"URY",10,1,0.325296144065629,35.4,1.70774778966262,117.6,35.4,117.6,0.530564596536859,0.0700651836480544,2025,2025-01-01,0,"WHO",4,"2024/2025","Observed",0,0,1,15,NA,1,"South America","Uruguay",1.70774778966262,117.6,0.0708752855835474,"Extremely Low","Rare good event - unusually low cases to date",-1.29742183636921,"Low",9.84378753690809,"Below average - fewer cases than typical at this point","Uruguay"
"URY",11,2,0.220592104381145,229.8,0.89551706367904,347.399999999999,229.8,347.4,0.798484939731816,0.267920343194958,2025,2025-02-01,0,"WHO",4,"2024/2025","Observed",0,0,1,15,NA,1,"South America","Uruguay",0.89551706367904,347.399999999999,0.479428252359119,"Extremely Low","Rare good event - unusually low cases to date",-0.945100292338614,"Low",9.84378753690809,"Below average - fewer cases than typical at this point","Uruguay"
"URY",12,3,0.356661958492052,139.8,0.789384861502586,487.2,139.8,487.2,1,0.201515060268184,2025,2025-03-01,1,"PAHO",4,"2024/2025","Observed",1,1,1,15,NA,1,"South America","Uruguay",0.789384861502586,487.2,1.11975911512217,"Extremely Low","Rare good event - unusually low cases to date",-0.885932275721482,"Low",9.84378753690809,"Below average - fewer cases than typical at this point","Uruguay"
"URY",1,4,0.43729743680428,39.6,0.43729743680428,39.6,39.6,39.6,0.219432028296657,0.219432028296657,2025,2025-04-01,1,"PAHO",4,"2025/2026","Observed",1,2,6,15,NA,6,"South America","Uruguay",0.43729743680428,39.6,19.8728424871992,"Low","Below average - fewer cases than typical at this point",-0.641055750587017,"Low",9.84378753690809,"Below average - fewer cases than typical at this point","Uruguay"
"URY",2,5,0.641252663681382,6.6,0.428659851517824,46.2,6.6,46.2,0.256788908797642,0.0373568805009853,2025,2025-05-01,4,"PAHO",4,"2025/2026","Observed",5,6,6,15,NA,6,"South America","Uruguay",0.428659851517824,46.2,31.4959434993595,"Normal","Average - typical case load at this point",-0.581173985307977,"Low",9.84378753690809,"Below average - fewer cases than typical at this point","Uruguay"
"URY",3,6,0.663474191554928,2.8,0.423979375315892,49,2.8,49,0.27213276992753,0.0153438611298873,2025,2025-06-01,0,"WHO",4,"2025/2026","Observed",5,6,6,15,NA,6,"South America","Uruguay",0.423979375315892,49,31.0309524663468,"Normal","Average - typical case load at this point",-0.582181159770172,"Low",9.84378753690809,"Below average - fewer cases than typical at this point","Uruguay"
"URY",4,7,0.761337629619619,3,0.420565061067633,52,3,52,0.287913312280125,0.0157805423525948,2025,2025-07-01,0,"WHO",4,"2025/2026","Observed",5,6,6,15,NA,6,"South America","Uruguay",0.420565061067633,52,30.5008661559422,"Normal","Average - typical case load at this point",-0.583797098580791,"Low",9.84378753690809,"Below average - fewer cases than typical at this point","Uruguay"
"URY",5,8,0.922137938640059,2.2,0.419151798343512,54.2,2.2,54.2,0.301230146382985,0.0133168341028603,2025,2025-08-01,0,"WHO",4,"2025/2026","Observed",5,6,6,15,NA,6,"South America","Uruguay",0.419151798343512,54.2,30.0814685728556,"Normal","Average - typical case load at this point",-0.585434956378502,"Low",9.84378753690809,"Below average - fewer cases than typical at this point","Uruguay"
"URY",6,9,0.922137938640059,2.2,0.417702790627669,56.4000000000001,2.2,56.4,0.314546980485845,0.0133168341028603,2025,2025-09-01,0,"WHO",4,"2025/2026","Observed",5,6,6,15,NA,6,"South America","Uruguay",0.417702790627669,56.4000000000001,29.6925147353159,"Normal","Average - typical case load at this point",-0.586834205352858,"Low",9.84378753690809,"Below average - fewer cases than typical at this point","Uruguay"
"URY",7,10,0.818860667532324,3.4,0.415217687934838,59.8,3.4,59.8,0.33544764295856,0.0209006624727149,2025,2025-10-01,0,"WHO",4,"2025/2026","Observed",5,6,6,15,NA,6,"South America","Uruguay",0.415217687934838,59.8,29.1568590401946,"Normal","Average - typical case load at this point",-0.588457034769314,"Low",9.84378753690809,"Below average - fewer cases than typical at this point","Uruguay"
"URY",8,11,0.685618181277655,6.4,0.411675839799352,66.2,6.4,66.2,0.374722469591465,0.0392748266329052,2025,2025-11-01,1,"PAHO",4,"2025/2026","Observed",6,7,6,15,NA,6,"South America","Uruguay",0.411675839799352,66.2,30.097262385672,"Normal","Average - typical case load at this point",-0.581661081733808,"Low",9.84378753690809,"Below average - fewer cases than typical at this point","Uruguay"
"URY",9,12,1.07258429691658,16,0.899359716330096,82.1999999999999,16,82.2,0.460499412888804,0.0857769432973389,2025,2025-12-01,0,"WHO",4,"2025/2026","Observed",6,7,6,15,NA,6,"South America","Uruguay",0.899359716330096,82.1999999999999,9.84378753690809,"Low","Below average - fewer cases than typical at this point",-0.874353271374738,"Low",9.84378753690809,"Below average - fewer cases than typical at this point","Uruguay"
"URY",10,1,0.325296144065629,35.4,1.70774778966262,117.6,35.4,117.6,0.530564596536859,0.0700651836480544,2026,2026-01-01,0,"WHO",4,"2025/2026","Observed",6,0,6,0,NA,6,"South America","Uruguay",1.70774778966262,117.6,1.30052260976704,"Extremely Low","Rare good event - unusually low cases to date",-1.23122684471772,"Extremely Low",1.70671403861013,"Rare good event - unusually low cases to date","Uruguay"
"URY",11,2,0.220592104381145,229.8,0.89551706367904,347.399999999999,229.8,347.4,0.798484939731816,0.267920343194958,2026,2026-02-01,0,"WHO",4,"2025/2026","Observed",6,0,6,0,NA,6,"South America","Uruguay",0.89551706367904,347.399999999999,2.81276801876767,"Extremely Low","Rare good event - unusually low cases to date",-0.928777316650555,"Extremely Low",1.70671403861013,"Rare good event - unusually low cases to date","Uruguay"
"URY",12,3,0.356661958492052,139.8,0.789384861502586,487.2,139.8,487.2,1,0.201515060268184,2026,2026-03-01,0,"WHO",4,"2025/2026","Observed",6,0,6,0,NA,6,"South America","Uruguay",0.789384861502586,487.2,3.08363675312217,"Extremely Low","Rare good event - unusually low cases to date",-0.876821495428172,"Extremely Low",1.70671403861013,"Rare good event - unusually low cases to date","Uruguay"
"URY",1,4,0.43729743680428,39.6,0.43729743680428,39.6,39.6,39.6,0.219432028296657,0.219432028296657,2026,2026-04-01,0,"WHO",4,"2026/2027","Observed",0,0,0,0,NA,0,"South America","Uruguay",0.43729743680428,39.6,13.8726344743124,"Low","Below average - fewer cases than typical at this point",-0.657663412519323,"Extremely Low",1.70671403861013,"Rare good event - unusually low cases to date","Uruguay"
"URY",2,5,0.641252663681382,6.6,0.428659851517824,46.2,6.6,46.2,0.256788908797642,0.0373568805009853,2026,2026-05-01,NA,NA,4,"2026/2027","Unobserved",0,0,0,0,NA,0,"South America","Uruguay",0.428659851517824,46.2,13.3972916770123,"Low","Below average - fewer cases than typical at this point",-0.651704808767683,"Extremely Low",1.70671403861013,"Rare good event - unusually low cases to date","Uruguay"
"URY",3,6,0.663474191554928,2.8,0.423979375315892,49,2.8,49,0.27213276992753,0.0153438611298873,2026,2026-06-01,NA,NA,4,"2026/2027","Unobserved",0,0,0,0,NA,0,"South America","Uruguay",0.423979375315892,49,13.2986390831385,"Low","Below average - fewer cases than typical at this point",-0.648338109744055,"Extremely Low",1.70671403861013,"Rare good event - unusually low cases to date","Uruguay"
"URY",4,7,0.761337629619619,3,0.420565061067633,52,3,52,0.287913312280125,0.0157805423525948,2026,2026-07-01,NA,NA,4,"2026/2027","Unobserved",0,0,0,0,NA,0,"South America","Uruguay",0.420565061067633,52,13.1412006372238,"Low","Below average - fewer cases than typical at this point",-0.645903172897896,"Extremely Low",1.70671403861013,"Rare good event - unusually low cases to date","Uruguay"
"URY",5,8,0.922137938640059,2.2,0.419151798343512,54.2,2.2,54.2,0.301230146382985,0.0133168341028603,2026,2026-08-01,NA,NA,4,"2026/2027","Unobserved",0,0,0,0,NA,0,"South America","Uruguay",0.419151798343512,54.2,12.9868852945222,"Low","Below average - fewer cases than typical at this point",-0.644930378774692,"Extremely Low",1.70671403861013,"Rare good event - unusually low cases to date","Uruguay"
"URY",6,9,0.922137938640059,2.2,0.417702790627669,56.4000000000001,2.2,56.4,0.314546980485845,0.0133168341028603,2026,2026-09-01,NA,NA,4,"2026/2027","Unobserved",0,0,0,0,NA,0,"South America","Uruguay",0.417702790627669,56.4000000000001,12.8464319263593,"Low","Below average - fewer cases than typical at this point",-0.64391924478407,"Extremely Low",1.70671403861013,"Rare good event - unusually low cases to date","Uruguay"
"URY",7,10,0.818860667532324,3.4,0.415217687934838,59.8,3.4,59.8,0.33544764295856,0.0209006624727149,2026,2026-10-01,NA,NA,4,"2026/2027","Unobserved",0,0,0,0,NA,0,"South America","Uruguay",0.415217687934838,59.8,12.6629782371604,"Low","Below average - fewer cases than typical at this point",-0.642148370058485,"Extremely Low",1.70671403861013,"Rare good event - unusually low cases to date","Uruguay"
"URY",8,11,0.685618181277655,6.4,0.411675839799352,66.2,6.4,66.2,0.374722469591465,0.0392748266329052,2026,2026-11-01,NA,NA,4,"2026/2027","Unobserved",0,0,0,0,NA,0,"South America","Uruguay",0.411675839799352,66.2,12.3199837947338,"Low","Below average - fewer cases than typical at this point",-0.639633947022891,"Extremely Low",1.70671403861013,"Rare good event - unusually low cases to date","Uruguay"
"URY",9,12,1.07258429691658,16,0.899359716330096,82.1999999999999,16,82.2,0.460499412888804,0.0857769432973389,2026,2026-12-01,NA,NA,4,"2026/2027","Unobserved",0,0,0,0,NA,0,"South America","Uruguay",0.899359716330096,82.1999999999999,1.70671403861013,"Extremely Low","Rare good event - unusually low cases to date",-0.943199985656214,"Extremely Low",1.70671403861013,"Rare good event - unusually low cases to date","Uruguay"
"USA",11,1,0.616131284362325,31.4,1.27784089145936,723.799999999999,31.4,723.8,0.93823481808197,0.0476524382493009,2025,2025-01-01,78,"PAHO",3,"2024/2025","Observed",78,78,143,1295,NA,143,"North & Central America","United States Of America",1.27784089145936,723.799999999999,6.49132492318139,"Low","Below average - fewer cases than typical at this point",-1.00770827687939,"High",77.1068082278048,"Above average - more cases than typical at this point","United States Of America"
"USA",12,2,0.477106328604878,29.6666666666667,1.365546850619,753.466666666667,29.6666666666667,753.466666666667,1,0.0617651819180299,2025,2025-02-01,65,"PAHO",3,"2024/2025","Observed",143,143,143,1295,NA,143,"North & Central America","United States Of America",1.365546850619,753.466666666667,11.3407928520693,"Low","Below average - fewer cases than typical at this point",-0.945927872878463,"High",77.1068082278048,"Above average - more cases than typical at this point","United States Of America"
"USA",1,3,0.680173023719839,39,0.680173023719839,39,39,39,0.0473074574400276,0.0473074574400276,2025,2025-03-01,71,"PAHO",3,"2025/2026","Observed",71,214,1064,1295,NA,1064,"North & Central America","United States Of America",0.680173023719839,39,82.6975335453094,"High","Above average - more cases than typical at this point",0.67087343921948,"High",77.1068082278048,"Above average - more cases than typical at this point","United States Of America"
"USA",2,4,0.630864721080939,29.5333333333333,0.639722894304417,68.5333333333333,29.5333333333333,68.5333333333333,0.0811389197465922,0.0338314623065647,2025,2025-04-01,62,"PAHO",3,"2025/2026","Observed",133,276,1064,1295,NA,1064,"North & Central America","United States Of America",0.639722894304417,68.5333333333333,84.0811519160233,"High","Above average - more cases than typical at this point",0.748879171610444,"High",77.1068082278048,"Above average - more cases than typical at this point","United States Of America"
"USA",3,5,0.848403901069728,30,0.691284832250521,98.5333333333334,30,98.5333333333333,0.120111990667998,0.0389730709214062,2025,2025-05-01,46,"PAHO",3,"2025/2026","Observed",179,322,1064,1295,NA,1064,"North & Central America","United States Of America",0.691284832250521,98.5333333333334,82.6290600613451,"High","Above average - more cases than typical at this point",0.676617489382773,"High",77.1068082278048,"Above average - more cases than typical at this point","United States Of America"
"USA",4,6,0.56164593240154,35.7333333333334,0.664240403839497,134.266666666667,35.7333333333333,134.266666666667,0.161449633752842,0.0413376430848438,2025,2025-06-01,79,"PAHO",3,"2025/2026","Observed",258,401,1064,1295,NA,1064,"North & Central America","United States Of America",0.664240403839497,134.266666666667,83.917492714372,"High","Above average - more cases than typical at this point",0.749220296152756,"High",77.1068082278048,"Above average - more cases than typical at this point","United States Of America"
"USA",5,7,0.92478242588781,70.0666666666665,0.721212095682681,204.333333333333,70.0666666666667,204.333333333333,0.259839213940869,0.098389580188027,2025,2025-07-01,79,"PAHO",3,"2025/2026","Observed",337,480,1064,1295,NA,1064,"North & Central America","United States Of America",0.721212095682681,204.333333333333,80.1411167712472,"High","Above average - more cases than typical at this point",0.550413412171192,"High",77.1068082278048,"Above average - more cases than typical at this point","United States Of America"
"USA",6,8,0.756036035804906,89.3999999999999,0.707800793826673,293.733333333333,89.4,293.733333333333,0.369436441336158,0.109597227395289,2025,2025-08-01,120,"PAHO",3,"2025/2026","Observed",457,600,1064,1295,NA,1064,"North & Central America","United States Of America",0.707800793826673,293.733333333333,78.5235283440734,"High","Above average - more cases than typical at this point",0.467064856686269,"High",77.1068082278048,"Above average - more cases than typical at this point","United States Of America"
"USA",7,9,0.618510127580289,116.133333333333,0.670340414018785,409.866666666666,116.133333333333,409.866666666667,0.493738859361579,0.124302418025421,2025,2025-09-01,213,"PAHO",3,"2025/2026","Observed",670,813,1064,1295,NA,1064,"North & Central America","United States Of America",0.670340414018785,409.866666666666,79.8323806972046,"High","Above average - more cases than typical at this point",0.51921382978428,"High",77.1068082278048,"Above average - more cases than typical at this point","United States Of America"
"USA",8,10,0.728998966444021,109.4,0.675455182220643,519.266666666667,109.4,519.266666666667,0.629834506608855,0.136095647247276,2025,2025-10-01,133,"PAHO",3,"2025/2026","Observed",803,946,1064,1295,NA,1064,"North & Central America","United States Of America",0.675455182220643,519.266666666667,78.34964727474,"High","Above average - more cases than typical at this point",0.448782491975228,"High",77.1068082278048,"Above average - more cases than typical at this point","United States Of America"
"USA",9,11,0.88688753507418,88.0666666666666,0.686887555590331,607.333333333333,88.0666666666667,607.333333333333,0.75050369217831,0.120669185569455,2025,2025-11-01,132,"PAHO",3,"2025/2026","Observed",935,1078,1064,1295,NA,1064,"North & Central America","United States Of America",0.686887555590331,607.333333333333,78.2239170712226,"High","Above average - more cases than typical at this point",0.446891934810544,"High",77.1068082278048,"Above average - more cases than typical at this point","United States Of America"
"USA",10,12,1.39273907737728,85.0666666666666,1.23579252907906,692.399999999998,85.0666666666667,692.4,0.890582379832669,0.14007868765436,2025,2025-12-01,75,"PAHO",3,"2025/2026","Observed",1010,1153,1064,1295,NA,1064,"North & Central America","United States Of America",1.23579252907906,692.399999999998,77.1068082278048,"High","Above average - more cases than typical at this point",0.509458718968554,"High",77.1068082278048,"Above average - more cases than typical at this point","United States Of America"
"USA",11,1,0.616131284362325,31.4,1.27784089145936,723.799999999999,31.4,723.8,0.93823481808197,0.0476524382493009,2026,2026-01-01,27,"PAHO",3,"2025/2026","Observed",1037,27,1064,1294,NA,1064,"North & Central America","United States Of America",1.27784089145936,723.799999999999,76.4967317596227,"High","Above average - more cases than typical at this point",0.488718229047115,"Extremely Low",4.48747011878143,"Rare good event - unusually low cases to date","United States Of America"
"USA",12,2,0.477106328604878,29.6666666666667,1.365546850619,753.466666666667,29.6666666666667,753.466666666667,1,0.0617651819180299,2026,2026-02-01,27,"PAHO",3,"2025/2026","Observed",1064,54,1064,1294,NA,1064,"North & Central America","United States Of America",1.365546850619,753.466666666667,76.0721924429973,"High","Above average - more cases than typical at this point",0.481176371286216,"Extremely Low",4.48747011878143,"Rare good event - unusually low cases to date","United States Of America"
"USA",1,3,0.680173023719839,39,0.680173023719839,39,39,39,0.0473074574400276,0.0473074574400276,2026,2026-03-01,37,"PAHO",3,"2026/2027","Observed",37,91,629,1294,NA,629,"North & Central America","United States Of America",0.680173023719839,39,64.733594833836,"Normal","Average - typical case load at this point",-0.0419295899512174,"Extremely Low",4.48747011878143,"Rare good event - unusually low cases to date","United States Of America"
"USA",2,4,0.630864721080939,29.5333333333333,0.639722894304417,68.5333333333333,29.5333333333333,68.5333333333333,0.0811389197465922,0.0338314623065647,2026,2026-04-01,14,"PAHO",3,"2026/2027","Observed",51,105,629,1294,NA,629,"North & Central America","United States Of America",0.639722894304417,68.5333333333333,58.3752765336309,"Normal","Average - typical case load at this point",-0.203676548224971,"Extremely Low",4.48747011878143,"Rare good event - unusually low cases to date","United States Of America"
"USA",3,5,0.848403901069728,30,0.691284832250521,98.5333333333334,30,98.5333333333333,0.120111990667998,0.0389730709214062,2026,2026-05-01,NA,NA,3,"2026/2027","Unobserved",51,105,629,1294,NA,629,"North & Central America","United States Of America",0.691284832250521,98.5333333333334,47.4135255088047,"Normal","Average - typical case load at this point",-0.399692021482948,"Extremely Low",4.48747011878143,"Rare good event - unusually low cases to date","United States Of America"
"USA",4,6,0.56164593240154,35.7333333333334,0.664240403839497,134.266666666667,35.7333333333333,134.266666666667,0.161449633752842,0.0413376430848438,2026,2026-06-01,NA,NA,3,"2026/2027","Unobserved",51,105,629,1294,NA,629,"North & Central America","United States Of America",0.664240403839497,134.266666666667,40.5740559463915,"Normal","Average - typical case load at this point",-0.504189735934693,"Extremely Low",4.48747011878143,"Rare good event - unusually low cases to date","United States Of America"
"USA",5,7,0.92478242588781,70.0666666666665,0.721212095682681,204.333333333333,70.0666666666667,204.333333333333,0.259839213940869,0.098389580188027,2026,2026-07-01,NA,NA,3,"2026/2027","Unobserved",51,105,629,1294,NA,629,"North & Central America","United States Of America",0.721212095682681,204.333333333333,29.8266726868232,"Normal","Average - typical case load at this point",-0.636156205021981,"Extremely Low",4.48747011878143,"Rare good event - unusually low cases to date","United States Of America"
"USA",6,8,0.756036035804906,89.3999999999999,0.707800793826673,293.733333333333,89.4,293.733333333333,0.369436441336158,0.109597227395289,2026,2026-08-01,NA,NA,3,"2026/2027","Unobserved",51,105,629,1294,NA,629,"North & Central America","United States Of America",0.707800793826673,293.733333333333,23.9350323445187,"Low","Below average - fewer cases than typical at this point",-0.694398996812865,"Extremely Low",4.48747011878143,"Rare good event - unusually low cases to date","United States Of America"
"USA",7,9,0.618510127580289,116.133333333333,0.670340414018785,409.866666666666,116.133333333333,409.866666666667,0.493738859361579,0.124302418025421,2026,2026-09-01,NA,NA,3,"2026/2027","Unobserved",51,105,629,1294,NA,629,"North & Central America","United States Of America",0.670340414018785,409.866666666666,20.4580355133545,"Low","Below average - fewer cases than typical at this point",-0.716280893318493,"Extremely Low",4.48747011878143,"Rare good event - unusually low cases to date","United States Of America"
"USA",8,10,0.728998966444021,109.4,0.675455182220643,519.266666666667,109.4,519.266666666667,0.629834506608855,0.136095647247276,2026,2026-10-01,NA,NA,3,"2026/2027","Unobserved",51,105,629,1294,NA,629,"North & Central America","United States Of America",0.675455182220643,519.266666666667,17.4089038642997,"Low","Below average - fewer cases than typical at this point",-0.740659826981673,"Extremely Low",4.48747011878143,"Rare good event - unusually low cases to date","United States Of America"
"USA",9,11,0.88688753507418,88.0666666666666,0.686887555590331,607.333333333333,88.0666666666667,607.333333333333,0.75050369217831,0.120669185569455,2026,2026-11-01,NA,NA,3,"2026/2027","Unobserved",51,105,629,1294,NA,629,"North & Central America","United States Of America",0.686887555590331,607.333333333333,15.3519449830694,"Low","Below average - fewer cases than typical at this point",-0.758761586163576,"Extremely Low",4.48747011878143,"Rare good event - unusually low cases to date","United States Of America"
"USA",10,12,1.39273907737728,85.0666666666666,1.23579252907906,692.399999999998,85.0666666666667,692.4,0.890582379832669,0.14007868765436,2026,2026-12-01,NA,NA,3,"2026/2027","Unobserved",51,105,629,1294,NA,629,"North & Central America","United States Of America",1.23579252907906,692.399999999998,4.48747011878143,"Extremely Low","Rare good event - unusually low cases to date",-1.02886279076331,"Extremely Low",4.48747011878143,"Rare good event - unusually low cases to date","United States Of America"
"VCT",10,1,0.390499541260215,58.909090909091,1.16604984756516,269.272727272727,58.9090909090909,269.272727272727,0.883567919395684,0.196160496580249,2025,2025-01-01,0,"WHO",4,"2024/2025","Observed",0,0,2,12,NA,2,"Caribbean","Saint Vincent And The Grenadines",1.16604984756516,269.272727272727,0.174534722336799,"Extremely Low","Rare good event - unusually low cases to date",-1.07750739898561,"Low",9.39485228921366,"Below average - fewer cases than typical at this point","Saint Vincent And The Grenadines"
"VCT",11,2,0.42034904215891,21.6363636363636,1.18851530418525,290.90909090909,21.6363636363636,290.909090909091,0.953118040698411,0.0695501213027267,2025,2025-02-01,2,"PAHO",4,"2024/2025","Observed",2,2,2,12,NA,2,"Caribbean","Saint Vincent And The Grenadines",1.18851530418525,290.90909090909,0.500741735334551,"Extremely Low","Rare good event - unusually low cases to date",-1.08049049652407,"Low",9.39485228921366,"Below average - fewer cases than typical at this point","Saint Vincent And The Grenadines"
"VCT",12,3,0.370249541668507,14.7272727272727,1.18934528211858,305.636363636364,14.7272727272727,305.636363636364,1,0.0468819593015894,2025,2025-03-01,0,"WHO",4,"2024/2025","Observed",2,2,2,12,NA,2,"Caribbean","Saint Vincent And The Grenadines",1.18934528211858,305.636363636364,0.470922601432746,"Extremely Low","Rare good event - unusually low cases to date",-1.0813327924772,"Low",9.39485228921366,"Below average - fewer cases than typical at this point","Saint Vincent And The Grenadines"
"VCT",1,4,0.641227945051362,15.8181818181818,0.641227945051362,15.8181818181818,15.8181818181818,15.8181818181818,0.0511055841935099,0.0511055841935099,2025,2025-04-01,1,"PAHO",4,"2025/2026","Observed",1,3,8,12,NA,8,"Caribbean","Saint Vincent And The Grenadines",0.641227945051362,15.8181818181818,20.1725069642119,"Low","Below average - fewer cases than typical at this point",-0.735386629560315,"Low",9.39485228921366,"Below average - fewer cases than typical at this point","Saint Vincent And The Grenadines"
"VCT",2,5,0.794852426950799,21.5454545454546,0.725971165750233,37.3636363636364,21.5454545454545,37.3636363636364,0.124785528665567,0.0736799444720576,2025,2025-05-01,0,"WHO",4,"2025/2026","Observed",1,3,8,12,NA,8,"Caribbean","Saint Vincent And The Grenadines",0.725971165750233,37.3636363636364,9.65938352832554,"Low","Below average - fewer cases than typical at this point",-0.82129499221356,"Low",9.39485228921366,"Below average - fewer cases than typical at this point","Saint Vincent And The Grenadines"
"VCT",3,6,0.617838660952152,22.5454545454546,0.688517003301232,59.909090909091,22.5454545454545,59.9090909090909,0.191268360210275,0.0664828315447076,2025,2025-06-01,2,"PAHO",4,"2025/2026","Observed",3,5,8,12,NA,8,"Caribbean","Saint Vincent And The Grenadines",0.688517003301232,59.909090909091,12.6134597501894,"Low","Below average - fewer cases than typical at this point",-0.783727124670096,"Low",9.39485228921366,"Below average - fewer cases than typical at this point","Saint Vincent And The Grenadines"
"VCT",4,7,0.508553165056184,13.9090909090909,0.669343584173043,73.8181818181818,13.9090909090909,73.8181818181818,0.238021543725182,0.0467531835149069,2025,2025-07-01,0,"WHO",4,"2025/2026","Observed",3,5,8,12,NA,8,"Caribbean","Saint Vincent And The Grenadines",0.669343584173043,73.8181818181818,11.5060508776448,"Low","Below average - fewer cases than typical at this point",-0.781350473486251,"Low",9.39485228921366,"Below average - fewer cases than typical at this point","Saint Vincent And The Grenadines"
"VCT",5,8,0.481022497668337,18.6363636363636,0.647455201989519,92.4545454545454,18.6363636363636,92.4545454545455,0.299248151349766,0.061226607624584,2025,2025-08-01,0,"WHO",4,"2025/2026","Observed",3,5,8,12,NA,8,"Caribbean","Saint Vincent And The Grenadines",0.647455201989519,92.4545454545454,10.5408332081274,"Low","Below average - fewer cases than typical at this point",-0.775824758465718,"Low",9.39485228921366,"Below average - fewer cases than typical at this point","Saint Vincent And The Grenadines"
"VCT",6,9,0.663793468775953,17.9090909090909,0.649282303558168,110.363636363636,17.9090909090909,110.363636363636,0.367424382281285,0.0681762309315188,2025,2025-09-01,0,"WHO",4,"2025/2026","Observed",3,5,8,12,NA,8,"Caribbean","Saint Vincent And The Grenadines",0.649282303558168,110.363636363636,9.36853628093414,"Low","Below average - fewer cases than typical at this point",-0.781581433730402,"Low",9.39485228921366,"Below average - fewer cases than typical at this point","Saint Vincent And The Grenadines"
"VCT",7,10,0.611911946678092,26.7272727272727,0.685916482711123,137.090909090909,26.7272727272727,137.090909090909,0.456703458483829,0.0892790762025447,2025,2025-10-01,1,"PAHO",4,"2025/2026","Observed",4,6,8,12,NA,8,"Caribbean","Saint Vincent And The Grenadines",0.685916482711123,137.090909090909,8.51021474195897,"Low","Below average - fewer cases than typical at this point",-0.802031814303175,"Low",9.39485228921366,"Below average - fewer cases than typical at this point","Saint Vincent And The Grenadines"
"VCT",8,11,0.44787504835964,23,0.662764130677089,160.090909090909,23,160.090909090909,0.528924344639231,0.0722208861554018,2025,2025-11-01,0,"WHO",4,"2025/2026","Observed",4,6,8,12,NA,8,"Caribbean","Saint Vincent And The Grenadines",0.662764130677089,160.090909090909,8.22224138421872,"Low","Below average - fewer cases than typical at this point",-0.792124270071163,"Low",9.39485228921366,"Below average - fewer cases than typical at this point","Saint Vincent And The Grenadines"
"VCT",9,12,0.495826572374646,50.2727272727273,0.634363855708824,210.363636363636,50.2727272727273,210.363636363636,0.687407422815435,0.158483078176204,2025,2025-12-01,2,"PAHO",4,"2025/2026","Observed",6,8,8,12,NA,8,"Caribbean","Saint Vincent And The Grenadines",0.634363855708824,210.363636363636,9.39485228921366,"Low","Below average - fewer cases than typical at this point",-0.772588665622208,"Low",9.39485228921366,"Below average - fewer cases than typical at this point","Saint Vincent And The Grenadines"
"VCT",10,1,0.390499541260215,58.909090909091,1.16604984756516,269.272727272727,58.9090909090909,269.272727272727,0.883567919395684,0.196160496580249,2026,2026-01-01,1,"PAHO",4,"2025/2026","Observed",7,1,8,59,NA,8,"Caribbean","Saint Vincent And The Grenadines",1.16604984756516,269.272727272727,1.81454721690655,"Extremely Low","Rare good event - unusually low cases to date",-1.04949657193568,"Extremely Low",4.10217450965002,"Rare good event - unusually low cases to date","Saint Vincent And The Grenadines"
"VCT",11,2,0.42034904215891,21.6363636363636,1.18851530418525,290.90909090909,21.6363636363636,290.909090909091,0.953118040698411,0.0695501213027267,2026,2026-02-01,1,"PAHO",4,"2025/2026","Observed",8,2,8,59,NA,8,"Caribbean","Saint Vincent And The Grenadines",1.18851530418525,290.90909090909,1.78300891324723,"Extremely Low","Rare good event - unusually low cases to date",-1.05805110924572,"Extremely Low",4.10217450965002,"Rare good event - unusually low cases to date","Saint Vincent And The Grenadines"
"VCT",12,3,0.370249541668507,14.7272727272727,1.18934528211858,305.636363636364,14.7272727272727,305.636363636364,1,0.0468819593015894,2026,2026-03-01,0,"WHO",4,"2025/2026","Observed",8,2,8,59,NA,8,"Caribbean","Saint Vincent And The Grenadines",1.18934528211858,305.636363636364,1.67921532131491,"Extremely Low","Rare good event - unusually low cases to date",-1.05996513849412,"Extremely Low",4.10217450965002,"Rare good event - unusually low cases to date","Saint Vincent And The Grenadines"
"VCT",1,4,0.641227945051362,15.8181818181818,0.641227945051362,15.8181818181818,15.8181818181818,15.8181818181818,0.0511055841935099,0.0511055841935099,2026,2026-04-01,1,"PAHO",4,"2026/2027","Observed",1,3,20,59,NA,20,"Caribbean","Saint Vincent And The Grenadines",0.641227945051362,15.8181818181818,20.1725069642119,"Low","Below average - fewer cases than typical at this point",-0.735386629560315,"Extremely Low",4.10217450965002,"Rare good event - unusually low cases to date","Saint Vincent And The Grenadines"
"VCT",2,5,0.794852426950799,21.5454545454546,0.725971165750233,37.3636363636364,21.5454545454545,37.3636363636364,0.124785528665567,0.0736799444720576,2026,2026-05-01,NA,"PAHO",4,"2026/2027","Unobserved",1,3,20,59,NA,20,"Caribbean","Saint Vincent And The Grenadines",0.725971165750233,37.3636363636364,9.65938352832554,"Low","Below average - fewer cases than typical at this point",-0.82129499221356,"Extremely Low",4.10217450965002,"Rare good event - unusually low cases to date","Saint Vincent And The Grenadines"
"VCT",3,6,0.617838660952152,22.5454545454546,0.688517003301232,59.909090909091,22.5454545454545,59.9090909090909,0.191268360210275,0.0664828315447076,2026,2026-06-01,NA,NA,4,"2026/2027","Unobserved",1,3,20,59,NA,20,"Caribbean","Saint Vincent And The Grenadines",0.688517003301232,59.909090909091,7.70263353572813,"Low","Below average - fewer cases than typical at this point",-0.811270250457223,"Extremely Low",4.10217450965002,"Rare good event - unusually low cases to date","Saint Vincent And The Grenadines"
"VCT",4,7,0.508553165056184,13.9090909090909,0.669343584173043,73.8181818181818,13.9090909090909,73.8181818181818,0.238021543725182,0.0467531835149069,2026,2026-07-01,NA,NA,4,"2026/2027","Unobserved",1,3,20,59,NA,20,"Caribbean","Saint Vincent And The Grenadines",0.669343584173043,73.8181818181818,7.09921555252267,"Low","Below average - fewer cases than typical at this point",-0.80341685399549,"Extremely Low",4.10217450965002,"Rare good event - unusually low cases to date","Saint Vincent And The Grenadines"
"VCT",5,8,0.481022497668337,18.6363636363636,0.647455201989519,92.4545454545454,18.6363636363636,92.4545454545455,0.299248151349766,0.061226607624584,2026,2026-08-01,NA,NA,4,"2026/2027","Unobserved",1,3,20,59,NA,20,"Caribbean","Saint Vincent And The Grenadines",0.647455201989519,92.4545454545454,6.5853527125497,"Low","Below average - fewer cases than typical at this point",-0.79317043395987,"Extremely Low",4.10217450965002,"Rare good event - unusually low cases to date","Saint Vincent And The Grenadines"
"VCT",6,9,0.663793468775953,17.9090909090909,0.649282303558168,110.363636363636,17.9090909090909,110.363636363636,0.367424382281285,0.0681762309315188,2026,2026-09-01,NA,NA,4,"2026/2027","Unobserved",1,3,20,59,NA,20,"Caribbean","Saint Vincent And The Grenadines",0.649282303558168,110.363636363636,5.84097688967305,"Low","Below average - fewer cases than typical at this point",-0.796140952394304,"Extremely Low",4.10217450965002,"Rare good event - unusually low cases to date","Saint Vincent And The Grenadines"
"VCT",7,10,0.611911946678092,26.7272727272727,0.685916482711123,137.090909090909,26.7272727272727,137.090909090909,0.456703458483829,0.0892790762025447,2026,2026-10-01,NA,NA,4,"2026/2027","Unobserved",1,3,20,59,NA,20,"Caribbean","Saint Vincent And The Grenadines",0.685916482711123,137.090909090909,4.42950352948829,"Extremely Low","Rare good event - unusually low cases to date",-0.82011040028132,"Extremely Low",4.10217450965002,"Rare good event - unusually low cases to date","Saint Vincent And The Grenadines"
"VCT",8,11,0.44787504835964,23,0.662764130677089,160.090909090909,23,160.090909090909,0.528924344639231,0.0722208861554018,2026,2026-11-01,NA,NA,4,"2026/2027","Unobserved",1,3,20,59,NA,20,"Caribbean","Saint Vincent And The Grenadines",0.662764130677089,160.090909090909,4.3606899012809,"Extremely Low","Rare good event - unusually low cases to date",-0.807348557148827,"Extremely Low",4.10217450965002,"Rare good event - unusually low cases to date","Saint Vincent And The Grenadines"
"VCT",9,12,0.495826572374646,50.2727272727273,0.634363855708824,210.363636363636,50.2727272727273,210.363636363636,0.687407422815435,0.158483078176204,2026,2026-12-01,NA,NA,4,"2026/2027","Unobserved",1,3,20,59,NA,20,"Caribbean","Saint Vincent And The Grenadines",0.634363855708824,210.363636363636,4.10217450965002,"Extremely Low","Rare good event - unusually low cases to date",-0.791490968384317,"Extremely Low",4.10217450965002,"Rare good event - unusually low cases to date","Saint Vincent And The Grenadines"
"VEN",10,1,1.0464606207377,4011.35714285715,1.15664397378371,28580.8571428571,4011.35714285714,28580.8571428571,0.844986800857872,0.12404231487771,2025,2025-01-01,NA,"WHO",4,"2024/2025","Unobserved",0,0,NA,NA,NA,NA,"South America","Venezuela",1.15664397378371,28580.8571428571,0.000829825238843862,"Extremely Low","Rare good event - unusually low cases to date",-1.07545207575226,"Extremely Low",0.00137961668282695,"Rare good event - unusually low cases to date","Venezuela"
"VEN",11,2,1.16056266954217,2661.92857142858,1.17670516643818,31242.7857142857,2661.92857142857,31242.7857142857,0.930057632350649,0.0850708314927777,2025,2025-02-01,NA,"WHO",4,"2024/2025","Unobserved",0,0,NA,NA,NA,NA,"South America","Venezuela",1.17670516643818,31242.7857142857,0.000622501641794766,"Extremely Low","Rare good event - unusually low cases to date",-1.0847399916821,"Extremely Low",0.00137961668282695,"Rare good event - unusually low cases to date","Venezuela"
"VEN",12,3,1.31265534932877,1951.21428571429,1.20581929959743,33194.0000000001,1951.21428571429,33194,1,0.0699423676493507,2025,2025-03-01,NA,"WHO",4,"2024/2025","Unobserved",0,0,NA,NA,NA,NA,"South America","Venezuela",1.20581929959743,33194.0000000001,0.000443008186194754,"Extremely Low","Rare good event - unusually low cases to date",-1.09807809289054,"Extremely Low",0.00137961668282695,"Rare good event - unusually low cases to date","Venezuela"
"VEN",1,4,1.15599802906129,1899.42857142856,1.15599802906129,1899.42857142856,1899.42857142857,1899.42857142857,0.0671448284228732,0.0671448284228732,2025,2025-04-01,NA,"WHO",4,"2025/2026","Unobserved",0,0,NA,NA,NA,NA,"South America","Venezuela",1.15599802906129,1899.42857142856,0.0191598072901303,"Extremely Low","Rare good event - unusually low cases to date",-1.07484646022079,"Extremely Low",0.00137961668282695,"Rare good event - unusually low cases to date","Venezuela"
"VEN",2,5,1.19145093313186,2634.78571428571,1.18939100120965,4534.2142857143,2634.78571428571,4534.21428571429,0.156494624075994,0.0893497956531208,2025,2025-05-01,NA,"WHO",4,"2025/2026","Unobserved",0,0,NA,NA,NA,NA,"South America","Venezuela",1.18939100120965,4534.2142857143,0.00550103433634321,"Extremely Low","Rare good event - unusually low cases to date",-1.09044903058363,"Extremely Low",0.00137961668282695,"Rare good event - unusually low cases to date","Venezuela"
"VEN",3,6,0.62830854876696,2356.5,1.20151612284625,6890.71428571429,2356.5,6890.71428571429,0.225087335528497,0.0685927114525031,2025,2025-06-01,NA,"WHO",4,"2025/2026","Unobserved",0,0,NA,NA,NA,NA,"South America","Venezuela",1.20151612284625,6890.71428571429,0.00304767780831759,"Extremely Low","Rare good event - unusually low cases to date",-1.09604135601512,"Extremely Low",0.00137961668282695,"Rare good event - unusually low cases to date","Venezuela"
"VEN",4,7,0.674916217220323,2445,1.24227550520951,9335.7142857143,2445,9335.71428571429,0.299858576039989,0.0747712405114915,2025,2025-07-01,NA,"WHO",4,"2025/2026","Unobserved",0,0,NA,NA,NA,NA,"South America","Venezuela",1.24227550520951,9335.7142857143,0.00153093155349659,"Extremely Low","Rare good event - unusually low cases to date",-1.11449998713641,"Extremely Low",0.00137961668282695,"Rare good event - unusually low cases to date","Venezuela"
"VEN",5,8,0.653212852504982,2515.14285714285,1.24012069096931,11850.8571428572,2515.14285714286,11850.8571428571,0.373633050825707,0.0737744747857181,2025,2025-08-01,NA,"WHO",4,"2025/2026","Unobserved",0,0,NA,NA,NA,NA,"South America","Venezuela",1.24012069096931,11850.8571428572,0.00115853419265101,"Extremely Low","Rare good event - unusually low cases to date",-1.11354880153514,"Extremely Low",0.00137961668282695,"Rare good event - unusually low cases to date","Venezuela"
"VEN",6,9,0.610298064095974,2893.92857142857,1.2252704790564,14744.7857142857,2893.92857142857,14744.7857142857,0.457233183331532,0.0836001325058255,2025,2025-09-01,NA,"WHO",4,"2025/2026","Unobserved",0,0,NA,NA,NA,NA,"South America","Venezuela",1.2252704790564,14744.7857142857,0.00100081581950399,"Extremely Low","Rare good event - unusually low cases to date",-1.10687337546021,"Extremely Low",0.00137961668282695,"Rare good event - unusually low cases to date","Venezuela"
"VEN",7,10,0.588857685778682,3490.78571428571,1.18426776964973,18235.5714285715,3490.78571428571,18235.5714285714,0.552756619199033,0.0955234358675012,2025,2025-10-01,NA,"WHO",4,"2025/2026","Unobserved",0,0,NA,NA,NA,NA,"South America","Venezuela",1.18426776964973,18235.5714285715,0.00109870594278235,"Extremely Low","Rare good event - unusually low cases to date",-1.08820534140554,"Extremely Low",0.00137961668282695,"Rare good event - unusually low cases to date","Venezuela"
"VEN",8,11,0.580534152838245,3434.07142857144,1.15730425530703,21669.6428571429,3434.07142857143,21669.6428571429,0.64746444640833,0.0947078272092965,2025,2025-11-01,NA,"WHO",4,"2025/2026","Unobserved",0,0,NA,NA,NA,NA,"South America","Venezuela",1.15730425530703,21669.6428571429,0.00113632246472822,"Extremely Low","Rare good event - unusually low cases to date",-1.07575203964443,"Extremely Low",0.00137961668282695,"Rare good event - unusually low cases to date","Venezuela"
"VEN",9,12,0.552190203172232,2899.85714285715,1.11951361849275,24569.5000000001,2899.85714285714,24569.5,0.720944485980162,0.0734800395718321,2025,2025-12-01,NA,"WHO",4,"2025/2026","Unobserved",0,0,NA,NA,NA,NA,"South America","Venezuela",1.11951361849275,24569.5000000001,0.00137961668282695,"Extremely Low","Rare good event - unusually low cases to date",-1.05804660104396,"Extremely Low",0.00137961668282695,"Rare good event - unusually low cases to date","Venezuela"
"VEN",10,1,1.0464606207377,4011.35714285715,1.15664397378371,28580.8571428571,4011.35714285714,28580.8571428571,0.844986800857872,0.12404231487771,2026,2026-01-01,NA,"WHO",4,"2025/2026","Unobserved",0,0,NA,NA,NA,NA,"South America","Venezuela",1.15664397378371,28580.8571428571,0.000829825238843862,"Extremely Low","Rare good event - unusually low cases to date",-1.07545207575226,"Extremely Low",0.00137961668282695,"Rare good event - unusually low cases to date","Venezuela"
"VEN",11,2,1.16056266954217,2661.92857142858,1.17670516643818,31242.7857142857,2661.92857142857,31242.7857142857,0.930057632350649,0.0850708314927777,2026,2026-02-01,NA,"WHO",4,"2025/2026","Unobserved",0,0,NA,NA,NA,NA,"South America","Venezuela",1.17670516643818,31242.7857142857,0.000622501641794766,"Extremely Low","Rare good event - unusually low cases to date",-1.0847399916821,"Extremely Low",0.00137961668282695,"Rare good event - unusually low cases to date","Venezuela"
"VEN",12,3,1.31265534932877,1951.21428571429,1.20581929959743,33194.0000000001,1951.21428571429,33194,1,0.0699423676493507,2026,2026-03-01,NA,"WHO",4,"2025/2026","Unobserved",0,0,NA,NA,NA,NA,"South America","Venezuela",1.20581929959743,33194.0000000001,0.000443008186194754,"Extremely Low","Rare good event - unusually low cases to date",-1.09807809289054,"Extremely Low",0.00137961668282695,"Rare good event - unusually low cases to date","Venezuela"
"VEN",1,4,1.15599802906129,1899.42857142856,1.15599802906129,1899.42857142856,1899.42857142857,1899.42857142857,0.0671448284228732,0.0671448284228732,2026,2026-04-01,NA,"WHO",4,"2026/2027","Unobserved",0,0,NA,NA,NA,NA,"South America","Venezuela",1.15599802906129,1899.42857142856,0.0191598072901303,"Extremely Low","Rare good event - unusually low cases to date",-1.07484646022079,"Extremely Low",0.00137961668282695,"Rare good event - unusually low cases to date","Venezuela"
"VEN",2,5,1.19145093313186,2634.78571428571,1.18939100120965,4534.2142857143,2634.78571428571,4534.21428571429,0.156494624075994,0.0893497956531208,2026,2026-05-01,NA,NA,4,"2026/2027","Unobserved",0,0,NA,NA,NA,NA,"South America","Venezuela",1.18939100120965,4534.2142857143,0.00550103433634321,"Extremely Low","Rare good event - unusually low cases to date",-1.09044903058363,"Extremely Low",0.00137961668282695,"Rare good event - unusually low cases to date","Venezuela"
"VEN",3,6,0.62830854876696,2356.5,1.20151612284625,6890.71428571429,2356.5,6890.71428571429,0.225087335528497,0.0685927114525031,2026,2026-06-01,NA,NA,4,"2026/2027","Unobserved",0,0,NA,NA,NA,NA,"South America","Venezuela",1.20151612284625,6890.71428571429,0.00304767780831759,"Extremely Low","Rare good event - unusually low cases to date",-1.09604135601512,"Extremely Low",0.00137961668282695,"Rare good event - unusually low cases to date","Venezuela"
"VEN",4,7,0.674916217220323,2445,1.24227550520951,9335.7142857143,2445,9335.71428571429,0.299858576039989,0.0747712405114915,2026,2026-07-01,NA,NA,4,"2026/2027","Unobserved",0,0,NA,NA,NA,NA,"South America","Venezuela",1.24227550520951,9335.7142857143,0.00153093155349659,"Extremely Low","Rare good event - unusually low cases to date",-1.11449998713641,"Extremely Low",0.00137961668282695,"Rare good event - unusually low cases to date","Venezuela"
"VEN",5,8,0.653212852504982,2515.14285714285,1.24012069096931,11850.8571428572,2515.14285714286,11850.8571428571,0.373633050825707,0.0737744747857181,2026,2026-08-01,NA,NA,4,"2026/2027","Unobserved",0,0,NA,NA,NA,NA,"South America","Venezuela",1.24012069096931,11850.8571428572,0.00115853419265101,"Extremely Low","Rare good event - unusually low cases to date",-1.11354880153514,"Extremely Low",0.00137961668282695,"Rare good event - unusually low cases to date","Venezuela"
"VEN",6,9,0.610298064095974,2893.92857142857,1.2252704790564,14744.7857142857,2893.92857142857,14744.7857142857,0.457233183331532,0.0836001325058255,2026,2026-09-01,NA,NA,4,"2026/2027","Unobserved",0,0,NA,NA,NA,NA,"South America","Venezuela",1.2252704790564,14744.7857142857,0.00100081581950399,"Extremely Low","Rare good event - unusually low cases to date",-1.10687337546021,"Extremely Low",0.00137961668282695,"Rare good event - unusually low cases to date","Venezuela"
"VEN",7,10,0.588857685778682,3490.78571428571,1.18426776964973,18235.5714285715,3490.78571428571,18235.5714285714,0.552756619199033,0.0955234358675012,2026,2026-10-01,NA,NA,4,"2026/2027","Unobserved",0,0,NA,NA,NA,NA,"South America","Venezuela",1.18426776964973,18235.5714285715,0.00109870594278235,"Extremely Low","Rare good event - unusually low cases to date",-1.08820534140554,"Extremely Low",0.00137961668282695,"Rare good event - unusually low cases to date","Venezuela"
"VEN",8,11,0.580534152838245,3434.07142857144,1.15730425530703,21669.6428571429,3434.07142857143,21669.6428571429,0.64746444640833,0.0947078272092965,2026,2026-11-01,NA,NA,4,"2026/2027","Unobserved",0,0,NA,NA,NA,NA,"South America","Venezuela",1.15730425530703,21669.6428571429,0.00113632246472822,"Extremely Low","Rare good event - unusually low cases to date",-1.07575203964443,"Extremely Low",0.00137961668282695,"Rare good event - unusually low cases to date","Venezuela"
"VEN",9,12,0.552190203172232,2899.85714285715,1.11951361849275,24569.5000000001,2899.85714285714,24569.5,0.720944485980162,0.0734800395718321,2026,2026-12-01,NA,NA,4,"2026/2027","Unobserved",0,0,NA,NA,NA,NA,"South America","Venezuela",1.11951361849275,24569.5000000001,0.00137961668282695,"Extremely Low","Rare good event - unusually low cases to date",-1.05804660104396,"Extremely Low",0.00137961668282695,"Rare good event - unusually low cases to date","Venezuela"
"VGB",10,1,1.13135175308869,18.25,1.2699220220079,150,18.25,150,0.834121746987984,0.170415229559994,2025,2025-01-01,11,"PAHO",4,"2024/2025","Observed",11,11,21,88,NA,21,"Caribbean","Virgin Islands (Uk)",1.2699220220079,150,4.55645632601438,"Extremely Low","Rare good event - unusually low cases to date",-1.03987564442519,"Normal",29.8440029147696,"Average - typical case load at this point","Virgin Islands (Uk)"
"VGB",11,2,0.914643431350346,8.58333333333332,1.41949347409874,158.583333333333,8.58333333333333,158.583333333333,0.910618011836935,0.0764962648489507,2025,2025-02-01,4,"PAHO",4,"2024/2025","Observed",15,15,21,88,NA,21,"Caribbean","Virgin Islands (Uk)",1.41949347409874,158.583333333333,4.68694139403986,"Extremely Low","Rare good event - unusually low cases to date",-1.0739353368205,"Normal",29.8440029147696,"Average - typical case load at this point","Virgin Islands (Uk)"
"VGB",12,3,0.995845211696987,10.1666666666667,1.55170432871029,168.75,10.1666666666667,168.75,1,0.0893819881630654,2025,2025-03-01,6,"PAHO",4,"2024/2025","Observed",21,21,21,88,NA,21,"Caribbean","Virgin Islands (Uk)",1.55170432871029,168.75,5.4372966510457,"Low","Below average - fewer cases than typical at this point",-1.08567687518793,"Normal",29.8440029147696,"Average - typical case load at this point","Virgin Islands (Uk)"
"VGB",1,4,0.451940849060067,6.16666666666667,0.451940849060067,6.16666666666667,6.16666666666667,6.16666666666667,0.0296710062280538,0.0296710062280538,2025,2025-04-01,4,"PAHO",4,"2025/2026","Observed",4,25,35,88,NA,36,"Caribbean","Virgin Islands (Uk)",0.451940849060067,6.16666666666667,62.3469981568197,"Normal","Average - typical case load at this point",-0.227994489046051,"Normal",29.8440029147696,"Average - typical case load at this point","Virgin Islands (Uk)"
"VGB",2,5,0.655849397400397,16.3333333333333,0.663629945881764,22.5,16.3333333333333,22.5,0.105368001331889,0.0756969951038354,2025,2025-05-01,1,"PAHO",4,"2025/2026","Observed",5,26,35,88,NA,36,"Caribbean","Virgin Islands (Uk)",0.663629945881764,22.5,31.9555132740628,"Normal","Average - typical case load at this point",-0.624462650509986,"Normal",29.8440029147696,"Average - typical case load at this point","Virgin Islands (Uk)"
"VGB",3,6,0.401157917970503,6.58333333333333,0.639729986081729,29.0833333333333,6.58333333333333,29.0833333333333,0.133994903792406,0.0286269024605171,2025,2025-06-01,1,"PAHO",4,"2025/2026","Observed",6,27,35,88,NA,36,"Caribbean","Virgin Islands (Uk)",0.639729986081729,29.0833333333333,31.0299103820395,"Normal","Average - typical case load at this point",-0.627954248668963,"Normal",29.8440029147696,"Average - typical case load at this point","Virgin Islands (Uk)"
"VGB",4,7,0.550904487703221,9.83333333333333,0.652901343403373,38.9166666666667,9.83333333333333,38.9166666666667,0.179798459683261,0.0458035558908549,2025,2025-07-01,1,"PAHO",4,"2025/2026","Observed",7,28,35,88,NA,36,"Caribbean","Virgin Islands (Uk)",0.652901343403373,38.9166666666667,27.8964796675429,"Normal","Average - typical case load at this point",-0.65719286124142,"Normal",29.8440029147696,"Average - typical case load at this point","Virgin Islands (Uk)"
"VGB",5,8,0.610075605020036,23.1666666666667,0.65909705862038,62.0833333333333,23.1666666666667,62.0833333333333,0.29365197061313,0.113853510929868,2025,2025-08-01,0,"WHO",4,"2025/2026","Observed",7,28,35,88,NA,36,"Caribbean","Virgin Islands (Uk)",0.65909705862038,62.0833333333333,20.7716905123782,"Low","Below average - fewer cases than typical at this point",-0.716517361642117,"Normal",29.8440029147696,"Average - typical case load at this point","Virgin Islands (Uk)"
"VGB",6,9,0.599742572487239,16.25,0.693378984222482,78.3333333333334,16.25,78.3333333333333,0.380807460102879,0.0871554894897492,2025,2025-09-01,8,"PAHO",4,"2025/2026","Observed",15,36,35,88,NA,36,"Caribbean","Virgin Islands (Uk)",0.693378984222482,78.3333333333334,26.6051024665929,"Normal","Average - typical case load at this point",-0.670281792330571,"Normal",29.8440029147696,"Average - typical case load at this point","Virgin Islands (Uk)"
"VGB",7,10,0.71998078349389,27.5833333333333,0.697762583996958,105.916666666667,27.5833333333333,105.916666666667,0.522871423284795,0.142063963181916,2025,2025-10-01,7,"WHO",4,"2025/2026","Observed",22,43,35,88,NA,36,"Caribbean","Virgin Islands (Uk)",0.697762583996958,105.916666666667,27.5835749765582,"Normal","Average - typical case load at this point",-0.659647495560657,"Normal",29.8440029147696,"Average - typical case load at this point","Virgin Islands (Uk)"
"VGB",8,11,0.608251700030651,14.8333333333333,0.711957191735276,120.75,14.8333333333333,120.75,0.601946324441233,0.0790749011564383,2025,2025-11-01,10,"PAHO",4,"2025/2026","Observed",32,53,35,88,NA,36,"Caribbean","Virgin Islands (Uk)",0.711957191735276,120.75,31.4728898593542,"Normal","Average - typical case load at this point",-0.618346056239034,"Normal",29.8440029147696,"Average - typical case load at this point","Virgin Islands (Uk)"
"VGB",9,12,0.721026985796383,11,0.727671902514329,131.75,11,131.75,0.66370651742799,0.0617601929867567,2025,2025-12-01,1,"Estimates",4,"2025/2026","Unobserved",33,54,35,88,1.29696405272189,36,"Caribbean","Virgin Islands (Uk)",0.727671902514329,131.75,29.8440029147696,"Normal","Average - typical case load at this point",-0.637614598062843,"Normal",29.8440029147696,"Average - typical case load at this point","Virgin Islands (Uk)"
"VGB",10,1,1.13135175308869,18.25,1.2699220220079,150,18.25,150,0.834121746987984,0.170415229559994,2026,2026-01-01,0,"WHO",4,"2025/2026","Observed",33,0,35,3,NA,36,"Caribbean","Virgin Islands (Uk)",1.2699220220079,150,15.3192235910912,"Low","Below average - fewer cases than typical at this point",-0.875291010055735,"Extremely Low",3.90630531106491,"Rare good event - unusually low cases to date","Virgin Islands (Uk)"
"VGB",11,2,0.914643431350346,8.58333333333332,1.41949347409874,158.583333333333,8.58333333333333,158.583333333333,0.910618011836935,0.0764962648489507,2026,2026-02-01,0,"WHO",4,"2025/2026","Observed",33,0,35,3,NA,36,"Caribbean","Virgin Islands (Uk)",1.41949347409874,158.583333333333,12.3498544891402,"Low","Below average - fewer cases than typical at this point",-0.939303861049617,"Extremely Low",3.90630531106491,"Rare good event - unusually low cases to date","Virgin Islands (Uk)"
"VGB",12,3,0.995845211696987,10.1666666666667,1.55170432871029,168.75,10.1666666666667,168.75,1,0.0893819881630654,2026,2026-03-01,3,"PAHO",4,"2025/2026","Observed",36,3,35,3,NA,36,"Caribbean","Virgin Islands (Uk)",1.55170432871029,168.75,11.1488120419049,"Low","Below average - fewer cases than typical at this point",-0.975455872630784,"Extremely Low",3.90630531106491,"Rare good event - unusually low cases to date","Virgin Islands (Uk)"
"VGB",1,4,0.451940849060067,6.16666666666667,0.451940849060067,6.16666666666667,6.16666666666667,6.16666666666667,0.0296710062280538,0.0296710062280538,2026,2026-04-01,1,"Estimates",4,"2026/2027","Unobserved",1,4,NA,3,1.03848521798188,34,"Caribbean","Virgin Islands (Uk)",0.451940849060067,6.16666666666667,42.2472155148113,"Normal","Average - typical case load at this point",-0.543679166186738,"Extremely Low",3.90630531106491,"Rare good event - unusually low cases to date","Virgin Islands (Uk)"
"VGB",2,5,0.655849397400397,16.3333333333333,0.663629945881764,22.5,16.3333333333333,22.5,0.105368001331889,0.0756969951038354,2026,2026-05-01,NA,NA,4,"2026/2027","Unobserved",1,4,NA,3,NA,34,"Caribbean","Virgin Islands (Uk)",0.663629945881764,22.5,15.5654981658104,"Low","Below average - fewer cases than typical at this point",-0.767196970626554,"Extremely Low",3.90630531106491,"Rare good event - unusually low cases to date","Virgin Islands (Uk)"
"VGB",3,6,0.401157917970503,6.58333333333333,0.639729986081729,29.0833333333333,6.58333333333333,29.0833333333333,0.133994903792406,0.0286269024605171,2026,2026-06-01,NA,NA,4,"2026/2027","Unobserved",1,4,NA,3,NA,34,"Caribbean","Virgin Islands (Uk)",0.639729986081729,29.0833333333333,13.9514161124313,"Low","Below average - fewer cases than typical at this point",-0.763973219499785,"Extremely Low",3.90630531106491,"Rare good event - unusually low cases to date","Virgin Islands (Uk)"
"VGB",4,7,0.550904487703221,9.83333333333333,0.652901343403373,38.9166666666667,9.83333333333333,38.9166666666667,0.179798459683261,0.0458035558908549,2026,2026-07-01,NA,NA,4,"2026/2027","Unobserved",1,4,NA,3,NA,34,"Caribbean","Virgin Islands (Uk)",0.652901343403373,38.9166666666667,11.2616362588833,"Low","Below average - fewer cases than typical at this point",-0.780738255521792,"Extremely Low",3.90630531106491,"Rare good event - unusually low cases to date","Virgin Islands (Uk)"
"VGB",5,8,0.610075605020036,23.1666666666667,0.65909705862038,62.0833333333333,23.1666666666667,62.0833333333333,0.29365197061313,0.113853510929868,2026,2026-08-01,NA,NA,4,"2026/2027","Unobserved",1,4,NA,3,NA,34,"Caribbean","Virgin Islands (Uk)",0.65909705862038,62.0833333333333,8.20272765992739,"Low","Below average - fewer cases than typical at this point",-0.79456463855321,"Extremely Low",3.90630531106491,"Rare good event - unusually low cases to date","Virgin Islands (Uk)"
"VGB",6,9,0.599742572487239,16.25,0.693378984222482,78.3333333333334,16.25,78.3333333333333,0.380807460102879,0.0871554894897492,2026,2026-09-01,NA,NA,4,"2026/2027","Unobserved",1,4,NA,3,NA,34,"Caribbean","Virgin Islands (Uk)",0.693378984222482,78.3333333333334,6.32480226424346,"Low","Below average - fewer cases than typical at this point",-0.818449346424697,"Extremely Low",3.90630531106491,"Rare good event - unusually low cases to date","Virgin Islands (Uk)"
"VGB",7,10,0.71998078349389,27.5833333333333,0.697762583996958,105.916666666667,27.5833333333333,105.916666666667,0.522871423284795,0.142063963181916,2026,2026-10-01,NA,NA,4,"2026/2027","Unobserved",1,4,NA,3,NA,34,"Caribbean","Virgin Islands (Uk)",0.697762583996958,105.916666666667,5.06661792528171,"Low","Below average - fewer cases than typical at this point",-0.824723134966104,"Extremely Low",3.90630531106491,"Rare good event - unusually low cases to date","Virgin Islands (Uk)"
"VGB",8,11,0.608251700030651,14.8333333333333,0.711957191735276,120.75,14.8333333333333,120.75,0.601946324441233,0.0790749011564383,2026,2026-11-01,NA,NA,4,"2026/2027","Unobserved",1,4,NA,3,NA,34,"Caribbean","Virgin Islands (Uk)",0.711957191735276,120.75,4.3990021853346,"Extremely Low","Rare good event - unusually low cases to date",-0.834331720953514,"Extremely Low",3.90630531106491,"Rare good event - unusually low cases to date","Virgin Islands (Uk)"
"VGB",9,12,0.721026985796383,11,0.727671902514329,131.75,11,131.75,0.66370651742799,0.0617601929867567,2026,2026-12-01,NA,NA,4,"2026/2027","Unobserved",1,4,NA,3,NA,34,"Caribbean","Virgin Islands (Uk)",0.727671902514329,131.75,3.90630531106491,"Extremely Low","Rare good event - unusually low cases to date",-0.844234012118651,"Extremely Low",3.90630531106491,"Rare good event - unusually low cases to date","Virgin Islands (Uk)"
"VNM",11,1,2.32400059888069,8929.66666666668,3.23526699517763,134916.933333333,8929.66666666667,134916.933333333,0.960122336806749,0.0734331070895342,2025,2025-01-01,8655,"WHO",3,"2024/2025","Observed",8655,8655,13578,182941,NA,13578,"East & Southeast Asia","Viet Nam",3.23526699517763,134916.933333333,0.0649562821845946,"Extremely Low","Rare good event - unusually low cases to date",-1.68327793459576,"Extremely Low",2.37804228719558,"Rare good event - unusually low cases to date","Viet Nam"
"VNM",12,2,2.03076844049551,4871.06666666666,3.34792830753395,139788,4871.06666666667,139788,1,0.0398776631932507,2025,2025-02-01,4923,"WHO",3,"2024/2025","Observed",13578,13578,13578,182941,NA,13578,"East & Southeast Asia","Viet Nam",3.34792830753395,139788,0.192189695727447,"Extremely Low","Rare good event - unusually low cases to date",-1.65198747215161,"Extremely Low",2.37804228719558,"Rare good event - unusually low cases to date","Viet Nam"
"VNM",1,3,1.80064534434873,4319.26666666666,1.80064534434873,4319.26666666666,4319.26666666667,4319.26666666667,0.0291613983799255,0.0291613983799255,2025,2025-03-01,2903,"WHO",3,"2025/2026","Observed",2903,16481,96653,182941,NA,36062,"East & Southeast Asia","Viet Nam",1.80064534434873,4319.26666666666,40.4382996652644,"Normal","Average - typical case load at this point",-0.439904698154908,"Extremely Low",2.37804228719558,"Rare good event - unusually low cases to date","Viet Nam"
"VNM",2,4,1.30473351544785,4031.06666666666,1.68868486809027,8350.3333333333,4031.06666666667,8350.33333333333,0.0573811853075917,0.0282197869276662,2025,2025-04-01,2654,"WHO",3,"2025/2026","Observed",5557,19135,96653,182941,NA,36062,"East & Southeast Asia","Viet Nam",1.68868486809027,8350.3333333333,40.9407440468465,"Normal","Average - typical case load at this point",-0.434659672451164,"Extremely Low",2.37804228719558,"Rare good event - unusually low cases to date","Viet Nam"
"VNM",3,5,2.13328476041997,5411.06666666666,1.95088557640887,13761.4,5411.06666666667,13761.4,0.0956953046786677,0.038314119371076,2025,2025-05-01,4792,"WHO",3,"2025/2026","Observed",10349,23927,96653,182941,NA,36062,"East & Southeast Asia","Viet Nam",1.95088557640887,13761.4,44.6656948733949,"Normal","Average - typical case load at this point",-0.346323874822894,"Extremely Low",2.37804228719558,"Rare good event - unusually low cases to date","Viet Nam"
"VNM",4,6,2.06123303719755,9018.73333333334,2.21604467384851,22780.1333333334,9018.73333333333,22780.1333333333,0.157357142299149,0.0616618376204813,2025,2025-06-01,4860,"WHO",3,"2025/2026","Observed",15209,28787,96653,182941,NA,36062,"East & Southeast Asia","Viet Nam",2.21604467384851,22780.1333333334,37.0267448685864,"Normal","Average - typical case load at this point",-0.494735147891727,"Extremely Low",2.37804228719558,"Rare good event - unusually low cases to date","Viet Nam"
"VNM",5,7,2.13739324544816,15311.8666666666,2.30543645736531,38092,15311.8666666667,38092,0.263594741807637,0.106237599508487,2025,2025-07-01,1442,"Estimates",3,"2025/2026","Unobserved",16651,30229,96653,182941,1442.49412612624,36062,"East & Southeast Asia","Viet Nam",2.30543645736531,38092,19.1745698147963,"Low","Below average - fewer cases than typical at this point",-0.854623238014827,"Extremely Low",2.37804228719558,"Rare good event - unusually low cases to date","Viet Nam"
"VNM",6,8,2.47855965615707,17818.8,2.42799548497207,55910.8,17818.8,55910.8,0.389050446145085,0.125455704337449,2025,2025-08-01,1703,"Estimates",3,"2025/2026","Unobserved",18354,31932,96653,182941,1703.43755349388,36062,"East & Southeast Asia","Viet Nam",2.42799548497207,55910.8,10.837393698367,"Low","Below average - fewer cases than typical at this point",-1.0466642310371,"Extremely Low",2.37804228719558,"Rare good event - unusually low cases to date","Viet Nam"
"VNM",7,9,2.60906192230011,18766.8666666667,2.54503466198304,74677.6666666665,18766.8666666667,74677.6666666667,0.519432427522883,0.130381981377797,2025,2025-09-01,1770,"Estimates",3,"2025/2026","Unobserved",20124,33702,96653,182941,1770.32654314773,36062,"East & Southeast Asia","Viet Nam",2.54503466198304,74677.6666666665,6.7735073020368,"Low","Below average - fewer cases than typical at this point",-1.16539367432154,"Extremely Low",2.37804228719558,"Rare good event - unusually low cases to date","Viet Nam"
"VNM",8,10,2.76240559091845,20075.0666666666,2.70595822507314,94752.7333333336,20075.0666666667,94752.7333333333,0.661095088293197,0.141662660770314,2025,2025-10-01,1923,"Estimates",3,"2025/2026","Unobserved",22047,35625,96653,182941,1923.49560793933,36062,"East & Southeast Asia","Viet Nam",2.70595822507314,94752.7333333336,4.33736944901651,"Extremely Low","Rare good event - unusually low cases to date",-1.26220894877787,"Extremely Low",2.37804228719558,"Rare good event - unusually low cases to date","Viet Nam"
"VNM",9,11,2.90030252937867,17522.3333333334,2.85952676549212,112275.066666666,17522.3333333333,112275.066666667,0.787184683284784,0.126089594991587,2025,2025-11-01,1712,"Estimates",3,"2025/2026","Unobserved",23759,37337,96653,182941,1712.04452079577,36062,"East & Southeast Asia","Viet Nam",2.85952676549212,112275.066666666,3.03403034873375,"Extremely Low","Rare good event - unusually low cases to date",-1.33315405544707,"Extremely Low",2.37804228719558,"Rare good event - unusually low cases to date","Viet Nam"
"VNM",10,12,2.71019900495582,13712.2,2.96117297430444,125987.266666666,13712.2,125987.266666667,0.886689229717215,0.0995045464324309,2025,2025-12-01,1351,"Estimates",3,"2025/2026","Unobserved",25110,38688,96653,182941,1351.07273145955,36062,"East & Southeast Asia","Viet Nam",2.96117297430444,125987.266666666,2.37804228719558,"Extremely Low","Rare good event - unusually low cases to date",-1.37782302227425,"Extremely Low",2.37804228719558,"Rare good event - unusually low cases to date","Viet Nam"
"VNM",11,1,2.32400059888069,8929.66666666668,3.23526699517763,134916.933333333,8929.66666666667,134916.933333333,0.960122336806749,0.0734331070895342,2026,2026-01-01,7098,"Estimates",3,"2025/2026","Unobserved",32208,7098,96653,NA,7097.53009952475,36062,"East & Southeast Asia","Viet Nam",3.23526699517763,134916.933333333,2.99012510270349,"Extremely Low","Rare good event - unusually low cases to date",-1.36927794943105,"Extremely Low",0.0381171552057718,"Rare good event - unusually low cases to date","Viet Nam"
"VNM",12,2,2.03076844049551,4871.06666666666,3.34792830753395,139788,4871.06666666667,139788,1,0.0398776631932507,2026,2026-02-01,3854,"Estimates",3,"2025/2026","Unobserved",36062,10952,96653,NA,3854.29578061726,36062,"East & Southeast Asia","Viet Nam",3.34792830753395,139788,3.37756383497045,"Extremely Low","Rare good event - unusually low cases to date",-1.35768998127247,"Extremely Low",0.0381171552057718,"Rare good event - unusually low cases to date","Viet Nam"
"VNM",1,3,1.80064534434873,4319.26666666666,1.80064534434873,4319.26666666666,4319.26666666667,4319.26666666667,0.0291613983799255,0.0291613983799255,2026,2026-03-01,2819,"Estimates",3,"2026/2027","Unobserved",2819,13771,NA,NA,2818.53663761494,96669,"East & Southeast Asia","Viet Nam",1.80064534434873,4319.26666666666,39.1254050690504,"Normal","Average - typical case load at this point",-0.465995825987482,"Extremely Low",0.0381171552057718,"Rare good event - unusually low cases to date","Viet Nam"
"VNM",2,4,1.30473351544785,4031.06666666666,1.68868486809027,8350.3333333333,4031.06666666667,8350.33333333333,0.0573811853075917,0.0282197869276662,2026,2026-04-01,2728,"Estimates",3,"2026/2027","Unobserved",5547,16499,NA,NA,2727.52706591972,96669,"East & Southeast Asia","Viet Nam",1.68868486809027,8350.3333333333,40.8621470532581,"Normal","Average - typical case load at this point",-0.436215733331061,"Extremely Low",0.0381171552057718,"Rare good event - unusually low cases to date","Viet Nam"
"VNM",3,5,2.13328476041997,5411.06666666666,1.95088557640887,13761.4,5411.06666666667,13761.4,0.0956953046786677,0.038314119371076,2026,2026-05-01,NA,NA,3,"2026/2027","Unobserved",5547,16499,NA,NA,NA,96669,"East & Southeast Asia","Viet Nam",1.95088557640887,13761.4,19.8164306557116,"Low","Below average - fewer cases than typical at this point",-0.833678008834014,"Extremely Low",0.0381171552057718,"Rare good event - unusually low cases to date","Viet Nam"
"VNM",4,6,2.06123303719755,9018.73333333334,2.21604467384851,22780.1333333334,9018.73333333333,22780.1333333333,0.157357142299149,0.0616618376204813,2026,2026-06-01,NA,NA,3,"2026/2027","Unobserved",5547,16499,NA,NA,NA,96669,"East & Southeast Asia","Viet Nam",2.21604467384851,22780.1333333334,7.19085058925939,"Low","Below average - fewer cases than typical at this point",-1.12609782352768,"Extremely Low",0.0381171552057718,"Rare good event - unusually low cases to date","Viet Nam"
"VNM",5,7,2.13739324544816,15311.8666666666,2.30543645736531,38092,15311.8666666667,38092,0.263594741807637,0.106237599508487,2026,2026-07-01,NA,NA,3,"2026/2027","Unobserved",5547,16499,NA,NA,NA,96669,"East & Southeast Asia","Viet Nam",2.30543645736531,38092,2.37576315753992,"Extremely Low","Rare good event - unusually low cases to date",-1.29722089833462,"Extremely Low",0.0381171552057718,"Rare good event - unusually low cases to date","Viet Nam"
"VNM",6,8,2.47855965615707,17818.8,2.42799548497207,55910.8,17818.8,55910.8,0.389050446145085,0.125455704337449,2026,2026-08-01,NA,NA,3,"2026/2027","Unobserved",5547,16499,NA,NA,NA,96669,"East & Southeast Asia","Viet Nam",2.42799548497207,55910.8,0.867688765023511,"Extremely Low","Rare good event - unusually low cases to date",-1.40358039021179,"Extremely Low",0.0381171552057718,"Rare good event - unusually low cases to date","Viet Nam"
"VNM",7,9,2.60906192230011,18766.8666666667,2.54503466198304,74677.6666666665,18766.8666666667,74677.6666666667,0.519432427522883,0.130381981377797,2026,2026-09-01,NA,NA,3,"2026/2027","Unobserved",5547,16499,NA,NA,NA,96669,"East & Southeast Asia","Viet Nam",2.54503466198304,74677.6666666665,0.36078696532383,"Extremely Low","Rare good event - unusually low cases to date",-1.47679242400385,"Extremely Low",0.0381171552057718,"Rare good event - unusually low cases to date","Viet Nam"
"VNM",8,10,2.76240559091845,20075.0666666666,2.70595822507314,94752.7333333336,20075.0666666667,94752.7333333333,0.661095088293197,0.141662660770314,2026,2026-10-01,NA,NA,3,"2026/2027","Unobserved",5547,16499,NA,NA,NA,96669,"East & Southeast Asia","Viet Nam",2.70595822507314,94752.7333333336,0.145140444752322,"Extremely Low","Rare good event - unusually low cases to date",-1.54865744052682,"Extremely Low",0.0381171552057718,"Rare good event - unusually low cases to date","Viet Nam"
"VNM",9,11,2.90030252937867,17522.3333333334,2.85952676549212,112275.066666666,17522.3333333333,112275.066666667,0.787184683284784,0.126089594991587,2026,2026-11-01,NA,NA,3,"2026/2027","Unobserved",5547,16499,NA,NA,NA,96669,"East & Southeast Asia","Viet Nam",2.85952676549212,112275.066666666,0.0663686040271837,"Extremely Low","Rare good event - unusually low cases to date",-1.60744778055387,"Extremely Low",0.0381171552057718,"Rare good event - unusually low cases to date","Viet Nam"
"VNM",10,12,2.71019900495582,13712.2,2.96117297430444,125987.266666666,13712.2,125987.266666667,0.886689229717215,0.0995045464324309,2026,2026-12-01,NA,NA,3,"2026/2027","Unobserved",5547,16499,NA,NA,NA,96669,"East & Southeast Asia","Viet Nam",2.96117297430444,125987.266666666,0.0381171552057718,"Extremely Low","Rare good event - unusually low cases to date",-1.64502248827304,"Extremely Low",0.0381171552057718,"Rare good event - unusually low cases to date","Viet Nam"
"VUT",3,1,0.636367963259218,13,0.400798565606375,53.1111111111112,13,53.1111111111111,0.279356783034319,0.127623374833512,2025,2025-01-01,74,"WHO",11,"2024/2025","Observed",74,74,92,883,NA,92,"Pacific Islands","Vanuatu",0.400798565606375,53.1111111111112,77.1442570871269,"High","Above average - more cases than typical at this point",0.24806214834164,"High",77.7948074254731,"Above average - more cases than typical at this point","Vanuatu"
"VUT",4,2,1.12608231110575,11.5555555555556,0.560816380602605,64.6666666666666,11.5555555555556,64.6666666666667,0.403675703391732,0.124318920357412,2025,2025-02-01,10,"WHO",11,"2024/2025","Observed",84,84,92,883,NA,92,"Pacific Islands","Vanuatu",0.560816380602605,64.6666666666666,74.2302706472797,"Normal","Average - typical case load at this point",0.222926417104803,"High",77.7948074254731,"Above average - more cases than typical at this point","Vanuatu"
"VUT",5,3,1.31666376556409,10.1111111111111,0.766965912583189,74.7777777777779,10.1111111111111,74.7777777777778,0.516728151383127,0.113052447991396,2025,2025-03-01,0,"WHO",11,"2024/2025","Observed",84,84,92,883,NA,92,"Pacific Islands","Vanuatu",0.766965912583189,74.7777777777779,68.8227687090093,"Normal","Average - typical case load at this point",0.107457123466955,"High",77.7948074254731,"Above average - more cases than typical at this point","Vanuatu"
"VUT",6,4,1.36992174613763,11.7777777777778,0.938464271344848,86.5555555555556,11.7777777777778,86.5555555555556,0.61625206023953,0.0995239088564027,2025,2025-04-01,1,"WHO",11,"2024/2025","Observed",85,85,92,883,NA,92,"Pacific Islands","Vanuatu",0.938464271344848,86.5555555555556,63.1906070570204,"Normal","Average - typical case load at this point",-0.0173164051558329,"High",77.7948074254731,"Above average - more cases than typical at this point","Vanuatu"
"VUT",7,5,1.28638341083598,9.44444444444444,1.36086757098842,96.0000000000001,9.44444444444444,96,0.710476688757059,0.0942246285175288,2025,2025-05-01,0,"WHO",11,"2024/2025","Observed",85,85,92,883,NA,92,"Pacific Islands","Vanuatu",1.36086757098842,96.0000000000001,56.3466391084599,"Normal","Average - typical case load at this point",-0.132731127508059,"High",77.7948074254731,"Above average - more cases than typical at this point","Vanuatu"
"VUT",8,6,0.561273222404962,4.44444444444445,1.54944397775078,100.444444444444,4.44444444444444,100.444444444444,0.742615013483864,0.0321383247268052,2025,2025-06-01,0,"WHO",11,"2024/2025","Observed",85,85,92,883,NA,92,"Pacific Islands","Vanuatu",1.54944397775078,100.444444444444,53.1904845483402,"Normal","Average - typical case load at this point",-0.189937271469815,"High",77.7948074254731,"Above average - more cases than typical at this point","Vanuatu"
"VUT",9,7,0.758500786200682,7.55555555555556,1.7876854943005,108,7.55555555555556,108,0.78328459181977,0.0406695783359063,2025,2025-07-01,1,"WHO",11,"2024/2025","Observed",86,86,92,883,NA,92,"Pacific Islands","Vanuatu",1.7876854943005,108,48.8859046086854,"Normal","Average - typical case load at this point",-0.270134184719792,"High",77.7948074254731,"Above average - more cases than typical at this point","Vanuatu"
"VUT",10,8,0.203268456603007,61.0000000000001,1.20919112709318,169,61,169,0.850473811714471,0.0671892198947004,2025,2025-08-01,0,"WHO",11,"2024/2025","Observed",86,86,92,883,NA,92,"Pacific Islands","Vanuatu",1.20919112709318,169,36.6789850363273,"Normal","Average - typical case load at this point",-0.538134346702001,"High",77.7948074254731,"Above average - more cases than typical at this point","Vanuatu"
"VUT",11,9,0.19232020888565,110.333333333333,0.729633062234843,279.333333333334,110.333333333333,279.333333333333,0.925837836658096,0.0753640249436257,2025,2025-09-01,2,"WHO",11,"2024/2025","Observed",88,88,92,883,NA,92,"Pacific Islands","Vanuatu",0.729633062234843,279.333333333334,34.2081786527134,"Normal","Average - typical case load at this point",-0.584323921373805,"High",77.7948074254731,"Above average - more cases than typical at this point","Vanuatu"
"VUT",12,10,0.158095318876866,121.555555555555,0.567716591548192,400.88888888889,121.555555555556,400.888888888889,1,0.0741621633419037,2025,2025-10-01,4,"WHO",11,"2024/2025","Observed",92,92,92,883,NA,92,"Pacific Islands","Vanuatu",0.567716591548192,400.88888888889,33.8519120477606,"Normal","Average - typical case load at this point",-0.580145283792197,"High",77.7948074254731,"Above average - more cases than typical at this point","Vanuatu"
"VUT",1,11,0.141579903562647,29.4444444444445,0.141579903562647,29.4444444444445,29.4444444444444,29.4444444444444,0.095034316455775,0.095034316455775,2025,2025-11-01,12,"WHO",11,"2025/2026","Observed",12,104,70,883,NA,70,"Pacific Islands","Vanuatu",0.141579903562647,29.4444444444445,71.2702225397377,"Normal","Average - typical case load at this point",-0.222388825722847,"High",77.7948074254731,"Above average - more cases than typical at this point","Vanuatu"
"VUT",2,12,0.284677641422156,10.6666666666667,0.186697136387055,40.1111111111111,10.6666666666667,40.1111111111111,0.151733408200808,0.0566990917450326,2025,2025-12-01,30,"WHO",11,"2025/2026","Observed",42,134,70,883,NA,70,"Pacific Islands","Vanuatu",0.186697136387055,40.1111111111111,77.7948074254731,"High","Above average - more cases than typical at this point",0.0203002871471534,"High",77.7948074254731,"Above average - more cases than typical at this point","Vanuatu"
"VUT",3,1,0.636367963259218,13,0.400798565606375,53.1111111111112,13,53.1111111111111,0.279356783034319,0.127623374833512,2026,2026-01-01,0,"WHO",11,"2025/2026","Observed",42,0,70,2,NA,70,"Pacific Islands","Vanuatu",0.400798565606375,53.1111111111112,65.4868967721239,"Normal","Average - typical case load at this point",-0.131947951245554,"Normal",36.6624971603938,"Average - typical case load at this point","Vanuatu"
"VUT",4,2,1.12608231110575,11.5555555555556,0.560816380602605,64.6666666666666,11.5555555555556,64.6666666666667,0.403675703391732,0.124318920357412,2026,2026-02-01,0,"WHO",11,"2025/2026","Observed",42,0,70,2,NA,70,"Pacific Islands","Vanuatu",0.560816380602605,64.6666666666666,56.6465679622152,"Normal","Average - typical case load at this point",-0.261362006260801,"Normal",36.6624971603938,"Average - typical case load at this point","Vanuatu"
"VUT",5,3,1.31666376556409,10.1111111111111,0.766965912583189,74.7777777777779,10.1111111111111,74.7777777777778,0.516728151383127,0.113052447991396,2026,2026-03-01,0,"WHO",11,"2025/2026","Observed",42,0,70,2,NA,70,"Pacific Islands","Vanuatu",0.766965912583189,74.7777777777779,47.935911023074,"Normal","Average - typical case load at this point",-0.381925920756048,"Normal",36.6624971603938,"Average - typical case load at this point","Vanuatu"
"VUT",6,4,1.36992174613763,11.7777777777778,0.938464271344848,86.5555555555556,11.7777777777778,86.5555555555556,0.61625206023953,0.0995239088564027,2026,2026-04-01,1,"WHO",11,"2025/2026","Observed",43,1,70,2,NA,70,"Pacific Islands","Vanuatu",0.938464271344848,86.5555555555556,40.8383937752164,"Normal","Average - typical case load at this point",-0.484859344363317,"Normal",36.6624971603938,"Average - typical case load at this point","Vanuatu"
"VUT",7,5,1.28638341083598,9.44444444444444,1.36086757098842,96.0000000000001,9.44444444444444,96,0.710476688757059,0.0942246285175288,2026,2026-05-01,NA,NA,11,"2025/2026","Unobserved",43,1,70,2,NA,70,"Pacific Islands","Vanuatu",1.36086757098842,96.0000000000001,30.6546135764935,"Normal","Average - typical case load at this point",-0.6395227052661,"Normal",36.6624971603938,"Average - typical case load at this point","Vanuatu"
"VUT",8,6,0.561273222404962,4.44444444444445,1.54944397775078,100.444444444444,4.44444444444444,100.444444444444,0.742615013483864,0.0321383247268052,2026,2026-06-01,NA,NA,11,"2025/2026","Unobserved",43,1,70,2,NA,70,"Pacific Islands","Vanuatu",1.54944397775078,100.444444444444,26.7414368112714,"Normal","Average - typical case load at this point",-0.706457333452479,"Normal",36.6624971603938,"Average - typical case load at this point","Vanuatu"
"VUT",9,7,0.758500786200682,7.55555555555556,1.7876854943005,108,7.55555555555556,108,0.78328459181977,0.0406695783359063,2026,2026-07-01,NA,NA,11,"2025/2026","Unobserved",43,1,70,2,NA,70,"Pacific Islands","Vanuatu",1.7876854943005,108,21.8104705795681,"Low","Below average - fewer cases than typical at this point",-0.798123727581198,"Normal",36.6624971603938,"Average - typical case load at this point","Vanuatu"
"VUT",10,8,0.203268456603007,61.0000000000001,1.20919112709318,169,61,169,0.850473811714471,0.0671892198947004,2026,2026-08-01,NA,NA,11,"2025/2026","Unobserved",43,1,70,2,NA,70,"Pacific Islands","Vanuatu",1.20919112709318,169,18.839071362711,"Low","Below average - fewer cases than typical at this point",-0.816926839571711,"Normal",36.6624971603938,"Average - typical case load at this point","Vanuatu"
"VUT",11,9,0.19232020888565,110.333333333333,0.729633062234843,279.333333333334,110.333333333333,279.333333333333,0.925837836658096,0.0753640249436257,2026,2026-09-01,NA,NA,11,"2025/2026","Unobserved",43,1,70,2,NA,70,"Pacific Islands","Vanuatu",0.729633062234843,279.333333333334,21.4358615075392,"Low","Below average - fewer cases than typical at this point",-0.72175202134848,"Normal",36.6624971603938,"Average - typical case load at this point","Vanuatu"
"VUT",12,10,0.158095318876866,121.555555555555,0.567716591548192,400.88888888889,121.555555555556,400.888888888889,1,0.0741621633419037,2026,2026-10-01,NA,NA,11,"2025/2026","Unobserved",43,1,70,2,NA,70,"Pacific Islands","Vanuatu",0.567716591548192,400.88888888889,22.6498985641551,"Low","Below average - fewer cases than typical at this point",-0.672175524854196,"Normal",36.6624971603938,"Average - typical case load at this point","Vanuatu"
"VUT",1,11,0.141579903562647,29.4444444444445,0.141579903562647,29.4444444444445,29.4444444444444,29.4444444444444,0.095034316455775,0.095034316455775,2026,2026-11-01,NA,NA,11,"2026/2027","Unobserved",0,1,NA,2,NA,NA,"Pacific Islands","Vanuatu",0.141579903562647,29.4444444444445,46.9377848238765,"Normal","Average - typical case load at this point",-0.375369673990793,"Normal",36.6624971603938,"Average - typical case load at this point","Vanuatu"
"VUT",2,12,0.284677641422156,10.6666666666667,0.186697136387055,40.1111111111111,10.6666666666667,40.1111111111111,0.151733408200808,0.0566990917450326,2026,2026-12-01,NA,NA,11,"2026/2027","Unobserved",0,1,NA,2,NA,NA,"Pacific Islands","Vanuatu",0.186697136387055,40.1111111111111,36.6624971603938,"Normal","Average - typical case load at this point",-0.431082568242486,"Normal",36.6624971603938,"Average - typical case load at this point","Vanuatu"
"WLF",8,1,3.97020016071404,13.625,0.654371114417403,310.25,13.625,310.25,0.75932235771509,0.0998251071204639,2025,2025-01-01,7,"WHO",6,"2024/2025","Observed",7,7,15,49,NA,15,"Pacific Islands","Wallis And Futuna",0.654371114417403,310.25,7.5177501419446,"Low","Below average - fewer cases than typical at this point",-0.789848068721457,"Low",15.1882223841814,"Below average - fewer cases than typical at this point","Wallis And Futuna"
"WLF",9,2,6.13624797946069,8.75000000000001,0.692312053099238,318.999999999999,8.75,319,0.824560809757431,0.0652384520423407,2025,2025-02-01,4,"WHO",6,"2024/2025","Observed",11,11,15,49,NA,15,"Pacific Islands","Wallis And Futuna",0.692312053099238,318.999999999999,8.64471479493943,"Low","Below average - fewer cases than typical at this point",-0.802491100924625,"Low",15.1882223841814,"Below average - fewer cases than typical at this point","Wallis And Futuna"
"WLF",10,3,13.0795243890463,8.125,0.726645258167773,327.125,8.125,327.125,0.882790203415555,0.0582293936581244,2025,2025-03-01,2,"WHO",6,"2024/2025","Observed",13,13,15,49,NA,15,"Pacific Islands","Wallis And Futuna",0.726645258167773,327.125,8.60618385580528,"Low","Below average - fewer cases than typical at this point",-0.817651376074859,"Low",15.1882223841814,"Below average - fewer cases than typical at this point","Wallis And Futuna"
"WLF",11,4,3.2993678282048,9.25,0.761038109801704,336.375,9.25,336.375,0.944696688013044,0.0619064845974891,2025,2025-04-01,1,"WHO",6,"2024/2025","Observed",14,14,15,49,NA,15,"Pacific Islands","Wallis And Futuna",0.761038109801704,336.375,8.09012144054815,"Low","Below average - fewer cases than typical at this point",-0.835122361937558,"Low",15.1882223841814,"Below average - fewer cases than typical at this point","Wallis And Futuna"
"WLF",12,5,1.07319105686692,7.87500000000001,0.792584563367026,344.25,7.875,344.25,1,0.0553033119869557,2025,2025-05-01,1,"WHO",6,"2024/2025","Observed",15,15,15,49,NA,15,"Pacific Islands","Wallis And Futuna",0.792584563367026,344.25,7.68843548962468,"Low","Below average - fewer cases than typical at this point",-0.850501854364277,"Low",15.1882223841814,"Below average - fewer cases than typical at this point","Wallis And Futuna"
"WLF",1,6,4.03199629519578,8.25000000000001,4.03199629519578,8.25000000000001,8.25,8.25,0.068041372433302,0.068041372433302,2025,2025-06-01,1,"WHO",6,"2025/2026","Observed",1,16,20,49,NA,20,"Pacific Islands","Wallis And Futuna",4.03199629519578,8.25000000000001,4.15630521142412,"Extremely Low","Rare good event - unusually low cases to date",-1.44622749362636,"Low",15.1882223841814,"Below average - fewer cases than typical at this point","Wallis And Futuna"
"WLF",2,7,2.36963121918761,7.125,4.33434636179487,15.375,7.125,15.375,0.103108438260466,0.0350670658271637,2025,2025-07-01,3,"WHO",6,"2025/2026","Observed",4,19,20,49,NA,20,"Pacific Islands","Wallis And Futuna",4.33434636179487,15.375,5.57876507907913,"Low","Below average - fewer cases than typical at this point",-1.36040913314835,"Low",15.1882223841814,"Below average - fewer cases than typical at this point","Wallis And Futuna"
"WLF",3,8,0.419148654045327,75.8750000000001,0.619473880667901,91.25,75.875,91.25,0.218549861116255,0.11544142285579,2025,2025-08-01,2,"WHO",6,"2025/2026","Observed",6,21,20,49,NA,20,"Pacific Islands","Wallis And Futuna",0.619473880667901,91.25,16.3057241235906,"Low","Below average - fewer cases than typical at this point",-0.732831006473451,"Low",15.1882223841814,"Below average - fewer cases than typical at this point","Wallis And Futuna"
"WLF",4,9,0.415650075518155,49.125,0.604503806065023,140.375,49.125,140.375,0.317578551641721,0.0990286905254659,2025,2025-09-01,2,"WHO",6,"2025/2026","Observed",8,23,20,49,NA,20,"Pacific Islands","Wallis And Futuna",0.604503806065023,140.375,15.2346490592848,"Low","Below average - fewer cases than typical at this point",-0.731615030969302,"Low",15.1882223841814,"Below average - fewer cases than typical at this point","Wallis And Futuna"
"WLF",5,10,0.558070831443561,57.25,0.59403615140665,197.625,57.25,197.625,0.438428452772497,0.120849901130776,2025,2025-10-01,3,"WHO",6,"2025/2026","Observed",11,26,20,49,NA,20,"Pacific Islands","Wallis And Futuna",0.59403615140665,197.625,15.1939100653567,"Low","Below average - fewer cases than typical at this point",-0.726745978289469,"Low",15.1882223841814,"Below average - fewer cases than typical at this point","Wallis And Futuna"
"WLF",6,11,0.528380244838934,63.375,0.57916613080359,261,63.375,261,0.563361136951853,0.124932684179357,2025,2025-11-01,3,"WHO",6,"2025/2026","Observed",14,29,20,49,NA,20,"Pacific Islands","Wallis And Futuna",0.57916613080359,261,15.3142483532358,"Low","Below average - fewer cases than typical at this point",-0.719410384503421,"Low",15.1882223841814,"Below average - fewer cases than typical at this point","Wallis And Futuna"
"WLF",7,12,0.658225195558168,35.625,0.595472013419794,296.625,35.625,296.625,0.659497250594626,0.0961361136427727,2025,2025-12-01,3,"WHO",6,"2025/2026","Observed",17,32,20,49,NA,20,"Pacific Islands","Wallis And Futuna",0.595472013419794,296.625,15.1882223841814,"Low","Below average - fewer cases than typical at this point",-0.726713853247881,"Low",15.1882223841814,"Below average - fewer cases than typical at this point","Wallis And Futuna"
"WLF",8,1,3.97020016071404,13.625,0.654371114417403,310.25,13.625,310.25,0.75932235771509,0.0998251071204639,2026,2026-01-01,0,"WHO",6,"2025/2026","Observed",17,0,20,2,NA,20,"Pacific Islands","Wallis And Futuna",0.654371114417403,310.25,12.773930166832,"Low","Below average - fewer cases than typical at this point",-0.76380196587821,"Extremely Low",2.47335852083921,"Rare good event - unusually low cases to date","Wallis And Futuna"
"WLF",9,2,6.13624797946069,8.75000000000001,0.692312053099238,318.999999999999,8.75,319,0.824560809757431,0.0652384520423407,2026,2026-02-01,0,"WHO",6,"2025/2026","Observed",17,0,20,2,NA,20,"Pacific Islands","Wallis And Futuna",0.692312053099238,318.999999999999,11.4192841368573,"Low","Below average - fewer cases than typical at this point",-0.786858157400119,"Extremely Low",2.47335852083921,"Rare good event - unusually low cases to date","Wallis And Futuna"
"WLF",10,3,13.0795243890463,8.125,0.726645258167773,327.125,8.125,327.125,0.882790203415555,0.0582293936581244,2026,2026-03-01,0,"WHO",6,"2025/2026","Observed",17,0,20,2,NA,20,"Pacific Islands","Wallis And Futuna",0.726645258167773,327.125,10.3083154160094,"Low","Below average - fewer cases than typical at this point",-0.807239579801721,"Extremely Low",2.47335852083921,"Rare good event - unusually low cases to date","Wallis And Futuna"
"WLF",11,4,3.2993678282048,9.25,0.761038109801704,336.375,9.25,336.375,0.944696688013044,0.0619064845974891,2026,2026-04-01,2,"WHO",6,"2025/2026","Observed",19,2,20,2,NA,20,"Pacific Islands","Wallis And Futuna",0.761038109801704,336.375,10.0365824373845,"Low","Below average - fewer cases than typical at this point",-0.822169708010648,"Extremely Low",2.47335852083921,"Rare good event - unusually low cases to date","Wallis And Futuna"
"WLF",12,5,1.07319105686692,7.87500000000001,0.792584563367026,344.25,7.875,344.25,1,0.0553033119869557,2026,2026-05-01,NA,NA,6,"2025/2026","Unobserved",19,2,20,2,NA,20,"Pacific Islands","Wallis And Futuna",0.792584563367026,344.25,9.14822209966952,"Low","Below average - fewer cases than typical at this point",-0.840169257804043,"Extremely Low",2.47335852083921,"Rare good event - unusually low cases to date","Wallis And Futuna"
"WLF",1,6,4.03199629519578,8.25000000000001,4.03199629519578,8.25000000000001,8.25,8.25,0.068041372433302,0.068041372433302,2026,2026-06-01,NA,NA,6,"2026/2027","Unobserved",0,2,NA,2,NA,NA,"Pacific Islands","Wallis And Futuna",4.03199629519578,8.25000000000001,1.12079575851789,"Extremely Low","Rare good event - unusually low cases to date",-1.64570714791965,"Extremely Low",2.47335852083921,"Rare good event - unusually low cases to date","Wallis And Futuna"
"WLF",2,7,2.36963121918761,7.125,4.33434636179487,15.375,7.125,15.375,0.103108438260466,0.0350670658271637,2026,2026-07-01,NA,NA,6,"2026/2027","Unobserved",0,2,NA,2,NA,NA,"Pacific Islands","Wallis And Futuna",4.33434636179487,15.375,0.140957994566537,"Extremely Low","Rare good event - unusually low cases to date",-1.83879476238733,"Extremely Low",2.47335852083921,"Rare good event - unusually low cases to date","Wallis And Futuna"
"WLF",3,8,0.419148654045327,75.8750000000001,0.619473880667901,91.25,75.875,91.25,0.218549861116255,0.11544142285579,2026,2026-08-01,NA,NA,6,"2026/2027","Unobserved",0,2,NA,2,NA,NA,"Pacific Islands","Wallis And Futuna",0.619473880667901,91.25,4.51887554657836,"Extremely Low","Rare good event - unusually low cases to date",-0.784408555316158,"Extremely Low",2.47335852083921,"Rare good event - unusually low cases to date","Wallis And Futuna"
"WLF",4,9,0.415650075518155,49.125,0.604503806065023,140.375,49.125,140.375,0.317578551641721,0.0990286905254659,2026,2026-09-01,NA,NA,6,"2026/2027","Unobserved",0,2,NA,2,NA,NA,"Pacific Islands","Wallis And Futuna",0.604503806065023,140.375,3.70409331520845,"Extremely Low","Rare good event - unusually low cases to date",-0.775829725947616,"Extremely Low",2.47335852083921,"Rare good event - unusually low cases to date","Wallis And Futuna"
"WLF",5,10,0.558070831443561,57.25,0.59403615140665,197.625,57.25,197.625,0.438428452772497,0.120849901130776,2026,2026-10-01,NA,NA,6,"2026/2027","Unobserved",0,2,NA,2,NA,NA,"Pacific Islands","Wallis And Futuna",0.59403615140665,197.625,3.16992715562307,"Extremely Low","Rare good event - unusually low cases to date",-0.769581642113631,"Extremely Low",2.47335852083921,"Rare good event - unusually low cases to date","Wallis And Futuna"
"WLF",6,11,0.528380244838934,63.375,0.57916613080359,261,63.375,261,0.563361136951853,0.124932684179357,2026,2026-11-01,NA,NA,6,"2026/2027","Unobserved",0,2,NA,2,NA,NA,"Pacific Islands","Wallis And Futuna",0.57916613080359,261,2.90021209415802,"Extremely Low","Rare good event - unusually low cases to date",-0.760186681600781,"Extremely Low",2.47335852083921,"Rare good event - unusually low cases to date","Wallis And Futuna"
"WLF",7,12,0.658225195558168,35.625,0.595472013419794,296.625,35.625,296.625,0.659497250594626,0.0961361136427727,2026,2026-12-01,NA,NA,6,"2026/2027","Unobserved",0,2,NA,2,NA,NA,"Pacific Islands","Wallis And Futuna",0.595472013419794,296.625,2.47335852083921,"Extremely Low","Rare good event - unusually low cases to date",-0.770894936860626,"Extremely Low",2.47335852083921,"Rare good event - unusually low cases to date","Wallis And Futuna"
"WSM",4,1,0.325908335516791,150.25,0.382877384424715,1367.125,150.25,1367.125,0.38831001064803,0.0451883244580314,2025,2025-01-01,4,"WHO",10,"2024/2025","Observed",4,4,14337,48076,NA,14337,"Pacific Islands","Samoa",0.382877384424715,1367.125,8.87710658467631,"Low","Below average - fewer cases than typical at this point",-0.616874061417446,"High",82.2546783276132,"Above average - more cases than typical at this point","Samoa"
"WSM",5,2,0.241232992905554,164.375,0.417152821658914,1531.5,164.375,1531.5,0.432367548506027,0.0440575378579976,2025,2025-02-01,1,"WHO",10,"2024/2025","Observed",5,5,14337,48076,NA,14337,"Pacific Islands","Samoa",0.417152821658914,1531.5,7.60008775947029,"Low","Below average - fewer cases than typical at this point",-0.643677400526352,"High",82.2546783276132,"Above average - more cases than typical at this point","Samoa"
"WSM",6,3,0.235098230086441,250.75,0.437993482869631,1782.25,250.75,1782.25,0.487898921050378,0.0555313725443504,2025,2025-03-01,0,"WHO",10,"2024/2025","Observed",5,5,14337,48076,NA,14337,"Pacific Islands","Samoa",0.437993482869631,1782.25,6.35903880074842,"Low","Below average - fewer cases than typical at this point",-0.659873010602564,"High",82.2546783276132,"Above average - more cases than typical at this point","Samoa"
"WSM",7,4,0.324591305779411,600.749999999999,0.443381567241281,2383,600.75,2383,0.598611190578073,0.110712269527696,2025,2025-04-01,40,"WHO",10,"2024/2025","Observed",45,45,14337,48076,NA,14337,"Pacific Islands","Samoa",0.443381567241281,2383,13.6032591549751,"Low","Below average - fewer cases than typical at this point",-0.653234153008978,"High",82.2546783276132,"Above average - more cases than typical at this point","Samoa"
"WSM",8,5,0.32290737069803,447.125,0.463343758609664,2830.125,447.125,2830.125,0.679842194891652,0.0812310043135786,2025,2025-05-01,227,"WHO",10,"2024/2025","Observed",272,272,14337,48076,NA,14337,"Pacific Islands","Samoa",0.463343758609664,2830.125,26.366398960364,"Normal","Average - typical case load at this point",-0.61522256326387,"High",82.2546783276132,"Above average - more cases than typical at this point","Samoa"
"WSM",9,6,0.301157687279169,373.250000000001,0.483267951430525,3203.37499999999,373.25,3203.375,0.734819225261718,0.0549770303700658,2025,2025-06-01,599,"WHO",10,"2024/2025","Observed",871,871,14337,48076,NA,14337,"Pacific Islands","Samoa",0.483267951430525,3203.37499999999,40.6063988331632,"Normal","Average - typical case load at this point",-0.506118062255842,"High",82.2546783276132,"Above average - more cases than typical at this point","Samoa"
"WSM",10,7,0.246270987547203,1065.875,0.4869227980626,4269.25000000001,1065.875,4269.25,0.833405091331277,0.0985858660695594,2025,2025-07-01,5131,"WHO",10,"2024/2025","Observed",6002,6002,14337,48076,NA,14337,"Pacific Islands","Samoa",0.4869227980626,4269.25000000001,76.5100685599285,"High","Above average - more cases than typical at this point",0.283197626993654,"High",82.2546783276132,"Above average - more cases than typical at this point","Samoa"
"WSM",11,8,0.213684331366659,1085.375,0.456871473298976,5354.625,1085.375,5354.625,0.919610851849285,0.0862057605180075,2025,2025-08-01,5925,"WHO",10,"2024/2025","Observed",11927,11927,14337,48076,NA,14337,"Pacific Islands","Samoa",0.456871473298976,5354.625,86.2615072393513,"High","Above average - more cases than typical at this point",0.829605777371131,"High",82.2546783276132,"Above average - more cases than typical at this point","Samoa"
"WSM",12,9,0.245394856353194,941.749999999999,0.43678027699041,6296.37499999998,941.75,6296.375,1,0.0803891481507152,2025,2025-09-01,2410,"WHO",10,"2024/2025","Observed",14337,14337,14337,48076,NA,14337,"Pacific Islands","Samoa",0.43678027699041,6296.37499999998,86.5908309139582,"High","Above average - more cases than typical at this point",0.843947961880752,"High",82.2546783276132,"Above average - more cases than typical at this point","Samoa"
"WSM",1,10,0.244092045489035,561.625,0.244092045489035,561.625,561.625,561.625,0.107432127083133,0.107432127083133,2025,2025-10-01,1528,"WHO",10,"2025/2026","Observed",1528,15865,4883,48076,NA,4883,"Pacific Islands","Samoa",0.244092045489035,561.625,88.7786864060187,"High","Above average - more cases than typical at this point",0.849927169686939,"High",82.2546783276132,"Above average - more cases than typical at this point","Samoa"
"WSM",2,11,0.341204152483534,374,0.288769094102639,935.624999999999,374,935.625,0.226046382323583,0.11861425524045,2025,2025-11-01,485,"WHO",10,"2025/2026","Observed",2013,16350,4883,48076,NA,4883,"Pacific Islands","Samoa",0.288769094102639,935.624999999999,85.4907577864223,"High","Above average - more cases than typical at this point",0.61869046339587,"High",82.2546783276132,"Above average - more cases than typical at this point","Samoa"
"WSM",3,12,0.403449265915868,281.25,0.319450834988109,1216.875,281.25,1216.875,0.343121686189998,0.117075303866415,2025,2025-12-01,146,"WHO",10,"2025/2026","Observed",2159,16496,4883,48076,NA,4883,"Pacific Islands","Samoa",0.319450834988109,1216.875,82.2546783276132,"High","Above average - more cases than typical at this point",0.437529737318937,"High",82.2546783276132,"Above average - more cases than typical at this point","Samoa"
"WSM",4,1,0.325908335516791,150.25,0.382877384424715,1367.125,150.25,1367.125,0.38831001064803,0.0451883244580314,2026,2026-01-01,123,"WHO",10,"2025/2026","Observed",2282,123,4883,1276,NA,4883,"Pacific Islands","Samoa",0.382877384424715,1367.125,80.7567400834855,"High","Above average - more cases than typical at this point",0.414021206374533,"Low",7.17894516637147,"Below average - fewer cases than typical at this point","Samoa"
"WSM",5,2,0.241232992905554,164.375,0.417152821658914,1531.5,164.375,1531.5,0.432367548506027,0.0440575378579976,2026,2026-02-01,244,"WHO",10,"2025/2026","Observed",2526,367,4883,1276,NA,4883,"Pacific Islands","Samoa",0.417152821658914,1531.5,80.3507743045026,"High","Above average - more cases than typical at this point",0.41934960682834,"Low",7.17894516637147,"Below average - fewer cases than typical at this point","Samoa"
"WSM",6,3,0.235098230086441,250.75,0.437993482869631,1782.25,250.75,1782.25,0.487898921050378,0.0555313725443504,2026,2026-03-01,265,"WHO",10,"2025/2026","Observed",2791,632,4883,1276,NA,4883,"Pacific Islands","Samoa",0.437993482869631,1782.25,79.1788058246266,"High","Above average - more cases than typical at this point",0.374537571779626,"Low",7.17894516637147,"Below average - fewer cases than typical at this point","Samoa"
"WSM",7,4,0.324591305779411,600.749999999999,0.443381567241281,2383,600.75,2383,0.598611190578073,0.110712269527696,2026,2026-04-01,132,"WHO",10,"2025/2026","Observed",2923,764,4883,1276,NA,4883,"Pacific Islands","Samoa",0.443381567241281,2383,73.8302650595791,"Normal","Average - typical case load at this point",0.150875296246727,"Low",7.17894516637147,"Below average - fewer cases than typical at this point","Samoa"
"WSM",8,5,0.32290737069803,447.125,0.463343758609664,2830.125,447.125,2830.125,0.679842194891652,0.0812310043135786,2026,2026-05-01,NA,NA,10,"2025/2026","Unobserved",2923,764,4883,1276,NA,4883,"Pacific Islands","Samoa",0.463343758609664,2830.125,69.6449842556124,"Normal","Average - typical case load at this point",0.0223362015394612,"Low",7.17894516637147,"Below average - fewer cases than typical at this point","Samoa"
"WSM",9,6,0.301157687279169,373.250000000001,0.483267951430525,3203.37499999999,373.25,3203.375,0.734819225261718,0.0549770303700658,2026,2026-06-01,NA,NA,10,"2025/2026","Unobserved",2923,764,4883,1276,NA,4883,"Pacific Islands","Samoa",0.483267951430525,3203.37499999999,66.3849510780037,"Normal","Average - typical case load at this point",-0.0608404959343924,"Low",7.17894516637147,"Below average - fewer cases than typical at this point","Samoa"
"WSM",10,7,0.246270987547203,1065.875,0.4869227980626,4269.25000000001,1065.875,4269.25,0.833405091331277,0.0985858660695594,2026,2026-07-01,NA,NA,10,"2025/2026","Unobserved",2923,764,4883,1276,NA,4883,"Pacific Islands","Samoa",0.4869227980626,4269.25000000001,59.5722900134305,"Normal","Average - typical case load at this point",-0.220028743523422,"Low",7.17894516637147,"Below average - fewer cases than typical at this point","Samoa"
"WSM",11,8,0.213684331366659,1085.375,0.456871473298976,5354.625,1085.375,5354.625,0.919610851849285,0.0862057605180075,2026,2026-08-01,NA,NA,10,"2025/2026","Unobserved",2923,764,4883,1276,NA,4883,"Pacific Islands","Samoa",0.456871473298976,5354.625,55.5192677731268,"Normal","Average - typical case load at this point",-0.306934730352434,"Low",7.17894516637147,"Below average - fewer cases than typical at this point","Samoa"
"WSM",12,9,0.245394856353194,941.749999999999,0.43678027699041,6296.37499999998,941.75,6296.375,1,0.0803891481507152,2026,2026-09-01,NA,NA,10,"2025/2026","Unobserved",2923,764,4883,1276,NA,4883,"Pacific Islands","Samoa",0.43678027699041,6296.37499999998,52.9625744892463,"Normal","Average - typical case load at this point",-0.354071102172961,"Low",7.17894516637147,"Below average - fewer cases than typical at this point","Samoa"
"WSM",1,10,0.244092045489035,561.625,0.244092045489035,561.625,561.625,561.625,0.107432127083133,0.107432127083133,2026,2026-10-01,NA,NA,10,"2026/2027","Unobserved",0,764,NA,1276,NA,NA,"Pacific Islands","Samoa",0.244092045489035,561.625,15.1127203359221,"Low","Below average - fewer cases than typical at this point",-0.493949395085166,"Low",7.17894516637147,"Below average - fewer cases than typical at this point","Samoa"
"WSM",2,11,0.341204152483534,374,0.288769094102639,935.624999999999,374,935.625,0.226046382323583,0.11861425524045,2026,2026-11-01,NA,NA,10,"2026/2027","Unobserved",0,764,NA,1276,NA,NA,"Pacific Islands","Samoa",0.288769094102639,935.624999999999,9.68774360820108,"Low","Below average - fewer cases than typical at this point",-0.537289490488233,"Low",7.17894516637147,"Below average - fewer cases than typical at this point","Samoa"
"WSM",3,12,0.403449265915868,281.25,0.319450834988109,1216.875,281.25,1216.875,0.343121686189998,0.117075303866415,2026,2026-12-01,NA,NA,10,"2026/2027","Unobserved",0,764,NA,1276,NA,NA,"Pacific Islands","Samoa",0.319450834988109,1216.875,7.17894516637147,"Low","Below average - fewer cases than typical at this point",-0.565125645853767,"Low",7.17894516637147,"Below average - fewer cases than typical at this point","Samoa"
"YEM",1,4,1.79435326498074,2012.28571428572,1.79435326498074,2012.28571428572,2012.28571428571,2012.28571428571,0.0663211077749607,0.0663211077749607,NA,NA,NA,NA,NA,NA,"Unobserved",0,0,NA,NA,NA,NA,"Europe, Middle East & North Africa","Yemen",1.79435326498074,2012.28571428572,0.000336449344810533,"Extremely Low","Rare good event - unusually low cases to date",-1.33893788778357,"Extremely Low",9.11618099748445e-08,"Rare good event - unusually low cases to date","Yemen"
"YEM",2,5,2.18021449283858,2259.28571428572,2.12447196690515,4271.57142857142,2259.28571428571,4271.57142857143,0.151924642435721,0.0856035346607599,NA,NA,NA,NA,NA,NA,"Unobserved",0,0,NA,NA,NA,NA,"Europe, Middle East & North Africa","Yemen",2.12447196690515,4271.57142857142,9.58727281539963e-06,"Extremely Low","Rare good event - unusually low cases to date",-1.45719452478877,"Extremely Low",9.11618099748445e-08,"Rare good event - unusually low cases to date","Yemen"
"YEM",3,6,2.18198365018151,1708.42857142857,2.18778547989962,5980,1708.42857142857,5980,0.214072314314134,0.0621476718784135,NA,NA,NA,NA,NA,NA,"Unobserved",0,0,NA,NA,NA,NA,"Europe, Middle East & North Africa","Yemen",2.18778547989962,5980,3.026201657341e-06,"Extremely Low","Rare good event - unusually low cases to date",-1.47884595898116,"Extremely Low",9.11618099748445e-08,"Rare good event - unusually low cases to date","Yemen"
"YEM",4,7,2.5634403276356,1559,2.38229789154147,7539.00000000001,1559,7539,0.26899497312621,0.0549226588120764,NA,NA,NA,NA,NA,NA,"Unobserved",0,0,NA,NA,NA,NA,"Europe, Middle East & North Africa","Yemen",2.38229789154147,7539.00000000001,4.58008664715652e-07,"Extremely Low","Rare good event - unusually low cases to date",-1.54322562558568,"Extremely Low",9.11618099748445e-08,"Rare good event - unusually low cases to date","Yemen"
"YEM",5,8,3.08218081778092,1663.85714285714,2.64527573467664,9202.85714285714,1663.85714285714,9202.85714285714,0.327306097618838,0.0583111244926271,NA,NA,NA,NA,NA,NA,"Unobserved",0,0,NA,NA,NA,NA,"Europe, Middle East & North Africa","Yemen",2.64527573467664,9202.85714285714,4.28108148588918e-08,"Extremely Low","Rare good event - unusually low cases to date",-1.62619666499878,"Extremely Low",9.11618099748445e-08,"Rare good event - unusually low cases to date","Yemen"
"YEM",6,9,2.00637359665445,2469.57142857143,2.85625781436629,11672.4285714286,2469.57142857143,11672.4285714286,0.409856778542417,0.0825506809235792,NA,NA,NA,NA,NA,NA,"Unobserved",0,0,NA,NA,NA,NA,"Europe, Middle East & North Africa","Yemen",2.85625781436629,11672.4285714286,4.83849577451939e-09,"Extremely Low","Rare good event - unusually low cases to date",-1.68983994967204,"Extremely Low",9.11618099748445e-08,"Rare good event - unusually low cases to date","Yemen"
"YEM",7,10,2.70038678213481,3144.71428571429,3.10778155685403,14817.1428571428,3144.71428571429,14817.1428571429,0.51298015351037,0.103123374967953,NA,NA,NA,NA,NA,NA,"Unobserved",0,0,NA,NA,NA,NA,"Europe, Middle East & North Africa","Yemen",3.10778155685403,14817.1428571428,3.70101278435638e-10,"Extremely Low","Rare good event - unusually low cases to date",-1.76270526756587,"Extremely Low",9.11618099748445e-08,"Rare good event - unusually low cases to date","Yemen"
"YEM",8,11,0.917311365969655,5679.85714285715,2.59575444773249,20497,5679.85714285714,20497,0.633868783473617,0.120888629963247,NA,NA,NA,NA,NA,NA,"Unobserved",0,0,NA,NA,NA,NA,"Europe, Middle East & North Africa","Yemen",2.59575444773249,20497,7.64002127279705e-09,"Extremely Low","Rare good event - unusually low cases to date",-1.61103251400919,"Extremely Low",9.11618099748445e-08,"Rare good event - unusually low cases to date","Yemen"
"YEM",9,12,0.846576851292817,5356.71428571428,2.28176759099394,25853.7142857142,5356.71428571429,25853.7142857143,0.752962800825848,0.119094017352231,NA,NA,NA,NA,NA,NA,"Unobserved",0,0,NA,NA,NA,NA,"Europe, Middle East & North Africa","Yemen",2.28176759099394,25853.7142857142,5.61116165255261e-08,"Extremely Low","Rare good event - unusually low cases to date",-1.51048542764483,"Extremely Low",9.11618099748445e-08,"Rare good event - unusually low cases to date","Yemen"
"YEM",10,1,1.05323100351137,4597.42857142857,2.25201627132698,30451.1428571428,4597.42857142857,30451.1428571429,0.87206714601988,0.119104345194031,NA,NA,NA,NA,NA,NA,"Unobserved",0,0,NA,NA,NA,NA,"Europe, Middle East & North Africa","Yemen",2.25201627132698,30451.1428571428,4.97480688623742e-08,"Extremely Low","Rare good event - unusually low cases to date",-1.50061645187296,"Extremely Low",9.11618099748445e-08,"Rare good event - unusually low cases to date","Yemen"
"YEM",11,2,1.09140257083506,2603.57142857143,2.1818256969211,33054.7142857143,2603.57142857143,33054.7142857143,0.937130231343161,0.0650630853232809,NA,NA,NA,NA,NA,NA,"Unobserved",0,0,NA,NA,NA,NA,"Europe, Middle East & North Africa","Yemen",2.1818256969211,33054.7142857143,7.56840171123912e-08,"Extremely Low","Rare good event - unusually low cases to date",-1.47705168892914,"Extremely Low",9.11618099748445e-08,"Rare good event - unusually low cases to date","Yemen"
"YEM",12,3,1.15199627748314,2405.85714285714,2.14284310498421,35460.5714285714,2405.85714285714,35460.5714285714,1,0.0628697686568395,NA,NA,NA,NA,NA,NA,"Unobserved",0,0,NA,NA,NA,NA,"Europe, Middle East & North Africa","Yemen",2.14284310498421,35460.5714285714,9.11618099748445e-08,"Extremely Low","Rare good event - unusually low cases to date",-1.46380108729644,"Extremely Low",9.11618099748445e-08,"Rare good event - unusually low cases to date","Yemen"
