"","country","iso3","Year","Month","date","cases","source"
"1","Afghanistan","AFG",2025,1,2025-01-01,71,"WHO"
"2","Afghanistan","AFG",2025,2,2025-02-01,26,"WHO"
"3","Afghanistan","AFG",2025,3,2025-03-01,18,"WHO"
"4","Afghanistan","AFG",2025,4,2025-04-01,131,"WHO"
"5","Afghanistan","AFG",2025,5,2025-05-01,216,"WHO"
"6","Afghanistan","AFG",2025,6,2025-06-01,166,"WHO"
"7","Afghanistan","AFG",2025,7,2025-07-01,339,"WHO"
"8","Afghanistan","AFG",2025,8,2025-08-01,273,"WHO"
"9","Afghanistan","AFG",2025,9,2025-09-01,297,"WHO"
"10","Afghanistan","AFG",2025,10,2025-10-01,1826,"WHO"
"11","Afghanistan","AFG",2025,11,2025-11-01,1021,"WHO"
"12","Afghanistan","AFG",2025,12,2025-12-01,NA,NA
"13","Afghanistan","AFG",2026,1,2026-01-01,NA,NA
"14","Afghanistan","AFG",2026,2,2026-02-01,NA,NA
"15","Afghanistan","AFG",2026,3,2026-03-01,NA,NA
"16","Afghanistan","AFG",2026,4,2026-04-01,NA,NA
"17","Afghanistan","AFG",2026,5,2026-05-01,NA,NA
"18","Afghanistan","AFG",2026,6,2026-06-01,NA,NA
"19","Afghanistan","AFG",2026,7,2026-07-01,NA,NA
"20","Afghanistan","AFG",2026,8,2026-08-01,NA,NA
"21","Afghanistan","AFG",2026,9,2026-09-01,NA,NA
"22","Afghanistan","AFG",2026,10,2026-10-01,NA,NA
"23","Afghanistan","AFG",2026,11,2026-11-01,NA,NA
"24","Afghanistan","AFG",2026,12,2026-12-01,NA,NA
"25","Albania","ALB",2025,1,2025-01-01,0,"WHO"
"26","Albania","ALB",2025,2,2025-02-01,0,"WHO"
"27","Albania","ALB",2025,3,2025-03-01,0,"WHO"
"28","Albania","ALB",2025,4,2025-04-01,0,"WHO"
"29","Albania","ALB",2025,5,2025-05-01,0,"WHO"
"30","Albania","ALB",2025,6,2025-06-01,0,"WHO"
"31","Albania","ALB",2025,7,2025-07-01,0,"WHO"
"32","Albania","ALB",2025,8,2025-08-01,0,"WHO"
"33","Albania","ALB",2025,9,2025-09-01,0,"WHO"
"34","Albania","ALB",2025,10,2025-10-01,0,"WHO"
"35","Albania","ALB",2025,11,2025-11-01,NA,NA
"36","Albania","ALB",2025,12,2025-12-01,NA,NA
"37","Albania","ALB",2026,1,2026-01-01,NA,NA
"38","Albania","ALB",2026,2,2026-02-01,NA,NA
"39","Albania","ALB",2026,3,2026-03-01,NA,NA
"40","Albania","ALB",2026,4,2026-04-01,NA,NA
"41","Albania","ALB",2026,5,2026-05-01,NA,NA
"42","Albania","ALB",2026,6,2026-06-01,NA,NA
"43","Albania","ALB",2026,7,2026-07-01,NA,NA
"44","Albania","ALB",2026,8,2026-08-01,NA,NA
"45","Albania","ALB",2026,9,2026-09-01,NA,NA
"46","Albania","ALB",2026,10,2026-10-01,NA,NA
"47","Albania","ALB",2026,11,2026-11-01,NA,NA
"48","Albania","ALB",2026,12,2026-12-01,NA,NA
"49","Andorra","AND",2025,1,2025-01-01,0,"WHO"
"50","Andorra","AND",2025,2,2025-02-01,0,"WHO"
"51","Andorra","AND",2025,3,2025-03-01,0,"WHO"
"52","Andorra","AND",2025,4,2025-04-01,0,"WHO"
"53","Andorra","AND",2025,5,2025-05-01,0,"WHO"
"54","Andorra","AND",2025,6,2025-06-01,0,"WHO"
"55","Andorra","AND",2025,7,2025-07-01,0,"WHO"
"56","Andorra","AND",2025,8,2025-08-01,0,"WHO"
"57","Andorra","AND",2025,9,2025-09-01,0,"WHO"
"58","Andorra","AND",2025,10,2025-10-01,0,"WHO"
"59","Andorra","AND",2025,11,2025-11-01,NA,NA
"60","Andorra","AND",2025,12,2025-12-01,NA,NA
"61","Andorra","AND",2026,1,2026-01-01,NA,NA
"62","Andorra","AND",2026,2,2026-02-01,NA,NA
"63","Andorra","AND",2026,3,2026-03-01,NA,NA
"64","Andorra","AND",2026,4,2026-04-01,NA,NA
"65","Andorra","AND",2026,5,2026-05-01,NA,NA
"66","Andorra","AND",2026,6,2026-06-01,NA,NA
"67","Andorra","AND",2026,7,2026-07-01,NA,NA
"68","Andorra","AND",2026,8,2026-08-01,NA,NA
"69","Andorra","AND",2026,9,2026-09-01,NA,NA
"70","Andorra","AND",2026,10,2026-10-01,NA,NA
"71","Andorra","AND",2026,11,2026-11-01,NA,NA
"72","Andorra","AND",2026,12,2026-12-01,NA,NA
"73","Angola","AGO",2025,1,2025-01-01,NA,NA
"74","Angola","AGO",2025,2,2025-02-01,60,"WHO"
"75","Angola","AGO",2025,3,2025-03-01,NA,NA
"76","Angola","AGO",2025,4,2025-04-01,NA,NA
"77","Angola","AGO",2025,5,2025-05-01,NA,NA
"78","Angola","AGO",2025,6,2025-06-01,NA,NA
"79","Angola","AGO",2025,7,2025-07-01,34,"WHO"
"80","Angola","AGO",2025,8,2025-08-01,58,"WHO"
"81","Angola","AGO",2025,9,2025-09-01,15,"WHO"
"82","Angola","AGO",2025,10,2025-10-01,43,"WHO"
"83","Angola","AGO",2025,11,2025-11-01,7,"WHO"
"84","Angola","AGO",2025,12,2025-12-01,NA,NA
"85","Angola","AGO",2026,1,2026-01-01,NA,NA
"86","Angola","AGO",2026,2,2026-02-01,NA,NA
"87","Angola","AGO",2026,3,2026-03-01,NA,NA
"88","Angola","AGO",2026,4,2026-04-01,NA,NA
"89","Angola","AGO",2026,5,2026-05-01,NA,NA
"90","Angola","AGO",2026,6,2026-06-01,NA,NA
"91","Angola","AGO",2026,7,2026-07-01,NA,NA
"92","Angola","AGO",2026,8,2026-08-01,NA,NA
"93","Angola","AGO",2026,9,2026-09-01,NA,NA
"94","Angola","AGO",2026,10,2026-10-01,NA,NA
"95","Angola","AGO",2026,11,2026-11-01,NA,NA
"96","Angola","AGO",2026,12,2026-12-01,NA,NA
"97","Anguilla","AIA",2025,1,2025-01-01,0,"WHO"
"98","Anguilla","AIA",2025,2,2025-02-01,0,"WHO"
"99","Anguilla","AIA",2025,3,2025-03-01,1,"PAHO"
"100","Anguilla","AIA",2025,4,2025-04-01,0,"WHO"
"101","Anguilla","AIA",2025,5,2025-05-01,0,"WHO"
"102","Anguilla","AIA",2025,6,2025-06-01,0,"WHO"
"103","Anguilla","AIA",2025,7,2025-07-01,0,"WHO"
"104","Anguilla","AIA",2025,8,2025-08-01,0,"WHO"
"105","Anguilla","AIA",2025,9,2025-09-01,2,"PAHO"
"106","Anguilla","AIA",2025,10,2025-10-01,1,"WHO"
"107","Anguilla","AIA",2025,11,2025-11-01,NA,"PAHO"
"108","Anguilla","AIA",2025,12,2025-12-01,NA,"PAHO"
"109","Anguilla","AIA",2026,1,2026-01-01,NA,NA
"110","Anguilla","AIA",2026,2,2026-02-01,NA,NA
"111","Anguilla","AIA",2026,3,2026-03-01,NA,NA
"112","Anguilla","AIA",2026,4,2026-04-01,NA,NA
"113","Anguilla","AIA",2026,5,2026-05-01,NA,NA
"114","Anguilla","AIA",2026,6,2026-06-01,NA,NA
"115","Anguilla","AIA",2026,7,2026-07-01,NA,NA
"116","Anguilla","AIA",2026,8,2026-08-01,NA,NA
"117","Anguilla","AIA",2026,9,2026-09-01,NA,NA
"118","Anguilla","AIA",2026,10,2026-10-01,NA,NA
"119","Anguilla","AIA",2026,11,2026-11-01,NA,NA
"120","Anguilla","AIA",2026,12,2026-12-01,NA,NA
"121","Antigua & Barbuda","ATG",2025,1,2025-01-01,0,"WHO"
"122","Antigua & Barbuda","ATG",2025,2,2025-02-01,0,"WHO"
"123","Antigua & Barbuda","ATG",2025,3,2025-03-01,2,"PAHO"
"124","Antigua & Barbuda","ATG",2025,4,2025-04-01,1,"PAHO"
"125","Antigua & Barbuda","ATG",2025,5,2025-05-01,1,"PAHO"
"126","Antigua & Barbuda","ATG",2025,6,2025-06-01,2,"PAHO"
"127","Antigua & Barbuda","ATG",2025,7,2025-07-01,2,"PAHO"
"128","Antigua & Barbuda","ATG",2025,8,2025-08-01,2,"PAHO"
"129","Antigua & Barbuda","ATG",2025,9,2025-09-01,4,"PAHO"
"130","Antigua & Barbuda","ATG",2025,10,2025-10-01,1,"PAHO"
"131","Antigua & Barbuda","ATG",2025,11,2025-11-01,NA,"WHO"
"132","Antigua & Barbuda","ATG",2025,12,2025-12-01,NA,NA
"133","Antigua & Barbuda","ATG",2026,1,2026-01-01,NA,NA
"134","Antigua & Barbuda","ATG",2026,2,2026-02-01,NA,NA
"135","Antigua & Barbuda","ATG",2026,3,2026-03-01,NA,NA
"136","Antigua & Barbuda","ATG",2026,4,2026-04-01,NA,NA
"137","Antigua & Barbuda","ATG",2026,5,2026-05-01,NA,NA
"138","Antigua & Barbuda","ATG",2026,6,2026-06-01,NA,NA
"139","Antigua & Barbuda","ATG",2026,7,2026-07-01,NA,NA
"140","Antigua & Barbuda","ATG",2026,8,2026-08-01,NA,NA
"141","Antigua & Barbuda","ATG",2026,9,2026-09-01,NA,NA
"142","Antigua & Barbuda","ATG",2026,10,2026-10-01,NA,NA
"143","Antigua & Barbuda","ATG",2026,11,2026-11-01,NA,NA
"144","Antigua & Barbuda","ATG",2026,12,2026-12-01,NA,NA
"145","Argentina","ARG",2025,1,2025-01-01,275,"PAHO"
"146","Argentina","ARG",2025,2,2025-02-01,1340,"PAHO"
"147","Argentina","ARG",2025,3,2025-03-01,8515,"PAHO"
"148","Argentina","ARG",2025,4,2025-04-01,5427,"PAHO"
"149","Argentina","ARG",2025,5,2025-05-01,1972,"PAHO"
"150","Argentina","ARG",2025,6,2025-06-01,86,"PAHO"
"151","Argentina","ARG",2025,7,2025-07-01,16,"PAHO"
"152","Argentina","ARG",2025,8,2025-08-01,4,"PAHO"
"153","Argentina","ARG",2025,9,2025-09-01,4776,"PAHO"
"154","Argentina","ARG",2025,10,2025-10-01,3,"PAHO"
"155","Argentina","ARG",2025,11,2025-11-01,3,"PAHO"
"156","Argentina","ARG",2025,12,2025-12-01,3069,"PAHO"
"157","Argentina","ARG",2026,1,2026-01-01,NA,NA
"158","Argentina","ARG",2026,2,2026-02-01,NA,NA
"159","Argentina","ARG",2026,3,2026-03-01,NA,NA
"160","Argentina","ARG",2026,4,2026-04-01,NA,NA
"161","Argentina","ARG",2026,5,2026-05-01,NA,NA
"162","Argentina","ARG",2026,6,2026-06-01,NA,NA
"163","Argentina","ARG",2026,7,2026-07-01,NA,NA
"164","Argentina","ARG",2026,8,2026-08-01,NA,NA
"165","Argentina","ARG",2026,9,2026-09-01,NA,NA
"166","Argentina","ARG",2026,10,2026-10-01,NA,NA
"167","Argentina","ARG",2026,11,2026-11-01,NA,NA
"168","Argentina","ARG",2026,12,2026-12-01,NA,NA
"169","Armenia","ARM",2025,1,2025-01-01,0,"WHO"
"170","Armenia","ARM",2025,2,2025-02-01,0,"WHO"
"171","Armenia","ARM",2025,3,2025-03-01,0,"WHO"
"172","Armenia","ARM",2025,4,2025-04-01,0,"WHO"
"173","Armenia","ARM",2025,5,2025-05-01,0,"WHO"
"174","Armenia","ARM",2025,6,2025-06-01,0,"WHO"
"175","Armenia","ARM",2025,7,2025-07-01,0,"WHO"
"176","Armenia","ARM",2025,8,2025-08-01,0,"WHO"
"177","Armenia","ARM",2025,9,2025-09-01,0,"WHO"
"178","Armenia","ARM",2025,10,2025-10-01,0,"WHO"
"179","Armenia","ARM",2025,11,2025-11-01,NA,NA
"180","Armenia","ARM",2025,12,2025-12-01,NA,NA
"181","Armenia","ARM",2026,1,2026-01-01,NA,NA
"182","Armenia","ARM",2026,2,2026-02-01,NA,NA
"183","Armenia","ARM",2026,3,2026-03-01,NA,NA
"184","Armenia","ARM",2026,4,2026-04-01,NA,NA
"185","Armenia","ARM",2026,5,2026-05-01,NA,NA
"186","Armenia","ARM",2026,6,2026-06-01,NA,NA
"187","Armenia","ARM",2026,7,2026-07-01,NA,NA
"188","Armenia","ARM",2026,8,2026-08-01,NA,NA
"189","Armenia","ARM",2026,9,2026-09-01,NA,NA
"190","Armenia","ARM",2026,10,2026-10-01,NA,NA
"191","Armenia","ARM",2026,11,2026-11-01,NA,NA
"192","Armenia","ARM",2026,12,2026-12-01,NA,NA
"193","Aruba","ABW",2025,1,2025-01-01,0,"WHO"
"194","Aruba","ABW",2025,2,2025-02-01,2,"PAHO"
"195","Aruba","ABW",2025,3,2025-03-01,0,"WHO"
"196","Aruba","ABW",2025,4,2025-04-01,2,"PAHO"
"197","Aruba","ABW",2025,5,2025-05-01,2,"PAHO"
"198","Aruba","ABW",2025,6,2025-06-01,4,"PAHO"
"199","Aruba","ABW",2025,7,2025-07-01,2,"PAHO"
"200","Aruba","ABW",2025,8,2025-08-01,2,"PAHO"
"201","Aruba","ABW",2025,9,2025-09-01,NA,"PAHO"
"202","Aruba","ABW",2025,10,2025-10-01,NA,"PAHO"
"203","Aruba","ABW",2025,11,2025-11-01,NA,"WHO"
"204","Aruba","ABW",2025,12,2025-12-01,NA,NA
"205","Aruba","ABW",2026,1,2026-01-01,NA,NA
"206","Aruba","ABW",2026,2,2026-02-01,NA,NA
"207","Aruba","ABW",2026,3,2026-03-01,NA,NA
"208","Aruba","ABW",2026,4,2026-04-01,NA,NA
"209","Aruba","ABW",2026,5,2026-05-01,NA,NA
"210","Aruba","ABW",2026,6,2026-06-01,NA,NA
"211","Aruba","ABW",2026,7,2026-07-01,NA,NA
"212","Aruba","ABW",2026,8,2026-08-01,NA,NA
"213","Aruba","ABW",2026,9,2026-09-01,NA,NA
"214","Aruba","ABW",2026,10,2026-10-01,NA,NA
"215","Aruba","ABW",2026,11,2026-11-01,NA,NA
"216","Aruba","ABW",2026,12,2026-12-01,NA,NA
"217","Australia","AUS",2025,1,2025-01-01,284,"WHO"
"218","Australia","AUS",2025,2,2025-02-01,220,"WHO"
"219","Australia","AUS",2025,3,2025-03-01,220,"WHO"
"220","Australia","AUS",2025,4,2025-04-01,195,"WHO"
"221","Australia","AUS",2025,5,2025-05-01,135,"WHO"
"222","Australia","AUS",2025,6,2025-06-01,120,"WHO"
"223","Australia","AUS",2025,7,2025-07-01,160,"WHO"
"224","Australia","AUS",2025,8,2025-08-01,126,"WHO"
"225","Australia","AUS",2025,9,2025-09-01,86,"WHO"
"226","Australia","AUS",2025,10,2025-10-01,139,"WHO"
"227","Australia","AUS",2025,11,2025-11-01,85,"WHO"
"228","Australia","AUS",2025,12,2025-12-01,NA,NA
"229","Australia","AUS",2026,1,2026-01-01,NA,NA
"230","Australia","AUS",2026,2,2026-02-01,NA,NA
"231","Australia","AUS",2026,3,2026-03-01,NA,NA
"232","Australia","AUS",2026,4,2026-04-01,NA,NA
"233","Australia","AUS",2026,5,2026-05-01,NA,NA
"234","Australia","AUS",2026,6,2026-06-01,NA,NA
"235","Australia","AUS",2026,7,2026-07-01,NA,NA
"236","Australia","AUS",2026,8,2026-08-01,NA,NA
"237","Australia","AUS",2026,9,2026-09-01,NA,NA
"238","Australia","AUS",2026,10,2026-10-01,NA,NA
"239","Australia","AUS",2026,11,2026-11-01,NA,NA
"240","Australia","AUS",2026,12,2026-12-01,NA,NA
"241","Austria","AUT",2025,1,2025-01-01,0,"WHO"
"242","Austria","AUT",2025,2,2025-02-01,0,"WHO"
"243","Austria","AUT",2025,3,2025-03-01,0,"WHO"
"244","Austria","AUT",2025,4,2025-04-01,0,"WHO"
"245","Austria","AUT",2025,5,2025-05-01,0,"WHO"
"246","Austria","AUT",2025,6,2025-06-01,0,"WHO"
"247","Austria","AUT",2025,7,2025-07-01,0,"WHO"
"248","Austria","AUT",2025,8,2025-08-01,0,"WHO"
"249","Austria","AUT",2025,9,2025-09-01,0,"WHO"
"250","Austria","AUT",2025,10,2025-10-01,0,"WHO"
"251","Austria","AUT",2025,11,2025-11-01,NA,NA
"252","Austria","AUT",2025,12,2025-12-01,NA,NA
"253","Austria","AUT",2026,1,2026-01-01,NA,NA
"254","Austria","AUT",2026,2,2026-02-01,NA,NA
"255","Austria","AUT",2026,3,2026-03-01,NA,NA
"256","Austria","AUT",2026,4,2026-04-01,NA,NA
"257","Austria","AUT",2026,5,2026-05-01,NA,NA
"258","Austria","AUT",2026,6,2026-06-01,NA,NA
"259","Austria","AUT",2026,7,2026-07-01,NA,NA
"260","Austria","AUT",2026,8,2026-08-01,NA,NA
"261","Austria","AUT",2026,9,2026-09-01,NA,NA
"262","Austria","AUT",2026,10,2026-10-01,NA,NA
"263","Austria","AUT",2026,11,2026-11-01,NA,NA
"264","Austria","AUT",2026,12,2026-12-01,NA,NA
"265","Azerbaijan","AZE",2025,1,2025-01-01,0,"WHO"
"266","Azerbaijan","AZE",2025,2,2025-02-01,0,"WHO"
"267","Azerbaijan","AZE",2025,3,2025-03-01,0,"WHO"
"268","Azerbaijan","AZE",2025,4,2025-04-01,0,"WHO"
"269","Azerbaijan","AZE",2025,5,2025-05-01,0,"WHO"
"270","Azerbaijan","AZE",2025,6,2025-06-01,0,"WHO"
"271","Azerbaijan","AZE",2025,7,2025-07-01,0,"WHO"
"272","Azerbaijan","AZE",2025,8,2025-08-01,0,"WHO"
"273","Azerbaijan","AZE",2025,9,2025-09-01,0,"WHO"
"274","Azerbaijan","AZE",2025,10,2025-10-01,0,"WHO"
"275","Azerbaijan","AZE",2025,11,2025-11-01,NA,NA
"276","Azerbaijan","AZE",2025,12,2025-12-01,NA,NA
"277","Azerbaijan","AZE",2026,1,2026-01-01,NA,NA
"278","Azerbaijan","AZE",2026,2,2026-02-01,NA,NA
"279","Azerbaijan","AZE",2026,3,2026-03-01,NA,NA
"280","Azerbaijan","AZE",2026,4,2026-04-01,NA,NA
"281","Azerbaijan","AZE",2026,5,2026-05-01,NA,NA
"282","Azerbaijan","AZE",2026,6,2026-06-01,NA,NA
"283","Azerbaijan","AZE",2026,7,2026-07-01,NA,NA
"284","Azerbaijan","AZE",2026,8,2026-08-01,NA,NA
"285","Azerbaijan","AZE",2026,9,2026-09-01,NA,NA
"286","Azerbaijan","AZE",2026,10,2026-10-01,NA,NA
"287","Azerbaijan","AZE",2026,11,2026-11-01,NA,NA
"288","Azerbaijan","AZE",2026,12,2026-12-01,NA,NA
"289","Bahamas","BHS",2025,1,2025-01-01,NA,"WHO"
"290","Bahamas","BHS",2025,2,2025-02-01,NA,"WHO"
"291","Bahamas","BHS",2025,3,2025-03-01,NA,"WHO"
"292","Bahamas","BHS",2025,4,2025-04-01,NA,"WHO"
"293","Bahamas","BHS",2025,5,2025-05-01,NA,"WHO"
"294","Bahamas","BHS",2025,6,2025-06-01,NA,"WHO"
"295","Bahamas","BHS",2025,7,2025-07-01,NA,"WHO"
"296","Bahamas","BHS",2025,8,2025-08-01,NA,"WHO"
"297","Bahamas","BHS",2025,9,2025-09-01,NA,"WHO"
"298","Bahamas","BHS",2025,10,2025-10-01,NA,"WHO"
"299","Bahamas","BHS",2025,11,2025-11-01,NA,"WHO"
"300","Bahamas","BHS",2025,12,2025-12-01,NA,NA
"301","Bahamas","BHS",2026,1,2026-01-01,NA,NA
"302","Bahamas","BHS",2026,2,2026-02-01,NA,NA
"303","Bahamas","BHS",2026,3,2026-03-01,NA,NA
"304","Bahamas","BHS",2026,4,2026-04-01,NA,NA
"305","Bahamas","BHS",2026,5,2026-05-01,NA,NA
"306","Bahamas","BHS",2026,6,2026-06-01,NA,NA
"307","Bahamas","BHS",2026,7,2026-07-01,NA,NA
"308","Bahamas","BHS",2026,8,2026-08-01,NA,NA
"309","Bahamas","BHS",2026,9,2026-09-01,NA,NA
"310","Bahamas","BHS",2026,10,2026-10-01,NA,NA
"311","Bahamas","BHS",2026,11,2026-11-01,NA,NA
"312","Bahamas","BHS",2026,12,2026-12-01,NA,NA
"313","Bangladesh","BGD",2025,1,2025-01-01,1161,"SEARO"
"314","Bangladesh","BGD",2025,2,2025-02-01,374,"SEARO"
"315","Bangladesh","BGD",2025,3,2025-03-01,336,"SEARO"
"316","Bangladesh","BGD",2025,4,2025-04-01,701,"SEARO"
"317","Bangladesh","BGD",2025,5,2025-05-01,1773,"SEARO"
"318","Bangladesh","BGD",2025,6,2025-06-01,5951,"SEARO"
"319","Bangladesh","BGD",2025,7,2025-07-01,10684,"SEARO"
"320","Bangladesh","BGD",2025,8,2025-08-01,10496,"SEARO"
"321","Bangladesh","BGD",2025,9,2025-09-01,15866,"SEARO"
"322","Bangladesh","BGD",2025,10,2025-10-01,22520,"SEARO"
"323","Bangladesh","BGD",2025,11,2025-11-01,24540,"SEARO"
"324","Bangladesh","BGD",2025,12,2025-12-01,8465,"SEARO"
"325","Bangladesh","BGD",2026,1,2026-01-01,NA,NA
"326","Bangladesh","BGD",2026,2,2026-02-01,NA,NA
"327","Bangladesh","BGD",2026,3,2026-03-01,NA,NA
"328","Bangladesh","BGD",2026,4,2026-04-01,NA,NA
"329","Bangladesh","BGD",2026,5,2026-05-01,NA,NA
"330","Bangladesh","BGD",2026,6,2026-06-01,NA,NA
"331","Bangladesh","BGD",2026,7,2026-07-01,NA,NA
"332","Bangladesh","BGD",2026,8,2026-08-01,NA,NA
"333","Bangladesh","BGD",2026,9,2026-09-01,NA,NA
"334","Bangladesh","BGD",2026,10,2026-10-01,NA,NA
"335","Bangladesh","BGD",2026,11,2026-11-01,NA,NA
"336","Bangladesh","BGD",2026,12,2026-12-01,NA,NA
"337","Barbados","BRB",2025,1,2025-01-01,28,"PAHO"
"338","Barbados","BRB",2025,2,2025-02-01,16,"PAHO"
"339","Barbados","BRB",2025,3,2025-03-01,12,"PAHO"
"340","Barbados","BRB",2025,4,2025-04-01,18,"PAHO"
"341","Barbados","BRB",2025,5,2025-05-01,10,"PAHO"
"342","Barbados","BRB",2025,6,2025-06-01,11,"PAHO"
"343","Barbados","BRB",2025,7,2025-07-01,132,"PAHO"
"344","Barbados","BRB",2025,8,2025-08-01,96,"PAHO"
"345","Barbados","BRB",2025,9,2025-09-01,17,"PAHO"
"346","Barbados","BRB",2025,10,2025-10-01,12,"PAHO"
"347","Barbados","BRB",2025,11,2025-11-01,14,"PAHO"
"348","Barbados","BRB",2025,12,2025-12-01,NA,NA
"349","Barbados","BRB",2026,1,2026-01-01,NA,NA
"350","Barbados","BRB",2026,2,2026-02-01,NA,NA
"351","Barbados","BRB",2026,3,2026-03-01,NA,NA
"352","Barbados","BRB",2026,4,2026-04-01,NA,NA
"353","Barbados","BRB",2026,5,2026-05-01,NA,NA
"354","Barbados","BRB",2026,6,2026-06-01,NA,NA
"355","Barbados","BRB",2026,7,2026-07-01,NA,NA
"356","Barbados","BRB",2026,8,2026-08-01,NA,NA
"357","Barbados","BRB",2026,9,2026-09-01,NA,NA
"358","Barbados","BRB",2026,10,2026-10-01,NA,NA
"359","Barbados","BRB",2026,11,2026-11-01,NA,NA
"360","Barbados","BRB",2026,12,2026-12-01,NA,NA
"361","Belarus","BLR",2025,1,2025-01-01,0,"WHO"
"362","Belarus","BLR",2025,2,2025-02-01,0,"WHO"
"363","Belarus","BLR",2025,3,2025-03-01,0,"WHO"
"364","Belarus","BLR",2025,4,2025-04-01,0,"WHO"
"365","Belarus","BLR",2025,5,2025-05-01,0,"WHO"
"366","Belarus","BLR",2025,6,2025-06-01,0,"WHO"
"367","Belarus","BLR",2025,7,2025-07-01,0,"WHO"
"368","Belarus","BLR",2025,8,2025-08-01,0,"WHO"
"369","Belarus","BLR",2025,9,2025-09-01,0,"WHO"
"370","Belarus","BLR",2025,10,2025-10-01,0,"WHO"
"371","Belarus","BLR",2025,11,2025-11-01,NA,NA
"372","Belarus","BLR",2025,12,2025-12-01,NA,NA
"373","Belarus","BLR",2026,1,2026-01-01,NA,NA
"374","Belarus","BLR",2026,2,2026-02-01,NA,NA
"375","Belarus","BLR",2026,3,2026-03-01,NA,NA
"376","Belarus","BLR",2026,4,2026-04-01,NA,NA
"377","Belarus","BLR",2026,5,2026-05-01,NA,NA
"378","Belarus","BLR",2026,6,2026-06-01,NA,NA
"379","Belarus","BLR",2026,7,2026-07-01,NA,NA
"380","Belarus","BLR",2026,8,2026-08-01,NA,NA
"381","Belarus","BLR",2026,9,2026-09-01,NA,NA
"382","Belarus","BLR",2026,10,2026-10-01,NA,NA
"383","Belarus","BLR",2026,11,2026-11-01,NA,NA
"384","Belarus","BLR",2026,12,2026-12-01,NA,NA
"385","Belgium","BEL",2025,1,2025-01-01,0,"WHO"
"386","Belgium","BEL",2025,2,2025-02-01,0,"WHO"
"387","Belgium","BEL",2025,3,2025-03-01,0,"WHO"
"388","Belgium","BEL",2025,4,2025-04-01,0,"WHO"
"389","Belgium","BEL",2025,5,2025-05-01,0,"WHO"
"390","Belgium","BEL",2025,6,2025-06-01,0,"WHO"
"391","Belgium","BEL",2025,7,2025-07-01,0,"WHO"
"392","Belgium","BEL",2025,8,2025-08-01,0,"WHO"
"393","Belgium","BEL",2025,9,2025-09-01,0,"WHO"
"394","Belgium","BEL",2025,10,2025-10-01,0,"WHO"
"395","Belgium","BEL",2025,11,2025-11-01,NA,NA
"396","Belgium","BEL",2025,12,2025-12-01,NA,NA
"397","Belgium","BEL",2026,1,2026-01-01,NA,NA
"398","Belgium","BEL",2026,2,2026-02-01,NA,NA
"399","Belgium","BEL",2026,3,2026-03-01,NA,NA
"400","Belgium","BEL",2026,4,2026-04-01,NA,NA
"401","Belgium","BEL",2026,5,2026-05-01,NA,NA
"402","Belgium","BEL",2026,6,2026-06-01,NA,NA
"403","Belgium","BEL",2026,7,2026-07-01,NA,NA
"404","Belgium","BEL",2026,8,2026-08-01,NA,NA
"405","Belgium","BEL",2026,9,2026-09-01,NA,NA
"406","Belgium","BEL",2026,10,2026-10-01,NA,NA
"407","Belgium","BEL",2026,11,2026-11-01,NA,NA
"408","Belgium","BEL",2026,12,2026-12-01,NA,NA
"409","Belize","BLZ",2025,1,2025-01-01,54,"PAHO"
"410","Belize","BLZ",2025,2,2025-02-01,57,"PAHO"
"411","Belize","BLZ",2025,3,2025-03-01,98,"PAHO"
"412","Belize","BLZ",2025,4,2025-04-01,57,"PAHO"
"413","Belize","BLZ",2025,5,2025-05-01,71,"PAHO"
"414","Belize","BLZ",2025,6,2025-06-01,129,"PAHO"
"415","Belize","BLZ",2025,7,2025-07-01,298,"PAHO"
"416","Belize","BLZ",2025,8,2025-08-01,575,"PAHO"
"417","Belize","BLZ",2025,9,2025-09-01,625,"PAHO"
"418","Belize","BLZ",2025,10,2025-10-01,412,"PAHO"
"419","Belize","BLZ",2025,11,2025-11-01,221,"PAHO"
"420","Belize","BLZ",2025,12,2025-12-01,200,"PAHO"
"421","Belize","BLZ",2026,1,2026-01-01,NA,NA
"422","Belize","BLZ",2026,2,2026-02-01,NA,NA
"423","Belize","BLZ",2026,3,2026-03-01,NA,NA
"424","Belize","BLZ",2026,4,2026-04-01,NA,NA
"425","Belize","BLZ",2026,5,2026-05-01,NA,NA
"426","Belize","BLZ",2026,6,2026-06-01,NA,NA
"427","Belize","BLZ",2026,7,2026-07-01,NA,NA
"428","Belize","BLZ",2026,8,2026-08-01,NA,NA
"429","Belize","BLZ",2026,9,2026-09-01,NA,NA
"430","Belize","BLZ",2026,10,2026-10-01,NA,NA
"431","Belize","BLZ",2026,11,2026-11-01,NA,NA
"432","Belize","BLZ",2026,12,2026-12-01,NA,NA
"433","Benin","BEN",2025,1,2025-01-01,0,"WHO"
"434","Benin","BEN",2025,2,2025-02-01,3,"WHO"
"435","Benin","BEN",2025,3,2025-03-01,1,"WHO"
"436","Benin","BEN",2025,4,2025-04-01,0,"WHO"
"437","Benin","BEN",2025,5,2025-05-01,3,"WHO"
"438","Benin","BEN",2025,6,2025-06-01,13,"WHO"
"439","Benin","BEN",2025,7,2025-07-01,28,"WHO"
"440","Benin","BEN",2025,8,2025-08-01,17,"WHO"
"441","Benin","BEN",2025,9,2025-09-01,3,"WHO"
"442","Benin","BEN",2025,10,2025-10-01,4,"WHO"
"443","Benin","BEN",2025,11,2025-11-01,3,"WHO"
"444","Benin","BEN",2025,12,2025-12-01,NA,NA
"445","Benin","BEN",2026,1,2026-01-01,NA,NA
"446","Benin","BEN",2026,2,2026-02-01,NA,NA
"447","Benin","BEN",2026,3,2026-03-01,NA,NA
"448","Benin","BEN",2026,4,2026-04-01,NA,NA
"449","Benin","BEN",2026,5,2026-05-01,NA,NA
"450","Benin","BEN",2026,6,2026-06-01,NA,NA
"451","Benin","BEN",2026,7,2026-07-01,NA,NA
"452","Benin","BEN",2026,8,2026-08-01,NA,NA
"453","Benin","BEN",2026,9,2026-09-01,NA,NA
"454","Benin","BEN",2026,10,2026-10-01,NA,NA
"455","Benin","BEN",2026,11,2026-11-01,NA,NA
"456","Benin","BEN",2026,12,2026-12-01,NA,NA
"457","Bermuda","BMU",2025,1,2025-01-01,0,"WHO"
"458","Bermuda","BMU",2025,2,2025-02-01,0,"WHO"
"459","Bermuda","BMU",2025,3,2025-03-01,0,"WHO"
"460","Bermuda","BMU",2025,4,2025-04-01,0,"WHO"
"461","Bermuda","BMU",2025,5,2025-05-01,0,"WHO"
"462","Bermuda","BMU",2025,6,2025-06-01,0,"WHO"
"463","Bermuda","BMU",2025,7,2025-07-01,0,"WHO"
"464","Bermuda","BMU",2025,8,2025-08-01,0,"WHO"
"465","Bermuda","BMU",2025,9,2025-09-01,0,"WHO"
"466","Bermuda","BMU",2025,10,2025-10-01,1,"PAHO"
"467","Bermuda","BMU",2025,11,2025-11-01,NA,"PAHO"
"468","Bermuda","BMU",2025,12,2025-12-01,NA,NA
"469","Bermuda","BMU",2026,1,2026-01-01,NA,NA
"470","Bermuda","BMU",2026,2,2026-02-01,NA,NA
"471","Bermuda","BMU",2026,3,2026-03-01,NA,NA
"472","Bermuda","BMU",2026,4,2026-04-01,NA,NA
"473","Bermuda","BMU",2026,5,2026-05-01,NA,NA
"474","Bermuda","BMU",2026,6,2026-06-01,NA,NA
"475","Bermuda","BMU",2026,7,2026-07-01,NA,NA
"476","Bermuda","BMU",2026,8,2026-08-01,NA,NA
"477","Bermuda","BMU",2026,9,2026-09-01,NA,NA
"478","Bermuda","BMU",2026,10,2026-10-01,NA,NA
"479","Bermuda","BMU",2026,11,2026-11-01,NA,NA
"480","Bermuda","BMU",2026,12,2026-12-01,NA,NA
"481","Bhutan","BTN",2025,1,2025-01-01,2,"SEARO"
"482","Bhutan","BTN",2025,2,2025-02-01,0,"SEARO"
"483","Bhutan","BTN",2025,3,2025-03-01,1,"SEARO"
"484","Bhutan","BTN",2025,4,2025-04-01,0,"SEARO"
"485","Bhutan","BTN",2025,5,2025-05-01,1,"SEARO"
"486","Bhutan","BTN",2025,6,2025-06-01,0,"SEARO"
"487","Bhutan","BTN",2025,7,2025-07-01,3,"SEARO"
"488","Bhutan","BTN",2025,8,2025-08-01,22,"SEARO"
"489","Bhutan","BTN",2025,9,2025-09-01,5,"SEARO"
"490","Bhutan","BTN",2025,10,2025-10-01,1,"SEARO"
"491","Bhutan","BTN",2025,11,2025-11-01,0,"SEARO"
"492","Bhutan","BTN",2025,12,2025-12-01,0,"SEARO"
"493","Bhutan","BTN",2026,1,2026-01-01,NA,NA
"494","Bhutan","BTN",2026,2,2026-02-01,NA,NA
"495","Bhutan","BTN",2026,3,2026-03-01,NA,NA
"496","Bhutan","BTN",2026,4,2026-04-01,NA,NA
"497","Bhutan","BTN",2026,5,2026-05-01,NA,NA
"498","Bhutan","BTN",2026,6,2026-06-01,NA,NA
"499","Bhutan","BTN",2026,7,2026-07-01,NA,NA
"500","Bhutan","BTN",2026,8,2026-08-01,NA,NA
"501","Bhutan","BTN",2026,9,2026-09-01,NA,NA
"502","Bhutan","BTN",2026,10,2026-10-01,NA,NA
"503","Bhutan","BTN",2026,11,2026-11-01,NA,NA
"504","Bhutan","BTN",2026,12,2026-12-01,NA,NA
"505","Bolivia","BOL",2025,1,2025-01-01,4204,"PAHO"
"506","Bolivia","BOL",2025,2,2025-02-01,3443,"PAHO"
"507","Bolivia","BOL",2025,3,2025-03-01,5848,"PAHO"
"508","Bolivia","BOL",2025,4,2025-04-01,4561,"PAHO"
"509","Bolivia","BOL",2025,5,2025-05-01,5762,"PAHO"
"510","Bolivia","BOL",2025,6,2025-06-01,4063,"PAHO"
"511","Bolivia","BOL",2025,7,2025-07-01,1144,"PAHO"
"512","Bolivia","BOL",2025,8,2025-08-01,842,"PAHO"
"513","Bolivia","BOL",2025,9,2025-09-01,1170,"PAHO"
"514","Bolivia","BOL",2025,10,2025-10-01,1068,"PAHO"
"515","Bolivia","BOL",2025,11,2025-11-01,2142,"PAHO"
"516","Bolivia","BOL",2025,12,2025-12-01,5879,"PAHO"
"517","Bolivia","BOL",2026,1,2026-01-01,NA,NA
"518","Bolivia","BOL",2026,2,2026-02-01,NA,NA
"519","Bolivia","BOL",2026,3,2026-03-01,NA,NA
"520","Bolivia","BOL",2026,4,2026-04-01,NA,NA
"521","Bolivia","BOL",2026,5,2026-05-01,NA,NA
"522","Bolivia","BOL",2026,6,2026-06-01,NA,NA
"523","Bolivia","BOL",2026,7,2026-07-01,NA,NA
"524","Bolivia","BOL",2026,8,2026-08-01,NA,NA
"525","Bolivia","BOL",2026,9,2026-09-01,NA,NA
"526","Bolivia","BOL",2026,10,2026-10-01,NA,NA
"527","Bolivia","BOL",2026,11,2026-11-01,NA,NA
"528","Bolivia","BOL",2026,12,2026-12-01,NA,NA
"529","Bosnia & Herzegovina","BIH",2025,1,2025-01-01,0,"WHO"
"530","Bosnia & Herzegovina","BIH",2025,2,2025-02-01,0,"WHO"
"531","Bosnia & Herzegovina","BIH",2025,3,2025-03-01,0,"WHO"
"532","Bosnia & Herzegovina","BIH",2025,4,2025-04-01,0,"WHO"
"533","Bosnia & Herzegovina","BIH",2025,5,2025-05-01,0,"WHO"
"534","Bosnia & Herzegovina","BIH",2025,6,2025-06-01,0,"WHO"
"535","Bosnia & Herzegovina","BIH",2025,7,2025-07-01,0,"WHO"
"536","Bosnia & Herzegovina","BIH",2025,8,2025-08-01,0,"WHO"
"537","Bosnia & Herzegovina","BIH",2025,9,2025-09-01,0,"WHO"
"538","Bosnia & Herzegovina","BIH",2025,10,2025-10-01,0,"WHO"
"539","Bosnia & Herzegovina","BIH",2025,11,2025-11-01,NA,NA
"540","Bosnia & Herzegovina","BIH",2025,12,2025-12-01,NA,NA
"541","Bosnia & Herzegovina","BIH",2026,1,2026-01-01,NA,NA
"542","Bosnia & Herzegovina","BIH",2026,2,2026-02-01,NA,NA
"543","Bosnia & Herzegovina","BIH",2026,3,2026-03-01,NA,NA
"544","Bosnia & Herzegovina","BIH",2026,4,2026-04-01,NA,NA
"545","Bosnia & Herzegovina","BIH",2026,5,2026-05-01,NA,NA
"546","Bosnia & Herzegovina","BIH",2026,6,2026-06-01,NA,NA
"547","Bosnia & Herzegovina","BIH",2026,7,2026-07-01,NA,NA
"548","Bosnia & Herzegovina","BIH",2026,8,2026-08-01,NA,NA
"549","Bosnia & Herzegovina","BIH",2026,9,2026-09-01,NA,NA
"550","Bosnia & Herzegovina","BIH",2026,10,2026-10-01,NA,NA
"551","Bosnia & Herzegovina","BIH",2026,11,2026-11-01,NA,NA
"552","Bosnia & Herzegovina","BIH",2026,12,2026-12-01,NA,NA
"553","Botswana","BWA",2025,1,2025-01-01,NA,NA
"554","Botswana","BWA",2025,2,2025-02-01,0,"WHO"
"555","Botswana","BWA",2025,3,2025-03-01,0,"WHO"
"556","Botswana","BWA",2025,4,2025-04-01,0,"WHO"
"557","Botswana","BWA",2025,5,2025-05-01,0,"WHO"
"558","Botswana","BWA",2025,6,2025-06-01,0,"WHO"
"559","Botswana","BWA",2025,7,2025-07-01,0,"WHO"
"560","Botswana","BWA",2025,8,2025-08-01,0,"WHO"
"561","Botswana","BWA",2025,9,2025-09-01,0,"WHO"
"562","Botswana","BWA",2025,10,2025-10-01,0,"WHO"
"563","Botswana","BWA",2025,11,2025-11-01,0,"WHO"
"564","Botswana","BWA",2025,12,2025-12-01,NA,NA
"565","Botswana","BWA",2026,1,2026-01-01,NA,NA
"566","Botswana","BWA",2026,2,2026-02-01,NA,NA
"567","Botswana","BWA",2026,3,2026-03-01,NA,NA
"568","Botswana","BWA",2026,4,2026-04-01,NA,NA
"569","Botswana","BWA",2026,5,2026-05-01,NA,NA
"570","Botswana","BWA",2026,6,2026-06-01,NA,NA
"571","Botswana","BWA",2026,7,2026-07-01,NA,NA
"572","Botswana","BWA",2026,8,2026-08-01,NA,NA
"573","Botswana","BWA",2026,9,2026-09-01,NA,NA
"574","Botswana","BWA",2026,10,2026-10-01,NA,NA
"575","Botswana","BWA",2026,11,2026-11-01,NA,NA
"576","Botswana","BWA",2026,12,2026-12-01,NA,NA
"577","Brazil","BRA",2025,1,2025-01-01,460794,"PAHO"
"578","Brazil","BRA",2025,2,2025-02-01,568361,"PAHO"
"579","Brazil","BRA",2025,3,2025-03-01,867286,"PAHO"
"580","Brazil","BRA",2025,4,2025-04-01,613018,"PAHO"
"581","Brazil","BRA",2025,5,2025-05-01,465088,"PAHO"
"582","Brazil","BRA",2025,6,2025-06-01,208878,"PAHO"
"583","Brazil","BRA",2025,7,2025-07-01,96926,"PAHO"
"584","Brazil","BRA",2025,8,2025-08-01,89035,"PAHO"
"585","Brazil","BRA",2025,9,2025-09-01,138034,"PAHO"
"586","Brazil","BRA",2025,10,2025-10-01,123114,"PAHO"
"587","Brazil","BRA",2025,11,2025-11-01,143059,"PAHO"
"588","Brazil","BRA",2025,12,2025-12-01,294941,"PAHO"
"589","Brazil","BRA",2026,1,2026-01-01,NA,NA
"590","Brazil","BRA",2026,2,2026-02-01,NA,NA
"591","Brazil","BRA",2026,3,2026-03-01,NA,NA
"592","Brazil","BRA",2026,4,2026-04-01,NA,NA
"593","Brazil","BRA",2026,5,2026-05-01,NA,NA
"594","Brazil","BRA",2026,6,2026-06-01,NA,NA
"595","Brazil","BRA",2026,7,2026-07-01,NA,NA
"596","Brazil","BRA",2026,8,2026-08-01,NA,NA
"597","Brazil","BRA",2026,9,2026-09-01,NA,NA
"598","Brazil","BRA",2026,10,2026-10-01,NA,NA
"599","Brazil","BRA",2026,11,2026-11-01,NA,NA
"600","Brazil","BRA",2026,12,2026-12-01,NA,NA
"601","British Virgin Islands","VGB",2025,1,2025-01-01,11,"PAHO"
"602","British Virgin Islands","VGB",2025,2,2025-02-01,4,"PAHO"
"603","British Virgin Islands","VGB",2025,3,2025-03-01,6,"PAHO"
"604","British Virgin Islands","VGB",2025,4,2025-04-01,4,"PAHO"
"605","British Virgin Islands","VGB",2025,5,2025-05-01,1,"PAHO"
"606","British Virgin Islands","VGB",2025,6,2025-06-01,1,"PAHO"
"607","British Virgin Islands","VGB",2025,7,2025-07-01,1,"PAHO"
"608","British Virgin Islands","VGB",2025,8,2025-08-01,0,"WHO"
"609","British Virgin Islands","VGB",2025,9,2025-09-01,8,"PAHO"
"610","British Virgin Islands","VGB",2025,10,2025-10-01,7,"WHO"
"611","British Virgin Islands","VGB",2025,11,2025-11-01,10,"PAHO"
"612","British Virgin Islands","VGB",2025,12,2025-12-01,NA,NA
"613","British Virgin Islands","VGB",2026,1,2026-01-01,NA,NA
"614","British Virgin Islands","VGB",2026,2,2026-02-01,NA,NA
"615","British Virgin Islands","VGB",2026,3,2026-03-01,NA,NA
"616","British Virgin Islands","VGB",2026,4,2026-04-01,NA,NA
"617","British Virgin Islands","VGB",2026,5,2026-05-01,NA,NA
"618","British Virgin Islands","VGB",2026,6,2026-06-01,NA,NA
"619","British Virgin Islands","VGB",2026,7,2026-07-01,NA,NA
"620","British Virgin Islands","VGB",2026,8,2026-08-01,NA,NA
"621","British Virgin Islands","VGB",2026,9,2026-09-01,NA,NA
"622","British Virgin Islands","VGB",2026,10,2026-10-01,NA,NA
"623","British Virgin Islands","VGB",2026,11,2026-11-01,NA,NA
"624","British Virgin Islands","VGB",2026,12,2026-12-01,NA,NA
"625","Bulgaria","BGR",2025,1,2025-01-01,0,"WHO"
"626","Bulgaria","BGR",2025,2,2025-02-01,0,"WHO"
"627","Bulgaria","BGR",2025,3,2025-03-01,0,"WHO"
"628","Bulgaria","BGR",2025,4,2025-04-01,0,"WHO"
"629","Bulgaria","BGR",2025,5,2025-05-01,0,"WHO"
"630","Bulgaria","BGR",2025,6,2025-06-01,0,"WHO"
"631","Bulgaria","BGR",2025,7,2025-07-01,0,"WHO"
"632","Bulgaria","BGR",2025,8,2025-08-01,0,"WHO"
"633","Bulgaria","BGR",2025,9,2025-09-01,0,"WHO"
"634","Bulgaria","BGR",2025,10,2025-10-01,0,"WHO"
"635","Bulgaria","BGR",2025,11,2025-11-01,NA,NA
"636","Bulgaria","BGR",2025,12,2025-12-01,NA,NA
"637","Bulgaria","BGR",2026,1,2026-01-01,NA,NA
"638","Bulgaria","BGR",2026,2,2026-02-01,NA,NA
"639","Bulgaria","BGR",2026,3,2026-03-01,NA,NA
"640","Bulgaria","BGR",2026,4,2026-04-01,NA,NA
"641","Bulgaria","BGR",2026,5,2026-05-01,NA,NA
"642","Bulgaria","BGR",2026,6,2026-06-01,NA,NA
"643","Bulgaria","BGR",2026,7,2026-07-01,NA,NA
"644","Bulgaria","BGR",2026,8,2026-08-01,NA,NA
"645","Bulgaria","BGR",2026,9,2026-09-01,NA,NA
"646","Bulgaria","BGR",2026,10,2026-10-01,NA,NA
"647","Bulgaria","BGR",2026,11,2026-11-01,NA,NA
"648","Bulgaria","BGR",2026,12,2026-12-01,NA,NA
"649","Burkina Faso","BFA",2025,1,2025-01-01,4242,"WHO"
"650","Burkina Faso","BFA",2025,2,2025-02-01,2543,"WHO"
"651","Burkina Faso","BFA",2025,3,2025-03-01,2130,"WHO"
"652","Burkina Faso","BFA",2025,4,2025-04-01,2026,"WHO"
"653","Burkina Faso","BFA",2025,5,2025-05-01,1981,"WHO"
"654","Burkina Faso","BFA",2025,6,2025-06-01,1894,"WHO"
"655","Burkina Faso","BFA",2025,7,2025-07-01,3584,"WHO"
"656","Burkina Faso","BFA",2025,8,2025-08-01,3123,"WHO"
"657","Burkina Faso","BFA",2025,9,2025-09-01,6374,"WHO"
"658","Burkina Faso","BFA",2025,10,2025-10-01,11453,"WHO"
"659","Burkina Faso","BFA",2025,11,2025-11-01,9011,"WHO"
"660","Burkina Faso","BFA",2025,12,2025-12-01,NA,NA
"661","Burkina Faso","BFA",2026,1,2026-01-01,NA,NA
"662","Burkina Faso","BFA",2026,2,2026-02-01,NA,NA
"663","Burkina Faso","BFA",2026,3,2026-03-01,NA,NA
"664","Burkina Faso","BFA",2026,4,2026-04-01,NA,NA
"665","Burkina Faso","BFA",2026,5,2026-05-01,NA,NA
"666","Burkina Faso","BFA",2026,6,2026-06-01,NA,NA
"667","Burkina Faso","BFA",2026,7,2026-07-01,NA,NA
"668","Burkina Faso","BFA",2026,8,2026-08-01,NA,NA
"669","Burkina Faso","BFA",2026,9,2026-09-01,NA,NA
"670","Burkina Faso","BFA",2026,10,2026-10-01,NA,NA
"671","Burkina Faso","BFA",2026,11,2026-11-01,NA,NA
"672","Burkina Faso","BFA",2026,12,2026-12-01,NA,NA
"673","Cambodia","KHM",2025,1,2025-01-01,761,"WHO"
"674","Cambodia","KHM",2025,2,2025-02-01,498,"WHO"
"675","Cambodia","KHM",2025,3,2025-03-01,600,"WHO"
"676","Cambodia","KHM",2025,4,2025-04-01,935,"WHO"
"677","Cambodia","KHM",2025,5,2025-05-01,3233,"WHO"
"678","Cambodia","KHM",2025,6,2025-06-01,6602,"WHO"
"679","Cambodia","KHM",2025,7,2025-07-01,14728,"WHO"
"680","Cambodia","KHM",2025,8,2025-08-01,9938,"WHO"
"681","Cambodia","KHM",2025,9,2025-09-01,7408,"WHO"
"682","Cambodia","KHM",2025,10,2025-10-01,8655,"WHO"
"683","Cambodia","KHM",2025,11,2025-11-01,NA,NA
"684","Cambodia","KHM",2025,12,2025-12-01,NA,NA
"685","Cambodia","KHM",2026,1,2026-01-01,NA,NA
"686","Cambodia","KHM",2026,2,2026-02-01,NA,NA
"687","Cambodia","KHM",2026,3,2026-03-01,NA,NA
"688","Cambodia","KHM",2026,4,2026-04-01,NA,NA
"689","Cambodia","KHM",2026,5,2026-05-01,NA,NA
"690","Cambodia","KHM",2026,6,2026-06-01,NA,NA
"691","Cambodia","KHM",2026,7,2026-07-01,NA,NA
"692","Cambodia","KHM",2026,8,2026-08-01,NA,NA
"693","Cambodia","KHM",2026,9,2026-09-01,NA,NA
"694","Cambodia","KHM",2026,10,2026-10-01,NA,NA
"695","Cambodia","KHM",2026,11,2026-11-01,NA,NA
"696","Cambodia","KHM",2026,12,2026-12-01,NA,NA
"697","Cameroon","CMR",2025,1,2025-01-01,0,"WHO"
"698","Cameroon","CMR",2025,2,2025-02-01,0,"WHO"
"699","Cameroon","CMR",2025,3,2025-03-01,60,"WHO"
"700","Cameroon","CMR",2025,4,2025-04-01,0,"WHO"
"701","Cameroon","CMR",2025,5,2025-05-01,1,"WHO"
"702","Cameroon","CMR",2025,6,2025-06-01,0,"WHO"
"703","Cameroon","CMR",2025,7,2025-07-01,0,"WHO"
"704","Cameroon","CMR",2025,8,2025-08-01,0,"WHO"
"705","Cameroon","CMR",2025,9,2025-09-01,0,"WHO"
"706","Cameroon","CMR",2025,10,2025-10-01,0,"WHO"
"707","Cameroon","CMR",2025,11,2025-11-01,3,"WHO"
"708","Cameroon","CMR",2025,12,2025-12-01,NA,NA
"709","Cameroon","CMR",2026,1,2026-01-01,NA,NA
"710","Cameroon","CMR",2026,2,2026-02-01,NA,NA
"711","Cameroon","CMR",2026,3,2026-03-01,NA,NA
"712","Cameroon","CMR",2026,4,2026-04-01,NA,NA
"713","Cameroon","CMR",2026,5,2026-05-01,NA,NA
"714","Cameroon","CMR",2026,6,2026-06-01,NA,NA
"715","Cameroon","CMR",2026,7,2026-07-01,NA,NA
"716","Cameroon","CMR",2026,8,2026-08-01,NA,NA
"717","Cameroon","CMR",2026,9,2026-09-01,NA,NA
"718","Cameroon","CMR",2026,10,2026-10-01,NA,NA
"719","Cameroon","CMR",2026,11,2026-11-01,NA,NA
"720","Cameroon","CMR",2026,12,2026-12-01,NA,NA
"721","Canada","CAN",2025,1,2025-01-01,0,"WHO"
"722","Canada","CAN",2025,2,2025-02-01,0,"WHO"
"723","Canada","CAN",2025,3,2025-03-01,0,"WHO"
"724","Canada","CAN",2025,4,2025-04-01,0,"WHO"
"725","Canada","CAN",2025,5,2025-05-01,0,"WHO"
"726","Canada","CAN",2025,6,2025-06-01,0,"WHO"
"727","Canada","CAN",2025,7,2025-07-01,0,"WHO"
"728","Canada","CAN",2025,8,2025-08-01,0,"WHO"
"729","Canada","CAN",2025,9,2025-09-01,0,"WHO"
"730","Canada","CAN",2025,10,2025-10-01,NA,"PAHO"
"731","Canada","CAN",2025,11,2025-11-01,NA,"PAHO"
"732","Canada","CAN",2025,12,2025-12-01,NA,"PAHO"
"733","Canada","CAN",2026,1,2026-01-01,NA,NA
"734","Canada","CAN",2026,2,2026-02-01,NA,NA
"735","Canada","CAN",2026,3,2026-03-01,NA,NA
"736","Canada","CAN",2026,4,2026-04-01,NA,NA
"737","Canada","CAN",2026,5,2026-05-01,NA,NA
"738","Canada","CAN",2026,6,2026-06-01,NA,NA
"739","Canada","CAN",2026,7,2026-07-01,NA,NA
"740","Canada","CAN",2026,8,2026-08-01,NA,NA
"741","Canada","CAN",2026,9,2026-09-01,NA,NA
"742","Canada","CAN",2026,10,2026-10-01,NA,NA
"743","Canada","CAN",2026,11,2026-11-01,NA,NA
"744","Canada","CAN",2026,12,2026-12-01,NA,NA
"745","Cape Verde","CPV",2025,1,2025-01-01,340,"WHO"
"746","Cape Verde","CPV",2025,2,2025-02-01,162,"WHO"
"747","Cape Verde","CPV",2025,3,2025-03-01,27,"WHO"
"748","Cape Verde","CPV",2025,4,2025-04-01,14,"WHO"
"749","Cape Verde","CPV",2025,5,2025-05-01,83,"WHO"
"750","Cape Verde","CPV",2025,6,2025-06-01,58,"WHO"
"751","Cape Verde","CPV",2025,7,2025-07-01,43,"WHO"
"752","Cape Verde","CPV",2025,8,2025-08-01,44,"WHO"
"753","Cape Verde","CPV",2025,9,2025-09-01,12,"WHO"
"754","Cape Verde","CPV",2025,10,2025-10-01,NA,NA
"755","Cape Verde","CPV",2025,11,2025-11-01,NA,NA
"756","Cape Verde","CPV",2025,12,2025-12-01,NA,NA
"757","Cape Verde","CPV",2026,1,2026-01-01,NA,NA
"758","Cape Verde","CPV",2026,2,2026-02-01,NA,NA
"759","Cape Verde","CPV",2026,3,2026-03-01,NA,NA
"760","Cape Verde","CPV",2026,4,2026-04-01,NA,NA
"761","Cape Verde","CPV",2026,5,2026-05-01,NA,NA
"762","Cape Verde","CPV",2026,6,2026-06-01,NA,NA
"763","Cape Verde","CPV",2026,7,2026-07-01,NA,NA
"764","Cape Verde","CPV",2026,8,2026-08-01,NA,NA
"765","Cape Verde","CPV",2026,9,2026-09-01,NA,NA
"766","Cape Verde","CPV",2026,10,2026-10-01,NA,NA
"767","Cape Verde","CPV",2026,11,2026-11-01,NA,NA
"768","Cape Verde","CPV",2026,12,2026-12-01,NA,NA
"769","Caribbean Netherlands","BES",2025,1,2025-01-01,NA,"WHO"
"770","Caribbean Netherlands","BES",2025,2,2025-02-01,NA,"WHO"
"771","Caribbean Netherlands","BES",2025,3,2025-03-01,NA,"WHO"
"772","Caribbean Netherlands","BES",2025,4,2025-04-01,NA,"WHO"
"773","Caribbean Netherlands","BES",2025,5,2025-05-01,NA,"WHO"
"774","Caribbean Netherlands","BES",2025,6,2025-06-01,NA,"WHO"
"775","Caribbean Netherlands","BES",2025,7,2025-07-01,NA,"WHO"
"776","Caribbean Netherlands","BES",2025,8,2025-08-01,NA,"WHO"
"777","Caribbean Netherlands","BES",2025,9,2025-09-01,NA,"WHO"
"778","Caribbean Netherlands","BES",2025,10,2025-10-01,NA,"WHO"
"779","Caribbean Netherlands","BES",2025,11,2025-11-01,NA,"WHO"
"780","Caribbean Netherlands","BES",2025,12,2025-12-01,NA,NA
"781","Caribbean Netherlands","BES",2026,1,2026-01-01,NA,NA
"782","Caribbean Netherlands","BES",2026,2,2026-02-01,NA,NA
"783","Caribbean Netherlands","BES",2026,3,2026-03-01,NA,NA
"784","Caribbean Netherlands","BES",2026,4,2026-04-01,NA,NA
"785","Caribbean Netherlands","BES",2026,5,2026-05-01,NA,NA
"786","Caribbean Netherlands","BES",2026,6,2026-06-01,NA,NA
"787","Caribbean Netherlands","BES",2026,7,2026-07-01,NA,NA
"788","Caribbean Netherlands","BES",2026,8,2026-08-01,NA,NA
"789","Caribbean Netherlands","BES",2026,9,2026-09-01,NA,NA
"790","Caribbean Netherlands","BES",2026,10,2026-10-01,NA,NA
"791","Caribbean Netherlands","BES",2026,11,2026-11-01,NA,NA
"792","Caribbean Netherlands","BES",2026,12,2026-12-01,NA,NA
"793","Cayman Islands","CYM",2025,1,2025-01-01,0,"WHO"
"794","Cayman Islands","CYM",2025,2,2025-02-01,0,"WHO"
"795","Cayman Islands","CYM",2025,3,2025-03-01,0,"WHO"
"796","Cayman Islands","CYM",2025,4,2025-04-01,0,"WHO"
"797","Cayman Islands","CYM",2025,5,2025-05-01,0,"WHO"
"798","Cayman Islands","CYM",2025,6,2025-06-01,0,"WHO"
"799","Cayman Islands","CYM",2025,7,2025-07-01,0,"WHO"
"800","Cayman Islands","CYM",2025,8,2025-08-01,0,"WHO"
"801","Cayman Islands","CYM",2025,9,2025-09-01,0,"WHO"
"802","Cayman Islands","CYM",2025,10,2025-10-01,0,"WHO"
"803","Cayman Islands","CYM",2025,11,2025-11-01,NA,"PAHO"
"804","Cayman Islands","CYM",2025,12,2025-12-01,NA,"PAHO"
"805","Cayman Islands","CYM",2026,1,2026-01-01,NA,NA
"806","Cayman Islands","CYM",2026,2,2026-02-01,NA,NA
"807","Cayman Islands","CYM",2026,3,2026-03-01,NA,NA
"808","Cayman Islands","CYM",2026,4,2026-04-01,NA,NA
"809","Cayman Islands","CYM",2026,5,2026-05-01,NA,NA
"810","Cayman Islands","CYM",2026,6,2026-06-01,NA,NA
"811","Cayman Islands","CYM",2026,7,2026-07-01,NA,NA
"812","Cayman Islands","CYM",2026,8,2026-08-01,NA,NA
"813","Cayman Islands","CYM",2026,9,2026-09-01,NA,NA
"814","Cayman Islands","CYM",2026,10,2026-10-01,NA,NA
"815","Cayman Islands","CYM",2026,11,2026-11-01,NA,NA
"816","Cayman Islands","CYM",2026,12,2026-12-01,NA,NA
"817","Chad","TCD",2025,1,2025-01-01,11,"WHO"
"818","Chad","TCD",2025,2,2025-02-01,0,"WHO"
"819","Chad","TCD",2025,3,2025-03-01,0,"WHO"
"820","Chad","TCD",2025,4,2025-04-01,0,"WHO"
"821","Chad","TCD",2025,5,2025-05-01,6,"WHO"
"822","Chad","TCD",2025,6,2025-06-01,0,"WHO"
"823","Chad","TCD",2025,7,2025-07-01,0,"WHO"
"824","Chad","TCD",2025,8,2025-08-01,0,"WHO"
"825","Chad","TCD",2025,9,2025-09-01,0,"WHO"
"826","Chad","TCD",2025,10,2025-10-01,0,"WHO"
"827","Chad","TCD",2025,11,2025-11-01,0,"WHO"
"828","Chad","TCD",2025,12,2025-12-01,NA,NA
"829","Chad","TCD",2026,1,2026-01-01,NA,NA
"830","Chad","TCD",2026,2,2026-02-01,NA,NA
"831","Chad","TCD",2026,3,2026-03-01,NA,NA
"832","Chad","TCD",2026,4,2026-04-01,NA,NA
"833","Chad","TCD",2026,5,2026-05-01,NA,NA
"834","Chad","TCD",2026,6,2026-06-01,NA,NA
"835","Chad","TCD",2026,7,2026-07-01,NA,NA
"836","Chad","TCD",2026,8,2026-08-01,NA,NA
"837","Chad","TCD",2026,9,2026-09-01,NA,NA
"838","Chad","TCD",2026,10,2026-10-01,NA,NA
"839","Chad","TCD",2026,11,2026-11-01,NA,NA
"840","Chad","TCD",2026,12,2026-12-01,NA,NA
"841","Chile","CHL",2025,1,2025-01-01,0,"WHO"
"842","Chile","CHL",2025,2,2025-02-01,0,"WHO"
"843","Chile","CHL",2025,3,2025-03-01,0,"WHO"
"844","Chile","CHL",2025,4,2025-04-01,0,"WHO"
"845","Chile","CHL",2025,5,2025-05-01,0,"WHO"
"846","Chile","CHL",2025,6,2025-06-01,0,"WHO"
"847","Chile","CHL",2025,7,2025-07-01,0,"WHO"
"848","Chile","CHL",2025,8,2025-08-01,0,"WHO"
"849","Chile","CHL",2025,9,2025-09-01,0,"WHO"
"850","Chile","CHL",2025,10,2025-10-01,0,"WHO"
"851","Chile","CHL",2025,11,2025-11-01,NA,"PAHO"
"852","Chile","CHL",2025,12,2025-12-01,NA,"PAHO"
"853","Chile","CHL",2026,1,2026-01-01,NA,NA
"854","Chile","CHL",2026,2,2026-02-01,NA,NA
"855","Chile","CHL",2026,3,2026-03-01,NA,NA
"856","Chile","CHL",2026,4,2026-04-01,NA,NA
"857","Chile","CHL",2026,5,2026-05-01,NA,NA
"858","Chile","CHL",2026,6,2026-06-01,NA,NA
"859","Chile","CHL",2026,7,2026-07-01,NA,NA
"860","Chile","CHL",2026,8,2026-08-01,NA,NA
"861","Chile","CHL",2026,9,2026-09-01,NA,NA
"862","Chile","CHL",2026,10,2026-10-01,NA,NA
"863","Chile","CHL",2026,11,2026-11-01,NA,NA
"864","Chile","CHL",2026,12,2026-12-01,NA,NA
"865","China","CHN",2025,1,2025-01-01,49,"WHO"
"866","China","CHN",2025,2,2025-02-01,51,"WHO"
"867","China","CHN",2025,3,2025-03-01,38,"WHO"
"868","China","CHN",2025,4,2025-04-01,74,"WHO"
"869","China","CHN",2025,5,2025-05-01,126,"WHO"
"870","China","CHN",2025,6,2025-06-01,225,"WHO"
"871","China","CHN",2025,7,2025-07-01,694,"WHO"
"872","China","CHN",2025,8,2025-08-01,1702,"WHO"
"873","China","CHN",2025,9,2025-09-01,2321,"WHO"
"874","China","CHN",2025,10,2025-10-01,3727,"WHO"
"875","China","CHN",2025,11,2025-11-01,849,"WHO"
"876","China","CHN",2025,12,2025-12-01,NA,NA
"877","China","CHN",2026,1,2026-01-01,NA,NA
"878","China","CHN",2026,2,2026-02-01,NA,NA
"879","China","CHN",2026,3,2026-03-01,NA,NA
"880","China","CHN",2026,4,2026-04-01,NA,NA
"881","China","CHN",2026,5,2026-05-01,NA,NA
"882","China","CHN",2026,6,2026-06-01,NA,NA
"883","China","CHN",2026,7,2026-07-01,NA,NA
"884","China","CHN",2026,8,2026-08-01,NA,NA
"885","China","CHN",2026,9,2026-09-01,NA,NA
"886","China","CHN",2026,10,2026-10-01,NA,NA
"887","China","CHN",2026,11,2026-11-01,NA,NA
"888","China","CHN",2026,12,2026-12-01,NA,NA
"889","Colombia","COL",2025,1,2025-01-01,19794,"PAHO"
"890","Colombia","COL",2025,2,2025-02-01,14705,"PAHO"
"891","Colombia","COL",2025,3,2025-03-01,16984,"PAHO"
"892","Colombia","COL",2025,4,2025-04-01,13301,"PAHO"
"893","Colombia","COL",2025,5,2025-05-01,11614,"PAHO"
"894","Colombia","COL",2025,6,2025-06-01,11049,"PAHO"
"895","Colombia","COL",2025,7,2025-07-01,7429,"PAHO"
"896","Colombia","COL",2025,8,2025-08-01,5159,"PAHO"
"897","Colombia","COL",2025,9,2025-09-01,6506,"PAHO"
"898","Colombia","COL",2025,10,2025-10-01,4615,"PAHO"
"899","Colombia","COL",2025,11,2025-11-01,6554,"PAHO"
"900","Colombia","COL",2025,12,2025-12-01,7409,"PAHO"
"901","Colombia","COL",2026,1,2026-01-01,NA,NA
"902","Colombia","COL",2026,2,2026-02-01,NA,NA
"903","Colombia","COL",2026,3,2026-03-01,NA,NA
"904","Colombia","COL",2026,4,2026-04-01,NA,NA
"905","Colombia","COL",2026,5,2026-05-01,NA,NA
"906","Colombia","COL",2026,6,2026-06-01,NA,NA
"907","Colombia","COL",2026,7,2026-07-01,NA,NA
"908","Colombia","COL",2026,8,2026-08-01,NA,NA
"909","Colombia","COL",2026,9,2026-09-01,NA,NA
"910","Colombia","COL",2026,10,2026-10-01,NA,NA
"911","Colombia","COL",2026,11,2026-11-01,NA,NA
"912","Colombia","COL",2026,12,2026-12-01,NA,NA
"913","Comoros","COM",2025,1,2025-01-01,NA,NA
"914","Comoros","COM",2025,2,2025-02-01,NA,NA
"915","Comoros","COM",2025,3,2025-03-01,NA,NA
"916","Comoros","COM",2025,4,2025-04-01,NA,NA
"917","Comoros","COM",2025,5,2025-05-01,NA,NA
"918","Comoros","COM",2025,6,2025-06-01,NA,NA
"919","Comoros","COM",2025,7,2025-07-01,NA,NA
"920","Comoros","COM",2025,8,2025-08-01,NA,NA
"921","Comoros","COM",2025,9,2025-09-01,41,"WHO"
"922","Comoros","COM",2025,10,2025-10-01,NA,NA
"923","Comoros","COM",2025,11,2025-11-01,NA,NA
"924","Comoros","COM",2025,12,2025-12-01,NA,NA
"925","Comoros","COM",2026,1,2026-01-01,NA,NA
"926","Comoros","COM",2026,2,2026-02-01,NA,NA
"927","Comoros","COM",2026,3,2026-03-01,NA,NA
"928","Comoros","COM",2026,4,2026-04-01,NA,NA
"929","Comoros","COM",2026,5,2026-05-01,NA,NA
"930","Comoros","COM",2026,6,2026-06-01,NA,NA
"931","Comoros","COM",2026,7,2026-07-01,NA,NA
"932","Comoros","COM",2026,8,2026-08-01,NA,NA
"933","Comoros","COM",2026,9,2026-09-01,NA,NA
"934","Comoros","COM",2026,10,2026-10-01,NA,NA
"935","Comoros","COM",2026,11,2026-11-01,NA,NA
"936","Comoros","COM",2026,12,2026-12-01,NA,NA
"937","Cook Islands","COK",2025,1,2025-01-01,0,"WHO"
"938","Cook Islands","COK",2025,2,2025-02-01,1,"WHO"
"939","Cook Islands","COK",2025,3,2025-03-01,0,"WHO"
"940","Cook Islands","COK",2025,4,2025-04-01,1,"WHO"
"941","Cook Islands","COK",2025,5,2025-05-01,12,"WHO"
"942","Cook Islands","COK",2025,6,2025-06-01,23,"WHO"
"943","Cook Islands","COK",2025,7,2025-07-01,34,"WHO"
"944","Cook Islands","COK",2025,8,2025-08-01,18,"WHO"
"945","Cook Islands","COK",2025,9,2025-09-01,40,"WHO"
"946","Cook Islands","COK",2025,10,2025-10-01,34,"WHO"
"947","Cook Islands","COK",2025,11,2025-11-01,36,"WHO"
"948","Cook Islands","COK",2025,12,2025-12-01,NA,NA
"949","Cook Islands","COK",2026,1,2026-01-01,NA,NA
"950","Cook Islands","COK",2026,2,2026-02-01,NA,NA
"951","Cook Islands","COK",2026,3,2026-03-01,NA,NA
"952","Cook Islands","COK",2026,4,2026-04-01,NA,NA
"953","Cook Islands","COK",2026,5,2026-05-01,NA,NA
"954","Cook Islands","COK",2026,6,2026-06-01,NA,NA
"955","Cook Islands","COK",2026,7,2026-07-01,NA,NA
"956","Cook Islands","COK",2026,8,2026-08-01,NA,NA
"957","Cook Islands","COK",2026,9,2026-09-01,NA,NA
"958","Cook Islands","COK",2026,10,2026-10-01,NA,NA
"959","Cook Islands","COK",2026,11,2026-11-01,NA,NA
"960","Cook Islands","COK",2026,12,2026-12-01,NA,NA
"961","Costa Rica","CRI",2025,1,2025-01-01,537,"PAHO"
"962","Costa Rica","CRI",2025,2,2025-02-01,261,"PAHO"
"963","Costa Rica","CRI",2025,3,2025-03-01,287,"PAHO"
"964","Costa Rica","CRI",2025,4,2025-04-01,164,"PAHO"
"965","Costa Rica","CRI",2025,5,2025-05-01,186,"PAHO"
"966","Costa Rica","CRI",2025,6,2025-06-01,326,"PAHO"
"967","Costa Rica","CRI",2025,7,2025-07-01,483,"PAHO"
"968","Costa Rica","CRI",2025,8,2025-08-01,684,"PAHO"
"969","Costa Rica","CRI",2025,9,2025-09-01,935,"PAHO"
"970","Costa Rica","CRI",2025,10,2025-10-01,777,"PAHO"
"971","Costa Rica","CRI",2025,11,2025-11-01,949,"PAHO"
"972","Costa Rica","CRI",2025,12,2025-12-01,147,"PAHO"
"973","Costa Rica","CRI",2026,1,2026-01-01,NA,NA
"974","Costa Rica","CRI",2026,2,2026-02-01,NA,NA
"975","Costa Rica","CRI",2026,3,2026-03-01,NA,NA
"976","Costa Rica","CRI",2026,4,2026-04-01,NA,NA
"977","Costa Rica","CRI",2026,5,2026-05-01,NA,NA
"978","Costa Rica","CRI",2026,6,2026-06-01,NA,NA
"979","Costa Rica","CRI",2026,7,2026-07-01,NA,NA
"980","Costa Rica","CRI",2026,8,2026-08-01,NA,NA
"981","Costa Rica","CRI",2026,9,2026-09-01,NA,NA
"982","Costa Rica","CRI",2026,10,2026-10-01,NA,NA
"983","Costa Rica","CRI",2026,11,2026-11-01,NA,NA
"984","Costa Rica","CRI",2026,12,2026-12-01,NA,NA
"985","Côte d’Ivoire","CIV",2025,1,2025-01-01,23,"WHO"
"986","Côte d’Ivoire","CIV",2025,2,2025-02-01,5,"WHO"
"987","Côte d’Ivoire","CIV",2025,3,2025-03-01,15,"WHO"
"988","Côte d’Ivoire","CIV",2025,4,2025-04-01,15,"WHO"
"989","Côte d’Ivoire","CIV",2025,5,2025-05-01,28,"WHO"
"990","Côte d’Ivoire","CIV",2025,6,2025-06-01,78,"WHO"
"991","Côte d’Ivoire","CIV",2025,7,2025-07-01,106,"WHO"
"992","Côte d’Ivoire","CIV",2025,8,2025-08-01,39,"WHO"
"993","Côte d’Ivoire","CIV",2025,9,2025-09-01,28,"WHO"
"994","Côte d’Ivoire","CIV",2025,10,2025-10-01,0,"WHO"
"995","Côte d’Ivoire","CIV",2025,11,2025-11-01,19,"WHO"
"996","Côte d’Ivoire","CIV",2025,12,2025-12-01,NA,NA
"997","Côte d’Ivoire","CIV",2026,1,2026-01-01,NA,NA
"998","Côte d’Ivoire","CIV",2026,2,2026-02-01,NA,NA
"999","Côte d’Ivoire","CIV",2026,3,2026-03-01,NA,NA
"1000","Côte d’Ivoire","CIV",2026,4,2026-04-01,NA,NA
"1001","Côte d’Ivoire","CIV",2026,5,2026-05-01,NA,NA
"1002","Côte d’Ivoire","CIV",2026,6,2026-06-01,NA,NA
"1003","Côte d’Ivoire","CIV",2026,7,2026-07-01,NA,NA
"1004","Côte d’Ivoire","CIV",2026,8,2026-08-01,NA,NA
"1005","Côte d’Ivoire","CIV",2026,9,2026-09-01,NA,NA
"1006","Côte d’Ivoire","CIV",2026,10,2026-10-01,NA,NA
"1007","Côte d’Ivoire","CIV",2026,11,2026-11-01,NA,NA
"1008","Côte d’Ivoire","CIV",2026,12,2026-12-01,NA,NA
"1009","Croatia","HRV",2025,1,2025-01-01,0,"WHO"
"1010","Croatia","HRV",2025,2,2025-02-01,0,"WHO"
"1011","Croatia","HRV",2025,3,2025-03-01,0,"WHO"
"1012","Croatia","HRV",2025,4,2025-04-01,0,"WHO"
"1013","Croatia","HRV",2025,5,2025-05-01,0,"WHO"
"1014","Croatia","HRV",2025,6,2025-06-01,0,"WHO"
"1015","Croatia","HRV",2025,7,2025-07-01,0,"WHO"
"1016","Croatia","HRV",2025,8,2025-08-01,0,"WHO"
"1017","Croatia","HRV",2025,9,2025-09-01,0,"WHO"
"1018","Croatia","HRV",2025,10,2025-10-01,0,"WHO"
"1019","Croatia","HRV",2025,11,2025-11-01,NA,NA
"1020","Croatia","HRV",2025,12,2025-12-01,NA,NA
"1021","Croatia","HRV",2026,1,2026-01-01,NA,NA
"1022","Croatia","HRV",2026,2,2026-02-01,NA,NA
"1023","Croatia","HRV",2026,3,2026-03-01,NA,NA
"1024","Croatia","HRV",2026,4,2026-04-01,NA,NA
"1025","Croatia","HRV",2026,5,2026-05-01,NA,NA
"1026","Croatia","HRV",2026,6,2026-06-01,NA,NA
"1027","Croatia","HRV",2026,7,2026-07-01,NA,NA
"1028","Croatia","HRV",2026,8,2026-08-01,NA,NA
"1029","Croatia","HRV",2026,9,2026-09-01,NA,NA
"1030","Croatia","HRV",2026,10,2026-10-01,NA,NA
"1031","Croatia","HRV",2026,11,2026-11-01,NA,NA
"1032","Croatia","HRV",2026,12,2026-12-01,NA,NA
"1033","Cuba","CUB",2025,1,2025-01-01,NA,"PAHO"
"1034","Cuba","CUB",2025,2,2025-02-01,NA,"PAHO"
"1035","Cuba","CUB",2025,3,2025-03-01,NA,"PAHO"
"1036","Cuba","CUB",2025,4,2025-04-01,NA,"PAHO"
"1037","Cuba","CUB",2025,5,2025-05-01,NA,"PAHO"
"1038","Cuba","CUB",2025,6,2025-06-01,NA,"PAHO"
"1039","Cuba","CUB",2025,7,2025-07-01,3945,"WHO"
"1040","Cuba","CUB",2025,8,2025-08-01,NA,"PAHO"
"1041","Cuba","CUB",2025,9,2025-09-01,2574,"WHO"
"1042","Cuba","CUB",2025,10,2025-10-01,NA,"PAHO"
"1043","Cuba","CUB",2025,11,2025-11-01,3083,"WHO"
"1044","Cuba","CUB",2025,12,2025-12-01,6579,"PAHO"
"1045","Cuba","CUB",2026,1,2026-01-01,NA,NA
"1046","Cuba","CUB",2026,2,2026-02-01,NA,NA
"1047","Cuba","CUB",2026,3,2026-03-01,NA,NA
"1048","Cuba","CUB",2026,4,2026-04-01,NA,NA
"1049","Cuba","CUB",2026,5,2026-05-01,NA,NA
"1050","Cuba","CUB",2026,6,2026-06-01,NA,NA
"1051","Cuba","CUB",2026,7,2026-07-01,NA,NA
"1052","Cuba","CUB",2026,8,2026-08-01,NA,NA
"1053","Cuba","CUB",2026,9,2026-09-01,NA,NA
"1054","Cuba","CUB",2026,10,2026-10-01,NA,NA
"1055","Cuba","CUB",2026,11,2026-11-01,NA,NA
"1056","Cuba","CUB",2026,12,2026-12-01,NA,NA
"1057","Curaçao","CUW",2025,1,2025-01-01,NA,"WHO"
"1058","Curaçao","CUW",2025,2,2025-02-01,NA,"WHO"
"1059","Curaçao","CUW",2025,3,2025-03-01,NA,"WHO"
"1060","Curaçao","CUW",2025,4,2025-04-01,NA,"WHO"
"1061","Curaçao","CUW",2025,5,2025-05-01,NA,"WHO"
"1062","Curaçao","CUW",2025,6,2025-06-01,NA,"WHO"
"1063","Curaçao","CUW",2025,7,2025-07-01,NA,"WHO"
"1064","Curaçao","CUW",2025,8,2025-08-01,NA,"WHO"
"1065","Curaçao","CUW",2025,9,2025-09-01,NA,"WHO"
"1066","Curaçao","CUW",2025,10,2025-10-01,NA,"WHO"
"1067","Curaçao","CUW",2025,11,2025-11-01,NA,"WHO"
"1068","Curaçao","CUW",2025,12,2025-12-01,NA,NA
"1069","Curaçao","CUW",2026,1,2026-01-01,NA,NA
"1070","Curaçao","CUW",2026,2,2026-02-01,NA,NA
"1071","Curaçao","CUW",2026,3,2026-03-01,NA,NA
"1072","Curaçao","CUW",2026,4,2026-04-01,NA,NA
"1073","Curaçao","CUW",2026,5,2026-05-01,NA,NA
"1074","Curaçao","CUW",2026,6,2026-06-01,NA,NA
"1075","Curaçao","CUW",2026,7,2026-07-01,NA,NA
"1076","Curaçao","CUW",2026,8,2026-08-01,NA,NA
"1077","Curaçao","CUW",2026,9,2026-09-01,NA,NA
"1078","Curaçao","CUW",2026,10,2026-10-01,NA,NA
"1079","Curaçao","CUW",2026,11,2026-11-01,NA,NA
"1080","Curaçao","CUW",2026,12,2026-12-01,NA,NA
"1081","Cyprus","CYP",2025,1,2025-01-01,0,"WHO"
"1082","Cyprus","CYP",2025,2,2025-02-01,0,"WHO"
"1083","Cyprus","CYP",2025,3,2025-03-01,0,"WHO"
"1084","Cyprus","CYP",2025,4,2025-04-01,0,"WHO"
"1085","Cyprus","CYP",2025,5,2025-05-01,0,"WHO"
"1086","Cyprus","CYP",2025,6,2025-06-01,0,"WHO"
"1087","Cyprus","CYP",2025,7,2025-07-01,0,"WHO"
"1088","Cyprus","CYP",2025,8,2025-08-01,0,"WHO"
"1089","Cyprus","CYP",2025,9,2025-09-01,0,"WHO"
"1090","Cyprus","CYP",2025,10,2025-10-01,0,"WHO"
"1091","Cyprus","CYP",2025,11,2025-11-01,NA,NA
"1092","Cyprus","CYP",2025,12,2025-12-01,NA,NA
"1093","Cyprus","CYP",2026,1,2026-01-01,NA,NA
"1094","Cyprus","CYP",2026,2,2026-02-01,NA,NA
"1095","Cyprus","CYP",2026,3,2026-03-01,NA,NA
"1096","Cyprus","CYP",2026,4,2026-04-01,NA,NA
"1097","Cyprus","CYP",2026,5,2026-05-01,NA,NA
"1098","Cyprus","CYP",2026,6,2026-06-01,NA,NA
"1099","Cyprus","CYP",2026,7,2026-07-01,NA,NA
"1100","Cyprus","CYP",2026,8,2026-08-01,NA,NA
"1101","Cyprus","CYP",2026,9,2026-09-01,NA,NA
"1102","Cyprus","CYP",2026,10,2026-10-01,NA,NA
"1103","Cyprus","CYP",2026,11,2026-11-01,NA,NA
"1104","Cyprus","CYP",2026,12,2026-12-01,NA,NA
"1105","Czechia","CZE",2025,1,2025-01-01,0,"WHO"
"1106","Czechia","CZE",2025,2,2025-02-01,0,"WHO"
"1107","Czechia","CZE",2025,3,2025-03-01,0,"WHO"
"1108","Czechia","CZE",2025,4,2025-04-01,0,"WHO"
"1109","Czechia","CZE",2025,5,2025-05-01,0,"WHO"
"1110","Czechia","CZE",2025,6,2025-06-01,0,"WHO"
"1111","Czechia","CZE",2025,7,2025-07-01,0,"WHO"
"1112","Czechia","CZE",2025,8,2025-08-01,0,"WHO"
"1113","Czechia","CZE",2025,9,2025-09-01,0,"WHO"
"1114","Czechia","CZE",2025,10,2025-10-01,0,"WHO"
"1115","Czechia","CZE",2025,11,2025-11-01,NA,NA
"1116","Czechia","CZE",2025,12,2025-12-01,NA,NA
"1117","Czechia","CZE",2026,1,2026-01-01,NA,NA
"1118","Czechia","CZE",2026,2,2026-02-01,NA,NA
"1119","Czechia","CZE",2026,3,2026-03-01,NA,NA
"1120","Czechia","CZE",2026,4,2026-04-01,NA,NA
"1121","Czechia","CZE",2026,5,2026-05-01,NA,NA
"1122","Czechia","CZE",2026,6,2026-06-01,NA,NA
"1123","Czechia","CZE",2026,7,2026-07-01,NA,NA
"1124","Czechia","CZE",2026,8,2026-08-01,NA,NA
"1125","Czechia","CZE",2026,9,2026-09-01,NA,NA
"1126","Czechia","CZE",2026,10,2026-10-01,NA,NA
"1127","Czechia","CZE",2026,11,2026-11-01,NA,NA
"1128","Czechia","CZE",2026,12,2026-12-01,NA,NA
"1129","Denmark","DNK",2025,1,2025-01-01,0,"WHO"
"1130","Denmark","DNK",2025,2,2025-02-01,0,"WHO"
"1131","Denmark","DNK",2025,3,2025-03-01,0,"WHO"
"1132","Denmark","DNK",2025,4,2025-04-01,0,"WHO"
"1133","Denmark","DNK",2025,5,2025-05-01,0,"WHO"
"1134","Denmark","DNK",2025,6,2025-06-01,0,"WHO"
"1135","Denmark","DNK",2025,7,2025-07-01,0,"WHO"
"1136","Denmark","DNK",2025,8,2025-08-01,0,"WHO"
"1137","Denmark","DNK",2025,9,2025-09-01,0,"WHO"
"1138","Denmark","DNK",2025,10,2025-10-01,0,"WHO"
"1139","Denmark","DNK",2025,11,2025-11-01,NA,NA
"1140","Denmark","DNK",2025,12,2025-12-01,NA,NA
"1141","Denmark","DNK",2026,1,2026-01-01,NA,NA
"1142","Denmark","DNK",2026,2,2026-02-01,NA,NA
"1143","Denmark","DNK",2026,3,2026-03-01,NA,NA
"1144","Denmark","DNK",2026,4,2026-04-01,NA,NA
"1145","Denmark","DNK",2026,5,2026-05-01,NA,NA
"1146","Denmark","DNK",2026,6,2026-06-01,NA,NA
"1147","Denmark","DNK",2026,7,2026-07-01,NA,NA
"1148","Denmark","DNK",2026,8,2026-08-01,NA,NA
"1149","Denmark","DNK",2026,9,2026-09-01,NA,NA
"1150","Denmark","DNK",2026,10,2026-10-01,NA,NA
"1151","Denmark","DNK",2026,11,2026-11-01,NA,NA
"1152","Denmark","DNK",2026,12,2026-12-01,NA,NA
"1153","Dominican Republic","DOM",2025,1,2025-01-01,201,"PAHO"
"1154","Dominican Republic","DOM",2025,2,2025-02-01,166,"PAHO"
"1155","Dominican Republic","DOM",2025,3,2025-03-01,239,"PAHO"
"1156","Dominican Republic","DOM",2025,4,2025-04-01,126,"PAHO"
"1157","Dominican Republic","DOM",2025,5,2025-05-01,166,"PAHO"
"1158","Dominican Republic","DOM",2025,6,2025-06-01,178,"PAHO"
"1159","Dominican Republic","DOM",2025,7,2025-07-01,139,"PAHO"
"1160","Dominican Republic","DOM",2025,8,2025-08-01,117,"PAHO"
"1161","Dominican Republic","DOM",2025,9,2025-09-01,168,"PAHO"
"1162","Dominican Republic","DOM",2025,10,2025-10-01,172,"PAHO"
"1163","Dominican Republic","DOM",2025,11,2025-11-01,201,"PAHO"
"1164","Dominican Republic","DOM",2025,12,2025-12-01,271,"PAHO"
"1165","Dominican Republic","DOM",2026,1,2026-01-01,NA,NA
"1166","Dominican Republic","DOM",2026,2,2026-02-01,NA,NA
"1167","Dominican Republic","DOM",2026,3,2026-03-01,NA,NA
"1168","Dominican Republic","DOM",2026,4,2026-04-01,NA,NA
"1169","Dominican Republic","DOM",2026,5,2026-05-01,NA,NA
"1170","Dominican Republic","DOM",2026,6,2026-06-01,NA,NA
"1171","Dominican Republic","DOM",2026,7,2026-07-01,NA,NA
"1172","Dominican Republic","DOM",2026,8,2026-08-01,NA,NA
"1173","Dominican Republic","DOM",2026,9,2026-09-01,NA,NA
"1174","Dominican Republic","DOM",2026,10,2026-10-01,NA,NA
"1175","Dominican Republic","DOM",2026,11,2026-11-01,NA,NA
"1176","Dominican Republic","DOM",2026,12,2026-12-01,NA,NA
"1177","Ecuador","ECU",2025,1,2025-01-01,4513,"PAHO"
"1178","Ecuador","ECU",2025,2,2025-02-01,4122,"PAHO"
"1179","Ecuador","ECU",2025,3,2025-03-01,5770,"PAHO"
"1180","Ecuador","ECU",2025,4,2025-04-01,4985,"PAHO"
"1181","Ecuador","ECU",2025,5,2025-05-01,5324,"PAHO"
"1182","Ecuador","ECU",2025,6,2025-06-01,4741,"PAHO"
"1183","Ecuador","ECU",2025,7,2025-07-01,2401,"PAHO"
"1184","Ecuador","ECU",2025,8,2025-08-01,1307,"PAHO"
"1185","Ecuador","ECU",2025,9,2025-09-01,1381,"PAHO"
"1186","Ecuador","ECU",2025,10,2025-10-01,999,"PAHO"
"1187","Ecuador","ECU",2025,11,2025-11-01,1081,"PAHO"
"1188","Ecuador","ECU",2025,12,2025-12-01,2319,"PAHO"
"1189","Ecuador","ECU",2026,1,2026-01-01,NA,NA
"1190","Ecuador","ECU",2026,2,2026-02-01,NA,NA
"1191","Ecuador","ECU",2026,3,2026-03-01,NA,NA
"1192","Ecuador","ECU",2026,4,2026-04-01,NA,NA
"1193","Ecuador","ECU",2026,5,2026-05-01,NA,NA
"1194","Ecuador","ECU",2026,6,2026-06-01,NA,NA
"1195","Ecuador","ECU",2026,7,2026-07-01,NA,NA
"1196","Ecuador","ECU",2026,8,2026-08-01,NA,NA
"1197","Ecuador","ECU",2026,9,2026-09-01,NA,NA
"1198","Ecuador","ECU",2026,10,2026-10-01,NA,NA
"1199","Ecuador","ECU",2026,11,2026-11-01,NA,NA
"1200","Ecuador","ECU",2026,12,2026-12-01,NA,NA
"1201","El Salvador","SLV",2025,1,2025-01-01,411,"PAHO"
"1202","El Salvador","SLV",2025,2,2025-02-01,358,"PAHO"
"1203","El Salvador","SLV",2025,3,2025-03-01,492,"PAHO"
"1204","El Salvador","SLV",2025,4,2025-04-01,379,"PAHO"
"1205","El Salvador","SLV",2025,5,2025-05-01,391,"PAHO"
"1206","El Salvador","SLV",2025,6,2025-06-01,616,"PAHO"
"1207","El Salvador","SLV",2025,7,2025-07-01,732,"PAHO"
"1208","El Salvador","SLV",2025,8,2025-08-01,690,"PAHO"
"1209","El Salvador","SLV",2025,9,2025-09-01,811,"PAHO"
"1210","El Salvador","SLV",2025,10,2025-10-01,458,"PAHO"
"1211","El Salvador","SLV",2025,11,2025-11-01,298,"PAHO"
"1212","El Salvador","SLV",2025,12,2025-12-01,209,"PAHO"
"1213","El Salvador","SLV",2026,1,2026-01-01,NA,NA
"1214","El Salvador","SLV",2026,2,2026-02-01,NA,NA
"1215","El Salvador","SLV",2026,3,2026-03-01,NA,NA
"1216","El Salvador","SLV",2026,4,2026-04-01,NA,NA
"1217","El Salvador","SLV",2026,5,2026-05-01,NA,NA
"1218","El Salvador","SLV",2026,6,2026-06-01,NA,NA
"1219","El Salvador","SLV",2026,7,2026-07-01,NA,NA
"1220","El Salvador","SLV",2026,8,2026-08-01,NA,NA
"1221","El Salvador","SLV",2026,9,2026-09-01,NA,NA
"1222","El Salvador","SLV",2026,10,2026-10-01,NA,NA
"1223","El Salvador","SLV",2026,11,2026-11-01,NA,NA
"1224","El Salvador","SLV",2026,12,2026-12-01,NA,NA
"1225","Equatorial Guinea","GNQ",2025,1,2025-01-01,NA,NA
"1226","Equatorial Guinea","GNQ",2025,2,2025-02-01,0,"WHO"
"1227","Equatorial Guinea","GNQ",2025,3,2025-03-01,0,"WHO"
"1228","Equatorial Guinea","GNQ",2025,4,2025-04-01,0,"WHO"
"1229","Equatorial Guinea","GNQ",2025,5,2025-05-01,0,"WHO"
"1230","Equatorial Guinea","GNQ",2025,6,2025-06-01,0,"WHO"
"1231","Equatorial Guinea","GNQ",2025,7,2025-07-01,0,"WHO"
"1232","Equatorial Guinea","GNQ",2025,8,2025-08-01,0,"WHO"
"1233","Equatorial Guinea","GNQ",2025,9,2025-09-01,0,"WHO"
"1234","Equatorial Guinea","GNQ",2025,10,2025-10-01,0,"WHO"
"1235","Equatorial Guinea","GNQ",2025,11,2025-11-01,0,"WHO"
"1236","Equatorial Guinea","GNQ",2025,12,2025-12-01,NA,NA
"1237","Equatorial Guinea","GNQ",2026,1,2026-01-01,NA,NA
"1238","Equatorial Guinea","GNQ",2026,2,2026-02-01,NA,NA
"1239","Equatorial Guinea","GNQ",2026,3,2026-03-01,NA,NA
"1240","Equatorial Guinea","GNQ",2026,4,2026-04-01,NA,NA
"1241","Equatorial Guinea","GNQ",2026,5,2026-05-01,NA,NA
"1242","Equatorial Guinea","GNQ",2026,6,2026-06-01,NA,NA
"1243","Equatorial Guinea","GNQ",2026,7,2026-07-01,NA,NA
"1244","Equatorial Guinea","GNQ",2026,8,2026-08-01,NA,NA
"1245","Equatorial Guinea","GNQ",2026,9,2026-09-01,NA,NA
"1246","Equatorial Guinea","GNQ",2026,10,2026-10-01,NA,NA
"1247","Equatorial Guinea","GNQ",2026,11,2026-11-01,NA,NA
"1248","Equatorial Guinea","GNQ",2026,12,2026-12-01,NA,NA
"1249","Eritrea","ERI",2025,1,2025-01-01,NA,NA
"1250","Eritrea","ERI",2025,2,2025-02-01,18,"WHO"
"1251","Eritrea","ERI",2025,3,2025-03-01,NA,NA
"1252","Eritrea","ERI",2025,4,2025-04-01,48,"WHO"
"1253","Eritrea","ERI",2025,5,2025-05-01,NA,NA
"1254","Eritrea","ERI",2025,6,2025-06-01,NA,NA
"1255","Eritrea","ERI",2025,7,2025-07-01,9,"WHO"
"1256","Eritrea","ERI",2025,8,2025-08-01,NA,NA
"1257","Eritrea","ERI",2025,9,2025-09-01,3493,"WHO"
"1258","Eritrea","ERI",2025,10,2025-10-01,39,"WHO"
"1259","Eritrea","ERI",2025,11,2025-11-01,465,"WHO"
"1260","Eritrea","ERI",2025,12,2025-12-01,NA,NA
"1261","Eritrea","ERI",2026,1,2026-01-01,NA,NA
"1262","Eritrea","ERI",2026,2,2026-02-01,NA,NA
"1263","Eritrea","ERI",2026,3,2026-03-01,NA,NA
"1264","Eritrea","ERI",2026,4,2026-04-01,NA,NA
"1265","Eritrea","ERI",2026,5,2026-05-01,NA,NA
"1266","Eritrea","ERI",2026,6,2026-06-01,NA,NA
"1267","Eritrea","ERI",2026,7,2026-07-01,NA,NA
"1268","Eritrea","ERI",2026,8,2026-08-01,NA,NA
"1269","Eritrea","ERI",2026,9,2026-09-01,NA,NA
"1270","Eritrea","ERI",2026,10,2026-10-01,NA,NA
"1271","Eritrea","ERI",2026,11,2026-11-01,NA,NA
"1272","Eritrea","ERI",2026,12,2026-12-01,NA,NA
"1273","Estonia","EST",2025,1,2025-01-01,0,"WHO"
"1274","Estonia","EST",2025,2,2025-02-01,0,"WHO"
"1275","Estonia","EST",2025,3,2025-03-01,0,"WHO"
"1276","Estonia","EST",2025,4,2025-04-01,0,"WHO"
"1277","Estonia","EST",2025,5,2025-05-01,0,"WHO"
"1278","Estonia","EST",2025,6,2025-06-01,0,"WHO"
"1279","Estonia","EST",2025,7,2025-07-01,0,"WHO"
"1280","Estonia","EST",2025,8,2025-08-01,0,"WHO"
"1281","Estonia","EST",2025,9,2025-09-01,0,"WHO"
"1282","Estonia","EST",2025,10,2025-10-01,0,"WHO"
"1283","Estonia","EST",2025,11,2025-11-01,NA,NA
"1284","Estonia","EST",2025,12,2025-12-01,NA,NA
"1285","Estonia","EST",2026,1,2026-01-01,NA,NA
"1286","Estonia","EST",2026,2,2026-02-01,NA,NA
"1287","Estonia","EST",2026,3,2026-03-01,NA,NA
"1288","Estonia","EST",2026,4,2026-04-01,NA,NA
"1289","Estonia","EST",2026,5,2026-05-01,NA,NA
"1290","Estonia","EST",2026,6,2026-06-01,NA,NA
"1291","Estonia","EST",2026,7,2026-07-01,NA,NA
"1292","Estonia","EST",2026,8,2026-08-01,NA,NA
"1293","Estonia","EST",2026,9,2026-09-01,NA,NA
"1294","Estonia","EST",2026,10,2026-10-01,NA,NA
"1295","Estonia","EST",2026,11,2026-11-01,NA,NA
"1296","Estonia","EST",2026,12,2026-12-01,NA,NA
"1297","Ethiopia","ETH",2025,1,2025-01-01,NA,NA
"1298","Ethiopia","ETH",2025,2,2025-02-01,114,"WHO"
"1299","Ethiopia","ETH",2025,3,2025-03-01,140,"WHO"
"1300","Ethiopia","ETH",2025,4,2025-04-01,1625,"WHO"
"1301","Ethiopia","ETH",2025,5,2025-05-01,344,"WHO"
"1302","Ethiopia","ETH",2025,6,2025-06-01,80,"WHO"
"1303","Ethiopia","ETH",2025,7,2025-07-01,98,"WHO"
"1304","Ethiopia","ETH",2025,8,2025-08-01,32,"WHO"
"1305","Ethiopia","ETH",2025,9,2025-09-01,62,"WHO"
"1306","Ethiopia","ETH",2025,10,2025-10-01,438,"WHO"
"1307","Ethiopia","ETH",2025,11,2025-11-01,686,"WHO"
"1308","Ethiopia","ETH",2025,12,2025-12-01,NA,NA
"1309","Ethiopia","ETH",2026,1,2026-01-01,NA,NA
"1310","Ethiopia","ETH",2026,2,2026-02-01,NA,NA
"1311","Ethiopia","ETH",2026,3,2026-03-01,NA,NA
"1312","Ethiopia","ETH",2026,4,2026-04-01,NA,NA
"1313","Ethiopia","ETH",2026,5,2026-05-01,NA,NA
"1314","Ethiopia","ETH",2026,6,2026-06-01,NA,NA
"1315","Ethiopia","ETH",2026,7,2026-07-01,NA,NA
"1316","Ethiopia","ETH",2026,8,2026-08-01,NA,NA
"1317","Ethiopia","ETH",2026,9,2026-09-01,NA,NA
"1318","Ethiopia","ETH",2026,10,2026-10-01,NA,NA
"1319","Ethiopia","ETH",2026,11,2026-11-01,NA,NA
"1320","Ethiopia","ETH",2026,12,2026-12-01,NA,NA
"1321","Fiji","FJI",2025,1,2025-01-01,1629,"WHO"
"1322","Fiji","FJI",2025,2,2025-02-01,3394,"WHO"
"1323","Fiji","FJI",2025,3,2025-03-01,4509,"WHO"
"1324","Fiji","FJI",2025,4,2025-04-01,4703,"WHO"
"1325","Fiji","FJI",2025,5,2025-05-01,3696,"WHO"
"1326","Fiji","FJI",2025,6,2025-06-01,1894,"WHO"
"1327","Fiji","FJI",2025,7,2025-07-01,1502,"WHO"
"1328","Fiji","FJI",2025,8,2025-08-01,822,"WHO"
"1329","Fiji","FJI",2025,9,2025-09-01,741,"WHO"
"1330","Fiji","FJI",2025,10,2025-10-01,1286,"WHO"
"1331","Fiji","FJI",2025,11,2025-11-01,494,"WHO"
"1332","Fiji","FJI",2025,12,2025-12-01,NA,NA
"1333","Fiji","FJI",2026,1,2026-01-01,NA,NA
"1334","Fiji","FJI",2026,2,2026-02-01,NA,NA
"1335","Fiji","FJI",2026,3,2026-03-01,NA,NA
"1336","Fiji","FJI",2026,4,2026-04-01,NA,NA
"1337","Fiji","FJI",2026,5,2026-05-01,NA,NA
"1338","Fiji","FJI",2026,6,2026-06-01,NA,NA
"1339","Fiji","FJI",2026,7,2026-07-01,NA,NA
"1340","Fiji","FJI",2026,8,2026-08-01,NA,NA
"1341","Fiji","FJI",2026,9,2026-09-01,NA,NA
"1342","Fiji","FJI",2026,10,2026-10-01,NA,NA
"1343","Fiji","FJI",2026,11,2026-11-01,NA,NA
"1344","Fiji","FJI",2026,12,2026-12-01,NA,NA
"1345","Finland","FIN",2025,1,2025-01-01,0,"WHO"
"1346","Finland","FIN",2025,2,2025-02-01,0,"WHO"
"1347","Finland","FIN",2025,3,2025-03-01,0,"WHO"
"1348","Finland","FIN",2025,4,2025-04-01,0,"WHO"
"1349","Finland","FIN",2025,5,2025-05-01,0,"WHO"
"1350","Finland","FIN",2025,6,2025-06-01,0,"WHO"
"1351","Finland","FIN",2025,7,2025-07-01,0,"WHO"
"1352","Finland","FIN",2025,8,2025-08-01,0,"WHO"
"1353","Finland","FIN",2025,9,2025-09-01,0,"WHO"
"1354","Finland","FIN",2025,10,2025-10-01,0,"WHO"
"1355","Finland","FIN",2025,11,2025-11-01,NA,NA
"1356","Finland","FIN",2025,12,2025-12-01,NA,NA
"1357","Finland","FIN",2026,1,2026-01-01,NA,NA
"1358","Finland","FIN",2026,2,2026-02-01,NA,NA
"1359","Finland","FIN",2026,3,2026-03-01,NA,NA
"1360","Finland","FIN",2026,4,2026-04-01,NA,NA
"1361","Finland","FIN",2026,5,2026-05-01,NA,NA
"1362","Finland","FIN",2026,6,2026-06-01,NA,NA
"1363","Finland","FIN",2026,7,2026-07-01,NA,NA
"1364","Finland","FIN",2026,8,2026-08-01,NA,NA
"1365","Finland","FIN",2026,9,2026-09-01,NA,NA
"1366","Finland","FIN",2026,10,2026-10-01,NA,NA
"1367","Finland","FIN",2026,11,2026-11-01,NA,NA
"1368","Finland","FIN",2026,12,2026-12-01,NA,NA
"1369","France","FRA",2025,1,2025-01-01,0,"WHO"
"1370","France","FRA",2025,2,2025-02-01,0,"WHO"
"1371","France","FRA",2025,3,2025-03-01,0,"WHO"
"1372","France","FRA",2025,4,2025-04-01,0,"WHO"
"1373","France","FRA",2025,5,2025-05-01,0,"WHO"
"1374","France","FRA",2025,6,2025-06-01,10,"WHO"
"1375","France","FRA",2025,7,2025-07-01,15,"WHO"
"1376","France","FRA",2025,8,2025-08-01,3,"WHO"
"1377","France","FRA",2025,9,2025-09-01,1,"WHO"
"1378","France","FRA",2025,10,2025-10-01,0,"WHO"
"1379","France","FRA",2025,11,2025-11-01,NA,NA
"1380","France","FRA",2025,12,2025-12-01,NA,NA
"1381","France","FRA",2026,1,2026-01-01,NA,NA
"1382","France","FRA",2026,2,2026-02-01,NA,NA
"1383","France","FRA",2026,3,2026-03-01,NA,NA
"1384","France","FRA",2026,4,2026-04-01,NA,NA
"1385","France","FRA",2026,5,2026-05-01,NA,NA
"1386","France","FRA",2026,6,2026-06-01,NA,NA
"1387","France","FRA",2026,7,2026-07-01,NA,NA
"1388","France","FRA",2026,8,2026-08-01,NA,NA
"1389","France","FRA",2026,9,2026-09-01,NA,NA
"1390","France","FRA",2026,10,2026-10-01,NA,NA
"1391","France","FRA",2026,11,2026-11-01,NA,NA
"1392","France","FRA",2026,12,2026-12-01,NA,NA
"1393","French Guiana","GUF",2025,1,2025-01-01,NA,"PAHO"
"1394","French Guiana","GUF",2025,2,2025-02-01,NA,"PAHO"
"1395","French Guiana","GUF",2025,3,2025-03-01,NA,"PAHO"
"1396","French Guiana","GUF",2025,4,2025-04-01,175,"WHO"
"1397","French Guiana","GUF",2025,5,2025-05-01,33,"PAHO"
"1398","French Guiana","GUF",2025,6,2025-06-01,24,"PAHO"
"1399","French Guiana","GUF",2025,7,2025-07-01,12,"PAHO"
"1400","French Guiana","GUF",2025,8,2025-08-01,18,"PAHO"
"1401","French Guiana","GUF",2025,9,2025-09-01,17,"PAHO"
"1402","French Guiana","GUF",2025,10,2025-10-01,14,"PAHO"
"1403","French Guiana","GUF",2025,11,2025-11-01,11,"PAHO"
"1404","French Guiana","GUF",2025,12,2025-12-01,NA,NA
"1405","French Guiana","GUF",2026,1,2026-01-01,NA,NA
"1406","French Guiana","GUF",2026,2,2026-02-01,NA,NA
"1407","French Guiana","GUF",2026,3,2026-03-01,NA,NA
"1408","French Guiana","GUF",2026,4,2026-04-01,NA,NA
"1409","French Guiana","GUF",2026,5,2026-05-01,NA,NA
"1410","French Guiana","GUF",2026,6,2026-06-01,NA,NA
"1411","French Guiana","GUF",2026,7,2026-07-01,NA,NA
"1412","French Guiana","GUF",2026,8,2026-08-01,NA,NA
"1413","French Guiana","GUF",2026,9,2026-09-01,NA,NA
"1414","French Guiana","GUF",2026,10,2026-10-01,NA,NA
"1415","French Guiana","GUF",2026,11,2026-11-01,NA,NA
"1416","French Guiana","GUF",2026,12,2026-12-01,NA,NA
"1417","French Polynesia","PYF",2025,1,2025-01-01,223,"WHO"
"1418","French Polynesia","PYF",2025,2,2025-02-01,131,"WHO"
"1419","French Polynesia","PYF",2025,3,2025-03-01,240,"WHO"
"1420","French Polynesia","PYF",2025,4,2025-04-01,168,"WHO"
"1421","French Polynesia","PYF",2025,5,2025-05-01,203,"WHO"
"1422","French Polynesia","PYF",2025,6,2025-06-01,84,"WHO"
"1423","French Polynesia","PYF",2025,7,2025-07-01,0,"WHO"
"1424","French Polynesia","PYF",2025,8,2025-08-01,0,"WHO"
"1425","French Polynesia","PYF",2025,9,2025-09-01,0,"WHO"
"1426","French Polynesia","PYF",2025,10,2025-10-01,0,"WHO"
"1427","French Polynesia","PYF",2025,11,2025-11-01,0,"WHO"
"1428","French Polynesia","PYF",2025,12,2025-12-01,NA,NA
"1429","French Polynesia","PYF",2026,1,2026-01-01,NA,NA
"1430","French Polynesia","PYF",2026,2,2026-02-01,NA,NA
"1431","French Polynesia","PYF",2026,3,2026-03-01,NA,NA
"1432","French Polynesia","PYF",2026,4,2026-04-01,NA,NA
"1433","French Polynesia","PYF",2026,5,2026-05-01,NA,NA
"1434","French Polynesia","PYF",2026,6,2026-06-01,NA,NA
"1435","French Polynesia","PYF",2026,7,2026-07-01,NA,NA
"1436","French Polynesia","PYF",2026,8,2026-08-01,NA,NA
"1437","French Polynesia","PYF",2026,9,2026-09-01,NA,NA
"1438","French Polynesia","PYF",2026,10,2026-10-01,NA,NA
"1439","French Polynesia","PYF",2026,11,2026-11-01,NA,NA
"1440","French Polynesia","PYF",2026,12,2026-12-01,NA,NA
"1441","Gabon","GAB",2025,1,2025-01-01,0,"WHO"
"1442","Gabon","GAB",2025,2,2025-02-01,0,"WHO"
"1443","Gabon","GAB",2025,3,2025-03-01,0,"WHO"
"1444","Gabon","GAB",2025,4,2025-04-01,0,"WHO"
"1445","Gabon","GAB",2025,5,2025-05-01,0,"WHO"
"1446","Gabon","GAB",2025,6,2025-06-01,0,"WHO"
"1447","Gabon","GAB",2025,7,2025-07-01,0,"WHO"
"1448","Gabon","GAB",2025,8,2025-08-01,0,"WHO"
"1449","Gabon","GAB",2025,9,2025-09-01,0,"WHO"
"1450","Gabon","GAB",2025,10,2025-10-01,0,"WHO"
"1451","Gabon","GAB",2025,11,2025-11-01,0,"WHO"
"1452","Gabon","GAB",2025,12,2025-12-01,NA,NA
"1453","Gabon","GAB",2026,1,2026-01-01,NA,NA
"1454","Gabon","GAB",2026,2,2026-02-01,NA,NA
"1455","Gabon","GAB",2026,3,2026-03-01,NA,NA
"1456","Gabon","GAB",2026,4,2026-04-01,NA,NA
"1457","Gabon","GAB",2026,5,2026-05-01,NA,NA
"1458","Gabon","GAB",2026,6,2026-06-01,NA,NA
"1459","Gabon","GAB",2026,7,2026-07-01,NA,NA
"1460","Gabon","GAB",2026,8,2026-08-01,NA,NA
"1461","Gabon","GAB",2026,9,2026-09-01,NA,NA
"1462","Gabon","GAB",2026,10,2026-10-01,NA,NA
"1463","Gabon","GAB",2026,11,2026-11-01,NA,NA
"1464","Gabon","GAB",2026,12,2026-12-01,NA,NA
"1465","Gambia","GMB",2025,1,2025-01-01,NA,NA
"1466","Gambia","GMB",2025,2,2025-02-01,0,"WHO"
"1467","Gambia","GMB",2025,3,2025-03-01,0,"WHO"
"1468","Gambia","GMB",2025,4,2025-04-01,0,"WHO"
"1469","Gambia","GMB",2025,5,2025-05-01,0,"WHO"
"1470","Gambia","GMB",2025,6,2025-06-01,0,"WHO"
"1471","Gambia","GMB",2025,7,2025-07-01,0,"WHO"
"1472","Gambia","GMB",2025,8,2025-08-01,NA,NA
"1473","Gambia","GMB",2025,9,2025-09-01,0,"WHO"
"1474","Gambia","GMB",2025,10,2025-10-01,0,"WHO"
"1475","Gambia","GMB",2025,11,2025-11-01,0,"WHO"
"1476","Gambia","GMB",2025,12,2025-12-01,NA,NA
"1477","Gambia","GMB",2026,1,2026-01-01,NA,NA
"1478","Gambia","GMB",2026,2,2026-02-01,NA,NA
"1479","Gambia","GMB",2026,3,2026-03-01,NA,NA
"1480","Gambia","GMB",2026,4,2026-04-01,NA,NA
"1481","Gambia","GMB",2026,5,2026-05-01,NA,NA
"1482","Gambia","GMB",2026,6,2026-06-01,NA,NA
"1483","Gambia","GMB",2026,7,2026-07-01,NA,NA
"1484","Gambia","GMB",2026,8,2026-08-01,NA,NA
"1485","Gambia","GMB",2026,9,2026-09-01,NA,NA
"1486","Gambia","GMB",2026,10,2026-10-01,NA,NA
"1487","Gambia","GMB",2026,11,2026-11-01,NA,NA
"1488","Gambia","GMB",2026,12,2026-12-01,NA,NA
"1489","Georgia","GEO",2025,1,2025-01-01,0,"WHO"
"1490","Georgia","GEO",2025,2,2025-02-01,0,"WHO"
"1491","Georgia","GEO",2025,3,2025-03-01,0,"WHO"
"1492","Georgia","GEO",2025,4,2025-04-01,0,"WHO"
"1493","Georgia","GEO",2025,5,2025-05-01,0,"WHO"
"1494","Georgia","GEO",2025,6,2025-06-01,0,"WHO"
"1495","Georgia","GEO",2025,7,2025-07-01,0,"WHO"
"1496","Georgia","GEO",2025,8,2025-08-01,0,"WHO"
"1497","Georgia","GEO",2025,9,2025-09-01,0,"WHO"
"1498","Georgia","GEO",2025,10,2025-10-01,0,"WHO"
"1499","Georgia","GEO",2025,11,2025-11-01,NA,NA
"1500","Georgia","GEO",2025,12,2025-12-01,NA,NA
"1501","Georgia","GEO",2026,1,2026-01-01,NA,NA
"1502","Georgia","GEO",2026,2,2026-02-01,NA,NA
"1503","Georgia","GEO",2026,3,2026-03-01,NA,NA
"1504","Georgia","GEO",2026,4,2026-04-01,NA,NA
"1505","Georgia","GEO",2026,5,2026-05-01,NA,NA
"1506","Georgia","GEO",2026,6,2026-06-01,NA,NA
"1507","Georgia","GEO",2026,7,2026-07-01,NA,NA
"1508","Georgia","GEO",2026,8,2026-08-01,NA,NA
"1509","Georgia","GEO",2026,9,2026-09-01,NA,NA
"1510","Georgia","GEO",2026,10,2026-10-01,NA,NA
"1511","Georgia","GEO",2026,11,2026-11-01,NA,NA
"1512","Georgia","GEO",2026,12,2026-12-01,NA,NA
"1513","Germany","DEU",2025,1,2025-01-01,0,"WHO"
"1514","Germany","DEU",2025,2,2025-02-01,0,"WHO"
"1515","Germany","DEU",2025,3,2025-03-01,0,"WHO"
"1516","Germany","DEU",2025,4,2025-04-01,0,"WHO"
"1517","Germany","DEU",2025,5,2025-05-01,0,"WHO"
"1518","Germany","DEU",2025,6,2025-06-01,0,"WHO"
"1519","Germany","DEU",2025,7,2025-07-01,0,"WHO"
"1520","Germany","DEU",2025,8,2025-08-01,0,"WHO"
"1521","Germany","DEU",2025,9,2025-09-01,0,"WHO"
"1522","Germany","DEU",2025,10,2025-10-01,0,"WHO"
"1523","Germany","DEU",2025,11,2025-11-01,NA,NA
"1524","Germany","DEU",2025,12,2025-12-01,NA,NA
"1525","Germany","DEU",2026,1,2026-01-01,NA,NA
"1526","Germany","DEU",2026,2,2026-02-01,NA,NA
"1527","Germany","DEU",2026,3,2026-03-01,NA,NA
"1528","Germany","DEU",2026,4,2026-04-01,NA,NA
"1529","Germany","DEU",2026,5,2026-05-01,NA,NA
"1530","Germany","DEU",2026,6,2026-06-01,NA,NA
"1531","Germany","DEU",2026,7,2026-07-01,NA,NA
"1532","Germany","DEU",2026,8,2026-08-01,NA,NA
"1533","Germany","DEU",2026,9,2026-09-01,NA,NA
"1534","Germany","DEU",2026,10,2026-10-01,NA,NA
"1535","Germany","DEU",2026,11,2026-11-01,NA,NA
"1536","Germany","DEU",2026,12,2026-12-01,NA,NA
"1537","Ghana","GHA",2025,1,2025-01-01,0,"WHO"
"1538","Ghana","GHA",2025,2,2025-02-01,2,"WHO"
"1539","Ghana","GHA",2025,3,2025-03-01,0,"WHO"
"1540","Ghana","GHA",2025,4,2025-04-01,0,"WHO"
"1541","Ghana","GHA",2025,5,2025-05-01,0,"WHO"
"1542","Ghana","GHA",2025,6,2025-06-01,4,"WHO"
"1543","Ghana","GHA",2025,7,2025-07-01,2,"WHO"
"1544","Ghana","GHA",2025,8,2025-08-01,3,"WHO"
"1545","Ghana","GHA",2025,9,2025-09-01,0,"WHO"
"1546","Ghana","GHA",2025,10,2025-10-01,4,"WHO"
"1547","Ghana","GHA",2025,11,2025-11-01,0,"WHO"
"1548","Ghana","GHA",2025,12,2025-12-01,NA,NA
"1549","Ghana","GHA",2026,1,2026-01-01,NA,NA
"1550","Ghana","GHA",2026,2,2026-02-01,NA,NA
"1551","Ghana","GHA",2026,3,2026-03-01,NA,NA
"1552","Ghana","GHA",2026,4,2026-04-01,NA,NA
"1553","Ghana","GHA",2026,5,2026-05-01,NA,NA
"1554","Ghana","GHA",2026,6,2026-06-01,NA,NA
"1555","Ghana","GHA",2026,7,2026-07-01,NA,NA
"1556","Ghana","GHA",2026,8,2026-08-01,NA,NA
"1557","Ghana","GHA",2026,9,2026-09-01,NA,NA
"1558","Ghana","GHA",2026,10,2026-10-01,NA,NA
"1559","Ghana","GHA",2026,11,2026-11-01,NA,NA
"1560","Ghana","GHA",2026,12,2026-12-01,NA,NA
"1561","Greece","GRC",2025,1,2025-01-01,0,"WHO"
"1562","Greece","GRC",2025,2,2025-02-01,0,"WHO"
"1563","Greece","GRC",2025,3,2025-03-01,0,"WHO"
"1564","Greece","GRC",2025,4,2025-04-01,0,"WHO"
"1565","Greece","GRC",2025,5,2025-05-01,0,"WHO"
"1566","Greece","GRC",2025,6,2025-06-01,0,"WHO"
"1567","Greece","GRC",2025,7,2025-07-01,0,"WHO"
"1568","Greece","GRC",2025,8,2025-08-01,0,"WHO"
"1569","Greece","GRC",2025,9,2025-09-01,0,"WHO"
"1570","Greece","GRC",2025,10,2025-10-01,0,"WHO"
"1571","Greece","GRC",2025,11,2025-11-01,NA,NA
"1572","Greece","GRC",2025,12,2025-12-01,NA,NA
"1573","Greece","GRC",2026,1,2026-01-01,NA,NA
"1574","Greece","GRC",2026,2,2026-02-01,NA,NA
"1575","Greece","GRC",2026,3,2026-03-01,NA,NA
"1576","Greece","GRC",2026,4,2026-04-01,NA,NA
"1577","Greece","GRC",2026,5,2026-05-01,NA,NA
"1578","Greece","GRC",2026,6,2026-06-01,NA,NA
"1579","Greece","GRC",2026,7,2026-07-01,NA,NA
"1580","Greece","GRC",2026,8,2026-08-01,NA,NA
"1581","Greece","GRC",2026,9,2026-09-01,NA,NA
"1582","Greece","GRC",2026,10,2026-10-01,NA,NA
"1583","Greece","GRC",2026,11,2026-11-01,NA,NA
"1584","Greece","GRC",2026,12,2026-12-01,NA,NA
"1585","Grenada","GRD",2025,1,2025-01-01,16,"PAHO"
"1586","Grenada","GRD",2025,2,2025-02-01,16,"PAHO"
"1587","Grenada","GRD",2025,3,2025-03-01,24,"PAHO"
"1588","Grenada","GRD",2025,4,2025-04-01,16,"PAHO"
"1589","Grenada","GRD",2025,5,2025-05-01,7,"PAHO"
"1590","Grenada","GRD",2025,6,2025-06-01,12,"PAHO"
"1591","Grenada","GRD",2025,7,2025-07-01,15,"PAHO"
"1592","Grenada","GRD",2025,8,2025-08-01,21,"PAHO"
"1593","Grenada","GRD",2025,9,2025-09-01,32,"PAHO"
"1594","Grenada","GRD",2025,10,2025-10-01,26,"PAHO"
"1595","Grenada","GRD",2025,11,2025-11-01,32,"PAHO"
"1596","Grenada","GRD",2025,12,2025-12-01,67,"PAHO"
"1597","Grenada","GRD",2026,1,2026-01-01,NA,NA
"1598","Grenada","GRD",2026,2,2026-02-01,NA,NA
"1599","Grenada","GRD",2026,3,2026-03-01,NA,NA
"1600","Grenada","GRD",2026,4,2026-04-01,NA,NA
"1601","Grenada","GRD",2026,5,2026-05-01,NA,NA
"1602","Grenada","GRD",2026,6,2026-06-01,NA,NA
"1603","Grenada","GRD",2026,7,2026-07-01,NA,NA
"1604","Grenada","GRD",2026,8,2026-08-01,NA,NA
"1605","Grenada","GRD",2026,9,2026-09-01,NA,NA
"1606","Grenada","GRD",2026,10,2026-10-01,NA,NA
"1607","Grenada","GRD",2026,11,2026-11-01,NA,NA
"1608","Grenada","GRD",2026,12,2026-12-01,NA,NA
"1609","Guadeloupe","GLP",2025,1,2025-01-01,2220,"PAHO"
"1610","Guadeloupe","GLP",2025,2,2025-02-01,970,"PAHO"
"1611","Guadeloupe","GLP",2025,3,2025-03-01,970,"PAHO"
"1612","Guadeloupe","GLP",2025,4,2025-04-01,0,"WHO"
"1613","Guadeloupe","GLP",2025,5,2025-05-01,210,"PAHO"
"1614","Guadeloupe","GLP",2025,6,2025-06-01,265,"PAHO"
"1615","Guadeloupe","GLP",2025,7,2025-07-01,NA,"PAHO"
"1616","Guadeloupe","GLP",2025,8,2025-08-01,NA,"PAHO"
"1617","Guadeloupe","GLP",2025,9,2025-09-01,155,"WHO"
"1618","Guadeloupe","GLP",2025,10,2025-10-01,NA,"PAHO"
"1619","Guadeloupe","GLP",2025,11,2025-11-01,NA,"PAHO"
"1620","Guadeloupe","GLP",2025,12,2025-12-01,40,"PAHO"
"1621","Guadeloupe","GLP",2026,1,2026-01-01,NA,NA
"1622","Guadeloupe","GLP",2026,2,2026-02-01,NA,NA
"1623","Guadeloupe","GLP",2026,3,2026-03-01,NA,NA
"1624","Guadeloupe","GLP",2026,4,2026-04-01,NA,NA
"1625","Guadeloupe","GLP",2026,5,2026-05-01,NA,NA
"1626","Guadeloupe","GLP",2026,6,2026-06-01,NA,NA
"1627","Guadeloupe","GLP",2026,7,2026-07-01,NA,NA
"1628","Guadeloupe","GLP",2026,8,2026-08-01,NA,NA
"1629","Guadeloupe","GLP",2026,9,2026-09-01,NA,NA
"1630","Guadeloupe","GLP",2026,10,2026-10-01,NA,NA
"1631","Guadeloupe","GLP",2026,11,2026-11-01,NA,NA
"1632","Guadeloupe","GLP",2026,12,2026-12-01,NA,NA
"1633","Guam","GUM",2025,1,2025-01-01,0,"WHO"
"1634","Guam","GUM",2025,2,2025-02-01,0,"WHO"
"1635","Guam","GUM",2025,3,2025-03-01,1,"WHO"
"1636","Guam","GUM",2025,4,2025-04-01,0,"WHO"
"1637","Guam","GUM",2025,5,2025-05-01,0,"WHO"
"1638","Guam","GUM",2025,6,2025-06-01,0,"WHO"
"1639","Guam","GUM",2025,7,2025-07-01,0,"WHO"
"1640","Guam","GUM",2025,8,2025-08-01,1,"WHO"
"1641","Guam","GUM",2025,9,2025-09-01,0,"WHO"
"1642","Guam","GUM",2025,10,2025-10-01,0,"WHO"
"1643","Guam","GUM",2025,11,2025-11-01,0,"WHO"
"1644","Guam","GUM",2025,12,2025-12-01,NA,NA
"1645","Guam","GUM",2026,1,2026-01-01,NA,NA
"1646","Guam","GUM",2026,2,2026-02-01,NA,NA
"1647","Guam","GUM",2026,3,2026-03-01,NA,NA
"1648","Guam","GUM",2026,4,2026-04-01,NA,NA
"1649","Guam","GUM",2026,5,2026-05-01,NA,NA
"1650","Guam","GUM",2026,6,2026-06-01,NA,NA
"1651","Guam","GUM",2026,7,2026-07-01,NA,NA
"1652","Guam","GUM",2026,8,2026-08-01,NA,NA
"1653","Guam","GUM",2026,9,2026-09-01,NA,NA
"1654","Guam","GUM",2026,10,2026-10-01,NA,NA
"1655","Guam","GUM",2026,11,2026-11-01,NA,NA
"1656","Guam","GUM",2026,12,2026-12-01,NA,NA
"1657","Guatemala","GTM",2025,1,2025-01-01,4342,"PAHO"
"1658","Guatemala","GTM",2025,2,2025-02-01,3502,"PAHO"
"1659","Guatemala","GTM",2025,3,2025-03-01,5449,"PAHO"
"1660","Guatemala","GTM",2025,4,2025-04-01,3995,"PAHO"
"1661","Guatemala","GTM",2025,5,2025-05-01,4925,"PAHO"
"1662","Guatemala","GTM",2025,6,2025-06-01,5885,"PAHO"
"1663","Guatemala","GTM",2025,7,2025-07-01,4245,"PAHO"
"1664","Guatemala","GTM",2025,8,2025-08-01,3855,"PAHO"
"1665","Guatemala","GTM",2025,9,2025-09-01,4209,"PAHO"
"1666","Guatemala","GTM",2025,10,2025-10-01,3407,"PAHO"
"1667","Guatemala","GTM",2025,11,2025-11-01,1977,"PAHO"
"1668","Guatemala","GTM",2025,12,2025-12-01,NA,NA
"1669","Guatemala","GTM",2026,1,2026-01-01,NA,NA
"1670","Guatemala","GTM",2026,2,2026-02-01,NA,NA
"1671","Guatemala","GTM",2026,3,2026-03-01,NA,NA
"1672","Guatemala","GTM",2026,4,2026-04-01,NA,NA
"1673","Guatemala","GTM",2026,5,2026-05-01,NA,NA
"1674","Guatemala","GTM",2026,6,2026-06-01,NA,NA
"1675","Guatemala","GTM",2026,7,2026-07-01,NA,NA
"1676","Guatemala","GTM",2026,8,2026-08-01,NA,NA
"1677","Guatemala","GTM",2026,9,2026-09-01,NA,NA
"1678","Guatemala","GTM",2026,10,2026-10-01,NA,NA
"1679","Guatemala","GTM",2026,11,2026-11-01,NA,NA
"1680","Guatemala","GTM",2026,12,2026-12-01,NA,NA
"1681","Guinea-Bissau","GNB",2025,1,2025-01-01,0,"WHO"
"1682","Guinea-Bissau","GNB",2025,2,2025-02-01,0,"WHO"
"1683","Guinea-Bissau","GNB",2025,3,2025-03-01,0,"WHO"
"1684","Guinea-Bissau","GNB",2025,4,2025-04-01,0,"WHO"
"1685","Guinea-Bissau","GNB",2025,5,2025-05-01,0,"WHO"
"1686","Guinea-Bissau","GNB",2025,6,2025-06-01,0,"WHO"
"1687","Guinea-Bissau","GNB",2025,7,2025-07-01,0,"WHO"
"1688","Guinea-Bissau","GNB",2025,8,2025-08-01,0,"WHO"
"1689","Guinea-Bissau","GNB",2025,9,2025-09-01,0,"WHO"
"1690","Guinea-Bissau","GNB",2025,10,2025-10-01,0,"WHO"
"1691","Guinea-Bissau","GNB",2025,11,2025-11-01,NA,NA
"1692","Guinea-Bissau","GNB",2025,12,2025-12-01,NA,NA
"1693","Guinea-Bissau","GNB",2026,1,2026-01-01,NA,NA
"1694","Guinea-Bissau","GNB",2026,2,2026-02-01,NA,NA
"1695","Guinea-Bissau","GNB",2026,3,2026-03-01,NA,NA
"1696","Guinea-Bissau","GNB",2026,4,2026-04-01,NA,NA
"1697","Guinea-Bissau","GNB",2026,5,2026-05-01,NA,NA
"1698","Guinea-Bissau","GNB",2026,6,2026-06-01,NA,NA
"1699","Guinea-Bissau","GNB",2026,7,2026-07-01,NA,NA
"1700","Guinea-Bissau","GNB",2026,8,2026-08-01,NA,NA
"1701","Guinea-Bissau","GNB",2026,9,2026-09-01,NA,NA
"1702","Guinea-Bissau","GNB",2026,10,2026-10-01,NA,NA
"1703","Guinea-Bissau","GNB",2026,11,2026-11-01,NA,NA
"1704","Guinea-Bissau","GNB",2026,12,2026-12-01,NA,NA
"1705","Guyana","GUY",2025,1,2025-01-01,6024,"PAHO"
"1706","Guyana","GUY",2025,2,2025-02-01,4199,"PAHO"
"1707","Guyana","GUY",2025,3,2025-03-01,6796,"PAHO"
"1708","Guyana","GUY",2025,4,2025-04-01,3794,"PAHO"
"1709","Guyana","GUY",2025,5,2025-05-01,8267,"PAHO"
"1710","Guyana","GUY",2025,6,2025-06-01,10554,"PAHO"
"1711","Guyana","GUY",2025,7,2025-07-01,5342,"PAHO"
"1712","Guyana","GUY",2025,8,2025-08-01,4563,"PAHO"
"1713","Guyana","GUY",2025,9,2025-09-01,9275,"PAHO"
"1714","Guyana","GUY",2025,10,2025-10-01,8526,"PAHO"
"1715","Guyana","GUY",2025,11,2025-11-01,13890,"PAHO"
"1716","Guyana","GUY",2025,12,2025-12-01,NA,NA
"1717","Guyana","GUY",2026,1,2026-01-01,NA,NA
"1718","Guyana","GUY",2026,2,2026-02-01,NA,NA
"1719","Guyana","GUY",2026,3,2026-03-01,NA,NA
"1720","Guyana","GUY",2026,4,2026-04-01,NA,NA
"1721","Guyana","GUY",2026,5,2026-05-01,NA,NA
"1722","Guyana","GUY",2026,6,2026-06-01,NA,NA
"1723","Guyana","GUY",2026,7,2026-07-01,NA,NA
"1724","Guyana","GUY",2026,8,2026-08-01,NA,NA
"1725","Guyana","GUY",2026,9,2026-09-01,NA,NA
"1726","Guyana","GUY",2026,10,2026-10-01,NA,NA
"1727","Guyana","GUY",2026,11,2026-11-01,NA,NA
"1728","Guyana","GUY",2026,12,2026-12-01,NA,NA
"1729","Haiti","HTI",2025,1,2025-01-01,NA,"WHO"
"1730","Haiti","HTI",2025,2,2025-02-01,NA,"WHO"
"1731","Haiti","HTI",2025,3,2025-03-01,NA,"WHO"
"1732","Haiti","HTI",2025,4,2025-04-01,NA,"WHO"
"1733","Haiti","HTI",2025,5,2025-05-01,NA,"WHO"
"1734","Haiti","HTI",2025,6,2025-06-01,NA,"WHO"
"1735","Haiti","HTI",2025,7,2025-07-01,NA,"WHO"
"1736","Haiti","HTI",2025,8,2025-08-01,NA,"WHO"
"1737","Haiti","HTI",2025,9,2025-09-01,NA,"WHO"
"1738","Haiti","HTI",2025,10,2025-10-01,NA,"WHO"
"1739","Haiti","HTI",2025,11,2025-11-01,NA,"WHO"
"1740","Haiti","HTI",2025,12,2025-12-01,NA,NA
"1741","Haiti","HTI",2026,1,2026-01-01,NA,NA
"1742","Haiti","HTI",2026,2,2026-02-01,NA,NA
"1743","Haiti","HTI",2026,3,2026-03-01,NA,NA
"1744","Haiti","HTI",2026,4,2026-04-01,NA,NA
"1745","Haiti","HTI",2026,5,2026-05-01,NA,NA
"1746","Haiti","HTI",2026,6,2026-06-01,NA,NA
"1747","Haiti","HTI",2026,7,2026-07-01,NA,NA
"1748","Haiti","HTI",2026,8,2026-08-01,NA,NA
"1749","Haiti","HTI",2026,9,2026-09-01,NA,NA
"1750","Haiti","HTI",2026,10,2026-10-01,NA,NA
"1751","Haiti","HTI",2026,11,2026-11-01,NA,NA
"1752","Haiti","HTI",2026,12,2026-12-01,NA,NA
"1753","Honduras","HND",2025,1,2025-01-01,1434,"PAHO"
"1754","Honduras","HND",2025,2,2025-02-01,1274,"PAHO"
"1755","Honduras","HND",2025,3,2025-03-01,2134,"PAHO"
"1756","Honduras","HND",2025,4,2025-04-01,1467,"PAHO"
"1757","Honduras","HND",2025,5,2025-05-01,1678,"PAHO"
"1758","Honduras","HND",2025,6,2025-06-01,1835,"PAHO"
"1759","Honduras","HND",2025,7,2025-07-01,1424,"PAHO"
"1760","Honduras","HND",2025,8,2025-08-01,1222,"PAHO"
"1761","Honduras","HND",2025,9,2025-09-01,1176,"PAHO"
"1762","Honduras","HND",2025,10,2025-10-01,1216,"PAHO"
"1763","Honduras","HND",2025,11,2025-11-01,1281,"PAHO"
"1764","Honduras","HND",2025,12,2025-12-01,2324,"PAHO"
"1765","Honduras","HND",2026,1,2026-01-01,NA,NA
"1766","Honduras","HND",2026,2,2026-02-01,NA,NA
"1767","Honduras","HND",2026,3,2026-03-01,NA,NA
"1768","Honduras","HND",2026,4,2026-04-01,NA,NA
"1769","Honduras","HND",2026,5,2026-05-01,NA,NA
"1770","Honduras","HND",2026,6,2026-06-01,NA,NA
"1771","Honduras","HND",2026,7,2026-07-01,NA,NA
"1772","Honduras","HND",2026,8,2026-08-01,NA,NA
"1773","Honduras","HND",2026,9,2026-09-01,NA,NA
"1774","Honduras","HND",2026,10,2026-10-01,NA,NA
"1775","Honduras","HND",2026,11,2026-11-01,NA,NA
"1776","Honduras","HND",2026,12,2026-12-01,NA,NA
"1777","Hungary","HUN",2025,1,2025-01-01,0,"WHO"
"1778","Hungary","HUN",2025,2,2025-02-01,0,"WHO"
"1779","Hungary","HUN",2025,3,2025-03-01,0,"WHO"
"1780","Hungary","HUN",2025,4,2025-04-01,0,"WHO"
"1781","Hungary","HUN",2025,5,2025-05-01,0,"WHO"
"1782","Hungary","HUN",2025,6,2025-06-01,0,"WHO"
"1783","Hungary","HUN",2025,7,2025-07-01,0,"WHO"
"1784","Hungary","HUN",2025,8,2025-08-01,0,"WHO"
"1785","Hungary","HUN",2025,9,2025-09-01,0,"WHO"
"1786","Hungary","HUN",2025,10,2025-10-01,0,"WHO"
"1787","Hungary","HUN",2025,11,2025-11-01,NA,NA
"1788","Hungary","HUN",2025,12,2025-12-01,NA,NA
"1789","Hungary","HUN",2026,1,2026-01-01,NA,NA
"1790","Hungary","HUN",2026,2,2026-02-01,NA,NA
"1791","Hungary","HUN",2026,3,2026-03-01,NA,NA
"1792","Hungary","HUN",2026,4,2026-04-01,NA,NA
"1793","Hungary","HUN",2026,5,2026-05-01,NA,NA
"1794","Hungary","HUN",2026,6,2026-06-01,NA,NA
"1795","Hungary","HUN",2026,7,2026-07-01,NA,NA
"1796","Hungary","HUN",2026,8,2026-08-01,NA,NA
"1797","Hungary","HUN",2026,9,2026-09-01,NA,NA
"1798","Hungary","HUN",2026,10,2026-10-01,NA,NA
"1799","Hungary","HUN",2026,11,2026-11-01,NA,NA
"1800","Hungary","HUN",2026,12,2026-12-01,NA,NA
"1801","Iceland","ISL",2025,1,2025-01-01,0,"WHO"
"1802","Iceland","ISL",2025,2,2025-02-01,0,"WHO"
"1803","Iceland","ISL",2025,3,2025-03-01,0,"WHO"
"1804","Iceland","ISL",2025,4,2025-04-01,0,"WHO"
"1805","Iceland","ISL",2025,5,2025-05-01,0,"WHO"
"1806","Iceland","ISL",2025,6,2025-06-01,0,"WHO"
"1807","Iceland","ISL",2025,7,2025-07-01,0,"WHO"
"1808","Iceland","ISL",2025,8,2025-08-01,0,"WHO"
"1809","Iceland","ISL",2025,9,2025-09-01,0,"WHO"
"1810","Iceland","ISL",2025,10,2025-10-01,0,"WHO"
"1811","Iceland","ISL",2025,11,2025-11-01,NA,NA
"1812","Iceland","ISL",2025,12,2025-12-01,NA,NA
"1813","Iceland","ISL",2026,1,2026-01-01,NA,NA
"1814","Iceland","ISL",2026,2,2026-02-01,NA,NA
"1815","Iceland","ISL",2026,3,2026-03-01,NA,NA
"1816","Iceland","ISL",2026,4,2026-04-01,NA,NA
"1817","Iceland","ISL",2026,5,2026-05-01,NA,NA
"1818","Iceland","ISL",2026,6,2026-06-01,NA,NA
"1819","Iceland","ISL",2026,7,2026-07-01,NA,NA
"1820","Iceland","ISL",2026,8,2026-08-01,NA,NA
"1821","Iceland","ISL",2026,9,2026-09-01,NA,NA
"1822","Iceland","ISL",2026,10,2026-10-01,NA,NA
"1823","Iceland","ISL",2026,11,2026-11-01,NA,NA
"1824","Iceland","ISL",2026,12,2026-12-01,NA,NA
"1825","India","IND",2025,1,2025-01-01,4700,"SEARO"
"1826","India","IND",2025,2,2025-02-01,3806,"SEARO"
"1827","India","IND",2025,3,2025-03-01,3517,"SEARO"
"1828","India","IND",2025,4,2025-04-01,2700,"SEARO"
"1829","India","IND",2025,5,2025-05-01,3766,"SEARO"
"1830","India","IND",2025,6,2025-06-01,6459,"SEARO"
"1831","India","IND",2025,7,2025-07-01,10302,"SEARO"
"1832","India","IND",2025,8,2025-08-01,14303,"SEARO"
"1833","India","IND",2025,9,2025-09-01,18803,"SEARO"
"1834","India","IND",2025,10,2025-10-01,22659,"SEARO"
"1835","India","IND",2025,11,2025-11-01,22175,"SEARO"
"1836","India","IND",2025,12,2025-12-01,7539,"SEARO"
"1837","India","IND",2026,1,2026-01-01,NA,NA
"1838","India","IND",2026,2,2026-02-01,NA,NA
"1839","India","IND",2026,3,2026-03-01,NA,NA
"1840","India","IND",2026,4,2026-04-01,NA,NA
"1841","India","IND",2026,5,2026-05-01,NA,NA
"1842","India","IND",2026,6,2026-06-01,NA,NA
"1843","India","IND",2026,7,2026-07-01,NA,NA
"1844","India","IND",2026,8,2026-08-01,NA,NA
"1845","India","IND",2026,9,2026-09-01,NA,NA
"1846","India","IND",2026,10,2026-10-01,NA,NA
"1847","India","IND",2026,11,2026-11-01,NA,NA
"1848","India","IND",2026,12,2026-12-01,NA,NA
"1849","Indonesia","IDN",2025,1,2025-01-01,21417,"SEARO"
"1850","Indonesia","IDN",2025,2,2025-02-01,17160,"SEARO"
"1851","Indonesia","IDN",2025,3,2025-03-01,11795,"SEARO"
"1852","Indonesia","IDN",2025,4,2025-04-01,5750,"SEARO"
"1853","Indonesia","IDN",2025,5,2025-05-01,157,"SEARO"
"1854","Indonesia","IDN",2025,6,2025-06-01,0,"SEARO"
"1855","Indonesia","IDN",2025,7,2025-07-01,0,"SEARO"
"1856","Indonesia","IDN",2025,8,2025-08-01,0,"SEARO"
"1857","Indonesia","IDN",2025,9,2025-09-01,0,"SEARO"
"1858","Indonesia","IDN",2025,10,2025-10-01,0,"SEARO"
"1859","Indonesia","IDN",2025,11,2025-11-01,0,"SEARO"
"1860","Indonesia","IDN",2025,12,2025-12-01,0,"SEARO"
"1861","Indonesia","IDN",2026,1,2026-01-01,NA,NA
"1862","Indonesia","IDN",2026,2,2026-02-01,NA,NA
"1863","Indonesia","IDN",2026,3,2026-03-01,NA,NA
"1864","Indonesia","IDN",2026,4,2026-04-01,NA,NA
"1865","Indonesia","IDN",2026,5,2026-05-01,NA,NA
"1866","Indonesia","IDN",2026,6,2026-06-01,NA,NA
"1867","Indonesia","IDN",2026,7,2026-07-01,NA,NA
"1868","Indonesia","IDN",2026,8,2026-08-01,NA,NA
"1869","Indonesia","IDN",2026,9,2026-09-01,NA,NA
"1870","Indonesia","IDN",2026,10,2026-10-01,NA,NA
"1871","Indonesia","IDN",2026,11,2026-11-01,NA,NA
"1872","Indonesia","IDN",2026,12,2026-12-01,NA,NA
"1873","Iran","IRN",2025,1,2025-01-01,93,"WHO"
"1874","Iran","IRN",2025,2,2025-02-01,22,"WHO"
"1875","Iran","IRN",2025,3,2025-03-01,10,"WHO"
"1876","Iran","IRN",2025,4,2025-04-01,12,"WHO"
"1877","Iran","IRN",2025,5,2025-05-01,57,"WHO"
"1878","Iran","IRN",2025,6,2025-06-01,128,"WHO"
"1879","Iran","IRN",2025,7,2025-07-01,84,"WHO"
"1880","Iran","IRN",2025,8,2025-08-01,42,"WHO"
"1881","Iran","IRN",2025,9,2025-09-01,NA,NA
"1882","Iran","IRN",2025,10,2025-10-01,NA,NA
"1883","Iran","IRN",2025,11,2025-11-01,NA,NA
"1884","Iran","IRN",2025,12,2025-12-01,NA,NA
"1885","Iran","IRN",2026,1,2026-01-01,NA,NA
"1886","Iran","IRN",2026,2,2026-02-01,NA,NA
"1887","Iran","IRN",2026,3,2026-03-01,NA,NA
"1888","Iran","IRN",2026,4,2026-04-01,NA,NA
"1889","Iran","IRN",2026,5,2026-05-01,NA,NA
"1890","Iran","IRN",2026,6,2026-06-01,NA,NA
"1891","Iran","IRN",2026,7,2026-07-01,NA,NA
"1892","Iran","IRN",2026,8,2026-08-01,NA,NA
"1893","Iran","IRN",2026,9,2026-09-01,NA,NA
"1894","Iran","IRN",2026,10,2026-10-01,NA,NA
"1895","Iran","IRN",2026,11,2026-11-01,NA,NA
"1896","Iran","IRN",2026,12,2026-12-01,NA,NA
"1897","Ireland","IRL",2025,1,2025-01-01,0,"WHO"
"1898","Ireland","IRL",2025,2,2025-02-01,0,"WHO"
"1899","Ireland","IRL",2025,3,2025-03-01,0,"WHO"
"1900","Ireland","IRL",2025,4,2025-04-01,0,"WHO"
"1901","Ireland","IRL",2025,5,2025-05-01,0,"WHO"
"1902","Ireland","IRL",2025,6,2025-06-01,0,"WHO"
"1903","Ireland","IRL",2025,7,2025-07-01,0,"WHO"
"1904","Ireland","IRL",2025,8,2025-08-01,0,"WHO"
"1905","Ireland","IRL",2025,9,2025-09-01,0,"WHO"
"1906","Ireland","IRL",2025,10,2025-10-01,0,"WHO"
"1907","Ireland","IRL",2025,11,2025-11-01,NA,NA
"1908","Ireland","IRL",2025,12,2025-12-01,NA,NA
"1909","Ireland","IRL",2026,1,2026-01-01,NA,NA
"1910","Ireland","IRL",2026,2,2026-02-01,NA,NA
"1911","Ireland","IRL",2026,3,2026-03-01,NA,NA
"1912","Ireland","IRL",2026,4,2026-04-01,NA,NA
"1913","Ireland","IRL",2026,5,2026-05-01,NA,NA
"1914","Ireland","IRL",2026,6,2026-06-01,NA,NA
"1915","Ireland","IRL",2026,7,2026-07-01,NA,NA
"1916","Ireland","IRL",2026,8,2026-08-01,NA,NA
"1917","Ireland","IRL",2026,9,2026-09-01,NA,NA
"1918","Ireland","IRL",2026,10,2026-10-01,NA,NA
"1919","Ireland","IRL",2026,11,2026-11-01,NA,NA
"1920","Ireland","IRL",2026,12,2026-12-01,NA,NA
"1921","Israel","ISR",2025,1,2025-01-01,0,"WHO"
"1922","Israel","ISR",2025,2,2025-02-01,0,"WHO"
"1923","Israel","ISR",2025,3,2025-03-01,0,"WHO"
"1924","Israel","ISR",2025,4,2025-04-01,0,"WHO"
"1925","Israel","ISR",2025,5,2025-05-01,0,"WHO"
"1926","Israel","ISR",2025,6,2025-06-01,0,"WHO"
"1927","Israel","ISR",2025,7,2025-07-01,0,"WHO"
"1928","Israel","ISR",2025,8,2025-08-01,0,"WHO"
"1929","Israel","ISR",2025,9,2025-09-01,0,"WHO"
"1930","Israel","ISR",2025,10,2025-10-01,0,"WHO"
"1931","Israel","ISR",2025,11,2025-11-01,NA,NA
"1932","Israel","ISR",2025,12,2025-12-01,NA,NA
"1933","Israel","ISR",2026,1,2026-01-01,NA,NA
"1934","Israel","ISR",2026,2,2026-02-01,NA,NA
"1935","Israel","ISR",2026,3,2026-03-01,NA,NA
"1936","Israel","ISR",2026,4,2026-04-01,NA,NA
"1937","Israel","ISR",2026,5,2026-05-01,NA,NA
"1938","Israel","ISR",2026,6,2026-06-01,NA,NA
"1939","Israel","ISR",2026,7,2026-07-01,NA,NA
"1940","Israel","ISR",2026,8,2026-08-01,NA,NA
"1941","Israel","ISR",2026,9,2026-09-01,NA,NA
"1942","Israel","ISR",2026,10,2026-10-01,NA,NA
"1943","Israel","ISR",2026,11,2026-11-01,NA,NA
"1944","Israel","ISR",2026,12,2026-12-01,NA,NA
"1945","Italy","ITA",2025,1,2025-01-01,0,"WHO"
"1946","Italy","ITA",2025,2,2025-02-01,0,"WHO"
"1947","Italy","ITA",2025,3,2025-03-01,0,"WHO"
"1948","Italy","ITA",2025,4,2025-04-01,0,"WHO"
"1949","Italy","ITA",2025,5,2025-05-01,0,"WHO"
"1950","Italy","ITA",2025,6,2025-06-01,0,"WHO"
"1951","Italy","ITA",2025,7,2025-07-01,4,"WHO"
"1952","Italy","ITA",2025,8,2025-08-01,0,"WHO"
"1953","Italy","ITA",2025,9,2025-09-01,0,"WHO"
"1954","Italy","ITA",2025,10,2025-10-01,0,"WHO"
"1955","Italy","ITA",2025,11,2025-11-01,NA,NA
"1956","Italy","ITA",2025,12,2025-12-01,NA,NA
"1957","Italy","ITA",2026,1,2026-01-01,NA,NA
"1958","Italy","ITA",2026,2,2026-02-01,NA,NA
"1959","Italy","ITA",2026,3,2026-03-01,NA,NA
"1960","Italy","ITA",2026,4,2026-04-01,NA,NA
"1961","Italy","ITA",2026,5,2026-05-01,NA,NA
"1962","Italy","ITA",2026,6,2026-06-01,NA,NA
"1963","Italy","ITA",2026,7,2026-07-01,NA,NA
"1964","Italy","ITA",2026,8,2026-08-01,NA,NA
"1965","Italy","ITA",2026,9,2026-09-01,NA,NA
"1966","Italy","ITA",2026,10,2026-10-01,NA,NA
"1967","Italy","ITA",2026,11,2026-11-01,NA,NA
"1968","Italy","ITA",2026,12,2026-12-01,NA,NA
"1969","Jamaica","JAM",2025,1,2025-01-01,46,"PAHO"
"1970","Jamaica","JAM",2025,2,2025-02-01,38,"PAHO"
"1971","Jamaica","JAM",2025,3,2025-03-01,37,"PAHO"
"1972","Jamaica","JAM",2025,4,2025-04-01,44,"PAHO"
"1973","Jamaica","JAM",2025,5,2025-05-01,30,"PAHO"
"1974","Jamaica","JAM",2025,6,2025-06-01,65,"PAHO"
"1975","Jamaica","JAM",2025,7,2025-07-01,48,"PAHO"
"1976","Jamaica","JAM",2025,8,2025-08-01,17,"PAHO"
"1977","Jamaica","JAM",2025,9,2025-09-01,54,"PAHO"
"1978","Jamaica","JAM",2025,10,2025-10-01,33,"PAHO"
"1979","Jamaica","JAM",2025,11,2025-11-01,117,"PAHO"
"1980","Jamaica","JAM",2025,12,2025-12-01,53,"PAHO"
"1981","Jamaica","JAM",2026,1,2026-01-01,NA,NA
"1982","Jamaica","JAM",2026,2,2026-02-01,NA,NA
"1983","Jamaica","JAM",2026,3,2026-03-01,NA,NA
"1984","Jamaica","JAM",2026,4,2026-04-01,NA,NA
"1985","Jamaica","JAM",2026,5,2026-05-01,NA,NA
"1986","Jamaica","JAM",2026,6,2026-06-01,NA,NA
"1987","Jamaica","JAM",2026,7,2026-07-01,NA,NA
"1988","Jamaica","JAM",2026,8,2026-08-01,NA,NA
"1989","Jamaica","JAM",2026,9,2026-09-01,NA,NA
"1990","Jamaica","JAM",2026,10,2026-10-01,NA,NA
"1991","Jamaica","JAM",2026,11,2026-11-01,NA,NA
"1992","Jamaica","JAM",2026,12,2026-12-01,NA,NA
"1993","Kazakhstan","KAZ",2025,1,2025-01-01,0,"WHO"
"1994","Kazakhstan","KAZ",2025,2,2025-02-01,0,"WHO"
"1995","Kazakhstan","KAZ",2025,3,2025-03-01,0,"WHO"
"1996","Kazakhstan","KAZ",2025,4,2025-04-01,0,"WHO"
"1997","Kazakhstan","KAZ",2025,5,2025-05-01,0,"WHO"
"1998","Kazakhstan","KAZ",2025,6,2025-06-01,0,"WHO"
"1999","Kazakhstan","KAZ",2025,7,2025-07-01,0,"WHO"
"2000","Kazakhstan","KAZ",2025,8,2025-08-01,0,"WHO"
"2001","Kazakhstan","KAZ",2025,9,2025-09-01,0,"WHO"
"2002","Kazakhstan","KAZ",2025,10,2025-10-01,0,"WHO"
"2003","Kazakhstan","KAZ",2025,11,2025-11-01,NA,NA
"2004","Kazakhstan","KAZ",2025,12,2025-12-01,NA,NA
"2005","Kazakhstan","KAZ",2026,1,2026-01-01,NA,NA
"2006","Kazakhstan","KAZ",2026,2,2026-02-01,NA,NA
"2007","Kazakhstan","KAZ",2026,3,2026-03-01,NA,NA
"2008","Kazakhstan","KAZ",2026,4,2026-04-01,NA,NA
"2009","Kazakhstan","KAZ",2026,5,2026-05-01,NA,NA
"2010","Kazakhstan","KAZ",2026,6,2026-06-01,NA,NA
"2011","Kazakhstan","KAZ",2026,7,2026-07-01,NA,NA
"2012","Kazakhstan","KAZ",2026,8,2026-08-01,NA,NA
"2013","Kazakhstan","KAZ",2026,9,2026-09-01,NA,NA
"2014","Kazakhstan","KAZ",2026,10,2026-10-01,NA,NA
"2015","Kazakhstan","KAZ",2026,11,2026-11-01,NA,NA
"2016","Kazakhstan","KAZ",2026,12,2026-12-01,NA,NA
"2017","Kenya","KEN",2025,1,2025-01-01,855,"WHO"
"2018","Kenya","KEN",2025,2,2025-02-01,673,"WHO"
"2019","Kenya","KEN",2025,3,2025-03-01,NA,NA
"2020","Kenya","KEN",2025,4,2025-04-01,64,"WHO"
"2021","Kenya","KEN",2025,5,2025-05-01,816,"WHO"
"2022","Kenya","KEN",2025,6,2025-06-01,NA,NA
"2023","Kenya","KEN",2025,7,2025-07-01,1241,"WHO"
"2024","Kenya","KEN",2025,8,2025-08-01,740,"WHO"
"2025","Kenya","KEN",2025,9,2025-09-01,650,"WHO"
"2026","Kenya","KEN",2025,10,2025-10-01,932,"WHO"
"2027","Kenya","KEN",2025,11,2025-11-01,313,"WHO"
"2028","Kenya","KEN",2025,12,2025-12-01,NA,NA
"2029","Kenya","KEN",2026,1,2026-01-01,NA,NA
"2030","Kenya","KEN",2026,2,2026-02-01,NA,NA
"2031","Kenya","KEN",2026,3,2026-03-01,NA,NA
"2032","Kenya","KEN",2026,4,2026-04-01,NA,NA
"2033","Kenya","KEN",2026,5,2026-05-01,NA,NA
"2034","Kenya","KEN",2026,6,2026-06-01,NA,NA
"2035","Kenya","KEN",2026,7,2026-07-01,NA,NA
"2036","Kenya","KEN",2026,8,2026-08-01,NA,NA
"2037","Kenya","KEN",2026,9,2026-09-01,NA,NA
"2038","Kenya","KEN",2026,10,2026-10-01,NA,NA
"2039","Kenya","KEN",2026,11,2026-11-01,NA,NA
"2040","Kenya","KEN",2026,12,2026-12-01,NA,NA
"2041","Kiribati","KIR",2025,1,2025-01-01,0,"WHO"
"2042","Kiribati","KIR",2025,2,2025-02-01,0,"WHO"
"2043","Kiribati","KIR",2025,3,2025-03-01,5,"WHO"
"2044","Kiribati","KIR",2025,4,2025-04-01,21,"WHO"
"2045","Kiribati","KIR",2025,5,2025-05-01,95,"WHO"
"2046","Kiribati","KIR",2025,6,2025-06-01,380,"WHO"
"2047","Kiribati","KIR",2025,7,2025-07-01,494,"WHO"
"2048","Kiribati","KIR",2025,8,2025-08-01,163,"WHO"
"2049","Kiribati","KIR",2025,9,2025-09-01,198,"WHO"
"2050","Kiribati","KIR",2025,10,2025-10-01,40,"WHO"
"2051","Kiribati","KIR",2025,11,2025-11-01,12,"WHO"
"2052","Kiribati","KIR",2025,12,2025-12-01,NA,NA
"2053","Kiribati","KIR",2026,1,2026-01-01,NA,NA
"2054","Kiribati","KIR",2026,2,2026-02-01,NA,NA
"2055","Kiribati","KIR",2026,3,2026-03-01,NA,NA
"2056","Kiribati","KIR",2026,4,2026-04-01,NA,NA
"2057","Kiribati","KIR",2026,5,2026-05-01,NA,NA
"2058","Kiribati","KIR",2026,6,2026-06-01,NA,NA
"2059","Kiribati","KIR",2026,7,2026-07-01,NA,NA
"2060","Kiribati","KIR",2026,8,2026-08-01,NA,NA
"2061","Kiribati","KIR",2026,9,2026-09-01,NA,NA
"2062","Kiribati","KIR",2026,10,2026-10-01,NA,NA
"2063","Kiribati","KIR",2026,11,2026-11-01,NA,NA
"2064","Kiribati","KIR",2026,12,2026-12-01,NA,NA
"2065","Kyrgyzstan","KGZ",2025,1,2025-01-01,0,"WHO"
"2066","Kyrgyzstan","KGZ",2025,2,2025-02-01,0,"WHO"
"2067","Kyrgyzstan","KGZ",2025,3,2025-03-01,0,"WHO"
"2068","Kyrgyzstan","KGZ",2025,4,2025-04-01,0,"WHO"
"2069","Kyrgyzstan","KGZ",2025,5,2025-05-01,0,"WHO"
"2070","Kyrgyzstan","KGZ",2025,6,2025-06-01,0,"WHO"
"2071","Kyrgyzstan","KGZ",2025,7,2025-07-01,0,"WHO"
"2072","Kyrgyzstan","KGZ",2025,8,2025-08-01,0,"WHO"
"2073","Kyrgyzstan","KGZ",2025,9,2025-09-01,0,"WHO"
"2074","Kyrgyzstan","KGZ",2025,10,2025-10-01,0,"WHO"
"2075","Kyrgyzstan","KGZ",2025,11,2025-11-01,NA,NA
"2076","Kyrgyzstan","KGZ",2025,12,2025-12-01,NA,NA
"2077","Kyrgyzstan","KGZ",2026,1,2026-01-01,NA,NA
"2078","Kyrgyzstan","KGZ",2026,2,2026-02-01,NA,NA
"2079","Kyrgyzstan","KGZ",2026,3,2026-03-01,NA,NA
"2080","Kyrgyzstan","KGZ",2026,4,2026-04-01,NA,NA
"2081","Kyrgyzstan","KGZ",2026,5,2026-05-01,NA,NA
"2082","Kyrgyzstan","KGZ",2026,6,2026-06-01,NA,NA
"2083","Kyrgyzstan","KGZ",2026,7,2026-07-01,NA,NA
"2084","Kyrgyzstan","KGZ",2026,8,2026-08-01,NA,NA
"2085","Kyrgyzstan","KGZ",2026,9,2026-09-01,NA,NA
"2086","Kyrgyzstan","KGZ",2026,10,2026-10-01,NA,NA
"2087","Kyrgyzstan","KGZ",2026,11,2026-11-01,NA,NA
"2088","Kyrgyzstan","KGZ",2026,12,2026-12-01,NA,NA
"2089","Laos","LAO",2025,1,2025-01-01,253,"WHO"
"2090","Laos","LAO",2025,2,2025-02-01,165,"WHO"
"2091","Laos","LAO",2025,3,2025-03-01,138,"WHO"
"2092","Laos","LAO",2025,4,2025-04-01,173,"WHO"
"2093","Laos","LAO",2025,5,2025-05-01,614,"WHO"
"2094","Laos","LAO",2025,6,2025-06-01,1271,"WHO"
"2095","Laos","LAO",2025,7,2025-07-01,2741,"WHO"
"2096","Laos","LAO",2025,8,2025-08-01,2506,"WHO"
"2097","Laos","LAO",2025,9,2025-09-01,1369,"WHO"
"2098","Laos","LAO",2025,10,2025-10-01,1552,"WHO"
"2099","Laos","LAO",2025,11,2025-11-01,890,"WHO"
"2100","Laos","LAO",2025,12,2025-12-01,NA,NA
"2101","Laos","LAO",2026,1,2026-01-01,NA,NA
"2102","Laos","LAO",2026,2,2026-02-01,NA,NA
"2103","Laos","LAO",2026,3,2026-03-01,NA,NA
"2104","Laos","LAO",2026,4,2026-04-01,NA,NA
"2105","Laos","LAO",2026,5,2026-05-01,NA,NA
"2106","Laos","LAO",2026,6,2026-06-01,NA,NA
"2107","Laos","LAO",2026,7,2026-07-01,NA,NA
"2108","Laos","LAO",2026,8,2026-08-01,NA,NA
"2109","Laos","LAO",2026,9,2026-09-01,NA,NA
"2110","Laos","LAO",2026,10,2026-10-01,NA,NA
"2111","Laos","LAO",2026,11,2026-11-01,NA,NA
"2112","Laos","LAO",2026,12,2026-12-01,NA,NA
"2113","Latvia","LVA",2025,1,2025-01-01,0,"WHO"
"2114","Latvia","LVA",2025,2,2025-02-01,0,"WHO"
"2115","Latvia","LVA",2025,3,2025-03-01,0,"WHO"
"2116","Latvia","LVA",2025,4,2025-04-01,0,"WHO"
"2117","Latvia","LVA",2025,5,2025-05-01,0,"WHO"
"2118","Latvia","LVA",2025,6,2025-06-01,0,"WHO"
"2119","Latvia","LVA",2025,7,2025-07-01,0,"WHO"
"2120","Latvia","LVA",2025,8,2025-08-01,0,"WHO"
"2121","Latvia","LVA",2025,9,2025-09-01,0,"WHO"
"2122","Latvia","LVA",2025,10,2025-10-01,0,"WHO"
"2123","Latvia","LVA",2025,11,2025-11-01,NA,NA
"2124","Latvia","LVA",2025,12,2025-12-01,NA,NA
"2125","Latvia","LVA",2026,1,2026-01-01,NA,NA
"2126","Latvia","LVA",2026,2,2026-02-01,NA,NA
"2127","Latvia","LVA",2026,3,2026-03-01,NA,NA
"2128","Latvia","LVA",2026,4,2026-04-01,NA,NA
"2129","Latvia","LVA",2026,5,2026-05-01,NA,NA
"2130","Latvia","LVA",2026,6,2026-06-01,NA,NA
"2131","Latvia","LVA",2026,7,2026-07-01,NA,NA
"2132","Latvia","LVA",2026,8,2026-08-01,NA,NA
"2133","Latvia","LVA",2026,9,2026-09-01,NA,NA
"2134","Latvia","LVA",2026,10,2026-10-01,NA,NA
"2135","Latvia","LVA",2026,11,2026-11-01,NA,NA
"2136","Latvia","LVA",2026,12,2026-12-01,NA,NA
"2137","Liberia","LBR",2025,1,2025-01-01,3,"WHO"
"2138","Liberia","LBR",2025,2,2025-02-01,0,"WHO"
"2139","Liberia","LBR",2025,3,2025-03-01,0,"WHO"
"2140","Liberia","LBR",2025,4,2025-04-01,1,"WHO"
"2141","Liberia","LBR",2025,5,2025-05-01,0,"WHO"
"2142","Liberia","LBR",2025,6,2025-06-01,0,"WHO"
"2143","Liberia","LBR",2025,7,2025-07-01,0,"WHO"
"2144","Liberia","LBR",2025,8,2025-08-01,0,"WHO"
"2145","Liberia","LBR",2025,9,2025-09-01,0,"WHO"
"2146","Liberia","LBR",2025,10,2025-10-01,0,"WHO"
"2147","Liberia","LBR",2025,11,2025-11-01,0,"WHO"
"2148","Liberia","LBR",2025,12,2025-12-01,NA,NA
"2149","Liberia","LBR",2026,1,2026-01-01,NA,NA
"2150","Liberia","LBR",2026,2,2026-02-01,NA,NA
"2151","Liberia","LBR",2026,3,2026-03-01,NA,NA
"2152","Liberia","LBR",2026,4,2026-04-01,NA,NA
"2153","Liberia","LBR",2026,5,2026-05-01,NA,NA
"2154","Liberia","LBR",2026,6,2026-06-01,NA,NA
"2155","Liberia","LBR",2026,7,2026-07-01,NA,NA
"2156","Liberia","LBR",2026,8,2026-08-01,NA,NA
"2157","Liberia","LBR",2026,9,2026-09-01,NA,NA
"2158","Liberia","LBR",2026,10,2026-10-01,NA,NA
"2159","Liberia","LBR",2026,11,2026-11-01,NA,NA
"2160","Liberia","LBR",2026,12,2026-12-01,NA,NA
"2161","Liechtenstein","LIE",2025,1,2025-01-01,0,"WHO"
"2162","Liechtenstein","LIE",2025,2,2025-02-01,0,"WHO"
"2163","Liechtenstein","LIE",2025,3,2025-03-01,0,"WHO"
"2164","Liechtenstein","LIE",2025,4,2025-04-01,0,"WHO"
"2165","Liechtenstein","LIE",2025,5,2025-05-01,0,"WHO"
"2166","Liechtenstein","LIE",2025,6,2025-06-01,0,"WHO"
"2167","Liechtenstein","LIE",2025,7,2025-07-01,0,"WHO"
"2168","Liechtenstein","LIE",2025,8,2025-08-01,0,"WHO"
"2169","Liechtenstein","LIE",2025,9,2025-09-01,0,"WHO"
"2170","Liechtenstein","LIE",2025,10,2025-10-01,0,"WHO"
"2171","Liechtenstein","LIE",2025,11,2025-11-01,NA,NA
"2172","Liechtenstein","LIE",2025,12,2025-12-01,NA,NA
"2173","Liechtenstein","LIE",2026,1,2026-01-01,NA,NA
"2174","Liechtenstein","LIE",2026,2,2026-02-01,NA,NA
"2175","Liechtenstein","LIE",2026,3,2026-03-01,NA,NA
"2176","Liechtenstein","LIE",2026,4,2026-04-01,NA,NA
"2177","Liechtenstein","LIE",2026,5,2026-05-01,NA,NA
"2178","Liechtenstein","LIE",2026,6,2026-06-01,NA,NA
"2179","Liechtenstein","LIE",2026,7,2026-07-01,NA,NA
"2180","Liechtenstein","LIE",2026,8,2026-08-01,NA,NA
"2181","Liechtenstein","LIE",2026,9,2026-09-01,NA,NA
"2182","Liechtenstein","LIE",2026,10,2026-10-01,NA,NA
"2183","Liechtenstein","LIE",2026,11,2026-11-01,NA,NA
"2184","Liechtenstein","LIE",2026,12,2026-12-01,NA,NA
"2185","Lithuania","LTU",2025,1,2025-01-01,0,"WHO"
"2186","Lithuania","LTU",2025,2,2025-02-01,0,"WHO"
"2187","Lithuania","LTU",2025,3,2025-03-01,0,"WHO"
"2188","Lithuania","LTU",2025,4,2025-04-01,0,"WHO"
"2189","Lithuania","LTU",2025,5,2025-05-01,0,"WHO"
"2190","Lithuania","LTU",2025,6,2025-06-01,0,"WHO"
"2191","Lithuania","LTU",2025,7,2025-07-01,0,"WHO"
"2192","Lithuania","LTU",2025,8,2025-08-01,0,"WHO"
"2193","Lithuania","LTU",2025,9,2025-09-01,0,"WHO"
"2194","Lithuania","LTU",2025,10,2025-10-01,0,"WHO"
"2195","Lithuania","LTU",2025,11,2025-11-01,NA,NA
"2196","Lithuania","LTU",2025,12,2025-12-01,NA,NA
"2197","Lithuania","LTU",2026,1,2026-01-01,NA,NA
"2198","Lithuania","LTU",2026,2,2026-02-01,NA,NA
"2199","Lithuania","LTU",2026,3,2026-03-01,NA,NA
"2200","Lithuania","LTU",2026,4,2026-04-01,NA,NA
"2201","Lithuania","LTU",2026,5,2026-05-01,NA,NA
"2202","Lithuania","LTU",2026,6,2026-06-01,NA,NA
"2203","Lithuania","LTU",2026,7,2026-07-01,NA,NA
"2204","Lithuania","LTU",2026,8,2026-08-01,NA,NA
"2205","Lithuania","LTU",2026,9,2026-09-01,NA,NA
"2206","Lithuania","LTU",2026,10,2026-10-01,NA,NA
"2207","Lithuania","LTU",2026,11,2026-11-01,NA,NA
"2208","Lithuania","LTU",2026,12,2026-12-01,NA,NA
"2209","Luxembourg","LUX",2025,1,2025-01-01,0,"WHO"
"2210","Luxembourg","LUX",2025,2,2025-02-01,0,"WHO"
"2211","Luxembourg","LUX",2025,3,2025-03-01,0,"WHO"
"2212","Luxembourg","LUX",2025,4,2025-04-01,0,"WHO"
"2213","Luxembourg","LUX",2025,5,2025-05-01,0,"WHO"
"2214","Luxembourg","LUX",2025,6,2025-06-01,0,"WHO"
"2215","Luxembourg","LUX",2025,7,2025-07-01,0,"WHO"
"2216","Luxembourg","LUX",2025,8,2025-08-01,0,"WHO"
"2217","Luxembourg","LUX",2025,9,2025-09-01,0,"WHO"
"2218","Luxembourg","LUX",2025,10,2025-10-01,0,"WHO"
"2219","Luxembourg","LUX",2025,11,2025-11-01,NA,NA
"2220","Luxembourg","LUX",2025,12,2025-12-01,NA,NA
"2221","Luxembourg","LUX",2026,1,2026-01-01,NA,NA
"2222","Luxembourg","LUX",2026,2,2026-02-01,NA,NA
"2223","Luxembourg","LUX",2026,3,2026-03-01,NA,NA
"2224","Luxembourg","LUX",2026,4,2026-04-01,NA,NA
"2225","Luxembourg","LUX",2026,5,2026-05-01,NA,NA
"2226","Luxembourg","LUX",2026,6,2026-06-01,NA,NA
"2227","Luxembourg","LUX",2026,7,2026-07-01,NA,NA
"2228","Luxembourg","LUX",2026,8,2026-08-01,NA,NA
"2229","Luxembourg","LUX",2026,9,2026-09-01,NA,NA
"2230","Luxembourg","LUX",2026,10,2026-10-01,NA,NA
"2231","Luxembourg","LUX",2026,11,2026-11-01,NA,NA
"2232","Luxembourg","LUX",2026,12,2026-12-01,NA,NA
"2233","Malawi","MWI",2025,1,2025-01-01,0,"WHO"
"2234","Malawi","MWI",2025,2,2025-02-01,0,"WHO"
"2235","Malawi","MWI",2025,3,2025-03-01,0,"WHO"
"2236","Malawi","MWI",2025,4,2025-04-01,0,"WHO"
"2237","Malawi","MWI",2025,5,2025-05-01,0,"WHO"
"2238","Malawi","MWI",2025,6,2025-06-01,0,"WHO"
"2239","Malawi","MWI",2025,7,2025-07-01,0,"WHO"
"2240","Malawi","MWI",2025,8,2025-08-01,0,"WHO"
"2241","Malawi","MWI",2025,9,2025-09-01,0,"WHO"
"2242","Malawi","MWI",2025,10,2025-10-01,0,"WHO"
"2243","Malawi","MWI",2025,11,2025-11-01,0,"WHO"
"2244","Malawi","MWI",2025,12,2025-12-01,NA,NA
"2245","Malawi","MWI",2026,1,2026-01-01,NA,NA
"2246","Malawi","MWI",2026,2,2026-02-01,NA,NA
"2247","Malawi","MWI",2026,3,2026-03-01,NA,NA
"2248","Malawi","MWI",2026,4,2026-04-01,NA,NA
"2249","Malawi","MWI",2026,5,2026-05-01,NA,NA
"2250","Malawi","MWI",2026,6,2026-06-01,NA,NA
"2251","Malawi","MWI",2026,7,2026-07-01,NA,NA
"2252","Malawi","MWI",2026,8,2026-08-01,NA,NA
"2253","Malawi","MWI",2026,9,2026-09-01,NA,NA
"2254","Malawi","MWI",2026,10,2026-10-01,NA,NA
"2255","Malawi","MWI",2026,11,2026-11-01,NA,NA
"2256","Malawi","MWI",2026,12,2026-12-01,NA,NA
"2257","Malaysia","MYS",2025,1,2025-01-01,6676,"WHO"
"2258","Malaysia","MYS",2025,2,2025-02-01,5049,"WHO"
"2259","Malaysia","MYS",2025,3,2025-03-01,4571,"WHO"
"2260","Malaysia","MYS",2025,4,2025-04-01,5383,"WHO"
"2261","Malaysia","MYS",2025,5,2025-05-01,4877,"WHO"
"2262","Malaysia","MYS",2025,6,2025-06-01,4657,"WHO"
"2263","Malaysia","MYS",2025,7,2025-07-01,5065,"WHO"
"2264","Malaysia","MYS",2025,8,2025-08-01,3338,"WHO"
"2265","Malaysia","MYS",2025,9,2025-09-01,2969,"WHO"
"2266","Malaysia","MYS",2025,10,2025-10-01,4398,"WHO"
"2267","Malaysia","MYS",2025,11,2025-11-01,2627,"WHO"
"2268","Malaysia","MYS",2025,12,2025-12-01,NA,NA
"2269","Malaysia","MYS",2026,1,2026-01-01,NA,NA
"2270","Malaysia","MYS",2026,2,2026-02-01,NA,NA
"2271","Malaysia","MYS",2026,3,2026-03-01,NA,NA
"2272","Malaysia","MYS",2026,4,2026-04-01,NA,NA
"2273","Malaysia","MYS",2026,5,2026-05-01,NA,NA
"2274","Malaysia","MYS",2026,6,2026-06-01,NA,NA
"2275","Malaysia","MYS",2026,7,2026-07-01,NA,NA
"2276","Malaysia","MYS",2026,8,2026-08-01,NA,NA
"2277","Malaysia","MYS",2026,9,2026-09-01,NA,NA
"2278","Malaysia","MYS",2026,10,2026-10-01,NA,NA
"2279","Malaysia","MYS",2026,11,2026-11-01,NA,NA
"2280","Malaysia","MYS",2026,12,2026-12-01,NA,NA
"2281","Maldives","MDV",2025,1,2025-01-01,72,"SEARO"
"2282","Maldives","MDV",2025,2,2025-02-01,74,"SEARO"
"2283","Maldives","MDV",2025,3,2025-03-01,69,"SEARO"
"2284","Maldives","MDV",2025,4,2025-04-01,120,"SEARO"
"2285","Maldives","MDV",2025,5,2025-05-01,116,"SEARO"
"2286","Maldives","MDV",2025,6,2025-06-01,165,"SEARO"
"2287","Maldives","MDV",2025,7,2025-07-01,168,"SEARO"
"2288","Maldives","MDV",2025,8,2025-08-01,256,"SEARO"
"2289","Maldives","MDV",2025,9,2025-09-01,252,"SEARO"
"2290","Maldives","MDV",2025,10,2025-10-01,373,"SEARO"
"2291","Maldives","MDV",2025,11,2025-11-01,376,"SEARO"
"2292","Maldives","MDV",2025,12,2025-12-01,411,"SEARO"
"2293","Maldives","MDV",2026,1,2026-01-01,NA,NA
"2294","Maldives","MDV",2026,2,2026-02-01,NA,NA
"2295","Maldives","MDV",2026,3,2026-03-01,NA,NA
"2296","Maldives","MDV",2026,4,2026-04-01,NA,NA
"2297","Maldives","MDV",2026,5,2026-05-01,NA,NA
"2298","Maldives","MDV",2026,6,2026-06-01,NA,NA
"2299","Maldives","MDV",2026,7,2026-07-01,NA,NA
"2300","Maldives","MDV",2026,8,2026-08-01,NA,NA
"2301","Maldives","MDV",2026,9,2026-09-01,NA,NA
"2302","Maldives","MDV",2026,10,2026-10-01,NA,NA
"2303","Maldives","MDV",2026,11,2026-11-01,NA,NA
"2304","Maldives","MDV",2026,12,2026-12-01,NA,NA
"2305","Mali","MLI",2025,1,2025-01-01,511,"WHO"
"2306","Mali","MLI",2025,2,2025-02-01,453,"WHO"
"2307","Mali","MLI",2025,3,2025-03-01,332,"WHO"
"2308","Mali","MLI",2025,4,2025-04-01,186,"WHO"
"2309","Mali","MLI",2025,5,2025-05-01,242,"WHO"
"2310","Mali","MLI",2025,6,2025-06-01,233,"WHO"
"2311","Mali","MLI",2025,7,2025-07-01,384,"WHO"
"2312","Mali","MLI",2025,8,2025-08-01,361,"WHO"
"2313","Mali","MLI",2025,9,2025-09-01,272,"WHO"
"2314","Mali","MLI",2025,10,2025-10-01,490,"WHO"
"2315","Mali","MLI",2025,11,2025-11-01,506,"WHO"
"2316","Mali","MLI",2025,12,2025-12-01,NA,NA
"2317","Mali","MLI",2026,1,2026-01-01,NA,NA
"2318","Mali","MLI",2026,2,2026-02-01,NA,NA
"2319","Mali","MLI",2026,3,2026-03-01,NA,NA
"2320","Mali","MLI",2026,4,2026-04-01,NA,NA
"2321","Mali","MLI",2026,5,2026-05-01,NA,NA
"2322","Mali","MLI",2026,6,2026-06-01,NA,NA
"2323","Mali","MLI",2026,7,2026-07-01,NA,NA
"2324","Mali","MLI",2026,8,2026-08-01,NA,NA
"2325","Mali","MLI",2026,9,2026-09-01,NA,NA
"2326","Mali","MLI",2026,10,2026-10-01,NA,NA
"2327","Mali","MLI",2026,11,2026-11-01,NA,NA
"2328","Mali","MLI",2026,12,2026-12-01,NA,NA
"2329","Malta","MLT",2025,1,2025-01-01,0,"WHO"
"2330","Malta","MLT",2025,2,2025-02-01,0,"WHO"
"2331","Malta","MLT",2025,3,2025-03-01,0,"WHO"
"2332","Malta","MLT",2025,4,2025-04-01,0,"WHO"
"2333","Malta","MLT",2025,5,2025-05-01,0,"WHO"
"2334","Malta","MLT",2025,6,2025-06-01,0,"WHO"
"2335","Malta","MLT",2025,7,2025-07-01,0,"WHO"
"2336","Malta","MLT",2025,8,2025-08-01,0,"WHO"
"2337","Malta","MLT",2025,9,2025-09-01,0,"WHO"
"2338","Malta","MLT",2025,10,2025-10-01,0,"WHO"
"2339","Malta","MLT",2025,11,2025-11-01,NA,NA
"2340","Malta","MLT",2025,12,2025-12-01,NA,NA
"2341","Malta","MLT",2026,1,2026-01-01,NA,NA
"2342","Malta","MLT",2026,2,2026-02-01,NA,NA
"2343","Malta","MLT",2026,3,2026-03-01,NA,NA
"2344","Malta","MLT",2026,4,2026-04-01,NA,NA
"2345","Malta","MLT",2026,5,2026-05-01,NA,NA
"2346","Malta","MLT",2026,6,2026-06-01,NA,NA
"2347","Malta","MLT",2026,7,2026-07-01,NA,NA
"2348","Malta","MLT",2026,8,2026-08-01,NA,NA
"2349","Malta","MLT",2026,9,2026-09-01,NA,NA
"2350","Malta","MLT",2026,10,2026-10-01,NA,NA
"2351","Malta","MLT",2026,11,2026-11-01,NA,NA
"2352","Malta","MLT",2026,12,2026-12-01,NA,NA
"2353","Marshall Islands","MHL",2025,1,2025-01-01,0,"WHO"
"2354","Marshall Islands","MHL",2025,2,2025-02-01,0,"WHO"
"2355","Marshall Islands","MHL",2025,3,2025-03-01,0,"WHO"
"2356","Marshall Islands","MHL",2025,4,2025-04-01,0,"WHO"
"2357","Marshall Islands","MHL",2025,5,2025-05-01,0,"WHO"
"2358","Marshall Islands","MHL",2025,6,2025-06-01,0,"WHO"
"2359","Marshall Islands","MHL",2025,7,2025-07-01,0,"WHO"
"2360","Marshall Islands","MHL",2025,8,2025-08-01,0,"WHO"
"2361","Marshall Islands","MHL",2025,9,2025-09-01,0,"WHO"
"2362","Marshall Islands","MHL",2025,10,2025-10-01,0,"WHO"
"2363","Marshall Islands","MHL",2025,11,2025-11-01,0,"WHO"
"2364","Marshall Islands","MHL",2025,12,2025-12-01,NA,NA
"2365","Marshall Islands","MHL",2026,1,2026-01-01,NA,NA
"2366","Marshall Islands","MHL",2026,2,2026-02-01,NA,NA
"2367","Marshall Islands","MHL",2026,3,2026-03-01,NA,NA
"2368","Marshall Islands","MHL",2026,4,2026-04-01,NA,NA
"2369","Marshall Islands","MHL",2026,5,2026-05-01,NA,NA
"2370","Marshall Islands","MHL",2026,6,2026-06-01,NA,NA
"2371","Marshall Islands","MHL",2026,7,2026-07-01,NA,NA
"2372","Marshall Islands","MHL",2026,8,2026-08-01,NA,NA
"2373","Marshall Islands","MHL",2026,9,2026-09-01,NA,NA
"2374","Marshall Islands","MHL",2026,10,2026-10-01,NA,NA
"2375","Marshall Islands","MHL",2026,11,2026-11-01,NA,NA
"2376","Marshall Islands","MHL",2026,12,2026-12-01,NA,NA
"2377","Martinique","MTQ",2025,1,2025-01-01,293,"PAHO"
"2378","Martinique","MTQ",2025,2,2025-02-01,100,"PAHO"
"2379","Martinique","MTQ",2025,3,2025-03-01,282,"PAHO"
"2380","Martinique","MTQ",2025,4,2025-04-01,100,"PAHO"
"2381","Martinique","MTQ",2025,5,2025-05-01,130,"PAHO"
"2382","Martinique","MTQ",2025,6,2025-06-01,90,"PAHO"
"2383","Martinique","MTQ",2025,7,2025-07-01,NA,"PAHO"
"2384","Martinique","MTQ",2025,8,2025-08-01,NA,"PAHO"
"2385","Martinique","MTQ",2025,9,2025-09-01,105,"WHO"
"2386","Martinique","MTQ",2025,10,2025-10-01,NA,"PAHO"
"2387","Martinique","MTQ",2025,11,2025-11-01,NA,"PAHO"
"2388","Martinique","MTQ",2025,12,2025-12-01,45,"PAHO"
"2389","Martinique","MTQ",2026,1,2026-01-01,NA,NA
"2390","Martinique","MTQ",2026,2,2026-02-01,NA,NA
"2391","Martinique","MTQ",2026,3,2026-03-01,NA,NA
"2392","Martinique","MTQ",2026,4,2026-04-01,NA,NA
"2393","Martinique","MTQ",2026,5,2026-05-01,NA,NA
"2394","Martinique","MTQ",2026,6,2026-06-01,NA,NA
"2395","Martinique","MTQ",2026,7,2026-07-01,NA,NA
"2396","Martinique","MTQ",2026,8,2026-08-01,NA,NA
"2397","Martinique","MTQ",2026,9,2026-09-01,NA,NA
"2398","Martinique","MTQ",2026,10,2026-10-01,NA,NA
"2399","Martinique","MTQ",2026,11,2026-11-01,NA,NA
"2400","Martinique","MTQ",2026,12,2026-12-01,NA,NA
"2401","Mauritania","MRT",2025,1,2025-01-01,102,"WHO"
"2402","Mauritania","MRT",2025,2,2025-02-01,66,"WHO"
"2403","Mauritania","MRT",2025,3,2025-03-01,35,"WHO"
"2404","Mauritania","MRT",2025,4,2025-04-01,41,"WHO"
"2405","Mauritania","MRT",2025,5,2025-05-01,3,"WHO"
"2406","Mauritania","MRT",2025,6,2025-06-01,179,"WHO"
"2407","Mauritania","MRT",2025,7,2025-07-01,82,"WHO"
"2408","Mauritania","MRT",2025,8,2025-08-01,37,"WHO"
"2409","Mauritania","MRT",2025,9,2025-09-01,37,"WHO"
"2410","Mauritania","MRT",2025,10,2025-10-01,3135,"WHO"
"2411","Mauritania","MRT",2025,11,2025-11-01,1923,"WHO"
"2412","Mauritania","MRT",2025,12,2025-12-01,NA,NA
"2413","Mauritania","MRT",2026,1,2026-01-01,NA,NA
"2414","Mauritania","MRT",2026,2,2026-02-01,NA,NA
"2415","Mauritania","MRT",2026,3,2026-03-01,NA,NA
"2416","Mauritania","MRT",2026,4,2026-04-01,NA,NA
"2417","Mauritania","MRT",2026,5,2026-05-01,NA,NA
"2418","Mauritania","MRT",2026,6,2026-06-01,NA,NA
"2419","Mauritania","MRT",2026,7,2026-07-01,NA,NA
"2420","Mauritania","MRT",2026,8,2026-08-01,NA,NA
"2421","Mauritania","MRT",2026,9,2026-09-01,NA,NA
"2422","Mauritania","MRT",2026,10,2026-10-01,NA,NA
"2423","Mauritania","MRT",2026,11,2026-11-01,NA,NA
"2424","Mauritania","MRT",2026,12,2026-12-01,NA,NA
"2425","Mauritius","MUS",2025,1,2025-01-01,79,"WHO"
"2426","Mauritius","MUS",2025,2,2025-02-01,32,"WHO"
"2427","Mauritius","MUS",2025,3,2025-03-01,145,"WHO"
"2428","Mauritius","MUS",2025,4,2025-04-01,361,"WHO"
"2429","Mauritius","MUS",2025,5,2025-05-01,544,"WHO"
"2430","Mauritius","MUS",2025,6,2025-06-01,NA,NA
"2431","Mauritius","MUS",2025,7,2025-07-01,255,"WHO"
"2432","Mauritius","MUS",2025,8,2025-08-01,143,"WHO"
"2433","Mauritius","MUS",2025,9,2025-09-01,82,"WHO"
"2434","Mauritius","MUS",2025,10,2025-10-01,81,"WHO"
"2435","Mauritius","MUS",2025,11,2025-11-01,NA,NA
"2436","Mauritius","MUS",2025,12,2025-12-01,NA,NA
"2437","Mauritius","MUS",2026,1,2026-01-01,NA,NA
"2438","Mauritius","MUS",2026,2,2026-02-01,NA,NA
"2439","Mauritius","MUS",2026,3,2026-03-01,NA,NA
"2440","Mauritius","MUS",2026,4,2026-04-01,NA,NA
"2441","Mauritius","MUS",2026,5,2026-05-01,NA,NA
"2442","Mauritius","MUS",2026,6,2026-06-01,NA,NA
"2443","Mauritius","MUS",2026,7,2026-07-01,NA,NA
"2444","Mauritius","MUS",2026,8,2026-08-01,NA,NA
"2445","Mauritius","MUS",2026,9,2026-09-01,NA,NA
"2446","Mauritius","MUS",2026,10,2026-10-01,NA,NA
"2447","Mauritius","MUS",2026,11,2026-11-01,NA,NA
"2448","Mauritius","MUS",2026,12,2026-12-01,NA,NA
"2449","Mayotte","MYT",2025,1,2025-01-01,0,"WHO"
"2450","Mayotte","MYT",2025,2,2025-02-01,3,"WHO"
"2451","Mayotte","MYT",2025,3,2025-03-01,2,"WHO"
"2452","Mayotte","MYT",2025,4,2025-04-01,4,"WHO"
"2453","Mayotte","MYT",2025,5,2025-05-01,16,"WHO"
"2454","Mayotte","MYT",2025,6,2025-06-01,2,"WHO"
"2455","Mayotte","MYT",2025,7,2025-07-01,2,"WHO"
"2456","Mayotte","MYT",2025,8,2025-08-01,0,"WHO"
"2457","Mayotte","MYT",2025,9,2025-09-01,0,"WHO"
"2458","Mayotte","MYT",2025,10,2025-10-01,0,"WHO"
"2459","Mayotte","MYT",2025,11,2025-11-01,0,"WHO"
"2460","Mayotte","MYT",2025,12,2025-12-01,NA,NA
"2461","Mayotte","MYT",2026,1,2026-01-01,NA,NA
"2462","Mayotte","MYT",2026,2,2026-02-01,NA,NA
"2463","Mayotte","MYT",2026,3,2026-03-01,NA,NA
"2464","Mayotte","MYT",2026,4,2026-04-01,NA,NA
"2465","Mayotte","MYT",2026,5,2026-05-01,NA,NA
"2466","Mayotte","MYT",2026,6,2026-06-01,NA,NA
"2467","Mayotte","MYT",2026,7,2026-07-01,NA,NA
"2468","Mayotte","MYT",2026,8,2026-08-01,NA,NA
"2469","Mayotte","MYT",2026,9,2026-09-01,NA,NA
"2470","Mayotte","MYT",2026,10,2026-10-01,NA,NA
"2471","Mayotte","MYT",2026,11,2026-11-01,NA,NA
"2472","Mayotte","MYT",2026,12,2026-12-01,NA,NA
"2473","Mexico","MEX",2025,1,2025-01-01,11125,"PAHO"
"2474","Mexico","MEX",2025,2,2025-02-01,8287,"PAHO"
"2475","Mexico","MEX",2025,3,2025-03-01,9680,"PAHO"
"2476","Mexico","MEX",2025,4,2025-04-01,6002,"PAHO"
"2477","Mexico","MEX",2025,5,2025-05-01,7905,"PAHO"
"2478","Mexico","MEX",2025,6,2025-06-01,12409,"PAHO"
"2479","Mexico","MEX",2025,7,2025-07-01,11822,"PAHO"
"2480","Mexico","MEX",2025,8,2025-08-01,13638,"PAHO"
"2481","Mexico","MEX",2025,9,2025-09-01,21031,"PAHO"
"2482","Mexico","MEX",2025,10,2025-10-01,21250,"PAHO"
"2483","Mexico","MEX",2025,11,2025-11-01,14725,"PAHO"
"2484","Mexico","MEX",2025,12,2025-12-01,14991,"PAHO"
"2485","Mexico","MEX",2026,1,2026-01-01,NA,NA
"2486","Mexico","MEX",2026,2,2026-02-01,NA,NA
"2487","Mexico","MEX",2026,3,2026-03-01,NA,NA
"2488","Mexico","MEX",2026,4,2026-04-01,NA,NA
"2489","Mexico","MEX",2026,5,2026-05-01,NA,NA
"2490","Mexico","MEX",2026,6,2026-06-01,NA,NA
"2491","Mexico","MEX",2026,7,2026-07-01,NA,NA
"2492","Mexico","MEX",2026,8,2026-08-01,NA,NA
"2493","Mexico","MEX",2026,9,2026-09-01,NA,NA
"2494","Mexico","MEX",2026,10,2026-10-01,NA,NA
"2495","Mexico","MEX",2026,11,2026-11-01,NA,NA
"2496","Mexico","MEX",2026,12,2026-12-01,NA,NA
"2497","Micronesia (Federated States of)","FSM",2025,1,2025-01-01,5,"WHO"
"2498","Micronesia (Federated States of)","FSM",2025,2,2025-02-01,9,"WHO"
"2499","Micronesia (Federated States of)","FSM",2025,3,2025-03-01,1,"WHO"
"2500","Micronesia (Federated States of)","FSM",2025,4,2025-04-01,3,"WHO"
"2501","Micronesia (Federated States of)","FSM",2025,5,2025-05-01,1,"WHO"
"2502","Micronesia (Federated States of)","FSM",2025,6,2025-06-01,2,"WHO"
"2503","Micronesia (Federated States of)","FSM",2025,7,2025-07-01,6,"WHO"
"2504","Micronesia (Federated States of)","FSM",2025,8,2025-08-01,4,"WHO"
"2505","Micronesia (Federated States of)","FSM",2025,9,2025-09-01,2,"WHO"
"2506","Micronesia (Federated States of)","FSM",2025,10,2025-10-01,6,"WHO"
"2507","Micronesia (Federated States of)","FSM",2025,11,2025-11-01,0,"WHO"
"2508","Micronesia (Federated States of)","FSM",2025,12,2025-12-01,NA,NA
"2509","Micronesia (Federated States of)","FSM",2026,1,2026-01-01,NA,NA
"2510","Micronesia (Federated States of)","FSM",2026,2,2026-02-01,NA,NA
"2511","Micronesia (Federated States of)","FSM",2026,3,2026-03-01,NA,NA
"2512","Micronesia (Federated States of)","FSM",2026,4,2026-04-01,NA,NA
"2513","Micronesia (Federated States of)","FSM",2026,5,2026-05-01,NA,NA
"2514","Micronesia (Federated States of)","FSM",2026,6,2026-06-01,NA,NA
"2515","Micronesia (Federated States of)","FSM",2026,7,2026-07-01,NA,NA
"2516","Micronesia (Federated States of)","FSM",2026,8,2026-08-01,NA,NA
"2517","Micronesia (Federated States of)","FSM",2026,9,2026-09-01,NA,NA
"2518","Micronesia (Federated States of)","FSM",2026,10,2026-10-01,NA,NA
"2519","Micronesia (Federated States of)","FSM",2026,11,2026-11-01,NA,NA
"2520","Micronesia (Federated States of)","FSM",2026,12,2026-12-01,NA,NA
"2521","Moldova","MDA",2025,1,2025-01-01,0,"WHO"
"2522","Moldova","MDA",2025,2,2025-02-01,0,"WHO"
"2523","Moldova","MDA",2025,3,2025-03-01,0,"WHO"
"2524","Moldova","MDA",2025,4,2025-04-01,0,"WHO"
"2525","Moldova","MDA",2025,5,2025-05-01,0,"WHO"
"2526","Moldova","MDA",2025,6,2025-06-01,0,"WHO"
"2527","Moldova","MDA",2025,7,2025-07-01,0,"WHO"
"2528","Moldova","MDA",2025,8,2025-08-01,0,"WHO"
"2529","Moldova","MDA",2025,9,2025-09-01,0,"WHO"
"2530","Moldova","MDA",2025,10,2025-10-01,0,"WHO"
"2531","Moldova","MDA",2025,11,2025-11-01,NA,NA
"2532","Moldova","MDA",2025,12,2025-12-01,NA,NA
"2533","Moldova","MDA",2026,1,2026-01-01,NA,NA
"2534","Moldova","MDA",2026,2,2026-02-01,NA,NA
"2535","Moldova","MDA",2026,3,2026-03-01,NA,NA
"2536","Moldova","MDA",2026,4,2026-04-01,NA,NA
"2537","Moldova","MDA",2026,5,2026-05-01,NA,NA
"2538","Moldova","MDA",2026,6,2026-06-01,NA,NA
"2539","Moldova","MDA",2026,7,2026-07-01,NA,NA
"2540","Moldova","MDA",2026,8,2026-08-01,NA,NA
"2541","Moldova","MDA",2026,9,2026-09-01,NA,NA
"2542","Moldova","MDA",2026,10,2026-10-01,NA,NA
"2543","Moldova","MDA",2026,11,2026-11-01,NA,NA
"2544","Moldova","MDA",2026,12,2026-12-01,NA,NA
"2545","Monaco","MCO",2025,1,2025-01-01,0,"WHO"
"2546","Monaco","MCO",2025,2,2025-02-01,0,"WHO"
"2547","Monaco","MCO",2025,3,2025-03-01,0,"WHO"
"2548","Monaco","MCO",2025,4,2025-04-01,0,"WHO"
"2549","Monaco","MCO",2025,5,2025-05-01,0,"WHO"
"2550","Monaco","MCO",2025,6,2025-06-01,0,"WHO"
"2551","Monaco","MCO",2025,7,2025-07-01,0,"WHO"
"2552","Monaco","MCO",2025,8,2025-08-01,0,"WHO"
"2553","Monaco","MCO",2025,9,2025-09-01,0,"WHO"
"2554","Monaco","MCO",2025,10,2025-10-01,0,"WHO"
"2555","Monaco","MCO",2025,11,2025-11-01,NA,NA
"2556","Monaco","MCO",2025,12,2025-12-01,NA,NA
"2557","Monaco","MCO",2026,1,2026-01-01,NA,NA
"2558","Monaco","MCO",2026,2,2026-02-01,NA,NA
"2559","Monaco","MCO",2026,3,2026-03-01,NA,NA
"2560","Monaco","MCO",2026,4,2026-04-01,NA,NA
"2561","Monaco","MCO",2026,5,2026-05-01,NA,NA
"2562","Monaco","MCO",2026,6,2026-06-01,NA,NA
"2563","Monaco","MCO",2026,7,2026-07-01,NA,NA
"2564","Monaco","MCO",2026,8,2026-08-01,NA,NA
"2565","Monaco","MCO",2026,9,2026-09-01,NA,NA
"2566","Monaco","MCO",2026,10,2026-10-01,NA,NA
"2567","Monaco","MCO",2026,11,2026-11-01,NA,NA
"2568","Monaco","MCO",2026,12,2026-12-01,NA,NA
"2569","Montenegro","MNE",2025,1,2025-01-01,0,"WHO"
"2570","Montenegro","MNE",2025,2,2025-02-01,0,"WHO"
"2571","Montenegro","MNE",2025,3,2025-03-01,0,"WHO"
"2572","Montenegro","MNE",2025,4,2025-04-01,0,"WHO"
"2573","Montenegro","MNE",2025,5,2025-05-01,0,"WHO"
"2574","Montenegro","MNE",2025,6,2025-06-01,0,"WHO"
"2575","Montenegro","MNE",2025,7,2025-07-01,0,"WHO"
"2576","Montenegro","MNE",2025,8,2025-08-01,0,"WHO"
"2577","Montenegro","MNE",2025,9,2025-09-01,0,"WHO"
"2578","Montenegro","MNE",2025,10,2025-10-01,0,"WHO"
"2579","Montenegro","MNE",2025,11,2025-11-01,NA,NA
"2580","Montenegro","MNE",2025,12,2025-12-01,NA,NA
"2581","Montenegro","MNE",2026,1,2026-01-01,NA,NA
"2582","Montenegro","MNE",2026,2,2026-02-01,NA,NA
"2583","Montenegro","MNE",2026,3,2026-03-01,NA,NA
"2584","Montenegro","MNE",2026,4,2026-04-01,NA,NA
"2585","Montenegro","MNE",2026,5,2026-05-01,NA,NA
"2586","Montenegro","MNE",2026,6,2026-06-01,NA,NA
"2587","Montenegro","MNE",2026,7,2026-07-01,NA,NA
"2588","Montenegro","MNE",2026,8,2026-08-01,NA,NA
"2589","Montenegro","MNE",2026,9,2026-09-01,NA,NA
"2590","Montenegro","MNE",2026,10,2026-10-01,NA,NA
"2591","Montenegro","MNE",2026,11,2026-11-01,NA,NA
"2592","Montenegro","MNE",2026,12,2026-12-01,NA,NA
"2593","Montserrat","MSR",2025,1,2025-01-01,0,"WHO"
"2594","Montserrat","MSR",2025,2,2025-02-01,0,"WHO"
"2595","Montserrat","MSR",2025,3,2025-03-01,0,"WHO"
"2596","Montserrat","MSR",2025,4,2025-04-01,1,"PAHO"
"2597","Montserrat","MSR",2025,5,2025-05-01,0,"WHO"
"2598","Montserrat","MSR",2025,6,2025-06-01,0,"WHO"
"2599","Montserrat","MSR",2025,7,2025-07-01,0,"WHO"
"2600","Montserrat","MSR",2025,8,2025-08-01,0,"WHO"
"2601","Montserrat","MSR",2025,9,2025-09-01,2,"PAHO"
"2602","Montserrat","MSR",2025,10,2025-10-01,2,"WHO"
"2603","Montserrat","MSR",2025,11,2025-11-01,NA,"PAHO"
"2604","Montserrat","MSR",2025,12,2025-12-01,NA,NA
"2605","Montserrat","MSR",2026,1,2026-01-01,NA,NA
"2606","Montserrat","MSR",2026,2,2026-02-01,NA,NA
"2607","Montserrat","MSR",2026,3,2026-03-01,NA,NA
"2608","Montserrat","MSR",2026,4,2026-04-01,NA,NA
"2609","Montserrat","MSR",2026,5,2026-05-01,NA,NA
"2610","Montserrat","MSR",2026,6,2026-06-01,NA,NA
"2611","Montserrat","MSR",2026,7,2026-07-01,NA,NA
"2612","Montserrat","MSR",2026,8,2026-08-01,NA,NA
"2613","Montserrat","MSR",2026,9,2026-09-01,NA,NA
"2614","Montserrat","MSR",2026,10,2026-10-01,NA,NA
"2615","Montserrat","MSR",2026,11,2026-11-01,NA,NA
"2616","Montserrat","MSR",2026,12,2026-12-01,NA,NA
"2617","Myanmar (Burma)","MMR",2025,1,2025-01-01,172,"SEARO"
"2618","Myanmar (Burma)","MMR",2025,2,2025-02-01,120,"SEARO"
"2619","Myanmar (Burma)","MMR",2025,3,2025-03-01,167,"SEARO"
"2620","Myanmar (Burma)","MMR",2025,4,2025-04-01,235,"SEARO"
"2621","Myanmar (Burma)","MMR",2025,5,2025-05-01,699,"SEARO"
"2622","Myanmar (Burma)","MMR",2025,6,2025-06-01,1744,"SEARO"
"2623","Myanmar (Burma)","MMR",2025,7,2025-07-01,3065,"SEARO"
"2624","Myanmar (Burma)","MMR",2025,8,2025-08-01,2415,"SEARO"
"2625","Myanmar (Burma)","MMR",2025,9,2025-09-01,1576,"SEARO"
"2626","Myanmar (Burma)","MMR",2025,10,2025-10-01,943,"SEARO"
"2627","Myanmar (Burma)","MMR",2025,11,2025-11-01,594,"SEARO"
"2628","Myanmar (Burma)","MMR",2025,12,2025-12-01,310,"SEARO"
"2629","Myanmar (Burma)","MMR",2026,1,2026-01-01,NA,NA
"2630","Myanmar (Burma)","MMR",2026,2,2026-02-01,NA,NA
"2631","Myanmar (Burma)","MMR",2026,3,2026-03-01,NA,NA
"2632","Myanmar (Burma)","MMR",2026,4,2026-04-01,NA,NA
"2633","Myanmar (Burma)","MMR",2026,5,2026-05-01,NA,NA
"2634","Myanmar (Burma)","MMR",2026,6,2026-06-01,NA,NA
"2635","Myanmar (Burma)","MMR",2026,7,2026-07-01,NA,NA
"2636","Myanmar (Burma)","MMR",2026,8,2026-08-01,NA,NA
"2637","Myanmar (Burma)","MMR",2026,9,2026-09-01,NA,NA
"2638","Myanmar (Burma)","MMR",2026,10,2026-10-01,NA,NA
"2639","Myanmar (Burma)","MMR",2026,11,2026-11-01,NA,NA
"2640","Myanmar (Burma)","MMR",2026,12,2026-12-01,NA,NA
"2641","Nauru","NRU",2025,1,2025-01-01,0,"WHO"
"2642","Nauru","NRU",2025,2,2025-02-01,0,"WHO"
"2643","Nauru","NRU",2025,3,2025-03-01,0,"WHO"
"2644","Nauru","NRU",2025,4,2025-04-01,0,"WHO"
"2645","Nauru","NRU",2025,5,2025-05-01,0,"WHO"
"2646","Nauru","NRU",2025,6,2025-06-01,1,"WHO"
"2647","Nauru","NRU",2025,7,2025-07-01,313,"WHO"
"2648","Nauru","NRU",2025,8,2025-08-01,120,"WHO"
"2649","Nauru","NRU",2025,9,2025-09-01,17,"WHO"
"2650","Nauru","NRU",2025,10,2025-10-01,0,"WHO"
"2651","Nauru","NRU",2025,11,2025-11-01,0,"WHO"
"2652","Nauru","NRU",2025,12,2025-12-01,NA,NA
"2653","Nauru","NRU",2026,1,2026-01-01,NA,NA
"2654","Nauru","NRU",2026,2,2026-02-01,NA,NA
"2655","Nauru","NRU",2026,3,2026-03-01,NA,NA
"2656","Nauru","NRU",2026,4,2026-04-01,NA,NA
"2657","Nauru","NRU",2026,5,2026-05-01,NA,NA
"2658","Nauru","NRU",2026,6,2026-06-01,NA,NA
"2659","Nauru","NRU",2026,7,2026-07-01,NA,NA
"2660","Nauru","NRU",2026,8,2026-08-01,NA,NA
"2661","Nauru","NRU",2026,9,2026-09-01,NA,NA
"2662","Nauru","NRU",2026,10,2026-10-01,NA,NA
"2663","Nauru","NRU",2026,11,2026-11-01,NA,NA
"2664","Nauru","NRU",2026,12,2026-12-01,NA,NA
"2665","Nepal","NPL",2025,1,2025-01-01,259,"SEARO"
"2666","Nepal","NPL",2025,2,2025-02-01,252,"SEARO"
"2667","Nepal","NPL",2025,3,2025-03-01,254,"SEARO"
"2668","Nepal","NPL",2025,4,2025-04-01,224,"SEARO"
"2669","Nepal","NPL",2025,5,2025-05-01,314,"SEARO"
"2670","Nepal","NPL",2025,6,2025-06-01,530,"SEARO"
"2671","Nepal","NPL",2025,7,2025-07-01,830,"SEARO"
"2672","Nepal","NPL",2025,8,2025-08-01,1197,"SEARO"
"2673","Nepal","NPL",2025,9,2025-09-01,1631,"SEARO"
"2674","Nepal","NPL",2025,10,2025-10-01,1869,"SEARO"
"2675","Nepal","NPL",2025,11,2025-11-01,890,"SEARO"
"2676","Nepal","NPL",2025,12,2025-12-01,313,"SEARO"
"2677","Nepal","NPL",2026,1,2026-01-01,NA,NA
"2678","Nepal","NPL",2026,2,2026-02-01,NA,NA
"2679","Nepal","NPL",2026,3,2026-03-01,NA,NA
"2680","Nepal","NPL",2026,4,2026-04-01,NA,NA
"2681","Nepal","NPL",2026,5,2026-05-01,NA,NA
"2682","Nepal","NPL",2026,6,2026-06-01,NA,NA
"2683","Nepal","NPL",2026,7,2026-07-01,NA,NA
"2684","Nepal","NPL",2026,8,2026-08-01,NA,NA
"2685","Nepal","NPL",2026,9,2026-09-01,NA,NA
"2686","Nepal","NPL",2026,10,2026-10-01,NA,NA
"2687","Nepal","NPL",2026,11,2026-11-01,NA,NA
"2688","Nepal","NPL",2026,12,2026-12-01,NA,NA
"2689","Netherlands","NLD",2025,1,2025-01-01,0,"WHO"
"2690","Netherlands","NLD",2025,2,2025-02-01,0,"WHO"
"2691","Netherlands","NLD",2025,3,2025-03-01,0,"WHO"
"2692","Netherlands","NLD",2025,4,2025-04-01,0,"WHO"
"2693","Netherlands","NLD",2025,5,2025-05-01,0,"WHO"
"2694","Netherlands","NLD",2025,6,2025-06-01,0,"WHO"
"2695","Netherlands","NLD",2025,7,2025-07-01,0,"WHO"
"2696","Netherlands","NLD",2025,8,2025-08-01,0,"WHO"
"2697","Netherlands","NLD",2025,9,2025-09-01,0,"WHO"
"2698","Netherlands","NLD",2025,10,2025-10-01,0,"WHO"
"2699","Netherlands","NLD",2025,11,2025-11-01,NA,NA
"2700","Netherlands","NLD",2025,12,2025-12-01,NA,NA
"2701","Netherlands","NLD",2026,1,2026-01-01,NA,NA
"2702","Netherlands","NLD",2026,2,2026-02-01,NA,NA
"2703","Netherlands","NLD",2026,3,2026-03-01,NA,NA
"2704","Netherlands","NLD",2026,4,2026-04-01,NA,NA
"2705","Netherlands","NLD",2026,5,2026-05-01,NA,NA
"2706","Netherlands","NLD",2026,6,2026-06-01,NA,NA
"2707","Netherlands","NLD",2026,7,2026-07-01,NA,NA
"2708","Netherlands","NLD",2026,8,2026-08-01,NA,NA
"2709","Netherlands","NLD",2026,9,2026-09-01,NA,NA
"2710","Netherlands","NLD",2026,10,2026-10-01,NA,NA
"2711","Netherlands","NLD",2026,11,2026-11-01,NA,NA
"2712","Netherlands","NLD",2026,12,2026-12-01,NA,NA
"2713","New Caledonia","NCL",2025,1,2025-01-01,0,"WHO"
"2714","New Caledonia","NCL",2025,2,2025-02-01,0,"WHO"
"2715","New Caledonia","NCL",2025,3,2025-03-01,0,"WHO"
"2716","New Caledonia","NCL",2025,4,2025-04-01,2,"WHO"
"2717","New Caledonia","NCL",2025,5,2025-05-01,1,"WHO"
"2718","New Caledonia","NCL",2025,6,2025-06-01,0,"WHO"
"2719","New Caledonia","NCL",2025,7,2025-07-01,0,"WHO"
"2720","New Caledonia","NCL",2025,8,2025-08-01,0,"WHO"
"2721","New Caledonia","NCL",2025,9,2025-09-01,2,"WHO"
"2722","New Caledonia","NCL",2025,10,2025-10-01,0,"WHO"
"2723","New Caledonia","NCL",2025,11,2025-11-01,0,"WHO"
"2724","New Caledonia","NCL",2025,12,2025-12-01,NA,NA
"2725","New Caledonia","NCL",2026,1,2026-01-01,NA,NA
"2726","New Caledonia","NCL",2026,2,2026-02-01,NA,NA
"2727","New Caledonia","NCL",2026,3,2026-03-01,NA,NA
"2728","New Caledonia","NCL",2026,4,2026-04-01,NA,NA
"2729","New Caledonia","NCL",2026,5,2026-05-01,NA,NA
"2730","New Caledonia","NCL",2026,6,2026-06-01,NA,NA
"2731","New Caledonia","NCL",2026,7,2026-07-01,NA,NA
"2732","New Caledonia","NCL",2026,8,2026-08-01,NA,NA
"2733","New Caledonia","NCL",2026,9,2026-09-01,NA,NA
"2734","New Caledonia","NCL",2026,10,2026-10-01,NA,NA
"2735","New Caledonia","NCL",2026,11,2026-11-01,NA,NA
"2736","New Caledonia","NCL",2026,12,2026-12-01,NA,NA
"2737","Nicaragua","NIC",2025,1,2025-01-01,5702,"PAHO"
"2738","Nicaragua","NIC",2025,2,2025-02-01,NA,"WHO"
"2739","Nicaragua","NIC",2025,3,2025-03-01,NA,"WHO"
"2740","Nicaragua","NIC",2025,4,2025-04-01,NA,"WHO"
"2741","Nicaragua","NIC",2025,5,2025-05-01,NA,"WHO"
"2742","Nicaragua","NIC",2025,6,2025-06-01,NA,"WHO"
"2743","Nicaragua","NIC",2025,7,2025-07-01,NA,"WHO"
"2744","Nicaragua","NIC",2025,8,2025-08-01,NA,"WHO"
"2745","Nicaragua","NIC",2025,9,2025-09-01,NA,"WHO"
"2746","Nicaragua","NIC",2025,10,2025-10-01,NA,"WHO"
"2747","Nicaragua","NIC",2025,11,2025-11-01,NA,"WHO"
"2748","Nicaragua","NIC",2025,12,2025-12-01,NA,NA
"2749","Nicaragua","NIC",2026,1,2026-01-01,NA,NA
"2750","Nicaragua","NIC",2026,2,2026-02-01,NA,NA
"2751","Nicaragua","NIC",2026,3,2026-03-01,NA,NA
"2752","Nicaragua","NIC",2026,4,2026-04-01,NA,NA
"2753","Nicaragua","NIC",2026,5,2026-05-01,NA,NA
"2754","Nicaragua","NIC",2026,6,2026-06-01,NA,NA
"2755","Nicaragua","NIC",2026,7,2026-07-01,NA,NA
"2756","Nicaragua","NIC",2026,8,2026-08-01,NA,NA
"2757","Nicaragua","NIC",2026,9,2026-09-01,NA,NA
"2758","Nicaragua","NIC",2026,10,2026-10-01,NA,NA
"2759","Nicaragua","NIC",2026,11,2026-11-01,NA,NA
"2760","Nicaragua","NIC",2026,12,2026-12-01,NA,NA
"2761","Niger","NER",2025,1,2025-01-01,0,"WHO"
"2762","Niger","NER",2025,2,2025-02-01,0,"WHO"
"2763","Niger","NER",2025,3,2025-03-01,0,"WHO"
"2764","Niger","NER",2025,4,2025-04-01,0,"WHO"
"2765","Niger","NER",2025,5,2025-05-01,0,"WHO"
"2766","Niger","NER",2025,6,2025-06-01,0,"WHO"
"2767","Niger","NER",2025,7,2025-07-01,0,"WHO"
"2768","Niger","NER",2025,8,2025-08-01,0,"WHO"
"2769","Niger","NER",2025,9,2025-09-01,0,"WHO"
"2770","Niger","NER",2025,10,2025-10-01,0,"WHO"
"2771","Niger","NER",2025,11,2025-11-01,0,"WHO"
"2772","Niger","NER",2025,12,2025-12-01,NA,NA
"2773","Niger","NER",2026,1,2026-01-01,NA,NA
"2774","Niger","NER",2026,2,2026-02-01,NA,NA
"2775","Niger","NER",2026,3,2026-03-01,NA,NA
"2776","Niger","NER",2026,4,2026-04-01,NA,NA
"2777","Niger","NER",2026,5,2026-05-01,NA,NA
"2778","Niger","NER",2026,6,2026-06-01,NA,NA
"2779","Niger","NER",2026,7,2026-07-01,NA,NA
"2780","Niger","NER",2026,8,2026-08-01,NA,NA
"2781","Niger","NER",2026,9,2026-09-01,NA,NA
"2782","Niger","NER",2026,10,2026-10-01,NA,NA
"2783","Niger","NER",2026,11,2026-11-01,NA,NA
"2784","Niger","NER",2026,12,2026-12-01,NA,NA
"2785","Niue","NIU",2025,1,2025-01-01,0,"WHO"
"2786","Niue","NIU",2025,2,2025-02-01,0,"WHO"
"2787","Niue","NIU",2025,3,2025-03-01,0,"WHO"
"2788","Niue","NIU",2025,4,2025-04-01,0,"WHO"
"2789","Niue","NIU",2025,5,2025-05-01,0,"WHO"
"2790","Niue","NIU",2025,6,2025-06-01,0,"WHO"
"2791","Niue","NIU",2025,7,2025-07-01,0,"WHO"
"2792","Niue","NIU",2025,8,2025-08-01,0,"WHO"
"2793","Niue","NIU",2025,9,2025-09-01,0,"WHO"
"2794","Niue","NIU",2025,10,2025-10-01,0,"WHO"
"2795","Niue","NIU",2025,11,2025-11-01,0,"WHO"
"2796","Niue","NIU",2025,12,2025-12-01,NA,NA
"2797","Niue","NIU",2026,1,2026-01-01,NA,NA
"2798","Niue","NIU",2026,2,2026-02-01,NA,NA
"2799","Niue","NIU",2026,3,2026-03-01,NA,NA
"2800","Niue","NIU",2026,4,2026-04-01,NA,NA
"2801","Niue","NIU",2026,5,2026-05-01,NA,NA
"2802","Niue","NIU",2026,6,2026-06-01,NA,NA
"2803","Niue","NIU",2026,7,2026-07-01,NA,NA
"2804","Niue","NIU",2026,8,2026-08-01,NA,NA
"2805","Niue","NIU",2026,9,2026-09-01,NA,NA
"2806","Niue","NIU",2026,10,2026-10-01,NA,NA
"2807","Niue","NIU",2026,11,2026-11-01,NA,NA
"2808","Niue","NIU",2026,12,2026-12-01,NA,NA
"2809","North Macedonia","MKD",2025,1,2025-01-01,0,"WHO"
"2810","North Macedonia","MKD",2025,2,2025-02-01,0,"WHO"
"2811","North Macedonia","MKD",2025,3,2025-03-01,0,"WHO"
"2812","North Macedonia","MKD",2025,4,2025-04-01,0,"WHO"
"2813","North Macedonia","MKD",2025,5,2025-05-01,0,"WHO"
"2814","North Macedonia","MKD",2025,6,2025-06-01,0,"WHO"
"2815","North Macedonia","MKD",2025,7,2025-07-01,0,"WHO"
"2816","North Macedonia","MKD",2025,8,2025-08-01,0,"WHO"
"2817","North Macedonia","MKD",2025,9,2025-09-01,0,"WHO"
"2818","North Macedonia","MKD",2025,10,2025-10-01,0,"WHO"
"2819","North Macedonia","MKD",2025,11,2025-11-01,NA,NA
"2820","North Macedonia","MKD",2025,12,2025-12-01,NA,NA
"2821","North Macedonia","MKD",2026,1,2026-01-01,NA,NA
"2822","North Macedonia","MKD",2026,2,2026-02-01,NA,NA
"2823","North Macedonia","MKD",2026,3,2026-03-01,NA,NA
"2824","North Macedonia","MKD",2026,4,2026-04-01,NA,NA
"2825","North Macedonia","MKD",2026,5,2026-05-01,NA,NA
"2826","North Macedonia","MKD",2026,6,2026-06-01,NA,NA
"2827","North Macedonia","MKD",2026,7,2026-07-01,NA,NA
"2828","North Macedonia","MKD",2026,8,2026-08-01,NA,NA
"2829","North Macedonia","MKD",2026,9,2026-09-01,NA,NA
"2830","North Macedonia","MKD",2026,10,2026-10-01,NA,NA
"2831","North Macedonia","MKD",2026,11,2026-11-01,NA,NA
"2832","North Macedonia","MKD",2026,12,2026-12-01,NA,NA
"2833","Northern Mariana Islands","MNP",2025,1,2025-01-01,0,"WHO"
"2834","Northern Mariana Islands","MNP",2025,2,2025-02-01,0,"WHO"
"2835","Northern Mariana Islands","MNP",2025,3,2025-03-01,1,"WHO"
"2836","Northern Mariana Islands","MNP",2025,4,2025-04-01,0,"WHO"
"2837","Northern Mariana Islands","MNP",2025,5,2025-05-01,0,"WHO"
"2838","Northern Mariana Islands","MNP",2025,6,2025-06-01,0,"WHO"
"2839","Northern Mariana Islands","MNP",2025,7,2025-07-01,0,"WHO"
"2840","Northern Mariana Islands","MNP",2025,8,2025-08-01,0,"WHO"
"2841","Northern Mariana Islands","MNP",2025,9,2025-09-01,0,"WHO"
"2842","Northern Mariana Islands","MNP",2025,10,2025-10-01,0,"WHO"
"2843","Northern Mariana Islands","MNP",2025,11,2025-11-01,0,"WHO"
"2844","Northern Mariana Islands","MNP",2025,12,2025-12-01,NA,NA
"2845","Northern Mariana Islands","MNP",2026,1,2026-01-01,NA,NA
"2846","Northern Mariana Islands","MNP",2026,2,2026-02-01,NA,NA
"2847","Northern Mariana Islands","MNP",2026,3,2026-03-01,NA,NA
"2848","Northern Mariana Islands","MNP",2026,4,2026-04-01,NA,NA
"2849","Northern Mariana Islands","MNP",2026,5,2026-05-01,NA,NA
"2850","Northern Mariana Islands","MNP",2026,6,2026-06-01,NA,NA
"2851","Northern Mariana Islands","MNP",2026,7,2026-07-01,NA,NA
"2852","Northern Mariana Islands","MNP",2026,8,2026-08-01,NA,NA
"2853","Northern Mariana Islands","MNP",2026,9,2026-09-01,NA,NA
"2854","Northern Mariana Islands","MNP",2026,10,2026-10-01,NA,NA
"2855","Northern Mariana Islands","MNP",2026,11,2026-11-01,NA,NA
"2856","Northern Mariana Islands","MNP",2026,12,2026-12-01,NA,NA
"2857","Norway","NOR",2025,1,2025-01-01,0,"WHO"
"2858","Norway","NOR",2025,2,2025-02-01,0,"WHO"
"2859","Norway","NOR",2025,3,2025-03-01,0,"WHO"
"2860","Norway","NOR",2025,4,2025-04-01,0,"WHO"
"2861","Norway","NOR",2025,5,2025-05-01,0,"WHO"
"2862","Norway","NOR",2025,6,2025-06-01,0,"WHO"
"2863","Norway","NOR",2025,7,2025-07-01,0,"WHO"
"2864","Norway","NOR",2025,8,2025-08-01,0,"WHO"
"2865","Norway","NOR",2025,9,2025-09-01,0,"WHO"
"2866","Norway","NOR",2025,10,2025-10-01,0,"WHO"
"2867","Norway","NOR",2025,11,2025-11-01,NA,NA
"2868","Norway","NOR",2025,12,2025-12-01,NA,NA
"2869","Norway","NOR",2026,1,2026-01-01,NA,NA
"2870","Norway","NOR",2026,2,2026-02-01,NA,NA
"2871","Norway","NOR",2026,3,2026-03-01,NA,NA
"2872","Norway","NOR",2026,4,2026-04-01,NA,NA
"2873","Norway","NOR",2026,5,2026-05-01,NA,NA
"2874","Norway","NOR",2026,6,2026-06-01,NA,NA
"2875","Norway","NOR",2026,7,2026-07-01,NA,NA
"2876","Norway","NOR",2026,8,2026-08-01,NA,NA
"2877","Norway","NOR",2026,9,2026-09-01,NA,NA
"2878","Norway","NOR",2026,10,2026-10-01,NA,NA
"2879","Norway","NOR",2026,11,2026-11-01,NA,NA
"2880","Norway","NOR",2026,12,2026-12-01,NA,NA
"2881","Pakistan","PAK",2025,1,2025-01-01,3743,"WHO"
"2882","Pakistan","PAK",2025,2,2025-02-01,2496,"WHO"
"2883","Pakistan","PAK",2025,3,2025-03-01,615,"WHO"
"2884","Pakistan","PAK",2025,4,2025-04-01,431,"WHO"
"2885","Pakistan","PAK",2025,5,2025-05-01,499,"WHO"
"2886","Pakistan","PAK",2025,6,2025-06-01,598,"WHO"
"2887","Pakistan","PAK",2025,7,2025-07-01,1029,"WHO"
"2888","Pakistan","PAK",2025,8,2025-08-01,1015,"WHO"
"2889","Pakistan","PAK",2025,9,2025-09-01,3275,"WHO"
"2890","Pakistan","PAK",2025,10,2025-10-01,5753,"WHO"
"2891","Pakistan","PAK",2025,11,2025-11-01,NA,NA
"2892","Pakistan","PAK",2025,12,2025-12-01,NA,NA
"2893","Pakistan","PAK",2026,1,2026-01-01,NA,NA
"2894","Pakistan","PAK",2026,2,2026-02-01,NA,NA
"2895","Pakistan","PAK",2026,3,2026-03-01,NA,NA
"2896","Pakistan","PAK",2026,4,2026-04-01,NA,NA
"2897","Pakistan","PAK",2026,5,2026-05-01,NA,NA
"2898","Pakistan","PAK",2026,6,2026-06-01,NA,NA
"2899","Pakistan","PAK",2026,7,2026-07-01,NA,NA
"2900","Pakistan","PAK",2026,8,2026-08-01,NA,NA
"2901","Pakistan","PAK",2026,9,2026-09-01,NA,NA
"2902","Pakistan","PAK",2026,10,2026-10-01,NA,NA
"2903","Pakistan","PAK",2026,11,2026-11-01,NA,NA
"2904","Pakistan","PAK",2026,12,2026-12-01,NA,NA
"2905","Palau","PLW",2025,1,2025-01-01,0,"WHO"
"2906","Palau","PLW",2025,2,2025-02-01,0,"WHO"
"2907","Palau","PLW",2025,3,2025-03-01,0,"WHO"
"2908","Palau","PLW",2025,4,2025-04-01,0,"WHO"
"2909","Palau","PLW",2025,5,2025-05-01,0,"WHO"
"2910","Palau","PLW",2025,6,2025-06-01,1,"WHO"
"2911","Palau","PLW",2025,7,2025-07-01,6,"WHO"
"2912","Palau","PLW",2025,8,2025-08-01,9,"WHO"
"2913","Palau","PLW",2025,9,2025-09-01,10,"WHO"
"2914","Palau","PLW",2025,10,2025-10-01,20,"WHO"
"2915","Palau","PLW",2025,11,2025-11-01,1,"WHO"
"2916","Palau","PLW",2025,12,2025-12-01,NA,NA
"2917","Palau","PLW",2026,1,2026-01-01,NA,NA
"2918","Palau","PLW",2026,2,2026-02-01,NA,NA
"2919","Palau","PLW",2026,3,2026-03-01,NA,NA
"2920","Palau","PLW",2026,4,2026-04-01,NA,NA
"2921","Palau","PLW",2026,5,2026-05-01,NA,NA
"2922","Palau","PLW",2026,6,2026-06-01,NA,NA
"2923","Palau","PLW",2026,7,2026-07-01,NA,NA
"2924","Palau","PLW",2026,8,2026-08-01,NA,NA
"2925","Palau","PLW",2026,9,2026-09-01,NA,NA
"2926","Palau","PLW",2026,10,2026-10-01,NA,NA
"2927","Palau","PLW",2026,11,2026-11-01,NA,NA
"2928","Palau","PLW",2026,12,2026-12-01,NA,NA
"2929","Panama","PAN",2025,1,2025-01-01,2339,"PAHO"
"2930","Panama","PAN",2025,2,2025-02-01,1335,"PAHO"
"2931","Panama","PAN",2025,3,2025-03-01,1273,"PAHO"
"2932","Panama","PAN",2025,4,2025-04-01,827,"PAHO"
"2933","Panama","PAN",2025,5,2025-05-01,962,"PAHO"
"2934","Panama","PAN",2025,6,2025-06-01,1813,"PAHO"
"2935","Panama","PAN",2025,7,2025-07-01,2285,"PAHO"
"2936","Panama","PAN",2025,8,2025-08-01,1947,"PAHO"
"2937","Panama","PAN",2025,9,2025-09-01,2330,"PAHO"
"2938","Panama","PAN",2025,10,2025-10-01,1548,"PAHO"
"2939","Panama","PAN",2025,11,2025-11-01,1396,"PAHO"
"2940","Panama","PAN",2025,12,2025-12-01,1535,"PAHO"
"2941","Panama","PAN",2026,1,2026-01-01,NA,NA
"2942","Panama","PAN",2026,2,2026-02-01,NA,NA
"2943","Panama","PAN",2026,3,2026-03-01,NA,NA
"2944","Panama","PAN",2026,4,2026-04-01,NA,NA
"2945","Panama","PAN",2026,5,2026-05-01,NA,NA
"2946","Panama","PAN",2026,6,2026-06-01,NA,NA
"2947","Panama","PAN",2026,7,2026-07-01,NA,NA
"2948","Panama","PAN",2026,8,2026-08-01,NA,NA
"2949","Panama","PAN",2026,9,2026-09-01,NA,NA
"2950","Panama","PAN",2026,10,2026-10-01,NA,NA
"2951","Panama","PAN",2026,11,2026-11-01,NA,NA
"2952","Panama","PAN",2026,12,2026-12-01,NA,NA
"2953","Paraguay","PRY",2025,1,2025-01-01,4664,"PAHO"
"2954","Paraguay","PRY",2025,2,2025-02-01,3832,"PAHO"
"2955","Paraguay","PRY",2025,3,2025-03-01,4747,"PAHO"
"2956","Paraguay","PRY",2025,4,2025-04-01,2923,"PAHO"
"2957","Paraguay","PRY",2025,5,2025-05-01,3701,"PAHO"
"2958","Paraguay","PRY",2025,6,2025-06-01,1971,"PAHO"
"2959","Paraguay","PRY",2025,7,2025-07-01,870,"PAHO"
"2960","Paraguay","PRY",2025,8,2025-08-01,877,"PAHO"
"2961","Paraguay","PRY",2025,9,2025-09-01,1338,"PAHO"
"2962","Paraguay","PRY",2025,10,2025-10-01,1750,"PAHO"
"2963","Paraguay","PRY",2025,11,2025-11-01,2523,"PAHO"
"2964","Paraguay","PRY",2025,12,2025-12-01,2460,"PAHO"
"2965","Paraguay","PRY",2026,1,2026-01-01,NA,NA
"2966","Paraguay","PRY",2026,2,2026-02-01,NA,NA
"2967","Paraguay","PRY",2026,3,2026-03-01,NA,NA
"2968","Paraguay","PRY",2026,4,2026-04-01,NA,NA
"2969","Paraguay","PRY",2026,5,2026-05-01,NA,NA
"2970","Paraguay","PRY",2026,6,2026-06-01,NA,NA
"2971","Paraguay","PRY",2026,7,2026-07-01,NA,NA
"2972","Paraguay","PRY",2026,8,2026-08-01,NA,NA
"2973","Paraguay","PRY",2026,9,2026-09-01,NA,NA
"2974","Paraguay","PRY",2026,10,2026-10-01,NA,NA
"2975","Paraguay","PRY",2026,11,2026-11-01,NA,NA
"2976","Paraguay","PRY",2026,12,2026-12-01,NA,NA
"2977","Peru","PER",2025,1,2025-01-01,6182,"PAHO"
"2978","Peru","PER",2025,2,2025-02-01,4516,"PAHO"
"2979","Peru","PER",2025,3,2025-03-01,7093,"PAHO"
"2980","Peru","PER",2025,4,2025-04-01,6207,"PAHO"
"2981","Peru","PER",2025,5,2025-05-01,3573,"PAHO"
"2982","Peru","PER",2025,6,2025-06-01,2451,"PAHO"
"2983","Peru","PER",2025,7,2025-07-01,986,"PAHO"
"2984","Peru","PER",2025,8,2025-08-01,891,"PAHO"
"2985","Peru","PER",2025,9,2025-09-01,1142,"PAHO"
"2986","Peru","PER",2025,10,2025-10-01,933,"PAHO"
"2987","Peru","PER",2025,11,2025-11-01,1429,"PAHO"
"2988","Peru","PER",2025,12,2025-12-01,3808,"PAHO"
"2989","Peru","PER",2026,1,2026-01-01,NA,NA
"2990","Peru","PER",2026,2,2026-02-01,NA,NA
"2991","Peru","PER",2026,3,2026-03-01,NA,NA
"2992","Peru","PER",2026,4,2026-04-01,NA,NA
"2993","Peru","PER",2026,5,2026-05-01,NA,NA
"2994","Peru","PER",2026,6,2026-06-01,NA,NA
"2995","Peru","PER",2026,7,2026-07-01,NA,NA
"2996","Peru","PER",2026,8,2026-08-01,NA,NA
"2997","Peru","PER",2026,9,2026-09-01,NA,NA
"2998","Peru","PER",2026,10,2026-10-01,NA,NA
"2999","Peru","PER",2026,11,2026-11-01,NA,NA
"3000","Peru","PER",2026,12,2026-12-01,NA,NA
"3001","Pitcairn Islands","PCN",2025,1,2025-01-01,0,"WHO"
"3002","Pitcairn Islands","PCN",2025,2,2025-02-01,0,"WHO"
"3003","Pitcairn Islands","PCN",2025,3,2025-03-01,1,"WHO"
"3004","Pitcairn Islands","PCN",2025,4,2025-04-01,0,"WHO"
"3005","Pitcairn Islands","PCN",2025,5,2025-05-01,0,"WHO"
"3006","Pitcairn Islands","PCN",2025,6,2025-06-01,0,"WHO"
"3007","Pitcairn Islands","PCN",2025,7,2025-07-01,0,"WHO"
"3008","Pitcairn Islands","PCN",2025,8,2025-08-01,0,"WHO"
"3009","Pitcairn Islands","PCN",2025,9,2025-09-01,0,"WHO"
"3010","Pitcairn Islands","PCN",2025,10,2025-10-01,0,"WHO"
"3011","Pitcairn Islands","PCN",2025,11,2025-11-01,0,"WHO"
"3012","Pitcairn Islands","PCN",2025,12,2025-12-01,NA,NA
"3013","Pitcairn Islands","PCN",2026,1,2026-01-01,NA,NA
"3014","Pitcairn Islands","PCN",2026,2,2026-02-01,NA,NA
"3015","Pitcairn Islands","PCN",2026,3,2026-03-01,NA,NA
"3016","Pitcairn Islands","PCN",2026,4,2026-04-01,NA,NA
"3017","Pitcairn Islands","PCN",2026,5,2026-05-01,NA,NA
"3018","Pitcairn Islands","PCN",2026,6,2026-06-01,NA,NA
"3019","Pitcairn Islands","PCN",2026,7,2026-07-01,NA,NA
"3020","Pitcairn Islands","PCN",2026,8,2026-08-01,NA,NA
"3021","Pitcairn Islands","PCN",2026,9,2026-09-01,NA,NA
"3022","Pitcairn Islands","PCN",2026,10,2026-10-01,NA,NA
"3023","Pitcairn Islands","PCN",2026,11,2026-11-01,NA,NA
"3024","Pitcairn Islands","PCN",2026,12,2026-12-01,NA,NA
"3025","Poland","POL",2025,1,2025-01-01,0,"WHO"
"3026","Poland","POL",2025,2,2025-02-01,0,"WHO"
"3027","Poland","POL",2025,3,2025-03-01,0,"WHO"
"3028","Poland","POL",2025,4,2025-04-01,0,"WHO"
"3029","Poland","POL",2025,5,2025-05-01,0,"WHO"
"3030","Poland","POL",2025,6,2025-06-01,0,"WHO"
"3031","Poland","POL",2025,7,2025-07-01,0,"WHO"
"3032","Poland","POL",2025,8,2025-08-01,0,"WHO"
"3033","Poland","POL",2025,9,2025-09-01,0,"WHO"
"3034","Poland","POL",2025,10,2025-10-01,0,"WHO"
"3035","Poland","POL",2025,11,2025-11-01,NA,NA
"3036","Poland","POL",2025,12,2025-12-01,NA,NA
"3037","Poland","POL",2026,1,2026-01-01,NA,NA
"3038","Poland","POL",2026,2,2026-02-01,NA,NA
"3039","Poland","POL",2026,3,2026-03-01,NA,NA
"3040","Poland","POL",2026,4,2026-04-01,NA,NA
"3041","Poland","POL",2026,5,2026-05-01,NA,NA
"3042","Poland","POL",2026,6,2026-06-01,NA,NA
"3043","Poland","POL",2026,7,2026-07-01,NA,NA
"3044","Poland","POL",2026,8,2026-08-01,NA,NA
"3045","Poland","POL",2026,9,2026-09-01,NA,NA
"3046","Poland","POL",2026,10,2026-10-01,NA,NA
"3047","Poland","POL",2026,11,2026-11-01,NA,NA
"3048","Poland","POL",2026,12,2026-12-01,NA,NA
"3049","Portugal","PRT",2025,1,2025-01-01,0,"WHO"
"3050","Portugal","PRT",2025,2,2025-02-01,0,"WHO"
"3051","Portugal","PRT",2025,3,2025-03-01,0,"WHO"
"3052","Portugal","PRT",2025,4,2025-04-01,0,"WHO"
"3053","Portugal","PRT",2025,5,2025-05-01,0,"WHO"
"3054","Portugal","PRT",2025,6,2025-06-01,0,"WHO"
"3055","Portugal","PRT",2025,7,2025-07-01,0,"WHO"
"3056","Portugal","PRT",2025,8,2025-08-01,0,"WHO"
"3057","Portugal","PRT",2025,9,2025-09-01,0,"WHO"
"3058","Portugal","PRT",2025,10,2025-10-01,0,"WHO"
"3059","Portugal","PRT",2025,11,2025-11-01,NA,NA
"3060","Portugal","PRT",2025,12,2025-12-01,NA,NA
"3061","Portugal","PRT",2026,1,2026-01-01,NA,NA
"3062","Portugal","PRT",2026,2,2026-02-01,NA,NA
"3063","Portugal","PRT",2026,3,2026-03-01,NA,NA
"3064","Portugal","PRT",2026,4,2026-04-01,NA,NA
"3065","Portugal","PRT",2026,5,2026-05-01,NA,NA
"3066","Portugal","PRT",2026,6,2026-06-01,NA,NA
"3067","Portugal","PRT",2026,7,2026-07-01,NA,NA
"3068","Portugal","PRT",2026,8,2026-08-01,NA,NA
"3069","Portugal","PRT",2026,9,2026-09-01,NA,NA
"3070","Portugal","PRT",2026,10,2026-10-01,NA,NA
"3071","Portugal","PRT",2026,11,2026-11-01,NA,NA
"3072","Portugal","PRT",2026,12,2026-12-01,NA,NA
"3073","Puerto Rico","PRI",2025,1,2025-01-01,662,"PAHO"
"3074","Puerto Rico","PRI",2025,2,2025-02-01,389,"PAHO"
"3075","Puerto Rico","PRI",2025,3,2025-03-01,327,"PAHO"
"3076","Puerto Rico","PRI",2025,4,2025-04-01,193,"PAHO"
"3077","Puerto Rico","PRI",2025,5,2025-05-01,191,"PAHO"
"3078","Puerto Rico","PRI",2025,6,2025-06-01,295,"PAHO"
"3079","Puerto Rico","PRI",2025,7,2025-07-01,208,"PAHO"
"3080","Puerto Rico","PRI",2025,8,2025-08-01,193,"PAHO"
"3081","Puerto Rico","PRI",2025,9,2025-09-01,229,"PAHO"
"3082","Puerto Rico","PRI",2025,10,2025-10-01,269,"PAHO"
"3083","Puerto Rico","PRI",2025,11,2025-11-01,242,"PAHO"
"3084","Puerto Rico","PRI",2025,12,2025-12-01,94,"PAHO"
"3085","Puerto Rico","PRI",2026,1,2026-01-01,NA,NA
"3086","Puerto Rico","PRI",2026,2,2026-02-01,NA,NA
"3087","Puerto Rico","PRI",2026,3,2026-03-01,NA,NA
"3088","Puerto Rico","PRI",2026,4,2026-04-01,NA,NA
"3089","Puerto Rico","PRI",2026,5,2026-05-01,NA,NA
"3090","Puerto Rico","PRI",2026,6,2026-06-01,NA,NA
"3091","Puerto Rico","PRI",2026,7,2026-07-01,NA,NA
"3092","Puerto Rico","PRI",2026,8,2026-08-01,NA,NA
"3093","Puerto Rico","PRI",2026,9,2026-09-01,NA,NA
"3094","Puerto Rico","PRI",2026,10,2026-10-01,NA,NA
"3095","Puerto Rico","PRI",2026,11,2026-11-01,NA,NA
"3096","Puerto Rico","PRI",2026,12,2026-12-01,NA,NA
"3097","Réunion","REU",2025,1,2025-01-01,10,"WHO"
"3098","Réunion","REU",2025,2,2025-02-01,0,"WHO"
"3099","Réunion","REU",2025,3,2025-03-01,2,"WHO"
"3100","Réunion","REU",2025,4,2025-04-01,5,"WHO"
"3101","Réunion","REU",2025,5,2025-05-01,0,"WHO"
"3102","Réunion","REU",2025,6,2025-06-01,0,"WHO"
"3103","Réunion","REU",2025,7,2025-07-01,0,"WHO"
"3104","Réunion","REU",2025,8,2025-08-01,0,"WHO"
"3105","Réunion","REU",2025,9,2025-09-01,0,"WHO"
"3106","Réunion","REU",2025,10,2025-10-01,0,"WHO"
"3107","Réunion","REU",2025,11,2025-11-01,0,"WHO"
"3108","Réunion","REU",2025,12,2025-12-01,NA,NA
"3109","Réunion","REU",2026,1,2026-01-01,NA,NA
"3110","Réunion","REU",2026,2,2026-02-01,NA,NA
"3111","Réunion","REU",2026,3,2026-03-01,NA,NA
"3112","Réunion","REU",2026,4,2026-04-01,NA,NA
"3113","Réunion","REU",2026,5,2026-05-01,NA,NA
"3114","Réunion","REU",2026,6,2026-06-01,NA,NA
"3115","Réunion","REU",2026,7,2026-07-01,NA,NA
"3116","Réunion","REU",2026,8,2026-08-01,NA,NA
"3117","Réunion","REU",2026,9,2026-09-01,NA,NA
"3118","Réunion","REU",2026,10,2026-10-01,NA,NA
"3119","Réunion","REU",2026,11,2026-11-01,NA,NA
"3120","Réunion","REU",2026,12,2026-12-01,NA,NA
"3121","Romania","ROU",2025,1,2025-01-01,0,"WHO"
"3122","Romania","ROU",2025,2,2025-02-01,0,"WHO"
"3123","Romania","ROU",2025,3,2025-03-01,0,"WHO"
"3124","Romania","ROU",2025,4,2025-04-01,0,"WHO"
"3125","Romania","ROU",2025,5,2025-05-01,0,"WHO"
"3126","Romania","ROU",2025,6,2025-06-01,0,"WHO"
"3127","Romania","ROU",2025,7,2025-07-01,0,"WHO"
"3128","Romania","ROU",2025,8,2025-08-01,0,"WHO"
"3129","Romania","ROU",2025,9,2025-09-01,0,"WHO"
"3130","Romania","ROU",2025,10,2025-10-01,0,"WHO"
"3131","Romania","ROU",2025,11,2025-11-01,NA,NA
"3132","Romania","ROU",2025,12,2025-12-01,NA,NA
"3133","Romania","ROU",2026,1,2026-01-01,NA,NA
"3134","Romania","ROU",2026,2,2026-02-01,NA,NA
"3135","Romania","ROU",2026,3,2026-03-01,NA,NA
"3136","Romania","ROU",2026,4,2026-04-01,NA,NA
"3137","Romania","ROU",2026,5,2026-05-01,NA,NA
"3138","Romania","ROU",2026,6,2026-06-01,NA,NA
"3139","Romania","ROU",2026,7,2026-07-01,NA,NA
"3140","Romania","ROU",2026,8,2026-08-01,NA,NA
"3141","Romania","ROU",2026,9,2026-09-01,NA,NA
"3142","Romania","ROU",2026,10,2026-10-01,NA,NA
"3143","Romania","ROU",2026,11,2026-11-01,NA,NA
"3144","Romania","ROU",2026,12,2026-12-01,NA,NA
"3145","Russia","RUS",2025,1,2025-01-01,0,"WHO"
"3146","Russia","RUS",2025,2,2025-02-01,0,"WHO"
"3147","Russia","RUS",2025,3,2025-03-01,0,"WHO"
"3148","Russia","RUS",2025,4,2025-04-01,0,"WHO"
"3149","Russia","RUS",2025,5,2025-05-01,0,"WHO"
"3150","Russia","RUS",2025,6,2025-06-01,0,"WHO"
"3151","Russia","RUS",2025,7,2025-07-01,0,"WHO"
"3152","Russia","RUS",2025,8,2025-08-01,0,"WHO"
"3153","Russia","RUS",2025,9,2025-09-01,0,"WHO"
"3154","Russia","RUS",2025,10,2025-10-01,0,"WHO"
"3155","Russia","RUS",2025,11,2025-11-01,NA,NA
"3156","Russia","RUS",2025,12,2025-12-01,NA,NA
"3157","Russia","RUS",2026,1,2026-01-01,NA,NA
"3158","Russia","RUS",2026,2,2026-02-01,NA,NA
"3159","Russia","RUS",2026,3,2026-03-01,NA,NA
"3160","Russia","RUS",2026,4,2026-04-01,NA,NA
"3161","Russia","RUS",2026,5,2026-05-01,NA,NA
"3162","Russia","RUS",2026,6,2026-06-01,NA,NA
"3163","Russia","RUS",2026,7,2026-07-01,NA,NA
"3164","Russia","RUS",2026,8,2026-08-01,NA,NA
"3165","Russia","RUS",2026,9,2026-09-01,NA,NA
"3166","Russia","RUS",2026,10,2026-10-01,NA,NA
"3167","Russia","RUS",2026,11,2026-11-01,NA,NA
"3168","Russia","RUS",2026,12,2026-12-01,NA,NA
"3169","Rwanda","RWA",2025,1,2025-01-01,0,"WHO"
"3170","Rwanda","RWA",2025,2,2025-02-01,0,"WHO"
"3171","Rwanda","RWA",2025,3,2025-03-01,0,"WHO"
"3172","Rwanda","RWA",2025,4,2025-04-01,0,"WHO"
"3173","Rwanda","RWA",2025,5,2025-05-01,0,"WHO"
"3174","Rwanda","RWA",2025,6,2025-06-01,0,"WHO"
"3175","Rwanda","RWA",2025,7,2025-07-01,0,"WHO"
"3176","Rwanda","RWA",2025,8,2025-08-01,0,"WHO"
"3177","Rwanda","RWA",2025,9,2025-09-01,0,"WHO"
"3178","Rwanda","RWA",2025,10,2025-10-01,0,"WHO"
"3179","Rwanda","RWA",2025,11,2025-11-01,0,"WHO"
"3180","Rwanda","RWA",2025,12,2025-12-01,NA,NA
"3181","Rwanda","RWA",2026,1,2026-01-01,NA,NA
"3182","Rwanda","RWA",2026,2,2026-02-01,NA,NA
"3183","Rwanda","RWA",2026,3,2026-03-01,NA,NA
"3184","Rwanda","RWA",2026,4,2026-04-01,NA,NA
"3185","Rwanda","RWA",2026,5,2026-05-01,NA,NA
"3186","Rwanda","RWA",2026,6,2026-06-01,NA,NA
"3187","Rwanda","RWA",2026,7,2026-07-01,NA,NA
"3188","Rwanda","RWA",2026,8,2026-08-01,NA,NA
"3189","Rwanda","RWA",2026,9,2026-09-01,NA,NA
"3190","Rwanda","RWA",2026,10,2026-10-01,NA,NA
"3191","Rwanda","RWA",2026,11,2026-11-01,NA,NA
"3192","Rwanda","RWA",2026,12,2026-12-01,NA,NA
"3193","Saint Martin (French part)","MAF",2025,1,2025-01-01,53,"WHO"
"3194","Saint Martin (French part)","MAF",2025,2,2025-02-01,17,"WHO"
"3195","Saint Martin (French part)","MAF",2025,3,2025-03-01,10,"WHO"
"3196","Saint Martin (French part)","MAF",2025,4,2025-04-01,40,"WHO"
"3197","Saint Martin (French part)","MAF",2025,5,2025-05-01,34,"WHO"
"3198","Saint Martin (French part)","MAF",2025,6,2025-06-01,30,"WHO"
"3199","Saint Martin (French part)","MAF",2025,7,2025-07-01,NA,"WHO"
"3200","Saint Martin (French part)","MAF",2025,8,2025-08-01,NA,"WHO"
"3201","Saint Martin (French part)","MAF",2025,9,2025-09-01,20,"WHO"
"3202","Saint Martin (French part)","MAF",2025,10,2025-10-01,NA,"WHO"
"3203","Saint Martin (French part)","MAF",2025,11,2025-11-01,NA,"WHO"
"3204","Saint Martin (French part)","MAF",2025,12,2025-12-01,NA,NA
"3205","Saint Martin (French part)","MAF",2026,1,2026-01-01,NA,NA
"3206","Saint Martin (French part)","MAF",2026,2,2026-02-01,NA,NA
"3207","Saint Martin (French part)","MAF",2026,3,2026-03-01,NA,NA
"3208","Saint Martin (French part)","MAF",2026,4,2026-04-01,NA,NA
"3209","Saint Martin (French part)","MAF",2026,5,2026-05-01,NA,NA
"3210","Saint Martin (French part)","MAF",2026,6,2026-06-01,NA,NA
"3211","Saint Martin (French part)","MAF",2026,7,2026-07-01,NA,NA
"3212","Saint Martin (French part)","MAF",2026,8,2026-08-01,NA,NA
"3213","Saint Martin (French part)","MAF",2026,9,2026-09-01,NA,NA
"3214","Saint Martin (French part)","MAF",2026,10,2026-10-01,NA,NA
"3215","Saint Martin (French part)","MAF",2026,11,2026-11-01,NA,NA
"3216","Saint Martin (French part)","MAF",2026,12,2026-12-01,NA,NA
"3217","Samoa","WSM",2025,1,2025-01-01,4,"WHO"
"3218","Samoa","WSM",2025,2,2025-02-01,1,"WHO"
"3219","Samoa","WSM",2025,3,2025-03-01,0,"WHO"
"3220","Samoa","WSM",2025,4,2025-04-01,40,"WHO"
"3221","Samoa","WSM",2025,5,2025-05-01,227,"WHO"
"3222","Samoa","WSM",2025,6,2025-06-01,569,"WHO"
"3223","Samoa","WSM",2025,7,2025-07-01,5099,"WHO"
"3224","Samoa","WSM",2025,8,2025-08-01,5925,"WHO"
"3225","Samoa","WSM",2025,9,2025-09-01,2410,"WHO"
"3226","Samoa","WSM",2025,10,2025-10-01,1241,"WHO"
"3227","Samoa","WSM",2025,11,2025-11-01,0,"WHO"
"3228","Samoa","WSM",2025,12,2025-12-01,NA,NA
"3229","Samoa","WSM",2026,1,2026-01-01,NA,NA
"3230","Samoa","WSM",2026,2,2026-02-01,NA,NA
"3231","Samoa","WSM",2026,3,2026-03-01,NA,NA
"3232","Samoa","WSM",2026,4,2026-04-01,NA,NA
"3233","Samoa","WSM",2026,5,2026-05-01,NA,NA
"3234","Samoa","WSM",2026,6,2026-06-01,NA,NA
"3235","Samoa","WSM",2026,7,2026-07-01,NA,NA
"3236","Samoa","WSM",2026,8,2026-08-01,NA,NA
"3237","Samoa","WSM",2026,9,2026-09-01,NA,NA
"3238","Samoa","WSM",2026,10,2026-10-01,NA,NA
"3239","Samoa","WSM",2026,11,2026-11-01,NA,NA
"3240","Samoa","WSM",2026,12,2026-12-01,NA,NA
"3241","San Marino","SMR",2025,1,2025-01-01,0,"WHO"
"3242","San Marino","SMR",2025,2,2025-02-01,0,"WHO"
"3243","San Marino","SMR",2025,3,2025-03-01,0,"WHO"
"3244","San Marino","SMR",2025,4,2025-04-01,0,"WHO"
"3245","San Marino","SMR",2025,5,2025-05-01,0,"WHO"
"3246","San Marino","SMR",2025,6,2025-06-01,0,"WHO"
"3247","San Marino","SMR",2025,7,2025-07-01,0,"WHO"
"3248","San Marino","SMR",2025,8,2025-08-01,0,"WHO"
"3249","San Marino","SMR",2025,9,2025-09-01,0,"WHO"
"3250","San Marino","SMR",2025,10,2025-10-01,0,"WHO"
"3251","San Marino","SMR",2025,11,2025-11-01,NA,NA
"3252","San Marino","SMR",2025,12,2025-12-01,NA,NA
"3253","San Marino","SMR",2026,1,2026-01-01,NA,NA
"3254","San Marino","SMR",2026,2,2026-02-01,NA,NA
"3255","San Marino","SMR",2026,3,2026-03-01,NA,NA
"3256","San Marino","SMR",2026,4,2026-04-01,NA,NA
"3257","San Marino","SMR",2026,5,2026-05-01,NA,NA
"3258","San Marino","SMR",2026,6,2026-06-01,NA,NA
"3259","San Marino","SMR",2026,7,2026-07-01,NA,NA
"3260","San Marino","SMR",2026,8,2026-08-01,NA,NA
"3261","San Marino","SMR",2026,9,2026-09-01,NA,NA
"3262","San Marino","SMR",2026,10,2026-10-01,NA,NA
"3263","San Marino","SMR",2026,11,2026-11-01,NA,NA
"3264","San Marino","SMR",2026,12,2026-12-01,NA,NA
"3265","São Tomé & Príncipe","STP",2025,1,2025-01-01,0,"WHO"
"3266","São Tomé & Príncipe","STP",2025,2,2025-02-01,0,"WHO"
"3267","São Tomé & Príncipe","STP",2025,3,2025-03-01,0,"WHO"
"3268","São Tomé & Príncipe","STP",2025,4,2025-04-01,0,"WHO"
"3269","São Tomé & Príncipe","STP",2025,5,2025-05-01,0,"WHO"
"3270","São Tomé & Príncipe","STP",2025,6,2025-06-01,0,"WHO"
"3271","São Tomé & Príncipe","STP",2025,7,2025-07-01,0,"WHO"
"3272","São Tomé & Príncipe","STP",2025,8,2025-08-01,0,"WHO"
"3273","São Tomé & Príncipe","STP",2025,9,2025-09-01,0,"WHO"
"3274","São Tomé & Príncipe","STP",2025,10,2025-10-01,0,"WHO"
"3275","São Tomé & Príncipe","STP",2025,11,2025-11-01,0,"WHO"
"3276","São Tomé & Príncipe","STP",2025,12,2025-12-01,NA,NA
"3277","São Tomé & Príncipe","STP",2026,1,2026-01-01,NA,NA
"3278","São Tomé & Príncipe","STP",2026,2,2026-02-01,NA,NA
"3279","São Tomé & Príncipe","STP",2026,3,2026-03-01,NA,NA
"3280","São Tomé & Príncipe","STP",2026,4,2026-04-01,NA,NA
"3281","São Tomé & Príncipe","STP",2026,5,2026-05-01,NA,NA
"3282","São Tomé & Príncipe","STP",2026,6,2026-06-01,NA,NA
"3283","São Tomé & Príncipe","STP",2026,7,2026-07-01,NA,NA
"3284","São Tomé & Príncipe","STP",2026,8,2026-08-01,NA,NA
"3285","São Tomé & Príncipe","STP",2026,9,2026-09-01,NA,NA
"3286","São Tomé & Príncipe","STP",2026,10,2026-10-01,NA,NA
"3287","São Tomé & Príncipe","STP",2026,11,2026-11-01,NA,NA
"3288","São Tomé & Príncipe","STP",2026,12,2026-12-01,NA,NA
"3289","Senegal","SEN",2025,1,2025-01-01,92,"WHO"
"3290","Senegal","SEN",2025,2,2025-02-01,140,"WHO"
"3291","Senegal","SEN",2025,3,2025-03-01,89,"WHO"
"3292","Senegal","SEN",2025,4,2025-04-01,130,"WHO"
"3293","Senegal","SEN",2025,5,2025-05-01,201,"WHO"
"3294","Senegal","SEN",2025,6,2025-06-01,225,"WHO"
"3295","Senegal","SEN",2025,7,2025-07-01,304,"WHO"
"3296","Senegal","SEN",2025,8,2025-08-01,356,"WHO"
"3297","Senegal","SEN",2025,9,2025-09-01,878,"WHO"
"3298","Senegal","SEN",2025,10,2025-10-01,3616,"WHO"
"3299","Senegal","SEN",2025,11,2025-11-01,4923,"WHO"
"3300","Senegal","SEN",2025,12,2025-12-01,NA,NA
"3301","Senegal","SEN",2026,1,2026-01-01,NA,NA
"3302","Senegal","SEN",2026,2,2026-02-01,NA,NA
"3303","Senegal","SEN",2026,3,2026-03-01,NA,NA
"3304","Senegal","SEN",2026,4,2026-04-01,NA,NA
"3305","Senegal","SEN",2026,5,2026-05-01,NA,NA
"3306","Senegal","SEN",2026,6,2026-06-01,NA,NA
"3307","Senegal","SEN",2026,7,2026-07-01,NA,NA
"3308","Senegal","SEN",2026,8,2026-08-01,NA,NA
"3309","Senegal","SEN",2026,9,2026-09-01,NA,NA
"3310","Senegal","SEN",2026,10,2026-10-01,NA,NA
"3311","Senegal","SEN",2026,11,2026-11-01,NA,NA
"3312","Senegal","SEN",2026,12,2026-12-01,NA,NA
"3313","Serbia","SRB",2025,1,2025-01-01,0,"WHO"
"3314","Serbia","SRB",2025,2,2025-02-01,0,"WHO"
"3315","Serbia","SRB",2025,3,2025-03-01,0,"WHO"
"3316","Serbia","SRB",2025,4,2025-04-01,0,"WHO"
"3317","Serbia","SRB",2025,5,2025-05-01,0,"WHO"
"3318","Serbia","SRB",2025,6,2025-06-01,0,"WHO"
"3319","Serbia","SRB",2025,7,2025-07-01,0,"WHO"
"3320","Serbia","SRB",2025,8,2025-08-01,0,"WHO"
"3321","Serbia","SRB",2025,9,2025-09-01,0,"WHO"
"3322","Serbia","SRB",2025,10,2025-10-01,0,"WHO"
"3323","Serbia","SRB",2025,11,2025-11-01,NA,NA
"3324","Serbia","SRB",2025,12,2025-12-01,NA,NA
"3325","Serbia","SRB",2026,1,2026-01-01,NA,NA
"3326","Serbia","SRB",2026,2,2026-02-01,NA,NA
"3327","Serbia","SRB",2026,3,2026-03-01,NA,NA
"3328","Serbia","SRB",2026,4,2026-04-01,NA,NA
"3329","Serbia","SRB",2026,5,2026-05-01,NA,NA
"3330","Serbia","SRB",2026,6,2026-06-01,NA,NA
"3331","Serbia","SRB",2026,7,2026-07-01,NA,NA
"3332","Serbia","SRB",2026,8,2026-08-01,NA,NA
"3333","Serbia","SRB",2026,9,2026-09-01,NA,NA
"3334","Serbia","SRB",2026,10,2026-10-01,NA,NA
"3335","Serbia","SRB",2026,11,2026-11-01,NA,NA
"3336","Serbia","SRB",2026,12,2026-12-01,NA,NA
"3337","Seychelles","SYC",2025,1,2025-01-01,1,"WHO"
"3338","Seychelles","SYC",2025,2,2025-02-01,0,"WHO"
"3339","Seychelles","SYC",2025,3,2025-03-01,0,"WHO"
"3340","Seychelles","SYC",2025,4,2025-04-01,10,"WHO"
"3341","Seychelles","SYC",2025,5,2025-05-01,1,"WHO"
"3342","Seychelles","SYC",2025,6,2025-06-01,NA,NA
"3343","Seychelles","SYC",2025,7,2025-07-01,0,"WHO"
"3344","Seychelles","SYC",2025,8,2025-08-01,7,"WHO"
"3345","Seychelles","SYC",2025,9,2025-09-01,5,"WHO"
"3346","Seychelles","SYC",2025,10,2025-10-01,7,"WHO"
"3347","Seychelles","SYC",2025,11,2025-11-01,14,"WHO"
"3348","Seychelles","SYC",2025,12,2025-12-01,NA,NA
"3349","Seychelles","SYC",2026,1,2026-01-01,NA,NA
"3350","Seychelles","SYC",2026,2,2026-02-01,NA,NA
"3351","Seychelles","SYC",2026,3,2026-03-01,NA,NA
"3352","Seychelles","SYC",2026,4,2026-04-01,NA,NA
"3353","Seychelles","SYC",2026,5,2026-05-01,NA,NA
"3354","Seychelles","SYC",2026,6,2026-06-01,NA,NA
"3355","Seychelles","SYC",2026,7,2026-07-01,NA,NA
"3356","Seychelles","SYC",2026,8,2026-08-01,NA,NA
"3357","Seychelles","SYC",2026,9,2026-09-01,NA,NA
"3358","Seychelles","SYC",2026,10,2026-10-01,NA,NA
"3359","Seychelles","SYC",2026,11,2026-11-01,NA,NA
"3360","Seychelles","SYC",2026,12,2026-12-01,NA,NA
"3361","Sierra Leone","SLE",2025,1,2025-01-01,0,"WHO"
"3362","Sierra Leone","SLE",2025,2,2025-02-01,0,"WHO"
"3363","Sierra Leone","SLE",2025,3,2025-03-01,0,"WHO"
"3364","Sierra Leone","SLE",2025,4,2025-04-01,0,"WHO"
"3365","Sierra Leone","SLE",2025,5,2025-05-01,0,"WHO"
"3366","Sierra Leone","SLE",2025,6,2025-06-01,0,"WHO"
"3367","Sierra Leone","SLE",2025,7,2025-07-01,0,"WHO"
"3368","Sierra Leone","SLE",2025,8,2025-08-01,0,"WHO"
"3369","Sierra Leone","SLE",2025,9,2025-09-01,0,"WHO"
"3370","Sierra Leone","SLE",2025,10,2025-10-01,29,"WHO"
"3371","Sierra Leone","SLE",2025,11,2025-11-01,0,"WHO"
"3372","Sierra Leone","SLE",2025,12,2025-12-01,NA,NA
"3373","Sierra Leone","SLE",2026,1,2026-01-01,NA,NA
"3374","Sierra Leone","SLE",2026,2,2026-02-01,NA,NA
"3375","Sierra Leone","SLE",2026,3,2026-03-01,NA,NA
"3376","Sierra Leone","SLE",2026,4,2026-04-01,NA,NA
"3377","Sierra Leone","SLE",2026,5,2026-05-01,NA,NA
"3378","Sierra Leone","SLE",2026,6,2026-06-01,NA,NA
"3379","Sierra Leone","SLE",2026,7,2026-07-01,NA,NA
"3380","Sierra Leone","SLE",2026,8,2026-08-01,NA,NA
"3381","Sierra Leone","SLE",2026,9,2026-09-01,NA,NA
"3382","Sierra Leone","SLE",2026,10,2026-10-01,NA,NA
"3383","Sierra Leone","SLE",2026,11,2026-11-01,NA,NA
"3384","Sierra Leone","SLE",2026,12,2026-12-01,NA,NA
"3385","Singapore","SGP",2025,1,2025-01-01,486,"WHO"
"3386","Singapore","SGP",2025,2,2025-02-01,380,"WHO"
"3387","Singapore","SGP",2025,3,2025-03-01,356,"WHO"
"3388","Singapore","SGP",2025,4,2025-04-01,380,"WHO"
"3389","Singapore","SGP",2025,5,2025-05-01,532,"WHO"
"3390","Singapore","SGP",2025,6,2025-06-01,449,"WHO"
"3391","Singapore","SGP",2025,7,2025-07-01,465,"WHO"
"3392","Singapore","SGP",2025,8,2025-08-01,233,"WHO"
"3393","Singapore","SGP",2025,9,2025-09-01,176,"WHO"
"3394","Singapore","SGP",2025,10,2025-10-01,224,"WHO"
"3395","Singapore","SGP",2025,11,2025-11-01,160,"WHO"
"3396","Singapore","SGP",2025,12,2025-12-01,NA,NA
"3397","Singapore","SGP",2026,1,2026-01-01,NA,NA
"3398","Singapore","SGP",2026,2,2026-02-01,NA,NA
"3399","Singapore","SGP",2026,3,2026-03-01,NA,NA
"3400","Singapore","SGP",2026,4,2026-04-01,NA,NA
"3401","Singapore","SGP",2026,5,2026-05-01,NA,NA
"3402","Singapore","SGP",2026,6,2026-06-01,NA,NA
"3403","Singapore","SGP",2026,7,2026-07-01,NA,NA
"3404","Singapore","SGP",2026,8,2026-08-01,NA,NA
"3405","Singapore","SGP",2026,9,2026-09-01,NA,NA
"3406","Singapore","SGP",2026,10,2026-10-01,NA,NA
"3407","Singapore","SGP",2026,11,2026-11-01,NA,NA
"3408","Singapore","SGP",2026,12,2026-12-01,NA,NA
"3409","Sint Maarten","SXM",2025,1,2025-01-01,0,"WHO"
"3410","Sint Maarten","SXM",2025,2,2025-02-01,0,"WHO"
"3411","Sint Maarten","SXM",2025,3,2025-03-01,0,"WHO"
"3412","Sint Maarten","SXM",2025,4,2025-04-01,0,"WHO"
"3413","Sint Maarten","SXM",2025,5,2025-05-01,6,"PAHO"
"3414","Sint Maarten","SXM",2025,6,2025-06-01,0,"WHO"
"3415","Sint Maarten","SXM",2025,7,2025-07-01,2,"PAHO"
"3416","Sint Maarten","SXM",2025,8,2025-08-01,NA,"WHO"
"3417","Sint Maarten","SXM",2025,9,2025-09-01,NA,"WHO"
"3418","Sint Maarten","SXM",2025,10,2025-10-01,NA,"WHO"
"3419","Sint Maarten","SXM",2025,11,2025-11-01,NA,"WHO"
"3420","Sint Maarten","SXM",2025,12,2025-12-01,NA,NA
"3421","Sint Maarten","SXM",2026,1,2026-01-01,NA,NA
"3422","Sint Maarten","SXM",2026,2,2026-02-01,NA,NA
"3423","Sint Maarten","SXM",2026,3,2026-03-01,NA,NA
"3424","Sint Maarten","SXM",2026,4,2026-04-01,NA,NA
"3425","Sint Maarten","SXM",2026,5,2026-05-01,NA,NA
"3426","Sint Maarten","SXM",2026,6,2026-06-01,NA,NA
"3427","Sint Maarten","SXM",2026,7,2026-07-01,NA,NA
"3428","Sint Maarten","SXM",2026,8,2026-08-01,NA,NA
"3429","Sint Maarten","SXM",2026,9,2026-09-01,NA,NA
"3430","Sint Maarten","SXM",2026,10,2026-10-01,NA,NA
"3431","Sint Maarten","SXM",2026,11,2026-11-01,NA,NA
"3432","Sint Maarten","SXM",2026,12,2026-12-01,NA,NA
"3433","Slovakia","SVK",2025,1,2025-01-01,0,"WHO"
"3434","Slovakia","SVK",2025,2,2025-02-01,0,"WHO"
"3435","Slovakia","SVK",2025,3,2025-03-01,0,"WHO"
"3436","Slovakia","SVK",2025,4,2025-04-01,0,"WHO"
"3437","Slovakia","SVK",2025,5,2025-05-01,0,"WHO"
"3438","Slovakia","SVK",2025,6,2025-06-01,0,"WHO"
"3439","Slovakia","SVK",2025,7,2025-07-01,0,"WHO"
"3440","Slovakia","SVK",2025,8,2025-08-01,0,"WHO"
"3441","Slovakia","SVK",2025,9,2025-09-01,0,"WHO"
"3442","Slovakia","SVK",2025,10,2025-10-01,0,"WHO"
"3443","Slovakia","SVK",2025,11,2025-11-01,NA,NA
"3444","Slovakia","SVK",2025,12,2025-12-01,NA,NA
"3445","Slovakia","SVK",2026,1,2026-01-01,NA,NA
"3446","Slovakia","SVK",2026,2,2026-02-01,NA,NA
"3447","Slovakia","SVK",2026,3,2026-03-01,NA,NA
"3448","Slovakia","SVK",2026,4,2026-04-01,NA,NA
"3449","Slovakia","SVK",2026,5,2026-05-01,NA,NA
"3450","Slovakia","SVK",2026,6,2026-06-01,NA,NA
"3451","Slovakia","SVK",2026,7,2026-07-01,NA,NA
"3452","Slovakia","SVK",2026,8,2026-08-01,NA,NA
"3453","Slovakia","SVK",2026,9,2026-09-01,NA,NA
"3454","Slovakia","SVK",2026,10,2026-10-01,NA,NA
"3455","Slovakia","SVK",2026,11,2026-11-01,NA,NA
"3456","Slovakia","SVK",2026,12,2026-12-01,NA,NA
"3457","Slovenia","SVN",2025,1,2025-01-01,0,"WHO"
"3458","Slovenia","SVN",2025,2,2025-02-01,0,"WHO"
"3459","Slovenia","SVN",2025,3,2025-03-01,0,"WHO"
"3460","Slovenia","SVN",2025,4,2025-04-01,0,"WHO"
"3461","Slovenia","SVN",2025,5,2025-05-01,0,"WHO"
"3462","Slovenia","SVN",2025,6,2025-06-01,0,"WHO"
"3463","Slovenia","SVN",2025,7,2025-07-01,0,"WHO"
"3464","Slovenia","SVN",2025,8,2025-08-01,0,"WHO"
"3465","Slovenia","SVN",2025,9,2025-09-01,0,"WHO"
"3466","Slovenia","SVN",2025,10,2025-10-01,0,"WHO"
"3467","Slovenia","SVN",2025,11,2025-11-01,NA,NA
"3468","Slovenia","SVN",2025,12,2025-12-01,NA,NA
"3469","Slovenia","SVN",2026,1,2026-01-01,NA,NA
"3470","Slovenia","SVN",2026,2,2026-02-01,NA,NA
"3471","Slovenia","SVN",2026,3,2026-03-01,NA,NA
"3472","Slovenia","SVN",2026,4,2026-04-01,NA,NA
"3473","Slovenia","SVN",2026,5,2026-05-01,NA,NA
"3474","Slovenia","SVN",2026,6,2026-06-01,NA,NA
"3475","Slovenia","SVN",2026,7,2026-07-01,NA,NA
"3476","Slovenia","SVN",2026,8,2026-08-01,NA,NA
"3477","Slovenia","SVN",2026,9,2026-09-01,NA,NA
"3478","Slovenia","SVN",2026,10,2026-10-01,NA,NA
"3479","Slovenia","SVN",2026,11,2026-11-01,NA,NA
"3480","Slovenia","SVN",2026,12,2026-12-01,NA,NA
"3481","Solomon Islands","SLB",2025,1,2025-01-01,47,"WHO"
"3482","Solomon Islands","SLB",2025,2,2025-02-01,34,"WHO"
"3483","Solomon Islands","SLB",2025,3,2025-03-01,30,"WHO"
"3484","Solomon Islands","SLB",2025,4,2025-04-01,30,"WHO"
"3485","Solomon Islands","SLB",2025,5,2025-05-01,28,"WHO"
"3486","Solomon Islands","SLB",2025,6,2025-06-01,13,"WHO"
"3487","Solomon Islands","SLB",2025,7,2025-07-01,5,"WHO"
"3488","Solomon Islands","SLB",2025,8,2025-08-01,23,"WHO"
"3489","Solomon Islands","SLB",2025,9,2025-09-01,20,"WHO"
"3490","Solomon Islands","SLB",2025,10,2025-10-01,30,"WHO"
"3491","Solomon Islands","SLB",2025,11,2025-11-01,2,"WHO"
"3492","Solomon Islands","SLB",2025,12,2025-12-01,NA,NA
"3493","Solomon Islands","SLB",2026,1,2026-01-01,NA,NA
"3494","Solomon Islands","SLB",2026,2,2026-02-01,NA,NA
"3495","Solomon Islands","SLB",2026,3,2026-03-01,NA,NA
"3496","Solomon Islands","SLB",2026,4,2026-04-01,NA,NA
"3497","Solomon Islands","SLB",2026,5,2026-05-01,NA,NA
"3498","Solomon Islands","SLB",2026,6,2026-06-01,NA,NA
"3499","Solomon Islands","SLB",2026,7,2026-07-01,NA,NA
"3500","Solomon Islands","SLB",2026,8,2026-08-01,NA,NA
"3501","Solomon Islands","SLB",2026,9,2026-09-01,NA,NA
"3502","Solomon Islands","SLB",2026,10,2026-10-01,NA,NA
"3503","Solomon Islands","SLB",2026,11,2026-11-01,NA,NA
"3504","Solomon Islands","SLB",2026,12,2026-12-01,NA,NA
"3505","Spain","ESP",2025,1,2025-01-01,0,"WHO"
"3506","Spain","ESP",2025,2,2025-02-01,0,"WHO"
"3507","Spain","ESP",2025,3,2025-03-01,0,"WHO"
"3508","Spain","ESP",2025,4,2025-04-01,0,"WHO"
"3509","Spain","ESP",2025,5,2025-05-01,0,"WHO"
"3510","Spain","ESP",2025,6,2025-06-01,0,"WHO"
"3511","Spain","ESP",2025,7,2025-07-01,0,"WHO"
"3512","Spain","ESP",2025,8,2025-08-01,0,"WHO"
"3513","Spain","ESP",2025,9,2025-09-01,0,"WHO"
"3514","Spain","ESP",2025,10,2025-10-01,0,"WHO"
"3515","Spain","ESP",2025,11,2025-11-01,NA,NA
"3516","Spain","ESP",2025,12,2025-12-01,NA,NA
"3517","Spain","ESP",2026,1,2026-01-01,NA,NA
"3518","Spain","ESP",2026,2,2026-02-01,NA,NA
"3519","Spain","ESP",2026,3,2026-03-01,NA,NA
"3520","Spain","ESP",2026,4,2026-04-01,NA,NA
"3521","Spain","ESP",2026,5,2026-05-01,NA,NA
"3522","Spain","ESP",2026,6,2026-06-01,NA,NA
"3523","Spain","ESP",2026,7,2026-07-01,NA,NA
"3524","Spain","ESP",2026,8,2026-08-01,NA,NA
"3525","Spain","ESP",2026,9,2026-09-01,NA,NA
"3526","Spain","ESP",2026,10,2026-10-01,NA,NA
"3527","Spain","ESP",2026,11,2026-11-01,NA,NA
"3528","Spain","ESP",2026,12,2026-12-01,NA,NA
"3529","Sri Lanka","LKA",2025,1,2025-01-01,4942,"SEARO"
"3530","Sri Lanka","LKA",2025,2,2025-02-01,3666,"SEARO"
"3531","Sri Lanka","LKA",2025,3,2025-03-01,3771,"SEARO"
"3532","Sri Lanka","LKA",2025,4,2025-04-01,5171,"SEARO"
"3533","Sri Lanka","LKA",2025,5,2025-05-01,6035,"SEARO"
"3534","Sri Lanka","LKA",2025,6,2025-06-01,5468,"SEARO"
"3535","Sri Lanka","LKA",2025,7,2025-07-01,4838,"SEARO"
"3536","Sri Lanka","LKA",2025,8,2025-08-01,2746,"SEARO"
"3537","Sri Lanka","LKA",2025,9,2025-09-01,2403,"SEARO"
"3538","Sri Lanka","LKA",2025,10,2025-10-01,2717,"SEARO"
"3539","Sri Lanka","LKA",2025,11,2025-11-01,3806,"SEARO"
"3540","Sri Lanka","LKA",2025,12,2025-12-01,5900,"SEARO"
"3541","Sri Lanka","LKA",2026,1,2026-01-01,NA,NA
"3542","Sri Lanka","LKA",2026,2,2026-02-01,NA,NA
"3543","Sri Lanka","LKA",2026,3,2026-03-01,NA,NA
"3544","Sri Lanka","LKA",2026,4,2026-04-01,NA,NA
"3545","Sri Lanka","LKA",2026,5,2026-05-01,NA,NA
"3546","Sri Lanka","LKA",2026,6,2026-06-01,NA,NA
"3547","Sri Lanka","LKA",2026,7,2026-07-01,NA,NA
"3548","Sri Lanka","LKA",2026,8,2026-08-01,NA,NA
"3549","Sri Lanka","LKA",2026,9,2026-09-01,NA,NA
"3550","Sri Lanka","LKA",2026,10,2026-10-01,NA,NA
"3551","Sri Lanka","LKA",2026,11,2026-11-01,NA,NA
"3552","Sri Lanka","LKA",2026,12,2026-12-01,NA,NA
"3553","St. Barthélemy","BLM",2025,1,2025-01-01,17,"PAHO"
"3554","St. Barthélemy","BLM",2025,2,2025-02-01,1,"PAHO"
"3555","St. Barthélemy","BLM",2025,3,2025-03-01,2,"PAHO"
"3556","St. Barthélemy","BLM",2025,4,2025-04-01,0,"WHO"
"3557","St. Barthélemy","BLM",2025,5,2025-05-01,0,"WHO"
"3558","St. Barthélemy","BLM",2025,6,2025-06-01,0,"WHO"
"3559","St. Barthélemy","BLM",2025,7,2025-07-01,NA,"PAHO"
"3560","St. Barthélemy","BLM",2025,8,2025-08-01,NA,"PAHO"
"3561","St. Barthélemy","BLM",2025,9,2025-09-01,0,"WHO"
"3562","St. Barthélemy","BLM",2025,10,2025-10-01,NA,"PAHO"
"3563","St. Barthélemy","BLM",2025,11,2025-11-01,NA,"PAHO"
"3564","St. Barthélemy","BLM",2025,12,2025-12-01,NA,"PAHO"
"3565","St. Barthélemy","BLM",2026,1,2026-01-01,NA,NA
"3566","St. Barthélemy","BLM",2026,2,2026-02-01,NA,NA
"3567","St. Barthélemy","BLM",2026,3,2026-03-01,NA,NA
"3568","St. Barthélemy","BLM",2026,4,2026-04-01,NA,NA
"3569","St. Barthélemy","BLM",2026,5,2026-05-01,NA,NA
"3570","St. Barthélemy","BLM",2026,6,2026-06-01,NA,NA
"3571","St. Barthélemy","BLM",2026,7,2026-07-01,NA,NA
"3572","St. Barthélemy","BLM",2026,8,2026-08-01,NA,NA
"3573","St. Barthélemy","BLM",2026,9,2026-09-01,NA,NA
"3574","St. Barthélemy","BLM",2026,10,2026-10-01,NA,NA
"3575","St. Barthélemy","BLM",2026,11,2026-11-01,NA,NA
"3576","St. Barthélemy","BLM",2026,12,2026-12-01,NA,NA
"3577","St. Kitts & Nevis","KNA",2025,1,2025-01-01,0,"WHO"
"3578","St. Kitts & Nevis","KNA",2025,2,2025-02-01,4,"PAHO"
"3579","St. Kitts & Nevis","KNA",2025,3,2025-03-01,0,"WHO"
"3580","St. Kitts & Nevis","KNA",2025,4,2025-04-01,0,"WHO"
"3581","St. Kitts & Nevis","KNA",2025,5,2025-05-01,0,"WHO"
"3582","St. Kitts & Nevis","KNA",2025,6,2025-06-01,0,"WHO"
"3583","St. Kitts & Nevis","KNA",2025,7,2025-07-01,0,"WHO"
"3584","St. Kitts & Nevis","KNA",2025,8,2025-08-01,0,"WHO"
"3585","St. Kitts & Nevis","KNA",2025,9,2025-09-01,3,"PAHO"
"3586","St. Kitts & Nevis","KNA",2025,10,2025-10-01,2,"PAHO"
"3587","St. Kitts & Nevis","KNA",2025,11,2025-11-01,0,"WHO"
"3588","St. Kitts & Nevis","KNA",2025,12,2025-12-01,2,"PAHO"
"3589","St. Kitts & Nevis","KNA",2026,1,2026-01-01,NA,NA
"3590","St. Kitts & Nevis","KNA",2026,2,2026-02-01,NA,NA
"3591","St. Kitts & Nevis","KNA",2026,3,2026-03-01,NA,NA
"3592","St. Kitts & Nevis","KNA",2026,4,2026-04-01,NA,NA
"3593","St. Kitts & Nevis","KNA",2026,5,2026-05-01,NA,NA
"3594","St. Kitts & Nevis","KNA",2026,6,2026-06-01,NA,NA
"3595","St. Kitts & Nevis","KNA",2026,7,2026-07-01,NA,NA
"3596","St. Kitts & Nevis","KNA",2026,8,2026-08-01,NA,NA
"3597","St. Kitts & Nevis","KNA",2026,9,2026-09-01,NA,NA
"3598","St. Kitts & Nevis","KNA",2026,10,2026-10-01,NA,NA
"3599","St. Kitts & Nevis","KNA",2026,11,2026-11-01,NA,NA
"3600","St. Kitts & Nevis","KNA",2026,12,2026-12-01,NA,NA
"3601","St. Lucia","LCA",2025,1,2025-01-01,8,"PAHO"
"3602","St. Lucia","LCA",2025,2,2025-02-01,10,"PAHO"
"3603","St. Lucia","LCA",2025,3,2025-03-01,6,"PAHO"
"3604","St. Lucia","LCA",2025,4,2025-04-01,6,"PAHO"
"3605","St. Lucia","LCA",2025,5,2025-05-01,1,"PAHO"
"3606","St. Lucia","LCA",2025,6,2025-06-01,8,"PAHO"
"3607","St. Lucia","LCA",2025,7,2025-07-01,3,"PAHO"
"3608","St. Lucia","LCA",2025,8,2025-08-01,1,"PAHO"
"3609","St. Lucia","LCA",2025,9,2025-09-01,2,"PAHO"
"3610","St. Lucia","LCA",2025,10,2025-10-01,3,"PAHO"
"3611","St. Lucia","LCA",2025,11,2025-11-01,1,"PAHO"
"3612","St. Lucia","LCA",2025,12,2025-12-01,NA,"PAHO"
"3613","St. Lucia","LCA",2026,1,2026-01-01,NA,NA
"3614","St. Lucia","LCA",2026,2,2026-02-01,NA,NA
"3615","St. Lucia","LCA",2026,3,2026-03-01,NA,NA
"3616","St. Lucia","LCA",2026,4,2026-04-01,NA,NA
"3617","St. Lucia","LCA",2026,5,2026-05-01,NA,NA
"3618","St. Lucia","LCA",2026,6,2026-06-01,NA,NA
"3619","St. Lucia","LCA",2026,7,2026-07-01,NA,NA
"3620","St. Lucia","LCA",2026,8,2026-08-01,NA,NA
"3621","St. Lucia","LCA",2026,9,2026-09-01,NA,NA
"3622","St. Lucia","LCA",2026,10,2026-10-01,NA,NA
"3623","St. Lucia","LCA",2026,11,2026-11-01,NA,NA
"3624","St. Lucia","LCA",2026,12,2026-12-01,NA,NA
"3625","St. Vincent & Grenadines","VCT",2025,1,2025-01-01,0,"WHO"
"3626","St. Vincent & Grenadines","VCT",2025,2,2025-02-01,2,"PAHO"
"3627","St. Vincent & Grenadines","VCT",2025,3,2025-03-01,0,"WHO"
"3628","St. Vincent & Grenadines","VCT",2025,4,2025-04-01,1,"PAHO"
"3629","St. Vincent & Grenadines","VCT",2025,5,2025-05-01,0,"WHO"
"3630","St. Vincent & Grenadines","VCT",2025,6,2025-06-01,2,"PAHO"
"3631","St. Vincent & Grenadines","VCT",2025,7,2025-07-01,0,"WHO"
"3632","St. Vincent & Grenadines","VCT",2025,8,2025-08-01,0,"WHO"
"3633","St. Vincent & Grenadines","VCT",2025,9,2025-09-01,0,"WHO"
"3634","St. Vincent & Grenadines","VCT",2025,10,2025-10-01,1,"PAHO"
"3635","St. Vincent & Grenadines","VCT",2025,11,2025-11-01,0,"WHO"
"3636","St. Vincent & Grenadines","VCT",2025,12,2025-12-01,3,"PAHO"
"3637","St. Vincent & Grenadines","VCT",2026,1,2026-01-01,NA,NA
"3638","St. Vincent & Grenadines","VCT",2026,2,2026-02-01,NA,NA
"3639","St. Vincent & Grenadines","VCT",2026,3,2026-03-01,NA,NA
"3640","St. Vincent & Grenadines","VCT",2026,4,2026-04-01,NA,NA
"3641","St. Vincent & Grenadines","VCT",2026,5,2026-05-01,NA,NA
"3642","St. Vincent & Grenadines","VCT",2026,6,2026-06-01,NA,NA
"3643","St. Vincent & Grenadines","VCT",2026,7,2026-07-01,NA,NA
"3644","St. Vincent & Grenadines","VCT",2026,8,2026-08-01,NA,NA
"3645","St. Vincent & Grenadines","VCT",2026,9,2026-09-01,NA,NA
"3646","St. Vincent & Grenadines","VCT",2026,10,2026-10-01,NA,NA
"3647","St. Vincent & Grenadines","VCT",2026,11,2026-11-01,NA,NA
"3648","St. Vincent & Grenadines","VCT",2026,12,2026-12-01,NA,NA
"3649","Sudan","SDN",2025,1,2025-01-01,822,"WHO"
"3650","Sudan","SDN",2025,2,2025-02-01,816,"WHO"
"3651","Sudan","SDN",2025,3,2025-03-01,669,"WHO"
"3652","Sudan","SDN",2025,4,2025-04-01,838,"WHO"
"3653","Sudan","SDN",2025,5,2025-05-01,853,"WHO"
"3654","Sudan","SDN",2025,6,2025-06-01,326,"WHO"
"3655","Sudan","SDN",2025,7,2025-07-01,746,"WHO"
"3656","Sudan","SDN",2025,8,2025-08-01,3776,"WHO"
"3657","Sudan","SDN",2025,9,2025-09-01,12280,"WHO"
"3658","Sudan","SDN",2025,10,2025-10-01,13075,"WHO"
"3659","Sudan","SDN",2025,11,2025-11-01,NA,NA
"3660","Sudan","SDN",2025,12,2025-12-01,NA,NA
"3661","Sudan","SDN",2026,1,2026-01-01,NA,NA
"3662","Sudan","SDN",2026,2,2026-02-01,NA,NA
"3663","Sudan","SDN",2026,3,2026-03-01,NA,NA
"3664","Sudan","SDN",2026,4,2026-04-01,NA,NA
"3665","Sudan","SDN",2026,5,2026-05-01,NA,NA
"3666","Sudan","SDN",2026,6,2026-06-01,NA,NA
"3667","Sudan","SDN",2026,7,2026-07-01,NA,NA
"3668","Sudan","SDN",2026,8,2026-08-01,NA,NA
"3669","Sudan","SDN",2026,9,2026-09-01,NA,NA
"3670","Sudan","SDN",2026,10,2026-10-01,NA,NA
"3671","Sudan","SDN",2026,11,2026-11-01,NA,NA
"3672","Sudan","SDN",2026,12,2026-12-01,NA,NA
"3673","Suriname","SUR",2025,1,2025-01-01,75,"PAHO"
"3674","Suriname","SUR",2025,2,2025-02-01,162,"PAHO"
"3675","Suriname","SUR",2025,3,2025-03-01,289,"PAHO"
"3676","Suriname","SUR",2025,4,2025-04-01,98,"PAHO"
"3677","Suriname","SUR",2025,5,2025-05-01,204,"PAHO"
"3678","Suriname","SUR",2025,6,2025-06-01,119,"PAHO"
"3679","Suriname","SUR",2025,7,2025-07-01,115,"PAHO"
"3680","Suriname","SUR",2025,8,2025-08-01,133,"PAHO"
"3681","Suriname","SUR",2025,9,2025-09-01,67,"PAHO"
"3682","Suriname","SUR",2025,10,2025-10-01,40,"PAHO"
"3683","Suriname","SUR",2025,11,2025-11-01,75,"PAHO"
"3684","Suriname","SUR",2025,12,2025-12-01,126,"PAHO"
"3685","Suriname","SUR",2026,1,2026-01-01,NA,NA
"3686","Suriname","SUR",2026,2,2026-02-01,NA,NA
"3687","Suriname","SUR",2026,3,2026-03-01,NA,NA
"3688","Suriname","SUR",2026,4,2026-04-01,NA,NA
"3689","Suriname","SUR",2026,5,2026-05-01,NA,NA
"3690","Suriname","SUR",2026,6,2026-06-01,NA,NA
"3691","Suriname","SUR",2026,7,2026-07-01,NA,NA
"3692","Suriname","SUR",2026,8,2026-08-01,NA,NA
"3693","Suriname","SUR",2026,9,2026-09-01,NA,NA
"3694","Suriname","SUR",2026,10,2026-10-01,NA,NA
"3695","Suriname","SUR",2026,11,2026-11-01,NA,NA
"3696","Suriname","SUR",2026,12,2026-12-01,NA,NA
"3697","Sweden","SWE",2025,1,2025-01-01,0,"WHO"
"3698","Sweden","SWE",2025,2,2025-02-01,0,"WHO"
"3699","Sweden","SWE",2025,3,2025-03-01,0,"WHO"
"3700","Sweden","SWE",2025,4,2025-04-01,0,"WHO"
"3701","Sweden","SWE",2025,5,2025-05-01,0,"WHO"
"3702","Sweden","SWE",2025,6,2025-06-01,0,"WHO"
"3703","Sweden","SWE",2025,7,2025-07-01,0,"WHO"
"3704","Sweden","SWE",2025,8,2025-08-01,0,"WHO"
"3705","Sweden","SWE",2025,9,2025-09-01,0,"WHO"
"3706","Sweden","SWE",2025,10,2025-10-01,0,"WHO"
"3707","Sweden","SWE",2025,11,2025-11-01,NA,NA
"3708","Sweden","SWE",2025,12,2025-12-01,NA,NA
"3709","Sweden","SWE",2026,1,2026-01-01,NA,NA
"3710","Sweden","SWE",2026,2,2026-02-01,NA,NA
"3711","Sweden","SWE",2026,3,2026-03-01,NA,NA
"3712","Sweden","SWE",2026,4,2026-04-01,NA,NA
"3713","Sweden","SWE",2026,5,2026-05-01,NA,NA
"3714","Sweden","SWE",2026,6,2026-06-01,NA,NA
"3715","Sweden","SWE",2026,7,2026-07-01,NA,NA
"3716","Sweden","SWE",2026,8,2026-08-01,NA,NA
"3717","Sweden","SWE",2026,9,2026-09-01,NA,NA
"3718","Sweden","SWE",2026,10,2026-10-01,NA,NA
"3719","Sweden","SWE",2026,11,2026-11-01,NA,NA
"3720","Sweden","SWE",2026,12,2026-12-01,NA,NA
"3721","Switzerland","CHE",2025,1,2025-01-01,0,"WHO"
"3722","Switzerland","CHE",2025,2,2025-02-01,0,"WHO"
"3723","Switzerland","CHE",2025,3,2025-03-01,0,"WHO"
"3724","Switzerland","CHE",2025,4,2025-04-01,0,"WHO"
"3725","Switzerland","CHE",2025,5,2025-05-01,0,"WHO"
"3726","Switzerland","CHE",2025,6,2025-06-01,0,"WHO"
"3727","Switzerland","CHE",2025,7,2025-07-01,0,"WHO"
"3728","Switzerland","CHE",2025,8,2025-08-01,0,"WHO"
"3729","Switzerland","CHE",2025,9,2025-09-01,0,"WHO"
"3730","Switzerland","CHE",2025,10,2025-10-01,0,"WHO"
"3731","Switzerland","CHE",2025,11,2025-11-01,NA,NA
"3732","Switzerland","CHE",2025,12,2025-12-01,NA,NA
"3733","Switzerland","CHE",2026,1,2026-01-01,NA,NA
"3734","Switzerland","CHE",2026,2,2026-02-01,NA,NA
"3735","Switzerland","CHE",2026,3,2026-03-01,NA,NA
"3736","Switzerland","CHE",2026,4,2026-04-01,NA,NA
"3737","Switzerland","CHE",2026,5,2026-05-01,NA,NA
"3738","Switzerland","CHE",2026,6,2026-06-01,NA,NA
"3739","Switzerland","CHE",2026,7,2026-07-01,NA,NA
"3740","Switzerland","CHE",2026,8,2026-08-01,NA,NA
"3741","Switzerland","CHE",2026,9,2026-09-01,NA,NA
"3742","Switzerland","CHE",2026,10,2026-10-01,NA,NA
"3743","Switzerland","CHE",2026,11,2026-11-01,NA,NA
"3744","Switzerland","CHE",2026,12,2026-12-01,NA,NA
"3745","Tajikistan","TJK",2025,1,2025-01-01,0,"WHO"
"3746","Tajikistan","TJK",2025,2,2025-02-01,0,"WHO"
"3747","Tajikistan","TJK",2025,3,2025-03-01,0,"WHO"
"3748","Tajikistan","TJK",2025,4,2025-04-01,0,"WHO"
"3749","Tajikistan","TJK",2025,5,2025-05-01,0,"WHO"
"3750","Tajikistan","TJK",2025,6,2025-06-01,0,"WHO"
"3751","Tajikistan","TJK",2025,7,2025-07-01,0,"WHO"
"3752","Tajikistan","TJK",2025,8,2025-08-01,0,"WHO"
"3753","Tajikistan","TJK",2025,9,2025-09-01,0,"WHO"
"3754","Tajikistan","TJK",2025,10,2025-10-01,0,"WHO"
"3755","Tajikistan","TJK",2025,11,2025-11-01,NA,NA
"3756","Tajikistan","TJK",2025,12,2025-12-01,NA,NA
"3757","Tajikistan","TJK",2026,1,2026-01-01,NA,NA
"3758","Tajikistan","TJK",2026,2,2026-02-01,NA,NA
"3759","Tajikistan","TJK",2026,3,2026-03-01,NA,NA
"3760","Tajikistan","TJK",2026,4,2026-04-01,NA,NA
"3761","Tajikistan","TJK",2026,5,2026-05-01,NA,NA
"3762","Tajikistan","TJK",2026,6,2026-06-01,NA,NA
"3763","Tajikistan","TJK",2026,7,2026-07-01,NA,NA
"3764","Tajikistan","TJK",2026,8,2026-08-01,NA,NA
"3765","Tajikistan","TJK",2026,9,2026-09-01,NA,NA
"3766","Tajikistan","TJK",2026,10,2026-10-01,NA,NA
"3767","Tajikistan","TJK",2026,11,2026-11-01,NA,NA
"3768","Tajikistan","TJK",2026,12,2026-12-01,NA,NA
"3769","Tanzania","TZA",2025,1,2025-01-01,1,"WHO"
"3770","Tanzania","TZA",2025,2,2025-02-01,3,"WHO"
"3771","Tanzania","TZA",2025,3,2025-03-01,0,"WHO"
"3772","Tanzania","TZA",2025,4,2025-04-01,3,"WHO"
"3773","Tanzania","TZA",2025,5,2025-05-01,10,"WHO"
"3774","Tanzania","TZA",2025,6,2025-06-01,62,"WHO"
"3775","Tanzania","TZA",2025,7,2025-07-01,76,"WHO"
"3776","Tanzania","TZA",2025,8,2025-08-01,2,"WHO"
"3777","Tanzania","TZA",2025,9,2025-09-01,2,"WHO"
"3778","Tanzania","TZA",2025,10,2025-10-01,0,"WHO"
"3779","Tanzania","TZA",2025,11,2025-11-01,0,"WHO"
"3780","Tanzania","TZA",2025,12,2025-12-01,NA,NA
"3781","Tanzania","TZA",2026,1,2026-01-01,NA,NA
"3782","Tanzania","TZA",2026,2,2026-02-01,NA,NA
"3783","Tanzania","TZA",2026,3,2026-03-01,NA,NA
"3784","Tanzania","TZA",2026,4,2026-04-01,NA,NA
"3785","Tanzania","TZA",2026,5,2026-05-01,NA,NA
"3786","Tanzania","TZA",2026,6,2026-06-01,NA,NA
"3787","Tanzania","TZA",2026,7,2026-07-01,NA,NA
"3788","Tanzania","TZA",2026,8,2026-08-01,NA,NA
"3789","Tanzania","TZA",2026,9,2026-09-01,NA,NA
"3790","Tanzania","TZA",2026,10,2026-10-01,NA,NA
"3791","Tanzania","TZA",2026,11,2026-11-01,NA,NA
"3792","Tanzania","TZA",2026,12,2026-12-01,NA,NA
"3793","Thailand","THA",2025,1,2025-01-01,4005,"SEARO"
"3794","Thailand","THA",2025,2,2025-02-01,2269,"SEARO"
"3795","Thailand","THA",2025,3,2025-03-01,2447,"SEARO"
"3796","Thailand","THA",2025,4,2025-04-01,2271,"SEARO"
"3797","Thailand","THA",2025,5,2025-05-01,4683,"SEARO"
"3798","Thailand","THA",2025,6,2025-06-01,8697,"SEARO"
"3799","Thailand","THA",2025,7,2025-07-01,10987,"SEARO"
"3800","Thailand","THA",2025,8,2025-08-01,8610,"SEARO"
"3801","Thailand","THA",2025,9,2025-09-01,4012,"SEARO"
"3802","Thailand","THA",2025,10,2025-10-01,3814,"SEARO"
"3803","Thailand","THA",2025,11,2025-11-01,3218,"SEARO"
"3804","Thailand","THA",2025,12,2025-12-01,2427,"SEARO"
"3805","Thailand","THA",2026,1,2026-01-01,NA,NA
"3806","Thailand","THA",2026,2,2026-02-01,NA,NA
"3807","Thailand","THA",2026,3,2026-03-01,NA,NA
"3808","Thailand","THA",2026,4,2026-04-01,NA,NA
"3809","Thailand","THA",2026,5,2026-05-01,NA,NA
"3810","Thailand","THA",2026,6,2026-06-01,NA,NA
"3811","Thailand","THA",2026,7,2026-07-01,NA,NA
"3812","Thailand","THA",2026,8,2026-08-01,NA,NA
"3813","Thailand","THA",2026,9,2026-09-01,NA,NA
"3814","Thailand","THA",2026,10,2026-10-01,NA,NA
"3815","Thailand","THA",2026,11,2026-11-01,NA,NA
"3816","Thailand","THA",2026,12,2026-12-01,NA,NA
"3817","Timor-Leste","TLS",2025,1,2025-01-01,130,"SEARO"
"3818","Timor-Leste","TLS",2025,2,2025-02-01,189,"SEARO"
"3819","Timor-Leste","TLS",2025,3,2025-03-01,192,"SEARO"
"3820","Timor-Leste","TLS",2025,4,2025-04-01,131,"SEARO"
"3821","Timor-Leste","TLS",2025,5,2025-05-01,111,"SEARO"
"3822","Timor-Leste","TLS",2025,6,2025-06-01,74,"SEARO"
"3823","Timor-Leste","TLS",2025,7,2025-07-01,85,"SEARO"
"3824","Timor-Leste","TLS",2025,8,2025-08-01,58,"SEARO"
"3825","Timor-Leste","TLS",2025,9,2025-09-01,51,"SEARO"
"3826","Timor-Leste","TLS",2025,10,2025-10-01,99,"SEARO"
"3827","Timor-Leste","TLS",2025,11,2025-11-01,111,"SEARO"
"3828","Timor-Leste","TLS",2025,12,2025-12-01,279,"SEARO"
"3829","Timor-Leste","TLS",2026,1,2026-01-01,NA,NA
"3830","Timor-Leste","TLS",2026,2,2026-02-01,NA,NA
"3831","Timor-Leste","TLS",2026,3,2026-03-01,NA,NA
"3832","Timor-Leste","TLS",2026,4,2026-04-01,NA,NA
"3833","Timor-Leste","TLS",2026,5,2026-05-01,NA,NA
"3834","Timor-Leste","TLS",2026,6,2026-06-01,NA,NA
"3835","Timor-Leste","TLS",2026,7,2026-07-01,NA,NA
"3836","Timor-Leste","TLS",2026,8,2026-08-01,NA,NA
"3837","Timor-Leste","TLS",2026,9,2026-09-01,NA,NA
"3838","Timor-Leste","TLS",2026,10,2026-10-01,NA,NA
"3839","Timor-Leste","TLS",2026,11,2026-11-01,NA,NA
"3840","Timor-Leste","TLS",2026,12,2026-12-01,NA,NA
"3841","Togo","TGO",2025,1,2025-01-01,0,"WHO"
"3842","Togo","TGO",2025,2,2025-02-01,0,"WHO"
"3843","Togo","TGO",2025,3,2025-03-01,0,"WHO"
"3844","Togo","TGO",2025,4,2025-04-01,0,"WHO"
"3845","Togo","TGO",2025,5,2025-05-01,0,"WHO"
"3846","Togo","TGO",2025,6,2025-06-01,0,"WHO"
"3847","Togo","TGO",2025,7,2025-07-01,0,"WHO"
"3848","Togo","TGO",2025,8,2025-08-01,0,"WHO"
"3849","Togo","TGO",2025,9,2025-09-01,0,"WHO"
"3850","Togo","TGO",2025,10,2025-10-01,0,"WHO"
"3851","Togo","TGO",2025,11,2025-11-01,0,"WHO"
"3852","Togo","TGO",2025,12,2025-12-01,NA,NA
"3853","Togo","TGO",2026,1,2026-01-01,NA,NA
"3854","Togo","TGO",2026,2,2026-02-01,NA,NA
"3855","Togo","TGO",2026,3,2026-03-01,NA,NA
"3856","Togo","TGO",2026,4,2026-04-01,NA,NA
"3857","Togo","TGO",2026,5,2026-05-01,NA,NA
"3858","Togo","TGO",2026,6,2026-06-01,NA,NA
"3859","Togo","TGO",2026,7,2026-07-01,NA,NA
"3860","Togo","TGO",2026,8,2026-08-01,NA,NA
"3861","Togo","TGO",2026,9,2026-09-01,NA,NA
"3862","Togo","TGO",2026,10,2026-10-01,NA,NA
"3863","Togo","TGO",2026,11,2026-11-01,NA,NA
"3864","Togo","TGO",2026,12,2026-12-01,NA,NA
"3865","Tokelau","TKL",2025,1,2025-01-01,0,"WHO"
"3866","Tokelau","TKL",2025,2,2025-02-01,0,"WHO"
"3867","Tokelau","TKL",2025,3,2025-03-01,0,"WHO"
"3868","Tokelau","TKL",2025,4,2025-04-01,0,"WHO"
"3869","Tokelau","TKL",2025,5,2025-05-01,0,"WHO"
"3870","Tokelau","TKL",2025,6,2025-06-01,0,"WHO"
"3871","Tokelau","TKL",2025,7,2025-07-01,0,"WHO"
"3872","Tokelau","TKL",2025,8,2025-08-01,0,"WHO"
"3873","Tokelau","TKL",2025,9,2025-09-01,0,"WHO"
"3874","Tokelau","TKL",2025,10,2025-10-01,0,"WHO"
"3875","Tokelau","TKL",2025,11,2025-11-01,0,"WHO"
"3876","Tokelau","TKL",2025,12,2025-12-01,NA,NA
"3877","Tokelau","TKL",2026,1,2026-01-01,NA,NA
"3878","Tokelau","TKL",2026,2,2026-02-01,NA,NA
"3879","Tokelau","TKL",2026,3,2026-03-01,NA,NA
"3880","Tokelau","TKL",2026,4,2026-04-01,NA,NA
"3881","Tokelau","TKL",2026,5,2026-05-01,NA,NA
"3882","Tokelau","TKL",2026,6,2026-06-01,NA,NA
"3883","Tokelau","TKL",2026,7,2026-07-01,NA,NA
"3884","Tokelau","TKL",2026,8,2026-08-01,NA,NA
"3885","Tokelau","TKL",2026,9,2026-09-01,NA,NA
"3886","Tokelau","TKL",2026,10,2026-10-01,NA,NA
"3887","Tokelau","TKL",2026,11,2026-11-01,NA,NA
"3888","Tokelau","TKL",2026,12,2026-12-01,NA,NA
"3889","Tonga","TON",2025,1,2025-01-01,0,"WHO"
"3890","Tonga","TON",2025,2,2025-02-01,249,"WHO"
"3891","Tonga","TON",2025,3,2025-03-01,603,"WHO"
"3892","Tonga","TON",2025,4,2025-04-01,433,"WHO"
"3893","Tonga","TON",2025,5,2025-05-01,563,"WHO"
"3894","Tonga","TON",2025,6,2025-06-01,207,"WHO"
"3895","Tonga","TON",2025,7,2025-07-01,109,"WHO"
"3896","Tonga","TON",2025,8,2025-08-01,11,"WHO"
"3897","Tonga","TON",2025,9,2025-09-01,1,"WHO"
"3898","Tonga","TON",2025,10,2025-10-01,7,"WHO"
"3899","Tonga","TON",2025,11,2025-11-01,1,"WHO"
"3900","Tonga","TON",2025,12,2025-12-01,NA,NA
"3901","Tonga","TON",2026,1,2026-01-01,NA,NA
"3902","Tonga","TON",2026,2,2026-02-01,NA,NA
"3903","Tonga","TON",2026,3,2026-03-01,NA,NA
"3904","Tonga","TON",2026,4,2026-04-01,NA,NA
"3905","Tonga","TON",2026,5,2026-05-01,NA,NA
"3906","Tonga","TON",2026,6,2026-06-01,NA,NA
"3907","Tonga","TON",2026,7,2026-07-01,NA,NA
"3908","Tonga","TON",2026,8,2026-08-01,NA,NA
"3909","Tonga","TON",2026,9,2026-09-01,NA,NA
"3910","Tonga","TON",2026,10,2026-10-01,NA,NA
"3911","Tonga","TON",2026,11,2026-11-01,NA,NA
"3912","Tonga","TON",2026,12,2026-12-01,NA,NA
"3913","Trinidad & Tobago","TTO",2025,1,2025-01-01,0,"WHO"
"3914","Trinidad & Tobago","TTO",2025,2,2025-02-01,0,"WHO"
"3915","Trinidad & Tobago","TTO",2025,3,2025-03-01,0,"WHO"
"3916","Trinidad & Tobago","TTO",2025,4,2025-04-01,0,"WHO"
"3917","Trinidad & Tobago","TTO",2025,5,2025-05-01,9,"PAHO"
"3918","Trinidad & Tobago","TTO",2025,6,2025-06-01,23,"PAHO"
"3919","Trinidad & Tobago","TTO",2025,7,2025-07-01,8,"PAHO"
"3920","Trinidad & Tobago","TTO",2025,8,2025-08-01,7,"PAHO"
"3921","Trinidad & Tobago","TTO",2025,9,2025-09-01,12,"PAHO"
"3922","Trinidad & Tobago","TTO",2025,10,2025-10-01,14,"PAHO"
"3923","Trinidad & Tobago","TTO",2025,11,2025-11-01,NA,"PAHO"
"3924","Trinidad & Tobago","TTO",2025,12,2025-12-01,7,"PAHO"
"3925","Trinidad & Tobago","TTO",2026,1,2026-01-01,NA,NA
"3926","Trinidad & Tobago","TTO",2026,2,2026-02-01,NA,NA
"3927","Trinidad & Tobago","TTO",2026,3,2026-03-01,NA,NA
"3928","Trinidad & Tobago","TTO",2026,4,2026-04-01,NA,NA
"3929","Trinidad & Tobago","TTO",2026,5,2026-05-01,NA,NA
"3930","Trinidad & Tobago","TTO",2026,6,2026-06-01,NA,NA
"3931","Trinidad & Tobago","TTO",2026,7,2026-07-01,NA,NA
"3932","Trinidad & Tobago","TTO",2026,8,2026-08-01,NA,NA
"3933","Trinidad & Tobago","TTO",2026,9,2026-09-01,NA,NA
"3934","Trinidad & Tobago","TTO",2026,10,2026-10-01,NA,NA
"3935","Trinidad & Tobago","TTO",2026,11,2026-11-01,NA,NA
"3936","Trinidad & Tobago","TTO",2026,12,2026-12-01,NA,NA
"3937","Turkey","TUR",2025,1,2025-01-01,0,"WHO"
"3938","Turkey","TUR",2025,2,2025-02-01,0,"WHO"
"3939","Turkey","TUR",2025,3,2025-03-01,0,"WHO"
"3940","Turkey","TUR",2025,4,2025-04-01,0,"WHO"
"3941","Turkey","TUR",2025,5,2025-05-01,0,"WHO"
"3942","Turkey","TUR",2025,6,2025-06-01,0,"WHO"
"3943","Turkey","TUR",2025,7,2025-07-01,0,"WHO"
"3944","Turkey","TUR",2025,8,2025-08-01,0,"WHO"
"3945","Turkey","TUR",2025,9,2025-09-01,0,"WHO"
"3946","Turkey","TUR",2025,10,2025-10-01,0,"WHO"
"3947","Turkey","TUR",2025,11,2025-11-01,NA,NA
"3948","Turkey","TUR",2025,12,2025-12-01,NA,NA
"3949","Turkey","TUR",2026,1,2026-01-01,NA,NA
"3950","Turkey","TUR",2026,2,2026-02-01,NA,NA
"3951","Turkey","TUR",2026,3,2026-03-01,NA,NA
"3952","Turkey","TUR",2026,4,2026-04-01,NA,NA
"3953","Turkey","TUR",2026,5,2026-05-01,NA,NA
"3954","Turkey","TUR",2026,6,2026-06-01,NA,NA
"3955","Turkey","TUR",2026,7,2026-07-01,NA,NA
"3956","Turkey","TUR",2026,8,2026-08-01,NA,NA
"3957","Turkey","TUR",2026,9,2026-09-01,NA,NA
"3958","Turkey","TUR",2026,10,2026-10-01,NA,NA
"3959","Turkey","TUR",2026,11,2026-11-01,NA,NA
"3960","Turkey","TUR",2026,12,2026-12-01,NA,NA
"3961","Turkmenistan","TKM",2025,1,2025-01-01,0,"WHO"
"3962","Turkmenistan","TKM",2025,2,2025-02-01,0,"WHO"
"3963","Turkmenistan","TKM",2025,3,2025-03-01,0,"WHO"
"3964","Turkmenistan","TKM",2025,4,2025-04-01,0,"WHO"
"3965","Turkmenistan","TKM",2025,5,2025-05-01,0,"WHO"
"3966","Turkmenistan","TKM",2025,6,2025-06-01,0,"WHO"
"3967","Turkmenistan","TKM",2025,7,2025-07-01,0,"WHO"
"3968","Turkmenistan","TKM",2025,8,2025-08-01,0,"WHO"
"3969","Turkmenistan","TKM",2025,9,2025-09-01,0,"WHO"
"3970","Turkmenistan","TKM",2025,10,2025-10-01,0,"WHO"
"3971","Turkmenistan","TKM",2025,11,2025-11-01,NA,NA
"3972","Turkmenistan","TKM",2025,12,2025-12-01,NA,NA
"3973","Turkmenistan","TKM",2026,1,2026-01-01,NA,NA
"3974","Turkmenistan","TKM",2026,2,2026-02-01,NA,NA
"3975","Turkmenistan","TKM",2026,3,2026-03-01,NA,NA
"3976","Turkmenistan","TKM",2026,4,2026-04-01,NA,NA
"3977","Turkmenistan","TKM",2026,5,2026-05-01,NA,NA
"3978","Turkmenistan","TKM",2026,6,2026-06-01,NA,NA
"3979","Turkmenistan","TKM",2026,7,2026-07-01,NA,NA
"3980","Turkmenistan","TKM",2026,8,2026-08-01,NA,NA
"3981","Turkmenistan","TKM",2026,9,2026-09-01,NA,NA
"3982","Turkmenistan","TKM",2026,10,2026-10-01,NA,NA
"3983","Turkmenistan","TKM",2026,11,2026-11-01,NA,NA
"3984","Turkmenistan","TKM",2026,12,2026-12-01,NA,NA
"3985","Turks & Caicos Islands","TCA",2025,1,2025-01-01,0,"WHO"
"3986","Turks & Caicos Islands","TCA",2025,2,2025-02-01,0,"WHO"
"3987","Turks & Caicos Islands","TCA",2025,3,2025-03-01,0,"WHO"
"3988","Turks & Caicos Islands","TCA",2025,4,2025-04-01,0,"WHO"
"3989","Turks & Caicos Islands","TCA",2025,5,2025-05-01,1,"PAHO"
"3990","Turks & Caicos Islands","TCA",2025,6,2025-06-01,0,"WHO"
"3991","Turks & Caicos Islands","TCA",2025,7,2025-07-01,0,"WHO"
"3992","Turks & Caicos Islands","TCA",2025,8,2025-08-01,0,"WHO"
"3993","Turks & Caicos Islands","TCA",2025,9,2025-09-01,0,"WHO"
"3994","Turks & Caicos Islands","TCA",2025,10,2025-10-01,0,"WHO"
"3995","Turks & Caicos Islands","TCA",2025,11,2025-11-01,NA,"PAHO"
"3996","Turks & Caicos Islands","TCA",2025,12,2025-12-01,NA,NA
"3997","Turks & Caicos Islands","TCA",2026,1,2026-01-01,NA,NA
"3998","Turks & Caicos Islands","TCA",2026,2,2026-02-01,NA,NA
"3999","Turks & Caicos Islands","TCA",2026,3,2026-03-01,NA,NA
"4000","Turks & Caicos Islands","TCA",2026,4,2026-04-01,NA,NA
"4001","Turks & Caicos Islands","TCA",2026,5,2026-05-01,NA,NA
"4002","Turks & Caicos Islands","TCA",2026,6,2026-06-01,NA,NA
"4003","Turks & Caicos Islands","TCA",2026,7,2026-07-01,NA,NA
"4004","Turks & Caicos Islands","TCA",2026,8,2026-08-01,NA,NA
"4005","Turks & Caicos Islands","TCA",2026,9,2026-09-01,NA,NA
"4006","Turks & Caicos Islands","TCA",2026,10,2026-10-01,NA,NA
"4007","Turks & Caicos Islands","TCA",2026,11,2026-11-01,NA,NA
"4008","Turks & Caicos Islands","TCA",2026,12,2026-12-01,NA,NA
"4009","Tuvalu","TUV",2025,1,2025-01-01,0,"WHO"
"4010","Tuvalu","TUV",2025,2,2025-02-01,0,"WHO"
"4011","Tuvalu","TUV",2025,3,2025-03-01,0,"WHO"
"4012","Tuvalu","TUV",2025,4,2025-04-01,0,"WHO"
"4013","Tuvalu","TUV",2025,5,2025-05-01,0,"WHO"
"4014","Tuvalu","TUV",2025,6,2025-06-01,0,"WHO"
"4015","Tuvalu","TUV",2025,7,2025-07-01,0,"WHO"
"4016","Tuvalu","TUV",2025,8,2025-08-01,0,"WHO"
"4017","Tuvalu","TUV",2025,9,2025-09-01,26,"WHO"
"4018","Tuvalu","TUV",2025,10,2025-10-01,3,"WHO"
"4019","Tuvalu","TUV",2025,11,2025-11-01,1,"WHO"
"4020","Tuvalu","TUV",2025,12,2025-12-01,NA,NA
"4021","Tuvalu","TUV",2026,1,2026-01-01,NA,NA
"4022","Tuvalu","TUV",2026,2,2026-02-01,NA,NA
"4023","Tuvalu","TUV",2026,3,2026-03-01,NA,NA
"4024","Tuvalu","TUV",2026,4,2026-04-01,NA,NA
"4025","Tuvalu","TUV",2026,5,2026-05-01,NA,NA
"4026","Tuvalu","TUV",2026,6,2026-06-01,NA,NA
"4027","Tuvalu","TUV",2026,7,2026-07-01,NA,NA
"4028","Tuvalu","TUV",2026,8,2026-08-01,NA,NA
"4029","Tuvalu","TUV",2026,9,2026-09-01,NA,NA
"4030","Tuvalu","TUV",2026,10,2026-10-01,NA,NA
"4031","Tuvalu","TUV",2026,11,2026-11-01,NA,NA
"4032","Tuvalu","TUV",2026,12,2026-12-01,NA,NA
"4033","U.S. Virgin Islands","VIR",2025,1,2025-01-01,1,"PAHO"
"4034","U.S. Virgin Islands","VIR",2025,2,2025-02-01,32,"PAHO"
"4035","U.S. Virgin Islands","VIR",2025,3,2025-03-01,8,"PAHO"
"4036","U.S. Virgin Islands","VIR",2025,4,2025-04-01,0,"WHO"
"4037","U.S. Virgin Islands","VIR",2025,5,2025-05-01,4,"PAHO"
"4038","U.S. Virgin Islands","VIR",2025,6,2025-06-01,2,"PAHO"
"4039","U.S. Virgin Islands","VIR",2025,7,2025-07-01,0,"WHO"
"4040","U.S. Virgin Islands","VIR",2025,8,2025-08-01,0,"WHO"
"4041","U.S. Virgin Islands","VIR",2025,9,2025-09-01,0,"WHO"
"4042","U.S. Virgin Islands","VIR",2025,10,2025-10-01,NA,"PAHO"
"4043","U.S. Virgin Islands","VIR",2025,11,2025-11-01,NA,"PAHO"
"4044","U.S. Virgin Islands","VIR",2025,12,2025-12-01,NA,"PAHO"
"4045","U.S. Virgin Islands","VIR",2026,1,2026-01-01,NA,NA
"4046","U.S. Virgin Islands","VIR",2026,2,2026-02-01,NA,NA
"4047","U.S. Virgin Islands","VIR",2026,3,2026-03-01,NA,NA
"4048","U.S. Virgin Islands","VIR",2026,4,2026-04-01,NA,NA
"4049","U.S. Virgin Islands","VIR",2026,5,2026-05-01,NA,NA
"4050","U.S. Virgin Islands","VIR",2026,6,2026-06-01,NA,NA
"4051","U.S. Virgin Islands","VIR",2026,7,2026-07-01,NA,NA
"4052","U.S. Virgin Islands","VIR",2026,8,2026-08-01,NA,NA
"4053","U.S. Virgin Islands","VIR",2026,9,2026-09-01,NA,NA
"4054","U.S. Virgin Islands","VIR",2026,10,2026-10-01,NA,NA
"4055","U.S. Virgin Islands","VIR",2026,11,2026-11-01,NA,NA
"4056","U.S. Virgin Islands","VIR",2026,12,2026-12-01,NA,NA
"4057","Ukraine","UKR",2025,1,2025-01-01,0,"WHO"
"4058","Ukraine","UKR",2025,2,2025-02-01,0,"WHO"
"4059","Ukraine","UKR",2025,3,2025-03-01,0,"WHO"
"4060","Ukraine","UKR",2025,4,2025-04-01,0,"WHO"
"4061","Ukraine","UKR",2025,5,2025-05-01,0,"WHO"
"4062","Ukraine","UKR",2025,6,2025-06-01,0,"WHO"
"4063","Ukraine","UKR",2025,7,2025-07-01,0,"WHO"
"4064","Ukraine","UKR",2025,8,2025-08-01,0,"WHO"
"4065","Ukraine","UKR",2025,9,2025-09-01,0,"WHO"
"4066","Ukraine","UKR",2025,10,2025-10-01,0,"WHO"
"4067","Ukraine","UKR",2025,11,2025-11-01,NA,NA
"4068","Ukraine","UKR",2025,12,2025-12-01,NA,NA
"4069","Ukraine","UKR",2026,1,2026-01-01,NA,NA
"4070","Ukraine","UKR",2026,2,2026-02-01,NA,NA
"4071","Ukraine","UKR",2026,3,2026-03-01,NA,NA
"4072","Ukraine","UKR",2026,4,2026-04-01,NA,NA
"4073","Ukraine","UKR",2026,5,2026-05-01,NA,NA
"4074","Ukraine","UKR",2026,6,2026-06-01,NA,NA
"4075","Ukraine","UKR",2026,7,2026-07-01,NA,NA
"4076","Ukraine","UKR",2026,8,2026-08-01,NA,NA
"4077","Ukraine","UKR",2026,9,2026-09-01,NA,NA
"4078","Ukraine","UKR",2026,10,2026-10-01,NA,NA
"4079","Ukraine","UKR",2026,11,2026-11-01,NA,NA
"4080","Ukraine","UKR",2026,12,2026-12-01,NA,NA
"4081","United Kingdom","GBR",2025,1,2025-01-01,0,"WHO"
"4082","United Kingdom","GBR",2025,2,2025-02-01,0,"WHO"
"4083","United Kingdom","GBR",2025,3,2025-03-01,0,"WHO"
"4084","United Kingdom","GBR",2025,4,2025-04-01,0,"WHO"
"4085","United Kingdom","GBR",2025,5,2025-05-01,0,"WHO"
"4086","United Kingdom","GBR",2025,6,2025-06-01,0,"WHO"
"4087","United Kingdom","GBR",2025,7,2025-07-01,0,"WHO"
"4088","United Kingdom","GBR",2025,8,2025-08-01,0,"WHO"
"4089","United Kingdom","GBR",2025,9,2025-09-01,0,"WHO"
"4090","United Kingdom","GBR",2025,10,2025-10-01,0,"WHO"
"4091","United Kingdom","GBR",2025,11,2025-11-01,NA,NA
"4092","United Kingdom","GBR",2025,12,2025-12-01,NA,NA
"4093","United Kingdom","GBR",2026,1,2026-01-01,NA,NA
"4094","United Kingdom","GBR",2026,2,2026-02-01,NA,NA
"4095","United Kingdom","GBR",2026,3,2026-03-01,NA,NA
"4096","United Kingdom","GBR",2026,4,2026-04-01,NA,NA
"4097","United Kingdom","GBR",2026,5,2026-05-01,NA,NA
"4098","United Kingdom","GBR",2026,6,2026-06-01,NA,NA
"4099","United Kingdom","GBR",2026,7,2026-07-01,NA,NA
"4100","United Kingdom","GBR",2026,8,2026-08-01,NA,NA
"4101","United Kingdom","GBR",2026,9,2026-09-01,NA,NA
"4102","United Kingdom","GBR",2026,10,2026-10-01,NA,NA
"4103","United Kingdom","GBR",2026,11,2026-11-01,NA,NA
"4104","United Kingdom","GBR",2026,12,2026-12-01,NA,NA
"4105","United States","USA",2025,1,2025-01-01,78,"PAHO"
"4106","United States","USA",2025,2,2025-02-01,65,"PAHO"
"4107","United States","USA",2025,3,2025-03-01,71,"PAHO"
"4108","United States","USA",2025,4,2025-04-01,62,"PAHO"
"4109","United States","USA",2025,5,2025-05-01,46,"PAHO"
"4110","United States","USA",2025,6,2025-06-01,79,"PAHO"
"4111","United States","USA",2025,7,2025-07-01,79,"PAHO"
"4112","United States","USA",2025,8,2025-08-01,120,"PAHO"
"4113","United States","USA",2025,9,2025-09-01,213,"PAHO"
"4114","United States","USA",2025,10,2025-10-01,133,"PAHO"
"4115","United States","USA",2025,11,2025-11-01,132,"PAHO"
"4116","United States","USA",2025,12,2025-12-01,66,"PAHO"
"4117","United States","USA",2026,1,2026-01-01,NA,NA
"4118","United States","USA",2026,2,2026-02-01,NA,NA
"4119","United States","USA",2026,3,2026-03-01,NA,NA
"4120","United States","USA",2026,4,2026-04-01,NA,NA
"4121","United States","USA",2026,5,2026-05-01,NA,NA
"4122","United States","USA",2026,6,2026-06-01,NA,NA
"4123","United States","USA",2026,7,2026-07-01,NA,NA
"4124","United States","USA",2026,8,2026-08-01,NA,NA
"4125","United States","USA",2026,9,2026-09-01,NA,NA
"4126","United States","USA",2026,10,2026-10-01,NA,NA
"4127","United States","USA",2026,11,2026-11-01,NA,NA
"4128","United States","USA",2026,12,2026-12-01,NA,NA
"4129","Uruguay","URY",2025,1,2025-01-01,0,"WHO"
"4130","Uruguay","URY",2025,2,2025-02-01,0,"WHO"
"4131","Uruguay","URY",2025,3,2025-03-01,1,"PAHO"
"4132","Uruguay","URY",2025,4,2025-04-01,1,"PAHO"
"4133","Uruguay","URY",2025,5,2025-05-01,4,"PAHO"
"4134","Uruguay","URY",2025,6,2025-06-01,0,"WHO"
"4135","Uruguay","URY",2025,7,2025-07-01,0,"WHO"
"4136","Uruguay","URY",2025,8,2025-08-01,0,"WHO"
"4137","Uruguay","URY",2025,9,2025-09-01,0,"WHO"
"4138","Uruguay","URY",2025,10,2025-10-01,0,"WHO"
"4139","Uruguay","URY",2025,11,2025-11-01,1,"PAHO"
"4140","Uruguay","URY",2025,12,2025-12-01,NA,"PAHO"
"4141","Uruguay","URY",2026,1,2026-01-01,NA,NA
"4142","Uruguay","URY",2026,2,2026-02-01,NA,NA
"4143","Uruguay","URY",2026,3,2026-03-01,NA,NA
"4144","Uruguay","URY",2026,4,2026-04-01,NA,NA
"4145","Uruguay","URY",2026,5,2026-05-01,NA,NA
"4146","Uruguay","URY",2026,6,2026-06-01,NA,NA
"4147","Uruguay","URY",2026,7,2026-07-01,NA,NA
"4148","Uruguay","URY",2026,8,2026-08-01,NA,NA
"4149","Uruguay","URY",2026,9,2026-09-01,NA,NA
"4150","Uruguay","URY",2026,10,2026-10-01,NA,NA
"4151","Uruguay","URY",2026,11,2026-11-01,NA,NA
"4152","Uruguay","URY",2026,12,2026-12-01,NA,NA
"4153","Uzbekistan","UZB",2025,1,2025-01-01,0,"WHO"
"4154","Uzbekistan","UZB",2025,2,2025-02-01,0,"WHO"
"4155","Uzbekistan","UZB",2025,3,2025-03-01,0,"WHO"
"4156","Uzbekistan","UZB",2025,4,2025-04-01,0,"WHO"
"4157","Uzbekistan","UZB",2025,5,2025-05-01,0,"WHO"
"4158","Uzbekistan","UZB",2025,6,2025-06-01,0,"WHO"
"4159","Uzbekistan","UZB",2025,7,2025-07-01,0,"WHO"
"4160","Uzbekistan","UZB",2025,8,2025-08-01,0,"WHO"
"4161","Uzbekistan","UZB",2025,9,2025-09-01,0,"WHO"
"4162","Uzbekistan","UZB",2025,10,2025-10-01,0,"WHO"
"4163","Uzbekistan","UZB",2025,11,2025-11-01,NA,NA
"4164","Uzbekistan","UZB",2025,12,2025-12-01,NA,NA
"4165","Uzbekistan","UZB",2026,1,2026-01-01,NA,NA
"4166","Uzbekistan","UZB",2026,2,2026-02-01,NA,NA
"4167","Uzbekistan","UZB",2026,3,2026-03-01,NA,NA
"4168","Uzbekistan","UZB",2026,4,2026-04-01,NA,NA
"4169","Uzbekistan","UZB",2026,5,2026-05-01,NA,NA
"4170","Uzbekistan","UZB",2026,6,2026-06-01,NA,NA
"4171","Uzbekistan","UZB",2026,7,2026-07-01,NA,NA
"4172","Uzbekistan","UZB",2026,8,2026-08-01,NA,NA
"4173","Uzbekistan","UZB",2026,9,2026-09-01,NA,NA
"4174","Uzbekistan","UZB",2026,10,2026-10-01,NA,NA
"4175","Uzbekistan","UZB",2026,11,2026-11-01,NA,NA
"4176","Uzbekistan","UZB",2026,12,2026-12-01,NA,NA
"4177","Vanuatu","VUT",2025,1,2025-01-01,74,"WHO"
"4178","Vanuatu","VUT",2025,2,2025-02-01,10,"WHO"
"4179","Vanuatu","VUT",2025,3,2025-03-01,0,"WHO"
"4180","Vanuatu","VUT",2025,4,2025-04-01,1,"WHO"
"4181","Vanuatu","VUT",2025,5,2025-05-01,0,"WHO"
"4182","Vanuatu","VUT",2025,6,2025-06-01,0,"WHO"
"4183","Vanuatu","VUT",2025,7,2025-07-01,1,"WHO"
"4184","Vanuatu","VUT",2025,8,2025-08-01,0,"WHO"
"4185","Vanuatu","VUT",2025,9,2025-09-01,0,"WHO"
"4186","Vanuatu","VUT",2025,10,2025-10-01,3,"WHO"
"4187","Vanuatu","VUT",2025,11,2025-11-01,0,"WHO"
"4188","Vanuatu","VUT",2025,12,2025-12-01,NA,NA
"4189","Vanuatu","VUT",2026,1,2026-01-01,NA,NA
"4190","Vanuatu","VUT",2026,2,2026-02-01,NA,NA
"4191","Vanuatu","VUT",2026,3,2026-03-01,NA,NA
"4192","Vanuatu","VUT",2026,4,2026-04-01,NA,NA
"4193","Vanuatu","VUT",2026,5,2026-05-01,NA,NA
"4194","Vanuatu","VUT",2026,6,2026-06-01,NA,NA
"4195","Vanuatu","VUT",2026,7,2026-07-01,NA,NA
"4196","Vanuatu","VUT",2026,8,2026-08-01,NA,NA
"4197","Vanuatu","VUT",2026,9,2026-09-01,NA,NA
"4198","Vanuatu","VUT",2026,10,2026-10-01,NA,NA
"4199","Vanuatu","VUT",2026,11,2026-11-01,NA,NA
"4200","Vanuatu","VUT",2026,12,2026-12-01,NA,NA
"4201","Vatican City","VAT",2025,1,2025-01-01,0,"WHO"
"4202","Vatican City","VAT",2025,2,2025-02-01,0,"WHO"
"4203","Vatican City","VAT",2025,3,2025-03-01,0,"WHO"
"4204","Vatican City","VAT",2025,4,2025-04-01,0,"WHO"
"4205","Vatican City","VAT",2025,5,2025-05-01,0,"WHO"
"4206","Vatican City","VAT",2025,6,2025-06-01,0,"WHO"
"4207","Vatican City","VAT",2025,7,2025-07-01,0,"WHO"
"4208","Vatican City","VAT",2025,8,2025-08-01,0,"WHO"
"4209","Vatican City","VAT",2025,9,2025-09-01,0,"WHO"
"4210","Vatican City","VAT",2025,10,2025-10-01,0,"WHO"
"4211","Vatican City","VAT",2025,11,2025-11-01,NA,NA
"4212","Vatican City","VAT",2025,12,2025-12-01,NA,NA
"4213","Vatican City","VAT",2026,1,2026-01-01,NA,NA
"4214","Vatican City","VAT",2026,2,2026-02-01,NA,NA
"4215","Vatican City","VAT",2026,3,2026-03-01,NA,NA
"4216","Vatican City","VAT",2026,4,2026-04-01,NA,NA
"4217","Vatican City","VAT",2026,5,2026-05-01,NA,NA
"4218","Vatican City","VAT",2026,6,2026-06-01,NA,NA
"4219","Vatican City","VAT",2026,7,2026-07-01,NA,NA
"4220","Vatican City","VAT",2026,8,2026-08-01,NA,NA
"4221","Vatican City","VAT",2026,9,2026-09-01,NA,NA
"4222","Vatican City","VAT",2026,10,2026-10-01,NA,NA
"4223","Vatican City","VAT",2026,11,2026-11-01,NA,NA
"4224","Vatican City","VAT",2026,12,2026-12-01,NA,NA
"4225","Vietnam","VNM",2025,1,2025-01-01,8655,"WHO"
"4226","Vietnam","VNM",2025,2,2025-02-01,4923,"WHO"
"4227","Vietnam","VNM",2025,3,2025-03-01,2903,"WHO"
"4228","Vietnam","VNM",2025,4,2025-04-01,2654,"WHO"
"4229","Vietnam","VNM",2025,5,2025-05-01,4792,"WHO"
"4230","Vietnam","VNM",2025,6,2025-06-01,4860,"WHO"
"4231","Vietnam","VNM",2025,7,2025-07-01,NA,NA
"4232","Vietnam","VNM",2025,8,2025-08-01,NA,NA
"4233","Vietnam","VNM",2025,9,2025-09-01,NA,NA
"4234","Vietnam","VNM",2025,10,2025-10-01,NA,NA
"4235","Vietnam","VNM",2025,11,2025-11-01,NA,NA
"4236","Vietnam","VNM",2025,12,2025-12-01,NA,NA
"4237","Vietnam","VNM",2026,1,2026-01-01,NA,NA
"4238","Vietnam","VNM",2026,2,2026-02-01,NA,NA
"4239","Vietnam","VNM",2026,3,2026-03-01,NA,NA
"4240","Vietnam","VNM",2026,4,2026-04-01,NA,NA
"4241","Vietnam","VNM",2026,5,2026-05-01,NA,NA
"4242","Vietnam","VNM",2026,6,2026-06-01,NA,NA
"4243","Vietnam","VNM",2026,7,2026-07-01,NA,NA
"4244","Vietnam","VNM",2026,8,2026-08-01,NA,NA
"4245","Vietnam","VNM",2026,9,2026-09-01,NA,NA
"4246","Vietnam","VNM",2026,10,2026-10-01,NA,NA
"4247","Vietnam","VNM",2026,11,2026-11-01,NA,NA
"4248","Vietnam","VNM",2026,12,2026-12-01,NA,NA
"4249","Wallis & Futuna","WLF",2025,1,2025-01-01,7,"WHO"
"4250","Wallis & Futuna","WLF",2025,2,2025-02-01,4,"WHO"
"4251","Wallis & Futuna","WLF",2025,3,2025-03-01,2,"WHO"
"4252","Wallis & Futuna","WLF",2025,4,2025-04-01,1,"WHO"
"4253","Wallis & Futuna","WLF",2025,5,2025-05-01,1,"WHO"
"4254","Wallis & Futuna","WLF",2025,6,2025-06-01,1,"WHO"
"4255","Wallis & Futuna","WLF",2025,7,2025-07-01,3,"WHO"
"4256","Wallis & Futuna","WLF",2025,8,2025-08-01,2,"WHO"
"4257","Wallis & Futuna","WLF",2025,9,2025-09-01,2,"WHO"
"4258","Wallis & Futuna","WLF",2025,10,2025-10-01,3,"WHO"
"4259","Wallis & Futuna","WLF",2025,11,2025-11-01,2,"WHO"
"4260","Wallis & Futuna","WLF",2025,12,2025-12-01,NA,NA
"4261","Wallis & Futuna","WLF",2026,1,2026-01-01,NA,NA
"4262","Wallis & Futuna","WLF",2026,2,2026-02-01,NA,NA
"4263","Wallis & Futuna","WLF",2026,3,2026-03-01,NA,NA
"4264","Wallis & Futuna","WLF",2026,4,2026-04-01,NA,NA
"4265","Wallis & Futuna","WLF",2026,5,2026-05-01,NA,NA
"4266","Wallis & Futuna","WLF",2026,6,2026-06-01,NA,NA
"4267","Wallis & Futuna","WLF",2026,7,2026-07-01,NA,NA
"4268","Wallis & Futuna","WLF",2026,8,2026-08-01,NA,NA
"4269","Wallis & Futuna","WLF",2026,9,2026-09-01,NA,NA
"4270","Wallis & Futuna","WLF",2026,10,2026-10-01,NA,NA
"4271","Wallis & Futuna","WLF",2026,11,2026-11-01,NA,NA
"4272","Wallis & Futuna","WLF",2026,12,2026-12-01,NA,NA
"4273",NA,"MDR",2025,1,2025-01-01,2,"WHO"
"4274",NA,NA,2025,1,2025-01-01,53,"PAHO"
"4275",NA,"MDR",2025,2,2025-02-01,0,"WHO"
"4276",NA,NA,2025,2,2025-02-01,17,"PAHO"
"4277",NA,"MDR",2025,3,2025-03-01,0,"WHO"
"4278",NA,NA,2025,3,2025-03-01,18,"PAHO"
"4279",NA,"MDR",2025,4,2025-04-01,0,"WHO"
"4280",NA,NA,2025,4,2025-04-01,32,"PAHO"
"4281",NA,"MDR",2025,5,2025-05-01,NA,NA
"4282",NA,NA,2025,5,2025-05-01,34,"PAHO"
"4283",NA,"MDR",2025,6,2025-06-01,NA,NA
"4284",NA,NA,2025,6,2025-06-01,30,"PAHO"
"4285",NA,"MDR",2025,7,2025-07-01,NA,NA
"4286",NA,NA,2025,7,2025-07-01,NA,"PAHO"
"4287",NA,"MDR",2025,8,2025-08-01,NA,NA
"4288",NA,NA,2025,8,2025-08-01,NA,"PAHO"
"4289",NA,"MDR",2025,9,2025-09-01,NA,NA
"4290",NA,NA,2025,9,2025-09-01,NA,"PAHO"
"4291",NA,"MDR",2025,10,2025-10-01,NA,NA
"4292",NA,NA,2025,10,2025-10-01,NA,"PAHO"
"4293",NA,"MDR",2025,11,2025-11-01,NA,NA
"4294",NA,NA,2025,11,2025-11-01,NA,"PAHO"
"4295",NA,"MDR",2025,12,2025-12-01,NA,NA
"4296",NA,NA,2025,12,2025-12-01,5,"PAHO"
"4297",NA,"MDR",2026,1,2026-01-01,NA,NA
"4298",NA,NA,2026,1,2026-01-01,NA,NA
"4299",NA,"MDR",2026,2,2026-02-01,NA,NA
"4300",NA,NA,2026,2,2026-02-01,NA,NA
"4301",NA,"MDR",2026,3,2026-03-01,NA,NA
"4302",NA,NA,2026,3,2026-03-01,NA,NA
"4303",NA,"MDR",2026,4,2026-04-01,NA,NA
"4304",NA,NA,2026,4,2026-04-01,NA,NA
"4305",NA,"MDR",2026,5,2026-05-01,NA,NA
"4306",NA,NA,2026,5,2026-05-01,NA,NA
"4307",NA,"MDR",2026,6,2026-06-01,NA,NA
"4308",NA,NA,2026,6,2026-06-01,NA,NA
"4309",NA,"MDR",2026,7,2026-07-01,NA,NA
"4310",NA,NA,2026,7,2026-07-01,NA,NA
"4311",NA,"MDR",2026,8,2026-08-01,NA,NA
"4312",NA,NA,2026,8,2026-08-01,NA,NA
"4313",NA,"MDR",2026,9,2026-09-01,NA,NA
"4314",NA,NA,2026,9,2026-09-01,NA,NA
"4315",NA,"MDR",2026,10,2026-10-01,NA,NA
"4316",NA,NA,2026,10,2026-10-01,NA,NA
"4317",NA,"MDR",2026,11,2026-11-01,NA,NA
"4318",NA,NA,2026,11,2026-11-01,NA,NA
"4319",NA,"MDR",2026,12,2026-12-01,NA,NA
"4320",NA,NA,2026,12,2026-12-01,NA,NA
