country,iso3,Year,Month,date,cases,source
Afghanistan,AFG,2024,1,2024-01-01,260,WHO
Afghanistan,AFG,2024,2,2024-02-01,196,WHO
Afghanistan,AFG,2024,3,2024-03-01,157,WHO
Afghanistan,AFG,2024,4,2024-04-01,89,WHO
Afghanistan,AFG,2024,5,2024-05-01,241,WHO
Afghanistan,AFG,2024,6,2024-06-01,145,WHO
Afghanistan,AFG,2024,7,2024-07-01,314,WHO
Afghanistan,AFG,2024,8,2024-08-01,551,WHO
Afghanistan,AFG,2024,9,2024-09-01,450,WHO
Afghanistan,AFG,2024,10,2024-10-01,1197,WHO
Afghanistan,AFG,2024,11,2024-11-01,837,WHO
Afghanistan,AFG,2024,12,2024-12-01,285,WHO
Afghanistan,AFG,2025,1,2025-01-01,71,WHO
Afghanistan,AFG,2025,2,2025-02-01,26,WHO
Afghanistan,AFG,2025,3,2025-03-01,18,WHO
Afghanistan,AFG,2025,4,2025-04-01,NA,NA
Afghanistan,AFG,2025,5,2025-05-01,NA,NA
Afghanistan,AFG,2025,6,2025-06-01,NA,NA
Afghanistan,AFG,2025,7,2025-07-01,NA,NA
Afghanistan,AFG,2025,8,2025-08-01,NA,NA
Afghanistan,AFG,2025,9,2025-09-01,NA,NA
Afghanistan,AFG,2025,10,2025-10-01,NA,NA
Afghanistan,AFG,2025,11,2025-11-01,NA,NA
Afghanistan,AFG,2025,12,2025-12-01,NA,NA
Albania,ALB,2024,1,2024-01-01,0,WHO
Albania,ALB,2024,2,2024-02-01,0,WHO
Albania,ALB,2024,3,2024-03-01,0,WHO
Albania,ALB,2024,4,2024-04-01,0,WHO
Albania,ALB,2024,5,2024-05-01,0,WHO
Albania,ALB,2024,6,2024-06-01,0,WHO
Albania,ALB,2024,7,2024-07-01,0,WHO
Albania,ALB,2024,8,2024-08-01,0,WHO
Albania,ALB,2024,9,2024-09-01,0,WHO
Albania,ALB,2024,10,2024-10-01,0,WHO
Albania,ALB,2024,11,2024-11-01,0,WHO
Albania,ALB,2024,12,2024-12-01,0,WHO
Albania,ALB,2025,1,2025-01-01,0,WHO
Albania,ALB,2025,2,2025-02-01,0,WHO
Albania,ALB,2025,3,2025-03-01,0,WHO
Albania,ALB,2025,4,2025-04-01,0,WHO
Albania,ALB,2025,5,2025-05-01,0,WHO
Albania,ALB,2025,6,2025-06-01,0,WHO
Albania,ALB,2025,7,2025-07-01,0,WHO
Albania,ALB,2025,8,2025-08-01,0,WHO
Albania,ALB,2025,9,2025-09-01,NA,NA
Albania,ALB,2025,10,2025-10-01,NA,NA
Albania,ALB,2025,11,2025-11-01,NA,NA
Albania,ALB,2025,12,2025-12-01,NA,NA
Andorra,AND,2024,1,2024-01-01,0,WHO
Andorra,AND,2024,2,2024-02-01,0,WHO
Andorra,AND,2024,3,2024-03-01,0,WHO
Andorra,AND,2024,4,2024-04-01,0,WHO
Andorra,AND,2024,5,2024-05-01,0,WHO
Andorra,AND,2024,6,2024-06-01,0,WHO
Andorra,AND,2024,7,2024-07-01,0,WHO
Andorra,AND,2024,8,2024-08-01,0,WHO
Andorra,AND,2024,9,2024-09-01,0,WHO
Andorra,AND,2024,10,2024-10-01,0,WHO
Andorra,AND,2024,11,2024-11-01,0,WHO
Andorra,AND,2024,12,2024-12-01,0,WHO
Andorra,AND,2025,1,2025-01-01,0,WHO
Andorra,AND,2025,2,2025-02-01,0,WHO
Andorra,AND,2025,3,2025-03-01,0,WHO
Andorra,AND,2025,4,2025-04-01,0,WHO
Andorra,AND,2025,5,2025-05-01,0,WHO
Andorra,AND,2025,6,2025-06-01,0,WHO
Andorra,AND,2025,7,2025-07-01,0,WHO
Andorra,AND,2025,8,2025-08-01,0,WHO
Andorra,AND,2025,9,2025-09-01,NA,NA
Andorra,AND,2025,10,2025-10-01,NA,NA
Andorra,AND,2025,11,2025-11-01,NA,NA
Andorra,AND,2025,12,2025-12-01,NA,NA
Angola,AGO,2024,1,2024-01-01,0,WHO
Angola,AGO,2024,2,2024-02-01,0,WHO
Angola,AGO,2024,3,2024-03-01,0,WHO
Angola,AGO,2024,4,2024-04-01,0,WHO
Angola,AGO,2024,5,2024-05-01,6,WHO
Angola,AGO,2024,6,2024-06-01,0,WHO
Angola,AGO,2024,7,2024-07-01,12,WHO
Angola,AGO,2024,8,2024-08-01,53,WHO
Angola,AGO,2024,9,2024-09-01,7,WHO
Angola,AGO,2024,10,2024-10-01,3,WHO
Angola,AGO,2024,11,2024-11-01,2,WHO
Angola,AGO,2024,12,2024-12-01,3,WHO
Angola,AGO,2025,1,2025-01-01,NA,NA
Angola,AGO,2025,2,2025-02-01,60,WHO
Angola,AGO,2025,3,2025-03-01,NA,NA
Angola,AGO,2025,4,2025-04-01,NA,NA
Angola,AGO,2025,5,2025-05-01,NA,NA
Angola,AGO,2025,6,2025-06-01,NA,NA
Angola,AGO,2025,7,2025-07-01,34,WHO
Angola,AGO,2025,8,2025-08-01,58,WHO
Angola,AGO,2025,9,2025-09-01,NA,NA
Angola,AGO,2025,10,2025-10-01,NA,NA
Angola,AGO,2025,11,2025-11-01,NA,NA
Angola,AGO,2025,12,2025-12-01,NA,NA
Anguilla,AIA,2024,1,2024-01-01,NA,PAHO
Anguilla,AIA,2024,2,2024-02-01,NA,PAHO
Anguilla,AIA,2024,3,2024-03-01,NA,PAHO
Anguilla,AIA,2024,4,2024-04-01,NA,PAHO
Anguilla,AIA,2024,5,2024-05-01,NA,PAHO
Anguilla,AIA,2024,6,2024-06-01,NA,PAHO
Anguilla,AIA,2024,7,2024-07-01,NA,PAHO
Anguilla,AIA,2024,8,2024-08-01,NA,PAHO
Anguilla,AIA,2024,9,2024-09-01,5,WHO
Anguilla,AIA,2024,10,2024-10-01,0,WHO
Anguilla,AIA,2024,11,2024-11-01,0,WHO
Anguilla,AIA,2024,12,2024-12-01,0,WHO
Anguilla,AIA,2025,1,2025-01-01,0,WHO
Anguilla,AIA,2025,2,2025-02-01,0,WHO
Anguilla,AIA,2025,3,2025-03-01,1,PAHO
Anguilla,AIA,2025,4,2025-04-01,0,WHO
Anguilla,AIA,2025,5,2025-05-01,0,WHO
Anguilla,AIA,2025,6,2025-06-01,0,WHO
Anguilla,AIA,2025,7,2025-07-01,0,WHO
Anguilla,AIA,2025,8,2025-08-01,0,WHO
Anguilla,AIA,2025,9,2025-09-01,2,PAHO
Anguilla,AIA,2025,10,2025-10-01,NA,NA
Anguilla,AIA,2025,11,2025-11-01,NA,NA
Anguilla,AIA,2025,12,2025-12-01,NA,NA
Antigua and Barbuda,ATG,2024,1,2024-01-01,41,PAHO
Antigua and Barbuda,ATG,2024,2,2024-02-01,NA,PAHO
Antigua and Barbuda,ATG,2024,3,2024-03-01,0,WHO
Antigua and Barbuda,ATG,2024,4,2024-04-01,74,PAHO
Antigua and Barbuda,ATG,2024,5,2024-05-01,8,PAHO
Antigua and Barbuda,ATG,2024,6,2024-06-01,NA,PAHO
Antigua and Barbuda,ATG,2024,7,2024-07-01,28,WHO
Antigua and Barbuda,ATG,2024,8,2024-08-01,0,WHO
Antigua and Barbuda,ATG,2024,9,2024-09-01,12,PAHO
Antigua and Barbuda,ATG,2024,10,2024-10-01,NA,PAHO
Antigua and Barbuda,ATG,2024,11,2024-11-01,6,WHO
Antigua and Barbuda,ATG,2024,12,2024-12-01,NA,PAHO
Antigua and Barbuda,ATG,2025,1,2025-01-01,0,WHO
Antigua and Barbuda,ATG,2025,2,2025-02-01,0,WHO
Antigua and Barbuda,ATG,2025,3,2025-03-01,2,PAHO
Antigua and Barbuda,ATG,2025,4,2025-04-01,1,PAHO
Antigua and Barbuda,ATG,2025,5,2025-05-01,1,PAHO
Antigua and Barbuda,ATG,2025,6,2025-06-01,2,PAHO
Antigua and Barbuda,ATG,2025,7,2025-07-01,2,PAHO
Antigua and Barbuda,ATG,2025,8,2025-08-01,2,PAHO
Antigua and Barbuda,ATG,2025,9,2025-09-01,1,PAHO
Antigua and Barbuda,ATG,2025,10,2025-10-01,NA,NA
Antigua and Barbuda,ATG,2025,11,2025-11-01,NA,NA
Antigua and Barbuda,ATG,2025,12,2025-12-01,NA,NA
Argentina,ARG,2024,1,2024-01-01,32998,PAHO
Argentina,ARG,2024,2,2024-02-01,80049,PAHO
Argentina,ARG,2024,3,2024-03-01,229735,PAHO
Argentina,ARG,2024,4,2024-04-01,219578,PAHO
Argentina,ARG,2024,5,2024-05-01,18003,PAHO
Argentina,ARG,2024,6,2024-06-01,876,PAHO
Argentina,ARG,2024,7,2024-07-01,40,PAHO
Argentina,ARG,2024,8,2024-08-01,31,PAHO
Argentina,ARG,2024,9,2024-09-01,31,PAHO
Argentina,ARG,2024,10,2024-10-01,52,PAHO
Argentina,ARG,2024,11,2024-11-01,84,PAHO
Argentina,ARG,2024,12,2024-12-01,83,PAHO
Argentina,ARG,2025,1,2025-01-01,275,PAHO
Argentina,ARG,2025,2,2025-02-01,1340,PAHO
Argentina,ARG,2025,3,2025-03-01,8498,PAHO
Argentina,ARG,2025,4,2025-04-01,5483,PAHO
Argentina,ARG,2025,5,2025-05-01,1986,PAHO
Argentina,ARG,2025,6,2025-06-01,4558,PAHO
Argentina,ARG,2025,7,2025-07-01,17,PAHO
Argentina,ARG,2025,8,2025-08-01,4,PAHO
Argentina,ARG,2025,9,2025-09-01,1,PAHO
Argentina,ARG,2025,10,2025-10-01,NA,NA
Argentina,ARG,2025,11,2025-11-01,NA,NA
Argentina,ARG,2025,12,2025-12-01,NA,NA
Armenia,ARM,2024,1,2024-01-01,0,WHO
Armenia,ARM,2024,2,2024-02-01,0,WHO
Armenia,ARM,2024,3,2024-03-01,0,WHO
Armenia,ARM,2024,4,2024-04-01,0,WHO
Armenia,ARM,2024,5,2024-05-01,0,WHO
Armenia,ARM,2024,6,2024-06-01,0,WHO
Armenia,ARM,2024,7,2024-07-01,0,WHO
Armenia,ARM,2024,8,2024-08-01,0,WHO
Armenia,ARM,2024,9,2024-09-01,0,WHO
Armenia,ARM,2024,10,2024-10-01,0,WHO
Armenia,ARM,2024,11,2024-11-01,0,WHO
Armenia,ARM,2024,12,2024-12-01,0,WHO
Armenia,ARM,2025,1,2025-01-01,0,WHO
Armenia,ARM,2025,2,2025-02-01,0,WHO
Armenia,ARM,2025,3,2025-03-01,0,WHO
Armenia,ARM,2025,4,2025-04-01,0,WHO
Armenia,ARM,2025,5,2025-05-01,0,WHO
Armenia,ARM,2025,6,2025-06-01,0,WHO
Armenia,ARM,2025,7,2025-07-01,0,WHO
Armenia,ARM,2025,8,2025-08-01,0,WHO
Armenia,ARM,2025,9,2025-09-01,NA,NA
Armenia,ARM,2025,10,2025-10-01,NA,NA
Armenia,ARM,2025,11,2025-11-01,NA,NA
Armenia,ARM,2025,12,2025-12-01,NA,NA
Aruba,ABW,2024,1,2024-01-01,3,PAHO
Aruba,ABW,2024,2,2024-02-01,6,PAHO
Aruba,ABW,2024,3,2024-03-01,7,PAHO
Aruba,ABW,2024,4,2024-04-01,NA,PAHO
Aruba,ABW,2024,5,2024-05-01,41,WHO
Aruba,ABW,2024,6,2024-06-01,NA,PAHO
Aruba,ABW,2024,7,2024-07-01,24,WHO
Aruba,ABW,2024,8,2024-08-01,0,WHO
Aruba,ABW,2024,9,2024-09-01,3,PAHO
Aruba,ABW,2024,10,2024-10-01,4,PAHO
Aruba,ABW,2024,11,2024-11-01,NA,PAHO
Aruba,ABW,2024,12,2024-12-01,NA,PAHO
Aruba,ABW,2025,1,2025-01-01,0,WHO
Aruba,ABW,2025,2,2025-02-01,2,PAHO
Aruba,ABW,2025,3,2025-03-01,0,WHO
Aruba,ABW,2025,4,2025-04-01,2,PAHO
Aruba,ABW,2025,5,2025-05-01,2,PAHO
Aruba,ABW,2025,6,2025-06-01,4,PAHO
Aruba,ABW,2025,7,2025-07-01,2,PAHO
Aruba,ABW,2025,8,2025-08-01,2,PAHO
Aruba,ABW,2025,9,2025-09-01,NA,NA
Aruba,ABW,2025,10,2025-10-01,NA,NA
Aruba,ABW,2025,11,2025-11-01,NA,NA
Aruba,ABW,2025,12,2025-12-01,NA,NA
Australia,AUS,2024,1,2024-01-01,132,WHO
Australia,AUS,2024,2,2024-02-01,103,WHO
Australia,AUS,2024,3,2024-03-01,190,WHO
Australia,AUS,2024,4,2024-04-01,349,WHO
Australia,AUS,2024,5,2024-05-01,347,WHO
Australia,AUS,2024,6,2024-06-01,252,WHO
Australia,AUS,2024,7,2024-07-01,213,WHO
Australia,AUS,2024,8,2024-08-01,148,WHO
Australia,AUS,2024,9,2024-09-01,134,WHO
Australia,AUS,2024,10,2024-10-01,172,WHO
Australia,AUS,2024,11,2024-11-01,179,WHO
Australia,AUS,2024,12,2024-12-01,162,WHO
Australia,AUS,2025,1,2025-01-01,283,WHO
Australia,AUS,2025,2,2025-02-01,220,WHO
Australia,AUS,2025,3,2025-03-01,220,WHO
Australia,AUS,2025,4,2025-04-01,194,WHO
Australia,AUS,2025,5,2025-05-01,135,WHO
Australia,AUS,2025,6,2025-06-01,120,WHO
Australia,AUS,2025,7,2025-07-01,151,WHO
Australia,AUS,2025,8,2025-08-01,114,WHO
Australia,AUS,2025,9,2025-09-01,NA,NA
Australia,AUS,2025,10,2025-10-01,NA,NA
Australia,AUS,2025,11,2025-11-01,NA,NA
Australia,AUS,2025,12,2025-12-01,NA,NA
Austria,AUT,2024,1,2024-01-01,0,WHO
Austria,AUT,2024,2,2024-02-01,0,WHO
Austria,AUT,2024,3,2024-03-01,0,WHO
Austria,AUT,2024,4,2024-04-01,0,WHO
Austria,AUT,2024,5,2024-05-01,0,WHO
Austria,AUT,2024,6,2024-06-01,0,WHO
Austria,AUT,2024,7,2024-07-01,0,WHO
Austria,AUT,2024,8,2024-08-01,0,WHO
Austria,AUT,2024,9,2024-09-01,0,WHO
Austria,AUT,2024,10,2024-10-01,0,WHO
Austria,AUT,2024,11,2024-11-01,0,WHO
Austria,AUT,2024,12,2024-12-01,0,WHO
Austria,AUT,2025,1,2025-01-01,0,WHO
Austria,AUT,2025,2,2025-02-01,0,WHO
Austria,AUT,2025,3,2025-03-01,0,WHO
Austria,AUT,2025,4,2025-04-01,0,WHO
Austria,AUT,2025,5,2025-05-01,0,WHO
Austria,AUT,2025,6,2025-06-01,0,WHO
Austria,AUT,2025,7,2025-07-01,0,WHO
Austria,AUT,2025,8,2025-08-01,0,WHO
Austria,AUT,2025,9,2025-09-01,NA,NA
Austria,AUT,2025,10,2025-10-01,NA,NA
Austria,AUT,2025,11,2025-11-01,NA,NA
Austria,AUT,2025,12,2025-12-01,NA,NA
Autonomous Region of Madeira,MDR,2025,1,2025-01-01,2,WHO
Autonomous Region of Madeira,MDR,2025,2,2025-02-01,0,WHO
Autonomous Region of Madeira,MDR,2025,3,2025-03-01,0,WHO
Autonomous Region of Madeira,MDR,2025,4,2025-04-01,0,WHO
Autonomous Region of Madeira,MDR,2025,5,2025-05-01,NA,NA
Autonomous Region of Madeira,MDR,2025,6,2025-06-01,NA,NA
Autonomous Region of Madeira,MDR,2025,7,2025-07-01,NA,NA
Autonomous Region of Madeira,MDR,2025,8,2025-08-01,NA,NA
Autonomous Region of Madeira,MDR,2025,9,2025-09-01,NA,NA
Autonomous Region of Madeira,MDR,2025,10,2025-10-01,NA,NA
Autonomous Region of Madeira,MDR,2025,11,2025-11-01,NA,NA
Autonomous Region of Madeira,MDR,2025,12,2025-12-01,NA,NA
Azerbaijan,AZE,2024,1,2024-01-01,0,WHO
Azerbaijan,AZE,2024,2,2024-02-01,0,WHO
Azerbaijan,AZE,2024,3,2024-03-01,0,WHO
Azerbaijan,AZE,2024,4,2024-04-01,0,WHO
Azerbaijan,AZE,2024,5,2024-05-01,0,WHO
Azerbaijan,AZE,2024,6,2024-06-01,0,WHO
Azerbaijan,AZE,2024,7,2024-07-01,0,WHO
Azerbaijan,AZE,2024,8,2024-08-01,0,WHO
Azerbaijan,AZE,2024,9,2024-09-01,0,WHO
Azerbaijan,AZE,2024,10,2024-10-01,0,WHO
Azerbaijan,AZE,2024,11,2024-11-01,0,WHO
Azerbaijan,AZE,2024,12,2024-12-01,0,WHO
Azerbaijan,AZE,2025,1,2025-01-01,0,WHO
Azerbaijan,AZE,2025,2,2025-02-01,0,WHO
Azerbaijan,AZE,2025,3,2025-03-01,0,WHO
Azerbaijan,AZE,2025,4,2025-04-01,0,WHO
Azerbaijan,AZE,2025,5,2025-05-01,0,WHO
Azerbaijan,AZE,2025,6,2025-06-01,0,WHO
Azerbaijan,AZE,2025,7,2025-07-01,0,WHO
Azerbaijan,AZE,2025,8,2025-08-01,0,WHO
Azerbaijan,AZE,2025,9,2025-09-01,NA,NA
Azerbaijan,AZE,2025,10,2025-10-01,NA,NA
Azerbaijan,AZE,2025,11,2025-11-01,NA,NA
Azerbaijan,AZE,2025,12,2025-12-01,NA,NA
Bahamas,BHS,2024,1,2024-01-01,0,WHO
Bahamas,BHS,2024,2,2024-02-01,0,WHO
Bahamas,BHS,2024,3,2024-03-01,NA,WHO
Bahamas,BHS,2024,4,2024-04-01,NA,WHO
Bahamas,BHS,2024,5,2024-05-01,NA,WHO
Bahamas,BHS,2024,6,2024-06-01,NA,WHO
Bahamas,BHS,2024,7,2024-07-01,NA,WHO
Bahamas,BHS,2024,8,2024-08-01,NA,WHO
Bahamas,BHS,2024,9,2024-09-01,NA,WHO
Bahamas,BHS,2024,10,2024-10-01,NA,WHO
Bahamas,BHS,2024,11,2024-11-01,NA,WHO
Bahamas,BHS,2024,12,2024-12-01,NA,WHO
Bahamas,BHS,2025,1,2025-01-01,NA,WHO
Bahamas,BHS,2025,2,2025-02-01,NA,WHO
Bahamas,BHS,2025,3,2025-03-01,NA,WHO
Bahamas,BHS,2025,4,2025-04-01,NA,WHO
Bahamas,BHS,2025,5,2025-05-01,NA,WHO
Bahamas,BHS,2025,6,2025-06-01,NA,WHO
Bahamas,BHS,2025,7,2025-07-01,NA,WHO
Bahamas,BHS,2025,8,2025-08-01,NA,WHO
Bahamas,BHS,2025,9,2025-09-01,NA,NA
Bahamas,BHS,2025,10,2025-10-01,NA,NA
Bahamas,BHS,2025,11,2025-11-01,NA,NA
Bahamas,BHS,2025,12,2025-12-01,NA,NA
Bangladesh,BGD,2024,1,2024-01-01,1055,SEARO
Bangladesh,BGD,2024,2,2024-02-01,339,SEARO
Bangladesh,BGD,2024,3,2024-03-01,311,SEARO
Bangladesh,BGD,2024,4,2024-04-01,504,SEARO
Bangladesh,BGD,2024,5,2024-05-01,644,SEARO
Bangladesh,BGD,2024,6,2024-06-01,798,SEARO
Bangladesh,BGD,2024,7,2024-07-01,2669,SEARO
Bangladesh,BGD,2024,8,2024-08-01,6521,SEARO
Bangladesh,BGD,2024,9,2024-09-01,18097,SEARO
Bangladesh,BGD,2024,10,2024-10-01,30879,SEARO
Bangladesh,BGD,2024,11,2024-11-01,29652,SEARO
Bangladesh,BGD,2024,12,2024-12-01,9745,SEARO
Bangladesh,BGD,2025,1,2025-01-01,1161,SEARO
Bangladesh,BGD,2025,2,2025-02-01,374,SEARO
Bangladesh,BGD,2025,3,2025-03-01,336,SEARO
Bangladesh,BGD,2025,4,2025-04-01,701,SEARO
Bangladesh,BGD,2025,5,2025-05-01,1773,SEARO
Bangladesh,BGD,2025,6,2025-06-01,5951,SEARO
Bangladesh,BGD,2025,7,2025-07-01,10684,SEARO
Bangladesh,BGD,2025,8,2025-08-01,10496,SEARO
Bangladesh,BGD,2025,9,2025-09-01,15866,SEARO
Bangladesh,BGD,2025,10,2025-10-01,0,SEARO
Bangladesh,BGD,2025,11,2025-11-01,0,SEARO
Bangladesh,BGD,2025,12,2025-12-01,0,SEARO
Barbados,BRB,2024,1,2024-01-01,373,PAHO
Barbados,BRB,2024,2,2024-02-01,386,PAHO
Barbados,BRB,2024,3,2024-03-01,214,PAHO
Barbados,BRB,2024,4,2024-04-01,51,PAHO
Barbados,BRB,2024,5,2024-05-01,15,PAHO
Barbados,BRB,2024,6,2024-06-01,5,PAHO
Barbados,BRB,2024,7,2024-07-01,11,PAHO
Barbados,BRB,2024,8,2024-08-01,19,PAHO
Barbados,BRB,2024,9,2024-09-01,15,PAHO
Barbados,BRB,2024,10,2024-10-01,17,PAHO
Barbados,BRB,2024,11,2024-11-01,11,PAHO
Barbados,BRB,2024,12,2024-12-01,16,PAHO
Barbados,BRB,2025,1,2025-01-01,28,PAHO
Barbados,BRB,2025,2,2025-02-01,16,PAHO
Barbados,BRB,2025,3,2025-03-01,12,PAHO
Barbados,BRB,2025,4,2025-04-01,103,PAHO
Barbados,BRB,2025,5,2025-05-01,76,PAHO
Barbados,BRB,2025,6,2025-06-01,11,PAHO
Barbados,BRB,2025,7,2025-07-01,12,PAHO
Barbados,BRB,2025,8,2025-08-01,11,PAHO
Barbados,BRB,2025,9,2025-09-01,1,PAHO
Barbados,BRB,2025,10,2025-10-01,NA,NA
Barbados,BRB,2025,11,2025-11-01,NA,NA
Barbados,BRB,2025,12,2025-12-01,NA,NA
Belarus,BLR,2024,1,2024-01-01,0,WHO
Belarus,BLR,2024,2,2024-02-01,0,WHO
Belarus,BLR,2024,3,2024-03-01,0,WHO
Belarus,BLR,2024,4,2024-04-01,0,WHO
Belarus,BLR,2024,5,2024-05-01,0,WHO
Belarus,BLR,2024,6,2024-06-01,0,WHO
Belarus,BLR,2024,7,2024-07-01,0,WHO
Belarus,BLR,2024,8,2024-08-01,0,WHO
Belarus,BLR,2024,9,2024-09-01,0,WHO
Belarus,BLR,2024,10,2024-10-01,0,WHO
Belarus,BLR,2024,11,2024-11-01,0,WHO
Belarus,BLR,2024,12,2024-12-01,0,WHO
Belarus,BLR,2025,1,2025-01-01,0,WHO
Belarus,BLR,2025,2,2025-02-01,0,WHO
Belarus,BLR,2025,3,2025-03-01,0,WHO
Belarus,BLR,2025,4,2025-04-01,0,WHO
Belarus,BLR,2025,5,2025-05-01,0,WHO
Belarus,BLR,2025,6,2025-06-01,0,WHO
Belarus,BLR,2025,7,2025-07-01,0,WHO
Belarus,BLR,2025,8,2025-08-01,0,WHO
Belarus,BLR,2025,9,2025-09-01,NA,NA
Belarus,BLR,2025,10,2025-10-01,NA,NA
Belarus,BLR,2025,11,2025-11-01,NA,NA
Belarus,BLR,2025,12,2025-12-01,NA,NA
Belgium,BEL,2024,1,2024-01-01,0,WHO
Belgium,BEL,2024,2,2024-02-01,0,WHO
Belgium,BEL,2024,3,2024-03-01,0,WHO
Belgium,BEL,2024,4,2024-04-01,0,WHO
Belgium,BEL,2024,5,2024-05-01,0,WHO
Belgium,BEL,2024,6,2024-06-01,0,WHO
Belgium,BEL,2024,7,2024-07-01,0,WHO
Belgium,BEL,2024,8,2024-08-01,0,WHO
Belgium,BEL,2024,9,2024-09-01,0,WHO
Belgium,BEL,2024,10,2024-10-01,0,WHO
Belgium,BEL,2024,11,2024-11-01,0,WHO
Belgium,BEL,2024,12,2024-12-01,0,WHO
Belgium,BEL,2025,1,2025-01-01,0,WHO
Belgium,BEL,2025,2,2025-02-01,0,WHO
Belgium,BEL,2025,3,2025-03-01,0,WHO
Belgium,BEL,2025,4,2025-04-01,0,WHO
Belgium,BEL,2025,5,2025-05-01,0,WHO
Belgium,BEL,2025,6,2025-06-01,0,WHO
Belgium,BEL,2025,7,2025-07-01,0,WHO
Belgium,BEL,2025,8,2025-08-01,0,WHO
Belgium,BEL,2025,9,2025-09-01,NA,NA
Belgium,BEL,2025,10,2025-10-01,NA,NA
Belgium,BEL,2025,11,2025-11-01,NA,NA
Belgium,BEL,2025,12,2025-12-01,NA,NA
Belize,BLZ,2024,1,2024-01-01,73,PAHO
Belize,BLZ,2024,2,2024-02-01,72,PAHO
Belize,BLZ,2024,3,2024-03-01,39,PAHO
Belize,BLZ,2024,4,2024-04-01,53,PAHO
Belize,BLZ,2024,5,2024-05-01,66,PAHO
Belize,BLZ,2024,6,2024-06-01,71,PAHO
Belize,BLZ,2024,7,2024-07-01,147,PAHO
Belize,BLZ,2024,8,2024-08-01,315,PAHO
Belize,BLZ,2024,9,2024-09-01,180,PAHO
Belize,BLZ,2024,10,2024-10-01,78,PAHO
Belize,BLZ,2024,11,2024-11-01,54,PAHO
Belize,BLZ,2024,12,2024-12-01,NA,PAHO
Belize,BLZ,2025,1,2025-01-01,54,PAHO
Belize,BLZ,2025,2,2025-02-01,57,PAHO
Belize,BLZ,2025,3,2025-03-01,99,PAHO
Belize,BLZ,2025,4,2025-04-01,56,PAHO
Belize,BLZ,2025,5,2025-05-01,71,PAHO
Belize,BLZ,2025,6,2025-06-01,129,PAHO
Belize,BLZ,2025,7,2025-07-01,294,PAHO
Belize,BLZ,2025,8,2025-08-01,574,PAHO
Belize,BLZ,2025,9,2025-09-01,607,PAHO
Belize,BLZ,2025,10,2025-10-01,NA,NA
Belize,BLZ,2025,11,2025-11-01,NA,NA
Belize,BLZ,2025,12,2025-12-01,NA,NA
Benin,BEN,2024,1,2024-01-01,3,WHO
Benin,BEN,2024,2,2024-02-01,1,WHO
Benin,BEN,2024,3,2024-03-01,0,WHO
Benin,BEN,2024,4,2024-04-01,0,WHO
Benin,BEN,2024,5,2024-05-01,0,WHO
Benin,BEN,2024,6,2024-06-01,9,WHO
Benin,BEN,2024,7,2024-07-01,11,WHO
Benin,BEN,2024,8,2024-08-01,5,WHO
Benin,BEN,2024,9,2024-09-01,2,WHO
Benin,BEN,2024,10,2024-10-01,5,WHO
Benin,BEN,2024,11,2024-11-01,4,WHO
Benin,BEN,2024,12,2024-12-01,1,WHO
Benin,BEN,2025,1,2025-01-01,0,WHO
Benin,BEN,2025,2,2025-02-01,3,WHO
Benin,BEN,2025,3,2025-03-01,1,WHO
Benin,BEN,2025,4,2025-04-01,0,WHO
Benin,BEN,2025,5,2025-05-01,3,WHO
Benin,BEN,2025,6,2025-06-01,13,WHO
Benin,BEN,2025,7,2025-07-01,28,WHO
Benin,BEN,2025,8,2025-08-01,17,WHO
Benin,BEN,2025,9,2025-09-01,NA,NA
Benin,BEN,2025,10,2025-10-01,NA,NA
Benin,BEN,2025,11,2025-11-01,NA,NA
Benin,BEN,2025,12,2025-12-01,NA,NA
Bermuda,BMU,2024,1,2024-01-01,0,WHO
Bermuda,BMU,2024,2,2024-02-01,0,WHO
Bermuda,BMU,2024,3,2024-03-01,0,WHO
Bermuda,BMU,2024,4,2024-04-01,0,WHO
Bermuda,BMU,2024,5,2024-05-01,0,WHO
Bermuda,BMU,2024,6,2024-06-01,0,WHO
Bermuda,BMU,2024,7,2024-07-01,0,WHO
Bermuda,BMU,2024,8,2024-08-01,1,PAHO
Bermuda,BMU,2024,9,2024-09-01,0,WHO
Bermuda,BMU,2024,10,2024-10-01,0,WHO
Bermuda,BMU,2024,11,2024-11-01,NA,PAHO
Bermuda,BMU,2024,12,2024-12-01,2,WHO
Bermuda,BMU,2025,1,2025-01-01,0,WHO
Bermuda,BMU,2025,2,2025-02-01,0,WHO
Bermuda,BMU,2025,3,2025-03-01,0,WHO
Bermuda,BMU,2025,4,2025-04-01,0,WHO
Bermuda,BMU,2025,5,2025-05-01,0,WHO
Bermuda,BMU,2025,6,2025-06-01,0,WHO
Bermuda,BMU,2025,7,2025-07-01,0,WHO
Bermuda,BMU,2025,8,2025-08-01,0,WHO
Bermuda,BMU,2025,9,2025-09-01,1,PAHO
Bermuda,BMU,2025,10,2025-10-01,NA,NA
Bermuda,BMU,2025,11,2025-11-01,NA,NA
Bermuda,BMU,2025,12,2025-12-01,NA,NA
Bhutan,BTN,2024,1,2024-01-01,0,SEARO
Bhutan,BTN,2024,2,2024-02-01,0,SEARO
Bhutan,BTN,2024,3,2024-03-01,0,SEARO
Bhutan,BTN,2024,4,2024-04-01,0,SEARO
Bhutan,BTN,2024,5,2024-05-01,0,SEARO
Bhutan,BTN,2024,6,2024-06-01,0,SEARO
Bhutan,BTN,2024,7,2024-07-01,2,SEARO
Bhutan,BTN,2024,8,2024-08-01,4,SEARO
Bhutan,BTN,2024,9,2024-09-01,1,SEARO
Bhutan,BTN,2024,10,2024-10-01,3,SEARO
Bhutan,BTN,2024,11,2024-11-01,4,SEARO
Bhutan,BTN,2024,12,2024-12-01,3,SEARO
Bhutan,BTN,2025,1,2025-01-01,2,SEARO
Bhutan,BTN,2025,2,2025-02-01,0,SEARO
Bhutan,BTN,2025,3,2025-03-01,1,SEARO
Bhutan,BTN,2025,4,2025-04-01,0,SEARO
Bhutan,BTN,2025,5,2025-05-01,1,SEARO
Bhutan,BTN,2025,6,2025-06-01,0,SEARO
Bhutan,BTN,2025,7,2025-07-01,3,SEARO
Bhutan,BTN,2025,8,2025-08-01,22,SEARO
Bhutan,BTN,2025,9,2025-09-01,5,SEARO
Bhutan,BTN,2025,10,2025-10-01,0,SEARO
Bhutan,BTN,2025,11,2025-11-01,0,SEARO
Bhutan,BTN,2025,12,2025-12-01,0,SEARO
Bolivia,BOL,2024,1,2024-01-01,8761,PAHO
Bolivia,BOL,2024,2,2024-02-01,6619,PAHO
Bolivia,BOL,2024,3,2024-03-01,10093,PAHO
Bolivia,BOL,2024,4,2024-04-01,12689,PAHO
Bolivia,BOL,2024,5,2024-05-01,7066,PAHO
Bolivia,BOL,2024,6,2024-06-01,2403,PAHO
Bolivia,BOL,2024,7,2024-07-01,1147,PAHO
Bolivia,BOL,2024,8,2024-08-01,1038,PAHO
Bolivia,BOL,2024,9,2024-09-01,1639,PAHO
Bolivia,BOL,2024,10,2024-10-01,1681,PAHO
Bolivia,BOL,2024,11,2024-11-01,2356,PAHO
Bolivia,BOL,2024,12,2024-12-01,3385,PAHO
Bolivia,BOL,2025,1,2025-01-01,4204,PAHO
Bolivia,BOL,2025,2,2025-02-01,3443,PAHO
Bolivia,BOL,2025,3,2025-03-01,5848,PAHO
Bolivia,BOL,2025,4,2025-04-01,4563,PAHO
Bolivia,BOL,2025,5,2025-05-01,5763,PAHO
Bolivia,BOL,2025,6,2025-06-01,4068,PAHO
Bolivia,BOL,2025,7,2025-07-01,1226,PAHO
Bolivia,BOL,2025,8,2025-08-01,1092,PAHO
Bolivia,BOL,2025,9,2025-09-01,1901,PAHO
Bolivia,BOL,2025,10,2025-10-01,NA,NA
Bolivia,BOL,2025,11,2025-11-01,NA,NA
Bolivia,BOL,2025,12,2025-12-01,NA,NA
Bolivia (Plurinational State of),BOL,2024,1,2024-01-01,8761,WHO
Bolivia (Plurinational State of),BOL,2024,2,2024-02-01,6619,WHO
Bolivia (Plurinational State of),BOL,2024,3,2024-03-01,10093,WHO
Bolivia (Plurinational State of),BOL,2024,4,2024-04-01,10246,WHO
Bolivia (Plurinational State of),BOL,2024,5,2024-05-01,9509,WHO
Bolivia (Plurinational State of),BOL,2024,6,2024-06-01,2403,WHO
Bolivia (Plurinational State of),BOL,2024,7,2024-07-01,1147,WHO
Bolivia (Plurinational State of),BOL,2024,8,2024-08-01,1038,WHO
Bolivia (Plurinational State of),BOL,2024,9,2024-09-01,1270,WHO
Bolivia (Plurinational State of),BOL,2024,10,2024-10-01,2050,WHO
Bolivia (Plurinational State of),BOL,2024,11,2024-11-01,2356,WHO
Bolivia (Plurinational State of),BOL,2024,12,2024-12-01,3385,WHO
Bolivia (Plurinational State of),BOL,2025,1,2025-01-01,4204,WHO
Bolivia (Plurinational State of),BOL,2025,2,2025-02-01,3443,WHO
Bolivia (Plurinational State of),BOL,2025,3,2025-03-01,4362,WHO
Bolivia (Plurinational State of),BOL,2025,4,2025-04-01,6047,WHO
Bolivia (Plurinational State of),BOL,2025,5,2025-05-01,5762,WHO
Bolivia (Plurinational State of),BOL,2025,6,2025-06-01,3759,WHO
Bolivia (Plurinational State of),BOL,2025,7,2025-07-01,1445,WHO
Bolivia (Plurinational State of),BOL,2025,8,2025-08-01,351,WHO
Bolivia (Plurinational State of),BOL,2025,9,2025-09-01,NA,NA
Bolivia (Plurinational State of),BOL,2025,10,2025-10-01,NA,NA
Bolivia (Plurinational State of),BOL,2025,11,2025-11-01,NA,NA
Bolivia (Plurinational State of),BOL,2025,12,2025-12-01,NA,NA
"Bonaire, Saint Eustatius and Saba",BES,2024,1,2024-01-01,89,PAHO
"Bonaire, Saint Eustatius and Saba",BES,2024,2,2024-02-01,63,PAHO
"Bonaire, Saint Eustatius and Saba",BES,2024,3,2024-03-01,55,PAHO
"Bonaire, Saint Eustatius and Saba",BES,2024,4,2024-04-01,NA,WHO
"Bonaire, Saint Eustatius and Saba",BES,2024,5,2024-05-01,NA,WHO
"Bonaire, Saint Eustatius and Saba",BES,2024,6,2024-06-01,NA,WHO
"Bonaire, Saint Eustatius and Saba",BES,2024,7,2024-07-01,NA,WHO
"Bonaire, Saint Eustatius and Saba",BES,2024,8,2024-08-01,NA,WHO
"Bonaire, Saint Eustatius and Saba",BES,2024,9,2024-09-01,NA,WHO
"Bonaire, Saint Eustatius and Saba",BES,2024,10,2024-10-01,NA,WHO
"Bonaire, Saint Eustatius and Saba",BES,2024,11,2024-11-01,NA,WHO
"Bonaire, Saint Eustatius and Saba",BES,2024,12,2024-12-01,NA,WHO
"Bonaire, Saint Eustatius and Saba",BES,2025,1,2025-01-01,NA,WHO
"Bonaire, Saint Eustatius and Saba",BES,2025,2,2025-02-01,NA,WHO
"Bonaire, Saint Eustatius and Saba",BES,2025,3,2025-03-01,NA,WHO
"Bonaire, Saint Eustatius and Saba",BES,2025,4,2025-04-01,NA,WHO
"Bonaire, Saint Eustatius and Saba",BES,2025,5,2025-05-01,NA,WHO
"Bonaire, Saint Eustatius and Saba",BES,2025,6,2025-06-01,NA,WHO
"Bonaire, Saint Eustatius and Saba",BES,2025,7,2025-07-01,NA,WHO
"Bonaire, Saint Eustatius and Saba",BES,2025,8,2025-08-01,NA,WHO
"Bonaire, Saint Eustatius and Saba",BES,2025,9,2025-09-01,NA,NA
"Bonaire, Saint Eustatius and Saba",BES,2025,10,2025-10-01,NA,NA
"Bonaire, Saint Eustatius and Saba",BES,2025,11,2025-11-01,NA,NA
"Bonaire, Saint Eustatius and Saba",BES,2025,12,2025-12-01,NA,NA
Bosnia and Herzegovina,BIH,2024,1,2024-01-01,0,WHO
Bosnia and Herzegovina,BIH,2024,2,2024-02-01,0,WHO
Bosnia and Herzegovina,BIH,2024,3,2024-03-01,0,WHO
Bosnia and Herzegovina,BIH,2024,4,2024-04-01,0,WHO
Bosnia and Herzegovina,BIH,2024,5,2024-05-01,0,WHO
Bosnia and Herzegovina,BIH,2024,6,2024-06-01,0,WHO
Bosnia and Herzegovina,BIH,2024,7,2024-07-01,0,WHO
Bosnia and Herzegovina,BIH,2024,8,2024-08-01,0,WHO
Bosnia and Herzegovina,BIH,2024,9,2024-09-01,0,WHO
Bosnia and Herzegovina,BIH,2024,10,2024-10-01,0,WHO
Bosnia and Herzegovina,BIH,2024,11,2024-11-01,0,WHO
Bosnia and Herzegovina,BIH,2024,12,2024-12-01,0,WHO
Bosnia and Herzegovina,BIH,2025,1,2025-01-01,0,WHO
Bosnia and Herzegovina,BIH,2025,2,2025-02-01,0,WHO
Bosnia and Herzegovina,BIH,2025,3,2025-03-01,0,WHO
Bosnia and Herzegovina,BIH,2025,4,2025-04-01,0,WHO
Bosnia and Herzegovina,BIH,2025,5,2025-05-01,0,WHO
Bosnia and Herzegovina,BIH,2025,6,2025-06-01,0,WHO
Bosnia and Herzegovina,BIH,2025,7,2025-07-01,0,WHO
Bosnia and Herzegovina,BIH,2025,8,2025-08-01,0,WHO
Bosnia and Herzegovina,BIH,2025,9,2025-09-01,NA,NA
Bosnia and Herzegovina,BIH,2025,10,2025-10-01,NA,NA
Bosnia and Herzegovina,BIH,2025,11,2025-11-01,NA,NA
Bosnia and Herzegovina,BIH,2025,12,2025-12-01,NA,NA
Botswana,BWA,2025,1,2025-01-01,NA,NA
Botswana,BWA,2025,2,2025-02-01,0,WHO
Botswana,BWA,2025,3,2025-03-01,0,WHO
Botswana,BWA,2025,4,2025-04-01,0,WHO
Botswana,BWA,2025,5,2025-05-01,0,WHO
Botswana,BWA,2025,6,2025-06-01,0,WHO
Botswana,BWA,2025,7,2025-07-01,0,WHO
Botswana,BWA,2025,8,2025-08-01,0,WHO
Botswana,BWA,2025,9,2025-09-01,NA,NA
Botswana,BWA,2025,10,2025-10-01,NA,NA
Botswana,BWA,2025,11,2025-11-01,NA,NA
Botswana,BWA,2025,12,2025-12-01,NA,NA
Brazil,BRA,2024,1,2024-01-01,779705,PAHO
Brazil,BRA,2024,2,2024-02-01,1715071,PAHO
Brazil,BRA,2024,3,2024-03-01,2290460,PAHO
Brazil,BRA,2024,4,2024-04-01,2730133,PAHO
Brazil,BRA,2024,5,2024-05-01,1393356,PAHO
Brazil,BRA,2024,6,2024-06-01,509466,PAHO
Brazil,BRA,2024,7,2024-07-01,224915,PAHO
Brazil,BRA,2024,8,2024-08-01,112169,PAHO
Brazil,BRA,2024,9,2024-09-01,132232,PAHO
Brazil,BRA,2024,10,2024-10-01,102308,PAHO
Brazil,BRA,2024,11,2024-11-01,130359,PAHO
Brazil,BRA,2024,12,2024-12-01,145853,PAHO
Brazil,BRA,2025,1,2025-01-01,459815,PAHO
Brazil,BRA,2025,2,2025-02-01,567359,PAHO
Brazil,BRA,2025,3,2025-03-01,865091,PAHO
Brazil,BRA,2025,4,2025-04-01,617274,PAHO
Brazil,BRA,2025,5,2025-05-01,468757,PAHO
Brazil,BRA,2025,6,2025-06-01,219041,PAHO
Brazil,BRA,2025,7,2025-07-01,105677,PAHO
Brazil,BRA,2025,8,2025-08-01,122934,PAHO
Brazil,BRA,2025,9,2025-09-01,349082,PAHO
Brazil,BRA,2025,10,2025-10-01,NA,NA
Brazil,BRA,2025,11,2025-11-01,NA,NA
Brazil,BRA,2025,12,2025-12-01,NA,NA
British Virgin Islands,VGB,2024,1,2024-01-01,NA,WHO
British Virgin Islands,VGB,2024,2,2024-02-01,NA,WHO
British Virgin Islands,VGB,2024,3,2024-03-01,NA,WHO
British Virgin Islands,VGB,2024,4,2024-04-01,5,WHO
British Virgin Islands,VGB,2024,5,2024-05-01,NA,WHO
British Virgin Islands,VGB,2024,6,2024-06-01,4,WHO
British Virgin Islands,VGB,2024,7,2024-07-01,12,WHO
British Virgin Islands,VGB,2024,8,2024-08-01,9,WHO
British Virgin Islands,VGB,2024,9,2024-09-01,0,WHO
British Virgin Islands,VGB,2024,10,2024-10-01,57,WHO
British Virgin Islands,VGB,2024,11,2024-11-01,52,WHO
British Virgin Islands,VGB,2024,12,2024-12-01,NA,WHO
British Virgin Islands,VGB,2025,1,2025-01-01,11,WHO
British Virgin Islands,VGB,2025,2,2025-02-01,4,WHO
British Virgin Islands,VGB,2025,3,2025-03-01,5,WHO
British Virgin Islands,VGB,2025,4,2025-04-01,5,WHO
British Virgin Islands,VGB,2025,5,2025-05-01,1,WHO
British Virgin Islands,VGB,2025,6,2025-06-01,1,WHO
British Virgin Islands,VGB,2025,7,2025-07-01,1,WHO
British Virgin Islands,VGB,2025,8,2025-08-01,0,WHO
British Virgin Islands,VGB,2025,9,2025-09-01,NA,NA
British Virgin Islands,VGB,2025,10,2025-10-01,NA,NA
British Virgin Islands,VGB,2025,11,2025-11-01,NA,NA
British Virgin Islands,VGB,2025,12,2025-12-01,NA,NA
Bulgaria,BGR,2024,1,2024-01-01,0,WHO
Bulgaria,BGR,2024,2,2024-02-01,0,WHO
Bulgaria,BGR,2024,3,2024-03-01,0,WHO
Bulgaria,BGR,2024,4,2024-04-01,0,WHO
Bulgaria,BGR,2024,5,2024-05-01,0,WHO
Bulgaria,BGR,2024,6,2024-06-01,0,WHO
Bulgaria,BGR,2024,7,2024-07-01,0,WHO
Bulgaria,BGR,2024,8,2024-08-01,0,WHO
Bulgaria,BGR,2024,9,2024-09-01,0,WHO
Bulgaria,BGR,2024,10,2024-10-01,0,WHO
Bulgaria,BGR,2024,11,2024-11-01,0,WHO
Bulgaria,BGR,2024,12,2024-12-01,0,WHO
Bulgaria,BGR,2025,1,2025-01-01,0,WHO
Bulgaria,BGR,2025,2,2025-02-01,0,WHO
Bulgaria,BGR,2025,3,2025-03-01,0,WHO
Bulgaria,BGR,2025,4,2025-04-01,0,WHO
Bulgaria,BGR,2025,5,2025-05-01,0,WHO
Bulgaria,BGR,2025,6,2025-06-01,0,WHO
Bulgaria,BGR,2025,7,2025-07-01,0,WHO
Bulgaria,BGR,2025,8,2025-08-01,0,WHO
Bulgaria,BGR,2025,9,2025-09-01,NA,NA
Bulgaria,BGR,2025,10,2025-10-01,NA,NA
Bulgaria,BGR,2025,11,2025-11-01,NA,NA
Bulgaria,BGR,2025,12,2025-12-01,NA,NA
Burkina Faso,BFA,2024,1,2024-01-01,6729,WHO
Burkina Faso,BFA,2024,2,2024-02-01,5067,WHO
Burkina Faso,BFA,2024,3,2024-03-01,2898,WHO
Burkina Faso,BFA,2024,4,2024-04-01,2404,WHO
Burkina Faso,BFA,2024,5,2024-05-01,2708,WHO
Burkina Faso,BFA,2024,6,2024-06-01,2179,WHO
Burkina Faso,BFA,2024,7,2024-07-01,3101,WHO
Burkina Faso,BFA,2024,8,2024-08-01,8745,WHO
Burkina Faso,BFA,2024,9,2024-09-01,10962,WHO
Burkina Faso,BFA,2024,10,2024-10-01,19257,WHO
Burkina Faso,BFA,2024,11,2024-11-01,3987,WHO
Burkina Faso,BFA,2024,12,2024-12-01,5771,WHO
Burkina Faso,BFA,2025,1,2025-01-01,4242,WHO
Burkina Faso,BFA,2025,2,2025-02-01,2543,WHO
Burkina Faso,BFA,2025,3,2025-03-01,2130,WHO
Burkina Faso,BFA,2025,4,2025-04-01,2026,WHO
Burkina Faso,BFA,2025,5,2025-05-01,1981,WHO
Burkina Faso,BFA,2025,6,2025-06-01,1894,WHO
Burkina Faso,BFA,2025,7,2025-07-01,3584,WHO
Burkina Faso,BFA,2025,8,2025-08-01,3123,WHO
Burkina Faso,BFA,2025,9,2025-09-01,NA,NA
Burkina Faso,BFA,2025,10,2025-10-01,NA,NA
Burkina Faso,BFA,2025,11,2025-11-01,NA,NA
Burkina Faso,BFA,2025,12,2025-12-01,NA,NA
Burundi,BDI,2024,1,2024-01-01,0,WHO
Burundi,BDI,2024,2,2024-02-01,0,WHO
Burundi,BDI,2024,3,2024-03-01,0,WHO
Burundi,BDI,2024,4,2024-04-01,0,WHO
Burundi,BDI,2024,5,2024-05-01,0,WHO
Burundi,BDI,2024,6,2024-06-01,0,WHO
Burundi,BDI,2024,7,2024-07-01,NA,NA
Burundi,BDI,2024,8,2024-08-01,NA,NA
Burundi,BDI,2024,9,2024-09-01,NA,NA
Burundi,BDI,2024,10,2024-10-01,NA,NA
Burundi,BDI,2024,11,2024-11-01,NA,NA
Burundi,BDI,2024,12,2024-12-01,NA,NA
Cabo Verde,CPV,2024,1,2024-01-01,262,WHO
Cabo Verde,CPV,2024,2,2024-02-01,282,WHO
Cabo Verde,CPV,2024,3,2024-03-01,120,WHO
Cabo Verde,CPV,2024,4,2024-04-01,93,WHO
Cabo Verde,CPV,2024,5,2024-05-01,152,WHO
Cabo Verde,CPV,2024,6,2024-06-01,277,WHO
Cabo Verde,CPV,2024,7,2024-07-01,484,WHO
Cabo Verde,CPV,2024,8,2024-08-01,2320,WHO
Cabo Verde,CPV,2024,9,2024-09-01,3889,WHO
Cabo Verde,CPV,2024,10,2024-10-01,10595,WHO
Cabo Verde,CPV,2024,11,2024-11-01,6003,WHO
Cabo Verde,CPV,2024,12,2024-12-01,813,WHO
Cabo Verde,CPV,2025,1,2025-01-01,340,WHO
Cabo Verde,CPV,2025,2,2025-02-01,162,WHO
Cabo Verde,CPV,2025,3,2025-03-01,27,WHO
Cabo Verde,CPV,2025,4,2025-04-01,14,WHO
Cabo Verde,CPV,2025,5,2025-05-01,83,WHO
Cabo Verde,CPV,2025,6,2025-06-01,58,WHO
Cabo Verde,CPV,2025,7,2025-07-01,43,WHO
Cabo Verde,CPV,2025,8,2025-08-01,44,WHO
Cabo Verde,CPV,2025,9,2025-09-01,NA,NA
Cabo Verde,CPV,2025,10,2025-10-01,NA,NA
Cabo Verde,CPV,2025,11,2025-11-01,NA,NA
Cabo Verde,CPV,2025,12,2025-12-01,NA,NA
Cambodia,KHM,2024,1,2024-01-01,1986,WHO
Cambodia,KHM,2024,2,2024-02-01,1594,WHO
Cambodia,KHM,2024,3,2024-03-01,1047,WHO
Cambodia,KHM,2024,4,2024-04-01,724,WHO
Cambodia,KHM,2024,5,2024-05-01,579,WHO
Cambodia,KHM,2024,6,2024-06-01,811,WHO
Cambodia,KHM,2024,7,2024-07-01,1806,WHO
Cambodia,KHM,2024,8,2024-08-01,3525,WHO
Cambodia,KHM,2024,9,2024-09-01,2139,WHO
Cambodia,KHM,2024,10,2024-10-01,2135,WHO
Cambodia,KHM,2024,11,2024-11-01,1464,WHO
Cambodia,KHM,2024,12,2024-12-01,1173,WHO
Cambodia,KHM,2025,1,2025-01-01,761,WHO
Cambodia,KHM,2025,2,2025-02-01,498,WHO
Cambodia,KHM,2025,3,2025-03-01,600,WHO
Cambodia,KHM,2025,4,2025-04-01,935,WHO
Cambodia,KHM,2025,5,2025-05-01,3233,WHO
Cambodia,KHM,2025,6,2025-06-01,6602,WHO
Cambodia,KHM,2025,7,2025-07-01,14728,WHO
Cambodia,KHM,2025,8,2025-08-01,5446,WHO
Cambodia,KHM,2025,9,2025-09-01,NA,NA
Cambodia,KHM,2025,10,2025-10-01,NA,NA
Cambodia,KHM,2025,11,2025-11-01,NA,NA
Cambodia,KHM,2025,12,2025-12-01,NA,NA
Cameroon,CMR,2024,1,2024-01-01,2,WHO
Cameroon,CMR,2024,2,2024-02-01,55,WHO
Cameroon,CMR,2024,3,2024-03-01,0,WHO
Cameroon,CMR,2024,4,2024-04-01,0,WHO
Cameroon,CMR,2024,5,2024-05-01,0,WHO
Cameroon,CMR,2024,6,2024-06-01,0,WHO
Cameroon,CMR,2024,7,2024-07-01,0,WHO
Cameroon,CMR,2024,8,2024-08-01,0,WHO
Cameroon,CMR,2024,9,2024-09-01,0,WHO
Cameroon,CMR,2024,10,2024-10-01,0,WHO
Cameroon,CMR,2024,11,2024-11-01,0,WHO
Cameroon,CMR,2024,12,2024-12-01,0,WHO
Cameroon,CMR,2025,1,2025-01-01,0,WHO
Cameroon,CMR,2025,2,2025-02-01,0,WHO
Cameroon,CMR,2025,3,2025-03-01,60,WHO
Cameroon,CMR,2025,4,2025-04-01,0,WHO
Cameroon,CMR,2025,5,2025-05-01,1,WHO
Cameroon,CMR,2025,6,2025-06-01,0,WHO
Cameroon,CMR,2025,7,2025-07-01,0,WHO
Cameroon,CMR,2025,8,2025-08-01,0,WHO
Cameroon,CMR,2025,9,2025-09-01,NA,NA
Cameroon,CMR,2025,10,2025-10-01,NA,NA
Cameroon,CMR,2025,11,2025-11-01,NA,NA
Cameroon,CMR,2025,12,2025-12-01,NA,NA
Canada,CAN,2024,1,2024-01-01,0,WHO
Canada,CAN,2024,2,2024-02-01,0,WHO
Canada,CAN,2024,3,2024-03-01,0,WHO
Canada,CAN,2024,4,2024-04-01,0,WHO
Canada,CAN,2024,5,2024-05-01,0,WHO
Canada,CAN,2024,6,2024-06-01,0,WHO
Canada,CAN,2024,7,2024-07-01,0,WHO
Canada,CAN,2024,8,2024-08-01,0,WHO
Canada,CAN,2024,9,2024-09-01,0,WHO
Canada,CAN,2024,10,2024-10-01,0,WHO
Canada,CAN,2024,11,2024-11-01,0,WHO
Canada,CAN,2024,12,2024-12-01,0,WHO
Canada,CAN,2025,1,2025-01-01,0,WHO
Canada,CAN,2025,2,2025-02-01,0,WHO
Canada,CAN,2025,3,2025-03-01,0,WHO
Canada,CAN,2025,4,2025-04-01,0,WHO
Canada,CAN,2025,5,2025-05-01,0,WHO
Canada,CAN,2025,6,2025-06-01,0,WHO
Canada,CAN,2025,7,2025-07-01,0,WHO
Canada,CAN,2025,8,2025-08-01,0,WHO
Canada,CAN,2025,9,2025-09-01,NA,PAHO
Canada,CAN,2025,10,2025-10-01,NA,NA
Canada,CAN,2025,11,2025-11-01,NA,NA
Canada,CAN,2025,12,2025-12-01,NA,NA
Cayman Islands,CYM,2024,1,2024-01-01,0,WHO
Cayman Islands,CYM,2024,2,2024-02-01,3,PAHO
Cayman Islands,CYM,2024,3,2024-03-01,0,WHO
Cayman Islands,CYM,2024,4,2024-04-01,0,WHO
Cayman Islands,CYM,2024,5,2024-05-01,0,WHO
Cayman Islands,CYM,2024,6,2024-06-01,0,WHO
Cayman Islands,CYM,2024,7,2024-07-01,2,PAHO
Cayman Islands,CYM,2024,8,2024-08-01,0,WHO
Cayman Islands,CYM,2024,9,2024-09-01,3,PAHO
Cayman Islands,CYM,2024,10,2024-10-01,3,WHO
Cayman Islands,CYM,2024,11,2024-11-01,NA,PAHO
Cayman Islands,CYM,2024,12,2024-12-01,1,WHO
Cayman Islands,CYM,2025,1,2025-01-01,0,WHO
Cayman Islands,CYM,2025,2,2025-02-01,0,WHO
Cayman Islands,CYM,2025,3,2025-03-01,0,WHO
Cayman Islands,CYM,2025,4,2025-04-01,0,WHO
Cayman Islands,CYM,2025,5,2025-05-01,0,WHO
Cayman Islands,CYM,2025,6,2025-06-01,0,WHO
Cayman Islands,CYM,2025,7,2025-07-01,0,WHO
Cayman Islands,CYM,2025,8,2025-08-01,0,WHO
Cayman Islands,CYM,2025,9,2025-09-01,NA,PAHO
Cayman Islands,CYM,2025,10,2025-10-01,NA,NA
Cayman Islands,CYM,2025,11,2025-11-01,NA,NA
Cayman Islands,CYM,2025,12,2025-12-01,NA,NA
Central African Republic,CAF,2024,1,2024-01-01,0,WHO
Central African Republic,CAF,2024,2,2024-02-01,0,WHO
Central African Republic,CAF,2024,3,2024-03-01,0,WHO
Central African Republic,CAF,2024,4,2024-04-01,0,WHO
Central African Republic,CAF,2024,5,2024-05-01,0,WHO
Central African Republic,CAF,2024,6,2024-06-01,0,WHO
Central African Republic,CAF,2024,7,2024-07-01,NA,NA
Central African Republic,CAF,2024,8,2024-08-01,NA,NA
Central African Republic,CAF,2024,9,2024-09-01,207,WHO
Central African Republic,CAF,2024,10,2024-10-01,NA,NA
Central African Republic,CAF,2024,11,2024-11-01,NA,NA
Central African Republic,CAF,2024,12,2024-12-01,NA,NA
Chad,TCD,2024,1,2024-01-01,0,WHO
Chad,TCD,2024,2,2024-02-01,0,WHO
Chad,TCD,2024,3,2024-03-01,0,WHO
Chad,TCD,2024,4,2024-04-01,0,WHO
Chad,TCD,2024,5,2024-05-01,0,WHO
Chad,TCD,2024,6,2024-06-01,0,WHO
Chad,TCD,2024,7,2024-07-01,NA,NA
Chad,TCD,2024,8,2024-08-01,NA,NA
Chad,TCD,2024,9,2024-09-01,NA,NA
Chad,TCD,2024,10,2024-10-01,NA,NA
Chad,TCD,2024,11,2024-11-01,NA,NA
Chad,TCD,2024,12,2024-12-01,NA,NA
Chad,TCD,2025,1,2025-01-01,11,WHO
Chad,TCD,2025,2,2025-02-01,0,WHO
Chad,TCD,2025,3,2025-03-01,0,WHO
Chad,TCD,2025,4,2025-04-01,0,WHO
Chad,TCD,2025,5,2025-05-01,6,WHO
Chad,TCD,2025,6,2025-06-01,0,WHO
Chad,TCD,2025,7,2025-07-01,0,WHO
Chad,TCD,2025,8,2025-08-01,0,WHO
Chad,TCD,2025,9,2025-09-01,NA,NA
Chad,TCD,2025,10,2025-10-01,NA,NA
Chad,TCD,2025,11,2025-11-01,NA,NA
Chad,TCD,2025,12,2025-12-01,NA,NA
Chile,CHL,2024,1,2024-01-01,0,WHO
Chile,CHL,2024,2,2024-02-01,0,WHO
Chile,CHL,2024,3,2024-03-01,37,PAHO
Chile,CHL,2024,4,2024-04-01,95,PAHO
Chile,CHL,2024,5,2024-05-01,19,PAHO
Chile,CHL,2024,6,2024-06-01,6,PAHO
Chile,CHL,2024,7,2024-07-01,0,WHO
Chile,CHL,2024,8,2024-08-01,0,WHO
Chile,CHL,2024,9,2024-09-01,0,WHO
Chile,CHL,2024,10,2024-10-01,0,WHO
Chile,CHL,2024,11,2024-11-01,0,WHO
Chile,CHL,2024,12,2024-12-01,0,WHO
Chile,CHL,2025,1,2025-01-01,0,WHO
Chile,CHL,2025,2,2025-02-01,0,WHO
Chile,CHL,2025,3,2025-03-01,0,WHO
Chile,CHL,2025,4,2025-04-01,0,WHO
Chile,CHL,2025,5,2025-05-01,0,WHO
Chile,CHL,2025,6,2025-06-01,0,WHO
Chile,CHL,2025,7,2025-07-01,0,WHO
Chile,CHL,2025,8,2025-08-01,0,WHO
Chile,CHL,2025,9,2025-09-01,NA,PAHO
Chile,CHL,2025,10,2025-10-01,NA,NA
Chile,CHL,2025,11,2025-11-01,NA,NA
Chile,CHL,2025,12,2025-12-01,NA,NA
China,CHN,2024,1,2024-01-01,27,WHO
China,CHN,2024,2,2024-02-01,42,WHO
China,CHN,2024,3,2024-03-01,38,WHO
China,CHN,2024,4,2024-04-01,58,WHO
China,CHN,2024,5,2024-05-01,109,WHO
China,CHN,2024,6,2024-06-01,130,WHO
China,CHN,2024,7,2024-07-01,554,WHO
China,CHN,2024,8,2024-08-01,1801,WHO
China,CHN,2024,9,2024-09-01,4845,WHO
China,CHN,2024,10,2024-10-01,11083,WHO
China,CHN,2024,11,2024-11-01,5201,WHO
China,CHN,2024,12,2024-12-01,442,WHO
China,CHN,2025,1,2025-01-01,49,WHO
China,CHN,2025,2,2025-02-01,51,WHO
China,CHN,2025,3,2025-03-01,38,WHO
China,CHN,2025,4,2025-04-01,74,WHO
China,CHN,2025,5,2025-05-01,126,WHO
China,CHN,2025,6,2025-06-01,225,WHO
China,CHN,2025,7,2025-07-01,694,WHO
China,CHN,2025,8,2025-08-01,1702,WHO
China,CHN,2025,9,2025-09-01,NA,NA
China,CHN,2025,10,2025-10-01,NA,NA
China,CHN,2025,11,2025-11-01,NA,NA
China,CHN,2025,12,2025-12-01,NA,NA
Colombia,COL,2024,1,2024-01-01,27649,PAHO
Colombia,COL,2024,2,2024-02-01,27691,PAHO
Colombia,COL,2024,3,2024-03-01,27938,PAHO
Colombia,COL,2024,4,2024-04-01,45603,PAHO
Colombia,COL,2024,5,2024-05-01,37453,PAHO
Colombia,COL,2024,6,2024-06-01,35350,PAHO
Colombia,COL,2024,7,2024-07-01,35951,PAHO
Colombia,COL,2024,8,2024-08-01,20510,PAHO
Colombia,COL,2024,9,2024-09-01,20870,PAHO
Colombia,COL,2024,10,2024-10-01,14547,PAHO
Colombia,COL,2024,11,2024-11-01,14580,PAHO
Colombia,COL,2024,12,2024-12-01,12840,PAHO
Colombia,COL,2025,1,2025-01-01,19794,PAHO
Colombia,COL,2025,2,2025-02-01,14705,PAHO
Colombia,COL,2025,3,2025-03-01,16984,PAHO
Colombia,COL,2025,4,2025-04-01,13301,PAHO
Colombia,COL,2025,5,2025-05-01,11614,PAHO
Colombia,COL,2025,6,2025-06-01,11049,PAHO
Colombia,COL,2025,7,2025-07-01,7429,PAHO
Colombia,COL,2025,8,2025-08-01,5159,PAHO
Colombia,COL,2025,9,2025-09-01,11503,PAHO
Colombia,COL,2025,10,2025-10-01,NA,NA
Colombia,COL,2025,11,2025-11-01,NA,NA
Colombia,COL,2025,12,2025-12-01,NA,NA
Congo,COG,2024,1,2024-01-01,0,WHO
Congo,COG,2024,2,2024-02-01,0,WHO
Congo,COG,2024,3,2024-03-01,0,WHO
Congo,COG,2024,4,2024-04-01,0,WHO
Congo,COG,2024,5,2024-05-01,0,WHO
Congo,COG,2024,6,2024-06-01,0,WHO
Congo,COG,2024,7,2024-07-01,NA,NA
Congo,COG,2024,8,2024-08-01,NA,NA
Congo,COG,2024,9,2024-09-01,NA,NA
Congo,COG,2024,10,2024-10-01,NA,NA
Congo,COG,2024,11,2024-11-01,NA,NA
Congo,COG,2024,12,2024-12-01,NA,NA
Cook Islands,COK,2024,1,2024-01-01,0,WHO
Cook Islands,COK,2024,2,2024-02-01,0,WHO
Cook Islands,COK,2024,3,2024-03-01,0,WHO
Cook Islands,COK,2024,4,2024-04-01,0,WHO
Cook Islands,COK,2024,5,2024-05-01,0,WHO
Cook Islands,COK,2024,6,2024-06-01,0,WHO
Cook Islands,COK,2024,7,2024-07-01,0,WHO
Cook Islands,COK,2024,8,2024-08-01,0,WHO
Cook Islands,COK,2024,9,2024-09-01,0,WHO
Cook Islands,COK,2024,10,2024-10-01,NA,NA
Cook Islands,COK,2024,11,2024-11-01,NA,NA
Cook Islands,COK,2024,12,2024-12-01,NA,NA
Cook Islands,COK,2025,1,2025-01-01,0,WHO
Cook Islands,COK,2025,2,2025-02-01,1,WHO
Cook Islands,COK,2025,3,2025-03-01,0,WHO
Cook Islands,COK,2025,4,2025-04-01,1,WHO
Cook Islands,COK,2025,5,2025-05-01,12,WHO
Cook Islands,COK,2025,6,2025-06-01,23,WHO
Cook Islands,COK,2025,7,2025-07-01,34,WHO
Cook Islands,COK,2025,8,2025-08-01,18,WHO
Cook Islands,COK,2025,9,2025-09-01,NA,NA
Cook Islands,COK,2025,10,2025-10-01,NA,NA
Cook Islands,COK,2025,11,2025-11-01,NA,NA
Cook Islands,COK,2025,12,2025-12-01,NA,NA
Costa Rica,CRI,2024,1,2024-01-01,3492,PAHO
Costa Rica,CRI,2024,2,2024-02-01,1634,PAHO
Costa Rica,CRI,2024,3,2024-03-01,961,PAHO
Costa Rica,CRI,2024,4,2024-04-01,1116,PAHO
Costa Rica,CRI,2024,5,2024-05-01,1422,PAHO
Costa Rica,CRI,2024,6,2024-06-01,2813,PAHO
Costa Rica,CRI,2024,7,2024-07-01,4683,PAHO
Costa Rica,CRI,2024,8,2024-08-01,4533,PAHO
Costa Rica,CRI,2024,9,2024-09-01,5176,PAHO
Costa Rica,CRI,2024,10,2024-10-01,2741,PAHO
Costa Rica,CRI,2024,11,2024-11-01,1714,PAHO
Costa Rica,CRI,2024,12,2024-12-01,974,PAHO
Costa Rica,CRI,2025,1,2025-01-01,597,PAHO
Costa Rica,CRI,2025,2,2025-02-01,294,PAHO
Costa Rica,CRI,2025,3,2025-03-01,350,PAHO
Costa Rica,CRI,2025,4,2025-04-01,172,PAHO
Costa Rica,CRI,2025,5,2025-05-01,223,PAHO
Costa Rica,CRI,2025,6,2025-06-01,380,PAHO
Costa Rica,CRI,2025,7,2025-07-01,548,PAHO
Costa Rica,CRI,2025,8,2025-08-01,819,PAHO
Costa Rica,CRI,2025,9,2025-09-01,1690,PAHO
Costa Rica,CRI,2025,10,2025-10-01,NA,NA
Costa Rica,CRI,2025,11,2025-11-01,NA,NA
Costa Rica,CRI,2025,12,2025-12-01,NA,NA
Côte d'Ivoire,CIV,2024,1,2024-01-01,115,WHO
Côte d'Ivoire,CIV,2024,2,2024-02-01,77,WHO
Côte d'Ivoire,CIV,2024,3,2024-03-01,42,WHO
Côte d'Ivoire,CIV,2024,4,2024-04-01,24,WHO
Côte d'Ivoire,CIV,2024,5,2024-05-01,115,WHO
Côte d'Ivoire,CIV,2024,6,2024-06-01,1644,WHO
Côte d'Ivoire,CIV,2024,7,2024-07-01,2043,WHO
Côte d'Ivoire,CIV,2024,8,2024-08-01,1554,WHO
Côte d'Ivoire,CIV,2024,9,2024-09-01,308,WHO
Côte d'Ivoire,CIV,2024,10,2024-10-01,130,WHO
Côte d'Ivoire,CIV,2024,11,2024-11-01,62,WHO
Côte d'Ivoire,CIV,2024,12,2024-12-01,20,WHO
Côte d'Ivoire,CIV,2025,1,2025-01-01,23,WHO
Côte d'Ivoire,CIV,2025,2,2025-02-01,5,WHO
Côte d'Ivoire,CIV,2025,3,2025-03-01,15,WHO
Côte d'Ivoire,CIV,2025,4,2025-04-01,15,WHO
Côte d'Ivoire,CIV,2025,5,2025-05-01,28,WHO
Côte d'Ivoire,CIV,2025,6,2025-06-01,78,WHO
Côte d'Ivoire,CIV,2025,7,2025-07-01,106,WHO
Côte d'Ivoire,CIV,2025,8,2025-08-01,39,WHO
Côte d'Ivoire,CIV,2025,9,2025-09-01,NA,NA
Côte d'Ivoire,CIV,2025,10,2025-10-01,NA,NA
Côte d'Ivoire,CIV,2025,11,2025-11-01,NA,NA
Côte d'Ivoire,CIV,2025,12,2025-12-01,NA,NA
Croatia,HRV,2024,1,2024-01-01,0,WHO
Croatia,HRV,2024,2,2024-02-01,0,WHO
Croatia,HRV,2024,3,2024-03-01,0,WHO
Croatia,HRV,2024,4,2024-04-01,0,WHO
Croatia,HRV,2024,5,2024-05-01,0,WHO
Croatia,HRV,2024,6,2024-06-01,0,WHO
Croatia,HRV,2024,7,2024-07-01,0,WHO
Croatia,HRV,2024,8,2024-08-01,0,WHO
Croatia,HRV,2024,9,2024-09-01,0,WHO
Croatia,HRV,2024,10,2024-10-01,0,WHO
Croatia,HRV,2024,11,2024-11-01,0,WHO
Croatia,HRV,2024,12,2024-12-01,0,WHO
Croatia,HRV,2025,1,2025-01-01,0,WHO
Croatia,HRV,2025,2,2025-02-01,0,WHO
Croatia,HRV,2025,3,2025-03-01,0,WHO
Croatia,HRV,2025,4,2025-04-01,0,WHO
Croatia,HRV,2025,5,2025-05-01,0,WHO
Croatia,HRV,2025,6,2025-06-01,0,WHO
Croatia,HRV,2025,7,2025-07-01,0,WHO
Croatia,HRV,2025,8,2025-08-01,0,WHO
Croatia,HRV,2025,9,2025-09-01,NA,NA
Croatia,HRV,2025,10,2025-10-01,NA,NA
Croatia,HRV,2025,11,2025-11-01,NA,NA
Croatia,HRV,2025,12,2025-12-01,NA,NA
Cuba,CUB,2024,1,2024-01-01,NA,WHO
Cuba,CUB,2024,2,2024-02-01,NA,WHO
Cuba,CUB,2024,3,2024-03-01,NA,WHO
Cuba,CUB,2024,4,2024-04-01,NA,WHO
Cuba,CUB,2024,5,2024-05-01,NA,WHO
Cuba,CUB,2024,6,2024-06-01,NA,WHO
Cuba,CUB,2024,7,2024-07-01,985,WHO
Cuba,CUB,2024,8,2024-08-01,NA,PAHO
Cuba,CUB,2024,9,2024-09-01,NA,PAHO
Cuba,CUB,2024,10,2024-10-01,NA,PAHO
Cuba,CUB,2024,11,2024-11-01,NA,PAHO
Cuba,CUB,2024,12,2024-12-01,NA,PAHO
Cuba,CUB,2025,1,2025-01-01,NA,PAHO
Cuba,CUB,2025,2,2025-02-01,NA,PAHO
Cuba,CUB,2025,3,2025-03-01,NA,PAHO
Cuba,CUB,2025,4,2025-04-01,NA,PAHO
Cuba,CUB,2025,5,2025-05-01,NA,PAHO
Cuba,CUB,2025,6,2025-06-01,NA,PAHO
Cuba,CUB,2025,7,2025-07-01,3945,WHO
Cuba,CUB,2025,8,2025-08-01,NA,PAHO
Cuba,CUB,2025,9,2025-09-01,NA,PAHO
Cuba,CUB,2025,10,2025-10-01,NA,NA
Cuba,CUB,2025,11,2025-11-01,NA,NA
Cuba,CUB,2025,12,2025-12-01,NA,NA
Curaçao,CUW,2024,1,2024-01-01,40,PAHO
Curaçao,CUW,2024,2,2024-02-01,94,PAHO
Curaçao,CUW,2024,3,2024-03-01,128,PAHO
Curaçao,CUW,2024,4,2024-04-01,NA,WHO
Curaçao,CUW,2024,5,2024-05-01,NA,WHO
Curaçao,CUW,2024,6,2024-06-01,NA,WHO
Curaçao,CUW,2024,7,2024-07-01,NA,WHO
Curaçao,CUW,2024,8,2024-08-01,NA,WHO
Curaçao,CUW,2024,9,2024-09-01,NA,WHO
Curaçao,CUW,2024,10,2024-10-01,NA,WHO
Curaçao,CUW,2024,11,2024-11-01,NA,WHO
Curaçao,CUW,2024,12,2024-12-01,NA,WHO
Curaçao,CUW,2025,1,2025-01-01,NA,WHO
Curaçao,CUW,2025,2,2025-02-01,NA,WHO
Curaçao,CUW,2025,3,2025-03-01,NA,WHO
Curaçao,CUW,2025,4,2025-04-01,NA,WHO
Curaçao,CUW,2025,5,2025-05-01,NA,WHO
Curaçao,CUW,2025,6,2025-06-01,NA,WHO
Curaçao,CUW,2025,7,2025-07-01,NA,WHO
Curaçao,CUW,2025,8,2025-08-01,NA,WHO
Curaçao,CUW,2025,9,2025-09-01,NA,NA
Curaçao,CUW,2025,10,2025-10-01,NA,NA
Curaçao,CUW,2025,11,2025-11-01,NA,NA
Curaçao,CUW,2025,12,2025-12-01,NA,NA
Cyprus,CYP,2024,1,2024-01-01,0,WHO
Cyprus,CYP,2024,2,2024-02-01,0,WHO
Cyprus,CYP,2024,3,2024-03-01,0,WHO
Cyprus,CYP,2024,4,2024-04-01,0,WHO
Cyprus,CYP,2024,5,2024-05-01,0,WHO
Cyprus,CYP,2024,6,2024-06-01,0,WHO
Cyprus,CYP,2024,7,2024-07-01,0,WHO
Cyprus,CYP,2024,8,2024-08-01,0,WHO
Cyprus,CYP,2024,9,2024-09-01,0,WHO
Cyprus,CYP,2024,10,2024-10-01,0,WHO
Cyprus,CYP,2024,11,2024-11-01,0,WHO
Cyprus,CYP,2024,12,2024-12-01,0,WHO
Cyprus,CYP,2025,1,2025-01-01,0,WHO
Cyprus,CYP,2025,2,2025-02-01,0,WHO
Cyprus,CYP,2025,3,2025-03-01,0,WHO
Cyprus,CYP,2025,4,2025-04-01,0,WHO
Cyprus,CYP,2025,5,2025-05-01,0,WHO
Cyprus,CYP,2025,6,2025-06-01,0,WHO
Cyprus,CYP,2025,7,2025-07-01,0,WHO
Cyprus,CYP,2025,8,2025-08-01,0,WHO
Cyprus,CYP,2025,9,2025-09-01,NA,NA
Cyprus,CYP,2025,10,2025-10-01,NA,NA
Cyprus,CYP,2025,11,2025-11-01,NA,NA
Cyprus,CYP,2025,12,2025-12-01,NA,NA
Czechia,CZE,2024,1,2024-01-01,0,WHO
Czechia,CZE,2024,2,2024-02-01,0,WHO
Czechia,CZE,2024,3,2024-03-01,0,WHO
Czechia,CZE,2024,4,2024-04-01,0,WHO
Czechia,CZE,2024,5,2024-05-01,0,WHO
Czechia,CZE,2024,6,2024-06-01,0,WHO
Czechia,CZE,2024,7,2024-07-01,0,WHO
Czechia,CZE,2024,8,2024-08-01,0,WHO
Czechia,CZE,2024,9,2024-09-01,0,WHO
Czechia,CZE,2024,10,2024-10-01,0,WHO
Czechia,CZE,2024,11,2024-11-01,0,WHO
Czechia,CZE,2024,12,2024-12-01,0,WHO
Czechia,CZE,2025,1,2025-01-01,0,WHO
Czechia,CZE,2025,2,2025-02-01,0,WHO
Czechia,CZE,2025,3,2025-03-01,0,WHO
Czechia,CZE,2025,4,2025-04-01,0,WHO
Czechia,CZE,2025,5,2025-05-01,0,WHO
Czechia,CZE,2025,6,2025-06-01,0,WHO
Czechia,CZE,2025,7,2025-07-01,0,WHO
Czechia,CZE,2025,8,2025-08-01,0,WHO
Czechia,CZE,2025,9,2025-09-01,NA,NA
Czechia,CZE,2025,10,2025-10-01,NA,NA
Czechia,CZE,2025,11,2025-11-01,NA,NA
Czechia,CZE,2025,12,2025-12-01,NA,NA
Denmark,DNK,2024,1,2024-01-01,0,WHO
Denmark,DNK,2024,2,2024-02-01,0,WHO
Denmark,DNK,2024,3,2024-03-01,0,WHO
Denmark,DNK,2024,4,2024-04-01,0,WHO
Denmark,DNK,2024,5,2024-05-01,0,WHO
Denmark,DNK,2024,6,2024-06-01,0,WHO
Denmark,DNK,2024,7,2024-07-01,0,WHO
Denmark,DNK,2024,8,2024-08-01,0,WHO
Denmark,DNK,2024,9,2024-09-01,0,WHO
Denmark,DNK,2024,10,2024-10-01,0,WHO
Denmark,DNK,2024,11,2024-11-01,0,WHO
Denmark,DNK,2024,12,2024-12-01,0,WHO
Denmark,DNK,2025,1,2025-01-01,0,WHO
Denmark,DNK,2025,2,2025-02-01,0,WHO
Denmark,DNK,2025,3,2025-03-01,0,WHO
Denmark,DNK,2025,4,2025-04-01,0,WHO
Denmark,DNK,2025,5,2025-05-01,0,WHO
Denmark,DNK,2025,6,2025-06-01,0,WHO
Denmark,DNK,2025,7,2025-07-01,0,WHO
Denmark,DNK,2025,8,2025-08-01,0,WHO
Denmark,DNK,2025,9,2025-09-01,NA,NA
Denmark,DNK,2025,10,2025-10-01,NA,NA
Denmark,DNK,2025,11,2025-11-01,NA,NA
Denmark,DNK,2025,12,2025-12-01,NA,NA
Dominican Republic,DOM,2024,1,2024-01-01,3821,PAHO
Dominican Republic,DOM,2024,2,2024-02-01,1231,PAHO
Dominican Republic,DOM,2024,3,2024-03-01,1046,PAHO
Dominican Republic,DOM,2024,4,2024-04-01,918,PAHO
Dominican Republic,DOM,2024,5,2024-05-01,558,PAHO
Dominican Republic,DOM,2024,6,2024-06-01,738,PAHO
Dominican Republic,DOM,2024,7,2024-07-01,547,PAHO
Dominican Republic,DOM,2024,8,2024-08-01,380,PAHO
Dominican Republic,DOM,2024,9,2024-09-01,386,PAHO
Dominican Republic,DOM,2024,10,2024-10-01,269,PAHO
Dominican Republic,DOM,2024,11,2024-11-01,207,PAHO
Dominican Republic,DOM,2024,12,2024-12-01,199,PAHO
Dominican Republic,DOM,2025,1,2025-01-01,201,PAHO
Dominican Republic,DOM,2025,2,2025-02-01,166,PAHO
Dominican Republic,DOM,2025,3,2025-03-01,239,PAHO
Dominican Republic,DOM,2025,4,2025-04-01,126,PAHO
Dominican Republic,DOM,2025,5,2025-05-01,166,PAHO
Dominican Republic,DOM,2025,6,2025-06-01,178,PAHO
Dominican Republic,DOM,2025,7,2025-07-01,139,PAHO
Dominican Republic,DOM,2025,8,2025-08-01,123,PAHO
Dominican Republic,DOM,2025,9,2025-09-01,317,PAHO
Dominican Republic,DOM,2025,10,2025-10-01,NA,NA
Dominican Republic,DOM,2025,11,2025-11-01,NA,NA
Dominican Republic,DOM,2025,12,2025-12-01,NA,NA
Ecuador,ECU,2024,1,2024-01-01,3838,PAHO
Ecuador,ECU,2024,2,2024-02-01,5613,PAHO
Ecuador,ECU,2024,3,2024-03-01,7605,PAHO
Ecuador,ECU,2024,4,2024-04-01,10025,PAHO
Ecuador,ECU,2024,5,2024-05-01,8130,PAHO
Ecuador,ECU,2024,6,2024-06-01,6192,PAHO
Ecuador,ECU,2024,7,2024-07-01,5937,PAHO
Ecuador,ECU,2024,8,2024-08-01,3105,PAHO
Ecuador,ECU,2024,9,2024-09-01,2948,PAHO
Ecuador,ECU,2024,10,2024-10-01,2355,PAHO
Ecuador,ECU,2024,11,2024-11-01,2613,PAHO
Ecuador,ECU,2024,12,2024-12-01,3039,PAHO
Ecuador,ECU,2025,1,2025-01-01,4513,PAHO
Ecuador,ECU,2025,2,2025-02-01,4122,PAHO
Ecuador,ECU,2025,3,2025-03-01,5770,PAHO
Ecuador,ECU,2025,4,2025-04-01,4957,PAHO
Ecuador,ECU,2025,5,2025-05-01,5238,PAHO
Ecuador,ECU,2025,6,2025-06-01,4669,PAHO
Ecuador,ECU,2025,7,2025-07-01,2437,PAHO
Ecuador,ECU,2025,8,2025-08-01,1589,PAHO
Ecuador,ECU,2025,9,2025-09-01,3093,PAHO
Ecuador,ECU,2025,10,2025-10-01,NA,NA
Ecuador,ECU,2025,11,2025-11-01,NA,NA
Ecuador,ECU,2025,12,2025-12-01,NA,NA
El Salvador,SLV,2024,1,2024-01-01,491,PAHO
El Salvador,SLV,2024,2,2024-02-01,481,PAHO
El Salvador,SLV,2024,3,2024-03-01,479,PAHO
El Salvador,SLV,2024,4,2024-04-01,605,PAHO
El Salvador,SLV,2024,5,2024-05-01,622,PAHO
El Salvador,SLV,2024,6,2024-06-01,785,PAHO
El Salvador,SLV,2024,7,2024-07-01,1268,PAHO
El Salvador,SLV,2024,8,2024-08-01,1059,PAHO
El Salvador,SLV,2024,9,2024-09-01,1089,PAHO
El Salvador,SLV,2024,10,2024-10-01,708,PAHO
El Salvador,SLV,2024,11,2024-11-01,562,PAHO
El Salvador,SLV,2024,12,2024-12-01,403,PAHO
El Salvador,SLV,2025,1,2025-01-01,411,PAHO
El Salvador,SLV,2025,2,2025-02-01,358,PAHO
El Salvador,SLV,2025,3,2025-03-01,492,PAHO
El Salvador,SLV,2025,4,2025-04-01,379,PAHO
El Salvador,SLV,2025,5,2025-05-01,391,PAHO
El Salvador,SLV,2025,6,2025-06-01,616,PAHO
El Salvador,SLV,2025,7,2025-07-01,732,PAHO
El Salvador,SLV,2025,8,2025-08-01,690,PAHO
El Salvador,SLV,2025,9,2025-09-01,327,PAHO
El Salvador,SLV,2025,10,2025-10-01,NA,NA
El Salvador,SLV,2025,11,2025-11-01,NA,NA
El Salvador,SLV,2025,12,2025-12-01,NA,NA
Equatorial Guinea,GNQ,2024,1,2024-01-01,NA,NA
Equatorial Guinea,GNQ,2024,2,2024-02-01,NA,NA
Equatorial Guinea,GNQ,2024,3,2024-03-01,NA,NA
Equatorial Guinea,GNQ,2024,4,2024-04-01,NA,NA
Equatorial Guinea,GNQ,2024,5,2024-05-01,NA,NA
Equatorial Guinea,GNQ,2024,6,2024-06-01,NA,NA
Equatorial Guinea,GNQ,2024,7,2024-07-01,NA,NA
Equatorial Guinea,GNQ,2024,8,2024-08-01,0,WHO
Equatorial Guinea,GNQ,2024,9,2024-09-01,0,WHO
Equatorial Guinea,GNQ,2024,10,2024-10-01,0,WHO
Equatorial Guinea,GNQ,2024,11,2024-11-01,NA,NA
Equatorial Guinea,GNQ,2024,12,2024-12-01,0,WHO
Equatorial Guinea,GNQ,2025,1,2025-01-01,NA,NA
Equatorial Guinea,GNQ,2025,2,2025-02-01,0,WHO
Equatorial Guinea,GNQ,2025,3,2025-03-01,0,WHO
Equatorial Guinea,GNQ,2025,4,2025-04-01,0,WHO
Equatorial Guinea,GNQ,2025,5,2025-05-01,0,WHO
Equatorial Guinea,GNQ,2025,6,2025-06-01,0,WHO
Equatorial Guinea,GNQ,2025,7,2025-07-01,0,WHO
Equatorial Guinea,GNQ,2025,8,2025-08-01,0,WHO
Equatorial Guinea,GNQ,2025,9,2025-09-01,NA,NA
Equatorial Guinea,GNQ,2025,10,2025-10-01,NA,NA
Equatorial Guinea,GNQ,2025,11,2025-11-01,NA,NA
Equatorial Guinea,GNQ,2025,12,2025-12-01,NA,NA
Eritrea,ERI,2024,1,2024-01-01,2583,WHO
Eritrea,ERI,2024,2,2024-02-01,2186,WHO
Eritrea,ERI,2024,3,2024-03-01,1463,WHO
Eritrea,ERI,2024,4,2024-04-01,972,WHO
Eritrea,ERI,2024,5,2024-05-01,568,WHO
Eritrea,ERI,2024,6,2024-06-01,734,WHO
Eritrea,ERI,2024,7,2024-07-01,928,WHO
Eritrea,ERI,2024,8,2024-08-01,1421,WHO
Eritrea,ERI,2024,9,2024-09-01,1867,WHO
Eritrea,ERI,2024,10,2024-10-01,1409,WHO
Eritrea,ERI,2024,11,2024-11-01,540,WHO
Eritrea,ERI,2024,12,2024-12-01,8,WHO
Eritrea,ERI,2025,1,2025-01-01,NA,NA
Eritrea,ERI,2025,2,2025-02-01,18,WHO
Eritrea,ERI,2025,3,2025-03-01,NA,NA
Eritrea,ERI,2025,4,2025-04-01,48,WHO
Eritrea,ERI,2025,5,2025-05-01,NA,NA
Eritrea,ERI,2025,6,2025-06-01,NA,NA
Eritrea,ERI,2025,7,2025-07-01,9,WHO
Eritrea,ERI,2025,8,2025-08-01,NA,NA
Eritrea,ERI,2025,9,2025-09-01,NA,NA
Eritrea,ERI,2025,10,2025-10-01,NA,NA
Eritrea,ERI,2025,11,2025-11-01,NA,NA
Eritrea,ERI,2025,12,2025-12-01,NA,NA
Estonia,EST,2024,1,2024-01-01,0,WHO
Estonia,EST,2024,2,2024-02-01,0,WHO
Estonia,EST,2024,3,2024-03-01,0,WHO
Estonia,EST,2024,4,2024-04-01,0,WHO
Estonia,EST,2024,5,2024-05-01,0,WHO
Estonia,EST,2024,6,2024-06-01,0,WHO
Estonia,EST,2024,7,2024-07-01,0,WHO
Estonia,EST,2024,8,2024-08-01,0,WHO
Estonia,EST,2024,9,2024-09-01,0,WHO
Estonia,EST,2024,10,2024-10-01,0,WHO
Estonia,EST,2024,11,2024-11-01,0,WHO
Estonia,EST,2024,12,2024-12-01,0,WHO
Estonia,EST,2025,1,2025-01-01,0,WHO
Estonia,EST,2025,2,2025-02-01,0,WHO
Estonia,EST,2025,3,2025-03-01,0,WHO
Estonia,EST,2025,4,2025-04-01,0,WHO
Estonia,EST,2025,5,2025-05-01,0,WHO
Estonia,EST,2025,6,2025-06-01,0,WHO
Estonia,EST,2025,7,2025-07-01,0,WHO
Estonia,EST,2025,8,2025-08-01,0,WHO
Estonia,EST,2025,9,2025-09-01,NA,NA
Estonia,EST,2025,10,2025-10-01,NA,NA
Estonia,EST,2025,11,2025-11-01,NA,NA
Estonia,EST,2025,12,2025-12-01,NA,NA
Ethiopia,ETH,2024,1,2024-01-01,505,WHO
Ethiopia,ETH,2024,2,2024-02-01,168,WHO
Ethiopia,ETH,2024,3,2024-03-01,150,WHO
Ethiopia,ETH,2024,4,2024-04-01,128,WHO
Ethiopia,ETH,2024,5,2024-05-01,819,WHO
Ethiopia,ETH,2024,6,2024-06-01,630,WHO
Ethiopia,ETH,2024,7,2024-07-01,170,WHO
Ethiopia,ETH,2024,8,2024-08-01,222,WHO
Ethiopia,ETH,2024,9,2024-09-01,229,WHO
Ethiopia,ETH,2024,10,2024-10-01,490,WHO
Ethiopia,ETH,2024,11,2024-11-01,263,WHO
Ethiopia,ETH,2024,12,2024-12-01,242,WHO
Ethiopia,ETH,2025,1,2025-01-01,NA,NA
Ethiopia,ETH,2025,2,2025-02-01,114,WHO
Ethiopia,ETH,2025,3,2025-03-01,140,WHO
Ethiopia,ETH,2025,4,2025-04-01,1625,WHO
Ethiopia,ETH,2025,5,2025-05-01,344,WHO
Ethiopia,ETH,2025,6,2025-06-01,80,WHO
Ethiopia,ETH,2025,7,2025-07-01,98,WHO
Ethiopia,ETH,2025,8,2025-08-01,32,WHO
Ethiopia,ETH,2025,9,2025-09-01,NA,NA
Ethiopia,ETH,2025,10,2025-10-01,NA,NA
Ethiopia,ETH,2025,11,2025-11-01,NA,NA
Ethiopia,ETH,2025,12,2025-12-01,NA,NA
Fiji,FJI,2024,1,2024-01-01,786,WHO
Fiji,FJI,2024,2,2024-02-01,1069,WHO
Fiji,FJI,2024,3,2024-03-01,603,WHO
Fiji,FJI,2024,4,2024-04-01,1023,WHO
Fiji,FJI,2024,5,2024-05-01,1279,WHO
Fiji,FJI,2024,6,2024-06-01,495,WHO
Fiji,FJI,2024,7,2024-07-01,381,WHO
Fiji,FJI,2024,8,2024-08-01,526,WHO
Fiji,FJI,2024,9,2024-09-01,76,WHO
Fiji,FJI,2024,10,2024-10-01,NA,NA
Fiji,FJI,2024,11,2024-11-01,NA,NA
Fiji,FJI,2024,12,2024-12-01,NA,NA
Fiji,FJI,2025,1,2025-01-01,1627,WHO
Fiji,FJI,2025,2,2025-02-01,3359,WHO
Fiji,FJI,2025,3,2025-03-01,4477,WHO
Fiji,FJI,2025,4,2025-04-01,4666,WHO
Fiji,FJI,2025,5,2025-05-01,3617,WHO
Fiji,FJI,2025,6,2025-06-01,1749,WHO
Fiji,FJI,2025,7,2025-07-01,1020,WHO
Fiji,FJI,2025,8,2025-08-01,622,WHO
Fiji,FJI,2025,9,2025-09-01,NA,NA
Fiji,FJI,2025,10,2025-10-01,NA,NA
Fiji,FJI,2025,11,2025-11-01,NA,NA
Fiji,FJI,2025,12,2025-12-01,NA,NA
Finland,FIN,2024,1,2024-01-01,0,WHO
Finland,FIN,2024,2,2024-02-01,0,WHO
Finland,FIN,2024,3,2024-03-01,0,WHO
Finland,FIN,2024,4,2024-04-01,0,WHO
Finland,FIN,2024,5,2024-05-01,0,WHO
Finland,FIN,2024,6,2024-06-01,0,WHO
Finland,FIN,2024,7,2024-07-01,0,WHO
Finland,FIN,2024,8,2024-08-01,0,WHO
Finland,FIN,2024,9,2024-09-01,0,WHO
Finland,FIN,2024,10,2024-10-01,0,WHO
Finland,FIN,2024,11,2024-11-01,0,WHO
Finland,FIN,2024,12,2024-12-01,0,WHO
Finland,FIN,2025,1,2025-01-01,0,WHO
Finland,FIN,2025,2,2025-02-01,0,WHO
Finland,FIN,2025,3,2025-03-01,0,WHO
Finland,FIN,2025,4,2025-04-01,0,WHO
Finland,FIN,2025,5,2025-05-01,0,WHO
Finland,FIN,2025,6,2025-06-01,0,WHO
Finland,FIN,2025,7,2025-07-01,0,WHO
Finland,FIN,2025,8,2025-08-01,0,WHO
Finland,FIN,2025,9,2025-09-01,NA,NA
Finland,FIN,2025,10,2025-10-01,NA,NA
Finland,FIN,2025,11,2025-11-01,NA,NA
Finland,FIN,2025,12,2025-12-01,NA,NA
France,FRA,2024,1,2024-01-01,0,WHO
France,FRA,2024,2,2024-02-01,0,WHO
France,FRA,2024,3,2024-03-01,0,WHO
France,FRA,2024,4,2024-04-01,0,WHO
France,FRA,2024,5,2024-05-01,0,WHO
France,FRA,2024,6,2024-06-01,1,WHO
France,FRA,2024,7,2024-07-01,1,WHO
France,FRA,2024,8,2024-08-01,35,WHO
France,FRA,2024,9,2024-09-01,39,WHO
France,FRA,2024,10,2024-10-01,9,WHO
France,FRA,2024,11,2024-11-01,0,WHO
France,FRA,2024,12,2024-12-01,0,WHO
France,FRA,2025,1,2025-01-01,0,WHO
France,FRA,2025,2,2025-02-01,0,WHO
France,FRA,2025,3,2025-03-01,0,WHO
France,FRA,2025,4,2025-04-01,0,WHO
France,FRA,2025,5,2025-05-01,0,WHO
France,FRA,2025,6,2025-06-01,1,WHO
France,FRA,2025,7,2025-07-01,12,WHO
France,FRA,2025,8,2025-08-01,8,WHO
France,FRA,2025,9,2025-09-01,NA,NA
France,FRA,2025,10,2025-10-01,NA,NA
France,FRA,2025,11,2025-11-01,NA,NA
France,FRA,2025,12,2025-12-01,NA,NA
French Guiana,GUF,2024,1,2024-01-01,3672,PAHO
French Guiana,GUF,2024,2,2024-02-01,3993,PAHO
French Guiana,GUF,2024,3,2024-03-01,3867,PAHO
French Guiana,GUF,2024,4,2024-04-01,1794,PAHO
French Guiana,GUF,2024,5,2024-05-01,1334,PAHO
French Guiana,GUF,2024,6,2024-06-01,817,PAHO
French Guiana,GUF,2024,7,2024-07-01,587,PAHO
French Guiana,GUF,2024,8,2024-08-01,77,PAHO
French Guiana,GUF,2024,9,2024-09-01,NA,PAHO
French Guiana,GUF,2024,10,2024-10-01,NA,PAHO
French Guiana,GUF,2024,11,2024-11-01,NA,PAHO
French Guiana,GUF,2024,12,2024-12-01,NA,PAHO
French Guiana,GUF,2025,1,2025-01-01,NA,PAHO
French Guiana,GUF,2025,2,2025-02-01,NA,PAHO
French Guiana,GUF,2025,3,2025-03-01,NA,PAHO
French Guiana,GUF,2025,4,2025-04-01,175,WHO
French Guiana,GUF,2025,5,2025-05-01,33,PAHO
French Guiana,GUF,2025,6,2025-06-01,24,PAHO
French Guiana,GUF,2025,7,2025-07-01,12,PAHO
French Guiana,GUF,2025,8,2025-08-01,18,PAHO
French Guiana,GUF,2025,9,2025-09-01,13,PAHO
French Guiana,GUF,2025,10,2025-10-01,NA,NA
French Guiana,GUF,2025,11,2025-11-01,NA,NA
French Guiana,GUF,2025,12,2025-12-01,NA,NA
French Polynesia,PYF,2024,1,2024-01-01,9,WHO
French Polynesia,PYF,2024,2,2024-02-01,16,WHO
French Polynesia,PYF,2024,3,2024-03-01,11,WHO
French Polynesia,PYF,2024,4,2024-04-01,7,WHO
French Polynesia,PYF,2024,5,2024-05-01,5,WHO
French Polynesia,PYF,2024,6,2024-06-01,17,WHO
French Polynesia,PYF,2024,7,2024-07-01,34,WHO
French Polynesia,PYF,2024,8,2024-08-01,30,WHO
French Polynesia,PYF,2024,9,2024-09-01,18,WHO
French Polynesia,PYF,2024,10,2024-10-01,NA,NA
French Polynesia,PYF,2024,11,2024-11-01,NA,NA
French Polynesia,PYF,2024,12,2024-12-01,NA,NA
French Polynesia,PYF,2025,1,2025-01-01,223,WHO
French Polynesia,PYF,2025,2,2025-02-01,131,WHO
French Polynesia,PYF,2025,3,2025-03-01,240,WHO
French Polynesia,PYF,2025,4,2025-04-01,168,WHO
French Polynesia,PYF,2025,5,2025-05-01,203,WHO
French Polynesia,PYF,2025,6,2025-06-01,84,WHO
French Polynesia,PYF,2025,7,2025-07-01,0,WHO
French Polynesia,PYF,2025,8,2025-08-01,0,WHO
French Polynesia,PYF,2025,9,2025-09-01,NA,NA
French Polynesia,PYF,2025,10,2025-10-01,NA,NA
French Polynesia,PYF,2025,11,2025-11-01,NA,NA
French Polynesia,PYF,2025,12,2025-12-01,NA,NA
Gabon,GAB,2024,1,2024-01-01,0,WHO
Gabon,GAB,2024,2,2024-02-01,0,WHO
Gabon,GAB,2024,3,2024-03-01,0,WHO
Gabon,GAB,2024,4,2024-04-01,0,WHO
Gabon,GAB,2024,5,2024-05-01,0,WHO
Gabon,GAB,2024,6,2024-06-01,0,WHO
Gabon,GAB,2024,7,2024-07-01,0,WHO
Gabon,GAB,2024,8,2024-08-01,0,WHO
Gabon,GAB,2024,9,2024-09-01,NA,NA
Gabon,GAB,2024,10,2024-10-01,NA,NA
Gabon,GAB,2024,11,2024-11-01,NA,NA
Gabon,GAB,2024,12,2024-12-01,0,WHO
Gabon,GAB,2025,1,2025-01-01,0,WHO
Gabon,GAB,2025,2,2025-02-01,0,WHO
Gabon,GAB,2025,3,2025-03-01,0,WHO
Gabon,GAB,2025,4,2025-04-01,0,WHO
Gabon,GAB,2025,5,2025-05-01,0,WHO
Gabon,GAB,2025,6,2025-06-01,0,WHO
Gabon,GAB,2025,7,2025-07-01,0,WHO
Gabon,GAB,2025,8,2025-08-01,0,WHO
Gabon,GAB,2025,9,2025-09-01,NA,NA
Gabon,GAB,2025,10,2025-10-01,NA,NA
Gabon,GAB,2025,11,2025-11-01,NA,NA
Gabon,GAB,2025,12,2025-12-01,NA,NA
Gambia,GMB,2024,1,2024-01-01,0,WHO
Gambia,GMB,2024,2,2024-02-01,0,WHO
Gambia,GMB,2024,3,2024-03-01,0,WHO
Gambia,GMB,2024,4,2024-04-01,0,WHO
Gambia,GMB,2024,5,2024-05-01,0,WHO
Gambia,GMB,2024,6,2024-06-01,0,WHO
Gambia,GMB,2024,7,2024-07-01,0,WHO
Gambia,GMB,2024,8,2024-08-01,0,WHO
Gambia,GMB,2024,9,2024-09-01,0,WHO
Gambia,GMB,2024,10,2024-10-01,0,WHO
Gambia,GMB,2024,11,2024-11-01,0,WHO
Gambia,GMB,2024,12,2024-12-01,0,WHO
Gambia,GMB,2025,1,2025-01-01,NA,NA
Gambia,GMB,2025,2,2025-02-01,0,WHO
Gambia,GMB,2025,3,2025-03-01,0,WHO
Gambia,GMB,2025,4,2025-04-01,0,WHO
Gambia,GMB,2025,5,2025-05-01,0,WHO
Gambia,GMB,2025,6,2025-06-01,0,WHO
Gambia,GMB,2025,7,2025-07-01,0,WHO
Gambia,GMB,2025,8,2025-08-01,NA,NA
Gambia,GMB,2025,9,2025-09-01,NA,NA
Gambia,GMB,2025,10,2025-10-01,NA,NA
Gambia,GMB,2025,11,2025-11-01,NA,NA
Gambia,GMB,2025,12,2025-12-01,NA,NA
Georgia,GEO,2024,1,2024-01-01,0,WHO
Georgia,GEO,2024,2,2024-02-01,0,WHO
Georgia,GEO,2024,3,2024-03-01,0,WHO
Georgia,GEO,2024,4,2024-04-01,0,WHO
Georgia,GEO,2024,5,2024-05-01,0,WHO
Georgia,GEO,2024,6,2024-06-01,0,WHO
Georgia,GEO,2024,7,2024-07-01,0,WHO
Georgia,GEO,2024,8,2024-08-01,0,WHO
Georgia,GEO,2024,9,2024-09-01,0,WHO
Georgia,GEO,2024,10,2024-10-01,0,WHO
Georgia,GEO,2024,11,2024-11-01,0,WHO
Georgia,GEO,2024,12,2024-12-01,0,WHO
Georgia,GEO,2025,1,2025-01-01,0,WHO
Georgia,GEO,2025,2,2025-02-01,0,WHO
Georgia,GEO,2025,3,2025-03-01,0,WHO
Georgia,GEO,2025,4,2025-04-01,0,WHO
Georgia,GEO,2025,5,2025-05-01,0,WHO
Georgia,GEO,2025,6,2025-06-01,0,WHO
Georgia,GEO,2025,7,2025-07-01,0,WHO
Georgia,GEO,2025,8,2025-08-01,0,WHO
Georgia,GEO,2025,9,2025-09-01,NA,NA
Georgia,GEO,2025,10,2025-10-01,NA,NA
Georgia,GEO,2025,11,2025-11-01,NA,NA
Georgia,GEO,2025,12,2025-12-01,NA,NA
Germany,DEU,2024,1,2024-01-01,0,WHO
Germany,DEU,2024,2,2024-02-01,0,WHO
Germany,DEU,2024,3,2024-03-01,0,WHO
Germany,DEU,2024,4,2024-04-01,0,WHO
Germany,DEU,2024,5,2024-05-01,0,WHO
Germany,DEU,2024,6,2024-06-01,0,WHO
Germany,DEU,2024,7,2024-07-01,0,WHO
Germany,DEU,2024,8,2024-08-01,0,WHO
Germany,DEU,2024,9,2024-09-01,0,WHO
Germany,DEU,2024,10,2024-10-01,0,WHO
Germany,DEU,2024,11,2024-11-01,0,WHO
Germany,DEU,2024,12,2024-12-01,0,WHO
Germany,DEU,2025,1,2025-01-01,0,WHO
Germany,DEU,2025,2,2025-02-01,0,WHO
Germany,DEU,2025,3,2025-03-01,0,WHO
Germany,DEU,2025,4,2025-04-01,0,WHO
Germany,DEU,2025,5,2025-05-01,0,WHO
Germany,DEU,2025,6,2025-06-01,0,WHO
Germany,DEU,2025,7,2025-07-01,0,WHO
Germany,DEU,2025,8,2025-08-01,0,WHO
Germany,DEU,2025,9,2025-09-01,NA,NA
Germany,DEU,2025,10,2025-10-01,NA,NA
Germany,DEU,2025,11,2025-11-01,NA,NA
Germany,DEU,2025,12,2025-12-01,NA,NA
Ghana,GHA,2024,1,2024-01-01,1,WHO
Ghana,GHA,2024,2,2024-02-01,0,WHO
Ghana,GHA,2024,3,2024-03-01,0,WHO
Ghana,GHA,2024,4,2024-04-01,0,WHO
Ghana,GHA,2024,5,2024-05-01,0,WHO
Ghana,GHA,2024,6,2024-06-01,0,WHO
Ghana,GHA,2024,7,2024-07-01,932,WHO
Ghana,GHA,2024,8,2024-08-01,190,WHO
Ghana,GHA,2024,9,2024-09-01,10,WHO
Ghana,GHA,2024,10,2024-10-01,21,WHO
Ghana,GHA,2024,11,2024-11-01,1,WHO
Ghana,GHA,2024,12,2024-12-01,8,WHO
Ghana,GHA,2025,1,2025-01-01,0,WHO
Ghana,GHA,2025,2,2025-02-01,2,WHO
Ghana,GHA,2025,3,2025-03-01,0,WHO
Ghana,GHA,2025,4,2025-04-01,0,WHO
Ghana,GHA,2025,5,2025-05-01,0,WHO
Ghana,GHA,2025,6,2025-06-01,4,WHO
Ghana,GHA,2025,7,2025-07-01,2,WHO
Ghana,GHA,2025,8,2025-08-01,3,WHO
Ghana,GHA,2025,9,2025-09-01,NA,NA
Ghana,GHA,2025,10,2025-10-01,NA,NA
Ghana,GHA,2025,11,2025-11-01,NA,NA
Ghana,GHA,2025,12,2025-12-01,NA,NA
Greece,GRC,2024,1,2024-01-01,0,WHO
Greece,GRC,2024,2,2024-02-01,0,WHO
Greece,GRC,2024,3,2024-03-01,0,WHO
Greece,GRC,2024,4,2024-04-01,0,WHO
Greece,GRC,2024,5,2024-05-01,0,WHO
Greece,GRC,2024,6,2024-06-01,0,WHO
Greece,GRC,2024,7,2024-07-01,0,WHO
Greece,GRC,2024,8,2024-08-01,0,WHO
Greece,GRC,2024,9,2024-09-01,0,WHO
Greece,GRC,2024,10,2024-10-01,0,WHO
Greece,GRC,2024,11,2024-11-01,0,WHO
Greece,GRC,2024,12,2024-12-01,0,WHO
Greece,GRC,2025,1,2025-01-01,0,WHO
Greece,GRC,2025,2,2025-02-01,0,WHO
Greece,GRC,2025,3,2025-03-01,0,WHO
Greece,GRC,2025,4,2025-04-01,0,WHO
Greece,GRC,2025,5,2025-05-01,0,WHO
Greece,GRC,2025,6,2025-06-01,0,WHO
Greece,GRC,2025,7,2025-07-01,0,WHO
Greece,GRC,2025,8,2025-08-01,0,WHO
Greece,GRC,2025,9,2025-09-01,NA,NA
Greece,GRC,2025,10,2025-10-01,NA,NA
Greece,GRC,2025,11,2025-11-01,NA,NA
Greece,GRC,2025,12,2025-12-01,NA,NA
Grenada,GRD,2024,1,2024-01-01,47,PAHO
Grenada,GRD,2024,2,2024-02-01,37,PAHO
Grenada,GRD,2024,3,2024-03-01,24,PAHO
Grenada,GRD,2024,4,2024-04-01,30,PAHO
Grenada,GRD,2024,5,2024-05-01,26,PAHO
Grenada,GRD,2024,6,2024-06-01,53,PAHO
Grenada,GRD,2024,7,2024-07-01,64,PAHO
Grenada,GRD,2024,8,2024-08-01,165,PAHO
Grenada,GRD,2024,9,2024-09-01,244,PAHO
Grenada,GRD,2024,10,2024-10-01,65,PAHO
Grenada,GRD,2024,11,2024-11-01,29,PAHO
Grenada,GRD,2024,12,2024-12-01,14,PAHO
Grenada,GRD,2025,1,2025-01-01,16,PAHO
Grenada,GRD,2025,2,2025-02-01,16,PAHO
Grenada,GRD,2025,3,2025-03-01,24,PAHO
Grenada,GRD,2025,4,2025-04-01,16,PAHO
Grenada,GRD,2025,5,2025-05-01,9,PAHO
Grenada,GRD,2025,6,2025-06-01,21,PAHO
Grenada,GRD,2025,7,2025-07-01,24,PAHO
Grenada,GRD,2025,8,2025-08-01,29,PAHO
Grenada,GRD,2025,9,2025-09-01,41,PAHO
Grenada,GRD,2025,10,2025-10-01,NA,NA
Grenada,GRD,2025,11,2025-11-01,NA,NA
Grenada,GRD,2025,12,2025-12-01,NA,NA
Guadeloupe,GLP,2024,1,2024-01-01,1445,PAHO
Guadeloupe,GLP,2024,2,2024-02-01,715,PAHO
Guadeloupe,GLP,2024,3,2024-03-01,800,PAHO
Guadeloupe,GLP,2024,4,2024-04-01,435,PAHO
Guadeloupe,GLP,2024,5,2024-05-01,290,PAHO
Guadeloupe,GLP,2024,6,2024-06-01,365,PAHO
Guadeloupe,GLP,2024,7,2024-07-01,185,PAHO
Guadeloupe,GLP,2024,8,2024-08-01,0,WHO
Guadeloupe,GLP,2024,9,2024-09-01,1380,PAHO
Guadeloupe,GLP,2024,10,2024-10-01,2040,PAHO
Guadeloupe,GLP,2024,11,2024-11-01,2410,PAHO
Guadeloupe,GLP,2024,12,2024-12-01,960,PAHO
Guadeloupe,GLP,2025,1,2025-01-01,2220,PAHO
Guadeloupe,GLP,2025,2,2025-02-01,970,PAHO
Guadeloupe,GLP,2025,3,2025-03-01,970,PAHO
Guadeloupe,GLP,2025,4,2025-04-01,0,WHO
Guadeloupe,GLP,2025,5,2025-05-01,210,PAHO
Guadeloupe,GLP,2025,6,2025-06-01,265,PAHO
Guadeloupe,GLP,2025,7,2025-07-01,NA,WHO
Guadeloupe,GLP,2025,8,2025-08-01,NA,WHO
Guadeloupe,GLP,2025,9,2025-09-01,NA,NA
Guadeloupe,GLP,2025,10,2025-10-01,NA,NA
Guadeloupe,GLP,2025,11,2025-11-01,NA,NA
Guadeloupe,GLP,2025,12,2025-12-01,NA,NA
Guam,GUM,2025,1,2025-01-01,0,WHO
Guam,GUM,2025,2,2025-02-01,0,WHO
Guam,GUM,2025,3,2025-03-01,1,WHO
Guam,GUM,2025,4,2025-04-01,0,WHO
Guam,GUM,2025,5,2025-05-01,0,WHO
Guam,GUM,2025,6,2025-06-01,0,WHO
Guam,GUM,2025,7,2025-07-01,0,WHO
Guam,GUM,2025,8,2025-08-01,1,WHO
Guam,GUM,2025,9,2025-09-01,NA,NA
Guam,GUM,2025,10,2025-10-01,NA,NA
Guam,GUM,2025,11,2025-11-01,NA,NA
Guam,GUM,2025,12,2025-12-01,NA,NA
Guatemala,GTM,2024,1,2024-01-01,7911,PAHO
Guatemala,GTM,2024,2,2024-02-01,4495,PAHO
Guatemala,GTM,2024,3,2024-03-01,4188,PAHO
Guatemala,GTM,2024,4,2024-04-01,7774,PAHO
Guatemala,GTM,2024,5,2024-05-01,11795,PAHO
Guatemala,GTM,2024,6,2024-06-01,20448,PAHO
Guatemala,GTM,2024,7,2024-07-01,31234,PAHO
Guatemala,GTM,2024,8,2024-08-01,27529,PAHO
Guatemala,GTM,2024,9,2024-09-01,35365,PAHO
Guatemala,GTM,2024,10,2024-10-01,21376,PAHO
Guatemala,GTM,2024,11,2024-11-01,12086,PAHO
Guatemala,GTM,2024,12,2024-12-01,4384,PAHO
Guatemala,GTM,2025,1,2025-01-01,4342,PAHO
Guatemala,GTM,2025,2,2025-02-01,3501,PAHO
Guatemala,GTM,2025,3,2025-03-01,5449,PAHO
Guatemala,GTM,2025,4,2025-04-01,4098,PAHO
Guatemala,GTM,2025,5,2025-05-01,4991,PAHO
Guatemala,GTM,2025,6,2025-06-01,5992,PAHO
Guatemala,GTM,2025,7,2025-07-01,4267,PAHO
Guatemala,GTM,2025,8,2025-08-01,4356,PAHO
Guatemala,GTM,2025,9,2025-09-01,13161,PAHO
Guatemala,GTM,2025,10,2025-10-01,NA,NA
Guatemala,GTM,2025,11,2025-11-01,NA,NA
Guatemala,GTM,2025,12,2025-12-01,NA,NA
Guinea,GIN,2024,1,2024-01-01,0,WHO
Guinea,GIN,2024,2,2024-02-01,0,WHO
Guinea,GIN,2024,3,2024-03-01,0,WHO
Guinea,GIN,2024,4,2024-04-01,0,WHO
Guinea,GIN,2024,5,2024-05-01,0,WHO
Guinea,GIN,2024,6,2024-06-01,0,WHO
Guinea,GIN,2024,7,2024-07-01,2,WHO
Guinea,GIN,2024,8,2024-08-01,NA,NA
Guinea,GIN,2024,9,2024-09-01,NA,NA
Guinea,GIN,2024,10,2024-10-01,NA,NA
Guinea,GIN,2024,11,2024-11-01,NA,NA
Guinea,GIN,2024,12,2024-12-01,NA,NA
Guinea-Bissau,GNB,2024,1,2024-01-01,0,WHO
Guinea-Bissau,GNB,2024,2,2024-02-01,0,WHO
Guinea-Bissau,GNB,2024,3,2024-03-01,0,WHO
Guinea-Bissau,GNB,2024,4,2024-04-01,0,WHO
Guinea-Bissau,GNB,2024,5,2024-05-01,0,WHO
Guinea-Bissau,GNB,2024,6,2024-06-01,0,WHO
Guinea-Bissau,GNB,2024,7,2024-07-01,0,WHO
Guinea-Bissau,GNB,2024,8,2024-08-01,0,WHO
Guinea-Bissau,GNB,2024,9,2024-09-01,0,WHO
Guinea-Bissau,GNB,2024,10,2024-10-01,0,WHO
Guinea-Bissau,GNB,2024,11,2024-11-01,NA,NA
Guinea-Bissau,GNB,2024,12,2024-12-01,0,WHO
Guinea-Bissau,GNB,2025,1,2025-01-01,0,WHO
Guinea-Bissau,GNB,2025,2,2025-02-01,0,WHO
Guinea-Bissau,GNB,2025,3,2025-03-01,0,WHO
Guinea-Bissau,GNB,2025,4,2025-04-01,0,WHO
Guinea-Bissau,GNB,2025,5,2025-05-01,0,WHO
Guinea-Bissau,GNB,2025,6,2025-06-01,0,WHO
Guinea-Bissau,GNB,2025,7,2025-07-01,0,WHO
Guinea-Bissau,GNB,2025,8,2025-08-01,0,WHO
Guinea-Bissau,GNB,2025,9,2025-09-01,NA,NA
Guinea-Bissau,GNB,2025,10,2025-10-01,NA,NA
Guinea-Bissau,GNB,2025,11,2025-11-01,NA,NA
Guinea-Bissau,GNB,2025,12,2025-12-01,NA,NA
Guyana,GUY,2024,1,2024-01-01,3049,PAHO
Guyana,GUY,2024,2,2024-02-01,4222,PAHO
Guyana,GUY,2024,3,2024-03-01,3457,PAHO
Guyana,GUY,2024,4,2024-04-01,4669,PAHO
Guyana,GUY,2024,5,2024-05-01,4673,PAHO
Guyana,GUY,2024,6,2024-06-01,6478,PAHO
Guyana,GUY,2024,7,2024-07-01,7583,PAHO
Guyana,GUY,2024,8,2024-08-01,2105,PAHO
Guyana,GUY,2024,9,2024-09-01,2582,PAHO
Guyana,GUY,2024,10,2024-10-01,2449,PAHO
Guyana,GUY,2024,11,2024-11-01,2793,PAHO
Guyana,GUY,2024,12,2024-12-01,2246,PAHO
Guyana,GUY,2025,1,2025-01-01,5004,PAHO
Guyana,GUY,2025,2,2025-02-01,4232,PAHO
Guyana,GUY,2025,3,2025-03-01,6785,PAHO
Guyana,GUY,2025,4,2025-04-01,3794,PAHO
Guyana,GUY,2025,5,2025-05-01,8235,PAHO
Guyana,GUY,2025,6,2025-06-01,13595,PAHO
Guyana,GUY,2025,7,2025-07-01,16577,PAHO
Guyana,GUY,2025,8,2025-08-01,14460,PAHO
Guyana,GUY,2025,9,2025-09-01,12843,PAHO
Guyana,GUY,2025,10,2025-10-01,NA,NA
Guyana,GUY,2025,11,2025-11-01,NA,NA
Guyana,GUY,2025,12,2025-12-01,NA,NA
Holy See,VAT,2024,1,2024-01-01,0,WHO
Holy See,VAT,2024,2,2024-02-01,0,WHO
Holy See,VAT,2024,3,2024-03-01,0,WHO
Holy See,VAT,2024,4,2024-04-01,0,WHO
Holy See,VAT,2024,5,2024-05-01,0,WHO
Holy See,VAT,2024,6,2024-06-01,0,WHO
Holy See,VAT,2024,7,2024-07-01,0,WHO
Holy See,VAT,2024,8,2024-08-01,0,WHO
Holy See,VAT,2024,9,2024-09-01,0,WHO
Holy See,VAT,2024,10,2024-10-01,0,WHO
Holy See,VAT,2024,11,2024-11-01,0,WHO
Holy See,VAT,2024,12,2024-12-01,0,WHO
Holy See,VAT,2025,1,2025-01-01,0,WHO
Holy See,VAT,2025,2,2025-02-01,0,WHO
Holy See,VAT,2025,3,2025-03-01,0,WHO
Holy See,VAT,2025,4,2025-04-01,0,WHO
Holy See,VAT,2025,5,2025-05-01,0,WHO
Holy See,VAT,2025,6,2025-06-01,0,WHO
Holy See,VAT,2025,7,2025-07-01,0,WHO
Holy See,VAT,2025,8,2025-08-01,0,WHO
Holy See,VAT,2025,9,2025-09-01,NA,NA
Holy See,VAT,2025,10,2025-10-01,NA,NA
Holy See,VAT,2025,11,2025-11-01,NA,NA
Holy See,VAT,2025,12,2025-12-01,NA,NA
Honduras,HND,2024,1,2024-01-01,3602,PAHO
Honduras,HND,2024,2,2024-02-01,3331,PAHO
Honduras,HND,2024,3,2024-03-01,3630,PAHO
Honduras,HND,2024,4,2024-04-01,7656,PAHO
Honduras,HND,2024,5,2024-05-01,10940,PAHO
Honduras,HND,2024,6,2024-06-01,29091,PAHO
Honduras,HND,2024,7,2024-07-01,41723,PAHO
Honduras,HND,2024,8,2024-08-01,37091,PAHO
Honduras,HND,2024,9,2024-09-01,25028,PAHO
Honduras,HND,2024,10,2024-10-01,9410,PAHO
Honduras,HND,2024,11,2024-11-01,4171,PAHO
Honduras,HND,2024,12,2024-12-01,1536,PAHO
Honduras,HND,2025,1,2025-01-01,1434,PAHO
Honduras,HND,2025,2,2025-02-01,1274,PAHO
Honduras,HND,2025,3,2025-03-01,2134,PAHO
Honduras,HND,2025,4,2025-04-01,1467,PAHO
Honduras,HND,2025,5,2025-05-01,1678,PAHO
Honduras,HND,2025,6,2025-06-01,1835,PAHO
Honduras,HND,2025,7,2025-07-01,1424,PAHO
Honduras,HND,2025,8,2025-08-01,1377,PAHO
Honduras,HND,2025,9,2025-09-01,2252,PAHO
Honduras,HND,2025,10,2025-10-01,NA,NA
Honduras,HND,2025,11,2025-11-01,NA,NA
Honduras,HND,2025,12,2025-12-01,NA,NA
Hungary,HUN,2024,1,2024-01-01,0,WHO
Hungary,HUN,2024,2,2024-02-01,0,WHO
Hungary,HUN,2024,3,2024-03-01,0,WHO
Hungary,HUN,2024,4,2024-04-01,0,WHO
Hungary,HUN,2024,5,2024-05-01,0,WHO
Hungary,HUN,2024,6,2024-06-01,0,WHO
Hungary,HUN,2024,7,2024-07-01,0,WHO
Hungary,HUN,2024,8,2024-08-01,0,WHO
Hungary,HUN,2024,9,2024-09-01,0,WHO
Hungary,HUN,2024,10,2024-10-01,0,WHO
Hungary,HUN,2024,11,2024-11-01,0,WHO
Hungary,HUN,2024,12,2024-12-01,0,WHO
Hungary,HUN,2025,1,2025-01-01,0,WHO
Hungary,HUN,2025,2,2025-02-01,0,WHO
Hungary,HUN,2025,3,2025-03-01,0,WHO
Hungary,HUN,2025,4,2025-04-01,0,WHO
Hungary,HUN,2025,5,2025-05-01,0,WHO
Hungary,HUN,2025,6,2025-06-01,0,WHO
Hungary,HUN,2025,7,2025-07-01,0,WHO
Hungary,HUN,2025,8,2025-08-01,0,WHO
Hungary,HUN,2025,9,2025-09-01,NA,NA
Hungary,HUN,2025,10,2025-10-01,NA,NA
Hungary,HUN,2025,11,2025-11-01,NA,NA
Hungary,HUN,2025,12,2025-12-01,NA,NA
Iceland,ISL,2024,1,2024-01-01,0,WHO
Iceland,ISL,2024,2,2024-02-01,0,WHO
Iceland,ISL,2024,3,2024-03-01,0,WHO
Iceland,ISL,2024,4,2024-04-01,0,WHO
Iceland,ISL,2024,5,2024-05-01,0,WHO
Iceland,ISL,2024,6,2024-06-01,0,WHO
Iceland,ISL,2024,7,2024-07-01,0,WHO
Iceland,ISL,2024,8,2024-08-01,0,WHO
Iceland,ISL,2024,9,2024-09-01,0,WHO
Iceland,ISL,2024,10,2024-10-01,0,WHO
Iceland,ISL,2024,11,2024-11-01,0,WHO
Iceland,ISL,2024,12,2024-12-01,0,WHO
Iceland,ISL,2025,1,2025-01-01,0,WHO
Iceland,ISL,2025,2,2025-02-01,0,WHO
Iceland,ISL,2025,3,2025-03-01,0,WHO
Iceland,ISL,2025,4,2025-04-01,0,WHO
Iceland,ISL,2025,5,2025-05-01,0,WHO
Iceland,ISL,2025,6,2025-06-01,0,WHO
Iceland,ISL,2025,7,2025-07-01,0,WHO
Iceland,ISL,2025,8,2025-08-01,0,WHO
Iceland,ISL,2025,9,2025-09-01,NA,NA
Iceland,ISL,2025,10,2025-10-01,NA,NA
Iceland,ISL,2025,11,2025-11-01,NA,NA
Iceland,ISL,2025,12,2025-12-01,NA,NA
India,IND,2024,1,2024-01-01,5079,SEARO
India,IND,2024,2,2024-02-01,5429,SEARO
India,IND,2024,3,2024-03-01,5597,SEARO
India,IND,2024,4,2024-04-01,3342,SEARO
India,IND,2024,5,2024-05-01,5145,SEARO
India,IND,2024,6,2024-06-01,7499,SEARO
India,IND,2024,7,2024-07-01,27675,SEARO
India,IND,2024,8,2024-08-01,32388,SEARO
India,IND,2024,9,2024-09-01,41375,SEARO
India,IND,2024,10,2024-10-01,51183,SEARO
India,IND,2024,11,2024-11-01,30354,SEARO
India,IND,2024,12,2024-12-01,17359,SEARO
India,IND,2025,1,2025-01-01,4700,SEARO
India,IND,2025,2,2025-02-01,3806,SEARO
India,IND,2025,3,2025-03-01,3517,SEARO
India,IND,2025,4,2025-04-01,2700,SEARO
India,IND,2025,5,2025-05-01,3766,SEARO
India,IND,2025,6,2025-06-01,6459,SEARO
India,IND,2025,7,2025-07-01,10302,SEARO
India,IND,2025,8,2025-08-01,14303,SEARO
India,IND,2025,9,2025-09-01,18803,SEARO
India,IND,2025,10,2025-10-01,0,SEARO
India,IND,2025,11,2025-11-01,0,SEARO
India,IND,2025,12,2025-12-01,0,SEARO
Indonesia,IDN,2024,1,2024-01-01,27268,SEARO
Indonesia,IDN,2024,2,2024-02-01,29411,SEARO
Indonesia,IDN,2024,3,2024-03-01,32292,SEARO
Indonesia,IDN,2024,4,2024-04-01,30123,SEARO
Indonesia,IDN,2024,5,2024-05-01,32020,SEARO
Indonesia,IDN,2024,6,2024-06-01,24098,SEARO
Indonesia,IDN,2024,7,2024-07-01,19265,SEARO
Indonesia,IDN,2024,8,2024-08-01,14563,SEARO
Indonesia,IDN,2024,9,2024-09-01,11074,SEARO
Indonesia,IDN,2024,10,2024-10-01,10970,SEARO
Indonesia,IDN,2024,11,2024-11-01,11975,SEARO
Indonesia,IDN,2024,12,2024-12-01,14212,SEARO
Indonesia,IDN,2025,1,2025-01-01,21417,SEARO
Indonesia,IDN,2025,2,2025-02-01,17160,SEARO
Indonesia,IDN,2025,3,2025-03-01,11795,SEARO
Indonesia,IDN,2025,4,2025-04-01,5750,SEARO
Indonesia,IDN,2025,5,2025-05-01,157,SEARO
Indonesia,IDN,2025,6,2025-06-01,0,SEARO
Indonesia,IDN,2025,7,2025-07-01,0,SEARO
Indonesia,IDN,2025,8,2025-08-01,0,SEARO
Indonesia,IDN,2025,9,2025-09-01,0,SEARO
Indonesia,IDN,2025,10,2025-10-01,0,SEARO
Indonesia,IDN,2025,11,2025-11-01,0,SEARO
Indonesia,IDN,2025,12,2025-12-01,0,SEARO
Iran (Islamic Republic of),IRN,2024,1,2024-01-01,NA,NA
Iran (Islamic Republic of),IRN,2024,2,2024-02-01,NA,NA
Iran (Islamic Republic of),IRN,2024,3,2024-03-01,NA,NA
Iran (Islamic Republic of),IRN,2024,4,2024-04-01,0,WHO
Iran (Islamic Republic of),IRN,2024,5,2024-05-01,0,WHO
Iran (Islamic Republic of),IRN,2024,6,2024-06-01,8,WHO
Iran (Islamic Republic of),IRN,2024,7,2024-07-01,7,WHO
Iran (Islamic Republic of),IRN,2024,8,2024-08-01,27,WHO
Iran (Islamic Republic of),IRN,2024,9,2024-09-01,23,WHO
Iran (Islamic Republic of),IRN,2024,10,2024-10-01,89,WHO
Iran (Islamic Republic of),IRN,2024,11,2024-11-01,381,WHO
Iran (Islamic Republic of),IRN,2024,12,2024-12-01,261,WHO
Iran (Islamic Republic of),IRN,2025,1,2025-01-01,93,WHO
Iran (Islamic Republic of),IRN,2025,2,2025-02-01,22,WHO
Iran (Islamic Republic of),IRN,2025,3,2025-03-01,10,WHO
Iran (Islamic Republic of),IRN,2025,4,2025-04-01,12,WHO
Iran (Islamic Republic of),IRN,2025,5,2025-05-01,57,WHO
Iran (Islamic Republic of),IRN,2025,6,2025-06-01,128,WHO
Iran (Islamic Republic of),IRN,2025,7,2025-07-01,84,WHO
Iran (Islamic Republic of),IRN,2025,8,2025-08-01,42,WHO
Iran (Islamic Republic of),IRN,2025,9,2025-09-01,NA,NA
Iran (Islamic Republic of),IRN,2025,10,2025-10-01,NA,NA
Iran (Islamic Republic of),IRN,2025,11,2025-11-01,NA,NA
Iran (Islamic Republic of),IRN,2025,12,2025-12-01,NA,NA
Ireland,IRL,2024,1,2024-01-01,0,WHO
Ireland,IRL,2024,2,2024-02-01,0,WHO
Ireland,IRL,2024,3,2024-03-01,0,WHO
Ireland,IRL,2024,4,2024-04-01,0,WHO
Ireland,IRL,2024,5,2024-05-01,0,WHO
Ireland,IRL,2024,6,2024-06-01,0,WHO
Ireland,IRL,2024,7,2024-07-01,0,WHO
Ireland,IRL,2024,8,2024-08-01,0,WHO
Ireland,IRL,2024,9,2024-09-01,0,WHO
Ireland,IRL,2024,10,2024-10-01,0,WHO
Ireland,IRL,2024,11,2024-11-01,0,WHO
Ireland,IRL,2024,12,2024-12-01,0,WHO
Ireland,IRL,2025,1,2025-01-01,0,WHO
Ireland,IRL,2025,2,2025-02-01,0,WHO
Ireland,IRL,2025,3,2025-03-01,0,WHO
Ireland,IRL,2025,4,2025-04-01,0,WHO
Ireland,IRL,2025,5,2025-05-01,0,WHO
Ireland,IRL,2025,6,2025-06-01,0,WHO
Ireland,IRL,2025,7,2025-07-01,0,WHO
Ireland,IRL,2025,8,2025-08-01,0,WHO
Ireland,IRL,2025,9,2025-09-01,NA,NA
Ireland,IRL,2025,10,2025-10-01,NA,NA
Ireland,IRL,2025,11,2025-11-01,NA,NA
Ireland,IRL,2025,12,2025-12-01,NA,NA
Israel,ISR,2024,1,2024-01-01,0,WHO
Israel,ISR,2024,2,2024-02-01,0,WHO
Israel,ISR,2024,3,2024-03-01,0,WHO
Israel,ISR,2024,4,2024-04-01,0,WHO
Israel,ISR,2024,5,2024-05-01,0,WHO
Israel,ISR,2024,6,2024-06-01,0,WHO
Israel,ISR,2024,7,2024-07-01,0,WHO
Israel,ISR,2024,8,2024-08-01,0,WHO
Israel,ISR,2024,9,2024-09-01,0,WHO
Israel,ISR,2024,10,2024-10-01,0,WHO
Israel,ISR,2024,11,2024-11-01,0,WHO
Israel,ISR,2024,12,2024-12-01,0,WHO
Israel,ISR,2025,1,2025-01-01,0,WHO
Israel,ISR,2025,2,2025-02-01,0,WHO
Israel,ISR,2025,3,2025-03-01,0,WHO
Israel,ISR,2025,4,2025-04-01,0,WHO
Israel,ISR,2025,5,2025-05-01,0,WHO
Israel,ISR,2025,6,2025-06-01,0,WHO
Israel,ISR,2025,7,2025-07-01,0,WHO
Israel,ISR,2025,8,2025-08-01,0,WHO
Israel,ISR,2025,9,2025-09-01,NA,NA
Israel,ISR,2025,10,2025-10-01,NA,NA
Israel,ISR,2025,11,2025-11-01,NA,NA
Israel,ISR,2025,12,2025-12-01,NA,NA
Italy,ITA,2024,1,2024-01-01,0,WHO
Italy,ITA,2024,2,2024-02-01,0,WHO
Italy,ITA,2024,3,2024-03-01,0,WHO
Italy,ITA,2024,4,2024-04-01,0,WHO
Italy,ITA,2024,5,2024-05-01,0,WHO
Italy,ITA,2024,6,2024-06-01,0,WHO
Italy,ITA,2024,7,2024-07-01,1,WHO
Italy,ITA,2024,8,2024-08-01,23,WHO
Italy,ITA,2024,9,2024-09-01,161,WHO
Italy,ITA,2024,10,2024-10-01,28,WHO
Italy,ITA,2024,11,2024-11-01,0,WHO
Italy,ITA,2024,12,2024-12-01,0,WHO
Italy,ITA,2025,1,2025-01-01,0,WHO
Italy,ITA,2025,2,2025-02-01,0,WHO
Italy,ITA,2025,3,2025-03-01,0,WHO
Italy,ITA,2025,4,2025-04-01,0,WHO
Italy,ITA,2025,5,2025-05-01,0,WHO
Italy,ITA,2025,6,2025-06-01,0,WHO
Italy,ITA,2025,7,2025-07-01,4,WHO
Italy,ITA,2025,8,2025-08-01,0,WHO
Italy,ITA,2025,9,2025-09-01,NA,NA
Italy,ITA,2025,10,2025-10-01,NA,NA
Italy,ITA,2025,11,2025-11-01,NA,NA
Italy,ITA,2025,12,2025-12-01,NA,NA
Jamaica,JAM,2024,1,2024-01-01,457,PAHO
Jamaica,JAM,2024,2,2024-02-01,244,PAHO
Jamaica,JAM,2024,3,2024-03-01,309,PAHO
Jamaica,JAM,2024,4,2024-04-01,224,PAHO
Jamaica,JAM,2024,5,2024-05-01,108,PAHO
Jamaica,JAM,2024,6,2024-06-01,57,PAHO
Jamaica,JAM,2024,7,2024-07-01,98,PAHO
Jamaica,JAM,2024,8,2024-08-01,136,PAHO
Jamaica,JAM,2024,9,2024-09-01,122,PAHO
Jamaica,JAM,2024,10,2024-10-01,86,PAHO
Jamaica,JAM,2024,11,2024-11-01,73,PAHO
Jamaica,JAM,2024,12,2024-12-01,120,PAHO
Jamaica,JAM,2025,1,2025-01-01,46,PAHO
Jamaica,JAM,2025,2,2025-02-01,38,PAHO
Jamaica,JAM,2025,3,2025-03-01,37,PAHO
Jamaica,JAM,2025,4,2025-04-01,44,PAHO
Jamaica,JAM,2025,5,2025-05-01,30,PAHO
Jamaica,JAM,2025,6,2025-06-01,65,PAHO
Jamaica,JAM,2025,7,2025-07-01,48,PAHO
Jamaica,JAM,2025,8,2025-08-01,17,PAHO
Jamaica,JAM,2025,9,2025-09-01,58,PAHO
Jamaica,JAM,2025,10,2025-10-01,NA,NA
Jamaica,JAM,2025,11,2025-11-01,NA,NA
Jamaica,JAM,2025,12,2025-12-01,NA,NA
Kazakhstan,KAZ,2024,1,2024-01-01,0,WHO
Kazakhstan,KAZ,2024,2,2024-02-01,0,WHO
Kazakhstan,KAZ,2024,3,2024-03-01,0,WHO
Kazakhstan,KAZ,2024,4,2024-04-01,0,WHO
Kazakhstan,KAZ,2024,5,2024-05-01,0,WHO
Kazakhstan,KAZ,2024,6,2024-06-01,0,WHO
Kazakhstan,KAZ,2024,7,2024-07-01,0,WHO
Kazakhstan,KAZ,2024,8,2024-08-01,0,WHO
Kazakhstan,KAZ,2024,9,2024-09-01,0,WHO
Kazakhstan,KAZ,2024,10,2024-10-01,0,WHO
Kazakhstan,KAZ,2024,11,2024-11-01,0,WHO
Kazakhstan,KAZ,2024,12,2024-12-01,0,WHO
Kazakhstan,KAZ,2025,1,2025-01-01,0,WHO
Kazakhstan,KAZ,2025,2,2025-02-01,0,WHO
Kazakhstan,KAZ,2025,3,2025-03-01,0,WHO
Kazakhstan,KAZ,2025,4,2025-04-01,0,WHO
Kazakhstan,KAZ,2025,5,2025-05-01,0,WHO
Kazakhstan,KAZ,2025,6,2025-06-01,0,WHO
Kazakhstan,KAZ,2025,7,2025-07-01,0,WHO
Kazakhstan,KAZ,2025,8,2025-08-01,0,WHO
Kazakhstan,KAZ,2025,9,2025-09-01,NA,NA
Kazakhstan,KAZ,2025,10,2025-10-01,NA,NA
Kazakhstan,KAZ,2025,11,2025-11-01,NA,NA
Kazakhstan,KAZ,2025,12,2025-12-01,NA,NA
Kenya,KEN,2024,1,2024-01-01,0,WHO
Kenya,KEN,2024,2,2024-02-01,0,WHO
Kenya,KEN,2024,3,2024-03-01,0,WHO
Kenya,KEN,2024,4,2024-04-01,0,WHO
Kenya,KEN,2024,5,2024-05-01,149,WHO
Kenya,KEN,2024,6,2024-06-01,291,WHO
Kenya,KEN,2024,7,2024-07-01,369,WHO
Kenya,KEN,2024,8,2024-08-01,631,WHO
Kenya,KEN,2024,9,2024-09-01,738,WHO
Kenya,KEN,2024,10,2024-10-01,705,WHO
Kenya,KEN,2024,11,2024-11-01,856,WHO
Kenya,KEN,2024,12,2024-12-01,704,WHO
Kenya,KEN,2025,1,2025-01-01,855,WHO
Kenya,KEN,2025,2,2025-02-01,673,WHO
Kenya,KEN,2025,3,2025-03-01,NA,NA
Kenya,KEN,2025,4,2025-04-01,64,WHO
Kenya,KEN,2025,5,2025-05-01,816,WHO
Kenya,KEN,2025,6,2025-06-01,NA,NA
Kenya,KEN,2025,7,2025-07-01,1241,WHO
Kenya,KEN,2025,8,2025-08-01,740,WHO
Kenya,KEN,2025,9,2025-09-01,NA,NA
Kenya,KEN,2025,10,2025-10-01,NA,NA
Kenya,KEN,2025,11,2025-11-01,NA,NA
Kenya,KEN,2025,12,2025-12-01,NA,NA
Kiribati,KIR,2024,1,2024-01-01,0,WHO
Kiribati,KIR,2024,2,2024-02-01,0,WHO
Kiribati,KIR,2024,3,2024-03-01,0,WHO
Kiribati,KIR,2024,4,2024-04-01,0,WHO
Kiribati,KIR,2024,5,2024-05-01,0,WHO
Kiribati,KIR,2024,6,2024-06-01,0,WHO
Kiribati,KIR,2024,7,2024-07-01,0,WHO
Kiribati,KIR,2024,8,2024-08-01,0,WHO
Kiribati,KIR,2024,9,2024-09-01,0,WHO
Kiribati,KIR,2024,10,2024-10-01,NA,NA
Kiribati,KIR,2024,11,2024-11-01,NA,NA
Kiribati,KIR,2024,12,2024-12-01,NA,NA
Kiribati,KIR,2025,1,2025-01-01,0,WHO
Kiribati,KIR,2025,2,2025-02-01,0,WHO
Kiribati,KIR,2025,3,2025-03-01,5,WHO
Kiribati,KIR,2025,4,2025-04-01,21,WHO
Kiribati,KIR,2025,5,2025-05-01,95,WHO
Kiribati,KIR,2025,6,2025-06-01,380,WHO
Kiribati,KIR,2025,7,2025-07-01,494,WHO
Kiribati,KIR,2025,8,2025-08-01,163,WHO
Kiribati,KIR,2025,9,2025-09-01,NA,NA
Kiribati,KIR,2025,10,2025-10-01,NA,NA
Kiribati,KIR,2025,11,2025-11-01,NA,NA
Kiribati,KIR,2025,12,2025-12-01,NA,NA
Kyrgyzstan,KGZ,2024,1,2024-01-01,0,WHO
Kyrgyzstan,KGZ,2024,2,2024-02-01,0,WHO
Kyrgyzstan,KGZ,2024,3,2024-03-01,0,WHO
Kyrgyzstan,KGZ,2024,4,2024-04-01,0,WHO
Kyrgyzstan,KGZ,2024,5,2024-05-01,0,WHO
Kyrgyzstan,KGZ,2024,6,2024-06-01,0,WHO
Kyrgyzstan,KGZ,2024,7,2024-07-01,0,WHO
Kyrgyzstan,KGZ,2024,8,2024-08-01,0,WHO
Kyrgyzstan,KGZ,2024,9,2024-09-01,0,WHO
Kyrgyzstan,KGZ,2024,10,2024-10-01,0,WHO
Kyrgyzstan,KGZ,2024,11,2024-11-01,0,WHO
Kyrgyzstan,KGZ,2024,12,2024-12-01,0,WHO
Kyrgyzstan,KGZ,2025,1,2025-01-01,0,WHO
Kyrgyzstan,KGZ,2025,2,2025-02-01,0,WHO
Kyrgyzstan,KGZ,2025,3,2025-03-01,0,WHO
Kyrgyzstan,KGZ,2025,4,2025-04-01,0,WHO
Kyrgyzstan,KGZ,2025,5,2025-05-01,0,WHO
Kyrgyzstan,KGZ,2025,6,2025-06-01,0,WHO
Kyrgyzstan,KGZ,2025,7,2025-07-01,0,WHO
Kyrgyzstan,KGZ,2025,8,2025-08-01,0,WHO
Kyrgyzstan,KGZ,2025,9,2025-09-01,NA,NA
Kyrgyzstan,KGZ,2025,10,2025-10-01,NA,NA
Kyrgyzstan,KGZ,2025,11,2025-11-01,NA,NA
Kyrgyzstan,KGZ,2025,12,2025-12-01,NA,NA
Lao People's Democratic Republic,LAO,2024,1,2024-01-01,584,WHO
Lao People's Democratic Republic,LAO,2024,2,2024-02-01,587,WHO
Lao People's Democratic Republic,LAO,2024,3,2024-03-01,538,WHO
Lao People's Democratic Republic,LAO,2024,4,2024-04-01,693,WHO
Lao People's Democratic Republic,LAO,2024,5,2024-05-01,857,WHO
Lao People's Democratic Republic,LAO,2024,6,2024-06-01,1686,WHO
Lao People's Democratic Republic,LAO,2024,7,2024-07-01,3612,WHO
Lao People's Democratic Republic,LAO,2024,8,2024-08-01,4487,WHO
Lao People's Democratic Republic,LAO,2024,9,2024-09-01,2520,WHO
Lao People's Democratic Republic,LAO,2024,10,2024-10-01,2303,WHO
Lao People's Democratic Republic,LAO,2024,11,2024-11-01,1058,WHO
Lao People's Democratic Republic,LAO,2024,12,2024-12-01,561,WHO
Lao People's Democratic Republic,LAO,2025,1,2025-01-01,253,WHO
Lao People's Democratic Republic,LAO,2025,2,2025-02-01,165,WHO
Lao People's Democratic Republic,LAO,2025,3,2025-03-01,138,WHO
Lao People's Democratic Republic,LAO,2025,4,2025-04-01,173,WHO
Lao People's Democratic Republic,LAO,2025,5,2025-05-01,614,WHO
Lao People's Democratic Republic,LAO,2025,6,2025-06-01,1271,WHO
Lao People's Democratic Republic,LAO,2025,7,2025-07-01,2741,WHO
Lao People's Democratic Republic,LAO,2025,8,2025-08-01,2015,WHO
Lao People's Democratic Republic,LAO,2025,9,2025-09-01,NA,NA
Lao People's Democratic Republic,LAO,2025,10,2025-10-01,NA,NA
Lao People's Democratic Republic,LAO,2025,11,2025-11-01,NA,NA
Lao People's Democratic Republic,LAO,2025,12,2025-12-01,NA,NA
Latvia,LVA,2024,1,2024-01-01,0,WHO
Latvia,LVA,2024,2,2024-02-01,0,WHO
Latvia,LVA,2024,3,2024-03-01,0,WHO
Latvia,LVA,2024,4,2024-04-01,0,WHO
Latvia,LVA,2024,5,2024-05-01,0,WHO
Latvia,LVA,2024,6,2024-06-01,0,WHO
Latvia,LVA,2024,7,2024-07-01,0,WHO
Latvia,LVA,2024,8,2024-08-01,0,WHO
Latvia,LVA,2024,9,2024-09-01,0,WHO
Latvia,LVA,2024,10,2024-10-01,0,WHO
Latvia,LVA,2024,11,2024-11-01,0,WHO
Latvia,LVA,2024,12,2024-12-01,0,WHO
Latvia,LVA,2025,1,2025-01-01,0,WHO
Latvia,LVA,2025,2,2025-02-01,0,WHO
Latvia,LVA,2025,3,2025-03-01,0,WHO
Latvia,LVA,2025,4,2025-04-01,0,WHO
Latvia,LVA,2025,5,2025-05-01,0,WHO
Latvia,LVA,2025,6,2025-06-01,0,WHO
Latvia,LVA,2025,7,2025-07-01,0,WHO
Latvia,LVA,2025,8,2025-08-01,0,WHO
Latvia,LVA,2025,9,2025-09-01,NA,NA
Latvia,LVA,2025,10,2025-10-01,NA,NA
Latvia,LVA,2025,11,2025-11-01,NA,NA
Latvia,LVA,2025,12,2025-12-01,NA,NA
Liberia,LBR,2024,1,2024-01-01,1,WHO
Liberia,LBR,2024,2,2024-02-01,8,WHO
Liberia,LBR,2024,3,2024-03-01,8,WHO
Liberia,LBR,2024,4,2024-04-01,8,WHO
Liberia,LBR,2024,5,2024-05-01,10,WHO
Liberia,LBR,2024,6,2024-06-01,8,WHO
Liberia,LBR,2024,7,2024-07-01,2,WHO
Liberia,LBR,2024,8,2024-08-01,NA,NA
Liberia,LBR,2024,9,2024-09-01,NA,NA
Liberia,LBR,2024,10,2024-10-01,NA,NA
Liberia,LBR,2024,11,2024-11-01,NA,NA
Liberia,LBR,2024,12,2024-12-01,NA,NA
Liberia,LBR,2025,1,2025-01-01,3,WHO
Liberia,LBR,2025,2,2025-02-01,0,WHO
Liberia,LBR,2025,3,2025-03-01,0,WHO
Liberia,LBR,2025,4,2025-04-01,1,WHO
Liberia,LBR,2025,5,2025-05-01,0,WHO
Liberia,LBR,2025,6,2025-06-01,0,WHO
Liberia,LBR,2025,7,2025-07-01,0,WHO
Liberia,LBR,2025,8,2025-08-01,0,WHO
Liberia,LBR,2025,9,2025-09-01,NA,NA
Liberia,LBR,2025,10,2025-10-01,NA,NA
Liberia,LBR,2025,11,2025-11-01,NA,NA
Liberia,LBR,2025,12,2025-12-01,NA,NA
Liechtenstein,LIE,2024,1,2024-01-01,0,WHO
Liechtenstein,LIE,2024,2,2024-02-01,0,WHO
Liechtenstein,LIE,2024,3,2024-03-01,0,WHO
Liechtenstein,LIE,2024,4,2024-04-01,0,WHO
Liechtenstein,LIE,2024,5,2024-05-01,0,WHO
Liechtenstein,LIE,2024,6,2024-06-01,0,WHO
Liechtenstein,LIE,2024,7,2024-07-01,0,WHO
Liechtenstein,LIE,2024,8,2024-08-01,0,WHO
Liechtenstein,LIE,2024,9,2024-09-01,0,WHO
Liechtenstein,LIE,2024,10,2024-10-01,0,WHO
Liechtenstein,LIE,2024,11,2024-11-01,0,WHO
Liechtenstein,LIE,2024,12,2024-12-01,0,WHO
Liechtenstein,LIE,2025,1,2025-01-01,0,WHO
Liechtenstein,LIE,2025,2,2025-02-01,0,WHO
Liechtenstein,LIE,2025,3,2025-03-01,0,WHO
Liechtenstein,LIE,2025,4,2025-04-01,0,WHO
Liechtenstein,LIE,2025,5,2025-05-01,0,WHO
Liechtenstein,LIE,2025,6,2025-06-01,0,WHO
Liechtenstein,LIE,2025,7,2025-07-01,0,WHO
Liechtenstein,LIE,2025,8,2025-08-01,0,WHO
Liechtenstein,LIE,2025,9,2025-09-01,NA,NA
Liechtenstein,LIE,2025,10,2025-10-01,NA,NA
Liechtenstein,LIE,2025,11,2025-11-01,NA,NA
Liechtenstein,LIE,2025,12,2025-12-01,NA,NA
Lithuania,LTU,2024,1,2024-01-01,0,WHO
Lithuania,LTU,2024,2,2024-02-01,0,WHO
Lithuania,LTU,2024,3,2024-03-01,0,WHO
Lithuania,LTU,2024,4,2024-04-01,0,WHO
Lithuania,LTU,2024,5,2024-05-01,0,WHO
Lithuania,LTU,2024,6,2024-06-01,0,WHO
Lithuania,LTU,2024,7,2024-07-01,0,WHO
Lithuania,LTU,2024,8,2024-08-01,0,WHO
Lithuania,LTU,2024,9,2024-09-01,0,WHO
Lithuania,LTU,2024,10,2024-10-01,0,WHO
Lithuania,LTU,2024,11,2024-11-01,0,WHO
Lithuania,LTU,2024,12,2024-12-01,0,WHO
Lithuania,LTU,2025,1,2025-01-01,0,WHO
Lithuania,LTU,2025,2,2025-02-01,0,WHO
Lithuania,LTU,2025,3,2025-03-01,0,WHO
Lithuania,LTU,2025,4,2025-04-01,0,WHO
Lithuania,LTU,2025,5,2025-05-01,0,WHO
Lithuania,LTU,2025,6,2025-06-01,0,WHO
Lithuania,LTU,2025,7,2025-07-01,0,WHO
Lithuania,LTU,2025,8,2025-08-01,0,WHO
Lithuania,LTU,2025,9,2025-09-01,NA,NA
Lithuania,LTU,2025,10,2025-10-01,NA,NA
Lithuania,LTU,2025,11,2025-11-01,NA,NA
Lithuania,LTU,2025,12,2025-12-01,NA,NA
Luxembourg,LUX,2024,1,2024-01-01,0,WHO
Luxembourg,LUX,2024,2,2024-02-01,0,WHO
Luxembourg,LUX,2024,3,2024-03-01,0,WHO
Luxembourg,LUX,2024,4,2024-04-01,0,WHO
Luxembourg,LUX,2024,5,2024-05-01,0,WHO
Luxembourg,LUX,2024,6,2024-06-01,0,WHO
Luxembourg,LUX,2024,7,2024-07-01,0,WHO
Luxembourg,LUX,2024,8,2024-08-01,0,WHO
Luxembourg,LUX,2024,9,2024-09-01,0,WHO
Luxembourg,LUX,2024,10,2024-10-01,0,WHO
Luxembourg,LUX,2024,11,2024-11-01,0,WHO
Luxembourg,LUX,2024,12,2024-12-01,0,WHO
Luxembourg,LUX,2025,1,2025-01-01,0,WHO
Luxembourg,LUX,2025,2,2025-02-01,0,WHO
Luxembourg,LUX,2025,3,2025-03-01,0,WHO
Luxembourg,LUX,2025,4,2025-04-01,0,WHO
Luxembourg,LUX,2025,5,2025-05-01,0,WHO
Luxembourg,LUX,2025,6,2025-06-01,0,WHO
Luxembourg,LUX,2025,7,2025-07-01,0,WHO
Luxembourg,LUX,2025,8,2025-08-01,0,WHO
Luxembourg,LUX,2025,9,2025-09-01,NA,NA
Luxembourg,LUX,2025,10,2025-10-01,NA,NA
Luxembourg,LUX,2025,11,2025-11-01,NA,NA
Luxembourg,LUX,2025,12,2025-12-01,NA,NA
Madagascar,MDG,2024,1,2024-01-01,0,WHO
Madagascar,MDG,2024,2,2024-02-01,0,WHO
Madagascar,MDG,2024,3,2024-03-01,0,WHO
Madagascar,MDG,2024,4,2024-04-01,0,WHO
Madagascar,MDG,2024,5,2024-05-01,0,WHO
Madagascar,MDG,2024,6,2024-06-01,0,WHO
Madagascar,MDG,2024,7,2024-07-01,NA,NA
Madagascar,MDG,2024,8,2024-08-01,NA,NA
Madagascar,MDG,2024,9,2024-09-01,NA,NA
Madagascar,MDG,2024,10,2024-10-01,NA,NA
Madagascar,MDG,2024,11,2024-11-01,NA,NA
Madagascar,MDG,2024,12,2024-12-01,NA,NA
Malawi,MWI,2024,1,2024-01-01,0,WHO
Malawi,MWI,2024,2,2024-02-01,0,WHO
Malawi,MWI,2024,3,2024-03-01,0,WHO
Malawi,MWI,2024,4,2024-04-01,0,WHO
Malawi,MWI,2024,5,2024-05-01,0,WHO
Malawi,MWI,2024,6,2024-06-01,0,WHO
Malawi,MWI,2024,7,2024-07-01,0,WHO
Malawi,MWI,2024,8,2024-08-01,0,WHO
Malawi,MWI,2024,9,2024-09-01,0,WHO
Malawi,MWI,2024,10,2024-10-01,0,WHO
Malawi,MWI,2024,11,2024-11-01,0,WHO
Malawi,MWI,2024,12,2024-12-01,0,WHO
Malawi,MWI,2025,1,2025-01-01,0,WHO
Malawi,MWI,2025,2,2025-02-01,0,WHO
Malawi,MWI,2025,3,2025-03-01,0,WHO
Malawi,MWI,2025,4,2025-04-01,0,WHO
Malawi,MWI,2025,5,2025-05-01,0,WHO
Malawi,MWI,2025,6,2025-06-01,0,WHO
Malawi,MWI,2025,7,2025-07-01,0,WHO
Malawi,MWI,2025,8,2025-08-01,0,WHO
Malawi,MWI,2025,9,2025-09-01,NA,NA
Malawi,MWI,2025,10,2025-10-01,NA,NA
Malawi,MWI,2025,11,2025-11-01,NA,NA
Malawi,MWI,2025,12,2025-12-01,NA,NA
Malaysia,MYS,2024,1,2024-01-01,18427,WHO
Malaysia,MYS,2024,2,2024-02-01,13954,WHO
Malaysia,MYS,2024,3,2024-03-01,11763,WHO
Malaysia,MYS,2024,4,2024-04-01,8743,WHO
Malaysia,MYS,2024,5,2024-05-01,11742,WHO
Malaysia,MYS,2024,6,2024-06-01,10634,WHO
Malaysia,MYS,2024,7,2024-07-01,12992,WHO
Malaysia,MYS,2024,8,2024-08-01,8317,WHO
Malaysia,MYS,2024,9,2024-09-01,6938,WHO
Malaysia,MYS,2024,10,2024-10-01,7740,WHO
Malaysia,MYS,2024,11,2024-11-01,5699,WHO
Malaysia,MYS,2024,12,2024-12-01,5474,WHO
Malaysia,MYS,2025,1,2025-01-01,6676,WHO
Malaysia,MYS,2025,2,2025-02-01,5049,WHO
Malaysia,MYS,2025,3,2025-03-01,4571,WHO
Malaysia,MYS,2025,4,2025-04-01,5383,WHO
Malaysia,MYS,2025,5,2025-05-01,4877,WHO
Malaysia,MYS,2025,6,2025-06-01,4657,WHO
Malaysia,MYS,2025,7,2025-07-01,5065,WHO
Malaysia,MYS,2025,8,2025-08-01,3338,WHO
Malaysia,MYS,2025,9,2025-09-01,NA,NA
Malaysia,MYS,2025,10,2025-10-01,NA,NA
Malaysia,MYS,2025,11,2025-11-01,NA,NA
Malaysia,MYS,2025,12,2025-12-01,NA,NA
Maldives,MDV,2024,1,2024-01-01,138,SEARO
Maldives,MDV,2024,2,2024-02-01,120,SEARO
Maldives,MDV,2024,3,2024-03-01,125,SEARO
Maldives,MDV,2024,4,2024-04-01,255,SEARO
Maldives,MDV,2024,5,2024-05-01,667,SEARO
Maldives,MDV,2024,6,2024-06-01,618,SEARO
Maldives,MDV,2024,7,2024-07-01,440,SEARO
Maldives,MDV,2024,8,2024-08-01,394,SEARO
Maldives,MDV,2024,9,2024-09-01,180,SEARO
Maldives,MDV,2024,10,2024-10-01,117,SEARO
Maldives,MDV,2024,11,2024-11-01,124,SEARO
Maldives,MDV,2024,12,2024-12-01,68,SEARO
Maldives,MDV,2025,1,2025-01-01,72,SEARO
Maldives,MDV,2025,2,2025-02-01,74,SEARO
Maldives,MDV,2025,3,2025-03-01,69,SEARO
Maldives,MDV,2025,4,2025-04-01,120,SEARO
Maldives,MDV,2025,5,2025-05-01,116,SEARO
Maldives,MDV,2025,6,2025-06-01,165,SEARO
Maldives,MDV,2025,7,2025-07-01,168,SEARO
Maldives,MDV,2025,8,2025-08-01,256,SEARO
Maldives,MDV,2025,9,2025-09-01,252,SEARO
Maldives,MDV,2025,10,2025-10-01,0,SEARO
Maldives,MDV,2025,11,2025-11-01,0,SEARO
Maldives,MDV,2025,12,2025-12-01,0,SEARO
Mali,MLI,2024,1,2024-01-01,576,WHO
Mali,MLI,2024,2,2024-02-01,1067,WHO
Mali,MLI,2024,3,2024-03-01,1122,WHO
Mali,MLI,2024,4,2024-04-01,594,WHO
Mali,MLI,2024,5,2024-05-01,1423,WHO
Mali,MLI,2024,6,2024-06-01,216,WHO
Mali,MLI,2024,7,2024-07-01,421,WHO
Mali,MLI,2024,8,2024-08-01,231,WHO
Mali,MLI,2024,9,2024-09-01,478,WHO
Mali,MLI,2024,10,2024-10-01,1024,WHO
Mali,MLI,2024,11,2024-11-01,1772,WHO
Mali,MLI,2024,12,2024-12-01,632,WHO
Mali,MLI,2025,1,2025-01-01,511,WHO
Mali,MLI,2025,2,2025-02-01,453,WHO
Mali,MLI,2025,3,2025-03-01,332,WHO
Mali,MLI,2025,4,2025-04-01,186,WHO
Mali,MLI,2025,5,2025-05-01,242,WHO
Mali,MLI,2025,6,2025-06-01,233,WHO
Mali,MLI,2025,7,2025-07-01,384,WHO
Mali,MLI,2025,8,2025-08-01,361,WHO
Mali,MLI,2025,9,2025-09-01,NA,NA
Mali,MLI,2025,10,2025-10-01,NA,NA
Mali,MLI,2025,11,2025-11-01,NA,NA
Mali,MLI,2025,12,2025-12-01,NA,NA
Malta,MLT,2024,1,2024-01-01,0,WHO
Malta,MLT,2024,2,2024-02-01,0,WHO
Malta,MLT,2024,3,2024-03-01,0,WHO
Malta,MLT,2024,4,2024-04-01,0,WHO
Malta,MLT,2024,5,2024-05-01,0,WHO
Malta,MLT,2024,6,2024-06-01,0,WHO
Malta,MLT,2024,7,2024-07-01,0,WHO
Malta,MLT,2024,8,2024-08-01,0,WHO
Malta,MLT,2024,9,2024-09-01,0,WHO
Malta,MLT,2024,10,2024-10-01,0,WHO
Malta,MLT,2024,11,2024-11-01,0,WHO
Malta,MLT,2024,12,2024-12-01,0,WHO
Malta,MLT,2025,1,2025-01-01,0,WHO
Malta,MLT,2025,2,2025-02-01,0,WHO
Malta,MLT,2025,3,2025-03-01,0,WHO
Malta,MLT,2025,4,2025-04-01,0,WHO
Malta,MLT,2025,5,2025-05-01,0,WHO
Malta,MLT,2025,6,2025-06-01,0,WHO
Malta,MLT,2025,7,2025-07-01,0,WHO
Malta,MLT,2025,8,2025-08-01,0,WHO
Malta,MLT,2025,9,2025-09-01,NA,NA
Malta,MLT,2025,10,2025-10-01,NA,NA
Malta,MLT,2025,11,2025-11-01,NA,NA
Malta,MLT,2025,12,2025-12-01,NA,NA
Marshall Islands,MHL,2024,1,2024-01-01,0,WHO
Marshall Islands,MHL,2024,2,2024-02-01,0,WHO
Marshall Islands,MHL,2024,3,2024-03-01,0,WHO
Marshall Islands,MHL,2024,4,2024-04-01,0,WHO
Marshall Islands,MHL,2024,5,2024-05-01,0,WHO
Marshall Islands,MHL,2024,6,2024-06-01,0,WHO
Marshall Islands,MHL,2024,7,2024-07-01,0,WHO
Marshall Islands,MHL,2024,8,2024-08-01,0,WHO
Marshall Islands,MHL,2024,9,2024-09-01,NA,NA
Marshall Islands,MHL,2024,10,2024-10-01,NA,NA
Marshall Islands,MHL,2024,11,2024-11-01,NA,NA
Marshall Islands,MHL,2024,12,2024-12-01,NA,NA
Marshall Islands,MHL,2025,1,2025-01-01,0,WHO
Marshall Islands,MHL,2025,2,2025-02-01,0,WHO
Marshall Islands,MHL,2025,3,2025-03-01,0,WHO
Marshall Islands,MHL,2025,4,2025-04-01,0,WHO
Marshall Islands,MHL,2025,5,2025-05-01,0,WHO
Marshall Islands,MHL,2025,6,2025-06-01,0,WHO
Marshall Islands,MHL,2025,7,2025-07-01,0,WHO
Marshall Islands,MHL,2025,8,2025-08-01,0,WHO
Marshall Islands,MHL,2025,9,2025-09-01,NA,NA
Marshall Islands,MHL,2025,10,2025-10-01,NA,NA
Marshall Islands,MHL,2025,11,2025-11-01,NA,NA
Marshall Islands,MHL,2025,12,2025-12-01,NA,NA
Martinique,MTQ,2024,1,2024-01-01,1630,PAHO
Martinique,MTQ,2024,2,2024-02-01,1765,PAHO
Martinique,MTQ,2024,3,2024-03-01,1160,PAHO
Martinique,MTQ,2024,4,2024-04-01,730,PAHO
Martinique,MTQ,2024,5,2024-05-01,340,PAHO
Martinique,MTQ,2024,6,2024-06-01,160,PAHO
Martinique,MTQ,2024,7,2024-07-01,219,PAHO
Martinique,MTQ,2024,8,2024-08-01,0,WHO
Martinique,MTQ,2024,9,2024-09-01,660,PAHO
Martinique,MTQ,2024,10,2024-10-01,305,PAHO
Martinique,MTQ,2024,11,2024-11-01,267,PAHO
Martinique,MTQ,2024,12,2024-12-01,135,PAHO
Martinique,MTQ,2025,1,2025-01-01,293,PAHO
Martinique,MTQ,2025,2,2025-02-01,100,PAHO
Martinique,MTQ,2025,3,2025-03-01,282,PAHO
Martinique,MTQ,2025,4,2025-04-01,100,PAHO
Martinique,MTQ,2025,5,2025-05-01,130,PAHO
Martinique,MTQ,2025,6,2025-06-01,90,PAHO
Martinique,MTQ,2025,7,2025-07-01,NA,WHO
Martinique,MTQ,2025,8,2025-08-01,NA,WHO
Martinique,MTQ,2025,9,2025-09-01,NA,NA
Martinique,MTQ,2025,10,2025-10-01,NA,NA
Martinique,MTQ,2025,11,2025-11-01,NA,NA
Martinique,MTQ,2025,12,2025-12-01,NA,NA
Mauritania,MRT,2024,1,2024-01-01,513,WHO
Mauritania,MRT,2024,2,2024-02-01,407,WHO
Mauritania,MRT,2024,3,2024-03-01,243,WHO
Mauritania,MRT,2024,4,2024-04-01,221,WHO
Mauritania,MRT,2024,5,2024-05-01,135,WHO
Mauritania,MRT,2024,6,2024-06-01,326,WHO
Mauritania,MRT,2024,7,2024-07-01,90,WHO
Mauritania,MRT,2024,8,2024-08-01,382,WHO
Mauritania,MRT,2024,9,2024-09-01,489,WHO
Mauritania,MRT,2024,10,2024-10-01,583,WHO
Mauritania,MRT,2024,11,2024-11-01,170,WHO
Mauritania,MRT,2024,12,2024-12-01,81,WHO
Mauritania,MRT,2025,1,2025-01-01,102,WHO
Mauritania,MRT,2025,2,2025-02-01,66,WHO
Mauritania,MRT,2025,3,2025-03-01,35,WHO
Mauritania,MRT,2025,4,2025-04-01,41,WHO
Mauritania,MRT,2025,5,2025-05-01,3,WHO
Mauritania,MRT,2025,6,2025-06-01,179,WHO
Mauritania,MRT,2025,7,2025-07-01,82,WHO
Mauritania,MRT,2025,8,2025-08-01,37,WHO
Mauritania,MRT,2025,9,2025-09-01,NA,NA
Mauritania,MRT,2025,10,2025-10-01,NA,NA
Mauritania,MRT,2025,11,2025-11-01,NA,NA
Mauritania,MRT,2025,12,2025-12-01,NA,NA
Mauritius,MUS,2024,1,2024-01-01,231,WHO
Mauritius,MUS,2024,2,2024-02-01,3239,WHO
Mauritius,MUS,2024,3,2024-03-01,2067,WHO
Mauritius,MUS,2024,4,2024-04-01,1633,WHO
Mauritius,MUS,2024,5,2024-05-01,1640,WHO
Mauritius,MUS,2024,6,2024-06-01,314,WHO
Mauritius,MUS,2024,7,2024-07-01,193,WHO
Mauritius,MUS,2024,8,2024-08-01,105,WHO
Mauritius,MUS,2024,9,2024-09-01,207,WHO
Mauritius,MUS,2024,10,2024-10-01,144,WHO
Mauritius,MUS,2024,11,2024-11-01,79,WHO
Mauritius,MUS,2024,12,2024-12-01,65,WHO
Mauritius,MUS,2025,1,2025-01-01,79,WHO
Mauritius,MUS,2025,2,2025-02-01,32,WHO
Mauritius,MUS,2025,3,2025-03-01,145,WHO
Mauritius,MUS,2025,4,2025-04-01,361,WHO
Mauritius,MUS,2025,5,2025-05-01,544,WHO
Mauritius,MUS,2025,6,2025-06-01,NA,NA
Mauritius,MUS,2025,7,2025-07-01,255,WHO
Mauritius,MUS,2025,8,2025-08-01,143,WHO
Mauritius,MUS,2025,9,2025-09-01,NA,NA
Mauritius,MUS,2025,10,2025-10-01,NA,NA
Mauritius,MUS,2025,11,2025-11-01,NA,NA
Mauritius,MUS,2025,12,2025-12-01,NA,NA
Mayotte,MYT,2024,1,2024-01-01,0,WHO
Mayotte,MYT,2024,2,2024-02-01,0,WHO
Mayotte,MYT,2024,3,2024-03-01,1,WHO
Mayotte,MYT,2024,4,2024-04-01,22,WHO
Mayotte,MYT,2024,5,2024-05-01,21,WHO
Mayotte,MYT,2024,6,2024-06-01,13,WHO
Mayotte,MYT,2024,7,2024-07-01,4,WHO
Mayotte,MYT,2024,8,2024-08-01,3,WHO
Mayotte,MYT,2024,9,2024-09-01,0,WHO
Mayotte,MYT,2024,10,2024-10-01,4,WHO
Mayotte,MYT,2024,11,2024-11-01,0,WHO
Mayotte,MYT,2024,12,2024-12-01,0,WHO
Mayotte,MYT,2025,1,2025-01-01,0,WHO
Mayotte,MYT,2025,2,2025-02-01,3,WHO
Mayotte,MYT,2025,3,2025-03-01,2,WHO
Mayotte,MYT,2025,4,2025-04-01,4,WHO
Mayotte,MYT,2025,5,2025-05-01,16,WHO
Mayotte,MYT,2025,6,2025-06-01,2,WHO
Mayotte,MYT,2025,7,2025-07-01,2,WHO
Mayotte,MYT,2025,8,2025-08-01,0,WHO
Mayotte,MYT,2025,9,2025-09-01,NA,NA
Mayotte,MYT,2025,10,2025-10-01,NA,NA
Mayotte,MYT,2025,11,2025-11-01,NA,NA
Mayotte,MYT,2025,12,2025-12-01,NA,NA
Mexico,MEX,2024,1,2024-01-01,21247,PAHO
Mexico,MEX,2024,2,2024-02-01,13673,PAHO
Mexico,MEX,2024,3,2024-03-01,12467,PAHO
Mexico,MEX,2024,4,2024-04-01,16800,PAHO
Mexico,MEX,2024,5,2024-05-01,16998,PAHO
Mexico,MEX,2024,6,2024-06-01,31988,PAHO
Mexico,MEX,2024,7,2024-07-01,58351,PAHO
Mexico,MEX,2024,8,2024-08-01,78848,PAHO
Mexico,MEX,2024,9,2024-09-01,125935,PAHO
Mexico,MEX,2024,10,2024-10-01,95931,PAHO
Mexico,MEX,2024,11,2024-11-01,60222,PAHO
Mexico,MEX,2024,12,2024-12-01,26387,PAHO
Mexico,MEX,2025,1,2025-01-01,11169,PAHO
Mexico,MEX,2025,2,2025-02-01,8366,PAHO
Mexico,MEX,2025,3,2025-03-01,8693,PAHO
Mexico,MEX,2025,4,2025-04-01,6206,PAHO
Mexico,MEX,2025,5,2025-05-01,7732,PAHO
Mexico,MEX,2025,6,2025-06-01,11965,PAHO
Mexico,MEX,2025,7,2025-07-01,11728,PAHO
Mexico,MEX,2025,8,2025-08-01,13106,PAHO
Mexico,MEX,2025,9,2025-09-01,20720,PAHO
Mexico,MEX,2025,10,2025-10-01,NA,NA
Mexico,MEX,2025,11,2025-11-01,NA,NA
Mexico,MEX,2025,12,2025-12-01,NA,NA
Micronesia (Federated States of),FSM,2024,1,2024-01-01,4,WHO
Micronesia (Federated States of),FSM,2024,2,2024-02-01,5,WHO
Micronesia (Federated States of),FSM,2024,3,2024-03-01,3,WHO
Micronesia (Federated States of),FSM,2024,4,2024-04-01,5,WHO
Micronesia (Federated States of),FSM,2024,5,2024-05-01,9,WHO
Micronesia (Federated States of),FSM,2024,6,2024-06-01,4,WHO
Micronesia (Federated States of),FSM,2024,7,2024-07-01,1,WHO
Micronesia (Federated States of),FSM,2024,8,2024-08-01,8,WHO
Micronesia (Federated States of),FSM,2024,9,2024-09-01,4,WHO
Micronesia (Federated States of),FSM,2024,10,2024-10-01,NA,NA
Micronesia (Federated States of),FSM,2024,11,2024-11-01,NA,NA
Micronesia (Federated States of),FSM,2024,12,2024-12-01,NA,NA
Micronesia (Federated States of),FSM,2025,1,2025-01-01,5,WHO
Micronesia (Federated States of),FSM,2025,2,2025-02-01,9,WHO
Micronesia (Federated States of),FSM,2025,3,2025-03-01,1,WHO
Micronesia (Federated States of),FSM,2025,4,2025-04-01,3,WHO
Micronesia (Federated States of),FSM,2025,5,2025-05-01,1,WHO
Micronesia (Federated States of),FSM,2025,6,2025-06-01,2,WHO
Micronesia (Federated States of),FSM,2025,7,2025-07-01,6,WHO
Micronesia (Federated States of),FSM,2025,8,2025-08-01,4,WHO
Micronesia (Federated States of),FSM,2025,9,2025-09-01,NA,NA
Micronesia (Federated States of),FSM,2025,10,2025-10-01,NA,NA
Micronesia (Federated States of),FSM,2025,11,2025-11-01,NA,NA
Micronesia (Federated States of),FSM,2025,12,2025-12-01,NA,NA
Monaco,MCO,2024,1,2024-01-01,0,WHO
Monaco,MCO,2024,2,2024-02-01,0,WHO
Monaco,MCO,2024,3,2024-03-01,0,WHO
Monaco,MCO,2024,4,2024-04-01,0,WHO
Monaco,MCO,2024,5,2024-05-01,0,WHO
Monaco,MCO,2024,6,2024-06-01,0,WHO
Monaco,MCO,2024,7,2024-07-01,0,WHO
Monaco,MCO,2024,8,2024-08-01,0,WHO
Monaco,MCO,2024,9,2024-09-01,0,WHO
Monaco,MCO,2024,10,2024-10-01,0,WHO
Monaco,MCO,2024,11,2024-11-01,0,WHO
Monaco,MCO,2024,12,2024-12-01,0,WHO
Monaco,MCO,2025,1,2025-01-01,0,WHO
Monaco,MCO,2025,2,2025-02-01,0,WHO
Monaco,MCO,2025,3,2025-03-01,0,WHO
Monaco,MCO,2025,4,2025-04-01,0,WHO
Monaco,MCO,2025,5,2025-05-01,0,WHO
Monaco,MCO,2025,6,2025-06-01,0,WHO
Monaco,MCO,2025,7,2025-07-01,0,WHO
Monaco,MCO,2025,8,2025-08-01,0,WHO
Monaco,MCO,2025,9,2025-09-01,NA,NA
Monaco,MCO,2025,10,2025-10-01,NA,NA
Monaco,MCO,2025,11,2025-11-01,NA,NA
Monaco,MCO,2025,12,2025-12-01,NA,NA
Montenegro,MNE,2024,1,2024-01-01,0,WHO
Montenegro,MNE,2024,2,2024-02-01,0,WHO
Montenegro,MNE,2024,3,2024-03-01,0,WHO
Montenegro,MNE,2024,4,2024-04-01,0,WHO
Montenegro,MNE,2024,5,2024-05-01,0,WHO
Montenegro,MNE,2024,6,2024-06-01,0,WHO
Montenegro,MNE,2024,7,2024-07-01,0,WHO
Montenegro,MNE,2024,8,2024-08-01,0,WHO
Montenegro,MNE,2024,9,2024-09-01,0,WHO
Montenegro,MNE,2024,10,2024-10-01,0,WHO
Montenegro,MNE,2024,11,2024-11-01,0,WHO
Montenegro,MNE,2024,12,2024-12-01,0,WHO
Montenegro,MNE,2025,1,2025-01-01,0,WHO
Montenegro,MNE,2025,2,2025-02-01,0,WHO
Montenegro,MNE,2025,3,2025-03-01,0,WHO
Montenegro,MNE,2025,4,2025-04-01,0,WHO
Montenegro,MNE,2025,5,2025-05-01,0,WHO
Montenegro,MNE,2025,6,2025-06-01,0,WHO
Montenegro,MNE,2025,7,2025-07-01,0,WHO
Montenegro,MNE,2025,8,2025-08-01,0,WHO
Montenegro,MNE,2025,9,2025-09-01,NA,NA
Montenegro,MNE,2025,10,2025-10-01,NA,NA
Montenegro,MNE,2025,11,2025-11-01,NA,NA
Montenegro,MNE,2025,12,2025-12-01,NA,NA
Montserrat,MSR,2024,1,2024-01-01,1,PAHO
Montserrat,MSR,2024,2,2024-02-01,0,WHO
Montserrat,MSR,2024,3,2024-03-01,0,WHO
Montserrat,MSR,2024,4,2024-04-01,0,WHO
Montserrat,MSR,2024,5,2024-05-01,0,WHO
Montserrat,MSR,2024,6,2024-06-01,1,PAHO
Montserrat,MSR,2024,7,2024-07-01,0,WHO
Montserrat,MSR,2024,8,2024-08-01,0,WHO
Montserrat,MSR,2024,9,2024-09-01,1,PAHO
Montserrat,MSR,2024,10,2024-10-01,1,WHO
Montserrat,MSR,2024,11,2024-11-01,0,WHO
Montserrat,MSR,2024,12,2024-12-01,NA,PAHO
Montserrat,MSR,2025,1,2025-01-01,0,WHO
Montserrat,MSR,2025,2,2025-02-01,0,WHO
Montserrat,MSR,2025,3,2025-03-01,0,WHO
Montserrat,MSR,2025,4,2025-04-01,1,PAHO
Montserrat,MSR,2025,5,2025-05-01,0,WHO
Montserrat,MSR,2025,6,2025-06-01,0,WHO
Montserrat,MSR,2025,7,2025-07-01,0,WHO
Montserrat,MSR,2025,8,2025-08-01,NA,PAHO
Montserrat,MSR,2025,9,2025-09-01,NA,PAHO
Montserrat,MSR,2025,10,2025-10-01,NA,NA
Montserrat,MSR,2025,11,2025-11-01,NA,NA
Montserrat,MSR,2025,12,2025-12-01,NA,NA
Mozambique,MOZ,2024,1,2024-01-01,0,WHO
Mozambique,MOZ,2024,2,2024-02-01,0,WHO
Mozambique,MOZ,2024,3,2024-03-01,0,WHO
Mozambique,MOZ,2024,4,2024-04-01,0,WHO
Mozambique,MOZ,2024,5,2024-05-01,0,WHO
Mozambique,MOZ,2024,6,2024-06-01,0,WHO
Mozambique,MOZ,2024,7,2024-07-01,NA,NA
Mozambique,MOZ,2024,8,2024-08-01,NA,NA
Mozambique,MOZ,2024,9,2024-09-01,NA,NA
Mozambique,MOZ,2024,10,2024-10-01,NA,NA
Mozambique,MOZ,2024,11,2024-11-01,NA,NA
Mozambique,MOZ,2024,12,2024-12-01,NA,NA
Myanmar,MMR,2024,1,2024-01-01,208,SEARO
Myanmar,MMR,2024,2,2024-02-01,181,SEARO
Myanmar,MMR,2024,3,2024-03-01,176,SEARO
Myanmar,MMR,2024,4,2024-04-01,203,SEARO
Myanmar,MMR,2024,5,2024-05-01,311,SEARO
Myanmar,MMR,2024,6,2024-06-01,574,SEARO
Myanmar,MMR,2024,7,2024-07-01,1236,SEARO
Myanmar,MMR,2024,8,2024-08-01,1239,SEARO
Myanmar,MMR,2024,9,2024-09-01,933,SEARO
Myanmar,MMR,2024,10,2024-10-01,690,SEARO
Myanmar,MMR,2024,11,2024-11-01,380,SEARO
Myanmar,MMR,2024,12,2024-12-01,257,SEARO
Myanmar,MMR,2025,1,2025-01-01,172,SEARO
Myanmar,MMR,2025,2,2025-02-01,120,SEARO
Myanmar,MMR,2025,3,2025-03-01,167,SEARO
Myanmar,MMR,2025,4,2025-04-01,235,SEARO
Myanmar,MMR,2025,5,2025-05-01,699,SEARO
Myanmar,MMR,2025,6,2025-06-01,1744,SEARO
Myanmar,MMR,2025,7,2025-07-01,3065,SEARO
Myanmar,MMR,2025,8,2025-08-01,2415,SEARO
Myanmar,MMR,2025,9,2025-09-01,0,SEARO
Myanmar,MMR,2025,10,2025-10-01,0,SEARO
Myanmar,MMR,2025,11,2025-11-01,0,SEARO
Myanmar,MMR,2025,12,2025-12-01,0,SEARO
Namibia,NAM,2024,1,2024-01-01,0,WHO
Namibia,NAM,2024,2,2024-02-01,0,WHO
Namibia,NAM,2024,3,2024-03-01,0,WHO
Namibia,NAM,2024,4,2024-04-01,0,WHO
Namibia,NAM,2024,5,2024-05-01,0,WHO
Namibia,NAM,2024,6,2024-06-01,0,WHO
Namibia,NAM,2024,7,2024-07-01,NA,NA
Namibia,NAM,2024,8,2024-08-01,NA,NA
Namibia,NAM,2024,9,2024-09-01,NA,NA
Namibia,NAM,2024,10,2024-10-01,NA,NA
Namibia,NAM,2024,11,2024-11-01,NA,NA
Namibia,NAM,2024,12,2024-12-01,NA,NA
Nauru,NRU,2025,1,2025-01-01,0,WHO
Nauru,NRU,2025,2,2025-02-01,0,WHO
Nauru,NRU,2025,3,2025-03-01,0,WHO
Nauru,NRU,2025,4,2025-04-01,0,WHO
Nauru,NRU,2025,5,2025-05-01,0,WHO
Nauru,NRU,2025,6,2025-06-01,1,WHO
Nauru,NRU,2025,7,2025-07-01,313,WHO
Nauru,NRU,2025,8,2025-08-01,120,WHO
Nauru,NRU,2025,9,2025-09-01,NA,NA
Nauru,NRU,2025,10,2025-10-01,NA,NA
Nauru,NRU,2025,11,2025-11-01,NA,NA
Nauru,NRU,2025,12,2025-12-01,NA,NA
Nepal,NPL,2024,1,2024-01-01,499,SEARO
Nepal,NPL,2024,2,2024-02-01,408,SEARO
Nepal,NPL,2024,3,2024-03-01,374,SEARO
Nepal,NPL,2024,4,2024-04-01,463,SEARO
Nepal,NPL,2024,5,2024-05-01,495,SEARO
Nepal,NPL,2024,6,2024-06-01,632,SEARO
Nepal,NPL,2024,7,2024-07-01,1906,SEARO
Nepal,NPL,2024,8,2024-08-01,6493,SEARO
Nepal,NPL,2024,9,2024-09-01,11875,SEARO
Nepal,NPL,2024,10,2024-10-01,12332,SEARO
Nepal,NPL,2024,11,2024-11-01,5544,SEARO
Nepal,NPL,2024,12,2024-12-01,844,SEARO
Nepal,NPL,2025,1,2025-01-01,259,SEARO
Nepal,NPL,2025,2,2025-02-01,252,SEARO
Nepal,NPL,2025,3,2025-03-01,254,SEARO
Nepal,NPL,2025,4,2025-04-01,221,SEARO
Nepal,NPL,2025,5,2025-05-01,314,SEARO
Nepal,NPL,2025,6,2025-06-01,530,SEARO
Nepal,NPL,2025,7,2025-07-01,828,SEARO
Nepal,NPL,2025,8,2025-08-01,1189,SEARO
Nepal,NPL,2025,9,2025-09-01,1526,SEARO
Nepal,NPL,2025,10,2025-10-01,0,SEARO
Nepal,NPL,2025,11,2025-11-01,0,SEARO
Nepal,NPL,2025,12,2025-12-01,0,SEARO
Netherlands (Kingdom of the),NLD,2024,1,2024-01-01,0,WHO
Netherlands (Kingdom of the),NLD,2024,2,2024-02-01,0,WHO
Netherlands (Kingdom of the),NLD,2024,3,2024-03-01,0,WHO
Netherlands (Kingdom of the),NLD,2024,4,2024-04-01,0,WHO
Netherlands (Kingdom of the),NLD,2024,5,2024-05-01,0,WHO
Netherlands (Kingdom of the),NLD,2024,6,2024-06-01,0,WHO
Netherlands (Kingdom of the),NLD,2024,7,2024-07-01,0,WHO
Netherlands (Kingdom of the),NLD,2024,8,2024-08-01,0,WHO
Netherlands (Kingdom of the),NLD,2024,9,2024-09-01,0,WHO
Netherlands (Kingdom of the),NLD,2024,10,2024-10-01,0,WHO
Netherlands (Kingdom of the),NLD,2024,11,2024-11-01,0,WHO
Netherlands (Kingdom of the),NLD,2024,12,2024-12-01,0,WHO
Netherlands (Kingdom of the),NLD,2025,1,2025-01-01,0,WHO
Netherlands (Kingdom of the),NLD,2025,2,2025-02-01,0,WHO
Netherlands (Kingdom of the),NLD,2025,3,2025-03-01,0,WHO
Netherlands (Kingdom of the),NLD,2025,4,2025-04-01,0,WHO
Netherlands (Kingdom of the),NLD,2025,5,2025-05-01,0,WHO
Netherlands (Kingdom of the),NLD,2025,6,2025-06-01,0,WHO
Netherlands (Kingdom of the),NLD,2025,7,2025-07-01,0,WHO
Netherlands (Kingdom of the),NLD,2025,8,2025-08-01,0,WHO
Netherlands (Kingdom of the),NLD,2025,9,2025-09-01,NA,NA
Netherlands (Kingdom of the),NLD,2025,10,2025-10-01,NA,NA
Netherlands (Kingdom of the),NLD,2025,11,2025-11-01,NA,NA
Netherlands (Kingdom of the),NLD,2025,12,2025-12-01,NA,NA
New Caledonia,NCL,2024,1,2024-01-01,2,WHO
New Caledonia,NCL,2024,2,2024-02-01,6,WHO
New Caledonia,NCL,2024,3,2024-03-01,7,WHO
New Caledonia,NCL,2024,4,2024-04-01,1,WHO
New Caledonia,NCL,2024,5,2024-05-01,0,WHO
New Caledonia,NCL,2024,6,2024-06-01,0,WHO
New Caledonia,NCL,2024,7,2024-07-01,NA,NA
New Caledonia,NCL,2024,8,2024-08-01,NA,NA
New Caledonia,NCL,2024,9,2024-09-01,NA,NA
New Caledonia,NCL,2024,10,2024-10-01,NA,NA
New Caledonia,NCL,2024,11,2024-11-01,NA,NA
New Caledonia,NCL,2024,12,2024-12-01,NA,NA
New Caledonia,NCL,2025,1,2025-01-01,0,WHO
New Caledonia,NCL,2025,2,2025-02-01,0,WHO
New Caledonia,NCL,2025,3,2025-03-01,0,WHO
New Caledonia,NCL,2025,4,2025-04-01,2,WHO
New Caledonia,NCL,2025,5,2025-05-01,1,WHO
New Caledonia,NCL,2025,6,2025-06-01,0,WHO
New Caledonia,NCL,2025,7,2025-07-01,0,WHO
New Caledonia,NCL,2025,8,2025-08-01,0,WHO
New Caledonia,NCL,2025,9,2025-09-01,NA,NA
New Caledonia,NCL,2025,10,2025-10-01,NA,NA
New Caledonia,NCL,2025,11,2025-11-01,NA,NA
New Caledonia,NCL,2025,12,2025-12-01,NA,NA
Nicaragua,NIC,2024,1,2024-01-01,9530,PAHO
Nicaragua,NIC,2024,2,2024-02-01,6598,PAHO
Nicaragua,NIC,2024,3,2024-03-01,4172,PAHO
Nicaragua,NIC,2024,4,2024-04-01,4832,PAHO
Nicaragua,NIC,2024,5,2024-05-01,4843,PAHO
Nicaragua,NIC,2024,6,2024-06-01,7818,PAHO
Nicaragua,NIC,2024,7,2024-07-01,9940,PAHO
Nicaragua,NIC,2024,8,2024-08-01,8335,PAHO
Nicaragua,NIC,2024,9,2024-09-01,10999,PAHO
Nicaragua,NIC,2024,10,2024-10-01,9946,PAHO
Nicaragua,NIC,2024,11,2024-11-01,8261,PAHO
Nicaragua,NIC,2024,12,2024-12-01,6748,PAHO
Nicaragua,NIC,2025,1,2025-01-01,5702,PAHO
Nicaragua,NIC,2025,2,2025-02-01,NA,WHO
Nicaragua,NIC,2025,3,2025-03-01,NA,WHO
Nicaragua,NIC,2025,4,2025-04-01,NA,WHO
Nicaragua,NIC,2025,5,2025-05-01,NA,WHO
Nicaragua,NIC,2025,6,2025-06-01,NA,WHO
Nicaragua,NIC,2025,7,2025-07-01,NA,WHO
Nicaragua,NIC,2025,8,2025-08-01,NA,WHO
Nicaragua,NIC,2025,9,2025-09-01,NA,NA
Nicaragua,NIC,2025,10,2025-10-01,NA,NA
Nicaragua,NIC,2025,11,2025-11-01,NA,NA
Nicaragua,NIC,2025,12,2025-12-01,NA,NA
Niger,NER,2024,1,2024-01-01,13,WHO
Niger,NER,2024,2,2024-02-01,12,WHO
Niger,NER,2024,3,2024-03-01,31,WHO
Niger,NER,2024,4,2024-04-01,0,WHO
Niger,NER,2024,5,2024-05-01,0,WHO
Niger,NER,2024,6,2024-06-01,0,WHO
Niger,NER,2024,7,2024-07-01,0,WHO
Niger,NER,2024,8,2024-08-01,0,WHO
Niger,NER,2024,9,2024-09-01,0,WHO
Niger,NER,2024,10,2024-10-01,2,WHO
Niger,NER,2024,11,2024-11-01,0,WHO
Niger,NER,2024,12,2024-12-01,0,WHO
Niger,NER,2025,1,2025-01-01,0,WHO
Niger,NER,2025,2,2025-02-01,0,WHO
Niger,NER,2025,3,2025-03-01,0,WHO
Niger,NER,2025,4,2025-04-01,0,WHO
Niger,NER,2025,5,2025-05-01,0,WHO
Niger,NER,2025,6,2025-06-01,0,WHO
Niger,NER,2025,7,2025-07-01,0,WHO
Niger,NER,2025,8,2025-08-01,0,WHO
Niger,NER,2025,9,2025-09-01,NA,NA
Niger,NER,2025,10,2025-10-01,NA,NA
Niger,NER,2025,11,2025-11-01,NA,NA
Niger,NER,2025,12,2025-12-01,NA,NA
Niue,NIU,2024,1,2024-01-01,0,WHO
Niue,NIU,2024,2,2024-02-01,0,WHO
Niue,NIU,2024,3,2024-03-01,0,WHO
Niue,NIU,2024,4,2024-04-01,0,WHO
Niue,NIU,2024,5,2024-05-01,0,WHO
Niue,NIU,2024,6,2024-06-01,0,WHO
Niue,NIU,2024,7,2024-07-01,0,WHO
Niue,NIU,2024,8,2024-08-01,0,WHO
Niue,NIU,2024,9,2024-09-01,0,WHO
Niue,NIU,2024,10,2024-10-01,NA,NA
Niue,NIU,2024,11,2024-11-01,NA,NA
Niue,NIU,2024,12,2024-12-01,NA,NA
Niue,NIU,2025,1,2025-01-01,0,WHO
Niue,NIU,2025,2,2025-02-01,0,WHO
Niue,NIU,2025,3,2025-03-01,0,WHO
Niue,NIU,2025,4,2025-04-01,0,WHO
Niue,NIU,2025,5,2025-05-01,0,WHO
Niue,NIU,2025,6,2025-06-01,0,WHO
Niue,NIU,2025,7,2025-07-01,0,WHO
Niue,NIU,2025,8,2025-08-01,0,WHO
Niue,NIU,2025,9,2025-09-01,NA,NA
Niue,NIU,2025,10,2025-10-01,NA,NA
Niue,NIU,2025,11,2025-11-01,NA,NA
Niue,NIU,2025,12,2025-12-01,NA,NA
North Macedonia,MKD,2024,1,2024-01-01,0,WHO
North Macedonia,MKD,2024,2,2024-02-01,0,WHO
North Macedonia,MKD,2024,3,2024-03-01,0,WHO
North Macedonia,MKD,2024,4,2024-04-01,0,WHO
North Macedonia,MKD,2024,5,2024-05-01,0,WHO
North Macedonia,MKD,2024,6,2024-06-01,0,WHO
North Macedonia,MKD,2024,7,2024-07-01,0,WHO
North Macedonia,MKD,2024,8,2024-08-01,0,WHO
North Macedonia,MKD,2024,9,2024-09-01,0,WHO
North Macedonia,MKD,2024,10,2024-10-01,0,WHO
North Macedonia,MKD,2024,11,2024-11-01,0,WHO
North Macedonia,MKD,2024,12,2024-12-01,0,WHO
North Macedonia,MKD,2025,1,2025-01-01,0,WHO
North Macedonia,MKD,2025,2,2025-02-01,0,WHO
North Macedonia,MKD,2025,3,2025-03-01,0,WHO
North Macedonia,MKD,2025,4,2025-04-01,0,WHO
North Macedonia,MKD,2025,5,2025-05-01,0,WHO
North Macedonia,MKD,2025,6,2025-06-01,0,WHO
North Macedonia,MKD,2025,7,2025-07-01,0,WHO
North Macedonia,MKD,2025,8,2025-08-01,0,WHO
North Macedonia,MKD,2025,9,2025-09-01,NA,NA
North Macedonia,MKD,2025,10,2025-10-01,NA,NA
North Macedonia,MKD,2025,11,2025-11-01,NA,NA
North Macedonia,MKD,2025,12,2025-12-01,NA,NA
Northern Mariana Islands (Commonwealth of the),MNP,2024,1,2024-01-01,0,WHO
Northern Mariana Islands (Commonwealth of the),MNP,2024,2,2024-02-01,0,WHO
Northern Mariana Islands (Commonwealth of the),MNP,2024,3,2024-03-01,0,WHO
Northern Mariana Islands (Commonwealth of the),MNP,2024,4,2024-04-01,0,WHO
Northern Mariana Islands (Commonwealth of the),MNP,2024,5,2024-05-01,0,WHO
Northern Mariana Islands (Commonwealth of the),MNP,2024,6,2024-06-01,0,WHO
Northern Mariana Islands (Commonwealth of the),MNP,2024,7,2024-07-01,1,WHO
Northern Mariana Islands (Commonwealth of the),MNP,2024,8,2024-08-01,0,WHO
Northern Mariana Islands (Commonwealth of the),MNP,2024,9,2024-09-01,0,WHO
Northern Mariana Islands (Commonwealth of the),MNP,2024,10,2024-10-01,NA,NA
Northern Mariana Islands (Commonwealth of the),MNP,2024,11,2024-11-01,NA,NA
Northern Mariana Islands (Commonwealth of the),MNP,2024,12,2024-12-01,NA,NA
Northern Mariana Islands (Commonwealth of the),MNP,2025,1,2025-01-01,0,WHO
Northern Mariana Islands (Commonwealth of the),MNP,2025,2,2025-02-01,0,WHO
Northern Mariana Islands (Commonwealth of the),MNP,2025,3,2025-03-01,1,WHO
Northern Mariana Islands (Commonwealth of the),MNP,2025,4,2025-04-01,0,WHO
Northern Mariana Islands (Commonwealth of the),MNP,2025,5,2025-05-01,0,WHO
Northern Mariana Islands (Commonwealth of the),MNP,2025,6,2025-06-01,0,WHO
Northern Mariana Islands (Commonwealth of the),MNP,2025,7,2025-07-01,0,WHO
Northern Mariana Islands (Commonwealth of the),MNP,2025,8,2025-08-01,0,WHO
Northern Mariana Islands (Commonwealth of the),MNP,2025,9,2025-09-01,NA,NA
Northern Mariana Islands (Commonwealth of the),MNP,2025,10,2025-10-01,NA,NA
Northern Mariana Islands (Commonwealth of the),MNP,2025,11,2025-11-01,NA,NA
Northern Mariana Islands (Commonwealth of the),MNP,2025,12,2025-12-01,NA,NA
Norway,NOR,2024,1,2024-01-01,0,WHO
Norway,NOR,2024,2,2024-02-01,0,WHO
Norway,NOR,2024,3,2024-03-01,0,WHO
Norway,NOR,2024,4,2024-04-01,0,WHO
Norway,NOR,2024,5,2024-05-01,0,WHO
Norway,NOR,2024,6,2024-06-01,0,WHO
Norway,NOR,2024,7,2024-07-01,0,WHO
Norway,NOR,2024,8,2024-08-01,0,WHO
Norway,NOR,2024,9,2024-09-01,0,WHO
Norway,NOR,2024,10,2024-10-01,0,WHO
Norway,NOR,2024,11,2024-11-01,0,WHO
Norway,NOR,2024,12,2024-12-01,0,WHO
Norway,NOR,2025,1,2025-01-01,0,WHO
Norway,NOR,2025,2,2025-02-01,0,WHO
Norway,NOR,2025,3,2025-03-01,0,WHO
Norway,NOR,2025,4,2025-04-01,0,WHO
Norway,NOR,2025,5,2025-05-01,0,WHO
Norway,NOR,2025,6,2025-06-01,0,WHO
Norway,NOR,2025,7,2025-07-01,0,WHO
Norway,NOR,2025,8,2025-08-01,0,WHO
Norway,NOR,2025,9,2025-09-01,NA,NA
Norway,NOR,2025,10,2025-10-01,NA,NA
Norway,NOR,2025,11,2025-11-01,NA,NA
Norway,NOR,2025,12,2025-12-01,NA,NA
Pakistan,PAK,2024,1,2024-01-01,342,WHO
Pakistan,PAK,2024,2,2024-02-01,374,WHO
Pakistan,PAK,2024,3,2024-03-01,282,WHO
Pakistan,PAK,2024,4,2024-04-01,823,WHO
Pakistan,PAK,2024,5,2024-05-01,7675,WHO
Pakistan,PAK,2024,6,2024-06-01,3252,WHO
Pakistan,PAK,2024,7,2024-07-01,2904,WHO
Pakistan,PAK,2024,8,2024-08-01,5710,WHO
Pakistan,PAK,2024,9,2024-09-01,9671,WHO
Pakistan,PAK,2024,10,2024-10-01,15047,WHO
Pakistan,PAK,2024,11,2024-11-01,7661,WHO
Pakistan,PAK,2024,12,2024-12-01,4929,WHO
Pakistan,PAK,2025,1,2025-01-01,3743,WHO
Pakistan,PAK,2025,2,2025-02-01,2496,WHO
Pakistan,PAK,2025,3,2025-03-01,615,WHO
Pakistan,PAK,2025,4,2025-04-01,431,WHO
Pakistan,PAK,2025,5,2025-05-01,499,WHO
Pakistan,PAK,2025,6,2025-06-01,598,WHO
Pakistan,PAK,2025,7,2025-07-01,NA,NA
Pakistan,PAK,2025,8,2025-08-01,NA,NA
Pakistan,PAK,2025,9,2025-09-01,NA,NA
Pakistan,PAK,2025,10,2025-10-01,NA,NA
Pakistan,PAK,2025,11,2025-11-01,NA,NA
Pakistan,PAK,2025,12,2025-12-01,NA,NA
Palau,PLW,2024,1,2024-01-01,1,WHO
Palau,PLW,2024,2,2024-02-01,1,WHO
Palau,PLW,2024,3,2024-03-01,0,WHO
Palau,PLW,2024,4,2024-04-01,0,WHO
Palau,PLW,2024,5,2024-05-01,0,WHO
Palau,PLW,2024,6,2024-06-01,2,WHO
Palau,PLW,2024,7,2024-07-01,0,WHO
Palau,PLW,2024,8,2024-08-01,0,WHO
Palau,PLW,2024,9,2024-09-01,0,WHO
Palau,PLW,2024,10,2024-10-01,NA,NA
Palau,PLW,2024,11,2024-11-01,NA,NA
Palau,PLW,2024,12,2024-12-01,NA,NA
Palau,PLW,2025,1,2025-01-01,0,WHO
Palau,PLW,2025,2,2025-02-01,0,WHO
Palau,PLW,2025,3,2025-03-01,0,WHO
Palau,PLW,2025,4,2025-04-01,0,WHO
Palau,PLW,2025,5,2025-05-01,0,WHO
Palau,PLW,2025,6,2025-06-01,1,WHO
Palau,PLW,2025,7,2025-07-01,6,WHO
Palau,PLW,2025,8,2025-08-01,9,WHO
Palau,PLW,2025,9,2025-09-01,NA,NA
Palau,PLW,2025,10,2025-10-01,NA,NA
Palau,PLW,2025,11,2025-11-01,NA,NA
Palau,PLW,2025,12,2025-12-01,NA,NA
Panama,PAN,2024,1,2024-01-01,2553,PAHO
Panama,PAN,2024,2,2024-02-01,1216,PAHO
Panama,PAN,2024,3,2024-03-01,891,PAHO
Panama,PAN,2024,4,2024-04-01,1032,PAHO
Panama,PAN,2024,5,2024-05-01,1183,PAHO
Panama,PAN,2024,6,2024-06-01,2268,PAHO
Panama,PAN,2024,7,2024-07-01,6839,PAHO
Panama,PAN,2024,8,2024-08-01,6687,PAHO
Panama,PAN,2024,9,2024-09-01,5861,PAHO
Panama,PAN,2024,10,2024-10-01,3558,PAHO
Panama,PAN,2024,11,2024-11-01,2782,PAHO
Panama,PAN,2024,12,2024-12-01,2361,PAHO
Panama,PAN,2025,1,2025-01-01,2393,PAHO
Panama,PAN,2025,2,2025-02-01,1373,PAHO
Panama,PAN,2025,3,2025-03-01,1337,PAHO
Panama,PAN,2025,4,2025-04-01,873,PAHO
Panama,PAN,2025,5,2025-05-01,1030,PAHO
Panama,PAN,2025,6,2025-06-01,1829,PAHO
Panama,PAN,2025,7,2025-07-01,2341,PAHO
Panama,PAN,2025,8,2025-08-01,2027,PAHO
Panama,PAN,2025,9,2025-09-01,1892,PAHO
Panama,PAN,2025,10,2025-10-01,NA,NA
Panama,PAN,2025,11,2025-11-01,NA,NA
Panama,PAN,2025,12,2025-12-01,NA,NA
Paraguay,PRY,2024,1,2024-01-01,97747,PAHO
Paraguay,PRY,2024,2,2024-02-01,69931,PAHO
Paraguay,PRY,2024,3,2024-03-01,50768,PAHO
Paraguay,PRY,2024,4,2024-04-01,42326,PAHO
Paraguay,PRY,2024,5,2024-05-01,14686,PAHO
Paraguay,PRY,2024,6,2024-06-01,5637,PAHO
Paraguay,PRY,2024,7,2024-07-01,2208,PAHO
Paraguay,PRY,2024,8,2024-08-01,1345,PAHO
Paraguay,PRY,2024,9,2024-09-01,1913,PAHO
Paraguay,PRY,2024,10,2024-10-01,2399,PAHO
Paraguay,PRY,2024,11,2024-11-01,3414,PAHO
Paraguay,PRY,2024,12,2024-12-01,3411,PAHO
Paraguay,PRY,2025,1,2025-01-01,4659,PAHO
Paraguay,PRY,2025,2,2025-02-01,3807,PAHO
Paraguay,PRY,2025,3,2025-03-01,4668,PAHO
Paraguay,PRY,2025,4,2025-04-01,2879,PAHO
Paraguay,PRY,2025,5,2025-05-01,3666,PAHO
Paraguay,PRY,2025,6,2025-06-01,1977,PAHO
Paraguay,PRY,2025,7,2025-07-01,876,PAHO
Paraguay,PRY,2025,8,2025-08-01,894,PAHO
Paraguay,PRY,2025,9,2025-09-01,463,PAHO
Paraguay,PRY,2025,10,2025-10-01,NA,NA
Paraguay,PRY,2025,11,2025-11-01,NA,NA
Paraguay,PRY,2025,12,2025-12-01,NA,NA
Peru,PER,2024,1,2024-01-01,12138,PAHO
Peru,PER,2024,2,2024-02-01,37142,PAHO
Peru,PER,2024,3,2024-03-01,69337,PAHO
Peru,PER,2024,4,2024-04-01,96233,PAHO
Peru,PER,2024,5,2024-05-01,32247,PAHO
Peru,PER,2024,6,2024-06-01,7495,PAHO
Peru,PER,2024,7,2024-07-01,2939,PAHO
Peru,PER,2024,8,2024-08-01,1699,PAHO
Peru,PER,2024,9,2024-09-01,2164,PAHO
Peru,PER,2024,10,2024-10-01,2178,PAHO
Peru,PER,2024,11,2024-11-01,3901,PAHO
Peru,PER,2024,12,2024-12-01,4058,PAHO
Peru,PER,2025,1,2025-01-01,6191,PAHO
Peru,PER,2025,2,2025-02-01,4570,PAHO
Peru,PER,2025,3,2025-03-01,7181,PAHO
Peru,PER,2025,4,2025-04-01,6143,PAHO
Peru,PER,2025,5,2025-05-01,3576,PAHO
Peru,PER,2025,6,2025-06-01,2526,PAHO
Peru,PER,2025,7,2025-07-01,1211,PAHO
Peru,PER,2025,8,2025-08-01,1111,PAHO
Peru,PER,2025,9,2025-09-01,3194,PAHO
Peru,PER,2025,10,2025-10-01,NA,NA
Peru,PER,2025,11,2025-11-01,NA,NA
Peru,PER,2025,12,2025-12-01,NA,NA
Pitcairn Islands,PCN,2024,1,2024-01-01,0,WHO
Pitcairn Islands,PCN,2024,2,2024-02-01,0,WHO
Pitcairn Islands,PCN,2024,3,2024-03-01,0,WHO
Pitcairn Islands,PCN,2024,4,2024-04-01,0,WHO
Pitcairn Islands,PCN,2024,5,2024-05-01,0,WHO
Pitcairn Islands,PCN,2024,6,2024-06-01,0,WHO
Pitcairn Islands,PCN,2024,7,2024-07-01,0,WHO
Pitcairn Islands,PCN,2024,8,2024-08-01,0,WHO
Pitcairn Islands,PCN,2024,9,2024-09-01,NA,NA
Pitcairn Islands,PCN,2024,10,2024-10-01,NA,NA
Pitcairn Islands,PCN,2024,11,2024-11-01,NA,NA
Pitcairn Islands,PCN,2024,12,2024-12-01,NA,NA
Pitcairn Islands,PCN,2025,1,2025-01-01,0,WHO
Pitcairn Islands,PCN,2025,2,2025-02-01,0,WHO
Pitcairn Islands,PCN,2025,3,2025-03-01,1,WHO
Pitcairn Islands,PCN,2025,4,2025-04-01,0,WHO
Pitcairn Islands,PCN,2025,5,2025-05-01,0,WHO
Pitcairn Islands,PCN,2025,6,2025-06-01,0,WHO
Pitcairn Islands,PCN,2025,7,2025-07-01,0,WHO
Pitcairn Islands,PCN,2025,8,2025-08-01,0,WHO
Pitcairn Islands,PCN,2025,9,2025-09-01,NA,NA
Pitcairn Islands,PCN,2025,10,2025-10-01,NA,NA
Pitcairn Islands,PCN,2025,11,2025-11-01,NA,NA
Pitcairn Islands,PCN,2025,12,2025-12-01,NA,NA
Poland,POL,2024,1,2024-01-01,0,WHO
Poland,POL,2024,2,2024-02-01,0,WHO
Poland,POL,2024,3,2024-03-01,0,WHO
Poland,POL,2024,4,2024-04-01,0,WHO
Poland,POL,2024,5,2024-05-01,0,WHO
Poland,POL,2024,6,2024-06-01,0,WHO
Poland,POL,2024,7,2024-07-01,0,WHO
Poland,POL,2024,8,2024-08-01,0,WHO
Poland,POL,2024,9,2024-09-01,0,WHO
Poland,POL,2024,10,2024-10-01,0,WHO
Poland,POL,2024,11,2024-11-01,0,WHO
Poland,POL,2024,12,2024-12-01,0,WHO
Poland,POL,2025,1,2025-01-01,0,WHO
Poland,POL,2025,2,2025-02-01,0,WHO
Poland,POL,2025,3,2025-03-01,0,WHO
Poland,POL,2025,4,2025-04-01,0,WHO
Poland,POL,2025,5,2025-05-01,0,WHO
Poland,POL,2025,6,2025-06-01,0,WHO
Poland,POL,2025,7,2025-07-01,0,WHO
Poland,POL,2025,8,2025-08-01,0,WHO
Poland,POL,2025,9,2025-09-01,NA,NA
Poland,POL,2025,10,2025-10-01,NA,NA
Poland,POL,2025,11,2025-11-01,NA,NA
Poland,POL,2025,12,2025-12-01,NA,NA
Portugal,PRT,2024,1,2024-01-01,0,WHO
Portugal,PRT,2024,2,2024-02-01,0,WHO
Portugal,PRT,2024,3,2024-03-01,0,WHO
Portugal,PRT,2024,4,2024-04-01,0,WHO
Portugal,PRT,2024,5,2024-05-01,0,WHO
Portugal,PRT,2024,6,2024-06-01,0,WHO
Portugal,PRT,2024,7,2024-07-01,0,WHO
Portugal,PRT,2024,8,2024-08-01,0,WHO
Portugal,PRT,2024,9,2024-09-01,0,WHO
Portugal,PRT,2024,10,2024-10-01,0,WHO
Portugal,PRT,2024,11,2024-11-01,0,WHO
Portugal,PRT,2024,12,2024-12-01,0,WHO
Portugal,PRT,2025,1,2025-01-01,0,WHO
Portugal,PRT,2025,2,2025-02-01,0,WHO
Portugal,PRT,2025,3,2025-03-01,0,WHO
Portugal,PRT,2025,4,2025-04-01,0,WHO
Portugal,PRT,2025,5,2025-05-01,0,WHO
Portugal,PRT,2025,6,2025-06-01,0,WHO
Portugal,PRT,2025,7,2025-07-01,0,WHO
Portugal,PRT,2025,8,2025-08-01,0,WHO
Portugal,PRT,2025,9,2025-09-01,NA,NA
Portugal,PRT,2025,10,2025-10-01,NA,NA
Portugal,PRT,2025,11,2025-11-01,NA,NA
Portugal,PRT,2025,12,2025-12-01,NA,NA
Puerto Rico,PRI,2024,1,2024-01-01,284,PAHO
Puerto Rico,PRI,2024,2,2024-02-01,226,PAHO
Puerto Rico,PRI,2024,3,2024-03-01,222,PAHO
Puerto Rico,PRI,2024,4,2024-04-01,341,PAHO
Puerto Rico,PRI,2024,5,2024-05-01,384,PAHO
Puerto Rico,PRI,2024,6,2024-06-01,417,PAHO
Puerto Rico,PRI,2024,7,2024-07-01,739,PAHO
Puerto Rico,PRI,2024,8,2024-08-01,593,PAHO
Puerto Rico,PRI,2024,9,2024-09-01,923,PAHO
Puerto Rico,PRI,2024,10,2024-10-01,721,PAHO
Puerto Rico,PRI,2024,11,2024-11-01,589,PAHO
Puerto Rico,PRI,2024,12,2024-12-01,649,PAHO
Puerto Rico,PRI,2025,1,2025-01-01,662,PAHO
Puerto Rico,PRI,2025,2,2025-02-01,389,PAHO
Puerto Rico,PRI,2025,3,2025-03-01,329,PAHO
Puerto Rico,PRI,2025,4,2025-04-01,193,PAHO
Puerto Rico,PRI,2025,5,2025-05-01,191,PAHO
Puerto Rico,PRI,2025,6,2025-06-01,297,PAHO
Puerto Rico,PRI,2025,7,2025-07-01,210,PAHO
Puerto Rico,PRI,2025,8,2025-08-01,189,PAHO
Puerto Rico,PRI,2025,9,2025-09-01,146,PAHO
Puerto Rico,PRI,2025,10,2025-10-01,NA,NA
Puerto Rico,PRI,2025,11,2025-11-01,NA,NA
Puerto Rico,PRI,2025,12,2025-12-01,NA,NA
Republic of Moldova,MDA,2024,1,2024-01-01,0,WHO
Republic of Moldova,MDA,2024,2,2024-02-01,0,WHO
Republic of Moldova,MDA,2024,3,2024-03-01,0,WHO
Republic of Moldova,MDA,2024,4,2024-04-01,0,WHO
Republic of Moldova,MDA,2024,5,2024-05-01,0,WHO
Republic of Moldova,MDA,2024,6,2024-06-01,0,WHO
Republic of Moldova,MDA,2024,7,2024-07-01,0,WHO
Republic of Moldova,MDA,2024,8,2024-08-01,0,WHO
Republic of Moldova,MDA,2024,9,2024-09-01,0,WHO
Republic of Moldova,MDA,2024,10,2024-10-01,0,WHO
Republic of Moldova,MDA,2024,11,2024-11-01,0,WHO
Republic of Moldova,MDA,2024,12,2024-12-01,0,WHO
Republic of Moldova,MDA,2025,1,2025-01-01,0,WHO
Republic of Moldova,MDA,2025,2,2025-02-01,0,WHO
Republic of Moldova,MDA,2025,3,2025-03-01,0,WHO
Republic of Moldova,MDA,2025,4,2025-04-01,0,WHO
Republic of Moldova,MDA,2025,5,2025-05-01,0,WHO
Republic of Moldova,MDA,2025,6,2025-06-01,0,WHO
Republic of Moldova,MDA,2025,7,2025-07-01,0,WHO
Republic of Moldova,MDA,2025,8,2025-08-01,0,WHO
Republic of Moldova,MDA,2025,9,2025-09-01,NA,NA
Republic of Moldova,MDA,2025,10,2025-10-01,NA,NA
Republic of Moldova,MDA,2025,11,2025-11-01,NA,NA
Republic of Moldova,MDA,2025,12,2025-12-01,NA,NA
Réunion,REU,2024,1,2024-01-01,36,WHO
Réunion,REU,2024,2,2024-02-01,18,WHO
Réunion,REU,2024,3,2024-03-01,441,WHO
Réunion,REU,2024,4,2024-04-01,322,WHO
Réunion,REU,2024,5,2024-05-01,299,WHO
Réunion,REU,2024,6,2024-06-01,111,WHO
Réunion,REU,2024,7,2024-07-01,NA,NA
Réunion,REU,2024,8,2024-08-01,NA,NA
Réunion,REU,2024,9,2024-09-01,NA,NA
Réunion,REU,2024,10,2024-10-01,NA,NA
Réunion,REU,2024,11,2024-11-01,NA,NA
Réunion,REU,2024,12,2024-12-01,NA,NA
Réunion,REU,2025,1,2025-01-01,10,WHO
Réunion,REU,2025,2,2025-02-01,0,WHO
Réunion,REU,2025,3,2025-03-01,2,WHO
Réunion,REU,2025,4,2025-04-01,5,WHO
Réunion,REU,2025,5,2025-05-01,0,WHO
Réunion,REU,2025,6,2025-06-01,0,WHO
Réunion,REU,2025,7,2025-07-01,0,WHO
Réunion,REU,2025,8,2025-08-01,0,WHO
Réunion,REU,2025,9,2025-09-01,NA,NA
Réunion,REU,2025,10,2025-10-01,NA,NA
Réunion,REU,2025,11,2025-11-01,NA,NA
Réunion,REU,2025,12,2025-12-01,NA,NA
Romania,ROU,2024,1,2024-01-01,0,WHO
Romania,ROU,2024,2,2024-02-01,0,WHO
Romania,ROU,2024,3,2024-03-01,0,WHO
Romania,ROU,2024,4,2024-04-01,0,WHO
Romania,ROU,2024,5,2024-05-01,0,WHO
Romania,ROU,2024,6,2024-06-01,0,WHO
Romania,ROU,2024,7,2024-07-01,0,WHO
Romania,ROU,2024,8,2024-08-01,0,WHO
Romania,ROU,2024,9,2024-09-01,0,WHO
Romania,ROU,2024,10,2024-10-01,0,WHO
Romania,ROU,2024,11,2024-11-01,0,WHO
Romania,ROU,2024,12,2024-12-01,0,WHO
Romania,ROU,2025,1,2025-01-01,0,WHO
Romania,ROU,2025,2,2025-02-01,0,WHO
Romania,ROU,2025,3,2025-03-01,0,WHO
Romania,ROU,2025,4,2025-04-01,0,WHO
Romania,ROU,2025,5,2025-05-01,0,WHO
Romania,ROU,2025,6,2025-06-01,0,WHO
Romania,ROU,2025,7,2025-07-01,0,WHO
Romania,ROU,2025,8,2025-08-01,0,WHO
Romania,ROU,2025,9,2025-09-01,NA,NA
Romania,ROU,2025,10,2025-10-01,NA,NA
Romania,ROU,2025,11,2025-11-01,NA,NA
Romania,ROU,2025,12,2025-12-01,NA,NA
Russian Federation,RUS,2024,1,2024-01-01,0,WHO
Russian Federation,RUS,2024,2,2024-02-01,0,WHO
Russian Federation,RUS,2024,3,2024-03-01,0,WHO
Russian Federation,RUS,2024,4,2024-04-01,0,WHO
Russian Federation,RUS,2024,5,2024-05-01,0,WHO
Russian Federation,RUS,2024,6,2024-06-01,0,WHO
Russian Federation,RUS,2024,7,2024-07-01,0,WHO
Russian Federation,RUS,2024,8,2024-08-01,0,WHO
Russian Federation,RUS,2024,9,2024-09-01,0,WHO
Russian Federation,RUS,2024,10,2024-10-01,0,WHO
Russian Federation,RUS,2024,11,2024-11-01,0,WHO
Russian Federation,RUS,2024,12,2024-12-01,0,WHO
Russian Federation,RUS,2025,1,2025-01-01,0,WHO
Russian Federation,RUS,2025,2,2025-02-01,0,WHO
Russian Federation,RUS,2025,3,2025-03-01,0,WHO
Russian Federation,RUS,2025,4,2025-04-01,0,WHO
Russian Federation,RUS,2025,5,2025-05-01,0,WHO
Russian Federation,RUS,2025,6,2025-06-01,0,WHO
Russian Federation,RUS,2025,7,2025-07-01,0,WHO
Russian Federation,RUS,2025,8,2025-08-01,0,WHO
Russian Federation,RUS,2025,9,2025-09-01,NA,NA
Russian Federation,RUS,2025,10,2025-10-01,NA,NA
Russian Federation,RUS,2025,11,2025-11-01,NA,NA
Russian Federation,RUS,2025,12,2025-12-01,NA,NA
Rwanda,RWA,2024,1,2024-01-01,0,WHO
Rwanda,RWA,2024,2,2024-02-01,0,WHO
Rwanda,RWA,2024,3,2024-03-01,0,WHO
Rwanda,RWA,2024,4,2024-04-01,0,WHO
Rwanda,RWA,2024,5,2024-05-01,0,WHO
Rwanda,RWA,2024,6,2024-06-01,0,WHO
Rwanda,RWA,2024,7,2024-07-01,0,WHO
Rwanda,RWA,2024,8,2024-08-01,0,WHO
Rwanda,RWA,2024,9,2024-09-01,0,WHO
Rwanda,RWA,2024,10,2024-10-01,0,WHO
Rwanda,RWA,2024,11,2024-11-01,NA,NA
Rwanda,RWA,2024,12,2024-12-01,0,WHO
Rwanda,RWA,2025,1,2025-01-01,0,WHO
Rwanda,RWA,2025,2,2025-02-01,0,WHO
Rwanda,RWA,2025,3,2025-03-01,0,WHO
Rwanda,RWA,2025,4,2025-04-01,0,WHO
Rwanda,RWA,2025,5,2025-05-01,0,WHO
Rwanda,RWA,2025,6,2025-06-01,0,WHO
Rwanda,RWA,2025,7,2025-07-01,0,WHO
Rwanda,RWA,2025,8,2025-08-01,0,WHO
Rwanda,RWA,2025,9,2025-09-01,NA,NA
Rwanda,RWA,2025,10,2025-10-01,NA,NA
Rwanda,RWA,2025,11,2025-11-01,NA,NA
Rwanda,RWA,2025,12,2025-12-01,NA,NA
Saint Barthelemy,BLM,2024,1,2024-01-01,76,PAHO
Saint Barthelemy,BLM,2024,2,2024-02-01,29,PAHO
Saint Barthelemy,BLM,2024,3,2024-03-01,9,PAHO
Saint Barthelemy,BLM,2024,4,2024-04-01,7,PAHO
Saint Barthelemy,BLM,2024,5,2024-05-01,14,PAHO
Saint Barthelemy,BLM,2024,6,2024-06-01,6,PAHO
Saint Barthelemy,BLM,2024,7,2024-07-01,7,PAHO
Saint Barthelemy,BLM,2024,8,2024-08-01,NA,PAHO
Saint Barthelemy,BLM,2024,9,2024-09-01,3,PAHO
Saint Barthelemy,BLM,2024,10,2024-10-01,NA,PAHO
Saint Barthelemy,BLM,2024,11,2024-11-01,6,PAHO
Saint Barthelemy,BLM,2024,12,2024-12-01,16,PAHO
Saint Barthelemy,BLM,2025,1,2025-01-01,17,PAHO
Saint Barthelemy,BLM,2025,2,2025-02-01,1,PAHO
Saint Barthelemy,BLM,2025,3,2025-03-01,2,PAHO
Saint Barthelemy,BLM,2025,4,2025-04-01,NA,PAHO
Saint Barthelemy,BLM,2025,5,2025-05-01,NA,PAHO
Saint Barthelemy,BLM,2025,6,2025-06-01,NA,PAHO
Saint Barthelemy,BLM,2025,7,2025-07-01,NA,NA
Saint Barthelemy,BLM,2025,8,2025-08-01,NA,NA
Saint Barthelemy,BLM,2025,9,2025-09-01,NA,NA
Saint Barthelemy,BLM,2025,10,2025-10-01,NA,NA
Saint Barthelemy,BLM,2025,11,2025-11-01,NA,NA
Saint Barthelemy,BLM,2025,12,2025-12-01,NA,NA
Saint Barthélemy,BLM,2024,1,2024-01-01,76,WHO
Saint Barthélemy,BLM,2024,2,2024-02-01,29,WHO
Saint Barthélemy,BLM,2024,3,2024-03-01,9,WHO
Saint Barthélemy,BLM,2024,4,2024-04-01,7,WHO
Saint Barthélemy,BLM,2024,5,2024-05-01,14,WHO
Saint Barthélemy,BLM,2024,6,2024-06-01,6,WHO
Saint Barthélemy,BLM,2024,7,2024-07-01,7,WHO
Saint Barthélemy,BLM,2024,8,2024-08-01,0,WHO
Saint Barthélemy,BLM,2024,9,2024-09-01,0,WHO
Saint Barthélemy,BLM,2024,10,2024-10-01,3,WHO
Saint Barthélemy,BLM,2024,11,2024-11-01,6,WHO
Saint Barthélemy,BLM,2024,12,2024-12-01,16,WHO
Saint Barthélemy,BLM,2025,1,2025-01-01,17,WHO
Saint Barthélemy,BLM,2025,2,2025-02-01,1,WHO
Saint Barthélemy,BLM,2025,3,2025-03-01,2,WHO
Saint Barthélemy,BLM,2025,4,2025-04-01,0,WHO
Saint Barthélemy,BLM,2025,5,2025-05-01,0,WHO
Saint Barthélemy,BLM,2025,6,2025-06-01,0,WHO
Saint Barthélemy,BLM,2025,7,2025-07-01,NA,WHO
Saint Barthélemy,BLM,2025,8,2025-08-01,NA,WHO
Saint Barthélemy,BLM,2025,9,2025-09-01,NA,NA
Saint Barthélemy,BLM,2025,10,2025-10-01,NA,NA
Saint Barthélemy,BLM,2025,11,2025-11-01,NA,NA
Saint Barthélemy,BLM,2025,12,2025-12-01,NA,NA
Saint Kitts and Nevis,KNA,2024,1,2024-01-01,118,PAHO
Saint Kitts and Nevis,KNA,2024,2,2024-02-01,19,PAHO
Saint Kitts and Nevis,KNA,2024,3,2024-03-01,13,PAHO
Saint Kitts and Nevis,KNA,2024,4,2024-04-01,3,PAHO
Saint Kitts and Nevis,KNA,2024,5,2024-05-01,22,PAHO
Saint Kitts and Nevis,KNA,2024,6,2024-06-01,23,PAHO
Saint Kitts and Nevis,KNA,2024,7,2024-07-01,4,PAHO
Saint Kitts and Nevis,KNA,2024,8,2024-08-01,4,PAHO
Saint Kitts and Nevis,KNA,2024,9,2024-09-01,14,PAHO
Saint Kitts and Nevis,KNA,2024,10,2024-10-01,21,PAHO
Saint Kitts and Nevis,KNA,2024,11,2024-11-01,8,PAHO
Saint Kitts and Nevis,KNA,2024,12,2024-12-01,4,PAHO
Saint Kitts and Nevis,KNA,2025,1,2025-01-01,0,WHO
Saint Kitts and Nevis,KNA,2025,2,2025-02-01,4,PAHO
Saint Kitts and Nevis,KNA,2025,3,2025-03-01,0,WHO
Saint Kitts and Nevis,KNA,2025,4,2025-04-01,0,WHO
Saint Kitts and Nevis,KNA,2025,5,2025-05-01,0,WHO
Saint Kitts and Nevis,KNA,2025,6,2025-06-01,0,WHO
Saint Kitts and Nevis,KNA,2025,7,2025-07-01,0,WHO
Saint Kitts and Nevis,KNA,2025,8,2025-08-01,0,WHO
Saint Kitts and Nevis,KNA,2025,9,2025-09-01,NA,NA
Saint Kitts and Nevis,KNA,2025,10,2025-10-01,NA,NA
Saint Kitts and Nevis,KNA,2025,11,2025-11-01,NA,NA
Saint Kitts and Nevis,KNA,2025,12,2025-12-01,NA,NA
Saint Lucia,LCA,2024,1,2024-01-01,0,WHO
Saint Lucia,LCA,2024,2,2024-02-01,4,PAHO
Saint Lucia,LCA,2024,3,2024-03-01,0,WHO
Saint Lucia,LCA,2024,4,2024-04-01,1,PAHO
Saint Lucia,LCA,2024,5,2024-05-01,2,PAHO
Saint Lucia,LCA,2024,6,2024-06-01,6,PAHO
Saint Lucia,LCA,2024,7,2024-07-01,9,PAHO
Saint Lucia,LCA,2024,8,2024-08-01,38,PAHO
Saint Lucia,LCA,2024,9,2024-09-01,217,PAHO
Saint Lucia,LCA,2024,10,2024-10-01,118,PAHO
Saint Lucia,LCA,2024,11,2024-11-01,14,PAHO
Saint Lucia,LCA,2024,12,2024-12-01,23,PAHO
Saint Lucia,LCA,2025,1,2025-01-01,8,PAHO
Saint Lucia,LCA,2025,2,2025-02-01,10,PAHO
Saint Lucia,LCA,2025,3,2025-03-01,6,PAHO
Saint Lucia,LCA,2025,4,2025-04-01,6,PAHO
Saint Lucia,LCA,2025,5,2025-05-01,1,PAHO
Saint Lucia,LCA,2025,6,2025-06-01,8,PAHO
Saint Lucia,LCA,2025,7,2025-07-01,3,PAHO
Saint Lucia,LCA,2025,8,2025-08-01,1,PAHO
Saint Lucia,LCA,2025,9,2025-09-01,2,PAHO
Saint Lucia,LCA,2025,10,2025-10-01,NA,NA
Saint Lucia,LCA,2025,11,2025-11-01,NA,NA
Saint Lucia,LCA,2025,12,2025-12-01,NA,NA
Saint Martin,NA,2024,1,2024-01-01,226,PAHO
Saint Martin,NA,2024,2,2024-02-01,169,PAHO
Saint Martin,NA,2024,3,2024-03-01,44,PAHO
Saint Martin,NA,2024,4,2024-04-01,30,PAHO
Saint Martin,NA,2024,5,2024-05-01,46,PAHO
Saint Martin,NA,2024,6,2024-06-01,40,PAHO
Saint Martin,NA,2024,7,2024-07-01,6,PAHO
Saint Martin,NA,2024,8,2024-08-01,NA,PAHO
Saint Martin,NA,2024,9,2024-09-01,6,PAHO
Saint Martin,NA,2024,10,2024-10-01,39,PAHO
Saint Martin,NA,2024,11,2024-11-01,10,PAHO
Saint Martin,NA,2024,12,2024-12-01,8,PAHO
Saint Martin,NA,2025,1,2025-01-01,53,PAHO
Saint Martin,NA,2025,2,2025-02-01,17,PAHO
Saint Martin,NA,2025,3,2025-03-01,18,PAHO
Saint Martin,NA,2025,4,2025-04-01,32,PAHO
Saint Martin,NA,2025,5,2025-05-01,34,PAHO
Saint Martin,NA,2025,6,2025-06-01,30,PAHO
Saint Martin,NA,2025,7,2025-07-01,NA,NA
Saint Martin,NA,2025,8,2025-08-01,NA,NA
Saint Martin,NA,2025,9,2025-09-01,NA,NA
Saint Martin,NA,2025,10,2025-10-01,NA,NA
Saint Martin,NA,2025,11,2025-11-01,NA,NA
Saint Martin,NA,2025,12,2025-12-01,NA,NA
Saint Martin (French part),MAF,2024,1,2024-01-01,226,WHO
Saint Martin (French part),MAF,2024,2,2024-02-01,169,WHO
Saint Martin (French part),MAF,2024,3,2024-03-01,44,WHO
Saint Martin (French part),MAF,2024,4,2024-04-01,30,WHO
Saint Martin (French part),MAF,2024,5,2024-05-01,46,WHO
Saint Martin (French part),MAF,2024,6,2024-06-01,40,WHO
Saint Martin (French part),MAF,2024,7,2024-07-01,6,WHO
Saint Martin (French part),MAF,2024,8,2024-08-01,0,WHO
Saint Martin (French part),MAF,2024,9,2024-09-01,0,WHO
Saint Martin (French part),MAF,2024,10,2024-10-01,45,WHO
Saint Martin (French part),MAF,2024,11,2024-11-01,10,WHO
Saint Martin (French part),MAF,2024,12,2024-12-01,8,WHO
Saint Martin (French part),MAF,2025,1,2025-01-01,53,WHO
Saint Martin (French part),MAF,2025,2,2025-02-01,17,WHO
Saint Martin (French part),MAF,2025,3,2025-03-01,10,WHO
Saint Martin (French part),MAF,2025,4,2025-04-01,40,WHO
Saint Martin (French part),MAF,2025,5,2025-05-01,34,WHO
Saint Martin (French part),MAF,2025,6,2025-06-01,30,WHO
Saint Martin (French part),MAF,2025,7,2025-07-01,NA,WHO
Saint Martin (French part),MAF,2025,8,2025-08-01,NA,WHO
Saint Martin (French part),MAF,2025,9,2025-09-01,NA,NA
Saint Martin (French part),MAF,2025,10,2025-10-01,NA,NA
Saint Martin (French part),MAF,2025,11,2025-11-01,NA,NA
Saint Martin (French part),MAF,2025,12,2025-12-01,NA,NA
Saint Vincent and the Grenadines,VCT,2024,1,2024-01-01,NA,PAHO
Saint Vincent and the Grenadines,VCT,2024,2,2024-02-01,NA,PAHO
Saint Vincent and the Grenadines,VCT,2024,3,2024-03-01,2,WHO
Saint Vincent and the Grenadines,VCT,2024,4,2024-04-01,0,WHO
Saint Vincent and the Grenadines,VCT,2024,5,2024-05-01,9,PAHO
Saint Vincent and the Grenadines,VCT,2024,6,2024-06-01,7,PAHO
Saint Vincent and the Grenadines,VCT,2024,7,2024-07-01,30,PAHO
Saint Vincent and the Grenadines,VCT,2024,8,2024-08-01,27,PAHO
Saint Vincent and the Grenadines,VCT,2024,9,2024-09-01,846,PAHO
Saint Vincent and the Grenadines,VCT,2024,10,2024-10-01,46,PAHO
Saint Vincent and the Grenadines,VCT,2024,11,2024-11-01,NA,PAHO
Saint Vincent and the Grenadines,VCT,2024,12,2024-12-01,4,WHO
Saint Vincent and the Grenadines,VCT,2025,1,2025-01-01,0,WHO
Saint Vincent and the Grenadines,VCT,2025,2,2025-02-01,2,PAHO
Saint Vincent and the Grenadines,VCT,2025,3,2025-03-01,0,WHO
Saint Vincent and the Grenadines,VCT,2025,4,2025-04-01,1,PAHO
Saint Vincent and the Grenadines,VCT,2025,5,2025-05-01,0,WHO
Saint Vincent and the Grenadines,VCT,2025,6,2025-06-01,2,PAHO
Saint Vincent and the Grenadines,VCT,2025,7,2025-07-01,0,WHO
Saint Vincent and the Grenadines,VCT,2025,8,2025-08-01,4,WHO
Saint Vincent and the Grenadines,VCT,2025,9,2025-09-01,1,PAHO
Saint Vincent and the Grenadines,VCT,2025,10,2025-10-01,NA,PAHO
Saint Vincent and the Grenadines,VCT,2025,11,2025-11-01,NA,NA
Saint Vincent and the Grenadines,VCT,2025,12,2025-12-01,NA,NA
Samoa,WSM,2024,1,2024-01-01,12,WHO
Samoa,WSM,2024,2,2024-02-01,31,WHO
Samoa,WSM,2024,3,2024-03-01,73,WHO
Samoa,WSM,2024,4,2024-04-01,164,WHO
Samoa,WSM,2024,5,2024-05-01,120,WHO
Samoa,WSM,2024,6,2024-06-01,32,WHO
Samoa,WSM,2024,7,2024-07-01,35,WHO
Samoa,WSM,2024,8,2024-08-01,6,WHO
Samoa,WSM,2024,9,2024-09-01,NA,NA
Samoa,WSM,2024,10,2024-10-01,NA,NA
Samoa,WSM,2024,11,2024-11-01,NA,NA
Samoa,WSM,2024,12,2024-12-01,NA,NA
Samoa,WSM,2025,1,2025-01-01,4,WHO
Samoa,WSM,2025,2,2025-02-01,1,WHO
Samoa,WSM,2025,3,2025-03-01,0,WHO
Samoa,WSM,2025,4,2025-04-01,40,WHO
Samoa,WSM,2025,5,2025-05-01,227,WHO
Samoa,WSM,2025,6,2025-06-01,569,WHO
Samoa,WSM,2025,7,2025-07-01,5099,WHO
Samoa,WSM,2025,8,2025-08-01,5925,WHO
Samoa,WSM,2025,9,2025-09-01,NA,NA
Samoa,WSM,2025,10,2025-10-01,NA,NA
Samoa,WSM,2025,11,2025-11-01,NA,NA
Samoa,WSM,2025,12,2025-12-01,NA,NA
San Marino,SMR,2024,1,2024-01-01,0,WHO
San Marino,SMR,2024,2,2024-02-01,0,WHO
San Marino,SMR,2024,3,2024-03-01,0,WHO
San Marino,SMR,2024,4,2024-04-01,0,WHO
San Marino,SMR,2024,5,2024-05-01,0,WHO
San Marino,SMR,2024,6,2024-06-01,0,WHO
San Marino,SMR,2024,7,2024-07-01,0,WHO
San Marino,SMR,2024,8,2024-08-01,0,WHO
San Marino,SMR,2024,9,2024-09-01,0,WHO
San Marino,SMR,2024,10,2024-10-01,0,WHO
San Marino,SMR,2024,11,2024-11-01,0,WHO
San Marino,SMR,2024,12,2024-12-01,0,WHO
San Marino,SMR,2025,1,2025-01-01,0,WHO
San Marino,SMR,2025,2,2025-02-01,0,WHO
San Marino,SMR,2025,3,2025-03-01,0,WHO
San Marino,SMR,2025,4,2025-04-01,0,WHO
San Marino,SMR,2025,5,2025-05-01,0,WHO
San Marino,SMR,2025,6,2025-06-01,0,WHO
San Marino,SMR,2025,7,2025-07-01,0,WHO
San Marino,SMR,2025,8,2025-08-01,0,WHO
San Marino,SMR,2025,9,2025-09-01,NA,NA
San Marino,SMR,2025,10,2025-10-01,NA,NA
San Marino,SMR,2025,11,2025-11-01,NA,NA
San Marino,SMR,2025,12,2025-12-01,NA,NA
Sao Tome and Principe,STP,2024,1,2024-01-01,4,WHO
Sao Tome and Principe,STP,2024,2,2024-02-01,0,WHO
Sao Tome and Principe,STP,2024,3,2024-03-01,3,WHO
Sao Tome and Principe,STP,2024,4,2024-04-01,12,WHO
Sao Tome and Principe,STP,2024,5,2024-05-01,10,WHO
Sao Tome and Principe,STP,2024,6,2024-06-01,3,WHO
Sao Tome and Principe,STP,2024,7,2024-07-01,0,WHO
Sao Tome and Principe,STP,2024,8,2024-08-01,0,WHO
Sao Tome and Principe,STP,2024,9,2024-09-01,0,WHO
Sao Tome and Principe,STP,2024,10,2024-10-01,0,WHO
Sao Tome and Principe,STP,2024,11,2024-11-01,0,WHO
Sao Tome and Principe,STP,2024,12,2024-12-01,0,WHO
Sao Tome and Principe,STP,2025,1,2025-01-01,0,WHO
Sao Tome and Principe,STP,2025,2,2025-02-01,0,WHO
Sao Tome and Principe,STP,2025,3,2025-03-01,0,WHO
Sao Tome and Principe,STP,2025,4,2025-04-01,0,WHO
Sao Tome and Principe,STP,2025,5,2025-05-01,0,WHO
Sao Tome and Principe,STP,2025,6,2025-06-01,0,WHO
Sao Tome and Principe,STP,2025,7,2025-07-01,0,WHO
Sao Tome and Principe,STP,2025,8,2025-08-01,0,WHO
Sao Tome and Principe,STP,2025,9,2025-09-01,NA,NA
Sao Tome and Principe,STP,2025,10,2025-10-01,NA,NA
Sao Tome and Principe,STP,2025,11,2025-11-01,NA,NA
Sao Tome and Principe,STP,2025,12,2025-12-01,NA,NA
Saudi Arabia,SAU,2024,1,2024-01-01,1504,WHO
Saudi Arabia,SAU,2024,2,2024-02-01,1664,WHO
Saudi Arabia,SAU,2024,3,2024-03-01,1426,WHO
Saudi Arabia,SAU,2024,4,2024-04-01,1075,WHO
Saudi Arabia,SAU,2024,5,2024-05-01,1024,WHO
Saudi Arabia,SAU,2024,6,2024-06-01,857,WHO
Saudi Arabia,SAU,2024,7,2024-07-01,320,WHO
Saudi Arabia,SAU,2024,8,2024-08-01,323,WHO
Saudi Arabia,SAU,2024,9,2024-09-01,NA,NA
Saudi Arabia,SAU,2024,10,2024-10-01,NA,NA
Saudi Arabia,SAU,2024,11,2024-11-01,NA,NA
Saudi Arabia,SAU,2024,12,2024-12-01,NA,NA
Senegal,SEN,2024,1,2024-01-01,57,WHO
Senegal,SEN,2024,2,2024-02-01,67,WHO
Senegal,SEN,2024,3,2024-03-01,29,WHO
Senegal,SEN,2024,4,2024-04-01,16,WHO
Senegal,SEN,2024,5,2024-05-01,12,WHO
Senegal,SEN,2024,6,2024-06-01,38,WHO
Senegal,SEN,2024,7,2024-07-01,115,WHO
Senegal,SEN,2024,8,2024-08-01,94,WHO
Senegal,SEN,2024,9,2024-09-01,103,WHO
Senegal,SEN,2024,10,2024-10-01,226,WHO
Senegal,SEN,2024,11,2024-11-01,354,WHO
Senegal,SEN,2024,12,2024-12-01,97,WHO
Senegal,SEN,2025,1,2025-01-01,92,WHO
Senegal,SEN,2025,2,2025-02-01,140,WHO
Senegal,SEN,2025,3,2025-03-01,89,WHO
Senegal,SEN,2025,4,2025-04-01,130,WHO
Senegal,SEN,2025,5,2025-05-01,201,WHO
Senegal,SEN,2025,6,2025-06-01,225,WHO
Senegal,SEN,2025,7,2025-07-01,304,WHO
Senegal,SEN,2025,8,2025-08-01,356,WHO
Senegal,SEN,2025,9,2025-09-01,NA,NA
Senegal,SEN,2025,10,2025-10-01,NA,NA
Senegal,SEN,2025,11,2025-11-01,NA,NA
Senegal,SEN,2025,12,2025-12-01,NA,NA
Serbia,SRB,2024,1,2024-01-01,0,WHO
Serbia,SRB,2024,2,2024-02-01,0,WHO
Serbia,SRB,2024,3,2024-03-01,0,WHO
Serbia,SRB,2024,4,2024-04-01,0,WHO
Serbia,SRB,2024,5,2024-05-01,0,WHO
Serbia,SRB,2024,6,2024-06-01,0,WHO
Serbia,SRB,2024,7,2024-07-01,0,WHO
Serbia,SRB,2024,8,2024-08-01,0,WHO
Serbia,SRB,2024,9,2024-09-01,0,WHO
Serbia,SRB,2024,10,2024-10-01,0,WHO
Serbia,SRB,2024,11,2024-11-01,0,WHO
Serbia,SRB,2024,12,2024-12-01,0,WHO
Serbia,SRB,2025,1,2025-01-01,0,WHO
Serbia,SRB,2025,2,2025-02-01,0,WHO
Serbia,SRB,2025,3,2025-03-01,0,WHO
Serbia,SRB,2025,4,2025-04-01,0,WHO
Serbia,SRB,2025,5,2025-05-01,0,WHO
Serbia,SRB,2025,6,2025-06-01,0,WHO
Serbia,SRB,2025,7,2025-07-01,0,WHO
Serbia,SRB,2025,8,2025-08-01,0,WHO
Serbia,SRB,2025,9,2025-09-01,NA,NA
Serbia,SRB,2025,10,2025-10-01,NA,NA
Serbia,SRB,2025,11,2025-11-01,NA,NA
Serbia,SRB,2025,12,2025-12-01,NA,NA
Seychelles,SYC,2024,1,2024-01-01,268,WHO
Seychelles,SYC,2024,2,2024-02-01,355,WHO
Seychelles,SYC,2024,3,2024-03-01,395,WHO
Seychelles,SYC,2024,4,2024-04-01,360,WHO
Seychelles,SYC,2024,5,2024-05-01,560,WHO
Seychelles,SYC,2024,6,2024-06-01,414,WHO
Seychelles,SYC,2024,7,2024-07-01,231,WHO
Seychelles,SYC,2024,8,2024-08-01,NA,NA
Seychelles,SYC,2024,9,2024-09-01,NA,NA
Seychelles,SYC,2024,10,2024-10-01,NA,NA
Seychelles,SYC,2024,11,2024-11-01,NA,NA
Seychelles,SYC,2024,12,2024-12-01,NA,NA
Seychelles,SYC,2025,1,2025-01-01,1,WHO
Seychelles,SYC,2025,2,2025-02-01,0,WHO
Seychelles,SYC,2025,3,2025-03-01,0,WHO
Seychelles,SYC,2025,4,2025-04-01,10,WHO
Seychelles,SYC,2025,5,2025-05-01,1,WHO
Seychelles,SYC,2025,6,2025-06-01,NA,NA
Seychelles,SYC,2025,7,2025-07-01,0,WHO
Seychelles,SYC,2025,8,2025-08-01,7,WHO
Seychelles,SYC,2025,9,2025-09-01,NA,NA
Seychelles,SYC,2025,10,2025-10-01,NA,NA
Seychelles,SYC,2025,11,2025-11-01,NA,NA
Seychelles,SYC,2025,12,2025-12-01,NA,NA
Sierra Leone,SLE,2024,1,2024-01-01,0,WHO
Sierra Leone,SLE,2024,2,2024-02-01,0,WHO
Sierra Leone,SLE,2024,3,2024-03-01,0,WHO
Sierra Leone,SLE,2024,4,2024-04-01,0,WHO
Sierra Leone,SLE,2024,5,2024-05-01,0,WHO
Sierra Leone,SLE,2024,6,2024-06-01,0,WHO
Sierra Leone,SLE,2024,7,2024-07-01,0,WHO
Sierra Leone,SLE,2024,8,2024-08-01,0,WHO
Sierra Leone,SLE,2024,9,2024-09-01,0,WHO
Sierra Leone,SLE,2024,10,2024-10-01,0,WHO
Sierra Leone,SLE,2024,11,2024-11-01,1,WHO
Sierra Leone,SLE,2024,12,2024-12-01,0,WHO
Sierra Leone,SLE,2025,1,2025-01-01,0,WHO
Sierra Leone,SLE,2025,2,2025-02-01,0,WHO
Sierra Leone,SLE,2025,3,2025-03-01,0,WHO
Sierra Leone,SLE,2025,4,2025-04-01,0,WHO
Sierra Leone,SLE,2025,5,2025-05-01,0,WHO
Sierra Leone,SLE,2025,6,2025-06-01,0,WHO
Sierra Leone,SLE,2025,7,2025-07-01,0,WHO
Sierra Leone,SLE,2025,8,2025-08-01,0,WHO
Sierra Leone,SLE,2025,9,2025-09-01,NA,NA
Sierra Leone,SLE,2025,10,2025-10-01,NA,NA
Sierra Leone,SLE,2025,11,2025-11-01,NA,NA
Sierra Leone,SLE,2025,12,2025-12-01,NA,NA
Singapore,SGP,2024,1,2024-01-01,1538,WHO
Singapore,SGP,2024,2,2024-02-01,2261,WHO
Singapore,SGP,2024,3,2024-03-01,1367,WHO
Singapore,SGP,2024,4,2024-04-01,1400,WHO
Singapore,SGP,2024,5,2024-05-01,1466,WHO
Singapore,SGP,2024,6,2024-06-01,1224,WHO
Singapore,SGP,2024,7,2024-07-01,1165,WHO
Singapore,SGP,2024,8,2024-08-01,1072,WHO
Singapore,SGP,2024,9,2024-09-01,726,WHO
Singapore,SGP,2024,10,2024-10-01,615,WHO
Singapore,SGP,2024,11,2024-11-01,426,WHO
Singapore,SGP,2024,12,2024-12-01,395,WHO
Singapore,SGP,2025,1,2025-01-01,486,WHO
Singapore,SGP,2025,2,2025-02-01,380,WHO
Singapore,SGP,2025,3,2025-03-01,356,WHO
Singapore,SGP,2025,4,2025-04-01,380,WHO
Singapore,SGP,2025,5,2025-05-01,532,WHO
Singapore,SGP,2025,6,2025-06-01,449,WHO
Singapore,SGP,2025,7,2025-07-01,465,WHO
Singapore,SGP,2025,8,2025-08-01,233,WHO
Singapore,SGP,2025,9,2025-09-01,NA,NA
Singapore,SGP,2025,10,2025-10-01,NA,NA
Singapore,SGP,2025,11,2025-11-01,NA,NA
Singapore,SGP,2025,12,2025-12-01,NA,NA
Sint Maarten,SXM,2024,1,2024-01-01,53,PAHO
Sint Maarten,SXM,2024,2,2024-02-01,33,PAHO
Sint Maarten,SXM,2024,3,2024-03-01,29,PAHO
Sint Maarten,SXM,2024,4,2024-04-01,NA,PAHO
Sint Maarten,SXM,2024,5,2024-05-01,NA,PAHO
Sint Maarten,SXM,2024,6,2024-06-01,NA,PAHO
Sint Maarten,SXM,2024,7,2024-07-01,NA,PAHO
Sint Maarten,SXM,2024,8,2024-08-01,NA,PAHO
Sint Maarten,SXM,2024,9,2024-09-01,4,PAHO
Sint Maarten,SXM,2024,10,2024-10-01,NA,PAHO
Sint Maarten,SXM,2024,11,2024-11-01,NA,PAHO
Sint Maarten,SXM,2024,12,2024-12-01,NA,PAHO
Sint Maarten,SXM,2025,1,2025-01-01,NA,PAHO
Sint Maarten,SXM,2025,2,2025-02-01,NA,PAHO
Sint Maarten,SXM,2025,3,2025-03-01,NA,PAHO
Sint Maarten,SXM,2025,4,2025-04-01,NA,PAHO
Sint Maarten,SXM,2025,5,2025-05-01,6,PAHO
Sint Maarten,SXM,2025,6,2025-06-01,NA,PAHO
Sint Maarten,SXM,2025,7,2025-07-01,2,PAHO
Sint Maarten,SXM,2025,8,2025-08-01,NA,NA
Sint Maarten,SXM,2025,9,2025-09-01,NA,NA
Sint Maarten,SXM,2025,10,2025-10-01,NA,NA
Sint Maarten,SXM,2025,11,2025-11-01,NA,NA
Sint Maarten,SXM,2025,12,2025-12-01,NA,NA
Sint Maarten (Dutch part),SXM,2024,1,2024-01-01,53,WHO
Sint Maarten (Dutch part),SXM,2024,2,2024-02-01,33,WHO
Sint Maarten (Dutch part),SXM,2024,3,2024-03-01,29,WHO
Sint Maarten (Dutch part),SXM,2024,4,2024-04-01,NA,WHO
Sint Maarten (Dutch part),SXM,2024,5,2024-05-01,NA,WHO
Sint Maarten (Dutch part),SXM,2024,6,2024-06-01,NA,WHO
Sint Maarten (Dutch part),SXM,2024,7,2024-07-01,25,WHO
Sint Maarten (Dutch part),SXM,2024,8,2024-08-01,0,WHO
Sint Maarten (Dutch part),SXM,2024,9,2024-09-01,4,WHO
Sint Maarten (Dutch part),SXM,2024,10,2024-10-01,0,WHO
Sint Maarten (Dutch part),SXM,2024,11,2024-11-01,NA,WHO
Sint Maarten (Dutch part),SXM,2024,12,2024-12-01,NA,WHO
Sint Maarten (Dutch part),SXM,2025,1,2025-01-01,0,WHO
Sint Maarten (Dutch part),SXM,2025,2,2025-02-01,0,WHO
Sint Maarten (Dutch part),SXM,2025,3,2025-03-01,0,WHO
Sint Maarten (Dutch part),SXM,2025,4,2025-04-01,0,WHO
Sint Maarten (Dutch part),SXM,2025,5,2025-05-01,6,WHO
Sint Maarten (Dutch part),SXM,2025,6,2025-06-01,NA,WHO
Sint Maarten (Dutch part),SXM,2025,7,2025-07-01,NA,WHO
Sint Maarten (Dutch part),SXM,2025,8,2025-08-01,NA,WHO
Sint Maarten (Dutch part),SXM,2025,9,2025-09-01,NA,NA
Sint Maarten (Dutch part),SXM,2025,10,2025-10-01,NA,NA
Sint Maarten (Dutch part),SXM,2025,11,2025-11-01,NA,NA
Sint Maarten (Dutch part),SXM,2025,12,2025-12-01,NA,NA
Slovakia,SVK,2024,1,2024-01-01,0,WHO
Slovakia,SVK,2024,2,2024-02-01,0,WHO
Slovakia,SVK,2024,3,2024-03-01,0,WHO
Slovakia,SVK,2024,4,2024-04-01,0,WHO
Slovakia,SVK,2024,5,2024-05-01,0,WHO
Slovakia,SVK,2024,6,2024-06-01,0,WHO
Slovakia,SVK,2024,7,2024-07-01,0,WHO
Slovakia,SVK,2024,8,2024-08-01,0,WHO
Slovakia,SVK,2024,9,2024-09-01,0,WHO
Slovakia,SVK,2024,10,2024-10-01,0,WHO
Slovakia,SVK,2024,11,2024-11-01,0,WHO
Slovakia,SVK,2024,12,2024-12-01,0,WHO
Slovakia,SVK,2025,1,2025-01-01,0,WHO
Slovakia,SVK,2025,2,2025-02-01,0,WHO
Slovakia,SVK,2025,3,2025-03-01,0,WHO
Slovakia,SVK,2025,4,2025-04-01,0,WHO
Slovakia,SVK,2025,5,2025-05-01,0,WHO
Slovakia,SVK,2025,6,2025-06-01,0,WHO
Slovakia,SVK,2025,7,2025-07-01,0,WHO
Slovakia,SVK,2025,8,2025-08-01,0,WHO
Slovakia,SVK,2025,9,2025-09-01,NA,NA
Slovakia,SVK,2025,10,2025-10-01,NA,NA
Slovakia,SVK,2025,11,2025-11-01,NA,NA
Slovakia,SVK,2025,12,2025-12-01,NA,NA
Slovenia,SVN,2024,1,2024-01-01,0,WHO
Slovenia,SVN,2024,2,2024-02-01,0,WHO
Slovenia,SVN,2024,3,2024-03-01,0,WHO
Slovenia,SVN,2024,4,2024-04-01,0,WHO
Slovenia,SVN,2024,5,2024-05-01,0,WHO
Slovenia,SVN,2024,6,2024-06-01,0,WHO
Slovenia,SVN,2024,7,2024-07-01,0,WHO
Slovenia,SVN,2024,8,2024-08-01,0,WHO
Slovenia,SVN,2024,9,2024-09-01,0,WHO
Slovenia,SVN,2024,10,2024-10-01,0,WHO
Slovenia,SVN,2024,11,2024-11-01,0,WHO
Slovenia,SVN,2024,12,2024-12-01,0,WHO
Slovenia,SVN,2025,1,2025-01-01,0,WHO
Slovenia,SVN,2025,2,2025-02-01,0,WHO
Slovenia,SVN,2025,3,2025-03-01,0,WHO
Slovenia,SVN,2025,4,2025-04-01,0,WHO
Slovenia,SVN,2025,5,2025-05-01,0,WHO
Slovenia,SVN,2025,6,2025-06-01,0,WHO
Slovenia,SVN,2025,7,2025-07-01,0,WHO
Slovenia,SVN,2025,8,2025-08-01,0,WHO
Slovenia,SVN,2025,9,2025-09-01,NA,NA
Slovenia,SVN,2025,10,2025-10-01,NA,NA
Slovenia,SVN,2025,11,2025-11-01,NA,NA
Slovenia,SVN,2025,12,2025-12-01,NA,NA
Solomon Islands,SLB,2024,1,2024-01-01,5,WHO
Solomon Islands,SLB,2024,2,2024-02-01,7,WHO
Solomon Islands,SLB,2024,3,2024-03-01,6,WHO
Solomon Islands,SLB,2024,4,2024-04-01,17,WHO
Solomon Islands,SLB,2024,5,2024-05-01,13,WHO
Solomon Islands,SLB,2024,6,2024-06-01,27,WHO
Solomon Islands,SLB,2024,7,2024-07-01,21,WHO
Solomon Islands,SLB,2024,8,2024-08-01,22,WHO
Solomon Islands,SLB,2024,9,2024-09-01,7,WHO
Solomon Islands,SLB,2024,10,2024-10-01,NA,NA
Solomon Islands,SLB,2024,11,2024-11-01,NA,NA
Solomon Islands,SLB,2024,12,2024-12-01,NA,NA
Solomon Islands,SLB,2025,1,2025-01-01,47,WHO
Solomon Islands,SLB,2025,2,2025-02-01,34,WHO
Solomon Islands,SLB,2025,3,2025-03-01,30,WHO
Solomon Islands,SLB,2025,4,2025-04-01,30,WHO
Solomon Islands,SLB,2025,5,2025-05-01,28,WHO
Solomon Islands,SLB,2025,6,2025-06-01,13,WHO
Solomon Islands,SLB,2025,7,2025-07-01,5,WHO
Solomon Islands,SLB,2025,8,2025-08-01,23,WHO
Solomon Islands,SLB,2025,9,2025-09-01,NA,NA
Solomon Islands,SLB,2025,10,2025-10-01,NA,NA
Solomon Islands,SLB,2025,11,2025-11-01,NA,NA
Solomon Islands,SLB,2025,12,2025-12-01,NA,NA
South Sudan,SSD,2024,1,2024-01-01,0,WHO
South Sudan,SSD,2024,2,2024-02-01,0,WHO
South Sudan,SSD,2024,3,2024-03-01,0,WHO
South Sudan,SSD,2024,4,2024-04-01,0,WHO
South Sudan,SSD,2024,5,2024-05-01,0,WHO
South Sudan,SSD,2024,6,2024-06-01,0,WHO
South Sudan,SSD,2024,7,2024-07-01,NA,NA
South Sudan,SSD,2024,8,2024-08-01,NA,NA
South Sudan,SSD,2024,9,2024-09-01,NA,NA
South Sudan,SSD,2024,10,2024-10-01,NA,NA
South Sudan,SSD,2024,11,2024-11-01,NA,NA
South Sudan,SSD,2024,12,2024-12-01,NA,NA
Spain,ESP,2024,1,2024-01-01,0,WHO
Spain,ESP,2024,2,2024-02-01,0,WHO
Spain,ESP,2024,3,2024-03-01,0,WHO
Spain,ESP,2024,4,2024-04-01,0,WHO
Spain,ESP,2024,5,2024-05-01,0,WHO
Spain,ESP,2024,6,2024-06-01,0,WHO
Spain,ESP,2024,7,2024-07-01,0,WHO
Spain,ESP,2024,8,2024-08-01,2,WHO
Spain,ESP,2024,9,2024-09-01,8,WHO
Spain,ESP,2024,10,2024-10-01,0,WHO
Spain,ESP,2024,11,2024-11-01,0,WHO
Spain,ESP,2024,12,2024-12-01,0,WHO
Spain,ESP,2025,1,2025-01-01,0,WHO
Spain,ESP,2025,2,2025-02-01,0,WHO
Spain,ESP,2025,3,2025-03-01,0,WHO
Spain,ESP,2025,4,2025-04-01,0,WHO
Spain,ESP,2025,5,2025-05-01,0,WHO
Spain,ESP,2025,6,2025-06-01,0,WHO
Spain,ESP,2025,7,2025-07-01,0,WHO
Spain,ESP,2025,8,2025-08-01,0,WHO
Spain,ESP,2025,9,2025-09-01,NA,NA
Spain,ESP,2025,10,2025-10-01,NA,NA
Spain,ESP,2025,11,2025-11-01,NA,NA
Spain,ESP,2025,12,2025-12-01,NA,NA
Sri Lanka,LKA,2024,1,2024-01-01,10752,SEARO
Sri Lanka,LKA,2024,2,2024-02-01,6047,SEARO
Sri Lanka,LKA,2024,3,2024-03-01,3629,SEARO
Sri Lanka,LKA,2024,4,2024-04-01,2234,SEARO
Sri Lanka,LKA,2024,5,2024-05-01,2650,SEARO
Sri Lanka,LKA,2024,6,2024-06-01,3312,SEARO
Sri Lanka,LKA,2024,7,2024-07-01,4519,SEARO
Sri Lanka,LKA,2024,8,2024-08-01,3896,SEARO
Sri Lanka,LKA,2024,9,2024-09-01,2772,SEARO
Sri Lanka,LKA,2024,10,2024-10-01,2964,SEARO
Sri Lanka,LKA,2024,11,2024-11-01,3498,SEARO
Sri Lanka,LKA,2024,12,2024-12-01,3604,SEARO
Sri Lanka,LKA,2025,1,2025-01-01,4942,SEARO
Sri Lanka,LKA,2025,2,2025-02-01,3666,SEARO
Sri Lanka,LKA,2025,3,2025-03-01,3771,SEARO
Sri Lanka,LKA,2025,4,2025-04-01,5171,SEARO
Sri Lanka,LKA,2025,5,2025-05-01,6035,SEARO
Sri Lanka,LKA,2025,6,2025-06-01,5468,SEARO
Sri Lanka,LKA,2025,7,2025-07-01,4838,SEARO
Sri Lanka,LKA,2025,8,2025-08-01,2746,SEARO
Sri Lanka,LKA,2025,9,2025-09-01,2403,SEARO
Sri Lanka,LKA,2025,10,2025-10-01,0,SEARO
Sri Lanka,LKA,2025,11,2025-11-01,0,SEARO
Sri Lanka,LKA,2025,12,2025-12-01,0,SEARO
Sudan,SDN,2024,1,2024-01-01,494,WHO
Sudan,SDN,2024,2,2024-02-01,446,WHO
Sudan,SDN,2024,3,2024-03-01,488,WHO
Sudan,SDN,2024,4,2024-04-01,317,WHO
Sudan,SDN,2024,5,2024-05-01,184,WHO
Sudan,SDN,2024,6,2024-06-01,41,WHO
Sudan,SDN,2024,7,2024-07-01,23,WHO
Sudan,SDN,2024,8,2024-08-01,25,WHO
Sudan,SDN,2024,9,2024-09-01,215,WHO
Sudan,SDN,2024,10,2024-10-01,4091,WHO
Sudan,SDN,2024,11,2024-11-01,3168,WHO
Sudan,SDN,2024,12,2024-12-01,1068,WHO
Sudan,SDN,2025,1,2025-01-01,712,WHO
Sudan,SDN,2025,2,2025-02-01,811,WHO
Sudan,SDN,2025,3,2025-03-01,663,WHO
Sudan,SDN,2025,4,2025-04-01,665,WHO
Sudan,SDN,2025,5,2025-05-01,824,WHO
Sudan,SDN,2025,6,2025-06-01,310,WHO
Sudan,SDN,2025,7,2025-07-01,570,WHO
Sudan,SDN,2025,8,2025-08-01,NA,NA
Sudan,SDN,2025,9,2025-09-01,NA,NA
Sudan,SDN,2025,10,2025-10-01,NA,NA
Sudan,SDN,2025,11,2025-11-01,NA,NA
Sudan,SDN,2025,12,2025-12-01,NA,NA
Suriname,SUR,2024,1,2024-01-01,27,PAHO
Suriname,SUR,2024,2,2024-02-01,38,PAHO
Suriname,SUR,2024,3,2024-03-01,17,PAHO
Suriname,SUR,2024,4,2024-04-01,11,PAHO
Suriname,SUR,2024,5,2024-05-01,2,PAHO
Suriname,SUR,2024,6,2024-06-01,NA,WHO
Suriname,SUR,2024,7,2024-07-01,NA,WHO
Suriname,SUR,2024,8,2024-08-01,NA,WHO
Suriname,SUR,2024,9,2024-09-01,NA,WHO
Suriname,SUR,2024,10,2024-10-01,NA,WHO
Suriname,SUR,2024,11,2024-11-01,NA,WHO
Suriname,SUR,2024,12,2024-12-01,NA,WHO
Suriname,SUR,2025,1,2025-01-01,NA,WHO
Suriname,SUR,2025,2,2025-02-01,NA,WHO
Suriname,SUR,2025,3,2025-03-01,NA,WHO
Suriname,SUR,2025,4,2025-04-01,NA,WHO
Suriname,SUR,2025,5,2025-05-01,NA,WHO
Suriname,SUR,2025,6,2025-06-01,NA,WHO
Suriname,SUR,2025,7,2025-07-01,NA,WHO
Suriname,SUR,2025,8,2025-08-01,NA,WHO
Suriname,SUR,2025,9,2025-09-01,NA,NA
Suriname,SUR,2025,10,2025-10-01,NA,NA
Suriname,SUR,2025,11,2025-11-01,NA,NA
Suriname,SUR,2025,12,2025-12-01,NA,NA
Sweden,SWE,2024,1,2024-01-01,0,WHO
Sweden,SWE,2024,2,2024-02-01,0,WHO
Sweden,SWE,2024,3,2024-03-01,0,WHO
Sweden,SWE,2024,4,2024-04-01,0,WHO
Sweden,SWE,2024,5,2024-05-01,0,WHO
Sweden,SWE,2024,6,2024-06-01,0,WHO
Sweden,SWE,2024,7,2024-07-01,0,WHO
Sweden,SWE,2024,8,2024-08-01,0,WHO
Sweden,SWE,2024,9,2024-09-01,0,WHO
Sweden,SWE,2024,10,2024-10-01,0,WHO
Sweden,SWE,2024,11,2024-11-01,0,WHO
Sweden,SWE,2024,12,2024-12-01,0,WHO
Sweden,SWE,2025,1,2025-01-01,0,WHO
Sweden,SWE,2025,2,2025-02-01,0,WHO
Sweden,SWE,2025,3,2025-03-01,0,WHO
Sweden,SWE,2025,4,2025-04-01,0,WHO
Sweden,SWE,2025,5,2025-05-01,0,WHO
Sweden,SWE,2025,6,2025-06-01,0,WHO
Sweden,SWE,2025,7,2025-07-01,0,WHO
Sweden,SWE,2025,8,2025-08-01,0,WHO
Sweden,SWE,2025,9,2025-09-01,NA,NA
Sweden,SWE,2025,10,2025-10-01,NA,NA
Sweden,SWE,2025,11,2025-11-01,NA,NA
Sweden,SWE,2025,12,2025-12-01,NA,NA
Switzerland,CHE,2024,1,2024-01-01,0,WHO
Switzerland,CHE,2024,2,2024-02-01,0,WHO
Switzerland,CHE,2024,3,2024-03-01,0,WHO
Switzerland,CHE,2024,4,2024-04-01,0,WHO
Switzerland,CHE,2024,5,2024-05-01,0,WHO
Switzerland,CHE,2024,6,2024-06-01,0,WHO
Switzerland,CHE,2024,7,2024-07-01,0,WHO
Switzerland,CHE,2024,8,2024-08-01,0,WHO
Switzerland,CHE,2024,9,2024-09-01,0,WHO
Switzerland,CHE,2024,10,2024-10-01,0,WHO
Switzerland,CHE,2024,11,2024-11-01,0,WHO
Switzerland,CHE,2024,12,2024-12-01,0,WHO
Switzerland,CHE,2025,1,2025-01-01,0,WHO
Switzerland,CHE,2025,2,2025-02-01,0,WHO
Switzerland,CHE,2025,3,2025-03-01,0,WHO
Switzerland,CHE,2025,4,2025-04-01,0,WHO
Switzerland,CHE,2025,5,2025-05-01,0,WHO
Switzerland,CHE,2025,6,2025-06-01,0,WHO
Switzerland,CHE,2025,7,2025-07-01,0,WHO
Switzerland,CHE,2025,8,2025-08-01,0,WHO
Switzerland,CHE,2025,9,2025-09-01,NA,NA
Switzerland,CHE,2025,10,2025-10-01,NA,NA
Switzerland,CHE,2025,11,2025-11-01,NA,NA
Switzerland,CHE,2025,12,2025-12-01,NA,NA
Tajikistan,TJK,2024,1,2024-01-01,0,WHO
Tajikistan,TJK,2024,2,2024-02-01,0,WHO
Tajikistan,TJK,2024,3,2024-03-01,0,WHO
Tajikistan,TJK,2024,4,2024-04-01,0,WHO
Tajikistan,TJK,2024,5,2024-05-01,0,WHO
Tajikistan,TJK,2024,6,2024-06-01,0,WHO
Tajikistan,TJK,2024,7,2024-07-01,0,WHO
Tajikistan,TJK,2024,8,2024-08-01,0,WHO
Tajikistan,TJK,2024,9,2024-09-01,0,WHO
Tajikistan,TJK,2024,10,2024-10-01,0,WHO
Tajikistan,TJK,2024,11,2024-11-01,0,WHO
Tajikistan,TJK,2024,12,2024-12-01,0,WHO
Tajikistan,TJK,2025,1,2025-01-01,0,WHO
Tajikistan,TJK,2025,2,2025-02-01,0,WHO
Tajikistan,TJK,2025,3,2025-03-01,0,WHO
Tajikistan,TJK,2025,4,2025-04-01,0,WHO
Tajikistan,TJK,2025,5,2025-05-01,0,WHO
Tajikistan,TJK,2025,6,2025-06-01,0,WHO
Tajikistan,TJK,2025,7,2025-07-01,0,WHO
Tajikistan,TJK,2025,8,2025-08-01,0,WHO
Tajikistan,TJK,2025,9,2025-09-01,NA,NA
Tajikistan,TJK,2025,10,2025-10-01,NA,NA
Tajikistan,TJK,2025,11,2025-11-01,NA,NA
Tajikistan,TJK,2025,12,2025-12-01,NA,NA
Thailand,THA,2024,1,2024-01-01,11413,SEARO
Thailand,THA,2024,2,2024-02-01,7123,SEARO
Thailand,THA,2024,3,2024-03-01,5315,SEARO
Thailand,THA,2024,4,2024-04-01,4327,SEARO
Thailand,THA,2024,5,2024-05-01,4968,SEARO
Thailand,THA,2024,6,2024-06-01,7992,SEARO
Thailand,THA,2024,7,2024-07-01,15371,SEARO
Thailand,THA,2024,8,2024-08-01,16119,SEARO
Thailand,THA,2024,9,2024-09-01,11395,SEARO
Thailand,THA,2024,10,2024-10-01,8359,SEARO
Thailand,THA,2024,11,2024-11-01,7006,SEARO
Thailand,THA,2024,12,2024-12-01,5293,SEARO
Thailand,THA,2025,1,2025-01-01,4005,SEARO
Thailand,THA,2025,2,2025-02-01,2269,SEARO
Thailand,THA,2025,3,2025-03-01,2447,SEARO
Thailand,THA,2025,4,2025-04-01,2271,SEARO
Thailand,THA,2025,5,2025-05-01,4683,SEARO
Thailand,THA,2025,6,2025-06-01,8697,SEARO
Thailand,THA,2025,7,2025-07-01,10987,SEARO
Thailand,THA,2025,8,2025-08-01,8610,SEARO
Thailand,THA,2025,9,2025-09-01,4012,SEARO
Thailand,THA,2025,10,2025-10-01,0,SEARO
Thailand,THA,2025,11,2025-11-01,0,SEARO
Thailand,THA,2025,12,2025-12-01,0,SEARO
Timor-Leste,TLS,2024,1,2024-01-01,189,SEARO
Timor-Leste,TLS,2024,2,2024-02-01,328,SEARO
Timor-Leste,TLS,2024,3,2024-03-01,347,SEARO
Timor-Leste,TLS,2024,4,2024-04-01,307,SEARO
Timor-Leste,TLS,2024,5,2024-05-01,101,SEARO
Timor-Leste,TLS,2024,6,2024-06-01,45,SEARO
Timor-Leste,TLS,2024,7,2024-07-01,30,SEARO
Timor-Leste,TLS,2024,8,2024-08-01,24,SEARO
Timor-Leste,TLS,2024,9,2024-09-01,28,SEARO
Timor-Leste,TLS,2024,10,2024-10-01,39,SEARO
Timor-Leste,TLS,2024,11,2024-11-01,12,SEARO
Timor-Leste,TLS,2024,12,2024-12-01,12,SEARO
Timor-Leste,TLS,2025,1,2025-01-01,129,SEARO
Timor-Leste,TLS,2025,2,2025-02-01,185,SEARO
Timor-Leste,TLS,2025,3,2025-03-01,188,SEARO
Timor-Leste,TLS,2025,4,2025-04-01,127,SEARO
Timor-Leste,TLS,2025,5,2025-05-01,102,SEARO
Timor-Leste,TLS,2025,6,2025-06-01,73,SEARO
Timor-Leste,TLS,2025,7,2025-07-01,82,SEARO
Timor-Leste,TLS,2025,8,2025-08-01,56,SEARO
Timor-Leste,TLS,2025,9,2025-09-01,51,SEARO
Timor-Leste,TLS,2025,10,2025-10-01,0,SEARO
Timor-Leste,TLS,2025,11,2025-11-01,0,SEARO
Timor-Leste,TLS,2025,12,2025-12-01,0,SEARO
Togo,TGO,2024,1,2024-01-01,0,WHO
Togo,TGO,2024,2,2024-02-01,0,WHO
Togo,TGO,2024,3,2024-03-01,0,WHO
Togo,TGO,2024,4,2024-04-01,0,WHO
Togo,TGO,2024,5,2024-05-01,0,WHO
Togo,TGO,2024,6,2024-06-01,0,WHO
Togo,TGO,2024,7,2024-07-01,0,WHO
Togo,TGO,2024,8,2024-08-01,0,WHO
Togo,TGO,2024,9,2024-09-01,0,WHO
Togo,TGO,2024,10,2024-10-01,0,WHO
Togo,TGO,2024,11,2024-11-01,0,WHO
Togo,TGO,2024,12,2024-12-01,0,WHO
Togo,TGO,2025,1,2025-01-01,0,WHO
Togo,TGO,2025,2,2025-02-01,0,WHO
Togo,TGO,2025,3,2025-03-01,0,WHO
Togo,TGO,2025,4,2025-04-01,0,WHO
Togo,TGO,2025,5,2025-05-01,0,WHO
Togo,TGO,2025,6,2025-06-01,0,WHO
Togo,TGO,2025,7,2025-07-01,0,WHO
Togo,TGO,2025,8,2025-08-01,0,WHO
Togo,TGO,2025,9,2025-09-01,NA,NA
Togo,TGO,2025,10,2025-10-01,NA,NA
Togo,TGO,2025,11,2025-11-01,NA,NA
Togo,TGO,2025,12,2025-12-01,NA,NA
Tokelau,TKL,2024,1,2024-01-01,3,WHO
Tokelau,TKL,2024,2,2024-02-01,1,WHO
Tokelau,TKL,2024,3,2024-03-01,0,WHO
Tokelau,TKL,2024,4,2024-04-01,NA,NA
Tokelau,TKL,2024,5,2024-05-01,0,WHO
Tokelau,TKL,2024,6,2024-06-01,0,WHO
Tokelau,TKL,2024,7,2024-07-01,0,WHO
Tokelau,TKL,2024,8,2024-08-01,0,WHO
Tokelau,TKL,2024,9,2024-09-01,0,WHO
Tokelau,TKL,2024,10,2024-10-01,NA,NA
Tokelau,TKL,2024,11,2024-11-01,NA,NA
Tokelau,TKL,2024,12,2024-12-01,NA,NA
Tokelau,TKL,2025,1,2025-01-01,0,WHO
Tokelau,TKL,2025,2,2025-02-01,0,WHO
Tokelau,TKL,2025,3,2025-03-01,0,WHO
Tokelau,TKL,2025,4,2025-04-01,0,WHO
Tokelau,TKL,2025,5,2025-05-01,0,WHO
Tokelau,TKL,2025,6,2025-06-01,0,WHO
Tokelau,TKL,2025,7,2025-07-01,0,WHO
Tokelau,TKL,2025,8,2025-08-01,0,WHO
Tokelau,TKL,2025,9,2025-09-01,NA,NA
Tokelau,TKL,2025,10,2025-10-01,NA,NA
Tokelau,TKL,2025,11,2025-11-01,NA,NA
Tokelau,TKL,2025,12,2025-12-01,NA,NA
Tonga,TON,2024,1,2024-01-01,0,WHO
Tonga,TON,2024,2,2024-02-01,0,WHO
Tonga,TON,2024,3,2024-03-01,0,WHO
Tonga,TON,2024,4,2024-04-01,0,WHO
Tonga,TON,2024,5,2024-05-01,5,WHO
Tonga,TON,2024,6,2024-06-01,5,WHO
Tonga,TON,2024,7,2024-07-01,4,WHO
Tonga,TON,2024,8,2024-08-01,0,WHO
Tonga,TON,2024,9,2024-09-01,NA,NA
Tonga,TON,2024,10,2024-10-01,NA,NA
Tonga,TON,2024,11,2024-11-01,NA,NA
Tonga,TON,2024,12,2024-12-01,NA,NA
Tonga,TON,2025,1,2025-01-01,0,WHO
Tonga,TON,2025,2,2025-02-01,249,WHO
Tonga,TON,2025,3,2025-03-01,603,WHO
Tonga,TON,2025,4,2025-04-01,433,WHO
Tonga,TON,2025,5,2025-05-01,563,WHO
Tonga,TON,2025,6,2025-06-01,207,WHO
Tonga,TON,2025,7,2025-07-01,109,WHO
Tonga,TON,2025,8,2025-08-01,11,WHO
Tonga,TON,2025,9,2025-09-01,NA,NA
Tonga,TON,2025,10,2025-10-01,NA,NA
Tonga,TON,2025,11,2025-11-01,NA,NA
Tonga,TON,2025,12,2025-12-01,NA,NA
Trinidad and Tobago,TTO,2024,1,2024-01-01,110,PAHO
Trinidad and Tobago,TTO,2024,2,2024-02-01,NA,PAHO
Trinidad and Tobago,TTO,2024,3,2024-03-01,NA,PAHO
Trinidad and Tobago,TTO,2024,4,2024-04-01,NA,PAHO
Trinidad and Tobago,TTO,2024,5,2024-05-01,114,WHO
Trinidad and Tobago,TTO,2024,6,2024-06-01,124,PAHO
Trinidad and Tobago,TTO,2024,7,2024-07-01,677,PAHO
Trinidad and Tobago,TTO,2024,8,2024-08-01,28,PAHO
Trinidad and Tobago,TTO,2024,9,2024-09-01,384,PAHO
Trinidad and Tobago,TTO,2024,10,2024-10-01,365,PAHO
Trinidad and Tobago,TTO,2024,11,2024-11-01,202,PAHO
Trinidad and Tobago,TTO,2024,12,2024-12-01,NA,PAHO
Trinidad and Tobago,TTO,2025,1,2025-01-01,0,WHO
Trinidad and Tobago,TTO,2025,2,2025-02-01,0,WHO
Trinidad and Tobago,TTO,2025,3,2025-03-01,0,WHO
Trinidad and Tobago,TTO,2025,4,2025-04-01,0,WHO
Trinidad and Tobago,TTO,2025,5,2025-05-01,9,PAHO
Trinidad and Tobago,TTO,2025,6,2025-06-01,23,PAHO
Trinidad and Tobago,TTO,2025,7,2025-07-01,8,PAHO
Trinidad and Tobago,TTO,2025,8,2025-08-01,10,PAHO
Trinidad and Tobago,TTO,2025,9,2025-09-01,8,PAHO
Trinidad and Tobago,TTO,2025,10,2025-10-01,NA,NA
Trinidad and Tobago,TTO,2025,11,2025-11-01,NA,NA
Trinidad and Tobago,TTO,2025,12,2025-12-01,NA,NA
Türkiye,TUR,2024,1,2024-01-01,0,WHO
Türkiye,TUR,2024,2,2024-02-01,0,WHO
Türkiye,TUR,2024,3,2024-03-01,0,WHO
Türkiye,TUR,2024,4,2024-04-01,0,WHO
Türkiye,TUR,2024,5,2024-05-01,0,WHO
Türkiye,TUR,2024,6,2024-06-01,0,WHO
Türkiye,TUR,2024,7,2024-07-01,0,WHO
Türkiye,TUR,2024,8,2024-08-01,0,WHO
Türkiye,TUR,2024,9,2024-09-01,0,WHO
Türkiye,TUR,2024,10,2024-10-01,0,WHO
Türkiye,TUR,2024,11,2024-11-01,0,WHO
Türkiye,TUR,2024,12,2024-12-01,0,WHO
Türkiye,TUR,2025,1,2025-01-01,0,WHO
Türkiye,TUR,2025,2,2025-02-01,0,WHO
Türkiye,TUR,2025,3,2025-03-01,0,WHO
Türkiye,TUR,2025,4,2025-04-01,0,WHO
Türkiye,TUR,2025,5,2025-05-01,0,WHO
Türkiye,TUR,2025,6,2025-06-01,0,WHO
Türkiye,TUR,2025,7,2025-07-01,0,WHO
Türkiye,TUR,2025,8,2025-08-01,0,WHO
Türkiye,TUR,2025,9,2025-09-01,NA,NA
Türkiye,TUR,2025,10,2025-10-01,NA,NA
Türkiye,TUR,2025,11,2025-11-01,NA,NA
Türkiye,TUR,2025,12,2025-12-01,NA,NA
Turkmenistan,TKM,2024,1,2024-01-01,0,WHO
Turkmenistan,TKM,2024,2,2024-02-01,0,WHO
Turkmenistan,TKM,2024,3,2024-03-01,0,WHO
Turkmenistan,TKM,2024,4,2024-04-01,0,WHO
Turkmenistan,TKM,2024,5,2024-05-01,0,WHO
Turkmenistan,TKM,2024,6,2024-06-01,0,WHO
Turkmenistan,TKM,2024,7,2024-07-01,0,WHO
Turkmenistan,TKM,2024,8,2024-08-01,0,WHO
Turkmenistan,TKM,2024,9,2024-09-01,0,WHO
Turkmenistan,TKM,2024,10,2024-10-01,0,WHO
Turkmenistan,TKM,2024,11,2024-11-01,0,WHO
Turkmenistan,TKM,2024,12,2024-12-01,0,WHO
Turkmenistan,TKM,2025,1,2025-01-01,0,WHO
Turkmenistan,TKM,2025,2,2025-02-01,0,WHO
Turkmenistan,TKM,2025,3,2025-03-01,0,WHO
Turkmenistan,TKM,2025,4,2025-04-01,0,WHO
Turkmenistan,TKM,2025,5,2025-05-01,0,WHO
Turkmenistan,TKM,2025,6,2025-06-01,0,WHO
Turkmenistan,TKM,2025,7,2025-07-01,0,WHO
Turkmenistan,TKM,2025,8,2025-08-01,0,WHO
Turkmenistan,TKM,2025,9,2025-09-01,NA,NA
Turkmenistan,TKM,2025,10,2025-10-01,NA,NA
Turkmenistan,TKM,2025,11,2025-11-01,NA,NA
Turkmenistan,TKM,2025,12,2025-12-01,NA,NA
Turks and Caicos Islands,TCA,2024,1,2024-01-01,27,PAHO
Turks and Caicos Islands,TCA,2024,2,2024-02-01,NA,PAHO
Turks and Caicos Islands,TCA,2024,3,2024-03-01,65,WHO
Turks and Caicos Islands,TCA,2024,4,2024-04-01,NA,PAHO
Turks and Caicos Islands,TCA,2024,5,2024-05-01,10,WHO
Turks and Caicos Islands,TCA,2024,6,2024-06-01,0,WHO
Turks and Caicos Islands,TCA,2024,7,2024-07-01,8,PAHO
Turks and Caicos Islands,TCA,2024,8,2024-08-01,0,WHO
Turks and Caicos Islands,TCA,2024,9,2024-09-01,7,PAHO
Turks and Caicos Islands,TCA,2024,10,2024-10-01,0,WHO
Turks and Caicos Islands,TCA,2024,11,2024-11-01,0,WHO
Turks and Caicos Islands,TCA,2024,12,2024-12-01,0,WHO
Turks and Caicos Islands,TCA,2025,1,2025-01-01,0,WHO
Turks and Caicos Islands,TCA,2025,2,2025-02-01,0,WHO
Turks and Caicos Islands,TCA,2025,3,2025-03-01,0,WHO
Turks and Caicos Islands,TCA,2025,4,2025-04-01,0,WHO
Turks and Caicos Islands,TCA,2025,5,2025-05-01,1,PAHO
Turks and Caicos Islands,TCA,2025,6,2025-06-01,0,WHO
Turks and Caicos Islands,TCA,2025,7,2025-07-01,0,WHO
Turks and Caicos Islands,TCA,2025,8,2025-08-01,8,WHO
Turks and Caicos Islands,TCA,2025,9,2025-09-01,NA,PAHO
Turks and Caicos Islands,TCA,2025,10,2025-10-01,NA,NA
Turks and Caicos Islands,TCA,2025,11,2025-11-01,NA,NA
Turks and Caicos Islands,TCA,2025,12,2025-12-01,NA,NA
Tuvalu,TUV,2024,1,2024-01-01,0,WHO
Tuvalu,TUV,2024,2,2024-02-01,0,WHO
Tuvalu,TUV,2024,3,2024-03-01,0,WHO
Tuvalu,TUV,2024,4,2024-04-01,0,WHO
Tuvalu,TUV,2024,5,2024-05-01,1,WHO
Tuvalu,TUV,2024,6,2024-06-01,0,WHO
Tuvalu,TUV,2024,7,2024-07-01,0,WHO
Tuvalu,TUV,2024,8,2024-08-01,NA,NA
Tuvalu,TUV,2024,9,2024-09-01,NA,NA
Tuvalu,TUV,2024,10,2024-10-01,NA,NA
Tuvalu,TUV,2024,11,2024-11-01,NA,NA
Tuvalu,TUV,2024,12,2024-12-01,NA,NA
Tuvalu,TUV,2025,1,2025-01-01,0,WHO
Tuvalu,TUV,2025,2,2025-02-01,0,WHO
Tuvalu,TUV,2025,3,2025-03-01,0,WHO
Tuvalu,TUV,2025,4,2025-04-01,0,WHO
Tuvalu,TUV,2025,5,2025-05-01,0,WHO
Tuvalu,TUV,2025,6,2025-06-01,0,WHO
Tuvalu,TUV,2025,7,2025-07-01,0,WHO
Tuvalu,TUV,2025,8,2025-08-01,0,WHO
Tuvalu,TUV,2025,9,2025-09-01,NA,NA
Tuvalu,TUV,2025,10,2025-10-01,NA,NA
Tuvalu,TUV,2025,11,2025-11-01,NA,NA
Tuvalu,TUV,2025,12,2025-12-01,NA,NA
Uganda,UGA,2024,1,2024-01-01,0,WHO
Uganda,UGA,2024,2,2024-02-01,0,WHO
Uganda,UGA,2024,3,2024-03-01,0,WHO
Uganda,UGA,2024,4,2024-04-01,0,WHO
Uganda,UGA,2024,5,2024-05-01,0,WHO
Uganda,UGA,2024,6,2024-06-01,0,WHO
Uganda,UGA,2024,7,2024-07-01,NA,NA
Uganda,UGA,2024,8,2024-08-01,NA,NA
Uganda,UGA,2024,9,2024-09-01,NA,NA
Uganda,UGA,2024,10,2024-10-01,NA,NA
Uganda,UGA,2024,11,2024-11-01,NA,NA
Uganda,UGA,2024,12,2024-12-01,NA,NA
Ukraine,UKR,2024,1,2024-01-01,0,WHO
Ukraine,UKR,2024,2,2024-02-01,0,WHO
Ukraine,UKR,2024,3,2024-03-01,0,WHO
Ukraine,UKR,2024,4,2024-04-01,0,WHO
Ukraine,UKR,2024,5,2024-05-01,0,WHO
Ukraine,UKR,2024,6,2024-06-01,0,WHO
Ukraine,UKR,2024,7,2024-07-01,0,WHO
Ukraine,UKR,2024,8,2024-08-01,0,WHO
Ukraine,UKR,2024,9,2024-09-01,0,WHO
Ukraine,UKR,2024,10,2024-10-01,0,WHO
Ukraine,UKR,2024,11,2024-11-01,0,WHO
Ukraine,UKR,2024,12,2024-12-01,0,WHO
Ukraine,UKR,2025,1,2025-01-01,0,WHO
Ukraine,UKR,2025,2,2025-02-01,0,WHO
Ukraine,UKR,2025,3,2025-03-01,0,WHO
Ukraine,UKR,2025,4,2025-04-01,0,WHO
Ukraine,UKR,2025,5,2025-05-01,0,WHO
Ukraine,UKR,2025,6,2025-06-01,0,WHO
Ukraine,UKR,2025,7,2025-07-01,0,WHO
Ukraine,UKR,2025,8,2025-08-01,0,WHO
Ukraine,UKR,2025,9,2025-09-01,NA,NA
Ukraine,UKR,2025,10,2025-10-01,NA,NA
Ukraine,UKR,2025,11,2025-11-01,NA,NA
Ukraine,UKR,2025,12,2025-12-01,NA,NA
United Kingdom of Great Britain and Northern Ireland,GBR,2024,1,2024-01-01,0,WHO
United Kingdom of Great Britain and Northern Ireland,GBR,2024,2,2024-02-01,0,WHO
United Kingdom of Great Britain and Northern Ireland,GBR,2024,3,2024-03-01,0,WHO
United Kingdom of Great Britain and Northern Ireland,GBR,2024,4,2024-04-01,0,WHO
United Kingdom of Great Britain and Northern Ireland,GBR,2024,5,2024-05-01,0,WHO
United Kingdom of Great Britain and Northern Ireland,GBR,2024,6,2024-06-01,0,WHO
United Kingdom of Great Britain and Northern Ireland,GBR,2024,7,2024-07-01,0,WHO
United Kingdom of Great Britain and Northern Ireland,GBR,2024,8,2024-08-01,0,WHO
United Kingdom of Great Britain and Northern Ireland,GBR,2024,9,2024-09-01,0,WHO
United Kingdom of Great Britain and Northern Ireland,GBR,2024,10,2024-10-01,0,WHO
United Kingdom of Great Britain and Northern Ireland,GBR,2024,11,2024-11-01,0,WHO
United Kingdom of Great Britain and Northern Ireland,GBR,2024,12,2024-12-01,0,WHO
United Kingdom of Great Britain and Northern Ireland,GBR,2025,1,2025-01-01,0,WHO
United Kingdom of Great Britain and Northern Ireland,GBR,2025,2,2025-02-01,0,WHO
United Kingdom of Great Britain and Northern Ireland,GBR,2025,3,2025-03-01,0,WHO
United Kingdom of Great Britain and Northern Ireland,GBR,2025,4,2025-04-01,0,WHO
United Kingdom of Great Britain and Northern Ireland,GBR,2025,5,2025-05-01,0,WHO
United Kingdom of Great Britain and Northern Ireland,GBR,2025,6,2025-06-01,0,WHO
United Kingdom of Great Britain and Northern Ireland,GBR,2025,7,2025-07-01,0,WHO
United Kingdom of Great Britain and Northern Ireland,GBR,2025,8,2025-08-01,0,WHO
United Kingdom of Great Britain and Northern Ireland,GBR,2025,9,2025-09-01,NA,NA
United Kingdom of Great Britain and Northern Ireland,GBR,2025,10,2025-10-01,NA,NA
United Kingdom of Great Britain and Northern Ireland,GBR,2025,11,2025-11-01,NA,NA
United Kingdom of Great Britain and Northern Ireland,GBR,2025,12,2025-12-01,NA,NA
United Republic of Tanzania,TZA,2024,1,2024-01-01,4,WHO
United Republic of Tanzania,TZA,2024,2,2024-02-01,4,WHO
United Republic of Tanzania,TZA,2024,3,2024-03-01,3,WHO
United Republic of Tanzania,TZA,2024,4,2024-04-01,0,WHO
United Republic of Tanzania,TZA,2024,5,2024-05-01,0,WHO
United Republic of Tanzania,TZA,2024,6,2024-06-01,0,WHO
United Republic of Tanzania,TZA,2024,7,2024-07-01,0,WHO
United Republic of Tanzania,TZA,2024,8,2024-08-01,0,WHO
United Republic of Tanzania,TZA,2024,9,2024-09-01,6,WHO
United Republic of Tanzania,TZA,2024,10,2024-10-01,0,WHO
United Republic of Tanzania,TZA,2024,11,2024-11-01,17,WHO
United Republic of Tanzania,TZA,2024,12,2024-12-01,0,WHO
United Republic of Tanzania,TZA,2025,1,2025-01-01,1,WHO
United Republic of Tanzania,TZA,2025,2,2025-02-01,3,WHO
United Republic of Tanzania,TZA,2025,3,2025-03-01,0,WHO
United Republic of Tanzania,TZA,2025,4,2025-04-01,3,WHO
United Republic of Tanzania,TZA,2025,5,2025-05-01,10,WHO
United Republic of Tanzania,TZA,2025,6,2025-06-01,62,WHO
United Republic of Tanzania,TZA,2025,7,2025-07-01,76,WHO
United Republic of Tanzania,TZA,2025,8,2025-08-01,2,WHO
United Republic of Tanzania,TZA,2025,9,2025-09-01,NA,NA
United Republic of Tanzania,TZA,2025,10,2025-10-01,NA,NA
United Republic of Tanzania,TZA,2025,11,2025-11-01,NA,NA
United Republic of Tanzania,TZA,2025,12,2025-12-01,NA,NA
United States of America,USA,2024,1,2024-01-01,49,PAHO
United States of America,USA,2024,2,2024-02-01,144,PAHO
United States of America,USA,2024,3,2024-03-01,116,PAHO
United States of America,USA,2024,4,2024-04-01,240,PAHO
United States of America,USA,2024,5,2024-05-01,130,PAHO
United States of America,USA,2024,6,2024-06-01,136,PAHO
United States of America,USA,2024,7,2024-07-01,259,PAHO
United States of America,USA,2024,8,2024-08-01,357,PAHO
United States of America,USA,2024,9,2024-09-01,653,PAHO
United States of America,USA,2024,10,2024-10-01,352,PAHO
United States of America,USA,2024,11,2024-11-01,314,PAHO
United States of America,USA,2024,12,2024-12-01,321,PAHO
United States of America,USA,2025,1,2025-01-01,78,PAHO
United States of America,USA,2025,2,2025-02-01,65,PAHO
United States of America,USA,2025,3,2025-03-01,71,PAHO
United States of America,USA,2025,4,2025-04-01,62,PAHO
United States of America,USA,2025,5,2025-05-01,46,PAHO
United States of America,USA,2025,6,2025-06-01,79,PAHO
United States of America,USA,2025,7,2025-07-01,79,PAHO
United States of America,USA,2025,8,2025-08-01,120,PAHO
United States of America,USA,2025,9,2025-09-01,129,PAHO
United States of America,USA,2025,10,2025-10-01,NA,NA
United States of America,USA,2025,11,2025-11-01,NA,NA
United States of America,USA,2025,12,2025-12-01,NA,NA
United States Virgin Islands,VIR,2024,1,2024-01-01,0,WHO
United States Virgin Islands,VIR,2024,2,2024-02-01,0,WHO
United States Virgin Islands,VIR,2024,3,2024-03-01,0,WHO
United States Virgin Islands,VIR,2024,4,2024-04-01,0,WHO
United States Virgin Islands,VIR,2024,5,2024-05-01,6,WHO
United States Virgin Islands,VIR,2024,6,2024-06-01,8,WHO
United States Virgin Islands,VIR,2024,7,2024-07-01,20,WHO
United States Virgin Islands,VIR,2024,8,2024-08-01,60,WHO
United States Virgin Islands,VIR,2024,9,2024-09-01,41,WHO
United States Virgin Islands,VIR,2024,10,2024-10-01,20,WHO
United States Virgin Islands,VIR,2024,11,2024-11-01,22,WHO
United States Virgin Islands,VIR,2024,12,2024-12-01,8,WHO
United States Virgin Islands,VIR,2025,1,2025-01-01,1,WHO
United States Virgin Islands,VIR,2025,2,2025-02-01,32,WHO
United States Virgin Islands,VIR,2025,3,2025-03-01,8,WHO
United States Virgin Islands,VIR,2025,4,2025-04-01,0,WHO
United States Virgin Islands,VIR,2025,5,2025-05-01,4,WHO
United States Virgin Islands,VIR,2025,6,2025-06-01,2,WHO
United States Virgin Islands,VIR,2025,7,2025-07-01,0,WHO
United States Virgin Islands,VIR,2025,8,2025-08-01,0,WHO
United States Virgin Islands,VIR,2025,9,2025-09-01,NA,NA
United States Virgin Islands,VIR,2025,10,2025-10-01,NA,NA
United States Virgin Islands,VIR,2025,11,2025-11-01,NA,NA
United States Virgin Islands,VIR,2025,12,2025-12-01,NA,NA
Uruguay,URY,2024,1,2024-01-01,17,PAHO
Uruguay,URY,2024,2,2024-02-01,39,PAHO
Uruguay,URY,2024,3,2024-03-01,401,PAHO
Uruguay,URY,2024,4,2024-04-01,632,PAHO
Uruguay,URY,2024,5,2024-05-01,34,PAHO
Uruguay,URY,2024,6,2024-06-01,2,PAHO
Uruguay,URY,2024,7,2024-07-01,2,PAHO
Uruguay,URY,2024,8,2024-08-01,1,PAHO
Uruguay,URY,2024,9,2024-09-01,4,PAHO
Uruguay,URY,2024,10,2024-10-01,3,PAHO
Uruguay,URY,2024,11,2024-11-01,1,PAHO
Uruguay,URY,2024,12,2024-12-01,3,PAHO
Uruguay,URY,2025,1,2025-01-01,0,WHO
Uruguay,URY,2025,2,2025-02-01,0,WHO
Uruguay,URY,2025,3,2025-03-01,1,PAHO
Uruguay,URY,2025,4,2025-04-01,1,PAHO
Uruguay,URY,2025,5,2025-05-01,4,PAHO
Uruguay,URY,2025,6,2025-06-01,0,WHO
Uruguay,URY,2025,7,2025-07-01,0,WHO
Uruguay,URY,2025,8,2025-08-01,0,WHO
Uruguay,URY,2025,9,2025-09-01,NA,PAHO
Uruguay,URY,2025,10,2025-10-01,NA,NA
Uruguay,URY,2025,11,2025-11-01,NA,NA
Uruguay,URY,2025,12,2025-12-01,NA,NA
Uzbekistan,UZB,2024,1,2024-01-01,0,WHO
Uzbekistan,UZB,2024,2,2024-02-01,0,WHO
Uzbekistan,UZB,2024,3,2024-03-01,0,WHO
Uzbekistan,UZB,2024,4,2024-04-01,0,WHO
Uzbekistan,UZB,2024,5,2024-05-01,0,WHO
Uzbekistan,UZB,2024,6,2024-06-01,0,WHO
Uzbekistan,UZB,2024,7,2024-07-01,0,WHO
Uzbekistan,UZB,2024,8,2024-08-01,0,WHO
Uzbekistan,UZB,2024,9,2024-09-01,0,WHO
Uzbekistan,UZB,2024,10,2024-10-01,0,WHO
Uzbekistan,UZB,2024,11,2024-11-01,0,WHO
Uzbekistan,UZB,2024,12,2024-12-01,0,WHO
Uzbekistan,UZB,2025,1,2025-01-01,0,WHO
Uzbekistan,UZB,2025,2,2025-02-01,0,WHO
Uzbekistan,UZB,2025,3,2025-03-01,0,WHO
Uzbekistan,UZB,2025,4,2025-04-01,0,WHO
Uzbekistan,UZB,2025,5,2025-05-01,0,WHO
Uzbekistan,UZB,2025,6,2025-06-01,0,WHO
Uzbekistan,UZB,2025,7,2025-07-01,0,WHO
Uzbekistan,UZB,2025,8,2025-08-01,0,WHO
Uzbekistan,UZB,2025,9,2025-09-01,NA,NA
Uzbekistan,UZB,2025,10,2025-10-01,NA,NA
Uzbekistan,UZB,2025,11,2025-11-01,NA,NA
Uzbekistan,UZB,2025,12,2025-12-01,NA,NA
Vanuatu,VUT,2024,1,2024-01-01,12,WHO
Vanuatu,VUT,2024,2,2024-02-01,15,WHO
Vanuatu,VUT,2024,3,2024-03-01,21,WHO
Vanuatu,VUT,2024,4,2024-04-01,28,WHO
Vanuatu,VUT,2024,5,2024-05-01,25,WHO
Vanuatu,VUT,2024,6,2024-06-01,12,WHO
Vanuatu,VUT,2024,7,2024-07-01,9,WHO
Vanuatu,VUT,2024,8,2024-08-01,13,WHO
Vanuatu,VUT,2024,9,2024-09-01,3,WHO
Vanuatu,VUT,2024,10,2024-10-01,NA,NA
Vanuatu,VUT,2024,11,2024-11-01,NA,NA
Vanuatu,VUT,2024,12,2024-12-01,NA,NA
Vanuatu,VUT,2025,1,2025-01-01,74,WHO
Vanuatu,VUT,2025,2,2025-02-01,10,WHO
Vanuatu,VUT,2025,3,2025-03-01,0,WHO
Vanuatu,VUT,2025,4,2025-04-01,1,WHO
Vanuatu,VUT,2025,5,2025-05-01,0,WHO
Vanuatu,VUT,2025,6,2025-06-01,0,WHO
Vanuatu,VUT,2025,7,2025-07-01,1,WHO
Vanuatu,VUT,2025,8,2025-08-01,0,WHO
Vanuatu,VUT,2025,9,2025-09-01,NA,NA
Vanuatu,VUT,2025,10,2025-10-01,NA,NA
Vanuatu,VUT,2025,11,2025-11-01,NA,NA
Vanuatu,VUT,2025,12,2025-12-01,NA,NA
Viet Nam,VNM,2024,1,2024-01-01,6093,WHO
Viet Nam,VNM,2024,2,2024-02-01,4324,WHO
Viet Nam,VNM,2024,3,2024-03-01,2732,WHO
Viet Nam,VNM,2024,4,2024-04-01,2647,WHO
Viet Nam,VNM,2024,5,2024-05-01,3503,WHO
Viet Nam,VNM,2024,6,2024-06-01,5245,WHO
Viet Nam,VNM,2024,7,2024-07-01,8642,WHO
Viet Nam,VNM,2024,8,2024-08-01,16021,WHO
Viet Nam,VNM,2024,9,2024-09-01,13370,WHO
Viet Nam,VNM,2024,10,2024-10-01,18029,WHO
Viet Nam,VNM,2024,11,2024-11-01,15175,WHO
Viet Nam,VNM,2024,12,2024-12-01,12652,WHO
Viet Nam,VNM,2025,1,2025-01-01,8655,WHO
Viet Nam,VNM,2025,2,2025-02-01,4923,WHO
Viet Nam,VNM,2025,3,2025-03-01,2903,WHO
Viet Nam,VNM,2025,4,2025-04-01,2654,WHO
Viet Nam,VNM,2025,5,2025-05-01,4792,WHO
Viet Nam,VNM,2025,6,2025-06-01,4860,WHO
Viet Nam,VNM,2025,7,2025-07-01,NA,NA
Viet Nam,VNM,2025,8,2025-08-01,NA,NA
Viet Nam,VNM,2025,9,2025-09-01,NA,NA
Viet Nam,VNM,2025,10,2025-10-01,NA,NA
Viet Nam,VNM,2025,11,2025-11-01,NA,NA
Viet Nam,VNM,2025,12,2025-12-01,NA,NA
Virgin Islands (UK),VGB,2024,1,2024-01-01,NA,PAHO
Virgin Islands (UK),VGB,2024,2,2024-02-01,NA,PAHO
Virgin Islands (UK),VGB,2024,3,2024-03-01,NA,PAHO
Virgin Islands (UK),VGB,2024,4,2024-04-01,NA,PAHO
Virgin Islands (UK),VGB,2024,5,2024-05-01,NA,PAHO
Virgin Islands (UK),VGB,2024,6,2024-06-01,NA,PAHO
Virgin Islands (UK),VGB,2024,7,2024-07-01,12,PAHO
Virgin Islands (UK),VGB,2024,8,2024-08-01,9,PAHO
Virgin Islands (UK),VGB,2024,9,2024-09-01,49,PAHO
Virgin Islands (UK),VGB,2024,10,2024-10-01,8,PAHO
Virgin Islands (UK),VGB,2024,11,2024-11-01,52,PAHO
Virgin Islands (UK),VGB,2024,12,2024-12-01,NA,PAHO
Virgin Islands (UK),VGB,2025,1,2025-01-01,11,PAHO
Virgin Islands (UK),VGB,2025,2,2025-02-01,4,PAHO
Virgin Islands (UK),VGB,2025,3,2025-03-01,6,PAHO
Virgin Islands (UK),VGB,2025,4,2025-04-01,4,PAHO
Virgin Islands (UK),VGB,2025,5,2025-05-01,1,PAHO
Virgin Islands (UK),VGB,2025,6,2025-06-01,1,PAHO
Virgin Islands (UK),VGB,2025,7,2025-07-01,1,PAHO
Virgin Islands (UK),VGB,2025,8,2025-08-01,NA,PAHO
Virgin Islands (UK),VGB,2025,9,2025-09-01,1,PAHO
Virgin Islands (UK),VGB,2025,10,2025-10-01,NA,NA
Virgin Islands (UK),VGB,2025,11,2025-11-01,NA,NA
Virgin Islands (UK),VGB,2025,12,2025-12-01,NA,NA
Virgin Islands (US),VIR,2024,1,2024-01-01,NA,PAHO
Virgin Islands (US),VIR,2024,2,2024-02-01,NA,PAHO
Virgin Islands (US),VIR,2024,3,2024-03-01,NA,PAHO
Virgin Islands (US),VIR,2024,4,2024-04-01,NA,PAHO
Virgin Islands (US),VIR,2024,5,2024-05-01,6,PAHO
Virgin Islands (US),VIR,2024,6,2024-06-01,8,PAHO
Virgin Islands (US),VIR,2024,7,2024-07-01,20,PAHO
Virgin Islands (US),VIR,2024,8,2024-08-01,60,PAHO
Virgin Islands (US),VIR,2024,9,2024-09-01,43,PAHO
Virgin Islands (US),VIR,2024,10,2024-10-01,18,PAHO
Virgin Islands (US),VIR,2024,11,2024-11-01,22,PAHO
Virgin Islands (US),VIR,2024,12,2024-12-01,8,PAHO
Virgin Islands (US),VIR,2025,1,2025-01-01,1,PAHO
Virgin Islands (US),VIR,2025,2,2025-02-01,32,PAHO
Virgin Islands (US),VIR,2025,3,2025-03-01,8,PAHO
Virgin Islands (US),VIR,2025,4,2025-04-01,NA,PAHO
Virgin Islands (US),VIR,2025,5,2025-05-01,4,PAHO
Virgin Islands (US),VIR,2025,6,2025-06-01,2,PAHO
Virgin Islands (US),VIR,2025,7,2025-07-01,NA,PAHO
Virgin Islands (US),VIR,2025,8,2025-08-01,NA,PAHO
Virgin Islands (US),VIR,2025,9,2025-09-01,NA,PAHO
Virgin Islands (US),VIR,2025,10,2025-10-01,NA,NA
Virgin Islands (US),VIR,2025,11,2025-11-01,NA,NA
Virgin Islands (US),VIR,2025,12,2025-12-01,NA,NA
Wallis and Futuna,WLF,2024,1,2024-01-01,24,WHO
Wallis and Futuna,WLF,2024,2,2024-02-01,16,WHO
Wallis and Futuna,WLF,2024,3,2024-03-01,8,WHO
Wallis and Futuna,WLF,2024,4,2024-04-01,12,WHO
Wallis and Futuna,WLF,2024,5,2024-05-01,5,WHO
Wallis and Futuna,WLF,2024,6,2024-06-01,6,WHO
Wallis and Futuna,WLF,2024,7,2024-07-01,1,WHO
Wallis and Futuna,WLF,2024,8,2024-08-01,6,WHO
Wallis and Futuna,WLF,2024,9,2024-09-01,0,WHO
Wallis and Futuna,WLF,2024,10,2024-10-01,NA,NA
Wallis and Futuna,WLF,2024,11,2024-11-01,NA,NA
Wallis and Futuna,WLF,2024,12,2024-12-01,NA,NA
Wallis and Futuna,WLF,2025,1,2025-01-01,7,WHO
Wallis and Futuna,WLF,2025,2,2025-02-01,4,WHO
Wallis and Futuna,WLF,2025,3,2025-03-01,2,WHO
Wallis and Futuna,WLF,2025,4,2025-04-01,1,WHO
Wallis and Futuna,WLF,2025,5,2025-05-01,1,WHO
Wallis and Futuna,WLF,2025,6,2025-06-01,1,WHO
Wallis and Futuna,WLF,2025,7,2025-07-01,3,WHO
Wallis and Futuna,WLF,2025,8,2025-08-01,2,WHO
Wallis and Futuna,WLF,2025,9,2025-09-01,NA,NA
Wallis and Futuna,WLF,2025,10,2025-10-01,NA,NA
Wallis and Futuna,WLF,2025,11,2025-11-01,NA,NA
Wallis and Futuna,WLF,2025,12,2025-12-01,NA,NA
Zambia,ZMB,2024,1,2024-01-01,0,WHO
Zambia,ZMB,2024,2,2024-02-01,0,WHO
Zambia,ZMB,2024,3,2024-03-01,0,WHO
Zambia,ZMB,2024,4,2024-04-01,0,WHO
Zambia,ZMB,2024,5,2024-05-01,0,WHO
Zambia,ZMB,2024,6,2024-06-01,0,WHO
Zambia,ZMB,2024,7,2024-07-01,NA,NA
Zambia,ZMB,2024,8,2024-08-01,NA,NA
Zambia,ZMB,2024,9,2024-09-01,NA,NA
Zambia,ZMB,2024,10,2024-10-01,NA,NA
Zambia,ZMB,2024,11,2024-11-01,NA,NA
Zambia,ZMB,2024,12,2024-12-01,NA,NA
Zimbabwe,ZWE,2024,1,2024-01-01,0,WHO
Zimbabwe,ZWE,2024,2,2024-02-01,0,WHO
Zimbabwe,ZWE,2024,3,2024-03-01,0,WHO
Zimbabwe,ZWE,2024,4,2024-04-01,0,WHO
Zimbabwe,ZWE,2024,5,2024-05-01,0,WHO
Zimbabwe,ZWE,2024,6,2024-06-01,0,WHO
Zimbabwe,ZWE,2024,7,2024-07-01,NA,NA
Zimbabwe,ZWE,2024,8,2024-08-01,NA,NA
Zimbabwe,ZWE,2024,9,2024-09-01,NA,NA
Zimbabwe,ZWE,2024,10,2024-10-01,NA,NA
Zimbabwe,ZWE,2024,11,2024-11-01,NA,NA
Zimbabwe,ZWE,2024,12,2024-12-01,NA,NA
