"country","iso3","Month","season_nMonth","nb_size","nb_mean","nb_size_cum","nb_mean_cum","Ave_season_monthly_cases","Ave_season_monthly_cum_cases","Ave_cum_monthly_proportion","Ave_monthly_proportion"
"Afghanistan","AFG",3,1,NA,NA,NA,NA,57.75,57.75,0.0214612525568192,0.0214612525568192
"Afghanistan","AFG",4,2,NA,NA,NA,NA,49.75,107.5,0.0431327560342653,0.0216715034774461
"Afghanistan","AFG",5,3,NA,NA,NA,NA,87.75,195.25,0.0742381283907614,0.0311053723564961
"Afghanistan","AFG",6,4,1.37557979541605,58.25,0.730711972104804,253.499999999999,58.25,253.5,0.0989912587883773,0.0247531303976159
"Afghanistan","AFG",7,5,1.7335863671851,147,1.08673948464472,400.5,147,400.5,0.164640025286036,0.0656487664976591
"Afghanistan","AFG",8,6,0.87888346910545,194.5,1.01847098907798,594.999999999999,194.5,595,0.236569310543594,0.0719292852575574
"Afghanistan","AFG",9,7,1.30355801275735,163,1.1224521467389,757.999999999999,163,758,0.301705938720392,0.065136628176798
"Afghanistan","AFG",10,8,1.91981484039351,521.249999999999,1.65832089612373,1279.25,521.25,1279.25,0.543538173478536,0.241832234758144
"Afghanistan","AFG",11,9,2.89658970598576,420,2.01342687561909,1699.25,420,1699.25,0.761825550043605,0.218287376565069
"Afghanistan","AFG",12,10,21.9099663312861,215,2.37633837709749,1914.25,215,1914.25,0.893012962615272,0.131187412571667
"Afghanistan","AFG",1,11,2.42958159602125,114,2.63326687694008,2028.25,114,2028.25,0.96483390415282,0.0718209415375475
"Afghanistan","AFG",2,12,0.361437970830766,65.5,2.69649350158189,2093.75,65.5,2093.75,1,0.0351660958471802
"Antigua & Barbuda","ATG",4,1,0.561748911178378,4.75,0.561748911178378,4.75,4.75,4.75,0.0195908681655322,0.0195908681655322
"Antigua & Barbuda","ATG",5,2,0.643463803273605,9.125,0.571901497521681,13.875,9.125,13.875,0.0613131647812721,0.0417222966157399
"Antigua & Barbuda","ATG",6,3,0.644892598411886,8,0.554752248927358,21.875,8,21.875,0.0951780756321448,0.0338649108508727
"Antigua & Barbuda","ATG",7,4,0.585193795503316,10.25,0.528069608132216,32.125,10.25,32.125,0.137382405224205,0.04220432959206
"Antigua & Barbuda","ATG",8,5,0.578807252644659,19.5,0.582860090288624,51.625,19.5,51.625,0.205223769563678,0.0678413643394731
"Antigua & Barbuda","ATG",9,6,0.54692395792226,22.625,0.577243476396687,74.25,22.625,74.25,0.282169747295563,0.0769459777318847
"Antigua & Barbuda","ATG",10,7,0.503502594416805,27,0.55966295316962,101.25,27,101.25,0.364460789862643,0.0822910425670806
"Antigua & Barbuda","ATG",11,8,0.507498786680876,33.125,0.547878161443174,134.375,33.125,134.375,0.463137438783923,0.0986766489212803
"Antigua & Barbuda","ATG",12,9,0.435917107994736,47.75,0.519160086620314,182.125,47.75,182.125,0.581581893517575,0.118444454733652
"Antigua & Barbuda","ATG",1,10,0.322451941554713,54.125,0.721655942676432,236.25,54.125,236.25,0.774872394461789,0.193290500944214
"Antigua & Barbuda","ATG",2,11,0.520000916038631,26.75,0.786390122492431,263,26.75,263,0.902647535299198,0.127775140837408
"Antigua & Barbuda","ATG",3,12,0.711523682889817,17.25,0.828714202165832,280.25,17.25,280.25,1,0.0973524647008022
"Argentina","ARG",8,1,0.477588724378203,50.1875,0.477588724378203,50.1875,50.1875,50.1875,0.012702582639263,0.012702582639263
"Argentina","ARG",9,2,0.267109778848008,122.625,0.349820409304336,172.8125,122.625,172.8125,0.0232626453785459,0.010560062739283
"Argentina","ARG",10,3,0.394078434077229,95.6874999999999,0.36361717041247,268.5,95.6875,268.5,0.0451034627244865,0.0218408173459405
"Argentina","ARG",11,4,0.363510033248561,157.625,0.406310071174691,426.125,157.625,426.125,0.069733864662385,0.0246304019378985
"Argentina","ARG",12,5,0.201330255433453,1604.875,0.277795321123873,2031,1604.875,2031,0.135460271567411,0.0657264069050261
"Argentina","ARG",1,6,0.245545199379168,2531.5,0.291942096364893,4562.49999999999,2531.5,4562.5,0.17122393733889,0.0357636657714788
"Argentina","ARG",2,7,0.24811336229514,6903.68750000001,0.291498938454235,11466.1875,6903.6875,11466.1875,0.258855248862737,0.0876313115238471
"Argentina","ARG",3,8,0.243250994299564,23885.5625,0.272872155291271,35351.7499999999,23885.5625,35351.75,0.504352259296306,0.245497010433569
"Argentina","ARG",4,9,0.291877839822554,16447.0625,0.287831646464827,51798.8124999999,16447.0625,51798.8125,0.787092042233217,0.282739782936911
"Argentina","ARG",5,10,0.402629392557247,4240.9375,0.300923855527079,56039.7499999999,4240.9375,56039.75,0.952089796196881,0.164997753963664
"Argentina","ARG",6,11,0.340397866633739,883.5625,0.30328079429528,56923.3125,883.5625,56923.3125,0.986698067703167,0.0346082715062855
"Argentina","ARG",7,12,0.282704838643892,315.125,0.304196707238323,57238.4374999999,315.125,57238.4375,1,0.0133019322968334
"Aruba","ABW",7,1,NA,NA,NA,NA,21.5,21.5,0.0257203595112303,0.0257203595112303
"Aruba","ABW",8,2,0.909660246781698,32.75,0.781271491650606,54.2499999999999,32.75,54.25,0.0699659282211139,0.0442455687098836
"Aruba","ABW",9,3,0.858908755850253,62.3749999999999,0.838822146163143,116.625,62.375,116.625,0.152270584717755,0.0823046564966407
"Aruba","ABW",10,4,0.677947828263531,64.25,0.778968026557386,180.874999999999,64.25,180.875,0.230735698611633,0.0784651138938783
"Aruba","ABW",11,5,0.786815441134934,38.125,0.786798549407322,219,38.125,219,0.280303323833063,0.0495676252214301
"Aruba","ABW",12,6,NA,NA,0.761726645582747,249.375,30.375,249.375,0.31575855935436,0.0354552355212975
"Aruba","ABW",1,7,0.523977425521591,96.3749999999999,0.85154619794028,345.75,96.375,345.75,0.406575379093749,0.0908168197393885
"Aruba","ABW",2,8,0.486238411325166,102.875,0.944373049276482,448.625,102.875,448.625,0.520279964132316,0.113704585038567
"Aruba","ABW",3,9,0.61062282757391,142.5,1.021089726529,591.125,142.5,591.125,0.690037185327113,0.169757221194798
"Aruba","ABW",4,10,0.66356931839209,119.5,1.08012330785417,710.625,119.5,710.625,0.840622096875863,0.15058491154875
"Aruba","ABW",5,11,0.490993103610434,88,1.0915685469586,798.624999999999,88,798.625,0.943142511624407,0.102520414748544
"Aruba","ABW",6,12,0.367412346316666,51.6249999999999,1.08562056007814,850.25,51.625,850.25,1,0.0568574883755931
"Australia","AUS",9,1,NA,NA,NA,NA,74.6428571428571,74.6428571428571,0.0553238072301055,0.0553238072301055
"Australia","AUS",10,2,2.57829476152192,98.9999999999999,NA,NA,99,173.642857142857,0.132571129348062,0.0772473221179562
"Australia","AUS",11,3,2.67541702144806,94.1428571428572,NA,NA,94.1428571428571,267.785714285714,0.205340881827739,0.0727697524796774
"Australia","AUS",12,4,NA,NA,NA,NA,98,365.785714285714,0.276327456947344,0.0709865751196046
"Australia","AUS",1,5,2.01165688067713,175.785714285714,NA,NA,175.785714285714,541.571428571429,0.39691716993072,0.120589712983376
"Australia","AUS",2,6,1.90614903950397,142.142857142857,NA,NA,142.142857142857,683.714285714286,0.492283963839153,0.0953667939084325
"Australia","AUS",3,7,2.4299935058989,141.071428571429,NA,NA,141.071428571429,824.785714285714,0.588065373751077,0.095781409911924
"Australia","AUS",4,8,1.38128774574533,141.785714285714,2.69178016481654,966.571428571428,141.785714285714,966.571428571429,0.6769667839055,0.0889014101544239
"Australia","AUS",5,9,1.31661560333803,130.571428571428,2.94188158359479,1097.14285714286,130.571428571429,1097.14285714286,0.764462861802982,0.0874960778974819
"Australia","AUS",6,10,1.55405215876022,105.857142857143,3.21855827943463,1203,105.857142857143,1203,0.840149268426211,0.0756864066232289
"Australia","AUS",7,11,1.69632601082081,116.857142857143,3.57591663633075,1319.85714285714,116.857142857143,1319.85714285714,0.929844186792918,0.089694918366707
"Australia","AUS",8,12,1.60369325797146,87.2142857142857,3.83769003479404,1407.07142857143,87.2142857142857,1407.07142857143,1,0.0701558132070818
"Bahamas","BHS",4,1,0.201236313948293,88.5000000000001,0.201236313948293,88.5000000000001,88.5,88.5,0.0370081063553826,0.0370081063553826
"Bahamas","BHS",5,2,0.226810041528621,53.75,0.200320883193523,142.25,53.75,142.25,0.0661796368352789,0.0291715304798962
"Bahamas","BHS",6,3,0.211170872091499,77.75,0.194019890353102,220,77.75,220,0.103326805954999,0.0371471691197203
"Bahamas","BHS",7,4,0.30007574114381,98,0.271156311153894,318,98,318,0.149473650683046,0.0461468447280473
"Bahamas","BHS",8,5,0.288926975462135,294.25,0.28365192642453,612.25,294.25,612.25,0.281897135811992,0.132423485128946
"Bahamas","BHS",9,6,0.297188448441485,463.750000000001,0.29074293729754,1076,463.75,1076,0.512720186584791,0.230823050772799
"Bahamas","BHS",10,7,0.289713480986426,213,0.291677349523262,1289,213,1289,0.625338769503406,0.112618582918615
"Bahamas","BHS",11,8,0.30487299473112,135.25,0.29366115641963,1424.25,135.25,1424.25,0.699337961080078,0.0739991915766722
"Bahamas","BHS",12,9,0.207471431755428,104.5,0.291706899810868,1528.75,104.5,1528.75,0.749828153564899,0.0504901924848211
"Bahamas","BHS",1,10,NA,NA,0.459939139967849,1659.5,130.75,1659.5,0.871115173674589,0.121287020109689
"Bahamas","BHS",2,11,NA,NA,0.481899357827903,1743.5,84,1743.5,0.947897623400366,0.076782449725777
"Bahamas","BHS",3,12,NA,NA,0.490328826683164,1800.5,57,1800.5,1,0.0521023765996344
"Bangladesh","BGD",3,1,0.26516583322372,57.5625,0.26516583322372,57.5625,57.5625,57.5625,0.00326666288879608,0.00326666288879608
"Bangladesh","BGD",4,2,0.205421236808404,99.7499999999999,0.228963702970501,157.3125,99.75,157.3125,0.00785733171999653,0.00459066883120044
"Bangladesh","BGD",5,3,0.252914234053666,240.875,0.246357361433635,398.187499999999,240.875,398.1875,0.0162650848467494,0.00840775312675292
"Bangladesh","BGD",6,4,0.307212809154055,1107.8125,0.319284997947323,1506,1107.8125,1506,0.0437224062683749,0.0274573214216255
"Bangladesh","BGD",7,5,0.348366596192268,4820.5,0.366274020547509,6326.5,4820.5,6326.5,0.156794080422711,0.113071674154336
"Bangladesh","BGD",8,6,0.330255835206668,10632.75,0.350854771605931,16959.25,10632.75,16959.25,0.385725236923641,0.22893115650093
"Bangladesh","BGD",9,7,0.361901157424526,9672.31249999998,0.363125970822794,26631.5625,9672.3125,26631.5625,0.610987258574946,0.225262021651305
"Bangladesh","BGD",10,8,0.34048329341038,9591.68750000001,0.36567787928508,36223.25,9591.6875,36223.25,0.799942616459103,0.188955357884157
"Bangladesh","BGD",11,9,0.260697521834677,8118.06250000002,0.364151168402771,44341.3125,8118.0625,44341.3125,0.943601670137094,0.143659053677991
"Bangladesh","BGD",12,10,0.239024885479222,2222.43749999999,0.364550534533789,46563.75,2222.4375,46563.75,0.991215800257581,0.047614130120487
"Bangladesh","BGD",1,11,0.225692146243214,271.5,0.364658393216197,46835.25,271.5,46835.25,0.997588436176293,0.00637263591871241
"Bangladesh","BGD",2,12,0.249179908361317,91.9375,0.364736703667862,46927.1875,91.9375,46927.1875,1,0.00241156382370649
"Barbados","BRB",4,1,1.06036597849468,39.9375,1.06036597849468,39.9375,39.9375,39.9375,0.0608729577306085,0.0608729577306085
"Barbados","BRB",5,2,1.01928308938098,41.25,1.06629294168815,81.1875000000001,41.25,81.1875,0.111646665037,0.0507737073063911
"Barbados","BRB",6,3,0.87075327542624,44.1875,1.03664429827413,125.375,44.1875,125.375,0.170958628227061,0.0593119631900609
"Barbados","BRB",7,4,0.802085379238947,45.8749999999999,0.99112573501566,171.25,45.875,171.25,0.233571957089051,0.0626133288619901
"Barbados","BRB",8,5,0.804667517856509,70.1875,1.01579253609429,241.4375,70.1875,241.4375,0.305159314017498,0.0715873569284476
"Barbados","BRB",9,6,0.637107865157304,155.9375,0.900422922175635,397.375,155.9375,397.375,0.426825237660131,0.121665923642633
"Barbados","BRB",10,7,0.749784510806585,140.625,0.931159003309323,537.999999999999,140.625,538,0.540594732385582,0.113769494725451
"Barbados","BRB",11,8,0.543802870536973,117.625,0.956191498438886,655.625,117.625,655.625,0.63363684621726,0.0930421138316781
"Barbados","BRB",12,9,0.46801490281154,102.25,0.944074137248543,757.875,102.25,757.875,0.709083881377108,0.0754470351598481
"Barbados","BRB",1,10,0.733426621033197,127.0625,1.03365207218015,884.9375,127.0625,884.9375,0.844899855072249,0.135815973695141
"Barbados","BRB",2,11,0.658421994491793,86.2499999999999,1.06799736595524,971.1875,86.25,971.1875,0.938839295416676,0.0939394403444269
"Barbados","BRB",3,12,0.801421199640976,58.75,1.07757640265898,1029.9375,58.75,1029.9375,1,0.0611607045833241
"Belize","BLZ",3,1,1.75371951765428,200.4375,1.75371951765428,200.4375,200.4375,200.4375,0.0664253171507558,0.0664253171507558
"Belize","BLZ",4,2,2.30277156145456,142.375,2.04473126625364,342.8125,142.375,342.8125,0.111202113504328,0.0447767963535721
"Belize","BLZ",5,3,1.92608431815045,176.6875,2.15195909749928,519.5,176.6875,519.5,0.164985047175208,0.05378293367088
"Belize","BLZ",6,4,1.87676833859045,234.3125,2.18062905190732,753.8125,234.3125,753.8125,0.230554853461908,0.0655698062867003
"Belize","BLZ",7,5,2.02343202967545,330.5625,2.29996172316028,1084.375,330.5625,1084.375,0.325120496174051,0.0945656427121431
"Belize","BLZ",8,6,1.37037238161345,478.749999999999,2.10203107180382,1563.125,478.75,1563.125,0.449567150152658,0.124446653978607
"Belize","BLZ",9,7,1.42909492181936,492.1875,1.97303675735926,2055.3125,492.1875,2055.3125,0.575066717071935,0.125499566919276
"Belize","BLZ",10,8,1.48591105035712,483.375,1.942121133346,2538.6875,483.375,2538.6875,0.702758691153731,0.127691974081796
"Belize","BLZ",11,9,1.3202315504269,369.75,1.88508134486543,2908.4375,369.75,2908.4375,0.795522578884503,0.0927638877307715
"Belize","BLZ",12,10,0.96400858171583,237.4375,1.87366350380751,3145.875,237.4375,3145.875,0.857995310874826,0.0624727319903238
"Belize","BLZ",1,11,1.55545465517077,257.8125,1.98136560818486,3403.68749999999,257.8125,3403.6875,0.940268009799503,0.082272698924677
"Belize","BLZ",2,12,1.86105056122938,181.25,2.05387091996187,3584.9375,181.25,3584.9375,1,0.0597319902004967
"Bhutan","BTN",3,1,0.484507625888462,44.1666666666666,0.484507625888462,44.1666666666666,44.1666666666667,44.1666666666667,0.0392408591092375,0.0392408591092375
"Bhutan","BTN",4,2,0.529442804738165,46.1666666666667,0.486866105509857,90.3333333333334,46.1666666666667,90.3333333333333,0.0848861527894889,0.0456452936802514
"Bhutan","BTN",5,3,0.529157014391836,36,0.483753732082067,126.333333333333,36,126.333333333333,0.121647141565723,0.0367609887762338
"Bhutan","BTN",6,4,0.547399974207735,48.75,0.483500592933381,175.083333333333,48.75,175.083333333333,0.169844257329162,0.0481971157634392
"Bhutan","BTN",7,5,0.57171565622069,65.7499999999999,0.487620355663511,240.833333333333,65.75,240.833333333333,0.243426164597135,0.0735819072679735
"Bhutan","BTN",8,6,0.618046337122337,122.833333333333,0.552392485655321,363.666666666666,122.833333333333,363.666666666667,0.377653561082698,0.134227396485562
"Bhutan","BTN",9,7,0.58938246066074,116,0.564776328374266,479.666666666667,116,479.666666666667,0.495600042061512,0.117946480978815
"Bhutan","BTN",10,8,0.604485132024352,111.75,0.57323300438178,591.416666666666,111.75,591.416666666667,0.61216298718843,0.116562945126918
"Bhutan","BTN",11,9,0.568476406316693,103.416666666667,0.573850628853509,694.833333333334,103.416666666667,694.833333333333,0.712978417369517,0.100815430181087
"Bhutan","BTN",12,10,0.565910185933475,81,0.57662349434727,775.833333333335,81,775.833333333333,0.79212424105396,0.0791458236844424
"Bhutan","BTN",1,11,0.490289572847277,53.9166666666666,0.839484225821795,829.749999999999,53.9166666666667,829.75,0.931876231864121,0.139751990810161
"Bhutan","BTN",2,12,0.359263013898183,25.0833333333333,0.895917758624633,854.833333333335,25.0833333333333,854.833333333333,1,0.0681237681358792
"Bolivia","BOL",8,1,3.45776508840943,546.312499999999,3.45776508840943,546.312499999999,546.3125,546.3125,0.0168605194351579,0.0168605194351579
"Bolivia","BOL",9,2,2.64905636807521,596.312500000001,3.11481868578897,1142.625,596.3125,1142.625,0.0341855828591353,0.0173250634239774
"Bolivia","BOL",10,3,3.19931242740219,948.562499999999,3.26686152332733,2091.1875,948.5625,2091.1875,0.0627664368938003,0.028580854034665
"Bolivia","BOL",11,4,3.10591585086453,1629.5,3.58376556079554,3720.68750000001,1629.5,3720.6875,0.114289247309316,0.0515228104155155
"Bolivia","BOL",12,5,2.01383959223686,2868.625,3.10116856637757,6589.3125,2868.625,6589.3125,0.195735392676168,0.0814461453668523
"Bolivia","BOL",1,6,0.952690872808259,7042.5,1.8433010542869,13631.8125,7042.5,13631.8125,0.320640981044294,0.124905588368126
"Bolivia","BOL",2,7,0.847549061135647,10061.5,1.37974478611394,23693.3125,10061.5,23693.3125,0.484700784605029,0.164059803560736
"Bolivia","BOL",3,8,1.20948046630221,10052.375,1.40457681907808,33745.6875,10052.375,33745.6875,0.674426448867091,0.189725664262061
"Bolivia","BOL",4,9,1.64610034009654,7454.81249999998,1.53649458891562,41200.5,7454.8125,41200.5,0.838953826541861,0.16452737767477
"Bolivia","BOL",5,10,1.92120746310337,3825.1875,1.65329137297638,45025.6875,3825.1875,45025.6875,0.937391750805534,0.0984379242636739
"Bolivia","BOL",6,11,1.72492049198853,1388,1.70607933576808,46413.6874999998,1388,46413.6875,0.97632419913071,0.0389324483251758
"Bolivia","BOL",7,12,3.37270771785161,686.437499999999,1.75394915097955,47100.125,686.4375,47100.125,1,0.0236758008692897
"Brazil","BRA",10,1,1.85166489418118,34391.0000000002,1.85166489418118,34391.0000000002,34391,34391,0.0211845816103336,0.0211845816103336
"Brazil","BRA",11,2,1.88178706077312,42456.6666666665,1.93376187250559,76847.6666666666,42456.6666666667,76847.6666666667,0.0461694780765328,0.0249848964661992
"Brazil","BRA",12,3,1.85586747754404,43745.8,2.00276596526429,120593.466666667,43745.8,120593.466666667,0.0714715035900638,0.025302025513531
"Brazil","BRA",1,4,1.30286451277512,193657.6,1.5836663585477,314251.066666666,193657.6,314251.066666667,0.164608857556506,0.0931373539664424
"Brazil","BRA",2,5,1.05327564308929,311281.933333335,1.3155110775595,625532.999999999,311281.933333333,625533,0.295988133583217,0.131379276026711
"Brazil","BRA",3,6,1.04760744790662,485655.733333336,1.23372170671969,1111188.73333333,485655.733333333,1111188.73333333,0.494905518028655,0.198917384445437
"Brazil","BRA",4,7,1.33414069594111,458810.400000001,1.29842085942787,1569999.13333334,458810.4,1569999.13333333,0.705967240497771,0.211061722469116
"Brazil","BRA",5,8,1.3447183617819,311111.933333331,1.34531666219716,1881111.06666666,311111.933333333,1881111.06666667,0.854728157762516,0.148760917264745
"Brazil","BRA",6,9,1.43989837318354,127718.066666666,1.36958183459215,2008829.13333333,127718.066666667,2008829.13333333,0.919105434246914,0.0643772764843988
"Brazil","BRA",7,10,2.01645431270184,60127.8666666669,1.39509964689923,2068957,60127.8666666667,2068957,0.953936739939629,0.0348313056927144
"Brazil","BRA",8,11,2.18964252132517,40514.2666666666,1.41407409328839,2109471.26666665,40514.2666666667,2109471.26666667,0.978167150444859,0.02423041050523
"Brazil","BRA",9,12,1.62424710479275,39177.5333333333,1.42644287497947,2148648.8,39177.5333333333,2148648.8,1,0.0218328495551413
"British Virgin Islands","VGB",4,1,0.451940849060067,6.16666666666667,0.451940849060067,6.16666666666667,6.16666666666667,6.16666666666667,0.0296710062280538,0.0296710062280538
"British Virgin Islands","VGB",5,2,0.655849397400397,16.3333333333333,0.663629945881765,22.5,16.3333333333333,22.5,0.105368001331889,0.0756969951038354
"British Virgin Islands","VGB",6,3,0.401157917970504,6.58333333333333,0.639729986081729,29.0833333333334,6.58333333333333,29.0833333333333,0.133994903792406,0.0286269024605171
"British Virgin Islands","VGB",7,4,0.550904487703221,9.83333333333334,0.652901343403374,38.9166666666667,9.83333333333333,38.9166666666667,0.179798459683261,0.0458035558908549
"British Virgin Islands","VGB",8,5,0.610075605020036,23.1666666666667,0.65909705862038,62.0833333333333,23.1666666666667,62.0833333333333,0.29365197061313,0.113853510929868
"British Virgin Islands","VGB",9,6,0.59974257248724,16.25,0.693378984222482,78.3333333333334,16.25,78.3333333333333,0.380807460102879,0.0871554894897492
"British Virgin Islands","VGB",10,7,0.71998078349389,27.5833333333333,0.697762583996958,105.916666666667,27.5833333333333,105.916666666667,0.522871423284795,0.142063963181916
"British Virgin Islands","VGB",11,8,0.608251700030651,14.8333333333333,0.711957191735275,120.75,14.8333333333333,120.75,0.601946324441233,0.0790749011564383
"British Virgin Islands","VGB",12,9,0.721026985796383,11,0.727671902514329,131.75,11,131.75,0.66370651742799,0.0617601929867567
"British Virgin Islands","VGB",1,10,1.13135175308869,18.25,1.2699220220079,150,18.25,150,0.834121746987984,0.170415229559994
"British Virgin Islands","VGB",2,11,0.914643431350346,8.58333333333334,1.41949347409874,158.583333333334,8.58333333333333,158.583333333333,0.910618011836935,0.0764962648489507
"British Virgin Islands","VGB",3,12,0.995845211696986,10.1666666666667,1.55170432871029,168.75,10.1666666666667,168.75,1,0.0893819881630654
"Brunei","BRN",5,1,0.842192500395616,27.9285714285714,0.842192500395616,27.9285714285714,27.9285714285714,27.9285714285714,0.072233841292826,0.072233841292826
"Brunei","BRN",6,2,0.823086740578605,23.4285714285714,0.834096469720374,51.3571428571428,23.4285714285714,51.3571428571429,0.130981421819086,0.0587475805262595
"Brunei","BRN",7,3,0.943107456643897,29.2142857142857,0.881544659858741,80.5714285714285,29.2142857142857,80.5714285714286,0.208218587701277,0.077237165882191
"Brunei","BRN",8,4,1.03891837646888,34.5714285714286,0.930859775045279,115.142857142857,34.5714285714286,115.142857142857,0.305208263636666,0.0969896759353897
"Brunei","BRN",9,5,1.67704889731629,25.3571428571429,1.03539259231935,140.5,25.3571428571429,140.5,0.38714338878343,0.0819351251467633
"Brunei","BRN",10,6,1.52252576052748,27.6428571428571,1.10652688667122,168.142857142857,27.6428571428571,168.142857142857,0.473789650720224,0.086646261936794
"Brunei","BRN",11,7,1.29177712546951,32.7142857142857,1.15077224002362,200.857142857143,32.7142857142857,200.857142857143,0.566657464516764,0.0928678137965403
"Brunei","BRN",12,8,1.58513502210644,29.8571428571429,1.20333933325089,230.714285714286,29.8571428571429,230.714285714286,0.658405951644579,0.0917484871278155
"Brunei","BRN",1,9,0.902915946353708,36.7857142857143,1.32037855085774,267.5,36.7857142857143,267.5,0.763219062964127,0.104813111319548
"Brunei","BRN",2,10,0.790638105582898,26.9285714285714,1.37541562372168,294.428571428571,26.9285714285714,294.428571428571,0.839628570855337,0.0764095078912094
"Brunei","BRN",3,11,1.11138001062254,23.5714285714286,1.48703987285299,318,23.5714285714286,318,0.927071676425543,0.087443105570206
"Brunei","BRN",4,12,1.02668625766401,23.1428571428571,1.51077258950578,341.142857142857,23.1428571428571,341.142857142857,1,0.0729283235744571
"Burkina Faso","BFA",5,1,NA,NA,NA,NA,678.714285714286,678.714285714286,0.0153610229894856,0.0153610229894856
"Burkina Faso","BFA",6,2,NA,NA,NA,NA,590.857142857143,1269.57142857143,0.0297888162847443,0.0144277932952587
"Burkina Faso","BFA",7,3,0.249800331622406,1053.85714285714,0.227557004356023,2323.42857142857,1053.85714285714,2323.42857142857,0.0561941579990565,0.0264053417143122
"Burkina Faso","BFA",8,4,0.247354741670151,2768,NA,NA,2768,5091.42857142857,0.111632342425399,0.0554381844263425
"Burkina Faso","BFA",9,5,0.218830928105031,7827.14285714287,NA,NA,7827.14285714286,12918.5714285714,0.214921774415274,0.103289431989875
"Burkina Faso","BFA",10,6,0.392302476015528,20323.1428571429,0.395043108387411,33241.7142857143,20323.1428571429,33241.7142857143,0.595281193480332,0.380359419065058
"Burkina Faso","BFA",11,7,0.34772500297599,12801.8571428572,0.386338293796629,46043.5714285715,12801.8571428571,46043.5714285714,0.788879205741524,0.193598012261192
"Burkina Faso","BFA",12,8,0.393436968136925,4594.85714285715,0.387568974443802,50638.4285714285,4594.85714285714,50638.4285714286,0.872476934228204,0.0835977284866798
"Burkina Faso","BFA",1,9,NA,NA,0.389603013467943,52858.8571428571,2220.42857142857,52858.8571428571,0.917818457421131,0.0453415231929268
"Burkina Faso","BFA",2,10,0.272008701918593,1601.57142857143,0.390421230004248,54460.4285714285,1601.57142857143,54460.4285714286,0.948100450152092,0.0302819927309613
"Burkina Faso","BFA",3,11,NA,NA,0.392444315539985,55656.8571428573,1196.42857142857,55656.8571428571,0.977900809373588,0.0298003592214959
"Burkina Faso","BFA",4,12,NA,NA,0.392976499492712,56775.5714285714,1118.71428571429,56775.5714285714,1,0.0220991906264119
"Cambodia","KHM",2,1,0.767005771347839,396.4375,0.767005771347839,396.4375,396.4375,396.4375,0.022370383973675,0.022370383973675
"Cambodia","KHM",3,2,0.732832878651008,513.875,0.715352233405694,910.3125,513.875,910.3125,0.048258016979807,0.0258876330061319
"Cambodia","KHM",4,3,1.13003450281431,657.437499999999,1.14024778749005,1567.75,657.4375,1567.75,0.0770227128620988,0.0287646958822918
"Cambodia","KHM",5,4,1.28021947015443,1453.625,1.40240497702034,3021.375,1453.625,3021.375,0.139847760133425,0.0628250472713258
"Cambodia","KHM",6,5,1.01159822329271,3400.8125,1.23766169273383,6422.1875,3400.8125,6422.1875,0.271557303695584,0.131709543562159
"Cambodia","KHM",7,6,1.05820605954759,4697.18749999999,1.22121066048929,11119.375,4697.1875,11119.375,0.454950074675519,0.183392770979935
"Cambodia","KHM",8,7,1.57695169973995,3647,1.34086446275241,14766.375,3647,14766.375,0.62322636994517,0.168276295269651
"Cambodia","KHM",9,8,1.51002413364875,2713.125,1.38211935227482,17479.5,2713.125,17479.5,0.744746853775012,0.121520483829843
"Cambodia","KHM",10,9,1.44019523372387,2190.3125,1.42002999809781,19669.8125,2190.3125,19669.8125,0.843525640357736,0.0987787865827243
"Cambodia","KHM",11,10,1.425825163062,1504.8125,1.45305020725597,21174.625,1504.8125,21174.625,0.914508086293203,0.0709824459354669
"Cambodia","KHM",12,11,1.27482496552421,976.500000000001,1.47289908814809,22151.125,976.5,22151.125,0.961084138674187,0.0465760523809834
"Cambodia","KHM",1,12,0.658669304753035,791.875000000001,1.49141059639954,22943,791.875,22943,1,0.0389158613258132
"Caribbean Netherlands","BES",5,1,1.68793759085755,10,1.68793759085755,10,10,10,0.0218094474117682,0.0218094474117682
"Caribbean Netherlands","BES",6,2,1.50633582659454,9.66666666666667,1.50899567957318,19.6666666666667,9.66666666666667,19.6666666666667,0.0430795204977544,0.0212700730859861
"Caribbean Netherlands","BES",7,3,1.12196619576794,14.6666666666667,1.2973534251606,34.3333333333333,14.6666666666667,34.3333333333333,0.0748281976221449,0.0317486771243905
"Caribbean Netherlands","BES",8,4,1.66503033832786,15,1.36992701929965,49.3333333333333,15,49.3333333333333,0.107806869611094,0.0329786719889494
"Caribbean Netherlands","BES",9,5,1.63630178653307,19,1.42247910666894,68.3333333333333,19,68.3333333333333,0.149969260253467,0.042162390642373
"Caribbean Netherlands","BES",10,6,1.36746289473781,29,1.39322983515291,97.3333333333333,29,97.3333333333333,0.213250477768832,0.0632812175153645
"Caribbean Netherlands","BES",11,7,1.41819850347456,30.3333333333333,1.39137813089926,127.666666666667,30.3333333333333,127.666666666667,0.280298270492129,0.0670477927232976
"Caribbean Netherlands","BES",12,8,1.3152467264417,45,1.36556330932756,172.666666666666,45,172.666666666667,0.379623742082412,0.0993254715902822
"Caribbean Netherlands","BES",1,9,1.65634512754229,108.333333333333,5.91478333279224,280.999999999999,108.333333333333,281,0.607997153637172,0.228373411554761
"Caribbean Netherlands","BES",2,10,1.85564289869824,83.3333333333333,11.2080289079741,364.333333333334,83.3333333333333,364.333333333333,0.78671869698395,0.178721543346778
"Caribbean Netherlands","BES",3,11,1.90117821089333,82,13.8613819100681,446.333333333333,82,446.333333333333,0.963282743027599,0.176564046043649
"Caribbean Netherlands","BES",4,12,1.92903586728955,17.3333333333333,13.6558383291795,463.666666666667,17.3333333333333,463.666666666667,1,0.0367172569724009
"Cayman Islands","CYM",4,1,7.2313895970364,1.42857142857143,7.2313895970364,1.42857142857143,1.42857142857143,1.42857142857143,0.0160328280300273,0.0160328280300273
"Cayman Islands","CYM",5,2,NA,NA,1.60631263314262,2.85714285714286,1.42857142857143,2.85714285714286,0.0318501661373775,0.0158173381073502
"Cayman Islands","CYM",6,3,NA,NA,1.80799421383996,4.71428571428572,1.85714285714286,4.71428571428571,0.0551920516366295,0.023341885499252
"Cayman Islands","CYM",7,4,3.04406979681329,6.57142857142857,4.24722815040542,11.2857142857143,6.57142857142857,11.2857142857143,0.122924579433727,0.0677325277970978
"Cayman Islands","CYM",8,5,4.1866636298945,2.57142857142857,4.22128807308864,13.8571428571428,2.57142857142857,13.8571428571429,0.15367846131232,0.0307538818785928
"Cayman Islands","CYM",9,6,5.75641231846993,6.71428571428571,3.79543318963803,20.5714285714286,6.71428571428571,20.5714285714286,0.226482744280628,0.072804282968308
"Cayman Islands","CYM",10,7,1.95214138106505,20.2857142857143,2.67324728753722,40.8571428571429,20.2857142857143,40.8571428571429,0.426987235735436,0.200504491454808
"Cayman Islands","CYM",11,8,3.18623332975788,17,2.69289239620182,57.8571428571429,17,57.8571428571429,0.606582038568439,0.179594802833003
"Cayman Islands","CYM",12,9,2.11385089495028,5,2.93193458798848,62.8571428571428,5,62.8571428571429,0.66770173642324,0.0611196978548015
"Cayman Islands","CYM",1,10,6.15882108200706,14.8571428571429,6.36417623604554,77.7142857142858,14.8571428571429,77.7142857142857,0.883056388397694,0.215354651974454
"Cayman Islands","CYM",2,11,1.24370560802386,8.71428571428572,6.21178256811383,86.4285714285714,8.71428571428571,86.4285714285714,0.97582891634331,0.0927725279456153
"Cayman Islands","CYM",3,12,1.81147413988399,1.85714285714286,6.49162917604275,88.2857142857142,1.85714285714286,88.2857142857143,1,0.0241710836566903
"Chile","CHL",4,1,NA,NA,NA,NA,13,13,0.343968968968969,0.343968968968969
"Chile","CHL",5,2,NA,NA,NA,NA,5.66666666666667,18.6666666666667,0.493393393393393,0.149424424424424
"Chile","CHL",6,3,NA,NA,NA,NA,1.66666666666667,20.3333333333333,0.537337337337337,0.0439439439439439
"Chile","CHL",7,4,NA,NA,NA,NA,1,21.3333333333333,0.563938938938939,0.0266016016016016
"Chile","CHL",8,5,NA,NA,NA,NA,1,22.3333333333333,0.590540540540541,0.0266016016016016
"Chile","CHL",9,6,NA,NA,NA,NA,1,23.3333333333333,0.617142142142142,0.0266016016016016
"Chile","CHL",10,7,NA,NA,NA,NA,1,24.3333333333333,0.643743743743744,0.0266016016016016
"Chile","CHL",11,8,NA,NA,NA,NA,1,25.3333333333333,0.670345345345345,0.0266016016016016
"Chile","CHL",12,9,NA,NA,NA,NA,1,26.3333333333333,0.696946946946947,0.0266016016016016
"Chile","CHL",1,10,NA,NA,NA,NA,1.33333333333333,27.6666666666667,0.732807807807808,0.0358608608608609
"Chile","CHL",2,11,NA,NA,NA,NA,2.33333333333333,30,0.79527027027027,0.0624624624624625
"Chile","CHL",3,12,NA,NA,NA,NA,7.66666666666667,37.6666666666667,1,0.20472972972973
"China","CHN",3,1,NA,NA,NA,NA,11.8571428571429,11.8571428571429,0.000816984016948811,0.000816984016948811
"China","CHN",4,2,NA,NA,NA,NA,20.7142857142857,32.5714285714286,0.00216854145357609,0.00135155743662728
"China","CHN",5,3,NA,NA,NA,NA,42,74.5714285714286,0.00495877720722345,0.00279023575364735
"China","CHN",6,4,0.138224275890739,99.5000000000001,0.125926422320827,174.071428571428,99.5,174.071428571429,0.0132560079660453,0.00829723075882187
"China","CHN",7,5,NA,NA,NA,NA,339.857142857143,513.928571428571,0.0451333339091701,0.0318773259431248
"China","CHN",8,6,0.318490622825604,1089.35714285714,0.297704282056973,1603.28571428571,1089.35714285714,1603.28571428571,0.173866901081231,0.128733567172061
"China","CHN",9,7,0.399789293774069,3144.21428571429,0.402566305374287,4747.5,3144.21428571429,4747.5,0.467127790801999,0.293260889720768
"China","CHN",10,8,0.487451607398329,4488.35714285714,0.539324214950402,9235.85714285716,4488.35714285714,9235.85714285714,0.834125828543446,0.366998037741447
"China","CHN",11,9,0.615320904668652,1137.64285714286,0.554736447302942,10373.5,1137.64285714286,10373.5,0.967678306541275,0.13355247799783
"China","CHN",12,10,0.518159280663563,132.714285714286,0.557256022362152,10506.2142857143,132.714285714286,10506.2142857143,0.985650567221316,0.0179722606800403
"China","CHN",1,11,0.105410778722125,26.6428571428571,0.560331523266158,10532.8571428572,26.6428571428571,10532.8571428571,0.994747589399826,0.00909702217851037
"China","CHN",2,12,NA,NA,0.561820187032821,10553,20.1428571428571,10553,1,0.00525241060017391
"Colombia","COL",2,1,1.86113187269089,8925.0625,1.86113187269089,8925.0625,8925.0625,8925.0625,0.0867544896193062,0.0867544896193062
"Colombia","COL",3,2,1.50470941621698,9758.375,1.67816405850617,18683.4375,9758.375,18683.4375,0.173328112939929,0.0865736233206226
"Colombia","COL",4,3,1.72069327545389,9445.99999999999,1.7252783213059,28129.4375,9446,28129.4375,0.258575076729329,0.0852469637894003
"Colombia","COL",5,4,1.89239387123688,10349.1875,1.80323589274484,38478.6250000001,10349.1875,38478.625,0.353439110687293,0.0948640339579639
"Colombia","COL",6,5,1.59889817380443,9795.62499999997,1.80562217491271,48274.25,9795.625,48274.25,0.438250827962426,0.084811717275133
"Colombia","COL",7,6,2.40558312617766,8740.12500000001,1.93599359323945,57014.3749999999,8740.125,57014.375,0.522148525870288,0.0838976979078624
"Colombia","COL",8,7,2.76133915497604,7105.3125,2.05330306421239,64119.6874999998,7105.3125,64119.6875,0.591677519348872,0.0695289934785837
"Colombia","COL",9,8,2.65447318207147,7134.62500000001,2.18504198400764,71254.3125000003,7134.625,71254.3125,0.662427889026725,0.0707503696778532
"Colombia","COL",10,9,3.76901135280955,7077.93750000002,2.38320855014998,78332.2499999998,7077.9375,78332.25,0.738474361152643,0.0760464721259176
"Colombia","COL",11,10,3.04125342505869,7498.18749999999,2.56940991517743,85830.4375000002,7498.1875,85830.4375,0.818984888778513,0.0805105276258704
"Colombia","COL",12,11,3.05262861454672,7022.81249999999,2.72364845963094,92853.2499999999,7022.8125,92853.25,0.894823092001385,0.075838203222872
"Colombia","COL",1,12,2.41479181014426,9960.5625,2.87120595534445,102813.8125,9960.5625,102813.8125,1,0.105176907998615
"Cook Islands","COK",12,1,0.612381906859765,7.24999999999999,0.612381906859765,7.24999999999999,7.25,7.25,0.014825782812662,0.014825782812662
"Cook Islands","COK",1,2,1.18294787005715,11,0.884896326497715,18.25,11,18.25,0.0425589547695185,0.0277331719568565
"Cook Islands","COK",2,3,1.98253823541444,49.5,1.6704291732299,67.7500000000001,49.5,67.75,0.187934644775056,0.145375690005538
"Cook Islands","COK",3,4,2.26154089536198,97.7500000000001,2.02150588475645,165.5,97.75,165.5,0.47307731980162,0.285142675026564
"Cook Islands","COK",4,5,1.47496550300667,63.5,1.85178276525826,229,63.5,229,0.638354077975277,0.165276758173657
"Cook Islands","COK",5,6,1.66200784795682,47.75,1.81772342167861,276.75,47.75,276.75,0.76522050418818,0.126866426212903
"Cook Islands","COK",6,7,1.55903835248796,28,1.80079083543773,304.75,28,304.75,0.837926004824992,0.072705500636812
"Cook Islands","COK",7,8,1.2516798650501,23.25,1.75910847100032,328,23.25,328,0.893705388328994,0.0557793835040019
"Cook Islands","COK",8,9,1.26261721072541,13.5,1.738198857091,341.5,13.5,341.5,0.926081970762362,0.0323765824333679
"Cook Islands","COK",9,10,1.64910031759899,10.5,1.81829631170351,352,10.5,352,0.965890066449376,0.0398080956870141
"Cook Islands","COK",10,11,0.949312975288053,5,1.84428883888876,357,5,357,0.983430784520025,0.0175407180706488
"Cook Islands","COK",11,12,1.23281444059531,4.25,1.87423777804644,361.25,4.25,361.25,1,0.0165692154799752
"Costa Rica","CRI",3,1,1.48121602848919,714.75,1.48121602848919,714.75,714.75,714.75,0.03717969192493,0.03717969192493
"Costa Rica","CRI",4,2,1.88506123914004,643.625,1.70216847783084,1358.375,643.625,1358.375,0.073660156651974,0.036480464727044
"Costa Rica","CRI",5,3,1.66198153341619,1105.375,1.73985897719786,2463.75,1105.375,2463.75,0.133471671766214,0.0598115151142397
"Costa Rica","CRI",6,4,1.56437431103059,1819.625,1.70660848522439,4283.375,1819.625,4283.375,0.228774316996723,0.0953026452305091
"Costa Rica","CRI",7,5,1.78133543240784,2547.6875,1.77229406361172,6831.06249999999,2547.6875,6831.0625,0.360915485913205,0.132141168916482
"Costa Rica","CRI",8,6,1.67632549742118,2702.0625,1.81228585691512,9533.12499999999,2702.0625,9533.125,0.492169553405053,0.131254067491848
"Costa Rica","CRI",9,7,1.43014525159802,2491.8125,1.79561796691812,12024.9375,2491.8125,12024.9375,0.608009554929691,0.115840001524638
"Costa Rica","CRI",10,8,1.34591271397665,2543.25,1.79480348724452,14568.1875,2543.25,14568.1875,0.725412821558729,0.117403266629038
"Costa Rica","CRI",11,9,1.10539887858876,2402.4375,1.74307572221232,16970.625,2402.4375,16970.625,0.828570295886362,0.103157474327633
"Costa Rica","CRI",12,10,1.04673238953899,1455.3125,1.7127495749842,18425.9375,1455.3125,18425.9375,0.892168201275522,0.06359790538916
"Costa Rica","CRI",1,11,0.941249341409632,1514.6875,1.70535892430034,19940.625,1514.6875,19940.625,0.960261221631464,0.0680930203559414
"Costa Rica","CRI",2,12,1.1349911461181,794.625,1.71481919762716,20735.25,794.625,20735.25,1,0.0397387783685365
"Côte d’Ivoire","CIV",2,1,NA,NA,NA,NA,43.25,43.25,0.0118846019433057,0.0118846019433057
"Côte d’Ivoire","CIV",3,2,NA,NA,NA,NA,30.75,74,0.0265132503715897,0.0146286484282839
"Côte d’Ivoire","CIV",4,3,NA,NA,NA,NA,20,94,0.0388023177148786,0.0122890673432889
"Côte d’Ivoire","CIV",5,4,0.715917861102301,49.75,NA,NA,49.75,143.75,0.065226052677137,0.0264237349622584
"Côte d’Ivoire","CIV",6,5,0.334029646723253,460.999999999999,0.401840194736288,604.75,461,604.75,0.188060705551662,0.122834652874525
"Côte d’Ivoire","CIV",7,6,0.388569111910422,748,0.39972843810702,1352.75,748,1352.75,0.391491705297309,0.203430999745647
"Côte d’Ivoire","CIV",8,7,NA,NA,0.391854860532015,2212,859.25,2212,0.599771765861741,0.208280060564432
"Côte d’Ivoire","CIV",9,8,0.415852490612493,221.75,0.396335623393084,2433.75,221.75,2433.75,0.665758200017591,0.0659864341558508
"Côte d’Ivoire","CIV",10,9,NA,NA,0.400973895185058,2495.75,62,2495.75,0.680553977272594,0.0147957772550026
"Côte d’Ivoire","CIV",11,10,NA,NA,0.408957168068285,2531.5,35.75,2531.5,0.699959147147088,0.0194051698744943
"Côte d’Ivoire","CIV",12,11,1.14715093755554,20,0.420145531036968,2551.5,20,2551.5,0.72710000473347,0.0271408575863822
"Côte d’Ivoire","CIV",1,12,3.02048303722008,78.7500000000001,0.675275575967817,2630.25,78.75,2630.25,1,0.27289999526653
"Cuba","CUB",4,1,8.6627247119521,65.625,8.6627247119521,65.625,65.625,65.625,0.0335140316808718,0.0335140316808718
"Cuba","CUB",5,2,10.8912210315536,91.125,9.65560373747308,156.75,91.125,156.75,0.0805386824822676,0.0470246508013958
"Cuba","CUB",6,3,10.8607030158404,116.125,9.88474938582362,272.875,116.125,272.875,0.140521325379363,0.0599826428970958
"Cuba","CUB",7,4,10.3555702551623,138.125,10.0608124081576,411,138.125,411,0.211507212383336,0.0709858870039726
"Cuba","CUB",8,5,9.22502203448196,220.625,9.83578195430576,631.625000000001,220.625,631.625,0.324833981105274,0.113326768721938
"Cuba","CUB",9,6,7.95955148012344,279.125,9.1689981223058,910.75,279.125,910.75,0.467023056778792,0.142189075673518
"Cuba","CUB",10,7,8.16640917070223,288,8.88741856029648,1198.75,288,1198.75,0.61375633375631,0.146733276977519
"Cuba","CUB",11,8,7.99820402785534,235,8.72625326647459,1433.75,235,1433.75,0.733235214313839,0.119478880557529
"Cuba","CUB",12,9,7.66700590058539,165.125,8.59543690868722,1598.875,165.125,1598.875,0.817459200592735,0.0842239862788961
"Cuba","CUB",1,10,8.50144749667908,156.375,11.2804978133242,1755.25,156.375,1755.25,0.906197201831166,0.0887380012384306
"Cuba","CUB",2,11,9.33692275869889,84.5,12.787193399588,1839.75,84.5,1839.75,0.95400436190835,0.047807160077184
"Cuba","CUB",3,12,10.2445724033176,80.3749999999999,14.444072601464,1920.125,80.375,1920.125,1,0.0459956380916502
"Curaçao","CUW",5,1,4.10473306030855,28,4.10473306030855,28,28,28,0.0338210622709998,0.0338210622709998
"Curaçao","CUW",6,2,4.31733695064774,32,3.96873882479081,60,32,60,0.0733196598988419,0.0394985976278421
"Curaçao","CUW",7,3,3.75135852299289,38.75,3.85700912481683,98.7499999999999,38.75,98.75,0.119694489901426,0.0463748300025839
"Curaçao","CUW",8,4,4.22601575013257,46.5,3.86230419571568,145.25,46.5,145.25,0.176366819160693,0.0566723292592675
"Curaçao","CUW",9,5,3.31903333323676,49.25,3.66131642667868,194.5,49.25,194.5,0.235616792082737,0.0592499729220432
"Curaçao","CUW",10,6,3.28724339925473,70.5,3.52239587753203,265,70.5,265,0.320841696011488,0.0852249039287513
"Curaçao","CUW",11,7,3.50387674027381,82.7500000000001,3.48666066374406,347.75,82.75,347.75,0.419512828541869,0.0986711325303812
"Curaçao","CUW",12,8,3.92969065763523,99.5000000000001,3.55700254095995,447.25,99.5,447.25,0.539647301656101,0.120134473114232
"Curaçao","CUW",1,9,2.1025200470167,106.25,3.62614196501405,553.5,106.25,553.5,0.656569147713593,0.116921846057492
"Curaçao","CUW",2,10,2.08870233506682,128.75,3.41624138173667,682.249999999999,128.75,682.25,0.795929928897689,0.139360781184096
"Curaçao","CUW",3,11,2.24108470751173,159.75,3.2898281124307,842,159.75,842,0.973753643542946,0.177823714645258
"Curaçao","CUW",4,12,2.32990305315376,24.25,3.25486353848184,866.249999999999,24.25,866.25,1,0.0262463564570536
"Dominica","DMA",4,1,0.631982362091259,8.90909090909092,0.631982362091259,8.90909090909092,8.90909090909091,8.90909090909091,0.0299574956831399,0.0299574956831399
"Dominica","DMA",5,2,0.568175703911966,10.8181818181818,0.525687036240285,19.7272727272727,10.8181818181818,19.7272727272727,0.063626225190255,0.0336687295071151
"Dominica","DMA",6,3,0.572459675803409,11.2727272727273,0.486994956586296,31,11.2727272727273,31,0.100898251986408,0.0372720267961533
"Dominica","DMA",7,4,0.547103396063652,13.2727272727273,0.458802152829374,44.2727272727273,13.2727272727273,44.2727272727273,0.145335400529796,0.0444371485433881
"Dominica","DMA",8,5,0.510755036938969,19.1818181818182,0.43290828246572,63.4545454545454,19.1818181818182,63.4545454545455,0.206525609563223,0.0611902090334262
"Dominica","DMA",9,6,0.483082618579195,26.1818181818181,0.411648496846781,89.6363636363638,26.1818181818182,89.6363636363636,0.292708708945316,0.0861830993820929
"Dominica","DMA",10,7,0.562773145714289,34.6363636363637,0.462399471606719,124.272727272727,34.6363636363636,124.272727272727,0.410314968478492,0.117606259533176
"Dominica","DMA",11,8,0.604513447882571,40,0.531679495629827,164.272727272727,40,164.272727272727,0.542090600942469,0.131775632463978
"Dominica","DMA",12,9,0.504960002313054,26,0.523059039674322,190.272727272727,26,190.272727272727,0.631175549604966,0.089084948662497
"Dominica","DMA",1,10,0.772630790044019,25.0909090909091,1.09833131511206,215.363636363637,25.0909090909091,215.363636363636,0.810052274060568,0.178876724455602
"Dominica","DMA",2,11,0.736665005130001,12.6363636363636,1.28659404486816,228,12.6363636363636,228,0.904132472713682,0.0940801986531144
"Dominica","DMA",3,12,0.800105148993806,12.9090909090909,1.44727862712239,240.909090909091,12.9090909090909,240.909090909091,1,0.0958675272863179
"Dominican Republic","DOM",3,1,1.57090929670601,460.375000000001,1.57090929670601,460.375000000001,460.375,460.375,0.0848153118399859,0.0848153118399859
"Dominican Republic","DOM",4,2,1.90550549033842,372.375,1.84120310630431,832.750000000001,372.375,832.75,0.147324913437771,0.0625096015977854
"Dominican Republic","DOM",5,3,2.10166464065858,410.5,2.04467454130992,1243.25,410.5,1243.25,0.211730643203128,0.0644057297653564
"Dominican Republic","DOM",6,4,1.44693069920596,518.062499999999,1.93754300516391,1761.3125,518.0625,1761.3125,0.283064171683959,0.0713335284808316
"Dominican Republic","DOM",7,5,1.11858823023686,693.5625,1.83813143351877,2454.875,693.5625,2454.875,0.35805229761995,0.0749881259359907
"Dominican Republic","DOM",8,6,0.930508703501028,909.062499999999,1.68495595092402,3363.9375,909.0625,3363.9375,0.442758892474785,0.0847065948548353
"Dominican Republic","DOM",9,7,0.733407965072481,1325.4375,1.42811671452996,4689.375,1325.4375,4689.375,0.550640477791891,0.107881585317106
"Dominican Republic","DOM",10,8,0.718224205060224,1602,1.25505319954734,6291.375,1602,6291.375,0.681629699958025,0.130989222166134
"Dominican Republic","DOM",11,9,1.01819205329019,985.6875,1.27378305298554,7277.06250000002,985.6875,7277.0625,0.787554110033882,0.105924410075856
"Dominican Republic","DOM",12,10,0.884070975331392,853,1.24337487720571,8130.0625,853,8130.0625,0.866500522627729,0.0789464125938477
"Dominican Republic","DOM",1,11,0.867141934428965,777.249999999999,1.23311824582974,8907.31250000001,777.25,8907.3125,0.942601047644631,0.0761005250169011
"Dominican Republic","DOM",2,12,1.31716228823389,432.5625,1.26479081546161,9339.87500000001,432.5625,9339.875,1,0.0573989523553694
"Ecuador","ECU",11,1,1.75016272776288,791.600000000001,1.75016272776288,791.600000000001,791.6,791.6,0.0411484295815449,0.0411484295815449
"Ecuador","ECU",12,2,1.41080360737768,1137.2,1.63059651838895,1928.8,1137.2,1928.8,0.101139439364645,0.0599910097830999
"Ecuador","ECU",1,3,2.40554923794322,1520.26666666666,2.19938562385211,3449.06666666667,1520.26666666667,3449.06666666667,0.181795941151241,0.0806565017865964
"Ecuador","ECU",2,4,2.19842779847096,1799.46666666667,2.33912206395077,5248.53333333333,1799.46666666667,5248.53333333333,0.272082895458071,0.0902869543068297
"Ecuador","ECU",3,5,1.88112125485409,2649.86666666667,2.39403142387154,7898.40000000001,2649.86666666667,7898.4,0.39514883283666,0.123065937378589
"Ecuador","ECU",4,6,1.63039159944401,2776.33333333334,2.29908712647823,10674.7333333333,2776.33333333333,10674.7333333333,0.51828597620176,0.123137143365101
"Ecuador","ECU",5,7,1.33297965656592,3288.53333333332,2.10073581328931,13963.2666666667,3288.53333333333,13963.2666666667,0.656307290725207,0.138021314523446
"Ecuador","ECU",6,8,1.64266055464281,2530.46666666667,2.08270303911407,16493.7333333333,2530.46666666667,16493.7333333333,0.769621921937917,0.113314631212711
"Ecuador","ECU",7,9,2.1967992235977,1821.73333333333,2.14699137042469,18315.4666666667,1821.73333333333,18315.4666666667,0.858260279097651,0.0886383571597332
"Ecuador","ECU",8,10,2.07760912307339,1097.93333333333,2.19082680003437,19413.4,1097.93333333333,19413.4,0.912815840382549,0.0545555612848986
"Ecuador","ECU",9,11,1.86273082292475,886.333333333336,2.22624977568018,20299.7333333333,886.333333333333,20299.7333333333,0.957420144484682,0.044604304102133
"Ecuador","ECU",10,12,1.61784546745764,856.066666666665,2.24884537398243,21155.8000000001,856.066666666667,21155.8,1,0.0425798555153178
"El Salvador","SLV",2,1,2.30972545785512,824.8125,2.30972545785512,824.8125,824.8125,824.8125,0.0574284156592147,0.0574284156592147
"El Salvador","SLV",3,2,2.30636563305986,987.874999999998,2.44412188373863,1812.6875,987.875,1812.6875,0.120425333291993,0.062996917632778
"El Salvador","SLV",4,3,2.63438702261917,915.187499999999,2.62627164932741,2727.875,915.1875,2727.875,0.180886441028782,0.0604611077367897
"El Salvador","SLV",5,4,2.07399146753647,1327.125,2.53309673743142,4055,1327.125,4055,0.261577887168614,0.0806914461398314
"El Salvador","SLV",6,5,1.50966112738915,1926.25,2.22555058897736,5981.25000000001,1926.25,5981.25,0.360160125264429,0.098582238095815
"El Salvador","SLV",7,6,1.28617211920645,2429.6875,1.97973632185146,8410.9375,2429.6875,8410.9375,0.476528847932227,0.116368722667798
"El Salvador","SLV",8,7,0.889629682169646,3139.12499999999,1.62829343847218,11550.0625,3139.125,11550.0625,0.602983787600194,0.126454939667967
"El Salvador","SLV",9,8,1.01490927710245,2628.5625,1.52760828991534,14178.625,2628.5625,14178.625,0.71849866714481,0.115514879544616
"El Salvador","SLV",10,9,1.31003345484024,2078.5,1.51427154588084,16257.125,2078.5,16257.125,0.818874345389383,0.100375678244573
"El Salvador","SLV",11,10,1.13972999025959,1524.25,1.50003950806896,17781.375,1524.25,17781.375,0.890954774721057,0.0720804293316743
"El Salvador","SLV",12,11,1.35228606808514,813.625000000001,1.51605458908745,18595,813.625,18595,0.934862567741146,0.0439077930200885
"El Salvador","SLV",1,12,1.95702892448805,1036.9375,1.5704851545701,19631.9375,1036.9375,19631.9375,1,0.0651374322588544
"Eritrea","ERI",7,1,18.9968432683154,677.2,18.9968432683154,677.2,677.2,677.2,0.0547915505294059,0.0547915505294059
"Eritrea","ERI",8,2,8.09125185902843,731.6,26.6377453433287,1408.8,731.6,1408.8,0.112791980293847,0.0580004297644415
"Eritrea","ERI",9,3,4.66188424799328,1151.4,13.5771828218135,2560.20000000001,1151.4,2560.2,0.203443627949377,0.0906516476555292
"Eritrea","ERI",10,4,10.840522035035,1336.8,12.5075741625719,3897,1336.8,3897,0.308948090159424,0.105504462210048
"Eritrea","ERI",11,5,20.2232810653399,1532.2,15.6244526673453,5429.20000000001,1532.2,5429.2,0.430942495038626,0.121994404879201
"Eritrea","ERI",12,6,137.735402556075,1173,24.7247499925164,6602.19999999998,1173,6602.2,0.527185505978464,0.0962430109398384
"Eritrea","ERI",1,7,33.9703483507424,1100.2,37.4151700761438,7702.4,1100.2,7702.4,0.619008773695149,0.091823267716685
"Eritrea","ERI",2,8,7.28224711025048,1195.8,31.2333197097245,8898.2,1195.8,8898.2,0.712138728452886,0.0931299547577366
"Eritrea","ERI",3,9,10.0464927268148,1060.4,29.3847638487484,9958.6,1060.4,9958.6,0.795184718770663,0.0830459903177777
"Eritrea","ERI",4,10,8.75138487992655,1053,29.3984907903773,11011.6,1053,11011.6,0.878441710600229,0.0832569918295657
"Eritrea","ERI",5,11,14.2637128214287,759.600000000001,30.5199657927013,11771.2,759.6,11771.2,0.939285389138662,0.0608436785384335
"Eritrea","ERI",6,12,12.2677696383632,751.000000000001,32.3450538963725,12522.2,751,12522.2,1,0.0607146108613376
"Ethiopia","ETH",5,1,NA,NA,NA,NA,1021.66666666667,1021.66666666667,0.0765203027654343,0.0765203027654343
"Ethiopia","ETH",6,2,NA,NA,NA,NA,1411.66666666667,2433.33333333333,0.140337821007442,0.0638175182420077
"Ethiopia","ETH",7,3,NA,NA,NA,NA,424.666666666667,2858,0.16737457641268,0.027036755405238
"Ethiopia","ETH",8,4,NA,NA,NA,NA,273.666666666667,3131.66666666667,0.181494739603019,0.0141201631903392
"Ethiopia","ETH",9,5,1.47707433267256,349.666666666666,0.609200478047963,3481.33333333333,349.666666666667,3481.33333333333,0.207204268779467,0.0257095291764473
"Ethiopia","ETH",10,6,1.07222642671486,4536.66666666666,1.11060143948672,8017.99999999999,4536.66666666667,8018,0.523917559261916,0.316713290482449
"Ethiopia","ETH",11,7,1.62883037095117,3606,1.26059895873984,11624,3606,11624,0.802936185862009,0.279018626600093
"Ethiopia","ETH",12,8,1.92467298669724,1061,1.30708532212596,12685,1061,12685,0.88869575044166,0.085759564579651
"Ethiopia","ETH",1,9,NA,NA,1.28991905658818,12866.3333333333,181.333333333333,12866.3333333333,0.896414032065017,0.00771828162335729
"Ethiopia","ETH",2,10,1.68992533819481,79.3333333333333,1.3018083111342,12945.6666666667,79.3333333333333,12945.6666666667,0.90477643104411,0.00836239897909264
"Ethiopia","ETH",3,11,2.02818462551704,75.6666666666667,1.31678445234279,13021.3333333333,75.6666666666667,13021.3333333333,0.913737268419925,0.00896083737581514
"Ethiopia","ETH",4,12,0.734757736639571,285,1.58231446223275,13306.3333333333,285,13306.3333333333,1,0.0862627315800751
"Fiji","FJI",11,1,0.527209668679447,324.599999999999,0.527209668679447,324.599999999999,324.6,324.6,0.0612735366983323,0.0612735366983323
"Fiji","FJI",12,2,0.548542453333408,374.2,0.54909702824471,698.800000000002,374.2,698.8,0.134117592666689,0.0728440559683566
"Fiji","FJI",1,3,0.736944811519677,948.400000000001,0.90792744185165,1647.2,948.4,1647.2,0.242880956482891,0.108763363816202
"Fiji","FJI",2,4,0.735632638590614,1324.06666666667,0.912999988622609,2971.26666666666,1324.06666666667,2971.26666666667,0.392245379034751,0.14936442255186
"Fiji","FJI",3,5,0.721140155726716,1423.8,0.888449195253699,4395.06666666667,1423.8,4395.06666666667,0.541080880854135,0.148835501819384
"Fiji","FJI",4,6,0.731840971724534,1225.06666666667,0.88425758753033,5620.13333333334,1225.06666666667,5620.13333333333,0.667567872316446,0.126486991462311
"Fiji","FJI",5,7,0.725905643219619,880.333333333333,0.915492148664588,6500.46666666667,880.333333333333,6500.46666666667,0.762306092467149,0.0947382201507034
"Fiji","FJI",6,8,0.820401821620186,676.399999999999,0.92958374051653,7176.86666666667,676.4,7176.86666666667,0.840999693954708,0.0786936014875589
"Fiji","FJI",7,9,0.84993172939279,470.066666666667,0.937217029683564,7646.93333333335,470.066666666667,7646.93333333333,0.897703790487581,0.0567040965328724
"Fiji","FJI",8,10,0.803789977738723,338.8,0.942657580266681,7985.73333333334,338.8,7985.73333333333,0.939638187620009,0.0419343971324277
"Fiji","FJI",9,11,0.782256346120421,264.333333333333,0.944406455706117,8250.06666666669,264.333333333333,8250.06666666667,0.971305010926734,0.0316668233067255
"Fiji","FJI",10,12,0.664333763461099,264.8,0.941316715569387,8514.86666666665,264.8,8514.86666666667,1,0.028694989073266
"French Guiana","GUF",10,1,0.331480537605795,167.615384615385,0.331480537605795,167.615384615385,167.615384615385,167.615384615385,0.0643026751557779,0.0643026751557779
"French Guiana","GUF",11,2,0.312535151297716,268.384615384616,0.304629054369058,436,268.384615384615,436,0.163901379527478,0.0995987043717004
"French Guiana","GUF",12,3,0.308024744167163,191.846153846153,0.295347732598645,627.846153846154,191.846153846154,627.846153846154,0.232917353753333,0.0690159742258549
"French Guiana","GUF",1,4,0.491734517973375,686.461538461537,0.653668441276725,1314.30769230769,686.461538461538,1314.30769230769,0.364347491562924,0.131430137809591
"French Guiana","GUF",2,5,0.473926737286478,679.307692307694,0.657212769795759,1993.61538461539,679.307692307692,1993.61538461538,0.506986089939172,0.142638598376248
"French Guiana","GUF",3,6,0.313113086284815,478.923076923076,0.647730824099216,2472.53846153846,478.923076923077,2472.53846153846,0.595254791100751,0.0882687011615793
"French Guiana","GUF",4,7,0.395241950441458,374.846153846154,0.656061667763677,2847.38461538461,374.846153846154,2847.38461538462,0.673831682570325,0.0785768914695739
"French Guiana","GUF",5,8,0.276170721463342,343.153846153846,0.657921109637034,3190.53846153846,343.153846153846,3190.53846153846,0.735923887783171,0.0620922052128461
"French Guiana","GUF",6,9,0.301521519845368,346.76923076923,0.67853159878282,3537.30769230768,346.769230769231,3537.30769230769,0.810390620794469,0.0744667330112978
"French Guiana","GUF",7,10,0.333084613844091,241.153846153847,0.701148587213672,3778.46153846154,241.153846153846,3778.46153846154,0.875308608137124,0.0649179873426553
"French Guiana","GUF",8,11,0.326264344329893,224.153846153846,0.722669661865691,4002.61538461539,224.153846153846,4002.61538461538,0.942645154576537,0.0673365464394125
"French Guiana","GUF",9,12,0.267270147204225,129.538461538461,0.748441914065435,4132.15384615384,129.538461538462,4132.15384615385,1,0.0573548454234633
"French Polynesia","PYF",5,1,0.827100589124675,104.583333333333,0.827100589124675,104.583333333333,104.583333333333,104.583333333333,0.12349438231002,0.12349438231002
"French Polynesia","PYF",6,2,0.812063729832645,80.75,0.914960926258845,185.333333333334,80.75,185.333333333333,0.205863708358713,0.0823693260486929
"French Polynesia","PYF",7,3,0.511818054113777,77.9166666666666,0.952145181869224,263.25,77.9166666666667,263.25,0.273071128956786,0.0672074205980731
"French Polynesia","PYF",8,4,0.503890158078087,74.8333333333332,0.940554313837324,338.083333333333,74.8333333333333,338.083333333333,0.334324160328578,0.061253031371792
"French Polynesia","PYF",9,5,0.476226059661546,81.9166666666666,0.90395060760449,420,81.9166666666667,420,0.40142777357759,0.0671036132490125
"French Polynesia","PYF",10,6,0.504198960493204,70.8333333333333,0.884907556804006,490.833333333333,70.8333333333333,490.833333333333,0.459046982497004,0.057619208919414
"French Polynesia","PYF",11,7,0.828212049062131,91.9166666666667,0.877701235618863,582.749999999999,91.9166666666667,582.75,0.538909575706836,0.0798625932098311
"French Polynesia","PYF",12,8,0.510145489951259,116.833333333333,0.858214168292991,699.583333333334,116.833333333333,699.583333333333,0.632733338483826,0.0938237627769905
"French Polynesia","PYF",1,9,0.617047604416825,125.25,1.10621956124207,824.833333333333,125.25,824.833333333333,0.748882401129208,0.116149062645382
"French Polynesia","PYF",2,10,0.678809688275694,82.8333333333334,1.19740034320894,907.666666666667,82.8333333333333,907.666666666667,0.83338730733172,0.0845049062025114
"French Polynesia","PYF",3,11,0.565088670942762,90.7499999999999,1.25574543624601,998.416666666666,90.75,998.416666666667,0.924213756538554,0.0908264492068342
"French Polynesia","PYF",4,12,0.608913531983006,72.25,1.28678853911195,1070.66666666667,72.25,1070.66666666667,1,0.0757862434614464
"Grenada","GRD",3,1,1.19375684664892,14.8666666666667,1.19375684664892,14.8666666666667,14.8666666666667,14.8666666666667,0.0844096278432421,0.0844096278432421
"Grenada","GRD",4,2,0.627343905298267,15.6,1.12837194003526,30.4666666666666,15.6,30.4666666666667,0.162228014274173,0.077818386430931
"Grenada","GRD",5,3,0.627027175545464,29.9333333333334,1.01765547889321,60.3999999999999,29.9333333333333,60.4,0.256268927165806,0.094040912891633
"Grenada","GRD",6,4,0.526494799692792,24.4666666666667,1.00715653711443,84.8666666666665,24.4666666666667,84.8666666666667,0.32579329897145,0.0695243718056437
"Grenada","GRD",7,5,1.06032423437557,27.6,1.35139722056136,112.466666666667,27.6,112.466666666667,0.418540916477763,0.0927476175063136
"Grenada","GRD",8,6,0.737590887478369,39.4,1.58578896283452,151.866666666666,39.4,151.866666666667,0.537930176928868,0.119389260451105
"Grenada","GRD",9,7,0.61972155422692,45.6666666666667,1.66050630149377,197.533333333333,45.6666666666667,197.533333333333,0.674542755774229,0.136612578845361
"Grenada","GRD",10,8,0.75789197689225,26.4,1.75264692472645,223.933333333333,26.4,223.933333333333,0.765327132316874,0.0907843765426452
"Grenada","GRD",11,9,NA,NA,1.84525996787498,237.466666666667,13.5333333333333,237.466666666667,0.819715222117284,0.0543880898004093
"Grenada","GRD",12,10,0.800235502421318,12.8666666666667,1.93189682694118,250.333333333333,12.8666666666667,250.333333333333,0.872565748075087,0.0528505259578033
"Grenada","GRD",1,11,1.50234032585245,16.9333333333333,2.11371643453257,267.266666666667,16.9333333333333,267.266666666667,0.952453673884412,0.0798879258093251
"Grenada","GRD",2,12,1.06911421896557,13.4,2.11606486857393,280.666666666666,13.4,280.666666666667,1,0.047546326115588
"Guadeloupe","GLP",4,1,0.358867337445346,144.333333333333,0.358867337445346,144.333333333333,144.333333333333,144.333333333333,0.0164868808527986,0.0164868808527986
"Guadeloupe","GLP",5,2,0.358669572327286,182.066666666667,0.352155764729582,326.399999999999,182.066666666667,326.4,0.0369035063501641,0.0204166254973655
"Guadeloupe","GLP",6,3,0.356217731323959,238.266666666666,0.348960354870769,564.666666666666,238.266666666667,564.666666666667,0.0622798497885515,0.0253763434383874
"Guadeloupe","GLP",7,4,0.383674608811601,168.8,0.351243149261722,733.466666666665,168.8,733.466666666667,0.0825137013471546,0.0202338515586031
"Guadeloupe","GLP",8,5,0.255083324165022,316.200000000001,0.33973609381457,1049.66666666666,316.2,1049.66666666667,0.114965462191964,0.0324517608448097
"Guadeloupe","GLP",9,6,0.345196063457396,1100.86666666667,0.335691169424836,2150.53333333333,1100.86666666667,2150.53333333333,0.236802099037,0.121836636845036
"Guadeloupe","GLP",10,7,0.343274796578194,1176.46666666666,0.33241713733855,3327,1176.46666666667,3327,0.365027891821316,0.128225792784316
"Guadeloupe","GLP",11,8,0.3515724593675,1299.26666666667,0.331969978625106,4626.26666666667,1299.26666666667,4626.26666666667,0.513469043140429,0.148441151319113
"Guadeloupe","GLP",12,9,0.367425223847216,656.333333333335,0.332816995844618,5282.6,656.333333333333,5282.6,0.591199821245148,0.0777307781047187
"Guadeloupe","GLP",1,10,0.585942795837071,631.866666666667,0.48237892077879,5914.46666666666,631.866666666667,5914.46666666667,0.820303449626582,0.229103628381434
"Guadeloupe","GLP",2,11,0.380909575416372,308.8,0.50690151333216,6223.26666666666,308.8,6223.26666666667,0.917128132992577,0.096824683365995
"Guadeloupe","GLP",3,12,0.374154715163211,261.6,0.524580874351561,6484.86666666667,261.6,6484.86666666667,1,0.0828718670074234
"Guatemala","GTM",2,1,1.20829680642402,996.562499999998,1.20829680642402,996.562499999998,996.5625,996.5625,0.0573716479412005,0.0573716479412005
"Guatemala","GTM",3,2,0.959235176436297,1092.875,1.07747368867367,2089.4375,1092.875,2089.4375,0.108566903580975,0.0511952556397746
"Guatemala","GTM",4,3,0.872119721299187,1130.375,1.02438328994009,3219.8125,1130.375,3219.8125,0.155341803701326,0.0467749001203512
"Guatemala","GTM",5,4,0.871832789494001,1700.75,0.98579386362021,4920.5625,1700.75,4920.5625,0.223232541885484,0.0678907381841576
"Guatemala","GTM",6,5,0.692144387995661,3103.75,0.881129256450261,8024.31249999999,3103.75,8024.3125,0.322548697066188,0.0993161551807044
"Guatemala","GTM",7,6,0.676178550900976,3464.4375,0.848433959729317,11488.75,3464.4375,11488.75,0.429241385215946,0.106692688149758
"Guatemala","GTM",8,7,0.712145152856434,4217.5,0.831069236961737,15706.2499999999,4217.5,15706.25,0.562739254895434,0.133497869679488
"Guatemala","GTM",9,8,0.550822147804779,4952.74999999999,0.773097685328416,20659,4952.75,20659,0.683549069352465,0.12080981445703
"Guatemala","GTM",10,9,0.648000029655373,3952.06249999999,0.763959311677826,24611.0625,3952.0625,24611.0625,0.799194511423222,0.115645442070757
"Guatemala","GTM",11,10,0.694242288750155,2622.9375,0.767548057249186,27233.9999999999,2622.9375,27234,0.885343714466583,0.086149203043361
"Guatemala","GTM",12,11,0.824715208962074,1314.8125,0.775113387616136,28548.8125,1314.8125,28548.8125,0.935604240635001,0.0502605261684184
"Guatemala","GTM",1,12,0.864194806671748,1359.125,0.794939152915704,29907.9375,1359.125,29907.9375,1,0.0643957593649985
"Guyana","GUY",1,1,0.452802246457168,756.199999999998,0.452802246457168,756.199999999998,756.2,756.2,0.0823671834709232,0.0823671834709232
"Guyana","GUY",2,2,0.419427417045771,740.866666666668,0.437178303282842,1497.06666666667,740.866666666667,1497.06666666667,0.154067530653497,0.0717003471825734
"Guyana","GUY",3,3,0.402352315545168,839.8,0.42499406355625,2336.86666666667,839.8,2336.86666666667,0.22839926338211,0.0743317327286138
"Guyana","GUY",4,4,0.412022879802005,816.800000000001,0.422061452509841,3153.66666666666,816.8,3153.66666666667,0.302936279151436,0.0745370157693256
"Guyana","GUY",5,5,0.37958434851035,1127.6,0.411294011148578,4281.26666666668,1127.6,4281.26666666667,0.391932449411827,0.0889961702603915
"Guyana","GUY",6,6,0.344246888994732,1380,0.396104183893463,5661.26666666666,1380,5661.26666666667,0.485782308273007,0.0938498588611793
"Guyana","GUY",7,7,0.406541312770754,1321.13333333334,0.40005563183636,6982.40000000002,1321.13333333333,6982.4,0.602481715795221,0.116699407522214
"Guyana","GUY",8,8,0.392840412728323,978.866666666668,0.402534949965185,7961.2666666667,978.866666666667,7961.26666666667,0.688418643435402,0.0859369276401804
"Guyana","GUY",9,9,0.400187353385473,971.333333333335,0.403688526420736,8932.60000000001,971.333333333333,8932.6,0.775005796470376,0.0865871530349742
"Guyana","GUY",10,10,0.40098594941673,969.933333333332,0.403981704014555,9902.53333333332,969.933333333333,9902.53333333333,0.860006745839769,0.0850009493693933
"Guyana","GUY",11,11,0.420479174246006,827.800000000002,0.405432588761947,10730.3333333333,827.8,10730.3333333333,0.938048989503039,0.0780422436632699
"Guyana","GUY",12,12,0.433854489247278,615.600000000001,0.407219087028638,11345.9333333333,615.6,11345.9333333333,1,0.0619510104969609
"Haiti","HTI",5,1,0.2930401010657,72.6,0.2930401010657,72.6,72.6,72.6,0.0465115078893926,0.0465115078893926
"Haiti","HTI",6,2,0.317654703784047,71.4,0.287848425310369,144,71.4,144,0.105076451678037,0.058564943788644
"Haiti","HTI",7,3,0.314711520409713,76.0000000000001,0.279282148393059,220,76,220,0.164331517228125,0.0592550655500884
"Haiti","HTI",8,4,0.304395108466595,98,0.277253995920131,318,98,318,0.254962365690107,0.0906308484619823
"Haiti","HTI",9,5,NA,NA,NA,NA,127.2,445.2,0.376707826910974,0.121745461220867
"Haiti","HTI",10,6,0.501836385482144,105.4,0.441148507925733,550.600000000001,105.4,550.6,0.450267765302289,0.073559938391315
"Haiti","HTI",11,7,0.499033069931295,109.8,0.471004979078394,660.399999999998,109.8,660.4,0.522387700270883,0.0721199349685941
"Haiti","HTI",12,8,NA,NA,0.672591108329979,1304.2,643.8,1304.2,0.717300052272372,0.194912352001488
"Haiti","HTI",1,9,0.355161874683818,607.199999999999,0.600021879937569,1911.4,607.2,1911.4,0.876738260347294,0.159438208074922
"Haiti","HTI",2,10,0.327968080010136,201.2,0.58030882166356,2112.6,201.2,2112.6,0.92704594847237,0.0503076881250763
"Haiti","HTI",3,11,0.290291262358008,146.6,0.571943177271695,2259.2,146.6,2259.2,0.972318003006155,0.0452720545337855
"Haiti","HTI",4,12,0.302264301426234,89.6000000000001,0.567125546105512,2348.8,89.6,2348.8,1,0.0276819969938447
"Honduras","HND",2,1,1.97909814830126,1636.375,1.97909814830126,1636.375,1636.375,1636.375,0.0566198082446306,0.0566198082446306
"Honduras","HND",3,2,1.83289631002909,1758.5625,1.97231700063218,3394.9375,1758.5625,3394.9375,0.110973596100898,0.0543537878562669
"Honduras","HND",4,3,1.68920794695596,1907.9375,1.94038114245656,5302.87499999999,1907.9375,5302.875,0.172308663297333,0.0613350671964351
"Honduras","HND",5,4,1.4618319575885,2806.0625,1.79290370829528,8108.9375,2806.0625,8108.9375,0.252081230555283,0.07977256725795
"Honduras","HND",6,5,0.847772981265073,5883.31249999998,1.34469204112819,13992.25,5883.3125,13992.25,0.368580260148946,0.116499029593664
"Honduras","HND",7,6,0.776148153670458,6443.625,1.16952501968048,20435.875,6443.625,20435.875,0.486289500729172,0.117709240580226
"Honduras","HND",8,7,0.722075695653292,6180.68749999999,1.06886310189192,26616.5625,6180.6875,26616.5625,0.592186582213442,0.10589708148427
"Honduras","HND",9,8,0.80633759397508,4683.125,1.04831416379902,31299.6875,4683.125,31299.6875,0.680640709595057,0.088454127381615
"Honduras","HND",10,9,1.23478118675628,3839.1875,1.10723066426391,35138.875,3839.1875,35138.875,0.779237236784639,0.0985965271895816
"Honduras","HND",11,10,1.29034175519808,3156.6875,1.15458504377124,38295.5625000001,3156.6875,38295.5625,0.864814922964073,0.0855776861794341
"Honduras","HND",12,11,1.47293261944883,2055,1.19413724113002,40350.5625,2055,40350.5625,0.925913951008763,0.0610990280446899
"Honduras","HND",1,12,1.86554858062648,1936.8125,1.27199507663707,42287.3749999999,1936.8125,42287.375,1,0.0740860489912372
"India","IND",4,1,2.16536600468839,2528.6875,2.16536600468839,2528.6875,2528.6875,2528.6875,0.0202968224806565,0.0202968224806565
"India","IND",5,2,2.09126205700382,3701.4375,2.12348827647144,6230.12499999999,3701.4375,6230.125,0.0496227399746386,0.0293259174939821
"India","IND",6,3,2.18246644931763,5614.74999999999,2.16858302104124,11844.875,5614.75,11844.875,0.0940681924032025,0.0444454524285639
"India","IND",7,4,1.85319540587303,10917.625,2.03661667013326,22762.5,10917.625,22762.5,0.177054673815853,0.0829864814126505
"India","IND",8,5,1.94803932474748,14635.3125,2.00858995252484,37397.8125000001,14635.3125,37397.8125,0.289060585698756,0.112005911882903
"India","IND",9,6,1.92469293145731,19743.0625,1.98835385660018,57140.875,19743.0625,57140.875,0.439456977044145,0.15039639134539
"India","IND",10,7,1.94474568377791,25690.5,1.99172651828654,82831.375,25690.5,82831.375,0.636109511805815,0.19665253476167
"India","IND",11,8,1.98702461794395,17910.0625,1.9990342656323,100741.4375,17910.0625,100741.4375,0.774342769067599,0.138233257261784
"India","IND",12,9,1.93093262040229,9356.74999999999,1.99585373687423,110098.1875,9356.75,110098.1875,0.845608460947285,0.0712656918796861
"India","IND",1,10,2.14562392903655,7139.75000000001,2.18098731750378,117237.9375,7139.75,117237.9375,0.917111770253867,0.0715033093065821
"India","IND",2,11,2.25465961787273,4578.9375,2.27876158332452,121816.875,4578.9375,121816.875,0.962202672390375,0.0450909021365083
"India","IND",3,12,2.25549223559132,3819.3125,2.35416624296857,125636.1875,3819.3125,125636.1875,1,0.0377973276096245
"Indonesia","IDN",10,1,8.29044381258607,6244.35714285716,8.29044381258607,6244.35714285716,6244.35714285714,6244.35714285714,0.0599107254659208,0.0599107254659208
"Indonesia","IDN",11,2,10.0486826027842,6964.71428571426,9.71271077038159,13209.0714285714,6964.71428571429,13209.0714285714,0.124858829775001,0.0649481043090804
"Indonesia","IDN",12,3,6.93780297200203,7330.42857142856,9.50264387898294,20539.5,7330.42857142857,20539.5,0.190067807782785,0.065208978007784
"Indonesia","IDN",1,4,3.80331307317242,16033.6428571429,7.25410926922356,36573.1428571428,16033.6428571429,36573.1428571429,0.322787411098008,0.132719603315223
"Indonesia","IDN",2,5,3.07733420862401,14782.2857142857,5.94421955315611,51355.4285714286,14782.2857142857,51355.4285714286,0.44235007854329,0.119562667445281
"Indonesia","IDN",3,6,3.44995771153151,13363.1428571429,5.48386758888174,64718.5714285714,13363.1428571429,64718.5714285714,0.55154618680301,0.109196108259721
"Indonesia","IDN",4,7,3.6545760833422,11714.1428571428,5.31191409167388,76432.7142857144,11714.1428571429,76432.7142857143,0.647676770260368,0.0961305834573579
"Indonesia","IDN",5,8,4.1178055157868,11173.0714285714,5.27707509071565,87605.7857142851,11173.0714285714,87605.7857142857,0.740546197541465,0.092869427281097
"Indonesia","IDN",6,9,4.45819085391673,9308.57142857141,5.29756553113189,96914.3571428571,9308.57142857143,96914.3571428571,0.81868699711681,0.0781407995753454
"Indonesia","IDN",7,10,4.97438333917491,7956.85714285715,5.37791075989314,104871.214285714,7956.85714285714,104871.214285714,0.88652980702974,0.0678428099129299
"Indonesia","IDN",8,11,5.21186568732531,6775.99999999999,5.53943837217345,111647.214285714,6776,111647.214285714,0.945977673210495,0.0594478661807544
"Indonesia","IDN",9,12,6.20172813078947,5902.35714285715,5.79534825764016,117549.571428571,5902.35714285714,117549.571428571,1,0.0540223267895052
"Jamaica","JAM",5,1,0.658305444336508,58.7499999999999,0.658305444336508,58.7499999999999,58.75,58.75,0.0544038486426024,0.0544038486426024
"Jamaica","JAM",6,2,0.82981431923391,68.5625000000001,0.81127194040446,127.3125,68.5625,127.3125,0.111322014678327,0.0569181660357249
"Jamaica","JAM",7,3,0.654191788778336,106.5625,0.80233342696775,233.875,106.5625,233.875,0.185641909437412,0.0743198947590843
"Jamaica","JAM",8,4,0.38209510397493,85.5625,0.848574544464043,319.4375,85.5625,319.4375,0.231810647275473,0.0461687378380617
"Jamaica","JAM",9,5,0.40758495682435,265.8125,0.734252388112474,585.25,265.8125,585.25,0.337970050836082,0.106159403560609
"Jamaica","JAM",10,6,0.402460502697907,250,0.665164099841649,835.25,250,835.25,0.437640042206067,0.0996699913699845
"Jamaica","JAM",11,7,0.387408631159233,355.75,0.614632210540501,1191,355.75,1191,0.55703412693702,0.119394084730954
"Jamaica","JAM",12,8,0.691471575407251,318.375,0.690616936856461,1509.375,318.375,1509.375,0.737060155045337,0.180026028108316
"Jamaica","JAM",1,9,0.346994960529307,217.625,0.763229340892673,1727,217.625,1727,0.822876681471682,0.0858165264263451
"Jamaica","JAM",2,10,0.478076883586612,154.5,0.798506617311576,1881.5,154.5,1881.5,0.903034949769813,0.0801582682981309
"Jamaica","JAM",3,11,0.482052338305445,84.25,0.817986481570524,1965.75,84.25,1965.75,0.956683217021868,0.053648267252055
"Jamaica","JAM",4,12,0.820340262834658,40.875,0.844136000606093,2006.62500000001,40.875,2006.625,1,0.0433167829781324
"Kenya","KEN",3,1,0.302574900768946,11.8333333333333,0.302574900768946,11.8333333333333,11.8333333333333,11.8333333333333,0.0188339513083072,0.0188339513083072
"Kenya","KEN",4,2,NA,NA,NA,NA,10,21.8333333333333,0.0354202864489049,0.0165863351405976
"Kenya","KEN",5,3,0.253873791084432,35.3333333333333,0.52762574125256,57.1666666666666,35.3333333333333,57.1666666666667,0.0594711961009668,0.0240509096520619
"Kenya","KEN",6,4,1.05055701342053,185.166666666667,1.40659529332906,242.333333333333,185.166666666667,242.333333333333,0.245711087999323,0.186239891898356
"Kenya","KEN",7,5,0.488107617426959,104.333333333333,1.70953944219854,346.666666666667,104.333333333333,346.666666666667,0.340067697788997,0.0943566097896739
"Kenya","KEN",8,6,0.716905166373617,173.833333333333,1.37856625469778,520.5,173.833333333333,520.5,0.45975306139805,0.119685363609053
"Kenya","KEN",9,7,0.357578568204209,177.333333333333,1.09338814164101,697.833333333332,177.333333333333,697.833333333333,0.54688511761976,0.0871320562217105
"Kenya","KEN",10,8,0.343966688824922,151,0.954936209073054,848.833333333335,151,848.833333333333,0.612256091103887,0.065370973484127
"Kenya","KEN",11,9,0.448118546058244,185.5,0.857376537482003,1034.33333333334,185.5,1034.33333333333,0.694241185971818,0.0819850948679305
"Kenya","KEN",12,10,0.281793519847279,133.5,0.833468567531116,1167.83333333333,133.5,1167.83333333333,0.749045707322705,0.0548045213508872
"Kenya","KEN",1,11,0.283975446569764,203.833333333333,0.889177257894066,1371.66666666667,203.833333333333,1371.66666666667,0.886636121304807,0.137590413982102
"Kenya","KEN",2,12,0.33710828320215,163.833333333333,0.905919683929719,1535.5,163.833333333333,1535.5,1,0.113363878695193
"Kiribati","KIR",5,1,0.333019488469882,43.125,0.333019488469882,43.125,43.125,43.125,0.121306873155001,0.121306873155001
"Kiribati","KIR",6,2,0.179841074985171,68.375,0.260012594633569,111.5,68.375,111.5,0.192089423815612,0.0707825506606106
"Kiribati","KIR",7,3,0.184801623535672,74.6249999999999,0.229738139736075,186.125,74.625,186.125,0.255224543763699,0.0631351199480873
"Kiribati","KIR",8,4,NA,NA,0.221534946091826,223.125,37,223.125,0.293382494277794,0.0381579505140953
"Kiribati","KIR",9,5,NA,NA,0.213387533914778,262.75,39.625,262.75,0.330303409525833,0.0369209152480389
"Kiribati","KIR",10,6,NA,NA,0.211673114659737,283.375,20.625,283.375,0.360211490037504,0.0299080805116705
"Kiribati","KIR",11,7,0.194663453044975,32.125,0.301949874067459,315.5,32.125,315.5,0.414296383216872,0.0540848931793681
"Kiribati","KIR",12,8,0.21444184210792,54.5,0.384189053842691,370,54.5,370,0.529884597514094,0.115588214297222
"Kiribati","KIR",1,9,0.269903938232554,71.6249999999999,0.854837909392322,441.625,71.625,441.625,0.722993569585124,0.19310897207103
"Kiribati","KIR",2,10,0.17884284205323,48.75,1.00731710419269,490.374999999999,48.75,490.375,0.830208380188257,0.107214810603133
"Kiribati","KIR",3,11,0.340993773343052,49.5000000000001,1.09735204427617,539.875,49.5,539.875,0.949645820647777,0.11943744045952
"Kiribati","KIR",4,12,0.296019304513738,11.5,1.16753457536589,551.375,11.5,551.375,1,0.0503541793522226
"Laos","LAO",2,1,0.948230788825078,241.3125,0.948230788825078,241.3125,241.3125,241.3125,0.0192964558831778,0.0192964558831778
"Laos","LAO",3,2,1.0615154726294,273.25,1.05694072579257,514.562499999999,273.25,514.5625,0.0426573893351105,0.0233609334519327
"Laos","LAO",4,3,0.956594627868521,392.6875,1.06039541775543,907.25,392.6875,907.25,0.0685257614442771,0.0258683721091666
"Laos","LAO",5,4,1.23022667110811,824.25,1.2256765328177,1731.5,824.25,1731.5,0.12676678600099,0.0582410245567132
"Laos","LAO",6,5,0.991327951362401,1838.6875,1.15637744960911,3570.1875,1838.6875,3570.1875,0.236300578606482,0.109533792605492
"Laos","LAO",7,6,0.867636409536776,3511.25,1.04391785440238,7081.43749999999,3511.25,7081.4375,0.429921436511435,0.193620857904953
"Laos","LAO",8,7,1.04070615742484,2951.4375,1.05702552478338,10032.875,2951.4375,10032.875,0.609548541971067,0.179627105459631
"Laos","LAO",9,8,1.0270084796246,2336.875,1.07032572275168,12369.75,2336.875,12369.75,0.751276525395475,0.141727983424408
"Laos","LAO",10,9,1.1689130501551,1600.375,1.10079434169019,13970.125,1600.375,13970.125,0.859510123757925,0.10823359836245
"Laos","LAO",11,10,1.48192684951688,834.9375,1.12821174902687,14805.0625,834.9375,14805.0625,0.922068927607146,0.0625588038492216
"Laos","LAO",12,11,1.60483881866054,497.9375,1.16617348419297,15303,497.9375,15303,0.969199507194758,0.0471305795876119
"Laos","LAO",1,12,0.765146224912296,316.875,1.19184624964927,15619.875,316.875,15619.875,1,0.0308004928052419
"Malaysia","MYS",2,1,2.32952284958419,6871.56249999999,2.32952284958419,6871.56249999999,6871.5625,6871.5625,0.0863821835623436,0.0863821835623436
"Malaysia","MYS",3,2,2.52345559624953,6274.87499999999,2.43607482427873,13146.4375,6274.875,13146.4375,0.165229257725426,0.0788470741630822
"Malaysia","MYS",4,3,3.52286060852569,5290.87499999999,2.80561543143509,18437.3124999999,5290.875,18437.3125,0.235813603537792,0.0705843458123661
"Malaysia","MYS",5,4,3.09089130146189,6162.5,2.9518837261864,24599.8125,6162.5,24599.8125,0.314906133573656,0.0790925300358645
"Malaysia","MYS",6,5,3.0791840553623,6668.625,3.03632506881466,31268.4375000001,6668.625,31268.4375,0.39910625008642,0.0842001165127635
"Malaysia","MYS",7,6,2.72470985226728,7639.31250000001,3.01553300716189,38907.7499999999,7639.3125,38907.75,0.493735843996143,0.0946295939097232
"Malaysia","MYS",8,7,2.47963012618854,6379.62499999999,2.97571083106785,45287.3749999999,6379.625,45287.375,0.571356434038816,0.0776205900426727
"Malaysia","MYS",9,8,3.00319948666315,5951.75,3.06505800988884,51239.125,5951.75,51239.125,0.646473789119196,0.07511735508038
"Malaysia","MYS",10,9,3.6816714869609,5958.43749999999,3.2167924564215,57197.5624999999,5958.4375,57197.5625,0.724406437659999,0.0779326485408028
"Malaysia","MYS",11,10,3.07947592696705,5853.6875,3.29489858264608,63051.2500000001,5853.6875,63051.25,0.799190026781236,0.0747835891212373
"Malaysia","MYS",12,11,2.97345230207941,6646.75,3.37978135725554,69697.9999999998,6646.75,69698,0.885151630335561,0.0859616035543254
"Malaysia","MYS",1,12,2.29580543949486,8990.31250000001,3.42146730967202,78688.3124999999,8990.3125,78688.3125,1,0.114848369664439
"Maldives","MDV",2,1,1.88632522939321,105,1.88632522939321,105,105,105,0.0480501982928266,0.0480501982928266
"Maldives","MDV",3,2,2.10441924737671,110.875,2.01232676528985,215.875,110.875,215.875,0.100262565976722,0.0522123676838951
"Maldives","MDV",4,3,1.71500443960502,144.5,2.08670948245382,360.375,144.5,360.375,0.162994309147874,0.0627317431711523
"Maldives","MDV",5,4,1.42054669252093,201.3125,1.9693231023201,561.6875,201.3125,561.6875,0.247027609675341,0.0840333005274667
"Maldives","MDV",6,5,1.46817521056211,277.125,1.93098766718829,838.812499999999,277.125,838.8125,0.360220719994863,0.113193110319522
"Maldives","MDV",7,6,2.03352987849968,300.5,2.10018526356306,1139.3125,300.5,1139.3125,0.492817739137757,0.132597019142894
"Maldives","MDV",8,7,2.28779033133281,207.75,2.22208064736564,1347.0625,207.75,1347.0625,0.585216513472557,0.0923987743348002
"Maldives","MDV",9,8,2.19860484653026,166.4375,2.28127428225891,1513.5,166.4375,1513.5,0.658466958992694,0.0732504455201364
"Maldives","MDV",10,9,1.44746297800032,200.25,2.29540755688019,1713.75,200.25,1713.75,0.742904368210831,0.0844374092181376
"Maldives","MDV",11,10,1.58916333627456,158,2.31894486420423,1871.75,158,1871.75,0.810606053870275,0.0677016856594432
"Maldives","MDV",12,11,1.60296032292612,151.125,2.3184122920982,2022.875,151.125,2022.875,0.874279496866981,0.0636734429967068
"Maldives","MDV",1,12,1.45481500807334,198.1875,3.05812058828241,2221.0625,198.1875,2221.0625,1,0.125720503133019
"Marshall Islands","MHL",6,1,NA,NA,NA,NA,22,22,0.0349195390958301,0.0349195390958301
"Marshall Islands","MHL",7,2,NA,NA,NA,NA,22.4,44.4,0.0670655548769595,0.0321460157811294
"Marshall Islands","MHL",8,3,NA,NA,NA,NA,31.4,75.8,0.10754146421016,0.0404759093332003
"Marshall Islands","MHL",9,4,NA,NA,NA,NA,43,118.8,0.160902966098835,0.0533615018886753
"Marshall Islands","MHL",10,5,NA,NA,NA,NA,74.2,193,0.250319898256079,0.089416932157244
"Marshall Islands","MHL",11,6,NA,NA,NA,NA,122.8,315.8,0.401835347125691,0.151515448869612
"Marshall Islands","MHL",12,7,0.612480954221535,192,NA,NA,192,507.8,0.64812694132676,0.246291594201069
"Marshall Islands","MHL",1,8,0.333824186852444,185.4,1.40810742073851,693.200000000001,185.4,693.2,0.761258968088342,0.113132026761582
"Marshall Islands","MHL",2,9,0.243760423615117,147.6,1.39837335820921,840.800000000002,147.6,840.8,0.854820523549553,0.0935615554612101
"Marshall Islands","MHL",3,10,0.437574788674764,86.9999999999999,1.54278860529401,927.800000000001,87,927.8,0.951620816998461,0.0968002934489081
"Marshall Islands","MHL",4,11,0.352926557784839,27.4,1.54587849770415,955.199999999999,27.4,955.2,0.978655215754475,0.0270343987560141
"Marshall Islands","MHL",5,12,NA,NA,1.53947710814749,978.000000000002,22.8,978,1,0.0213447842455253
"Martinique","MTQ",5,1,0.217140161164513,173.266666666667,0.217140161164513,173.266666666667,173.266666666667,173.266666666667,0.0219652858127934,0.0219652858127934
"Martinique","MTQ",6,2,0.232666640414923,200,0.218279603170941,373.266666666667,200,373.266666666667,0.0461832753936044,0.024217989580811
"Martinique","MTQ",7,3,0.220034945448133,329.866666666666,0.210259307113576,703.133333333335,329.866666666667,703.133333333333,0.082827246911249,0.0366439715176445
"Martinique","MTQ",8,4,0.123634793392305,667.133333333334,0.18719021645203,1370.26666666667,667.133333333333,1370.26666666667,0.119658227898486,0.0368309809872368
"Martinique","MTQ",9,5,0.16269594002527,1078.8,0.180137249434826,2449.06666666667,1078.8,2449.06666666667,0.209627025917464,0.0899687980189778
"Martinique","MTQ",10,6,0.208624753564456,899.266666666665,0.182536225310234,3348.33333333334,899.266666666667,3348.33333333333,0.31085243884323,0.101225412925766
"Martinique","MTQ",11,7,0.213029843788093,690.666666666669,0.183159943191965,4038.99999999999,690.666666666667,4039,0.388918602418391,0.0780661635751609
"Martinique","MTQ",12,8,0.206607321145784,335.266666666666,0.184468194501931,4374.26666666667,335.266666666667,4374.26666666667,0.436453890308256,0.0475352878898651
"Martinique","MTQ",1,9,0.697451878317927,358.6,0.355259212138215,4732.86666666666,358.6,4732.86666666667,0.625198269410857,0.188744379102601
"Martinique","MTQ",2,10,0.501931604455355,356.666666666666,0.401853953879959,5089.53333333335,356.666666666667,5089.53333333333,0.793994210025072,0.168795940614214
"Martinique","MTQ",3,11,0.478652209606313,291.533333333333,0.429500148524314,5381.06666666665,291.533333333333,5381.06666666667,0.93110588881619,0.137111678791118
"Martinique","MTQ",4,12,0.278823122761012,143.666666666667,0.441419919172368,5524.73333333333,143.666666666667,5524.73333333333,1,0.0688941111838098
"Mauritania","MRT",6,1,0.992084251572646,154,0.992084251572646,154,154,154,0.0747107197338275,0.0747107197338275
"Mauritania","MRT",7,2,1.54692014992337,80.6666666666666,1.22948474912743,234.666666666667,80.6666666666667,234.666666666667,0.116065927366939,0.0413552076331114
"Mauritania","MRT",8,3,1.1596996268211,190.333333333333,1.19922405811565,425,190.333333333333,425,0.212401862526121,0.0963359351591825
"Mauritania","MRT",9,4,1.22734303559912,267.666666666666,1.20694596060426,692.666666666667,267.666666666667,692.666666666667,0.346016356507506,0.133614493981384
"Mauritania","MRT",10,5,1.30342558095522,337.666666666667,1.23657141999474,1030.33333333333,337.666666666667,1030.33333333333,0.515949848930752,0.169933492423247
"Mauritania","MRT",11,6,1.46635948641897,205.666666666667,1.33988550787715,1236,205.666666666667,1236,0.623176949607016,0.107227100676264
"Mauritania","MRT",12,7,2.2966468566504,90.0000000000001,1.41537092228562,1326,90,1326,0.678958559381257,0.0557816097742414
"Mauritania","MRT",1,8,1.12369019858878,219.666666666667,1.47548292696547,1545.66666666666,219.666666666667,1545.66666666667,0.791805406979151,0.112846847597894
"Mauritania","MRT",2,9,0.958313454731304,167,1.47599889537996,1712.66666666666,167,1712.66666666667,0.872234813304529,0.0804294063253777
"Mauritania","MRT",3,10,0.974862741526227,99,1.47996353626914,1811.66666666667,99,1811.66666666667,0.921947807869503,0.049712994564974
"Mauritania","MRT",4,11,1.078029559824,93.3333333333334,1.48173572092229,1905,93.3333333333333,1905,0.969180330048616,0.0472325221791127
"Mauritania","MRT",5,12,0.611015731654304,51.3333333333333,1.49986706196277,1956.33333333333,51.3333333333333,1956.33333333333,1,0.0308196699513843
"Mexico","MEX",2,1,2.13611442516234,4487.25,2.13611442516234,4487.25,4487.25,4487.25,0.0311066520424616,0.0311066520424616
"Mexico","MEX",3,2,2.31100672062842,4627.37499999999,2.25979622740268,9114.62499999999,4627.375,9114.625,0.0620279268811083,0.0309212748386467
"Mexico","MEX",4,3,2.62718131253342,4321.4375,2.48850450603019,13436.0625,4321.4375,13436.0625,0.0913580718168218,0.0293301449357135
"Mexico","MEX",5,4,3.02911157422824,5973.125,2.7464333760212,19409.1875,5973.125,19409.1875,0.132853289088819,0.0414952172719972
"Mexico","MEX",6,5,2.06033596602063,10246.75,2.55011835667392,29655.9375,10246.75,29655.9375,0.196132328392684,0.0632790393038648
"Mexico","MEX",7,6,2.10551676749999,14021.9375,2.44383969899388,43677.8750000001,14021.9375,43677.875,0.282303317840666,0.0861709894479823
"Mexico","MEX",8,7,1.65024485515848,21118.6875,2.18952681795122,64796.5625000001,21118.6875,64796.5625,0.402808126207811,0.120504808367145
"Mexico","MEX",9,8,1.40767848538648,31406.1875,1.97438717464002,96202.7500000004,31406.1875,96202.75,0.573331169374682,0.170523043166871
"Mexico","MEX",10,9,2.23173502994673,33039.1875,2.06572987592167,129241.9375,33039.1875,129241.9375,0.778385973581075,0.205054804206393
"Mexico","MEX",11,10,2.50383136744417,20915,2.13645666510586,150156.9375,20915,150156.9375,0.912368841278732,0.133982867697657
"Mexico","MEX",12,11,1.79617831384063,8574.49999999999,2.13541378666975,158731.4375,8574.5,158731.4375,0.964035837517045,0.0516669962383139
"Mexico","MEX",1,12,1.89554645045465,5399.5625,2.16245185605798,164131,5399.5625,164131,1,0.0359641624829545
"Micronesia (Federated States of)","FSM",4,1,0.800828471523359,7.11111111111112,0.800828471523359,7.11111111111112,7.11111111111111,7.11111111111111,0.0272043460874416,0.0272043460874416
"Micronesia (Federated States of)","FSM",5,2,0.498803528313092,16.7777777777778,0.631652546079204,23.8888888888889,16.7777777777778,23.8888888888889,0.0765016501334349,0.0492973040459933
"Micronesia (Federated States of)","FSM",6,3,0.621255450507988,33.4444444444445,0.641769840782123,57.3333333333333,33.4444444444444,57.3333333333333,0.177999812920663,0.101498162787228
"Micronesia (Federated States of)","FSM",7,4,0.757793483908387,19.3333333333333,0.707731934034767,76.6666666666668,19.3333333333333,76.6666666666667,0.234233352889978,0.0562335399693148
"Micronesia (Federated States of)","FSM",8,5,0.489924331408061,62.8888888888889,0.653850186716002,139.555555555556,62.8888888888889,139.555555555556,0.331370003845595,0.0971366509556176
"Micronesia (Federated States of)","FSM",9,6,0.291070626585396,280.444444444444,0.423806108410535,420,280.444444444444,420,0.496126199785756,0.16475619594016
"Micronesia (Federated States of)","FSM",10,7,0.314013122561841,214.444444444445,0.389836491994207,634.444444444444,214.444444444444,634.444444444444,0.636923266099541,0.140797066313785
"Micronesia (Federated States of)","FSM",11,8,0.271578903133234,173.333333333333,0.368937486983719,807.777777777779,173.333333333333,807.777777777778,0.731948641276682,0.0950253751771409
"Micronesia (Federated States of)","FSM",12,9,0.307979077973569,84.5555555555554,0.365151680523993,892.333333333333,84.5555555555556,892.333333333333,0.79205338057894,0.0601047393022581
"Micronesia (Federated States of)","FSM",1,10,0.996980028758582,12.8888888888889,0.39149847360029,905.222222222221,12.8888888888889,905.222222222222,0.866265318880588,0.0742119383016475
"Micronesia (Federated States of)","FSM",2,11,0.75427423905537,11.6666666666667,0.411287524527851,916.888888888888,11.6666666666667,916.888888888889,0.944740974766711,0.0784756558861236
"Micronesia (Federated States of)","FSM",3,12,0.698267493402203,7.22222222222222,0.423405446095546,924.111111111109,7.22222222222222,924.111111111111,1,0.0552590252332888
"Myanmar (Burma)","MMR",2,1,0.206764102777706,23.0625,0.206764102777706,23.0625,23.0625,23.0625,0.00266057465432388,0.00266057465432388
"Myanmar (Burma)","MMR",3,2,0.310369036703889,120.4375,0.302984081566995,143.5,120.4375,143.5,0.00907801134933879,0.00641743669501491
"Myanmar (Burma)","MMR",4,3,0.391277610940617,288.25,0.372406552239336,431.750000000001,288.25,431.75,0.0232874399896268,0.014209428640288
"Myanmar (Burma)","MMR",5,4,0.840314393422601,1533.25,0.837522643071361,1965,1533.25,1965,0.105874594522324,0.0825871545326973
"Myanmar (Burma)","MMR",6,5,2.23258778670315,3890.625,2.20303850847997,5855.62499999999,3890.625,5855.625,0.324252081290463,0.218377486768139
"Myanmar (Burma)","MMR",7,6,2.45690369117973,4259.87499999999,2.43469309135207,10115.5,4259.875,10115.5,0.567843766868559,0.243591685578096
"Myanmar (Burma)","MMR",8,7,3.07330491280799,3100.0625,2.60296524493404,13215.5625,3100.0625,13215.5625,0.751144844646029,0.18330107777747
"Myanmar (Burma)","MMR",9,8,3.12748365060102,1993.1875,2.7205679828477,15208.75,1993.1875,15208.75,0.871407207627335,0.120262362981307
"Myanmar (Burma)","MMR",10,9,NA,NA,2.80430573611132,16361.3125,1152.5625,16361.3125,0.941433916152088,0.0700267085247533
"Myanmar (Burma)","MMR",11,10,1.01044241525467,720.625,2.84688753570366,17081.9375,720.625,17081.9375,0.985117404616895,0.0436834884648061
"Myanmar (Burma)","MMR",12,11,0.267800264749375,177.5625,2.86647306155403,17259.5,177.5625,17259.5,0.996498837852392,0.0113814332354975
"Myanmar (Burma)","MMR",1,12,0.199842519048785,37.625,2.88662791964624,17297.1249999999,37.625,17297.125,1,0.00350116214760789
"Nepal","NPL",3,1,0.281770268781614,72.5625000000001,0.281770268781614,72.5625000000001,72.5625,72.5625,0.00965508034100654,0.00965508034100654
"Nepal","NPL",4,2,0.272087328361659,68.3749999999999,0.278351222692978,140.9375,68.375,140.9375,0.0203413143993515,0.0106862340583449
"Nepal","NPL",5,3,0.337135276385045,118.8125,0.332526239548348,259.749999999999,118.8125,259.75,0.0375197752437565,0.0171784608444051
"Nepal","NPL",6,4,0.390531857212742,194.5625,0.382254114791518,454.312500000001,194.5625,454.3125,0.0632322185278724,0.0257124432841159
"Nepal","NPL",7,5,0.325579108366832,737.374999999999,0.357932193710656,1191.6875,737.375,1191.6875,0.127450173947058,0.0642179554191851
"Nepal","NPL",8,6,0.327308020944893,1926,0.34428919014728,3117.6875,1926,3117.6875,0.273051753323741,0.145601579376683
"Nepal","NPL",9,7,0.304851414264732,4205.25,0.328534487999618,7322.93750000001,4205.25,7322.9375,0.536062335861178,0.263010582537437
"Nepal","NPL",10,8,0.321480318105087,3316.75,0.328018864519383,10639.6875,3316.75,10639.6875,0.76919379567197,0.233131459810793
"Nepal","NPL",11,9,0.389910485669407,1036.0625,0.335192892908042,11675.75,1036.0625,11675.75,0.885860743411429,0.116666947739458
"Nepal","NPL",12,10,0.523224254169676,192.875,0.34017583135626,11868.625,192.875,11868.625,0.931381518563866,0.045520775152437
"Nepal","NPL",1,11,0.418991970209567,98.5625,0.349783731221245,11967.1875,98.5625,11967.1875,0.978501466616771,0.0471199480529055
"Nepal","NPL",2,12,0.249414910374533,88.4375,0.352290459105249,12055.625,88.4375,12055.625,1,0.021498533383229
"New Caledonia","NCL",9,1,0.367984868642507,32.2727272727273,0.367984868642507,32.2727272727273,32.2727272727273,32.2727272727273,0.069940122827225,0.069940122827225
"New Caledonia","NCL",10,2,0.378044220971064,28.1818181818182,0.358468194564705,60.4545454545454,28.1818181818182,60.4545454545455,0.122661694758665,0.0527215719314396
"New Caledonia","NCL",11,3,0.35441539799064,46.7272727272727,0.341814817212541,107.181818181818,46.7272727272727,107.181818181818,0.190925120137157,0.0682634253784927
"New Caledonia","NCL",12,4,0.295259619501213,68.3636363636364,0.312432163089021,175.545454545455,68.3636363636364,175.545454545455,0.271210258636049,0.080285138498892
"New Caledonia","NCL",1,5,0.29470609481677,194.818181818182,0.56409602867753,370.363636363636,194.818181818182,370.363636363636,0.34057248640989,0.069362227773841
"New Caledonia","NCL",2,6,0.255979530451588,354.636363636365,0.489959521466978,725,354.636363636364,725,0.445709325857552,0.105136839447662
"New Caledonia","NCL",3,7,0.271029499659282,519.636363636364,0.42692324547384,1244.63636363636,519.636363636364,1244.63636363636,0.579889473653222,0.13418014779567
"New Caledonia","NCL",4,8,0.284935420030206,405.545454545454,0.416657748471336,1650.18181818182,405.545454545455,1650.18181818182,0.70234213735628,0.122452663703057
"New Caledonia","NCL",5,9,0.26630559400115,258.545454545455,0.432932094665887,1908.72727272727,258.545454545455,1908.72727272727,0.838524648372544,0.136182511016264
"New Caledonia","NCL",6,10,0.286832642348794,110,0.437659764557835,2018.72727272727,110,2018.72727272727,0.898156639876026,0.0596319915034818
"New Caledonia","NCL",7,11,0.302967398105661,42.6363636363636,0.446764873909056,2061.36363636364,42.6363636363636,2061.36363636364,0.931254117055095,0.0330974771790695
"New Caledonia","NCL",8,12,0.403132100340864,25.8181818181818,0.471570886056434,2087.18181818182,25.8181818181818,2087.18181818182,1,0.0687458829449047
"Nicaragua","NIC",3,1,1.84694800719822,3023.14285714285,1.84694800719822,3023.14285714285,3023.14285714286,3023.14285714286,0.0469484059942421,0.0469484059942421
"Nicaragua","NIC",4,2,1.66462971374495,2989.28571428572,1.82799560471906,6012.42857142857,2989.28571428571,6012.42857142857,0.0916409461956767,0.0446925402014346
"Nicaragua","NIC",5,3,2.08441044522284,3776.21428571428,2.00286641243151,9788.64285714288,3776.21428571429,9788.64285714286,0.149589744397863,0.0579487982021862
"Nicaragua","NIC",6,4,1.5608925494524,5836.28571428572,1.9774229937179,15624.9285714286,5836.28571428571,15624.9285714286,0.227685091278972,0.0780953468811087
"Nicaragua","NIC",7,5,1.48467172718109,7739.21428571426,1.95318165199256,23364.1428571429,7739.21428571429,23364.1428571429,0.328125902662483,0.100440811383512
"Nicaragua","NIC",8,6,1.70453153434302,8370.07142857141,1.97071007629635,31734.2142857144,8370.07142857143,31734.2142857143,0.438152987452549,0.110027084790066
"Nicaragua","NIC",9,7,1.39550184106962,8220.85714285714,1.95178611045249,39955.0714285712,8220.85714285714,39955.0714285714,0.543653069349595,0.105500081897046
"Nicaragua","NIC",10,8,1.78210139561787,10214.7857142857,2.03575659146793,50169.8571428572,10214.7857142857,50169.8571428571,0.68778414173788,0.144131072388285
"Nicaragua","NIC",11,9,1.60577974575409,8439,2.04776074253617,58608.8571428571,8439,58608.8571428571,0.803011796766408,0.115227655028527
"Nicaragua","NIC",12,10,1.46514889243767,4811,2.03386136735244,63419.8571428572,4811,63419.8571428571,0.866098211298063,0.0630864145316552
"Nicaragua","NIC",1,11,2.1427354104271,4860.71428571429,2.10034037245164,68280.5714285713,4860.71428571429,68280.5714285714,0.939668466557899,0.0735702552598359
"Nicaragua","NIC",2,12,1.84044615685926,4097.85714285715,2.13382257659568,72378.4285714285,4097.85714285714,72378.4285714286,1,0.060331533442101
"Oman","OMN",4,1,0.161397888995705,125.2,0.161397888995705,125.2,125.2,125.2,0.0619988385656223,0.0619988385656223
"Oman","OMN",5,2,0.332366465771666,84.5999999999999,0.271346160693783,209.8,84.6,209.8,0.157790430963386,0.0957915923977638
"Oman","OMN",6,3,0.414505339220312,33.8,0.305044138754386,243.6,33.8,243.6,0.236246464667076,0.0784560337036902
"Oman","OMN",7,4,0.422388633337713,26.2,0.342034597159315,269.8,26.2,269.8,0.334261844215727,0.0980153795486511
"Oman","OMN",8,5,0.649336955032448,7.8,0.356870517417937,277.6,7.8,277.6,0.355577085513461,0.0213152412977331
"Oman","OMN",9,6,0.584783278653259,27.4,0.392301824805103,305,27.4,305,0.400427200599456,0.0448501150859956
"Oman","OMN",10,7,0.431112727719118,47.2,0.427604115042102,352.2,47.2,352.2,0.461264412590827,0.0608372119913704
"Oman","OMN",11,8,0.448633570630962,60.4,0.456867440723929,412.6,60.4,412.6,0.55709693501466,0.0958325224238339
"Oman","OMN",12,9,0.535768431359114,51.6,0.533687808085639,464.2,51.6,464.2,0.708113579039527,0.151016644024867
"Oman","OMN",1,10,0.29218239083572,41.6,0.564525214383924,505.800000000001,41.6,505.8,0.794393286494796,0.0862797074552691
"Oman","OMN",2,11,0.312462651056071,21.4,0.574869773467046,527.199999999999,21.4,527.2,0.823836809412704,0.0294435229179078
"Oman","OMN",3,12,0.25538448847009,65,0.674564687337285,592.2,65,592.2,1,0.176163190587296
"Pakistan","PAK",3,1,0.600676016401075,559.625,0.600676016401075,559.625,559.625,559.625,0.0136616622759776,0.0136616622759776
"Pakistan","PAK",4,2,0.547939509415451,942.749999999998,0.551138887719445,1502.375,942.75,1502.375,0.0338396670534086,0.0201780047774309
"Pakistan","PAK",5,3,0.664829221010328,3770.99999999998,0.704004699550154,5273.37500000001,3771,5273.375,0.110197258827367,0.0763575917739583
"Pakistan","PAK",6,4,0.720423551115589,2605.75,0.722853433925762,7879.125,2605.75,7879.125,0.162531199713725,0.0523339408863583
"Pakistan","PAK",7,5,0.724979444834083,1852.6875,0.728189961689624,9731.8125,1852.6875,9731.8125,0.199549063990278,0.0370178642765531
"Pakistan","PAK",8,6,0.748395077548207,4244.625,0.753499904663486,13976.4375,4244.625,13976.4375,0.282212954113793,0.0826638901235148
"Pakistan","PAK",9,7,0.751423761181543,14351.4375,0.789016067381713,28327.875,14351.4375,28327.875,0.565186634876686,0.282973680762893
"Pakistan","PAK",10,8,0.795534645956392,11705.375,0.79959543360754,40033.2500000001,11705.375,40033.25,0.801031702042603,0.235845067165917
"Pakistan","PAK",11,9,0.774735086764483,5355.1875,0.803809331316592,45388.4375000001,5355.1875,45388.4375,0.910720086072748,0.109688384030145
"Pakistan","PAK",12,10,0.677906448332548,1785.0625,0.80342109026422,47173.5000000001,1785.0625,47173.5,0.945895701810067,0.0351756157373195
"Pakistan","PAK",1,11,0.549343064968178,1167.1875,0.815044375160078,48340.6875,1167.1875,48340.6875,0.979900148184244,0.0340044463741769
"Pakistan","PAK",2,12,0.564143154274571,688,0.821378873233528,49028.6875,688,49028.6875,1,0.0200998518157558
"Palau","PLW",4,1,0.421937581114107,37.9999999999999,0.421937581114107,37.9999999999999,38,38,0.0726836651315733,0.0726836651315733
"Palau","PLW",5,2,0.393163769658866,34.25,0.390095262341564,72.25,34.25,72.25,0.130918196888641,0.0582345317570681
"Palau","PLW",6,3,0.39840814879975,59.625,0.424393842395923,131.875,59.625,131.875,0.207250864614067,0.0763326677254255
"Palau","PLW",7,4,0.408196653832825,59.875,0.466331919728051,191.75,59.875,191.75,0.304932566880549,0.0976817022664822
"Palau","PLW",8,5,0.523945803047804,61.5,0.494509465493346,253.25,61.5,253.25,0.41944294905031,0.114510382169761
"Palau","PLW",9,6,0.403394806440463,55.25,0.494982786214044,308.5,55.25,308.5,0.516524795421071,0.097081846370761
"Palau","PLW",10,7,0.580840617733612,51.9999999999999,0.517317380151713,360.499999999999,52,360.5,0.64155936241319,0.125034566992119
"Palau","PLW",11,8,0.376862105888453,42,0.518984612859861,402.5,42,402.5,0.709295916519141,0.0677365541059518
"Palau","PLW",12,9,NA,NA,0.520813650644559,425.5,23,425.5,0.758183121414008,0.0488872048948664
"Palau","PLW",1,10,0.436536425458109,33.5,0.613765928240937,459,33.5,459,0.844078697033699,0.0858955756196912
"Palau","PLW",2,11,0.664194899139279,16,0.647354686221691,475,16,475,0.906086720329576,0.062008023295877
"Palau","PLW",3,12,0.844381886147116,22.875,0.68444257727484,497.875000000001,22.875,497.875,1,0.0939132796704239
"Panama","PAN",4,1,1.11314160436522,275,1.11314160436522,275,275,275,0.0316959319663265,0.0316959319663265
"Panama","PAN",5,2,1.70088519954931,352.3125,1.46246943585808,627.3125,352.3125,627.3125,0.0808668810946104,0.0491709491282839
"Panama","PAN",6,3,1.02657695377583,624.812499999999,1.29746870240966,1252.125,624.8125,1252.125,0.145244111665085,0.0643772305704747
"Panama","PAN",7,4,0.876743675939046,1230.9375,1.13626957305399,2483.0625,1230.9375,2483.0625,0.250913949052234,0.105669837387149
"Panama","PAN",8,5,0.969220732158267,1207.125,1.12542749631825,3690.1875,1207.125,3690.1875,0.358200837668438,0.107286888616204
"Panama","PAN",9,6,0.908152311312196,1192.0625,1.1098477557313,4882.25,1192.0625,4882.25,0.462379439530116,0.104178601861678
"Panama","PAN",10,7,1.19836507248932,1146.875,1.14523312993525,6029.12499999999,1146.875,6029.125,0.576147595346046,0.11376815581593
"Panama","PAN",11,8,1.20890771786666,1011.3125,1.17675339909318,7040.43750000001,1011.3125,7040.4375,0.677549778033816,0.10140218268777
"Panama","PAN",12,9,1.23231901108435,1099.375,1.23202926763297,8139.81249999999,1099.375,8139.8125,0.799058114976202,0.121508336942386
"Panama","PAN",1,10,1.05269887587993,997.874999999997,1.30786920278511,9137.68750000001,997.875,9137.6875,0.911473371808794,0.112415256832592
"Panama","PAN",2,11,1.11885703246997,469.5,1.31980431447753,9607.1875,469.5,9607.1875,0.961550369067706,0.0500769972589116
"Panama","PAN",3,12,1.24172722617164,360.0625,1.32719351351454,9967.24999999999,360.0625,9967.25,1,0.0384496309322944
"Paraguay","PRY",7,1,0.807405343512043,1100.5625,0.807405343512043,1100.5625,1100.5625,1100.5625,0.0390035038417567,0.0390035038417567
"Paraguay","PRY",8,2,0.634360769587912,1710.6875,0.763880821446677,2811.25,1710.6875,2811.25,0.104007842175533,0.0650043383337758
"Paraguay","PRY",9,3,1.06308901569501,1196.125,0.882253310559906,4007.37499999999,1196.125,4007.375,0.137418121115603,0.03341027894007
"Paraguay","PRY",10,4,1.22368120735,2252.3125,1.08097361249142,6259.68750000001,2252.3125,6259.6875,0.202006054033887,0.0645879329182843
"Paraguay","PRY",11,5,0.900945014035791,2608.5625,1.20880751867137,8868.25000000001,2608.5625,8868.25,0.269486853517336,0.0674807994834489
"Paraguay","PRY",12,6,0.699028409723001,5240,1.15123267610078,14108.25,5240,14108.25,0.367032051735058,0.0975451982177218
"Paraguay","PRY",1,7,0.397772976479047,15056.5625,1.11921931979897,29164.8125,15056.5625,29164.8125,0.503470631052588,0.13643857931753
"Paraguay","PRY",2,8,0.411985266854228,15377.25,0.934872866496414,44542.0625,15377.25,44542.0625,0.651135102376743,0.147664471324155
"Paraguay","PRY",3,9,0.557337065825114,11389.75,0.946687349782146,55931.8125,11389.75,55931.8125,0.79983576716289,0.148700664786148
"Paraguay","PRY",4,10,0.730968952385579,5524.06250000001,0.97361617564596,61455.8749999999,5524.0625,61455.875,0.890433330455556,0.0905975632926655
"Paraguay","PRY",5,11,0.738444959120704,3976.62500000001,0.996982533727406,65432.5,3976.625,65432.5,0.959973034169796,0.0695397037142404
"Paraguay","PRY",6,12,0.695530800997831,1653.0625,1.02509253317793,67085.5625000001,1653.0625,67085.5625,1,0.0400269658302037
"Peru","PER",9,1,0.768969074172824,1848.2,0.768969074172824,1848.2,1848.2,1848.2,0.0320940250481495,0.0320940250481495
"Peru","PER",10,2,0.987652169221907,2210.93333333333,0.921389725148991,4059.13333333335,2210.93333333333,4059.13333333333,0.0704967609838446,0.0384027359356951
"Peru","PER",11,3,0.872281218432623,3643.53333333334,1.00413184997543,7702.66666666668,3643.53333333333,7702.66666666667,0.148659927087892,0.0781631661040471
"Peru","PER",12,4,1.51209953201623,2856.99999999999,1.24571286040984,10559.6666666667,2857,10559.6666666667,0.209562352171147,0.0609024250832549
"Peru","PER",1,5,2.03125610690481,4857.73333333334,1.81810315765963,15417.4,4857.73333333333,15417.4,0.328303895748276,0.118741543577129
"Peru","PER",2,6,1.13349791640088,6383.53333333334,1.73074810247742,21800.9333333334,6383.53333333333,21800.9333333333,0.438014375979465,0.10971048023119
"Peru","PER",3,7,0.736415402152377,10602.0666666666,1.32313744699624,32402.9999999998,10602.0666666667,32403,0.562247235364582,0.124232859385117
"Peru","PER",4,8,0.692505759317267,12129.7333333333,1.1858047101455,44532.7333333333,12129.7333333333,44532.7333333333,0.698447009375641,0.13619977401106
"Peru","PER",5,9,0.612408023410236,12176.0666666667,1.11967141411013,56708.8000000002,12176.0666666667,56708.8,0.836747091351569,0.138300081975928
"Peru","PER",6,10,0.670493075645633,6228.93333333334,1.10405393043825,62937.7333333332,6228.93333333333,62937.7333333333,0.916342195616208,0.0795951042646389
"Peru","PER",7,11,0.713252408074025,3720.86666666667,1.09425767844589,66658.6000000002,3720.86666666667,66658.6,0.964466971313226,0.0481247756970174
"Peru","PER",8,12,0.902739087283924,2227.8,1.10100498141248,68886.3999999998,2227.8,68886.4,1,0.0355330286867742
"Philippines","PHL",4,1,4.75257037330648,5593.78571428574,4.75257037330648,5593.78571428574,5593.78571428571,5593.78571428571,0.0304530035266563,0.0304530035266563
"Philippines","PHL",5,2,3.27660558200778,7711.71428571428,3.88166505202212,13305.5,7711.71428571429,13305.5,0.0717166281236015,0.0412636245969452
"Philippines","PHL",6,3,2.8492427714908,14673.2857142857,3.34248902198938,27978.7857142858,14673.2857142857,27978.7857142857,0.146597497310002,0.0748808691864001
"Philippines","PHL",7,4,3.02222995121867,26056.2142857143,3.23353573707898,54034.9999999999,26056.2142857143,54035,0.279835835314265,0.133238338004263
"Philippines","PHL",8,5,3.73795735993837,30230.2142857144,3.58117411725325,84265.2142857142,30230.2142857143,84265.2142857143,0.440197074120484,0.160361238806219
"Philippines","PHL",9,6,3.32005331919403,26639.2857142856,3.59684198784646,110904.5,26639.2857142857,110904.5,0.57859572740484,0.138398653284356
"Philippines","PHL",10,7,4.44275026352008,17397.2142857143,3.75346638519148,128301.714285714,17397.2142857143,128301.714285714,0.6714406338536,0.0928449064487598
"Philippines","PHL",11,8,5.26893423622943,14515.1428571429,4.07053158017668,142816.857142857,14515.1428571429,142816.857142857,0.75299291395923,0.0815522801056305
"Philippines","PHL",12,9,2.86216948333886,9864.64285714289,4.27421559939513,152681.5,9864.64285714286,152681.5,0.808685589243281,0.0556926752840508
"Philippines","PHL",1,10,4.52571382518093,15376,4.49597289994267,168057.5,15376,168057.5,0.894141881285377,0.0854562920420962
"Philippines","PHL",2,11,6.1758162777488,10032.6428571429,4.68671230120371,178090.142857143,10032.6428571429,178090.142857143,0.951676226325011,0.0575343450396339
"Philippines","PHL",3,12,8.05692801791425,8029.78571428573,4.9283894191907,186119.928571429,8029.78571428571,186119.928571429,1,0.0483237736749891
"Puerto Rico","PRI",4,1,0.570773012858778,264.307692307692,0.570773012858778,264.307692307692,264.307692307692,264.307692307692,0.0423479127073863,0.0423479127073863
"Puerto Rico","PRI",5,2,0.602429610699903,308.230769230769,0.565319811986254,572.538461538463,308.230769230769,572.538461538462,0.0973482677988468,0.0550003550914605
"Puerto Rico","PRI",6,3,0.540393147882779,310.615384615384,0.537706501291465,883.153846153846,310.615384615385,883.153846153846,0.146251882699008,0.0489036149001612
"Puerto Rico","PRI",7,4,0.503032833753593,470.23076923077,0.5136012910972,1353.38461538461,470.230769230769,1353.38461538462,0.216313646790195,0.0700617640911874
"Puerto Rico","PRI",8,5,0.544647258102942,526.000000000001,0.506449626649648,1879.38461538462,526,1879.38461538462,0.296382007785362,0.080068360995167
"Puerto Rico","PRI",9,6,0.557442985656916,565.615384615384,0.504375094418236,2444.99999999999,565.615384615385,2445,0.383953723971302,0.0875717161859393
"Puerto Rico","PRI",10,7,0.650775521780063,759.230769230769,0.589565324630154,3204.23076923077,759.230769230769,3204.23076923077,0.502295436640166,0.118341712668864
"Puerto Rico","PRI",11,8,0.623843044889805,945.923076923078,0.635746564782285,4150.15384615385,945.923076923077,4150.15384615385,0.636597543732844,0.134302107092678
"Puerto Rico","PRI",12,9,0.609531972882054,824.076923076923,0.676370803415851,4974.23076923078,824.076923076923,4974.23076923077,0.74981164061169,0.113214096878846
"Puerto Rico","PRI",1,10,0.937492019651416,394.846153846153,0.763190081537258,5369.07692307692,394.846153846154,5369.07692307692,0.855981605934405,0.106169965322715
"Puerto Rico","PRI",2,11,1.12527252509154,277.615384615385,0.812264400563544,5646.6923076923,277.615384615385,5646.69230769231,0.939721219697637,0.0837396137632324
"Puerto Rico","PRI",3,12,0.967724647259457,261.153846153846,0.830336383220207,5907.84615384616,261.153846153846,5907.84615384615,1,0.0602787803023626
"Réunion","REU",11,1,0.515833803202528,26.5,0.515833803202528,26.5,26.5,26.5,0.0482736420049381,0.0482736420049381
"Réunion","REU",12,2,0.336551417946186,33.1,0.474284037504707,59.5999999999999,33.1,59.6,0.0964953362000873,0.0482216941951492
"Réunion","REU",1,3,0.420740926747604,129.7,0.496094091536555,189.3,129.7,189.3,0.144552821313068,0.0480574851129808
"Réunion","REU",2,4,0.27365816934739,405.7,0.413395569530402,595,405.7,595,0.195166890123613,0.050614068810545
"Réunion","REU",3,5,0.30750214572663,1333.3,0.36359871903899,1928.3,1333.3,1928.3,0.351786169058255,0.156619278934642
"Réunion","REU",4,6,0.328806046269697,2197.4,0.357156383875496,4125.69999999999,2197.4,4125.7,0.641203826161149,0.289417657102894
"Réunion","REU",5,7,0.234944404500626,2236,0.335516546936727,6361.69999999999,2236,6361.7,0.846596888047342,0.205393061886193
"Réunion","REU",6,8,0.276655245771212,700.9,0.338272272316814,7062.6,700.9,7062.6,0.947802862685148,0.101205974637806
"Réunion","REU",7,9,0.293143932122952,176.8,0.339713802220458,7239.40000000001,176.8,7239.4,0.979873599058472,0.0320707363733236
"Réunion","REU",8,10,0.230246529571229,73.4,0.3397315229781,7312.80000000001,73.4,7312.8,0.989783427158057,0.0099098280995855
"Réunion","REU",9,11,0.240856693074986,42.3,0.339666046508069,7355.09999999999,42.3,7355.1,0.995023602215428,0.00524017505737123
"Réunion","REU",10,12,0.281307409995299,24.7,0.339912114386762,7379.79999999999,24.7,7379.8,1,0.00497639778457171
"Saint Martin","MAF",6,1,0.886649271703714,52.7857142857143,0.886649271703714,52.7857142857143,52.7857142857143,52.7857142857143,0.0783264742011549,0.0783264742011549
"Saint Martin","MAF",7,2,0.921135279683278,25.5714285714286,0.91204137022801,78.3571428571429,25.5714285714286,78.3571428571429,0.116800677459286,0.0384742032581314
"Saint Martin","MAF",8,3,0.469521170166653,32.2857142857142,0.842369157513992,110.642857142857,32.2857142857143,110.642857142857,0.154994104704511,0.038193427245225
"Saint Martin","MAF",9,4,0.823232204527584,37.2857142857143,0.844579948910748,147.928571428572,37.2857142857143,147.928571428571,0.203786542077302,0.0487924373727909
"Saint Martin","MAF",10,5,0.976499267766485,68.5,0.910401773803955,216.428571428571,68.5,216.428571428571,0.304337657177829,0.100551115100527
"Saint Martin","MAF",11,6,0.687936558611644,124.285714285714,0.863317206601237,340.714285714285,124.285714285714,340.714285714286,0.447820802102719,0.14348314492489
"Saint Martin","MAF",12,7,0.838830213220164,75.4285714285715,0.882843807708384,416.142857142857,75.4285714285714,416.142857142857,0.548687272143307,0.100866470040588
"Saint Martin","MAF",1,8,0.792820820760834,104.857142857143,1.01464255597164,521,104.857142857143,521,0.676773170096756,0.128085897953449
"Saint Martin","MAF",2,9,0.76915457209978,89.5714285714286,1.04460514972645,610.571428571429,89.5714285714286,610.571428571429,0.784608827508575,0.107835657411819
"Saint Martin","MAF",3,10,0.645216872356217,51.0714285714285,1.04171585960181,661.642857142859,51.0714285714286,661.642857142857,0.842671191898835,0.0580623643902605
"Saint Martin","MAF",4,11,0.651776341725401,38.7857142857143,1.07679318663397,700.428571428572,38.7857142857143,700.428571428571,0.904696501369141,0.0620253094703059
"Saint Martin","MAF",5,12,0.659813220384339,60.2142857142858,1.11503660552734,760.642857142856,60.2142857142857,760.642857142857,1,0.0953034986308586
"Samoa","WSM",8,1,0.228316450805898,979.888888888889,0.228316450805898,979.888888888889,979.888888888889,979.888888888889,0.0979801937205955,0.0979801937205955
"Samoa","WSM",9,2,0.264543456509251,859.222222222221,0.250142613751689,1839.11111111111,859.222222222222,1839.11111111111,0.191407462969106,0.093427269248511
"Samoa","WSM",10,3,0.264744854751349,668.999999999998,0.25641156760733,2508.11111111111,669,2508.11111111111,0.267295018358247,0.0758875553891406
"Samoa","WSM",11,4,0.377287079766781,386.333333333334,0.281370737210805,2894.44444444444,386.333333333333,2894.44444444444,0.35440986995093,0.0871148515926827
"Samoa","WSM",12,5,0.442318448757916,266.222222222222,0.305045525272692,3160.66666666667,266.222222222222,3160.66666666667,0.442569016074797,0.0881591461238674
"Samoa","WSM",1,6,0.354109434224428,172.222222222222,0.349236348471982,3332.88888888889,172.222222222222,3332.88888888889,0.484941905845256,0.0423728897704589
"Samoa","WSM",2,7,0.249489017837066,252.555555555556,0.373706320091325,3585.44444444444,252.555555555556,3585.44444444444,0.531806092462853,0.046864186617597
"Samoa","WSM",3,8,0.251843414649197,337.333333333333,0.395032152530115,3922.77777777779,337.333333333333,3922.77777777778,0.591434726304016,0.0596286338411627
"Samoa","WSM",4,9,0.357710484299504,635.666666666666,0.419184695410088,4558.44444444445,635.666666666667,4558.44444444444,0.704658614043659,0.113223887739643
"Samoa","WSM",5,10,0.355355040139143,479.222222222222,0.445236509043206,5037.66666666667,479.222222222222,5037.66666666667,0.790032778743025,0.0853741646993664
"Samoa","WSM",6,11,0.332825875116094,390.222222222222,0.469957748466095,5427.88888888889,390.222222222222,5427.88888888889,0.852291604077814,0.0622588253347887
"Samoa","WSM",7,12,0.263183856932987,965.999999999998,0.50050077481514,6393.88888888889,966,6393.88888888889,1,0.147708395922186
"Saudi Arabia","SAU",10,1,1.49775950492732,110.928571428571,1.49775950492732,110.928571428571,110.928571428571,110.928571428571,0.0251934364635979,0.0251934364635979
"Saudi Arabia","SAU",11,2,2.030877243729,136.428571428572,1.86542255289351,247.357142857143,136.428571428571,247.357142857143,0.0594032434403156,0.0342098069767178
"Saudi Arabia","SAU",12,3,1.16705361733775,303.857142857142,1.50662748281981,551.214285714285,303.857142857143,551.214285714286,0.122038733045627,0.0626354896053109
"Saudi Arabia","SAU",1,4,0.576680485257153,556.785714285714,1.22539078356733,1108,556.785714285714,1108,0.21401058426807,0.0919718512224432
"Saudi Arabia","SAU",2,5,0.525124622451382,561.285714285714,1.0543708498063,1669.28571428571,561.285714285714,1669.28571428571,0.295301437608603,0.0812908533405329
"Saudi Arabia","SAU",3,6,0.642578443149615,564.142857142857,1.05972534268397,2233.42857142857,564.142857142857,2233.42857142857,0.384522513199487,0.0892210755908849
"Saudi Arabia","SAU",4,7,0.778036865869888,604.357142857143,1.20886356287851,2837.78571428572,604.357142857143,2837.78571428571,0.500449297382587,0.1159267841831
"Saudi Arabia","SAU",5,8,2.11544036281164,749.499999999999,1.51666859602438,3587.28571428573,749.5,3587.28571428571,0.677182817579988,0.1767335201974
"Saudi Arabia","SAU",6,9,3.29593827564149,616.214285714285,1.75445708953779,4203.5,616.214285714286,4203.5,0.827764472088671,0.150581654508683
"Saudi Arabia","SAU",7,10,6.10924720730887,350.999999999999,1.96736155954228,4554.49999999999,351,4554.5,0.923457850472824,0.0956933783841538
"Saudi Arabia","SAU",8,11,4.33703232535793,161.5,2.07626519281902,4716.00000000001,161.5,4716,0.96899778575731,0.0455399352844858
"Saudi Arabia","SAU",9,12,2.98896114834646,104.214285714286,2.15587156582206,4820.21428571428,104.214285714286,4820.21428571429,1,0.0310022142426899
"Senegal","SEN",5,1,0.42676290398479,39.5714285714286,0.42676290398479,39.5714285714286,39.5714285714286,39.5714285714286,0.0137383919498992,0.0137383919498992
"Senegal","SEN",6,2,0.356013553582183,49.8571428571428,0.433056834417801,89.4285714285715,49.8571428571429,89.4285714285714,0.0321930134177581,0.0184546214678589
"Senegal","SEN",7,3,0.50713812187765,86.5714285714286,0.473800969367625,176,86.5714285714286,176,0.0737061263529963,0.0415131129352383
"Senegal","SEN",8,4,0.5481311497472,92.8571428571429,0.502460111310497,268.857142857143,92.8571428571429,268.857142857143,0.117208053375964,0.0435019270229676
"Senegal","SEN",9,5,0.433503534046085,174.571428571429,0.477500708038208,443.428571428572,174.571428571429,443.428571428571,0.174267801569142,0.0570597481931786
"Senegal","SEN",10,6,0.391728177124597,636.714285714286,0.439268212335525,1080.14285714286,636.714285714286,1080.14285714286,0.339942671698465,0.165674870129322
"Senegal","SEN",11,7,0.38812336428334,867.142857142857,0.419672279258814,1947.28571428572,867.142857142857,1947.28571428571,0.567833145204617,0.227890473506152
"Senegal","SEN",12,8,0.451324568813434,281,0.424639390415223,2228.28571428571,281,2228.28571428571,0.66121453761281,0.0933813924081932
"Senegal","SEN",1,9,0.520541326036736,148.714285714286,0.500868075467418,2377,148.714285714286,2377,0.783446099807684,0.122231562194874
"Senegal","SEN",2,10,0.545447477113455,123.142857142857,0.536975010937937,2500.14285714286,123.142857142857,2500.14285714286,0.888181240073686,0.104735140266002
"Senegal","SEN",3,11,0.610369940626789,84.2857142857143,0.558542311985579,2584.42857142857,84.2857142857143,2584.42857142857,0.963300791090206,0.0751195510165196
"Senegal","SEN",4,12,0.267064161672603,68.1428571428572,0.563763003958183,2652.57142857143,68.1428571428571,2652.57142857143,1,0.0366992089097942
"Seychelles","SYC",7,1,NA,NA,NA,NA,109.6,109.6,0.0252093127490194,0.0252093127490194
"Seychelles","SYC",8,2,0.76337542298745,120.2,0.657045124566234,229.8,120.2,229.8,0.0570399675289174,0.0318306547798981
"Seychelles","SYC",9,3,0.683318944037292,140.8,0.665985566159193,370.6,140.8,370.6,0.0922582517024443,0.0352182841735268
"Seychelles","SYC",10,4,0.680202747333674,196.2,0.670142025705622,566.800000000001,196.2,566.8,0.14140827315152,0.0491500214490753
"Seychelles","SYC",11,5,0.742431714500075,269.4,0.694817656739431,836.200000000001,269.4,836.2,0.211648354169779,0.0702400810182591
"Seychelles","SYC",12,6,1.85816282923183,134,0.871560664372727,970.199999999999,134,970.2,0.276891954030067,0.0652435998602886
"Seychelles","SYC",1,7,4.33116624495102,394.8,1.6095234776436,1365,394.8,1365,0.471364889393144,0.194472935363076
"Seychelles","SYC",2,8,1.39721791107565,436.8,1.86485970526079,1801.8,436.8,1801.8,0.616274635402875,0.144909746009732
"Seychelles","SYC",3,9,1.52056646249907,396.2,1.91117997681542,2198,396.2,2198,0.748750323810381,0.132475688407506
"Seychelles","SYC",4,10,NA,NA,1.89635775685557,2471.2,273.2,2471.2,0.837926465268328,0.0891761414579472
"Seychelles","SYC",5,11,NA,NA,1.77006778161264,2774.8,303.6,2774.8,0.918054690699348,0.0801282254310193
"Seychelles","SYC",6,12,NA,NA,1.73163346993929,3046.00000000001,271.2,3046,1,0.0819453093006522
"Singapore","SGP",2,1,1.92586102319404,805.062499999999,1.92586102319404,805.062499999999,805.0625,805.0625,0.0743645391296388,0.0743645391296388
"Singapore","SGP",3,2,1.69541219086068,797.625,1.86348155408988,1602.6875,797.625,1602.6875,0.140359349825143,0.065994810695504
"Singapore","SGP",4,3,1.62778096108952,887.9375,1.85797170687362,2490.625,887.9375,2490.625,0.211037069812616,0.0706777199874728
"Singapore","SGP",5,4,1.14739480196335,1338.8125,1.60933478989647,3829.4375,1338.8125,3829.4375,0.303778771673857,0.0927417018612419
"Singapore","SGP",6,5,1.16491361235597,1676.5,1.51033357227797,5505.93749999999,1676.5,5505.9375,0.417609352609051,0.113830580935193
"Singapore","SGP",7,6,1.23606548689859,1650.75,1.49183702419237,7156.68749999999,1650.75,7156.6875,0.535290198069568,0.117680845460518
"Singapore","SGP",8,7,1.19138433696591,1320.375,1.46392721820009,8477.0625,1320.375,8477.0625,0.625982668417061,0.0906924703474931
"Singapore","SGP",9,8,1.80267189670415,988.125,1.52669337636728,9465.1875,988.125,9465.1875,0.705691538925494,0.0797088705084324
"Singapore","SGP",10,9,2.30606870819339,831.6875,1.59737998594162,10296.875,831.6875,10296.875,0.777555571640696,0.071864032715202
"Singapore","SGP",11,10,1.9129931185318,683.999999999999,1.64805605789242,10980.875,684,10980.875,0.834990684595172,0.0574351129544767
"Singapore","SGP",12,11,2.35225519411003,667.500000000001,1.73063077025101,11648.375,667.5,11648.375,0.897380127558286,0.0623894429631139
"Singapore","SGP",1,12,1.9464080873496,1001.375,1.89362656998737,12649.75,1001.375,12649.75,1,0.102619872441714
"Sint Maarten","SXM",4,1,5.88053187245633,3.25,5.88053187245633,3.25,3.25,3.25,0.0192527242530699,0.0192527242530699
"Sint Maarten","SXM",5,2,3.06033375721253,4.5,2.709053246581,7.75000000000001,4.5,7.75,0.0458599147672018,0.0266071905141319
"Sint Maarten","SXM",6,3,3.22169343340707,4.75,2.34787352880516,12.5,4.75,12.5,0.0737512193973062,0.0278913046301044
"Sint Maarten","SXM",7,4,3.26435034858936,8,2.30321949217188,20.5,8,20.5,0.122131075161012,0.0483798557637053
"Sint Maarten","SXM",8,5,2.94005707225544,20,2.41277875723517,40.5,20,40.5,0.247252332844147,0.125121257683135
"Sint Maarten","SXM",9,6,3.23856732668797,15.5,2.45287823460718,56,15.5,56,0.34406643550034,0.0968141026561934
"Sint Maarten","SXM",10,7,2.3827543203153,22.25,2.3391455111534,78.25,22.25,78.25,0.4790559965477,0.13498956104736
"Sint Maarten","SXM",11,8,2.5323711592327,35.25,2.33371307007158,113.5,35.25,113.5,0.698859207371721,0.219803210824021
"Sint Maarten","SXM",12,9,2.59709288187835,19.5,2.30982408063803,133,19.5,133,0.820564201423576,0.121704994051855
"Sint Maarten","SXM",1,10,0.437434376633685,10.75,4.70882506055288,143.75,10.75,143.75,0.928616305569431,0.108052104145854
"Sint Maarten","SXM",2,11,0.432200024224639,4.5,6.04888440524986,148.25,4.5,148.25,0.975297163773726,0.0466808582042957
"Sint Maarten","SXM",3,12,0.748936732299839,2.5,6.73424809239012,150.75,2.5,150.75,1,0.0247028362262737
"Solomon Islands","SLB",5,1,0.399622899087564,60.1818181818182,0.399622899087564,60.1818181818182,60.1818181818182,60.1818181818182,0.0585734938962033,0.0585734938962033
"Solomon Islands","SLB",6,2,0.454929636383847,54.1818181818182,0.39771007481152,114.363636363636,54.1818181818182,114.363636363636,0.110538230828741,0.0519647369325377
"Solomon Islands","SLB",7,3,0.403824634566936,62.4545454545455,0.388877420467874,176.818181818181,62.4545454545455,176.818181818182,0.156798549768075,0.0462603189393337
"Solomon Islands","SLB",8,4,0.29776159987192,534.636363636363,0.373658068238128,711.454545454545,534.636363636364,711.454545454545,0.286884919695052,0.130086369926977
"Solomon Islands","SLB",9,5,0.382338681586401,348.181818181818,0.374930555827111,1059.63636363637,348.181818181818,1059.63636363636,0.397905006431344,0.111020086736291
"Solomon Islands","SLB",10,6,0.326820634009145,625.09090909091,0.366664219606668,1684.72727272728,625.090909090909,1684.72727272727,0.539114400187244,0.141209393755901
"Solomon Islands","SLB",11,7,0.312215021037144,508.636363636363,0.352587161382927,2193.36363636364,508.636363636364,2193.36363636364,0.643272104373933,0.104157704186689
"Solomon Islands","SLB",12,8,0.3013397861389,310.545454545455,0.345558201304214,2503.90909090909,310.545454545455,2503.90909090909,0.704627708918339,0.0613556045444054
"Solomon Islands","SLB",1,9,0.383913710637548,286.363636363637,0.473965861356256,2790.27272727272,286.363636363636,2790.27272727273,0.80206966135514,0.0974419524368012
"Solomon Islands","SLB",2,10,0.457321321408802,140,0.494154718365018,2930.27272727273,140,2930.27272727273,0.872638025504551,0.0705683641494108
"Solomon Islands","SLB",3,11,0.671729281642123,104.181818181818,0.511505007021267,3034.45454545455,104.181818181818,3034.45454545455,0.944682730207431,0.0720447047028806
"Solomon Islands","SLB",4,12,0.962079994367763,50.9090909090909,0.527643349857499,3085.36363636364,50.9090909090909,3085.36363636364,1,0.0553172697925687
"Sri Lanka","LKA",2,1,4.78602457451789,4363.49999999999,4.78602457451789,4363.49999999999,4363.5,4363.5,0.0890894109941871,0.0890894109941871
"Sri Lanka","LKA",3,2,3.06473137428624,3596.3125,4.28533242619433,7959.8125,3596.3125,7959.8125,0.151208206220534,0.0621187952263468
"Sri Lanka","LKA",4,3,1.70937739690396,3836.0625,3.45746632231124,11795.875,3836.0625,11795.875,0.208916741357625,0.0577085351370915
"Sri Lanka","LKA",5,4,2.01517789241611,4466.8125,3.18261440419022,16262.6875,4466.8125,16262.6875,0.279556911570857,0.0706401702132315
"Sri Lanka","LKA",6,5,2.18952103883636,6223.18749999999,3.01462743599652,22485.875,6223.1875,22485.875,0.379397402304803,0.0998404907339462
"Sri Lanka","LKA",7,6,1.45272450640784,8699.99999999999,2.51309300906251,31185.8749999999,8700,31185.875,0.505422421464096,0.126025019159292
"Sri Lanka","LKA",8,7,2.2293174715032,4748.75,2.52760592980918,35934.625,4748.75,35934.625,0.58424438356522,0.0788219621011243
"Sri Lanka","LKA",9,8,3.70018545929503,2972,2.63917804231037,38906.6250000001,2972,38906.625,0.637202935361132,0.0529585517959123
"Sri Lanka","LKA",10,9,2.92995280395351,3361.93749999999,2.7264507879414,42268.5625,3361.9375,42268.5625,0.69464736936204,0.0574444340009073
"Sri Lanka","LKA",11,10,2.28240505981242,4265.25,2.82015330944318,46533.8124999999,4265.25,46533.8125,0.766384833423163,0.0717374640611237
"Sri Lanka","LKA",12,11,2.28376279500718,5627.125,3.01380901909274,52160.9375,5627.125,52160.9375,0.865950923788861,0.0995660903656975
"Sri Lanka","LKA",1,12,3.20742331069043,7276.875,3.28629785745414,59437.8124999999,7276.875,59437.8125,1,0.134049076211139
"St. Barthélemy","BLM",4,1,0.575442749690389,18.5,0.575442749690389,18.5,18.5,18.5,0.0404736480338015,0.0404736480338015
"St. Barthélemy","BLM",5,2,0.509634790599053,31.9,0.508963399304863,50.3999999999999,31.9,50.4,0.108955072013831,0.0684814239800297
"St. Barthélemy","BLM",6,3,0.537719728805657,29.3,0.494919136558599,79.6999999999999,29.3,79.7,0.170667805504602,0.061712733490771
"St. Barthélemy","BLM",7,4,0.418040223847244,26.1,0.463349829920402,105.8,26.1,105.8,0.215376397385686,0.044708591881084
"St. Barthélemy","BLM",8,5,0.284211937874277,44.1,0.41878894340633,149.9,44.1,149.9,0.270461110018088,0.0550847126324021
"St. Barthélemy","BLM",9,6,0.40841611671691,39.6,0.409197877036543,189.5,39.6,189.5,0.332405643007253,0.0619445329891643
"St. Barthélemy","BLM",10,7,0.36895719984558,38,0.412265141367936,227.5,38,227.5,0.397166112182603,0.0647604691753507
"St. Barthélemy","BLM",11,8,0.443954963750316,77.1,0.41558955590665,304.599999999999,77.1,304.6,0.542898000215774,0.14573188803317
"St. Barthélemy","BLM",12,9,0.938567258005795,48.3999999999999,0.594440674123532,353,48.4,353,0.673996698360677,0.131098698144903
"St. Barthélemy","BLM",1,10,0.732078615007286,35.5,0.854773906519248,388.5,35.5,388.5,0.82112105408456,0.147124355723883
"St. Barthélemy","BLM",2,11,0.957664270100856,20,0.955606303744579,408.5,20,408.5,0.90825474266076,0.0871336885762007
"St. Barthélemy","BLM",3,12,0.663373240922112,18.7,1.05818600212906,427.200000000001,18.7,427.2,1,0.0917452573392396
"St. Kitts & Nevis","KNA",4,1,2.96198731504467,1.66666666666667,2.96198731504467,1.66666666666667,1.66666666666667,1.66666666666667,0.0170233764811229,0.0170233764811229
"St. Kitts & Nevis","KNA",5,2,0.531478703055805,6.66666666666667,0.502435359051334,8.33333333333334,6.66666666666667,8.33333333333333,0.0849146912002327,0.0678913147191098
"St. Kitts & Nevis","KNA",6,3,1.66592602956819,16.5,1.48982135948267,24.8333333333333,16.5,24.8333333333333,0.28918557038214,0.204270879181907
"St. Kitts & Nevis","KNA",7,4,2.49110032662762,2.33333333333333,1.48175762738633,27.1666666666667,2.33333333333333,27.1666666666667,0.314000850595808,0.0248152802136677
"St. Kitts & Nevis","KNA",8,5,2.5622018464792,2.66666666666667,NA,NA,2.66666666666667,29.8333333333333,0.344192474895497,0.0301916242996892
"St. Kitts & Nevis","KNA",9,6,1.57896148111805,7.16666666666667,NA,NA,7.16666666666667,37,0.421558759354827,0.0773662844593299
"St. Kitts & Nevis","KNA",10,7,6.90099786106784,17,7.55048739303181,54,17,54,0.572432683856624,0.150873924501798
"St. Kitts & Nevis","KNA",11,8,0.599818748389156,36.8333333333334,4.37485137022863,90.8333333333333,36.8333333333333,90.8333333333333,0.740381937297947,0.167949253441322
"St. Kitts & Nevis","KNA",12,9,0.511513784165169,22.1666666666667,2.83410228447822,113,22.1666666666667,113,0.84993179160636,0.109549854308413
"St. Kitts & Nevis","KNA",1,10,0.337622312075385,24.5,2.14950969470086,137.5,24.5,137.5,0.960613961748788,0.110682170142429
"St. Kitts & Nevis","KNA",2,11,1.17761439544517,5.16666666666667,2.10855677727931,142.666666666667,5.16666666666667,142.666666666667,0.991473057797343,0.0308590960485542
"St. Kitts & Nevis","KNA",3,12,0.147516922522646,2.5,2.04292842180951,145.166666666667,2.5,145.166666666667,1,0.00852694220265754
"St. Lucia","LCA",3,1,0.916740461439758,6.54545454545454,0.916740461439758,6.54545454545454,6.54545454545455,6.54545454545455,0.0294325515021122,0.0294325515021122
"St. Lucia","LCA",4,2,1.47221120142144,6.90909090909091,1.13299004247944,13.4545454545455,6.90909090909091,13.4545454545455,0.0640625028057447,0.0346299513036325
"St. Lucia","LCA",5,3,1.36164622647653,10.5454545454545,1.20361644059817,24,10.5454545454545,24,0.114756222495871,0.0506937196901261
"St. Lucia","LCA",6,4,1.2181034178363,10.4545454545455,1.2870894258015,34.4545454545455,10.4545454545455,34.4545454545455,0.155607923580876,0.0408517010850048
"St. Lucia","LCA",7,5,0.9644560913015,20.7272727272727,1.22468153154478,55.1818181818182,20.7272727272727,55.1818181818182,0.231990583040022,0.0763826594591463
"St. Lucia","LCA",8,6,0.612564964932272,41.4545454545455,0.989835792458504,96.6363636363637,41.4545454545455,96.6363636363636,0.328604260907829,0.0966136778678071
"St. Lucia","LCA",9,7,0.735566384287964,101.636363636364,0.897588729814173,198.272727272727,101.636363636364,198.272727272727,0.59925189171593,0.270647630808101
"St. Lucia","LCA",10,8,0.82004440240247,30.9090909090909,0.92252286229738,229.181818181818,30.9090909090909,229.181818181818,0.706154271240115,0.106902379524185
"St. Lucia","LCA",11,9,0.576725251634771,50.8181818181818,0.853692238114337,280,50.8181818181818,280,0.814529605070268,0.108375333830153
"St. Lucia","LCA",12,10,1.28913614270655,13.8181818181818,0.871538591630284,293.818181818182,13.8181818181818,293.818181818182,0.868858350524964,0.0543287454546963
"St. Lucia","LCA",1,11,0.558781351832759,11.5454545454545,0.999512828764122,305.363636363636,11.5454545454545,305.363636363636,0.96354169279278,0.0946833422678151
"St. Lucia","LCA",2,12,0.56311082994739,4.54545454545454,1.03780807095449,309.909090909091,4.54545454545455,309.909090909091,1,0.0364583072072204
"St. Vincent & Grenadines","VCT",4,1,0.641227945051362,15.8181818181818,0.641227945051362,15.8181818181818,15.8181818181818,15.8181818181818,0.0511055841935099,0.0511055841935099
"St. Vincent & Grenadines","VCT",5,2,0.794852426950799,21.5454545454546,0.725971165750233,37.3636363636364,21.5454545454545,37.3636363636364,0.124785528665567,0.0736799444720576
"St. Vincent & Grenadines","VCT",6,3,0.617838660952152,22.5454545454546,0.688517003301232,59.9090909090909,22.5454545454545,59.9090909090909,0.191268360210275,0.0664828315447076
"St. Vincent & Grenadines","VCT",7,4,0.508553165056184,13.9090909090909,0.669343584173043,73.8181818181818,13.9090909090909,73.8181818181818,0.238021543725182,0.0467531835149069
"St. Vincent & Grenadines","VCT",8,5,0.481022497668337,18.6363636363636,0.647455201989519,92.4545454545455,18.6363636363636,92.4545454545455,0.299248151349766,0.061226607624584
"St. Vincent & Grenadines","VCT",9,6,0.663793468775953,17.9090909090909,0.649282303558168,110.363636363636,17.9090909090909,110.363636363636,0.367424382281285,0.0681762309315188
"St. Vincent & Grenadines","VCT",10,7,0.611911946678092,26.7272727272728,0.685916482711123,137.090909090909,26.7272727272727,137.090909090909,0.456703458483829,0.0892790762025447
"St. Vincent & Grenadines","VCT",11,8,0.44787504835964,23,0.662764130677089,160.090909090909,23,160.090909090909,0.528924344639231,0.0722208861554018
"St. Vincent & Grenadines","VCT",12,9,0.495826572374646,50.2727272727273,0.634363855708824,210.363636363636,50.2727272727273,210.363636363636,0.687407422815435,0.158483078176204
"St. Vincent & Grenadines","VCT",1,10,0.390499541260215,58.9090909090909,1.16604984756516,269.272727272727,58.9090909090909,269.272727272727,0.883567919395684,0.196160496580249
"St. Vincent & Grenadines","VCT",2,11,0.42034904215891,21.6363636363636,1.18851530418526,290.909090909091,21.6363636363636,290.909090909091,0.953118040698411,0.0695501213027267
"St. Vincent & Grenadines","VCT",3,12,0.370249541668507,14.7272727272727,1.18934528211858,305.636363636364,14.7272727272727,305.636363636364,1,0.0468819593015894
"Sudan","SDN",5,1,0.230758707812569,26.875,0.230758707812569,26.875,26.875,26.875,0.00419780169572459,0.00419780169572459
"Sudan","SDN",6,2,0.397705150144643,7.375,0.25103194313691,34.25,7.375,34.25,0.00643578755115864,0.00223798585543405
"Sudan","SDN",7,3,0.558315809216979,18.375,0.441889197365724,52.625,18.375,52.625,0.0140917338000774,0.00765594624891873
"Sudan","SDN",8,4,0.801705776492556,112.75,0.876512463413272,165.375,112.75,165.375,0.0601838963018577,0.0460921625017804
"Sudan","SDN",9,5,0.857381496811902,380.125,0.999186176082464,545.5,380.125,545.5,0.183566285414363,0.123382389112505
"Sudan","SDN",10,6,0.801594453569587,1331.375,0.889024643717304,1876.875,1331.375,1876.875,0.523438285897356,0.339872000482993
"Sudan","SDN",11,7,0.766305320192734,1090.625,0.850598772941311,2967.5,1090.625,2967.5,0.797393281482559,0.273954995585204
"Sudan","SDN",12,8,0.865771972049896,411.874999999999,0.857016179687256,3379.37499999999,411.875,3379.375,0.913006526592569,0.11561324511001
"Sudan","SDN",1,9,0.29884567445588,196.625,0.845945793170915,3576,196.625,3576,0.953590584130014,0.0405840575374448
"Sudan","SDN",2,10,0.237844991032519,165,0.820391226169523,3741.00000000001,165,3741,0.971730368014439,0.0181397838844244
"Sudan","SDN",3,11,0.138252127861018,147.625,0.798158958415404,3888.62499999999,147.625,3888.625,0.986480613005609,0.0147502449911708
"Sudan","SDN",4,12,0.124784875985553,145.625,0.777112424611058,4034.25,145.625,4034.25,1,0.0135193869943906
"Suriname","SUR",4,1,0.333372422562774,25.5454545454545,0.333372422562774,25.5454545454545,25.5454545454545,25.5454545454545,0.0652557465845809,0.0652557465845809
"Suriname","SUR",5,2,0.359600439639485,29.1818181818182,0.35157986883542,54.7272727272728,29.1818181818182,54.7272727272727,0.119881525072193,0.0546257784876122
"Suriname","SUR",6,3,0.392063355436553,18.5454545454545,0.363263617831655,73.2727272727272,18.5454545454545,73.2727272727273,0.163708336151583,0.0438268110793894
"Suriname","SUR",7,4,0.335929046954333,25.3636363636364,0.35404309436265,98.6363636363636,25.3636363636364,98.6363636363636,0.222703280468792,0.0589949443172098
"Suriname","SUR",8,5,0.350917433181316,26.7272727272727,0.34883981681981,125.363636363636,26.7272727272727,125.363636363636,0.279412391384071,0.0567091109152784
"Suriname","SUR",9,6,0.407704316249238,17.6363636363636,0.34900866297546,143,17.6363636363636,143,0.319733108226054,0.0403207168419831
"Suriname","SUR",10,7,0.574640543800045,21.8181818181818,0.463881349359557,164.818181818182,21.8181818181818,164.818181818182,0.396863295812895,0.0771301875868411
"Suriname","SUR",11,8,0.646204140243465,11.2727272727273,0.474398184697182,176.090909090909,11.2727272727273,176.090909090909,0.428178125245911,0.0313148294330163
"Suriname","SUR",12,9,0.422454608425042,16.4545454545454,0.486815474185354,192.545454545455,16.4545454545455,192.545454545455,0.474955574558533,0.0467774493126222
"Suriname","SUR",1,10,0.981447610500975,51.1818181818183,1.19655896675614,243.727272727273,51.1818181818182,243.727272727273,0.681017267114624,0.20606169255609
"Suriname","SUR",2,11,0.69365827255718,74.1818181818181,1.39427952245717,317.90909090909,74.1818181818182,317.909090909091,0.887238270318264,0.20622100320364
"Suriname","SUR",3,12,0.457863520264418,48.6363636363636,1.36714345895353,366.545454545454,48.6363636363636,366.545454545455,1,0.112761729681736
"Taiwan","TWN",3,1,0.214747218391303,1.22222222222222,0.214747218391303,1.22222222222222,1.22222222222222,1.22222222222222,0.000353473986263842,0.000353473986263842
"Taiwan","TWN",4,2,0.229579480355352,3.77777777777778,NA,NA,3.77777777777778,5,0.00482958072016799,0.00447610673390415
"Taiwan","TWN",5,3,0.645005623270962,8.77777777777778,0.593494274122917,13.7777777777778,8.77777777777778,13.7777777777778,0.0221231696731007,0.0172935889529327
"Taiwan","TWN",6,4,0.423789673824639,51.6666666666667,0.502978795586993,65.4444444444444,51.6666666666667,65.4444444444444,0.0682170431606538,0.0460938734875531
"Taiwan","TWN",7,5,0.380814863092182,203.444444444444,0.513102621301661,268.888888888888,203.444444444444,268.888888888889,0.110837357640247,0.0426203144795937
"Taiwan","TWN",8,6,0.362862376370519,1320.11111111111,0.437227973866467,1589.00000000001,1320.11111111111,1589,0.242933348944032,0.132095991303784
"Taiwan","TWN",9,7,0.353836773274333,2913.77777777778,0.396953665340863,4502.77777777778,2913.77777777778,4502.77777777778,0.479862947505864,0.236929598561832
"Taiwan","TWN",10,8,0.354197421851685,2718.33333333334,0.400768570423276,7221.11111111109,2718.33333333333,7221.11111111111,0.71453596202895,0.234673014523086
"Taiwan","TWN",11,9,0.275166005508137,2330.22222222222,0.400698471848714,9551.33333333337,2330.22222222222,9551.33333333333,0.915514450695387,0.200978488666437
"Taiwan","TWN",12,10,0.2770758283331,499.333333333331,0.407763954004713,10050.6666666667,499.333333333333,10050.6666666667,0.991323185753281,0.0758087350578943
"Taiwan","TWN",1,11,0.396845307432839,60.7777777777778,0.408168666665922,10111.4444444445,60.7777777777778,10111.4444444444,0.999141682285026,0.00781849653174432
"Taiwan","TWN",2,12,0.459799852580873,6.00000000000001,0.408226889246995,10117.4444444444,6,10117.4444444444,1,0.000858317714974152
"Thailand","THA",2,1,2.54294957101223,2720.0625,2.54294957101223,2720.0625,2720.0625,2720.0625,0.03737012376918,0.03737012376918
"Thailand","THA",3,2,2.69794191030474,2920.43749999999,2.66181780493204,5640.5,2920.4375,5640.5,0.0758439310608258,0.0384738072916457
"Thailand","THA",4,3,2.3968292196608,3023.75,2.70194309549726,8664.25000000001,3023.75,8664.25,0.112375986040397,0.0365320549795709
"Thailand","THA",5,4,2.40028032607068,5658.125,2.88672216963651,14322.375,5658.125,14322.375,0.182225324078233,0.0698493380378364
"Thailand","THA",6,5,2.37768713306799,10646,2.83617433191888,24968.375,10646,24968.375,0.310298334997226,0.128073010918993
"Thailand","THA",7,6,2.14523098084328,14275.4375,2.64984360480839,39243.8125000001,14275.4375,39243.8125,0.474355647789511,0.164057312792285
"Thailand","THA",8,7,2.15593470605881,13359.8125,2.585896906136,52603.625,13359.8125,52603.625,0.627457630489215,0.153101982699704
"Thailand","THA",9,8,2.1949208914771,9531.00000000001,2.58667399230908,62134.625,9531,62134.625,0.737357017952903,0.109899387463688
"Thailand","THA",10,9,2.17533840166139,7307.8125,2.61623018493578,69442.4374999999,7307.8125,69442.4375,0.822914399708483,0.0855573817555798
"Thailand","THA",11,10,1.78645916560573,6892.37499999999,2.62093854507768,76334.8125,6892.375,76334.8125,0.902664670736938,0.0797502710284556
"Thailand","THA",12,11,1.86830735924767,4269.5625,2.64567261501576,80604.3749999999,4269.5625,80604.375,0.954253066062204,0.051588395325266
"Thailand","THA",1,12,2.1239564508486,3499.93749999999,2.7045016369764,84104.3125000001,3499.9375,84104.3125,1,0.0457469339377959
"Timor-Leste","TLS",9,1,0.486073261232126,14.1333333333333,0.486073261232126,14.1333333333333,14.1333333333333,14.1333333333333,0.0144007848720202,0.0144007848720202
"Timor-Leste","TLS",10,2,0.462233672460618,21.9333333333333,0.402775276118595,36.0666666666667,21.9333333333333,36.0666666666667,0.0382632846383324,0.0238624997663122
"Timor-Leste","TLS",11,3,NA,NA,NA,NA,19.2,55.2666666666667,0.0591990379966395,0.0209357533583071
"Timor-Leste","TLS",12,4,0.360913723179406,50.3333333333333,NA,NA,50.3333333333333,105.6,0.111462588714154,0.052263550717514
"Timor-Leste","TLS",1,5,1.17259610705666,196.8,1.49155875534206,302.400000000001,196.8,302.4,0.262153114000808,0.150690525286654
"Timor-Leste","TLS",2,6,2.14830039505678,262.733333333333,1.89647180182736,565.133333333333,262.733333333333,565.133333333333,0.505681332259721,0.243528218258913
"Timor-Leste","TLS",3,7,1.91916569605518,250.733333333333,1.98581483350275,815.866666666664,250.733333333333,815.866666666667,0.725371661643334,0.219690329383613
"Timor-Leste","TLS",4,8,1.08796024122912,159.266666666666,1.9501731445028,975.133333333333,159.266666666667,975.133333333333,0.851600479457924,0.12622881781459
"Timor-Leste","TLS",5,9,0.470741094283412,101.066666666667,1.84872917200776,1076.2,101.066666666667,1076.2,0.918117392959997,0.0665169135020734
"Timor-Leste","TLS",6,10,0.460662593385297,52.6666666666667,1.80549482870001,1128.86666666666,52.6666666666667,1128.86666666667,0.954359532643024,0.0362421396830268
"Timor-Leste","TLS",7,11,0.492275653439916,38.4,1.78504560150563,1167.26666666667,38.4,1167.26666666667,0.982328810995441,0.0279692783524166
"Timor-Leste","TLS",8,12,0.37835812412279,24.0666666666667,1.77240467817932,1191.33333333333,24.0666666666667,1191.33333333333,1,0.0176711890045593
"Tonga","TON",5,1,0.428798036173267,109.166666666667,0.428798036173267,109.166666666667,109.166666666667,109.166666666667,0.146584656184454,0.146584656184454
"Tonga","TON",6,2,0.659472074002864,67.3333333333333,0.524188663780866,176.5,67.3333333333333,176.5,0.268359149160006,0.121774492975553
"Tonga","TON",7,3,0.53374224850415,48.8333333333334,0.538793095673592,225.333333333333,48.8333333333333,225.333333333333,0.324418088360385,0.0560589392003787
"Tonga","TON",8,4,0.304272821002172,30.5,0.533117984486198,255.833333333334,30.5,255.833333333333,0.350054739995365,0.0256366516349798
"Tonga","TON",9,5,0.247607084700203,108,0.486765090459327,363.833333333334,108,363.833333333333,0.416441950049769,0.066387210054404
"Tonga","TON",10,6,0.261990030976406,106.833333333333,0.454177513749099,470.666666666667,106.833333333333,470.666666666667,0.477542169233149,0.0611002191833804
"Tonga","TON",11,7,0.385854846978806,19.1666666666667,0.460145088772451,489.833333333334,19.1666666666667,489.833333333333,0.491762836090589,0.0142206668574401
"Tonga","TON",12,8,0.325534457757481,8.83333333333333,0.471869569865406,498.666666666667,8.83333333333333,498.666666666667,0.498671710346547,0.00690887425595723
"Tonga","TON",1,9,NA,NA,0.63390476627992,546,47.3333333333333,546,0.565389444219568,0.0667177338730211
"Tonga","TON",2,10,NA,NA,1.15757549407429,652.5,106.5,652.5,0.688780485937149,0.123391041717581
"Tonga","TON",3,11,NA,NA,1.47184463876135,832.833333333332,180.333333333333,832.833333333333,0.87875531648103,0.189974830543881
"Tonga","TON",4,12,NA,NA,1.45518100538418,960.666666666667,127.833333333333,960.666666666667,1,0.12124468351897
"Trinidad & Tobago","TTO",4,1,0.325724313866813,6.99999999999999,0.325724313866813,6.99999999999999,7,7,0.00431159469782277,0.00431159469782277
"Trinidad & Tobago","TTO",5,2,0.577174979288998,9.24999999999999,0.507333528894968,16.25,9.25,16.25,0.0194277224248581,0.0151161277270353
"Trinidad & Tobago","TTO",6,3,0.510968037810871,17.5,0.493355133989046,33.75,17.5,33.75,0.050734297496433,0.0313065750715749
"Trinidad & Tobago","TTO",7,4,0.450752952947954,30.1666666666667,0.463292295494826,63.9166666666667,30.1666666666667,63.9166666666667,0.0795805874816304,0.0288462899851974
"Trinidad & Tobago","TTO",8,5,0.562111144164891,229.333333333334,0.619244288424109,293.250000000001,229.333333333333,293.25,0.30505270649313,0.2254721190115
"Trinidad & Tobago","TTO",9,6,0.531517165565918,87.7499999999997,0.608252874633252,381,87.75,381,0.379385582830929,0.074332876337799
"Trinidad & Tobago","TTO",10,7,0.612457717467236,162.333333333333,0.612203737320682,543.333333333333,162.333333333333,543.333333333333,0.53864008139081,0.159254498559881
"Trinidad & Tobago","TTO",11,8,0.438561115077106,189.916666666667,0.599492121239274,733.250000000001,189.916666666667,733.25,0.702578756763584,0.163938675372774
"Trinidad & Tobago","TTO",12,9,0.355614598109486,56.3333333333333,0.595828169235035,789.583333333334,56.3333333333333,789.583333333333,0.749798369667093,0.0472196129035094
"Trinidad & Tobago","TTO",1,10,0.440238945741006,91.0000000000001,0.716788261073877,880.583333333333,91,880.583333333333,0.935219066759704,0.185420697092611
"Trinidad & Tobago","TTO",2,11,0.429974717974194,15.5833333333333,0.726740408967219,896.166666666666,15.5833333333333,896.166666666667,0.963191147213405,0.0279720804537013
"Trinidad & Tobago","TTO",3,12,0.425371359250588,10.3333333333333,0.750164331940207,906.5,10.3333333333333,906.5,1,0.036808852786595
"Turks & Caicos Islands","TCA",5,1,0.685327833806371,7.14285714285714,0.685327833806371,7.14285714285714,7.14285714285714,7.14285714285714,0.0250317616724175,0.0250317616724175
"Turks & Caicos Islands","TCA",6,2,NA,NA,NA,NA,6.57142857142857,13.7142857142857,0.0479210452438485,0.022889283571431
"Turks & Caicos Islands","TCA",7,3,NA,NA,NA,NA,7.71428571428571,21.4285714285714,0.0737836204046425,0.025862575160794
"Turks & Caicos Islands","TCA",8,4,0.636757495610487,21.4285714285714,0.571767567372618,42.8571428571429,21.4285714285714,42.8571428571429,0.147707263690204,0.0739236432855612
"Turks & Caicos Islands","TCA",9,5,0.960453606830475,22.1428571428571,0.725747822487228,65,22.1428571428571,65,0.226771579410596,0.0790643157203921
"Turks & Caicos Islands","TCA",10,6,NA,NA,NA,NA,71.7142857142857,136.714285714286,0.484139629204905,0.257368049794309
"Turks & Caicos Islands","TCA",11,7,NA,NA,NA,NA,8.71428571428571,145.428571428571,0.514302628246552,0.0301629990416471
"Turks & Caicos Islands","TCA",12,8,NA,NA,NA,NA,8.14285714285714,153.571428571429,0.542978498345713,0.028675870099161
"Turks & Caicos Islands","TCA",1,9,NA,NA,2.11975842847989,185.142857142857,31.5714285714286,185.142857142857,0.706284171567204,0.163305673221492
"Turks & Caicos Islands","TCA",2,10,NA,NA,3.17159223635748,213.285714285715,28.1428571428571,213.285714285714,0.848122425254418,0.141838253687213
"Turks & Caicos Islands","TCA",3,11,NA,NA,3.91807466471471,235.285714285714,22,235.285714285714,0.957754226190839,0.109631800936421
"Turks & Caicos Islands","TCA",4,12,0.948613401261463,9,4.10842821152714,244.285714285714,9,244.285714285714,1,0.0422457738091611
"Tuvalu","TUV",4,1,0.565417684698439,2.2,0.565417684698439,2.2,2.2,2.2,0.00813081564930696,0.00813081564930696
"Tuvalu","TUV",5,2,0.48057483482075,2.8,0.380265474042733,5,2.8,5,0.0192385477732943,0.0111077321239874
"Tuvalu","TUV",6,3,0.432232277490121,2.8,0.318265013968625,7.8,2.8,7.8,0.0286432487729197,0.00940470099962543
"Tuvalu","TUV",7,4,0.398957605740579,42.2,0.378826639680766,50,42.2,50,0.174066279150377,0.145423030377458
"Tuvalu","TUV",8,5,NA,NA,NA,NA,86.2,136.2,0.450830861985003,0.276764582834626
"Tuvalu","TUV",9,6,0.808546895761555,34.4,0.750667146359667,170.6,34.4,170.6,0.659229141901783,0.20839827991678
"Tuvalu","TUV",10,7,0.564055893742158,11.8,0.743233070321947,182.4,11.8,182.4,0.704233718046651,0.0450045761448676
"Tuvalu","TUV",11,8,0.491478103842333,9,0.730699585150465,191.4,9,191.4,0.732431348097334,0.0281976300506839
"Tuvalu","TUV",12,9,NA,NA,0.719011267892766,198.2,6.8,198.2,0.75129774618856,0.0188663980912253
"Tuvalu","TUV",1,10,1.38378170772476,14.4,1.15198224362321,212.6,14.4,212.6,0.934561107585055,0.183263361396495
"Tuvalu","TUV",2,11,0.490119326064863,3.6,1.22071530726141,216.2,3.6,216.2,0.972106848779005,0.0375457411939506
"Tuvalu","TUV",3,12,0.588346358981623,2.6,1.26501721748846,218.8,2.6,218.8,1,0.0278931512209945
"United States","USA",3,1,0.680173023719838,39,0.680173023719838,39,39,39,0.0473074574400276,0.0473074574400276
"United States","USA",4,2,0.630864721080939,29.5333333333333,0.639722894304417,68.5333333333333,29.5333333333333,68.5333333333333,0.0811389197465922,0.0338314623065647
"United States","USA",5,3,0.848403901069728,30,0.691284832250521,98.5333333333334,30,98.5333333333333,0.120111990667998,0.0389730709214062
"United States","USA",6,4,0.56164593240154,35.7333333333333,0.664240403839497,134.266666666667,35.7333333333333,134.266666666667,0.161449633752842,0.0413376430848438
"United States","USA",7,5,0.92478242588781,70.0666666666665,0.721212095682681,204.333333333333,70.0666666666667,204.333333333333,0.259839213940869,0.098389580188027
"United States","USA",8,6,0.756036035804906,89.3999999999999,0.707800793826673,293.733333333333,89.4,293.733333333333,0.369436441336158,0.109597227395289
"United States","USA",9,7,0.618510127580289,116.133333333333,0.670340414018786,409.866666666666,116.133333333333,409.866666666667,0.493738859361579,0.124302418025421
"United States","USA",10,8,0.728998966444021,109.4,0.675455182220643,519.266666666666,109.4,519.266666666667,0.629834506608855,0.136095647247276
"United States","USA",11,9,0.88688753507418,88.0666666666666,0.68688755559033,607.333333333333,88.0666666666667,607.333333333333,0.75050369217831,0.120669185569455
"United States","USA",12,10,1.39273907737728,85.0666666666668,1.23579252907906,692.399999999997,85.0666666666667,692.4,0.890582379832669,0.14007868765436
"United States","USA",1,11,0.616131284362326,31.4,1.27784089145936,723.799999999999,31.4,723.8,0.93823481808197,0.0476524382493009
"United States","USA",2,12,0.477106328604878,29.6666666666667,1.36554685061899,753.466666666666,29.6666666666667,753.466666666667,1,0.0617651819180299
"Uruguay","URY",4,1,0.43729743680428,39.6,0.43729743680428,39.6,39.6,39.6,0.219432028296657,0.219432028296657
"Uruguay","URY",5,2,0.641252663681382,6.6,0.428659851517824,46.2,6.6,46.2,0.256788908797642,0.0373568805009853
"Uruguay","URY",6,3,0.663474191554928,2.8,0.423979375315892,49,2.8,49,0.27213276992753,0.0153438611298873
"Uruguay","URY",7,4,0.761337629619618,3,0.420565061067633,52,3,52,0.287913312280125,0.0157805423525948
"Uruguay","URY",8,5,0.922137938640057,2.2,0.419151798343512,54.2,2.2,54.2,0.301230146382985,0.0133168341028603
"Uruguay","URY",9,6,0.922137938640057,2.2,0.417702790627669,56.4000000000001,2.2,56.4,0.314546980485845,0.0133168341028603
"Uruguay","URY",10,7,0.818860667532325,3.4,0.415217687934837,59.8,3.4,59.8,0.33544764295856,0.0209006624727149
"Uruguay","URY",11,8,0.685618181277655,6.4,0.411675839799352,66.2,6.4,66.2,0.374722469591465,0.0392748266329052
"Uruguay","URY",12,9,1.07258429691658,16,0.899359716330096,82.1999999999999,16,82.2,0.460499412888804,0.0857769432973389
"Uruguay","URY",1,10,0.325296144065629,35.4,1.70774778966262,117.6,35.4,117.6,0.530564596536859,0.0700651836480544
"Uruguay","URY",2,11,0.220592104381145,229.8,0.895517063679041,347.4,229.8,347.4,0.798484939731816,0.267920343194958
"Uruguay","URY",3,12,0.356661958492052,139.8,0.789384861502586,487.2,139.8,487.2,1,0.201515060268184
"Vanuatu","VUT",11,1,0.141579903562647,29.4444444444444,0.141579903562647,29.4444444444444,29.4444444444444,29.4444444444444,0.095034316455775,0.095034316455775
"Vanuatu","VUT",12,2,0.284677641422156,10.6666666666667,0.186697136387055,40.1111111111111,10.6666666666667,40.1111111111111,0.151733408200808,0.0566990917450326
"Vanuatu","VUT",1,3,0.636367963259218,13,0.400798565606375,53.1111111111111,13,53.1111111111111,0.279356783034319,0.127623374833512
"Vanuatu","VUT",2,4,1.12608231110575,11.5555555555555,0.560816380602606,64.6666666666667,11.5555555555556,64.6666666666667,0.403675703391732,0.124318920357412
"Vanuatu","VUT",3,5,1.31666376556408,10.1111111111111,0.766965912583188,74.7777777777778,10.1111111111111,74.7777777777778,0.516728151383127,0.113052447991396
"Vanuatu","VUT",4,6,1.36992174613763,11.7777777777778,0.938464271344849,86.5555555555557,11.7777777777778,86.5555555555556,0.61625206023953,0.0995239088564027
"Vanuatu","VUT",5,7,1.28638341083598,9.44444444444444,1.36086757098842,96.0000000000001,9.44444444444444,96,0.710476688757059,0.0942246285175288
"Vanuatu","VUT",6,8,0.561273222404961,4.44444444444445,1.54944397775078,100.444444444444,4.44444444444444,100.444444444444,0.742615013483864,0.0321383247268052
"Vanuatu","VUT",7,9,0.758500786200682,7.55555555555556,1.7876854943005,108,7.55555555555556,108,0.78328459181977,0.0406695783359063
"Vanuatu","VUT",8,10,0.203268456603007,61.0000000000001,1.20919112709318,169,61,169,0.850473811714471,0.0671892198947004
"Vanuatu","VUT",9,11,0.19232020888565,110.333333333333,0.729633062234843,279.333333333333,110.333333333333,279.333333333333,0.925837836658096,0.0753640249436257
"Vanuatu","VUT",10,12,0.158095318876866,121.555555555556,0.567716591548192,400.888888888889,121.555555555556,400.888888888889,1,0.0741621633419037
"Venezuela","VEN",4,1,1.17657738978992,1888.6875,1.17657738978992,1888.6875,1888.6875,1888.6875,0.0660688374415952,0.0660688374415952
"Venezuela","VEN",5,2,1.25958236979196,2556.25,1.23869053643981,4444.9375,2556.25,4444.9375,0.152470131383486,0.0864012939418912
"Venezuela","VEN",6,3,0.684343202851773,2385.3125,1.24883996393111,6830.25,2385.3125,6830.25,0.222981110619306,0.0705109792358198
"Venezuela","VEN",7,4,0.739174549101619,2471.6875,1.29152950504514,9301.93749999999,2471.6875,9301.9375,0.299235918602353,0.076254807983047
"Venezuela","VEN",8,5,0.72976557183684,2446.375,1.30209115140944,11748.3125,2446.375,11748.3125,0.371926849060528,0.0726909304581743
"Venezuela","VEN",9,6,0.687593425473246,2762.875,1.30558995755341,14511.1875,2762.875,14511.1875,0.452914053873993,0.0809872048134652
"Venezuela","VEN",10,7,0.665348755679893,3342.25,1.27812542247632,17853.4375,3342.25,17853.4375,0.546319676409415,0.0934056225354221
"Venezuela","VEN",11,8,0.657055810274814,3286.56250000001,1.26126082042745,21140,3286.5625,21140,0.638932446915401,0.0926127705059863
"Venezuela","VEN",12,9,0.625451199978136,2795.3125,1.23094248875835,23935.3125,2795.3125,23935.3125,0.712317328124722,0.0733848812093211
"Venezuela","VEN",1,10,1.12610116122961,3985.625,1.29032815210952,27920.9375,3985.625,27920.9375,0.838226673166804,0.125909345042082
"Venezuela","VEN",2,11,1.25846240964256,2735.6875,1.32070849166934,30656.625,2735.6875,30656.625,0.927391895335383,0.0891652221685794
"Venezuela","VEN",3,12,1.42568940257577,2023.9375,1.35699353541743,32680.5625,2023.9375,32680.5625,1,0.0726081046646165
"Vietnam","VNM",3,1,1.80064534434873,4319.26666666666,1.80064534434873,4319.26666666666,4319.26666666667,4319.26666666667,0.0291613983799255,0.0291613983799255
"Vietnam","VNM",4,2,1.30473351544785,4031.06666666666,1.68868486809027,8350.3333333333,4031.06666666667,8350.33333333333,0.0573811853075917,0.0282197869276662
"Vietnam","VNM",5,3,2.13328476041997,5411.06666666668,1.95088557640887,13761.4,5411.06666666667,13761.4,0.0956953046786677,0.038314119371076
"Vietnam","VNM",6,4,2.06123303719755,9018.73333333334,2.21604467384851,22780.1333333332,9018.73333333333,22780.1333333333,0.157357142299149,0.0616618376204813
"Vietnam","VNM",7,5,2.13739324544815,15311.8666666667,2.3054364573653,38092.0000000002,15311.8666666667,38092,0.263594741807637,0.106237599508487
"Vietnam","VNM",8,6,2.47855965615707,17818.7999999999,2.42799548497206,55910.8000000001,17818.8,55910.8,0.389050446145085,0.125455704337449
"Vietnam","VNM",9,7,2.60906192230011,18766.8666666666,2.54503466198304,74677.6666666667,18766.8666666667,74677.6666666667,0.519432427522883,0.130381981377797
"Vietnam","VNM",10,8,2.76240559091844,20075.0666666668,2.70595822507314,94752.7333333334,20075.0666666667,94752.7333333333,0.661095088293197,0.141662660770314
"Vietnam","VNM",11,9,2.90030252937871,17522.3333333333,2.85952676549212,112275.066666667,17522.3333333333,112275.066666667,0.787184683284784,0.126089594991587
"Vietnam","VNM",12,10,2.71019900495581,13712.2,2.96117297430443,125987.266666666,13712.2,125987.266666667,0.886689229717215,0.0995045464324309
"Vietnam","VNM",1,11,2.32400059888069,8929.66666666668,3.23526699517763,134916.933333333,8929.66666666667,134916.933333333,0.960122336806749,0.0734331070895342
"Vietnam","VNM",2,12,2.03076844049551,4871.06666666666,3.34792830753396,139788,4871.06666666667,139788,1,0.0398776631932507
"Wallis & Futuna","WLF",5,1,1.26137778148139,8.22222222222222,1.26137778148139,8.22222222222222,8.22222222222222,8.22222222222222,0.0710864213814359,0.0710864213814359
"Wallis & Futuna","WLF",6,2,2.57667126249885,7.44444444444445,4.18600064981283,15.6666666666667,7.44444444444444,15.6666666666667,0.132545416132644,0.0614589947512085
"Wallis & Futuna","WLF",7,3,2.37999968934818,6.66666666666667,5.23895488822307,22.3333333333333,6.66666666666667,22.3333333333333,0.170280203672853,0.0377347875402088
"Wallis & Futuna","WLF",8,4,0.392259424859251,67.6666666666666,0.700640191067231,89.9999999999999,67.6666666666667,90,0.275494274697789,0.105214071024936
"Wallis & Futuna","WLF",9,5,0.395989550843915,43.8888888888889,0.636006060276825,133.888888888889,43.8888888888889,133.888888888889,0.366999368317607,0.0915050936198177
"Wallis & Futuna","WLF",10,6,0.519803363564641,51.2222222222223,0.606199172403182,185.111111111111,51.2222222222222,185.111111111111,0.479588692670509,0.112589324352902
"Wallis & Futuna","WLF",11,7,0.493298600462169,56.6666666666667,0.581831260734563,241.777777777778,56.6666666666667,241.777777777778,0.596174062245927,0.116585369575418
"Wallis & Futuna","WLF",12,8,0.619351650142478,32,0.592723756210008,273.777777777778,32,273.777777777778,0.686589790772506,0.0904157285265784
"Wallis & Futuna","WLF",1,9,2.92178582055878,12.4444444444444,0.641580975205061,286.222222222222,12.4444444444444,286.222222222222,0.779220088729362,0.0926302979568562
"Wallis & Futuna","WLF",2,10,4.13789799546216,8.00000000000001,0.673202781891974,294.222222222222,8,294.222222222222,0.840250341476638,0.0610302527472762
"Wallis & Futuna","WLF",3,11,10.4819508949433,7.66666666666667,0.707411253322655,301.888888888888,7.66666666666667,301.888888888889,0.900817147058107,0.0605668055814688
"Wallis & Futuna","WLF",4,12,3.2666342746452,10.2222222222222,0.772247995209954,312.11111111111,10.2222222222222,312.111111111111,1,0.0991828529418932
"Yemen","YEM",4,1,1.79435326498074,2012.28571428571,1.79435326498074,2012.28571428571,2012.28571428571,2012.28571428571,0.0663211077749607,0.0663211077749607
"Yemen","YEM",5,2,2.18021449283858,2259.28571428571,2.12447196690515,4271.57142857143,2259.28571428571,4271.57142857143,0.151924642435721,0.0856035346607599
"Yemen","YEM",6,3,2.18198365018151,1708.42857142857,2.18778547989962,5980,1708.42857142857,5980,0.214072314314134,0.0621476718784135
"Yemen","YEM",7,4,2.5634403276356,1559,2.38229789154145,7538.99999999999,1559,7539,0.26899497312621,0.0549226588120764
"Yemen","YEM",8,5,3.08218081778092,1663.85714285714,2.64527573467664,9202.85714285712,1663.85714285714,9202.85714285714,0.327306097618838,0.0583111244926271
"Yemen","YEM",9,6,2.00637359665445,2469.57142857143,2.85625781436629,11672.4285714286,2469.57142857143,11672.4285714286,0.409856778542417,0.0825506809235792
"Yemen","YEM",10,7,2.70038678213481,3144.71428571429,3.10778155685402,14817.1428571428,3144.71428571429,14817.1428571429,0.51298015351037,0.103123374967953
"Yemen","YEM",11,8,0.917311365969655,5679.85714285714,2.59575444773248,20497,5679.85714285714,20497,0.633868783473617,0.120888629963247
"Yemen","YEM",12,9,0.846576851292817,5356.71428571428,2.28176759099394,25853.7142857142,5356.71428571429,25853.7142857143,0.752962800825848,0.119094017352231
"Yemen","YEM",1,10,1.05323100351137,4597.42857142857,2.25201627132698,30451.1428571429,4597.42857142857,30451.1428571429,0.87206714601988,0.119104345194031
"Yemen","YEM",2,11,1.09140257083506,2603.57142857143,2.1818256969211,33054.7142857144,2603.57142857143,33054.7142857143,0.937130231343161,0.0650630853232809
"Yemen","YEM",3,12,1.15199627748314,2405.85714285714,2.14284310498421,35460.5714285714,2405.85714285714,35460.5714285714,1,0.0628697686568395
