iso3,origin_date,horizon,target_date,.pred,.pred_lower50,.pred_upper50,.pred_lower90,.pred_upper90,model,window_type,n_train_months,n_gap_in_window,actual
ABW,2016-01-01,1,2016-02-01,307,64,424,7,1016,glm_ar1,expanding,43,24,157
ABW,2016-01-01,2,2016-03-01,541,113,747,12,1788,glm_ar1,expanding,43,24,204
ABW,2016-01-01,3,2016-04-01,812,169,1120,19,2681,glm_ar1,expanding,43,24,195
ABW,2016-01-01,4,2016-05-01,1085,226,1497,25,3583,glm_ar1,expanding,43,24,138
ABW,2016-01-01,5,2016-06-01,1336,279,1843,31,4411,glm_ar1,expanding,43,24,77
ABW,2016-01-01,6,2016-07-01,1550,324,2139,36,5119,glm_ar1,expanding,43,24,34
AFG,2016-01-01,1,2016-02-01,NA,NA,NA,NA,NA,glm_ar1,expanding,0,0,NA
AFG,2016-01-01,2,2016-03-01,NA,NA,NA,NA,NA,glm_ar1,expanding,0,0,NA
AFG,2016-01-01,3,2016-04-01,NA,NA,NA,NA,NA,glm_ar1,expanding,0,0,NA
AFG,2016-01-01,4,2016-05-01,NA,NA,NA,NA,NA,glm_ar1,expanding,0,0,NA
AFG,2016-01-01,5,2016-06-01,NA,NA,NA,NA,NA,glm_ar1,expanding,0,0,NA
AFG,2016-01-01,6,2016-07-01,NA,NA,NA,NA,NA,glm_ar1,expanding,0,0,NA
ARG,2016-01-01,1,2016-02-01,3911,817,5396,91,12912,glm_ar1,expanding,66,0,19156
ARG,2016-01-01,2,2016-03-01,3349,700,4621,78,11056,glm_ar1,expanding,66,0,23729
ARG,2016-01-01,3,2016-04-01,2996,626,4134,70,9892,glm_ar1,expanding,66,0,16211
ARG,2016-01-01,4,2016-05-01,2766,578,3817,64,9133,glm_ar1,expanding,66,0,9953
ARG,2016-01-01,5,2016-06-01,2613,546,3605,61,8626,glm_ar1,expanding,66,0,1800
ARG,2016-01-01,6,2016-07-01,2508,524,3460,58,8279,glm_ar1,expanding,66,0,1143
ATG,2016-01-01,1,2016-02-01,62,13,86,1,205,glm_ar1,expanding,10,0,10
ATG,2016-01-01,2,2016-03-01,173,36,239,4,573,glm_ar1,expanding,10,0,8
ATG,2016-01-01,3,2016-04-01,360,75,496,8,1188,glm_ar1,expanding,10,0,3
ATG,2016-01-01,4,2016-05-01,606,126,836,14,2000,glm_ar1,expanding,10,0,5
ATG,2016-01-01,5,2016-06-01,880,184,1214,20,2905,glm_ar1,expanding,10,0,4
ATG,2016-01-01,6,2016-07-01,1149,240,1586,26,3795,glm_ar1,expanding,10,0,6
AUS,2016-01-01,1,2016-02-01,450,94,621,10,1485,glm_ar1,expanding,65,0,197
AUS,2016-01-01,2,2016-03-01,711,148,981,16,2348,glm_ar1,expanding,65,0,316
AUS,2016-01-01,3,2016-04-01,987,206,1361,23,3258,glm_ar1,expanding,65,0,305
AUS,2016-01-01,4,2016-05-01,1248,260,1722,29,4120,glm_ar1,expanding,65,0,208
AUS,2016-01-01,5,2016-06-01,1476,308,2037,34,4875,glm_ar1,expanding,65,0,195
AUS,2016-01-01,6,2016-07-01,1666,348,2298,39,5500,glm_ar1,expanding,65,0,195
BES,2016-01-01,1,2016-02-01,NA,NA,NA,NA,NA,glm_ar1,expanding,36,0,NA
BES,2016-01-01,2,2016-03-01,NA,NA,NA,NA,NA,glm_ar1,expanding,36,0,NA
BES,2016-01-01,3,2016-04-01,NA,NA,NA,NA,NA,glm_ar1,expanding,36,0,NA
BES,2016-01-01,4,2016-05-01,NA,NA,NA,NA,NA,glm_ar1,expanding,36,0,NA
BES,2016-01-01,5,2016-06-01,NA,NA,NA,NA,NA,glm_ar1,expanding,36,0,NA
BES,2016-01-01,6,2016-07-01,NA,NA,NA,NA,NA,glm_ar1,expanding,36,0,NA
BFA,2016-01-01,1,2016-02-01,9,2,12,0,30,glm_ar1,expanding,9,0,0
BFA,2016-01-01,2,2016-03-01,46,9,63,1,152,glm_ar1,expanding,9,0,0
BFA,2016-01-01,3,2016-04-01,140,29,194,3,464,glm_ar1,expanding,9,0,0
BFA,2016-01-01,4,2016-05-01,309,64,427,7,1022,glm_ar1,expanding,9,0,0
BFA,2016-01-01,5,2016-06-01,544,113,751,12,1797,glm_ar1,expanding,9,0,0
BFA,2016-01-01,6,2016-07-01,815,170,1124,19,2690,glm_ar1,expanding,9,0,0
BGD,2016-01-01,1,2016-02-01,59,12,81,1,195,glm_ar1,expanding,71,0,3
BGD,2016-01-01,2,2016-03-01,167,35,231,4,553,glm_ar1,expanding,71,0,17
BGD,2016-01-01,3,2016-04-01,351,73,484,8,1159,glm_ar1,expanding,71,0,38
BGD,2016-01-01,4,2016-05-01,595,124,821,14,1965,glm_ar1,expanding,71,0,70
BGD,2016-01-01,5,2016-06-01,869,181,1199,20,2868,glm_ar1,expanding,71,0,254
BGD,2016-01-01,6,2016-07-01,1139,238,1572,26,3761,glm_ar1,expanding,71,0,926
BHS,2016-01-01,1,2016-02-01,NA,NA,NA,NA,NA,glm_ar1,expanding,36,34,NA
BHS,2016-01-01,2,2016-03-01,NA,NA,NA,NA,NA,glm_ar1,expanding,36,34,NA
BHS,2016-01-01,3,2016-04-01,NA,NA,NA,NA,NA,glm_ar1,expanding,36,34,3
BHS,2016-01-01,4,2016-05-01,NA,NA,NA,NA,NA,glm_ar1,expanding,36,34,3
BHS,2016-01-01,5,2016-06-01,NA,NA,NA,NA,NA,glm_ar1,expanding,36,34,3
BHS,2016-01-01,6,2016-07-01,NA,NA,NA,NA,NA,glm_ar1,expanding,36,34,4
BLM,2016-01-01,1,2016-02-01,46,9,64,1,154,glm_ar1,expanding,46,0,5
BLM,2016-01-01,2,2016-03-01,141,29,195,3,467,glm_ar1,expanding,46,0,4
BLM,2016-01-01,3,2016-04-01,311,65,429,7,1027,glm_ar1,expanding,46,0,4
BLM,2016-01-01,4,2016-05-01,546,114,753,12,1802,glm_ar1,expanding,46,0,5
BLM,2016-01-01,5,2016-06-01,816,170,1127,19,2696,glm_ar1,expanding,46,0,5
BLM,2016-01-01,6,2016-07-01,1089,227,1503,25,3598,glm_ar1,expanding,46,0,4
BLZ,2016-01-01,1,2016-02-01,962,201,1327,22,3176,glm_ar1,expanding,71,0,377
BLZ,2016-01-01,2,2016-03-01,1225,256,1691,28,4046,glm_ar1,expanding,71,0,450
BLZ,2016-01-01,3,2016-04-01,1457,304,2011,34,4812,glm_ar1,expanding,71,0,314
BLZ,2016-01-01,4,2016-05-01,1650,345,2277,38,5448,glm_ar1,expanding,71,0,296
BLZ,2016-01-01,5,2016-06-01,1804,377,2489,42,5956,glm_ar1,expanding,71,0,302
BLZ,2016-01-01,6,2016-07-01,1923,402,2653,45,6349,glm_ar1,expanding,71,0,423
BOL,2016-01-01,1,2016-02-01,8818,1842,12166,206,29111,glm_ar1,expanding,66,0,18160
BOL,2016-01-01,2,2016-03-01,5999,1253,8277,140,19805,glm_ar1,expanding,66,0,12568
BOL,2016-01-01,3,2016-04-01,4551,951,6279,106,15025,glm_ar1,expanding,66,0,8992
BOL,2016-01-01,4,2016-05-01,3733,780,5151,87,12325,glm_ar1,expanding,66,0,2550
BOL,2016-01-01,5,2016-06-01,3239,677,4469,75,10693,glm_ar1,expanding,66,0,616
BOL,2016-01-01,6,2016-07-01,2925,611,4036,68,9658,glm_ar1,expanding,66,0,460
BRA,2016-01-01,1,2016-02-01,99784,20853,137680,2331,329420,glm_ar1,expanding,64,0,556703
BRA,2016-01-01,2,2016-03-01,34178,7143,47158,798,112833,glm_ar1,expanding,64,0,487108
BRA,2016-01-01,3,2016-04-01,15850,3312,21870,370,52327,glm_ar1,expanding,64,0,362421
BRA,2016-01-01,4,2016-05-01,9135,1909,12604,213,30158,glm_ar1,expanding,64,0,164151
BRA,2016-01-01,5,2016-06-01,6153,1286,8489,143,20313,glm_ar1,expanding,64,0,48699
BRA,2016-01-01,6,2016-07-01,4634,968,6394,108,15300,glm_ar1,expanding,64,0,34780
BRB,2016-01-01,1,2016-02-01,663,138,915,15,2190,glm_ar1,expanding,70,0,244
BRB,2016-01-01,2,2016-03-01,939,196,1295,22,3100,glm_ar1,expanding,70,0,117
BRB,2016-01-01,3,2016-04-01,1204,251,1661,28,3976,glm_ar1,expanding,70,0,81
BRB,2016-01-01,4,2016-05-01,1439,300,1986,33,4752,glm_ar1,expanding,70,0,74
BRB,2016-01-01,5,2016-06-01,1635,341,2257,38,5400,glm_ar1,expanding,70,0,69
BRB,2016-01-01,6,2016-07-01,1792,374,2473,42,5918,glm_ar1,expanding,70,0,91
BRN,2016-01-01,1,2016-02-01,43,9,59,1,143,glm_ar1,expanding,69,0,5
BRN,2016-01-01,2,2016-03-01,134,28,185,3,443,glm_ar1,expanding,69,0,5
BRN,2016-01-01,3,2016-04-01,299,62,413,7,989,glm_ar1,expanding,69,0,11
BRN,2016-01-01,4,2016-05-01,531,111,733,12,1754,glm_ar1,expanding,69,0,6
BRN,2016-01-01,5,2016-06-01,801,167,1105,18,2645,glm_ar1,expanding,69,0,3
BRN,2016-01-01,6,2016-07-01,1075,224,1483,25,3548,glm_ar1,expanding,69,0,6
BTN,2016-01-01,1,2016-02-01,NA,NA,NA,NA,NA,glm_ar1,expanding,36,35,NA
BTN,2016-01-01,2,2016-03-01,NA,NA,NA,NA,NA,glm_ar1,expanding,36,35,27
BTN,2016-01-01,3,2016-04-01,NA,NA,NA,NA,NA,glm_ar1,expanding,36,35,29
BTN,2016-01-01,4,2016-05-01,NA,NA,NA,NA,NA,glm_ar1,expanding,36,35,23
BTN,2016-01-01,5,2016-06-01,NA,NA,NA,NA,NA,glm_ar1,expanding,36,35,33
BTN,2016-01-01,6,2016-07-01,NA,NA,NA,NA,NA,glm_ar1,expanding,36,35,44
CHL,2016-01-01,1,2016-02-01,15,3,20,0,49,glm_ar1,expanding,34,12,2
CHL,2016-01-01,2,2016-03-01,64,13,88,1,211,glm_ar1,expanding,34,12,7
CHL,2016-01-01,3,2016-04-01,177,37,244,4,584,glm_ar1,expanding,34,12,NA
CHL,2016-01-01,4,2016-05-01,365,76,503,8,1205,glm_ar1,expanding,34,12,NA
CHL,2016-01-01,5,2016-06-01,612,128,844,14,2021,glm_ar1,expanding,34,12,NA
CHL,2016-01-01,6,2016-07-01,886,185,1223,20,2926,glm_ar1,expanding,34,12,NA
CHN,2016-01-01,1,2016-02-01,9,2,12,0,30,glm_ar1,expanding,71,0,0
CHN,2016-01-01,2,2016-03-01,46,9,63,1,152,glm_ar1,expanding,71,0,0
CHN,2016-01-01,3,2016-04-01,140,29,194,3,464,glm_ar1,expanding,71,0,0
CHN,2016-01-01,4,2016-05-01,309,64,427,7,1022,glm_ar1,expanding,71,0,0
CHN,2016-01-01,5,2016-06-01,544,113,751,12,1797,glm_ar1,expanding,71,0,0
CHN,2016-01-01,6,2016-07-01,815,170,1124,19,2690,glm_ar1,expanding,71,0,124
CIV,2016-01-01,1,2016-02-01,NA,NA,NA,NA,NA,glm_ar1,expanding,0,0,NA
CIV,2016-01-01,2,2016-03-01,NA,NA,NA,NA,NA,glm_ar1,expanding,0,0,NA
CIV,2016-01-01,3,2016-04-01,NA,NA,NA,NA,NA,glm_ar1,expanding,0,0,NA
CIV,2016-01-01,4,2016-05-01,NA,NA,NA,NA,NA,glm_ar1,expanding,0,0,NA
CIV,2016-01-01,5,2016-06-01,NA,NA,NA,NA,NA,glm_ar1,expanding,0,0,NA
CIV,2016-01-01,6,2016-07-01,NA,NA,NA,NA,NA,glm_ar1,expanding,0,0,NA
COK,2016-01-01,1,2016-02-01,NA,NA,NA,NA,NA,glm_ar1,expanding,24,1,NA
COK,2016-01-01,2,2016-03-01,NA,NA,NA,NA,NA,glm_ar1,expanding,24,1,NA
COK,2016-01-01,3,2016-04-01,NA,NA,NA,NA,NA,glm_ar1,expanding,24,1,NA
COK,2016-01-01,4,2016-05-01,NA,NA,NA,NA,NA,glm_ar1,expanding,24,1,NA
COK,2016-01-01,5,2016-06-01,NA,NA,NA,NA,NA,glm_ar1,expanding,24,1,NA
COK,2016-01-01,6,2016-07-01,NA,NA,NA,NA,NA,glm_ar1,expanding,24,1,NA
COL,2016-01-01,1,2016-02-01,8883,1856,12257,207,29326,glm_ar1,expanding,72,0,11834
COL,2016-01-01,2,2016-03-01,6031,1260,8321,141,19910,glm_ar1,expanding,72,0,10080
COL,2016-01-01,3,2016-04-01,4568,954,6303,106,15082,glm_ar1,expanding,72,0,10094
COL,2016-01-01,4,2016-05-01,3743,782,5165,87,12359,glm_ar1,expanding,72,0,13312
COL,2016-01-01,5,2016-06-01,3245,678,4478,75,10714,glm_ar1,expanding,72,0,9199
COL,2016-01-01,6,2016-07-01,2929,612,4042,68,9672,glm_ar1,expanding,72,0,8850
CRI,2016-01-01,1,2016-02-01,4169,871,5753,97,13765,glm_ar1,expanding,71,0,2145
CRI,2016-01-01,2,2016-03-01,3506,732,4837,82,11575,glm_ar1,expanding,71,0,967
CRI,2016-01-01,3,2016-04-01,3096,647,4272,72,10223,glm_ar1,expanding,71,0,747
CRI,2016-01-01,4,2016-05-01,2832,592,3908,66,9351,glm_ar1,expanding,71,0,1619
CRI,2016-01-01,5,2016-06-01,2657,555,3666,62,8773,glm_ar1,expanding,71,0,2573
CRI,2016-01-01,6,2016-07-01,2538,530,3502,59,8380,glm_ar1,expanding,71,0,4676
CUB,2016-01-01,1,2016-02-01,307,64,424,7,1016,glm_ar1,expanding,22,0,81
CUB,2016-01-01,2,2016-03-01,541,113,747,12,1788,glm_ar1,expanding,22,0,68
CUB,2016-01-01,3,2016-04-01,812,169,1120,19,2681,glm_ar1,expanding,22,0,60
CUB,2016-01-01,4,2016-05-01,1085,226,1497,25,3583,glm_ar1,expanding,22,0,81
CUB,2016-01-01,5,2016-06-01,1336,279,1843,31,4411,glm_ar1,expanding,22,0,114
CUB,2016-01-01,6,2016-07-01,1550,324,2139,36,5119,glm_ar1,expanding,22,0,142
CUW,2016-01-01,1,2016-02-01,NA,NA,NA,NA,NA,glm_ar1,expanding,48,0,NA
CUW,2016-01-01,2,2016-03-01,NA,NA,NA,NA,NA,glm_ar1,expanding,48,0,NA
CUW,2016-01-01,3,2016-04-01,NA,NA,NA,NA,NA,glm_ar1,expanding,48,0,NA
CUW,2016-01-01,4,2016-05-01,NA,NA,NA,NA,NA,glm_ar1,expanding,48,0,NA
CUW,2016-01-01,5,2016-06-01,NA,NA,NA,NA,NA,glm_ar1,expanding,48,0,NA
CUW,2016-01-01,6,2016-07-01,NA,NA,NA,NA,NA,glm_ar1,expanding,48,0,NA
CYM,2016-01-01,1,2016-02-01,92,19,127,2,304,glm_ar1,expanding,46,0,14
CYM,2016-01-01,2,2016-03-01,229,48,316,5,757,glm_ar1,expanding,46,0,5
CYM,2016-01-01,3,2016-04-01,439,91,606,10,1449,glm_ar1,expanding,46,0,2
CYM,2016-01-01,4,2016-05-01,698,146,964,16,2307,glm_ar1,expanding,46,0,3
CYM,2016-01-01,5,2016-06-01,974,203,1344,22,3217,glm_ar1,expanding,46,0,4
CYM,2016-01-01,6,2016-07-01,1237,258,1706,29,4083,glm_ar1,expanding,46,0,10
DMA,2016-01-01,1,2016-02-01,118,24,163,2,392,glm_ar1,expanding,58,12,20
DMA,2016-01-01,2,2016-03-01,274,57,378,6,906,glm_ar1,expanding,58,12,18
DMA,2016-01-01,3,2016-04-01,499,104,689,11,1648,glm_ar1,expanding,58,12,13
DMA,2016-01-01,4,2016-05-01,766,160,1057,18,2529,glm_ar1,expanding,58,12,13
DMA,2016-01-01,5,2016-06-01,1041,217,1436,24,3436,glm_ar1,expanding,58,12,19
DMA,2016-01-01,6,2016-07-01,1296,271,1789,30,4280,glm_ar1,expanding,58,12,23
DOM,2016-01-01,1,2016-02-01,1845,385,2546,43,6092,glm_ar1,expanding,71,0,989
DOM,2016-01-01,2,2016-03-01,1954,408,2697,45,6452,glm_ar1,expanding,71,0,601
DOM,2016-01-01,3,2016-04-01,2036,425,2810,47,6724,glm_ar1,expanding,71,0,881
DOM,2016-01-01,4,2016-05-01,2097,438,2894,49,6925,glm_ar1,expanding,71,0,497
DOM,2016-01-01,5,2016-06-01,2142,447,2956,50,7073,glm_ar1,expanding,71,0,603
DOM,2016-01-01,6,2016-07-01,2175,454,3001,50,7181,glm_ar1,expanding,71,0,433
ECU,2016-01-01,1,2016-02-01,1857,388,2562,43,6131,glm_ar1,expanding,63,0,1871
ECU,2016-01-01,2,2016-03-01,1963,410,2709,45,6482,glm_ar1,expanding,63,0,1598
ECU,2016-01-01,3,2016-04-01,2043,427,2819,47,6746,glm_ar1,expanding,63,0,1338
ECU,2016-01-01,4,2016-05-01,2102,439,2901,49,6941,glm_ar1,expanding,63,0,2215
ECU,2016-01-01,5,2016-06-01,2146,448,2961,50,7085,glm_ar1,expanding,63,0,1696
ECU,2016-01-01,6,2016-07-01,2178,455,3005,51,7190,glm_ar1,expanding,63,0,1309
ERI,2016-01-01,1,2016-02-01,NA,NA,NA,NA,NA,glm_ar1,expanding,60,7,NA
ERI,2016-01-01,2,2016-03-01,NA,NA,NA,NA,NA,glm_ar1,expanding,60,7,NA
ERI,2016-01-01,3,2016-04-01,NA,NA,NA,NA,NA,glm_ar1,expanding,60,7,NA
ERI,2016-01-01,4,2016-05-01,NA,NA,NA,NA,NA,glm_ar1,expanding,60,7,NA
ERI,2016-01-01,5,2016-06-01,NA,NA,NA,NA,NA,glm_ar1,expanding,60,7,NA
ERI,2016-01-01,6,2016-07-01,NA,NA,NA,NA,NA,glm_ar1,expanding,60,7,NA
ETH,2016-01-01,1,2016-02-01,NA,NA,NA,NA,NA,glm_ar1,expanding,12,21,NA
ETH,2016-01-01,2,2016-03-01,NA,NA,NA,NA,NA,glm_ar1,expanding,12,21,NA
ETH,2016-01-01,3,2016-04-01,NA,NA,NA,NA,NA,glm_ar1,expanding,12,21,NA
ETH,2016-01-01,4,2016-05-01,NA,NA,NA,NA,NA,glm_ar1,expanding,12,21,NA
ETH,2016-01-01,5,2016-06-01,NA,NA,NA,NA,NA,glm_ar1,expanding,12,21,NA
ETH,2016-01-01,6,2016-07-01,NA,NA,NA,NA,NA,glm_ar1,expanding,12,21,NA
FJI,2016-01-01,1,2016-02-01,248,52,343,5,821,glm_ar1,expanding,63,0,141
FJI,2016-01-01,2,2016-03-01,465,97,642,10,1536,glm_ar1,expanding,63,0,126
FJI,2016-01-01,3,2016-04-01,728,152,1005,17,2404,glm_ar1,expanding,63,0,109
FJI,2016-01-01,4,2016-05-01,1004,209,1385,23,3314,glm_ar1,expanding,63,0,64
FJI,2016-01-01,5,2016-06-01,1263,264,1743,29,4171,glm_ar1,expanding,63,0,58
FJI,2016-01-01,6,2016-07-01,1489,311,2055,34,4918,glm_ar1,expanding,63,0,41
FSM,2016-01-01,1,2016-02-01,NA,NA,NA,NA,NA,glm_ar1,expanding,0,0,NA
FSM,2016-01-01,2,2016-03-01,NA,NA,NA,NA,NA,glm_ar1,expanding,0,0,NA
FSM,2016-01-01,3,2016-04-01,NA,NA,NA,NA,NA,glm_ar1,expanding,0,0,2
FSM,2016-01-01,4,2016-05-01,NA,NA,NA,NA,NA,glm_ar1,expanding,0,0,8
FSM,2016-01-01,5,2016-06-01,NA,NA,NA,NA,NA,glm_ar1,expanding,0,0,14
FSM,2016-01-01,6,2016-07-01,NA,NA,NA,NA,NA,glm_ar1,expanding,0,0,5
GLP,2016-01-01,1,2016-02-01,109,22,151,2,361,glm_ar1,expanding,70,0,10
GLP,2016-01-01,2,2016-03-01,259,54,357,6,854,glm_ar1,expanding,70,0,8
GLP,2016-01-01,3,2016-04-01,479,100,660,11,1581,glm_ar1,expanding,70,0,3
GLP,2016-01-01,4,2016-05-01,743,155,1026,17,2454,glm_ar1,expanding,70,0,5
GLP,2016-01-01,5,2016-06-01,1019,213,1406,23,3363,glm_ar1,expanding,70,0,5
GLP,2016-01-01,6,2016-07-01,1277,266,1762,29,4215,glm_ar1,expanding,70,0,5
GRD,2016-01-01,1,2016-02-01,NA,NA,NA,NA,NA,glm_ar1,expanding,60,11,NA
GRD,2016-01-01,2,2016-03-01,NA,NA,NA,NA,NA,glm_ar1,expanding,60,11,13
GRD,2016-01-01,3,2016-04-01,NA,NA,NA,NA,NA,glm_ar1,expanding,60,11,61
GRD,2016-01-01,4,2016-05-01,NA,NA,NA,NA,NA,glm_ar1,expanding,60,11,27
GRD,2016-01-01,5,2016-06-01,NA,NA,NA,NA,NA,glm_ar1,expanding,60,11,0
GRD,2016-01-01,6,2016-07-01,NA,NA,NA,NA,NA,glm_ar1,expanding,60,11,17
GTM,2016-01-01,1,2016-02-01,1056,220,1458,24,3488,glm_ar1,expanding,72,0,591
GTM,2016-01-01,2,2016-03-01,1310,274,1808,30,4327,glm_ar1,expanding,72,0,574
GTM,2016-01-01,3,2016-04-01,1529,319,2110,35,5049,glm_ar1,expanding,72,0,311
GTM,2016-01-01,4,2016-05-01,1708,357,2357,40,5640,glm_ar1,expanding,72,0,633
GTM,2016-01-01,5,2016-06-01,1849,386,2551,43,6105,glm_ar1,expanding,72,0,1020
GTM,2016-01-01,6,2016-07-01,1957,409,2701,45,6462,glm_ar1,expanding,72,0,1086
GUF,2016-01-01,1,2016-02-01,211,44,292,5,698,glm_ar1,expanding,64,0,98
GUF,2016-01-01,2,2016-03-01,414,86,572,9,1368,glm_ar1,expanding,64,0,53
GUF,2016-01-01,3,2016-04-01,670,140,925,15,2214,glm_ar1,expanding,64,0,47
GUF,2016-01-01,4,2016-05-01,946,197,1305,22,3124,glm_ar1,expanding,64,0,34
GUF,2016-01-01,5,2016-06-01,1211,253,1671,28,3998,glm_ar1,expanding,64,0,42
GUF,2016-01-01,6,2016-07-01,1445,302,1994,33,4771,glm_ar1,expanding,64,0,39
GUY,2016-01-01,1,2016-02-01,97,20,134,2,321,glm_ar1,expanding,73,0,22
GUY,2016-01-01,2,2016-03-01,238,49,328,5,786,glm_ar1,expanding,73,0,21
GUY,2016-01-01,3,2016-04-01,451,94,622,10,1489,glm_ar1,expanding,73,0,21
GUY,2016-01-01,4,2016-05-01,712,149,983,16,2352,glm_ar1,expanding,73,0,26
GUY,2016-01-01,5,2016-06-01,988,206,1363,23,3262,glm_ar1,expanding,73,0,27
GUY,2016-01-01,6,2016-07-01,1249,261,1723,29,4124,glm_ar1,expanding,73,0,39
HND,2016-01-01,1,2016-02-01,3129,654,4317,73,10329,glm_ar1,expanding,72,0,2039
HND,2016-01-01,2,2016-03-01,2853,596,3937,66,9421,glm_ar1,expanding,72,0,1558
HND,2016-01-01,3,2016-04-01,2671,558,3686,62,8820,glm_ar1,expanding,72,0,2363
HND,2016-01-01,4,2016-05-01,2548,532,3516,59,8412,glm_ar1,expanding,72,0,3582
HND,2016-01-01,5,2016-06-01,2463,514,3398,57,8132,glm_ar1,expanding,72,0,2693
HND,2016-01-01,6,2016-07-01,2404,502,3317,56,7936,glm_ar1,expanding,72,0,2311
HTI,2016-01-01,1,2016-02-01,NA,NA,NA,NA,NA,glm_ar1,expanding,0,0,NA
HTI,2016-01-01,2,2016-03-01,NA,NA,NA,NA,NA,glm_ar1,expanding,0,0,NA
HTI,2016-01-01,3,2016-04-01,NA,NA,NA,NA,NA,glm_ar1,expanding,0,0,NA
HTI,2016-01-01,4,2016-05-01,NA,NA,NA,NA,NA,glm_ar1,expanding,0,0,NA
HTI,2016-01-01,5,2016-06-01,NA,NA,NA,NA,NA,glm_ar1,expanding,0,0,NA
HTI,2016-01-01,6,2016-07-01,NA,NA,NA,NA,NA,glm_ar1,expanding,0,0,NA
IDN,2016-01-01,1,2016-02-01,14322,2993,19761,334,47281,glm_ar1,expanding,64,0,32117
IDN,2016-01-01,2,2016-03-01,8494,1775,11720,198,28043,glm_ar1,expanding,64,0,27005
IDN,2016-01-01,3,2016-04-01,5840,1220,8058,136,19281,glm_ar1,expanding,64,0,24239
IDN,2016-01-01,4,2016-05-01,4464,933,6160,104,14739,glm_ar1,expanding,64,0,19075
IDN,2016-01-01,5,2016-06-01,3682,769,5080,86,12156,glm_ar1,expanding,64,0,15183
IDN,2016-01-01,6,2016-07-01,3207,670,4425,75,10588,glm_ar1,expanding,64,0,12005
IND,2016-01-01,1,2016-02-01,5583,1167,7704,130,18433,glm_ar1,expanding,70,0,4574
IND,2016-01-01,2,2016-03-01,4323,903,5964,101,14271,glm_ar1,expanding,70,0,3677
IND,2016-01-01,3,2016-04-01,3598,752,4964,84,11879,glm_ar1,expanding,70,0,2870
IND,2016-01-01,4,2016-05-01,3154,659,4352,73,10414,glm_ar1,expanding,70,0,3863
IND,2016-01-01,5,2016-06-01,2870,600,3961,67,9477,glm_ar1,expanding,70,0,5772
IND,2016-01-01,6,2016-07-01,2683,560,3701,62,8857,glm_ar1,expanding,70,0,11430
JAM,2016-01-01,1,2016-02-01,287,60,396,6,947,glm_ar1,expanding,69,0,207
JAM,2016-01-01,2,2016-03-01,515,107,711,12,1701,glm_ar1,expanding,69,0,136
JAM,2016-01-01,3,2016-04-01,783,163,1081,18,2587,glm_ar1,expanding,69,0,100
JAM,2016-01-01,4,2016-05-01,1058,221,1460,24,3493,glm_ar1,expanding,69,0,248
JAM,2016-01-01,5,2016-06-01,1312,274,1810,30,4331,glm_ar1,expanding,69,0,139
JAM,2016-01-01,6,2016-07-01,1530,319,2111,35,5052,glm_ar1,expanding,69,0,614
KEN,2016-01-01,1,2016-02-01,227,47,314,5,752,glm_ar1,expanding,35,0,77
KEN,2016-01-01,2,2016-03-01,437,91,603,10,1442,glm_ar1,expanding,35,0,42
KEN,2016-01-01,3,2016-04-01,696,145,960,16,2299,glm_ar1,expanding,35,0,28
KEN,2016-01-01,4,2016-05-01,972,203,1341,22,3209,glm_ar1,expanding,35,0,0
KEN,2016-01-01,5,2016-06-01,1234,258,1703,28,4076,glm_ar1,expanding,35,0,35
KEN,2016-01-01,6,2016-07-01,1465,306,2022,34,4837,glm_ar1,expanding,35,0,84
KHM,2016-01-01,1,2016-02-01,1008,210,1390,23,3327,glm_ar1,expanding,72,0,394
KHM,2016-01-01,2,2016-03-01,1267,264,1748,29,4183,glm_ar1,expanding,72,0,493
KHM,2016-01-01,3,2016-04-01,1492,312,2059,34,4928,glm_ar1,expanding,72,0,638
KHM,2016-01-01,4,2016-05-01,1679,351,2316,39,5542,glm_ar1,expanding,72,0,1163
KHM,2016-01-01,5,2016-06-01,1826,381,2520,42,6030,glm_ar1,expanding,72,0,1879
KHM,2016-01-01,6,2016-07-01,1940,405,2677,45,6405,glm_ar1,expanding,72,0,2236
KIR,2016-01-01,1,2016-02-01,NA,NA,NA,NA,NA,glm_ar1,expanding,48,10,NA
KIR,2016-01-01,2,2016-03-01,NA,NA,NA,NA,NA,glm_ar1,expanding,48,10,NA
KIR,2016-01-01,3,2016-04-01,NA,NA,NA,NA,NA,glm_ar1,expanding,48,10,NA
KIR,2016-01-01,4,2016-05-01,NA,NA,NA,NA,NA,glm_ar1,expanding,48,10,NA
KIR,2016-01-01,5,2016-06-01,NA,NA,NA,NA,NA,glm_ar1,expanding,48,10,NA
KIR,2016-01-01,6,2016-07-01,NA,NA,NA,NA,NA,glm_ar1,expanding,48,10,NA
KNA,2016-01-01,1,2016-02-01,NA,NA,NA,NA,NA,glm_ar1,expanding,24,10,NA
KNA,2016-01-01,2,2016-03-01,NA,NA,NA,NA,NA,glm_ar1,expanding,24,10,NA
KNA,2016-01-01,3,2016-04-01,NA,NA,NA,NA,NA,glm_ar1,expanding,24,10,4
KNA,2016-01-01,4,2016-05-01,NA,NA,NA,NA,NA,glm_ar1,expanding,24,10,8
KNA,2016-01-01,5,2016-06-01,NA,NA,NA,NA,NA,glm_ar1,expanding,24,10,16
KNA,2016-01-01,6,2016-07-01,NA,NA,NA,NA,NA,glm_ar1,expanding,24,10,4
LAO,2016-01-01,1,2016-02-01,240,50,331,5,792,glm_ar1,expanding,72,0,79
LAO,2016-01-01,2,2016-03-01,453,94,626,10,1498,glm_ar1,expanding,72,0,54
LAO,2016-01-01,3,2016-04-01,715,149,987,16,2361,glm_ar1,expanding,72,0,50
LAO,2016-01-01,4,2016-05-01,991,207,1367,23,3272,glm_ar1,expanding,72,0,390
LAO,2016-01-01,5,2016-06-01,1251,261,1727,29,4132,glm_ar1,expanding,72,0,638
LAO,2016-01-01,6,2016-07-01,1480,309,2042,34,4885,glm_ar1,expanding,72,0,1034
LCA,2016-01-01,1,2016-02-01,68,14,94,1,225,glm_ar1,expanding,59,12,5
LCA,2016-01-01,2,2016-03-01,185,38,255,4,610,glm_ar1,expanding,59,12,8
LCA,2016-01-01,3,2016-04-01,376,78,519,8,1243,glm_ar1,expanding,59,12,7
LCA,2016-01-01,4,2016-05-01,626,130,863,14,2066,glm_ar1,expanding,59,12,11
LCA,2016-01-01,5,2016-06-01,900,188,1242,21,2973,glm_ar1,expanding,59,12,11
LCA,2016-01-01,6,2016-07-01,1169,244,1613,27,3859,glm_ar1,expanding,59,12,17
LKA,2016-01-01,1,2016-02-01,5080,1061,7009,118,16771,glm_ar1,expanding,72,0,4637
LKA,2016-01-01,2,2016-03-01,4039,844,5574,94,13336,glm_ar1,expanding,72,0,2816
LKA,2016-01-01,3,2016-04-01,3427,716,4729,80,11315,glm_ar1,expanding,72,0,2256
LKA,2016-01-01,4,2016-05-01,3046,636,4203,71,10058,glm_ar1,expanding,72,0,3233
LKA,2016-01-01,5,2016-06-01,2800,585,3863,65,9243,glm_ar1,expanding,72,0,4943
LKA,2016-01-01,6,2016-07-01,2635,550,3636,61,8700,glm_ar1,expanding,72,0,11194
MAF,2016-01-01,1,2016-02-01,132,27,182,3,436,glm_ar1,expanding,68,0,41
MAF,2016-01-01,2,2016-03-01,296,62,408,7,978,glm_ar1,expanding,68,0,24
MAF,2016-01-01,3,2016-04-01,527,110,727,12,1741,glm_ar1,expanding,68,0,18
MAF,2016-01-01,4,2016-05-01,796,166,1099,18,2630,glm_ar1,expanding,68,0,27
MAF,2016-01-01,5,2016-06-01,1070,223,1477,25,3534,glm_ar1,expanding,68,0,24
MAF,2016-01-01,6,2016-07-01,1323,276,1825,31,4367,glm_ar1,expanding,68,0,13
MDV,2016-01-01,1,2016-02-01,287,60,396,6,947,glm_ar1,expanding,72,0,92
MDV,2016-01-01,2,2016-03-01,515,107,711,12,1701,glm_ar1,expanding,72,0,97
MDV,2016-01-01,3,2016-04-01,783,163,1081,18,2587,glm_ar1,expanding,72,0,168
MDV,2016-01-01,4,2016-05-01,1058,221,1460,24,3493,glm_ar1,expanding,72,0,329
MDV,2016-01-01,5,2016-06-01,1312,274,1810,30,4331,glm_ar1,expanding,72,0,352
MDV,2016-01-01,6,2016-07-01,1530,319,2111,35,5052,glm_ar1,expanding,72,0,306
MEX,2016-01-01,1,2016-02-01,4865,1016,6713,113,16062,glm_ar1,expanding,72,0,8033
MEX,2016-01-01,2,2016-03-01,3916,818,5404,91,12929,glm_ar1,expanding,72,0,4970
MEX,2016-01-01,3,2016-04-01,3352,700,4625,78,11067,glm_ar1,expanding,72,0,4301
MEX,2016-01-01,4,2016-05-01,2998,626,4137,70,9899,glm_ar1,expanding,72,0,5579
MEX,2016-01-01,5,2016-06-01,2768,578,3819,64,9138,glm_ar1,expanding,72,0,6570
MEX,2016-01-01,6,2016-07-01,2613,546,3606,61,8629,glm_ar1,expanding,72,0,11830
MHL,2016-01-01,1,2016-02-01,NA,NA,NA,NA,NA,glm_ar1,expanding,12,44,NA
MHL,2016-01-01,2,2016-03-01,NA,NA,NA,NA,NA,glm_ar1,expanding,12,44,NA
MHL,2016-01-01,3,2016-04-01,NA,NA,NA,NA,NA,glm_ar1,expanding,12,44,NA
MHL,2016-01-01,4,2016-05-01,NA,NA,NA,NA,NA,glm_ar1,expanding,12,44,NA
MHL,2016-01-01,5,2016-06-01,NA,NA,NA,NA,NA,glm_ar1,expanding,12,44,NA
MHL,2016-01-01,6,2016-07-01,NA,NA,NA,NA,NA,glm_ar1,expanding,12,44,NA
MMR,2016-01-01,1,2016-02-01,9,2,12,0,30,glm_ar1,expanding,72,0,0
MMR,2016-01-01,2,2016-03-01,46,9,63,1,152,glm_ar1,expanding,72,0,0
MMR,2016-01-01,3,2016-04-01,140,29,194,3,464,glm_ar1,expanding,72,0,0
MMR,2016-01-01,4,2016-05-01,309,64,427,7,1022,glm_ar1,expanding,72,0,1947
MMR,2016-01-01,5,2016-06-01,544,113,751,12,1797,glm_ar1,expanding,72,0,2597
MMR,2016-01-01,6,2016-07-01,815,170,1124,19,2690,glm_ar1,expanding,72,0,1298
MRT,2016-01-01,1,2016-02-01,NA,NA,NA,NA,NA,glm_ar1,expanding,0,0,NA
MRT,2016-01-01,2,2016-03-01,NA,NA,NA,NA,NA,glm_ar1,expanding,0,0,NA
MRT,2016-01-01,3,2016-04-01,NA,NA,NA,NA,NA,glm_ar1,expanding,0,0,NA
MRT,2016-01-01,4,2016-05-01,NA,NA,NA,NA,NA,glm_ar1,expanding,0,0,NA
MRT,2016-01-01,5,2016-06-01,NA,NA,NA,NA,NA,glm_ar1,expanding,0,0,NA
MRT,2016-01-01,6,2016-07-01,NA,NA,NA,NA,NA,glm_ar1,expanding,0,0,NA
MTQ,2016-01-01,1,2016-02-01,94,19,130,2,313,glm_ar1,expanding,69,0,23
MTQ,2016-01-01,2,2016-03-01,233,48,322,5,772,glm_ar1,expanding,69,0,18
MTQ,2016-01-01,3,2016-04-01,445,93,614,10,1469,glm_ar1,expanding,69,0,6
MTQ,2016-01-01,4,2016-05-01,705,147,973,16,2329,glm_ar1,expanding,69,0,3
MTQ,2016-01-01,5,2016-06-01,981,205,1354,23,3240,glm_ar1,expanding,69,0,4
MTQ,2016-01-01,6,2016-07-01,1243,259,1715,29,4104,glm_ar1,expanding,69,0,6
MYS,2016-01-01,1,2016-02-01,10191,2129,14061,238,33644,glm_ar1,expanding,72,0,11835
MYS,2016-01-01,2,2016-03-01,6655,1390,9182,155,21971,glm_ar1,expanding,72,0,9773
MYS,2016-01-01,3,2016-04-01,4902,1024,6764,114,16186,glm_ar1,expanding,72,0,7546
MYS,2016-01-01,4,2016-05-01,3938,823,5433,92,13001,glm_ar1,expanding,72,0,6856
MYS,2016-01-01,5,2016-06-01,3365,703,4643,78,11110,glm_ar1,expanding,72,0,7784
MYS,2016-01-01,6,2016-07-01,3007,628,4149,70,9927,glm_ar1,expanding,72,0,10372
NCL,2016-01-01,1,2016-02-01,NA,NA,NA,NA,NA,glm_ar1,expanding,48,5,NA
NCL,2016-01-01,2,2016-03-01,NA,NA,NA,NA,NA,glm_ar1,expanding,48,5,NA
NCL,2016-01-01,3,2016-04-01,NA,NA,NA,NA,NA,glm_ar1,expanding,48,5,NA
NCL,2016-01-01,4,2016-05-01,NA,NA,NA,NA,NA,glm_ar1,expanding,48,5,NA
NCL,2016-01-01,5,2016-06-01,NA,NA,NA,NA,NA,glm_ar1,expanding,48,5,NA
NCL,2016-01-01,6,2016-07-01,NA,NA,NA,NA,NA,glm_ar1,expanding,48,5,NA
NIC,2016-01-01,1,2016-02-01,4459,932,6152,104,14720,glm_ar1,expanding,71,0,2925
NIC,2016-01-01,2,2016-03-01,3679,769,5076,86,12146,glm_ar1,expanding,71,0,2673
NIC,2016-01-01,3,2016-04-01,3205,669,4422,75,10581,glm_ar1,expanding,71,0,4664
NIC,2016-01-01,4,2016-05-01,2903,606,4006,67,9586,glm_ar1,expanding,71,0,7713
NIC,2016-01-01,5,2016-06-01,2705,565,3732,63,8930,glm_ar1,expanding,71,0,12361
NIC,2016-01-01,6,2016-07-01,2571,537,3547,60,8487,glm_ar1,expanding,71,0,19325
NPL,2016-01-01,1,2016-02-01,107,22,147,2,353,glm_ar1,expanding,71,0,15
NPL,2016-01-01,2,2016-03-01,255,53,351,6,841,glm_ar1,expanding,71,0,14
NPL,2016-01-01,3,2016-04-01,473,99,653,11,1563,glm_ar1,expanding,71,0,13
NPL,2016-01-01,4,2016-05-01,737,154,1017,17,2435,glm_ar1,expanding,71,0,26
NPL,2016-01-01,5,2016-06-01,1013,211,1397,23,3344,glm_ar1,expanding,71,0,42
NPL,2016-01-01,6,2016-07-01,1271,265,1754,29,4198,glm_ar1,expanding,71,0,101
OMN,2016-01-01,1,2016-02-01,NA,NA,NA,NA,NA,glm_ar1,expanding,0,0,NA
OMN,2016-01-01,2,2016-03-01,NA,NA,NA,NA,NA,glm_ar1,expanding,0,0,NA
OMN,2016-01-01,3,2016-04-01,NA,NA,NA,NA,NA,glm_ar1,expanding,0,0,NA
OMN,2016-01-01,4,2016-05-01,NA,NA,NA,NA,NA,glm_ar1,expanding,0,0,NA
OMN,2016-01-01,5,2016-06-01,NA,NA,NA,NA,NA,glm_ar1,expanding,0,0,NA
OMN,2016-01-01,6,2016-07-01,NA,NA,NA,NA,NA,glm_ar1,expanding,0,0,NA
PAK,2016-01-01,1,2016-02-01,456,95,630,10,1508,glm_ar1,expanding,71,0,123
PAK,2016-01-01,2,2016-03-01,718,150,991,16,2373,glm_ar1,expanding,71,0,133
PAK,2016-01-01,3,2016-04-01,994,207,1372,23,3283,glm_ar1,expanding,71,0,209
PAK,2016-01-01,4,2016-05-01,1255,262,1731,29,4143,glm_ar1,expanding,71,0,783
PAK,2016-01-01,5,2016-06-01,1482,309,2045,34,4894,glm_ar1,expanding,71,0,556
PAK,2016-01-01,6,2016-07-01,1670,349,2305,39,5515,glm_ar1,expanding,71,0,376
PAN,2016-01-01,1,2016-02-01,690,144,952,16,2277,glm_ar1,expanding,70,0,224
PAN,2016-01-01,2,2016-03-01,965,201,1332,22,3188,glm_ar1,expanding,70,0,213
PAN,2016-01-01,3,2016-04-01,1228,256,1695,28,4056,glm_ar1,expanding,70,0,200
PAN,2016-01-01,4,2016-05-01,1460,305,2015,34,4821,glm_ar1,expanding,70,0,294
PAN,2016-01-01,5,2016-06-01,1652,345,2280,38,5456,glm_ar1,expanding,70,0,112
PAN,2016-01-01,6,2016-07-01,1806,377,2492,42,5962,glm_ar1,expanding,70,0,1892
PER,2016-01-01,1,2016-02-01,2555,534,3525,59,8434,glm_ar1,expanding,65,0,4905
PER,2016-01-01,2,2016-03-01,2468,515,3405,57,8147,glm_ar1,expanding,65,0,4803
PER,2016-01-01,3,2016-04-01,2407,503,3321,56,7947,glm_ar1,expanding,65,0,5735
PER,2016-01-01,4,2016-05-01,2365,494,3263,55,7807,glm_ar1,expanding,65,0,5267
PER,2016-01-01,5,2016-06-01,2335,488,3221,54,7708,glm_ar1,expanding,65,0,2832
PER,2016-01-01,6,2016-07-01,2313,483,3192,54,7638,glm_ar1,expanding,65,0,1004
PHL,2016-01-01,1,2016-02-01,10436,2181,14399,243,34452,glm_ar1,expanding,70,0,13084
PHL,2016-01-01,2,2016-03-01,6769,1414,9340,158,22348,glm_ar1,expanding,70,0,9774
PHL,2016-01-01,3,2016-04-01,4963,1037,6848,116,16384,glm_ar1,expanding,70,0,7059
PHL,2016-01-01,4,2016-05-01,3972,830,5481,92,13115,glm_ar1,expanding,70,0,8553
PHL,2016-01-01,5,2016-06-01,3386,707,4673,79,11180,glm_ar1,expanding,70,0,15016
PHL,2016-01-01,6,2016-07-01,3020,631,4167,70,9971,glm_ar1,expanding,70,0,28269
PLW,2016-01-01,1,2016-02-01,NA,NA,NA,NA,NA,glm_ar1,expanding,12,58,NA
PLW,2016-01-01,2,2016-03-01,NA,NA,NA,NA,NA,glm_ar1,expanding,12,58,NA
PLW,2016-01-01,3,2016-04-01,NA,NA,NA,NA,NA,glm_ar1,expanding,12,58,NA
PLW,2016-01-01,4,2016-05-01,NA,NA,NA,NA,NA,glm_ar1,expanding,12,58,NA
PLW,2016-01-01,5,2016-06-01,NA,NA,NA,NA,NA,glm_ar1,expanding,12,58,NA
PLW,2016-01-01,6,2016-07-01,NA,NA,NA,NA,NA,glm_ar1,expanding,12,58,NA
PRI,2016-01-01,1,2016-02-01,50,10,69,1,165,glm_ar1,expanding,70,0,29
PRI,2016-01-01,2,2016-03-01,148,31,204,3,490,glm_ar1,expanding,70,0,30
PRI,2016-01-01,3,2016-04-01,322,67,444,7,1062,glm_ar1,expanding,70,0,NA
PRI,2016-01-01,4,2016-05-01,559,117,772,13,1847,glm_ar1,expanding,70,0,NA
PRI,2016-01-01,5,2016-06-01,831,173,1147,19,2744,glm_ar1,expanding,70,0,NA
PRI,2016-01-01,6,2016-07-01,1103,230,1522,25,3643,glm_ar1,expanding,70,0,NA
PRY,2016-01-01,1,2016-02-01,1314,274,1814,30,4340,glm_ar1,expanding,67,0,3083
PRY,2016-01-01,2,2016-03-01,1533,320,2115,35,5060,glm_ar1,expanding,67,0,25408
PRY,2016-01-01,3,2016-04-01,1711,357,2361,40,5649,glm_ar1,expanding,67,0,7257
PRY,2016-01-01,4,2016-05-01,1851,387,2554,43,6112,glm_ar1,expanding,67,0,13902
PRY,2016-01-01,5,2016-06-01,1959,409,2703,45,6468,glm_ar1,expanding,67,0,2196
PRY,2016-01-01,6,2016-07-01,2040,426,2815,47,6735,glm_ar1,expanding,67,0,3546
PYF,2016-01-01,1,2016-02-01,691,144,953,16,2281,glm_ar1,expanding,45,24,282
PYF,2016-01-01,2,2016-03-01,967,202,1334,22,3192,glm_ar1,expanding,45,24,263
PYF,2016-01-01,3,2016-04-01,1230,257,1697,28,4060,glm_ar1,expanding,45,24,193
PYF,2016-01-01,4,2016-05-01,1461,305,2016,34,4824,glm_ar1,expanding,45,24,149
PYF,2016-01-01,5,2016-06-01,1653,345,2281,38,5458,glm_ar1,expanding,45,24,111
PYF,2016-01-01,6,2016-07-01,1806,377,2492,42,5964,glm_ar1,expanding,45,24,113
REU,2016-01-01,1,2016-02-01,59,12,81,1,195,glm_ar1,expanding,27,36,22
REU,2016-01-01,2,2016-03-01,167,35,231,4,553,glm_ar1,expanding,27,36,35
REU,2016-01-01,3,2016-04-01,351,73,484,8,1159,glm_ar1,expanding,27,36,86
REU,2016-01-01,4,2016-05-01,595,124,821,14,1965,glm_ar1,expanding,27,36,57
REU,2016-01-01,5,2016-06-01,869,181,1199,20,2868,glm_ar1,expanding,27,36,7
REU,2016-01-01,6,2016-07-01,1139,238,1572,26,3761,glm_ar1,expanding,27,36,1
SAU,2016-01-01,1,2016-02-01,410,85,565,9,1353,glm_ar1,expanding,64,0,163
SAU,2016-01-01,2,2016-03-01,665,139,918,15,2196,glm_ar1,expanding,64,0,329
SAU,2016-01-01,3,2016-04-01,941,196,1298,22,3106,glm_ar1,expanding,64,0,686
SAU,2016-01-01,4,2016-05-01,1206,252,1664,28,3982,glm_ar1,expanding,64,0,1395
SAU,2016-01-01,5,2016-06-01,1441,301,1988,33,4757,glm_ar1,expanding,64,0,942
SAU,2016-01-01,6,2016-07-01,1637,342,2258,38,5404,glm_ar1,expanding,64,0,664
SDN,2016-01-01,1,2016-02-01,247,51,340,5,815,glm_ar1,expanding,45,24,4
SDN,2016-01-01,2,2016-03-01,463,96,638,10,1528,glm_ar1,expanding,45,24,0
SDN,2016-01-01,3,2016-04-01,725,151,1001,17,2396,glm_ar1,expanding,45,24,0
SDN,2016-01-01,4,2016-05-01,1001,209,1381,23,3306,glm_ar1,expanding,45,24,NA
SDN,2016-01-01,5,2016-06-01,1261,263,1740,29,4163,glm_ar1,expanding,45,24,NA
SDN,2016-01-01,6,2016-07-01,1488,311,2053,34,4912,glm_ar1,expanding,45,24,NA
SEN,2016-01-01,1,2016-02-01,NA,NA,NA,NA,NA,glm_ar1,expanding,0,0,NA
SEN,2016-01-01,2,2016-03-01,NA,NA,NA,NA,NA,glm_ar1,expanding,0,0,NA
SEN,2016-01-01,3,2016-04-01,NA,NA,NA,NA,NA,glm_ar1,expanding,0,0,NA
SEN,2016-01-01,4,2016-05-01,NA,NA,NA,NA,NA,glm_ar1,expanding,0,0,NA
SEN,2016-01-01,5,2016-06-01,NA,NA,NA,NA,NA,glm_ar1,expanding,0,0,NA
SEN,2016-01-01,6,2016-07-01,NA,NA,NA,NA,NA,glm_ar1,expanding,0,0,NA
SGP,2016-01-01,1,2016-02-01,2735,571,3774,64,9030,glm_ar1,expanding,72,0,1926
SGP,2016-01-01,2,2016-03-01,2591,541,3576,60,8556,glm_ar1,expanding,72,0,1447
SGP,2016-01-01,3,2016-04-01,2493,521,3440,58,8231,glm_ar1,expanding,72,0,984
SGP,2016-01-01,4,2016-05-01,2425,506,3346,56,8006,glm_ar1,expanding,72,0,1021
SGP,2016-01-01,5,2016-06-01,2377,496,3280,55,7848,glm_ar1,expanding,72,0,798
SGP,2016-01-01,6,2016-07-01,2343,489,3233,54,7737,glm_ar1,expanding,72,0,1166
SLB,2016-01-01,1,2016-02-01,NA,NA,NA,NA,NA,glm_ar1,expanding,12,22,NA
SLB,2016-01-01,2,2016-03-01,NA,NA,NA,NA,NA,glm_ar1,expanding,12,22,NA
SLB,2016-01-01,3,2016-04-01,NA,NA,NA,NA,NA,glm_ar1,expanding,12,22,0
SLB,2016-01-01,4,2016-05-01,NA,NA,NA,NA,NA,glm_ar1,expanding,12,22,0
SLB,2016-01-01,5,2016-06-01,NA,NA,NA,NA,NA,glm_ar1,expanding,12,22,0
SLB,2016-01-01,6,2016-07-01,NA,NA,NA,NA,NA,glm_ar1,expanding,12,22,0
SLV,2016-01-01,1,2016-02-01,1876,392,2589,43,6194,glm_ar1,expanding,72,0,781
SLV,2016-01-01,2,2016-03-01,1978,413,2729,46,6530,glm_ar1,expanding,72,0,702
SLV,2016-01-01,3,2016-04-01,2054,429,2834,48,6781,glm_ar1,expanding,72,0,910
SLV,2016-01-01,4,2016-05-01,2110,441,2912,49,6968,glm_ar1,expanding,72,0,1255
SLV,2016-01-01,5,2016-06-01,2152,449,2969,50,7104,glm_ar1,expanding,72,0,652
SLV,2016-01-01,6,2016-07-01,2182,456,3011,51,7204,glm_ar1,expanding,72,0,576
SUR,2016-01-01,1,2016-02-01,NA,NA,NA,NA,NA,glm_ar1,expanding,36,34,NA
SUR,2016-01-01,2,2016-03-01,NA,NA,NA,NA,NA,glm_ar1,expanding,36,34,NA
SUR,2016-01-01,3,2016-04-01,NA,NA,NA,NA,NA,glm_ar1,expanding,36,34,NA
SUR,2016-01-01,4,2016-05-01,NA,NA,NA,NA,NA,glm_ar1,expanding,36,34,NA
SUR,2016-01-01,5,2016-06-01,NA,NA,NA,NA,NA,glm_ar1,expanding,36,34,NA
SUR,2016-01-01,6,2016-07-01,NA,NA,NA,NA,NA,glm_ar1,expanding,36,34,NA
SXM,2016-01-01,1,2016-02-01,NA,NA,NA,NA,NA,glm_ar1,expanding,36,34,NA
SXM,2016-01-01,2,2016-03-01,NA,NA,NA,NA,NA,glm_ar1,expanding,36,34,NA
SXM,2016-01-01,3,2016-04-01,NA,NA,NA,NA,NA,glm_ar1,expanding,36,34,NA
SXM,2016-01-01,4,2016-05-01,NA,NA,NA,NA,NA,glm_ar1,expanding,36,34,NA
SXM,2016-01-01,5,2016-06-01,NA,NA,NA,NA,NA,glm_ar1,expanding,36,34,NA
SXM,2016-01-01,6,2016-07-01,NA,NA,NA,NA,NA,glm_ar1,expanding,36,34,NA
SYC,2016-01-01,1,2016-02-01,NA,NA,NA,NA,NA,glm_ar1,expanding,0,0,NA
SYC,2016-01-01,2,2016-03-01,NA,NA,NA,NA,NA,glm_ar1,expanding,0,0,NA
SYC,2016-01-01,3,2016-04-01,NA,NA,NA,NA,NA,glm_ar1,expanding,0,0,NA
SYC,2016-01-01,4,2016-05-01,NA,NA,NA,NA,NA,glm_ar1,expanding,0,0,NA
SYC,2016-01-01,5,2016-06-01,NA,NA,NA,NA,NA,glm_ar1,expanding,0,0,NA
SYC,2016-01-01,6,2016-07-01,NA,NA,NA,NA,NA,glm_ar1,expanding,0,0,56
TCA,2016-01-01,1,2016-02-01,147,30,203,3,486,glm_ar1,expanding,33,0,48
TCA,2016-01-01,2,2016-03-01,320,66,441,7,1056,glm_ar1,expanding,33,0,37
TCA,2016-01-01,3,2016-04-01,557,116,768,13,1839,glm_ar1,expanding,33,0,23
TCA,2016-01-01,4,2016-05-01,828,173,1143,19,2735,glm_ar1,expanding,33,0,19
TCA,2016-01-01,5,2016-06-01,1101,230,1519,25,3635,glm_ar1,expanding,33,0,18
TCA,2016-01-01,6,2016-07-01,1350,282,1862,31,4457,glm_ar1,expanding,33,0,23
THA,2016-01-01,1,2016-02-01,3438,718,4744,80,11351,glm_ar1,expanding,72,0,2505
THA,2016-01-01,2,2016-03-01,3053,638,4213,71,10080,glm_ar1,expanding,72,0,2347
THA,2016-01-01,3,2016-04-01,2804,586,3869,65,9258,glm_ar1,expanding,72,0,1307
THA,2016-01-01,4,2016-05-01,2638,551,3640,61,8710,glm_ar1,expanding,72,0,1230
THA,2016-01-01,5,2016-06-01,2525,527,3484,59,8337,glm_ar1,expanding,72,0,2503
THA,2016-01-01,6,2016-07-01,2447,511,3377,57,8080,glm_ar1,expanding,72,0,4991
TLS,2016-01-01,1,2016-02-01,109,22,151,2,361,glm_ar1,expanding,65,0,103
TLS,2016-01-01,2,2016-03-01,259,54,357,6,854,glm_ar1,expanding,65,0,99
TLS,2016-01-01,3,2016-04-01,479,100,660,11,1581,glm_ar1,expanding,65,0,12
TLS,2016-01-01,4,2016-05-01,743,155,1026,17,2454,glm_ar1,expanding,65,0,5
TLS,2016-01-01,5,2016-06-01,1019,213,1406,23,3363,glm_ar1,expanding,65,0,0
TLS,2016-01-01,6,2016-07-01,1277,266,1762,29,4215,glm_ar1,expanding,65,0,0
TON,2016-01-01,1,2016-02-01,NA,NA,NA,NA,NA,glm_ar1,expanding,12,9,NA
TON,2016-01-01,2,2016-03-01,NA,NA,NA,NA,NA,glm_ar1,expanding,12,9,NA
TON,2016-01-01,3,2016-04-01,NA,NA,NA,NA,NA,glm_ar1,expanding,12,9,NA
TON,2016-01-01,4,2016-05-01,NA,NA,NA,NA,NA,glm_ar1,expanding,12,9,NA
TON,2016-01-01,5,2016-06-01,NA,NA,NA,NA,NA,glm_ar1,expanding,12,9,NA
TON,2016-01-01,6,2016-07-01,NA,NA,NA,NA,NA,glm_ar1,expanding,12,9,NA
TTO,2016-01-01,1,2016-02-01,456,95,630,10,1508,glm_ar1,expanding,34,36,36
TTO,2016-01-01,2,2016-03-01,718,150,991,16,2373,glm_ar1,expanding,34,36,25
TTO,2016-01-01,3,2016-04-01,994,207,1372,23,3283,glm_ar1,expanding,34,36,11
TTO,2016-01-01,4,2016-05-01,1255,262,1731,29,4143,glm_ar1,expanding,34,36,15
TTO,2016-01-01,5,2016-06-01,1482,309,2045,34,4894,glm_ar1,expanding,34,36,28
TTO,2016-01-01,6,2016-07-01,1670,349,2305,39,5515,glm_ar1,expanding,34,36,58
TUV,2016-01-01,1,2016-02-01,NA,NA,NA,NA,NA,glm_ar1,expanding,0,0,NA
TUV,2016-01-01,2,2016-03-01,NA,NA,NA,NA,NA,glm_ar1,expanding,0,0,NA
TUV,2016-01-01,3,2016-04-01,NA,NA,NA,NA,NA,glm_ar1,expanding,0,0,NA
TUV,2016-01-01,4,2016-05-01,NA,NA,NA,NA,NA,glm_ar1,expanding,0,0,NA
TUV,2016-01-01,5,2016-06-01,NA,NA,NA,NA,NA,glm_ar1,expanding,0,0,NA
TUV,2016-01-01,6,2016-07-01,NA,NA,NA,NA,NA,glm_ar1,expanding,0,0,NA
TWN,2016-01-01,1,2016-02-01,535,111,738,12,1766,glm_ar1,expanding,71,0,4
TWN,2016-01-01,2,2016-03-01,805,168,1110,18,2657,glm_ar1,expanding,71,0,NA
TWN,2016-01-01,3,2016-04-01,1078,225,1488,25,3560,glm_ar1,expanding,71,0,NA
TWN,2016-01-01,4,2016-05-01,1330,278,1835,31,4391,glm_ar1,expanding,71,0,NA
TWN,2016-01-01,5,2016-06-01,1545,323,2132,36,5102,glm_ar1,expanding,71,0,NA
TWN,2016-01-01,6,2016-07-01,1721,359,2375,40,5682,glm_ar1,expanding,71,0,NA
URY,2016-01-01,1,2016-02-01,234,49,324,5,775,glm_ar1,expanding,10,0,941
URY,2016-01-01,2,2016-03-01,446,93,616,10,1474,glm_ar1,expanding,10,0,522
URY,2016-01-01,3,2016-04-01,707,147,976,16,2335,glm_ar1,expanding,10,0,NA
URY,2016-01-01,4,2016-05-01,983,205,1356,23,3245,glm_ar1,expanding,10,0,NA
URY,2016-01-01,5,2016-06-01,1244,260,1717,29,4109,glm_ar1,expanding,10,0,NA
URY,2016-01-01,6,2016-07-01,1473,308,2033,34,4865,glm_ar1,expanding,10,0,NA
USA,2016-01-01,1,2016-02-01,353,74,488,8,1167,glm_ar1,expanding,59,12,72
USA,2016-01-01,2,2016-03-01,598,125,825,14,1975,glm_ar1,expanding,59,12,69
USA,2016-01-01,3,2016-04-01,872,182,1203,20,2879,glm_ar1,expanding,59,12,43
USA,2016-01-01,4,2016-05-01,1142,238,1576,26,3771,glm_ar1,expanding,59,12,83
USA,2016-01-01,5,2016-06-01,1386,289,1912,32,4575,glm_ar1,expanding,59,12,70
USA,2016-01-01,6,2016-07-01,1592,332,2196,37,5255,glm_ar1,expanding,59,12,161
VCT,2016-01-01,1,2016-02-01,NA,NA,NA,NA,NA,glm_ar1,expanding,60,10,NA
VCT,2016-01-01,2,2016-03-01,NA,NA,NA,NA,NA,glm_ar1,expanding,60,10,NA
VCT,2016-01-01,3,2016-04-01,NA,NA,NA,NA,NA,glm_ar1,expanding,60,10,5
VCT,2016-01-01,4,2016-05-01,NA,NA,NA,NA,NA,glm_ar1,expanding,60,10,6
VCT,2016-01-01,5,2016-06-01,NA,NA,NA,NA,NA,glm_ar1,expanding,60,10,6
VCT,2016-01-01,6,2016-07-01,NA,NA,NA,NA,NA,glm_ar1,expanding,60,10,5
VEN,2016-01-01,1,2016-02-01,6284,1313,8670,146,20745,glm_ar1,expanding,70,0,4877
VEN,2016-01-01,2,2016-03-01,4705,983,6492,110,15533,glm_ar1,expanding,70,0,2205
VEN,2016-01-01,3,2016-04-01,3823,799,5275,89,12623,glm_ar1,expanding,70,0,1761
VEN,2016-01-01,4,2016-05-01,3295,688,4546,77,10878,glm_ar1,expanding,70,0,2283
VEN,2016-01-01,5,2016-06-01,2961,619,4086,69,9777,glm_ar1,expanding,70,0,2161
VEN,2016-01-01,6,2016-07-01,2743,573,3785,64,9057,glm_ar1,expanding,70,0,2008
VGB,2016-01-01,1,2016-02-01,50,10,69,1,165,glm_ar1,expanding,70,0,5
VGB,2016-01-01,2,2016-03-01,148,31,204,3,490,glm_ar1,expanding,70,0,6
VGB,2016-01-01,3,2016-04-01,322,67,444,7,1062,glm_ar1,expanding,70,0,3
VGB,2016-01-01,4,2016-05-01,559,117,772,13,1847,glm_ar1,expanding,70,0,9
VGB,2016-01-01,5,2016-06-01,831,173,1147,19,2744,glm_ar1,expanding,70,0,4
VGB,2016-01-01,6,2016-07-01,1103,230,1522,25,3643,glm_ar1,expanding,70,0,6
VNM,2016-01-01,1,2016-02-01,7770,1624,10721,181,25653,glm_ar1,expanding,71,0,5880
VNM,2016-01-01,2,2016-03-01,5479,1145,7560,128,18088,glm_ar1,expanding,71,0,4155
VNM,2016-01-01,3,2016-04-01,4264,891,5884,99,14079,glm_ar1,expanding,71,0,4232
VNM,2016-01-01,4,2016-05-01,3563,744,4916,83,11764,glm_ar1,expanding,71,0,5868
VNM,2016-01-01,5,2016-06-01,3132,654,4322,73,10342,glm_ar1,expanding,71,0,5916
VNM,2016-01-01,6,2016-07-01,2856,597,3941,66,9429,glm_ar1,expanding,71,0,11880
VUT,2016-01-01,1,2016-02-01,NA,NA,NA,NA,NA,glm_ar1,expanding,12,51,NA
VUT,2016-01-01,2,2016-03-01,NA,NA,NA,NA,NA,glm_ar1,expanding,12,51,NA
VUT,2016-01-01,3,2016-04-01,NA,NA,NA,NA,NA,glm_ar1,expanding,12,51,NA
VUT,2016-01-01,4,2016-05-01,NA,NA,NA,NA,NA,glm_ar1,expanding,12,51,NA
VUT,2016-01-01,5,2016-06-01,NA,NA,NA,NA,NA,glm_ar1,expanding,12,51,NA
VUT,2016-01-01,6,2016-07-01,NA,NA,NA,NA,NA,glm_ar1,expanding,12,51,NA
WLF,2016-01-01,1,2016-02-01,NA,NA,NA,NA,NA,glm_ar1,expanding,0,0,NA
WLF,2016-01-01,2,2016-03-01,NA,NA,NA,NA,NA,glm_ar1,expanding,0,0,NA
WLF,2016-01-01,3,2016-04-01,NA,NA,NA,NA,NA,glm_ar1,expanding,0,0,NA
WLF,2016-01-01,4,2016-05-01,NA,NA,NA,NA,NA,glm_ar1,expanding,0,0,NA
WLF,2016-01-01,5,2016-06-01,NA,NA,NA,NA,NA,glm_ar1,expanding,0,0,NA
WLF,2016-01-01,6,2016-07-01,NA,NA,NA,NA,NA,glm_ar1,expanding,0,0,NA
WSM,2016-01-01,1,2016-02-01,NA,NA,NA,NA,NA,glm_ar1,expanding,0,0,NA
WSM,2016-01-01,2,2016-03-01,NA,NA,NA,NA,NA,glm_ar1,expanding,0,0,NA
WSM,2016-01-01,3,2016-04-01,NA,NA,NA,NA,NA,glm_ar1,expanding,0,0,NA
WSM,2016-01-01,4,2016-05-01,NA,NA,NA,NA,NA,glm_ar1,expanding,0,0,NA
WSM,2016-01-01,5,2016-06-01,NA,NA,NA,NA,NA,glm_ar1,expanding,0,0,NA
WSM,2016-01-01,6,2016-07-01,NA,NA,NA,NA,NA,glm_ar1,expanding,0,0,NA
YEM,2016-01-01,1,2016-02-01,2710,566,3740,63,8949,glm_ar1,expanding,10,0,1411
YEM,2016-01-01,2,2016-03-01,2575,538,3553,60,8500,glm_ar1,expanding,10,0,1229
YEM,2016-01-01,3,2016-04-01,2481,518,3424,58,8193,glm_ar1,expanding,10,0,NA
YEM,2016-01-01,4,2016-05-01,2417,505,3335,56,7979,glm_ar1,expanding,10,0,NA
YEM,2016-01-01,5,2016-06-01,2371,495,3272,55,7829,glm_ar1,expanding,10,0,NA
YEM,2016-01-01,6,2016-07-01,2339,489,3228,54,7724,glm_ar1,expanding,10,0,NA
ABW,2016-07-01,1,2016-08-01,48,43,52,37,59,glm_ar1,expanding,49,24,50
ABW,2016-07-01,2,2016-09-01,66,60,71,53,79,glm_ar1,expanding,49,24,111
ABW,2016-07-01,3,2016-10-01,89,82,95,73,104,glm_ar1,expanding,49,24,104
ABW,2016-07-01,4,2016-11-01,117,110,124,100,135,glm_ar1,expanding,49,24,58
ABW,2016-07-01,5,2016-12-01,153,144,161,133,173,glm_ar1,expanding,49,24,52
ABW,2016-07-01,6,2017-01-01,197,187,206,174,220,glm_ar1,expanding,49,24,184
AFG,2016-07-01,1,2016-08-01,NA,NA,NA,NA,NA,glm_ar1,expanding,0,0,NA
AFG,2016-07-01,2,2016-09-01,NA,NA,NA,NA,NA,glm_ar1,expanding,0,0,NA
AFG,2016-07-01,3,2016-10-01,NA,NA,NA,NA,NA,glm_ar1,expanding,0,0,NA
AFG,2016-07-01,4,2016-11-01,NA,NA,NA,NA,NA,glm_ar1,expanding,0,0,NA
AFG,2016-07-01,5,2016-12-01,NA,NA,NA,NA,NA,glm_ar1,expanding,0,0,NA
AFG,2016-07-01,6,2017-01-01,NA,NA,NA,NA,NA,glm_ar1,expanding,0,0,NA
ARG,2016-07-01,1,2016-08-01,1333,1309,1358,1274,1394,glm_ar1,expanding,72,0,104
ARG,2016-07-01,2,2016-09-01,1544,1518,1571,1480,1609,glm_ar1,expanding,72,0,163
ARG,2016-07-01,3,2016-10-01,1777,1748,1805,1708,1846,glm_ar1,expanding,72,0,486
ARG,2016-07-01,4,2016-11-01,2031,2000,2061,1957,2105,glm_ar1,expanding,72,0,341
ARG,2016-07-01,5,2016-12-01,2307,2274,2339,2228,2386,glm_ar1,expanding,72,0,1513
ARG,2016-07-01,6,2017-01-01,2605,2571,2639,2521,2689,glm_ar1,expanding,72,0,30
ATG,2016-07-01,1,2016-08-01,10,8,12,5,16,glm_ar1,expanding,16,0,8
ATG,2016-07-01,2,2016-09-01,16,13,19,10,23,glm_ar1,expanding,16,0,11
ATG,2016-07-01,3,2016-10-01,24,21,28,17,33,glm_ar1,expanding,16,0,10
ATG,2016-07-01,4,2016-11-01,35,31,39,26,45,glm_ar1,expanding,16,0,12
ATG,2016-07-01,5,2016-12-01,49,45,54,38,61,glm_ar1,expanding,16,0,12
ATG,2016-07-01,6,2017-01-01,68,62,73,54,81,glm_ar1,expanding,16,0,0
AUS,2016-07-01,1,2016-08-01,248,237,258,222,274,glm_ar1,expanding,71,0,141
AUS,2016-07-01,2,2016-09-01,311,299,322,282,340,glm_ar1,expanding,71,0,103
AUS,2016-07-01,3,2016-10-01,385,372,399,353,418,glm_ar1,expanding,71,0,122
AUS,2016-07-01,4,2016-11-01,473,459,488,438,509,glm_ar1,expanding,71,0,113
AUS,2016-07-01,5,2016-12-01,576,559,592,536,615,glm_ar1,expanding,71,0,107
AUS,2016-07-01,6,2017-01-01,693,676,711,650,737,glm_ar1,expanding,71,0,189
BES,2016-07-01,1,2016-08-01,NA,NA,NA,NA,NA,glm_ar1,expanding,36,0,NA
BES,2016-07-01,2,2016-09-01,NA,NA,NA,NA,NA,glm_ar1,expanding,36,0,NA
BES,2016-07-01,3,2016-10-01,NA,NA,NA,NA,NA,glm_ar1,expanding,36,0,NA
BES,2016-07-01,4,2016-11-01,NA,NA,NA,NA,NA,glm_ar1,expanding,36,0,NA
BES,2016-07-01,5,2016-12-01,NA,NA,NA,NA,NA,glm_ar1,expanding,36,0,NA
BES,2016-07-01,6,2017-01-01,NA,NA,NA,NA,NA,glm_ar1,expanding,36,0,NA
BFA,2016-07-01,1,2016-08-01,2,1,2,0,4,glm_ar1,expanding,15,0,0
BFA,2016-07-01,2,2016-09-01,4,3,5,1,8,glm_ar1,expanding,15,0,0
BFA,2016-07-01,3,2016-10-01,7,6,9,3,12,glm_ar1,expanding,15,0,994
BFA,2016-07-01,4,2016-11-01,12,10,15,7,18,glm_ar1,expanding,15,0,468
BFA,2016-07-01,5,2016-12-01,19,16,22,12,27,glm_ar1,expanding,15,0,117
BFA,2016-07-01,6,2017-01-01,28,24,32,20,37,glm_ar1,expanding,15,0,146
BGD,2016-07-01,1,2016-08-01,1091,1069,1113,1037,1146,glm_ar1,expanding,77,0,1451
BGD,2016-07-01,2,2016-09-01,1275,1251,1299,1217,1334,glm_ar1,expanding,77,0,1544
BGD,2016-07-01,3,2016-10-01,1480,1454,1506,1417,1544,glm_ar1,expanding,77,0,1077
BGD,2016-07-01,4,2016-11-01,1706,1678,1734,1639,1774,glm_ar1,expanding,77,0,522
BGD,2016-07-01,5,2016-12-01,1954,1924,1984,1881,2027,glm_ar1,expanding,77,0,145
BGD,2016-07-01,6,2017-01-01,2223,2192,2255,2146,2301,glm_ar1,expanding,77,0,92
BHS,2016-07-01,1,2016-08-01,7,6,9,3,12,glm_ar1,expanding,40,36,12
BHS,2016-07-01,2,2016-09-01,12,10,15,7,18,glm_ar1,expanding,40,36,22
BHS,2016-07-01,3,2016-10-01,19,16,22,12,27,glm_ar1,expanding,40,36,12
BHS,2016-07-01,4,2016-11-01,28,24,32,20,37,glm_ar1,expanding,40,36,8
BHS,2016-07-01,5,2016-12-01,40,36,44,30,51,glm_ar1,expanding,40,36,5
BHS,2016-07-01,6,2017-01-01,56,51,61,44,68,glm_ar1,expanding,40,36,0
BLM,2016-07-01,1,2016-08-01,7,6,9,3,12,glm_ar1,expanding,52,0,5
BLM,2016-07-01,2,2016-09-01,12,10,15,7,18,glm_ar1,expanding,52,0,6
BLM,2016-07-01,3,2016-10-01,19,16,22,12,27,glm_ar1,expanding,52,0,6
BLM,2016-07-01,4,2016-11-01,28,24,32,20,37,glm_ar1,expanding,52,0,12
BLM,2016-07-01,5,2016-12-01,40,36,44,30,51,glm_ar1,expanding,52,0,13
BLM,2016-07-01,6,2017-01-01,56,51,61,44,68,glm_ar1,expanding,52,0,4
BLZ,2016-07-01,1,2016-08-01,517,502,532,480,555,glm_ar1,expanding,77,0,605
BLZ,2016-07-01,2,2016-09-01,626,609,643,585,668,glm_ar1,expanding,77,0,589
BLZ,2016-07-01,3,2016-10-01,751,733,770,706,797,glm_ar1,expanding,77,0,453
BLZ,2016-07-01,4,2016-11-01,894,873,914,845,943,glm_ar1,expanding,77,0,198
BLZ,2016-07-01,5,2016-12-01,1055,1033,1076,1002,1108,glm_ar1,expanding,77,0,206
BLZ,2016-07-01,6,2017-01-01,1235,1211,1259,1177,1293,glm_ar1,expanding,77,0,431
BOL,2016-07-01,1,2016-08-01,560,544,576,521,599,glm_ar1,expanding,72,0,332
BOL,2016-07-01,2,2016-09-01,676,658,693,633,719,glm_ar1,expanding,72,0,324
BOL,2016-07-01,3,2016-10-01,808,788,827,761,855,glm_ar1,expanding,72,0,844
BOL,2016-07-01,4,2016-11-01,958,937,978,907,1009,glm_ar1,expanding,72,0,2298
BOL,2016-07-01,5,2016-12-01,1126,1104,1149,1072,1182,glm_ar1,expanding,72,0,2540
BOL,2016-07-01,6,2017-01-01,1315,1290,1339,1256,1375,glm_ar1,expanding,72,0,2754
BRA,2016-07-01,1,2016-08-01,34688,34563,34814,34382,34995,glm_ar1,expanding,70,0,20825
BRA,2016-07-01,2,2016-09-01,34601,34476,34727,34296,34908,glm_ar1,expanding,70,0,18762
BRA,2016-07-01,3,2016-10-01,34518,34393,34644,34213,34824,glm_ar1,expanding,70,0,27440
BRA,2016-07-01,4,2016-11-01,34439,34314,34565,34135,34745,glm_ar1,expanding,70,0,28828
BRA,2016-07-01,5,2016-12-01,34364,34239,34489,34060,34670,glm_ar1,expanding,70,0,26279
BRA,2016-07-01,6,2017-01-01,34293,34168,34418,33988,34598,glm_ar1,expanding,70,0,70600
BRB,2016-07-01,1,2016-08-01,120,113,128,103,139,glm_ar1,expanding,76,0,157
BRB,2016-07-01,2,2016-09-01,157,148,165,136,178,glm_ar1,expanding,76,0,197
BRB,2016-07-01,3,2016-10-01,201,191,211,178,225,glm_ar1,expanding,76,0,205
BRB,2016-07-01,4,2016-11-01,255,244,266,229,282,glm_ar1,expanding,76,0,58
BRB,2016-07-01,5,2016-12-01,319,307,331,290,349,glm_ar1,expanding,76,0,31
BRB,2016-07-01,6,2017-01-01,396,382,409,363,429,glm_ar1,expanding,76,0,61
BRN,2016-07-01,1,2016-08-01,10,8,12,5,16,glm_ar1,expanding,75,0,12
BRN,2016-07-01,2,2016-09-01,16,13,19,10,23,glm_ar1,expanding,75,0,6
BRN,2016-07-01,3,2016-10-01,24,21,28,17,33,glm_ar1,expanding,75,0,6
BRN,2016-07-01,4,2016-11-01,35,31,39,26,45,glm_ar1,expanding,75,0,7
BRN,2016-07-01,5,2016-12-01,49,45,54,38,61,glm_ar1,expanding,75,0,9
BRN,2016-07-01,6,2017-01-01,68,62,73,54,81,glm_ar1,expanding,75,0,8
BTN,2016-07-01,1,2016-08-01,61,55,66,48,74,glm_ar1,expanding,41,36,74
BTN,2016-07-01,2,2016-09-01,82,76,88,68,97,glm_ar1,expanding,41,36,72
BTN,2016-07-01,3,2016-10-01,109,102,116,93,127,glm_ar1,expanding,41,36,74
BTN,2016-07-01,4,2016-11-01,143,135,151,124,163,glm_ar1,expanding,41,36,69
BTN,2016-07-01,5,2016-12-01,185,175,194,163,207,glm_ar1,expanding,41,36,54
BTN,2016-07-01,6,2017-01-01,235,225,245,210,261,glm_ar1,expanding,41,36,7
CHL,2016-07-01,1,2016-08-01,NA,NA,NA,NA,NA,glm_ar1,expanding,36,16,NA
CHL,2016-07-01,2,2016-09-01,NA,NA,NA,NA,NA,glm_ar1,expanding,36,16,NA
CHL,2016-07-01,3,2016-10-01,NA,NA,NA,NA,NA,glm_ar1,expanding,36,16,NA
CHL,2016-07-01,4,2016-11-01,NA,NA,NA,NA,NA,glm_ar1,expanding,36,16,NA
CHL,2016-07-01,5,2016-12-01,NA,NA,NA,NA,NA,glm_ar1,expanding,36,16,NA
CHL,2016-07-01,6,2017-01-01,NA,NA,NA,NA,NA,glm_ar1,expanding,36,16,NA
CHN,2016-07-01,1,2016-08-01,161,153,170,141,182,glm_ar1,expanding,77,0,671
CHN,2016-07-01,2,2016-09-01,207,197,216,183,231,glm_ar1,expanding,77,0,690
CHN,2016-07-01,3,2016-10-01,262,251,272,235,289,glm_ar1,expanding,77,0,371
CHN,2016-07-01,4,2016-11-01,327,315,340,298,357,glm_ar1,expanding,77,0,194
CHN,2016-07-01,5,2016-12-01,405,392,419,372,439,glm_ar1,expanding,77,0,0
CHN,2016-07-01,6,2017-01-01,496,481,511,460,533,glm_ar1,expanding,77,0,0
CIV,2016-07-01,1,2016-08-01,NA,NA,NA,NA,NA,glm_ar1,expanding,0,0,NA
CIV,2016-07-01,2,2016-09-01,NA,NA,NA,NA,NA,glm_ar1,expanding,0,0,NA
CIV,2016-07-01,3,2016-10-01,NA,NA,NA,NA,NA,glm_ar1,expanding,0,0,NA
CIV,2016-07-01,4,2016-11-01,NA,NA,NA,NA,NA,glm_ar1,expanding,0,0,NA
CIV,2016-07-01,5,2016-12-01,NA,NA,NA,NA,NA,glm_ar1,expanding,0,0,NA
CIV,2016-07-01,6,2017-01-01,NA,NA,NA,NA,NA,glm_ar1,expanding,0,0,NA
COK,2016-07-01,1,2016-08-01,NA,NA,NA,NA,NA,glm_ar1,expanding,24,7,NA
COK,2016-07-01,2,2016-09-01,NA,NA,NA,NA,NA,glm_ar1,expanding,24,7,NA
COK,2016-07-01,3,2016-10-01,NA,NA,NA,NA,NA,glm_ar1,expanding,24,7,NA
COK,2016-07-01,4,2016-11-01,NA,NA,NA,NA,NA,glm_ar1,expanding,24,7,NA
COK,2016-07-01,5,2016-12-01,NA,NA,NA,NA,NA,glm_ar1,expanding,24,7,NA
COK,2016-07-01,6,2017-01-01,NA,NA,NA,NA,NA,glm_ar1,expanding,24,7,NA
COL,2016-07-01,1,2016-08-01,9396,9331,9462,9237,9556,glm_ar1,expanding,78,0,5803
COL,2016-07-01,2,2016-09-01,9949,9882,10017,9786,10114,glm_ar1,expanding,78,0,4641
COL,2016-07-01,3,2016-10-01,10507,10438,10576,10339,10676,glm_ar1,expanding,78,0,4848
COL,2016-07-01,4,2016-11-01,11069,10998,11140,10896,11242,glm_ar1,expanding,78,0,3733
COL,2016-07-01,5,2016-12-01,11633,11560,11705,11456,11810,glm_ar1,expanding,78,0,3378
COL,2016-07-01,6,2017-01-01,12198,12123,12272,12016,12380,glm_ar1,expanding,78,0,3765
CRI,2016-07-01,1,2016-08-01,5112,5064,5160,4995,5230,glm_ar1,expanding,77,0,3923
CRI,2016-07-01,2,2016-09-01,5566,5515,5616,5443,5689,glm_ar1,expanding,77,0,2891
CRI,2016-07-01,3,2016-10-01,6036,5984,6089,5909,6164,glm_ar1,expanding,77,0,2706
CRI,2016-07-01,4,2016-11-01,6522,6468,6577,6390,6655,glm_ar1,expanding,77,0,1846
CRI,2016-07-01,5,2016-12-01,7022,6966,7079,6885,7161,glm_ar1,expanding,77,0,1298
CRI,2016-07-01,6,2017-01-01,7535,7477,7594,7393,7678,glm_ar1,expanding,77,0,1028
CUB,2016-07-01,1,2016-08-01,183,174,192,161,206,glm_ar1,expanding,28,0,211
CUB,2016-07-01,2,2016-09-01,233,223,244,209,259,glm_ar1,expanding,28,0,284
CUB,2016-07-01,3,2016-10-01,294,282,305,266,322,glm_ar1,expanding,28,0,265
CUB,2016-07-01,4,2016-11-01,366,353,378,334,397,glm_ar1,expanding,28,0,219
CUB,2016-07-01,5,2016-12-01,450,436,464,415,485,glm_ar1,expanding,28,0,172
CUB,2016-07-01,6,2017-01-01,548,533,564,510,587,glm_ar1,expanding,28,0,103
CUW,2016-07-01,1,2016-08-01,NA,NA,NA,NA,NA,glm_ar1,expanding,48,0,NA
CUW,2016-07-01,2,2016-09-01,NA,NA,NA,NA,NA,glm_ar1,expanding,48,0,NA
CUW,2016-07-01,3,2016-10-01,NA,NA,NA,NA,NA,glm_ar1,expanding,48,0,NA
CUW,2016-07-01,4,2016-11-01,NA,NA,NA,NA,NA,glm_ar1,expanding,48,0,NA
CUW,2016-07-01,5,2016-12-01,NA,NA,NA,NA,NA,glm_ar1,expanding,48,0,NA
CUW,2016-07-01,6,2017-01-01,NA,NA,NA,NA,NA,glm_ar1,expanding,48,0,NA
CYM,2016-07-01,1,2016-08-01,16,13,18,10,23,glm_ar1,expanding,52,0,6
CYM,2016-07-01,2,2016-09-01,24,20,27,16,32,glm_ar1,expanding,52,0,13
CYM,2016-07-01,3,2016-10-01,34,30,38,25,44,glm_ar1,expanding,52,0,30
CYM,2016-07-01,4,2016-11-01,48,44,53,37,60,glm_ar1,expanding,52,0,26
CYM,2016-07-01,5,2016-12-01,66,61,72,53,80,glm_ar1,expanding,52,0,12
CYM,2016-07-01,6,2017-01-01,89,83,96,74,105,glm_ar1,expanding,52,0,5
DMA,2016-07-01,1,2016-08-01,33,29,37,24,43,glm_ar1,expanding,64,12,28
DMA,2016-07-01,2,2016-09-01,47,42,52,36,59,glm_ar1,expanding,64,12,37
DMA,2016-07-01,3,2016-10-01,65,59,70,52,78,glm_ar1,expanding,64,12,51
DMA,2016-07-01,4,2016-11-01,87,81,93,72,103,glm_ar1,expanding,64,12,57
DMA,2016-07-01,5,2016-12-01,116,108,123,98,134,glm_ar1,expanding,64,12,36
DMA,2016-07-01,6,2017-01-01,151,142,159,131,171,glm_ar1,expanding,64,12,4
DOM,2016-07-01,1,2016-08-01,529,513,544,491,567,glm_ar1,expanding,77,0,233
DOM,2016-07-01,2,2016-09-01,640,622,656,598,681,glm_ar1,expanding,77,0,174
DOM,2016-07-01,3,2016-10-01,767,748,785,721,812,glm_ar1,expanding,77,0,233
DOM,2016-07-01,4,2016-11-01,911,891,931,862,961,glm_ar1,expanding,77,0,151
DOM,2016-07-01,5,2016-12-01,1074,1052,1096,1021,1128,glm_ar1,expanding,77,0,147
DOM,2016-07-01,6,2017-01-01,1257,1233,1281,1199,1315,glm_ar1,expanding,77,0,97
ECU,2016-07-01,1,2016-08-01,1517,1491,1544,1454,1582,glm_ar1,expanding,69,0,567
ECU,2016-07-01,2,2016-09-01,1747,1719,1775,1679,1816,glm_ar1,expanding,69,0,471
ECU,2016-07-01,3,2016-10-01,1998,1968,2029,1925,2072,glm_ar1,expanding,69,0,400
ECU,2016-07-01,4,2016-11-01,2272,2240,2304,2194,2351,glm_ar1,expanding,69,0,287
ECU,2016-07-01,5,2016-12-01,2567,2533,2601,2484,2651,glm_ar1,expanding,69,0,689
ECU,2016-07-01,6,2017-01-01,2885,2849,2921,2797,2974,glm_ar1,expanding,69,0,751
ERI,2016-07-01,1,2016-08-01,NA,NA,NA,NA,NA,glm_ar1,expanding,60,13,NA
ERI,2016-07-01,2,2016-09-01,NA,NA,NA,NA,NA,glm_ar1,expanding,60,13,NA
ERI,2016-07-01,3,2016-10-01,NA,NA,NA,NA,NA,glm_ar1,expanding,60,13,NA
ERI,2016-07-01,4,2016-11-01,NA,NA,NA,NA,NA,glm_ar1,expanding,60,13,NA
ERI,2016-07-01,5,2016-12-01,NA,NA,NA,NA,NA,glm_ar1,expanding,60,13,NA
ERI,2016-07-01,6,2017-01-01,NA,NA,NA,NA,NA,glm_ar1,expanding,60,13,NA
ETH,2016-07-01,1,2016-08-01,NA,NA,NA,NA,NA,glm_ar1,expanding,12,27,NA
ETH,2016-07-01,2,2016-09-01,NA,NA,NA,NA,NA,glm_ar1,expanding,12,27,NA
ETH,2016-07-01,3,2016-10-01,NA,NA,NA,NA,NA,glm_ar1,expanding,12,27,NA
ETH,2016-07-01,4,2016-11-01,NA,NA,NA,NA,NA,glm_ar1,expanding,12,27,NA
ETH,2016-07-01,5,2016-12-01,NA,NA,NA,NA,NA,glm_ar1,expanding,12,27,NA
ETH,2016-07-01,6,2017-01-01,NA,NA,NA,NA,NA,glm_ar1,expanding,12,27,NA
FJI,2016-07-01,1,2016-08-01,57,52,62,45,70,glm_ar1,expanding,69,0,27
FJI,2016-07-01,2,2016-09-01,77,71,83,63,92,glm_ar1,expanding,69,0,22
FJI,2016-07-01,3,2016-10-01,103,96,110,87,120,glm_ar1,expanding,69,0,20
FJI,2016-07-01,4,2016-11-01,136,128,143,117,155,glm_ar1,expanding,69,0,40
FJI,2016-07-01,5,2016-12-01,175,166,184,154,197,glm_ar1,expanding,69,0,49
FJI,2016-07-01,6,2017-01-01,224,214,234,200,249,glm_ar1,expanding,69,0,1022
FSM,2016-07-01,1,2016-08-01,9,7,11,4,14,glm_ar1,expanding,4,0,10
FSM,2016-07-01,2,2016-09-01,14,12,17,8,21,glm_ar1,expanding,4,0,14
FSM,2016-07-01,3,2016-10-01,22,19,25,14,30,glm_ar1,expanding,4,0,12
FSM,2016-07-01,4,2016-11-01,32,28,35,23,41,glm_ar1,expanding,4,0,10
FSM,2016-07-01,5,2016-12-01,45,40,49,34,56,glm_ar1,expanding,4,0,5
FSM,2016-07-01,6,2017-01-01,62,56,67,49,75,glm_ar1,expanding,4,0,1
GLP,2016-07-01,1,2016-08-01,9,7,11,4,14,glm_ar1,expanding,76,0,6
GLP,2016-07-01,2,2016-09-01,14,12,17,8,21,glm_ar1,expanding,76,0,28
GLP,2016-07-01,3,2016-10-01,22,19,25,14,30,glm_ar1,expanding,76,0,26
GLP,2016-07-01,4,2016-11-01,32,28,35,23,41,glm_ar1,expanding,76,0,32
GLP,2016-07-01,5,2016-12-01,45,40,49,34,56,glm_ar1,expanding,76,0,17
GLP,2016-07-01,6,2017-01-01,62,56,67,49,75,glm_ar1,expanding,76,0,86
GRD,2016-07-01,1,2016-08-01,25,22,29,17,34,glm_ar1,expanding,65,12,10
GRD,2016-07-01,2,2016-09-01,36,32,40,27,47,glm_ar1,expanding,65,12,10
GRD,2016-07-01,3,2016-10-01,51,46,56,40,63,glm_ar1,expanding,65,12,8
GRD,2016-07-01,4,2016-11-01,70,64,75,56,84,glm_ar1,expanding,65,12,6
GRD,2016-07-01,5,2016-12-01,94,87,100,78,110,glm_ar1,expanding,65,12,6
GRD,2016-07-01,6,2017-01-01,124,116,131,106,142,glm_ar1,expanding,65,12,12
GTM,2016-07-01,1,2016-08-01,1270,1246,1294,1212,1329,glm_ar1,expanding,78,0,1702
GTM,2016-07-01,2,2016-09-01,1474,1448,1500,1411,1538,glm_ar1,expanding,78,0,898
GTM,2016-07-01,3,2016-10-01,1700,1672,1727,1632,1768,glm_ar1,expanding,78,0,883
GTM,2016-07-01,4,2016-11-01,1947,1917,1976,1874,2019,glm_ar1,expanding,78,0,352
GTM,2016-07-01,5,2016-12-01,2216,2184,2247,2138,2293,glm_ar1,expanding,78,0,238
GTM,2016-07-01,6,2017-01-01,2507,2473,2540,2425,2589,glm_ar1,expanding,78,0,179
GUF,2016-07-01,1,2016-08-01,54,49,59,43,67,glm_ar1,expanding,70,0,39
GUF,2016-07-01,2,2016-09-01,74,68,80,60,88,glm_ar1,expanding,70,0,19
GUF,2016-07-01,3,2016-10-01,99,92,106,83,116,glm_ar1,expanding,70,0,19
GUF,2016-07-01,4,2016-11-01,130,123,138,112,149,glm_ar1,expanding,70,0,26
GUF,2016-07-01,5,2016-12-01,169,160,178,148,191,glm_ar1,expanding,70,0,24
GUF,2016-07-01,6,2017-01-01,216,206,226,192,241,glm_ar1,expanding,70,0,120
GUY,2016-07-01,1,2016-08-01,54,49,59,43,67,glm_ar1,expanding,79,0,25
GUY,2016-07-01,2,2016-09-01,74,68,80,60,88,glm_ar1,expanding,79,0,26
GUY,2016-07-01,3,2016-10-01,99,92,106,83,116,glm_ar1,expanding,79,0,26
GUY,2016-07-01,4,2016-11-01,130,123,138,112,149,glm_ar1,expanding,79,0,22
GUY,2016-07-01,5,2016-12-01,169,160,178,148,191,glm_ar1,expanding,79,0,21
GUY,2016-07-01,6,2017-01-01,216,206,226,192,241,glm_ar1,expanding,79,0,NA
HND,2016-07-01,1,2016-08-01,2610,2575,2644,2526,2694,glm_ar1,expanding,78,0,1458
HND,2016-07-01,2,2016-09-01,2930,2894,2967,2842,3020,glm_ar1,expanding,78,0,989
HND,2016-07-01,3,2016-10-01,3273,3234,3311,3179,3367,glm_ar1,expanding,78,0,1247
HND,2016-07-01,4,2016-11-01,3637,3596,3678,3538,3737,glm_ar1,expanding,78,0,613
HND,2016-07-01,5,2016-12-01,4022,3980,4065,3918,4127,glm_ar1,expanding,78,0,551
HND,2016-07-01,6,2017-01-01,4428,4383,4473,4319,4538,glm_ar1,expanding,78,0,564
HTI,2016-07-01,1,2016-08-01,NA,NA,NA,NA,NA,glm_ar1,expanding,0,0,NA
HTI,2016-07-01,2,2016-09-01,NA,NA,NA,NA,NA,glm_ar1,expanding,0,0,NA
HTI,2016-07-01,3,2016-10-01,NA,NA,NA,NA,NA,glm_ar1,expanding,0,0,NA
HTI,2016-07-01,4,2016-11-01,NA,NA,NA,NA,NA,glm_ar1,expanding,0,0,NA
HTI,2016-07-01,5,2016-12-01,NA,NA,NA,NA,NA,glm_ar1,expanding,0,0,NA
HTI,2016-07-01,6,2017-01-01,NA,NA,NA,NA,NA,glm_ar1,expanding,0,0,NA
IDN,2016-07-01,1,2016-08-01,12570,12494,12645,12386,12754,glm_ar1,expanding,70,0,11342
IDN,2016-07-01,2,2016-09-01,13133,13056,13211,12945,13322,glm_ar1,expanding,70,0,9277
IDN,2016-07-01,3,2016-10-01,13695,13616,13774,13503,13888,glm_ar1,expanding,70,0,8855
IDN,2016-07-01,4,2016-11-01,14253,14173,14334,14057,14450,glm_ar1,expanding,70,0,8669
IDN,2016-07-01,5,2016-12-01,14807,14725,14889,14607,15008,glm_ar1,expanding,70,0,6733
IDN,2016-07-01,6,2017-01-01,15356,15272,15439,15152,15560,glm_ar1,expanding,70,0,12683
IND,2016-07-01,1,2016-08-01,11995,11921,12068,11815,12175,glm_ar1,expanding,76,0,15463
IND,2016-07-01,2,2016-09-01,12559,12484,12635,12375,12744,glm_ar1,expanding,76,0,19421
IND,2016-07-01,3,2016-10-01,13123,13046,13200,12935,13312,glm_ar1,expanding,76,0,26376
IND,2016-07-01,4,2016-11-01,13685,13606,13764,13493,13877,glm_ar1,expanding,76,0,17543
IND,2016-07-01,5,2016-12-01,14243,14162,14323,14047,14440,glm_ar1,expanding,76,0,10199
IND,2016-07-01,6,2017-01-01,14797,14715,14879,14597,14997,glm_ar1,expanding,76,0,11158
JAM,2016-07-01,1,2016-08-01,737,719,756,693,782,glm_ar1,expanding,75,0,0
JAM,2016-07-01,2,2016-09-01,878,858,898,830,927,glm_ar1,expanding,75,0,255
JAM,2016-07-01,3,2016-10-01,1037,1015,1059,984,1090,glm_ar1,expanding,75,0,222
JAM,2016-07-01,4,2016-11-01,1215,1192,1239,1158,1273,glm_ar1,expanding,75,0,222
JAM,2016-07-01,5,2016-12-01,1414,1388,1439,1352,1476,glm_ar1,expanding,75,0,28
JAM,2016-07-01,6,2017-01-01,1633,1606,1660,1567,1700,glm_ar1,expanding,75,0,12
KEN,2016-07-01,1,2016-08-01,112,104,119,94,129,glm_ar1,expanding,41,0,140
KEN,2016-07-01,2,2016-09-01,146,138,154,126,166,glm_ar1,expanding,41,0,28
KEN,2016-07-01,3,2016-10-01,188,179,197,166,211,glm_ar1,expanding,41,0,21
KEN,2016-07-01,4,2016-11-01,239,229,249,214,265,glm_ar1,expanding,41,0,7
KEN,2016-07-01,5,2016-12-01,301,289,312,272,329,glm_ar1,expanding,41,0,7
KEN,2016-07-01,6,2017-01-01,374,360,386,342,406,glm_ar1,expanding,41,0,131
KHM,2016-07-01,1,2016-08-01,2529,2495,2563,2446,2612,glm_ar1,expanding,78,0,1934
KHM,2016-07-01,2,2016-09-01,2844,2808,2880,2756,2932,glm_ar1,expanding,78,0,1284
KHM,2016-07-01,3,2016-10-01,3181,3142,3219,3088,3274,glm_ar1,expanding,78,0,987
KHM,2016-07-01,4,2016-11-01,3539,3499,3579,3442,3637,glm_ar1,expanding,78,0,678
KHM,2016-07-01,5,2016-12-01,3919,3877,3961,3816,4022,glm_ar1,expanding,78,0,425
KHM,2016-07-01,6,2017-01-01,4319,4275,4363,4211,4427,glm_ar1,expanding,78,0,149
KIR,2016-07-01,1,2016-08-01,NA,NA,NA,NA,NA,glm_ar1,expanding,48,16,NA
KIR,2016-07-01,2,2016-09-01,NA,NA,NA,NA,NA,glm_ar1,expanding,48,16,NA
KIR,2016-07-01,3,2016-10-01,NA,NA,NA,NA,NA,glm_ar1,expanding,48,16,NA
KIR,2016-07-01,4,2016-11-01,NA,NA,NA,NA,NA,glm_ar1,expanding,48,16,NA
KIR,2016-07-01,5,2016-12-01,NA,NA,NA,NA,NA,glm_ar1,expanding,48,16,NA
KIR,2016-07-01,6,2017-01-01,NA,NA,NA,NA,NA,glm_ar1,expanding,48,16,NA
KNA,2016-07-01,1,2016-08-01,7,6,9,3,12,glm_ar1,expanding,28,12,4
KNA,2016-07-01,2,2016-09-01,12,10,15,7,18,glm_ar1,expanding,28,12,12
KNA,2016-07-01,3,2016-10-01,19,16,22,12,27,glm_ar1,expanding,28,12,22
KNA,2016-07-01,4,2016-11-01,28,24,32,20,37,glm_ar1,expanding,28,12,21
KNA,2016-07-01,5,2016-12-01,40,36,44,30,51,glm_ar1,expanding,28,12,16
KNA,2016-07-01,6,2017-01-01,56,51,61,44,68,glm_ar1,expanding,28,12,1
LAO,2016-07-01,1,2016-08-01,1212,1188,1235,1155,1269,glm_ar1,expanding,78,0,769
LAO,2016-07-01,2,2016-09-01,1410,1384,1435,1348,1472,glm_ar1,expanding,78,0,641
LAO,2016-07-01,3,2016-10-01,1629,1602,1656,1563,1695,glm_ar1,expanding,78,0,904
LAO,2016-07-01,4,2016-11-01,1869,1840,1898,1798,1941,glm_ar1,expanding,78,0,593
LAO,2016-07-01,5,2016-12-01,2131,2100,2163,2056,2208,glm_ar1,expanding,78,0,386
LAO,2016-07-01,6,2017-01-01,2416,2383,2449,2335,2497,glm_ar1,expanding,78,0,329
LCA,2016-07-01,1,2016-08-01,25,22,29,17,34,glm_ar1,expanding,65,12,20
LCA,2016-07-01,2,2016-09-01,36,32,40,27,47,glm_ar1,expanding,65,12,51
LCA,2016-07-01,3,2016-10-01,51,46,56,40,63,glm_ar1,expanding,65,12,19
LCA,2016-07-01,4,2016-11-01,70,64,75,56,84,glm_ar1,expanding,65,12,21
LCA,2016-07-01,5,2016-12-01,94,87,100,78,110,glm_ar1,expanding,65,12,10
LCA,2016-07-01,6,2017-01-01,124,116,131,106,142,glm_ar1,expanding,65,12,5
LKA,2016-07-01,1,2016-08-01,11758,11685,11831,11580,11937,glm_ar1,expanding,78,0,5090
LKA,2016-07-01,2,2016-09-01,12323,12248,12398,12141,12506,glm_ar1,expanding,78,0,3145
LKA,2016-07-01,3,2016-10-01,12887,12811,12964,12701,13074,glm_ar1,expanding,78,0,2928
LKA,2016-07-01,4,2016-11-01,13450,13372,13528,13259,13641,glm_ar1,expanding,78,0,2359
LKA,2016-07-01,5,2016-12-01,14010,13930,14089,13815,14205,glm_ar1,expanding,78,0,5556
LKA,2016-07-01,6,2017-01-01,14566,14484,14647,14367,14764,glm_ar1,expanding,78,0,13477
MAF,2016-07-01,1,2016-08-01,20,17,23,13,28,glm_ar1,expanding,74,0,14
MAF,2016-07-01,2,2016-09-01,29,26,33,21,38,glm_ar1,expanding,74,0,18
MAF,2016-07-01,3,2016-10-01,42,37,46,31,53,glm_ar1,expanding,74,0,39
MAF,2016-07-01,4,2016-11-01,58,53,63,46,71,glm_ar1,expanding,74,0,56
MAF,2016-07-01,5,2016-12-01,79,72,84,64,93,glm_ar1,expanding,74,0,34
MAF,2016-07-01,6,2017-01-01,105,98,111,88,122,glm_ar1,expanding,74,0,25
MDV,2016-07-01,1,2016-08-01,380,367,393,348,412,glm_ar1,expanding,78,0,149
MDV,2016-07-01,2,2016-09-01,467,452,481,432,503,glm_ar1,expanding,78,0,122
MDV,2016-07-01,3,2016-10-01,568,552,584,529,608,glm_ar1,expanding,78,0,106
MDV,2016-07-01,4,2016-11-01,685,667,702,642,728,glm_ar1,expanding,78,0,30
MDV,2016-07-01,5,2016-12-01,818,799,837,771,866,glm_ar1,expanding,78,0,85
MDV,2016-07-01,6,2017-01-01,969,948,990,919,1021,glm_ar1,expanding,78,0,83
MEX,2016-07-01,1,2016-08-01,12395,12320,12470,12212,12578,glm_ar1,expanding,78,0,19942
MEX,2016-07-01,2,2016-09-01,12959,12882,13036,12772,13147,glm_ar1,expanding,78,0,21066
MEX,2016-07-01,3,2016-10-01,13521,13443,13600,13330,13713,glm_ar1,expanding,78,0,25411
MEX,2016-07-01,4,2016-11-01,14081,14001,14161,13886,14276,glm_ar1,expanding,78,0,12479
MEX,2016-07-01,5,2016-12-01,14636,14554,14718,14437,14835,glm_ar1,expanding,78,0,3304
MEX,2016-07-01,6,2017-01-01,15186,15103,15269,14984,15389,glm_ar1,expanding,78,0,2471
MHL,2016-07-01,1,2016-08-01,NA,NA,NA,NA,NA,glm_ar1,expanding,12,50,NA
MHL,2016-07-01,2,2016-09-01,NA,NA,NA,NA,NA,glm_ar1,expanding,12,50,NA
MHL,2016-07-01,3,2016-10-01,NA,NA,NA,NA,NA,glm_ar1,expanding,12,50,NA
MHL,2016-07-01,4,2016-11-01,NA,NA,NA,NA,NA,glm_ar1,expanding,12,50,NA
MHL,2016-07-01,5,2016-12-01,NA,NA,NA,NA,NA,glm_ar1,expanding,12,50,NA
MHL,2016-07-01,6,2017-01-01,NA,NA,NA,NA,NA,glm_ar1,expanding,12,50,NA
MMR,2016-07-01,1,2016-08-01,1505,1479,1531,1442,1569,glm_ar1,expanding,78,0,1298
MMR,2016-07-01,2,2016-09-01,1734,1706,1762,1666,1803,glm_ar1,expanding,78,0,1298
MMR,2016-07-01,3,2016-10-01,1984,1954,2014,1911,2057,glm_ar1,expanding,78,0,1298
MMR,2016-07-01,4,2016-11-01,2256,2224,2288,2178,2334,glm_ar1,expanding,78,0,649
MMR,2016-07-01,5,2016-12-01,2550,2516,2584,2468,2634,glm_ar1,expanding,78,0,0
MMR,2016-07-01,6,2017-01-01,2867,2831,2903,2779,2955,glm_ar1,expanding,78,0,0
MRT,2016-07-01,1,2016-08-01,NA,NA,NA,NA,NA,glm_ar1,expanding,0,0,NA
MRT,2016-07-01,2,2016-09-01,NA,NA,NA,NA,NA,glm_ar1,expanding,0,0,NA
MRT,2016-07-01,3,2016-10-01,NA,NA,NA,NA,NA,glm_ar1,expanding,0,0,NA
MRT,2016-07-01,4,2016-11-01,NA,NA,NA,NA,NA,glm_ar1,expanding,0,0,NA
MRT,2016-07-01,5,2016-12-01,NA,NA,NA,NA,NA,glm_ar1,expanding,0,0,NA
MRT,2016-07-01,6,2017-01-01,NA,NA,NA,NA,NA,glm_ar1,expanding,0,0,NA
MTQ,2016-07-01,1,2016-08-01,10,8,12,5,16,glm_ar1,expanding,75,0,6
MTQ,2016-07-01,2,2016-09-01,16,13,19,10,23,glm_ar1,expanding,75,0,15
MTQ,2016-07-01,3,2016-10-01,24,21,28,17,33,glm_ar1,expanding,75,0,21
MTQ,2016-07-01,4,2016-11-01,35,31,39,26,45,glm_ar1,expanding,75,0,18
MTQ,2016-07-01,5,2016-12-01,49,45,54,38,61,glm_ar1,expanding,75,0,12
MTQ,2016-07-01,6,2017-01-01,68,62,73,54,81,glm_ar1,expanding,75,0,15
MYS,2016-07-01,1,2016-08-01,10933,10862,11003,10761,11105,glm_ar1,expanding,78,0,9204
MYS,2016-07-01,2,2016-09-01,11496,11424,11568,11320,11673,glm_ar1,expanding,78,0,7777
MYS,2016-07-01,3,2016-10-01,12061,11987,12135,11881,12242,glm_ar1,expanding,78,0,7792
MYS,2016-07-01,4,2016-11-01,12626,12550,12701,12441,12811,glm_ar1,expanding,78,0,5516
MYS,2016-07-01,5,2016-12-01,13189,13112,13267,13001,13378,glm_ar1,expanding,78,0,6120
MYS,2016-07-01,6,2017-01-01,13750,13671,13829,13558,13944,glm_ar1,expanding,78,0,9379
NCL,2016-07-01,1,2016-08-01,NA,NA,NA,NA,NA,glm_ar1,expanding,48,11,NA
NCL,2016-07-01,2,2016-09-01,NA,NA,NA,NA,NA,glm_ar1,expanding,48,11,0
NCL,2016-07-01,3,2016-10-01,NA,NA,NA,NA,NA,glm_ar1,expanding,48,11,0
NCL,2016-07-01,4,2016-11-01,NA,NA,NA,NA,NA,glm_ar1,expanding,48,11,0
NCL,2016-07-01,5,2016-12-01,NA,NA,NA,NA,NA,glm_ar1,expanding,48,11,0
NCL,2016-07-01,6,2017-01-01,NA,NA,NA,NA,NA,glm_ar1,expanding,48,11,440
NIC,2016-07-01,1,2016-08-01,19799,19704,19893,19567,20030,glm_ar1,expanding,77,0,9814
NIC,2016-07-01,2,2016-09-01,20261,20165,20357,20028,20496,glm_ar1,expanding,77,0,6340
NIC,2016-07-01,3,2016-10-01,20713,20616,20810,20477,20950,glm_ar1,expanding,77,0,7226
NIC,2016-07-01,4,2016-11-01,21154,21055,21252,20915,21393,glm_ar1,expanding,77,0,5647
NIC,2016-07-01,5,2016-12-01,21583,21483,21682,21341,21824,glm_ar1,expanding,77,0,3945
NIC,2016-07-01,6,2017-01-01,22000,21900,22100,21756,22244,glm_ar1,expanding,77,0,5316
NPL,2016-07-01,1,2016-08-01,133,125,140,114,152,glm_ar1,expanding,77,0,234
NPL,2016-07-01,2,2016-09-01,172,163,181,151,194,glm_ar1,expanding,77,0,409
NPL,2016-07-01,3,2016-10-01,220,210,230,196,244,glm_ar1,expanding,77,0,380
NPL,2016-07-01,4,2016-11-01,277,266,288,250,305,glm_ar1,expanding,77,0,195
NPL,2016-07-01,5,2016-12-01,346,333,359,316,377,glm_ar1,expanding,77,0,63
NPL,2016-07-01,6,2017-01-01,427,413,441,393,461,glm_ar1,expanding,77,0,37
OMN,2016-07-01,1,2016-08-01,NA,NA,NA,NA,NA,glm_ar1,expanding,0,0,NA
OMN,2016-07-01,2,2016-09-01,NA,NA,NA,NA,NA,glm_ar1,expanding,0,0,NA
OMN,2016-07-01,3,2016-10-01,NA,NA,NA,NA,NA,glm_ar1,expanding,0,0,NA
OMN,2016-07-01,4,2016-11-01,NA,NA,NA,NA,NA,glm_ar1,expanding,0,0,NA
OMN,2016-07-01,5,2016-12-01,NA,NA,NA,NA,NA,glm_ar1,expanding,0,0,NA
OMN,2016-07-01,6,2017-01-01,NA,NA,NA,NA,NA,glm_ar1,expanding,0,0,NA
PAK,2016-07-01,1,2016-08-01,462,448,477,427,498,glm_ar1,expanding,77,0,839
PAK,2016-07-01,2,2016-09-01,563,547,579,524,602,glm_ar1,expanding,77,0,2548
PAK,2016-07-01,3,2016-10-01,679,661,696,636,722,glm_ar1,expanding,77,0,2117
PAK,2016-07-01,4,2016-11-01,811,792,830,765,858,glm_ar1,expanding,77,0,1014
PAK,2016-07-01,5,2016-12-01,962,941,982,911,1013,glm_ar1,expanding,77,0,320
PAK,2016-07-01,6,2017-01-01,1131,1108,1153,1076,1186,glm_ar1,expanding,77,0,560
PAN,2016-07-01,1,2016-08-01,2156,2125,2187,2080,2233,glm_ar1,expanding,76,0,660
PAN,2016-07-01,2,2016-09-01,2443,2409,2476,2362,2524,glm_ar1,expanding,76,0,820
PAN,2016-07-01,3,2016-10-01,2751,2716,2787,2665,2838,glm_ar1,expanding,76,0,1252
PAN,2016-07-01,4,2016-11-01,3082,3044,3119,2991,3173,glm_ar1,expanding,76,0,1651
PAN,2016-07-01,5,2016-12-01,3434,3395,3474,3338,3531,glm_ar1,expanding,76,0,1777
PAN,2016-07-01,6,2017-01-01,3808,3766,3850,3707,3910,glm_ar1,expanding,76,0,1382
PER,2016-07-01,1,2016-08-01,1178,1155,1201,1122,1235,glm_ar1,expanding,71,0,550
PER,2016-07-01,2,2016-09-01,1373,1348,1398,1312,1434,glm_ar1,expanding,71,0,638
PER,2016-07-01,3,2016-10-01,1588,1561,1615,1523,1654,glm_ar1,expanding,71,0,1087
PER,2016-07-01,4,2016-11-01,1824,1795,1853,1754,1895,glm_ar1,expanding,71,0,1297
PER,2016-07-01,5,2016-12-01,2083,2052,2113,2008,2158,glm_ar1,expanding,71,0,1069
PER,2016-07-01,6,2017-01-01,2363,2330,2396,2283,2443,glm_ar1,expanding,71,0,2151
PHL,2016-07-01,1,2016-08-01,28463,28349,28577,28186,28741,glm_ar1,expanding,76,0,34561
PHL,2016-07-01,2,2016-09-01,28649,28535,28763,28371,28928,glm_ar1,expanding,76,0,29824
PHL,2016-07-01,3,2016-10-01,28828,28713,28942,28549,29107,glm_ar1,expanding,76,0,21945
PHL,2016-07-01,4,2016-11-01,29000,28885,29114,28720,29280,glm_ar1,expanding,76,0,19167
PHL,2016-07-01,5,2016-12-01,29164,29049,29279,28884,29446,glm_ar1,expanding,76,0,14183
PHL,2016-07-01,6,2017-01-01,29323,29207,29438,29041,29605,glm_ar1,expanding,76,0,12524
PLW,2016-07-01,1,2016-08-01,NA,NA,NA,NA,NA,glm_ar1,expanding,12,64,NA
PLW,2016-07-01,2,2016-09-01,NA,NA,NA,NA,NA,glm_ar1,expanding,12,64,NA
PLW,2016-07-01,3,2016-10-01,NA,NA,NA,NA,NA,glm_ar1,expanding,12,64,NA
PLW,2016-07-01,4,2016-11-01,NA,NA,NA,NA,NA,glm_ar1,expanding,12,64,NA
PLW,2016-07-01,5,2016-12-01,NA,NA,NA,NA,NA,glm_ar1,expanding,12,64,NA
PLW,2016-07-01,6,2017-01-01,NA,NA,NA,NA,NA,glm_ar1,expanding,12,64,NA
PRI,2016-07-01,1,2016-08-01,NA,NA,NA,NA,NA,glm_ar1,expanding,72,4,NA
PRI,2016-07-01,2,2016-09-01,NA,NA,NA,NA,NA,glm_ar1,expanding,72,4,NA
PRI,2016-07-01,3,2016-10-01,NA,NA,NA,NA,NA,glm_ar1,expanding,72,4,NA
PRI,2016-07-01,4,2016-11-01,NA,NA,NA,NA,NA,glm_ar1,expanding,72,4,NA
PRI,2016-07-01,5,2016-12-01,NA,NA,NA,NA,NA,glm_ar1,expanding,72,4,NA
PRI,2016-07-01,6,2017-01-01,NA,NA,NA,NA,NA,glm_ar1,expanding,72,4,NA
PRY,2016-07-01,1,2016-08-01,3926,3884,3968,3823,4029,glm_ar1,expanding,73,0,11732
PRY,2016-07-01,2,2016-09-01,4327,4282,4371,4219,4435,glm_ar1,expanding,73,0,841
PRY,2016-07-01,3,2016-10-01,4747,4700,4793,4634,4861,glm_ar1,expanding,73,0,850
PRY,2016-07-01,4,2016-11-01,5186,5137,5234,5068,5305,glm_ar1,expanding,73,0,168
PRY,2016-07-01,5,2016-12-01,5643,5592,5693,5519,5766,glm_ar1,expanding,73,0,171
PRY,2016-07-01,6,2017-01-01,6116,6063,6168,5987,6245,glm_ar1,expanding,73,0,116
PYF,2016-07-01,1,2016-08-01,148,139,156,128,168,glm_ar1,expanding,51,24,99
PYF,2016-07-01,2,2016-09-01,190,181,199,168,213,glm_ar1,expanding,51,24,108
PYF,2016-07-01,3,2016-10-01,242,231,252,216,268,glm_ar1,expanding,51,24,89
PYF,2016-07-01,4,2016-11-01,304,292,315,275,333,glm_ar1,expanding,51,24,110
PYF,2016-07-01,5,2016-12-01,377,364,390,346,409,glm_ar1,expanding,51,24,145
PYF,2016-07-01,6,2017-01-01,464,449,478,429,499,glm_ar1,expanding,51,24,12
REU,2016-07-01,1,2016-08-01,3,2,4,1,6,glm_ar1,expanding,33,36,0
REU,2016-07-01,2,2016-09-01,6,4,8,2,11,glm_ar1,expanding,33,36,0
REU,2016-07-01,3,2016-10-01,11,8,13,6,16,glm_ar1,expanding,33,36,0
REU,2016-07-01,4,2016-11-01,17,14,19,10,24,glm_ar1,expanding,33,36,0
REU,2016-07-01,5,2016-12-01,25,21,28,17,33,glm_ar1,expanding,33,36,0
REU,2016-07-01,6,2017-01-01,36,32,40,26,46,glm_ar1,expanding,33,36,1
SAU,2016-07-01,1,2016-08-01,795,775,813,748,841,glm_ar1,expanding,70,0,220
SAU,2016-07-01,2,2016-09-01,943,922,963,893,994,glm_ar1,expanding,70,0,185
SAU,2016-07-01,3,2016-10-01,1110,1087,1132,1055,1165,glm_ar1,expanding,70,0,186
SAU,2016-07-01,4,2016-11-01,1296,1272,1321,1237,1356,glm_ar1,expanding,70,0,185
SAU,2016-07-01,5,2016-12-01,1503,1477,1529,1440,1567,glm_ar1,expanding,70,0,265
SAU,2016-07-01,6,2017-01-01,1732,1704,1760,1664,1800,glm_ar1,expanding,70,0,368
SDN,2016-07-01,1,2016-08-01,NA,NA,NA,NA,NA,glm_ar1,expanding,48,27,NA
SDN,2016-07-01,2,2016-09-01,NA,NA,NA,NA,NA,glm_ar1,expanding,48,27,NA
SDN,2016-07-01,3,2016-10-01,NA,NA,NA,NA,NA,glm_ar1,expanding,48,27,NA
SDN,2016-07-01,4,2016-11-01,NA,NA,NA,NA,NA,glm_ar1,expanding,48,27,NA
SDN,2016-07-01,5,2016-12-01,NA,NA,NA,NA,NA,glm_ar1,expanding,48,27,NA
SDN,2016-07-01,6,2017-01-01,NA,NA,NA,NA,NA,glm_ar1,expanding,48,27,NA
SEN,2016-07-01,1,2016-08-01,NA,NA,NA,NA,NA,glm_ar1,expanding,0,0,NA
SEN,2016-07-01,2,2016-09-01,NA,NA,NA,NA,NA,glm_ar1,expanding,0,0,NA
SEN,2016-07-01,3,2016-10-01,NA,NA,NA,NA,NA,glm_ar1,expanding,0,0,NA
SEN,2016-07-01,4,2016-11-01,NA,NA,NA,NA,NA,glm_ar1,expanding,0,0,NA
SEN,2016-07-01,5,2016-12-01,NA,NA,NA,NA,NA,glm_ar1,expanding,0,0,NA
SEN,2016-07-01,6,2017-01-01,NA,NA,NA,NA,NA,glm_ar1,expanding,0,0,NA
SGP,2016-07-01,1,2016-08-01,1359,1334,1384,1299,1420,glm_ar1,expanding,78,0,1002
SGP,2016-07-01,2,2016-09-01,1573,1546,1599,1508,1638,glm_ar1,expanding,78,0,729
SGP,2016-07-01,3,2016-10-01,1808,1779,1836,1738,1878,glm_ar1,expanding,78,0,496
SGP,2016-07-01,4,2016-11-01,2064,2034,2095,1990,2140,glm_ar1,expanding,78,0,316
SGP,2016-07-01,5,2016-12-01,2343,2311,2376,2264,2423,glm_ar1,expanding,78,0,276
SGP,2016-07-01,6,2017-01-01,2644,2610,2679,2560,2729,glm_ar1,expanding,78,0,362
SLB,2016-07-01,1,2016-08-01,2,1,2,0,4,glm_ar1,expanding,16,24,75
SLB,2016-07-01,2,2016-09-01,4,3,5,1,8,glm_ar1,expanding,16,24,240
SLB,2016-07-01,3,2016-10-01,7,6,9,3,12,glm_ar1,expanding,16,24,2431
SLB,2016-07-01,4,2016-11-01,12,10,15,7,18,glm_ar1,expanding,16,24,2630
SLB,2016-07-01,5,2016-12-01,19,16,22,12,27,glm_ar1,expanding,16,24,2280
SLB,2016-07-01,6,2017-01-01,28,24,32,20,37,glm_ar1,expanding,16,24,2618
SLV,2016-07-01,1,2016-08-01,694,676,712,651,737,glm_ar1,expanding,78,0,424
SLV,2016-07-01,2,2016-09-01,829,809,848,781,876,glm_ar1,expanding,78,0,468
SLV,2016-07-01,3,2016-10-01,981,960,1002,930,1033,glm_ar1,expanding,78,0,681
SLV,2016-07-01,4,2016-11-01,1153,1130,1176,1097,1209,glm_ar1,expanding,78,0,384
SLV,2016-07-01,5,2016-12-01,1344,1319,1369,1284,1405,glm_ar1,expanding,78,0,213
SLV,2016-07-01,6,2017-01-01,1556,1530,1583,1492,1622,glm_ar1,expanding,78,0,310
SUR,2016-07-01,1,2016-08-01,NA,NA,NA,NA,NA,glm_ar1,expanding,36,40,NA
SUR,2016-07-01,2,2016-09-01,NA,NA,NA,NA,NA,glm_ar1,expanding,36,40,NA
SUR,2016-07-01,3,2016-10-01,NA,NA,NA,NA,NA,glm_ar1,expanding,36,40,NA
SUR,2016-07-01,4,2016-11-01,NA,NA,NA,NA,NA,glm_ar1,expanding,36,40,NA
SUR,2016-07-01,5,2016-12-01,NA,NA,NA,NA,NA,glm_ar1,expanding,36,40,NA
SUR,2016-07-01,6,2017-01-01,NA,NA,NA,NA,NA,glm_ar1,expanding,36,40,NA
SXM,2016-07-01,1,2016-08-01,NA,NA,NA,NA,NA,glm_ar1,expanding,36,40,NA
SXM,2016-07-01,2,2016-09-01,NA,NA,NA,NA,NA,glm_ar1,expanding,36,40,NA
SXM,2016-07-01,3,2016-10-01,NA,NA,NA,NA,NA,glm_ar1,expanding,36,40,NA
SXM,2016-07-01,4,2016-11-01,NA,NA,NA,NA,NA,glm_ar1,expanding,36,40,NA
SXM,2016-07-01,5,2016-12-01,NA,NA,NA,NA,NA,glm_ar1,expanding,36,40,NA
SXM,2016-07-01,6,2017-01-01,NA,NA,NA,NA,NA,glm_ar1,expanding,36,40,NA
SYC,2016-07-01,1,2016-08-01,76,70,82,62,91,glm_ar1,expanding,1,0,68
SYC,2016-07-01,2,2016-09-01,102,95,108,85,119,glm_ar1,expanding,1,0,73
SYC,2016-07-01,3,2016-10-01,134,126,141,115,153,glm_ar1,expanding,1,0,102
SYC,2016-07-01,4,2016-11-01,173,164,182,152,195,glm_ar1,expanding,1,0,137
SYC,2016-07-01,5,2016-12-01,221,211,231,197,246,glm_ar1,expanding,1,0,102
SYC,2016-07-01,6,2017-01-01,279,268,290,252,307,glm_ar1,expanding,1,0,448
TCA,2016-07-01,1,2016-08-01,33,29,37,24,43,glm_ar1,expanding,39,0,56
TCA,2016-07-01,2,2016-09-01,47,42,52,36,59,glm_ar1,expanding,39,0,58
TCA,2016-07-01,3,2016-10-01,65,59,70,52,78,glm_ar1,expanding,39,0,112
TCA,2016-07-01,4,2016-11-01,87,81,93,72,103,glm_ar1,expanding,39,0,22
TCA,2016-07-01,5,2016-12-01,116,108,123,98,134,glm_ar1,expanding,39,0,19
TCA,2016-07-01,6,2017-01-01,151,142,159,131,171,glm_ar1,expanding,39,0,15
THA,2016-07-01,1,2016-08-01,5440,5390,5490,5319,5562,glm_ar1,expanding,78,0,6676
THA,2016-07-01,2,2016-09-01,5906,5854,5958,5780,6033,glm_ar1,expanding,78,0,5012
THA,2016-07-01,3,2016-10-01,6388,6334,6442,6257,6520,glm_ar1,expanding,78,0,3498
THA,2016-07-01,4,2016-11-01,6884,6828,6940,6748,7021,glm_ar1,expanding,78,0,2627
THA,2016-07-01,5,2016-12-01,7394,7336,7452,7253,7536,glm_ar1,expanding,78,0,1713
THA,2016-07-01,6,2017-01-01,7915,7855,7975,7769,8062,glm_ar1,expanding,78,0,1598
TLS,2016-07-01,1,2016-08-01,2,1,2,0,4,glm_ar1,expanding,71,0,0
TLS,2016-07-01,2,2016-09-01,4,3,5,1,8,glm_ar1,expanding,71,0,0
TLS,2016-07-01,3,2016-10-01,7,6,9,3,12,glm_ar1,expanding,71,0,0
TLS,2016-07-01,4,2016-11-01,12,10,15,7,18,glm_ar1,expanding,71,0,0
TLS,2016-07-01,5,2016-12-01,19,16,22,12,27,glm_ar1,expanding,71,0,0
TLS,2016-07-01,6,2017-01-01,28,24,32,20,37,glm_ar1,expanding,71,0,165
TON,2016-07-01,1,2016-08-01,NA,NA,NA,NA,NA,glm_ar1,expanding,12,15,NA
TON,2016-07-01,2,2016-09-01,NA,NA,NA,NA,NA,glm_ar1,expanding,12,15,NA
TON,2016-07-01,3,2016-10-01,NA,NA,NA,NA,NA,glm_ar1,expanding,12,15,NA
TON,2016-07-01,4,2016-11-01,NA,NA,NA,NA,NA,glm_ar1,expanding,12,15,NA
TON,2016-07-01,5,2016-12-01,NA,NA,NA,NA,NA,glm_ar1,expanding,12,15,NA
TON,2016-07-01,6,2017-01-01,NA,NA,NA,NA,NA,glm_ar1,expanding,12,15,NA
TTO,2016-07-01,1,2016-08-01,79,73,85,64,94,glm_ar1,expanding,40,36,432
TTO,2016-07-01,2,2016-09-01,105,98,112,88,122,glm_ar1,expanding,40,36,170
TTO,2016-07-01,3,2016-10-01,138,130,145,119,157,glm_ar1,expanding,40,36,308
TTO,2016-07-01,4,2016-11-01,178,169,187,156,200,glm_ar1,expanding,40,36,373
TTO,2016-07-01,5,2016-12-01,227,217,237,203,252,glm_ar1,expanding,40,36,103
TTO,2016-07-01,6,2017-01-01,286,275,297,259,314,glm_ar1,expanding,40,36,36
TUV,2016-07-01,1,2016-08-01,NA,NA,NA,NA,NA,glm_ar1,expanding,0,0,NA
TUV,2016-07-01,2,2016-09-01,NA,NA,NA,NA,NA,glm_ar1,expanding,0,0,NA
TUV,2016-07-01,3,2016-10-01,NA,NA,NA,NA,NA,glm_ar1,expanding,0,0,NA
TUV,2016-07-01,4,2016-11-01,NA,NA,NA,NA,NA,glm_ar1,expanding,0,0,NA
TUV,2016-07-01,5,2016-12-01,NA,NA,NA,NA,NA,glm_ar1,expanding,0,0,NA
TUV,2016-07-01,6,2017-01-01,NA,NA,NA,NA,NA,glm_ar1,expanding,0,0,NA
TWN,2016-07-01,1,2016-08-01,NA,NA,NA,NA,NA,glm_ar1,expanding,72,5,NA
TWN,2016-07-01,2,2016-09-01,NA,NA,NA,NA,NA,glm_ar1,expanding,72,5,NA
TWN,2016-07-01,3,2016-10-01,NA,NA,NA,NA,NA,glm_ar1,expanding,72,5,NA
TWN,2016-07-01,4,2016-11-01,NA,NA,NA,NA,NA,glm_ar1,expanding,72,5,NA
TWN,2016-07-01,5,2016-12-01,NA,NA,NA,NA,NA,glm_ar1,expanding,72,5,NA
TWN,2016-07-01,6,2017-01-01,NA,NA,NA,NA,NA,glm_ar1,expanding,72,5,NA
URY,2016-07-01,1,2016-08-01,NA,NA,NA,NA,NA,glm_ar1,expanding,12,4,NA
URY,2016-07-01,2,2016-09-01,NA,NA,NA,NA,NA,glm_ar1,expanding,12,4,NA
URY,2016-07-01,3,2016-10-01,NA,NA,NA,NA,NA,glm_ar1,expanding,12,4,NA
URY,2016-07-01,4,2016-11-01,NA,NA,NA,NA,NA,glm_ar1,expanding,12,4,NA
URY,2016-07-01,5,2016-12-01,NA,NA,NA,NA,NA,glm_ar1,expanding,12,4,NA
URY,2016-07-01,6,2017-01-01,NA,NA,NA,NA,NA,glm_ar1,expanding,12,4,NA
USA,2016-07-01,1,2016-08-01,206,197,216,183,230,glm_ar1,expanding,65,12,114
USA,2016-07-01,2,2016-09-01,261,250,272,235,288,glm_ar1,expanding,65,12,82
USA,2016-07-01,3,2016-10-01,327,315,339,298,357,glm_ar1,expanding,65,12,60
USA,2016-07-01,4,2016-11-01,405,391,418,372,438,glm_ar1,expanding,65,12,38
USA,2016-07-01,5,2016-12-01,496,481,511,460,533,glm_ar1,expanding,65,12,29
USA,2016-07-01,6,2017-01-01,602,585,618,562,642,glm_ar1,expanding,65,12,32
VCT,2016-07-01,1,2016-08-01,9,7,11,4,14,glm_ar1,expanding,64,12,5
VCT,2016-07-01,2,2016-09-01,14,12,17,8,21,glm_ar1,expanding,64,12,7
VCT,2016-07-01,3,2016-10-01,22,19,25,14,30,glm_ar1,expanding,64,12,8
VCT,2016-07-01,4,2016-11-01,32,28,35,23,41,glm_ar1,expanding,64,12,7
VCT,2016-07-01,5,2016-12-01,45,40,49,34,56,glm_ar1,expanding,64,12,16
VCT,2016-07-01,6,2017-01-01,62,56,67,49,75,glm_ar1,expanding,64,12,1
VEN,2016-07-01,1,2016-08-01,2282,2250,2314,2204,2361,glm_ar1,expanding,76,0,1171
VEN,2016-07-01,2,2016-09-01,2579,2544,2613,2495,2662,glm_ar1,expanding,76,0,897
VEN,2016-07-01,3,2016-10-01,2897,2861,2933,2809,2986,glm_ar1,expanding,76,0,1166
VEN,2016-07-01,4,2016-11-01,3238,3199,3276,3144,3331,glm_ar1,expanding,76,0,800
VEN,2016-07-01,5,2016-12-01,3600,3559,3640,3501,3699,glm_ar1,expanding,76,0,532
VEN,2016-07-01,6,2017-01-01,3983,3940,4025,3879,4087,glm_ar1,expanding,76,0,804
VGB,2016-07-01,1,2016-08-01,10,8,12,5,16,glm_ar1,expanding,76,0,13
VGB,2016-07-01,2,2016-09-01,16,13,19,10,23,glm_ar1,expanding,76,0,11
VGB,2016-07-01,3,2016-10-01,24,21,28,17,33,glm_ar1,expanding,76,0,17
VGB,2016-07-01,4,2016-11-01,35,31,39,26,45,glm_ar1,expanding,76,0,8
VGB,2016-07-01,5,2016-12-01,49,45,54,38,61,glm_ar1,expanding,76,0,8
VGB,2016-07-01,6,2017-01-01,68,62,73,54,81,glm_ar1,expanding,76,0,5
VNM,2016-07-01,1,2016-08-01,12445,12370,12520,12262,12629,glm_ar1,expanding,77,0,11355
VNM,2016-07-01,2,2016-09-01,13009,12932,13086,12822,13197,glm_ar1,expanding,77,0,12996
VNM,2016-07-01,3,2016-10-01,13571,13492,13649,13380,13763,glm_ar1,expanding,77,0,15061
VNM,2016-07-01,4,2016-11-01,14130,14050,14210,13935,14326,glm_ar1,expanding,77,0,10702
VNM,2016-07-01,5,2016-12-01,14685,14603,14767,14486,14885,glm_ar1,expanding,77,0,8955
VNM,2016-07-01,6,2017-01-01,15235,15151,15318,15032,15438,glm_ar1,expanding,77,0,9580
VUT,2016-07-01,1,2016-08-01,NA,NA,NA,NA,NA,glm_ar1,expanding,12,57,NA
VUT,2016-07-01,2,2016-09-01,NA,NA,NA,NA,NA,glm_ar1,expanding,12,57,NA
VUT,2016-07-01,3,2016-10-01,NA,NA,NA,NA,NA,glm_ar1,expanding,12,57,NA
VUT,2016-07-01,4,2016-11-01,NA,NA,NA,NA,NA,glm_ar1,expanding,12,57,NA
VUT,2016-07-01,5,2016-12-01,NA,NA,NA,NA,NA,glm_ar1,expanding,12,57,NA
VUT,2016-07-01,6,2017-01-01,NA,NA,NA,NA,NA,glm_ar1,expanding,12,57,NA
WLF,2016-07-01,1,2016-08-01,NA,NA,NA,NA,NA,glm_ar1,expanding,0,0,NA
WLF,2016-07-01,2,2016-09-01,NA,NA,NA,NA,NA,glm_ar1,expanding,0,0,NA
WLF,2016-07-01,3,2016-10-01,NA,NA,NA,NA,NA,glm_ar1,expanding,0,0,NA
WLF,2016-07-01,4,2016-11-01,NA,NA,NA,NA,NA,glm_ar1,expanding,0,0,NA
WLF,2016-07-01,5,2016-12-01,NA,NA,NA,NA,NA,glm_ar1,expanding,0,0,NA
WLF,2016-07-01,6,2017-01-01,NA,NA,NA,NA,NA,glm_ar1,expanding,0,0,NA
WSM,2016-07-01,1,2016-08-01,NA,NA,NA,NA,NA,glm_ar1,expanding,0,0,NA
WSM,2016-07-01,2,2016-09-01,NA,NA,NA,NA,NA,glm_ar1,expanding,0,0,NA
WSM,2016-07-01,3,2016-10-01,NA,NA,NA,NA,NA,glm_ar1,expanding,0,0,NA
WSM,2016-07-01,4,2016-11-01,NA,NA,NA,NA,NA,glm_ar1,expanding,0,0,NA
WSM,2016-07-01,5,2016-12-01,NA,NA,NA,NA,NA,glm_ar1,expanding,0,0,NA
WSM,2016-07-01,6,2017-01-01,NA,NA,NA,NA,NA,glm_ar1,expanding,0,0,NA
YEM,2016-07-01,1,2016-08-01,NA,NA,NA,NA,NA,glm_ar1,expanding,12,4,NA
YEM,2016-07-01,2,2016-09-01,NA,NA,NA,NA,NA,glm_ar1,expanding,12,4,NA
YEM,2016-07-01,3,2016-10-01,NA,NA,NA,NA,NA,glm_ar1,expanding,12,4,NA
YEM,2016-07-01,4,2016-11-01,NA,NA,NA,NA,NA,glm_ar1,expanding,12,4,NA
YEM,2016-07-01,5,2016-12-01,NA,NA,NA,NA,NA,glm_ar1,expanding,12,4,NA
YEM,2016-07-01,6,2017-01-01,NA,NA,NA,NA,NA,glm_ar1,expanding,12,4,NA
ABW,2017-01-01,1,2017-02-01,232,221,242,207,257,glm_ar1,expanding,55,24,196
ABW,2017-01-01,2,2017-03-01,288,277,300,261,316,glm_ar1,expanding,55,24,246
ABW,2017-01-01,3,2017-04-01,355,342,368,324,386,glm_ar1,expanding,55,24,218
ABW,2017-01-01,4,2017-05-01,433,419,447,399,467,glm_ar1,expanding,55,24,165
ABW,2017-01-01,5,2017-06-01,523,508,539,486,561,glm_ar1,expanding,55,24,114
ABW,2017-01-01,6,2017-07-01,627,610,643,586,668,glm_ar1,expanding,55,24,51
AFG,2017-01-01,1,2017-02-01,NA,NA,NA,NA,NA,glm_ar1,expanding,0,0,NA
AFG,2017-01-01,2,2017-03-01,NA,NA,NA,NA,NA,glm_ar1,expanding,0,0,NA
AFG,2017-01-01,3,2017-04-01,NA,NA,NA,NA,NA,glm_ar1,expanding,0,0,NA
AFG,2017-01-01,4,2017-05-01,NA,NA,NA,NA,NA,glm_ar1,expanding,0,0,NA
AFG,2017-01-01,5,2017-06-01,NA,NA,NA,NA,NA,glm_ar1,expanding,0,0,NA
AFG,2017-01-01,6,2017-07-01,NA,NA,NA,NA,NA,glm_ar1,expanding,0,0,NA
ARG,2017-01-01,1,2017-02-01,42,38,46,32,53,glm_ar1,expanding,78,0,39
ARG,2017-01-01,2,2017-03-01,57,52,62,45,70,glm_ar1,expanding,78,0,132
ARG,2017-01-01,3,2017-04-01,77,71,83,63,92,glm_ar1,expanding,78,0,192
ARG,2017-01-01,4,2017-05-01,101,94,108,85,118,glm_ar1,expanding,78,0,153
ARG,2017-01-01,5,2017-06-01,132,124,139,113,151,glm_ar1,expanding,78,0,3
ARG,2017-01-01,6,2017-07-01,168,160,177,147,190,glm_ar1,expanding,78,0,0
ATG,2017-01-01,1,2017-02-01,2,1,2,0,4,glm_ar1,expanding,22,0,1
ATG,2017-01-01,2,2017-03-01,4,2,5,1,7,glm_ar1,expanding,22,0,0
ATG,2017-01-01,3,2017-04-01,7,5,9,3,12,glm_ar1,expanding,22,0,NA
ATG,2017-01-01,4,2017-05-01,12,9,14,6,18,glm_ar1,expanding,22,0,NA
ATG,2017-01-01,5,2017-06-01,18,15,21,11,25,glm_ar1,expanding,22,0,NA
ATG,2017-01-01,6,2017-07-01,26,23,30,18,35,glm_ar1,expanding,22,0,NA
AUS,2017-01-01,1,2017-02-01,238,227,248,213,263,glm_ar1,expanding,77,0,134
AUS,2017-01-01,2,2017-03-01,295,284,307,267,324,glm_ar1,expanding,77,0,99
AUS,2017-01-01,3,2017-04-01,363,350,376,332,395,glm_ar1,expanding,77,0,90
AUS,2017-01-01,4,2017-05-01,443,428,457,408,477,glm_ar1,expanding,77,0,80
AUS,2017-01-01,5,2017-06-01,534,519,550,497,573,glm_ar1,expanding,77,0,72
AUS,2017-01-01,6,2017-07-01,639,622,656,598,681,glm_ar1,expanding,77,0,90
BES,2017-01-01,1,2017-02-01,NA,NA,NA,NA,NA,glm_ar1,expanding,36,0,NA
BES,2017-01-01,2,2017-03-01,NA,NA,NA,NA,NA,glm_ar1,expanding,36,0,NA
BES,2017-01-01,3,2017-04-01,NA,NA,NA,NA,NA,glm_ar1,expanding,36,0,NA
BES,2017-01-01,4,2017-05-01,NA,NA,NA,NA,NA,glm_ar1,expanding,36,0,NA
BES,2017-01-01,5,2017-06-01,NA,NA,NA,NA,NA,glm_ar1,expanding,36,0,NA
BES,2017-01-01,6,2017-07-01,NA,NA,NA,NA,NA,glm_ar1,expanding,36,0,NA
BFA,2017-01-01,1,2017-02-01,186,177,195,164,209,glm_ar1,expanding,21,0,58
BFA,2017-01-01,2,2017-03-01,234,223,244,209,259,glm_ar1,expanding,21,0,58
BFA,2017-01-01,3,2017-04-01,291,279,302,263,319,glm_ar1,expanding,21,0,29
BFA,2017-01-01,4,2017-05-01,358,345,371,327,390,glm_ar1,expanding,21,0,29
BFA,2017-01-01,5,2017-06-01,437,422,451,403,471,glm_ar1,expanding,21,0,29
BFA,2017-01-01,6,2017-07-01,527,512,543,490,565,glm_ar1,expanding,21,0,58
BGD,2017-01-01,1,2017-02-01,120,113,127,102,138,glm_ar1,expanding,83,0,58
BGD,2017-01-01,2,2017-03-01,154,146,163,134,175,glm_ar1,expanding,83,0,36
BGD,2017-01-01,3,2017-04-01,196,186,205,173,219,glm_ar1,expanding,83,0,73
BGD,2017-01-01,4,2017-05-01,246,235,256,220,272,glm_ar1,expanding,83,0,134
BGD,2017-01-01,5,2017-06-01,305,293,317,277,334,glm_ar1,expanding,83,0,267
BGD,2017-01-01,6,2017-07-01,375,362,388,343,407,glm_ar1,expanding,83,0,286
BHS,2017-01-01,1,2017-02-01,2,1,2,0,4,glm_ar1,expanding,46,36,0
BHS,2017-01-01,2,2017-03-01,4,2,5,1,7,glm_ar1,expanding,46,36,0
BHS,2017-01-01,3,2017-04-01,7,5,9,3,12,glm_ar1,expanding,46,36,NA
BHS,2017-01-01,4,2017-05-01,12,9,14,6,18,glm_ar1,expanding,46,36,NA
BHS,2017-01-01,5,2017-06-01,18,15,21,11,25,glm_ar1,expanding,46,36,NA
BHS,2017-01-01,6,2017-07-01,26,23,30,18,35,glm_ar1,expanding,46,36,NA
BLM,2017-01-01,1,2017-02-01,7,5,9,3,12,glm_ar1,expanding,58,0,6
BLM,2017-01-01,2,2017-03-01,12,10,14,7,18,glm_ar1,expanding,58,0,1
BLM,2017-01-01,3,2017-04-01,18,15,21,12,26,glm_ar1,expanding,58,0,NA
BLM,2017-01-01,4,2017-05-01,27,23,30,18,35,glm_ar1,expanding,58,0,NA
BLM,2017-01-01,5,2017-06-01,38,33,42,28,48,glm_ar1,expanding,58,0,NA
BLM,2017-01-01,6,2017-07-01,52,47,57,40,64,glm_ar1,expanding,58,0,NA
BLZ,2017-01-01,1,2017-02-01,521,505,536,484,559,glm_ar1,expanding,83,0,519
BLZ,2017-01-01,2,2017-03-01,624,607,641,583,665,glm_ar1,expanding,83,0,394
BLZ,2017-01-01,3,2017-04-01,742,723,760,697,787,glm_ar1,expanding,83,0,240
BLZ,2017-01-01,4,2017-05-01,874,854,894,826,923,glm_ar1,expanding,83,0,185
BLZ,2017-01-01,5,2017-06-01,1023,1001,1044,971,1076,glm_ar1,expanding,83,0,205
BLZ,2017-01-01,6,2017-07-01,1189,1165,1212,1132,1246,glm_ar1,expanding,83,0,336
BOL,2017-01-01,1,2017-02-01,3061,3024,3098,2970,3152,glm_ar1,expanding,78,0,3230
BOL,2017-01-01,2,2017-03-01,3386,3347,3425,3291,3482,glm_ar1,expanding,78,0,4588
BOL,2017-01-01,3,2017-04-01,3729,3688,3770,3629,3830,glm_ar1,expanding,78,0,4608
BOL,2017-01-01,4,2017-05-01,4089,4046,4132,3985,4195,glm_ar1,expanding,78,0,1490
BOL,2017-01-01,5,2017-06-01,4466,4421,4511,4356,4576,glm_ar1,expanding,78,0,490
BOL,2017-01-01,6,2017-07-01,4858,4811,4905,4744,4973,glm_ar1,expanding,78,0,434
BRA,2017-01-01,1,2017-02-01,67971,67795,68147,67542,68400,glm_ar1,expanding,76,0,66032
BRA,2017-01-01,2,2017-03-01,65549,65377,65722,65129,65971,glm_ar1,expanding,76,0,74251
BRA,2017-01-01,3,2017-04-01,63316,63146,63485,62902,63730,glm_ar1,expanding,76,0,86360
BRA,2017-01-01,4,2017-05-01,61252,61085,61419,60845,61659,glm_ar1,expanding,76,0,54982
BRA,2017-01-01,5,2017-06-01,59342,59178,59506,58942,59743,glm_ar1,expanding,76,0,33335
BRA,2017-01-01,6,2017-07-01,57573,57411,57734,57178,57967,glm_ar1,expanding,76,0,22589
BRB,2017-01-01,1,2017-02-01,81,75,87,67,97,glm_ar1,expanding,82,0,55
BRB,2017-01-01,2,2017-03-01,107,100,114,90,124,glm_ar1,expanding,82,0,71
BRB,2017-01-01,3,2017-04-01,138,130,146,119,158,glm_ar1,expanding,82,0,52
BRB,2017-01-01,4,2017-05-01,177,168,186,155,199,glm_ar1,expanding,82,0,45
BRB,2017-01-01,5,2017-06-01,223,213,233,199,248,glm_ar1,expanding,82,0,51
BRB,2017-01-01,6,2017-07-01,278,267,289,251,306,glm_ar1,expanding,82,0,63
BRN,2017-01-01,1,2017-02-01,13,10,15,7,19,glm_ar1,expanding,81,0,5
BRN,2017-01-01,2,2017-03-01,19,16,22,13,27,glm_ar1,expanding,81,0,6
BRN,2017-01-01,3,2017-04-01,28,25,32,20,37,glm_ar1,expanding,81,0,5
BRN,2017-01-01,4,2017-05-01,40,35,44,30,50,glm_ar1,expanding,81,0,5
BRN,2017-01-01,5,2017-06-01,55,49,59,43,67,glm_ar1,expanding,81,0,4
BRN,2017-01-01,6,2017-07-01,73,67,79,60,88,glm_ar1,expanding,81,0,5
BTN,2017-01-01,1,2017-02-01,12,9,14,6,17,glm_ar1,expanding,47,36,3
BTN,2017-01-01,2,2017-03-01,18,15,20,11,25,glm_ar1,expanding,47,36,4
BTN,2017-01-01,3,2017-04-01,26,22,29,18,34,glm_ar1,expanding,47,36,5
BTN,2017-01-01,4,2017-05-01,37,32,41,27,47,glm_ar1,expanding,47,36,4
BTN,2017-01-01,5,2017-06-01,50,46,55,39,62,glm_ar1,expanding,47,36,4
BTN,2017-01-01,6,2017-07-01,68,62,74,55,82,glm_ar1,expanding,47,36,6
CHL,2017-01-01,1,2017-02-01,NA,NA,NA,NA,NA,glm_ar1,expanding,36,22,NA
CHL,2017-01-01,2,2017-03-01,NA,NA,NA,NA,NA,glm_ar1,expanding,36,22,NA
CHL,2017-01-01,3,2017-04-01,NA,NA,NA,NA,NA,glm_ar1,expanding,36,22,NA
CHL,2017-01-01,4,2017-05-01,NA,NA,NA,NA,NA,glm_ar1,expanding,36,22,NA
CHL,2017-01-01,5,2017-06-01,NA,NA,NA,NA,NA,glm_ar1,expanding,36,22,NA
CHL,2017-01-01,6,2017-07-01,NA,NA,NA,NA,NA,glm_ar1,expanding,36,22,NA
CHN,2017-01-01,1,2017-02-01,2,1,2,0,4,glm_ar1,expanding,83,0,0
CHN,2017-01-01,2,2017-03-01,4,2,5,1,7,glm_ar1,expanding,83,0,0
CHN,2017-01-01,3,2017-04-01,7,5,9,3,12,glm_ar1,expanding,83,0,0
CHN,2017-01-01,4,2017-05-01,12,9,14,6,18,glm_ar1,expanding,83,0,0
CHN,2017-01-01,5,2017-06-01,18,15,21,11,25,glm_ar1,expanding,83,0,68
CHN,2017-01-01,6,2017-07-01,26,23,30,18,35,glm_ar1,expanding,83,0,275
CIV,2017-01-01,1,2017-02-01,NA,NA,NA,NA,NA,glm_ar1,expanding,0,0,NA
CIV,2017-01-01,2,2017-03-01,NA,NA,NA,NA,NA,glm_ar1,expanding,0,0,NA
CIV,2017-01-01,3,2017-04-01,NA,NA,NA,NA,NA,glm_ar1,expanding,0,0,NA
CIV,2017-01-01,4,2017-05-01,NA,NA,NA,NA,NA,glm_ar1,expanding,0,0,NA
CIV,2017-01-01,5,2017-06-01,NA,NA,NA,NA,NA,glm_ar1,expanding,0,0,NA
CIV,2017-01-01,6,2017-07-01,NA,NA,NA,NA,NA,glm_ar1,expanding,0,0,NA
COK,2017-01-01,1,2017-02-01,NA,NA,NA,NA,NA,glm_ar1,expanding,24,13,NA
COK,2017-01-01,2,2017-03-01,NA,NA,NA,NA,NA,glm_ar1,expanding,24,13,NA
COK,2017-01-01,3,2017-04-01,NA,NA,NA,NA,NA,glm_ar1,expanding,24,13,NA
COK,2017-01-01,4,2017-05-01,NA,NA,NA,NA,NA,glm_ar1,expanding,24,13,NA
COK,2017-01-01,5,2017-06-01,NA,NA,NA,NA,NA,glm_ar1,expanding,24,13,NA
COK,2017-01-01,6,2017-07-01,NA,NA,NA,NA,NA,glm_ar1,expanding,24,13,NA
COL,2017-01-01,1,2017-02-01,4127,4083,4170,4022,4233,glm_ar1,expanding,84,0,2127
COL,2017-01-01,2,2017-03-01,4505,4460,4550,4395,4616,glm_ar1,expanding,84,0,1758
COL,2017-01-01,3,2017-04-01,4899,4852,4946,4784,5014,glm_ar1,expanding,84,0,2309
COL,2017-01-01,4,2017-05-01,5307,5258,5357,5188,5428,glm_ar1,expanding,84,0,2022
COL,2017-01-01,5,2017-06-01,5730,5678,5781,5605,5854,glm_ar1,expanding,84,0,1857
COL,2017-01-01,6,2017-07-01,6164,6111,6217,6036,6294,glm_ar1,expanding,84,0,2415
CRI,2017-01-01,1,2017-02-01,1194,1171,1217,1138,1251,glm_ar1,expanding,83,0,385
CRI,2017-01-01,2,2017-03-01,1378,1353,1403,1317,1439,glm_ar1,expanding,83,0,367
CRI,2017-01-01,3,2017-04-01,1579,1553,1606,1514,1645,glm_ar1,expanding,83,0,400
CRI,2017-01-01,4,2017-05-01,1800,1771,1828,1730,1870,glm_ar1,expanding,83,0,637
CRI,2017-01-01,5,2017-06-01,2039,2008,2069,1965,2113,glm_ar1,expanding,83,0,1047
CRI,2017-01-01,6,2017-07-01,2296,2264,2329,2218,2375,glm_ar1,expanding,83,0,1541
CUB,2017-01-01,1,2017-02-01,134,126,141,115,153,glm_ar1,expanding,34,0,47
CUB,2017-01-01,2,2017-03-01,171,162,180,150,193,glm_ar1,expanding,34,0,55
CUB,2017-01-01,3,2017-04-01,216,206,226,192,240,glm_ar1,expanding,34,0,45
CUB,2017-01-01,4,2017-05-01,270,258,280,243,297,glm_ar1,expanding,34,0,69
CUB,2017-01-01,5,2017-06-01,333,321,345,303,363,glm_ar1,expanding,34,0,92
CUB,2017-01-01,6,2017-07-01,407,394,421,374,441,glm_ar1,expanding,34,0,97
CUW,2017-01-01,1,2017-02-01,NA,NA,NA,NA,NA,glm_ar1,expanding,48,0,NA
CUW,2017-01-01,2,2017-03-01,NA,NA,NA,NA,NA,glm_ar1,expanding,48,0,NA
CUW,2017-01-01,3,2017-04-01,NA,NA,NA,NA,NA,glm_ar1,expanding,48,0,NA
CUW,2017-01-01,4,2017-05-01,NA,NA,NA,NA,NA,glm_ar1,expanding,48,0,NA
CUW,2017-01-01,5,2017-06-01,NA,NA,NA,NA,NA,glm_ar1,expanding,48,0,NA
CUW,2017-01-01,6,2017-07-01,NA,NA,NA,NA,NA,glm_ar1,expanding,48,0,NA
CYM,2017-01-01,1,2017-02-01,9,7,11,4,14,glm_ar1,expanding,58,0,3
CYM,2017-01-01,2,2017-03-01,14,11,16,8,20,glm_ar1,expanding,58,0,1
CYM,2017-01-01,3,2017-04-01,21,18,24,14,29,glm_ar1,expanding,58,0,NA
CYM,2017-01-01,4,2017-05-01,30,26,34,21,39,glm_ar1,expanding,58,0,NA
CYM,2017-01-01,5,2017-06-01,42,38,46,32,53,glm_ar1,expanding,58,0,NA
CYM,2017-01-01,6,2017-07-01,57,52,62,45,70,glm_ar1,expanding,58,0,NA
DMA,2017-01-01,1,2017-02-01,7,5,9,3,12,glm_ar1,expanding,70,12,2
DMA,2017-01-01,2,2017-03-01,12,10,14,7,18,glm_ar1,expanding,70,12,2
DMA,2017-01-01,3,2017-04-01,18,15,21,12,26,glm_ar1,expanding,70,12,NA
DMA,2017-01-01,4,2017-05-01,27,23,30,18,35,glm_ar1,expanding,70,12,NA
DMA,2017-01-01,5,2017-06-01,38,33,42,28,48,glm_ar1,expanding,70,12,NA
DMA,2017-01-01,6,2017-07-01,52,47,57,40,64,glm_ar1,expanding,70,12,NA
DOM,2017-01-01,1,2017-02-01,126,119,134,108,145,glm_ar1,expanding,83,0,65
DOM,2017-01-01,2,2017-03-01,162,153,170,141,183,glm_ar1,expanding,83,0,78
DOM,2017-01-01,3,2017-04-01,205,195,215,182,229,glm_ar1,expanding,83,0,97
DOM,2017-01-01,4,2017-05-01,257,246,267,231,283,glm_ar1,expanding,83,0,151
DOM,2017-01-01,5,2017-06-01,318,306,330,289,348,glm_ar1,expanding,83,0,118
DOM,2017-01-01,6,2017-07-01,390,376,403,358,422,glm_ar1,expanding,83,0,156
ECU,2017-01-01,1,2017-02-01,885,865,905,836,934,glm_ar1,expanding,75,0,1258
ECU,2017-01-01,2,2017-03-01,1035,1013,1056,982,1088,glm_ar1,expanding,75,0,1944
ECU,2017-01-01,3,2017-04-01,1202,1178,1225,1145,1259,glm_ar1,expanding,75,0,2610
ECU,2017-01-01,4,2017-05-01,1386,1361,1411,1325,1448,glm_ar1,expanding,75,0,1710
ECU,2017-01-01,5,2017-06-01,1589,1562,1615,1523,1654,glm_ar1,expanding,75,0,1100
ECU,2017-01-01,6,2017-07-01,1810,1781,1838,1740,1880,glm_ar1,expanding,75,0,731
ERI,2017-01-01,1,2017-02-01,NA,NA,NA,NA,NA,glm_ar1,expanding,60,19,NA
ERI,2017-01-01,2,2017-03-01,NA,NA,NA,NA,NA,glm_ar1,expanding,60,19,NA
ERI,2017-01-01,3,2017-04-01,NA,NA,NA,NA,NA,glm_ar1,expanding,60,19,NA
ERI,2017-01-01,4,2017-05-01,NA,NA,NA,NA,NA,glm_ar1,expanding,60,19,NA
ERI,2017-01-01,5,2017-06-01,NA,NA,NA,NA,NA,glm_ar1,expanding,60,19,NA
ERI,2017-01-01,6,2017-07-01,NA,NA,NA,NA,NA,glm_ar1,expanding,60,19,NA
ETH,2017-01-01,1,2017-02-01,NA,NA,NA,NA,NA,glm_ar1,expanding,12,33,NA
ETH,2017-01-01,2,2017-03-01,NA,NA,NA,NA,NA,glm_ar1,expanding,12,33,NA
ETH,2017-01-01,3,2017-04-01,NA,NA,NA,NA,NA,glm_ar1,expanding,12,33,NA
ETH,2017-01-01,4,2017-05-01,NA,NA,NA,NA,NA,glm_ar1,expanding,12,33,NA
ETH,2017-01-01,5,2017-06-01,NA,NA,NA,NA,NA,glm_ar1,expanding,12,33,NA
ETH,2017-01-01,6,2017-07-01,NA,NA,NA,NA,NA,glm_ar1,expanding,12,33,NA
FJI,2017-01-01,1,2017-02-01,1187,1164,1211,1131,1244,glm_ar1,expanding,75,0,1387
FJI,2017-01-01,2,2017-03-01,1370,1345,1395,1310,1432,glm_ar1,expanding,75,0,1415
FJI,2017-01-01,3,2017-04-01,1571,1545,1598,1507,1637,glm_ar1,expanding,75,0,1239
FJI,2017-01-01,4,2017-05-01,1791,1762,1819,1722,1861,glm_ar1,expanding,75,0,528
FJI,2017-01-01,5,2017-06-01,2029,1999,2059,1955,2103,glm_ar1,expanding,75,0,503
FJI,2017-01-01,6,2017-07-01,2286,2254,2318,2208,2365,glm_ar1,expanding,75,0,441
FSM,2017-01-01,1,2017-02-01,3,2,4,1,6,glm_ar1,expanding,10,0,0
FSM,2017-01-01,2,2017-03-01,6,4,8,2,10,glm_ar1,expanding,10,0,0
FSM,2017-01-01,3,2017-04-01,10,8,12,5,16,glm_ar1,expanding,10,0,NA
FSM,2017-01-01,4,2017-05-01,16,13,18,10,23,glm_ar1,expanding,10,0,NA
FSM,2017-01-01,5,2017-06-01,23,20,27,16,32,glm_ar1,expanding,10,0,NA
FSM,2017-01-01,6,2017-07-01,33,29,37,24,43,glm_ar1,expanding,10,0,NA
GLP,2017-01-01,1,2017-02-01,113,105,120,95,130,glm_ar1,expanding,82,0,31
GLP,2017-01-01,2,2017-03-01,145,137,153,126,165,glm_ar1,expanding,82,0,25
GLP,2017-01-01,3,2017-04-01,185,176,194,163,208,glm_ar1,expanding,82,0,12
GLP,2017-01-01,4,2017-05-01,233,222,243,208,258,glm_ar1,expanding,82,0,16
GLP,2017-01-01,5,2017-06-01,290,278,301,262,318,glm_ar1,expanding,82,0,17
GLP,2017-01-01,6,2017-07-01,357,344,369,326,388,glm_ar1,expanding,82,0,15
GRD,2017-01-01,1,2017-02-01,18,15,21,12,26,glm_ar1,expanding,71,12,6
GRD,2017-01-01,2,2017-03-01,27,23,30,19,35,glm_ar1,expanding,71,12,7
GRD,2017-01-01,3,2017-04-01,38,33,42,28,48,glm_ar1,expanding,71,12,23
GRD,2017-01-01,4,2017-05-01,52,47,57,40,64,glm_ar1,expanding,71,12,18
GRD,2017-01-01,5,2017-06-01,70,64,76,57,84,glm_ar1,expanding,71,12,9
GRD,2017-01-01,6,2017-07-01,93,86,99,77,109,glm_ar1,expanding,71,12,15
GTM,2017-01-01,1,2017-02-01,226,215,236,201,251,glm_ar1,expanding,84,0,305
GTM,2017-01-01,2,2017-03-01,281,270,292,254,309,glm_ar1,expanding,84,0,201
GTM,2017-01-01,3,2017-04-01,347,334,359,316,378,glm_ar1,expanding,84,0,282
GTM,2017-01-01,4,2017-05-01,423,409,437,390,457,glm_ar1,expanding,84,0,310
GTM,2017-01-01,5,2017-06-01,512,497,527,475,550,glm_ar1,expanding,84,0,308
GTM,2017-01-01,6,2017-07-01,614,597,631,573,655,glm_ar1,expanding,84,0,537
GUF,2017-01-01,1,2017-02-01,154,146,163,134,175,glm_ar1,expanding,76,0,136
GUF,2017-01-01,2,2017-03-01,196,186,205,173,219,glm_ar1,expanding,76,0,69
GUF,2017-01-01,3,2017-04-01,246,235,256,220,272,glm_ar1,expanding,76,0,60
GUF,2017-01-01,4,2017-05-01,305,293,317,277,334,glm_ar1,expanding,76,0,39
GUF,2017-01-01,5,2017-06-01,375,362,388,343,407,glm_ar1,expanding,76,0,40
GUF,2017-01-01,6,2017-07-01,456,441,470,421,491,glm_ar1,expanding,76,0,39
GUY,2017-01-01,1,2017-02-01,NA,NA,NA,NA,NA,glm_ar1,expanding,84,1,NA
GUY,2017-01-01,2,2017-03-01,NA,NA,NA,NA,NA,glm_ar1,expanding,84,1,NA
GUY,2017-01-01,3,2017-04-01,NA,NA,NA,NA,NA,glm_ar1,expanding,84,1,NA
GUY,2017-01-01,4,2017-05-01,NA,NA,NA,NA,NA,glm_ar1,expanding,84,1,NA
GUY,2017-01-01,5,2017-06-01,NA,NA,NA,NA,NA,glm_ar1,expanding,84,1,NA
GUY,2017-01-01,6,2017-07-01,NA,NA,NA,NA,NA,glm_ar1,expanding,84,1,NA
HND,2017-01-01,1,2017-02-01,673,656,691,631,716,glm_ar1,expanding,84,0,384
HND,2017-01-01,2,2017-03-01,797,778,816,751,844,glm_ar1,expanding,84,0,349
HND,2017-01-01,3,2017-04-01,937,916,957,887,987,glm_ar1,expanding,84,0,492
HND,2017-01-01,4,2017-05-01,1093,1070,1115,1039,1147,glm_ar1,expanding,84,0,502
HND,2017-01-01,5,2017-06-01,1266,1242,1290,1208,1325,glm_ar1,expanding,84,0,828
HND,2017-01-01,6,2017-07-01,1457,1431,1482,1394,1520,glm_ar1,expanding,84,0,641
HTI,2017-01-01,1,2017-02-01,NA,NA,NA,NA,NA,glm_ar1,expanding,0,0,NA
HTI,2017-01-01,2,2017-03-01,NA,NA,NA,NA,NA,glm_ar1,expanding,0,0,NA
HTI,2017-01-01,3,2017-04-01,NA,NA,NA,NA,NA,glm_ar1,expanding,0,0,NA
HTI,2017-01-01,4,2017-05-01,NA,NA,NA,NA,NA,glm_ar1,expanding,0,0,NA
HTI,2017-01-01,5,2017-06-01,NA,NA,NA,NA,NA,glm_ar1,expanding,0,0,NA
HTI,2017-01-01,6,2017-07-01,NA,NA,NA,NA,NA,glm_ar1,expanding,0,0,NA
IDN,2017-01-01,1,2017-02-01,13174,13096,13251,12985,13363,glm_ar1,expanding,76,0,8673
IDN,2017-01-01,2,2017-03-01,13660,13581,13739,13468,13853,glm_ar1,expanding,76,0,7875
IDN,2017-01-01,3,2017-04-01,14142,14062,14222,13947,14338,glm_ar1,expanding,76,0,5892
IDN,2017-01-01,4,2017-05-01,14618,14537,14700,14420,14817,glm_ar1,expanding,76,0,5430
IDN,2017-01-01,5,2017-06-01,15089,15006,15171,14887,15291,glm_ar1,expanding,76,0,4193
IDN,2017-01-01,6,2017-07-01,15552,15468,15636,15347,15758,glm_ar1,expanding,76,0,3838
IND,2017-01-01,1,2017-02-01,11655,11583,11728,11478,11833,glm_ar1,expanding,82,0,6405
IND,2017-01-01,2,2017-03-01,12152,12077,12226,11971,12333,glm_ar1,expanding,82,0,5547
IND,2017-01-01,3,2017-04-01,12645,12570,12721,12461,12831,glm_ar1,expanding,82,0,3854
IND,2017-01-01,4,2017-05-01,13136,13059,13213,12948,13325,glm_ar1,expanding,82,0,5941
IND,2017-01-01,5,2017-06-01,13623,13544,13702,13431,13815,glm_ar1,expanding,82,0,8977
IND,2017-01-01,6,2017-07-01,14105,14025,14185,13910,14301,glm_ar1,expanding,82,0,17391
JAM,2017-01-01,1,2017-02-01,18,15,21,12,26,glm_ar1,expanding,81,0,7
JAM,2017-01-01,2,2017-03-01,27,23,30,19,35,glm_ar1,expanding,81,0,4
JAM,2017-01-01,3,2017-04-01,38,33,42,28,48,glm_ar1,expanding,81,0,8
JAM,2017-01-01,4,2017-05-01,52,47,57,40,64,glm_ar1,expanding,81,0,15
JAM,2017-01-01,5,2017-06-01,70,64,76,57,84,glm_ar1,expanding,81,0,10
JAM,2017-01-01,6,2017-07-01,93,86,99,77,109,glm_ar1,expanding,81,0,14
KEN,2017-01-01,1,2017-02-01,168,159,176,147,189,glm_ar1,expanding,47,0,98
KEN,2017-01-01,2,2017-03-01,212,202,222,188,236,glm_ar1,expanding,47,0,NA
KEN,2017-01-01,3,2017-04-01,265,254,276,239,292,glm_ar1,expanding,47,0,NA
KEN,2017-01-01,4,2017-05-01,328,315,340,298,358,glm_ar1,expanding,47,0,NA
KEN,2017-01-01,5,2017-06-01,401,388,415,369,435,glm_ar1,expanding,47,0,NA
KEN,2017-01-01,6,2017-07-01,487,472,501,451,523,glm_ar1,expanding,47,0,NA
KHM,2017-01-01,1,2017-02-01,190,180,199,167,212,glm_ar1,expanding,84,0,113
KHM,2017-01-01,2,2017-03-01,238,228,249,213,264,glm_ar1,expanding,84,0,106
KHM,2017-01-01,3,2017-04-01,296,284,308,268,325,glm_ar1,expanding,84,0,220
KHM,2017-01-01,4,2017-05-01,364,351,377,333,396,glm_ar1,expanding,84,0,352
KHM,2017-01-01,5,2017-06-01,444,429,458,409,479,glm_ar1,expanding,84,0,917
KHM,2017-01-01,6,2017-07-01,535,520,551,498,574,glm_ar1,expanding,84,0,1335
KIR,2017-01-01,1,2017-02-01,NA,NA,NA,NA,NA,glm_ar1,expanding,48,22,NA
KIR,2017-01-01,2,2017-03-01,NA,NA,NA,NA,NA,glm_ar1,expanding,48,22,NA
KIR,2017-01-01,3,2017-04-01,NA,NA,NA,NA,NA,glm_ar1,expanding,48,22,1
KIR,2017-01-01,4,2017-05-01,NA,NA,NA,NA,NA,glm_ar1,expanding,48,22,13
KIR,2017-01-01,5,2017-06-01,NA,NA,NA,NA,NA,glm_ar1,expanding,48,22,27
KIR,2017-01-01,6,2017-07-01,NA,NA,NA,NA,NA,glm_ar1,expanding,48,22,2
KNA,2017-01-01,1,2017-02-01,3,2,4,1,6,glm_ar1,expanding,34,12,1
KNA,2017-01-01,2,2017-03-01,6,4,8,2,10,glm_ar1,expanding,34,12,0
KNA,2017-01-01,3,2017-04-01,10,8,12,5,16,glm_ar1,expanding,34,12,NA
KNA,2017-01-01,4,2017-05-01,16,13,18,10,23,glm_ar1,expanding,34,12,NA
KNA,2017-01-01,5,2017-06-01,23,20,27,16,32,glm_ar1,expanding,34,12,NA
KNA,2017-01-01,6,2017-07-01,33,29,37,24,43,glm_ar1,expanding,34,12,NA
LAO,2017-01-01,1,2017-02-01,403,389,416,370,436,glm_ar1,expanding,84,0,102
LAO,2017-01-01,2,2017-03-01,488,473,503,452,525,glm_ar1,expanding,84,0,86
LAO,2017-01-01,3,2017-04-01,587,570,603,547,627,glm_ar1,expanding,84,0,311
LAO,2017-01-01,4,2017-05-01,699,681,717,656,743,glm_ar1,expanding,84,0,941
LAO,2017-01-01,5,2017-06-01,826,807,846,779,874,glm_ar1,expanding,84,0,1674
LAO,2017-01-01,6,2017-07-01,969,948,990,918,1021,glm_ar1,expanding,84,0,2229
LCA,2017-01-01,1,2017-02-01,9,7,11,4,14,glm_ar1,expanding,71,12,2
LCA,2017-01-01,2,2017-03-01,14,11,16,8,20,glm_ar1,expanding,71,12,3
LCA,2017-01-01,3,2017-04-01,21,18,24,14,29,glm_ar1,expanding,71,12,2
LCA,2017-01-01,4,2017-05-01,30,26,34,21,39,glm_ar1,expanding,71,12,3
LCA,2017-01-01,5,2017-06-01,42,38,46,32,53,glm_ar1,expanding,71,12,4
LCA,2017-01-01,6,2017-07-01,57,52,62,45,70,glm_ar1,expanding,71,12,6
LKA,2017-01-01,1,2017-02-01,13961,13881,14040,13767,14155,glm_ar1,expanding,84,0,8978
LKA,2017-01-01,2,2017-03-01,14439,14358,14520,14242,14637,glm_ar1,expanding,84,0,11626
LKA,2017-01-01,3,2017-04-01,14912,14829,14994,14711,15113,glm_ar1,expanding,84,0,17217
LKA,2017-01-01,4,2017-05-01,15378,15294,15462,15174,15582,glm_ar1,expanding,84,0,17190
LKA,2017-01-01,5,2017-06-01,15837,15752,15922,15630,16044,glm_ar1,expanding,84,0,22187
LKA,2017-01-01,6,2017-07-01,16289,16203,16375,16079,16499,glm_ar1,expanding,84,0,49349
MAF,2017-01-01,1,2017-02-01,35,31,39,26,46,glm_ar1,expanding,80,0,22
MAF,2017-01-01,2,2017-03-01,49,44,54,38,61,glm_ar1,expanding,80,0,14
MAF,2017-01-01,3,2017-04-01,66,61,72,53,80,glm_ar1,expanding,80,0,9
MAF,2017-01-01,4,2017-05-01,88,82,94,73,104,glm_ar1,expanding,80,0,15
MAF,2017-01-01,5,2017-06-01,115,108,123,98,133,glm_ar1,expanding,80,0,17
MAF,2017-01-01,6,2017-07-01,149,140,157,129,169,glm_ar1,expanding,80,0,8
MDV,2017-01-01,1,2017-02-01,109,102,116,92,126,glm_ar1,expanding,84,0,54
MDV,2017-01-01,2,2017-03-01,141,133,149,122,161,glm_ar1,expanding,84,0,48
MDV,2017-01-01,3,2017-04-01,180,170,189,158,202,glm_ar1,expanding,84,0,55
MDV,2017-01-01,4,2017-05-01,226,216,236,202,251,glm_ar1,expanding,84,0,76
MDV,2017-01-01,5,2017-06-01,282,271,293,255,310,glm_ar1,expanding,84,0,99
MDV,2017-01-01,6,2017-07-01,348,335,360,317,379,glm_ar1,expanding,84,0,112
MEX,2017-01-01,1,2017-02-01,2760,2724,2795,2674,2846,glm_ar1,expanding,84,0,2133
MEX,2017-01-01,2,2017-03-01,3067,3030,3104,2976,3158,glm_ar1,expanding,84,0,2557
MEX,2017-01-01,3,2017-04-01,3393,3353,3432,3297,3489,glm_ar1,expanding,84,0,2742
MEX,2017-01-01,4,2017-05-01,3736,3695,3777,3636,3837,glm_ar1,expanding,84,0,3102
MEX,2017-01-01,5,2017-06-01,4096,4053,4140,3992,4202,glm_ar1,expanding,84,0,5220
MEX,2017-01-01,6,2017-07-01,4473,4428,4518,4364,4584,glm_ar1,expanding,84,0,6566
MHL,2017-01-01,1,2017-02-01,NA,NA,NA,NA,NA,glm_ar1,expanding,12,56,NA
MHL,2017-01-01,2,2017-03-01,NA,NA,NA,NA,NA,glm_ar1,expanding,12,56,NA
MHL,2017-01-01,3,2017-04-01,NA,NA,NA,NA,NA,glm_ar1,expanding,12,56,NA
MHL,2017-01-01,4,2017-05-01,NA,NA,NA,NA,NA,glm_ar1,expanding,12,56,NA
MHL,2017-01-01,5,2017-06-01,NA,NA,NA,NA,NA,glm_ar1,expanding,12,56,NA
MHL,2017-01-01,6,2017-07-01,NA,NA,NA,NA,NA,glm_ar1,expanding,12,56,NA
MMR,2017-01-01,1,2017-02-01,2,1,2,0,4,glm_ar1,expanding,84,0,0
MMR,2017-01-01,2,2017-03-01,4,2,5,1,7,glm_ar1,expanding,84,0,477
MMR,2017-01-01,3,2017-04-01,7,5,9,3,12,glm_ar1,expanding,84,0,953
MMR,2017-01-01,4,2017-05-01,12,9,14,6,18,glm_ar1,expanding,84,0,2860
MMR,2017-01-01,5,2017-06-01,18,15,21,11,25,glm_ar1,expanding,84,0,8104
MMR,2017-01-01,6,2017-07-01,26,23,30,18,35,glm_ar1,expanding,84,0,6674
MRT,2017-01-01,1,2017-02-01,NA,NA,NA,NA,NA,glm_ar1,expanding,0,0,NA
MRT,2017-01-01,2,2017-03-01,NA,NA,NA,NA,NA,glm_ar1,expanding,0,0,NA
MRT,2017-01-01,3,2017-04-01,NA,NA,NA,NA,NA,glm_ar1,expanding,0,0,NA
MRT,2017-01-01,4,2017-05-01,NA,NA,NA,NA,NA,glm_ar1,expanding,0,0,15
MRT,2017-01-01,5,2017-06-01,NA,NA,NA,NA,NA,glm_ar1,expanding,0,0,16
MRT,2017-01-01,6,2017-07-01,NA,NA,NA,NA,NA,glm_ar1,expanding,0,0,14
MTQ,2017-01-01,1,2017-02-01,22,19,25,15,30,glm_ar1,expanding,81,0,24
MTQ,2017-01-01,2,2017-03-01,32,28,36,23,42,glm_ar1,expanding,81,0,6
MTQ,2017-01-01,3,2017-04-01,45,40,49,34,56,glm_ar1,expanding,81,0,17
MTQ,2017-01-01,4,2017-05-01,61,55,66,48,74,glm_ar1,expanding,81,0,3
MTQ,2017-01-01,5,2017-06-01,81,75,87,67,96,glm_ar1,expanding,81,0,6
MTQ,2017-01-01,6,2017-07-01,106,99,113,90,124,glm_ar1,expanding,81,0,10
MYS,2017-01-01,1,2017-02-01,9873,9806,9940,9710,10036,glm_ar1,expanding,84,0,7698
MYS,2017-01-01,2,2017-03-01,10369,10300,10437,10202,10537,glm_ar1,expanding,84,0,7644
MYS,2017-01-01,3,2017-04-01,10866,10796,10937,10695,11038,glm_ar1,expanding,84,0,10037
MYS,2017-01-01,4,2017-05-01,11364,11292,11436,11189,11540,glm_ar1,expanding,84,0,9277
MYS,2017-01-01,5,2017-06-01,11861,11788,11935,11682,12041,glm_ar1,expanding,84,0,8152
MYS,2017-01-01,6,2017-07-01,12356,12281,12431,12174,12540,glm_ar1,expanding,84,0,9244
NCL,2017-01-01,1,2017-02-01,531,516,547,494,569,glm_ar1,expanding,53,12,700
NCL,2017-01-01,2,2017-03-01,636,619,653,595,678,glm_ar1,expanding,53,12,1008
NCL,2017-01-01,3,2017-04-01,755,736,773,710,800,glm_ar1,expanding,53,12,1057
NCL,2017-01-01,4,2017-05-01,889,869,909,841,939,glm_ar1,expanding,53,12,635
NCL,2017-01-01,5,2017-06-01,1040,1018,1061,987,1093,glm_ar1,expanding,53,12,342
NCL,2017-01-01,6,2017-07-01,1207,1184,1231,1150,1265,glm_ar1,expanding,53,12,181
NIC,2017-01-01,1,2017-02-01,5738,5687,5789,5614,5863,glm_ar1,expanding,83,0,9497
NIC,2017-01-01,2,2017-03-01,6173,6120,6226,6044,6303,glm_ar1,expanding,83,0,4721
NIC,2017-01-01,3,2017-04-01,6620,6565,6675,6486,6754,glm_ar1,expanding,83,0,5757
NIC,2017-01-01,4,2017-05-01,7077,7020,7133,6939,7215,glm_ar1,expanding,83,0,5720
NIC,2017-01-01,5,2017-06-01,7543,7484,7601,7400,7686,glm_ar1,expanding,83,0,7263
NIC,2017-01-01,6,2017-07-01,8017,7956,8077,7870,8164,glm_ar1,expanding,83,0,8245
NPL,2017-01-01,1,2017-02-01,51,46,56,40,63,glm_ar1,expanding,83,0,0
NPL,2017-01-01,2,2017-03-01,69,63,74,56,83,glm_ar1,expanding,83,0,0
NPL,2017-01-01,3,2017-04-01,91,85,98,76,107,glm_ar1,expanding,83,0,0
NPL,2017-01-01,4,2017-05-01,119,112,126,102,137,glm_ar1,expanding,83,0,25
NPL,2017-01-01,5,2017-06-01,153,145,162,133,174,glm_ar1,expanding,83,0,37
NPL,2017-01-01,6,2017-07-01,195,185,204,172,218,glm_ar1,expanding,83,0,12
OMN,2017-01-01,1,2017-02-01,NA,NA,NA,NA,NA,glm_ar1,expanding,0,0,NA
OMN,2017-01-01,2,2017-03-01,NA,NA,NA,NA,NA,glm_ar1,expanding,0,0,NA
OMN,2017-01-01,3,2017-04-01,NA,NA,NA,NA,NA,glm_ar1,expanding,0,0,NA
OMN,2017-01-01,4,2017-05-01,NA,NA,NA,NA,NA,glm_ar1,expanding,0,0,NA
OMN,2017-01-01,5,2017-06-01,NA,NA,NA,NA,NA,glm_ar1,expanding,0,0,NA
OMN,2017-01-01,6,2017-07-01,NA,NA,NA,NA,NA,glm_ar1,expanding,0,0,NA
PAK,2017-01-01,1,2017-02-01,669,651,686,626,712,glm_ar1,expanding,83,0,332
PAK,2017-01-01,2,2017-03-01,792,773,811,746,839,glm_ar1,expanding,83,0,314
PAK,2017-01-01,3,2017-04-01,931,910,951,881,981,glm_ar1,expanding,83,0,450
PAK,2017-01-01,4,2017-05-01,1086,1064,1108,1032,1141,glm_ar1,expanding,83,0,1775
PAK,2017-01-01,5,2017-06-01,1259,1235,1282,1201,1317,glm_ar1,expanding,83,0,1350
PAK,2017-01-01,6,2017-07-01,1449,1423,1474,1386,1512,glm_ar1,expanding,83,0,961
PAN,2017-01-01,1,2017-02-01,1584,1557,1611,1519,1650,glm_ar1,expanding,82,0,493
PAN,2017-01-01,2,2017-03-01,1805,1776,1833,1735,1875,glm_ar1,expanding,82,0,319
PAN,2017-01-01,3,2017-04-01,2044,2013,2074,1970,2119,glm_ar1,expanding,82,0,319
PAN,2017-01-01,4,2017-05-01,2302,2270,2335,2224,2381,glm_ar1,expanding,82,0,291
PAN,2017-01-01,5,2017-06-01,2579,2545,2614,2496,2663,glm_ar1,expanding,82,0,690
PAN,2017-01-01,6,2017-07-01,2875,2839,2911,2787,2964,glm_ar1,expanding,82,0,1356
PER,2017-01-01,1,2017-02-01,2417,2384,2450,2337,2498,glm_ar1,expanding,77,0,3138
PER,2017-01-01,2,2017-03-01,2702,2667,2737,2617,2788,glm_ar1,expanding,77,0,6086
PER,2017-01-01,3,2017-04-01,3006,2969,3043,2916,3097,glm_ar1,expanding,77,0,16285
PER,2017-01-01,4,2017-05-01,3328,3289,3367,3234,3423,glm_ar1,expanding,77,0,30501
PER,2017-01-01,5,2017-06-01,3668,3627,3709,3569,3768,glm_ar1,expanding,77,0,9133
PER,2017-01-01,6,2017-07-01,4025,3982,4068,3921,4130,glm_ar1,expanding,77,0,3839
PHL,2017-01-01,1,2017-02-01,13016,12939,13093,12828,13204,glm_ar1,expanding,82,0,8054
PHL,2017-01-01,2,2017-03-01,13504,13425,13582,13313,13695,glm_ar1,expanding,82,0,6591
PHL,2017-01-01,3,2017-04-01,13987,13907,14067,13793,14182,glm_ar1,expanding,82,0,4947
PHL,2017-01-01,4,2017-05-01,14465,14384,14546,14268,14663,glm_ar1,expanding,82,0,6022
PHL,2017-01-01,5,2017-06-01,14937,14855,15020,14737,15139,glm_ar1,expanding,82,0,10329
PHL,2017-01-01,6,2017-07-01,15403,15319,15487,15199,15608,glm_ar1,expanding,82,0,18927
PLW,2017-01-01,1,2017-02-01,NA,NA,NA,NA,NA,glm_ar1,expanding,12,70,NA
PLW,2017-01-01,2,2017-03-01,NA,NA,NA,NA,NA,glm_ar1,expanding,12,70,NA
PLW,2017-01-01,3,2017-04-01,NA,NA,NA,NA,NA,glm_ar1,expanding,12,70,136
PLW,2017-01-01,4,2017-05-01,NA,NA,NA,NA,NA,glm_ar1,expanding,12,70,123
PLW,2017-01-01,5,2017-06-01,NA,NA,NA,NA,NA,glm_ar1,expanding,12,70,136
PLW,2017-01-01,6,2017-07-01,NA,NA,NA,NA,NA,glm_ar1,expanding,12,70,166
PRI,2017-01-01,1,2017-02-01,NA,NA,NA,NA,NA,glm_ar1,expanding,72,10,NA
PRI,2017-01-01,2,2017-03-01,NA,NA,NA,NA,NA,glm_ar1,expanding,72,10,NA
PRI,2017-01-01,3,2017-04-01,NA,NA,NA,NA,NA,glm_ar1,expanding,72,10,NA
PRI,2017-01-01,4,2017-05-01,NA,NA,NA,NA,NA,glm_ar1,expanding,72,10,NA
PRI,2017-01-01,5,2017-06-01,NA,NA,NA,NA,NA,glm_ar1,expanding,72,10,NA
PRI,2017-01-01,6,2017-07-01,NA,NA,NA,NA,NA,glm_ar1,expanding,72,10,NA
PRY,2017-01-01,1,2017-02-01,149,141,158,130,170,glm_ar1,expanding,79,0,104
PRY,2017-01-01,2,2017-03-01,190,181,199,168,213,glm_ar1,expanding,79,0,94
PRY,2017-01-01,3,2017-04-01,239,228,249,214,265,glm_ar1,expanding,79,0,401
PRY,2017-01-01,4,2017-05-01,297,285,308,269,325,glm_ar1,expanding,79,0,526
PRY,2017-01-01,5,2017-06-01,365,352,378,334,397,glm_ar1,expanding,79,0,26
PRY,2017-01-01,6,2017-07-01,445,430,459,410,480,glm_ar1,expanding,79,0,60
PYF,2017-01-01,1,2017-02-01,18,15,21,12,26,glm_ar1,expanding,57,24,6
PYF,2017-01-01,2,2017-03-01,27,23,30,19,35,glm_ar1,expanding,57,24,5
PYF,2017-01-01,3,2017-04-01,38,33,42,28,48,glm_ar1,expanding,57,24,3
PYF,2017-01-01,4,2017-05-01,52,47,57,40,64,glm_ar1,expanding,57,24,7
PYF,2017-01-01,5,2017-06-01,70,64,76,57,84,glm_ar1,expanding,57,24,0
PYF,2017-01-01,6,2017-07-01,93,86,99,77,109,glm_ar1,expanding,57,24,0
REU,2017-01-01,1,2017-02-01,3,2,4,1,6,glm_ar1,expanding,39,36,1
REU,2017-01-01,2,2017-03-01,6,4,8,2,10,glm_ar1,expanding,39,36,7
REU,2017-01-01,3,2017-04-01,10,8,12,5,16,glm_ar1,expanding,39,36,28
REU,2017-01-01,4,2017-05-01,16,13,18,10,23,glm_ar1,expanding,39,36,4
REU,2017-01-01,5,2017-06-01,23,20,27,16,32,glm_ar1,expanding,39,36,19
REU,2017-01-01,6,2017-07-01,33,29,37,24,43,glm_ar1,expanding,39,36,8
SAU,2017-01-01,1,2017-02-01,448,434,462,414,483,glm_ar1,expanding,76,0,307
SAU,2017-01-01,2,2017-03-01,541,525,556,503,579,glm_ar1,expanding,76,0,307
SAU,2017-01-01,3,2017-04-01,647,629,664,605,689,glm_ar1,expanding,76,0,469
SAU,2017-01-01,4,2017-05-01,767,748,786,722,813,glm_ar1,expanding,76,0,650
SAU,2017-01-01,5,2017-06-01,903,882,923,854,953,glm_ar1,expanding,76,0,562
SAU,2017-01-01,6,2017-07-01,1055,1033,1077,1002,1109,glm_ar1,expanding,76,0,353
SDN,2017-01-01,1,2017-02-01,NA,NA,NA,NA,NA,glm_ar1,expanding,48,33,NA
SDN,2017-01-01,2,2017-03-01,NA,NA,NA,NA,NA,glm_ar1,expanding,48,33,NA
SDN,2017-01-01,3,2017-04-01,NA,NA,NA,NA,NA,glm_ar1,expanding,48,33,NA
SDN,2017-01-01,4,2017-05-01,NA,NA,NA,NA,NA,glm_ar1,expanding,48,33,NA
SDN,2017-01-01,5,2017-06-01,NA,NA,NA,NA,NA,glm_ar1,expanding,48,33,NA
SDN,2017-01-01,6,2017-07-01,NA,NA,NA,NA,NA,glm_ar1,expanding,48,33,NA
SEN,2017-01-01,1,2017-02-01,NA,NA,NA,NA,NA,glm_ar1,expanding,0,0,NA
SEN,2017-01-01,2,2017-03-01,NA,NA,NA,NA,NA,glm_ar1,expanding,0,0,NA
SEN,2017-01-01,3,2017-04-01,NA,NA,NA,NA,NA,glm_ar1,expanding,0,0,NA
SEN,2017-01-01,4,2017-05-01,NA,NA,NA,NA,NA,glm_ar1,expanding,0,0,2
SEN,2017-01-01,5,2017-06-01,NA,NA,NA,NA,NA,glm_ar1,expanding,0,0,5
SEN,2017-01-01,6,2017-07-01,NA,NA,NA,NA,NA,glm_ar1,expanding,0,0,8
SGP,2017-01-01,1,2017-02-01,441,427,455,407,476,glm_ar1,expanding,84,0,224
SGP,2017-01-01,2,2017-03-01,533,517,548,495,571,glm_ar1,expanding,84,0,147
SGP,2017-01-01,3,2017-04-01,637,620,654,596,679,glm_ar1,expanding,84,0,199
SGP,2017-01-01,4,2017-05-01,757,738,775,712,802,glm_ar1,expanding,84,0,213
SGP,2017-01-01,5,2017-06-01,891,871,911,842,941,glm_ar1,expanding,84,0,292
SGP,2017-01-01,6,2017-07-01,1042,1020,1064,989,1095,glm_ar1,expanding,84,0,294
SLB,2017-01-01,1,2017-02-01,2916,2880,2953,2828,3006,glm_ar1,expanding,22,24,1172
SLB,2017-01-01,2,2017-03-01,3233,3195,3271,3140,3327,glm_ar1,expanding,22,24,629
SLB,2017-01-01,3,2017-04-01,3568,3528,3608,3470,3667,glm_ar1,expanding,22,24,203
SLB,2017-01-01,4,2017-05-01,3920,3878,3962,3818,4024,glm_ar1,expanding,22,24,0
SLB,2017-01-01,5,2017-06-01,4289,4245,4334,4182,4397,glm_ar1,expanding,22,24,0
SLB,2017-01-01,6,2017-07-01,4675,4628,4721,4562,4787,glm_ar1,expanding,22,24,0
SLV,2017-01-01,1,2017-02-01,380,367,394,349,413,glm_ar1,expanding,84,0,311
SLV,2017-01-01,2,2017-03-01,463,448,477,427,498,glm_ar1,expanding,84,0,321
SLV,2017-01-01,3,2017-04-01,557,541,573,519,596,glm_ar1,expanding,84,0,327
SLV,2017-01-01,4,2017-05-01,666,648,683,623,708,glm_ar1,expanding,84,0,389
SLV,2017-01-01,5,2017-06-01,788,769,807,743,835,glm_ar1,expanding,84,0,468
SLV,2017-01-01,6,2017-07-01,927,906,947,877,977,glm_ar1,expanding,84,0,339
SUR,2017-01-01,1,2017-02-01,NA,NA,NA,NA,NA,glm_ar1,expanding,36,46,NA
SUR,2017-01-01,2,2017-03-01,NA,NA,NA,NA,NA,glm_ar1,expanding,36,46,NA
SUR,2017-01-01,3,2017-04-01,NA,NA,NA,NA,NA,glm_ar1,expanding,36,46,0
SUR,2017-01-01,4,2017-05-01,NA,NA,NA,NA,NA,glm_ar1,expanding,36,46,0
SUR,2017-01-01,5,2017-06-01,NA,NA,NA,NA,NA,glm_ar1,expanding,36,46,0
SUR,2017-01-01,6,2017-07-01,NA,NA,NA,NA,NA,glm_ar1,expanding,36,46,0
SXM,2017-01-01,1,2017-02-01,NA,NA,NA,NA,NA,glm_ar1,expanding,36,46,NA
SXM,2017-01-01,2,2017-03-01,NA,NA,NA,NA,NA,glm_ar1,expanding,36,46,NA
SXM,2017-01-01,3,2017-04-01,NA,NA,NA,NA,NA,glm_ar1,expanding,36,46,NA
SXM,2017-01-01,4,2017-05-01,NA,NA,NA,NA,NA,glm_ar1,expanding,36,46,NA
SXM,2017-01-01,5,2017-06-01,NA,NA,NA,NA,NA,glm_ar1,expanding,36,46,NA
SXM,2017-01-01,6,2017-07-01,NA,NA,NA,NA,NA,glm_ar1,expanding,36,46,NA
SYC,2017-01-01,1,2017-02-01,540,525,556,503,579,glm_ar1,expanding,7,0,456
SYC,2017-01-01,2,2017-03-01,646,629,664,605,689,glm_ar1,expanding,7,0,413
SYC,2017-01-01,3,2017-04-01,767,748,785,722,813,glm_ar1,expanding,7,0,298
SYC,2017-01-01,4,2017-05-01,903,882,923,854,952,glm_ar1,expanding,7,0,291
SYC,2017-01-01,5,2017-06-01,1055,1033,1077,1002,1108,glm_ar1,expanding,7,0,284
SYC,2017-01-01,6,2017-07-01,1224,1200,1247,1167,1282,glm_ar1,expanding,7,0,219
TCA,2017-01-01,1,2017-02-01,22,19,25,15,30,glm_ar1,expanding,45,0,16
TCA,2017-01-01,2,2017-03-01,32,28,36,23,42,glm_ar1,expanding,45,0,17
TCA,2017-01-01,3,2017-04-01,45,40,49,34,56,glm_ar1,expanding,45,0,9
TCA,2017-01-01,4,2017-05-01,61,55,66,48,74,glm_ar1,expanding,45,0,6
TCA,2017-01-01,5,2017-06-01,81,75,87,67,96,glm_ar1,expanding,45,0,8
TCA,2017-01-01,6,2017-07-01,106,99,113,90,124,glm_ar1,expanding,45,0,8
THA,2017-01-01,1,2017-02-01,1820,1791,1848,1750,1890,glm_ar1,expanding,84,0,1229
THA,2017-01-01,2,2017-03-01,2060,2030,2091,1986,2135,glm_ar1,expanding,84,0,1104
THA,2017-01-01,3,2017-04-01,2320,2287,2352,2241,2399,glm_ar1,expanding,84,0,1174
THA,2017-01-01,4,2017-05-01,2598,2564,2633,2515,2682,glm_ar1,expanding,84,0,2230
THA,2017-01-01,5,2017-06-01,2895,2859,2932,2807,2984,glm_ar1,expanding,84,0,4411
THA,2017-01-01,6,2017-07-01,3211,3173,3249,3118,3304,glm_ar1,expanding,84,0,5368
TLS,2017-01-01,1,2017-02-01,209,199,218,185,233,glm_ar1,expanding,77,0,205
TLS,2017-01-01,2,2017-03-01,261,250,272,235,288,glm_ar1,expanding,77,0,120
TLS,2017-01-01,3,2017-04-01,323,311,335,294,353,glm_ar1,expanding,77,0,60
TLS,2017-01-01,4,2017-05-01,396,382,409,363,429,glm_ar1,expanding,77,0,0
TLS,2017-01-01,5,2017-06-01,480,466,495,445,517,glm_ar1,expanding,77,0,0
TLS,2017-01-01,6,2017-07-01,578,561,594,538,618,glm_ar1,expanding,77,0,0
TON,2017-01-01,1,2017-02-01,NA,NA,NA,NA,NA,glm_ar1,expanding,12,21,NA
TON,2017-01-01,2,2017-03-01,NA,NA,NA,NA,NA,glm_ar1,expanding,12,21,NA
TON,2017-01-01,3,2017-04-01,NA,NA,NA,NA,NA,glm_ar1,expanding,12,21,NA
TON,2017-01-01,4,2017-05-01,NA,NA,NA,NA,NA,glm_ar1,expanding,12,21,11
TON,2017-01-01,5,2017-06-01,NA,NA,NA,NA,NA,glm_ar1,expanding,12,21,13
TON,2017-01-01,6,2017-07-01,NA,NA,NA,NA,NA,glm_ar1,expanding,12,21,7
TTO,2017-01-01,1,2017-02-01,50,45,54,38,62,glm_ar1,expanding,46,36,7
TTO,2017-01-01,2,2017-03-01,67,62,73,54,81,glm_ar1,expanding,46,36,3
TTO,2017-01-01,3,2017-04-01,89,83,96,74,105,glm_ar1,expanding,46,36,2
TTO,2017-01-01,4,2017-05-01,117,109,124,99,135,glm_ar1,expanding,46,36,2
TTO,2017-01-01,5,2017-06-01,150,142,158,130,171,glm_ar1,expanding,46,36,4
TTO,2017-01-01,6,2017-07-01,191,182,200,169,214,glm_ar1,expanding,46,36,10
TUV,2017-01-01,1,2017-02-01,NA,NA,NA,NA,NA,glm_ar1,expanding,0,0,NA
TUV,2017-01-01,2,2017-03-01,NA,NA,NA,NA,NA,glm_ar1,expanding,0,0,NA
TUV,2017-01-01,3,2017-04-01,NA,NA,NA,NA,NA,glm_ar1,expanding,0,0,NA
TUV,2017-01-01,4,2017-05-01,NA,NA,NA,NA,NA,glm_ar1,expanding,0,0,NA
TUV,2017-01-01,5,2017-06-01,NA,NA,NA,NA,NA,glm_ar1,expanding,0,0,NA
TUV,2017-01-01,6,2017-07-01,NA,NA,NA,NA,NA,glm_ar1,expanding,0,0,NA
TWN,2017-01-01,1,2017-02-01,NA,NA,NA,NA,NA,glm_ar1,expanding,72,11,NA
TWN,2017-01-01,2,2017-03-01,NA,NA,NA,NA,NA,glm_ar1,expanding,72,11,NA
TWN,2017-01-01,3,2017-04-01,NA,NA,NA,NA,NA,glm_ar1,expanding,72,11,NA
TWN,2017-01-01,4,2017-05-01,NA,NA,NA,NA,NA,glm_ar1,expanding,72,11,NA
TWN,2017-01-01,5,2017-06-01,NA,NA,NA,NA,NA,glm_ar1,expanding,72,11,NA
TWN,2017-01-01,6,2017-07-01,NA,NA,NA,NA,NA,glm_ar1,expanding,72,11,NA
URY,2017-01-01,1,2017-02-01,NA,NA,NA,NA,NA,glm_ar1,expanding,12,10,NA
URY,2017-01-01,2,2017-03-01,NA,NA,NA,NA,NA,glm_ar1,expanding,12,10,NA
URY,2017-01-01,3,2017-04-01,NA,NA,NA,NA,NA,glm_ar1,expanding,12,10,NA
URY,2017-01-01,4,2017-05-01,NA,NA,NA,NA,NA,glm_ar1,expanding,12,10,NA
URY,2017-01-01,5,2017-06-01,NA,NA,NA,NA,NA,glm_ar1,expanding,12,10,NA
URY,2017-01-01,6,2017-07-01,NA,NA,NA,NA,NA,glm_ar1,expanding,12,10,NA
USA,2017-01-01,1,2017-02-01,45,40,49,34,56,glm_ar1,expanding,71,12,18
USA,2017-01-01,2,2017-03-01,61,55,66,48,74,glm_ar1,expanding,71,12,12
USA,2017-01-01,3,2017-04-01,81,75,87,67,96,glm_ar1,expanding,71,12,16
USA,2017-01-01,4,2017-05-01,107,99,113,90,124,glm_ar1,expanding,71,12,19
USA,2017-01-01,5,2017-06-01,138,130,146,119,157,glm_ar1,expanding,71,12,23
USA,2017-01-01,6,2017-07-01,176,167,185,155,198,glm_ar1,expanding,71,12,68
VCT,2017-01-01,1,2017-02-01,3,2,4,1,6,glm_ar1,expanding,70,12,1
VCT,2017-01-01,2,2017-03-01,6,4,8,2,10,glm_ar1,expanding,70,12,0
VCT,2017-01-01,3,2017-04-01,10,8,12,5,16,glm_ar1,expanding,70,12,NA
VCT,2017-01-01,4,2017-05-01,16,13,18,10,23,glm_ar1,expanding,70,12,NA
VCT,2017-01-01,5,2017-06-01,23,20,27,16,32,glm_ar1,expanding,70,12,NA
VCT,2017-01-01,6,2017-07-01,33,29,37,24,43,glm_ar1,expanding,70,12,NA
VEN,2017-01-01,1,2017-02-01,944,924,965,894,995,glm_ar1,expanding,82,0,711
VEN,2017-01-01,2,2017-03-01,1101,1079,1123,1047,1156,glm_ar1,expanding,82,0,774
VEN,2017-01-01,3,2017-04-01,1275,1251,1299,1217,1334,glm_ar1,expanding,82,0,596
VEN,2017-01-01,4,2017-05-01,1467,1441,1493,1404,1530,glm_ar1,expanding,82,0,637
VEN,2017-01-01,5,2017-06-01,1677,1649,1704,1610,1745,glm_ar1,expanding,82,0,742
VEN,2017-01-01,6,2017-07-01,1906,1876,1935,1834,1978,glm_ar1,expanding,82,0,753
VGB,2017-01-01,1,2017-02-01,9,7,11,4,14,glm_ar1,expanding,82,0,2
VGB,2017-01-01,2,2017-03-01,14,11,16,8,20,glm_ar1,expanding,82,0,3
VGB,2017-01-01,3,2017-04-01,21,18,24,14,29,glm_ar1,expanding,82,0,3
VGB,2017-01-01,4,2017-05-01,30,26,34,21,39,glm_ar1,expanding,82,0,6
VGB,2017-01-01,5,2017-06-01,42,38,46,32,53,glm_ar1,expanding,82,0,3
VGB,2017-01-01,6,2017-07-01,57,52,62,45,70,glm_ar1,expanding,82,0,4
VNM,2017-01-01,1,2017-02-01,10075,10007,10142,9910,10240,glm_ar1,expanding,83,0,6378
VNM,2017-01-01,2,2017-03-01,10572,10502,10641,10403,10741,glm_ar1,expanding,83,0,5746
VNM,2017-01-01,3,2017-04-01,11069,10998,11140,10897,11243,glm_ar1,expanding,83,0,6353
VNM,2017-01-01,4,2017-05-01,11567,11494,11639,11390,11744,glm_ar1,expanding,83,0,6877
VNM,2017-01-01,5,2017-06-01,12063,11989,12137,11883,12244,glm_ar1,expanding,83,0,13694
VNM,2017-01-01,6,2017-07-01,12558,12482,12633,12374,12742,glm_ar1,expanding,83,0,31899
VUT,2017-01-01,1,2017-02-01,NA,NA,NA,NA,NA,glm_ar1,expanding,12,63,NA
VUT,2017-01-01,2,2017-03-01,NA,NA,NA,NA,NA,glm_ar1,expanding,12,63,NA
VUT,2017-01-01,3,2017-04-01,NA,NA,NA,NA,NA,glm_ar1,expanding,12,63,NA
VUT,2017-01-01,4,2017-05-01,NA,NA,NA,NA,NA,glm_ar1,expanding,12,63,NA
VUT,2017-01-01,5,2017-06-01,NA,NA,NA,NA,NA,glm_ar1,expanding,12,63,NA
VUT,2017-01-01,6,2017-07-01,NA,NA,NA,NA,NA,glm_ar1,expanding,12,63,NA
WLF,2017-01-01,1,2017-02-01,NA,NA,NA,NA,NA,glm_ar1,expanding,0,0,NA
WLF,2017-01-01,2,2017-03-01,NA,NA,NA,NA,NA,glm_ar1,expanding,0,0,NA
WLF,2017-01-01,3,2017-04-01,NA,NA,NA,NA,NA,glm_ar1,expanding,0,0,NA
WLF,2017-01-01,4,2017-05-01,NA,NA,NA,NA,NA,glm_ar1,expanding,0,0,NA
WLF,2017-01-01,5,2017-06-01,NA,NA,NA,NA,NA,glm_ar1,expanding,0,0,10
WLF,2017-01-01,6,2017-07-01,NA,NA,NA,NA,NA,glm_ar1,expanding,0,0,8
WSM,2017-01-01,1,2017-02-01,NA,NA,NA,NA,NA,glm_ar1,expanding,0,0,NA
WSM,2017-01-01,2,2017-03-01,NA,NA,NA,NA,NA,glm_ar1,expanding,0,0,NA
WSM,2017-01-01,3,2017-04-01,NA,NA,NA,NA,NA,glm_ar1,expanding,0,0,NA
WSM,2017-01-01,4,2017-05-01,NA,NA,NA,NA,NA,glm_ar1,expanding,0,0,NA
WSM,2017-01-01,5,2017-06-01,NA,NA,NA,NA,NA,glm_ar1,expanding,0,0,NA
WSM,2017-01-01,6,2017-07-01,NA,NA,NA,NA,NA,glm_ar1,expanding,0,0,NA
YEM,2017-01-01,1,2017-02-01,NA,NA,NA,NA,NA,glm_ar1,expanding,12,10,NA
YEM,2017-01-01,2,2017-03-01,NA,NA,NA,NA,NA,glm_ar1,expanding,12,10,NA
YEM,2017-01-01,3,2017-04-01,NA,NA,NA,NA,NA,glm_ar1,expanding,12,10,NA
YEM,2017-01-01,4,2017-05-01,NA,NA,NA,NA,NA,glm_ar1,expanding,12,10,NA
YEM,2017-01-01,5,2017-06-01,NA,NA,NA,NA,NA,glm_ar1,expanding,12,10,NA
YEM,2017-01-01,6,2017-07-01,NA,NA,NA,NA,NA,glm_ar1,expanding,12,10,NA
ABW,2017-07-01,1,2017-08-01,69,63,75,56,83,glm_ar1,expanding,61,24,87
ABW,2017-07-01,2,2017-09-01,92,85,98,76,108,glm_ar1,expanding,61,24,138
ABW,2017-07-01,3,2017-10-01,120,113,128,103,139,glm_ar1,expanding,61,24,162
ABW,2017-07-01,4,2017-11-01,155,147,164,135,176,glm_ar1,expanding,61,24,105
ABW,2017-07-01,5,2017-12-01,198,188,207,175,221,glm_ar1,expanding,61,24,68
ABW,2017-07-01,6,2018-01-01,249,238,259,223,275,glm_ar1,expanding,61,24,1
AFG,2017-07-01,1,2017-08-01,NA,NA,NA,NA,NA,glm_ar1,expanding,0,0,NA
AFG,2017-07-01,2,2017-09-01,NA,NA,NA,NA,NA,glm_ar1,expanding,0,0,NA
AFG,2017-07-01,3,2017-10-01,NA,NA,NA,NA,NA,glm_ar1,expanding,0,0,NA
AFG,2017-07-01,4,2017-11-01,NA,NA,NA,NA,NA,glm_ar1,expanding,0,0,NA
AFG,2017-07-01,5,2017-12-01,NA,NA,NA,NA,NA,glm_ar1,expanding,0,0,NA
AFG,2017-07-01,6,2018-01-01,NA,NA,NA,NA,NA,glm_ar1,expanding,0,0,NA
ARG,2017-07-01,1,2017-08-01,2,1,2,0,4,glm_ar1,expanding,84,0,0
ARG,2017-07-01,2,2017-09-01,4,3,5,1,7,glm_ar1,expanding,84,0,0
ARG,2017-07-01,3,2017-10-01,7,5,9,3,12,glm_ar1,expanding,84,0,0
ARG,2017-07-01,4,2017-11-01,12,10,14,7,18,glm_ar1,expanding,84,0,4
ARG,2017-07-01,5,2017-12-01,18,15,21,12,26,glm_ar1,expanding,84,0,4
ARG,2017-07-01,6,2018-01-01,27,23,30,19,36,glm_ar1,expanding,84,0,19
ATG,2017-07-01,1,2017-08-01,NA,NA,NA,NA,NA,glm_ar1,expanding,24,4,NA
ATG,2017-07-01,2,2017-09-01,NA,NA,NA,NA,NA,glm_ar1,expanding,24,4,NA
ATG,2017-07-01,3,2017-10-01,NA,NA,NA,NA,NA,glm_ar1,expanding,24,4,NA
ATG,2017-07-01,4,2017-11-01,NA,NA,NA,NA,NA,glm_ar1,expanding,24,4,NA
ATG,2017-07-01,5,2017-12-01,NA,NA,NA,NA,NA,glm_ar1,expanding,24,4,NA
ATG,2017-07-01,6,2018-01-01,NA,NA,NA,NA,NA,glm_ar1,expanding,24,4,NA
AUS,2017-07-01,1,2017-08-01,118,111,125,100,136,glm_ar1,expanding,83,0,57
AUS,2017-07-01,2,2017-09-01,152,144,161,132,173,glm_ar1,expanding,83,0,53
AUS,2017-07-01,3,2017-10-01,194,185,204,172,217,glm_ar1,expanding,83,0,119
AUS,2017-07-01,4,2017-11-01,245,234,255,219,271,glm_ar1,expanding,83,0,76
AUS,2017-07-01,5,2017-12-01,304,293,316,276,333,glm_ar1,expanding,83,0,76
AUS,2017-07-01,6,2018-01-01,375,362,388,344,407,glm_ar1,expanding,83,0,156
BES,2017-07-01,1,2017-08-01,NA,NA,NA,NA,NA,glm_ar1,expanding,36,0,NA
BES,2017-07-01,2,2017-09-01,NA,NA,NA,NA,NA,glm_ar1,expanding,36,0,NA
BES,2017-07-01,3,2017-10-01,NA,NA,NA,NA,NA,glm_ar1,expanding,36,0,NA
BES,2017-07-01,4,2017-11-01,NA,NA,NA,NA,NA,glm_ar1,expanding,36,0,NA
BES,2017-07-01,5,2017-12-01,NA,NA,NA,NA,NA,glm_ar1,expanding,36,0,NA
BES,2017-07-01,6,2018-01-01,NA,NA,NA,NA,NA,glm_ar1,expanding,36,0,NA
BFA,2017-07-01,1,2017-08-01,78,72,84,64,93,glm_ar1,expanding,27,0,263
BFA,2017-07-01,2,2017-09-01,103,96,110,87,120,glm_ar1,expanding,27,0,964
BFA,2017-07-01,3,2017-10-01,134,126,142,115,153,glm_ar1,expanding,27,0,8942
BFA,2017-07-01,4,2017-11-01,172,163,181,151,194,glm_ar1,expanding,27,0,3653
BFA,2017-07-01,5,2017-12-01,218,208,228,194,242,glm_ar1,expanding,27,0,935
BFA,2017-07-01,6,2018-01-01,273,262,284,246,300,glm_ar1,expanding,27,0,321
BGD,2017-07-01,1,2017-08-01,353,341,366,323,385,glm_ar1,expanding,89,0,346
BGD,2017-07-01,2,2017-09-01,432,418,446,398,467,glm_ar1,expanding,89,0,430
BGD,2017-07-01,3,2017-10-01,524,508,539,486,562,glm_ar1,expanding,89,0,512
BGD,2017-07-01,4,2017-11-01,629,612,646,588,670,glm_ar1,expanding,89,0,409
BGD,2017-07-01,5,2017-12-01,749,730,767,704,794,glm_ar1,expanding,89,0,126
BGD,2017-07-01,6,2018-01-01,884,864,904,836,933,glm_ar1,expanding,89,0,26
BHS,2017-07-01,1,2017-08-01,NA,NA,NA,NA,NA,glm_ar1,expanding,48,40,NA
BHS,2017-07-01,2,2017-09-01,NA,NA,NA,NA,NA,glm_ar1,expanding,48,40,NA
BHS,2017-07-01,3,2017-10-01,NA,NA,NA,NA,NA,glm_ar1,expanding,48,40,NA
BHS,2017-07-01,4,2017-11-01,NA,NA,NA,NA,NA,glm_ar1,expanding,48,40,NA
BHS,2017-07-01,5,2017-12-01,NA,NA,NA,NA,NA,glm_ar1,expanding,48,40,NA
BHS,2017-07-01,6,2018-01-01,NA,NA,NA,NA,NA,glm_ar1,expanding,48,40,NA
BLM,2017-07-01,1,2017-08-01,NA,NA,NA,NA,NA,glm_ar1,expanding,60,4,NA
BLM,2017-07-01,2,2017-09-01,NA,NA,NA,NA,NA,glm_ar1,expanding,60,4,NA
BLM,2017-07-01,3,2017-10-01,NA,NA,NA,NA,NA,glm_ar1,expanding,60,4,NA
BLM,2017-07-01,4,2017-11-01,NA,NA,NA,NA,NA,glm_ar1,expanding,60,4,NA
BLM,2017-07-01,5,2017-12-01,NA,NA,NA,NA,NA,glm_ar1,expanding,60,4,NA
BLM,2017-07-01,6,2018-01-01,NA,NA,NA,NA,NA,glm_ar1,expanding,60,4,NA
BLZ,2017-07-01,1,2017-08-01,412,398,426,379,446,glm_ar1,expanding,89,0,230
BLZ,2017-07-01,2,2017-09-01,500,485,515,464,537,glm_ar1,expanding,89,0,193
BLZ,2017-07-01,3,2017-10-01,602,585,618,562,643,glm_ar1,expanding,89,0,143
BLZ,2017-07-01,4,2017-11-01,718,700,736,674,762,glm_ar1,expanding,89,0,102
BLZ,2017-07-01,5,2017-12-01,850,830,869,802,898,glm_ar1,expanding,89,0,64
BLZ,2017-07-01,6,2018-01-01,998,976,1019,946,1050,glm_ar1,expanding,89,0,80
BOL,2017-07-01,1,2017-08-01,526,510,541,488,564,glm_ar1,expanding,84,0,400
BOL,2017-07-01,2,2017-09-01,631,614,648,590,673,glm_ar1,expanding,84,0,334
BOL,2017-07-01,3,2017-10-01,751,733,770,706,797,glm_ar1,expanding,84,0,364
BOL,2017-07-01,4,2017-11-01,887,867,907,838,936,glm_ar1,expanding,84,0,562
BOL,2017-07-01,5,2017-12-01,1040,1018,1061,987,1093,glm_ar1,expanding,84,0,592
BOL,2017-07-01,6,2018-01-01,1209,1186,1233,1152,1267,glm_ar1,expanding,84,0,1038
BRA,2017-07-01,1,2017-08-01,22873,22771,22975,22624,23122,glm_ar1,expanding,82,0,16173
BRA,2017-07-01,2,2017-09-01,23147,23044,23249,22897,23397,glm_ar1,expanding,82,0,18498
BRA,2017-07-01,3,2017-10-01,23412,23309,23515,23160,23664,glm_ar1,expanding,82,0,25198
BRA,2017-07-01,4,2017-11-01,23668,23564,23771,23415,23921,glm_ar1,expanding,82,0,20623
BRA,2017-07-01,5,2017-12-01,23915,23810,24019,23661,24169,glm_ar1,expanding,82,0,16598
BRA,2017-07-01,6,2018-01-01,24153,24048,24258,23898,24409,glm_ar1,expanding,82,0,49849
BRB,2017-07-01,1,2017-08-01,84,78,90,69,100,glm_ar1,expanding,88,0,51
BRB,2017-07-01,2,2017-09-01,111,104,118,94,128,glm_ar1,expanding,88,0,71
BRB,2017-07-01,3,2017-10-01,144,136,152,124,164,glm_ar1,expanding,88,0,52
BRB,2017-07-01,4,2017-11-01,184,174,193,162,206,glm_ar1,expanding,88,0,5
BRB,2017-07-01,5,2017-12-01,232,222,242,207,257,glm_ar1,expanding,88,0,20
BRB,2017-07-01,6,2018-01-01,290,278,301,262,318,glm_ar1,expanding,88,0,12
BRN,2017-07-01,1,2017-08-01,9,7,11,4,14,glm_ar1,expanding,87,0,7
BRN,2017-07-01,2,2017-09-01,14,11,16,8,20,glm_ar1,expanding,87,0,6
BRN,2017-07-01,3,2017-10-01,21,18,24,14,29,glm_ar1,expanding,87,0,7
BRN,2017-07-01,4,2017-11-01,31,27,34,22,40,glm_ar1,expanding,87,0,9
BRN,2017-07-01,5,2017-12-01,43,38,47,32,54,glm_ar1,expanding,87,0,8
BRN,2017-07-01,6,2018-01-01,59,53,64,46,72,glm_ar1,expanding,87,0,22
BTN,2017-07-01,1,2017-08-01,10,8,12,5,16,glm_ar1,expanding,53,36,13
BTN,2017-07-01,2,2017-09-01,16,13,19,10,23,glm_ar1,expanding,53,36,12
BTN,2017-07-01,3,2017-10-01,24,20,27,16,32,glm_ar1,expanding,53,36,12
BTN,2017-07-01,4,2017-11-01,34,30,38,25,44,glm_ar1,expanding,53,36,10
BTN,2017-07-01,5,2017-12-01,47,42,52,36,59,glm_ar1,expanding,53,36,7
BTN,2017-07-01,6,2018-01-01,64,59,70,51,78,glm_ar1,expanding,53,36,2
CHL,2017-07-01,1,2017-08-01,NA,NA,NA,NA,NA,glm_ar1,expanding,36,28,NA
CHL,2017-07-01,2,2017-09-01,NA,NA,NA,NA,NA,glm_ar1,expanding,36,28,NA
CHL,2017-07-01,3,2017-10-01,NA,NA,NA,NA,NA,glm_ar1,expanding,36,28,NA
CHL,2017-07-01,4,2017-11-01,NA,NA,NA,NA,NA,glm_ar1,expanding,36,28,NA
CHL,2017-07-01,5,2017-12-01,NA,NA,NA,NA,NA,glm_ar1,expanding,36,28,NA
CHL,2017-07-01,6,2018-01-01,NA,NA,NA,NA,NA,glm_ar1,expanding,36,28,NA
CHN,2017-07-01,1,2017-08-01,340,328,353,310,371,glm_ar1,expanding,89,0,1000
CHN,2017-07-01,2,2017-09-01,417,403,431,384,451,glm_ar1,expanding,89,0,1999
CHN,2017-07-01,3,2017-10-01,506,491,521,470,544,glm_ar1,expanding,89,0,1690
CHN,2017-07-01,4,2017-11-01,609,592,625,569,650,glm_ar1,expanding,89,0,741
CHN,2017-07-01,5,2017-12-01,726,708,744,682,771,glm_ar1,expanding,89,0,120
CHN,2017-07-01,6,2018-01-01,859,839,878,811,907,glm_ar1,expanding,89,0,0
CIV,2017-07-01,1,2017-08-01,NA,NA,NA,NA,NA,glm_ar1,expanding,0,0,NA
CIV,2017-07-01,2,2017-09-01,NA,NA,NA,NA,NA,glm_ar1,expanding,0,0,NA
CIV,2017-07-01,3,2017-10-01,NA,NA,NA,NA,NA,glm_ar1,expanding,0,0,NA
CIV,2017-07-01,4,2017-11-01,NA,NA,NA,NA,NA,glm_ar1,expanding,0,0,NA
CIV,2017-07-01,5,2017-12-01,NA,NA,NA,NA,NA,glm_ar1,expanding,0,0,NA
CIV,2017-07-01,6,2018-01-01,NA,NA,NA,NA,NA,glm_ar1,expanding,0,0,NA
COK,2017-07-01,1,2017-08-01,NA,NA,NA,NA,NA,glm_ar1,expanding,24,19,NA
COK,2017-07-01,2,2017-09-01,NA,NA,NA,NA,NA,glm_ar1,expanding,24,19,NA
COK,2017-07-01,3,2017-10-01,NA,NA,NA,NA,NA,glm_ar1,expanding,24,19,NA
COK,2017-07-01,4,2017-11-01,NA,NA,NA,NA,NA,glm_ar1,expanding,24,19,NA
COK,2017-07-01,5,2017-12-01,NA,NA,NA,NA,NA,glm_ar1,expanding,24,19,NA
COK,2017-07-01,6,2018-01-01,NA,NA,NA,NA,NA,glm_ar1,expanding,24,19,NA
COL,2017-07-01,1,2017-08-01,2704,2669,2739,2619,2790,glm_ar1,expanding,90,0,1833
COL,2017-07-01,2,2017-09-01,3012,2975,3049,2922,3103,glm_ar1,expanding,90,0,1708
COL,2017-07-01,3,2017-10-01,3339,3300,3378,3244,3434,glm_ar1,expanding,90,0,2013
COL,2017-07-01,4,2017-11-01,3684,3643,3725,3585,3784,glm_ar1,expanding,90,0,1697
COL,2017-07-01,5,2017-12-01,4047,4004,4090,3943,4152,glm_ar1,expanding,90,0,1780
COL,2017-07-01,6,2018-01-01,4427,4382,4472,4318,4537,glm_ar1,expanding,90,0,2517
CRI,2017-07-01,1,2017-08-01,1761,1732,1789,1692,1830,glm_ar1,expanding,89,0,962
CRI,2017-07-01,2,2017-09-01,2000,1970,2030,1927,2074,glm_ar1,expanding,89,0,716
CRI,2017-07-01,3,2017-10-01,2258,2226,2290,2181,2337,glm_ar1,expanding,89,0,743
CRI,2017-07-01,4,2017-11-01,2536,2502,2570,2454,2619,glm_ar1,expanding,89,0,380
CRI,2017-07-01,5,2017-12-01,2833,2797,2869,2746,2921,glm_ar1,expanding,89,0,134
CRI,2017-07-01,6,2018-01-01,3150,3112,3187,3058,3242,glm_ar1,expanding,89,0,319
CUB,2017-07-01,1,2017-08-01,127,119,134,108,145,glm_ar1,expanding,40,0,132
CUB,2017-07-01,2,2017-09-01,163,154,171,142,184,glm_ar1,expanding,40,0,176
CUB,2017-07-01,3,2017-10-01,207,197,217,184,231,glm_ar1,expanding,40,0,188
CUB,2017-07-01,4,2017-11-01,260,249,271,234,287,glm_ar1,expanding,40,0,140
CUB,2017-07-01,5,2017-12-01,323,310,335,293,352,glm_ar1,expanding,40,0,104
CUB,2017-07-01,6,2018-01-01,396,383,410,364,429,glm_ar1,expanding,40,0,196
CUW,2017-07-01,1,2017-08-01,NA,NA,NA,NA,NA,glm_ar1,expanding,48,0,NA
CUW,2017-07-01,2,2017-09-01,NA,NA,NA,NA,NA,glm_ar1,expanding,48,0,NA
CUW,2017-07-01,3,2017-10-01,NA,NA,NA,NA,NA,glm_ar1,expanding,48,0,NA
CUW,2017-07-01,4,2017-11-01,NA,NA,NA,NA,NA,glm_ar1,expanding,48,0,NA
CUW,2017-07-01,5,2017-12-01,NA,NA,NA,NA,NA,glm_ar1,expanding,48,0,NA
CUW,2017-07-01,6,2018-01-01,NA,NA,NA,NA,NA,glm_ar1,expanding,48,0,NA
CYM,2017-07-01,1,2017-08-01,NA,NA,NA,NA,NA,glm_ar1,expanding,60,4,NA
CYM,2017-07-01,2,2017-09-01,NA,NA,NA,NA,NA,glm_ar1,expanding,60,4,NA
CYM,2017-07-01,3,2017-10-01,NA,NA,NA,NA,NA,glm_ar1,expanding,60,4,NA
CYM,2017-07-01,4,2017-11-01,NA,NA,NA,NA,NA,glm_ar1,expanding,60,4,NA
CYM,2017-07-01,5,2017-12-01,NA,NA,NA,NA,NA,glm_ar1,expanding,60,4,NA
CYM,2017-07-01,6,2018-01-01,NA,NA,NA,NA,NA,glm_ar1,expanding,60,4,NA
DMA,2017-07-01,1,2017-08-01,NA,NA,NA,NA,NA,glm_ar1,expanding,72,16,NA
DMA,2017-07-01,2,2017-09-01,NA,NA,NA,NA,NA,glm_ar1,expanding,72,16,NA
DMA,2017-07-01,3,2017-10-01,NA,NA,NA,NA,NA,glm_ar1,expanding,72,16,NA
DMA,2017-07-01,4,2017-11-01,NA,NA,NA,NA,NA,glm_ar1,expanding,72,16,NA
DMA,2017-07-01,5,2017-12-01,NA,NA,NA,NA,NA,glm_ar1,expanding,72,16,NA
DMA,2017-07-01,6,2018-01-01,NA,NA,NA,NA,NA,glm_ar1,expanding,72,16,NA
DOM,2017-07-01,1,2017-08-01,199,189,208,176,222,glm_ar1,expanding,89,0,113
DOM,2017-07-01,2,2017-09-01,250,239,260,224,276,glm_ar1,expanding,89,0,137
DOM,2017-07-01,3,2017-10-01,311,299,322,282,340,glm_ar1,expanding,89,0,175
DOM,2017-07-01,4,2017-11-01,382,369,395,350,415,glm_ar1,expanding,89,0,108
DOM,2017-07-01,5,2017-12-01,466,451,480,431,502,glm_ar1,expanding,89,0,68
DOM,2017-07-01,6,2018-01-01,563,546,578,524,602,glm_ar1,expanding,89,0,75
ECU,2017-07-01,1,2017-08-01,864,844,884,816,913,glm_ar1,expanding,81,0,334
ECU,2017-07-01,2,2017-09-01,1014,992,1035,962,1067,glm_ar1,expanding,81,0,390
ECU,2017-07-01,3,2017-10-01,1181,1158,1204,1125,1238,glm_ar1,expanding,81,0,199
ECU,2017-07-01,4,2017-11-01,1366,1341,1391,1305,1427,glm_ar1,expanding,81,0,205
ECU,2017-07-01,5,2017-12-01,1569,1543,1596,1504,1635,glm_ar1,expanding,81,0,155
ECU,2017-07-01,6,2018-01-01,1792,1763,1820,1722,1862,glm_ar1,expanding,81,0,495
ERI,2017-07-01,1,2017-08-01,NA,NA,NA,NA,NA,glm_ar1,expanding,60,25,NA
ERI,2017-07-01,2,2017-09-01,NA,NA,NA,NA,NA,glm_ar1,expanding,60,25,NA
ERI,2017-07-01,3,2017-10-01,NA,NA,NA,NA,NA,glm_ar1,expanding,60,25,NA
ERI,2017-07-01,4,2017-11-01,NA,NA,NA,NA,NA,glm_ar1,expanding,60,25,NA
ERI,2017-07-01,5,2017-12-01,NA,NA,NA,NA,NA,glm_ar1,expanding,60,25,NA
ERI,2017-07-01,6,2018-01-01,NA,NA,NA,NA,NA,glm_ar1,expanding,60,25,NA
ETH,2017-07-01,1,2017-08-01,NA,NA,NA,NA,NA,glm_ar1,expanding,12,39,NA
ETH,2017-07-01,2,2017-09-01,NA,NA,NA,NA,NA,glm_ar1,expanding,12,39,NA
ETH,2017-07-01,3,2017-10-01,NA,NA,NA,NA,NA,glm_ar1,expanding,12,39,NA
ETH,2017-07-01,4,2017-11-01,NA,NA,NA,NA,NA,glm_ar1,expanding,12,39,NA
ETH,2017-07-01,5,2017-12-01,NA,NA,NA,NA,NA,glm_ar1,expanding,12,39,NA
ETH,2017-07-01,6,2018-01-01,NA,NA,NA,NA,NA,glm_ar1,expanding,12,39,NA
FJI,2017-07-01,1,2017-08-01,534,518,549,496,572,glm_ar1,expanding,81,0,186
FJI,2017-07-01,2,2017-09-01,640,623,657,599,682,glm_ar1,expanding,81,0,161
FJI,2017-07-01,3,2017-10-01,762,743,780,717,807,glm_ar1,expanding,81,0,106
FJI,2017-07-01,4,2017-11-01,899,879,919,850,949,glm_ar1,expanding,81,0,191
FJI,2017-07-01,5,2017-12-01,1053,1031,1075,1000,1106,glm_ar1,expanding,81,0,259
FJI,2017-07-01,6,2018-01-01,1224,1200,1248,1167,1282,glm_ar1,expanding,81,0,982
FSM,2017-07-01,1,2017-08-01,NA,NA,NA,NA,NA,glm_ar1,expanding,12,4,NA
FSM,2017-07-01,2,2017-09-01,NA,NA,NA,NA,NA,glm_ar1,expanding,12,4,NA
FSM,2017-07-01,3,2017-10-01,NA,NA,NA,NA,NA,glm_ar1,expanding,12,4,NA
FSM,2017-07-01,4,2017-11-01,NA,NA,NA,NA,NA,glm_ar1,expanding,12,4,NA
FSM,2017-07-01,5,2017-12-01,NA,NA,NA,NA,NA,glm_ar1,expanding,12,4,NA
FSM,2017-07-01,6,2018-01-01,NA,NA,NA,NA,NA,glm_ar1,expanding,12,4,NA
GLP,2017-07-01,1,2017-08-01,22,19,26,15,30,glm_ar1,expanding,88,0,16
GLP,2017-07-01,2,2017-09-01,32,28,36,23,42,glm_ar1,expanding,88,0,78
GLP,2017-07-01,3,2017-10-01,45,40,50,34,56,glm_ar1,expanding,88,0,81
GLP,2017-07-01,4,2017-11-01,62,56,67,49,75,glm_ar1,expanding,88,0,104
GLP,2017-07-01,5,2017-12-01,83,76,89,68,98,glm_ar1,expanding,88,0,59
GLP,2017-07-01,6,2018-01-01,109,102,116,92,126,glm_ar1,expanding,88,0,67
GRD,2017-07-01,1,2017-08-01,22,19,26,15,30,glm_ar1,expanding,77,12,22
GRD,2017-07-01,2,2017-09-01,32,28,36,23,42,glm_ar1,expanding,77,12,34
GRD,2017-07-01,3,2017-10-01,45,40,50,34,56,glm_ar1,expanding,77,12,48
GRD,2017-07-01,4,2017-11-01,62,56,67,49,75,glm_ar1,expanding,77,12,31
GRD,2017-07-01,5,2017-12-01,83,76,89,68,98,glm_ar1,expanding,77,12,14
GRD,2017-07-01,6,2018-01-01,109,102,116,92,126,glm_ar1,expanding,77,12,14
GTM,2017-07-01,1,2017-08-01,644,627,661,603,686,glm_ar1,expanding,90,0,621
GTM,2017-07-01,2,2017-09-01,766,747,784,721,812,glm_ar1,expanding,90,0,357
GTM,2017-07-01,3,2017-10-01,904,883,924,854,953,glm_ar1,expanding,90,0,621
GTM,2017-07-01,4,2017-11-01,1058,1036,1080,1005,1112,glm_ar1,expanding,90,0,339
GTM,2017-07-01,5,2017-12-01,1230,1206,1253,1172,1288,glm_ar1,expanding,90,0,181
GTM,2017-07-01,6,2018-01-01,1420,1394,1445,1358,1482,glm_ar1,expanding,90,0,425
GUF,2017-07-01,1,2017-08-01,54,49,59,42,66,glm_ar1,expanding,82,0,31
GUF,2017-07-01,2,2017-09-01,73,67,78,59,87,glm_ar1,expanding,82,0,21
GUF,2017-07-01,3,2017-10-01,96,90,103,81,113,glm_ar1,expanding,82,0,16
GUF,2017-07-01,4,2017-11-01,126,118,133,108,145,glm_ar1,expanding,82,0,33
GUF,2017-07-01,5,2017-12-01,162,153,171,141,183,glm_ar1,expanding,82,0,21
GUF,2017-07-01,6,2018-01-01,206,196,215,183,230,glm_ar1,expanding,82,0,51
GUY,2017-07-01,1,2017-08-01,NA,NA,NA,NA,NA,glm_ar1,expanding,84,7,NA
GUY,2017-07-01,2,2017-09-01,NA,NA,NA,NA,NA,glm_ar1,expanding,84,7,NA
GUY,2017-07-01,3,2017-10-01,NA,NA,NA,NA,NA,glm_ar1,expanding,84,7,NA
GUY,2017-07-01,4,2017-11-01,NA,NA,NA,NA,NA,glm_ar1,expanding,84,7,NA
GUY,2017-07-01,5,2017-12-01,NA,NA,NA,NA,NA,glm_ar1,expanding,84,7,NA
GUY,2017-07-01,6,2018-01-01,NA,NA,NA,NA,NA,glm_ar1,expanding,84,7,28
HND,2017-07-01,1,2017-08-01,762,744,781,717,808,glm_ar1,expanding,90,0,442
HND,2017-07-01,2,2017-09-01,900,879,920,851,949,glm_ar1,expanding,90,0,301
HND,2017-07-01,3,2017-10-01,1054,1032,1075,1001,1107,glm_ar1,expanding,90,0,356
HND,2017-07-01,4,2017-11-01,1225,1201,1249,1168,1283,glm_ar1,expanding,90,0,196
HND,2017-07-01,5,2017-12-01,1414,1389,1440,1353,1477,glm_ar1,expanding,90,0,162
HND,2017-07-01,6,2018-01-01,1623,1595,1650,1557,1689,glm_ar1,expanding,90,0,262
HTI,2017-07-01,1,2017-08-01,NA,NA,NA,NA,NA,glm_ar1,expanding,0,0,NA
HTI,2017-07-01,2,2017-09-01,NA,NA,NA,NA,NA,glm_ar1,expanding,0,0,NA
HTI,2017-07-01,3,2017-10-01,NA,NA,NA,NA,NA,glm_ar1,expanding,0,0,NA
HTI,2017-07-01,4,2017-11-01,NA,NA,NA,NA,NA,glm_ar1,expanding,0,0,NA
HTI,2017-07-01,5,2017-12-01,NA,NA,NA,NA,NA,glm_ar1,expanding,0,0,NA
HTI,2017-07-01,6,2018-01-01,NA,NA,NA,NA,NA,glm_ar1,expanding,0,0,NA
IDN,2017-07-01,1,2017-08-01,4208,4164,4252,4102,4315,glm_ar1,expanding,82,0,3620
IDN,2017-07-01,2,2017-09-01,4595,4549,4641,4484,4707,glm_ar1,expanding,82,0,3516
IDN,2017-07-01,3,2017-10-01,4998,4950,5045,4882,5114,glm_ar1,expanding,82,0,4130
IDN,2017-07-01,4,2017-11-01,5415,5366,5465,5295,5537,glm_ar1,expanding,82,0,4441
IDN,2017-07-01,5,2017-12-01,5846,5795,5898,5721,5973,glm_ar1,expanding,82,0,4116
IDN,2017-07-01,6,2018-01-01,6290,6237,6344,6160,6421,glm_ar1,expanding,82,0,6169
IND,2017-07-01,1,2017-08-01,17817,17727,17907,17598,18037,glm_ar1,expanding,88,0,23128
IND,2017-07-01,2,2017-09-01,18234,18143,18325,18012,18456,glm_ar1,expanding,88,0,31093
IND,2017-07-01,3,2017-10-01,18641,18549,18733,18417,18866,glm_ar1,expanding,88,0,36389
IND,2017-07-01,4,2017-11-01,19038,18945,19131,18812,19266,glm_ar1,expanding,88,0,25145
IND,2017-07-01,5,2017-12-01,19426,19332,19520,19197,19655,glm_ar1,expanding,88,0,13373
IND,2017-07-01,6,2018-01-01,19803,19708,19898,19572,20035,glm_ar1,expanding,88,0,2305
JAM,2017-07-01,1,2017-08-01,21,18,24,14,29,glm_ar1,expanding,87,0,0
JAM,2017-07-01,2,2017-09-01,30,27,34,22,40,glm_ar1,expanding,87,0,0
JAM,2017-07-01,3,2017-10-01,43,38,47,32,54,glm_ar1,expanding,87,0,0
JAM,2017-07-01,4,2017-11-01,59,53,64,46,72,glm_ar1,expanding,87,0,0
JAM,2017-07-01,5,2017-12-01,79,73,85,65,94,glm_ar1,expanding,87,0,145
JAM,2017-07-01,6,2018-01-01,104,97,111,88,121,glm_ar1,expanding,87,0,23
KEN,2017-07-01,1,2017-08-01,NA,NA,NA,NA,NA,glm_ar1,expanding,48,5,NA
KEN,2017-07-01,2,2017-09-01,NA,NA,NA,NA,NA,glm_ar1,expanding,48,5,NA
KEN,2017-07-01,3,2017-10-01,NA,NA,NA,NA,NA,glm_ar1,expanding,48,5,NA
KEN,2017-07-01,4,2017-11-01,NA,NA,NA,NA,NA,glm_ar1,expanding,48,5,NA
KEN,2017-07-01,5,2017-12-01,NA,NA,NA,NA,NA,glm_ar1,expanding,48,5,NA
KEN,2017-07-01,6,2018-01-01,NA,NA,NA,NA,NA,glm_ar1,expanding,48,5,NA
KHM,2017-07-01,1,2017-08-01,1535,1509,1562,1471,1600,glm_ar1,expanding,90,0,970
KHM,2017-07-01,2,2017-09-01,1755,1726,1783,1686,1824,glm_ar1,expanding,90,0,850
KHM,2017-07-01,3,2017-10-01,1993,1963,2023,1920,2067,glm_ar1,expanding,90,0,788
KHM,2017-07-01,4,2017-11-01,2251,2219,2283,2174,2330,glm_ar1,expanding,90,0,326
KHM,2017-07-01,5,2017-12-01,2529,2495,2563,2446,2612,glm_ar1,expanding,90,0,246
KHM,2017-07-01,6,2018-01-01,2825,2789,2861,2738,2913,glm_ar1,expanding,90,0,425
KIR,2017-07-01,1,2017-08-01,5,3,6,1,8,glm_ar1,expanding,52,24,1
KIR,2017-07-01,2,2017-09-01,8,6,10,4,13,glm_ar1,expanding,52,24,0
KIR,2017-07-01,3,2017-10-01,13,11,15,7,19,glm_ar1,expanding,52,24,0
KIR,2017-07-01,4,2017-11-01,20,17,23,13,27,glm_ar1,expanding,52,24,0
KIR,2017-07-01,5,2017-12-01,29,25,32,20,38,glm_ar1,expanding,52,24,1
KIR,2017-07-01,6,2018-01-01,41,36,45,31,52,glm_ar1,expanding,52,24,298
KNA,2017-07-01,1,2017-08-01,NA,NA,NA,NA,NA,glm_ar1,expanding,36,16,NA
KNA,2017-07-01,2,2017-09-01,NA,NA,NA,NA,NA,glm_ar1,expanding,36,16,NA
KNA,2017-07-01,3,2017-10-01,NA,NA,NA,NA,NA,glm_ar1,expanding,36,16,NA
KNA,2017-07-01,4,2017-11-01,NA,NA,NA,NA,NA,glm_ar1,expanding,36,16,NA
KNA,2017-07-01,5,2017-12-01,NA,NA,NA,NA,NA,glm_ar1,expanding,36,16,NA
KNA,2017-07-01,6,2018-01-01,NA,NA,NA,NA,NA,glm_ar1,expanding,36,16,NA
LAO,2017-07-01,1,2017-08-01,2505,2471,2538,2423,2587,glm_ar1,expanding,90,0,1934
LAO,2017-07-01,2,2017-09-01,2800,2764,2835,2713,2887,glm_ar1,expanding,90,0,1550
LAO,2017-07-01,3,2017-10-01,3114,3076,3151,3022,3206,glm_ar1,expanding,90,0,1198
LAO,2017-07-01,4,2017-11-01,3447,3407,3486,3350,3544,glm_ar1,expanding,90,0,543
LAO,2017-07-01,5,2017-12-01,3798,3756,3839,3697,3899,glm_ar1,expanding,90,0,170
LAO,2017-07-01,6,2018-01-01,4166,4122,4209,4060,4272,glm_ar1,expanding,90,0,85
LCA,2017-07-01,1,2017-08-01,10,8,12,5,16,glm_ar1,expanding,77,12,7
LCA,2017-07-01,2,2017-09-01,16,13,19,10,23,glm_ar1,expanding,77,12,17
LCA,2017-07-01,3,2017-10-01,24,20,27,16,32,glm_ar1,expanding,77,12,6
LCA,2017-07-01,4,2017-11-01,34,30,38,25,44,glm_ar1,expanding,77,12,7
LCA,2017-07-01,5,2017-12-01,47,42,52,36,59,glm_ar1,expanding,77,12,4
LCA,2017-07-01,6,2018-01-01,64,59,70,51,78,glm_ar1,expanding,77,12,9
LKA,2017-07-01,1,2017-08-01,48248,48100,48396,47887,48610,glm_ar1,expanding,90,0,16894
LKA,2017-07-01,2,2017-09-01,47219,47073,47366,46862,47577,glm_ar1,expanding,90,0,6800
LKA,2017-07-01,3,2017-10-01,46257,46112,46402,45904,46612,glm_ar1,expanding,90,0,8315
LKA,2017-07-01,4,2017-11-01,45357,45213,45500,45007,45707,glm_ar1,expanding,90,0,8257
LKA,2017-07-01,5,2017-12-01,44513,44371,44655,44166,44860,glm_ar1,expanding,90,0,5811
LKA,2017-07-01,6,2018-01-01,43722,43581,43863,43378,44066,glm_ar1,expanding,90,0,8633
MAF,2017-07-01,1,2017-08-01,13,10,15,7,19,glm_ar1,expanding,86,0,8
MAF,2017-07-01,2,2017-09-01,20,17,23,13,27,glm_ar1,expanding,86,0,11
MAF,2017-07-01,3,2017-10-01,29,25,32,20,38,glm_ar1,expanding,86,0,22
MAF,2017-07-01,4,2017-11-01,40,36,45,30,51,glm_ar1,expanding,86,0,26
MAF,2017-07-01,5,2017-12-01,56,50,60,44,68,glm_ar1,expanding,86,0,20
MAF,2017-07-01,6,2018-01-01,75,69,81,61,89,glm_ar1,expanding,86,0,8
MDV,2017-07-01,1,2017-08-01,145,137,153,126,165,glm_ar1,expanding,90,0,78
MDV,2017-07-01,2,2017-09-01,185,176,194,163,208,glm_ar1,expanding,90,0,62
MDV,2017-07-01,3,2017-10-01,234,224,244,209,259,glm_ar1,expanding,90,0,64
MDV,2017-07-01,4,2017-11-01,292,280,303,264,320,glm_ar1,expanding,90,0,58
MDV,2017-07-01,5,2017-12-01,360,347,373,329,392,glm_ar1,expanding,90,0,62
MDV,2017-07-01,6,2018-01-01,440,426,454,406,475,glm_ar1,expanding,90,0,352
MEX,2017-07-01,1,2017-08-01,7028,6971,7084,6890,7166,glm_ar1,expanding,90,0,8840
MEX,2017-07-01,2,2017-09-01,7499,7440,7557,7357,7641,glm_ar1,expanding,90,0,15600
MEX,2017-07-01,3,2017-10-01,7978,7918,8038,7832,8125,glm_ar1,expanding,90,0,23525
MEX,2017-07-01,4,2017-11-01,8465,8403,8527,8314,8616,glm_ar1,expanding,90,0,14141
MEX,2017-07-01,5,2017-12-01,8957,8893,9021,8802,9113,glm_ar1,expanding,90,0,2996
MEX,2017-07-01,6,2018-01-01,9454,9388,9519,9294,9614,glm_ar1,expanding,90,0,1295
MHL,2017-07-01,1,2017-08-01,NA,NA,NA,NA,NA,glm_ar1,expanding,12,62,NA
MHL,2017-07-01,2,2017-09-01,NA,NA,NA,NA,NA,glm_ar1,expanding,12,62,NA
MHL,2017-07-01,3,2017-10-01,NA,NA,NA,NA,NA,glm_ar1,expanding,12,62,NA
MHL,2017-07-01,4,2017-11-01,NA,NA,NA,NA,NA,glm_ar1,expanding,12,62,NA
MHL,2017-07-01,5,2017-12-01,NA,NA,NA,NA,NA,glm_ar1,expanding,12,62,NA
MHL,2017-07-01,6,2018-01-01,NA,NA,NA,NA,NA,glm_ar1,expanding,12,62,NA
MMR,2017-07-01,1,2017-08-01,7138,7081,7195,6999,7277,glm_ar1,expanding,90,0,4767
MMR,2017-07-01,2,2017-09-01,7611,7552,7670,7468,7755,glm_ar1,expanding,90,0,3813
MMR,2017-07-01,3,2017-10-01,8092,8032,8153,7945,8241,glm_ar1,expanding,90,0,2383
MMR,2017-07-01,4,2017-11-01,8580,8518,8643,8428,8733,glm_ar1,expanding,90,0,1907
MMR,2017-07-01,5,2017-12-01,9074,9009,9138,8917,9231,glm_ar1,expanding,90,0,953
MMR,2017-07-01,6,2018-01-01,9572,9506,9638,9411,9733,glm_ar1,expanding,90,0,35
MRT,2017-07-01,1,2017-08-01,21,18,24,14,29,glm_ar1,expanding,3,0,25
MRT,2017-07-01,2,2017-09-01,30,27,34,22,40,glm_ar1,expanding,3,0,35
MRT,2017-07-01,3,2017-10-01,43,38,47,32,54,glm_ar1,expanding,3,0,47
MRT,2017-07-01,4,2017-11-01,59,53,64,46,72,glm_ar1,expanding,3,0,40
MRT,2017-07-01,5,2017-12-01,79,73,85,65,94,glm_ar1,expanding,3,0,27
MRT,2017-07-01,6,2018-01-01,104,97,111,88,121,glm_ar1,expanding,3,0,44
MTQ,2017-07-01,1,2017-08-01,16,13,18,9,22,glm_ar1,expanding,87,0,0
MTQ,2017-07-01,2,2017-09-01,23,20,26,16,32,glm_ar1,expanding,87,0,0
MTQ,2017-07-01,3,2017-10-01,33,29,37,24,43,glm_ar1,expanding,87,0,27
MTQ,2017-07-01,4,2017-11-01,47,42,51,36,58,glm_ar1,expanding,87,0,5
MTQ,2017-07-01,5,2017-12-01,64,58,69,51,77,glm_ar1,expanding,87,0,0
MTQ,2017-07-01,6,2018-01-01,85,79,91,70,100,glm_ar1,expanding,87,0,73
MYS,2017-07-01,1,2017-08-01,9743,9676,9809,9581,9906,glm_ar1,expanding,90,0,4924
MYS,2017-07-01,2,2017-09-01,10245,10176,10313,10079,10411,glm_ar1,expanding,90,0,4691
MYS,2017-07-01,3,2017-10-01,10748,10678,10818,10578,10919,glm_ar1,expanding,90,0,5035
MYS,2017-07-01,4,2017-11-01,11252,11180,11323,11078,11427,glm_ar1,expanding,90,0,5733
MYS,2017-07-01,5,2017-12-01,11755,11682,11828,11577,11934,glm_ar1,expanding,90,0,7673
MYS,2017-07-01,6,2018-01-01,12257,12182,12331,12075,12439,glm_ar1,expanding,90,0,5547
NCL,2017-07-01,1,2017-08-01,229,218,239,204,254,glm_ar1,expanding,59,12,25
NCL,2017-07-01,2,2017-09-01,286,274,297,258,314,glm_ar1,expanding,59,12,14
NCL,2017-07-01,3,2017-10-01,353,340,366,322,384,glm_ar1,expanding,59,12,6
NCL,2017-07-01,4,2017-11-01,432,418,446,398,466,glm_ar1,expanding,59,12,10
NCL,2017-07-01,5,2017-12-01,523,508,539,486,561,glm_ar1,expanding,59,12,8
NCL,2017-07-01,6,2018-01-01,628,611,645,587,670,glm_ar1,expanding,59,12,108
NIC,2017-07-01,1,2017-08-01,8735,8672,8798,8581,8889,glm_ar1,expanding,89,0,5952
NIC,2017-07-01,2,2017-09-01,9230,9165,9295,9072,9388,glm_ar1,expanding,89,0,4113
NIC,2017-07-01,3,2017-10-01,9729,9662,9795,9567,9891,glm_ar1,expanding,89,0,5676
NIC,2017-07-01,4,2017-11-01,10230,10162,10298,10064,10397,glm_ar1,expanding,89,0,4163
NIC,2017-07-01,5,2017-12-01,10734,10664,10803,10563,10904,glm_ar1,expanding,89,0,2362
NIC,2017-07-01,6,2018-01-01,11237,11166,11309,11063,11412,glm_ar1,expanding,89,0,3743
NPL,2017-07-01,1,2017-08-01,18,15,21,12,26,glm_ar1,expanding,89,0,112
NPL,2017-07-01,2,2017-09-01,27,23,30,19,36,glm_ar1,expanding,89,0,211
NPL,2017-07-01,3,2017-10-01,38,34,42,28,49,glm_ar1,expanding,89,0,396
NPL,2017-07-01,4,2017-11-01,53,48,58,41,65,glm_ar1,expanding,89,0,136
NPL,2017-07-01,5,2017-12-01,71,66,77,58,85,glm_ar1,expanding,89,0,235
NPL,2017-07-01,6,2018-01-01,95,88,101,79,111,glm_ar1,expanding,89,0,4
OMN,2017-07-01,1,2017-08-01,NA,NA,NA,NA,NA,glm_ar1,expanding,0,0,NA
OMN,2017-07-01,2,2017-09-01,NA,NA,NA,NA,NA,glm_ar1,expanding,0,0,NA
OMN,2017-07-01,3,2017-10-01,NA,NA,NA,NA,NA,glm_ar1,expanding,0,0,NA
OMN,2017-07-01,4,2017-11-01,NA,NA,NA,NA,NA,glm_ar1,expanding,0,0,NA
OMN,2017-07-01,5,2017-12-01,NA,NA,NA,NA,NA,glm_ar1,expanding,0,0,NA
OMN,2017-07-01,6,2018-01-01,NA,NA,NA,NA,NA,glm_ar1,expanding,0,0,NA
PAK,2017-07-01,1,2017-08-01,1122,1099,1145,1067,1177,glm_ar1,expanding,89,0,2149
PAK,2017-07-01,2,2017-09-01,1301,1276,1325,1242,1360,glm_ar1,expanding,89,0,7193
PAK,2017-07-01,3,2017-10-01,1498,1472,1524,1434,1562,glm_ar1,expanding,89,0,6152
PAK,2017-07-01,4,2017-11-01,1714,1686,1742,1646,1782,glm_ar1,expanding,89,0,2870
PAK,2017-07-01,5,2017-12-01,1949,1919,1978,1876,2022,glm_ar1,expanding,89,0,917
PAK,2017-07-01,6,2018-01-01,2203,2171,2235,2126,2281,glm_ar1,expanding,89,0,121
PAN,2017-07-01,1,2017-08-01,1558,1532,1585,1494,1624,glm_ar1,expanding,88,0,1000
PAN,2017-07-01,2,2017-09-01,1780,1751,1808,1711,1850,glm_ar1,expanding,88,0,1075
PAN,2017-07-01,3,2017-10-01,2021,1990,2051,1947,2095,glm_ar1,expanding,88,0,1494
PAN,2017-07-01,4,2017-11-01,2281,2248,2313,2202,2360,glm_ar1,expanding,88,0,1154
PAN,2017-07-01,5,2017-12-01,2560,2526,2594,2477,2644,glm_ar1,expanding,88,0,1129
PAN,2017-07-01,6,2018-01-01,2859,2823,2895,2771,2947,glm_ar1,expanding,88,0,1127
PER,2017-07-01,1,2017-08-01,4209,4165,4253,4103,4316,glm_ar1,expanding,83,0,734
PER,2017-07-01,2,2017-09-01,4596,4550,4642,4485,4708,glm_ar1,expanding,83,0,1303
PER,2017-07-01,3,2017-10-01,4999,4951,5047,4883,5116,glm_ar1,expanding,83,0,990
PER,2017-07-01,4,2017-11-01,5416,5367,5466,5296,5538,glm_ar1,expanding,83,0,1088
PER,2017-07-01,5,2017-12-01,5848,5796,5899,5722,5974,glm_ar1,expanding,83,0,845
PER,2017-07-01,6,2018-01-01,6291,6238,6345,6161,6422,glm_ar1,expanding,83,0,2009
PHL,2017-07-01,1,2017-08-01,19317,19223,19411,19089,19546,glm_ar1,expanding,88,0,23120
PHL,2017-07-01,2,2017-09-01,19698,19603,19792,19467,19929,glm_ar1,expanding,88,0,20824
PHL,2017-07-01,3,2017-10-01,20068,19972,20163,19835,20301,glm_ar1,expanding,88,0,15987
PHL,2017-07-01,4,2017-11-01,20428,20331,20524,20193,20663,glm_ar1,expanding,88,0,13985
PHL,2017-07-01,5,2017-12-01,20778,20681,20875,20541,21015,glm_ar1,expanding,88,0,10914
PHL,2017-07-01,6,2018-01-01,21118,21020,21216,20879,21357,glm_ar1,expanding,88,0,16044
PLW,2017-07-01,1,2017-08-01,211,201,220,187,235,glm_ar1,expanding,16,72,110
PLW,2017-07-01,2,2017-09-01,264,253,275,238,291,glm_ar1,expanding,16,72,44
PLW,2017-07-01,3,2017-10-01,328,315,340,298,358,glm_ar1,expanding,16,72,56
PLW,2017-07-01,4,2017-11-01,402,389,416,370,436,glm_ar1,expanding,16,72,83
PLW,2017-07-01,5,2017-12-01,489,474,504,453,526,glm_ar1,expanding,16,72,58
PLW,2017-07-01,6,2018-01-01,589,573,605,549,629,glm_ar1,expanding,16,72,61
PRI,2017-07-01,1,2017-08-01,NA,NA,NA,NA,NA,glm_ar1,expanding,72,16,NA
PRI,2017-07-01,2,2017-09-01,NA,NA,NA,NA,NA,glm_ar1,expanding,72,16,NA
PRI,2017-07-01,3,2017-10-01,NA,NA,NA,NA,NA,glm_ar1,expanding,72,16,NA
PRI,2017-07-01,4,2017-11-01,NA,NA,NA,NA,NA,glm_ar1,expanding,72,16,NA
PRI,2017-07-01,5,2017-12-01,NA,NA,NA,NA,NA,glm_ar1,expanding,72,16,NA
PRI,2017-07-01,6,2018-01-01,NA,NA,NA,NA,NA,glm_ar1,expanding,72,16,NA
PRY,2017-07-01,1,2017-08-01,81,74,86,66,96,glm_ar1,expanding,85,0,25
PRY,2017-07-01,2,2017-09-01,106,99,113,90,123,glm_ar1,expanding,85,0,65
PRY,2017-07-01,3,2017-10-01,138,130,146,119,158,glm_ar1,expanding,85,0,178
PRY,2017-07-01,4,2017-11-01,177,168,186,155,199,glm_ar1,expanding,85,0,85
PRY,2017-07-01,5,2017-12-01,224,213,234,199,248,glm_ar1,expanding,85,0,152
PRY,2017-07-01,6,2018-01-01,280,268,291,252,307,glm_ar1,expanding,85,0,6513
PYF,2017-07-01,1,2017-08-01,2,1,2,0,4,glm_ar1,expanding,63,24,0
PYF,2017-07-01,2,2017-09-01,4,3,5,1,7,glm_ar1,expanding,63,24,0
PYF,2017-07-01,3,2017-10-01,7,5,9,3,12,glm_ar1,expanding,63,24,0
PYF,2017-07-01,4,2017-11-01,12,10,14,7,18,glm_ar1,expanding,63,24,1
PYF,2017-07-01,5,2017-12-01,18,15,21,12,26,glm_ar1,expanding,63,24,1
PYF,2017-07-01,6,2018-01-01,27,23,30,19,36,glm_ar1,expanding,63,24,32
REU,2017-07-01,1,2017-08-01,13,10,15,7,19,glm_ar1,expanding,45,36,2
REU,2017-07-01,2,2017-09-01,20,17,23,13,27,glm_ar1,expanding,45,36,1
REU,2017-07-01,3,2017-10-01,29,25,32,20,38,glm_ar1,expanding,45,36,2
REU,2017-07-01,4,2017-11-01,40,36,45,30,51,glm_ar1,expanding,45,36,9
REU,2017-07-01,5,2017-12-01,56,50,60,44,68,glm_ar1,expanding,45,36,15
REU,2017-07-01,6,2018-01-01,75,69,81,61,89,glm_ar1,expanding,45,36,44
SAU,2017-07-01,1,2017-08-01,432,418,446,398,466,glm_ar1,expanding,82,0,86
SAU,2017-07-01,2,2017-09-01,523,508,539,486,561,glm_ar1,expanding,82,0,69
SAU,2017-07-01,3,2017-10-01,628,611,645,587,670,glm_ar1,expanding,82,0,96
SAU,2017-07-01,4,2017-11-01,748,729,766,703,793,glm_ar1,expanding,82,0,79
SAU,2017-07-01,5,2017-12-01,883,863,903,835,933,glm_ar1,expanding,82,0,116
SAU,2017-07-01,6,2018-01-01,1035,1014,1057,983,1089,glm_ar1,expanding,82,0,257
SDN,2017-07-01,1,2017-08-01,NA,NA,NA,NA,NA,glm_ar1,expanding,48,39,NA
SDN,2017-07-01,2,2017-09-01,NA,NA,NA,NA,NA,glm_ar1,expanding,48,39,NA
SDN,2017-07-01,3,2017-10-01,NA,NA,NA,NA,NA,glm_ar1,expanding,48,39,NA
SDN,2017-07-01,4,2017-11-01,NA,NA,NA,NA,NA,glm_ar1,expanding,48,39,NA
SDN,2017-07-01,5,2017-12-01,NA,NA,NA,NA,NA,glm_ar1,expanding,48,39,NA
SDN,2017-07-01,6,2018-01-01,NA,NA,NA,NA,NA,glm_ar1,expanding,48,39,NA
SEN,2017-07-01,1,2017-08-01,13,10,15,7,19,glm_ar1,expanding,3,0,10
SEN,2017-07-01,2,2017-09-01,20,17,23,13,27,glm_ar1,expanding,3,0,11
SEN,2017-07-01,3,2017-10-01,29,25,32,20,38,glm_ar1,expanding,3,0,24
SEN,2017-07-01,4,2017-11-01,40,36,45,30,51,glm_ar1,expanding,3,0,26
SEN,2017-07-01,5,2017-12-01,56,50,60,44,68,glm_ar1,expanding,3,0,14
SEN,2017-07-01,6,2018-01-01,75,69,81,61,89,glm_ar1,expanding,3,0,399
SGP,2017-07-01,1,2017-08-01,363,350,376,332,394,glm_ar1,expanding,90,0,192
SGP,2017-07-01,2,2017-09-01,443,429,457,409,478,glm_ar1,expanding,90,0,190
SGP,2017-07-01,3,2017-10-01,536,521,552,499,575,glm_ar1,expanding,90,0,308
SGP,2017-07-01,4,2017-11-01,643,626,660,602,685,glm_ar1,expanding,90,0,155
SGP,2017-07-01,5,2017-12-01,765,746,784,720,811,glm_ar1,expanding,90,0,191
SGP,2017-07-01,6,2018-01-01,903,882,923,853,952,glm_ar1,expanding,90,0,300
SLB,2017-07-01,1,2017-08-01,2,1,2,0,4,glm_ar1,expanding,28,24,0
SLB,2017-07-01,2,2017-09-01,4,3,5,1,7,glm_ar1,expanding,28,24,0
SLB,2017-07-01,3,2017-10-01,7,5,9,3,12,glm_ar1,expanding,28,24,0
SLB,2017-07-01,4,2017-11-01,12,10,14,7,18,glm_ar1,expanding,28,24,0
SLB,2017-07-01,5,2017-12-01,18,15,21,12,26,glm_ar1,expanding,28,24,0
SLB,2017-07-01,6,2018-01-01,27,23,30,19,36,glm_ar1,expanding,28,24,41
SLV,2017-07-01,1,2017-08-01,415,402,429,382,449,glm_ar1,expanding,90,0,357
SLV,2017-07-01,2,2017-09-01,504,489,519,468,542,glm_ar1,expanding,90,0,382
SLV,2017-07-01,3,2017-10-01,607,590,623,566,647,glm_ar1,expanding,90,0,562
SLV,2017-07-01,4,2017-11-01,723,705,741,679,768,glm_ar1,expanding,90,0,310
SLV,2017-07-01,5,2017-12-01,856,836,875,808,904,glm_ar1,expanding,90,0,221
SLV,2017-07-01,6,2018-01-01,1004,983,1026,953,1057,glm_ar1,expanding,90,0,311
SUR,2017-07-01,1,2017-08-01,2,1,2,0,4,glm_ar1,expanding,40,48,0
SUR,2017-07-01,2,2017-09-01,4,3,5,1,7,glm_ar1,expanding,40,48,0
SUR,2017-07-01,3,2017-10-01,7,5,9,3,12,glm_ar1,expanding,40,48,0
SUR,2017-07-01,4,2017-11-01,12,10,14,7,18,glm_ar1,expanding,40,48,0
SUR,2017-07-01,5,2017-12-01,18,15,21,12,26,glm_ar1,expanding,40,48,0
SUR,2017-07-01,6,2018-01-01,27,23,30,19,36,glm_ar1,expanding,40,48,42
SXM,2017-07-01,1,2017-08-01,NA,NA,NA,NA,NA,glm_ar1,expanding,36,52,NA
SXM,2017-07-01,2,2017-09-01,NA,NA,NA,NA,NA,glm_ar1,expanding,36,52,NA
SXM,2017-07-01,3,2017-10-01,NA,NA,NA,NA,NA,glm_ar1,expanding,36,52,NA
SXM,2017-07-01,4,2017-11-01,NA,NA,NA,NA,NA,glm_ar1,expanding,36,52,NA
SXM,2017-07-01,5,2017-12-01,NA,NA,NA,NA,NA,glm_ar1,expanding,36,52,NA
SXM,2017-07-01,6,2018-01-01,NA,NA,NA,NA,NA,glm_ar1,expanding,36,52,NA
SYC,2017-07-01,1,2017-08-01,274,263,285,247,302,glm_ar1,expanding,13,0,224
SYC,2017-07-01,2,2017-09-01,339,327,352,309,370,glm_ar1,expanding,13,0,289
SYC,2017-07-01,3,2017-10-01,416,402,430,383,450,glm_ar1,expanding,13,0,388
SYC,2017-07-01,4,2017-11-01,505,490,520,468,542,glm_ar1,expanding,13,0,470
SYC,2017-07-01,5,2017-12-01,607,591,624,567,648,glm_ar1,expanding,13,0,288
SYC,2017-07-01,6,2018-01-01,724,706,742,680,769,glm_ar1,expanding,13,0,688
TCA,2017-07-01,1,2017-08-01,13,10,15,7,19,glm_ar1,expanding,51,0,23
TCA,2017-07-01,2,2017-09-01,20,17,23,13,27,glm_ar1,expanding,51,0,22
TCA,2017-07-01,3,2017-10-01,29,25,32,20,38,glm_ar1,expanding,51,0,66
TCA,2017-07-01,4,2017-11-01,40,36,45,30,51,glm_ar1,expanding,51,0,10
TCA,2017-07-01,5,2017-12-01,56,50,60,44,68,glm_ar1,expanding,51,0,10
TCA,2017-07-01,6,2018-01-01,75,69,81,61,89,glm_ar1,expanding,51,0,0
THA,2017-07-01,1,2017-08-01,5798,5746,5849,5673,5923,glm_ar1,expanding,90,0,4812
THA,2017-07-01,2,2017-09-01,6240,6187,6293,6110,6370,glm_ar1,expanding,90,0,3179
THA,2017-07-01,3,2017-10-01,6694,6639,6749,6560,6829,glm_ar1,expanding,90,0,2484
THA,2017-07-01,4,2017-11-01,7159,7101,7216,7020,7298,glm_ar1,expanding,90,0,2512
THA,2017-07-01,5,2017-12-01,7632,7573,7691,7489,7776,glm_ar1,expanding,90,0,1742
THA,2017-07-01,6,2018-01-01,8114,8053,8174,7966,8262,glm_ar1,expanding,90,0,2244
TLS,2017-07-01,1,2017-08-01,2,1,2,0,4,glm_ar1,expanding,83,0,0
TLS,2017-07-01,2,2017-09-01,4,3,5,1,7,glm_ar1,expanding,83,0,0
TLS,2017-07-01,3,2017-10-01,7,5,9,3,12,glm_ar1,expanding,83,0,0
TLS,2017-07-01,4,2017-11-01,12,10,14,7,18,glm_ar1,expanding,83,0,0
TLS,2017-07-01,5,2017-12-01,18,15,21,12,26,glm_ar1,expanding,83,0,0
TLS,2017-07-01,6,2018-01-01,27,23,30,19,36,glm_ar1,expanding,83,0,59
TON,2017-07-01,1,2017-08-01,12,9,14,6,17,glm_ar1,expanding,15,24,4
TON,2017-07-01,2,2017-09-01,18,15,21,11,25,glm_ar1,expanding,15,24,8
TON,2017-07-01,3,2017-10-01,26,23,30,18,35,glm_ar1,expanding,15,24,9
TON,2017-07-01,4,2017-11-01,37,33,41,27,47,glm_ar1,expanding,15,24,6
TON,2017-07-01,5,2017-12-01,51,47,56,40,63,glm_ar1,expanding,15,24,10
TON,2017-07-01,6,2018-01-01,70,64,75,56,84,glm_ar1,expanding,15,24,83
TTO,2017-07-01,1,2017-08-01,16,13,18,9,22,glm_ar1,expanding,52,36,66
TTO,2017-07-01,2,2017-09-01,23,20,26,16,32,glm_ar1,expanding,52,36,27
TTO,2017-07-01,3,2017-10-01,33,29,37,24,43,glm_ar1,expanding,52,36,56
TTO,2017-07-01,4,2017-11-01,47,42,51,36,58,glm_ar1,expanding,52,36,62
TTO,2017-07-01,5,2017-12-01,64,58,69,51,77,glm_ar1,expanding,52,36,25
TTO,2017-07-01,6,2018-01-01,85,79,91,70,100,glm_ar1,expanding,52,36,11
TUV,2017-07-01,1,2017-08-01,NA,NA,NA,NA,NA,glm_ar1,expanding,0,0,NA
TUV,2017-07-01,2,2017-09-01,NA,NA,NA,NA,NA,glm_ar1,expanding,0,0,NA
TUV,2017-07-01,3,2017-10-01,NA,NA,NA,NA,NA,glm_ar1,expanding,0,0,NA
TUV,2017-07-01,4,2017-11-01,NA,NA,NA,NA,NA,glm_ar1,expanding,0,0,NA
TUV,2017-07-01,5,2017-12-01,NA,NA,NA,NA,NA,glm_ar1,expanding,0,0,NA
TUV,2017-07-01,6,2018-01-01,NA,NA,NA,NA,NA,glm_ar1,expanding,0,0,NA
TWN,2017-07-01,1,2017-08-01,NA,NA,NA,NA,NA,glm_ar1,expanding,72,17,NA
TWN,2017-07-01,2,2017-09-01,NA,NA,NA,NA,NA,glm_ar1,expanding,72,17,NA
TWN,2017-07-01,3,2017-10-01,NA,NA,NA,NA,NA,glm_ar1,expanding,72,17,NA
TWN,2017-07-01,4,2017-11-01,NA,NA,NA,NA,NA,glm_ar1,expanding,72,17,NA
TWN,2017-07-01,5,2017-12-01,NA,NA,NA,NA,NA,glm_ar1,expanding,72,17,NA
TWN,2017-07-01,6,2018-01-01,NA,NA,NA,NA,NA,glm_ar1,expanding,72,17,NA
URY,2017-07-01,1,2017-08-01,NA,NA,NA,NA,NA,glm_ar1,expanding,12,16,NA
URY,2017-07-01,2,2017-09-01,NA,NA,NA,NA,NA,glm_ar1,expanding,12,16,NA
URY,2017-07-01,3,2017-10-01,NA,NA,NA,NA,NA,glm_ar1,expanding,12,16,NA
URY,2017-07-01,4,2017-11-01,NA,NA,NA,NA,NA,glm_ar1,expanding,12,16,NA
URY,2017-07-01,5,2017-12-01,NA,NA,NA,NA,NA,glm_ar1,expanding,12,16,NA
URY,2017-07-01,6,2018-01-01,NA,NA,NA,NA,NA,glm_ar1,expanding,12,16,NA
USA,2017-07-01,1,2017-08-01,91,84,97,75,106,glm_ar1,expanding,77,12,64
USA,2017-07-01,2,2017-09-01,119,111,126,101,137,glm_ar1,expanding,77,12,54
USA,2017-07-01,3,2017-10-01,153,145,161,133,174,glm_ar1,expanding,77,12,71
USA,2017-07-01,4,2017-11-01,195,186,205,173,219,glm_ar1,expanding,77,12,44
USA,2017-07-01,5,2017-12-01,246,235,256,220,272,glm_ar1,expanding,77,12,32
USA,2017-07-01,6,2018-01-01,306,294,318,277,335,glm_ar1,expanding,77,12,4
VCT,2017-07-01,1,2017-08-01,NA,NA,NA,NA,NA,glm_ar1,expanding,72,16,NA
VCT,2017-07-01,2,2017-09-01,NA,NA,NA,NA,NA,glm_ar1,expanding,72,16,NA
VCT,2017-07-01,3,2017-10-01,NA,NA,NA,NA,NA,glm_ar1,expanding,72,16,NA
VCT,2017-07-01,4,2017-11-01,NA,NA,NA,NA,NA,glm_ar1,expanding,72,16,NA
VCT,2017-07-01,5,2017-12-01,NA,NA,NA,NA,NA,glm_ar1,expanding,72,16,NA
VCT,2017-07-01,6,2018-01-01,NA,NA,NA,NA,NA,glm_ar1,expanding,72,16,NA
VEN,2017-07-01,1,2017-08-01,889,869,909,840,938,glm_ar1,expanding,88,0,813
VEN,2017-07-01,2,2017-09-01,1042,1020,1063,989,1095,glm_ar1,expanding,88,0,893
VEN,2017-07-01,3,2017-10-01,1212,1188,1235,1155,1269,glm_ar1,expanding,88,0,891
VEN,2017-07-01,4,2017-11-01,1400,1375,1425,1339,1462,glm_ar1,expanding,88,0,583
VEN,2017-07-01,5,2017-12-01,1607,1579,1634,1541,1673,glm_ar1,expanding,88,0,418
VEN,2017-07-01,6,2018-01-01,1832,1803,1861,1762,1903,glm_ar1,expanding,88,0,849
VGB,2017-07-01,1,2017-08-01,7,5,9,3,12,glm_ar1,expanding,88,0,9
VGB,2017-07-01,2,2017-09-01,12,10,14,7,18,glm_ar1,expanding,88,0,7
VGB,2017-07-01,3,2017-10-01,19,16,21,12,26,glm_ar1,expanding,88,0,12
VGB,2017-07-01,4,2017-11-01,27,23,31,19,36,glm_ar1,expanding,88,0,7
VGB,2017-07-01,5,2017-12-01,38,34,42,29,49,glm_ar1,expanding,88,0,6
VGB,2017-07-01,6,2018-01-01,53,48,58,41,65,glm_ar1,expanding,88,0,5
VNM,2017-07-01,1,2017-08-01,31803,31683,31924,31510,32097,glm_ar1,expanding,89,0,34197
VNM,2017-07-01,2,2017-09-01,31713,31592,31833,31420,32006,glm_ar1,expanding,89,0,22438
VNM,2017-07-01,3,2017-10-01,31626,31506,31746,31334,31919,glm_ar1,expanding,89,0,18034
VNM,2017-07-01,4,2017-11-01,31543,31423,31663,31251,31836,glm_ar1,expanding,89,0,10166
VNM,2017-07-01,5,2017-12-01,31465,31345,31584,31173,31757,glm_ar1,expanding,89,0,6870
VNM,2017-07-01,6,2018-01-01,31390,31270,31509,31099,31681,glm_ar1,expanding,89,0,6546
VUT,2017-07-01,1,2017-08-01,NA,NA,NA,NA,NA,glm_ar1,expanding,12,69,NA
VUT,2017-07-01,2,2017-09-01,NA,NA,NA,NA,NA,glm_ar1,expanding,12,69,NA
VUT,2017-07-01,3,2017-10-01,NA,NA,NA,NA,NA,glm_ar1,expanding,12,69,NA
VUT,2017-07-01,4,2017-11-01,NA,NA,NA,NA,NA,glm_ar1,expanding,12,69,0
VUT,2017-07-01,5,2017-12-01,NA,NA,NA,NA,NA,glm_ar1,expanding,12,69,1
VUT,2017-07-01,6,2018-01-01,NA,NA,NA,NA,NA,glm_ar1,expanding,12,69,3
WLF,2017-07-01,1,2017-08-01,13,10,15,7,19,glm_ar1,expanding,2,0,22
WLF,2017-07-01,2,2017-09-01,20,17,23,13,27,glm_ar1,expanding,2,0,21
WLF,2017-07-01,3,2017-10-01,29,25,32,20,38,glm_ar1,expanding,2,0,28
WLF,2017-07-01,4,2017-11-01,40,36,45,30,51,glm_ar1,expanding,2,0,27
WLF,2017-07-01,5,2017-12-01,56,50,60,44,68,glm_ar1,expanding,2,0,23
WLF,2017-07-01,6,2018-01-01,75,69,81,61,89,glm_ar1,expanding,2,0,30
WSM,2017-07-01,1,2017-08-01,NA,NA,NA,NA,NA,glm_ar1,expanding,0,0,NA
WSM,2017-07-01,2,2017-09-01,NA,NA,NA,NA,NA,glm_ar1,expanding,0,0,NA
WSM,2017-07-01,3,2017-10-01,NA,NA,NA,NA,NA,glm_ar1,expanding,0,0,218
WSM,2017-07-01,4,2017-11-01,NA,NA,NA,NA,NA,glm_ar1,expanding,0,0,412
WSM,2017-07-01,5,2017-12-01,NA,NA,NA,NA,NA,glm_ar1,expanding,0,0,510
WSM,2017-07-01,6,2018-01-01,NA,NA,NA,NA,NA,glm_ar1,expanding,0,0,40
YEM,2017-07-01,1,2017-08-01,NA,NA,NA,NA,NA,glm_ar1,expanding,12,16,NA
YEM,2017-07-01,2,2017-09-01,NA,NA,NA,NA,NA,glm_ar1,expanding,12,16,NA
YEM,2017-07-01,3,2017-10-01,NA,NA,NA,NA,NA,glm_ar1,expanding,12,16,NA
YEM,2017-07-01,4,2017-11-01,NA,NA,NA,NA,NA,glm_ar1,expanding,12,16,NA
YEM,2017-07-01,5,2017-12-01,NA,NA,NA,NA,NA,glm_ar1,expanding,12,16,NA
YEM,2017-07-01,6,2018-01-01,NA,NA,NA,NA,NA,glm_ar1,expanding,12,16,NA
ABW,2018-01-01,1,2018-02-01,3,2,4,1,6,glm_ar1,expanding,67,24,0
ABW,2018-01-01,2,2018-03-01,6,4,8,2,10,glm_ar1,expanding,67,24,1
ABW,2018-01-01,3,2018-04-01,10,8,12,5,16,glm_ar1,expanding,67,24,1
ABW,2018-01-01,4,2018-05-01,16,13,18,9,22,glm_ar1,expanding,67,24,0
ABW,2018-01-01,5,2018-06-01,23,20,26,16,31,glm_ar1,expanding,67,24,0
ABW,2018-01-01,6,2018-07-01,33,29,37,24,43,glm_ar1,expanding,67,24,0
AFG,2018-01-01,1,2018-02-01,NA,NA,NA,NA,NA,glm_ar1,expanding,0,0,NA
AFG,2018-01-01,2,2018-03-01,NA,NA,NA,NA,NA,glm_ar1,expanding,0,0,NA
AFG,2018-01-01,3,2018-04-01,NA,NA,NA,NA,NA,glm_ar1,expanding,0,0,NA
AFG,2018-01-01,4,2018-05-01,NA,NA,NA,NA,NA,glm_ar1,expanding,0,0,NA
AFG,2018-01-01,5,2018-06-01,NA,NA,NA,NA,NA,glm_ar1,expanding,0,0,NA
AFG,2018-01-01,6,2018-07-01,NA,NA,NA,NA,NA,glm_ar1,expanding,0,0,NA
ARG,2018-01-01,1,2018-02-01,28,24,31,19,36,glm_ar1,expanding,90,0,15
ARG,2018-01-01,2,2018-03-01,39,34,43,29,49,glm_ar1,expanding,90,0,127
ARG,2018-01-01,3,2018-04-01,53,48,58,41,65,glm_ar1,expanding,90,0,759
ARG,2018-01-01,4,2018-05-01,71,65,77,58,85,glm_ar1,expanding,90,0,713
ARG,2018-01-01,5,2018-06-01,94,87,100,78,110,glm_ar1,expanding,90,0,147
ARG,2018-01-01,6,2018-07-01,122,114,129,104,140,glm_ar1,expanding,90,0,19
ATG,2018-01-01,1,2018-02-01,NA,NA,NA,NA,NA,glm_ar1,expanding,24,10,NA
ATG,2018-01-01,2,2018-03-01,NA,NA,NA,NA,NA,glm_ar1,expanding,24,10,NA
ATG,2018-01-01,3,2018-04-01,NA,NA,NA,NA,NA,glm_ar1,expanding,24,10,0
ATG,2018-01-01,4,2018-05-01,NA,NA,NA,NA,NA,glm_ar1,expanding,24,10,0
ATG,2018-01-01,5,2018-06-01,NA,NA,NA,NA,NA,glm_ar1,expanding,24,10,0
ATG,2018-01-01,6,2018-07-01,NA,NA,NA,NA,NA,glm_ar1,expanding,24,10,0
AUS,2018-01-01,1,2018-02-01,197,188,207,174,221,glm_ar1,expanding,89,0,45
AUS,2018-01-01,2,2018-03-01,246,236,257,221,272,glm_ar1,expanding,89,0,57
AUS,2018-01-01,3,2018-04-01,304,293,316,276,333,glm_ar1,expanding,89,0,50
AUS,2018-01-01,4,2018-05-01,372,359,385,341,404,glm_ar1,expanding,89,0,77
AUS,2018-01-01,5,2018-06-01,451,437,465,416,486,glm_ar1,expanding,89,0,73
AUS,2018-01-01,6,2018-07-01,542,526,557,504,580,glm_ar1,expanding,89,0,86
BES,2018-01-01,1,2018-02-01,NA,NA,NA,NA,NA,glm_ar1,expanding,36,0,NA
BES,2018-01-01,2,2018-03-01,NA,NA,NA,NA,NA,glm_ar1,expanding,36,0,NA
BES,2018-01-01,3,2018-04-01,NA,NA,NA,NA,NA,glm_ar1,expanding,36,0,NA
BES,2018-01-01,4,2018-05-01,NA,NA,NA,NA,NA,glm_ar1,expanding,36,0,NA
BES,2018-01-01,5,2018-06-01,NA,NA,NA,NA,NA,glm_ar1,expanding,36,0,NA
BES,2018-01-01,6,2018-07-01,NA,NA,NA,NA,NA,glm_ar1,expanding,36,0,NA
BFA,2018-01-01,1,2018-02-01,392,378,405,359,424,glm_ar1,expanding,33,0,88
BFA,2018-01-01,2,2018-03-01,473,459,488,438,509,glm_ar1,expanding,33,0,29
BFA,2018-01-01,3,2018-04-01,567,551,583,528,607,glm_ar1,expanding,33,0,58
BFA,2018-01-01,4,2018-05-01,674,656,691,631,717,glm_ar1,expanding,33,0,29
BFA,2018-01-01,5,2018-06-01,794,775,813,748,841,glm_ar1,expanding,33,0,29
BFA,2018-01-01,6,2018-07-01,929,908,949,879,979,glm_ar1,expanding,33,0,58
BGD,2018-01-01,1,2018-02-01,37,33,41,27,47,glm_ar1,expanding,95,0,7
BGD,2018-01-01,2,2018-03-01,50,46,55,39,62,glm_ar1,expanding,95,0,19
BGD,2018-01-01,3,2018-04-01,68,62,73,55,82,glm_ar1,expanding,95,0,29
BGD,2018-01-01,4,2018-05-01,90,83,96,74,106,glm_ar1,expanding,95,0,52
BGD,2018-01-01,5,2018-06-01,117,109,124,99,135,glm_ar1,expanding,95,0,295
BGD,2018-01-01,6,2018-07-01,150,141,158,130,170,glm_ar1,expanding,95,0,946
BHS,2018-01-01,1,2018-02-01,NA,NA,NA,NA,NA,glm_ar1,expanding,48,46,NA
BHS,2018-01-01,2,2018-03-01,NA,NA,NA,NA,NA,glm_ar1,expanding,48,46,NA
BHS,2018-01-01,3,2018-04-01,NA,NA,NA,NA,NA,glm_ar1,expanding,48,46,NA
BHS,2018-01-01,4,2018-05-01,NA,NA,NA,NA,NA,glm_ar1,expanding,48,46,NA
BHS,2018-01-01,5,2018-06-01,NA,NA,NA,NA,NA,glm_ar1,expanding,48,46,NA
BHS,2018-01-01,6,2018-07-01,NA,NA,NA,NA,NA,glm_ar1,expanding,48,46,NA
BLM,2018-01-01,1,2018-02-01,NA,NA,NA,NA,NA,glm_ar1,expanding,60,10,NA
BLM,2018-01-01,2,2018-03-01,NA,NA,NA,NA,NA,glm_ar1,expanding,60,10,NA
BLM,2018-01-01,3,2018-04-01,NA,NA,NA,NA,NA,glm_ar1,expanding,60,10,NA
BLM,2018-01-01,4,2018-05-01,NA,NA,NA,NA,NA,glm_ar1,expanding,60,10,NA
BLM,2018-01-01,5,2018-06-01,NA,NA,NA,NA,NA,glm_ar1,expanding,60,10,NA
BLM,2018-01-01,6,2018-07-01,NA,NA,NA,NA,NA,glm_ar1,expanding,60,10,NA
BLZ,2018-01-01,1,2018-02-01,105,98,112,88,122,glm_ar1,expanding,95,0,149
BLZ,2018-01-01,2,2018-03-01,135,127,143,116,155,glm_ar1,expanding,95,0,107
BLZ,2018-01-01,3,2018-04-01,172,163,181,151,194,glm_ar1,expanding,95,0,128
BLZ,2018-01-01,4,2018-05-01,216,206,226,193,241,glm_ar1,expanding,95,0,91
BLZ,2018-01-01,5,2018-06-01,269,258,280,243,296,glm_ar1,expanding,95,0,139
BLZ,2018-01-01,6,2018-07-01,331,319,343,302,361,glm_ar1,expanding,95,0,248
BOL,2018-01-01,1,2018-02-01,1199,1176,1223,1143,1257,glm_ar1,expanding,90,0,1672
BOL,2018-01-01,2,2018-03-01,1377,1352,1402,1316,1438,glm_ar1,expanding,90,0,2192
BOL,2018-01-01,3,2018-04-01,1571,1544,1597,1506,1636,glm_ar1,expanding,90,0,2690
BOL,2018-01-01,4,2018-05-01,1781,1753,1810,1712,1851,glm_ar1,expanding,90,0,1550
BOL,2018-01-01,5,2018-06-01,2008,1978,2039,1935,2082,glm_ar1,expanding,90,0,266
BOL,2018-01-01,6,2018-07-01,2252,2220,2284,2175,2331,glm_ar1,expanding,90,0,302
BRA,2018-01-01,1,2018-02-01,48423,48275,48572,48062,48785,glm_ar1,expanding,88,0,46542
BRA,2018-01-01,2,2018-03-01,47099,46953,47245,46742,47456,glm_ar1,expanding,88,0,57248
BRA,2018-01-01,3,2018-04-01,45868,45723,46012,45516,46221,glm_ar1,expanding,88,0,86465
BRA,2018-01-01,4,2018-05-01,44722,44579,44864,44374,45070,glm_ar1,expanding,88,0,49776
BRA,2018-01-01,5,2018-06-01,43654,43513,43794,43310,43998,glm_ar1,expanding,88,0,31534
BRA,2018-01-01,6,2018-07-01,42657,42517,42796,42317,42997,glm_ar1,expanding,88,0,27231
BRB,2018-01-01,1,2018-02-01,18,15,21,12,26,glm_ar1,expanding,94,0,10
BRB,2018-01-01,2,2018-03-01,27,23,30,18,35,glm_ar1,expanding,94,0,8
BRB,2018-01-01,3,2018-04-01,37,33,41,28,48,glm_ar1,expanding,94,0,7
BRB,2018-01-01,4,2018-05-01,51,46,56,40,63,glm_ar1,expanding,94,0,3
BRB,2018-01-01,5,2018-06-01,69,63,75,56,83,glm_ar1,expanding,94,0,7
BRB,2018-01-01,6,2018-07-01,91,85,98,76,107,glm_ar1,expanding,94,0,6
BRN,2018-01-01,1,2018-02-01,31,28,35,23,41,glm_ar1,expanding,93,0,13
BRN,2018-01-01,2,2018-03-01,44,39,48,33,55,glm_ar1,expanding,93,0,14
BRN,2018-01-01,3,2018-04-01,59,54,65,47,72,glm_ar1,expanding,93,0,12
BRN,2018-01-01,4,2018-05-01,79,73,85,65,94,glm_ar1,expanding,93,0,15
BRN,2018-01-01,5,2018-06-01,104,97,111,87,121,glm_ar1,expanding,93,0,11
BRN,2018-01-01,6,2018-07-01,134,126,142,115,153,glm_ar1,expanding,93,0,17
BTN,2018-01-01,1,2018-02-01,4,3,6,1,8,glm_ar1,expanding,59,36,1
BTN,2018-01-01,2,2018-03-01,8,6,10,4,13,glm_ar1,expanding,59,36,1
BTN,2018-01-01,3,2018-04-01,13,10,15,7,19,glm_ar1,expanding,59,36,1
BTN,2018-01-01,4,2018-05-01,19,16,22,12,27,glm_ar1,expanding,59,36,1
BTN,2018-01-01,5,2018-06-01,28,24,32,20,37,glm_ar1,expanding,59,36,2
BTN,2018-01-01,6,2018-07-01,39,35,43,29,50,glm_ar1,expanding,59,36,2
CHL,2018-01-01,1,2018-02-01,NA,NA,NA,NA,NA,glm_ar1,expanding,36,34,NA
CHL,2018-01-01,2,2018-03-01,NA,NA,NA,NA,NA,glm_ar1,expanding,36,34,NA
CHL,2018-01-01,3,2018-04-01,NA,NA,NA,NA,NA,glm_ar1,expanding,36,34,NA
CHL,2018-01-01,4,2018-05-01,NA,NA,NA,NA,NA,glm_ar1,expanding,36,34,NA
CHL,2018-01-01,5,2018-06-01,NA,NA,NA,NA,NA,glm_ar1,expanding,36,34,NA
CHL,2018-01-01,6,2018-07-01,NA,NA,NA,NA,NA,glm_ar1,expanding,36,34,NA
CHN,2018-01-01,1,2018-02-01,2,1,2,0,4,glm_ar1,expanding,95,0,0
CHN,2018-01-01,2,2018-03-01,4,2,5,1,7,glm_ar1,expanding,95,0,0
CHN,2018-01-01,3,2018-04-01,7,5,9,3,12,glm_ar1,expanding,95,0,0
CHN,2018-01-01,4,2018-05-01,12,9,14,6,18,glm_ar1,expanding,95,0,0
CHN,2018-01-01,5,2018-06-01,18,15,21,11,25,glm_ar1,expanding,95,0,117
CHN,2018-01-01,6,2018-07-01,26,22,29,18,35,glm_ar1,expanding,95,0,218
CIV,2018-01-01,1,2018-02-01,NA,NA,NA,NA,NA,glm_ar1,expanding,0,0,NA
CIV,2018-01-01,2,2018-03-01,NA,NA,NA,NA,NA,glm_ar1,expanding,0,0,NA
CIV,2018-01-01,3,2018-04-01,NA,NA,NA,NA,NA,glm_ar1,expanding,0,0,NA
CIV,2018-01-01,4,2018-05-01,NA,NA,NA,NA,NA,glm_ar1,expanding,0,0,NA
CIV,2018-01-01,5,2018-06-01,NA,NA,NA,NA,NA,glm_ar1,expanding,0,0,NA
CIV,2018-01-01,6,2018-07-01,NA,NA,NA,NA,NA,glm_ar1,expanding,0,0,NA
COK,2018-01-01,1,2018-02-01,NA,NA,NA,NA,NA,glm_ar1,expanding,24,25,NA
COK,2018-01-01,2,2018-03-01,NA,NA,NA,NA,NA,glm_ar1,expanding,24,25,NA
COK,2018-01-01,3,2018-04-01,NA,NA,NA,NA,NA,glm_ar1,expanding,24,25,NA
COK,2018-01-01,4,2018-05-01,NA,NA,NA,NA,NA,glm_ar1,expanding,24,25,NA
COK,2018-01-01,5,2018-06-01,NA,NA,NA,NA,NA,glm_ar1,expanding,24,25,NA
COK,2018-01-01,6,2018-07-01,NA,NA,NA,NA,NA,glm_ar1,expanding,24,25,NA
COL,2018-01-01,1,2018-02-01,2794,2759,2830,2708,2881,glm_ar1,expanding,96,0,1706
COL,2018-01-01,2,2018-03-01,3087,3050,3125,2996,3179,glm_ar1,expanding,96,0,1586
COL,2018-01-01,3,2018-04-01,3396,3357,3435,3301,3492,glm_ar1,expanding,96,0,2427
COL,2018-01-01,4,2018-05-01,3720,3679,3761,3620,3821,glm_ar1,expanding,96,0,3086
COL,2018-01-01,5,2018-06-01,4058,4015,4101,3953,4163,glm_ar1,expanding,96,0,3588
COL,2018-01-01,6,2018-07-01,4409,4364,4454,4300,4519,glm_ar1,expanding,96,0,4538
CRI,2018-01-01,1,2018-02-01,389,376,403,357,422,glm_ar1,expanding,95,0,260
CRI,2018-01-01,2,2018-03-01,471,456,485,435,507,glm_ar1,expanding,95,0,188
CRI,2018-01-01,3,2018-04-01,564,548,580,525,603,glm_ar1,expanding,95,0,343
CRI,2018-01-01,4,2018-05-01,670,653,688,628,713,glm_ar1,expanding,95,0,300
CRI,2018-01-01,5,2018-06-01,790,771,809,744,837,glm_ar1,expanding,95,0,445
CRI,2018-01-01,6,2018-07-01,924,904,945,875,975,glm_ar1,expanding,95,0,648
CUB,2018-01-01,1,2018-02-01,245,234,255,219,271,glm_ar1,expanding,46,0,98
CUB,2018-01-01,2,2018-03-01,303,291,314,274,332,glm_ar1,expanding,46,0,105
CUB,2018-01-01,3,2018-04-01,370,357,383,339,402,glm_ar1,expanding,46,0,88
CUB,2018-01-01,4,2018-05-01,449,434,463,414,484,glm_ar1,expanding,46,0,106
CUB,2018-01-01,5,2018-06-01,539,523,555,501,578,glm_ar1,expanding,46,0,136
CUB,2018-01-01,6,2018-07-01,642,625,659,601,684,glm_ar1,expanding,46,0,157
CUW,2018-01-01,1,2018-02-01,NA,NA,NA,NA,NA,glm_ar1,expanding,48,0,NA
CUW,2018-01-01,2,2018-03-01,NA,NA,NA,NA,NA,glm_ar1,expanding,48,0,NA
CUW,2018-01-01,3,2018-04-01,NA,NA,NA,NA,NA,glm_ar1,expanding,48,0,NA
CUW,2018-01-01,4,2018-05-01,NA,NA,NA,NA,NA,glm_ar1,expanding,48,0,NA
CUW,2018-01-01,5,2018-06-01,NA,NA,NA,NA,NA,glm_ar1,expanding,48,0,NA
CUW,2018-01-01,6,2018-07-01,NA,NA,NA,NA,NA,glm_ar1,expanding,48,0,NA
CYM,2018-01-01,1,2018-02-01,NA,NA,NA,NA,NA,glm_ar1,expanding,60,10,NA
CYM,2018-01-01,2,2018-03-01,NA,NA,NA,NA,NA,glm_ar1,expanding,60,10,NA
CYM,2018-01-01,3,2018-04-01,NA,NA,NA,NA,NA,glm_ar1,expanding,60,10,0
CYM,2018-01-01,4,2018-05-01,NA,NA,NA,NA,NA,glm_ar1,expanding,60,10,0
CYM,2018-01-01,5,2018-06-01,NA,NA,NA,NA,NA,glm_ar1,expanding,60,10,1
CYM,2018-01-01,6,2018-07-01,NA,NA,NA,NA,NA,glm_ar1,expanding,60,10,2
DMA,2018-01-01,1,2018-02-01,NA,NA,NA,NA,NA,glm_ar1,expanding,72,22,NA
DMA,2018-01-01,2,2018-03-01,NA,NA,NA,NA,NA,glm_ar1,expanding,72,22,NA
DMA,2018-01-01,3,2018-04-01,NA,NA,NA,NA,NA,glm_ar1,expanding,72,22,2
DMA,2018-01-01,4,2018-05-01,NA,NA,NA,NA,NA,glm_ar1,expanding,72,22,3
DMA,2018-01-01,5,2018-06-01,NA,NA,NA,NA,NA,glm_ar1,expanding,72,22,2
DMA,2018-01-01,6,2018-07-01,NA,NA,NA,NA,NA,glm_ar1,expanding,72,22,2
DOM,2018-01-01,1,2018-02-01,99,92,105,83,115,glm_ar1,expanding,95,0,98
DOM,2018-01-01,2,2018-03-01,128,120,135,109,146,glm_ar1,expanding,95,0,134
DOM,2018-01-01,3,2018-04-01,163,154,172,142,184,glm_ar1,expanding,95,0,116
DOM,2018-01-01,4,2018-05-01,206,196,215,182,229,glm_ar1,expanding,95,0,72
DOM,2018-01-01,5,2018-06-01,256,245,267,230,283,glm_ar1,expanding,95,0,69
DOM,2018-01-01,6,2018-07-01,316,304,328,287,346,glm_ar1,expanding,95,0,97
ECU,2018-01-01,1,2018-02-01,592,575,608,552,632,glm_ar1,expanding,87,0,373
ECU,2018-01-01,2,2018-03-01,702,684,719,658,745,glm_ar1,expanding,87,0,307
ECU,2018-01-01,3,2018-04-01,825,806,845,778,873,glm_ar1,expanding,87,0,341
ECU,2018-01-01,4,2018-05-01,964,943,985,913,1015,glm_ar1,expanding,87,0,241
ECU,2018-01-01,5,2018-06-01,1117,1095,1140,1063,1173,glm_ar1,expanding,87,0,243
ECU,2018-01-01,6,2018-07-01,1287,1263,1311,1228,1346,glm_ar1,expanding,87,0,315
ERI,2018-01-01,1,2018-02-01,NA,NA,NA,NA,NA,glm_ar1,expanding,60,31,NA
ERI,2018-01-01,2,2018-03-01,NA,NA,NA,NA,NA,glm_ar1,expanding,60,31,NA
ERI,2018-01-01,3,2018-04-01,NA,NA,NA,NA,NA,glm_ar1,expanding,60,31,NA
ERI,2018-01-01,4,2018-05-01,NA,NA,NA,NA,NA,glm_ar1,expanding,60,31,NA
ERI,2018-01-01,5,2018-06-01,NA,NA,NA,NA,NA,glm_ar1,expanding,60,31,NA
ERI,2018-01-01,6,2018-07-01,NA,NA,NA,NA,NA,glm_ar1,expanding,60,31,NA
ETH,2018-01-01,1,2018-02-01,NA,NA,NA,NA,NA,glm_ar1,expanding,12,45,NA
ETH,2018-01-01,2,2018-03-01,NA,NA,NA,NA,NA,glm_ar1,expanding,12,45,NA
ETH,2018-01-01,3,2018-04-01,NA,NA,NA,NA,NA,glm_ar1,expanding,12,45,NA
ETH,2018-01-01,4,2018-05-01,NA,NA,NA,NA,NA,glm_ar1,expanding,12,45,NA
ETH,2018-01-01,5,2018-06-01,NA,NA,NA,NA,NA,glm_ar1,expanding,12,45,NA
ETH,2018-01-01,6,2018-07-01,NA,NA,NA,NA,NA,glm_ar1,expanding,12,45,NA
FJI,2018-01-01,1,2018-02-01,1138,1115,1160,1082,1193,glm_ar1,expanding,87,0,1489
FJI,2018-01-01,2,2018-03-01,1309,1285,1333,1250,1369,glm_ar1,expanding,87,0,1570
FJI,2018-01-01,3,2018-04-01,1497,1471,1523,1433,1561,glm_ar1,expanding,87,0,1103
FJI,2018-01-01,4,2018-05-01,1701,1673,1729,1633,1769,glm_ar1,expanding,87,0,643
FJI,2018-01-01,5,2018-06-01,1922,1892,1951,1850,1994,glm_ar1,expanding,87,0,620
FJI,2018-01-01,6,2018-07-01,2160,2128,2191,2084,2236,glm_ar1,expanding,87,0,312
FSM,2018-01-01,1,2018-02-01,NA,NA,NA,NA,NA,glm_ar1,expanding,12,10,NA
FSM,2018-01-01,2,2018-03-01,NA,NA,NA,NA,NA,glm_ar1,expanding,12,10,NA
FSM,2018-01-01,3,2018-04-01,NA,NA,NA,NA,NA,glm_ar1,expanding,12,10,2
FSM,2018-01-01,4,2018-05-01,NA,NA,NA,NA,NA,glm_ar1,expanding,12,10,1
FSM,2018-01-01,5,2018-06-01,NA,NA,NA,NA,NA,glm_ar1,expanding,12,10,7
FSM,2018-01-01,6,2018-07-01,NA,NA,NA,NA,NA,glm_ar1,expanding,12,10,6
GLP,2018-01-01,1,2018-02-01,89,82,95,73,104,glm_ar1,expanding,94,0,26
GLP,2018-01-01,2,2018-03-01,115,108,123,98,133,glm_ar1,expanding,94,0,18
GLP,2018-01-01,3,2018-04-01,148,140,156,128,168,glm_ar1,expanding,94,0,8
GLP,2018-01-01,4,2018-05-01,188,178,197,166,211,glm_ar1,expanding,94,0,10
GLP,2018-01-01,5,2018-06-01,235,225,245,210,261,glm_ar1,expanding,94,0,15
GLP,2018-01-01,6,2018-07-01,291,280,303,263,320,glm_ar1,expanding,94,0,13
GRD,2018-01-01,1,2018-02-01,21,18,24,14,29,glm_ar1,expanding,83,12,30
GRD,2018-01-01,2,2018-03-01,30,26,34,21,39,glm_ar1,expanding,83,12,26
GRD,2018-01-01,3,2018-04-01,42,37,46,32,53,glm_ar1,expanding,83,12,30
GRD,2018-01-01,4,2018-05-01,57,52,62,45,70,glm_ar1,expanding,83,12,28
GRD,2018-01-01,5,2018-06-01,76,70,82,62,91,glm_ar1,expanding,83,12,60
GRD,2018-01-01,6,2018-07-01,100,93,107,84,117,glm_ar1,expanding,83,12,98
GTM,2018-01-01,1,2018-02-01,512,496,527,475,549,glm_ar1,expanding,96,0,346
GTM,2018-01-01,2,2018-03-01,611,594,627,570,652,glm_ar1,expanding,96,0,285
GTM,2018-01-01,3,2018-04-01,723,705,741,679,768,glm_ar1,expanding,96,0,619
GTM,2018-01-01,4,2018-05-01,850,830,869,802,898,glm_ar1,expanding,96,0,541
GTM,2018-01-01,5,2018-06-01,991,969,1012,939,1043,glm_ar1,expanding,96,0,718
GTM,2018-01-01,6,2018-07-01,1147,1124,1170,1092,1203,glm_ar1,expanding,96,0,1251
GUF,2018-01-01,1,2018-02-01,69,63,74,55,83,glm_ar1,expanding,88,0,54
GUF,2018-01-01,2,2018-03-01,91,84,97,75,107,glm_ar1,expanding,88,0,29
GUF,2018-01-01,3,2018-04-01,118,110,125,100,136,glm_ar1,expanding,88,0,25
GUF,2018-01-01,4,2018-05-01,151,143,159,131,172,glm_ar1,expanding,88,0,16
GUF,2018-01-01,5,2018-06-01,191,182,201,169,214,glm_ar1,expanding,88,0,17
GUF,2018-01-01,6,2018-07-01,239,229,250,214,265,glm_ar1,expanding,88,0,13
GUY,2018-01-01,1,2018-02-01,39,35,43,29,50,glm_ar1,expanding,85,12,23
GUY,2018-01-01,2,2018-03-01,54,49,59,42,66,glm_ar1,expanding,85,12,24
GUY,2018-01-01,3,2018-04-01,72,66,78,58,86,glm_ar1,expanding,85,12,22
GUY,2018-01-01,4,2018-05-01,95,88,101,79,111,glm_ar1,expanding,85,12,22
GUY,2018-01-01,5,2018-06-01,123,116,131,105,142,glm_ar1,expanding,85,12,22
GUY,2018-01-01,6,2018-07-01,158,149,166,137,178,glm_ar1,expanding,85,12,30
HND,2018-01-01,1,2018-02-01,323,311,335,294,353,glm_ar1,expanding,96,0,434
HND,2018-01-01,2,2018-03-01,394,380,407,361,427,glm_ar1,expanding,96,0,684
HND,2018-01-01,3,2018-04-01,476,461,490,440,512,glm_ar1,expanding,96,0,1103
HND,2018-01-01,4,2018-05-01,570,554,586,531,609,glm_ar1,expanding,96,0,796
HND,2018-01-01,5,2018-06-01,677,659,694,634,720,glm_ar1,expanding,96,0,743
HND,2018-01-01,6,2018-07-01,797,778,816,751,844,glm_ar1,expanding,96,0,557
HTI,2018-01-01,1,2018-02-01,NA,NA,NA,NA,NA,glm_ar1,expanding,0,0,NA
HTI,2018-01-01,2,2018-03-01,NA,NA,NA,NA,NA,glm_ar1,expanding,0,0,NA
HTI,2018-01-01,3,2018-04-01,NA,NA,NA,NA,NA,glm_ar1,expanding,0,0,NA
HTI,2018-01-01,4,2018-05-01,NA,NA,NA,NA,NA,glm_ar1,expanding,0,0,4
HTI,2018-01-01,5,2018-06-01,NA,NA,NA,NA,NA,glm_ar1,expanding,0,0,4
HTI,2018-01-01,6,2018-07-01,NA,NA,NA,NA,NA,glm_ar1,expanding,0,0,5
IDN,2018-01-01,1,2018-02-01,6579,6524,6633,6446,6712,glm_ar1,expanding,88,0,5062
IDN,2018-01-01,2,2018-03-01,6995,6939,7052,6858,7133,glm_ar1,expanding,88,0,5213
IDN,2018-01-01,3,2018-04-01,7418,7360,7476,7277,7560,glm_ar1,expanding,88,0,5421
IDN,2018-01-01,4,2018-05-01,7846,7786,7905,7700,7992,glm_ar1,expanding,88,0,5555
IDN,2018-01-01,5,2018-06-01,8277,8216,8338,8128,8427,glm_ar1,expanding,88,0,4685
IDN,2018-01-01,6,2018-07-01,8711,8648,8774,8558,8865,glm_ar1,expanding,88,0,5304
IND,2018-01-01,1,2018-02-01,2569,2535,2603,2486,2653,glm_ar1,expanding,94,0,1409
IND,2018-01-01,2,2018-03-01,2849,2813,2885,2762,2937,glm_ar1,expanding,94,0,1060
IND,2018-01-01,3,2018-04-01,3146,3108,3183,3054,3238,glm_ar1,expanding,94,0,948
IND,2018-01-01,4,2018-05-01,3457,3418,3497,3361,3554,glm_ar1,expanding,94,0,1535
IND,2018-01-01,5,2018-06-01,3784,3742,3825,3683,3885,glm_ar1,expanding,94,0,3658
IND,2018-01-01,6,2018-07-01,4124,4081,4168,4019,4230,glm_ar1,expanding,94,0,5815
JAM,2018-01-01,1,2018-02-01,33,29,37,24,42,glm_ar1,expanding,93,0,27
JAM,2018-01-01,2,2018-03-01,45,41,50,35,57,glm_ar1,expanding,93,0,41
JAM,2018-01-01,3,2018-04-01,62,56,67,49,75,glm_ar1,expanding,93,0,19
JAM,2018-01-01,4,2018-05-01,82,76,88,67,97,glm_ar1,expanding,93,0,11
JAM,2018-01-01,5,2018-06-01,107,100,114,90,124,glm_ar1,expanding,93,0,28
JAM,2018-01-01,6,2018-07-01,138,130,146,119,158,glm_ar1,expanding,93,0,20
KEN,2018-01-01,1,2018-02-01,NA,NA,NA,NA,NA,glm_ar1,expanding,48,11,NA
KEN,2018-01-01,2,2018-03-01,NA,NA,NA,NA,NA,glm_ar1,expanding,48,11,NA
KEN,2018-01-01,3,2018-04-01,NA,NA,NA,NA,NA,glm_ar1,expanding,48,11,NA
KEN,2018-01-01,4,2018-05-01,NA,NA,NA,NA,NA,glm_ar1,expanding,48,11,NA
KEN,2018-01-01,5,2018-06-01,NA,NA,NA,NA,NA,glm_ar1,expanding,48,11,NA
KEN,2018-01-01,6,2018-07-01,NA,NA,NA,NA,NA,glm_ar1,expanding,48,11,NA
KHM,2018-01-01,1,2018-02-01,512,496,527,475,549,glm_ar1,expanding,96,0,315
KHM,2018-01-01,2,2018-03-01,611,594,627,570,652,glm_ar1,expanding,96,0,466
KHM,2018-01-01,3,2018-04-01,723,705,741,679,768,glm_ar1,expanding,96,0,711
KHM,2018-01-01,4,2018-05-01,850,830,869,802,898,glm_ar1,expanding,96,0,1608
KHM,2018-01-01,5,2018-06-01,991,969,1012,939,1043,glm_ar1,expanding,96,0,3205
KHM,2018-01-01,6,2018-07-01,1147,1124,1170,1092,1203,glm_ar1,expanding,96,0,4028
KIR,2018-01-01,1,2018-02-01,365,352,378,334,397,glm_ar1,expanding,58,24,181
KIR,2018-01-01,2,2018-03-01,442,428,457,408,477,glm_ar1,expanding,58,24,178
KIR,2018-01-01,3,2018-04-01,532,516,547,494,570,glm_ar1,expanding,58,24,56
KIR,2018-01-01,4,2018-05-01,634,617,650,592,675,glm_ar1,expanding,58,24,163
KIR,2018-01-01,5,2018-06-01,749,730,767,704,794,glm_ar1,expanding,58,24,118
KIR,2018-01-01,6,2018-07-01,878,858,898,830,927,glm_ar1,expanding,58,24,88
KNA,2018-01-01,1,2018-02-01,NA,NA,NA,NA,NA,glm_ar1,expanding,36,22,NA
KNA,2018-01-01,2,2018-03-01,NA,NA,NA,NA,NA,glm_ar1,expanding,36,22,NA
KNA,2018-01-01,3,2018-04-01,NA,NA,NA,NA,NA,glm_ar1,expanding,36,22,NA
KNA,2018-01-01,4,2018-05-01,NA,NA,NA,NA,NA,glm_ar1,expanding,36,22,NA
KNA,2018-01-01,5,2018-06-01,NA,NA,NA,NA,NA,glm_ar1,expanding,36,22,NA
KNA,2018-01-01,6,2018-07-01,NA,NA,NA,NA,NA,glm_ar1,expanding,36,22,NA
LAO,2018-01-01,1,2018-02-01,111,104,118,94,129,glm_ar1,expanding,96,0,70
LAO,2018-01-01,2,2018-03-01,143,135,151,123,163,glm_ar1,expanding,96,0,114
LAO,2018-01-01,3,2018-04-01,181,172,190,159,204,glm_ar1,expanding,96,0,173
LAO,2018-01-01,4,2018-05-01,227,217,237,203,252,glm_ar1,expanding,96,0,329
LAO,2018-01-01,5,2018-06-01,282,271,293,255,310,glm_ar1,expanding,96,0,922
LAO,2018-01-01,6,2018-07-01,346,334,359,316,377,glm_ar1,expanding,96,0,1719
LCA,2018-01-01,1,2018-02-01,14,12,17,8,21,glm_ar1,expanding,83,12,0
LCA,2018-01-01,2,2018-03-01,21,18,24,14,29,glm_ar1,expanding,83,12,3
LCA,2018-01-01,3,2018-04-01,30,27,34,22,40,glm_ar1,expanding,83,12,7
LCA,2018-01-01,4,2018-05-01,42,38,47,32,53,glm_ar1,expanding,83,12,9
LCA,2018-01-01,5,2018-06-01,58,52,63,45,70,glm_ar1,expanding,83,12,3
LCA,2018-01-01,6,2018-07-01,77,71,83,63,92,glm_ar1,expanding,83,12,17
LKA,2018-01-01,1,2018-02-01,9069,9005,9133,8913,9226,glm_ar1,expanding,96,0,3979
LKA,2018-01-01,2,2018-03-01,9506,9440,9572,9346,9667,glm_ar1,expanding,96,0,2617
LKA,2018-01-01,3,2018-04-01,9943,9876,10010,9779,10107,glm_ar1,expanding,96,0,3354
LKA,2018-01-01,4,2018-05-01,10379,10311,10448,10212,10547,glm_ar1,expanding,96,0,3853
LKA,2018-01-01,5,2018-06-01,10814,10744,10884,10643,10985,glm_ar1,expanding,96,0,4548
LKA,2018-01-01,6,2018-07-01,11246,11175,11318,11072,11421,glm_ar1,expanding,96,0,7828
MAF,2018-01-01,1,2018-02-01,13,10,15,7,19,glm_ar1,expanding,92,0,8
MAF,2018-01-01,2,2018-03-01,19,16,22,12,27,glm_ar1,expanding,92,0,5
MAF,2018-01-01,3,2018-04-01,28,24,31,20,37,glm_ar1,expanding,92,0,9
MAF,2018-01-01,4,2018-05-01,39,35,43,29,50,glm_ar1,expanding,92,0,17
MAF,2018-01-01,5,2018-06-01,54,49,59,42,66,glm_ar1,expanding,92,0,11
MAF,2018-01-01,6,2018-07-01,72,66,78,58,86,glm_ar1,expanding,92,0,8
MDV,2018-01-01,1,2018-02-01,428,414,441,394,462,glm_ar1,expanding,96,0,202
MDV,2018-01-01,2,2018-03-01,515,499,530,478,552,glm_ar1,expanding,96,0,183
MDV,2018-01-01,3,2018-04-01,614,597,631,574,655,glm_ar1,expanding,96,0,224
MDV,2018-01-01,4,2018-05-01,727,709,745,683,772,glm_ar1,expanding,96,0,278
MDV,2018-01-01,5,2018-06-01,854,834,873,806,902,glm_ar1,expanding,96,0,404
MDV,2018-01-01,6,2018-07-01,995,974,1017,944,1048,glm_ar1,expanding,96,0,421
MEX,2018-01-01,1,2018-02-01,1481,1455,1507,1418,1545,glm_ar1,expanding,96,0,1493
MEX,2018-01-01,2,2018-03-01,1684,1657,1712,1617,1752,glm_ar1,expanding,96,0,1670
MEX,2018-01-01,3,2018-04-01,1904,1875,1933,1833,1976,glm_ar1,expanding,96,0,2478
MEX,2018-01-01,4,2018-05-01,2141,2109,2172,2065,2217,glm_ar1,expanding,96,0,2696
MEX,2018-01-01,5,2018-06-01,2394,2361,2427,2314,2474,glm_ar1,expanding,96,0,4372
MEX,2018-01-01,6,2018-07-01,2663,2628,2698,2579,2749,glm_ar1,expanding,96,0,6204
MHL,2018-01-01,1,2018-02-01,NA,NA,NA,NA,NA,glm_ar1,expanding,12,68,NA
MHL,2018-01-01,2,2018-03-01,NA,NA,NA,NA,NA,glm_ar1,expanding,12,68,NA
MHL,2018-01-01,3,2018-04-01,NA,NA,NA,NA,NA,glm_ar1,expanding,12,68,NA
MHL,2018-01-01,4,2018-05-01,NA,NA,NA,NA,NA,glm_ar1,expanding,12,68,NA
MHL,2018-01-01,5,2018-06-01,NA,NA,NA,NA,NA,glm_ar1,expanding,12,68,0
MHL,2018-01-01,6,2018-07-01,NA,NA,NA,NA,NA,glm_ar1,expanding,12,68,0
MMR,2018-01-01,1,2018-02-01,48,44,53,37,60,glm_ar1,expanding,96,0,24
MMR,2018-01-01,2,2018-03-01,65,60,71,52,79,glm_ar1,expanding,96,0,163
MMR,2018-01-01,3,2018-04-01,86,80,93,71,102,glm_ar1,expanding,96,0,367
MMR,2018-01-01,4,2018-05-01,113,105,120,95,130,glm_ar1,expanding,96,0,2311
MMR,2018-01-01,5,2018-06-01,145,137,153,125,165,glm_ar1,expanding,96,0,5963
MMR,2018-01-01,6,2018-07-01,184,174,193,162,206,glm_ar1,expanding,96,0,5520
MRT,2018-01-01,1,2018-02-01,60,54,65,47,73,glm_ar1,expanding,9,0,28
MRT,2018-01-01,2,2018-03-01,80,73,86,65,95,glm_ar1,expanding,9,0,19
MRT,2018-01-01,3,2018-04-01,104,97,111,88,121,glm_ar1,expanding,9,0,18
MRT,2018-01-01,4,2018-05-01,135,127,142,116,154,glm_ar1,expanding,9,0,NA
MRT,2018-01-01,5,2018-06-01,171,162,180,150,193,glm_ar1,expanding,9,0,NA
MRT,2018-01-01,6,2018-07-01,216,206,225,192,240,glm_ar1,expanding,9,0,NA
MTQ,2018-01-01,1,2018-02-01,96,89,103,80,113,glm_ar1,expanding,93,0,0
MTQ,2018-01-01,2,2018-03-01,125,117,132,107,143,glm_ar1,expanding,93,0,0
MTQ,2018-01-01,3,2018-04-01,159,151,168,139,180,glm_ar1,expanding,93,0,0
MTQ,2018-01-01,4,2018-05-01,201,191,211,178,225,glm_ar1,expanding,93,0,0
MTQ,2018-01-01,5,2018-06-01,251,240,262,225,277,glm_ar1,expanding,93,0,0
MTQ,2018-01-01,6,2018-07-01,310,298,322,281,339,glm_ar1,expanding,93,0,0
MYS,2018-01-01,1,2018-02-01,5944,5891,5995,5817,6071,glm_ar1,expanding,96,0,4747
MYS,2018-01-01,2,2018-03-01,6349,6295,6402,6218,6480,glm_ar1,expanding,96,0,4516
MYS,2018-01-01,3,2018-04-01,6762,6706,6817,6627,6897,glm_ar1,expanding,96,0,5524
MYS,2018-01-01,4,2018-05-01,7181,7124,7238,7042,7321,glm_ar1,expanding,96,0,6072
MYS,2018-01-01,5,2018-06-01,7606,7547,7665,7463,7750,glm_ar1,expanding,96,0,7137
MYS,2018-01-01,6,2018-07-01,8036,7975,8096,7888,8183,glm_ar1,expanding,96,0,10105
NCL,2018-01-01,1,2018-02-01,139,131,147,120,159,glm_ar1,expanding,65,12,173
NCL,2018-01-01,2,2018-03-01,177,168,186,155,199,glm_ar1,expanding,65,12,236
NCL,2018-01-01,3,2018-04-01,222,212,232,198,247,glm_ar1,expanding,65,12,260
NCL,2018-01-01,4,2018-05-01,276,265,287,249,304,glm_ar1,expanding,65,12,241
NCL,2018-01-01,5,2018-06-01,339,327,351,309,370,glm_ar1,expanding,65,12,150
NCL,2018-01-01,6,2018-07-01,413,399,426,380,446,glm_ar1,expanding,65,12,90
NIC,2018-01-01,1,2018-02-01,4082,4039,4125,3977,4187,glm_ar1,expanding,95,0,3609
NIC,2018-01-01,2,2018-03-01,4434,4389,4479,4325,4544,glm_ar1,expanding,95,0,3172
NIC,2018-01-01,3,2018-04-01,4799,4752,4846,4685,4913,glm_ar1,expanding,95,0,3807
NIC,2018-01-01,4,2018-05-01,5176,5127,5224,5058,5294,glm_ar1,expanding,95,0,2661
NIC,2018-01-01,5,2018-06-01,5563,5512,5613,5440,5686,glm_ar1,expanding,95,0,2496
NIC,2018-01-01,6,2018-07-01,5960,5908,6012,5833,6087,glm_ar1,expanding,95,0,4435
NPL,2018-01-01,1,2018-02-01,7,5,9,3,12,glm_ar1,expanding,95,0,4
NPL,2018-01-01,2,2018-03-01,12,10,14,7,18,glm_ar1,expanding,95,0,1
NPL,2018-01-01,3,2018-04-01,18,15,21,11,25,glm_ar1,expanding,95,0,0
NPL,2018-01-01,4,2018-05-01,26,23,30,18,35,glm_ar1,expanding,95,0,1
NPL,2018-01-01,5,2018-06-01,37,33,41,27,47,glm_ar1,expanding,95,0,9
NPL,2018-01-01,6,2018-07-01,51,46,56,40,63,glm_ar1,expanding,95,0,20
OMN,2018-01-01,1,2018-02-01,NA,NA,NA,NA,NA,glm_ar1,expanding,0,0,NA
OMN,2018-01-01,2,2018-03-01,NA,NA,NA,NA,NA,glm_ar1,expanding,0,0,NA
OMN,2018-01-01,3,2018-04-01,NA,NA,NA,NA,NA,glm_ar1,expanding,0,0,1
OMN,2018-01-01,4,2018-05-01,NA,NA,NA,NA,NA,glm_ar1,expanding,0,0,2
OMN,2018-01-01,5,2018-06-01,NA,NA,NA,NA,NA,glm_ar1,expanding,0,0,1
OMN,2018-01-01,6,2018-07-01,NA,NA,NA,NA,NA,glm_ar1,expanding,0,0,4
PAK,2018-01-01,1,2018-02-01,155,146,163,135,176,glm_ar1,expanding,95,0,72
PAK,2018-01-01,2,2018-03-01,196,186,205,173,219,glm_ar1,expanding,95,0,66
PAK,2018-01-01,3,2018-04-01,245,234,255,219,271,glm_ar1,expanding,95,0,108
PAK,2018-01-01,4,2018-05-01,303,291,314,274,332,glm_ar1,expanding,95,0,449
PAK,2018-01-01,5,2018-06-01,370,357,383,339,402,glm_ar1,expanding,95,0,338
PAK,2018-01-01,6,2018-07-01,449,434,463,414,484,glm_ar1,expanding,95,0,237
PAN,2018-01-01,1,2018-02-01,1297,1273,1322,1238,1357,glm_ar1,expanding,94,0,737
PAN,2018-01-01,2,2018-03-01,1484,1458,1510,1421,1548,glm_ar1,expanding,94,0,408
PAN,2018-01-01,3,2018-04-01,1687,1659,1715,1620,1755,glm_ar1,expanding,94,0,414
PAN,2018-01-01,4,2018-05-01,1907,1878,1936,1836,1979,glm_ar1,expanding,94,0,366
PAN,2018-01-01,5,2018-06-01,2144,2112,2175,2068,2220,glm_ar1,expanding,94,0,440
PAN,2018-01-01,6,2018-07-01,2397,2364,2430,2317,2478,glm_ar1,expanding,94,0,868
PER,2018-01-01,1,2018-02-01,2253,2221,2285,2175,2331,glm_ar1,expanding,89,0,814
PER,2018-01-01,2,2018-03-01,2514,2480,2547,2432,2596,glm_ar1,expanding,89,0,962
PER,2018-01-01,3,2018-04-01,2791,2755,2826,2704,2878,glm_ar1,expanding,89,0,1350
PER,2018-01-01,4,2018-05-01,3084,3046,3121,2993,3175,glm_ar1,expanding,89,0,394
PER,2018-01-01,5,2018-06-01,3392,3353,3432,3297,3488,glm_ar1,expanding,89,0,137
PER,2018-01-01,6,2018-07-01,3716,3675,3757,3616,3816,glm_ar1,expanding,89,0,356
PHL,2018-01-01,1,2018-02-01,16394,16307,16480,16184,16605,glm_ar1,expanding,94,0,10447
PHL,2018-01-01,2,2018-03-01,16735,16648,16823,16523,16948,glm_ar1,expanding,94,0,8494
PHL,2018-01-01,3,2018-04-01,17068,16980,17156,16854,17283,glm_ar1,expanding,94,0,6491
PHL,2018-01-01,4,2018-05-01,17392,17303,17481,17176,17609,glm_ar1,expanding,94,0,7517
PHL,2018-01-01,5,2018-06-01,17708,17618,17797,17489,17927,glm_ar1,expanding,94,0,14084
PHL,2018-01-01,6,2018-07-01,18014,17924,18105,17794,18235,glm_ar1,expanding,94,0,24729
PLW,2018-01-01,1,2018-02-01,81,75,87,67,96,glm_ar1,expanding,22,72,42
PLW,2018-01-01,2,2018-03-01,106,99,113,90,123,glm_ar1,expanding,22,72,55
PLW,2018-01-01,3,2018-04-01,137,129,145,118,156,glm_ar1,expanding,22,72,66
PLW,2018-01-01,4,2018-05-01,174,165,183,153,196,glm_ar1,expanding,22,72,51
PLW,2018-01-01,5,2018-06-01,219,209,229,195,244,glm_ar1,expanding,22,72,43
PLW,2018-01-01,6,2018-07-01,272,261,283,245,300,glm_ar1,expanding,22,72,42
PRI,2018-01-01,1,2018-02-01,NA,NA,NA,NA,NA,glm_ar1,expanding,72,22,NA
PRI,2018-01-01,2,2018-03-01,NA,NA,NA,NA,NA,glm_ar1,expanding,72,22,NA
PRI,2018-01-01,3,2018-04-01,NA,NA,NA,NA,NA,glm_ar1,expanding,72,22,NA
PRI,2018-01-01,4,2018-05-01,NA,NA,NA,NA,NA,glm_ar1,expanding,72,22,NA
PRI,2018-01-01,5,2018-06-01,NA,NA,NA,NA,NA,glm_ar1,expanding,72,22,NA
PRI,2018-01-01,6,2018-07-01,NA,NA,NA,NA,NA,glm_ar1,expanding,72,22,NA
PRY,2018-01-01,1,2018-02-01,6929,6872,6985,6792,7066,glm_ar1,expanding,91,0,9514
PRY,2018-01-01,2,2018-03-01,7350,7293,7408,7210,7492,glm_ar1,expanding,91,0,6336
PRY,2018-01-01,3,2018-04-01,7777,7718,7837,7633,7923,glm_ar1,expanding,91,0,4151
PRY,2018-01-01,4,2018-05-01,8208,8147,8269,8060,8358,glm_ar1,expanding,91,0,602
PRY,2018-01-01,5,2018-06-01,8642,8579,8705,8490,8795,glm_ar1,expanding,91,0,33
PRY,2018-01-01,6,2018-07-01,9078,9014,9142,8922,9235,glm_ar1,expanding,91,0,1250
PYF,2018-01-01,1,2018-02-01,44,40,49,34,56,glm_ar1,expanding,69,24,22
PYF,2018-01-01,2,2018-03-01,60,55,65,48,73,glm_ar1,expanding,69,24,24
PYF,2018-01-01,3,2018-04-01,80,74,86,66,95,glm_ar1,expanding,69,24,24
PYF,2018-01-01,4,2018-05-01,105,98,112,89,122,glm_ar1,expanding,69,24,30
PYF,2018-01-01,5,2018-06-01,136,128,143,117,155,glm_ar1,expanding,69,24,41
PYF,2018-01-01,6,2018-07-01,173,164,181,151,195,glm_ar1,expanding,69,24,33
REU,2018-01-01,1,2018-02-01,60,54,65,47,73,glm_ar1,expanding,51,36,285
REU,2018-01-01,2,2018-03-01,80,73,86,65,95,glm_ar1,expanding,51,36,769
REU,2018-01-01,3,2018-04-01,104,97,111,88,121,glm_ar1,expanding,51,36,1988
REU,2018-01-01,4,2018-05-01,135,127,142,116,154,glm_ar1,expanding,51,36,1644
REU,2018-01-01,5,2018-06-01,171,162,180,150,193,glm_ar1,expanding,51,36,1301
REU,2018-01-01,6,2018-07-01,216,206,225,192,240,glm_ar1,expanding,51,36,425
SAU,2018-01-01,1,2018-02-01,317,305,329,288,346,glm_ar1,expanding,88,0,248
SAU,2018-01-01,2,2018-03-01,387,374,400,355,420,glm_ar1,expanding,88,0,410
SAU,2018-01-01,3,2018-04-01,468,453,482,433,504,glm_ar1,expanding,88,0,1349
SAU,2018-01-01,4,2018-05-01,561,545,577,522,600,glm_ar1,expanding,88,0,1143
SAU,2018-01-01,5,2018-06-01,667,649,684,624,709,glm_ar1,expanding,88,0,973
SAU,2018-01-01,6,2018-07-01,786,767,805,740,832,glm_ar1,expanding,88,0,495
SDN,2018-01-01,1,2018-02-01,NA,NA,NA,NA,NA,glm_ar1,expanding,48,45,NA
SDN,2018-01-01,2,2018-03-01,NA,NA,NA,NA,NA,glm_ar1,expanding,48,45,NA
SDN,2018-01-01,3,2018-04-01,NA,NA,NA,NA,NA,glm_ar1,expanding,48,45,NA
SDN,2018-01-01,4,2018-05-01,NA,NA,NA,NA,NA,glm_ar1,expanding,48,45,NA
SDN,2018-01-01,5,2018-06-01,NA,NA,NA,NA,NA,glm_ar1,expanding,48,45,NA
SDN,2018-01-01,6,2018-07-01,NA,NA,NA,NA,NA,glm_ar1,expanding,48,45,NA
SEN,2018-01-01,1,2018-02-01,482,467,497,446,518,glm_ar1,expanding,9,0,318
SEN,2018-01-01,2,2018-03-01,577,560,593,538,617,glm_ar1,expanding,9,0,214
SEN,2018-01-01,3,2018-04-01,685,667,702,642,728,glm_ar1,expanding,9,0,79
SEN,2018-01-01,4,2018-05-01,806,787,825,760,853,glm_ar1,expanding,9,0,54
SEN,2018-01-01,5,2018-06-01,942,922,963,892,993,glm_ar1,expanding,9,0,74
SEN,2018-01-01,6,2018-07-01,1094,1071,1116,1040,1149,glm_ar1,expanding,9,0,161
SGP,2018-01-01,1,2018-02-01,367,354,380,336,399,glm_ar1,expanding,96,0,167
SGP,2018-01-01,2,2018-03-01,445,431,459,411,480,glm_ar1,expanding,96,0,134
SGP,2018-01-01,3,2018-04-01,535,519,550,497,573,glm_ar1,expanding,96,0,262
SGP,2018-01-01,4,2018-05-01,637,620,654,596,679,glm_ar1,expanding,96,0,244
SGP,2018-01-01,5,2018-06-01,753,734,771,708,798,glm_ar1,expanding,96,0,267
SGP,2018-01-01,6,2018-07-01,883,863,903,834,932,glm_ar1,expanding,96,0,247
SLB,2018-01-01,1,2018-02-01,56,51,61,44,69,glm_ar1,expanding,34,24,35
SLB,2018-01-01,2,2018-03-01,75,69,81,61,89,glm_ar1,expanding,34,24,17
SLB,2018-01-01,3,2018-04-01,98,92,105,82,115,glm_ar1,expanding,34,24,33
SLB,2018-01-01,4,2018-05-01,127,120,135,109,146,glm_ar1,expanding,34,24,44
SLB,2018-01-01,5,2018-06-01,163,154,171,142,184,glm_ar1,expanding,34,24,28
SLB,2018-01-01,6,2018-07-01,205,195,215,182,229,glm_ar1,expanding,34,24,68
SLV,2018-01-01,1,2018-02-01,380,367,393,348,412,glm_ar1,expanding,96,0,349
SLV,2018-01-01,2,2018-03-01,460,445,474,425,496,glm_ar1,expanding,96,0,263
SLV,2018-01-01,3,2018-04-01,552,536,568,513,591,glm_ar1,expanding,96,0,417
SLV,2018-01-01,4,2018-05-01,656,639,674,614,699,glm_ar1,expanding,96,0,463
SLV,2018-01-01,5,2018-06-01,774,756,793,729,821,glm_ar1,expanding,96,0,620
SLV,2018-01-01,6,2018-07-01,907,887,927,858,957,glm_ar1,expanding,96,0,997
SUR,2018-01-01,1,2018-02-01,57,52,62,45,70,glm_ar1,expanding,46,48,13
SUR,2018-01-01,2,2018-03-01,76,70,82,62,91,glm_ar1,expanding,46,48,6
SUR,2018-01-01,3,2018-04-01,100,93,107,84,117,glm_ar1,expanding,46,48,8
SUR,2018-01-01,4,2018-05-01,130,122,137,111,149,glm_ar1,expanding,46,48,5
SUR,2018-01-01,5,2018-06-01,166,157,174,145,187,glm_ar1,expanding,46,48,9
SUR,2018-01-01,6,2018-07-01,209,199,218,185,233,glm_ar1,expanding,46,48,16
SXM,2018-01-01,1,2018-02-01,NA,NA,NA,NA,NA,glm_ar1,expanding,36,58,NA
SXM,2018-01-01,2,2018-03-01,NA,NA,NA,NA,NA,glm_ar1,expanding,36,58,NA
SXM,2018-01-01,3,2018-04-01,NA,NA,NA,NA,NA,glm_ar1,expanding,36,58,NA
SXM,2018-01-01,4,2018-05-01,NA,NA,NA,NA,NA,glm_ar1,expanding,36,58,NA
SXM,2018-01-01,5,2018-06-01,NA,NA,NA,NA,NA,glm_ar1,expanding,36,58,NA
SXM,2018-01-01,6,2018-07-01,NA,NA,NA,NA,NA,glm_ar1,expanding,36,58,NA
SYC,2018-01-01,1,2018-02-01,810,791,829,764,857,glm_ar1,expanding,19,0,685
SYC,2018-01-01,2,2018-03-01,947,926,967,896,998,glm_ar1,expanding,19,0,566
SYC,2018-01-01,3,2018-04-01,1099,1076,1121,1044,1153,glm_ar1,expanding,19,0,394
SYC,2018-01-01,4,2018-05-01,1266,1242,1290,1208,1325,glm_ar1,expanding,19,0,465
SYC,2018-01-01,5,2018-06-01,1450,1424,1475,1387,1513,glm_ar1,expanding,19,0,381
SYC,2018-01-01,6,2018-07-01,1650,1623,1677,1584,1717,glm_ar1,expanding,19,0,NA
TCA,2018-01-01,1,2018-02-01,2,1,2,0,4,glm_ar1,expanding,57,0,0
TCA,2018-01-01,2,2018-03-01,4,2,5,1,7,glm_ar1,expanding,57,0,0
TCA,2018-01-01,3,2018-04-01,7,5,9,3,12,glm_ar1,expanding,57,0,0
TCA,2018-01-01,4,2018-05-01,12,9,14,6,18,glm_ar1,expanding,57,0,NA
TCA,2018-01-01,5,2018-06-01,18,15,21,11,25,glm_ar1,expanding,57,0,NA
TCA,2018-01-01,6,2018-07-01,26,22,29,18,35,glm_ar1,expanding,57,0,NA
THA,2018-01-01,1,2018-02-01,2504,2470,2538,2422,2587,glm_ar1,expanding,96,0,1996
THA,2018-01-01,2,2018-03-01,2781,2745,2816,2694,2868,glm_ar1,expanding,96,0,2606
THA,2018-01-01,3,2018-04-01,3073,3036,3110,2982,3164,glm_ar1,expanding,96,0,3104
THA,2018-01-01,4,2018-05-01,3381,3342,3420,3286,3477,glm_ar1,expanding,96,0,7291
THA,2018-01-01,5,2018-06-01,3704,3663,3745,3604,3804,glm_ar1,expanding,96,0,13612
THA,2018-01-01,6,2018-07-01,4041,3998,4084,3937,4146,glm_ar1,expanding,96,0,14125
TLS,2018-01-01,1,2018-02-01,79,73,85,64,94,glm_ar1,expanding,89,0,139
TLS,2018-01-01,2,2018-03-01,103,96,110,87,120,glm_ar1,expanding,89,0,102
TLS,2018-01-01,3,2018-04-01,133,125,141,114,152,glm_ar1,expanding,89,0,30
TLS,2018-01-01,4,2018-05-01,170,161,178,149,191,glm_ar1,expanding,89,0,0
TLS,2018-01-01,5,2018-06-01,214,204,223,190,238,glm_ar1,expanding,89,0,0
TLS,2018-01-01,6,2018-07-01,266,255,277,239,293,glm_ar1,expanding,89,0,0
TON,2018-01-01,1,2018-02-01,108,101,115,92,126,glm_ar1,expanding,21,24,158
TON,2018-01-01,2,2018-03-01,140,132,148,121,159,glm_ar1,expanding,21,24,197
TON,2018-01-01,3,2018-04-01,178,169,186,156,200,glm_ar1,expanding,21,24,77
TON,2018-01-01,4,2018-05-01,223,213,233,199,248,glm_ar1,expanding,21,24,18
TON,2018-01-01,5,2018-06-01,277,266,288,250,305,glm_ar1,expanding,21,24,26
TON,2018-01-01,6,2018-07-01,340,328,353,310,371,glm_ar1,expanding,21,24,8
TTO,2018-01-01,1,2018-02-01,17,14,20,10,24,glm_ar1,expanding,58,36,2
TTO,2018-01-01,2,2018-03-01,25,21,28,17,33,glm_ar1,expanding,58,36,1
TTO,2018-01-01,3,2018-04-01,35,31,39,26,45,glm_ar1,expanding,58,36,1
TTO,2018-01-01,4,2018-05-01,48,44,53,37,60,glm_ar1,expanding,58,36,1
TTO,2018-01-01,5,2018-06-01,65,60,71,52,79,glm_ar1,expanding,58,36,2
TTO,2018-01-01,6,2018-07-01,87,80,93,72,102,glm_ar1,expanding,58,36,3
TUV,2018-01-01,1,2018-02-01,NA,NA,NA,NA,NA,glm_ar1,expanding,0,0,NA
TUV,2018-01-01,2,2018-03-01,NA,NA,NA,NA,NA,glm_ar1,expanding,0,0,NA
TUV,2018-01-01,3,2018-04-01,NA,NA,NA,NA,NA,glm_ar1,expanding,0,0,0
TUV,2018-01-01,4,2018-05-01,NA,NA,NA,NA,NA,glm_ar1,expanding,0,0,0
TUV,2018-01-01,5,2018-06-01,NA,NA,NA,NA,NA,glm_ar1,expanding,0,0,0
TUV,2018-01-01,6,2018-07-01,NA,NA,NA,NA,NA,glm_ar1,expanding,0,0,3
TWN,2018-01-01,1,2018-02-01,NA,NA,NA,NA,NA,glm_ar1,expanding,72,23,NA
TWN,2018-01-01,2,2018-03-01,NA,NA,NA,NA,NA,glm_ar1,expanding,72,23,0
TWN,2018-01-01,3,2018-04-01,NA,NA,NA,NA,NA,glm_ar1,expanding,72,23,0
TWN,2018-01-01,4,2018-05-01,NA,NA,NA,NA,NA,glm_ar1,expanding,72,23,0
TWN,2018-01-01,5,2018-06-01,NA,NA,NA,NA,NA,glm_ar1,expanding,72,23,1
TWN,2018-01-01,6,2018-07-01,NA,NA,NA,NA,NA,glm_ar1,expanding,72,23,11
URY,2018-01-01,1,2018-02-01,NA,NA,NA,NA,NA,glm_ar1,expanding,12,22,NA
URY,2018-01-01,2,2018-03-01,NA,NA,NA,NA,NA,glm_ar1,expanding,12,22,NA
URY,2018-01-01,3,2018-04-01,NA,NA,NA,NA,NA,glm_ar1,expanding,12,22,NA
URY,2018-01-01,4,2018-05-01,NA,NA,NA,NA,NA,glm_ar1,expanding,12,22,NA
URY,2018-01-01,5,2018-06-01,NA,NA,NA,NA,NA,glm_ar1,expanding,12,22,NA
URY,2018-01-01,6,2018-07-01,NA,NA,NA,NA,NA,glm_ar1,expanding,12,22,NA
USA,2018-01-01,1,2018-02-01,7,5,9,3,12,glm_ar1,expanding,83,12,10
USA,2018-01-01,2,2018-03-01,12,10,14,7,18,glm_ar1,expanding,83,12,14
USA,2018-01-01,3,2018-04-01,18,15,21,11,25,glm_ar1,expanding,83,12,6
USA,2018-01-01,4,2018-05-01,26,23,30,18,35,glm_ar1,expanding,83,12,7
USA,2018-01-01,5,2018-06-01,37,33,41,27,47,glm_ar1,expanding,83,12,16
USA,2018-01-01,6,2018-07-01,51,46,56,40,63,glm_ar1,expanding,83,12,29
VCT,2018-01-01,1,2018-02-01,NA,NA,NA,NA,NA,glm_ar1,expanding,72,22,NA
VCT,2018-01-01,2,2018-03-01,NA,NA,NA,NA,NA,glm_ar1,expanding,72,22,NA
VCT,2018-01-01,3,2018-04-01,NA,NA,NA,NA,NA,glm_ar1,expanding,72,22,NA
VCT,2018-01-01,4,2018-05-01,NA,NA,NA,NA,NA,glm_ar1,expanding,72,22,NA
VCT,2018-01-01,5,2018-06-01,NA,NA,NA,NA,NA,glm_ar1,expanding,72,22,NA
VCT,2018-01-01,6,2018-07-01,NA,NA,NA,NA,NA,glm_ar1,expanding,72,22,NA
VEN,2018-01-01,1,2018-02-01,990,969,1011,939,1042,glm_ar1,expanding,94,0,924
VEN,2018-01-01,2,2018-03-01,1146,1124,1169,1091,1202,glm_ar1,expanding,94,0,826
VEN,2018-01-01,3,2018-04-01,1319,1294,1343,1259,1379,glm_ar1,expanding,94,0,802
VEN,2018-01-01,4,2018-05-01,1507,1481,1533,1444,1572,glm_ar1,expanding,94,0,738
VEN,2018-01-01,5,2018-06-01,1713,1685,1740,1645,1781,glm_ar1,expanding,94,0,883
VEN,2018-01-01,6,2018-07-01,1934,1905,1964,1862,2007,glm_ar1,expanding,94,0,1460
VGB,2018-01-01,1,2018-02-01,9,7,11,4,14,glm_ar1,expanding,94,0,2
VGB,2018-01-01,2,2018-03-01,14,11,16,8,20,glm_ar1,expanding,94,0,1
VGB,2018-01-01,3,2018-04-01,21,18,24,14,28,glm_ar1,expanding,94,0,4
VGB,2018-01-01,4,2018-05-01,30,26,33,21,39,glm_ar1,expanding,94,0,1
VGB,2018-01-01,5,2018-06-01,42,37,46,31,52,glm_ar1,expanding,94,0,0
VGB,2018-01-01,6,2018-07-01,57,51,62,45,69,glm_ar1,expanding,94,0,5
VNM,2018-01-01,1,2018-02-01,6962,6906,7018,6825,7100,glm_ar1,expanding,95,0,2947
VNM,2018-01-01,2,2018-03-01,7384,7326,7442,7243,7526,glm_ar1,expanding,95,0,3336
VNM,2018-01-01,3,2018-04-01,7812,7752,7871,7667,7957,glm_ar1,expanding,95,0,3402
VNM,2018-01-01,4,2018-05-01,8243,8182,8304,8094,8393,glm_ar1,expanding,95,0,3970
VNM,2018-01-01,5,2018-06-01,8677,8614,8740,8524,8831,glm_ar1,expanding,95,0,5650
VNM,2018-01-01,6,2018-07-01,9113,9049,9177,8956,9270,glm_ar1,expanding,95,0,11279
VUT,2018-01-01,1,2018-02-01,6,4,7,2,10,glm_ar1,expanding,15,72,37
VUT,2018-01-01,2,2018-03-01,10,8,12,5,15,glm_ar1,expanding,15,72,22
VUT,2018-01-01,3,2018-04-01,16,13,18,9,22,glm_ar1,expanding,15,72,9
VUT,2018-01-01,4,2018-05-01,23,20,26,15,31,glm_ar1,expanding,15,72,2
VUT,2018-01-01,5,2018-06-01,33,29,36,24,42,glm_ar1,expanding,15,72,0
VUT,2018-01-01,6,2018-07-01,45,41,50,35,57,glm_ar1,expanding,15,72,1
WLF,2018-01-01,1,2018-02-01,42,37,46,32,53,glm_ar1,expanding,8,0,18
WLF,2018-01-01,2,2018-03-01,57,52,62,45,70,glm_ar1,expanding,8,0,13
WLF,2018-01-01,3,2018-04-01,76,70,82,62,91,glm_ar1,expanding,8,0,16
WLF,2018-01-01,4,2018-05-01,100,93,107,84,117,glm_ar1,expanding,8,0,10
WLF,2018-01-01,5,2018-06-01,129,122,137,111,148,glm_ar1,expanding,8,0,10
WLF,2018-01-01,6,2018-07-01,165,156,174,144,187,glm_ar1,expanding,8,0,7
WSM,2018-01-01,1,2018-02-01,55,50,60,43,67,glm_ar1,expanding,4,0,31
WSM,2018-01-01,2,2018-03-01,73,67,79,59,88,glm_ar1,expanding,4,0,33
WSM,2018-01-01,3,2018-04-01,96,90,103,81,113,glm_ar1,expanding,4,0,52
WSM,2018-01-01,4,2018-05-01,125,117,132,107,144,glm_ar1,expanding,4,0,66
WSM,2018-01-01,5,2018-06-01,160,151,168,139,181,glm_ar1,expanding,4,0,26
WSM,2018-01-01,6,2018-07-01,202,192,211,179,225,glm_ar1,expanding,4,0,32
YEM,2018-01-01,1,2018-02-01,NA,NA,NA,NA,NA,glm_ar1,expanding,12,22,NA
YEM,2018-01-01,2,2018-03-01,NA,NA,NA,NA,NA,glm_ar1,expanding,12,22,NA
YEM,2018-01-01,3,2018-04-01,NA,NA,NA,NA,NA,glm_ar1,expanding,12,22,3372
YEM,2018-01-01,4,2018-05-01,NA,NA,NA,NA,NA,glm_ar1,expanding,12,22,2201
YEM,2018-01-01,5,2018-06-01,NA,NA,NA,NA,NA,glm_ar1,expanding,12,22,1692
YEM,2018-01-01,6,2018-07-01,NA,NA,NA,NA,NA,glm_ar1,expanding,12,22,2498
ABW,2018-07-01,1,2018-08-01,9,1,12,0,31,glm_ar1,expanding,73,24,2
ABW,2018-07-01,2,2018-09-01,46,9,63,1,154,glm_ar1,expanding,73,24,1
ABW,2018-07-01,3,2018-10-01,139,27,192,3,466,glm_ar1,expanding,73,24,1
ABW,2018-07-01,4,2018-11-01,304,60,419,6,1017,glm_ar1,expanding,73,24,2
ABW,2018-07-01,5,2018-12-01,529,105,729,11,1772,glm_ar1,expanding,73,24,0
ABW,2018-07-01,6,2019-01-01,786,156,1083,16,2630,glm_ar1,expanding,73,24,11
AFG,2018-07-01,1,2018-08-01,NA,NA,NA,NA,NA,glm_ar1,expanding,0,0,NA
AFG,2018-07-01,2,2018-09-01,NA,NA,NA,NA,NA,glm_ar1,expanding,0,0,NA
AFG,2018-07-01,3,2018-10-01,NA,NA,NA,NA,NA,glm_ar1,expanding,0,0,NA
AFG,2018-07-01,4,2018-11-01,NA,NA,NA,NA,NA,glm_ar1,expanding,0,0,NA
AFG,2018-07-01,5,2018-12-01,NA,NA,NA,NA,NA,glm_ar1,expanding,0,0,NA
AFG,2018-07-01,6,2019-01-01,NA,NA,NA,NA,NA,glm_ar1,expanding,0,0,NA
ARG,2018-07-01,1,2018-08-01,76,15,104,1,254,glm_ar1,expanding,96,0,2
ARG,2018-07-01,2,2018-09-01,198,39,272,4,662,glm_ar1,expanding,96,0,4
ARG,2018-07-01,3,2018-10-01,390,77,537,8,1305,glm_ar1,expanding,96,0,3
ARG,2018-07-01,4,2018-11-01,632,125,871,13,2116,glm_ar1,expanding,96,0,0
ARG,2018-07-01,5,2018-12-01,892,177,1229,18,2985,glm_ar1,expanding,96,0,21
ARG,2018-07-01,6,2019-01-01,1140,226,1571,23,3816,glm_ar1,expanding,96,0,170
ATG,2018-07-01,1,2018-08-01,9,1,12,0,31,glm_ar1,expanding,28,12,1
ATG,2018-07-01,2,2018-09-01,46,9,63,1,154,glm_ar1,expanding,28,12,1
ATG,2018-07-01,3,2018-10-01,139,27,192,3,466,glm_ar1,expanding,28,12,1
ATG,2018-07-01,4,2018-11-01,304,60,419,6,1017,glm_ar1,expanding,28,12,1
ATG,2018-07-01,5,2018-12-01,529,105,729,11,1772,glm_ar1,expanding,28,12,1
ATG,2018-07-01,6,2019-01-01,786,156,1083,16,2630,glm_ar1,expanding,28,12,80
AUS,2018-07-01,1,2018-08-01,216,43,298,4,724,glm_ar1,expanding,95,0,48
AUS,2018-07-01,2,2018-09-01,416,82,573,8,1391,glm_ar1,expanding,95,0,44
AUS,2018-07-01,3,2018-10-01,662,131,911,13,2214,glm_ar1,expanding,95,0,104
AUS,2018-07-01,4,2018-11-01,921,183,1269,19,3084,glm_ar1,expanding,95,0,99
AUS,2018-07-01,5,2018-12-01,1167,232,1608,24,3905,glm_ar1,expanding,95,0,94
AUS,2018-07-01,6,2019-01-01,1381,274,1903,28,4621,glm_ar1,expanding,95,0,158
BES,2018-07-01,1,2018-08-01,NA,NA,NA,NA,NA,glm_ar1,expanding,36,0,NA
BES,2018-07-01,2,2018-09-01,NA,NA,NA,NA,NA,glm_ar1,expanding,36,0,NA
BES,2018-07-01,3,2018-10-01,NA,NA,NA,NA,NA,glm_ar1,expanding,36,0,NA
BES,2018-07-01,4,2018-11-01,NA,NA,NA,NA,NA,glm_ar1,expanding,36,0,NA
BES,2018-07-01,5,2018-12-01,NA,NA,NA,NA,NA,glm_ar1,expanding,36,0,NA
BES,2018-07-01,6,2019-01-01,NA,NA,NA,NA,NA,glm_ar1,expanding,36,0,NA
BFA,2018-07-01,1,2018-08-01,164,32,226,3,549,glm_ar1,expanding,39,0,146
BFA,2018-07-01,2,2018-09-01,341,68,470,7,1143,glm_ar1,expanding,39,0,205
BFA,2018-07-01,3,2018-10-01,575,114,792,11,1925,glm_ar1,expanding,39,0,380
BFA,2018-07-01,4,2018-11-01,834,165,1149,17,2790,glm_ar1,expanding,39,0,205
BFA,2018-07-01,5,2018-12-01,1087,216,1497,22,3636,glm_ar1,expanding,39,0,117
BFA,2018-07-01,6,2019-01-01,1313,260,1808,27,4392,glm_ar1,expanding,39,0,88
BGD,2018-07-01,1,2018-08-01,1189,236,1638,24,3979,glm_ar1,expanding,101,0,1796
BGD,2018-07-01,2,2018-09-01,1400,278,1928,28,4683,glm_ar1,expanding,101,0,3087
BGD,2018-07-01,3,2018-10-01,1572,312,2166,32,5261,glm_ar1,expanding,101,0,2406
BGD,2018-07-01,4,2018-11-01,1709,339,2354,35,5717,glm_ar1,expanding,101,0,1192
BGD,2018-07-01,5,2018-12-01,1813,360,2497,37,6066,glm_ar1,expanding,101,0,293
BGD,2018-07-01,6,2019-01-01,1891,375,2605,39,6327,glm_ar1,expanding,101,0,38
BHS,2018-07-01,1,2018-08-01,NA,NA,NA,NA,NA,glm_ar1,expanding,48,52,NA
BHS,2018-07-01,2,2018-09-01,NA,NA,NA,NA,NA,glm_ar1,expanding,48,52,NA
BHS,2018-07-01,3,2018-10-01,NA,NA,NA,NA,NA,glm_ar1,expanding,48,52,NA
BHS,2018-07-01,4,2018-11-01,NA,NA,NA,NA,NA,glm_ar1,expanding,48,52,NA
BHS,2018-07-01,5,2018-12-01,NA,NA,NA,NA,NA,glm_ar1,expanding,48,52,NA
BHS,2018-07-01,6,2019-01-01,NA,NA,NA,NA,NA,glm_ar1,expanding,48,52,NA
BLM,2018-07-01,1,2018-08-01,NA,NA,NA,NA,NA,glm_ar1,expanding,60,16,NA
BLM,2018-07-01,2,2018-09-01,NA,NA,NA,NA,NA,glm_ar1,expanding,60,16,NA
BLM,2018-07-01,3,2018-10-01,NA,NA,NA,NA,NA,glm_ar1,expanding,60,16,NA
BLM,2018-07-01,4,2018-11-01,NA,NA,NA,NA,NA,glm_ar1,expanding,60,16,NA
BLM,2018-07-01,5,2018-12-01,NA,NA,NA,NA,NA,glm_ar1,expanding,60,16,NA
BLM,2018-07-01,6,2019-01-01,NA,NA,NA,NA,NA,glm_ar1,expanding,60,16,NA
BLZ,2018-07-01,1,2018-08-01,458,91,631,9,1534,glm_ar1,expanding,101,0,179
BLZ,2018-07-01,2,2018-09-01,709,141,977,14,2373,glm_ar1,expanding,101,0,318
BLZ,2018-07-01,3,2018-10-01,968,192,1334,20,3240,glm_ar1,expanding,101,0,359
BLZ,2018-07-01,4,2018-11-01,1209,240,1665,25,4045,glm_ar1,expanding,101,0,316
BLZ,2018-07-01,5,2018-12-01,1416,281,1951,29,4739,glm_ar1,expanding,101,0,212
BLZ,2018-07-01,6,2019-01-01,1586,315,2184,32,5306,glm_ar1,expanding,101,0,247
BOL,2018-07-01,1,2018-08-01,527,104,726,11,1764,glm_ar1,expanding,96,0,240
BOL,2018-07-01,2,2018-09-01,784,155,1079,16,2622,glm_ar1,expanding,96,0,302
BOL,2018-07-01,3,2018-10-01,1040,206,1432,21,3479,glm_ar1,expanding,96,0,548
BOL,2018-07-01,4,2018-11-01,1272,252,1752,26,4256,glm_ar1,expanding,96,0,1358
BOL,2018-07-01,5,2018-12-01,1469,291,2023,30,4914,glm_ar1,expanding,96,0,3036
BOL,2018-07-01,6,2019-01-01,1627,323,2242,33,5445,glm_ar1,expanding,96,0,1627
BRA,2018-07-01,1,2018-08-01,13082,2599,18019,269,43765,glm_ar1,expanding,94,0,17402
BRA,2018-07-01,2,2018-09-01,7751,1540,10676,159,25931,glm_ar1,expanding,94,0,19897
BRA,2018-07-01,3,2018-10-01,5335,1059,7348,110,17847,glm_ar1,expanding,94,0,19502
BRA,2018-07-01,4,2018-11-01,4086,811,5628,84,13669,glm_ar1,expanding,94,0,26365
BRA,2018-07-01,5,2018-12-01,3377,671,4652,69,11300,glm_ar1,expanding,94,0,30515
BRA,2018-07-01,6,2019-01-01,2948,585,4061,60,9864,glm_ar1,expanding,94,0,122482
BRB,2018-07-01,1,2018-08-01,36,7,49,0,121,glm_ar1,expanding,100,0,2
BRB,2018-07-01,2,2018-09-01,117,23,161,2,392,glm_ar1,expanding,100,0,5
BRB,2018-07-01,3,2018-10-01,269,53,370,5,900,glm_ar1,expanding,100,0,3
BRB,2018-07-01,4,2018-11-01,485,96,668,10,1624,glm_ar1,expanding,100,0,2
BRB,2018-07-01,5,2018-12-01,739,146,1017,15,2472,glm_ar1,expanding,100,0,2
BRB,2018-07-01,6,2019-01-01,997,198,1373,20,3335,glm_ar1,expanding,100,0,5
BRN,2018-07-01,1,2018-08-01,70,14,97,1,236,glm_ar1,expanding,99,0,18
BRN,2018-07-01,2,2018-09-01,187,37,258,3,628,glm_ar1,expanding,99,0,16
BRN,2018-07-01,3,2018-10-01,376,74,517,7,1257,glm_ar1,expanding,99,0,19
BRN,2018-07-01,4,2018-11-01,615,122,848,12,2060,glm_ar1,expanding,99,0,19
BRN,2018-07-01,5,2018-12-01,875,174,1206,18,2929,glm_ar1,expanding,99,0,20
BRN,2018-07-01,6,2019-01-01,1125,223,1550,23,3764,glm_ar1,expanding,99,0,25
BTN,2018-07-01,1,2018-08-01,20,4,27,0,66,glm_ar1,expanding,65,36,4
BTN,2018-07-01,2,2018-09-01,77,15,106,1,259,glm_ar1,expanding,65,36,4
BTN,2018-07-01,3,2018-10-01,200,39,276,4,671,glm_ar1,expanding,65,36,4
BTN,2018-07-01,4,2018-11-01,394,78,542,8,1318,glm_ar1,expanding,65,36,3
BTN,2018-07-01,5,2018-12-01,636,126,877,13,2130,glm_ar1,expanding,65,36,3
BTN,2018-07-01,6,2019-01-01,896,178,1235,18,3000,glm_ar1,expanding,65,36,376
CHL,2018-07-01,1,2018-08-01,NA,NA,NA,NA,NA,glm_ar1,expanding,36,40,NA
CHL,2018-07-01,2,2018-09-01,NA,NA,NA,NA,NA,glm_ar1,expanding,36,40,NA
CHL,2018-07-01,3,2018-10-01,NA,NA,NA,NA,NA,glm_ar1,expanding,36,40,NA
CHL,2018-07-01,4,2018-11-01,NA,NA,NA,NA,NA,glm_ar1,expanding,36,40,NA
CHL,2018-07-01,5,2018-12-01,NA,NA,NA,NA,NA,glm_ar1,expanding,36,40,NA
CHL,2018-07-01,6,2019-01-01,NA,NA,NA,NA,NA,glm_ar1,expanding,36,40,NA
CHN,2018-07-01,1,2018-08-01,418,83,576,8,1399,glm_ar1,expanding,101,0,487
CHN,2018-07-01,2,2018-09-01,664,132,915,13,2223,glm_ar1,expanding,101,0,1528
CHN,2018-07-01,3,2018-10-01,924,183,1273,19,3093,glm_ar1,expanding,101,0,1847
CHN,2018-07-01,4,2018-11-01,1169,232,1611,24,3913,glm_ar1,expanding,101,0,772
CHN,2018-07-01,5,2018-12-01,1383,275,1905,28,4628,glm_ar1,expanding,101,0,167
CHN,2018-07-01,6,2019-01-01,1559,309,2148,32,5217,glm_ar1,expanding,101,0,198
CIV,2018-07-01,1,2018-08-01,NA,NA,NA,NA,NA,glm_ar1,expanding,0,0,NA
CIV,2018-07-01,2,2018-09-01,NA,NA,NA,NA,NA,glm_ar1,expanding,0,0,NA
CIV,2018-07-01,3,2018-10-01,NA,NA,NA,NA,NA,glm_ar1,expanding,0,0,NA
CIV,2018-07-01,4,2018-11-01,NA,NA,NA,NA,NA,glm_ar1,expanding,0,0,NA
CIV,2018-07-01,5,2018-12-01,NA,NA,NA,NA,NA,glm_ar1,expanding,0,0,NA
CIV,2018-07-01,6,2019-01-01,NA,NA,NA,NA,NA,glm_ar1,expanding,0,0,NA
COK,2018-07-01,1,2018-08-01,NA,NA,NA,NA,NA,glm_ar1,expanding,24,31,NA
COK,2018-07-01,2,2018-09-01,NA,NA,NA,NA,NA,glm_ar1,expanding,24,31,NA
COK,2018-07-01,3,2018-10-01,NA,NA,NA,NA,NA,glm_ar1,expanding,24,31,NA
COK,2018-07-01,4,2018-11-01,NA,NA,NA,NA,NA,glm_ar1,expanding,24,31,NA
COK,2018-07-01,5,2018-12-01,NA,NA,NA,NA,NA,glm_ar1,expanding,24,31,NA
COK,2018-07-01,6,2019-01-01,NA,NA,NA,NA,NA,glm_ar1,expanding,24,31,1
COL,2018-07-01,1,2018-08-01,3640,723,5014,75,12179,glm_ar1,expanding,102,0,3715
COL,2018-07-01,2,2018-09-01,3110,618,4284,64,10406,glm_ar1,expanding,102,0,4890
COL,2018-07-01,3,2018-10-01,2780,552,3829,57,9301,glm_ar1,expanding,102,0,4952
COL,2018-07-01,4,2018-11-01,2566,509,3534,53,8584,glm_ar1,expanding,102,0,6058
COL,2018-07-01,5,2018-12-01,2423,481,3338,50,8107,glm_ar1,expanding,102,0,5762
COL,2018-07-01,6,2019-01-01,2326,462,3204,48,7783,glm_ar1,expanding,102,0,8570
CRI,2018-07-01,1,2018-08-01,908,180,1251,18,3038,glm_ar1,expanding,101,0,445
CRI,2018-07-01,2,2018-09-01,1155,229,1591,23,3864,glm_ar1,expanding,101,0,374
CRI,2018-07-01,3,2018-10-01,1371,272,1888,28,4587,glm_ar1,expanding,101,0,451
CRI,2018-07-01,4,2018-11-01,1549,307,2134,32,5183,glm_ar1,expanding,101,0,452
CRI,2018-07-01,5,2018-12-01,1691,336,2329,34,5656,glm_ar1,expanding,101,0,305
CRI,2018-07-01,6,2019-01-01,1799,357,2478,37,6020,glm_ar1,expanding,101,0,165
CUB,2018-07-01,1,2018-08-01,331,65,456,6,1109,glm_ar1,expanding,52,0,243
CUB,2018-07-01,2,2018-09-01,563,112,775,11,1883,glm_ar1,expanding,52,0,294
CUB,2018-07-01,3,2018-10-01,821,163,1131,17,2748,glm_ar1,expanding,52,0,295
CUB,2018-07-01,4,2018-11-01,1075,213,1481,22,3597,glm_ar1,expanding,52,0,251
CUB,2018-07-01,5,2018-12-01,1302,258,1794,26,4358,glm_ar1,expanding,52,0,159
CUB,2018-07-01,6,2019-01-01,1494,296,2058,30,4998,glm_ar1,expanding,52,0,251
CUW,2018-07-01,1,2018-08-01,NA,NA,NA,NA,NA,glm_ar1,expanding,48,0,NA
CUW,2018-07-01,2,2018-09-01,NA,NA,NA,NA,NA,glm_ar1,expanding,48,0,NA
CUW,2018-07-01,3,2018-10-01,NA,NA,NA,NA,NA,glm_ar1,expanding,48,0,NA
CUW,2018-07-01,4,2018-11-01,NA,NA,NA,NA,NA,glm_ar1,expanding,48,0,NA
CUW,2018-07-01,5,2018-12-01,NA,NA,NA,NA,NA,glm_ar1,expanding,48,0,NA
CUW,2018-07-01,6,2019-01-01,NA,NA,NA,NA,NA,glm_ar1,expanding,48,0,NA
CYM,2018-07-01,1,2018-08-01,20,4,27,0,66,glm_ar1,expanding,64,12,1
CYM,2018-07-01,2,2018-09-01,77,15,106,1,259,glm_ar1,expanding,64,12,2
CYM,2018-07-01,3,2018-10-01,200,39,276,4,671,glm_ar1,expanding,64,12,5
CYM,2018-07-01,4,2018-11-01,394,78,542,8,1318,glm_ar1,expanding,64,12,6
CYM,2018-07-01,5,2018-12-01,636,126,877,13,2130,glm_ar1,expanding,64,12,3
CYM,2018-07-01,6,2019-01-01,896,178,1235,18,3000,glm_ar1,expanding,64,12,17
DMA,2018-07-01,1,2018-08-01,20,4,27,0,66,glm_ar1,expanding,76,24,4
DMA,2018-07-01,2,2018-09-01,77,15,106,1,259,glm_ar1,expanding,76,24,4
DMA,2018-07-01,3,2018-10-01,200,39,276,4,671,glm_ar1,expanding,76,24,7
DMA,2018-07-01,4,2018-11-01,394,78,542,8,1318,glm_ar1,expanding,76,24,6
DMA,2018-07-01,5,2018-12-01,636,126,877,13,2130,glm_ar1,expanding,76,24,5
DMA,2018-07-01,6,2019-01-01,896,178,1235,18,3000,glm_ar1,expanding,76,24,121
DOM,2018-07-01,1,2018-08-01,235,46,324,4,788,glm_ar1,expanding,101,0,87
DOM,2018-07-01,2,2018-09-01,442,87,608,9,1478,glm_ar1,expanding,101,0,132
DOM,2018-07-01,3,2018-10-01,691,137,952,14,2312,glm_ar1,expanding,101,0,181
DOM,2018-07-01,4,2018-11-01,950,188,1309,19,3180,glm_ar1,expanding,101,0,254
DOM,2018-07-01,5,2018-12-01,1193,237,1643,24,3991,glm_ar1,expanding,101,0,243
DOM,2018-07-01,6,2019-01-01,1403,278,1932,29,4694,glm_ar1,expanding,101,0,321
ECU,2018-07-01,1,2018-08-01,543,108,748,11,1818,glm_ar1,expanding,93,0,174
ECU,2018-07-01,2,2018-09-01,801,159,1103,16,2679,glm_ar1,expanding,93,0,174
ECU,2018-07-01,3,2018-10-01,1056,209,1454,21,3532,glm_ar1,expanding,93,0,123
ECU,2018-07-01,4,2018-11-01,1286,255,1771,26,4302,glm_ar1,expanding,93,0,129
ECU,2018-07-01,5,2018-12-01,1480,294,2039,30,4952,glm_ar1,expanding,93,0,184
ECU,2018-07-01,6,2019-01-01,1636,325,2254,33,5475,glm_ar1,expanding,93,0,479
ERI,2018-07-01,1,2018-08-01,NA,NA,NA,NA,NA,glm_ar1,expanding,60,37,NA
ERI,2018-07-01,2,2018-09-01,NA,NA,NA,NA,NA,glm_ar1,expanding,60,37,NA
ERI,2018-07-01,3,2018-10-01,NA,NA,NA,NA,NA,glm_ar1,expanding,60,37,NA
ERI,2018-07-01,4,2018-11-01,NA,NA,NA,NA,NA,glm_ar1,expanding,60,37,NA
ERI,2018-07-01,5,2018-12-01,NA,NA,NA,NA,NA,glm_ar1,expanding,60,37,NA
ERI,2018-07-01,6,2019-01-01,NA,NA,NA,NA,NA,glm_ar1,expanding,60,37,NA
ETH,2018-07-01,1,2018-08-01,NA,NA,NA,NA,NA,glm_ar1,expanding,12,51,NA
ETH,2018-07-01,2,2018-09-01,NA,NA,NA,NA,NA,glm_ar1,expanding,12,51,NA
ETH,2018-07-01,3,2018-10-01,NA,NA,NA,NA,NA,glm_ar1,expanding,12,51,NA
ETH,2018-07-01,4,2018-11-01,NA,NA,NA,NA,NA,glm_ar1,expanding,12,51,NA
ETH,2018-07-01,5,2018-12-01,NA,NA,NA,NA,NA,glm_ar1,expanding,12,51,NA
ETH,2018-07-01,6,2019-01-01,NA,NA,NA,NA,NA,glm_ar1,expanding,12,51,NA
FJI,2018-07-01,1,2018-08-01,539,107,743,11,1805,glm_ar1,expanding,93,0,149
FJI,2018-07-01,2,2018-09-01,797,158,1097,16,2666,glm_ar1,expanding,93,0,190
FJI,2018-07-01,3,2018-10-01,1052,209,1449,21,3520,glm_ar1,expanding,93,0,95
FJI,2018-07-01,4,2018-11-01,1283,255,1767,26,4292,glm_ar1,expanding,93,0,252
FJI,2018-07-01,5,2018-12-01,1477,293,2035,30,4943,glm_ar1,expanding,93,0,326
FJI,2018-07-01,6,2019-01-01,1634,324,2251,33,5468,glm_ar1,expanding,93,0,986
FSM,2018-07-01,1,2018-08-01,36,7,49,0,121,glm_ar1,expanding,16,12,5
FSM,2018-07-01,2,2018-09-01,117,23,161,2,392,glm_ar1,expanding,16,12,8
FSM,2018-07-01,3,2018-10-01,269,53,370,5,900,glm_ar1,expanding,16,12,7
FSM,2018-07-01,4,2018-11-01,485,96,668,10,1624,glm_ar1,expanding,16,12,3
FSM,2018-07-01,5,2018-12-01,739,146,1017,15,2472,glm_ar1,expanding,16,12,1
FSM,2018-07-01,6,2019-01-01,997,198,1373,20,3335,glm_ar1,expanding,16,12,60
GLP,2018-07-01,1,2018-08-01,59,11,81,1,197,glm_ar1,expanding,100,0,15
GLP,2018-07-01,2,2018-09-01,165,33,228,3,554,glm_ar1,expanding,100,0,65
GLP,2018-07-01,3,2018-10-01,343,68,473,7,1149,glm_ar1,expanding,100,0,72
GLP,2018-07-01,4,2018-11-01,577,114,796,12,1933,glm_ar1,expanding,100,0,82
GLP,2018-07-01,5,2018-12-01,836,166,1152,17,2799,glm_ar1,expanding,100,0,47
GLP,2018-07-01,6,2019-01-01,1089,216,1500,22,3644,glm_ar1,expanding,100,0,349
GRD,2018-07-01,1,2018-08-01,237,47,327,5,794,glm_ar1,expanding,89,12,75
GRD,2018-07-01,2,2018-09-01,444,88,611,9,1486,glm_ar1,expanding,89,12,51
GRD,2018-07-01,3,2018-10-01,693,137,955,14,2320,glm_ar1,expanding,89,12,23
GRD,2018-07-01,4,2018-11-01,953,189,1312,19,3188,glm_ar1,expanding,89,12,26
GRD,2018-07-01,5,2018-12-01,1195,237,1646,24,3999,glm_ar1,expanding,89,12,2
GRD,2018-07-01,6,2019-01-01,1405,279,1935,29,4700,glm_ar1,expanding,89,12,12
GTM,2018-07-01,1,2018-08-01,1451,288,1999,30,4856,glm_ar1,expanding,102,0,826
GTM,2018-07-01,2,2018-09-01,1614,320,2223,33,5399,glm_ar1,expanding,102,0,1096
GTM,2018-07-01,3,2018-10-01,1740,345,2397,36,5823,glm_ar1,expanding,102,0,656
GTM,2018-07-01,4,2018-11-01,1837,365,2530,38,6146,glm_ar1,expanding,102,0,514
GTM,2018-07-01,5,2018-12-01,1909,379,2630,39,6387,glm_ar1,expanding,102,0,315
GTM,2018-07-01,6,2019-01-01,1962,390,2703,40,6565,glm_ar1,expanding,102,0,827
GUF,2018-07-01,1,2018-08-01,59,11,81,1,197,glm_ar1,expanding,94,0,13
GUF,2018-07-01,2,2018-09-01,165,33,228,3,554,glm_ar1,expanding,94,0,6
GUF,2018-07-01,3,2018-10-01,343,68,473,7,1149,glm_ar1,expanding,94,0,5
GUF,2018-07-01,4,2018-11-01,577,114,796,12,1933,glm_ar1,expanding,94,0,6
GUF,2018-07-01,5,2018-12-01,836,166,1152,17,2799,glm_ar1,expanding,94,0,5
GUF,2018-07-01,6,2019-01-01,1089,216,1500,22,3644,glm_ar1,expanding,94,0,2
GUY,2018-07-01,1,2018-08-01,104,20,143,2,347,glm_ar1,expanding,91,12,23
GUY,2018-07-01,2,2018-09-01,247,49,340,5,826,glm_ar1,expanding,91,12,25
GUY,2018-07-01,3,2018-10-01,456,90,628,9,1527,glm_ar1,expanding,91,12,22
GUY,2018-07-01,4,2018-11-01,707,140,974,14,2366,glm_ar1,expanding,91,12,23
GUY,2018-07-01,5,2018-12-01,966,192,1331,20,3233,glm_ar1,expanding,91,12,22
GUY,2018-07-01,6,2019-01-01,1207,239,1663,25,4039,glm_ar1,expanding,91,12,20
HND,2018-07-01,1,2018-08-01,815,162,1123,16,2728,glm_ar1,expanding,102,0,369
HND,2018-07-01,2,2018-09-01,1069,212,1473,22,3578,glm_ar1,expanding,102,0,520
HND,2018-07-01,3,2018-10-01,1298,257,1787,26,4342,glm_ar1,expanding,102,0,701
HND,2018-07-01,4,2018-11-01,1490,296,2052,30,4985,glm_ar1,expanding,102,0,903
HND,2018-07-01,5,2018-12-01,1644,326,2264,34,5500,glm_ar1,expanding,102,0,870
HND,2018-07-01,6,2019-01-01,1764,350,2429,36,5901,glm_ar1,expanding,102,0,1611
HTI,2018-07-01,1,2018-08-01,32,6,44,0,108,glm_ar1,expanding,3,0,18
HTI,2018-07-01,2,2018-09-01,108,21,149,2,363,glm_ar1,expanding,3,0,5
HTI,2018-07-01,3,2018-10-01,255,50,351,5,853,glm_ar1,expanding,3,0,5
HTI,2018-07-01,4,2018-11-01,467,92,643,9,1562,glm_ar1,expanding,3,0,5
HTI,2018-07-01,5,2018-12-01,719,142,990,14,2405,glm_ar1,expanding,3,0,11
HTI,2018-07-01,6,2019-01-01,977,194,1346,20,3271,glm_ar1,expanding,3,0,5
IDN,2018-07-01,1,2018-08-01,4069,808,5605,84,13613,glm_ar1,expanding,94,0,4795
IDN,2018-07-01,2,2018-09-01,3368,669,4638,69,11266,glm_ar1,expanding,94,0,4487
IDN,2018-07-01,3,2018-10-01,2942,584,4053,60,9843,glm_ar1,expanding,94,0,5509
IDN,2018-07-01,4,2018-11-01,2672,530,3680,55,8939,glm_ar1,expanding,94,0,6874
IDN,2018-07-01,5,2018-12-01,2494,495,3436,51,8345,glm_ar1,expanding,94,0,6526
IDN,2018-07-01,6,2019-01-01,2375,471,3271,49,7945,glm_ar1,expanding,94,0,27445
IND,2018-07-01,1,2018-08-01,4345,863,5985,89,14537,glm_ar1,expanding,100,0,10092
IND,2018-07-01,2,2018-09-01,3529,701,4861,72,11807,glm_ar1,expanding,100,0,16877
IND,2018-07-01,3,2018-10-01,3042,604,4190,62,10178,glm_ar1,expanding,100,0,30125
IND,2018-07-01,4,2018-11-01,2736,543,3769,56,9155,glm_ar1,expanding,100,0,20852
IND,2018-07-01,5,2018-12-01,2537,504,3495,52,8488,glm_ar1,expanding,100,0,6516
IND,2018-07-01,6,2019-01-01,2404,477,3311,49,8042,glm_ar1,expanding,100,0,11153
JAM,2018-07-01,1,2018-08-01,78,15,108,1,263,glm_ar1,expanding,99,0,42
JAM,2018-07-01,2,2018-09-01,203,40,279,4,679,glm_ar1,expanding,99,0,71
JAM,2018-07-01,3,2018-10-01,397,79,547,8,1328,glm_ar1,expanding,99,0,77
JAM,2018-07-01,4,2018-11-01,640,127,882,13,2142,glm_ar1,expanding,99,0,238
JAM,2018-07-01,5,2018-12-01,900,179,1240,18,3012,glm_ar1,expanding,99,0,389
JAM,2018-07-01,6,2019-01-01,1148,228,1581,23,3840,glm_ar1,expanding,99,0,2079
KEN,2018-07-01,1,2018-08-01,NA,NA,NA,NA,NA,glm_ar1,expanding,48,17,NA
KEN,2018-07-01,2,2018-09-01,NA,NA,NA,NA,NA,glm_ar1,expanding,48,17,NA
KEN,2018-07-01,3,2018-10-01,NA,NA,NA,NA,NA,glm_ar1,expanding,48,17,NA
KEN,2018-07-01,4,2018-11-01,NA,NA,NA,NA,NA,glm_ar1,expanding,48,17,NA
KEN,2018-07-01,5,2018-12-01,NA,NA,NA,NA,NA,glm_ar1,expanding,48,17,NA
KEN,2018-07-01,6,2019-01-01,NA,NA,NA,NA,NA,glm_ar1,expanding,48,17,NA
KHM,2018-07-01,1,2018-08-01,3343,664,4605,69,11185,glm_ar1,expanding,102,0,4019
KHM,2018-07-01,2,2018-09-01,2927,581,4032,60,9793,glm_ar1,expanding,102,0,3214
KHM,2018-07-01,3,2018-10-01,2662,529,3667,55,8906,glm_ar1,expanding,102,0,2963
KHM,2018-07-01,4,2018-11-01,2488,494,3427,51,8323,glm_ar1,expanding,102,0,2166
KHM,2018-07-01,5,2018-12-01,2370,471,3265,49,7930,glm_ar1,expanding,102,0,1564
KHM,2018-07-01,6,2019-01-01,2290,455,3154,47,7661,glm_ar1,expanding,102,0,2364
KIR,2018-07-01,1,2018-08-01,220,43,303,4,736,glm_ar1,expanding,64,24,118
KIR,2018-07-01,2,2018-09-01,420,83,579,8,1407,glm_ar1,expanding,64,24,109
KIR,2018-07-01,3,2018-10-01,667,132,919,13,2233,glm_ar1,expanding,64,24,106
KIR,2018-07-01,4,2018-11-01,927,184,1277,19,3102,glm_ar1,expanding,64,24,197
KIR,2018-07-01,5,2018-12-01,1172,233,1614,24,3921,glm_ar1,expanding,64,24,287
KIR,2018-07-01,6,2019-01-01,1385,275,1908,28,4635,glm_ar1,expanding,64,24,0
KNA,2018-07-01,1,2018-08-01,NA,NA,NA,NA,NA,glm_ar1,expanding,36,28,NA
KNA,2018-07-01,2,2018-09-01,NA,NA,NA,NA,NA,glm_ar1,expanding,36,28,NA
KNA,2018-07-01,3,2018-10-01,NA,NA,NA,NA,NA,glm_ar1,expanding,36,28,NA
KNA,2018-07-01,4,2018-11-01,NA,NA,NA,NA,NA,glm_ar1,expanding,36,28,NA
KNA,2018-07-01,5,2018-12-01,NA,NA,NA,NA,NA,glm_ar1,expanding,36,28,NA
KNA,2018-07-01,6,2019-01-01,NA,NA,NA,NA,NA,glm_ar1,expanding,36,28,NA
LAO,2018-07-01,1,2018-08-01,1821,361,2508,37,6092,glm_ar1,expanding,102,0,994
LAO,2018-07-01,2,2018-09-01,1897,377,2613,39,6347,glm_ar1,expanding,102,0,785
LAO,2018-07-01,3,2018-10-01,1953,388,2691,40,6536,glm_ar1,expanding,102,0,444
LAO,2018-07-01,4,2018-11-01,1995,396,2747,41,6674,glm_ar1,expanding,102,0,392
LAO,2018-07-01,5,2018-12-01,2025,402,2789,41,6774,glm_ar1,expanding,102,0,419
LAO,2018-07-01,6,2019-01-01,2046,406,2819,42,6846,glm_ar1,expanding,102,0,594
LCA,2018-07-01,1,2018-08-01,70,14,97,1,236,glm_ar1,expanding,89,12,7
LCA,2018-07-01,2,2018-09-01,187,37,258,3,628,glm_ar1,expanding,89,12,14
LCA,2018-07-01,3,2018-10-01,376,74,517,7,1257,glm_ar1,expanding,89,12,1
LCA,2018-07-01,4,2018-11-01,615,122,848,12,2060,glm_ar1,expanding,89,12,10
LCA,2018-07-01,5,2018-12-01,875,174,1206,18,2929,glm_ar1,expanding,89,12,10
LCA,2018-07-01,6,2019-01-01,1125,223,1550,23,3764,glm_ar1,expanding,89,12,0
LKA,2018-07-01,1,2018-08-01,5372,1067,7400,110,17973,glm_ar1,expanding,102,0,2980
LKA,2018-07-01,2,2018-09-01,4106,815,5656,84,13738,glm_ar1,expanding,102,0,2476
LKA,2018-07-01,3,2018-10-01,3390,673,4669,70,11340,glm_ar1,expanding,102,0,2169
LKA,2018-07-01,4,2018-11-01,2956,587,4071,61,9889,glm_ar1,expanding,102,0,3827
LKA,2018-07-01,5,2018-12-01,2681,532,3692,55,8969,glm_ar1,expanding,102,0,5395
LKA,2018-07-01,6,2019-01-01,2500,496,3444,51,8364,glm_ar1,expanding,102,0,10889
MAF,2018-07-01,1,2018-08-01,43,8,59,1,144,glm_ar1,expanding,98,0,0
MAF,2018-07-01,2,2018-09-01,133,26,183,2,444,glm_ar1,expanding,98,0,4
MAF,2018-07-01,3,2018-10-01,294,58,405,6,983,glm_ar1,expanding,98,0,3
MAF,2018-07-01,4,2018-11-01,517,102,712,10,1729,glm_ar1,expanding,98,0,11
MAF,2018-07-01,5,2018-12-01,772,153,1064,16,2585,glm_ar1,expanding,98,0,20
MAF,2018-07-01,6,2019-01-01,1029,204,1418,21,3443,glm_ar1,expanding,98,0,23
MDV,2018-07-01,1,2018-08-01,668,132,920,13,2235,glm_ar1,expanding,102,0,305
MDV,2018-07-01,2,2018-09-01,928,184,1278,19,3104,glm_ar1,expanding,102,0,236
MDV,2018-07-01,3,2018-10-01,1172,233,1615,24,3923,glm_ar1,expanding,102,0,269
MDV,2018-07-01,4,2018-11-01,1386,275,1909,28,4637,glm_ar1,expanding,102,0,260
MDV,2018-07-01,5,2018-12-01,1561,310,2151,32,5224,glm_ar1,expanding,102,0,269
MDV,2018-07-01,6,2019-01-01,1700,337,2342,35,5688,glm_ar1,expanding,102,0,556
MEX,2018-07-01,1,2018-08-01,4551,904,6268,93,15224,glm_ar1,expanding,102,0,6776
MEX,2018-07-01,2,2018-09-01,3648,724,5024,75,12203,glm_ar1,expanding,102,0,17064
MEX,2018-07-01,3,2018-10-01,3115,618,4290,64,10421,glm_ar1,expanding,102,0,18356
MEX,2018-07-01,4,2018-11-01,2783,553,3833,57,9310,glm_ar1,expanding,102,0,11614
MEX,2018-07-01,5,2018-12-01,2568,510,3537,53,8591,glm_ar1,expanding,102,0,4603
MEX,2018-07-01,6,2019-01-01,2424,481,3339,50,8111,glm_ar1,expanding,102,0,3201
MHL,2018-07-01,1,2018-08-01,9,1,12,0,31,glm_ar1,expanding,14,72,0
MHL,2018-07-01,2,2018-09-01,46,9,63,1,154,glm_ar1,expanding,14,72,0
MHL,2018-07-01,3,2018-10-01,139,27,192,3,466,glm_ar1,expanding,14,72,0
MHL,2018-07-01,4,2018-11-01,304,60,419,6,1017,glm_ar1,expanding,14,72,0
MHL,2018-07-01,5,2018-12-01,529,105,729,11,1772,glm_ar1,expanding,14,72,1
MHL,2018-07-01,6,2019-01-01,786,156,1083,16,2630,glm_ar1,expanding,14,72,119
MMR,2018-07-01,1,2018-08-01,4187,831,5767,86,14006,glm_ar1,expanding,102,0,3998
MMR,2018-07-01,2,2018-09-01,3437,682,4734,70,11498,glm_ar1,expanding,102,0,2513
MMR,2018-07-01,3,2018-10-01,2985,593,4112,61,9987,glm_ar1,expanding,102,0,1114
MMR,2018-07-01,4,2018-11-01,2700,536,3718,55,9032,glm_ar1,expanding,102,0,595
MMR,2018-07-01,5,2018-12-01,2513,499,3461,51,8407,glm_ar1,expanding,102,0,56
MMR,2018-07-01,6,2019-01-01,2387,474,3288,49,7987,glm_ar1,expanding,102,0,22
MRT,2018-07-01,1,2018-08-01,NA,NA,NA,NA,NA,glm_ar1,expanding,12,3,NA
MRT,2018-07-01,2,2018-09-01,NA,NA,NA,NA,NA,glm_ar1,expanding,12,3,NA
MRT,2018-07-01,3,2018-10-01,NA,NA,NA,NA,NA,glm_ar1,expanding,12,3,NA
MRT,2018-07-01,4,2018-11-01,NA,NA,NA,NA,NA,glm_ar1,expanding,12,3,NA
MRT,2018-07-01,5,2018-12-01,NA,NA,NA,NA,NA,glm_ar1,expanding,12,3,NA
MRT,2018-07-01,6,2019-01-01,NA,NA,NA,NA,NA,glm_ar1,expanding,12,3,NA
MTQ,2018-07-01,1,2018-08-01,9,1,12,0,31,glm_ar1,expanding,99,0,0
MTQ,2018-07-01,2,2018-09-01,46,9,63,1,154,glm_ar1,expanding,99,0,0
MTQ,2018-07-01,3,2018-10-01,139,27,192,3,466,glm_ar1,expanding,99,0,0
MTQ,2018-07-01,4,2018-11-01,304,60,419,6,1017,glm_ar1,expanding,99,0,0
MTQ,2018-07-01,5,2018-12-01,529,105,729,11,1772,glm_ar1,expanding,99,0,0
MTQ,2018-07-01,6,2019-01-01,786,156,1083,16,2630,glm_ar1,expanding,99,0,119
MYS,2018-07-01,1,2018-08-01,6446,1280,8879,133,21566,glm_ar1,expanding,102,0,7242
MYS,2018-07-01,2,2018-09-01,4677,929,6442,96,15647,glm_ar1,expanding,102,0,7121
MYS,2018-07-01,3,2018-10-01,3719,739,5123,76,12444,glm_ar1,expanding,102,0,6416
MYS,2018-07-01,4,2018-11-01,3158,627,4350,65,10567,glm_ar1,expanding,102,0,7736
MYS,2018-07-01,5,2018-12-01,2811,558,3871,58,9403,glm_ar1,expanding,102,0,9959
MYS,2018-07-01,6,2019-01-01,2586,513,3562,53,8652,glm_ar1,expanding,102,0,15487
NCL,2018-07-01,1,2018-08-01,223,44,308,4,748,glm_ar1,expanding,71,12,71
NCL,2018-07-01,2,2018-09-01,425,84,586,8,1423,glm_ar1,expanding,71,12,86
NCL,2018-07-01,3,2018-10-01,672,133,926,14,2251,glm_ar1,expanding,71,12,110
NCL,2018-07-01,4,2018-11-01,932,185,1284,19,3119,glm_ar1,expanding,71,12,183
NCL,2018-07-01,5,2018-12-01,1177,233,1621,24,3937,glm_ar1,expanding,71,12,289
NCL,2018-07-01,6,2019-01-01,1389,276,1914,28,4649,glm_ar1,expanding,71,12,458
NIC,2018-07-01,1,2018-08-01,3581,711,4933,73,11981,glm_ar1,expanding,101,0,5586
NIC,2018-07-01,2,2018-09-01,3074,610,4234,63,10285,glm_ar1,expanding,101,0,9501
NIC,2018-07-01,3,2018-10-01,2757,547,3797,56,9223,glm_ar1,expanding,101,0,8319
NIC,2018-07-01,4,2018-11-01,2551,506,3513,52,8533,glm_ar1,expanding,101,0,5542
NIC,2018-07-01,5,2018-12-01,2413,479,3324,49,8073,glm_ar1,expanding,101,0,5875
NIC,2018-07-01,6,2019-01-01,2319,460,3194,47,7759,glm_ar1,expanding,101,0,7598
NPL,2018-07-01,1,2018-08-01,78,15,108,1,263,glm_ar1,expanding,101,0,45
NPL,2018-07-01,2,2018-09-01,203,40,279,4,679,glm_ar1,expanding,101,0,39
NPL,2018-07-01,3,2018-10-01,397,79,547,8,1328,glm_ar1,expanding,101,0,28
NPL,2018-07-01,4,2018-11-01,640,127,882,13,2142,glm_ar1,expanding,101,0,63
NPL,2018-07-01,5,2018-12-01,900,179,1240,18,3012,glm_ar1,expanding,101,0,16
NPL,2018-07-01,6,2019-01-01,1148,228,1581,23,3840,glm_ar1,expanding,101,0,5
OMN,2018-07-01,1,2018-08-01,28,5,39,0,95,glm_ar1,expanding,4,0,4
OMN,2018-07-01,2,2018-09-01,99,19,137,2,332,glm_ar1,expanding,4,0,5
OMN,2018-07-01,3,2018-10-01,239,47,329,5,800,glm_ar1,expanding,4,0,1
OMN,2018-07-01,4,2018-11-01,446,88,615,9,1493,glm_ar1,expanding,4,0,5
OMN,2018-07-01,5,2018-12-01,696,138,959,14,2329,glm_ar1,expanding,4,0,36
OMN,2018-07-01,6,2019-01-01,955,189,1316,19,3196,glm_ar1,expanding,4,0,27
PAK,2018-07-01,1,2018-08-01,444,88,611,9,1485,glm_ar1,expanding,101,0,555
PAK,2018-07-01,2,2018-09-01,693,137,955,14,2319,glm_ar1,expanding,101,0,1707
PAK,2018-07-01,3,2018-10-01,952,189,1312,19,3187,glm_ar1,expanding,101,0,1456
PAK,2018-07-01,4,2018-11-01,1195,237,1646,24,3998,glm_ar1,expanding,101,0,693
PAK,2018-07-01,5,2018-12-01,1405,279,1935,29,4700,glm_ar1,expanding,101,0,252
PAK,2018-07-01,6,2019-01-01,1576,313,2171,32,5274,glm_ar1,expanding,101,0,344
PAN,2018-07-01,1,2018-08-01,1118,222,1540,23,3742,glm_ar1,expanding,100,0,783
PAN,2018-07-01,2,2018-09-01,1340,266,1846,27,4483,glm_ar1,expanding,100,0,853
PAN,2018-07-01,3,2018-10-01,1524,302,2099,31,5100,glm_ar1,expanding,100,0,675
PAN,2018-07-01,4,2018-11-01,1671,332,2302,34,5591,glm_ar1,expanding,100,0,705
PAN,2018-07-01,5,2018-12-01,1784,354,2458,36,5970,glm_ar1,expanding,100,0,568
PAN,2018-07-01,6,2019-01-01,1870,371,2576,38,6256,glm_ar1,expanding,100,0,643
PER,2018-07-01,1,2018-08-01,593,117,816,12,1983,glm_ar1,expanding,95,0,281
PER,2018-07-01,2,2018-09-01,852,169,1173,17,2850,glm_ar1,expanding,95,0,12
PER,2018-07-01,3,2018-10-01,1103,219,1520,22,3692,glm_ar1,expanding,95,0,67
PER,2018-07-01,4,2018-11-01,1327,263,1828,27,4440,glm_ar1,expanding,95,0,10
PER,2018-07-01,5,2018-12-01,1514,300,2085,31,5065,glm_ar1,expanding,95,0,538
PER,2018-07-01,6,2019-01-01,1663,330,2290,34,5564,glm_ar1,expanding,95,0,1586
PHL,2018-07-01,1,2018-08-01,12212,2426,16821,251,40854,glm_ar1,expanding,100,0,32273
PHL,2018-07-01,2,2018-09-01,7380,1466,10165,152,24688,glm_ar1,expanding,100,0,31257
PHL,2018-07-01,3,2018-10-01,5151,1023,7095,106,17232,glm_ar1,expanding,100,0,24297
PHL,2018-07-01,4,2018-11-01,3985,791,5489,82,13331,glm_ar1,expanding,100,0,22965
PHL,2018-07-01,5,2018-12-01,3318,659,4570,68,11099,glm_ar1,expanding,100,0,17592
PHL,2018-07-01,6,2019-01-01,2911,578,4010,60,9739,glm_ar1,expanding,100,0,35097
PLW,2018-07-01,1,2018-08-01,131,26,180,2,438,glm_ar1,expanding,28,72,44
PLW,2018-07-01,2,2018-09-01,291,57,401,6,974,glm_ar1,expanding,28,72,37
PLW,2018-07-01,3,2018-10-01,513,102,707,10,1717,glm_ar1,expanding,28,72,41
PLW,2018-07-01,4,2018-11-01,769,152,1059,15,2573,glm_ar1,expanding,28,72,49
PLW,2018-07-01,5,2018-12-01,1026,203,1413,21,3432,glm_ar1,expanding,28,72,39
PLW,2018-07-01,6,2019-01-01,1260,250,1735,26,4215,glm_ar1,expanding,28,72,62
PRI,2018-07-01,1,2018-08-01,NA,NA,NA,NA,NA,glm_ar1,expanding,72,28,NA
PRI,2018-07-01,2,2018-09-01,NA,NA,NA,NA,NA,glm_ar1,expanding,72,28,NA
PRI,2018-07-01,3,2018-10-01,NA,NA,NA,NA,NA,glm_ar1,expanding,72,28,NA
PRI,2018-07-01,4,2018-11-01,NA,NA,NA,NA,NA,glm_ar1,expanding,72,28,NA
PRI,2018-07-01,5,2018-12-01,NA,NA,NA,NA,NA,glm_ar1,expanding,72,28,NA
PRI,2018-07-01,6,2019-01-01,NA,NA,NA,NA,NA,glm_ar1,expanding,72,28,NA
PRY,2018-07-01,1,2018-08-01,1451,288,1998,30,4853,glm_ar1,expanding,97,0,420
PRY,2018-07-01,2,2018-09-01,1613,320,2222,33,5397,glm_ar1,expanding,97,0,482
PRY,2018-07-01,3,2018-10-01,1740,345,2397,36,5821,glm_ar1,expanding,97,0,1766
PRY,2018-07-01,4,2018-11-01,1837,365,2530,38,6145,glm_ar1,expanding,97,0,568
PRY,2018-07-01,5,2018-12-01,1909,379,2629,39,6386,glm_ar1,expanding,97,0,724
PRY,2018-07-01,6,2019-01-01,1962,389,2702,40,6564,glm_ar1,expanding,97,0,60
PYF,2018-07-01,1,2018-08-01,111,22,152,2,371,glm_ar1,expanding,75,24,21
PYF,2018-07-01,2,2018-09-01,258,51,356,5,865,glm_ar1,expanding,75,24,22
PYF,2018-07-01,3,2018-10-01,472,93,650,9,1578,glm_ar1,expanding,75,24,24
PYF,2018-07-01,4,2018-11-01,724,144,997,15,2423,glm_ar1,expanding,75,24,24
PYF,2018-07-01,5,2018-12-01,983,195,1353,20,3288,glm_ar1,expanding,75,24,20
PYF,2018-07-01,6,2019-01-01,1222,242,1683,25,4088,glm_ar1,expanding,75,24,279
REU,2018-07-01,1,2018-08-01,672,133,926,13,2250,glm_ar1,expanding,57,36,111
REU,2018-07-01,2,2018-09-01,932,185,1284,19,3119,glm_ar1,expanding,57,36,61
REU,2018-07-01,3,2018-10-01,1176,233,1621,24,3937,glm_ar1,expanding,57,36,25
REU,2018-07-01,4,2018-11-01,1389,276,1913,28,4648,glm_ar1,expanding,57,36,30
REU,2018-07-01,5,2018-12-01,1564,310,2154,32,5233,glm_ar1,expanding,57,36,87
REU,2018-07-01,6,2019-01-01,1702,338,2344,35,5695,glm_ar1,expanding,57,36,511
SAU,2018-07-01,1,2018-08-01,749,149,1032,15,2508,glm_ar1,expanding,94,0,114
SAU,2018-07-01,2,2018-09-01,1007,200,1387,20,3370,glm_ar1,expanding,94,0,118
SAU,2018-07-01,3,2018-10-01,1243,247,1713,25,4160,glm_ar1,expanding,94,0,53
SAU,2018-07-01,4,2018-11-01,1445,287,1990,29,4835,glm_ar1,expanding,94,0,72
SAU,2018-07-01,5,2018-12-01,1609,319,2216,33,5382,glm_ar1,expanding,94,0,113
SAU,2018-07-01,6,2019-01-01,1737,345,2392,35,5810,glm_ar1,expanding,94,0,247
SDN,2018-07-01,1,2018-08-01,NA,NA,NA,NA,NA,glm_ar1,expanding,48,51,NA
SDN,2018-07-01,2,2018-09-01,NA,NA,NA,NA,NA,glm_ar1,expanding,48,51,NA
SDN,2018-07-01,3,2018-10-01,NA,NA,NA,NA,NA,glm_ar1,expanding,48,51,NA
SDN,2018-07-01,4,2018-11-01,NA,NA,NA,NA,NA,glm_ar1,expanding,48,51,NA
SDN,2018-07-01,5,2018-12-01,NA,NA,NA,NA,NA,glm_ar1,expanding,48,51,NA
SDN,2018-07-01,6,2019-01-01,NA,NA,NA,NA,NA,glm_ar1,expanding,48,51,NA
SEN,2018-07-01,1,2018-08-01,337,67,464,7,1128,glm_ar1,expanding,15,0,168
SEN,2018-07-01,2,2018-09-01,570,113,785,11,1907,glm_ar1,expanding,15,0,201
SEN,2018-07-01,3,2018-10-01,829,164,1141,17,2773,glm_ar1,expanding,15,0,467
SEN,2018-07-01,4,2018-11-01,1082,215,1490,22,3620,glm_ar1,expanding,15,0,585
SEN,2018-07-01,5,2018-12-01,1308,260,1802,27,4378,glm_ar1,expanding,15,0,261
SEN,2018-07-01,6,2019-01-01,1499,297,2064,31,5014,glm_ar1,expanding,15,0,1
SGP,2018-07-01,1,2018-08-01,457,90,629,9,1529,glm_ar1,expanding,102,0,244
SGP,2018-07-01,2,2018-09-01,708,140,975,14,2368,glm_ar1,expanding,102,0,280
SGP,2018-07-01,3,2018-10-01,967,192,1332,20,3235,glm_ar1,expanding,102,0,267
SGP,2018-07-01,4,2018-11-01,1208,240,1664,25,4041,glm_ar1,expanding,102,0,359
SGP,2018-07-01,5,2018-12-01,1415,281,1950,29,4736,glm_ar1,expanding,102,0,512
SGP,2018-07-01,6,2019-01-01,1585,315,2183,32,5303,glm_ar1,expanding,102,0,1062
SLB,2018-07-01,1,2018-08-01,183,36,253,3,614,glm_ar1,expanding,40,24,44
SLB,2018-07-01,2,2018-09-01,370,73,509,7,1237,glm_ar1,expanding,40,24,67
SLB,2018-07-01,3,2018-10-01,608,121,838,12,2036,glm_ar1,expanding,40,24,50
SLB,2018-07-01,4,2018-11-01,868,172,1196,18,2905,glm_ar1,expanding,40,24,32
SLB,2018-07-01,5,2018-12-01,1118,222,1541,23,3742,glm_ar1,expanding,40,24,18
SLB,2018-07-01,6,2019-01-01,1340,266,1846,27,4483,glm_ar1,expanding,40,24,21
SLV,2018-07-01,1,2018-08-01,1234,245,1700,25,4131,glm_ar1,expanding,102,0,1113
SLV,2018-07-01,2,2018-09-01,1438,285,1980,29,4810,glm_ar1,expanding,102,0,1673
SLV,2018-07-01,3,2018-10-01,1603,318,2208,33,5363,glm_ar1,expanding,102,0,946
SLV,2018-07-01,4,2018-11-01,1732,344,2386,35,5795,glm_ar1,expanding,102,0,832
SLV,2018-07-01,5,2018-12-01,1831,363,2521,37,6125,glm_ar1,expanding,102,0,464
SLV,2018-07-01,6,2019-01-01,1904,378,2623,39,6371,glm_ar1,expanding,102,0,681
SUR,2018-07-01,1,2018-08-01,67,13,93,1,226,glm_ar1,expanding,52,48,5
SUR,2018-07-01,2,2018-09-01,182,36,251,3,610,glm_ar1,expanding,52,48,6
SUR,2018-07-01,3,2018-10-01,368,73,507,7,1232,glm_ar1,expanding,52,48,4
SUR,2018-07-01,4,2018-11-01,607,120,836,12,2030,glm_ar1,expanding,52,48,5
SUR,2018-07-01,5,2018-12-01,866,172,1193,17,2899,glm_ar1,expanding,52,48,4
SUR,2018-07-01,6,2019-01-01,1117,222,1538,23,3736,glm_ar1,expanding,52,48,6
SXM,2018-07-01,1,2018-08-01,NA,NA,NA,NA,NA,glm_ar1,expanding,36,64,NA
SXM,2018-07-01,2,2018-09-01,NA,NA,NA,NA,NA,glm_ar1,expanding,36,64,NA
SXM,2018-07-01,3,2018-10-01,NA,NA,NA,NA,NA,glm_ar1,expanding,36,64,NA
SXM,2018-07-01,4,2018-11-01,NA,NA,NA,NA,NA,glm_ar1,expanding,36,64,NA
SXM,2018-07-01,5,2018-12-01,NA,NA,NA,NA,NA,glm_ar1,expanding,36,64,NA
SXM,2018-07-01,6,2019-01-01,NA,NA,NA,NA,NA,glm_ar1,expanding,36,64,NA
SYC,2018-07-01,1,2018-08-01,NA,NA,NA,NA,NA,glm_ar1,expanding,24,1,NA
SYC,2018-07-01,2,2018-09-01,NA,NA,NA,NA,NA,glm_ar1,expanding,24,1,NA
SYC,2018-07-01,3,2018-10-01,NA,NA,NA,NA,NA,glm_ar1,expanding,24,1,NA
SYC,2018-07-01,4,2018-11-01,NA,NA,NA,NA,NA,glm_ar1,expanding,24,1,NA
SYC,2018-07-01,5,2018-12-01,NA,NA,NA,NA,NA,glm_ar1,expanding,24,1,NA
SYC,2018-07-01,6,2019-01-01,NA,NA,NA,NA,NA,glm_ar1,expanding,24,1,NA
TCA,2018-07-01,1,2018-08-01,NA,NA,NA,NA,NA,glm_ar1,expanding,60,3,NA
TCA,2018-07-01,2,2018-09-01,NA,NA,NA,NA,NA,glm_ar1,expanding,60,3,NA
TCA,2018-07-01,3,2018-10-01,NA,NA,NA,NA,NA,glm_ar1,expanding,60,3,NA
TCA,2018-07-01,4,2018-11-01,NA,NA,NA,NA,NA,glm_ar1,expanding,60,3,NA
TCA,2018-07-01,5,2018-12-01,NA,NA,NA,NA,NA,glm_ar1,expanding,60,3,NA
TCA,2018-07-01,6,2019-01-01,NA,NA,NA,NA,NA,glm_ar1,expanding,60,3,NA
THA,2018-07-01,1,2018-08-01,8188,1626,11277,168,27391,glm_ar1,expanding,102,0,12420
THA,2018-07-01,2,2018-09-01,5547,1102,7641,114,18558,glm_ar1,expanding,102,0,9081
THA,2018-07-01,3,2018-10-01,4201,834,5787,86,14056,glm_ar1,expanding,102,0,7592
THA,2018-07-01,4,2018-11-01,3445,684,4746,71,11527,glm_ar1,expanding,102,0,7256
THA,2018-07-01,5,2018-12-01,2991,594,4119,61,10005,glm_ar1,expanding,102,0,5885
THA,2018-07-01,6,2019-01-01,2703,537,3723,55,9044,glm_ar1,expanding,102,0,5797
TLS,2018-07-01,1,2018-08-01,9,1,12,0,31,glm_ar1,expanding,95,0,0
TLS,2018-07-01,2,2018-09-01,46,9,63,1,154,glm_ar1,expanding,95,0,0
TLS,2018-07-01,3,2018-10-01,139,27,192,3,466,glm_ar1,expanding,95,0,0
TLS,2018-07-01,4,2018-11-01,304,60,419,6,1017,glm_ar1,expanding,95,0,0
TLS,2018-07-01,5,2018-12-01,529,105,729,11,1772,glm_ar1,expanding,95,0,0
TLS,2018-07-01,6,2019-01-01,786,156,1083,16,2630,glm_ar1,expanding,95,0,82
TON,2018-07-01,1,2018-08-01,43,8,59,1,144,glm_ar1,expanding,27,24,3
TON,2018-07-01,2,2018-09-01,133,26,183,2,444,glm_ar1,expanding,27,24,3
TON,2018-07-01,3,2018-10-01,294,58,405,6,983,glm_ar1,expanding,27,24,1
TON,2018-07-01,4,2018-11-01,517,102,712,10,1729,glm_ar1,expanding,27,24,1
TON,2018-07-01,5,2018-12-01,772,153,1064,16,2585,glm_ar1,expanding,27,24,0
TON,2018-07-01,6,2019-01-01,1029,204,1418,21,3443,glm_ar1,expanding,27,24,1
TTO,2018-07-01,1,2018-08-01,24,4,33,0,81,glm_ar1,expanding,64,36,25
TTO,2018-07-01,2,2018-09-01,89,17,122,1,298,glm_ar1,expanding,64,36,11
TTO,2018-07-01,3,2018-10-01,221,44,305,4,741,glm_ar1,expanding,64,36,26
TTO,2018-07-01,4,2018-11-01,422,84,582,8,1413,glm_ar1,expanding,64,36,30
TTO,2018-07-01,5,2018-12-01,669,133,922,13,2239,glm_ar1,expanding,64,36,10
TTO,2018-07-01,6,2019-01-01,929,184,1280,19,3108,glm_ar1,expanding,64,36,104
TUV,2018-07-01,1,2018-08-01,24,4,33,0,81,glm_ar1,expanding,4,0,5
TUV,2018-07-01,2,2018-09-01,89,17,122,1,298,glm_ar1,expanding,4,0,1
TUV,2018-07-01,3,2018-10-01,221,44,305,4,741,glm_ar1,expanding,4,0,0
TUV,2018-07-01,4,2018-11-01,422,84,582,8,1413,glm_ar1,expanding,4,0,0
TUV,2018-07-01,5,2018-12-01,669,133,922,13,2239,glm_ar1,expanding,4,0,0
TUV,2018-07-01,6,2019-01-01,929,184,1280,19,3108,glm_ar1,expanding,4,0,39
TWN,2018-07-01,1,2018-08-01,53,10,73,1,177,glm_ar1,expanding,77,24,81
TWN,2018-07-01,2,2018-09-01,153,30,211,3,513,glm_ar1,expanding,77,24,63
TWN,2018-07-01,3,2018-10-01,325,64,448,6,1088,glm_ar1,expanding,77,24,19
TWN,2018-07-01,4,2018-11-01,555,110,765,11,1859,glm_ar1,expanding,77,24,8
TWN,2018-07-01,5,2018-12-01,813,161,1120,16,2722,glm_ar1,expanding,77,24,0
TWN,2018-07-01,6,2019-01-01,1068,212,1471,22,3573,glm_ar1,expanding,77,24,1
URY,2018-07-01,1,2018-08-01,NA,NA,NA,NA,NA,glm_ar1,expanding,12,28,NA
URY,2018-07-01,2,2018-09-01,NA,NA,NA,NA,NA,glm_ar1,expanding,12,28,NA
URY,2018-07-01,3,2018-10-01,NA,NA,NA,NA,NA,glm_ar1,expanding,12,28,NA
URY,2018-07-01,4,2018-11-01,NA,NA,NA,NA,NA,glm_ar1,expanding,12,28,NA
URY,2018-07-01,5,2018-12-01,NA,NA,NA,NA,NA,glm_ar1,expanding,12,28,NA
URY,2018-07-01,6,2019-01-01,NA,NA,NA,NA,NA,glm_ar1,expanding,12,28,NA
USA,2018-07-01,1,2018-08-01,101,20,139,2,339,glm_ar1,expanding,89,12,32
USA,2018-07-01,2,2018-09-01,242,48,334,5,812,glm_ar1,expanding,89,12,77
USA,2018-07-01,3,2018-10-01,451,89,621,9,1509,glm_ar1,expanding,89,12,27
USA,2018-07-01,4,2018-11-01,701,139,966,14,2346,glm_ar1,expanding,89,12,55
USA,2018-07-01,5,2018-12-01,960,190,1323,19,3214,glm_ar1,expanding,89,12,54
USA,2018-07-01,6,2019-01-01,1202,238,1656,24,4022,glm_ar1,expanding,89,12,11
VCT,2018-07-01,1,2018-08-01,NA,NA,NA,NA,NA,glm_ar1,expanding,72,28,NA
VCT,2018-07-01,2,2018-09-01,NA,NA,NA,NA,NA,glm_ar1,expanding,72,28,NA
VCT,2018-07-01,3,2018-10-01,NA,NA,NA,NA,NA,glm_ar1,expanding,72,28,NA
VCT,2018-07-01,4,2018-11-01,NA,NA,NA,NA,NA,glm_ar1,expanding,72,28,NA
VCT,2018-07-01,5,2018-12-01,NA,NA,NA,NA,NA,glm_ar1,expanding,72,28,NA
VCT,2018-07-01,6,2019-01-01,NA,NA,NA,NA,NA,glm_ar1,expanding,72,28,NA
VEN,2018-07-01,1,2018-08-01,1620,322,2232,33,5422,glm_ar1,expanding,100,0,1638
VEN,2018-07-01,2,2018-09-01,1746,347,2405,36,5841,glm_ar1,expanding,100,0,3532
VEN,2018-07-01,3,2018-10-01,1841,365,2536,38,6159,glm_ar1,expanding,100,0,3176
VEN,2018-07-01,4,2018-11-01,1912,380,2634,39,6397,glm_ar1,expanding,100,0,2799
VEN,2018-07-01,5,2018-12-01,1964,390,2706,40,6572,glm_ar1,expanding,100,0,1491
VEN,2018-07-01,6,2019-01-01,2003,398,2758,41,6700,glm_ar1,expanding,100,0,1477
VGB,2018-07-01,1,2018-08-01,32,6,44,0,108,glm_ar1,expanding,100,0,1
VGB,2018-07-01,2,2018-09-01,108,21,149,2,363,glm_ar1,expanding,100,0,13
VGB,2018-07-01,3,2018-10-01,255,50,351,5,853,glm_ar1,expanding,100,0,7
VGB,2018-07-01,4,2018-11-01,467,92,643,9,1562,glm_ar1,expanding,100,0,13
VGB,2018-07-01,5,2018-12-01,719,142,990,14,2405,glm_ar1,expanding,100,0,8
VGB,2018-07-01,6,2019-01-01,977,194,1346,20,3271,glm_ar1,expanding,100,0,6
VNM,2018-07-01,1,2018-08-01,6973,1385,9604,143,23326,glm_ar1,expanding,101,0,11413
VNM,2018-07-01,2,2018-09-01,4946,982,6813,102,16548,glm_ar1,expanding,101,0,17713
VNM,2018-07-01,3,2018-10-01,3871,769,5332,79,12951,glm_ar1,expanding,101,0,19348
VNM,2018-07-01,4,2018-11-01,3250,645,4476,67,10873,glm_ar1,expanding,101,0,22149
VNM,2018-07-01,5,2018-12-01,2868,570,3951,59,9597,glm_ar1,expanding,101,0,23694
VNM,2018-07-01,6,2019-01-01,2624,521,3614,54,8778,glm_ar1,expanding,101,0,18709
VUT,2018-07-01,1,2018-08-01,15,3,20,0,50,glm_ar1,expanding,21,72,1
VUT,2018-07-01,2,2018-09-01,63,12,88,1,213,glm_ar1,expanding,21,72,0
VUT,2018-07-01,3,2018-10-01,175,34,241,3,585,glm_ar1,expanding,21,72,0
VUT,2018-07-01,4,2018-11-01,357,71,492,7,1195,glm_ar1,expanding,21,72,0
VUT,2018-07-01,5,2018-12-01,594,118,818,12,1987,glm_ar1,expanding,21,72,0
VUT,2018-07-01,6,2019-01-01,853,169,1175,17,2855,glm_ar1,expanding,21,72,2
WLF,2018-07-01,1,2018-08-01,39,8,54,0,133,glm_ar1,expanding,14,0,16
WLF,2018-07-01,2,2018-09-01,125,25,172,2,419,glm_ar1,expanding,14,0,18
WLF,2018-07-01,3,2018-10-01,282,56,388,5,943,glm_ar1,expanding,14,0,20
WLF,2018-07-01,4,2018-11-01,502,99,691,10,1679,glm_ar1,expanding,14,0,24
WLF,2018-07-01,5,2018-12-01,756,150,1042,15,2531,glm_ar1,expanding,14,0,20
WLF,2018-07-01,6,2019-01-01,1014,201,1396,21,3392,glm_ar1,expanding,14,0,10
WSM,2018-07-01,1,2018-08-01,108,21,149,2,363,glm_ar1,expanding,10,0,23
WSM,2018-07-01,2,2018-09-01,254,50,351,5,852,glm_ar1,expanding,10,0,34
WSM,2018-07-01,3,2018-10-01,467,92,643,9,1562,glm_ar1,expanding,10,0,19
WSM,2018-07-01,4,2018-11-01,718,142,990,14,2404,glm_ar1,expanding,10,0,31
WSM,2018-07-01,5,2018-12-01,977,194,1346,20,3270,glm_ar1,expanding,10,0,26
WSM,2018-07-01,6,2019-01-01,1217,241,1676,25,4072,glm_ar1,expanding,10,0,28
YEM,2018-07-01,1,2018-08-01,2377,472,3275,49,7954,glm_ar1,expanding,16,24,2721
YEM,2018-07-01,2,2018-09-01,2295,456,3161,47,7677,glm_ar1,expanding,16,24,4905
YEM,2018-07-01,3,2018-10-01,2238,444,3082,46,7486,glm_ar1,expanding,16,24,2624
YEM,2018-07-01,4,2018-11-01,2198,436,3027,45,7353,glm_ar1,expanding,16,24,1783
YEM,2018-07-01,5,2018-12-01,2170,431,2988,44,7259,glm_ar1,expanding,16,24,2229
YEM,2018-07-01,6,2019-01-01,2150,427,2961,44,7193,glm_ar1,expanding,16,24,2412
ABW,2019-01-01,1,2019-02-01,51,10,71,1,173,glm_ar1,expanding,79,24,24
ABW,2019-01-01,2,2019-03-01,148,29,204,3,496,glm_ar1,expanding,79,24,40
ABW,2019-01-01,3,2019-04-01,314,63,433,6,1051,glm_ar1,expanding,79,24,26
ABW,2019-01-01,4,2019-05-01,538,107,742,11,1799,glm_ar1,expanding,79,24,5
ABW,2019-01-01,5,2019-06-01,792,158,1091,16,2645,glm_ar1,expanding,79,24,0
ABW,2019-01-01,6,2019-07-01,1044,208,1438,21,3487,glm_ar1,expanding,79,24,NA
AFG,2019-01-01,1,2019-02-01,NA,NA,NA,NA,NA,glm_ar1,expanding,0,0,NA
AFG,2019-01-01,2,2019-03-01,NA,NA,NA,NA,NA,glm_ar1,expanding,0,0,NA
AFG,2019-01-01,3,2019-04-01,NA,NA,NA,NA,NA,glm_ar1,expanding,0,0,NA
AFG,2019-01-01,4,2019-05-01,NA,NA,NA,NA,NA,glm_ar1,expanding,0,0,NA
AFG,2019-01-01,5,2019-06-01,NA,NA,NA,NA,NA,glm_ar1,expanding,0,0,NA
AFG,2019-01-01,6,2019-07-01,NA,NA,NA,NA,NA,glm_ar1,expanding,0,0,NA
ARG,2019-01-01,1,2019-02-01,347,69,478,7,1159,glm_ar1,expanding,102,0,392
ARG,2019-01-01,2,2019-03-01,577,115,796,12,1930,glm_ar1,expanding,102,0,876
ARG,2019-01-01,3,2019-04-01,832,166,1147,17,2781,glm_ar1,expanding,102,0,851
ARG,2019-01-01,4,2019-05-01,1082,216,1491,22,3616,glm_ar1,expanding,102,0,785
ARG,2019-01-01,5,2019-06-01,1307,261,1800,27,4365,glm_ar1,expanding,102,0,80
ARG,2019-01-01,6,2019-07-01,1496,299,2061,31,4997,glm_ar1,expanding,102,0,12
ATG,2019-01-01,1,2019-02-01,203,40,279,4,678,glm_ar1,expanding,34,12,64
ATG,2019-01-01,2,2019-03-01,393,78,542,8,1314,glm_ar1,expanding,34,12,50
ATG,2019-01-01,3,2019-04-01,632,126,871,13,2112,glm_ar1,expanding,34,12,21
ATG,2019-01-01,4,2019-05-01,888,177,1224,18,2967,glm_ar1,expanding,34,12,38
ATG,2019-01-01,5,2019-06-01,1134,226,1562,23,3787,glm_ar1,expanding,34,12,38
ATG,2019-01-01,6,2019-07-01,1351,270,1861,28,4513,glm_ar1,expanding,34,12,51
AUS,2019-01-01,1,2019-02-01,329,65,454,7,1100,glm_ar1,expanding,101,0,134
AUS,2019-01-01,2,2019-03-01,556,111,766,11,1859,glm_ar1,expanding,101,0,124
AUS,2019-01-01,3,2019-04-01,810,162,1117,17,2708,glm_ar1,expanding,101,0,139
AUS,2019-01-01,4,2019-05-01,1062,212,1463,22,3547,glm_ar1,expanding,101,0,179
AUS,2019-01-01,5,2019-06-01,1289,257,1775,27,4305,glm_ar1,expanding,101,0,121
AUS,2019-01-01,6,2019-07-01,1481,296,2040,31,4947,glm_ar1,expanding,101,0,151
BES,2019-01-01,1,2019-02-01,NA,NA,NA,NA,NA,glm_ar1,expanding,36,0,NA
BES,2019-01-01,2,2019-03-01,NA,NA,NA,NA,NA,glm_ar1,expanding,36,0,NA
BES,2019-01-01,3,2019-04-01,NA,NA,NA,NA,NA,glm_ar1,expanding,36,0,NA
BES,2019-01-01,4,2019-05-01,NA,NA,NA,NA,NA,glm_ar1,expanding,36,0,NA
BES,2019-01-01,5,2019-06-01,NA,NA,NA,NA,NA,glm_ar1,expanding,36,0,NA
BES,2019-01-01,6,2019-07-01,NA,NA,NA,NA,NA,glm_ar1,expanding,36,0,NA
BFA,2019-01-01,1,2019-02-01,217,43,299,4,725,glm_ar1,expanding,45,0,88
BFA,2019-01-01,2,2019-03-01,413,82,569,8,1379,glm_ar1,expanding,45,0,117
BFA,2019-01-01,3,2019-04-01,654,130,901,13,2186,glm_ar1,expanding,45,0,58
BFA,2019-01-01,4,2019-05-01,910,182,1254,19,3042,glm_ar1,expanding,45,0,NA
BFA,2019-01-01,5,2019-06-01,1154,230,1590,24,3856,glm_ar1,expanding,45,0,NA
BFA,2019-01-01,6,2019-07-01,1368,273,1885,28,4571,glm_ar1,expanding,45,0,NA
BGD,2019-01-01,1,2019-02-01,120,24,165,2,401,glm_ar1,expanding,107,0,18
BGD,2019-01-01,2,2019-03-01,270,54,372,5,903,glm_ar1,expanding,107,0,17
BGD,2019-01-01,3,2019-04-01,483,96,666,10,1614,glm_ar1,expanding,107,0,58
BGD,2019-01-01,4,2019-05-01,732,146,1009,15,2447,glm_ar1,expanding,107,0,193
BGD,2019-01-01,5,2019-06-01,987,197,1360,20,3298,glm_ar1,expanding,107,0,1884
BGD,2019-01-01,6,2019-07-01,1223,244,1685,25,4086,glm_ar1,expanding,107,0,16253
BHS,2019-01-01,1,2019-02-01,NA,NA,NA,NA,NA,glm_ar1,expanding,48,58,NA
BHS,2019-01-01,2,2019-03-01,NA,NA,NA,NA,NA,glm_ar1,expanding,48,58,NA
BHS,2019-01-01,3,2019-04-01,NA,NA,NA,NA,NA,glm_ar1,expanding,48,58,NA
BHS,2019-01-01,4,2019-05-01,NA,NA,NA,NA,NA,glm_ar1,expanding,48,58,NA
BHS,2019-01-01,5,2019-06-01,NA,NA,NA,NA,NA,glm_ar1,expanding,48,58,NA
BHS,2019-01-01,6,2019-07-01,NA,NA,NA,NA,NA,glm_ar1,expanding,48,58,NA
BLM,2019-01-01,1,2019-02-01,NA,NA,NA,NA,NA,glm_ar1,expanding,60,22,NA
BLM,2019-01-01,2,2019-03-01,NA,NA,NA,NA,NA,glm_ar1,expanding,60,22,NA
BLM,2019-01-01,3,2019-04-01,NA,NA,NA,NA,NA,glm_ar1,expanding,60,22,0
BLM,2019-01-01,4,2019-05-01,NA,NA,NA,NA,NA,glm_ar1,expanding,60,22,0
BLM,2019-01-01,5,2019-06-01,NA,NA,NA,NA,NA,glm_ar1,expanding,60,22,0
BLM,2019-01-01,6,2019-07-01,NA,NA,NA,NA,NA,glm_ar1,expanding,60,22,0
BLZ,2019-01-01,1,2019-02-01,453,90,624,9,1514,glm_ar1,expanding,107,0,212
BLZ,2019-01-01,2,2019-03-01,699,140,964,14,2337,glm_ar1,expanding,107,0,292
BLZ,2019-01-01,3,2019-04-01,955,191,1316,20,3191,glm_ar1,expanding,107,0,182
BLZ,2019-01-01,4,2019-05-01,1194,238,1646,25,3990,glm_ar1,expanding,107,0,261
BLZ,2019-01-01,5,2019-06-01,1402,280,1932,29,4685,glm_ar1,expanding,107,0,811
BLZ,2019-01-01,6,2019-07-01,1574,314,2168,33,5257,glm_ar1,expanding,107,0,1191
BOL,2019-01-01,1,2019-02-01,1751,350,2412,36,5849,glm_ar1,expanding,102,0,2049
BOL,2019-01-01,2,2019-03-01,1846,369,2543,38,6166,glm_ar1,expanding,102,0,2025
BOL,2019-01-01,3,2019-04-01,1917,383,2641,40,6404,glm_ar1,expanding,102,0,1685
BOL,2019-01-01,4,2019-05-01,1970,393,2714,41,6580,glm_ar1,expanding,102,0,1438
BOL,2019-01-01,5,2019-06-01,2009,401,2767,42,6710,glm_ar1,expanding,102,0,1181
BOL,2019-01-01,6,2019-07-01,2037,407,2807,42,6805,glm_ar1,expanding,102,0,788
BRA,2019-01-01,1,2019-02-01,39052,7806,53802,817,130437,glm_ar1,expanding,100,0,191525
BRA,2019-01-01,2,2019-03-01,17176,3433,23663,359,57370,glm_ar1,expanding,100,0,412318
BRA,2019-01-01,3,2019-04-01,9519,1903,13115,199,31795,glm_ar1,expanding,100,0,501116
BRA,2019-01-01,4,2019-05-01,6229,1245,8582,130,20806,glm_ar1,expanding,100,0,479899
BRA,2019-01-01,5,2019-06-01,4593,918,6328,96,15342,glm_ar1,expanding,100,0,242647
BRA,2019-01-01,6,2019-07-01,3690,737,5084,77,12325,glm_ar1,expanding,100,0,73948
BRB,2019-01-01,1,2019-02-01,31,6,43,0,105,glm_ar1,expanding,106,0,9
BRB,2019-01-01,2,2019-03-01,105,21,144,2,350,glm_ar1,expanding,106,0,3
BRB,2019-01-01,3,2019-04-01,245,49,338,5,820,glm_ar1,expanding,106,0,8
BRB,2019-01-01,4,2019-05-01,450,90,621,9,1505,glm_ar1,expanding,106,0,11
BRB,2019-01-01,5,2019-06-01,697,139,960,14,2328,glm_ar1,expanding,106,0,13
BRB,2019-01-01,6,2019-07-01,952,190,1312,20,3182,glm_ar1,expanding,106,0,7
BRN,2019-01-01,1,2019-02-01,90,18,124,2,300,glm_ar1,expanding,105,0,16
BRN,2019-01-01,2,2019-03-01,220,44,303,4,734,glm_ar1,expanding,105,0,15
BRN,2019-01-01,3,2019-04-01,416,83,574,8,1392,glm_ar1,expanding,105,0,14
BRN,2019-01-01,4,2019-05-01,658,131,907,13,2200,glm_ar1,expanding,105,0,13
BRN,2019-01-01,5,2019-06-01,915,183,1260,19,3056,glm_ar1,expanding,105,0,13
BRN,2019-01-01,6,2019-07-01,1158,231,1595,24,3868,glm_ar1,expanding,105,0,15
BTN,2019-01-01,1,2019-02-01,612,122,843,12,2045,glm_ar1,expanding,71,36,186
BTN,2019-01-01,2,2019-03-01,868,173,1196,18,2900,glm_ar1,expanding,71,36,307
BTN,2019-01-01,3,2019-04-01,1115,223,1536,23,3725,glm_ar1,expanding,71,36,302
BTN,2019-01-01,4,2019-05-01,1335,267,1839,28,4460,glm_ar1,expanding,71,36,238
BTN,2019-01-01,5,2019-06-01,1519,303,2093,31,5074,glm_ar1,expanding,71,36,299
BTN,2019-01-01,6,2019-07-01,1667,333,2296,35,5568,glm_ar1,expanding,71,36,371
CHL,2019-01-01,1,2019-02-01,NA,NA,NA,NA,NA,glm_ar1,expanding,36,46,NA
CHL,2019-01-01,2,2019-03-01,NA,NA,NA,NA,NA,glm_ar1,expanding,36,46,NA
CHL,2019-01-01,3,2019-04-01,NA,NA,NA,NA,NA,glm_ar1,expanding,36,46,NA
CHL,2019-01-01,4,2019-05-01,NA,NA,NA,NA,NA,glm_ar1,expanding,36,46,NA
CHL,2019-01-01,5,2019-06-01,NA,NA,NA,NA,NA,glm_ar1,expanding,36,46,NA
CHL,2019-01-01,6,2019-07-01,NA,NA,NA,NA,NA,glm_ar1,expanding,36,46,NA
CHN,2019-01-01,1,2019-02-01,387,77,533,8,1292,glm_ar1,expanding,107,0,82
CHN,2019-01-01,2,2019-03-01,624,125,860,13,2086,glm_ar1,expanding,107,0,82
CHN,2019-01-01,3,2019-04-01,880,176,1213,18,2942,glm_ar1,expanding,107,0,148
CHN,2019-01-01,4,2019-05-01,1127,225,1552,23,3764,glm_ar1,expanding,107,0,329
CHN,2019-01-01,5,2019-06-01,1345,269,1853,28,4493,glm_ar1,expanding,107,0,791
CHN,2019-01-01,6,2019-07-01,1527,305,2104,32,5102,glm_ar1,expanding,107,0,1268
CIV,2019-01-01,1,2019-02-01,NA,NA,NA,NA,NA,glm_ar1,expanding,0,0,NA
CIV,2019-01-01,2,2019-03-01,NA,NA,NA,NA,NA,glm_ar1,expanding,0,0,NA
CIV,2019-01-01,3,2019-04-01,NA,NA,NA,NA,NA,glm_ar1,expanding,0,0,NA
CIV,2019-01-01,4,2019-05-01,NA,NA,NA,NA,NA,glm_ar1,expanding,0,0,NA
CIV,2019-01-01,5,2019-06-01,NA,NA,NA,NA,NA,glm_ar1,expanding,0,0,NA
CIV,2019-01-01,6,2019-07-01,NA,NA,NA,NA,NA,glm_ar1,expanding,0,0,NA
COK,2019-01-01,1,2019-02-01,14,3,20,0,48,glm_ar1,expanding,25,36,15
COK,2019-01-01,2,2019-03-01,61,12,84,1,204,glm_ar1,expanding,25,36,39
COK,2019-01-01,3,2019-04-01,167,33,230,3,559,glm_ar1,expanding,25,36,14
COK,2019-01-01,4,2019-05-01,342,68,472,7,1144,glm_ar1,expanding,25,36,15
COK,2019-01-01,5,2019-06-01,572,114,788,12,1912,glm_ar1,expanding,25,36,11
COK,2019-01-01,6,2019-07-01,827,165,1139,17,2763,glm_ar1,expanding,25,36,8
COL,2019-01-01,1,2019-02-01,5776,1154,7958,121,19294,glm_ar1,expanding,108,0,7268
COL,2019-01-01,2,2019-03-01,4351,869,5994,91,14532,glm_ar1,expanding,108,0,9760
COL,2019-01-01,3,2019-04-01,3549,709,4889,74,11855,glm_ar1,expanding,108,0,9010
COL,2019-01-01,4,2019-05-01,3066,613,4224,64,10241,glm_ar1,expanding,108,0,11469
COL,2019-01-01,5,2019-06-01,2760,551,3803,57,9220,glm_ar1,expanding,108,0,16655
COL,2019-01-01,6,2019-07-01,2559,511,3526,53,8549,glm_ar1,expanding,108,0,12865
CRI,2019-01-01,1,2019-02-01,339,68,468,7,1135,glm_ar1,expanding,107,0,190
CRI,2019-01-01,2,2019-03-01,569,113,784,12,1900,glm_ar1,expanding,107,0,225
CRI,2019-01-01,3,2019-04-01,823,164,1135,17,2751,glm_ar1,expanding,107,0,239
CRI,2019-01-01,4,2019-05-01,1074,214,1479,22,3587,glm_ar1,expanding,107,0,525
CRI,2019-01-01,5,2019-06-01,1299,259,1790,27,4340,glm_ar1,expanding,107,0,1081
CRI,2019-01-01,6,2019-07-01,1490,297,2053,31,4977,glm_ar1,expanding,107,0,1231
CUB,2019-01-01,1,2019-02-01,458,91,631,9,1531,glm_ar1,expanding,58,0,122
CUB,2019-01-01,2,2019-03-01,705,141,972,14,2356,glm_ar1,expanding,58,0,110
CUB,2019-01-01,3,2019-04-01,961,192,1324,20,3210,glm_ar1,expanding,58,0,93
CUB,2019-01-01,4,2019-05-01,1200,239,1653,25,4007,glm_ar1,expanding,58,0,143
CUB,2019-01-01,5,2019-06-01,1407,281,1938,29,4699,glm_ar1,expanding,58,0,177
CUB,2019-01-01,6,2019-07-01,1577,315,2173,33,5269,glm_ar1,expanding,58,0,232
CUW,2019-01-01,1,2019-02-01,NA,NA,NA,NA,NA,glm_ar1,expanding,48,0,NA
CUW,2019-01-01,2,2019-03-01,NA,NA,NA,NA,NA,glm_ar1,expanding,48,0,NA
CUW,2019-01-01,3,2019-04-01,NA,NA,NA,NA,NA,glm_ar1,expanding,48,0,NA
CUW,2019-01-01,4,2019-05-01,NA,NA,NA,NA,NA,glm_ar1,expanding,48,0,NA
CUW,2019-01-01,5,2019-06-01,NA,NA,NA,NA,NA,glm_ar1,expanding,48,0,NA
CUW,2019-01-01,6,2019-07-01,NA,NA,NA,NA,NA,glm_ar1,expanding,48,0,NA
CYM,2019-01-01,1,2019-02-01,69,13,95,1,231,glm_ar1,expanding,70,12,0
CYM,2019-01-01,2,2019-03-01,182,36,251,3,609,glm_ar1,expanding,70,12,0
CYM,2019-01-01,3,2019-04-01,364,73,502,7,1217,glm_ar1,expanding,70,12,0
CYM,2019-01-01,4,2019-05-01,598,119,824,12,1999,glm_ar1,expanding,70,12,0
CYM,2019-01-01,5,2019-06-01,854,170,1176,18,2852,glm_ar1,expanding,70,12,0
CYM,2019-01-01,6,2019-07-01,1102,220,1518,23,3682,glm_ar1,expanding,70,12,15
DMA,2019-01-01,1,2019-02-01,272,54,375,5,910,glm_ar1,expanding,82,24,53
DMA,2019-01-01,2,2019-03-01,485,97,669,10,1622,glm_ar1,expanding,82,24,58
DMA,2019-01-01,3,2019-04-01,735,147,1013,15,2455,glm_ar1,expanding,82,24,39
DMA,2019-01-01,4,2019-05-01,990,198,1364,20,3306,glm_ar1,expanding,82,24,50
DMA,2019-01-01,5,2019-06-01,1225,245,1688,25,4093,glm_ar1,expanding,82,24,51
DMA,2019-01-01,6,2019-07-01,1428,285,1968,30,4772,glm_ar1,expanding,82,24,54
DOM,2019-01-01,1,2019-02-01,546,109,753,11,1826,glm_ar1,expanding,107,0,387
DOM,2019-01-01,2,2019-03-01,800,160,1102,16,2673,glm_ar1,expanding,107,0,683
DOM,2019-01-01,3,2019-04-01,1052,210,1449,22,3514,glm_ar1,expanding,107,0,546
DOM,2019-01-01,4,2019-05-01,1280,256,1764,26,4277,glm_ar1,expanding,107,0,752
DOM,2019-01-01,5,2019-06-01,1474,294,2031,30,4924,glm_ar1,expanding,107,0,1607
DOM,2019-01-01,6,2019-07-01,1631,326,2247,34,5449,glm_ar1,expanding,107,0,3028
ECU,2019-01-01,1,2019-02-01,728,145,1003,15,2432,glm_ar1,expanding,99,0,452
ECU,2019-01-01,2,2019-03-01,983,196,1354,20,3284,glm_ar1,expanding,99,0,810
ECU,2019-01-01,3,2019-04-01,1219,243,1680,25,4074,glm_ar1,expanding,99,0,725
ECU,2019-01-01,4,2019-05-01,1423,284,1961,29,4755,glm_ar1,expanding,99,0,986
ECU,2019-01-01,5,2019-06-01,1591,318,2192,33,5314,glm_ar1,expanding,99,0,1268
ECU,2019-01-01,6,2019-07-01,1723,344,2374,36,5755,glm_ar1,expanding,99,0,906
ERI,2019-01-01,1,2019-02-01,NA,NA,NA,NA,NA,glm_ar1,expanding,60,43,NA
ERI,2019-01-01,2,2019-03-01,NA,NA,NA,NA,NA,glm_ar1,expanding,60,43,NA
ERI,2019-01-01,3,2019-04-01,NA,NA,NA,NA,NA,glm_ar1,expanding,60,43,NA
ERI,2019-01-01,4,2019-05-01,NA,NA,NA,NA,NA,glm_ar1,expanding,60,43,NA
ERI,2019-01-01,5,2019-06-01,NA,NA,NA,NA,NA,glm_ar1,expanding,60,43,NA
ERI,2019-01-01,6,2019-07-01,NA,NA,NA,NA,NA,glm_ar1,expanding,60,43,NA
ETH,2019-01-01,1,2019-02-01,NA,NA,NA,NA,NA,glm_ar1,expanding,12,57,NA
ETH,2019-01-01,2,2019-03-01,NA,NA,NA,NA,NA,glm_ar1,expanding,12,57,NA
ETH,2019-01-01,3,2019-04-01,NA,NA,NA,NA,NA,glm_ar1,expanding,12,57,NA
ETH,2019-01-01,4,2019-05-01,NA,NA,NA,NA,NA,glm_ar1,expanding,12,57,NA
ETH,2019-01-01,5,2019-06-01,NA,NA,NA,NA,NA,glm_ar1,expanding,12,57,NA
ETH,2019-01-01,6,2019-07-01,NA,NA,NA,NA,NA,glm_ar1,expanding,12,57,NA
FJI,2019-01-01,1,2019-02-01,1222,244,1684,25,4083,glm_ar1,expanding,99,0,1249
FJI,2019-01-01,2,2019-03-01,1426,285,1964,29,4763,glm_ar1,expanding,99,0,1064
FJI,2019-01-01,3,2019-04-01,1592,318,2194,33,5320,glm_ar1,expanding,99,0,532
FJI,2019-01-01,4,2019-05-01,1724,344,2376,36,5760,glm_ar1,expanding,99,0,438
FJI,2019-01-01,5,2019-06-01,1825,365,2515,38,6098,glm_ar1,expanding,99,0,509
FJI,2019-01-01,6,2019-07-01,1902,380,2620,39,6353,glm_ar1,expanding,99,0,277
FSM,2019-01-01,1,2019-02-01,165,33,228,3,553,glm_ar1,expanding,22,12,59
FSM,2019-01-01,2,2019-03-01,340,68,468,7,1136,glm_ar1,expanding,22,12,37
FSM,2019-01-01,3,2019-04-01,569,114,784,12,1902,glm_ar1,expanding,22,12,44
FSM,2019-01-01,4,2019-05-01,824,164,1135,17,2753,glm_ar1,expanding,22,12,115
FSM,2019-01-01,5,2019-06-01,1074,214,1480,22,3589,glm_ar1,expanding,22,12,219
FSM,2019-01-01,6,2019-07-01,1300,260,1791,27,4342,glm_ar1,expanding,22,12,103
GLP,2019-01-01,1,2019-02-01,580,116,799,12,1939,glm_ar1,expanding,106,0,128
GLP,2019-01-01,2,2019-03-01,835,167,1151,17,2791,glm_ar1,expanding,106,0,103
GLP,2019-01-01,3,2019-04-01,1085,217,1495,22,3624,glm_ar1,expanding,106,0,46
GLP,2019-01-01,4,2019-05-01,1309,261,1803,27,4372,glm_ar1,expanding,106,0,70
GLP,2019-01-01,5,2019-06-01,1498,299,2063,31,5003,glm_ar1,expanding,106,0,98
GLP,2019-01-01,6,2019-07-01,1650,329,2273,34,5511,glm_ar1,expanding,106,0,76
GRD,2019-01-01,1,2019-02-01,54,11,75,1,183,glm_ar1,expanding,95,12,16
GRD,2019-01-01,2,2019-03-01,154,31,213,3,516,glm_ar1,expanding,95,12,18
GRD,2019-01-01,3,2019-04-01,324,64,446,6,1082,glm_ar1,expanding,95,12,9
GRD,2019-01-01,4,2019-05-01,550,110,757,11,1837,glm_ar1,expanding,95,12,20
GRD,2019-01-01,5,2019-06-01,803,160,1107,16,2684,glm_ar1,expanding,95,12,15
GRD,2019-01-01,6,2019-07-01,1055,211,1454,22,3525,glm_ar1,expanding,95,12,17
GTM,2019-01-01,1,2019-02-01,1077,215,1484,22,3599,glm_ar1,expanding,108,0,647
GTM,2019-01-01,2,2019-03-01,1302,260,1794,27,4350,glm_ar1,expanding,108,0,844
GTM,2019-01-01,3,2019-04-01,1492,298,2056,31,4985,glm_ar1,expanding,108,0,753
GTM,2019-01-01,4,2019-05-01,1645,329,2267,34,5497,glm_ar1,expanding,108,0,1402
GTM,2019-01-01,5,2019-06-01,1765,353,2432,37,5897,glm_ar1,expanding,108,0,3650
GTM,2019-01-01,6,2019-07-01,1857,371,2558,39,6202,glm_ar1,expanding,108,0,9037
GUF,2019-01-01,1,2019-02-01,19,3,26,0,64,glm_ar1,expanding,100,0,0
GUF,2019-01-01,2,2019-03-01,74,15,102,1,248,glm_ar1,expanding,100,0,0
GUF,2019-01-01,3,2019-04-01,192,38,265,4,642,glm_ar1,expanding,100,0,2
GUF,2019-01-01,4,2019-05-01,378,75,521,8,1264,glm_ar1,expanding,100,0,4
GUF,2019-01-01,5,2019-06-01,615,123,847,13,2054,glm_ar1,expanding,100,0,19
GUF,2019-01-01,6,2019-07-01,871,174,1199,18,2909,glm_ar1,expanding,100,0,24
GUY,2019-01-01,1,2019-02-01,77,15,106,1,257,glm_ar1,expanding,97,12,17
GUY,2019-01-01,2,2019-03-01,197,39,271,4,659,glm_ar1,expanding,97,12,18
GUY,2019-01-01,3,2019-04-01,385,77,531,8,1288,glm_ar1,expanding,97,12,19
GUY,2019-01-01,4,2019-05-01,623,124,858,13,2081,glm_ar1,expanding,97,12,22
GUY,2019-01-01,5,2019-06-01,879,175,1211,18,2936,glm_ar1,expanding,97,12,20
GUY,2019-01-01,6,2019-07-01,1125,225,1550,23,3759,glm_ar1,expanding,97,12,25
HND,2019-01-01,1,2019-02-01,1739,347,2395,36,5808,glm_ar1,expanding,108,0,1993
HND,2019-01-01,2,2019-03-01,1836,367,2530,38,6134,glm_ar1,expanding,108,0,3593
HND,2019-01-01,3,2019-04-01,1910,381,2631,40,6380,glm_ar1,expanding,108,0,2526
HND,2019-01-01,4,2019-05-01,1965,392,2707,41,6563,glm_ar1,expanding,108,0,4274
HND,2019-01-01,5,2019-06-01,2005,400,2762,42,6697,glm_ar1,expanding,108,0,16111
HND,2019-01-01,6,2019-07-01,2034,406,2803,42,6795,glm_ar1,expanding,108,0,30080
HTI,2019-01-01,1,2019-02-01,31,6,43,0,105,glm_ar1,expanding,9,0,2
HTI,2019-01-01,2,2019-03-01,105,21,144,2,350,glm_ar1,expanding,9,0,5
HTI,2019-01-01,3,2019-04-01,245,49,338,5,820,glm_ar1,expanding,9,0,3
HTI,2019-01-01,4,2019-05-01,450,90,621,9,1505,glm_ar1,expanding,9,0,5
HTI,2019-01-01,5,2019-06-01,697,139,960,14,2328,glm_ar1,expanding,9,0,11
HTI,2019-01-01,6,2019-07-01,952,190,1312,20,3182,glm_ar1,expanding,9,0,9
IDN,2019-01-01,1,2019-02-01,13331,2664,18366,279,44526,glm_ar1,expanding,100,0,24018
IDN,2019-01-01,2,2019-03-01,7934,1586,10931,166,26502,glm_ar1,expanding,100,0,18110
IDN,2019-01-01,3,2019-04-01,5465,1092,7529,114,18254,glm_ar1,expanding,100,0,13642
IDN,2019-01-01,4,2019-05-01,4181,835,5760,87,13965,glm_ar1,expanding,100,0,12556
IDN,2019-01-01,5,2019-06-01,3449,689,4752,72,11521,glm_ar1,expanding,100,0,9514
IDN,2019-01-01,6,2019-07-01,3004,600,4138,63,10033,glm_ar1,expanding,100,0,7738
IND,2019-01-01,1,2019-02-01,6980,1395,9616,146,23314,glm_ar1,expanding,106,0,6443
IND,2019-01-01,2,2019-03-01,4984,996,6867,104,16649,glm_ar1,expanding,106,0,4992
IND,2019-01-01,3,2019-04-01,3913,782,5391,82,13071,glm_ar1,expanding,106,0,3704
IND,2019-01-01,4,2019-05-01,3289,657,4531,68,10986,glm_ar1,expanding,106,0,5131
IND,2019-01-01,5,2019-06-01,2903,580,3999,60,9696,glm_ar1,expanding,106,0,7462
IND,2019-01-01,6,2019-07-01,2654,530,3656,55,8865,glm_ar1,expanding,106,0,12671
JAM,2019-01-01,1,2019-02-01,2088,417,2877,43,6975,glm_ar1,expanding,105,0,1010
JAM,2019-01-01,2,2019-03-01,2095,418,2886,43,6997,glm_ar1,expanding,105,0,312
JAM,2019-01-01,3,2019-04-01,2099,419,2892,44,7012,glm_ar1,expanding,105,0,84
JAM,2019-01-01,4,2019-05-01,2103,420,2897,44,7024,glm_ar1,expanding,105,0,54
JAM,2019-01-01,5,2019-06-01,2105,420,2900,44,7032,glm_ar1,expanding,105,0,192
JAM,2019-01-01,6,2019-07-01,2107,421,2903,44,7038,glm_ar1,expanding,105,0,236
KEN,2019-01-01,1,2019-02-01,NA,NA,NA,NA,NA,glm_ar1,expanding,48,23,NA
KEN,2019-01-01,2,2019-03-01,NA,NA,NA,NA,NA,glm_ar1,expanding,48,23,NA
KEN,2019-01-01,3,2019-04-01,NA,NA,NA,NA,NA,glm_ar1,expanding,48,23,NA
KEN,2019-01-01,4,2019-05-01,NA,NA,NA,NA,NA,glm_ar1,expanding,48,23,NA
KEN,2019-01-01,5,2019-06-01,NA,NA,NA,NA,NA,glm_ar1,expanding,48,23,NA
KEN,2019-01-01,6,2019-07-01,NA,NA,NA,NA,NA,glm_ar1,expanding,48,23,NA
KHM,2019-01-01,1,2019-02-01,2290,457,3155,48,7649,glm_ar1,expanding,108,0,1673
KHM,2019-01-01,2,2019-03-01,2238,447,3083,46,7476,glm_ar1,expanding,108,0,2475
KHM,2019-01-01,3,2019-04-01,2202,440,3033,46,7354,glm_ar1,expanding,108,0,3164
KHM,2019-01-01,4,2019-05-01,2176,435,2998,45,7268,glm_ar1,expanding,108,0,6048
KHM,2019-01-01,5,2019-06-01,2157,431,2972,45,7207,glm_ar1,expanding,108,0,17584
KHM,2019-01-01,6,2019-07-01,2144,428,2954,45,7163,glm_ar1,expanding,108,0,15293
KIR,2019-01-01,1,2019-02-01,9,1,12,0,30,glm_ar1,expanding,70,24,1
KIR,2019-01-01,2,2019-03-01,44,8,61,1,147,glm_ar1,expanding,70,24,0
KIR,2019-01-01,3,2019-04-01,133,26,183,2,443,glm_ar1,expanding,70,24,NA
KIR,2019-01-01,4,2019-05-01,290,58,400,6,970,glm_ar1,expanding,70,24,NA
KIR,2019-01-01,5,2019-06-01,508,101,701,10,1699,glm_ar1,expanding,70,24,NA
KIR,2019-01-01,6,2019-07-01,760,152,1047,16,2539,glm_ar1,expanding,70,24,NA
KNA,2019-01-01,1,2019-02-01,NA,NA,NA,NA,NA,glm_ar1,expanding,36,34,NA
KNA,2019-01-01,2,2019-03-01,NA,NA,NA,NA,NA,glm_ar1,expanding,36,34,NA
KNA,2019-01-01,3,2019-04-01,NA,NA,NA,NA,NA,glm_ar1,expanding,36,34,0
KNA,2019-01-01,4,2019-05-01,NA,NA,NA,NA,NA,glm_ar1,expanding,36,34,0
KNA,2019-01-01,5,2019-06-01,NA,NA,NA,NA,NA,glm_ar1,expanding,36,34,37
KNA,2019-01-01,6,2019-07-01,NA,NA,NA,NA,NA,glm_ar1,expanding,36,34,0
LAO,2019-01-01,1,2019-02-01,849,170,1170,17,2838,glm_ar1,expanding,108,0,430
LAO,2019-01-01,2,2019-03-01,1098,219,1513,23,3668,glm_ar1,expanding,108,0,584
LAO,2019-01-01,3,2019-04-01,1320,264,1819,27,4411,glm_ar1,expanding,108,0,1217
LAO,2019-01-01,4,2019-05-01,1507,301,2076,31,5034,glm_ar1,expanding,108,0,2038
LAO,2019-01-01,5,2019-06-01,1657,331,2283,34,5536,glm_ar1,expanding,108,0,6637
LAO,2019-01-01,6,2019-07-01,1774,354,2444,37,5927,glm_ar1,expanding,108,0,8937
LCA,2019-01-01,1,2019-02-01,9,1,12,0,30,glm_ar1,expanding,95,12,1
LCA,2019-01-01,2,2019-03-01,44,8,61,1,147,glm_ar1,expanding,95,12,NA
LCA,2019-01-01,3,2019-04-01,133,26,183,2,443,glm_ar1,expanding,95,12,NA
LCA,2019-01-01,4,2019-05-01,290,58,400,6,970,glm_ar1,expanding,95,12,NA
LCA,2019-01-01,5,2019-06-01,508,101,701,10,1699,glm_ar1,expanding,95,12,NA
LCA,2019-01-01,6,2019-07-01,760,152,1047,16,2539,glm_ar1,expanding,95,12,NA
LKA,2019-01-01,1,2019-02-01,6861,1371,9452,143,22916,glm_ar1,expanding,108,0,6719
LKA,2019-01-01,2,2019-03-01,4923,984,6783,103,16444,glm_ar1,expanding,108,0,5357
LKA,2019-01-01,3,2019-04-01,3879,775,5344,81,12956,glm_ar1,expanding,108,0,5377
LKA,2019-01-01,4,2019-05-01,3268,653,4502,68,10916,glm_ar1,expanding,108,0,6189
LKA,2019-01-01,5,2019-06-01,2890,577,3981,60,9652,glm_ar1,expanding,108,0,9594
LKA,2019-01-01,6,2019-07-01,2645,528,3644,55,8835,glm_ar1,expanding,108,0,11924
MAF,2019-01-01,1,2019-02-01,85,17,117,1,283,glm_ar1,expanding,104,0,19
MAF,2019-01-01,2,2019-03-01,211,42,291,4,705,glm_ar1,expanding,104,0,11
MAF,2019-01-01,3,2019-04-01,404,81,557,8,1352,glm_ar1,expanding,104,0,10
MAF,2019-01-01,4,2019-05-01,645,129,889,13,2155,glm_ar1,expanding,104,0,17
MAF,2019-01-01,5,2019-06-01,901,180,1241,18,3010,glm_ar1,expanding,104,0,18
MAF,2019-01-01,6,2019-07-01,1146,229,1578,24,3827,glm_ar1,expanding,104,0,10
MDV,2019-01-01,1,2019-02-01,810,162,1116,17,2707,glm_ar1,expanding,108,0,290
MDV,2019-01-01,2,2019-03-01,1061,212,1462,22,3546,glm_ar1,expanding,108,0,284
MDV,2019-01-01,3,2019-04-01,1288,257,1775,27,4304,glm_ar1,expanding,108,0,307
MDV,2019-01-01,4,2019-05-01,1481,296,2040,31,4947,glm_ar1,expanding,108,0,416
MDV,2019-01-01,5,2019-06-01,1636,327,2255,34,5467,glm_ar1,expanding,108,0,544
MDV,2019-01-01,6,2019-07-01,1758,351,2422,36,5874,glm_ar1,expanding,108,0,588
MEX,2019-01-01,1,2019-02-01,2847,569,3922,59,9510,glm_ar1,expanding,108,0,3137
MEX,2019-01-01,2,2019-03-01,2617,523,3605,54,8742,glm_ar1,expanding,108,0,4243
MEX,2019-01-01,3,2019-04-01,2463,492,3394,51,8228,glm_ar1,expanding,108,0,3094
MEX,2019-01-01,4,2019-05-01,2359,471,3249,49,7879,glm_ar1,expanding,108,0,5160
MEX,2019-01-01,5,2019-06-01,2286,457,3150,47,7636,glm_ar1,expanding,108,0,11075
MEX,2019-01-01,6,2019-07-01,2235,447,3080,46,7467,glm_ar1,expanding,108,0,14300
MHL,2019-01-01,1,2019-02-01,269,53,371,5,899,glm_ar1,expanding,20,72,108
MHL,2019-01-01,2,2019-03-01,481,96,663,10,1608,glm_ar1,expanding,20,72,170
MHL,2019-01-01,3,2019-04-01,730,146,1006,15,2441,glm_ar1,expanding,20,72,45
MHL,2019-01-01,4,2019-05-01,985,197,1358,20,3292,glm_ar1,expanding,20,72,35
MHL,2019-01-01,5,2019-06-01,1221,244,1683,25,4081,glm_ar1,expanding,20,72,29
MHL,2019-01-01,6,2019-07-01,1425,285,1964,29,4761,glm_ar1,expanding,20,72,36
MMR,2019-01-01,1,2019-02-01,82,16,113,1,275,glm_ar1,expanding,108,0,13
MMR,2019-01-01,2,2019-03-01,206,41,284,4,690,glm_ar1,expanding,108,0,102
MMR,2019-01-01,3,2019-04-01,398,79,549,8,1331,glm_ar1,expanding,108,0,285
MMR,2019-01-01,4,2019-05-01,638,127,879,13,2131,glm_ar1,expanding,108,0,1949
MMR,2019-01-01,5,2019-06-01,894,178,1232,18,2986,glm_ar1,expanding,108,0,5453
MMR,2019-01-01,6,2019-07-01,1139,227,1569,23,3805,glm_ar1,expanding,108,0,5659
MRT,2019-01-01,1,2019-02-01,NA,NA,NA,NA,NA,glm_ar1,expanding,12,9,NA
MRT,2019-01-01,2,2019-03-01,NA,NA,NA,NA,NA,glm_ar1,expanding,12,9,NA
MRT,2019-01-01,3,2019-04-01,NA,NA,NA,NA,NA,glm_ar1,expanding,12,9,NA
MRT,2019-01-01,4,2019-05-01,NA,NA,NA,NA,NA,glm_ar1,expanding,12,9,NA
MRT,2019-01-01,5,2019-06-01,NA,NA,NA,NA,NA,glm_ar1,expanding,12,9,NA
MRT,2019-01-01,6,2019-07-01,NA,NA,NA,NA,NA,glm_ar1,expanding,12,9,NA
MTQ,2019-01-01,1,2019-02-01,269,53,371,5,899,glm_ar1,expanding,105,0,140
MTQ,2019-01-01,2,2019-03-01,481,96,663,10,1608,glm_ar1,expanding,105,0,121
MTQ,2019-01-01,3,2019-04-01,730,146,1006,15,2441,glm_ar1,expanding,105,0,43
MTQ,2019-01-01,4,2019-05-01,985,197,1358,20,3292,glm_ar1,expanding,105,0,22
MTQ,2019-01-01,5,2019-06-01,1221,244,1683,25,4081,glm_ar1,expanding,105,0,42
MTQ,2019-01-01,6,2019-07-01,1425,285,1964,29,4761,glm_ar1,expanding,105,0,68
MYS,2019-01-01,1,2019-02-01,8837,1766,12174,185,29516,glm_ar1,expanding,108,0,11019
MYS,2019-01-01,2,2019-03-01,5905,1180,8135,123,19723,glm_ar1,expanding,108,0,11565
MYS,2019-01-01,3,2019-04-01,4420,883,6089,92,14764,glm_ar1,expanding,108,0,6657
MYS,2019-01-01,4,2019-05-01,3590,717,4945,75,11990,glm_ar1,expanding,108,0,8233
MYS,2019-01-01,5,2019-06-01,3091,618,4259,64,10325,glm_ar1,expanding,108,0,12642
MYS,2019-01-01,6,2019-07-01,2776,555,3825,58,9274,glm_ar1,expanding,108,0,13557
NCL,2019-01-01,1,2019-02-01,705,141,971,14,2355,glm_ar1,expanding,77,12,724
NCL,2019-01-01,2,2019-03-01,961,192,1323,20,3209,glm_ar1,expanding,77,12,1127
NCL,2019-01-01,3,2019-04-01,1199,239,1652,25,4007,glm_ar1,expanding,77,12,795
NCL,2019-01-01,4,2019-05-01,1407,281,1938,29,4699,glm_ar1,expanding,77,12,491
NCL,2019-01-01,5,2019-06-01,1577,315,2173,33,5269,glm_ar1,expanding,77,12,238
NCL,2019-01-01,6,2019-07-01,1712,342,2359,35,5720,glm_ar1,expanding,77,12,48
NIC,2019-01-01,1,2019-02-01,5298,1059,7299,111,17695,glm_ar1,expanding,107,0,5898
NIC,2019-01-01,2,2019-03-01,4088,817,5633,85,13656,glm_ar1,expanding,107,0,5764
NIC,2019-01-01,3,2019-04-01,3394,678,4676,71,11337,glm_ar1,expanding,107,0,3487
NIC,2019-01-01,4,2019-05-01,2969,593,4091,62,9918,glm_ar1,expanding,107,0,5810
NIC,2019-01-01,5,2019-06-01,2697,539,3716,56,9010,glm_ar1,expanding,107,0,15437
NIC,2019-01-01,6,2019-07-01,2517,503,3468,52,8409,glm_ar1,expanding,107,0,18996
NPL,2019-01-01,1,2019-02-01,31,6,43,0,105,glm_ar1,expanding,107,0,0
NPL,2019-01-01,2,2019-03-01,105,21,144,2,350,glm_ar1,expanding,107,0,4
NPL,2019-01-01,3,2019-04-01,245,49,338,5,820,glm_ar1,expanding,107,0,5
NPL,2019-01-01,4,2019-05-01,450,90,621,9,1505,glm_ar1,expanding,107,0,50
NPL,2019-01-01,5,2019-06-01,697,139,960,14,2328,glm_ar1,expanding,107,0,188
NPL,2019-01-01,6,2019-07-01,952,190,1312,20,3182,glm_ar1,expanding,107,0,379
OMN,2019-01-01,1,2019-02-01,94,19,130,2,316,glm_ar1,expanding,10,0,4
OMN,2019-01-01,2,2019-03-01,228,45,314,4,763,glm_ar1,expanding,10,0,4
OMN,2019-01-01,3,2019-04-01,428,85,590,9,1430,glm_ar1,expanding,10,0,2
OMN,2019-01-01,4,2019-05-01,671,134,925,14,2243,glm_ar1,expanding,10,0,4
OMN,2019-01-01,5,2019-06-01,927,185,1278,19,3099,glm_ar1,expanding,10,0,3
OMN,2019-01-01,6,2019-07-01,1170,233,1611,24,3907,glm_ar1,expanding,10,0,9
PAK,2019-01-01,1,2019-02-01,574,114,791,12,1919,glm_ar1,expanding,107,0,285
PAK,2019-01-01,2,2019-03-01,829,165,1142,17,2770,glm_ar1,expanding,107,0,701
PAK,2019-01-01,3,2019-04-01,1079,215,1487,22,3605,glm_ar1,expanding,107,0,1429
PAK,2019-01-01,4,2019-05-01,1304,260,1796,27,4356,glm_ar1,expanding,107,0,1654
PAK,2019-01-01,5,2019-06-01,1494,298,2058,31,4989,glm_ar1,expanding,107,0,1083
PAK,2019-01-01,6,2019-07-01,1647,329,2269,34,5500,glm_ar1,expanding,107,0,743
PAN,2019-01-01,1,2019-02-01,899,179,1239,18,3004,glm_ar1,expanding,106,0,322
PAN,2019-01-01,2,2019-03-01,1144,228,1576,24,3821,glm_ar1,expanding,106,0,226
PAN,2019-01-01,3,2019-04-01,1360,271,1873,28,4542,glm_ar1,expanding,106,0,163
PAN,2019-01-01,4,2019-05-01,1539,307,2120,32,5141,glm_ar1,expanding,106,0,192
PAN,2019-01-01,5,2019-06-01,1682,336,2318,35,5620,glm_ar1,expanding,106,0,411
PAN,2019-01-01,6,2019-07-01,1794,358,2471,37,5992,glm_ar1,expanding,106,0,537
PER,2019-01-01,1,2019-02-01,1719,343,2369,36,5743,glm_ar1,expanding,101,0,1502
PER,2019-01-01,2,2019-03-01,1822,364,2510,38,6085,glm_ar1,expanding,101,0,1198
PER,2019-01-01,3,2019-04-01,1899,379,2616,39,6343,glm_ar1,expanding,101,0,767
PER,2019-01-01,4,2019-05-01,1956,391,2696,41,6536,glm_ar1,expanding,101,0,1013
PER,2019-01-01,5,2019-06-01,1999,399,2754,41,6677,glm_ar1,expanding,101,0,1426
PER,2019-01-01,6,2019-07-01,2030,405,2797,42,6781,glm_ar1,expanding,101,0,636
PHL,2019-01-01,1,2019-02-01,15908,3180,21915,333,53132,glm_ar1,expanding,106,0,20528
PHL,2019-01-01,2,2019-03-01,9009,1800,12411,188,30090,glm_ar1,expanding,106,0,15726
PHL,2019-01-01,3,2019-04-01,5987,1197,8248,125,19998,glm_ar1,expanding,106,0,9104
PHL,2019-01-01,4,2019-05-01,4464,892,6150,93,14911,glm_ar1,expanding,106,0,12360
PHL,2019-01-01,5,2019-06-01,3615,722,4981,75,12076,glm_ar1,expanding,106,0,39345
PHL,2019-01-01,6,2019-07-01,3107,621,4281,65,10378,glm_ar1,expanding,106,0,73617
PLW,2019-01-01,1,2019-02-01,169,34,233,3,566,glm_ar1,expanding,34,72,31
PLW,2019-01-01,2,2019-03-01,346,69,476,7,1155,glm_ar1,expanding,34,72,59
PLW,2019-01-01,3,2019-04-01,576,115,794,12,1925,glm_ar1,expanding,34,72,80
PLW,2019-01-01,4,2019-05-01,831,166,1145,17,2777,glm_ar1,expanding,34,72,85
PLW,2019-01-01,5,2019-06-01,1081,216,1489,22,3611,glm_ar1,expanding,34,72,277
PLW,2019-01-01,6,2019-07-01,1305,261,1799,27,4361,glm_ar1,expanding,34,72,234
PRI,2019-01-01,1,2019-02-01,NA,NA,NA,NA,NA,glm_ar1,expanding,72,34,NA
PRI,2019-01-01,2,2019-03-01,NA,NA,NA,NA,NA,glm_ar1,expanding,72,34,NA
PRI,2019-01-01,3,2019-04-01,NA,NA,NA,NA,NA,glm_ar1,expanding,72,34,0
PRI,2019-01-01,4,2019-05-01,NA,NA,NA,NA,NA,glm_ar1,expanding,72,34,0
PRI,2019-01-01,5,2019-06-01,NA,NA,NA,NA,NA,glm_ar1,expanding,72,34,0
PRI,2019-01-01,6,2019-07-01,NA,NA,NA,NA,NA,glm_ar1,expanding,72,34,0
PRY,2019-01-01,1,2019-02-01,165,33,228,3,553,glm_ar1,expanding,103,0,195
PRY,2019-01-01,2,2019-03-01,340,68,468,7,1136,glm_ar1,expanding,103,0,2142
PRY,2019-01-01,3,2019-04-01,569,114,784,12,1902,glm_ar1,expanding,103,0,1096
PRY,2019-01-01,4,2019-05-01,824,164,1135,17,2753,glm_ar1,expanding,103,0,1247
PRY,2019-01-01,5,2019-06-01,1074,214,1480,22,3589,glm_ar1,expanding,103,0,3100
PRY,2019-01-01,6,2019-07-01,1300,260,1791,27,4342,glm_ar1,expanding,103,0,27
PYF,2019-01-01,1,2019-02-01,494,98,681,10,1652,glm_ar1,expanding,81,24,193
PYF,2019-01-01,2,2019-03-01,744,149,1026,15,2487,glm_ar1,expanding,81,24,205
PYF,2019-01-01,3,2019-04-01,999,199,1376,21,3337,glm_ar1,expanding,81,24,168
PYF,2019-01-01,4,2019-05-01,1234,246,1700,25,4121,glm_ar1,expanding,81,24,152
PYF,2019-01-01,5,2019-06-01,1435,287,1977,30,4795,glm_ar1,expanding,81,24,131
PYF,2019-01-01,6,2019-07-01,1600,320,2205,33,5345,glm_ar1,expanding,81,24,159
REU,2019-01-01,1,2019-02-01,763,152,1051,16,2548,glm_ar1,expanding,63,36,1233
REU,2019-01-01,2,2019-03-01,1016,203,1400,21,3395,glm_ar1,expanding,63,36,5076
REU,2019-01-01,3,2019-04-01,1249,249,1721,26,4172,glm_ar1,expanding,63,36,5712
REU,2019-01-01,4,2019-05-01,1448,289,1995,30,4837,glm_ar1,expanding,63,36,3804
REU,2019-01-01,5,2019-06-01,1610,322,2219,33,5380,glm_ar1,expanding,63,36,1195
REU,2019-01-01,6,2019-07-01,1738,347,2395,36,5806,glm_ar1,expanding,63,36,300
SAU,2019-01-01,1,2019-02-01,453,90,624,9,1514,glm_ar1,expanding,100,0,252
SAU,2019-01-01,2,2019-03-01,699,140,964,14,2337,glm_ar1,expanding,100,0,142
SAU,2019-01-01,3,2019-04-01,955,191,1316,20,3191,glm_ar1,expanding,100,0,183
SAU,2019-01-01,4,2019-05-01,1194,238,1646,25,3990,glm_ar1,expanding,100,0,267
SAU,2019-01-01,5,2019-06-01,1402,280,1932,29,4685,glm_ar1,expanding,100,0,247
SAU,2019-01-01,6,2019-07-01,1574,314,2168,33,5257,glm_ar1,expanding,100,0,173
SDN,2019-01-01,1,2019-02-01,NA,NA,NA,NA,NA,glm_ar1,expanding,48,57,NA
SDN,2019-01-01,2,2019-03-01,NA,NA,NA,NA,NA,glm_ar1,expanding,48,57,NA
SDN,2019-01-01,3,2019-04-01,NA,NA,NA,NA,NA,glm_ar1,expanding,48,57,NA
SDN,2019-01-01,4,2019-05-01,NA,NA,NA,NA,NA,glm_ar1,expanding,48,57,NA
SDN,2019-01-01,5,2019-06-01,NA,NA,NA,NA,NA,glm_ar1,expanding,48,57,NA
SDN,2019-01-01,6,2019-07-01,NA,NA,NA,NA,NA,glm_ar1,expanding,48,57,NA
SEN,2019-01-01,1,2019-02-01,14,3,20,0,48,glm_ar1,expanding,21,0,1
SEN,2019-01-01,2,2019-03-01,61,12,84,1,204,glm_ar1,expanding,21,0,1
SEN,2019-01-01,3,2019-04-01,167,33,230,3,559,glm_ar1,expanding,21,0,0
SEN,2019-01-01,4,2019-05-01,342,68,472,7,1144,glm_ar1,expanding,21,0,NA
SEN,2019-01-01,5,2019-06-01,572,114,788,12,1912,glm_ar1,expanding,21,0,NA
SEN,2019-01-01,6,2019-07-01,827,165,1139,17,2763,glm_ar1,expanding,21,0,NA
SGP,2019-01-01,1,2019-02-01,1289,257,1776,27,4306,glm_ar1,expanding,108,0,708
SGP,2019-01-01,2,2019-03-01,1481,296,2041,31,4948,glm_ar1,expanding,108,0,548
SGP,2019-01-01,3,2019-04-01,1637,327,2255,34,5468,glm_ar1,expanding,108,0,611
SGP,2019-01-01,4,2019-05-01,1759,351,2423,36,5875,glm_ar1,expanding,108,0,1378
SGP,2019-01-01,5,2019-06-01,1852,370,2551,38,6185,glm_ar1,expanding,108,0,2386
SGP,2019-01-01,6,2019-07-01,1921,384,2647,40,6418,glm_ar1,expanding,108,0,2517
SLB,2019-01-01,1,2019-02-01,79,16,110,1,266,glm_ar1,expanding,46,24,25
SLB,2019-01-01,2,2019-03-01,202,40,278,4,675,glm_ar1,expanding,46,24,86
SLB,2019-01-01,3,2019-04-01,392,78,540,8,1310,glm_ar1,expanding,46,24,18
SLB,2019-01-01,4,2019-05-01,630,126,869,13,2106,glm_ar1,expanding,46,24,57
SLB,2019-01-01,5,2019-06-01,886,177,1221,18,2962,glm_ar1,expanding,46,24,54
SLB,2019-01-01,6,2019-07-01,1132,226,1560,23,3782,glm_ar1,expanding,46,24,15
SLV,2019-01-01,1,2019-02-01,937,187,1291,19,3130,glm_ar1,expanding,108,0,623
SLV,2019-01-01,2,2019-03-01,1178,235,1623,24,3936,glm_ar1,expanding,108,0,851
SLV,2019-01-01,3,2019-04-01,1389,277,1913,29,4639,glm_ar1,expanding,108,0,645
SLV,2019-01-01,4,2019-05-01,1563,312,2153,32,5220,glm_ar1,expanding,108,0,992
SLV,2019-01-01,5,2019-06-01,1701,340,2344,35,5682,glm_ar1,expanding,108,0,2817
SLV,2019-01-01,6,2019-07-01,1808,361,2491,37,6039,glm_ar1,expanding,108,0,4191
SUR,2019-01-01,1,2019-02-01,35,7,48,0,117,glm_ar1,expanding,58,48,21
SUR,2019-01-01,2,2019-03-01,113,22,156,2,378,glm_ar1,expanding,58,48,3
SUR,2019-01-01,3,2019-04-01,259,51,357,5,866,glm_ar1,expanding,58,48,0
SUR,2019-01-01,4,2019-05-01,469,93,646,9,1566,glm_ar1,expanding,58,48,2
SUR,2019-01-01,5,2019-06-01,717,143,987,15,2394,glm_ar1,expanding,58,48,5
SUR,2019-01-01,6,2019-07-01,972,194,1339,20,3247,glm_ar1,expanding,58,48,2
SXM,2019-01-01,1,2019-02-01,NA,NA,NA,NA,NA,glm_ar1,expanding,36,70,NA
SXM,2019-01-01,2,2019-03-01,NA,NA,NA,NA,NA,glm_ar1,expanding,36,70,NA
SXM,2019-01-01,3,2019-04-01,NA,NA,NA,NA,NA,glm_ar1,expanding,36,70,NA
SXM,2019-01-01,4,2019-05-01,NA,NA,NA,NA,NA,glm_ar1,expanding,36,70,NA
SXM,2019-01-01,5,2019-06-01,NA,NA,NA,NA,NA,glm_ar1,expanding,36,70,NA
SXM,2019-01-01,6,2019-07-01,NA,NA,NA,NA,NA,glm_ar1,expanding,36,70,NA
SYC,2019-01-01,1,2019-02-01,NA,NA,NA,NA,NA,glm_ar1,expanding,24,7,NA
SYC,2019-01-01,2,2019-03-01,NA,NA,NA,NA,NA,glm_ar1,expanding,24,7,NA
SYC,2019-01-01,3,2019-04-01,NA,NA,NA,NA,NA,glm_ar1,expanding,24,7,NA
SYC,2019-01-01,4,2019-05-01,NA,NA,NA,NA,NA,glm_ar1,expanding,24,7,NA
SYC,2019-01-01,5,2019-06-01,NA,NA,NA,NA,NA,glm_ar1,expanding,24,7,NA
SYC,2019-01-01,6,2019-07-01,NA,NA,NA,NA,NA,glm_ar1,expanding,24,7,NA
TCA,2019-01-01,1,2019-02-01,NA,NA,NA,NA,NA,glm_ar1,expanding,60,9,NA
TCA,2019-01-01,2,2019-03-01,NA,NA,NA,NA,NA,glm_ar1,expanding,60,9,NA
TCA,2019-01-01,3,2019-04-01,NA,NA,NA,NA,NA,glm_ar1,expanding,60,9,NA
TCA,2019-01-01,4,2019-05-01,NA,NA,NA,NA,NA,glm_ar1,expanding,60,9,3
TCA,2019-01-01,5,2019-06-01,NA,NA,NA,NA,NA,glm_ar1,expanding,60,9,0
TCA,2019-01-01,6,2019-07-01,NA,NA,NA,NA,NA,glm_ar1,expanding,60,9,0
THA,2019-01-01,1,2019-02-01,4362,872,6009,91,14569,glm_ar1,expanding,108,0,4984
THA,2019-01-01,2,2019-03-01,3556,710,4899,74,11876,glm_ar1,expanding,108,0,5369
THA,2019-01-01,3,2019-04-01,3070,613,4230,64,10255,glm_ar1,expanding,108,0,4931
THA,2019-01-01,4,2019-05-01,2763,552,3806,57,9228,glm_ar1,expanding,108,0,8350
THA,2019-01-01,5,2019-06-01,2561,512,3529,53,8555,glm_ar1,expanding,108,0,18697
THA,2019-01-01,6,2019-07-01,2425,485,3342,50,8102,glm_ar1,expanding,108,0,22413
TLS,2019-01-01,1,2019-02-01,206,41,284,4,690,glm_ar1,expanding,101,0,211
TLS,2019-01-01,2,2019-03-01,398,79,549,8,1331,glm_ar1,expanding,101,0,216
TLS,2019-01-01,3,2019-04-01,638,127,879,13,2131,glm_ar1,expanding,101,0,234
TLS,2019-01-01,4,2019-05-01,894,178,1231,18,2986,glm_ar1,expanding,101,0,140
TLS,2019-01-01,5,2019-06-01,1139,227,1569,23,3805,glm_ar1,expanding,101,0,80
TLS,2019-01-01,6,2019-07-01,1355,271,1867,28,4528,glm_ar1,expanding,101,0,13
TON,2019-01-01,1,2019-02-01,14,3,20,0,48,glm_ar1,expanding,33,24,0
TON,2019-01-01,2,2019-03-01,61,12,84,1,204,glm_ar1,expanding,33,24,0
TON,2019-01-01,3,2019-04-01,167,33,230,3,559,glm_ar1,expanding,33,24,0
TON,2019-01-01,4,2019-05-01,342,68,472,7,1144,glm_ar1,expanding,33,24,NA
TON,2019-01-01,5,2019-06-01,572,114,788,12,1912,glm_ar1,expanding,33,24,NA
TON,2019-01-01,6,2019-07-01,827,165,1139,17,2763,glm_ar1,expanding,33,24,NA
TTO,2019-01-01,1,2019-02-01,244,49,337,5,817,glm_ar1,expanding,70,36,2
TTO,2019-01-01,2,2019-03-01,449,90,619,9,1502,glm_ar1,expanding,70,36,0
TTO,2019-01-01,3,2019-04-01,695,139,958,14,2323,glm_ar1,expanding,70,36,0
TTO,2019-01-01,4,2019-05-01,951,190,1310,20,3178,glm_ar1,expanding,70,36,0
TTO,2019-01-01,5,2019-06-01,1191,238,1641,25,3978,glm_ar1,expanding,70,36,0
TTO,2019-01-01,6,2019-07-01,1399,279,1928,29,4675,glm_ar1,expanding,70,36,0
TUV,2019-01-01,1,2019-02-01,122,24,168,2,409,glm_ar1,expanding,10,0,12
TUV,2019-01-01,2,2019-03-01,274,54,377,5,915,glm_ar1,expanding,10,0,9
TUV,2019-01-01,3,2019-04-01,488,97,672,10,1629,glm_ar1,expanding,10,0,8
TUV,2019-01-01,4,2019-05-01,737,147,1016,15,2463,glm_ar1,expanding,10,0,10
TUV,2019-01-01,5,2019-06-01,992,198,1367,20,3314,glm_ar1,expanding,10,0,11
TUV,2019-01-01,6,2019-07-01,1227,245,1691,25,4100,glm_ar1,expanding,10,0,136
TWN,2019-01-01,1,2019-02-01,14,3,20,0,48,glm_ar1,expanding,83,24,0
TWN,2019-01-01,2,2019-03-01,61,12,84,1,204,glm_ar1,expanding,83,24,0
TWN,2019-01-01,3,2019-04-01,167,33,230,3,559,glm_ar1,expanding,83,24,0
TWN,2019-01-01,4,2019-05-01,342,68,472,7,1144,glm_ar1,expanding,83,24,13
TWN,2019-01-01,5,2019-06-01,572,114,788,12,1912,glm_ar1,expanding,83,24,33
TWN,2019-01-01,6,2019-07-01,827,165,1139,17,2763,glm_ar1,expanding,83,24,20
URY,2019-01-01,1,2019-02-01,NA,NA,NA,NA,NA,glm_ar1,expanding,12,34,NA
URY,2019-01-01,2,2019-03-01,NA,NA,NA,NA,NA,glm_ar1,expanding,12,34,NA
URY,2019-01-01,3,2019-04-01,NA,NA,NA,NA,NA,glm_ar1,expanding,12,34,NA
URY,2019-01-01,4,2019-05-01,NA,NA,NA,NA,NA,glm_ar1,expanding,12,34,NA
URY,2019-01-01,5,2019-06-01,NA,NA,NA,NA,NA,glm_ar1,expanding,12,34,NA
URY,2019-01-01,6,2019-07-01,NA,NA,NA,NA,NA,glm_ar1,expanding,12,34,NA
USA,2019-01-01,1,2019-02-01,51,10,71,1,173,glm_ar1,expanding,95,12,36
USA,2019-01-01,2,2019-03-01,148,29,204,3,496,glm_ar1,expanding,95,12,31
USA,2019-01-01,3,2019-04-01,314,63,433,6,1051,glm_ar1,expanding,95,12,16
USA,2019-01-01,4,2019-05-01,538,107,742,11,1799,glm_ar1,expanding,95,12,26
USA,2019-01-01,5,2019-06-01,792,158,1091,16,2645,glm_ar1,expanding,95,12,9
USA,2019-01-01,6,2019-07-01,1044,208,1438,21,3487,glm_ar1,expanding,95,12,91
VCT,2019-01-01,1,2019-02-01,NA,NA,NA,NA,NA,glm_ar1,expanding,72,34,NA
VCT,2019-01-01,2,2019-03-01,NA,NA,NA,NA,NA,glm_ar1,expanding,72,34,NA
VCT,2019-01-01,3,2019-04-01,NA,NA,NA,NA,NA,glm_ar1,expanding,72,34,0
VCT,2019-01-01,4,2019-05-01,NA,NA,NA,NA,NA,glm_ar1,expanding,72,34,1
VCT,2019-01-01,5,2019-06-01,NA,NA,NA,NA,NA,glm_ar1,expanding,72,34,1
VCT,2019-01-01,6,2019-07-01,NA,NA,NA,NA,NA,glm_ar1,expanding,72,34,0
VEN,2019-01-01,1,2019-02-01,1633,326,2251,34,5457,glm_ar1,expanding,106,0,950
VEN,2019-01-01,2,2019-03-01,1756,351,2419,36,5866,glm_ar1,expanding,106,0,691
VEN,2019-01-01,3,2019-04-01,1850,369,2548,38,6178,glm_ar1,expanding,106,0,591
VEN,2019-01-01,4,2019-05-01,1920,383,2645,40,6413,glm_ar1,expanding,106,0,857
VEN,2019-01-01,5,2019-06-01,1972,394,2717,41,6587,glm_ar1,expanding,106,0,1487
VEN,2019-01-01,6,2019-07-01,2010,402,2770,42,6715,glm_ar1,expanding,106,0,1450
VGB,2019-01-01,1,2019-02-01,35,7,48,0,117,glm_ar1,expanding,106,0,0
VGB,2019-01-01,2,2019-03-01,113,22,156,2,378,glm_ar1,expanding,106,0,1
VGB,2019-01-01,3,2019-04-01,259,51,357,5,866,glm_ar1,expanding,106,0,0
VGB,2019-01-01,4,2019-05-01,469,93,646,9,1566,glm_ar1,expanding,106,0,14
VGB,2019-01-01,5,2019-06-01,717,143,987,15,2394,glm_ar1,expanding,106,0,0
VGB,2019-01-01,6,2019-07-01,972,194,1339,20,3247,glm_ar1,expanding,106,0,0
VNM,2019-01-01,1,2019-02-01,10122,2023,13945,212,33810,glm_ar1,expanding,107,0,10341
VNM,2019-01-01,2,2019-03-01,6510,1301,8969,136,21745,glm_ar1,expanding,107,0,9533
VNM,2019-01-01,3,2019-04-01,4741,947,6532,99,15836,glm_ar1,expanding,107,0,6365
VNM,2019-01-01,4,2019-05-01,3775,754,5201,79,12609,glm_ar1,expanding,107,0,10050
VNM,2019-01-01,5,2019-06-01,3205,640,4416,67,10706,glm_ar1,expanding,107,0,23806
VNM,2019-01-01,6,2019-07-01,2849,569,3926,59,9518,glm_ar1,expanding,107,0,35765
VUT,2019-01-01,1,2019-02-01,19,3,26,0,64,glm_ar1,expanding,27,72,3
VUT,2019-01-01,2,2019-03-01,74,15,102,1,248,glm_ar1,expanding,27,72,9
VUT,2019-01-01,3,2019-04-01,192,38,265,4,642,glm_ar1,expanding,27,72,10
VUT,2019-01-01,4,2019-05-01,378,75,521,8,1264,glm_ar1,expanding,27,72,12
VUT,2019-01-01,5,2019-06-01,615,123,847,13,2054,glm_ar1,expanding,27,72,0
VUT,2019-01-01,6,2019-07-01,871,174,1199,18,2909,glm_ar1,expanding,27,72,0
WLF,2019-01-01,1,2019-02-01,48,9,67,1,162,glm_ar1,expanding,20,0,6
WLF,2019-01-01,2,2019-03-01,142,28,196,3,475,glm_ar1,expanding,20,0,6
WLF,2019-01-01,3,2019-04-01,305,61,420,6,1018,glm_ar1,expanding,20,0,6
WLF,2019-01-01,4,2019-05-01,526,105,725,11,1759,glm_ar1,expanding,20,0,0
WLF,2019-01-01,5,2019-06-01,779,155,1073,16,2602,glm_ar1,expanding,20,0,21
WLF,2019-01-01,6,2019-07-01,1032,206,1422,21,3447,glm_ar1,expanding,20,0,7
WSM,2019-01-01,1,2019-02-01,97,19,134,2,324,glm_ar1,expanding,16,0,37
WSM,2019-01-01,2,2019-03-01,232,46,320,4,777,glm_ar1,expanding,16,0,30
WSM,2019-01-01,3,2019-04-01,433,86,597,9,1448,glm_ar1,expanding,16,0,50
WSM,2019-01-01,4,2019-05-01,678,135,934,14,2264,glm_ar1,expanding,16,0,44
WSM,2019-01-01,5,2019-06-01,934,186,1286,19,3119,glm_ar1,expanding,16,0,63
WSM,2019-01-01,6,2019-07-01,1175,235,1619,24,3926,glm_ar1,expanding,16,0,39
YEM,2019-01-01,1,2019-02-01,2323,464,3201,48,7760,glm_ar1,expanding,22,24,1833
YEM,2019-01-01,2,2019-03-01,2261,452,3116,47,7554,glm_ar1,expanding,22,24,2943
YEM,2019-01-01,3,2019-04-01,2218,443,3056,46,7409,glm_ar1,expanding,22,24,2484
YEM,2019-01-01,4,2019-05-01,2187,437,3014,45,7307,glm_ar1,expanding,22,24,1905
YEM,2019-01-01,5,2019-06-01,2166,433,2984,45,7234,glm_ar1,expanding,22,24,2221
YEM,2019-01-01,6,2019-07-01,2150,430,2962,45,7183,glm_ar1,expanding,22,24,2172
ABW,2019-07-01,1,2019-08-01,NA,NA,NA,NA,NA,glm_ar1,expanding,84,25,NA
ABW,2019-07-01,2,2019-09-01,NA,NA,NA,NA,NA,glm_ar1,expanding,84,25,NA
ABW,2019-07-01,3,2019-10-01,NA,NA,NA,NA,NA,glm_ar1,expanding,84,25,NA
ABW,2019-07-01,4,2019-11-01,NA,NA,NA,NA,NA,glm_ar1,expanding,84,25,NA
ABW,2019-07-01,5,2019-12-01,NA,NA,NA,NA,NA,glm_ar1,expanding,84,25,NA
ABW,2019-07-01,6,2020-01-01,NA,NA,NA,NA,NA,glm_ar1,expanding,84,25,NA
AFG,2019-07-01,1,2019-08-01,NA,NA,NA,NA,NA,glm_ar1,expanding,0,0,NA
AFG,2019-07-01,2,2019-09-01,NA,NA,NA,NA,NA,glm_ar1,expanding,0,0,NA
AFG,2019-07-01,3,2019-10-01,NA,NA,NA,NA,NA,glm_ar1,expanding,0,0,NA
AFG,2019-07-01,4,2019-11-01,NA,NA,NA,NA,NA,glm_ar1,expanding,0,0,NA
AFG,2019-07-01,5,2019-12-01,NA,NA,NA,NA,NA,glm_ar1,expanding,0,0,NA
AFG,2019-07-01,6,2020-01-01,NA,NA,NA,NA,NA,glm_ar1,expanding,0,0,NA
ARG,2019-07-01,1,2019-08-01,53,10,73,1,176,glm_ar1,expanding,108,0,7
ARG,2019-07-01,2,2019-09-01,148,30,204,3,494,glm_ar1,expanding,108,0,1
ARG,2019-07-01,3,2019-10-01,311,63,429,6,1035,glm_ar1,expanding,108,0,10
ARG,2019-07-01,4,2019-11-01,532,108,733,11,1769,glm_ar1,expanding,108,0,25
ARG,2019-07-01,5,2019-12-01,784,159,1081,17,2610,glm_ar1,expanding,108,0,11
ARG,2019-07-01,6,2020-01-01,1040,211,1434,22,3461,glm_ar1,expanding,108,0,1121
ATG,2019-07-01,1,2019-08-01,145,29,199,3,482,glm_ar1,expanding,40,12,104
ATG,2019-07-01,2,2019-09-01,305,62,421,6,1017,glm_ar1,expanding,40,12,123
ATG,2019-07-01,3,2019-10-01,525,106,724,11,1747,glm_ar1,expanding,40,12,154
ATG,2019-07-01,4,2019-11-01,777,157,1071,17,2586,glm_ar1,expanding,40,12,196
ATG,2019-07-01,5,2019-12-01,1033,209,1424,22,3438,glm_ar1,expanding,40,12,304
ATG,2019-07-01,6,2020-01-01,1271,258,1752,27,4228,glm_ar1,expanding,40,12,261
AUS,2019-07-01,1,2019-08-01,315,64,435,6,1050,glm_ar1,expanding,107,0,96
AUS,2019-07-01,2,2019-09-01,537,109,740,11,1787,glm_ar1,expanding,107,0,83
AUS,2019-07-01,3,2019-10-01,790,160,1089,17,2629,glm_ar1,expanding,107,0,103
AUS,2019-07-01,4,2019-11-01,1046,212,1442,22,3480,glm_ar1,expanding,107,0,108
AUS,2019-07-01,5,2019-12-01,1282,260,1767,27,4265,glm_ar1,expanding,107,0,73
AUS,2019-07-01,6,2020-01-01,1486,301,2049,32,4945,glm_ar1,expanding,107,0,73
BES,2019-07-01,1,2019-08-01,NA,NA,NA,NA,NA,glm_ar1,expanding,36,0,NA
BES,2019-07-01,2,2019-09-01,NA,NA,NA,NA,NA,glm_ar1,expanding,36,0,NA
BES,2019-07-01,3,2019-10-01,NA,NA,NA,NA,NA,glm_ar1,expanding,36,0,NA
BES,2019-07-01,4,2019-11-01,NA,NA,NA,NA,NA,glm_ar1,expanding,36,0,NA
BES,2019-07-01,5,2019-12-01,NA,NA,NA,NA,NA,glm_ar1,expanding,36,0,NA
BES,2019-07-01,6,2020-01-01,NA,NA,NA,NA,NA,glm_ar1,expanding,36,0,NA
BFA,2019-07-01,1,2019-08-01,NA,NA,NA,NA,NA,glm_ar1,expanding,48,3,NA
BFA,2019-07-01,2,2019-09-01,NA,NA,NA,NA,NA,glm_ar1,expanding,48,3,NA
BFA,2019-07-01,3,2019-10-01,NA,NA,NA,NA,NA,glm_ar1,expanding,48,3,NA
BFA,2019-07-01,4,2019-11-01,NA,NA,NA,NA,NA,glm_ar1,expanding,48,3,NA
BFA,2019-07-01,5,2019-12-01,NA,NA,NA,NA,NA,glm_ar1,expanding,48,3,NA
BFA,2019-07-01,6,2020-01-01,NA,NA,NA,NA,NA,glm_ar1,expanding,48,3,NA
BGD,2019-07-01,1,2019-08-01,9413,1910,12975,204,31318,glm_ar1,expanding,113,0,56236
BGD,2019-07-01,2,2019-09-01,6328,1284,8723,137,21056,glm_ar1,expanding,113,0,16856
BGD,2019-07-01,3,2019-10-01,4742,962,6537,103,15778,glm_ar1,expanding,113,0,8143
BGD,2019-07-01,4,2019-11-01,3845,780,5300,83,12793,glm_ar1,expanding,113,0,4011
BGD,2019-07-01,5,2019-12-01,3301,670,4551,71,10984,glm_ar1,expanding,113,0,1247
BGD,2019-07-01,6,2020-01-01,2955,599,4073,64,9832,glm_ar1,expanding,113,0,222
BHS,2019-07-01,1,2019-08-01,NA,NA,NA,NA,NA,glm_ar1,expanding,48,64,NA
BHS,2019-07-01,2,2019-09-01,NA,NA,NA,NA,NA,glm_ar1,expanding,48,64,NA
BHS,2019-07-01,3,2019-10-01,NA,NA,NA,NA,NA,glm_ar1,expanding,48,64,NA
BHS,2019-07-01,4,2019-11-01,NA,NA,NA,NA,NA,glm_ar1,expanding,48,64,NA
BHS,2019-07-01,5,2019-12-01,NA,NA,NA,NA,NA,glm_ar1,expanding,48,64,NA
BHS,2019-07-01,6,2020-01-01,NA,NA,NA,NA,NA,glm_ar1,expanding,48,64,NA
BLM,2019-07-01,1,2019-08-01,8,1,11,0,28,glm_ar1,expanding,64,24,0
BLM,2019-07-01,2,2019-09-01,41,8,57,1,137,glm_ar1,expanding,64,24,0
BLM,2019-07-01,3,2019-10-01,124,25,171,2,412,glm_ar1,expanding,64,24,0
BLM,2019-07-01,4,2019-11-01,273,55,376,6,909,glm_ar1,expanding,64,24,0
BLM,2019-07-01,5,2019-12-01,484,98,667,10,1610,glm_ar1,expanding,64,24,11
BLM,2019-07-01,6,2020-01-01,732,148,1010,16,2438,glm_ar1,expanding,64,24,52
BLZ,2019-07-01,1,2019-08-01,1409,286,1942,30,4688,glm_ar1,expanding,113,0,2452
BLZ,2019-07-01,2,2019-09-01,1592,323,2194,34,5296,glm_ar1,expanding,113,0,2671
BLZ,2019-07-01,3,2019-10-01,1739,353,2397,37,5787,glm_ar1,expanding,113,0,2243
BLZ,2019-07-01,4,2019-11-01,1855,376,2557,40,6172,glm_ar1,expanding,113,0,1824
BLZ,2019-07-01,5,2019-12-01,1944,394,2679,42,6467,glm_ar1,expanding,113,0,930
BLZ,2019-07-01,6,2020-01-01,2011,408,2772,43,6691,glm_ar1,expanding,113,0,560
BOL,2019-07-01,1,2019-08-01,1044,212,1439,22,3473,glm_ar1,expanding,108,0,557
BOL,2019-07-01,2,2019-09-01,1280,259,1765,27,4260,glm_ar1,expanding,108,0,835
BOL,2019-07-01,3,2019-10-01,1485,301,2046,32,4940,glm_ar1,expanding,108,0,1143
BOL,2019-07-01,4,2019-11-01,1653,335,2279,36,5502,glm_ar1,expanding,108,0,2427
BOL,2019-07-01,5,2019-12-01,1788,363,2465,38,5949,glm_ar1,expanding,108,0,4232
BOL,2019-07-01,6,2020-01-01,1892,384,2609,41,6297,glm_ar1,expanding,108,0,26468
BRA,2019-07-01,1,2019-08-01,28317,5746,39032,615,94211,glm_ar1,expanding,106,0,47064
BRA,2019-07-01,2,2019-09-01,14093,2860,19426,306,46887,glm_ar1,expanding,106,0,48861
BRA,2019-07-01,3,2019-10-01,8486,1722,11697,184,28234,glm_ar1,expanding,106,0,37577
BRA,2019-07-01,4,2019-11-01,5869,1191,8090,127,19527,glm_ar1,expanding,106,0,43643
BRA,2019-07-01,5,2019-12-01,4489,911,6188,97,14937,glm_ar1,expanding,106,0,47490
BRA,2019-07-01,6,2020-01-01,3695,749,5093,80,12293,glm_ar1,expanding,106,0,194397
BRB,2019-07-01,1,2019-08-01,37,7,51,0,124,glm_ar1,expanding,112,0,12
BRB,2019-07-01,2,2019-09-01,115,23,159,2,384,glm_ar1,expanding,112,0,15
BRB,2019-07-01,3,2019-10-01,259,52,358,5,864,glm_ar1,expanding,112,0,9
BRB,2019-07-01,4,2019-11-01,466,94,643,10,1552,glm_ar1,expanding,112,0,25
BRB,2019-07-01,5,2019-12-01,713,144,983,15,2373,glm_ar1,expanding,112,0,0
BRB,2019-07-01,6,2020-01-01,971,197,1338,21,3230,glm_ar1,expanding,112,0,48
BRN,2019-07-01,1,2019-08-01,61,12,85,1,205,glm_ar1,expanding,111,0,19
BRN,2019-07-01,2,2019-09-01,165,33,228,3,550,glm_ar1,expanding,111,0,17
BRN,2019-07-01,3,2019-10-01,336,68,463,7,1119,glm_ar1,expanding,111,0,18
BRN,2019-07-01,4,2019-11-01,562,114,775,12,1872,glm_ar1,expanding,111,0,21
BRN,2019-07-01,5,2019-12-01,817,166,1126,17,2719,glm_ar1,expanding,111,0,19
BRN,2019-07-01,6,2020-01-01,1072,217,1477,23,3566,glm_ar1,expanding,111,0,23
BTN,2019-07-01,1,2019-08-01,604,122,833,13,2011,glm_ar1,expanding,77,36,747
BTN,2019-07-01,2,2019-09-01,861,174,1187,18,2865,glm_ar1,expanding,77,36,769
BTN,2019-07-01,3,2019-10-01,1113,226,1534,24,3703,glm_ar1,expanding,77,36,684
BTN,2019-07-01,4,2019-11-01,1341,272,1849,29,4463,glm_ar1,expanding,77,36,679
BTN,2019-07-01,5,2019-12-01,1536,311,2117,33,5110,glm_ar1,expanding,77,36,522
BTN,2019-07-01,6,2020-01-01,1694,344,2336,36,5638,glm_ar1,expanding,77,36,1
CHL,2019-07-01,1,2019-08-01,NA,NA,NA,NA,NA,glm_ar1,expanding,36,52,NA
CHL,2019-07-01,2,2019-09-01,NA,NA,NA,NA,NA,glm_ar1,expanding,36,52,NA
CHL,2019-07-01,3,2019-10-01,NA,NA,NA,NA,NA,glm_ar1,expanding,36,52,NA
CHL,2019-07-01,4,2019-11-01,NA,NA,NA,NA,NA,glm_ar1,expanding,36,52,NA
CHL,2019-07-01,5,2019-12-01,NA,NA,NA,NA,NA,glm_ar1,expanding,36,52,NA
CHL,2019-07-01,6,2020-01-01,NA,NA,NA,NA,NA,glm_ar1,expanding,36,52,NA
CHN,2019-07-01,1,2019-08-01,1474,299,2032,32,4906,glm_ar1,expanding,113,0,3294
CHN,2019-07-01,2,2019-09-01,1645,334,2268,35,5474,glm_ar1,expanding,113,0,7988
CHN,2019-07-01,3,2019-10-01,1781,361,2456,38,5928,glm_ar1,expanding,113,0,6127
CHN,2019-07-01,4,2019-11-01,1887,383,2602,41,6281,glm_ar1,expanding,113,0,1746
CHN,2019-07-01,5,2019-12-01,1968,399,2713,42,6550,glm_ar1,expanding,113,0,264
CHN,2019-07-01,6,2020-01-01,2029,412,2798,44,6753,glm_ar1,expanding,113,0,0
CIV,2019-07-01,1,2019-08-01,NA,NA,NA,NA,NA,glm_ar1,expanding,0,0,NA
CIV,2019-07-01,2,2019-09-01,NA,NA,NA,NA,NA,glm_ar1,expanding,0,0,NA
CIV,2019-07-01,3,2019-10-01,NA,NA,NA,NA,NA,glm_ar1,expanding,0,0,NA
CIV,2019-07-01,4,2019-11-01,NA,NA,NA,NA,NA,glm_ar1,expanding,0,0,NA
CIV,2019-07-01,5,2019-12-01,NA,NA,NA,NA,NA,glm_ar1,expanding,0,0,NA
CIV,2019-07-01,6,2020-01-01,NA,NA,NA,NA,NA,glm_ar1,expanding,0,0,NA
COK,2019-07-01,1,2019-08-01,40,8,56,0,135,glm_ar1,expanding,31,36,5
COK,2019-07-01,2,2019-09-01,122,25,169,2,408,glm_ar1,expanding,31,36,15
COK,2019-07-01,3,2019-10-01,271,55,374,6,902,glm_ar1,expanding,31,36,7
COK,2019-07-01,4,2019-11-01,481,97,663,10,1602,glm_ar1,expanding,31,36,7
COK,2019-07-01,5,2019-12-01,730,148,1006,15,2428,glm_ar1,expanding,31,36,7
COK,2019-07-01,6,2020-01-01,987,200,1361,21,3285,glm_ar1,expanding,31,36,18
COL,2019-07-01,1,2019-08-01,7942,1611,10947,172,26424,glm_ar1,expanding,114,0,9047
COL,2019-07-01,2,2019-09-01,5593,1135,7710,121,18609,glm_ar1,expanding,114,0,12144
COL,2019-07-01,3,2019-10-01,4335,879,5975,94,14423,glm_ar1,expanding,114,0,9278
COL,2019-07-01,4,2019-11-01,3602,731,4965,78,11985,glm_ar1,expanding,114,0,11273
COL,2019-07-01,5,2019-12-01,3148,639,4340,68,10475,glm_ar1,expanding,114,0,10214
COL,2019-07-01,6,2020-01-01,2855,579,3935,62,9499,glm_ar1,expanding,114,0,16406
CRI,2019-07-01,1,2019-08-01,1443,293,1989,31,4802,glm_ar1,expanding,113,0,1355
CRI,2019-07-01,2,2019-09-01,1620,328,2233,35,5389,glm_ar1,expanding,113,0,1631
CRI,2019-07-01,3,2019-10-01,1761,357,2428,38,5861,glm_ar1,expanding,113,0,1212
CRI,2019-07-01,4,2019-11-01,1872,380,2580,40,6229,glm_ar1,expanding,113,0,1021
CRI,2019-07-01,5,2019-12-01,1957,397,2697,42,6511,glm_ar1,expanding,113,0,525
CRI,2019-07-01,6,2020-01-01,2021,410,2785,44,6724,glm_ar1,expanding,113,0,777
CUB,2019-07-01,1,2019-08-01,430,87,593,9,1432,glm_ar1,expanding,64,0,374
CUB,2019-07-01,2,2019-09-01,673,136,927,14,2238,glm_ar1,expanding,64,0,509
CUB,2019-07-01,3,2019-10-01,930,188,1282,20,3096,glm_ar1,expanding,64,0,530
CUB,2019-07-01,4,2019-11-01,1177,239,1623,25,3918,glm_ar1,expanding,64,0,420
CUB,2019-07-01,5,2019-12-01,1397,283,1926,30,4649,glm_ar1,expanding,64,0,298
CUB,2019-07-01,6,2020-01-01,1582,321,2181,34,5264,glm_ar1,expanding,64,0,115
CUW,2019-07-01,1,2019-08-01,NA,NA,NA,NA,NA,glm_ar1,expanding,48,0,NA
CUW,2019-07-01,2,2019-09-01,NA,NA,NA,NA,NA,glm_ar1,expanding,48,0,NA
CUW,2019-07-01,3,2019-10-01,NA,NA,NA,NA,NA,glm_ar1,expanding,48,0,NA
CUW,2019-07-01,4,2019-11-01,NA,NA,NA,NA,NA,glm_ar1,expanding,48,0,NA
CUW,2019-07-01,5,2019-12-01,NA,NA,NA,NA,NA,glm_ar1,expanding,48,0,NA
CUW,2019-07-01,6,2020-01-01,NA,NA,NA,NA,NA,glm_ar1,expanding,48,0,NA
CYM,2019-07-01,1,2019-08-01,61,12,85,1,205,glm_ar1,expanding,76,12,0
CYM,2019-07-01,2,2019-09-01,165,33,228,3,550,glm_ar1,expanding,76,12,10
CYM,2019-07-01,3,2019-10-01,336,68,463,7,1119,glm_ar1,expanding,76,12,55
CYM,2019-07-01,4,2019-11-01,562,114,775,12,1872,glm_ar1,expanding,76,12,36
CYM,2019-07-01,5,2019-12-01,817,166,1126,17,2719,glm_ar1,expanding,76,12,0
CYM,2019-07-01,6,2020-01-01,1072,217,1477,23,3566,glm_ar1,expanding,76,12,13
DMA,2019-07-01,1,2019-08-01,151,30,208,3,502,glm_ar1,expanding,88,24,86
DMA,2019-07-01,2,2019-09-01,315,64,434,6,1047,glm_ar1,expanding,88,24,113
DMA,2019-07-01,3,2019-10-01,536,108,739,11,1785,glm_ar1,expanding,88,24,152
DMA,2019-07-01,4,2019-11-01,789,160,1088,17,2627,glm_ar1,expanding,88,24,175
DMA,2019-07-01,5,2019-12-01,1045,212,1440,22,3477,glm_ar1,expanding,88,24,114
DMA,2019-07-01,6,2020-01-01,1281,260,1766,27,4263,glm_ar1,expanding,88,24,8
DOM,2019-07-01,1,2019-08-01,2775,563,3825,60,9234,glm_ar1,expanding,113,0,3312
DOM,2019-07-01,2,2019-09-01,2605,528,3591,56,8667,glm_ar1,expanding,113,0,3464
DOM,2019-07-01,3,2019-10-01,2488,505,3429,54,8277,glm_ar1,expanding,113,0,2285
DOM,2019-07-01,4,2019-11-01,2406,488,3316,52,8005,glm_ar1,expanding,113,0,2176
DOM,2019-07-01,5,2019-12-01,2348,476,3237,51,7813,glm_ar1,expanding,113,0,1622
DOM,2019-07-01,6,2020-01-01,2307,468,3180,50,7676,glm_ar1,expanding,113,0,1577
ECU,2019-07-01,1,2019-08-01,1155,234,1592,25,3844,glm_ar1,expanding,105,0,577
ECU,2019-07-01,2,2019-09-01,1378,279,1899,30,4585,glm_ar1,expanding,105,0,593
ECU,2019-07-01,3,2019-10-01,1566,318,2159,34,5211,glm_ar1,expanding,105,0,423
ECU,2019-07-01,4,2019-11-01,1719,349,2369,37,5719,glm_ar1,expanding,105,0,581
ECU,2019-07-01,5,2019-12-01,1839,373,2535,40,6119,glm_ar1,expanding,105,0,616
ECU,2019-07-01,6,2020-01-01,1932,392,2663,42,6427,glm_ar1,expanding,105,0,1570
ERI,2019-07-01,1,2019-08-01,NA,NA,NA,NA,NA,glm_ar1,expanding,60,49,NA
ERI,2019-07-01,2,2019-09-01,NA,NA,NA,NA,NA,glm_ar1,expanding,60,49,NA
ERI,2019-07-01,3,2019-10-01,NA,NA,NA,NA,NA,glm_ar1,expanding,60,49,NA
ERI,2019-07-01,4,2019-11-01,NA,NA,NA,NA,NA,glm_ar1,expanding,60,49,NA
ERI,2019-07-01,5,2019-12-01,NA,NA,NA,NA,NA,glm_ar1,expanding,60,49,NA
ERI,2019-07-01,6,2020-01-01,NA,NA,NA,NA,NA,glm_ar1,expanding,60,49,NA
ETH,2019-07-01,1,2019-08-01,NA,NA,NA,NA,NA,glm_ar1,expanding,12,63,NA
ETH,2019-07-01,2,2019-09-01,NA,NA,NA,NA,NA,glm_ar1,expanding,12,63,NA
ETH,2019-07-01,3,2019-10-01,NA,NA,NA,NA,NA,glm_ar1,expanding,12,63,NA
ETH,2019-07-01,4,2019-11-01,NA,NA,NA,NA,NA,glm_ar1,expanding,12,63,NA
ETH,2019-07-01,5,2019-12-01,NA,NA,NA,NA,NA,glm_ar1,expanding,12,63,NA
ETH,2019-07-01,6,2020-01-01,NA,NA,NA,NA,NA,glm_ar1,expanding,12,63,NA
FJI,2019-07-01,1,2019-08-01,489,99,674,10,1628,glm_ar1,expanding,105,0,249
FJI,2019-07-01,2,2019-09-01,738,149,1018,16,2457,glm_ar1,expanding,105,0,214
FJI,2019-07-01,3,2019-10-01,995,202,1372,21,3312,glm_ar1,expanding,105,0,85
FJI,2019-07-01,4,2019-11-01,1237,251,1705,27,4115,glm_ar1,expanding,105,0,61
FJI,2019-07-01,5,2019-12-01,1448,294,1996,31,4818,glm_ar1,expanding,105,0,22
FJI,2019-07-01,6,2020-01-01,1624,329,2238,35,5402,glm_ar1,expanding,105,0,47
FSM,2019-07-01,1,2019-08-01,239,48,330,5,797,glm_ar1,expanding,28,12,168
FSM,2019-07-01,2,2019-09-01,440,89,606,9,1464,glm_ar1,expanding,28,12,231
FSM,2019-07-01,3,2019-10-01,683,138,942,14,2275,glm_ar1,expanding,28,12,198
FSM,2019-07-01,4,2019-11-01,941,191,1298,20,3132,glm_ar1,expanding,28,12,140
FSM,2019-07-01,5,2019-12-01,1187,241,1637,25,3952,glm_ar1,expanding,28,12,90
FSM,2019-07-01,6,2020-01-01,1406,285,1938,30,4678,glm_ar1,expanding,28,12,12
GLP,2019-07-01,1,2019-08-01,192,39,265,4,641,glm_ar1,expanding,112,0,102
GLP,2019-07-01,2,2019-09-01,375,76,518,8,1250,glm_ar1,expanding,112,0,491
GLP,2019-07-01,3,2019-10-01,609,123,840,13,2028,glm_ar1,expanding,112,0,549
GLP,2019-07-01,4,2019-11-01,866,175,1194,18,2882,glm_ar1,expanding,112,0,731
GLP,2019-07-01,5,2019-12-01,1118,227,1541,24,3720,glm_ar1,expanding,112,0,487
GLP,2019-07-01,6,2020-01-01,1345,273,1855,29,4477,glm_ar1,expanding,112,0,1740
GRD,2019-07-01,1,2019-08-01,67,13,92,1,223,glm_ar1,expanding,101,12,0
GRD,2019-07-01,2,2019-09-01,175,35,242,3,584,glm_ar1,expanding,101,12,0
GRD,2019-07-01,3,2019-10-01,351,71,484,7,1169,glm_ar1,expanding,101,12,0
GRD,2019-07-01,4,2019-11-01,581,118,801,12,1933,glm_ar1,expanding,101,12,0
GRD,2019-07-01,5,2019-12-01,836,169,1153,18,2783,glm_ar1,expanding,101,12,0
GRD,2019-07-01,6,2020-01-01,1090,221,1502,23,3627,glm_ar1,expanding,101,12,6
GTM,2019-07-01,1,2019-08-01,6144,1246,8469,133,20441,glm_ar1,expanding,114,0,11895
GTM,2019-07-01,2,2019-09-01,4641,942,6397,100,15442,glm_ar1,expanding,114,0,10792
GTM,2019-07-01,3,2019-10-01,3785,768,5218,82,12594,glm_ar1,expanding,114,0,5705
GTM,2019-07-01,4,2019-11-01,3264,662,4499,71,10860,glm_ar1,expanding,114,0,3522
GTM,2019-07-01,5,2019-12-01,2931,594,4040,63,9751,glm_ar1,expanding,114,0,1812
GTM,2019-07-01,6,2020-01-01,2710,550,3736,59,9017,glm_ar1,expanding,114,0,1547
GUF,2019-07-01,1,2019-08-01,85,17,117,1,283,glm_ar1,expanding,106,0,32
GUF,2019-07-01,2,2019-09-01,208,42,287,4,693,glm_ar1,expanding,106,0,53
GUF,2019-07-01,3,2019-10-01,398,80,548,8,1324,glm_ar1,expanding,106,0,38
GUF,2019-07-01,4,2019-11-01,635,129,876,13,2115,glm_ar1,expanding,106,0,53
GUF,2019-07-01,5,2019-12-01,893,181,1231,19,2971,glm_ar1,expanding,106,0,23
GUF,2019-07-01,6,2020-01-01,1143,232,1575,24,3802,glm_ar1,expanding,106,0,413
GUY,2019-07-01,1,2019-08-01,87,17,121,2,291,glm_ar1,expanding,103,12,18
GUY,2019-07-01,2,2019-09-01,212,43,293,4,708,glm_ar1,expanding,103,12,19
GUY,2019-07-01,3,2019-10-01,403,82,556,8,1343,glm_ar1,expanding,103,12,19
GUY,2019-07-01,4,2019-11-01,642,130,885,14,2137,glm_ar1,expanding,103,12,19
GUY,2019-07-01,5,2019-12-01,900,182,1240,19,2994,glm_ar1,expanding,103,12,14
GUY,2019-07-01,6,2020-01-01,1149,233,1584,25,3824,glm_ar1,expanding,103,12,149
HND,2019-07-01,1,2019-08-01,14725,2988,20298,320,48992,glm_ar1,expanding,114,0,25399
HND,2019-07-01,2,2019-09-01,8761,1778,12077,190,29149,glm_ar1,expanding,114,0,18087
HND,2019-07-01,3,2019-10-01,6007,1219,8280,130,19986,glm_ar1,expanding,114,0,11381
HND,2019-07-01,4,2019-11-01,4566,926,6294,99,15191,glm_ar1,expanding,114,0,9793
HND,2019-07-01,5,2019-12-01,3740,759,5156,81,12445,glm_ar1,expanding,114,0,7295
HND,2019-07-01,6,2020-01-01,3236,656,4460,70,10766,glm_ar1,expanding,114,0,5348
HTI,2019-07-01,1,2019-08-01,44,9,60,1,146,glm_ar1,expanding,15,0,4
HTI,2019-07-01,2,2019-09-01,129,26,178,2,431,glm_ar1,expanding,15,0,29
HTI,2019-07-01,3,2019-10-01,282,57,389,6,938,glm_ar1,expanding,15,0,11
HTI,2019-07-01,4,2019-11-01,495,100,683,10,1648,glm_ar1,expanding,15,0,9
HTI,2019-07-01,5,2019-12-01,745,151,1027,16,2479,glm_ar1,expanding,15,0,0
HTI,2019-07-01,6,2020-01-01,1002,203,1381,21,3334,glm_ar1,expanding,15,0,8
IDN,2019-07-01,1,2019-08-01,5488,1113,7565,119,18261,glm_ar1,expanding,106,0,5386
IDN,2019-07-01,2,2019-09-01,4276,867,5894,93,14226,glm_ar1,expanding,106,0,4154
IDN,2019-07-01,3,2019-10-01,3566,723,4916,77,11865,glm_ar1,expanding,106,0,4376
IDN,2019-07-01,4,2019-11-01,3126,634,4308,68,10399,glm_ar1,expanding,106,0,5425
IDN,2019-07-01,5,2019-12-01,2840,576,3915,61,9449,glm_ar1,expanding,106,0,5767
IDN,2019-07-01,6,2020-01-01,2649,537,3651,57,8813,glm_ar1,expanding,106,0,15950
IND,2019-07-01,1,2019-08-01,7855,1594,10827,170,26134,glm_ar1,expanding,112,0,17141
IND,2019-07-01,2,2019-09-01,5548,1126,7648,120,18461,glm_ar1,expanding,112,0,24379
IND,2019-07-01,3,2019-10-01,4310,874,5941,93,14339,glm_ar1,expanding,112,0,30747
IND,2019-07-01,4,2019-11-01,3587,728,4944,78,11934,glm_ar1,expanding,112,0,21747
IND,2019-07-01,5,2019-12-01,3139,637,4326,68,10443,glm_ar1,expanding,112,0,11745
IND,2019-07-01,6,2020-01-01,2848,578,3927,62,9478,glm_ar1,expanding,112,0,3784
JAM,2019-07-01,1,2019-08-01,435,88,600,9,1449,glm_ar1,expanding,111,0,441
JAM,2019-07-01,2,2019-09-01,679,137,936,14,2259,glm_ar1,expanding,111,0,1270
JAM,2019-07-01,3,2019-10-01,936,190,1291,20,3116,glm_ar1,expanding,111,0,909
JAM,2019-07-01,4,2019-11-01,1183,240,1631,25,3937,glm_ar1,expanding,111,0,191
JAM,2019-07-01,5,2019-12-01,1402,284,1933,30,4665,glm_ar1,expanding,111,0,777
JAM,2019-07-01,6,2020-01-01,1586,322,2186,34,5278,glm_ar1,expanding,111,0,133
KEN,2019-07-01,1,2019-08-01,NA,NA,NA,NA,NA,glm_ar1,expanding,48,29,NA
KEN,2019-07-01,2,2019-09-01,NA,NA,NA,NA,NA,glm_ar1,expanding,48,29,NA
KEN,2019-07-01,3,2019-10-01,NA,NA,NA,NA,NA,glm_ar1,expanding,48,29,NA
KEN,2019-07-01,4,2019-11-01,NA,NA,NA,NA,NA,glm_ar1,expanding,48,29,NA
KEN,2019-07-01,5,2019-12-01,NA,NA,NA,NA,NA,glm_ar1,expanding,48,29,NA
KEN,2019-07-01,6,2020-01-01,NA,NA,NA,NA,NA,glm_ar1,expanding,48,29,NA
KHM,2019-07-01,1,2019-08-01,9005,1827,12413,195,29962,glm_ar1,expanding,114,0,8065
KHM,2019-07-01,2,2019-09-01,6128,1243,8447,133,20389,glm_ar1,expanding,114,0,5438
KHM,2019-07-01,3,2019-10-01,4632,940,6386,100,15413,glm_ar1,expanding,114,0,3286
KHM,2019-07-01,4,2019-11-01,3780,767,5211,82,12577,glm_ar1,expanding,114,0,2106
KHM,2019-07-01,5,2019-12-01,3261,661,4495,70,10849,glm_ar1,expanding,114,0,1161
KHM,2019-07-01,6,2020-01-01,2929,594,4037,63,9744,glm_ar1,expanding,114,0,977
KIR,2019-07-01,1,2019-08-01,NA,NA,NA,NA,NA,glm_ar1,expanding,72,28,NA
KIR,2019-07-01,2,2019-09-01,NA,NA,NA,NA,NA,glm_ar1,expanding,72,28,NA
KIR,2019-07-01,3,2019-10-01,NA,NA,NA,NA,NA,glm_ar1,expanding,72,28,NA
KIR,2019-07-01,4,2019-11-01,NA,NA,NA,NA,NA,glm_ar1,expanding,72,28,NA
KIR,2019-07-01,5,2019-12-01,NA,NA,NA,NA,NA,glm_ar1,expanding,72,28,NA
KIR,2019-07-01,6,2020-01-01,NA,NA,NA,NA,NA,glm_ar1,expanding,72,28,NA
KNA,2019-07-01,1,2019-08-01,8,1,11,0,28,glm_ar1,expanding,40,36,0
KNA,2019-07-01,2,2019-09-01,41,8,57,1,137,glm_ar1,expanding,40,36,3
KNA,2019-07-01,3,2019-10-01,124,25,171,2,412,glm_ar1,expanding,40,36,5
KNA,2019-07-01,4,2019-11-01,273,55,376,6,909,glm_ar1,expanding,40,36,1
KNA,2019-07-01,5,2019-12-01,484,98,667,10,1610,glm_ar1,expanding,40,36,0
KNA,2019-07-01,6,2020-01-01,732,148,1010,16,2438,glm_ar1,expanding,40,36,15
LAO,2019-07-01,1,2019-08-01,6094,1236,8401,132,20276,glm_ar1,expanding,114,0,7570
LAO,2019-07-01,2,2019-09-01,4614,936,6360,100,15351,glm_ar1,expanding,114,0,6476
LAO,2019-07-01,3,2019-10-01,3769,765,5195,82,12540,glm_ar1,expanding,114,0,2812
LAO,2019-07-01,4,2019-11-01,3254,660,4485,70,10826,glm_ar1,expanding,114,0,1416
LAO,2019-07-01,5,2019-12-01,2924,593,4031,63,9729,glm_ar1,expanding,114,0,380
LAO,2019-07-01,6,2020-01-01,2706,549,3730,58,9002,glm_ar1,expanding,114,0,288
LCA,2019-07-01,1,2019-08-01,NA,NA,NA,NA,NA,glm_ar1,expanding,96,17,NA
LCA,2019-07-01,2,2019-09-01,NA,NA,NA,NA,NA,glm_ar1,expanding,96,17,NA
LCA,2019-07-01,3,2019-10-01,NA,NA,NA,NA,NA,glm_ar1,expanding,96,17,NA
LCA,2019-07-01,4,2019-11-01,NA,NA,NA,NA,NA,glm_ar1,expanding,96,17,NA
LCA,2019-07-01,5,2019-12-01,NA,NA,NA,NA,NA,glm_ar1,expanding,96,17,NA
LCA,2019-07-01,6,2020-01-01,NA,NA,NA,NA,NA,glm_ar1,expanding,96,17,NA
LKA,2019-07-01,1,2019-08-01,7515,1525,10359,163,25004,glm_ar1,expanding,114,0,9424
LKA,2019-07-01,2,2019-09-01,5373,1090,7407,116,17877,glm_ar1,expanding,114,0,6763
LKA,2019-07-01,3,2019-10-01,4210,854,5804,91,14008,glm_ar1,expanding,114,0,8622
LKA,2019-07-01,4,2019-11-01,3526,715,4861,76,11733,glm_ar1,expanding,114,0,10596
LKA,2019-07-01,5,2019-12-01,3100,629,4273,67,10315,glm_ar1,expanding,114,0,13595
LKA,2019-07-01,6,2020-01-01,2823,573,3892,61,9393,glm_ar1,expanding,114,0,14079
MAF,2019-07-01,1,2019-08-01,47,9,65,1,156,glm_ar1,expanding,110,0,9
MAF,2019-07-01,2,2019-09-01,136,27,187,3,453,glm_ar1,expanding,110,0,15
MAF,2019-07-01,3,2019-10-01,292,59,403,6,972,glm_ar1,expanding,110,0,33
MAF,2019-07-01,4,2019-11-01,508,103,700,11,1691,glm_ar1,expanding,110,0,51
MAF,2019-07-01,5,2019-12-01,759,154,1046,16,2526,glm_ar1,expanding,110,0,44
MAF,2019-07-01,6,2020-01-01,1016,206,1400,22,3380,glm_ar1,expanding,110,0,355
MDV,2019-07-01,1,2019-08-01,844,171,1163,18,2809,glm_ar1,expanding,114,0,459
MDV,2019-07-01,2,2019-09-01,1097,222,1512,23,3651,glm_ar1,expanding,114,0,360
MDV,2019-07-01,3,2019-10-01,1327,269,1829,28,4416,glm_ar1,expanding,114,0,381
MDV,2019-07-01,4,2019-11-01,1524,309,2101,33,5071,glm_ar1,expanding,114,0,386
MDV,2019-07-01,5,2019-12-01,1685,342,2323,36,5607,glm_ar1,expanding,114,0,437
MDV,2019-07-01,6,2020-01-01,1813,368,2499,39,6032,glm_ar1,expanding,114,0,70
MEX,2019-07-01,1,2019-08-01,8577,1740,11822,186,28535,glm_ar1,expanding,114,0,30067
MEX,2019-07-01,2,2019-09-01,5915,1200,8153,128,19679,glm_ar1,expanding,114,0,71639
MEX,2019-07-01,3,2019-10-01,4515,916,6223,98,15021,glm_ar1,expanding,114,0,67906
MEX,2019-07-01,4,2019-11-01,3710,753,5114,80,12344,glm_ar1,expanding,114,0,37623
MEX,2019-07-01,5,2019-12-01,3217,652,4434,70,10702,glm_ar1,expanding,114,0,17013
MEX,2019-07-01,6,2020-01-01,2900,588,3997,63,9648,glm_ar1,expanding,114,0,8146
MHL,2019-07-01,1,2019-08-01,113,23,156,2,376,glm_ar1,expanding,26,72,64
MHL,2019-07-01,2,2019-09-01,256,52,352,5,851,glm_ar1,expanding,26,72,92
MHL,2019-07-01,3,2019-10-01,461,93,636,10,1535,glm_ar1,expanding,26,72,171
MHL,2019-07-01,4,2019-11-01,708,143,975,15,2355,glm_ar1,expanding,26,72,292
MHL,2019-07-01,5,2019-12-01,965,196,1331,21,3212,glm_ar1,expanding,26,72,474
MHL,2019-07-01,6,2020-01-01,1209,245,1667,26,4024,glm_ar1,expanding,26,72,775
MMR,2019-07-01,1,2019-08-01,4372,887,6026,95,14546,glm_ar1,expanding,114,0,4469
MMR,2019-07-01,2,2019-09-01,3624,735,4996,78,12059,glm_ar1,expanding,114,0,2811
MMR,2019-07-01,3,2019-10-01,3162,641,4359,68,10522,glm_ar1,expanding,114,0,1501
MMR,2019-07-01,4,2019-11-01,2864,581,3948,62,9530,glm_ar1,expanding,114,0,856
MMR,2019-07-01,5,2019-12-01,2665,541,3674,58,8868,glm_ar1,expanding,114,0,83
MMR,2019-07-01,6,2020-01-01,2529,513,3487,55,8416,glm_ar1,expanding,114,0,9
MRT,2019-07-01,1,2019-08-01,NA,NA,NA,NA,NA,glm_ar1,expanding,12,15,NA
MRT,2019-07-01,2,2019-09-01,NA,NA,NA,NA,NA,glm_ar1,expanding,12,15,NA
MRT,2019-07-01,3,2019-10-01,NA,NA,NA,NA,NA,glm_ar1,expanding,12,15,NA
MRT,2019-07-01,4,2019-11-01,NA,NA,NA,NA,NA,glm_ar1,expanding,12,15,NA
MRT,2019-07-01,5,2019-12-01,NA,NA,NA,NA,NA,glm_ar1,expanding,12,15,NA
MRT,2019-07-01,6,2020-01-01,NA,NA,NA,NA,NA,glm_ar1,expanding,12,15,NA
MTQ,2019-07-01,1,2019-08-01,178,36,245,3,592,glm_ar1,expanding,111,0,52
MTQ,2019-07-01,2,2019-09-01,354,72,489,7,1180,glm_ar1,expanding,111,0,169
MTQ,2019-07-01,3,2019-10-01,584,118,806,12,1945,glm_ar1,expanding,111,0,258
MTQ,2019-07-01,4,2019-11-01,840,170,1158,18,2796,glm_ar1,expanding,111,0,267
MTQ,2019-07-01,5,2019-12-01,1094,222,1507,23,3639,glm_ar1,expanding,111,0,229
MTQ,2019-07-01,6,2020-01-01,1324,268,1825,28,4406,glm_ar1,expanding,111,0,799
MYS,2019-07-01,1,2019-08-01,8250,1674,11372,179,27449,glm_ar1,expanding,114,0,11823
MYS,2019-07-01,2,2019-09-01,5750,1167,7926,125,19132,glm_ar1,expanding,114,0,11772
MYS,2019-07-01,3,2019-10-01,4423,897,6097,96,14716,glm_ar1,expanding,114,0,7713
MYS,2019-07-01,4,2019-11-01,3655,741,5038,79,12161,glm_ar1,expanding,114,0,9099
MYS,2019-07-01,5,2019-12-01,3182,645,4386,69,10587,glm_ar1,expanding,114,0,10534
MYS,2019-07-01,6,2020-01-01,2877,584,3966,62,9573,glm_ar1,expanding,114,0,15321
NCL,2019-07-01,1,2019-08-01,138,28,191,3,461,glm_ar1,expanding,83,12,21
NCL,2019-07-01,2,2019-09-01,296,60,408,6,986,glm_ar1,expanding,83,12,9
NCL,2019-07-01,3,2019-10-01,513,104,707,11,1708,glm_ar1,expanding,83,12,5
NCL,2019-07-01,4,2019-11-01,764,155,1054,16,2544,glm_ar1,expanding,83,12,4
NCL,2019-07-01,5,2019-12-01,1021,207,1407,22,3398,glm_ar1,expanding,83,12,5
NCL,2019-07-01,6,2020-01-01,1260,255,1737,27,4192,glm_ar1,expanding,83,12,8
NIC,2019-07-01,1,2019-08-01,10543,2139,14533,229,35077,glm_ar1,expanding,113,0,31984
NIC,2019-07-01,2,2019-09-01,6872,1394,9473,149,22864,glm_ar1,expanding,113,0,36953
NIC,2019-07-01,3,2019-10-01,5035,1021,6940,109,16752,glm_ar1,expanding,113,0,26810
NIC,2019-07-01,4,2019-11-01,4016,815,5536,87,13362,glm_ar1,expanding,113,0,18405
NIC,2019-07-01,5,2019-12-01,3407,691,4697,74,11337,glm_ar1,expanding,113,0,9031
NIC,2019-07-01,6,2020-01-01,3024,613,4168,65,10061,glm_ar1,expanding,113,0,8547
NPL,2019-07-01,1,2019-08-01,614,124,846,13,2043,glm_ar1,expanding,113,0,1906
NPL,2019-07-01,2,2019-09-01,870,176,1200,19,2897,glm_ar1,expanding,113,0,8706
NPL,2019-07-01,3,2019-10-01,1122,227,1547,24,3734,glm_ar1,expanding,113,0,5175
NPL,2019-07-01,4,2019-11-01,1349,273,1860,29,4489,glm_ar1,expanding,113,0,1440
NPL,2019-07-01,5,2019-12-01,1542,313,2126,33,5132,glm_ar1,expanding,113,0,134
NPL,2019-07-01,6,2020-01-01,1700,345,2343,37,5656,glm_ar1,expanding,113,0,407
OMN,2019-07-01,1,2019-08-01,44,9,60,1,146,glm_ar1,expanding,16,0,3
OMN,2019-07-01,2,2019-09-01,129,26,178,2,431,glm_ar1,expanding,16,0,5
OMN,2019-07-01,3,2019-10-01,282,57,389,6,938,glm_ar1,expanding,16,0,10
OMN,2019-07-01,4,2019-11-01,495,100,683,10,1648,glm_ar1,expanding,16,0,20
OMN,2019-07-01,5,2019-12-01,745,151,1027,16,2479,glm_ar1,expanding,16,0,18
OMN,2019-07-01,6,2020-01-01,1002,203,1381,21,3334,glm_ar1,expanding,16,0,1
PAK,2019-07-01,1,2019-08-01,1000,203,1379,21,3328,glm_ar1,expanding,113,0,2215
PAK,2019-07-01,2,2019-09-01,1241,252,1711,27,4130,glm_ar1,expanding,113,0,24049
PAK,2019-07-01,3,2019-10-01,1452,294,2001,31,4830,glm_ar1,expanding,113,0,18724
PAK,2019-07-01,4,2019-11-01,1627,330,2242,35,5412,glm_ar1,expanding,113,0,2689
PAK,2019-07-01,5,2019-12-01,1767,358,2435,38,5879,glm_ar1,expanding,113,0,163
PAK,2019-07-01,6,2020-01-01,1876,380,2586,40,6243,glm_ar1,expanding,113,0,1890
PAN,2019-07-01,1,2019-08-01,790,160,1089,17,2630,glm_ar1,expanding,112,0,849
PAN,2019-07-01,2,2019-09-01,1046,212,1442,22,3480,glm_ar1,expanding,112,0,1481
PAN,2019-07-01,3,2019-10-01,1282,260,1767,27,4266,glm_ar1,expanding,112,0,1384
PAN,2019-07-01,4,2019-11-01,1486,301,2049,32,4945,glm_ar1,expanding,112,0,1789
PAN,2019-07-01,5,2019-12-01,1655,335,2281,36,5506,glm_ar1,expanding,112,0,1664
PAN,2019-07-01,6,2020-01-01,1789,363,2466,38,5952,glm_ar1,expanding,112,0,1916
PER,2019-07-01,1,2019-08-01,893,181,1232,19,2973,glm_ar1,expanding,107,0,736
PER,2019-07-01,2,2019-09-01,1143,232,1576,24,3805,glm_ar1,expanding,107,0,736
PER,2019-07-01,3,2019-10-01,1368,277,1885,29,4551,glm_ar1,expanding,107,0,616
PER,2019-07-01,4,2019-11-01,1558,316,2147,33,5183,glm_ar1,expanding,107,0,4437
PER,2019-07-01,5,2019-12-01,1712,347,2360,37,5697,glm_ar1,expanding,107,0,2490
PER,2019-07-01,6,2020-01-01,1834,372,2528,39,6102,glm_ar1,expanding,107,0,4447
PHL,2019-07-01,1,2019-08-01,28225,5727,38905,613,93904,glm_ar1,expanding,112,0,81400
PHL,2019-07-01,2,2019-09-01,14059,2853,19380,305,46776,glm_ar1,expanding,112,0,73839
PHL,2019-07-01,3,2019-10-01,8471,1719,11677,184,28185,glm_ar1,expanding,112,0,36533
PHL,2019-07-01,4,2019-11-01,5862,1189,8080,127,19503,glm_ar1,expanding,112,0,24556
PHL,2019-07-01,5,2019-12-01,4485,910,6183,97,14923,glm_ar1,expanding,112,0,15672
PHL,2019-07-01,6,2020-01-01,3692,749,5090,80,12285,glm_ar1,expanding,112,0,26686
PLW,2019-07-01,1,2019-08-01,433,88,597,9,1441,glm_ar1,expanding,40,72,282
PLW,2019-07-01,2,2019-09-01,676,137,931,14,2248,glm_ar1,expanding,40,72,316
PLW,2019-07-01,3,2019-10-01,933,189,1287,20,3106,glm_ar1,expanding,40,72,264
PLW,2019-07-01,4,2019-11-01,1180,239,1627,25,3928,glm_ar1,expanding,40,72,172
PLW,2019-07-01,5,2019-12-01,1400,284,1929,30,4657,glm_ar1,expanding,40,72,60
PLW,2019-07-01,6,2020-01-01,1584,321,2184,34,5271,glm_ar1,expanding,40,72,104
PRI,2019-07-01,1,2019-08-01,8,1,11,0,28,glm_ar1,expanding,76,36,0
PRI,2019-07-01,2,2019-09-01,41,8,57,1,137,glm_ar1,expanding,76,36,0
PRI,2019-07-01,3,2019-10-01,124,25,171,2,412,glm_ar1,expanding,76,36,2
PRI,2019-07-01,4,2019-11-01,273,55,376,6,909,glm_ar1,expanding,76,36,8
PRI,2019-07-01,5,2019-12-01,484,98,667,10,1610,glm_ar1,expanding,76,36,27
PRI,2019-07-01,6,2020-01-01,732,148,1010,16,2438,glm_ar1,expanding,76,36,85
PRY,2019-07-01,1,2019-08-01,92,18,127,2,307,glm_ar1,expanding,109,0,741
PRY,2019-07-01,2,2019-09-01,221,45,305,4,736,glm_ar1,expanding,109,0,1008
PRY,2019-07-01,3,2019-10-01,415,84,572,9,1381,glm_ar1,expanding,109,0,844
PRY,2019-07-01,4,2019-11-01,655,133,903,14,2181,glm_ar1,expanding,109,0,405
PRY,2019-07-01,5,2019-12-01,913,185,1259,19,3038,glm_ar1,expanding,109,0,946
PRY,2019-07-01,6,2020-01-01,1161,235,1601,25,3865,glm_ar1,expanding,109,0,82787
PYF,2019-07-01,1,2019-08-01,327,66,451,7,1090,glm_ar1,expanding,87,24,155
PYF,2019-07-01,2,2019-09-01,552,112,761,12,1836,glm_ar1,expanding,87,24,205
PYF,2019-07-01,3,2019-10-01,806,163,1111,17,2682,glm_ar1,expanding,87,24,178
PYF,2019-07-01,4,2019-11-01,1061,215,1462,23,3530,glm_ar1,expanding,87,24,240
PYF,2019-07-01,5,2019-12-01,1295,263,1785,28,4310,glm_ar1,expanding,87,24,335
PYF,2019-07-01,6,2020-01-01,1497,304,2064,32,4982,glm_ar1,expanding,87,24,127
REU,2019-07-01,1,2019-08-01,518,105,714,11,1724,glm_ar1,expanding,69,36,166
REU,2019-07-01,2,2019-09-01,770,156,1061,16,2562,glm_ar1,expanding,69,36,113
REU,2019-07-01,3,2019-10-01,1026,208,1415,22,3415,glm_ar1,expanding,69,36,71
REU,2019-07-01,4,2019-11-01,1264,256,1743,27,4207,glm_ar1,expanding,69,36,36
REU,2019-07-01,5,2019-12-01,1471,298,2028,32,4896,glm_ar1,expanding,69,36,0
REU,2019-07-01,6,2020-01-01,1643,333,2264,35,5466,glm_ar1,expanding,69,36,295
SAU,2019-07-01,1,2019-08-01,348,70,480,7,1158,glm_ar1,expanding,106,0,67
SAU,2019-07-01,2,2019-09-01,577,117,795,12,1919,glm_ar1,expanding,106,0,77
SAU,2019-07-01,3,2019-10-01,832,169,1147,18,2769,glm_ar1,expanding,106,0,47
SAU,2019-07-01,4,2019-11-01,1086,220,1497,23,3613,glm_ar1,expanding,106,0,196
SAU,2019-07-01,5,2019-12-01,1317,267,1816,28,4383,glm_ar1,expanding,106,0,330
SAU,2019-07-01,6,2020-01-01,1516,307,2089,33,5044,glm_ar1,expanding,106,0,790
SDN,2019-07-01,1,2019-08-01,NA,NA,NA,NA,NA,glm_ar1,expanding,48,63,NA
SDN,2019-07-01,2,2019-09-01,NA,NA,NA,NA,NA,glm_ar1,expanding,48,63,NA
SDN,2019-07-01,3,2019-10-01,NA,NA,NA,NA,NA,glm_ar1,expanding,48,63,NA
SDN,2019-07-01,4,2019-11-01,NA,NA,NA,NA,NA,glm_ar1,expanding,48,63,NA
SDN,2019-07-01,5,2019-12-01,NA,NA,NA,NA,NA,glm_ar1,expanding,48,63,NA
SDN,2019-07-01,6,2020-01-01,NA,NA,NA,NA,NA,glm_ar1,expanding,48,63,NA
SEN,2019-07-01,1,2019-08-01,NA,NA,NA,NA,NA,glm_ar1,expanding,24,3,NA
SEN,2019-07-01,2,2019-09-01,NA,NA,NA,NA,NA,glm_ar1,expanding,24,3,NA
SEN,2019-07-01,3,2019-10-01,NA,NA,NA,NA,NA,glm_ar1,expanding,24,3,NA
SEN,2019-07-01,4,2019-11-01,NA,NA,NA,NA,NA,glm_ar1,expanding,24,3,NA
SEN,2019-07-01,5,2019-12-01,NA,NA,NA,NA,NA,glm_ar1,expanding,24,3,NA
SEN,2019-07-01,6,2020-01-01,NA,NA,NA,NA,NA,glm_ar1,expanding,24,3,NA
SGP,2019-07-01,1,2019-08-01,2426,492,3345,52,8073,glm_ar1,expanding,114,0,1940
SGP,2019-07-01,2,2019-09-01,2363,479,3257,51,7861,glm_ar1,expanding,114,0,1448
SGP,2019-07-01,3,2019-10-01,2317,470,3194,50,7710,glm_ar1,expanding,114,0,1018
SGP,2019-07-01,4,2019-11-01,2285,463,3150,49,7603,glm_ar1,expanding,114,0,1324
SGP,2019-07-01,5,2019-12-01,2262,459,3118,49,7525,glm_ar1,expanding,114,0,1059
SGP,2019-07-01,6,2020-01-01,2245,455,3095,48,7470,glm_ar1,expanding,114,0,1725
SLB,2019-07-01,1,2019-08-01,61,12,85,1,205,glm_ar1,expanding,52,24,44
SLB,2019-07-01,2,2019-09-01,165,33,228,3,550,glm_ar1,expanding,52,24,45
SLB,2019-07-01,3,2019-10-01,336,68,463,7,1119,glm_ar1,expanding,52,24,72
SLB,2019-07-01,4,2019-11-01,562,114,775,12,1872,glm_ar1,expanding,52,24,57
SLB,2019-07-01,5,2019-12-01,817,166,1126,17,2719,glm_ar1,expanding,52,24,30
SLB,2019-07-01,6,2020-01-01,1072,217,1477,23,3566,glm_ar1,expanding,52,24,26
SLV,2019-07-01,1,2019-08-01,3515,713,4845,76,11694,glm_ar1,expanding,114,0,5773
SLV,2019-07-01,2,2019-09-01,3093,627,4263,67,10290,glm_ar1,expanding,114,0,5817
SLV,2019-07-01,3,2019-10-01,2818,572,3885,61,9377,glm_ar1,expanding,114,0,2852
SLV,2019-07-01,4,2019-11-01,2634,534,3631,57,8764,glm_ar1,expanding,114,0,1433
SLV,2019-07-01,5,2019-12-01,2508,509,3457,54,8344,glm_ar1,expanding,114,0,795
SLV,2019-07-01,6,2020-01-01,2420,491,3336,52,8052,glm_ar1,expanding,114,0,904
SUR,2019-07-01,1,2019-08-01,18,3,25,0,61,glm_ar1,expanding,64,48,7
SUR,2019-07-01,2,2019-09-01,70,14,97,1,234,glm_ar1,expanding,64,48,7
SUR,2019-07-01,3,2019-10-01,181,36,250,4,604,glm_ar1,expanding,64,48,6
SUR,2019-07-01,4,2019-11-01,360,73,496,7,1197,glm_ar1,expanding,64,48,11
SUR,2019-07-01,5,2019-12-01,591,120,815,12,1966,glm_ar1,expanding,64,48,16
SUR,2019-07-01,6,2020-01-01,847,172,1167,18,2818,glm_ar1,expanding,64,48,135
SXM,2019-07-01,1,2019-08-01,NA,NA,NA,NA,NA,glm_ar1,expanding,36,76,NA
SXM,2019-07-01,2,2019-09-01,NA,NA,NA,NA,NA,glm_ar1,expanding,36,76,NA
SXM,2019-07-01,3,2019-10-01,NA,NA,NA,NA,NA,glm_ar1,expanding,36,76,NA
SXM,2019-07-01,4,2019-11-01,NA,NA,NA,NA,NA,glm_ar1,expanding,36,76,NA
SXM,2019-07-01,5,2019-12-01,NA,NA,NA,NA,NA,glm_ar1,expanding,36,76,NA
SXM,2019-07-01,6,2020-01-01,NA,NA,NA,NA,NA,glm_ar1,expanding,36,76,NA
SYC,2019-07-01,1,2019-08-01,NA,NA,NA,NA,NA,glm_ar1,expanding,24,13,NA
SYC,2019-07-01,2,2019-09-01,NA,NA,NA,NA,NA,glm_ar1,expanding,24,13,NA
SYC,2019-07-01,3,2019-10-01,NA,NA,NA,NA,NA,glm_ar1,expanding,24,13,NA
SYC,2019-07-01,4,2019-11-01,NA,NA,NA,NA,NA,glm_ar1,expanding,24,13,NA
SYC,2019-07-01,5,2019-12-01,NA,NA,NA,NA,NA,glm_ar1,expanding,24,13,NA
SYC,2019-07-01,6,2020-01-01,NA,NA,NA,NA,NA,glm_ar1,expanding,24,13,NA
TCA,2019-07-01,1,2019-08-01,8,1,11,0,28,glm_ar1,expanding,63,12,1
TCA,2019-07-01,2,2019-09-01,41,8,57,1,137,glm_ar1,expanding,63,12,5
TCA,2019-07-01,3,2019-10-01,124,25,171,2,412,glm_ar1,expanding,63,12,0
TCA,2019-07-01,4,2019-11-01,273,55,376,6,909,glm_ar1,expanding,63,12,0
TCA,2019-07-01,5,2019-12-01,484,98,667,10,1610,glm_ar1,expanding,63,12,0
TCA,2019-07-01,6,2020-01-01,732,148,1010,16,2438,glm_ar1,expanding,63,12,69
THA,2019-07-01,1,2019-08-01,11890,2413,16389,258,39559,glm_ar1,expanding,114,0,18209
THA,2019-07-01,2,2019-09-01,7500,1522,10338,163,24952,glm_ar1,expanding,114,0,14367
THA,2019-07-01,3,2019-10-01,5365,1088,7395,116,17850,glm_ar1,expanding,114,0,12848
THA,2019-07-01,4,2019-11-01,4206,853,5797,91,13993,glm_ar1,expanding,114,0,10418
THA,2019-07-01,5,2019-12-01,3524,715,4857,76,11724,glm_ar1,expanding,114,0,4774
THA,2019-07-01,6,2020-01-01,3098,628,4271,67,10309,glm_ar1,expanding,114,0,3883
TLS,2019-07-01,1,2019-08-01,56,11,77,1,186,glm_ar1,expanding,107,0,0
TLS,2019-07-01,2,2019-09-01,154,31,212,3,513,glm_ar1,expanding,107,0,0
TLS,2019-07-01,3,2019-10-01,320,65,441,7,1064,glm_ar1,expanding,107,0,0
TLS,2019-07-01,4,2019-11-01,542,110,748,11,1805,glm_ar1,expanding,107,0,0
TLS,2019-07-01,5,2019-12-01,796,161,1097,17,2648,glm_ar1,expanding,107,0,0
TLS,2019-07-01,6,2020-01-01,1051,213,1449,22,3498,glm_ar1,expanding,107,0,152
TON,2019-07-01,1,2019-08-01,NA,NA,NA,NA,NA,glm_ar1,expanding,36,27,NA
TON,2019-07-01,2,2019-09-01,NA,NA,NA,NA,NA,glm_ar1,expanding,36,27,NA
TON,2019-07-01,3,2019-10-01,NA,NA,NA,NA,NA,glm_ar1,expanding,36,27,NA
TON,2019-07-01,4,2019-11-01,NA,NA,NA,NA,NA,glm_ar1,expanding,36,27,NA
TON,2019-07-01,5,2019-12-01,NA,NA,NA,NA,NA,glm_ar1,expanding,36,27,NA
TON,2019-07-01,6,2020-01-01,NA,NA,NA,NA,NA,glm_ar1,expanding,36,27,NA
TTO,2019-07-01,1,2019-08-01,8,1,11,0,28,glm_ar1,expanding,76,36,192
TTO,2019-07-01,2,2019-09-01,41,8,57,1,137,glm_ar1,expanding,76,36,16
TTO,2019-07-01,3,2019-10-01,124,25,171,2,412,glm_ar1,expanding,76,36,47
TTO,2019-07-01,4,2019-11-01,273,55,376,6,909,glm_ar1,expanding,76,36,55
TTO,2019-07-01,5,2019-12-01,484,98,667,10,1610,glm_ar1,expanding,76,36,0
TTO,2019-07-01,6,2020-01-01,732,148,1010,16,2438,glm_ar1,expanding,76,36,7
TUV,2019-07-01,1,2019-08-01,292,59,403,6,973,glm_ar1,expanding,16,0,201
TUV,2019-07-01,2,2019-09-01,508,103,701,11,1692,glm_ar1,expanding,16,0,47
TUV,2019-07-01,3,2019-10-01,759,154,1047,16,2527,glm_ar1,expanding,16,0,19
TUV,2019-07-01,4,2019-11-01,1016,206,1401,22,3381,glm_ar1,expanding,16,0,17
TUV,2019-07-01,5,2019-12-01,1255,254,1730,27,4177,glm_ar1,expanding,16,0,13
TUV,2019-07-01,6,2020-01-01,1464,297,2018,31,4870,glm_ar1,expanding,16,0,5
TWN,2019-07-01,1,2019-08-01,75,15,103,1,250,glm_ar1,expanding,89,24,11
TWN,2019-07-01,2,2019-09-01,190,38,262,4,633,glm_ar1,expanding,89,24,16
TWN,2019-07-01,3,2019-10-01,372,75,513,8,1239,glm_ar1,expanding,89,24,6
TWN,2019-07-01,4,2019-11-01,606,123,835,13,2016,glm_ar1,expanding,89,24,0
TWN,2019-07-01,5,2019-12-01,862,175,1189,18,2870,glm_ar1,expanding,89,24,0
TWN,2019-07-01,6,2020-01-01,1114,226,1536,24,3708,glm_ar1,expanding,89,24,0
URY,2019-07-01,1,2019-08-01,NA,NA,NA,NA,NA,glm_ar1,expanding,12,40,NA
URY,2019-07-01,2,2019-09-01,NA,NA,NA,NA,NA,glm_ar1,expanding,12,40,NA
URY,2019-07-01,3,2019-10-01,NA,NA,NA,NA,NA,glm_ar1,expanding,12,40,NA
URY,2019-07-01,4,2019-11-01,NA,NA,NA,NA,NA,glm_ar1,expanding,12,40,NA
URY,2019-07-01,5,2019-12-01,NA,NA,NA,NA,NA,glm_ar1,expanding,12,40,NA
URY,2019-07-01,6,2020-01-01,NA,NA,NA,NA,NA,glm_ar1,expanding,12,40,NA
USA,2019-07-01,1,2019-08-01,219,44,302,4,729,glm_ar1,expanding,101,12,184
USA,2019-07-01,2,2019-09-01,412,83,568,9,1372,glm_ar1,expanding,101,12,221
USA,2019-07-01,3,2019-10-01,652,132,899,14,2171,glm_ar1,expanding,101,12,220
USA,2019-07-01,4,2019-11-01,910,184,1254,19,3028,glm_ar1,expanding,101,12,159
USA,2019-07-01,5,2019-12-01,1159,235,1597,25,3855,glm_ar1,expanding,101,12,154
USA,2019-07-01,6,2020-01-01,1381,280,1904,30,4595,glm_ar1,expanding,101,12,17
VCT,2019-07-01,1,2019-08-01,8,1,11,0,28,glm_ar1,expanding,76,36,0
VCT,2019-07-01,2,2019-09-01,41,8,57,1,137,glm_ar1,expanding,76,36,0
VCT,2019-07-01,3,2019-10-01,124,25,171,2,412,glm_ar1,expanding,76,36,4
VCT,2019-07-01,4,2019-11-01,273,55,376,6,909,glm_ar1,expanding,76,36,0
VCT,2019-07-01,5,2019-12-01,484,98,667,10,1610,glm_ar1,expanding,76,36,0
VCT,2019-07-01,6,2020-01-01,732,148,1010,16,2438,glm_ar1,expanding,76,36,315
VEN,2019-07-01,1,2019-08-01,1625,330,2240,35,5408,glm_ar1,expanding,112,0,1621
VEN,2019-07-01,2,2019-09-01,1766,358,2434,38,5876,glm_ar1,expanding,112,0,2296
VEN,2019-07-01,3,2019-10-01,1875,380,2585,40,6240,glm_ar1,expanding,112,0,1761
VEN,2019-07-01,4,2019-11-01,1959,397,2701,42,6520,glm_ar1,expanding,112,0,1608
VEN,2019-07-01,5,2019-12-01,2023,410,2788,44,6730,glm_ar1,expanding,112,0,1226
VEN,2019-07-01,6,2020-01-01,2070,420,2853,45,6888,glm_ar1,expanding,112,0,1339
VGB,2019-07-01,1,2019-08-01,8,1,11,0,28,glm_ar1,expanding,112,0,30
VGB,2019-07-01,2,2019-09-01,41,8,57,1,137,glm_ar1,expanding,112,0,0
VGB,2019-07-01,3,2019-10-01,124,25,171,2,412,glm_ar1,expanding,112,0,27
VGB,2019-07-01,4,2019-11-01,273,55,376,6,909,glm_ar1,expanding,112,0,0
VGB,2019-07-01,5,2019-12-01,484,98,667,10,1610,glm_ar1,expanding,112,0,0
VGB,2019-07-01,6,2020-01-01,732,148,1010,16,2438,glm_ar1,expanding,112,0,11
VNM,2019-07-01,1,2019-08-01,16700,3389,23020,362,55562,glm_ar1,expanding,113,0,40453
VNM,2019-07-01,2,2019-09-01,9600,1948,13233,208,31942,glm_ar1,expanding,113,0,51913
VNM,2019-07-01,3,2019-10-01,6420,1302,8849,139,21360,glm_ar1,expanding,113,0,45269
VNM,2019-07-01,4,2019-11-01,4792,972,6605,104,15943,glm_ar1,expanding,113,0,41629
VNM,2019-07-01,5,2019-12-01,3874,786,5340,84,12890,glm_ar1,expanding,113,0,26869
VNM,2019-07-01,6,2020-01-01,3319,673,4576,72,11045,glm_ar1,expanding,113,0,9962
VUT,2019-07-01,1,2019-08-01,8,1,11,0,28,glm_ar1,expanding,33,72,0
VUT,2019-07-01,2,2019-09-01,41,8,57,1,137,glm_ar1,expanding,33,72,1
VUT,2019-07-01,3,2019-10-01,124,25,171,2,412,glm_ar1,expanding,33,72,0
VUT,2019-07-01,4,2019-11-01,273,55,376,6,909,glm_ar1,expanding,33,72,0
VUT,2019-07-01,5,2019-12-01,484,98,667,10,1610,glm_ar1,expanding,33,72,0
VUT,2019-07-01,6,2020-01-01,732,148,1010,16,2438,glm_ar1,expanding,33,72,1
WLF,2019-07-01,1,2019-08-01,37,7,51,0,124,glm_ar1,expanding,26,0,8
WLF,2019-07-01,2,2019-09-01,115,23,159,2,384,glm_ar1,expanding,26,0,6
WLF,2019-07-01,3,2019-10-01,259,52,358,5,864,glm_ar1,expanding,26,0,11
WLF,2019-07-01,4,2019-11-01,466,94,643,10,1552,glm_ar1,expanding,26,0,16
WLF,2019-07-01,5,2019-12-01,713,144,983,15,2373,glm_ar1,expanding,26,0,16
WLF,2019-07-01,6,2020-01-01,971,197,1338,21,3230,glm_ar1,expanding,26,0,5
WSM,2019-07-01,1,2019-08-01,119,24,165,2,398,glm_ar1,expanding,22,0,19
WSM,2019-07-01,2,2019-09-01,266,54,367,5,886,glm_ar1,expanding,22,0,12
WSM,2019-07-01,3,2019-10-01,475,96,655,10,1581,glm_ar1,expanding,22,0,9
WSM,2019-07-01,4,2019-11-01,723,146,997,15,2406,glm_ar1,expanding,22,0,15
WSM,2019-07-01,5,2019-12-01,980,199,1351,21,3263,glm_ar1,expanding,22,0,15
WSM,2019-07-01,6,2020-01-01,1223,248,1686,26,4070,glm_ar1,expanding,22,0,15
YEM,2019-07-01,1,2019-08-01,2180,442,3005,47,7253,glm_ar1,expanding,28,24,1883
YEM,2019-07-01,2,2019-09-01,2186,443,3013,47,7273,glm_ar1,expanding,28,24,3498
YEM,2019-07-01,3,2019-10-01,2190,444,3019,47,7286,glm_ar1,expanding,28,24,5959
YEM,2019-07-01,4,2019-11-01,2193,445,3023,47,7297,glm_ar1,expanding,28,24,25962
YEM,2019-07-01,5,2019-12-01,2195,445,3026,47,7304,glm_ar1,expanding,28,24,24371
YEM,2019-07-01,6,2020-01-01,2197,445,3028,47,7309,glm_ar1,expanding,28,24,18968
ABW,2020-01-01,1,2020-02-01,NA,NA,NA,NA,NA,glm_ar1,expanding,84,31,NA
ABW,2020-01-01,2,2020-03-01,NA,NA,NA,NA,NA,glm_ar1,expanding,84,31,NA
ABW,2020-01-01,3,2020-04-01,NA,NA,NA,NA,NA,glm_ar1,expanding,84,31,NA
ABW,2020-01-01,4,2020-05-01,NA,NA,NA,NA,NA,glm_ar1,expanding,84,31,NA
ABW,2020-01-01,5,2020-06-01,NA,NA,NA,NA,NA,glm_ar1,expanding,84,31,NA
ABW,2020-01-01,6,2020-07-01,NA,NA,NA,NA,NA,glm_ar1,expanding,84,31,NA
AFG,2020-01-01,1,2020-02-01,NA,NA,NA,NA,NA,glm_ar1,expanding,0,0,NA
AFG,2020-01-01,2,2020-03-01,NA,NA,NA,NA,NA,glm_ar1,expanding,0,0,NA
AFG,2020-01-01,3,2020-04-01,NA,NA,NA,NA,NA,glm_ar1,expanding,0,0,NA
AFG,2020-01-01,4,2020-05-01,NA,NA,NA,NA,NA,glm_ar1,expanding,0,0,NA
AFG,2020-01-01,5,2020-06-01,NA,NA,NA,NA,NA,glm_ar1,expanding,0,0,NA
AFG,2020-01-01,6,2020-07-01,NA,NA,NA,NA,NA,glm_ar1,expanding,0,0,NA
ARG,2020-01-01,1,2020-02-01,1381,271,1901,27,4634,glm_ar1,expanding,114,0,4970
ARG,2020-01-01,2,2020-03-01,1607,316,2213,32,5393,glm_ar1,expanding,114,0,21614
ARG,2020-01-01,3,2020-04-01,1795,352,2471,36,6022,glm_ar1,expanding,114,0,20499
ARG,2020-01-01,4,2020-05-01,1945,382,2678,39,6525,glm_ar1,expanding,114,0,10470
ARG,2020-01-01,5,2020-06-01,2062,405,2839,41,6918,glm_ar1,expanding,114,0,574
ARG,2020-01-01,6,2020-07-01,2151,423,2962,43,7218,glm_ar1,expanding,114,0,69
ATG,2020-01-01,1,2020-02-01,479,94,660,9,1608,glm_ar1,expanding,46,12,90
ATG,2020-01-01,2,2020-03-01,744,146,1025,15,2498,glm_ar1,expanding,46,12,43
ATG,2020-01-01,3,2020-04-01,1025,201,1412,20,3440,glm_ar1,expanding,46,12,NA
ATG,2020-01-01,4,2020-05-01,1294,254,1782,26,4342,glm_ar1,expanding,46,12,NA
ATG,2020-01-01,5,2020-06-01,1533,301,2111,30,5144,glm_ar1,expanding,46,12,NA
ATG,2020-01-01,6,2020-07-01,1734,341,2388,34,5819,glm_ar1,expanding,46,12,NA
AUS,2020-01-01,1,2020-02-01,191,37,263,3,641,glm_ar1,expanding,113,0,58
AUS,2020-01-01,2,2020-03-01,382,75,526,7,1281,glm_ar1,expanding,113,0,83
AUS,2020-01-01,3,2020-04-01,631,124,869,12,2118,glm_ar1,expanding,113,0,6
AUS,2020-01-01,4,2020-05-01,910,178,1252,18,3052,glm_ar1,expanding,113,0,1
AUS,2020-01-01,5,2020-06-01,1186,233,1633,23,3980,glm_ar1,expanding,113,0,1
AUS,2020-01-01,6,2020-07-01,1439,282,1981,29,4828,glm_ar1,expanding,113,0,1
BES,2020-01-01,1,2020-02-01,NA,NA,NA,NA,NA,glm_ar1,expanding,36,0,NA
BES,2020-01-01,2,2020-03-01,NA,NA,NA,NA,NA,glm_ar1,expanding,36,0,NA
BES,2020-01-01,3,2020-04-01,NA,NA,NA,NA,NA,glm_ar1,expanding,36,0,NA
BES,2020-01-01,4,2020-05-01,NA,NA,NA,NA,NA,glm_ar1,expanding,36,0,NA
BES,2020-01-01,5,2020-06-01,NA,NA,NA,NA,NA,glm_ar1,expanding,36,0,NA
BES,2020-01-01,6,2020-07-01,NA,NA,NA,NA,NA,glm_ar1,expanding,36,0,NA
BFA,2020-01-01,1,2020-02-01,NA,NA,NA,NA,NA,glm_ar1,expanding,48,9,NA
BFA,2020-01-01,2,2020-03-01,NA,NA,NA,NA,NA,glm_ar1,expanding,48,9,NA
BFA,2020-01-01,3,2020-04-01,NA,NA,NA,NA,NA,glm_ar1,expanding,48,9,NA
BFA,2020-01-01,4,2020-05-01,NA,NA,NA,NA,NA,glm_ar1,expanding,48,9,NA
BFA,2020-01-01,5,2020-06-01,NA,NA,NA,NA,NA,glm_ar1,expanding,48,9,NA
BFA,2020-01-01,6,2020-07-01,NA,NA,NA,NA,NA,glm_ar1,expanding,48,9,NA
BGD,2020-01-01,1,2020-02-01,426,83,587,8,1430,glm_ar1,expanding,119,0,44
BGD,2020-01-01,2,2020-03-01,683,134,941,13,2294,glm_ar1,expanding,119,0,24
BGD,2020-01-01,3,2020-04-01,964,189,1327,19,3234,glm_ar1,expanding,119,0,26
BGD,2020-01-01,4,2020-05-01,1237,243,1704,24,4151,glm_ar1,expanding,119,0,10
BGD,2020-01-01,5,2020-06-01,1484,291,2043,29,4978,glm_ar1,expanding,119,0,16
BGD,2020-01-01,6,2020-07-01,1693,332,2332,34,5681,glm_ar1,expanding,119,0,32
BHS,2020-01-01,1,2020-02-01,NA,NA,NA,NA,NA,glm_ar1,expanding,48,70,NA
BHS,2020-01-01,2,2020-03-01,NA,NA,NA,NA,NA,glm_ar1,expanding,48,70,NA
BHS,2020-01-01,3,2020-04-01,NA,NA,NA,NA,NA,glm_ar1,expanding,48,70,NA
BHS,2020-01-01,4,2020-05-01,NA,NA,NA,NA,NA,glm_ar1,expanding,48,70,NA
BHS,2020-01-01,5,2020-06-01,NA,NA,NA,NA,NA,glm_ar1,expanding,48,70,NA
BHS,2020-01-01,6,2020-07-01,NA,NA,NA,NA,NA,glm_ar1,expanding,48,70,NA
BLM,2020-01-01,1,2020-02-01,150,29,206,3,503,glm_ar1,expanding,70,24,26
BLM,2020-01-01,2,2020-03-01,320,63,441,6,1075,glm_ar1,expanding,70,24,69
BLM,2020-01-01,3,2020-04-01,556,109,765,11,1864,glm_ar1,expanding,70,24,79
BLM,2020-01-01,4,2020-05-01,829,163,1141,16,2782,glm_ar1,expanding,70,24,164
BLM,2020-01-01,5,2020-06-01,1109,218,1527,22,3721,glm_ar1,expanding,70,24,142
BLM,2020-01-01,6,2020-07-01,1370,269,1886,27,4597,glm_ar1,expanding,70,24,173
BLZ,2020-01-01,1,2020-02-01,834,164,1148,16,2798,glm_ar1,expanding,119,0,345
BLZ,2020-01-01,2,2020-03-01,1114,219,1533,22,3736,glm_ar1,expanding,119,0,532
BLZ,2020-01-01,3,2020-04-01,1374,270,1892,27,4611,glm_ar1,expanding,119,0,121
BLZ,2020-01-01,4,2020-05-01,1602,314,2205,32,5374,glm_ar1,expanding,119,0,137
BLZ,2020-01-01,5,2020-06-01,1790,352,2465,36,6006,glm_ar1,expanding,119,0,141
BLZ,2020-01-01,6,2020-07-01,1941,381,2673,39,6513,glm_ar1,expanding,119,0,110
BOL,2020-01-01,1,2020-02-01,13789,2709,18985,276,46257,glm_ar1,expanding,114,0,40751
BOL,2020-01-01,2,2020-03-01,8578,1685,11810,172,28776,glm_ar1,expanding,114,0,29526
BOL,2020-01-01,3,2020-04-01,6072,1193,8360,121,20369,glm_ar1,expanding,114,0,7985
BOL,2020-01-01,4,2020-05-01,4722,928,6501,94,15840,glm_ar1,expanding,114,0,3287
BOL,2020-01-01,5,2020-06-01,3932,772,5413,79,13190,glm_ar1,expanding,114,0,455
BOL,2020-01-01,6,2020-07-01,3441,676,4738,69,11545,glm_ar1,expanding,114,0,222
BRA,2020-01-01,1,2020-02-01,58874,11569,81058,1181,197502,glm_ar1,expanding,112,0,305174
BRA,2020-01-01,2,2020-03-01,24676,4849,33974,495,82780,glm_ar1,expanding,112,0,335409
BRA,2020-01-01,3,2020-04-01,13103,2575,18040,263,43956,glm_ar1,expanding,112,0,201339
BRA,2020-01-01,4,2020-05-01,8265,1624,11379,166,27727,glm_ar1,expanding,112,0,165186
BRA,2020-01-01,5,2020-06-01,5910,1161,8137,118,19826,glm_ar1,expanding,112,0,81799
BRA,2020-01-01,6,2020-07-01,4630,909,6374,93,15531,glm_ar1,expanding,112,0,51114
BRB,2020-01-01,1,2020-02-01,141,27,195,2,475,glm_ar1,expanding,118,0,40
BRB,2020-01-01,2,2020-03-01,307,60,423,6,1031,glm_ar1,expanding,118,0,20
BRB,2020-01-01,3,2020-04-01,539,106,742,10,1809,glm_ar1,expanding,118,0,11
BRB,2020-01-01,4,2020-05-01,811,159,1117,16,2722,glm_ar1,expanding,118,0,19
BRB,2020-01-01,5,2020-06-01,1091,214,1503,22,3662,glm_ar1,expanding,118,0,13
BRB,2020-01-01,6,2020-07-01,1354,266,1865,27,4544,glm_ar1,expanding,118,0,16
BRN,2020-01-01,1,2020-02-01,84,16,116,1,283,glm_ar1,expanding,117,0,16
BRN,2020-01-01,2,2020-03-01,211,41,291,4,709,glm_ar1,expanding,117,0,15
BRN,2020-01-01,3,2020-04-01,411,80,566,8,1379,glm_ar1,expanding,117,0,16
BRN,2020-01-01,4,2020-05-01,666,131,917,13,2234,glm_ar1,expanding,117,0,15
BRN,2020-01-01,5,2020-06-01,945,186,1302,19,3173,glm_ar1,expanding,117,0,12
BRN,2020-01-01,6,2020-07-01,1220,239,1680,24,4094,glm_ar1,expanding,117,0,17
BTN,2020-01-01,1,2020-02-01,14,2,19,0,47,glm_ar1,expanding,83,36,0
BTN,2020-01-01,2,2020-03-01,59,11,81,1,199,glm_ar1,expanding,83,36,NA
BTN,2020-01-01,3,2020-04-01,164,32,226,3,551,glm_ar1,expanding,83,36,NA
BTN,2020-01-01,4,2020-05-01,342,67,471,7,1148,glm_ar1,expanding,83,36,NA
BTN,2020-01-01,5,2020-06-01,583,114,802,11,1956,glm_ar1,expanding,83,36,NA
BTN,2020-01-01,6,2020-07-01,858,168,1182,17,2880,glm_ar1,expanding,83,36,NA
CHL,2020-01-01,1,2020-02-01,NA,NA,NA,NA,NA,glm_ar1,expanding,36,58,NA
CHL,2020-01-01,2,2020-03-01,NA,NA,NA,NA,NA,glm_ar1,expanding,36,58,NA
CHL,2020-01-01,3,2020-04-01,NA,NA,NA,NA,NA,glm_ar1,expanding,36,58,NA
CHL,2020-01-01,4,2020-05-01,NA,NA,NA,NA,NA,glm_ar1,expanding,36,58,NA
CHL,2020-01-01,5,2020-06-01,NA,NA,NA,NA,NA,glm_ar1,expanding,36,58,NA
CHL,2020-01-01,6,2020-07-01,NA,NA,NA,NA,NA,glm_ar1,expanding,36,58,NA
CHN,2020-01-01,1,2020-02-01,8,1,12,0,29,glm_ar1,expanding,119,0,0
CHN,2020-01-01,2,2020-03-01,42,8,58,0,142,glm_ar1,expanding,119,0,NA
CHN,2020-01-01,3,2020-04-01,129,25,178,2,434,glm_ar1,expanding,119,0,NA
CHN,2020-01-01,4,2020-05-01,288,56,396,5,965,glm_ar1,expanding,119,0,NA
CHN,2020-01-01,5,2020-06-01,514,101,708,10,1725,glm_ar1,expanding,119,0,NA
CHN,2020-01-01,6,2020-07-01,783,154,1079,15,2628,glm_ar1,expanding,119,0,NA
CIV,2020-01-01,1,2020-02-01,NA,NA,NA,NA,NA,glm_ar1,expanding,0,0,NA
CIV,2020-01-01,2,2020-03-01,NA,NA,NA,NA,NA,glm_ar1,expanding,0,0,NA
CIV,2020-01-01,3,2020-04-01,NA,NA,NA,NA,NA,glm_ar1,expanding,0,0,NA
CIV,2020-01-01,4,2020-05-01,NA,NA,NA,NA,NA,glm_ar1,expanding,0,0,NA
CIV,2020-01-01,5,2020-06-01,NA,NA,NA,NA,NA,glm_ar1,expanding,0,0,NA
CIV,2020-01-01,6,2020-07-01,NA,NA,NA,NA,NA,glm_ar1,expanding,0,0,NA
COK,2020-01-01,1,2020-02-01,71,14,98,1,239,glm_ar1,expanding,37,36,42
COK,2020-01-01,2,2020-03-01,187,36,257,3,628,glm_ar1,expanding,37,36,115
COK,2020-01-01,3,2020-04-01,376,74,518,7,1262,glm_ar1,expanding,37,36,85
COK,2020-01-01,4,2020-05-01,624,122,860,12,2095,glm_ar1,expanding,37,36,65
COK,2020-01-01,5,2020-06-01,902,177,1242,18,3028,glm_ar1,expanding,37,36,34
COK,2020-01-01,6,2020-07-01,1179,231,1624,23,3957,glm_ar1,expanding,37,36,24
COL,2020-01-01,1,2020-02-01,9735,1913,13403,195,32657,glm_ar1,expanding,120,0,14604
COL,2020-01-01,2,2020-03-01,6657,1308,9166,133,22334,glm_ar1,expanding,120,0,11820
COL,2020-01-01,3,2020-04-01,5049,992,6951,101,16938,glm_ar1,expanding,120,0,6731
COL,2020-01-01,4,2020-05-01,4128,811,5684,82,13850,glm_ar1,expanding,120,0,7362
COL,2020-01-01,5,2020-06-01,3566,700,4909,71,11963,glm_ar1,expanding,120,0,4534
COL,2020-01-01,6,2020-07-01,3205,630,4413,64,10753,glm_ar1,expanding,120,0,3417
CRI,2020-01-01,1,2020-02-01,1058,208,1457,21,3550,glm_ar1,expanding,119,0,566
CRI,2020-01-01,2,2020-03-01,1324,260,1823,26,4442,glm_ar1,expanding,119,0,515
CRI,2020-01-01,3,2020-04-01,1559,306,2146,31,5230,glm_ar1,expanding,119,0,542
CRI,2020-01-01,4,2020-05-01,1755,345,2417,35,5889,glm_ar1,expanding,119,0,1240
CRI,2020-01-01,5,2020-06-01,1914,376,2635,38,6420,glm_ar1,expanding,119,0,1692
CRI,2020-01-01,6,2020-07-01,2038,400,2806,41,6837,glm_ar1,expanding,119,0,1653
CUB,2020-01-01,1,2020-02-01,265,52,365,5,889,glm_ar1,expanding,70,0,67
CUB,2020-01-01,2,2020-03-01,484,95,666,9,1624,glm_ar1,expanding,70,0,57
CUB,2020-01-01,3,2020-04-01,750,147,1032,15,2516,glm_ar1,expanding,70,0,40
CUB,2020-01-01,4,2020-05-01,1031,202,1419,20,3459,glm_ar1,expanding,70,0,75
CUB,2020-01-01,5,2020-06-01,1299,255,1789,26,4359,glm_ar1,expanding,70,0,85
CUB,2020-01-01,6,2020-07-01,1537,302,2117,30,5159,glm_ar1,expanding,70,0,90
CUW,2020-01-01,1,2020-02-01,NA,NA,NA,NA,NA,glm_ar1,expanding,48,0,NA
CUW,2020-01-01,2,2020-03-01,NA,NA,NA,NA,NA,glm_ar1,expanding,48,0,NA
CUW,2020-01-01,3,2020-04-01,NA,NA,NA,NA,NA,glm_ar1,expanding,48,0,NA
CUW,2020-01-01,4,2020-05-01,NA,NA,NA,NA,NA,glm_ar1,expanding,48,0,NA
CUW,2020-01-01,5,2020-06-01,NA,NA,NA,NA,NA,glm_ar1,expanding,48,0,NA
CUW,2020-01-01,6,2020-07-01,NA,NA,NA,NA,NA,glm_ar1,expanding,48,0,NA
CYM,2020-01-01,1,2020-02-01,57,11,78,1,191,glm_ar1,expanding,82,12,22
CYM,2020-01-01,2,2020-03-01,159,31,220,3,535,glm_ar1,expanding,82,12,0
CYM,2020-01-01,3,2020-04-01,335,66,461,6,1125,glm_ar1,expanding,82,12,NA
CYM,2020-01-01,4,2020-05-01,574,113,791,11,1927,glm_ar1,expanding,82,12,NA
CYM,2020-01-01,5,2020-06-01,849,167,1169,17,2849,glm_ar1,expanding,82,12,NA
CYM,2020-01-01,6,2020-07-01,1128,221,1554,22,3786,glm_ar1,expanding,82,12,NA
DMA,2020-01-01,1,2020-02-01,41,8,57,0,139,glm_ar1,expanding,94,24,5
DMA,2020-01-01,2,2020-03-01,127,25,175,2,426,glm_ar1,expanding,94,24,4
DMA,2020-01-01,3,2020-04-01,284,55,391,5,953,glm_ar1,expanding,94,24,3
DMA,2020-01-01,4,2020-05-01,509,100,701,10,1709,glm_ar1,expanding,94,24,3
DMA,2020-01-01,5,2020-06-01,778,153,1071,15,2611,glm_ar1,expanding,94,24,4
DMA,2020-01-01,6,2020-07-01,1059,208,1458,21,3553,glm_ar1,expanding,94,24,5
DOM,2020-01-01,1,2020-02-01,1770,348,2437,35,5939,glm_ar1,expanding,119,0,935
DOM,2020-01-01,2,2020-03-01,1925,378,2651,38,6460,glm_ar1,expanding,119,0,515
DOM,2020-01-01,3,2020-04-01,2047,402,2818,41,6867,glm_ar1,expanding,119,0,114
DOM,2020-01-01,4,2020-05-01,2140,420,2947,43,7180,glm_ar1,expanding,119,0,136
DOM,2020-01-01,5,2020-06-01,2210,434,3044,44,7416,glm_ar1,expanding,119,0,92
DOM,2020-01-01,6,2020-07-01,2263,444,3116,45,7593,glm_ar1,expanding,119,0,60
ECU,2020-01-01,1,2020-02-01,1764,346,2429,35,5920,glm_ar1,expanding,111,0,2387
ECU,2020-01-01,2,2020-03-01,1921,377,2645,38,6445,glm_ar1,expanding,111,0,3602
ECU,2020-01-01,3,2020-04-01,2043,401,2813,41,6856,glm_ar1,expanding,111,0,1666
ECU,2020-01-01,4,2020-05-01,2137,420,2943,43,7171,glm_ar1,expanding,111,0,1733
ECU,2020-01-01,5,2020-06-01,2208,434,3041,44,7409,glm_ar1,expanding,111,0,1056
ECU,2020-01-01,6,2020-07-01,2262,444,3114,45,7588,glm_ar1,expanding,111,0,820
ERI,2020-01-01,1,2020-02-01,NA,NA,NA,NA,NA,glm_ar1,expanding,60,55,NA
ERI,2020-01-01,2,2020-03-01,NA,NA,NA,NA,NA,glm_ar1,expanding,60,55,NA
ERI,2020-01-01,3,2020-04-01,NA,NA,NA,NA,NA,glm_ar1,expanding,60,55,NA
ERI,2020-01-01,4,2020-05-01,NA,NA,NA,NA,NA,glm_ar1,expanding,60,55,NA
ERI,2020-01-01,5,2020-06-01,NA,NA,NA,NA,NA,glm_ar1,expanding,60,55,NA
ERI,2020-01-01,6,2020-07-01,NA,NA,NA,NA,NA,glm_ar1,expanding,60,55,NA
ETH,2020-01-01,1,2020-02-01,NA,NA,NA,NA,NA,glm_ar1,expanding,12,69,NA
ETH,2020-01-01,2,2020-03-01,NA,NA,NA,NA,NA,glm_ar1,expanding,12,69,NA
ETH,2020-01-01,3,2020-04-01,NA,NA,NA,NA,NA,glm_ar1,expanding,12,69,NA
ETH,2020-01-01,4,2020-05-01,NA,NA,NA,NA,NA,glm_ar1,expanding,12,69,NA
ETH,2020-01-01,5,2020-06-01,NA,NA,NA,NA,NA,glm_ar1,expanding,12,69,NA
ETH,2020-01-01,6,2020-07-01,NA,NA,NA,NA,NA,glm_ar1,expanding,12,69,NA
FJI,2020-01-01,1,2020-02-01,139,27,192,2,468,glm_ar1,expanding,111,0,72
FJI,2020-01-01,2,2020-03-01,304,59,419,6,1020,glm_ar1,expanding,111,0,208
FJI,2020-01-01,3,2020-04-01,535,105,737,10,1795,glm_ar1,expanding,111,0,362
FJI,2020-01-01,4,2020-05-01,806,158,1110,16,2706,glm_ar1,expanding,111,0,1089
FJI,2020-01-01,5,2020-06-01,1087,213,1497,21,3647,glm_ar1,expanding,111,0,1039
FJI,2020-01-01,6,2020-07-01,1350,265,1859,27,4531,glm_ar1,expanding,111,0,750
FSM,2020-01-01,1,2020-02-01,54,10,74,1,181,glm_ar1,expanding,34,12,6
FSM,2020-01-01,2,2020-03-01,153,30,211,3,515,glm_ar1,expanding,34,12,3
FSM,2020-01-01,3,2020-04-01,326,64,449,6,1094,glm_ar1,expanding,34,12,3
FSM,2020-01-01,4,2020-05-01,563,110,775,11,1888,glm_ar1,expanding,34,12,1
FSM,2020-01-01,5,2020-06-01,837,164,1152,16,2808,glm_ar1,expanding,34,12,9
FSM,2020-01-01,6,2020-07-01,1116,219,1537,22,3746,glm_ar1,expanding,34,12,5
GLP,2020-01-01,1,2020-02-01,1901,373,2618,38,6380,glm_ar1,expanding,118,0,1550
GLP,2020-01-01,2,2020-03-01,2028,398,2793,40,6805,glm_ar1,expanding,118,0,755
GLP,2020-01-01,3,2020-04-01,2126,417,2927,42,7133,glm_ar1,expanding,118,0,560
GLP,2020-01-01,4,2020-05-01,2200,432,3029,44,7381,glm_ar1,expanding,118,0,820
GLP,2020-01-01,5,2020-06-01,2255,443,3105,45,7566,glm_ar1,expanding,118,0,550
GLP,2020-01-01,6,2020-07-01,2296,451,3162,46,7705,glm_ar1,expanding,118,0,430
GRD,2020-01-01,1,2020-02-01,34,6,47,0,116,glm_ar1,expanding,107,12,5
GRD,2020-01-01,2,2020-03-01,111,22,153,2,374,glm_ar1,expanding,107,12,5
GRD,2020-01-01,3,2020-04-01,258,51,356,5,868,glm_ar1,expanding,107,12,0
GRD,2020-01-01,4,2020-05-01,476,93,655,9,1597,glm_ar1,expanding,107,12,15
GRD,2020-01-01,5,2020-06-01,741,145,1020,15,2485,glm_ar1,expanding,107,12,6
GRD,2020-01-01,6,2020-07-01,1022,200,1407,20,3428,glm_ar1,expanding,107,12,5
GTM,2020-01-01,1,2020-02-01,1746,343,2403,35,5857,glm_ar1,expanding,120,0,1055
GTM,2020-01-01,2,2020-03-01,1906,374,2624,38,6395,glm_ar1,expanding,120,0,796
GTM,2020-01-01,3,2020-04-01,2032,399,2798,40,6817,glm_ar1,expanding,120,0,276
GTM,2020-01-01,4,2020-05-01,2129,418,2931,42,7141,glm_ar1,expanding,120,0,467
GTM,2020-01-01,5,2020-06-01,2202,432,3032,44,7387,glm_ar1,expanding,120,0,456
GTM,2020-01-01,6,2020-07-01,2257,443,3107,45,7571,glm_ar1,expanding,120,0,354
GUF,2020-01-01,1,2020-02-01,668,131,920,13,2243,glm_ar1,expanding,112,0,348
GUF,2020-01-01,2,2020-03-01,948,186,1305,19,3181,glm_ar1,expanding,112,0,705
GUF,2020-01-01,3,2020-04-01,1223,240,1683,24,4102,glm_ar1,expanding,112,0,945
GUF,2020-01-01,4,2020-05-01,1471,289,2025,29,4935,glm_ar1,expanding,112,0,1609
GUF,2020-01-01,5,2020-06-01,1683,330,2317,33,5646,glm_ar1,expanding,112,0,1390
GUF,2020-01-01,6,2020-07-01,1856,364,2555,37,6226,glm_ar1,expanding,112,0,936
GUY,2020-01-01,1,2020-02-01,319,62,440,6,1072,glm_ar1,expanding,109,12,106
GUY,2020-01-01,2,2020-03-01,554,109,763,11,1860,glm_ar1,expanding,109,12,117
GUY,2020-01-01,3,2020-04-01,828,162,1140,16,2777,glm_ar1,expanding,109,12,118
GUY,2020-01-01,4,2020-05-01,1107,217,1525,22,3716,glm_ar1,expanding,109,12,142
GUY,2020-01-01,5,2020-06-01,1369,269,1885,27,4593,glm_ar1,expanding,109,12,147
GUY,2020-01-01,6,2020-07-01,1597,314,2199,32,5358,glm_ar1,expanding,109,12,200
HND,2020-01-01,1,2020-02-01,4305,846,5927,86,14442,glm_ar1,expanding,120,0,3435
HND,2020-01-01,2,2020-03-01,3676,722,5061,73,12333,glm_ar1,expanding,120,0,2013
HND,2020-01-01,3,2020-04-01,3277,644,4512,65,10994,glm_ar1,expanding,120,0,1111
HND,2020-01-01,4,2020-05-01,3014,592,4150,60,10112,glm_ar1,expanding,120,0,2019
HND,2020-01-01,5,2020-06-01,2836,557,3905,57,9515,glm_ar1,expanding,120,0,2121
HND,2020-01-01,6,2020-07-01,2713,533,3736,54,9103,glm_ar1,expanding,120,0,1397
HTI,2020-01-01,1,2020-02-01,41,8,57,0,139,glm_ar1,expanding,21,0,1
HTI,2020-01-01,2,2020-03-01,127,25,175,2,426,glm_ar1,expanding,21,0,0
HTI,2020-01-01,3,2020-04-01,284,55,391,5,953,glm_ar1,expanding,21,0,0
HTI,2020-01-01,4,2020-05-01,509,100,701,10,1709,glm_ar1,expanding,21,0,0
HTI,2020-01-01,5,2020-06-01,778,153,1071,15,2611,glm_ar1,expanding,21,0,0
HTI,2020-01-01,6,2020-07-01,1059,208,1458,21,3553,glm_ar1,expanding,21,0,0
IDN,2020-01-01,1,2020-02-01,9537,1874,13131,191,31994,glm_ar1,expanding,112,0,19693
IDN,2020-01-01,2,2020-03-01,6559,1289,9030,131,22003,glm_ar1,expanding,112,0,19366
IDN,2020-01-01,3,2020-04-01,4994,981,6876,100,16755,glm_ar1,expanding,112,0,13160
IDN,2020-01-01,4,2020-05-01,4096,805,5639,82,13741,glm_ar1,expanding,112,0,10725
IDN,2020-01-01,5,2020-06-01,3545,696,4881,71,11894,glm_ar1,expanding,112,0,8106
IDN,2020-01-01,6,2020-07-01,3192,627,4394,64,10708,glm_ar1,expanding,112,0,6329
IND,2020-01-01,1,2020-02-01,3347,657,4608,67,11228,glm_ar1,expanding,118,0,2142
IND,2020-01-01,2,2020-03-01,3061,601,4214,61,10268,glm_ar1,expanding,118,0,1513
IND,2020-01-01,3,2020-04-01,2868,563,3949,57,9621,glm_ar1,expanding,118,0,1133
IND,2020-01-01,4,2020-05-01,2735,537,3766,55,9177,glm_ar1,expanding,118,0,1562
IND,2020-01-01,5,2020-06-01,2643,519,3639,53,8866,glm_ar1,expanding,118,0,2289
IND,2020-01-01,6,2020-07-01,2577,506,3548,51,8647,glm_ar1,expanding,118,0,4003
JAM,2020-01-01,1,2020-02-01,294,57,405,6,987,glm_ar1,expanding,117,0,388
JAM,2020-01-01,2,2020-03-01,522,102,719,10,1753,glm_ar1,expanding,117,0,62
JAM,2020-01-01,3,2020-04-01,792,155,1091,16,2659,glm_ar1,expanding,117,0,5
JAM,2020-01-01,4,2020-05-01,1073,211,1478,21,3601,glm_ar1,expanding,117,0,55
JAM,2020-01-01,5,2020-06-01,1338,263,1842,26,4489,glm_ar1,expanding,117,0,74
JAM,2020-01-01,6,2020-07-01,1571,308,2163,31,5270,glm_ar1,expanding,117,0,12
KEN,2020-01-01,1,2020-02-01,NA,NA,NA,NA,NA,glm_ar1,expanding,48,35,NA
KEN,2020-01-01,2,2020-03-01,NA,NA,NA,NA,NA,glm_ar1,expanding,48,35,NA
KEN,2020-01-01,3,2020-04-01,NA,NA,NA,NA,NA,glm_ar1,expanding,48,35,NA
KEN,2020-01-01,4,2020-05-01,NA,NA,NA,NA,NA,glm_ar1,expanding,48,35,NA
KEN,2020-01-01,5,2020-06-01,NA,NA,NA,NA,NA,glm_ar1,expanding,48,35,NA
KEN,2020-01-01,6,2020-07-01,NA,NA,NA,NA,NA,glm_ar1,expanding,48,35,NA
KHM,2020-01-01,1,2020-02-01,1250,245,1721,25,4193,glm_ar1,expanding,120,0,470
KHM,2020-01-01,2,2020-03-01,1494,293,2058,30,5014,glm_ar1,expanding,120,0,388
KHM,2020-01-01,3,2020-04-01,1702,334,2344,34,5711,glm_ar1,expanding,120,0,260
KHM,2020-01-01,4,2020-05-01,1871,367,2577,37,6279,glm_ar1,expanding,120,0,613
KHM,2020-01-01,5,2020-06-01,2005,394,2761,40,6727,glm_ar1,expanding,120,0,941
KHM,2020-01-01,6,2020-07-01,2108,414,2902,42,7073,glm_ar1,expanding,120,0,1982
KIR,2020-01-01,1,2020-02-01,NA,NA,NA,NA,NA,glm_ar1,expanding,72,34,NA
KIR,2020-01-01,2,2020-03-01,NA,NA,NA,NA,NA,glm_ar1,expanding,72,34,NA
KIR,2020-01-01,3,2020-04-01,NA,NA,NA,NA,NA,glm_ar1,expanding,72,34,NA
KIR,2020-01-01,4,2020-05-01,NA,NA,NA,NA,NA,glm_ar1,expanding,72,34,NA
KIR,2020-01-01,5,2020-06-01,NA,NA,NA,NA,NA,glm_ar1,expanding,72,34,NA
KIR,2020-01-01,6,2020-07-01,NA,NA,NA,NA,NA,glm_ar1,expanding,72,34,NA
KNA,2020-01-01,1,2020-02-01,63,12,86,1,211,glm_ar1,expanding,46,36,3
KNA,2020-01-01,2,2020-03-01,171,33,235,3,574,glm_ar1,expanding,46,36,0
KNA,2020-01-01,3,2020-04-01,352,69,485,7,1183,glm_ar1,expanding,46,36,NA
KNA,2020-01-01,4,2020-05-01,596,117,820,12,1999,glm_ar1,expanding,46,36,NA
KNA,2020-01-01,5,2020-06-01,872,171,1201,17,2926,glm_ar1,expanding,46,36,NA
KNA,2020-01-01,6,2020-07-01,1150,226,1584,23,3860,glm_ar1,expanding,46,36,NA
LAO,2020-01-01,1,2020-02-01,514,101,708,10,1727,glm_ar1,expanding,120,0,198
LAO,2020-01-01,2,2020-03-01,784,154,1079,15,2631,glm_ar1,expanding,120,0,239
LAO,2020-01-01,3,2020-04-01,1065,209,1466,21,3573,glm_ar1,expanding,120,0,157
LAO,2020-01-01,4,2020-05-01,1330,261,1832,26,4463,glm_ar1,expanding,120,0,663
LAO,2020-01-01,5,2020-06-01,1564,307,2153,31,5248,glm_ar1,expanding,120,0,759
LAO,2020-01-01,6,2020-07-01,1760,345,2423,35,5904,glm_ar1,expanding,120,0,1487
LCA,2020-01-01,1,2020-02-01,NA,NA,NA,NA,NA,glm_ar1,expanding,96,23,NA
LCA,2020-01-01,2,2020-03-01,NA,NA,NA,NA,NA,glm_ar1,expanding,96,23,5
LCA,2020-01-01,3,2020-04-01,NA,NA,NA,NA,NA,glm_ar1,expanding,96,23,7
LCA,2020-01-01,4,2020-05-01,NA,NA,NA,NA,NA,glm_ar1,expanding,96,23,14
LCA,2020-01-01,5,2020-06-01,NA,NA,NA,NA,NA,glm_ar1,expanding,96,23,19
LCA,2020-01-01,6,2020-07-01,NA,NA,NA,NA,NA,glm_ar1,expanding,96,23,76
LKA,2020-01-01,1,2020-02-01,8709,1711,11990,174,29216,glm_ar1,expanding,120,0,5258
LKA,2020-01-01,2,2020-03-01,6139,1206,8453,123,20595,glm_ar1,expanding,120,0,1505
LKA,2020-01-01,3,2020-04-01,4760,935,6553,95,15968,glm_ar1,expanding,120,0,552
LKA,2020-01-01,4,2020-05-01,3955,777,5445,79,13268,glm_ar1,expanding,120,0,1107
LKA,2020-01-01,5,2020-06-01,3456,679,4758,69,11594,glm_ar1,expanding,120,0,2028
LKA,2020-01-01,6,2020-07-01,3133,615,4314,63,10511,glm_ar1,expanding,120,0,2021
MAF,2020-01-01,1,2020-02-01,599,117,825,12,2010,glm_ar1,expanding,116,0,370
MAF,2020-01-01,2,2020-03-01,875,172,1205,17,2937,glm_ar1,expanding,116,0,290
MAF,2020-01-01,3,2020-04-01,1154,226,1588,23,3871,glm_ar1,expanding,116,0,230
MAF,2020-01-01,4,2020-05-01,1410,277,1942,28,4731,glm_ar1,expanding,116,0,345
MAF,2020-01-01,5,2020-06-01,1632,320,2247,32,5475,glm_ar1,expanding,116,0,235
MAF,2020-01-01,6,2020-07-01,1815,356,2499,36,6089,glm_ar1,expanding,116,0,135
MDV,2020-01-01,1,2020-02-01,185,36,255,3,622,glm_ar1,expanding,120,0,50
MDV,2020-01-01,2,2020-03-01,373,73,514,7,1254,glm_ar1,expanding,120,0,40
MDV,2020-01-01,3,2020-04-01,621,122,855,12,2085,glm_ar1,expanding,120,0,14
MDV,2020-01-01,4,2020-05-01,899,176,1238,18,3017,glm_ar1,expanding,120,0,22
MDV,2020-01-01,5,2020-06-01,1176,231,1620,23,3947,glm_ar1,expanding,120,0,30
MDV,2020-01-01,6,2020-07-01,1430,281,1969,28,4799,glm_ar1,expanding,120,0,29
MEX,2020-01-01,1,2020-02-01,5848,1149,8051,117,19618,glm_ar1,expanding,120,0,6379
MEX,2020-01-01,2,2020-03-01,4594,903,6325,92,15413,glm_ar1,expanding,120,0,5796
MEX,2020-01-01,3,2020-04-01,3854,757,5307,77,12930,glm_ar1,expanding,120,0,2620
MEX,2020-01-01,4,2020-05-01,3392,666,4670,68,11379,glm_ar1,expanding,120,0,5544
MEX,2020-01-01,5,2020-06-01,3091,607,4255,62,10369,glm_ar1,expanding,120,0,7842
MEX,2020-01-01,6,2020-07-01,2888,567,3977,58,9690,glm_ar1,expanding,120,0,8648
MHL,2020-01-01,1,2020-02-01,1056,207,1454,21,3543,glm_ar1,expanding,32,72,607
MHL,2020-01-01,2,2020-03-01,1322,260,1821,26,4436,glm_ar1,expanding,32,72,234
MHL,2020-01-01,3,2020-04-01,1557,306,2144,31,5225,glm_ar1,expanding,32,72,84
MHL,2020-01-01,4,2020-05-01,1754,344,2415,35,5885,glm_ar1,expanding,32,72,73
MHL,2020-01-01,5,2020-06-01,1913,376,2633,38,6417,glm_ar1,expanding,32,72,52
MHL,2020-01-01,6,2020-07-01,2037,400,2805,41,6834,glm_ar1,expanding,32,72,42
MMR,2020-01-01,1,2020-02-01,44,8,61,1,150,glm_ar1,expanding,120,0,7
MMR,2020-01-01,2,2020-03-01,134,26,184,2,450,glm_ar1,expanding,120,0,60
MMR,2020-01-01,3,2020-04-01,295,58,407,6,991,glm_ar1,expanding,120,0,162
MMR,2020-01-01,4,2020-05-01,524,103,721,10,1758,glm_ar1,expanding,120,0,1149
MMR,2020-01-01,5,2020-06-01,794,156,1094,16,2665,glm_ar1,expanding,120,0,3391
MMR,2020-01-01,6,2020-07-01,1075,211,1480,21,3607,glm_ar1,expanding,120,0,3637
MRT,2020-01-01,1,2020-02-01,NA,NA,NA,NA,NA,glm_ar1,expanding,12,21,NA
MRT,2020-01-01,2,2020-03-01,NA,NA,NA,NA,NA,glm_ar1,expanding,12,21,NA
MRT,2020-01-01,3,2020-04-01,NA,NA,NA,NA,NA,glm_ar1,expanding,12,21,NA
MRT,2020-01-01,4,2020-05-01,NA,NA,NA,NA,NA,glm_ar1,expanding,12,21,NA
MRT,2020-01-01,5,2020-06-01,NA,NA,NA,NA,NA,glm_ar1,expanding,12,21,NA
MRT,2020-01-01,6,2020-07-01,NA,NA,NA,NA,NA,glm_ar1,expanding,12,21,NA
MTQ,2020-01-01,1,2020-02-01,1080,212,1486,21,3622,glm_ar1,expanding,117,0,613
MTQ,2020-01-01,2,2020-03-01,1344,264,1850,27,4508,glm_ar1,expanding,117,0,930
MTQ,2020-01-01,3,2020-04-01,1576,309,2169,31,5286,glm_ar1,expanding,117,0,865
MTQ,2020-01-01,4,2020-05-01,1769,347,2436,35,5935,glm_ar1,expanding,117,0,1245
MTQ,2020-01-01,5,2020-06-01,1924,378,2650,38,6457,glm_ar1,expanding,117,0,1336
MTQ,2020-01-01,6,2020-07-01,2046,402,2817,41,6865,glm_ar1,expanding,117,0,2270
MYS,2020-01-01,1,2020-02-01,9262,1820,12752,186,31070,glm_ar1,expanding,120,0,10968
MYS,2020-01-01,2,2020-03-01,6420,1261,8840,128,21539,glm_ar1,expanding,120,0,9078
MYS,2020-01-01,3,2020-04-01,4917,966,6770,98,16497,glm_ar1,expanding,120,0,4986
MYS,2020-01-01,4,2020-05-01,4050,796,5576,81,13586,glm_ar1,expanding,120,0,8239
MYS,2020-01-01,5,2020-06-01,3516,691,4841,70,11796,glm_ar1,expanding,120,0,7977
MYS,2020-01-01,6,2020-07-01,3173,623,4368,63,10644,glm_ar1,expanding,120,0,7928
NCL,2020-01-01,1,2020-02-01,41,8,57,0,139,glm_ar1,expanding,89,12,5
NCL,2020-01-01,2,2020-03-01,127,25,175,2,426,glm_ar1,expanding,89,12,12
NCL,2020-01-01,3,2020-04-01,284,55,391,5,953,glm_ar1,expanding,89,12,7
NCL,2020-01-01,4,2020-05-01,509,100,701,10,1709,glm_ar1,expanding,89,12,13
NCL,2020-01-01,5,2020-06-01,778,153,1071,15,2611,glm_ar1,expanding,89,12,5
NCL,2020-01-01,6,2020-07-01,1059,208,1458,21,3553,glm_ar1,expanding,89,12,0
NIC,2020-01-01,1,2020-02-01,6056,1190,8338,121,20316,glm_ar1,expanding,119,0,6267
NIC,2020-01-01,2,2020-03-01,4713,926,6488,94,15810,glm_ar1,expanding,119,0,5525
NIC,2020-01-01,3,2020-04-01,3926,771,5406,78,13172,glm_ar1,expanding,119,0,2931
NIC,2020-01-01,4,2020-05-01,3438,675,4733,69,11534,glm_ar1,expanding,119,0,3202
NIC,2020-01-01,5,2020-06-01,3121,613,4297,62,10471,glm_ar1,expanding,119,0,2430
NIC,2020-01-01,6,2020-07-01,2909,571,4005,58,9759,glm_ar1,expanding,119,0,3167
NPL,2020-01-01,1,2020-02-01,661,130,911,13,2219,glm_ar1,expanding,119,0,407
NPL,2020-01-01,2,2020-03-01,941,185,1295,19,3157,glm_ar1,expanding,119,0,272
NPL,2020-01-01,3,2020-04-01,1216,239,1674,24,4079,glm_ar1,expanding,119,0,163
NPL,2020-01-01,4,2020-05-01,1465,288,2017,29,4915,glm_ar1,expanding,119,0,760
NPL,2020-01-01,5,2020-06-01,1678,329,2310,33,5629,glm_ar1,expanding,119,0,489
NPL,2020-01-01,6,2020-07-01,1852,364,2550,37,6213,glm_ar1,expanding,119,0,1168
OMN,2020-01-01,1,2020-02-01,14,2,19,0,47,glm_ar1,expanding,22,0,1
OMN,2020-01-01,2,2020-03-01,59,11,81,1,199,glm_ar1,expanding,22,0,1
OMN,2020-01-01,3,2020-04-01,164,32,226,3,551,glm_ar1,expanding,22,0,2
OMN,2020-01-01,4,2020-05-01,342,67,471,7,1148,glm_ar1,expanding,22,0,78
OMN,2020-01-01,5,2020-06-01,583,114,802,11,1956,glm_ar1,expanding,22,0,94
OMN,2020-01-01,6,2020-07-01,858,168,1182,17,2880,glm_ar1,expanding,22,0,99
PAK,2020-01-01,1,2020-02-01,2019,397,2780,40,6775,glm_ar1,expanding,119,0,1229
PAK,2020-01-01,2,2020-03-01,2119,416,2918,42,7110,glm_ar1,expanding,119,0,1261
PAK,2020-01-01,3,2020-04-01,2195,431,3022,44,7363,glm_ar1,expanding,119,0,2254
PAK,2020-01-01,4,2020-05-01,2251,442,3100,45,7554,glm_ar1,expanding,119,0,9868
PAK,2020-01-01,5,2020-06-01,2294,450,3158,46,7695,glm_ar1,expanding,119,0,6821
PAK,2020-01-01,6,2020-07-01,2325,457,3201,46,7800,glm_ar1,expanding,119,0,4761
PAN,2020-01-01,1,2020-02-01,2040,401,2808,41,6843,glm_ar1,expanding,118,0,677
PAN,2020-01-01,2,2020-03-01,2134,419,2939,42,7161,glm_ar1,expanding,118,0,348
PAN,2020-01-01,3,2020-04-01,2206,433,3038,44,7402,glm_ar1,expanding,118,0,140
PAN,2020-01-01,4,2020-05-01,2260,444,3112,45,7583,glm_ar1,expanding,118,0,191
PAN,2020-01-01,5,2020-06-01,2300,452,3167,46,7717,glm_ar1,expanding,118,0,194
PAN,2020-01-01,6,2020-07-01,2330,457,3207,46,7816,glm_ar1,expanding,118,0,162
PER,2020-01-01,1,2020-02-01,3764,739,5182,75,12628,glm_ar1,expanding,113,0,5478
PER,2020-01-01,2,2020-03-01,3334,655,4590,67,11185,glm_ar1,expanding,113,0,6798
PER,2020-01-01,3,2020-04-01,3052,599,4202,61,10239,glm_ar1,expanding,113,0,5015
PER,2020-01-01,4,2020-05-01,2862,562,3941,57,9602,glm_ar1,expanding,113,0,3760
PER,2020-01-01,5,2020-06-01,2731,536,3760,54,9163,glm_ar1,expanding,113,0,1326
PER,2020-01-01,6,2020-07-01,2640,518,3635,53,8856,glm_ar1,expanding,113,0,1043
PHL,2020-01-01,1,2020-02-01,13871,2726,19098,278,46534,glm_ar1,expanding,118,0,14783
PHL,2020-01-01,2,2020-03-01,8615,1693,11861,173,28901,glm_ar1,expanding,118,0,7814
PHL,2020-01-01,3,2020-04-01,6091,1197,8386,122,20434,glm_ar1,expanding,118,0,1602
PHL,2020-01-01,4,2020-05-01,4732,930,6516,95,15877,glm_ar1,expanding,118,0,2312
PHL,2020-01-01,5,2020-06-01,3938,774,5422,79,13213,glm_ar1,expanding,118,0,3415
PHL,2020-01-01,6,2020-07-01,3446,677,4744,69,11559,glm_ar1,expanding,118,0,5388
PLW,2020-01-01,1,2020-02-01,246,48,339,5,827,glm_ar1,expanding,46,72,23
PLW,2020-01-01,2,2020-03-01,459,90,632,9,1541,glm_ar1,expanding,46,72,23
PLW,2020-01-01,3,2020-04-01,722,142,994,14,2422,glm_ar1,expanding,46,72,6
PLW,2020-01-01,4,2020-05-01,1003,197,1381,20,3364,glm_ar1,expanding,46,72,3
PLW,2020-01-01,5,2020-06-01,1273,250,1753,25,4272,glm_ar1,expanding,46,72,5
PLW,2020-01-01,6,2020-07-01,1515,297,2086,30,5083,glm_ar1,expanding,46,72,6
PRI,2020-01-01,1,2020-02-01,213,42,293,4,715,glm_ar1,expanding,82,36,86
PRI,2020-01-01,2,2020-03-01,413,81,569,8,1387,glm_ar1,expanding,82,36,23
PRI,2020-01-01,3,2020-04-01,669,131,921,13,2244,glm_ar1,expanding,82,36,42
PRI,2020-01-01,4,2020-05-01,948,186,1306,19,3182,glm_ar1,expanding,82,36,78
PRI,2020-01-01,5,2020-06-01,1223,240,1684,24,4103,glm_ar1,expanding,82,36,33
PRI,2020-01-01,6,2020-07-01,1471,289,2026,29,4936,glm_ar1,expanding,82,36,28
PRY,2020-01-01,1,2020-02-01,31626,6215,43543,634,106094,glm_ar1,expanding,115,0,108020
PRY,2020-01-01,2,2020-03-01,15697,3084,21612,315,52658,glm_ar1,expanding,115,0,26135
PRY,2020-01-01,3,2020-04-01,9426,1852,12978,189,31623,glm_ar1,expanding,115,0,1562
PRY,2020-01-01,4,2020-05-01,6503,1278,8954,130,21817,glm_ar1,expanding,115,0,777
PRY,2020-01-01,5,2020-06-01,4964,975,6834,99,16652,glm_ar1,expanding,115,0,327
PRY,2020-01-01,6,2020-07-01,4077,801,5614,81,13679,glm_ar1,expanding,115,0,145
PYF,2020-01-01,1,2020-02-01,284,56,392,5,955,glm_ar1,expanding,93,24,49
PYF,2020-01-01,2,2020-03-01,510,100,702,10,1711,glm_ar1,expanding,93,24,45
PYF,2020-01-01,3,2020-04-01,779,153,1072,15,2613,glm_ar1,expanding,93,24,21
PYF,2020-01-01,4,2020-05-01,1060,208,1459,21,3555,glm_ar1,expanding,93,24,NA
PYF,2020-01-01,5,2020-06-01,1325,260,1825,26,4447,glm_ar1,expanding,93,24,NA
PYF,2020-01-01,6,2020-07-01,1560,306,2148,31,5234,glm_ar1,expanding,93,24,NA
REU,2020-01-01,1,2020-02-01,523,103,721,10,1757,glm_ar1,expanding,75,36,814
REU,2020-01-01,2,2020-03-01,794,156,1093,16,2664,glm_ar1,expanding,75,36,2565
REU,2020-01-01,3,2020-04-01,1075,211,1480,21,3606,glm_ar1,expanding,75,36,5915
REU,2020-01-01,4,2020-05-01,1339,263,1844,27,4493,glm_ar1,expanding,75,36,5514
REU,2020-01-01,5,2020-06-01,1572,309,2164,31,5273,glm_ar1,expanding,75,36,899
REU,2020-01-01,6,2020-07-01,1766,347,2431,35,5925,glm_ar1,expanding,75,36,146
SAU,2020-01-01,1,2020-02-01,1071,210,1474,21,3593,glm_ar1,expanding,112,0,338
SAU,2020-01-01,2,2020-03-01,1336,262,1839,26,4481,glm_ar1,expanding,112,0,233
SAU,2020-01-01,3,2020-04-01,1569,308,2160,31,5263,glm_ar1,expanding,112,0,95
SAU,2020-01-01,4,2020-05-01,1763,346,2428,35,5916,glm_ar1,expanding,112,0,138
SAU,2020-01-01,5,2020-06-01,1920,377,2644,38,6442,glm_ar1,expanding,112,0,297
SAU,2020-01-01,6,2020-07-01,2043,401,2813,41,6853,glm_ar1,expanding,112,0,225
SDN,2020-01-01,1,2020-02-01,NA,NA,NA,NA,NA,glm_ar1,expanding,48,69,NA
SDN,2020-01-01,2,2020-03-01,NA,NA,NA,NA,NA,glm_ar1,expanding,48,69,NA
SDN,2020-01-01,3,2020-04-01,NA,NA,NA,NA,NA,glm_ar1,expanding,48,69,NA
SDN,2020-01-01,4,2020-05-01,NA,NA,NA,NA,NA,glm_ar1,expanding,48,69,NA
SDN,2020-01-01,5,2020-06-01,NA,NA,NA,NA,NA,glm_ar1,expanding,48,69,NA
SDN,2020-01-01,6,2020-07-01,NA,NA,NA,NA,NA,glm_ar1,expanding,48,69,NA
SEN,2020-01-01,1,2020-02-01,NA,NA,NA,NA,NA,glm_ar1,expanding,24,9,NA
SEN,2020-01-01,2,2020-03-01,NA,NA,NA,NA,NA,glm_ar1,expanding,24,9,NA
SEN,2020-01-01,3,2020-04-01,NA,NA,NA,NA,NA,glm_ar1,expanding,24,9,NA
SEN,2020-01-01,4,2020-05-01,NA,NA,NA,NA,NA,glm_ar1,expanding,24,9,NA
SEN,2020-01-01,5,2020-06-01,NA,NA,NA,NA,NA,glm_ar1,expanding,24,9,NA
SEN,2020-01-01,6,2020-07-01,NA,NA,NA,NA,NA,glm_ar1,expanding,24,9,NA
SGP,2020-01-01,1,2020-02-01,1890,371,2602,38,6340,glm_ar1,expanding,120,0,1535
SGP,2020-01-01,2,2020-03-01,2019,396,2780,40,6774,glm_ar1,expanding,120,0,1827
SGP,2020-01-01,3,2020-04-01,2119,416,2917,42,7109,glm_ar1,expanding,120,0,1492
SGP,2020-01-01,4,2020-05-01,2195,431,3022,44,7363,glm_ar1,expanding,120,0,3248
SGP,2020-01-01,5,2020-06-01,2251,442,3100,45,7553,glm_ar1,expanding,120,0,5432
SGP,2020-01-01,6,2020-07-01,2293,450,3158,46,7695,glm_ar1,expanding,120,0,6567
SLB,2020-01-01,1,2020-02-01,92,18,126,1,308,glm_ar1,expanding,58,24,9
SLB,2020-01-01,2,2020-03-01,225,44,309,4,754,glm_ar1,expanding,58,24,45
SLB,2020-01-01,3,2020-04-01,430,84,592,8,1442,glm_ar1,expanding,58,24,8
SLB,2020-01-01,4,2020-05-01,688,135,947,13,2308,glm_ar1,expanding,58,24,22
SLB,2020-01-01,5,2020-06-01,968,190,1333,19,3248,glm_ar1,expanding,58,24,27
SLB,2020-01-01,6,2020-07-01,1241,244,1709,25,4165,glm_ar1,expanding,58,24,34
SLV,2020-01-01,1,2020-02-01,1181,232,1626,23,3963,glm_ar1,expanding,120,0,795
SLV,2020-01-01,2,2020-03-01,1434,282,1975,28,4813,glm_ar1,expanding,120,0,660
SLV,2020-01-01,3,2020-04-01,1652,324,2275,33,5543,glm_ar1,expanding,120,0,337
SLV,2020-01-01,4,2020-05-01,1831,360,2521,36,6144,glm_ar1,expanding,120,0,461
SLV,2020-01-01,5,2020-06-01,1973,388,2717,39,6621,glm_ar1,expanding,120,0,535
SLV,2020-01-01,6,2020-07-01,2084,409,2869,41,6992,glm_ar1,expanding,120,0,370
SUR,2020-01-01,1,2020-02-01,297,58,409,6,998,glm_ar1,expanding,70,48,228
SUR,2020-01-01,2,2020-03-01,526,103,725,10,1766,glm_ar1,expanding,70,48,73
SUR,2020-01-01,3,2020-04-01,797,156,1097,16,2675,glm_ar1,expanding,70,48,41
SUR,2020-01-01,4,2020-05-01,1078,211,1484,21,3616,glm_ar1,expanding,70,48,19
SUR,2020-01-01,5,2020-06-01,1342,263,1848,27,4502,glm_ar1,expanding,70,48,15
SUR,2020-01-01,6,2020-07-01,1574,309,2167,31,5281,glm_ar1,expanding,70,48,8
SXM,2020-01-01,1,2020-02-01,NA,NA,NA,NA,NA,glm_ar1,expanding,36,82,NA
SXM,2020-01-01,2,2020-03-01,NA,NA,NA,NA,NA,glm_ar1,expanding,36,82,NA
SXM,2020-01-01,3,2020-04-01,NA,NA,NA,NA,NA,glm_ar1,expanding,36,82,NA
SXM,2020-01-01,4,2020-05-01,NA,NA,NA,NA,NA,glm_ar1,expanding,36,82,NA
SXM,2020-01-01,5,2020-06-01,NA,NA,NA,NA,NA,glm_ar1,expanding,36,82,NA
SXM,2020-01-01,6,2020-07-01,NA,NA,NA,NA,NA,glm_ar1,expanding,36,82,NA
SYC,2020-01-01,1,2020-02-01,NA,NA,NA,NA,NA,glm_ar1,expanding,24,19,NA
SYC,2020-01-01,2,2020-03-01,NA,NA,NA,NA,NA,glm_ar1,expanding,24,19,NA
SYC,2020-01-01,3,2020-04-01,NA,NA,NA,NA,NA,glm_ar1,expanding,24,19,NA
SYC,2020-01-01,4,2020-05-01,NA,NA,NA,NA,NA,glm_ar1,expanding,24,19,NA
SYC,2020-01-01,5,2020-06-01,NA,NA,NA,NA,NA,glm_ar1,expanding,24,19,NA
SYC,2020-01-01,6,2020-07-01,NA,NA,NA,NA,NA,glm_ar1,expanding,24,19,NA
TCA,2020-01-01,1,2020-02-01,183,36,252,3,616,glm_ar1,expanding,69,12,46
TCA,2020-01-01,2,2020-03-01,371,73,511,7,1244,glm_ar1,expanding,69,12,23
TCA,2020-01-01,3,2020-04-01,618,121,851,12,2074,glm_ar1,expanding,69,12,1
TCA,2020-01-01,4,2020-05-01,896,176,1233,18,3005,glm_ar1,expanding,69,12,NA
TCA,2020-01-01,5,2020-06-01,1173,230,1615,23,3936,glm_ar1,expanding,69,12,NA
TCA,2020-01-01,6,2020-07-01,1427,280,1965,28,4789,glm_ar1,expanding,69,12,NA
THA,2020-01-01,1,2020-02-01,3410,670,4695,68,11441,glm_ar1,expanding,120,0,2787
THA,2020-01-01,2,2020-03-01,3103,609,4272,62,10409,glm_ar1,expanding,120,0,2539
THA,2020-01-01,3,2020-04-01,2897,569,3988,58,9718,glm_ar1,expanding,120,0,3111
THA,2020-01-01,4,2020-05-01,2755,541,3793,55,9243,glm_ar1,expanding,120,0,5805
THA,2020-01-01,5,2020-06-01,2657,522,3658,53,8913,glm_ar1,expanding,120,0,9242
THA,2020-01-01,6,2020-07-01,2587,508,3562,52,8680,glm_ar1,expanding,120,0,15828
TLS,2020-01-01,1,2020-02-01,324,63,446,6,1087,glm_ar1,expanding,113,0,277
TLS,2020-01-01,2,2020-03-01,560,110,771,11,1880,glm_ar1,expanding,113,0,323
TLS,2020-01-01,3,2020-04-01,834,164,1148,16,2798,glm_ar1,expanding,113,0,188
TLS,2020-01-01,4,2020-05-01,1114,219,1533,22,3737,glm_ar1,expanding,113,0,93
TLS,2020-01-01,5,2020-06-01,1374,270,1892,27,4611,glm_ar1,expanding,113,0,59
TLS,2020-01-01,6,2020-07-01,1602,314,2205,32,5374,glm_ar1,expanding,113,0,51
TON,2020-01-01,1,2020-02-01,NA,NA,NA,NA,NA,glm_ar1,expanding,36,33,NA
TON,2020-01-01,2,2020-03-01,NA,NA,NA,NA,NA,glm_ar1,expanding,36,33,NA
TON,2020-01-01,3,2020-04-01,NA,NA,NA,NA,NA,glm_ar1,expanding,36,33,NA
TON,2020-01-01,4,2020-05-01,NA,NA,NA,NA,NA,glm_ar1,expanding,36,33,NA
TON,2020-01-01,5,2020-06-01,NA,NA,NA,NA,NA,glm_ar1,expanding,36,33,NA
TON,2020-01-01,6,2020-07-01,NA,NA,NA,NA,NA,glm_ar1,expanding,36,33,NA
TTO,2020-01-01,1,2020-02-01,38,7,52,0,128,glm_ar1,expanding,82,36,2
TTO,2020-01-01,2,2020-03-01,119,23,164,2,401,glm_ar1,expanding,82,36,1
TTO,2020-01-01,3,2020-04-01,272,53,374,5,912,glm_ar1,expanding,82,36,0
TTO,2020-01-01,4,2020-05-01,493,97,679,10,1655,glm_ar1,expanding,82,36,1
TTO,2020-01-01,5,2020-06-01,760,149,1047,15,2551,glm_ar1,expanding,82,36,1
TTO,2020-01-01,6,2020-07-01,1041,204,1434,21,3494,glm_ar1,expanding,82,36,2
TUV,2020-01-01,1,2020-02-01,31,6,42,0,104,glm_ar1,expanding,22,0,2
TUV,2020-01-01,2,2020-03-01,103,20,142,2,346,glm_ar1,expanding,22,0,2
TUV,2020-01-01,3,2020-04-01,244,48,336,5,820,glm_ar1,expanding,22,0,2
TUV,2020-01-01,4,2020-05-01,456,89,628,9,1532,glm_ar1,expanding,22,0,3
TUV,2020-01-01,5,2020-06-01,719,141,989,14,2411,glm_ar1,expanding,22,0,2
TUV,2020-01-01,6,2020-07-01,999,196,1376,20,3354,glm_ar1,expanding,22,0,27
TWN,2020-01-01,1,2020-02-01,8,1,12,0,29,glm_ar1,expanding,95,24,0
TWN,2020-01-01,2,2020-03-01,42,8,58,0,142,glm_ar1,expanding,95,24,NA
TWN,2020-01-01,3,2020-04-01,129,25,178,2,434,glm_ar1,expanding,95,24,NA
TWN,2020-01-01,4,2020-05-01,288,56,396,5,965,glm_ar1,expanding,95,24,NA
TWN,2020-01-01,5,2020-06-01,514,101,708,10,1725,glm_ar1,expanding,95,24,NA
TWN,2020-01-01,6,2020-07-01,783,154,1079,15,2628,glm_ar1,expanding,95,24,NA
URY,2020-01-01,1,2020-02-01,NA,NA,NA,NA,NA,glm_ar1,expanding,12,46,NA
URY,2020-01-01,2,2020-03-01,NA,NA,NA,NA,NA,glm_ar1,expanding,12,46,NA
URY,2020-01-01,3,2020-04-01,NA,NA,NA,NA,NA,glm_ar1,expanding,12,46,NA
URY,2020-01-01,4,2020-05-01,NA,NA,NA,NA,NA,glm_ar1,expanding,12,46,NA
URY,2020-01-01,5,2020-06-01,NA,NA,NA,NA,NA,glm_ar1,expanding,12,46,NA
URY,2020-01-01,6,2020-07-01,NA,NA,NA,NA,NA,glm_ar1,expanding,12,46,NA
USA,2020-01-01,1,2020-02-01,68,13,94,1,230,glm_ar1,expanding,107,12,34
USA,2020-01-01,2,2020-03-01,182,35,250,3,610,glm_ar1,expanding,107,12,32
USA,2020-01-01,3,2020-04-01,368,72,507,7,1237,glm_ar1,expanding,107,12,24
USA,2020-01-01,4,2020-05-01,615,121,847,12,2064,glm_ar1,expanding,107,12,11
USA,2020-01-01,5,2020-06-01,893,175,1229,18,2995,glm_ar1,expanding,107,12,1
USA,2020-01-01,6,2020-07-01,1170,230,1611,23,3926,glm_ar1,expanding,107,12,41
VCT,2020-01-01,1,2020-02-01,549,108,756,11,1843,glm_ar1,expanding,82,36,118
VCT,2020-01-01,2,2020-03-01,822,161,1132,16,2758,glm_ar1,expanding,82,36,77
VCT,2020-01-01,3,2020-04-01,1102,216,1517,22,3697,glm_ar1,expanding,82,36,72
VCT,2020-01-01,4,2020-05-01,1364,268,1878,27,4576,glm_ar1,expanding,82,36,104
VCT,2020-01-01,5,2020-06-01,1593,313,2193,32,5344,glm_ar1,expanding,82,36,120
VCT,2020-01-01,6,2020-07-01,1783,350,2455,35,5982,glm_ar1,expanding,82,36,71
VEN,2020-01-01,1,2020-02-01,1572,309,2164,31,5273,glm_ar1,expanding,118,0,938
VEN,2020-01-01,2,2020-03-01,1766,347,2431,35,5924,glm_ar1,expanding,118,0,584
VEN,2020-01-01,3,2020-04-01,1922,377,2646,38,6448,glm_ar1,expanding,118,0,234
VEN,2020-01-01,4,2020-05-01,2044,401,2815,41,6858,glm_ar1,expanding,118,0,469
VEN,2020-01-01,5,2020-06-01,2138,420,2944,43,7173,glm_ar1,expanding,118,0,350
VEN,2020-01-01,6,2020-07-01,2209,434,3041,44,7411,glm_ar1,expanding,118,0,609
VGB,2020-01-01,1,2020-02-01,51,10,70,1,171,glm_ar1,expanding,118,0,7
VGB,2020-01-01,2,2020-03-01,147,29,203,3,494,glm_ar1,expanding,118,0,14
VGB,2020-01-01,3,2020-04-01,316,62,435,6,1062,glm_ar1,expanding,118,0,NA
VGB,2020-01-01,4,2020-05-01,551,108,758,11,1848,glm_ar1,expanding,118,0,NA
VGB,2020-01-01,5,2020-06-01,823,162,1134,16,2763,glm_ar1,expanding,118,0,NA
VGB,2020-01-01,6,2020-07-01,1104,217,1519,22,3703,glm_ar1,expanding,118,0,NA
VNM,2020-01-01,1,2020-02-01,6770,1330,9321,136,22713,glm_ar1,expanding,119,0,5381
VNM,2020-01-01,2,2020-03-01,5111,1004,7037,102,17147,glm_ar1,expanding,119,0,4977
VNM,2020-01-01,3,2020-04-01,4165,818,5735,83,13974,glm_ar1,expanding,119,0,4671
VNM,2020-01-01,4,2020-05-01,3589,705,4941,72,12040,glm_ar1,expanding,119,0,6982
VNM,2020-01-01,5,2020-06-01,3220,633,4434,64,10804,glm_ar1,expanding,119,0,10300
VNM,2020-01-01,6,2020-07-01,2976,585,4097,59,9984,glm_ar1,expanding,119,0,14779
VUT,2020-01-01,1,2020-02-01,14,2,19,0,47,glm_ar1,expanding,39,72,0
VUT,2020-01-01,2,2020-03-01,59,11,81,1,199,glm_ar1,expanding,39,72,2
VUT,2020-01-01,3,2020-04-01,164,32,226,3,551,glm_ar1,expanding,39,72,2
VUT,2020-01-01,4,2020-05-01,342,67,471,7,1148,glm_ar1,expanding,39,72,12
VUT,2020-01-01,5,2020-06-01,583,114,802,11,1956,glm_ar1,expanding,39,72,10
VUT,2020-01-01,6,2020-07-01,858,168,1182,17,2880,glm_ar1,expanding,39,72,10
WLF,2020-01-01,1,2020-02-01,31,6,42,0,104,glm_ar1,expanding,32,0,8
WLF,2020-01-01,2,2020-03-01,103,20,142,2,346,glm_ar1,expanding,32,0,13
WLF,2020-01-01,3,2020-04-01,244,48,336,5,820,glm_ar1,expanding,32,0,19
WLF,2020-01-01,4,2020-05-01,456,89,628,9,1532,glm_ar1,expanding,32,0,17
WLF,2020-01-01,5,2020-06-01,719,141,989,14,2411,glm_ar1,expanding,32,0,2
WLF,2020-01-01,6,2020-07-01,999,196,1376,20,3354,glm_ar1,expanding,32,0,4
WSM,2020-01-01,1,2020-02-01,63,12,86,1,211,glm_ar1,expanding,28,0,9
WSM,2020-01-01,2,2020-03-01,171,33,235,3,574,glm_ar1,expanding,28,0,7
WSM,2020-01-01,3,2020-04-01,352,69,485,7,1183,glm_ar1,expanding,28,0,9
WSM,2020-01-01,4,2020-05-01,596,117,820,12,1999,glm_ar1,expanding,28,0,4
WSM,2020-01-01,5,2020-06-01,872,171,1201,17,2926,glm_ar1,expanding,28,0,2
WSM,2020-01-01,6,2020-07-01,1150,226,1584,23,3860,glm_ar1,expanding,28,0,5
YEM,2020-01-01,1,2020-02-01,10819,2126,14896,217,36295,glm_ar1,expanding,34,24,10585
YEM,2020-01-01,2,2020-03-01,7189,1413,9899,144,24119,glm_ar1,expanding,34,24,8850
YEM,2020-01-01,3,2020-04-01,5340,1049,7352,107,17913,glm_ar1,expanding,34,24,4223
YEM,2020-01-01,4,2020-05-01,4300,845,5920,86,14426,glm_ar1,expanding,34,24,4417
YEM,2020-01-01,5,2020-06-01,3673,722,5057,73,12322,glm_ar1,expanding,34,24,2848
YEM,2020-01-01,6,2020-07-01,3275,643,4509,65,10987,glm_ar1,expanding,34,24,1687
ABW,2020-07-01,1,2020-08-01,NA,NA,NA,NA,NA,glm_ar1,expanding,84,37,NA
ABW,2020-07-01,2,2020-09-01,NA,NA,NA,NA,NA,glm_ar1,expanding,84,37,NA
ABW,2020-07-01,3,2020-10-01,NA,NA,NA,NA,NA,glm_ar1,expanding,84,37,NA
ABW,2020-07-01,4,2020-11-01,NA,NA,NA,NA,NA,glm_ar1,expanding,84,37,NA
ABW,2020-07-01,5,2020-12-01,NA,NA,NA,NA,NA,glm_ar1,expanding,84,37,NA
ABW,2020-07-01,6,2021-01-01,NA,NA,NA,NA,NA,glm_ar1,expanding,84,37,NA
AFG,2020-07-01,1,2020-08-01,NA,NA,NA,NA,NA,glm_ar1,expanding,0,0,NA
AFG,2020-07-01,2,2020-09-01,NA,NA,NA,NA,NA,glm_ar1,expanding,0,0,NA
AFG,2020-07-01,3,2020-10-01,NA,NA,NA,NA,NA,glm_ar1,expanding,0,0,NA
AFG,2020-07-01,4,2020-11-01,NA,NA,NA,NA,NA,glm_ar1,expanding,0,0,NA
AFG,2020-07-01,5,2020-12-01,NA,NA,NA,NA,NA,glm_ar1,expanding,0,0,NA
AFG,2020-07-01,6,2021-01-01,NA,NA,NA,NA,NA,glm_ar1,expanding,0,0,NA
ARG,2020-07-01,1,2020-08-01,180,36,248,3,600,glm_ar1,expanding,120,0,15
ARG,2020-07-01,2,2020-09-01,360,72,496,7,1201,glm_ar1,expanding,120,0,12
ARG,2020-07-01,3,2020-10-01,597,120,823,12,1992,glm_ar1,expanding,120,0,7
ARG,2020-07-01,4,2020-11-01,865,174,1192,18,2884,glm_ar1,expanding,120,0,7
ARG,2020-07-01,5,2020-12-01,1134,228,1562,24,3781,glm_ar1,expanding,120,0,0
ARG,2020-07-01,6,2021-01-01,1382,278,1904,29,4609,glm_ar1,expanding,120,0,90
ATG,2020-07-01,1,2020-08-01,NA,NA,NA,NA,NA,glm_ar1,expanding,48,16,NA
ATG,2020-07-01,2,2020-09-01,NA,NA,NA,NA,NA,glm_ar1,expanding,48,16,NA
ATG,2020-07-01,3,2020-10-01,NA,NA,NA,NA,NA,glm_ar1,expanding,48,16,NA
ATG,2020-07-01,4,2020-11-01,NA,NA,NA,NA,NA,glm_ar1,expanding,48,16,NA
ATG,2020-07-01,5,2020-12-01,NA,NA,NA,NA,NA,glm_ar1,expanding,48,16,NA
ATG,2020-07-01,6,2021-01-01,NA,NA,NA,NA,NA,glm_ar1,expanding,48,16,NA
AUS,2020-07-01,1,2020-08-01,13,2,18,0,45,glm_ar1,expanding,119,0,0
AUS,2020-07-01,2,2020-09-01,56,11,77,1,188,glm_ar1,expanding,119,0,NA
AUS,2020-07-01,3,2020-10-01,155,31,213,3,517,glm_ar1,expanding,119,0,NA
AUS,2020-07-01,4,2020-11-01,323,65,445,6,1077,glm_ar1,expanding,119,0,NA
AUS,2020-07-01,5,2020-12-01,552,111,760,11,1840,glm_ar1,expanding,119,0,NA
AUS,2020-07-01,6,2021-01-01,816,164,1125,17,2722,glm_ar1,expanding,119,0,NA
BES,2020-07-01,1,2020-08-01,NA,NA,NA,NA,NA,glm_ar1,expanding,36,0,NA
BES,2020-07-01,2,2020-09-01,NA,NA,NA,NA,NA,glm_ar1,expanding,36,0,NA
BES,2020-07-01,3,2020-10-01,NA,NA,NA,NA,NA,glm_ar1,expanding,36,0,NA
BES,2020-07-01,4,2020-11-01,NA,NA,NA,NA,NA,glm_ar1,expanding,36,0,NA
BES,2020-07-01,5,2020-12-01,NA,NA,NA,NA,NA,glm_ar1,expanding,36,0,NA
BES,2020-07-01,6,2021-01-01,NA,NA,NA,NA,NA,glm_ar1,expanding,36,0,NA
BFA,2020-07-01,1,2020-08-01,NA,NA,NA,NA,NA,glm_ar1,expanding,48,15,NA
BFA,2020-07-01,2,2020-09-01,NA,NA,NA,NA,NA,glm_ar1,expanding,48,15,NA
BFA,2020-07-01,3,2020-10-01,NA,NA,NA,NA,NA,glm_ar1,expanding,48,15,NA
BFA,2020-07-01,4,2020-11-01,NA,NA,NA,NA,NA,glm_ar1,expanding,48,15,NA
BFA,2020-07-01,5,2020-12-01,NA,NA,NA,NA,NA,glm_ar1,expanding,48,15,NA
BFA,2020-07-01,6,2021-01-01,NA,NA,NA,NA,NA,glm_ar1,expanding,48,15,NA
BGD,2020-07-01,1,2020-08-01,104,21,143,2,346,glm_ar1,expanding,125,0,60
BGD,2020-07-01,2,2020-09-01,241,48,332,5,805,glm_ar1,expanding,125,0,44
BGD,2020-07-01,3,2020-10-01,446,89,614,9,1487,glm_ar1,expanding,125,0,185
BGD,2020-07-01,4,2020-11-01,698,140,962,14,2330,glm_ar1,expanding,125,0,513
BGD,2020-07-01,5,2020-12-01,970,195,1336,20,3234,glm_ar1,expanding,125,0,246
BGD,2020-07-01,6,2021-01-01,1233,248,1699,26,4111,glm_ar1,expanding,125,0,27
BHS,2020-07-01,1,2020-08-01,NA,NA,NA,NA,NA,glm_ar1,expanding,48,76,NA
BHS,2020-07-01,2,2020-09-01,NA,NA,NA,NA,NA,glm_ar1,expanding,48,76,NA
BHS,2020-07-01,3,2020-10-01,NA,NA,NA,NA,NA,glm_ar1,expanding,48,76,NA
BHS,2020-07-01,4,2020-11-01,NA,NA,NA,NA,NA,glm_ar1,expanding,48,76,NA
BHS,2020-07-01,5,2020-12-01,NA,NA,NA,NA,NA,glm_ar1,expanding,48,76,NA
BHS,2020-07-01,6,2021-01-01,NA,NA,NA,NA,NA,glm_ar1,expanding,48,76,NA
BLM,2020-07-01,1,2020-08-01,350,70,482,7,1168,glm_ar1,expanding,76,24,328
BLM,2020-07-01,2,2020-09-01,585,117,807,12,1953,glm_ar1,expanding,76,24,239
BLM,2020-07-01,3,2020-10-01,852,171,1174,18,2842,glm_ar1,expanding,76,24,137
BLM,2020-07-01,4,2020-11-01,1121,225,1545,23,3741,glm_ar1,expanding,76,24,144
BLM,2020-07-01,5,2020-12-01,1371,275,1889,29,4573,glm_ar1,expanding,76,24,63
BLM,2020-07-01,6,2021-01-01,1588,319,2189,33,5298,glm_ar1,expanding,76,24,39
BLZ,2020-07-01,1,2020-08-01,252,50,347,5,841,glm_ar1,expanding,125,0,140
BLZ,2020-07-01,2,2020-09-01,460,92,634,9,1536,glm_ar1,expanding,125,0,142
BLZ,2020-07-01,3,2020-10-01,715,143,985,15,2384,glm_ar1,expanding,125,0,181
BLZ,2020-07-01,4,2020-11-01,986,198,1359,21,3290,glm_ar1,expanding,125,0,209
BLZ,2020-07-01,5,2020-12-01,1248,251,1720,26,4163,glm_ar1,expanding,125,0,167
BLZ,2020-07-01,6,2021-01-01,1483,298,2043,31,4945,glm_ar1,expanding,125,0,208
BOL,2020-07-01,1,2020-08-01,420,84,579,9,1401,glm_ar1,expanding,120,0,201
BOL,2020-07-01,2,2020-09-01,668,134,921,14,2230,glm_ar1,expanding,120,0,169
BOL,2020-07-01,3,2020-10-01,939,188,1294,20,3132,glm_ar1,expanding,120,0,334
BOL,2020-07-01,4,2020-11-01,1204,242,1659,25,4016,glm_ar1,expanding,120,0,815
BOL,2020-07-01,5,2020-12-01,1444,290,1990,30,4817,glm_ar1,expanding,120,0,1134
BOL,2020-07-01,6,2021-01-01,1650,331,2274,35,5503,glm_ar1,expanding,120,0,1399
BRA,2020-07-01,1,2020-08-01,22474,4519,30969,477,74950,glm_ar1,expanding,118,0,36454
BRA,2020-07-01,2,2020-09-01,12312,2475,16966,261,41060,glm_ar1,expanding,118,0,25114
BRA,2020-07-01,3,2020-10-01,7923,1593,10918,168,26425,glm_ar1,expanding,118,0,21128
BRA,2020-07-01,4,2020-11-01,5738,1153,7907,122,19136,glm_ar1,expanding,118,0,32663
BRA,2020-07-01,5,2020-12-01,4530,911,6242,96,15108,glm_ar1,expanding,118,0,17365
BRA,2020-07-01,6,2021-01-01,3810,766,5250,81,12707,glm_ar1,expanding,118,0,80136
BRB,2020-07-01,1,2020-08-01,64,13,88,1,213,glm_ar1,expanding,124,0,10
BRB,2020-07-01,2,2020-09-01,170,34,234,3,567,glm_ar1,expanding,124,0,113
BRB,2020-07-01,3,2020-10-01,345,69,476,7,1152,glm_ar1,expanding,124,0,140
BRB,2020-07-01,4,2020-11-01,579,116,798,12,1932,glm_ar1,expanding,124,0,459
BRB,2020-07-01,5,2020-12-01,846,170,1165,18,2821,glm_ar1,expanding,124,0,463
BRB,2020-07-01,6,2021-01-01,1115,224,1537,23,3720,glm_ar1,expanding,124,0,259
BRN,2020-07-01,1,2020-08-01,66,13,92,1,222,glm_ar1,expanding,123,0,21
BRN,2020-07-01,2,2020-09-01,175,35,241,3,584,glm_ar1,expanding,123,0,18
BRN,2020-07-01,3,2020-10-01,353,71,486,7,1177,glm_ar1,expanding,123,0,19
BRN,2020-07-01,4,2020-11-01,589,118,811,12,1964,glm_ar1,expanding,123,0,23
BRN,2020-07-01,5,2020-12-01,856,172,1179,18,2854,glm_ar1,expanding,123,0,23
BRN,2020-07-01,6,2021-01-01,1125,226,1550,24,3752,glm_ar1,expanding,123,0,21
BTN,2020-07-01,1,2020-08-01,NA,NA,NA,NA,NA,glm_ar1,expanding,84,41,NA
BTN,2020-07-01,2,2020-09-01,NA,NA,NA,NA,NA,glm_ar1,expanding,84,41,NA
BTN,2020-07-01,3,2020-10-01,NA,NA,NA,NA,NA,glm_ar1,expanding,84,41,NA
BTN,2020-07-01,4,2020-11-01,NA,NA,NA,NA,NA,glm_ar1,expanding,84,41,NA
BTN,2020-07-01,5,2020-12-01,NA,NA,NA,NA,NA,glm_ar1,expanding,84,41,NA
BTN,2020-07-01,6,2021-01-01,NA,NA,NA,NA,NA,glm_ar1,expanding,84,41,NA
CHL,2020-07-01,1,2020-08-01,NA,NA,NA,NA,NA,glm_ar1,expanding,36,64,NA
CHL,2020-07-01,2,2020-09-01,NA,NA,NA,NA,NA,glm_ar1,expanding,36,64,NA
CHL,2020-07-01,3,2020-10-01,NA,NA,NA,NA,NA,glm_ar1,expanding,36,64,NA
CHL,2020-07-01,4,2020-11-01,NA,NA,NA,NA,NA,glm_ar1,expanding,36,64,NA
CHL,2020-07-01,5,2020-12-01,NA,NA,NA,NA,NA,glm_ar1,expanding,36,64,NA
CHL,2020-07-01,6,2021-01-01,NA,NA,NA,NA,NA,glm_ar1,expanding,36,64,NA
CHN,2020-07-01,1,2020-08-01,NA,NA,NA,NA,NA,glm_ar1,expanding,120,5,NA
CHN,2020-07-01,2,2020-09-01,NA,NA,NA,NA,NA,glm_ar1,expanding,120,5,NA
CHN,2020-07-01,3,2020-10-01,NA,NA,NA,NA,NA,glm_ar1,expanding,120,5,NA
CHN,2020-07-01,4,2020-11-01,NA,NA,NA,NA,NA,glm_ar1,expanding,120,5,NA
CHN,2020-07-01,5,2020-12-01,NA,NA,NA,NA,NA,glm_ar1,expanding,120,5,NA
CHN,2020-07-01,6,2021-01-01,NA,NA,NA,NA,NA,glm_ar1,expanding,120,5,NA
CIV,2020-07-01,1,2020-08-01,NA,NA,NA,NA,NA,glm_ar1,expanding,0,0,NA
CIV,2020-07-01,2,2020-09-01,NA,NA,NA,NA,NA,glm_ar1,expanding,0,0,NA
CIV,2020-07-01,3,2020-10-01,NA,NA,NA,NA,NA,glm_ar1,expanding,0,0,NA
CIV,2020-07-01,4,2020-11-01,NA,NA,NA,NA,NA,glm_ar1,expanding,0,0,NA
CIV,2020-07-01,5,2020-12-01,NA,NA,NA,NA,NA,glm_ar1,expanding,0,0,NA
CIV,2020-07-01,6,2021-01-01,NA,NA,NA,NA,NA,glm_ar1,expanding,0,0,NA
COK,2020-07-01,1,2020-08-01,85,17,117,1,283,glm_ar1,expanding,43,36,14
COK,2020-07-01,2,2020-09-01,208,42,287,4,695,glm_ar1,expanding,43,36,7
COK,2020-07-01,3,2020-10-01,400,80,552,8,1336,glm_ar1,expanding,43,36,2
COK,2020-07-01,4,2020-11-01,646,130,890,13,2154,glm_ar1,expanding,43,36,2
COK,2020-07-01,5,2020-12-01,915,184,1262,19,3054,glm_ar1,expanding,43,36,2
COK,2020-07-01,6,2021-01-01,1182,237,1629,25,3942,glm_ar1,expanding,43,36,4
COL,2020-07-01,1,2020-08-01,3099,623,4271,65,10337,glm_ar1,expanding,126,0,3352
COL,2020-07-01,2,2020-09-01,2886,580,3976,61,9624,glm_ar1,expanding,126,0,2351
COL,2020-07-01,3,2020-10-01,2739,550,3774,58,9134,glm_ar1,expanding,126,0,2780
COL,2020-07-01,4,2020-11-01,2636,530,3632,56,8790,glm_ar1,expanding,126,0,3161
COL,2020-07-01,5,2020-12-01,2563,515,3531,54,8547,glm_ar1,expanding,126,0,2461
COL,2020-07-01,6,2021-01-01,2511,505,3460,53,8374,glm_ar1,expanding,126,0,3302
CRI,2020-07-01,1,2020-08-01,1821,366,2510,38,6075,glm_ar1,expanding,125,0,1423
CRI,2020-07-01,2,2020-09-01,1955,393,2694,41,6521,glm_ar1,expanding,125,0,595
CRI,2020-07-01,3,2020-10-01,2060,414,2838,43,6869,glm_ar1,expanding,125,0,409
CRI,2020-07-01,4,2020-11-01,2139,430,2948,45,7135,glm_ar1,expanding,125,0,455
CRI,2020-07-01,5,2020-12-01,2200,442,3031,46,7337,glm_ar1,expanding,125,0,189
CRI,2020-07-01,6,2021-01-01,2245,451,3094,47,7488,glm_ar1,expanding,125,0,369
CUB,2020-07-01,1,2020-08-01,218,43,300,4,727,glm_ar1,expanding,76,0,182
CUB,2020-07-01,2,2020-09-01,414,83,570,8,1381,glm_ar1,expanding,76,0,203
CUB,2020-07-01,3,2020-10-01,661,133,912,14,2207,glm_ar1,expanding,76,0,211
CUB,2020-07-01,4,2020-11-01,932,187,1284,19,3108,glm_ar1,expanding,76,0,166
CUB,2020-07-01,5,2020-12-01,1197,240,1650,25,3994,glm_ar1,expanding,76,0,127
CUB,2020-07-01,6,2021-01-01,1438,289,1982,30,4798,glm_ar1,expanding,76,0,107
CUW,2020-07-01,1,2020-08-01,NA,NA,NA,NA,NA,glm_ar1,expanding,48,0,NA
CUW,2020-07-01,2,2020-09-01,NA,NA,NA,NA,NA,glm_ar1,expanding,48,0,NA
CUW,2020-07-01,3,2020-10-01,NA,NA,NA,NA,NA,glm_ar1,expanding,48,0,NA
CUW,2020-07-01,4,2020-11-01,NA,NA,NA,NA,NA,glm_ar1,expanding,48,0,NA
CUW,2020-07-01,5,2020-12-01,NA,NA,NA,NA,NA,glm_ar1,expanding,48,0,NA
CUW,2020-07-01,6,2021-01-01,NA,NA,NA,NA,NA,glm_ar1,expanding,48,0,NA
CYM,2020-07-01,1,2020-08-01,NA,NA,NA,NA,NA,glm_ar1,expanding,84,16,NA
CYM,2020-07-01,2,2020-09-01,NA,NA,NA,NA,NA,glm_ar1,expanding,84,16,NA
CYM,2020-07-01,3,2020-10-01,NA,NA,NA,NA,NA,glm_ar1,expanding,84,16,NA
CYM,2020-07-01,4,2020-11-01,NA,NA,NA,NA,NA,glm_ar1,expanding,84,16,NA
CYM,2020-07-01,5,2020-12-01,NA,NA,NA,NA,NA,glm_ar1,expanding,84,16,NA
CYM,2020-07-01,6,2021-01-01,NA,NA,NA,NA,NA,glm_ar1,expanding,84,16,NA
DMA,2020-07-01,1,2020-08-01,30,6,41,0,100,glm_ar1,expanding,100,24,7
DMA,2020-07-01,2,2020-09-01,98,19,136,2,329,glm_ar1,expanding,100,24,10
DMA,2020-07-01,3,2020-10-01,232,46,320,5,775,glm_ar1,expanding,100,24,13
DMA,2020-07-01,4,2020-11-01,434,87,598,9,1447,glm_ar1,expanding,100,24,15
DMA,2020-07-01,5,2020-12-01,684,137,943,14,2283,glm_ar1,expanding,100,24,11
DMA,2020-07-01,6,2021-01-01,955,192,1316,20,3186,glm_ar1,expanding,100,24,6
DOM,2020-07-01,1,2020-08-01,162,32,224,3,543,glm_ar1,expanding,125,0,107
DOM,2020-07-01,2,2020-09-01,334,67,461,7,1116,glm_ar1,expanding,125,0,70
DOM,2020-07-01,3,2020-10-01,566,114,780,12,1888,glm_ar1,expanding,125,0,68
DOM,2020-07-01,4,2020-11-01,831,167,1146,17,2774,glm_ar1,expanding,125,0,158
DOM,2020-07-01,5,2020-12-01,1101,221,1518,23,3674,glm_ar1,expanding,125,0,132
DOM,2020-07-01,6,2021-01-01,1353,272,1865,28,4514,glm_ar1,expanding,125,0,128
ECU,2020-07-01,1,2020-08-01,1090,219,1503,23,3637,glm_ar1,expanding,117,0,706
ECU,2020-07-01,2,2020-09-01,1343,270,1851,28,4480,glm_ar1,expanding,117,0,557
ECU,2020-07-01,3,2020-10-01,1565,314,2156,33,5219,glm_ar1,expanding,117,0,897
ECU,2020-07-01,4,2020-11-01,1750,352,2411,37,5835,glm_ar1,expanding,117,0,854
ECU,2020-07-01,5,2020-12-01,1899,381,2616,40,6332,glm_ar1,expanding,117,0,4102
ECU,2020-07-01,6,2021-01-01,2016,405,2778,42,6723,glm_ar1,expanding,117,0,1696
ERI,2020-07-01,1,2020-08-01,NA,NA,NA,NA,NA,glm_ar1,expanding,60,61,NA
ERI,2020-07-01,2,2020-09-01,NA,NA,NA,NA,NA,glm_ar1,expanding,60,61,NA
ERI,2020-07-01,3,2020-10-01,NA,NA,NA,NA,NA,glm_ar1,expanding,60,61,NA
ERI,2020-07-01,4,2020-11-01,NA,NA,NA,NA,NA,glm_ar1,expanding,60,61,NA
ERI,2020-07-01,5,2020-12-01,NA,NA,NA,NA,NA,glm_ar1,expanding,60,61,NA
ERI,2020-07-01,6,2021-01-01,NA,NA,NA,NA,NA,glm_ar1,expanding,60,61,NA
ETH,2020-07-01,1,2020-08-01,NA,NA,NA,NA,NA,glm_ar1,expanding,12,75,NA
ETH,2020-07-01,2,2020-09-01,NA,NA,NA,NA,NA,glm_ar1,expanding,12,75,NA
ETH,2020-07-01,3,2020-10-01,NA,NA,NA,NA,NA,glm_ar1,expanding,12,75,NA
ETH,2020-07-01,4,2020-11-01,NA,NA,NA,NA,NA,glm_ar1,expanding,12,75,NA
ETH,2020-07-01,5,2020-12-01,NA,NA,NA,NA,NA,glm_ar1,expanding,12,75,NA
ETH,2020-07-01,6,2021-01-01,NA,NA,NA,NA,NA,glm_ar1,expanding,12,75,NA
FJI,2020-07-01,1,2020-08-01,1022,205,1408,21,3407,glm_ar1,expanding,117,0,520
FJI,2020-07-01,2,2020-09-01,1281,257,1765,27,4271,glm_ar1,expanding,117,0,462
FJI,2020-07-01,3,2020-10-01,1511,304,2082,32,5040,glm_ar1,expanding,117,0,405
FJI,2020-07-01,4,2020-11-01,1705,343,2350,36,5688,glm_ar1,expanding,117,0,790
FJI,2020-07-01,5,2020-12-01,1863,374,2568,39,6215,glm_ar1,expanding,117,0,872
FJI,2020-07-01,6,2021-01-01,1988,400,2740,42,6631,glm_ar1,expanding,117,0,2641
FSM,2020-07-01,1,2020-08-01,30,6,41,0,100,glm_ar1,expanding,40,12,12
FSM,2020-07-01,2,2020-09-01,98,19,136,2,329,glm_ar1,expanding,40,12,18
FSM,2020-07-01,3,2020-10-01,232,46,320,5,775,glm_ar1,expanding,40,12,16
FSM,2020-07-01,4,2020-11-01,434,87,598,9,1447,glm_ar1,expanding,40,12,12
FSM,2020-07-01,5,2020-12-01,684,137,943,14,2283,glm_ar1,expanding,40,12,8
FSM,2020-07-01,6,2021-01-01,955,192,1316,20,3186,glm_ar1,expanding,40,12,3
GLP,2020-07-01,1,2020-08-01,680,136,937,14,2269,glm_ar1,expanding,124,0,1377
GLP,2020-07-01,2,2020-09-01,951,191,1311,20,3172,glm_ar1,expanding,124,0,3030
GLP,2020-07-01,3,2020-10-01,1215,244,1675,25,4054,glm_ar1,expanding,124,0,3895
GLP,2020-07-01,4,2020-11-01,1454,292,2004,31,4850,glm_ar1,expanding,124,0,3575
GLP,2020-07-01,5,2020-12-01,1658,333,2285,35,5531,glm_ar1,expanding,124,0,1125
GLP,2020-07-01,6,2021-01-01,1825,367,2516,38,6089,glm_ar1,expanding,124,0,540
GRD,2020-07-01,1,2020-08-01,30,6,41,0,100,glm_ar1,expanding,113,12,40
GRD,2020-07-01,2,2020-09-01,98,19,136,2,329,glm_ar1,expanding,113,12,88
GRD,2020-07-01,3,2020-10-01,232,46,320,5,775,glm_ar1,expanding,113,12,83
GRD,2020-07-01,4,2020-11-01,434,87,598,9,1447,glm_ar1,expanding,113,12,0
GRD,2020-07-01,5,2020-12-01,684,137,943,14,2283,glm_ar1,expanding,113,12,0
GRD,2020-07-01,6,2021-01-01,955,192,1316,20,3186,glm_ar1,expanding,113,12,13
GTM,2020-07-01,1,2020-08-01,590,118,813,12,1969,glm_ar1,expanding,126,0,351
GTM,2020-07-01,2,2020-09-01,857,172,1181,18,2859,glm_ar1,expanding,126,0,250
GTM,2020-07-01,3,2020-10-01,1126,226,1552,24,3757,glm_ar1,expanding,126,0,243
GTM,2020-07-01,4,2020-11-01,1375,276,1895,29,4588,glm_ar1,expanding,126,0,213
GTM,2020-07-01,5,2020-12-01,1592,320,2194,33,5310,glm_ar1,expanding,126,0,67
GTM,2020-07-01,6,2021-01-01,1772,356,2442,37,5910,glm_ar1,expanding,126,0,191
GUF,2020-07-01,1,2020-08-01,1201,241,1655,25,4007,glm_ar1,expanding,118,0,944
GUF,2020-07-01,2,2020-09-01,1442,290,1987,30,4809,glm_ar1,expanding,118,0,430
GUF,2020-07-01,3,2020-10-01,1648,331,2271,35,5496,glm_ar1,expanding,118,0,462
GUF,2020-07-01,4,2020-11-01,1817,365,2504,38,6061,glm_ar1,expanding,118,0,492
GUF,2020-07-01,5,2020-12-01,1952,392,2690,41,6511,glm_ar1,expanding,118,0,85
GUF,2020-07-01,6,2021-01-01,2057,413,2835,43,6861,glm_ar1,expanding,118,0,692
GUY,2020-07-01,1,2020-08-01,389,78,536,8,1298,glm_ar1,expanding,115,12,153
GUY,2020-07-01,2,2020-09-01,632,127,871,13,2109,glm_ar1,expanding,115,12,158
GUY,2020-07-01,3,2020-10-01,901,181,1242,19,3007,glm_ar1,expanding,115,12,155
GUY,2020-07-01,4,2020-11-01,1169,235,1611,24,3898,glm_ar1,expanding,115,12,146
GUY,2020-07-01,5,2020-12-01,1413,284,1947,30,4713,glm_ar1,expanding,115,12,133
GUY,2020-07-01,6,2021-01-01,1624,326,2238,34,5416,glm_ar1,expanding,115,12,361
HND,2020-07-01,1,2020-08-01,1610,324,2219,34,5371,glm_ar1,expanding,126,0,1910
HND,2020-07-01,2,2020-09-01,1787,359,2462,38,5959,glm_ar1,expanding,126,0,1687
HND,2020-07-01,3,2020-10-01,1928,387,2657,41,6431,glm_ar1,expanding,126,0,1576
HND,2020-07-01,4,2020-11-01,2038,410,2809,43,6799,glm_ar1,expanding,126,0,1729
HND,2020-07-01,5,2020-12-01,2123,427,2926,45,7082,glm_ar1,expanding,126,0,834
HND,2020-07-01,6,2021-01-01,2188,440,3015,46,7297,glm_ar1,expanding,126,0,1036
HTI,2020-07-01,1,2020-08-01,8,1,11,0,28,glm_ar1,expanding,27,0,0
HTI,2020-07-01,2,2020-09-01,40,8,55,0,134,glm_ar1,expanding,27,0,0
HTI,2020-07-01,3,2020-10-01,121,24,167,2,406,glm_ar1,expanding,27,0,7
HTI,2020-07-01,4,2020-11-01,271,54,373,5,903,glm_ar1,expanding,27,0,9
HTI,2020-07-01,5,2020-12-01,485,97,668,10,1618,glm_ar1,expanding,27,0,1758
HTI,2020-07-01,6,2021-01-01,743,149,1023,15,2477,glm_ar1,expanding,27,0,2171
IDN,2020-07-01,1,2020-08-01,4867,978,6707,103,16233,glm_ar1,expanding,118,0,3833
IDN,2020-07-01,2,2020-09-01,4016,807,5534,85,13393,glm_ar1,expanding,118,0,2743
IDN,2020-07-01,3,2020-10-01,3488,701,4807,74,11634,glm_ar1,expanding,118,0,2419
IDN,2020-07-01,4,2020-11-01,3146,632,4336,66,10494,glm_ar1,expanding,118,0,2963
IDN,2020-07-01,5,2020-12-01,2918,586,4021,62,9731,glm_ar1,expanding,118,0,3016
IDN,2020-07-01,6,2021-01-01,2761,555,3804,58,9208,glm_ar1,expanding,118,0,4567
IND,2020-07-01,1,2020-08-01,3480,700,4796,74,11607,glm_ar1,expanding,124,0,4933
IND,2020-07-01,2,2020-09-01,3141,631,4329,66,10476,glm_ar1,expanding,124,0,6348
IND,2020-07-01,3,2020-10-01,2914,586,4016,62,9719,glm_ar1,expanding,124,0,7783
IND,2020-07-01,4,2020-11-01,2758,554,3801,58,9199,glm_ar1,expanding,124,0,5784
IND,2020-07-01,5,2020-12-01,2650,532,3651,56,8837,glm_ar1,expanding,124,0,3311
IND,2020-07-01,6,2021-01-01,2573,517,3545,54,8580,glm_ar1,expanding,124,0,11765
JAM,2020-07-01,1,2020-08-01,52,10,72,1,175,glm_ar1,expanding,123,0,18
JAM,2020-07-01,2,2020-09-01,147,29,203,3,492,glm_ar1,expanding,123,0,2
JAM,2020-07-01,3,2020-10-01,311,62,429,6,1039,glm_ar1,expanding,123,0,35
JAM,2020-07-01,4,2020-11-01,537,108,740,11,1792,glm_ar1,expanding,123,0,40
JAM,2020-07-01,5,2020-12-01,800,161,1103,17,2670,glm_ar1,expanding,123,0,74
JAM,2020-07-01,6,2021-01-01,1071,215,1476,22,3573,glm_ar1,expanding,123,0,3
KEN,2020-07-01,1,2020-08-01,NA,NA,NA,NA,NA,glm_ar1,expanding,48,41,NA
KEN,2020-07-01,2,2020-09-01,NA,NA,NA,NA,NA,glm_ar1,expanding,48,41,NA
KEN,2020-07-01,3,2020-10-01,NA,NA,NA,NA,NA,glm_ar1,expanding,48,41,NA
KEN,2020-07-01,4,2020-11-01,NA,NA,NA,NA,NA,glm_ar1,expanding,48,41,NA
KEN,2020-07-01,5,2020-12-01,NA,NA,NA,NA,NA,glm_ar1,expanding,48,41,NA
KEN,2020-07-01,6,2021-01-01,NA,NA,NA,NA,NA,glm_ar1,expanding,48,41,NA
KHM,2020-07-01,1,2020-08-01,2080,418,2866,44,6938,glm_ar1,expanding,126,0,2690
KHM,2020-07-01,2,2020-09-01,2155,433,2970,45,7188,glm_ar1,expanding,126,0,1483
KHM,2020-07-01,3,2020-10-01,2212,444,3048,47,7376,glm_ar1,expanding,126,0,876
KHM,2020-07-01,4,2020-11-01,2254,453,3106,48,7517,glm_ar1,expanding,126,0,887
KHM,2020-07-01,5,2020-12-01,2285,459,3149,48,7622,glm_ar1,expanding,126,0,546
KHM,2020-07-01,6,2021-01-01,2309,464,3181,49,7700,glm_ar1,expanding,126,0,249
KIR,2020-07-01,1,2020-08-01,NA,NA,NA,NA,NA,glm_ar1,expanding,72,40,NA
KIR,2020-07-01,2,2020-09-01,NA,NA,NA,NA,NA,glm_ar1,expanding,72,40,NA
KIR,2020-07-01,3,2020-10-01,NA,NA,NA,NA,NA,glm_ar1,expanding,72,40,NA
KIR,2020-07-01,4,2020-11-01,NA,NA,NA,NA,NA,glm_ar1,expanding,72,40,NA
KIR,2020-07-01,5,2020-12-01,NA,NA,NA,NA,NA,glm_ar1,expanding,72,40,NA
KIR,2020-07-01,6,2021-01-01,NA,NA,NA,NA,NA,glm_ar1,expanding,72,40,NA
KNA,2020-07-01,1,2020-08-01,NA,NA,NA,NA,NA,glm_ar1,expanding,48,40,NA
KNA,2020-07-01,2,2020-09-01,NA,NA,NA,NA,NA,glm_ar1,expanding,48,40,NA
KNA,2020-07-01,3,2020-10-01,NA,NA,NA,NA,NA,glm_ar1,expanding,48,40,NA
KNA,2020-07-01,4,2020-11-01,NA,NA,NA,NA,NA,glm_ar1,expanding,48,40,NA
KNA,2020-07-01,5,2020-12-01,NA,NA,NA,NA,NA,glm_ar1,expanding,48,40,NA
KNA,2020-07-01,6,2021-01-01,NA,NA,NA,NA,NA,glm_ar1,expanding,48,40,NA
LAO,2020-07-01,1,2020-08-01,1686,339,2323,35,5622,glm_ar1,expanding,126,0,1757
LAO,2020-07-01,2,2020-09-01,1847,371,2546,39,6162,glm_ar1,expanding,126,0,964
LAO,2020-07-01,3,2020-10-01,1976,397,2723,42,6590,glm_ar1,expanding,126,0,661
LAO,2020-07-01,4,2020-11-01,2075,417,2860,44,6922,glm_ar1,expanding,126,0,425
LAO,2020-07-01,5,2020-12-01,2151,432,2965,45,7175,glm_ar1,expanding,126,0,137
LAO,2020-07-01,6,2021-01-01,2209,444,3044,47,7367,glm_ar1,expanding,126,0,111
LCA,2020-07-01,1,2020-08-01,193,38,266,4,643,glm_ar1,expanding,101,24,246
LCA,2020-07-01,2,2020-09-01,379,76,522,8,1263,glm_ar1,expanding,101,24,474
LCA,2020-07-01,3,2020-10-01,620,124,854,13,2067,glm_ar1,expanding,101,24,58
LCA,2020-07-01,4,2020-11-01,888,178,1224,19,2964,glm_ar1,expanding,101,24,366
LCA,2020-07-01,5,2020-12-01,1156,232,1593,24,3857,glm_ar1,expanding,101,24,48
LCA,2020-07-01,6,2021-01-01,1402,282,1932,29,4677,glm_ar1,expanding,101,24,10
LKA,2020-07-01,1,2020-08-01,2110,424,2908,44,7037,glm_ar1,expanding,126,0,1465
LKA,2020-07-01,2,2020-09-01,2178,438,3001,46,7263,glm_ar1,expanding,126,0,1149
LKA,2020-07-01,3,2020-10-01,2228,448,3071,47,7433,glm_ar1,expanding,126,0,1001
LKA,2020-07-01,4,2020-11-01,2266,455,3123,48,7559,glm_ar1,expanding,126,0,750
LKA,2020-07-01,5,2020-12-01,2295,461,3162,48,7653,glm_ar1,expanding,126,0,1317
LKA,2020-07-01,6,2021-01-01,2316,465,3191,49,7723,glm_ar1,expanding,126,0,1912
MAF,2020-07-01,1,2020-08-01,292,58,403,6,975,glm_ar1,expanding,122,0,200
MAF,2020-07-01,2,2020-09-01,513,103,707,11,1712,glm_ar1,expanding,122,0,166
MAF,2020-07-01,3,2020-10-01,774,155,1066,16,2581,glm_ar1,expanding,122,0,167
MAF,2020-07-01,4,2020-11-01,1045,210,1440,22,3486,glm_ar1,expanding,122,0,192
MAF,2020-07-01,5,2020-12-01,1302,262,1794,27,4343,glm_ar1,expanding,122,0,51
MAF,2020-07-01,6,2021-01-01,1529,307,2108,32,5102,glm_ar1,expanding,122,0,106
MDV,2020-07-01,1,2020-08-01,97,19,133,2,323,glm_ar1,expanding,126,0,21
MDV,2020-07-01,2,2020-09-01,229,46,316,5,765,glm_ar1,expanding,126,0,12
MDV,2020-07-01,3,2020-10-01,430,86,592,9,1434,glm_ar1,expanding,126,0,8
MDV,2020-07-01,4,2020-11-01,680,136,937,14,2268,glm_ar1,expanding,126,0,16
MDV,2020-07-01,5,2020-12-01,951,191,1310,20,3171,glm_ar1,expanding,126,0,16
MDV,2020-07-01,6,2021-01-01,1215,244,1674,25,4052,glm_ar1,expanding,126,0,349
MEX,2020-07-01,1,2020-08-01,6117,1230,8430,130,20402,glm_ar1,expanding,126,0,13386
MEX,2020-07-01,2,2020-09-01,4748,954,6542,100,15833,glm_ar1,expanding,126,0,17191
MEX,2020-07-01,3,2020-10-01,3943,793,5434,83,13151,glm_ar1,expanding,126,0,24080
MEX,2020-07-01,4,2020-11-01,3442,692,4743,73,11479,glm_ar1,expanding,126,0,17452
MEX,2020-07-01,5,2020-12-01,3116,626,4294,66,10392,glm_ar1,expanding,126,0,3555
MEX,2020-07-01,6,2021-01-01,2897,582,3992,61,9662,glm_ar1,expanding,126,0,1657
MHL,2020-07-01,1,2020-08-01,126,25,173,2,420,glm_ar1,expanding,38,72,49
MHL,2020-07-01,2,2020-09-01,278,56,383,6,926,glm_ar1,expanding,38,72,53
MHL,2020-07-01,3,2020-10-01,494,99,681,10,1648,glm_ar1,expanding,38,72,67
MHL,2020-07-01,4,2020-11-01,753,151,1037,16,2511,glm_ar1,expanding,38,72,77
MHL,2020-07-01,5,2020-12-01,1024,206,1411,21,3417,glm_ar1,expanding,38,72,77
MHL,2020-07-01,6,2021-01-01,1283,258,1768,27,4280,glm_ar1,expanding,38,72,4
MMR,2020-07-01,1,2020-08-01,3244,652,4471,69,10820,glm_ar1,expanding,126,0,2923
MMR,2020-07-01,2,2020-09-01,2984,600,4112,63,9951,glm_ar1,expanding,126,0,1969
MMR,2020-07-01,3,2020-10-01,2806,564,3867,59,9360,glm_ar1,expanding,126,0,1081
MMR,2020-07-01,4,2020-11-01,2683,539,3698,57,8949,glm_ar1,expanding,126,0,675
MMR,2020-07-01,5,2020-12-01,2597,522,3578,55,8660,glm_ar1,expanding,126,0,68
MMR,2020-07-01,6,2021-01-01,2535,509,3493,53,8454,glm_ar1,expanding,126,0,4
MRT,2020-07-01,1,2020-08-01,NA,NA,NA,NA,NA,glm_ar1,expanding,12,27,NA
MRT,2020-07-01,2,2020-09-01,NA,NA,NA,NA,NA,glm_ar1,expanding,12,27,NA
MRT,2020-07-01,3,2020-10-01,NA,NA,NA,NA,NA,glm_ar1,expanding,12,27,NA
MRT,2020-07-01,4,2020-11-01,NA,NA,NA,NA,NA,glm_ar1,expanding,12,27,NA
MRT,2020-07-01,5,2020-12-01,NA,NA,NA,NA,NA,glm_ar1,expanding,12,27,NA
MRT,2020-07-01,6,2021-01-01,NA,NA,NA,NA,NA,glm_ar1,expanding,12,27,NA
MTQ,2020-07-01,1,2020-08-01,2297,462,3166,48,7662,glm_ar1,expanding,123,0,6480
MTQ,2020-07-01,2,2020-09-01,2318,466,3194,49,7730,glm_ar1,expanding,123,0,8100
MTQ,2020-07-01,3,2020-10-01,2332,469,3214,49,7779,glm_ar1,expanding,123,0,6220
MTQ,2020-07-01,4,2020-11-01,2343,471,3229,49,7816,glm_ar1,expanding,123,0,2940
MTQ,2020-07-01,5,2020-12-01,2351,473,3240,50,7843,glm_ar1,expanding,123,0,600
MTQ,2020-07-01,6,2021-01-01,2357,474,3249,50,7863,glm_ar1,expanding,123,0,743
MYS,2020-07-01,1,2020-08-01,5740,1154,7910,122,19144,glm_ar1,expanding,126,0,8582
MYS,2020-07-01,2,2020-09-01,4531,911,6244,96,15112,glm_ar1,expanding,126,0,5385
MYS,2020-07-01,3,2020-10-01,3811,766,5251,81,12710,glm_ar1,expanding,126,0,4515
MYS,2020-07-01,4,2020-11-01,3357,675,4626,71,11196,glm_ar1,expanding,126,0,4596
MYS,2020-07-01,5,2020-12-01,3059,615,4216,65,10204,glm_ar1,expanding,126,0,3499
MYS,2020-07-01,6,2021-01-01,2858,574,3939,60,9533,glm_ar1,expanding,126,0,3371
NCL,2020-07-01,1,2020-08-01,8,1,11,0,28,glm_ar1,expanding,95,12,2
NCL,2020-07-01,2,2020-09-01,40,8,55,0,134,glm_ar1,expanding,95,12,2
NCL,2020-07-01,3,2020-10-01,121,24,167,2,406,glm_ar1,expanding,95,12,1
NCL,2020-07-01,4,2020-11-01,271,54,373,5,903,glm_ar1,expanding,95,12,4
NCL,2020-07-01,5,2020-12-01,485,97,668,10,1618,glm_ar1,expanding,95,12,1
NCL,2020-07-01,6,2021-01-01,743,149,1023,15,2477,glm_ar1,expanding,95,12,15
NIC,2020-07-01,1,2020-08-01,2932,589,4040,62,9777,glm_ar1,expanding,125,0,4296
NIC,2020-07-01,2,2020-09-01,2770,557,3818,58,9240,glm_ar1,expanding,125,0,3726
NIC,2020-07-01,3,2020-10-01,2658,534,3663,56,8865,glm_ar1,expanding,125,0,4607
NIC,2020-07-01,4,2020-11-01,2579,518,3553,54,8600,glm_ar1,expanding,125,0,6199
NIC,2020-07-01,5,2020-12-01,2522,507,3475,53,8412,glm_ar1,expanding,125,0,3056
NIC,2020-07-01,6,2021-01-01,2481,499,3419,52,8276,glm_ar1,expanding,125,0,4526
NPL,2020-07-01,1,2020-08-01,1413,284,1947,30,4711,glm_ar1,expanding,125,0,2172
NPL,2020-07-01,2,2020-09-01,1623,326,2237,34,5414,glm_ar1,expanding,125,0,2227
NPL,2020-07-01,3,2020-10-01,1797,361,2477,38,5995,glm_ar1,expanding,125,0,1629
NPL,2020-07-01,4,2020-11-01,1936,389,2668,41,6458,glm_ar1,expanding,125,0,842
NPL,2020-07-01,5,2020-12-01,2045,411,2818,43,6821,glm_ar1,expanding,125,0,272
NPL,2020-07-01,6,2021-01-01,2128,428,2933,45,7098,glm_ar1,expanding,125,0,5
OMN,2020-07-01,1,2020-08-01,233,47,322,5,779,glm_ar1,expanding,28,0,4
OMN,2020-07-01,2,2020-09-01,435,87,600,9,1452,glm_ar1,expanding,28,0,14
OMN,2020-07-01,3,2020-10-01,686,138,946,14,2289,glm_ar1,expanding,28,0,11
OMN,2020-07-01,4,2020-11-01,957,192,1319,20,3193,glm_ar1,expanding,28,0,4
OMN,2020-07-01,5,2020-12-01,1221,245,1683,26,4073,glm_ar1,expanding,28,0,1
OMN,2020-07-01,6,2021-01-01,1459,293,2011,31,4867,glm_ar1,expanding,28,0,0
PAK,2020-07-01,1,2020-08-01,3951,794,5445,84,13178,glm_ar1,expanding,125,0,11535
PAK,2020-07-01,2,2020-09-01,3447,693,4750,73,11497,glm_ar1,expanding,125,0,35710
PAK,2020-07-01,3,2020-10-01,3119,627,4298,66,10404,glm_ar1,expanding,125,0,30290
PAK,2020-07-01,4,2020-11-01,2899,583,3995,61,9669,glm_ar1,expanding,125,0,14917
PAK,2020-07-01,5,2020-12-01,2748,552,3787,58,9165,glm_ar1,expanding,125,0,5258
PAK,2020-07-01,6,2021-01-01,2642,531,3641,56,8813,glm_ar1,expanding,125,0,6909
PAN,2020-07-01,1,2020-08-01,334,67,460,7,1114,glm_ar1,expanding,124,0,154
PAN,2020-07-01,2,2020-09-01,565,113,779,12,1886,glm_ar1,expanding,124,0,85
PAN,2020-07-01,3,2020-10-01,831,167,1145,17,2771,glm_ar1,expanding,124,0,136
PAN,2020-07-01,4,2020-11-01,1101,221,1517,23,3671,glm_ar1,expanding,124,0,97
PAN,2020-07-01,5,2020-12-01,1352,272,1864,28,4511,glm_ar1,expanding,124,0,33
PAN,2020-07-01,6,2021-01-01,1572,316,2167,33,5245,glm_ar1,expanding,124,0,84
PER,2020-07-01,1,2020-08-01,1300,261,1792,27,4337,glm_ar1,expanding,119,0,2599
PER,2020-07-01,2,2020-09-01,1528,307,2105,32,5096,glm_ar1,expanding,119,0,3503
PER,2020-07-01,3,2020-10-01,1719,345,2369,36,5735,glm_ar1,expanding,119,0,5981
PER,2020-07-01,4,2020-11-01,1874,377,2583,39,6252,glm_ar1,expanding,119,0,10363
PER,2020-07-01,5,2020-12-01,1997,401,2752,42,6660,glm_ar1,expanding,119,0,6081
PER,2020-07-01,6,2021-01-01,2092,420,2882,44,6976,glm_ar1,expanding,119,0,5943
PHL,2020-07-01,1,2020-08-01,4326,870,5961,92,14428,glm_ar1,expanding,124,0,6355
PHL,2020-07-01,2,2020-09-01,3684,740,5076,78,12285,glm_ar1,expanding,124,0,4519
PHL,2020-07-01,3,2020-10-01,3275,658,4512,69,10921,glm_ar1,expanding,124,0,4176
PHL,2020-07-01,4,2020-11-01,3004,604,4140,63,10020,glm_ar1,expanding,124,0,6857
PHL,2020-07-01,5,2020-12-01,2820,567,3887,60,9407,glm_ar1,expanding,124,0,4688
PHL,2020-07-01,6,2021-01-01,2693,541,3711,57,8982,glm_ar1,expanding,124,0,5343
PLW,2020-07-01,1,2020-08-01,33,6,46,0,112,glm_ar1,expanding,52,72,8
PLW,2020-07-01,2,2020-09-01,106,21,147,2,356,glm_ar1,expanding,52,72,7
PLW,2020-07-01,3,2020-10-01,246,49,339,5,821,glm_ar1,expanding,52,72,10
PLW,2020-07-01,4,2020-11-01,452,91,623,9,1509,glm_ar1,expanding,52,72,11
PLW,2020-07-01,5,2020-12-01,706,142,973,15,2355,glm_ar1,expanding,52,72,8
PLW,2020-07-01,6,2021-01-01,977,196,1347,20,3259,glm_ar1,expanding,52,72,5
PRI,2020-07-01,1,2020-08-01,94,19,130,2,315,glm_ar1,expanding,88,36,63
PRI,2020-07-01,2,2020-09-01,225,45,310,4,752,glm_ar1,expanding,88,36,77
PRI,2020-07-01,3,2020-10-01,424,85,584,9,1415,glm_ar1,expanding,88,36,115
PRI,2020-07-01,4,2020-11-01,673,135,928,14,2246,glm_ar1,expanding,88,36,150
PRI,2020-07-01,5,2020-12-01,944,190,1301,20,3149,glm_ar1,expanding,88,36,134
PRI,2020-07-01,6,2021-01-01,1209,243,1666,25,4032,glm_ar1,expanding,88,36,120
PRY,2020-07-01,1,2020-08-01,308,62,424,6,1027,glm_ar1,expanding,121,0,182
PRY,2020-07-01,2,2020-09-01,533,107,734,11,1778,glm_ar1,expanding,121,0,245
PRY,2020-07-01,3,2020-10-01,796,160,1096,17,2654,glm_ar1,expanding,121,0,598
PRY,2020-07-01,4,2020-11-01,1067,214,1470,22,3558,glm_ar1,expanding,121,0,1377
PRY,2020-07-01,5,2020-12-01,1322,265,1821,28,4408,glm_ar1,expanding,121,0,1627
PRY,2020-07-01,6,2021-01-01,1546,311,2131,32,5157,glm_ar1,expanding,121,0,2571
PYF,2020-07-01,1,2020-08-01,NA,NA,NA,NA,NA,glm_ar1,expanding,96,27,NA
PYF,2020-07-01,2,2020-09-01,NA,NA,NA,NA,NA,glm_ar1,expanding,96,27,NA
PYF,2020-07-01,3,2020-10-01,NA,NA,NA,NA,NA,glm_ar1,expanding,96,27,NA
PYF,2020-07-01,4,2020-11-01,NA,NA,NA,NA,NA,glm_ar1,expanding,96,27,NA
PYF,2020-07-01,5,2020-12-01,NA,NA,NA,NA,NA,glm_ar1,expanding,96,27,NA
PYF,2020-07-01,6,2021-01-01,NA,NA,NA,NA,NA,glm_ar1,expanding,96,27,NA
REU,2020-07-01,1,2020-08-01,309,62,426,6,1033,glm_ar1,expanding,81,36,65
REU,2020-07-01,2,2020-09-01,535,107,737,11,1784,glm_ar1,expanding,81,36,34
REU,2020-07-01,3,2020-10-01,798,160,1099,17,2661,glm_ar1,expanding,81,36,25
REU,2020-07-01,4,2020-11-01,1069,215,1473,22,3564,glm_ar1,expanding,81,36,46
REU,2020-07-01,5,2020-12-01,1323,266,1824,28,4415,glm_ar1,expanding,81,36,96
REU,2020-07-01,6,2021-01-01,1548,311,2133,33,5163,glm_ar1,expanding,81,36,339
SAU,2020-07-01,1,2020-08-01,424,85,584,9,1415,glm_ar1,expanding,118,0,104
SAU,2020-07-01,2,2020-09-01,673,135,928,14,2246,glm_ar1,expanding,118,0,25
SAU,2020-07-01,3,2020-10-01,944,189,1301,20,3148,glm_ar1,expanding,118,0,26
SAU,2020-07-01,4,2020-11-01,1209,243,1665,25,4031,glm_ar1,expanding,118,0,38
SAU,2020-07-01,5,2020-12-01,1448,291,1996,30,4831,glm_ar1,expanding,118,0,66
SAU,2020-07-01,6,2021-01-01,1653,332,2278,35,5514,glm_ar1,expanding,118,0,226
SDN,2020-07-01,1,2020-08-01,NA,NA,NA,NA,NA,glm_ar1,expanding,48,75,NA
SDN,2020-07-01,2,2020-09-01,NA,NA,NA,NA,NA,glm_ar1,expanding,48,75,NA
SDN,2020-07-01,3,2020-10-01,NA,NA,NA,NA,NA,glm_ar1,expanding,48,75,NA
SDN,2020-07-01,4,2020-11-01,NA,NA,NA,NA,NA,glm_ar1,expanding,48,75,NA
SDN,2020-07-01,5,2020-12-01,NA,NA,NA,NA,NA,glm_ar1,expanding,48,75,NA
SDN,2020-07-01,6,2021-01-01,NA,NA,NA,NA,NA,glm_ar1,expanding,48,75,NA
SEN,2020-07-01,1,2020-08-01,NA,NA,NA,NA,NA,glm_ar1,expanding,24,15,NA
SEN,2020-07-01,2,2020-09-01,NA,NA,NA,NA,NA,glm_ar1,expanding,24,15,NA
SEN,2020-07-01,3,2020-10-01,NA,NA,NA,NA,NA,glm_ar1,expanding,24,15,NA
SEN,2020-07-01,4,2020-11-01,NA,NA,NA,NA,NA,glm_ar1,expanding,24,15,NA
SEN,2020-07-01,5,2020-12-01,NA,NA,NA,NA,NA,glm_ar1,expanding,24,15,NA
SEN,2020-07-01,6,2021-01-01,NA,NA,NA,NA,NA,glm_ar1,expanding,24,15,NA
SGP,2020-07-01,1,2020-08-01,5001,1005,6891,106,16677,glm_ar1,expanding,126,0,6388
SGP,2020-07-01,2,2020-09-01,4096,823,5644,87,13661,glm_ar1,expanding,126,0,2595
SGP,2020-07-01,3,2020-10-01,3539,711,4877,75,11804,glm_ar1,expanding,126,0,2126
SGP,2020-07-01,4,2020-11-01,3180,639,4382,67,10606,glm_ar1,expanding,126,0,1528
SGP,2020-07-01,5,2020-12-01,2940,591,4052,62,9807,glm_ar1,expanding,126,0,852
SGP,2020-07-01,6,2021-01-01,2777,558,3826,59,9260,glm_ar1,expanding,126,0,786
SLB,2020-07-01,1,2020-08-01,108,21,149,2,361,glm_ar1,expanding,64,24,120
SLB,2020-07-01,2,2020-09-01,249,50,343,5,830,glm_ar1,expanding,64,24,132
SLB,2020-07-01,3,2020-10-01,456,91,629,9,1522,glm_ar1,expanding,64,24,181
SLB,2020-07-01,4,2020-11-01,710,142,979,15,2369,glm_ar1,expanding,64,24,146
SLB,2020-07-01,5,2020-12-01,981,197,1352,20,3274,glm_ar1,expanding,64,24,88
SLB,2020-07-01,6,2021-01-01,1244,250,1714,26,4148,glm_ar1,expanding,64,24,107
SLV,2020-07-01,1,2020-08-01,609,122,840,13,2033,glm_ar1,expanding,126,0,330
SLV,2020-07-01,2,2020-09-01,878,176,1210,18,2928,glm_ar1,expanding,126,0,310
SLV,2020-07-01,3,2020-10-01,1146,230,1579,24,3823,glm_ar1,expanding,126,0,329
SLV,2020-07-01,4,2020-11-01,1393,280,1920,29,4646,glm_ar1,expanding,126,0,299
SLV,2020-07-01,5,2020-12-01,1607,323,2214,34,5360,glm_ar1,expanding,126,0,120
SLV,2020-07-01,6,2021-01-01,1784,358,2458,38,5950,glm_ar1,expanding,126,0,247
SUR,2020-07-01,1,2020-08-01,40,8,55,0,134,glm_ar1,expanding,76,48,14
SUR,2020-07-01,2,2020-09-01,121,24,167,2,406,glm_ar1,expanding,76,48,4
SUR,2020-07-01,3,2020-10-01,271,54,373,5,903,glm_ar1,expanding,76,48,24
SUR,2020-07-01,4,2020-11-01,485,97,668,10,1618,glm_ar1,expanding,76,48,2
SUR,2020-07-01,5,2020-12-01,743,149,1023,15,2477,glm_ar1,expanding,76,48,0
SUR,2020-07-01,6,2021-01-01,1014,204,1398,21,3383,glm_ar1,expanding,76,48,3
SXM,2020-07-01,1,2020-08-01,NA,NA,NA,NA,NA,glm_ar1,expanding,36,88,NA
SXM,2020-07-01,2,2020-09-01,NA,NA,NA,NA,NA,glm_ar1,expanding,36,88,NA
SXM,2020-07-01,3,2020-10-01,NA,NA,NA,NA,NA,glm_ar1,expanding,36,88,NA
SXM,2020-07-01,4,2020-11-01,NA,NA,NA,NA,NA,glm_ar1,expanding,36,88,NA
SXM,2020-07-01,5,2020-12-01,NA,NA,NA,NA,NA,glm_ar1,expanding,36,88,NA
SXM,2020-07-01,6,2021-01-01,NA,NA,NA,NA,NA,glm_ar1,expanding,36,88,NA
SYC,2020-07-01,1,2020-08-01,NA,NA,NA,NA,NA,glm_ar1,expanding,24,25,NA
SYC,2020-07-01,2,2020-09-01,NA,NA,NA,NA,NA,glm_ar1,expanding,24,25,NA
SYC,2020-07-01,3,2020-10-01,NA,NA,NA,NA,NA,glm_ar1,expanding,24,25,NA
SYC,2020-07-01,4,2020-11-01,NA,NA,NA,NA,NA,glm_ar1,expanding,24,25,NA
SYC,2020-07-01,5,2020-12-01,NA,NA,NA,NA,NA,glm_ar1,expanding,24,25,NA
SYC,2020-07-01,6,2021-01-01,NA,NA,NA,NA,NA,glm_ar1,expanding,24,25,NA
TCA,2020-07-01,1,2020-08-01,NA,NA,NA,NA,NA,glm_ar1,expanding,72,15,NA
TCA,2020-07-01,2,2020-09-01,NA,NA,NA,NA,NA,glm_ar1,expanding,72,15,NA
TCA,2020-07-01,3,2020-10-01,NA,NA,NA,NA,NA,glm_ar1,expanding,72,15,NA
TCA,2020-07-01,4,2020-11-01,NA,NA,NA,NA,NA,glm_ar1,expanding,72,15,NA
TCA,2020-07-01,5,2020-12-01,NA,NA,NA,NA,NA,glm_ar1,expanding,72,15,NA
TCA,2020-07-01,6,2021-01-01,NA,NA,NA,NA,NA,glm_ar1,expanding,72,15,NA
THA,2020-07-01,1,2020-08-01,9524,1915,13124,202,31762,glm_ar1,expanding,126,0,12527
THA,2020-07-01,2,2020-09-01,6565,1320,9047,139,21895,glm_ar1,expanding,126,0,7915
THA,2020-07-01,3,2020-10-01,5000,1005,6889,106,16674,glm_ar1,expanding,126,0,4324
THA,2020-07-01,4,2020-11-01,4095,823,5643,87,13659,glm_ar1,expanding,126,0,2967
THA,2020-07-01,5,2020-12-01,3539,711,4876,75,11802,glm_ar1,expanding,126,0,1591
THA,2020-07-01,6,2021-01-01,3180,639,4382,67,10605,glm_ar1,expanding,126,0,1104
TLS,2020-07-01,1,2020-08-01,145,29,199,3,483,glm_ar1,expanding,119,0,33
TLS,2020-07-01,2,2020-09-01,307,61,423,6,1025,glm_ar1,expanding,119,0,25
TLS,2020-07-01,3,2020-10-01,532,107,733,11,1775,glm_ar1,expanding,119,0,51
TLS,2020-07-01,4,2020-11-01,794,159,1095,17,2650,glm_ar1,expanding,119,0,60
TLS,2020-07-01,5,2020-12-01,1065,214,1468,22,3554,glm_ar1,expanding,119,0,139
TLS,2020-07-01,6,2021-01-01,1321,265,1820,28,4405,glm_ar1,expanding,119,0,178
TON,2020-07-01,1,2020-08-01,NA,NA,NA,NA,NA,glm_ar1,expanding,36,39,NA
TON,2020-07-01,2,2020-09-01,NA,NA,NA,NA,NA,glm_ar1,expanding,36,39,NA
TON,2020-07-01,3,2020-10-01,NA,NA,NA,NA,NA,glm_ar1,expanding,36,39,NA
TON,2020-07-01,4,2020-11-01,NA,NA,NA,NA,NA,glm_ar1,expanding,36,39,NA
TON,2020-07-01,5,2020-12-01,NA,NA,NA,NA,NA,glm_ar1,expanding,36,39,NA
TON,2020-07-01,6,2021-01-01,NA,NA,NA,NA,NA,glm_ar1,expanding,36,39,NA
TTO,2020-07-01,1,2020-08-01,18,3,25,0,61,glm_ar1,expanding,88,36,14
TTO,2020-07-01,2,2020-09-01,69,14,95,1,230,glm_ar1,expanding,88,36,5
TTO,2020-07-01,3,2020-10-01,179,36,247,3,599,glm_ar1,expanding,88,36,11
TTO,2020-07-01,4,2020-11-01,359,72,495,7,1199,glm_ar1,expanding,88,36,12
TTO,2020-07-01,5,2020-12-01,597,120,822,12,1990,glm_ar1,expanding,88,36,3
TTO,2020-07-01,6,2021-01-01,864,173,1191,18,2882,glm_ar1,expanding,88,36,3
TUV,2020-07-01,1,2020-08-01,92,18,127,2,307,glm_ar1,expanding,28,0,42
TUV,2020-07-01,2,2020-09-01,221,44,305,4,738,glm_ar1,expanding,28,0,9
TUV,2020-07-01,3,2020-10-01,418,84,577,9,1396,glm_ar1,expanding,28,0,3
TUV,2020-07-01,4,2020-11-01,667,134,919,14,2224,glm_ar1,expanding,28,0,2
TUV,2020-07-01,5,2020-12-01,937,188,1291,20,3126,glm_ar1,expanding,28,0,2
TUV,2020-07-01,6,2021-01-01,1202,241,1657,25,4010,glm_ar1,expanding,28,0,2
TWN,2020-07-01,1,2020-08-01,NA,NA,NA,NA,NA,glm_ar1,expanding,96,29,NA
TWN,2020-07-01,2,2020-09-01,NA,NA,NA,NA,NA,glm_ar1,expanding,96,29,NA
TWN,2020-07-01,3,2020-10-01,NA,NA,NA,NA,NA,glm_ar1,expanding,96,29,NA
TWN,2020-07-01,4,2020-11-01,NA,NA,NA,NA,NA,glm_ar1,expanding,96,29,NA
TWN,2020-07-01,5,2020-12-01,NA,NA,NA,NA,NA,glm_ar1,expanding,96,29,NA
TWN,2020-07-01,6,2021-01-01,NA,NA,NA,NA,NA,glm_ar1,expanding,96,29,NA
URY,2020-07-01,1,2020-08-01,NA,NA,NA,NA,NA,glm_ar1,expanding,12,52,NA
URY,2020-07-01,2,2020-09-01,NA,NA,NA,NA,NA,glm_ar1,expanding,12,52,NA
URY,2020-07-01,3,2020-10-01,NA,NA,NA,NA,NA,glm_ar1,expanding,12,52,NA
URY,2020-07-01,4,2020-11-01,NA,NA,NA,NA,NA,glm_ar1,expanding,12,52,NA
URY,2020-07-01,5,2020-12-01,NA,NA,NA,NA,NA,glm_ar1,expanding,12,52,NA
URY,2020-07-01,6,2021-01-01,NA,NA,NA,NA,NA,glm_ar1,expanding,12,52,NA
USA,2020-07-01,1,2020-08-01,124,25,170,2,413,glm_ar1,expanding,113,12,41
USA,2020-07-01,2,2020-09-01,274,55,378,5,915,glm_ar1,expanding,113,12,25
USA,2020-07-01,3,2020-10-01,489,98,675,10,1633,glm_ar1,expanding,113,12,18
USA,2020-07-01,4,2020-11-01,748,150,1030,16,2494,glm_ar1,expanding,113,12,38
USA,2020-07-01,5,2020-12-01,1019,205,1405,21,3400,glm_ar1,expanding,113,12,25
USA,2020-07-01,6,2021-01-01,1278,257,1762,27,4264,glm_ar1,expanding,113,12,4
VCT,2020-07-01,1,2020-08-01,183,37,253,4,613,glm_ar1,expanding,88,36,95
VCT,2020-07-01,2,2020-09-01,365,73,503,7,1219,glm_ar1,expanding,88,36,79
VCT,2020-07-01,3,2020-10-01,604,121,832,12,2014,glm_ar1,expanding,88,36,125
VCT,2020-07-01,4,2020-11-01,872,175,1201,18,2908,glm_ar1,expanding,88,36,133
VCT,2020-07-01,5,2020-12-01,1140,229,1571,24,3803,glm_ar1,expanding,88,36,294
VCT,2020-07-01,6,2021-01-01,1388,279,1913,29,4629,glm_ar1,expanding,88,36,28
VEN,2020-07-01,1,2020-08-01,877,176,1209,18,2926,glm_ar1,expanding,124,0,539
VEN,2020-07-01,2,2020-09-01,1146,230,1579,24,3821,glm_ar1,expanding,124,0,358
VEN,2020-07-01,3,2020-10-01,1393,280,1919,29,4645,glm_ar1,expanding,124,0,363
VEN,2020-07-01,4,2020-11-01,1607,323,2214,34,5358,glm_ar1,expanding,124,0,552
VEN,2020-07-01,5,2020-12-01,1784,358,2458,38,5949,glm_ar1,expanding,124,0,386
VEN,2020-07-01,6,2021-01-01,1926,387,2654,41,6423,glm_ar1,expanding,124,0,1225
VGB,2020-07-01,1,2020-08-01,NA,NA,NA,NA,NA,glm_ar1,expanding,120,4,NA
VGB,2020-07-01,2,2020-09-01,NA,NA,NA,NA,NA,glm_ar1,expanding,120,4,NA
VGB,2020-07-01,3,2020-10-01,NA,NA,NA,NA,NA,glm_ar1,expanding,120,4,NA
VGB,2020-07-01,4,2020-11-01,NA,NA,NA,NA,NA,glm_ar1,expanding,120,4,NA
VGB,2020-07-01,5,2020-12-01,NA,NA,NA,NA,NA,glm_ar1,expanding,120,4,NA
VGB,2020-07-01,6,2021-01-01,NA,NA,NA,NA,NA,glm_ar1,expanding,120,4,NA
VNM,2020-07-01,1,2020-08-01,9057,1821,12481,192,30207,glm_ar1,expanding,125,0,16126
VNM,2020-07-01,2,2020-09-01,6328,1272,8720,134,21105,glm_ar1,expanding,125,0,17224
VNM,2020-07-01,3,2020-10-01,4867,978,6706,103,16231,glm_ar1,expanding,125,0,18633
VNM,2020-07-01,4,2020-11-01,4015,807,5533,85,13392,glm_ar1,expanding,125,0,15513
VNM,2020-07-01,5,2020-12-01,3488,701,4807,74,11633,glm_ar1,expanding,125,0,12922
VNM,2020-07-01,6,2021-01-01,3146,632,4336,66,10494,glm_ar1,expanding,125,0,5617
VUT,2020-07-01,1,2020-08-01,46,9,64,1,155,glm_ar1,expanding,45,72,15
VUT,2020-07-01,2,2020-09-01,135,27,186,2,451,glm_ar1,expanding,45,72,12
VUT,2020-07-01,3,2020-10-01,292,58,403,6,975,glm_ar1,expanding,45,72,9
VUT,2020-07-01,4,2020-11-01,513,103,707,11,1711,glm_ar1,expanding,45,72,7
VUT,2020-07-01,5,2020-12-01,774,155,1066,16,2580,glm_ar1,expanding,45,72,7
VUT,2020-07-01,6,2021-01-01,1045,210,1440,22,3485,glm_ar1,expanding,45,72,13
WLF,2020-07-01,1,2020-08-01,26,5,36,0,88,glm_ar1,expanding,38,0,12
WLF,2020-07-01,2,2020-09-01,89,18,123,2,299,glm_ar1,expanding,38,0,26
WLF,2020-07-01,3,2020-10-01,217,43,299,4,724,glm_ar1,expanding,38,0,21
WLF,2020-07-01,4,2020-11-01,412,83,569,8,1376,glm_ar1,expanding,38,0,14
WLF,2020-07-01,5,2020-12-01,660,132,909,14,2201,glm_ar1,expanding,38,0,3
WLF,2020-07-01,6,2021-01-01,930,187,1282,19,3103,glm_ar1,expanding,38,0,13
WSM,2020-07-01,1,2020-08-01,30,6,41,0,100,glm_ar1,expanding,34,0,5
WSM,2020-07-01,2,2020-09-01,98,19,136,2,329,glm_ar1,expanding,34,0,11
WSM,2020-07-01,3,2020-10-01,232,46,320,5,775,glm_ar1,expanding,34,0,12
WSM,2020-07-01,4,2020-11-01,434,87,598,9,1447,glm_ar1,expanding,34,0,27
WSM,2020-07-01,5,2020-12-01,684,137,943,14,2283,glm_ar1,expanding,34,0,34
WSM,2020-07-01,6,2021-01-01,955,192,1316,20,3186,glm_ar1,expanding,34,0,10
YEM,2020-07-01,1,2020-08-01,1849,371,2548,39,6166,glm_ar1,expanding,40,24,2415
YEM,2020-07-01,2,2020-09-01,1977,397,2724,42,6593,glm_ar1,expanding,40,24,2514
YEM,2020-07-01,3,2020-10-01,2076,417,2861,44,6924,glm_ar1,expanding,40,24,4255
YEM,2020-07-01,4,2020-11-01,2152,432,2965,45,7177,glm_ar1,expanding,40,24,3694
YEM,2020-07-01,5,2020-12-01,2209,444,3044,47,7368,glm_ar1,expanding,40,24,1948
YEM,2020-07-01,6,2021-01-01,2252,453,3103,47,7511,glm_ar1,expanding,40,24,2144
ABW,2021-01-01,1,2021-02-01,NA,NA,NA,NA,NA,glm_ar1,expanding,84,43,NA
ABW,2021-01-01,2,2021-03-01,NA,NA,NA,NA,NA,glm_ar1,expanding,84,43,NA
ABW,2021-01-01,3,2021-04-01,NA,NA,NA,NA,NA,glm_ar1,expanding,84,43,NA
ABW,2021-01-01,4,2021-05-01,NA,NA,NA,NA,NA,glm_ar1,expanding,84,43,NA
ABW,2021-01-01,5,2021-06-01,NA,NA,NA,NA,NA,glm_ar1,expanding,84,43,NA
ABW,2021-01-01,6,2021-07-01,NA,NA,NA,NA,NA,glm_ar1,expanding,84,43,NA
AFG,2021-01-01,1,2021-02-01,NA,NA,NA,NA,NA,glm_ar1,expanding,0,0,NA
AFG,2021-01-01,2,2021-03-01,NA,NA,NA,NA,NA,glm_ar1,expanding,0,0,14
AFG,2021-01-01,3,2021-04-01,NA,NA,NA,NA,NA,glm_ar1,expanding,0,0,10
AFG,2021-01-01,4,2021-05-01,NA,NA,NA,NA,NA,glm_ar1,expanding,0,0,14
AFG,2021-01-01,5,2021-06-01,NA,NA,NA,NA,NA,glm_ar1,expanding,0,0,22
AFG,2021-01-01,6,2021-07-01,NA,NA,NA,NA,NA,glm_ar1,expanding,0,0,46
ARG,2021-01-01,1,2021-02-01,216,44,298,4,718,glm_ar1,expanding,126,0,288
ARG,2021-01-01,2,2021-03-01,409,83,564,9,1359,glm_ar1,expanding,126,0,855
ARG,2021-01-01,3,2021-04-01,652,133,899,14,2166,glm_ar1,expanding,126,0,1156
ARG,2021-01-01,4,2021-05-01,918,187,1266,20,3050,glm_ar1,expanding,126,0,873
ARG,2021-01-01,5,2021-06-01,1180,241,1627,26,3919,glm_ar1,expanding,126,0,187
ARG,2021-01-01,6,2021-07-01,1418,290,1956,31,4710,glm_ar1,expanding,126,0,68
ATG,2021-01-01,1,2021-02-01,NA,NA,NA,NA,NA,glm_ar1,expanding,48,22,NA
ATG,2021-01-01,2,2021-03-01,NA,NA,NA,NA,NA,glm_ar1,expanding,48,22,NA
ATG,2021-01-01,3,2021-04-01,NA,NA,NA,NA,NA,glm_ar1,expanding,48,22,1
ATG,2021-01-01,4,2021-05-01,NA,NA,NA,NA,NA,glm_ar1,expanding,48,22,2
ATG,2021-01-01,5,2021-06-01,NA,NA,NA,NA,NA,glm_ar1,expanding,48,22,2
ATG,2021-01-01,6,2021-07-01,NA,NA,NA,NA,NA,glm_ar1,expanding,48,22,3
AUS,2021-01-01,1,2021-02-01,NA,NA,NA,NA,NA,glm_ar1,expanding,120,5,NA
AUS,2021-01-01,2,2021-03-01,NA,NA,NA,NA,NA,glm_ar1,expanding,120,5,NA
AUS,2021-01-01,3,2021-04-01,NA,NA,NA,NA,NA,glm_ar1,expanding,120,5,NA
AUS,2021-01-01,4,2021-05-01,NA,NA,NA,NA,NA,glm_ar1,expanding,120,5,NA
AUS,2021-01-01,5,2021-06-01,NA,NA,NA,NA,NA,glm_ar1,expanding,120,5,NA
AUS,2021-01-01,6,2021-07-01,NA,NA,NA,NA,NA,glm_ar1,expanding,120,5,NA
BES,2021-01-01,1,2021-02-01,NA,NA,NA,NA,NA,glm_ar1,expanding,36,0,NA
BES,2021-01-01,2,2021-03-01,NA,NA,NA,NA,NA,glm_ar1,expanding,36,0,NA
BES,2021-01-01,3,2021-04-01,NA,NA,NA,NA,NA,glm_ar1,expanding,36,0,NA
BES,2021-01-01,4,2021-05-01,NA,NA,NA,NA,NA,glm_ar1,expanding,36,0,NA
BES,2021-01-01,5,2021-06-01,NA,NA,NA,NA,NA,glm_ar1,expanding,36,0,NA
BES,2021-01-01,6,2021-07-01,NA,NA,NA,NA,NA,glm_ar1,expanding,36,0,NA
BFA,2021-01-01,1,2021-02-01,NA,NA,NA,NA,NA,glm_ar1,expanding,48,21,NA
BFA,2021-01-01,2,2021-03-01,NA,NA,NA,NA,NA,glm_ar1,expanding,48,21,NA
BFA,2021-01-01,3,2021-04-01,NA,NA,NA,NA,NA,glm_ar1,expanding,48,21,NA
BFA,2021-01-01,4,2021-05-01,NA,NA,NA,NA,NA,glm_ar1,expanding,48,21,NA
BFA,2021-01-01,5,2021-06-01,NA,NA,NA,NA,NA,glm_ar1,expanding,48,21,NA
BFA,2021-01-01,6,2021-07-01,NA,NA,NA,NA,NA,glm_ar1,expanding,48,21,NA
BGD,2021-01-01,1,2021-02-01,91,18,126,2,303,glm_ar1,expanding,131,0,9
BGD,2021-01-01,2,2021-03-01,218,44,300,4,723,glm_ar1,expanding,131,0,12
BGD,2021-01-01,3,2021-04-01,411,84,567,9,1366,glm_ar1,expanding,131,0,4
BGD,2021-01-01,4,2021-05-01,655,134,903,14,2175,glm_ar1,expanding,131,0,40
BGD,2021-01-01,5,2021-06-01,921,188,1270,20,3059,glm_ar1,expanding,131,0,229
BGD,2021-01-01,6,2021-07-01,1182,241,1631,26,3927,glm_ar1,expanding,131,0,2570
BHS,2021-01-01,1,2021-02-01,NA,NA,NA,NA,NA,glm_ar1,expanding,48,82,NA
BHS,2021-01-01,2,2021-03-01,NA,NA,NA,NA,NA,glm_ar1,expanding,48,82,NA
BHS,2021-01-01,3,2021-04-01,NA,NA,NA,NA,NA,glm_ar1,expanding,48,82,NA
BHS,2021-01-01,4,2021-05-01,NA,NA,NA,NA,NA,glm_ar1,expanding,48,82,NA
BHS,2021-01-01,5,2021-06-01,NA,NA,NA,NA,NA,glm_ar1,expanding,48,82,NA
BHS,2021-01-01,6,2021-07-01,NA,NA,NA,NA,NA,glm_ar1,expanding,48,82,NA
BLM,2021-01-01,1,2021-02-01,118,24,163,2,393,glm_ar1,expanding,82,24,19
BLM,2021-01-01,2,2021-03-01,263,54,363,5,875,glm_ar1,expanding,82,24,12
BLM,2021-01-01,3,2021-04-01,473,96,652,10,1570,glm_ar1,expanding,82,24,NA
BLM,2021-01-01,4,2021-05-01,725,148,1000,16,2408,glm_ar1,expanding,82,24,NA
BLM,2021-01-01,5,2021-06-01,992,203,1368,22,3296,glm_ar1,expanding,82,24,NA
BLM,2021-01-01,6,2021-07-01,1249,255,1722,27,4149,glm_ar1,expanding,82,24,NA
BLZ,2021-01-01,1,2021-02-01,398,81,549,8,1322,glm_ar1,expanding,131,0,151
BLZ,2021-01-01,2,2021-03-01,639,130,881,14,2123,glm_ar1,expanding,131,0,164
BLZ,2021-01-01,3,2021-04-01,905,185,1247,20,3005,glm_ar1,expanding,131,0,129
BLZ,2021-01-01,4,2021-05-01,1167,238,1609,25,3876,glm_ar1,expanding,131,0,148
BLZ,2021-01-01,5,2021-06-01,1407,287,1940,31,4673,glm_ar1,expanding,131,0,208
BLZ,2021-01-01,6,2021-07-01,1614,330,2225,35,5359,glm_ar1,expanding,131,0,289
BOL,2021-01-01,1,2021-02-01,1607,328,2216,35,5337,glm_ar1,expanding,126,0,1078
BOL,2021-01-01,2,2021-03-01,1779,363,2453,39,5908,glm_ar1,expanding,126,0,1298
BOL,2021-01-01,3,2021-04-01,1917,392,2643,42,6366,glm_ar1,expanding,126,0,1060
BOL,2021-01-01,4,2021-05-01,2025,414,2792,44,6724,glm_ar1,expanding,126,0,682
BOL,2021-01-01,5,2021-06-01,2108,431,2906,46,7000,glm_ar1,expanding,126,0,354
BOL,2021-01-01,6,2021-07-01,2171,444,2993,48,7209,glm_ar1,expanding,126,0,337
BRA,2021-01-01,1,2021-02-01,31368,6414,43249,694,104156,glm_ar1,expanding,124,0,111294
BRA,2021-01-01,2,2021-03-01,15755,3221,21723,348,52316,glm_ar1,expanding,124,0,142955
BRA,2021-01-01,3,2021-04-01,9503,1943,13103,210,31557,glm_ar1,expanding,124,0,169765
BRA,2021-01-01,4,2021-05-01,6557,1340,9041,145,21773,glm_ar1,expanding,124,0,160449
BRA,2021-01-01,5,2021-06-01,4993,1021,6885,110,16581,glm_ar1,expanding,124,0,77667
BRA,2021-01-01,6,2021-07-01,4088,836,5637,90,13576,glm_ar1,expanding,124,0,49473
BRB,2021-01-01,1,2021-02-01,467,95,644,10,1551,glm_ar1,expanding,130,0,88
BRB,2021-01-01,2,2021-03-01,719,147,991,16,2387,glm_ar1,expanding,130,0,27
BRB,2021-01-01,3,2021-04-01,986,201,1360,21,3275,glm_ar1,expanding,130,0,3
BRB,2021-01-01,4,2021-05-01,1243,254,1714,27,4129,glm_ar1,expanding,130,0,9
BRB,2021-01-01,5,2021-06-01,1474,301,2032,32,4894,glm_ar1,expanding,130,0,16
BRB,2021-01-01,6,2021-07-01,1670,341,2302,37,5545,glm_ar1,expanding,130,0,3
BRN,2021-01-01,1,2021-02-01,76,15,105,1,254,glm_ar1,expanding,129,0,15
BRN,2021-01-01,2,2021-03-01,191,39,264,4,636,glm_ar1,expanding,129,0,16
BRN,2021-01-01,3,2021-04-01,374,76,516,8,1244,glm_ar1,expanding,129,0,15
BRN,2021-01-01,4,2021-05-01,611,125,843,13,2031,glm_ar1,expanding,129,0,15
BRN,2021-01-01,5,2021-06-01,876,179,1207,19,2908,glm_ar1,expanding,129,0,11
BRN,2021-01-01,6,2021-07-01,1140,233,1571,25,3785,glm_ar1,expanding,129,0,17
BTN,2021-01-01,1,2021-02-01,NA,NA,NA,NA,NA,glm_ar1,expanding,84,47,NA
BTN,2021-01-01,2,2021-03-01,NA,NA,NA,NA,NA,glm_ar1,expanding,84,47,0
BTN,2021-01-01,3,2021-04-01,NA,NA,NA,NA,NA,glm_ar1,expanding,84,47,0
BTN,2021-01-01,4,2021-05-01,NA,NA,NA,NA,NA,glm_ar1,expanding,84,47,0
BTN,2021-01-01,5,2021-06-01,NA,NA,NA,NA,NA,glm_ar1,expanding,84,47,0
BTN,2021-01-01,6,2021-07-01,NA,NA,NA,NA,NA,glm_ar1,expanding,84,47,0
CHL,2021-01-01,1,2021-02-01,NA,NA,NA,NA,NA,glm_ar1,expanding,36,70,NA
CHL,2021-01-01,2,2021-03-01,NA,NA,NA,NA,NA,glm_ar1,expanding,36,70,NA
CHL,2021-01-01,3,2021-04-01,NA,NA,NA,NA,NA,glm_ar1,expanding,36,70,NA
CHL,2021-01-01,4,2021-05-01,NA,NA,NA,NA,NA,glm_ar1,expanding,36,70,NA
CHL,2021-01-01,5,2021-06-01,NA,NA,NA,NA,NA,glm_ar1,expanding,36,70,NA
CHL,2021-01-01,6,2021-07-01,NA,NA,NA,NA,NA,glm_ar1,expanding,36,70,NA
CHN,2021-01-01,1,2021-02-01,NA,NA,NA,NA,NA,glm_ar1,expanding,120,11,NA
CHN,2021-01-01,2,2021-03-01,NA,NA,NA,NA,NA,glm_ar1,expanding,120,11,NA
CHN,2021-01-01,3,2021-04-01,NA,NA,NA,NA,NA,glm_ar1,expanding,120,11,NA
CHN,2021-01-01,4,2021-05-01,NA,NA,NA,NA,NA,glm_ar1,expanding,120,11,NA
CHN,2021-01-01,5,2021-06-01,NA,NA,NA,NA,NA,glm_ar1,expanding,120,11,NA
CHN,2021-01-01,6,2021-07-01,NA,NA,NA,NA,NA,glm_ar1,expanding,120,11,NA
CIV,2021-01-01,1,2021-02-01,NA,NA,NA,NA,NA,glm_ar1,expanding,0,0,NA
CIV,2021-01-01,2,2021-03-01,NA,NA,NA,NA,NA,glm_ar1,expanding,0,0,NA
CIV,2021-01-01,3,2021-04-01,NA,NA,NA,NA,NA,glm_ar1,expanding,0,0,NA
CIV,2021-01-01,4,2021-05-01,NA,NA,NA,NA,NA,glm_ar1,expanding,0,0,NA
CIV,2021-01-01,5,2021-06-01,NA,NA,NA,NA,NA,glm_ar1,expanding,0,0,NA
CIV,2021-01-01,6,2021-07-01,NA,NA,NA,NA,NA,glm_ar1,expanding,0,0,NA
COK,2021-01-01,1,2021-02-01,26,5,36,0,86,glm_ar1,expanding,49,36,27
COK,2021-01-01,2,2021-03-01,88,18,121,2,292,glm_ar1,expanding,49,36,39
COK,2021-01-01,3,2021-04-01,212,43,292,4,705,glm_ar1,expanding,49,36,22
COK,2021-01-01,4,2021-05-01,403,82,556,9,1340,glm_ar1,expanding,49,36,14
COK,2021-01-01,5,2021-06-01,646,132,890,14,2145,glm_ar1,expanding,49,36,6
COK,2021-01-01,6,2021-07-01,912,186,1257,20,3028,glm_ar1,expanding,49,36,4
COL,2021-01-01,1,2021-02-01,3018,617,4161,66,10022,glm_ar1,expanding,132,0,3271
COL,2021-01-01,2,2021-03-01,2825,577,3895,62,9381,glm_ar1,expanding,132,0,2662
COL,2021-01-01,3,2021-04-01,2691,550,3711,59,8938,glm_ar1,expanding,132,0,2199
COL,2021-01-01,4,2021-05-01,2597,531,3581,57,8625,glm_ar1,expanding,132,0,3096
COL,2021-01-01,5,2021-06-01,2530,517,3489,56,8403,glm_ar1,expanding,132,0,2468
COL,2021-01-01,6,2021-07-01,2482,507,3423,55,8244,glm_ar1,expanding,132,0,2662
CRI,2021-01-01,1,2021-02-01,605,123,834,13,2010,glm_ar1,expanding,131,0,287
CRI,2021-01-01,2,2021-03-01,869,177,1198,19,2886,glm_ar1,expanding,131,0,269
CRI,2021-01-01,3,2021-04-01,1133,231,1563,25,3764,glm_ar1,expanding,131,0,185
CRI,2021-01-01,4,2021-05-01,1377,281,1899,30,4573,glm_ar1,expanding,131,0,246
CRI,2021-01-01,5,2021-06-01,1588,324,2190,35,5275,glm_ar1,expanding,131,0,331
CRI,2021-01-01,6,2021-07-01,1764,360,2432,39,5858,glm_ar1,expanding,131,0,486
CUB,2021-01-01,1,2021-02-01,245,50,338,5,814,glm_ar1,expanding,82,0,56
CUB,2021-01-01,2,2021-03-01,448,91,618,10,1489,glm_ar1,expanding,82,0,55
CUB,2021-01-01,3,2021-04-01,698,142,962,15,2317,glm_ar1,expanding,82,0,40
CUB,2021-01-01,4,2021-05-01,965,197,1330,21,3204,glm_ar1,expanding,82,0,52
CUB,2021-01-01,5,2021-06-01,1223,250,1687,27,4063,glm_ar1,expanding,82,0,62
CUB,2021-01-01,6,2021-07-01,1456,298,2008,32,4837,glm_ar1,expanding,82,0,87
CUW,2021-01-01,1,2021-02-01,NA,NA,NA,NA,NA,glm_ar1,expanding,48,0,NA
CUW,2021-01-01,2,2021-03-01,NA,NA,NA,NA,NA,glm_ar1,expanding,48,0,NA
CUW,2021-01-01,3,2021-04-01,NA,NA,NA,NA,NA,glm_ar1,expanding,48,0,NA
CUW,2021-01-01,4,2021-05-01,NA,NA,NA,NA,NA,glm_ar1,expanding,48,0,NA
CUW,2021-01-01,5,2021-06-01,NA,NA,NA,NA,NA,glm_ar1,expanding,48,0,NA
CUW,2021-01-01,6,2021-07-01,NA,NA,NA,NA,NA,glm_ar1,expanding,48,0,NA
CYM,2021-01-01,1,2021-02-01,NA,NA,NA,NA,NA,glm_ar1,expanding,84,22,NA
CYM,2021-01-01,2,2021-03-01,NA,NA,NA,NA,NA,glm_ar1,expanding,84,22,NA
CYM,2021-01-01,3,2021-04-01,NA,NA,NA,NA,NA,glm_ar1,expanding,84,22,NA
CYM,2021-01-01,4,2021-05-01,NA,NA,NA,NA,NA,glm_ar1,expanding,84,22,NA
CYM,2021-01-01,5,2021-06-01,NA,NA,NA,NA,NA,glm_ar1,expanding,84,22,NA
CYM,2021-01-01,6,2021-07-01,NA,NA,NA,NA,NA,glm_ar1,expanding,84,22,NA
DMA,2021-01-01,1,2021-02-01,33,6,45,0,110,glm_ar1,expanding,106,24,3
DMA,2021-01-01,2,2021-03-01,105,21,144,2,348,glm_ar1,expanding,106,24,3
DMA,2021-01-01,3,2021-04-01,241,49,332,5,801,glm_ar1,expanding,106,24,2
DMA,2021-01-01,4,2021-05-01,443,90,611,9,1471,glm_ar1,expanding,106,24,2
DMA,2021-01-01,5,2021-06-01,691,141,953,15,2296,glm_ar1,expanding,106,24,3
DMA,2021-01-01,6,2021-07-01,958,196,1321,21,3183,glm_ar1,expanding,106,24,3
DOM,2021-01-01,1,2021-02-01,279,57,385,6,928,glm_ar1,expanding,131,0,107
DOM,2021-01-01,2,2021-03-01,493,101,680,11,1638,glm_ar1,expanding,131,0,94
DOM,2021-01-01,3,2021-04-01,748,153,1032,16,2485,glm_ar1,expanding,131,0,92
DOM,2021-01-01,4,2021-05-01,1015,207,1400,22,3372,glm_ar1,expanding,131,0,167
DOM,2021-01-01,5,2021-06-01,1270,259,1752,28,4219,glm_ar1,expanding,131,0,110
DOM,2021-01-01,6,2021-07-01,1497,306,2064,33,4972,glm_ar1,expanding,131,0,165
ECU,2021-01-01,1,2021-02-01,1851,378,2552,41,6146,glm_ar1,expanding,123,0,1961
ECU,2021-01-01,2,2021-03-01,1973,403,2721,43,6553,glm_ar1,expanding,123,0,2535
ECU,2021-01-01,3,2021-04-01,2068,423,2852,45,6869,glm_ar1,expanding,123,0,2635
ECU,2021-01-01,4,2021-05-01,2141,437,2952,47,7110,glm_ar1,expanding,123,0,3298
ECU,2021-01-01,5,2021-06-01,2196,449,3028,48,7292,glm_ar1,expanding,123,0,2374
ECU,2021-01-01,6,2021-07-01,2237,457,3085,49,7429,glm_ar1,expanding,123,0,1676
ERI,2021-01-01,1,2021-02-01,NA,NA,NA,NA,NA,glm_ar1,expanding,60,67,NA
ERI,2021-01-01,2,2021-03-01,NA,NA,NA,NA,NA,glm_ar1,expanding,60,67,NA
ERI,2021-01-01,3,2021-04-01,NA,NA,NA,NA,NA,glm_ar1,expanding,60,67,NA
ERI,2021-01-01,4,2021-05-01,NA,NA,NA,NA,NA,glm_ar1,expanding,60,67,NA
ERI,2021-01-01,5,2021-06-01,NA,NA,NA,NA,NA,glm_ar1,expanding,60,67,NA
ERI,2021-01-01,6,2021-07-01,NA,NA,NA,NA,NA,glm_ar1,expanding,60,67,NA
ETH,2021-01-01,1,2021-02-01,NA,NA,NA,NA,NA,glm_ar1,expanding,12,81,NA
ETH,2021-01-01,2,2021-03-01,NA,NA,NA,NA,NA,glm_ar1,expanding,12,81,NA
ETH,2021-01-01,3,2021-04-01,NA,NA,NA,NA,NA,glm_ar1,expanding,12,81,NA
ETH,2021-01-01,4,2021-05-01,NA,NA,NA,NA,NA,glm_ar1,expanding,12,81,NA
ETH,2021-01-01,5,2021-06-01,NA,NA,NA,NA,NA,glm_ar1,expanding,12,81,NA
ETH,2021-01-01,6,2021-07-01,NA,NA,NA,NA,NA,glm_ar1,expanding,12,81,NA
FJI,2021-01-01,1,2021-02-01,2562,523,3532,56,8506,glm_ar1,expanding,123,0,3552
FJI,2021-01-01,2,2021-03-01,2505,512,3454,55,8318,glm_ar1,expanding,123,0,3575
FJI,2021-01-01,3,2021-04-01,2464,504,3397,54,8182,glm_ar1,expanding,123,0,3224
FJI,2021-01-01,4,2021-05-01,2434,497,3357,54,8084,glm_ar1,expanding,123,0,1638
FJI,2021-01-01,5,2021-06-01,2413,493,3327,53,8013,glm_ar1,expanding,123,0,1341
FJI,2021-01-01,6,2021-07-01,2397,490,3306,53,7961,glm_ar1,expanding,123,0,831
FSM,2021-01-01,1,2021-02-01,22,4,30,0,73,glm_ar1,expanding,46,12,2
FSM,2021-01-01,2,2021-03-01,78,16,108,1,260,glm_ar1,expanding,46,12,2
FSM,2021-01-01,3,2021-04-01,195,40,269,4,648,glm_ar1,expanding,46,12,2
FSM,2021-01-01,4,2021-05-01,379,77,523,8,1261,glm_ar1,expanding,46,12,7
FSM,2021-01-01,5,2021-06-01,617,126,851,13,2051,glm_ar1,expanding,46,12,14
FSM,2021-01-01,6,2021-07-01,882,180,1216,19,2930,glm_ar1,expanding,46,12,6
GLP,2021-01-01,1,2021-02-01,800,163,1103,17,2656,glm_ar1,expanding,130,0,0
GLP,2021-01-01,2,2021-03-01,1066,218,1470,23,3541,glm_ar1,expanding,130,0,0
GLP,2021-01-01,3,2021-04-01,1317,269,1815,29,4373,glm_ar1,expanding,130,0,0
GLP,2021-01-01,4,2021-05-01,1537,314,2119,34,5104,glm_ar1,expanding,130,0,0
GLP,2021-01-01,5,2021-06-01,1722,352,2374,38,5718,glm_ar1,expanding,130,0,0
GLP,2021-01-01,6,2021-07-01,1871,382,2580,41,6215,glm_ar1,expanding,130,0,0
GRD,2021-01-01,1,2021-02-01,55,11,76,1,182,glm_ar1,expanding,119,12,12
GRD,2021-01-01,2,2021-03-01,151,30,208,3,501,glm_ar1,expanding,119,12,11
GRD,2021-01-01,3,2021-04-01,314,64,433,7,1044,glm_ar1,expanding,119,12,11
GRD,2021-01-01,4,2021-05-01,538,110,742,12,1786,glm_ar1,expanding,119,12,17
GRD,2021-01-01,5,2021-06-01,797,163,1099,17,2648,glm_ar1,expanding,119,12,14
GRD,2021-01-01,6,2021-07-01,1064,217,1467,23,3533,glm_ar1,expanding,119,12,25
GTM,2021-01-01,1,2021-02-01,374,76,515,8,1242,glm_ar1,expanding,132,0,156
GTM,2021-01-01,2,2021-03-01,611,125,842,13,2028,glm_ar1,expanding,132,0,129
GTM,2021-01-01,3,2021-04-01,875,179,1206,19,2906,glm_ar1,expanding,132,0,197
GTM,2021-01-01,4,2021-05-01,1139,233,1570,25,3783,glm_ar1,expanding,132,0,259
GTM,2021-01-01,5,2021-06-01,1382,282,1906,30,4590,glm_ar1,expanding,132,0,266
GTM,2021-01-01,6,2021-07-01,1593,325,2196,35,5289,glm_ar1,expanding,132,0,311
GUF,2021-01-01,1,2021-02-01,959,196,1322,21,3185,glm_ar1,expanding,124,0,385
GUF,2021-01-01,2,2021-03-01,1218,249,1680,27,4046,glm_ar1,expanding,124,0,418
GUF,2021-01-01,3,2021-04-01,1452,297,2002,32,4822,glm_ar1,expanding,124,0,261
GUF,2021-01-01,4,2021-05-01,1651,337,2277,36,5484,glm_ar1,expanding,124,0,0
GUF,2021-01-01,5,2021-06-01,1815,371,2503,40,6027,glm_ar1,expanding,124,0,0
GUF,2021-01-01,6,2021-07-01,1945,397,2682,43,6460,glm_ar1,expanding,124,0,0
GUY,2021-01-01,1,2021-02-01,595,121,821,13,1978,glm_ar1,expanding,121,12,309
GUY,2021-01-01,2,2021-03-01,859,175,1184,19,2852,glm_ar1,expanding,121,12,321
GUY,2021-01-01,3,2021-04-01,1124,229,1549,25,3731,glm_ar1,expanding,121,12,332
GUY,2021-01-01,4,2021-05-01,1368,279,1887,30,4544,glm_ar1,expanding,121,12,392
GUY,2021-01-01,5,2021-06-01,1581,323,2180,35,5250,glm_ar1,expanding,121,12,340
GUY,2021-01-01,6,2021-07-01,1758,359,2424,39,5838,glm_ar1,expanding,121,12,488
HND,2021-01-01,1,2021-02-01,1289,263,1778,28,4282,glm_ar1,expanding,132,0,710
HND,2021-01-01,2,2021-03-01,1513,309,2087,33,5026,glm_ar1,expanding,132,0,625
HND,2021-01-01,3,2021-04-01,1702,348,2347,37,5654,glm_ar1,expanding,132,0,679
HND,2021-01-01,4,2021-05-01,1856,379,2559,41,6164,glm_ar1,expanding,132,0,763
HND,2021-01-01,5,2021-06-01,1977,404,2727,43,6567,glm_ar1,expanding,132,0,900
HND,2021-01-01,6,2021-07-01,2071,423,2856,45,6879,glm_ar1,expanding,132,0,1196
HTI,2021-01-01,1,2021-02-01,2218,453,3059,49,7367,glm_ar1,expanding,33,0,700
HTI,2021-01-01,2,2021-03-01,2254,461,3108,50,7485,glm_ar1,expanding,33,0,502
HTI,2021-01-01,3,2021-04-01,2280,466,3144,50,7573,glm_ar1,expanding,33,0,283
HTI,2021-01-01,4,2021-05-01,2300,470,3171,51,7638,glm_ar1,expanding,33,0,208
HTI,2021-01-01,5,2021-06-01,2314,473,3191,51,7686,glm_ar1,expanding,33,0,223
HTI,2021-01-01,6,2021-07-01,2325,475,3206,51,7721,glm_ar1,expanding,33,0,216
IDN,2021-01-01,1,2021-02-01,3829,783,5280,84,12715,glm_ar1,expanding,124,0,4472
IDN,2021-01-01,2,2021-03-01,3364,688,4639,74,11172,glm_ar1,expanding,124,0,5712
IDN,2021-01-01,3,2021-04-01,3060,625,4219,67,10160,glm_ar1,expanding,124,0,6211
IDN,2021-01-01,4,2021-05-01,2854,583,3935,63,9477,glm_ar1,expanding,124,0,6677
IDN,2021-01-01,5,2021-06-01,2711,554,3739,60,9004,glm_ar1,expanding,124,0,5444
IDN,2021-01-01,6,2021-07-01,2612,534,3601,57,8672,glm_ar1,expanding,124,0,3422
IND,2021-01-01,1,2021-02-01,7669,1568,10575,169,25467,glm_ar1,expanding,130,0,8255
IND,2021-01-01,2,2021-03-01,5602,1145,7724,124,18602,glm_ar1,expanding,130,0,6401
IND,2021-01-01,3,2021-04-01,4449,909,6134,98,14772,glm_ar1,expanding,130,0,4420
IND,2021-01-01,4,2021-05-01,3756,768,5179,83,12472,glm_ar1,expanding,130,0,5958
IND,2021-01-01,5,2021-06-01,3317,678,4574,73,11015,glm_ar1,expanding,130,0,8923
IND,2021-01-01,6,2021-07-01,3028,619,4175,67,10055,glm_ar1,expanding,130,0,14519
JAM,2021-01-01,1,2021-02-01,22,4,30,0,73,glm_ar1,expanding,129,0,7
JAM,2021-01-01,2,2021-03-01,78,16,108,1,260,glm_ar1,expanding,129,0,5
JAM,2021-01-01,3,2021-04-01,195,40,269,4,648,glm_ar1,expanding,129,0,2
JAM,2021-01-01,4,2021-05-01,379,77,523,8,1261,glm_ar1,expanding,129,0,0
JAM,2021-01-01,5,2021-06-01,617,126,851,13,2051,glm_ar1,expanding,129,0,5
JAM,2021-01-01,6,2021-07-01,882,180,1216,19,2930,glm_ar1,expanding,129,0,15
KEN,2021-01-01,1,2021-02-01,NA,NA,NA,NA,NA,glm_ar1,expanding,48,47,NA
KEN,2021-01-01,2,2021-03-01,NA,NA,NA,NA,NA,glm_ar1,expanding,48,47,23
KEN,2021-01-01,3,2021-04-01,NA,NA,NA,NA,NA,glm_ar1,expanding,48,47,24
KEN,2021-01-01,4,2021-05-01,NA,NA,NA,NA,NA,glm_ar1,expanding,48,47,43
KEN,2021-01-01,5,2021-06-01,NA,NA,NA,NA,NA,glm_ar1,expanding,48,47,188
KEN,2021-01-01,6,2021-07-01,NA,NA,NA,NA,NA,glm_ar1,expanding,48,47,102
KHM,2021-01-01,1,2021-02-01,454,92,626,10,1507,glm_ar1,expanding,132,0,124
KHM,2021-01-01,2,2021-03-01,704,144,970,15,2338,glm_ar1,expanding,132,0,109
KHM,2021-01-01,3,2021-04-01,971,198,1339,21,3225,glm_ar1,expanding,132,0,79
KHM,2021-01-01,4,2021-05-01,1229,251,1695,27,4082,glm_ar1,expanding,132,0,130
KHM,2021-01-01,5,2021-06-01,1462,299,2015,32,4854,glm_ar1,expanding,132,0,151
KHM,2021-01-01,6,2021-07-01,1659,339,2288,36,5511,glm_ar1,expanding,132,0,103
KIR,2021-01-01,1,2021-02-01,NA,NA,NA,NA,NA,glm_ar1,expanding,72,46,NA
KIR,2021-01-01,2,2021-03-01,NA,NA,NA,NA,NA,glm_ar1,expanding,72,46,NA
KIR,2021-01-01,3,2021-04-01,NA,NA,NA,NA,NA,glm_ar1,expanding,72,46,NA
KIR,2021-01-01,4,2021-05-01,NA,NA,NA,NA,NA,glm_ar1,expanding,72,46,NA
KIR,2021-01-01,5,2021-06-01,NA,NA,NA,NA,NA,glm_ar1,expanding,72,46,NA
KIR,2021-01-01,6,2021-07-01,NA,NA,NA,NA,NA,glm_ar1,expanding,72,46,NA
KNA,2021-01-01,1,2021-02-01,NA,NA,NA,NA,NA,glm_ar1,expanding,48,46,NA
KNA,2021-01-01,2,2021-03-01,NA,NA,NA,NA,NA,glm_ar1,expanding,48,46,NA
KNA,2021-01-01,3,2021-04-01,NA,NA,NA,NA,NA,glm_ar1,expanding,48,46,NA
KNA,2021-01-01,4,2021-05-01,NA,NA,NA,NA,NA,glm_ar1,expanding,48,46,NA
KNA,2021-01-01,5,2021-06-01,NA,NA,NA,NA,NA,glm_ar1,expanding,48,46,NA
KNA,2021-01-01,6,2021-07-01,NA,NA,NA,NA,NA,glm_ar1,expanding,48,46,NA
LAO,2021-01-01,1,2021-02-01,252,51,347,5,836,glm_ar1,expanding,132,0,55
LAO,2021-01-01,2,2021-03-01,457,93,630,10,1519,glm_ar1,expanding,132,0,35
LAO,2021-01-01,3,2021-04-01,708,144,976,15,2351,glm_ar1,expanding,132,0,45
LAO,2021-01-01,4,2021-05-01,975,199,1344,21,3238,glm_ar1,expanding,132,0,94
LAO,2021-01-01,5,2021-06-01,1233,252,1700,27,4095,glm_ar1,expanding,132,0,131
LAO,2021-01-01,6,2021-07-01,1465,299,2020,32,4864,glm_ar1,expanding,132,0,198
LCA,2021-01-01,1,2021-02-01,46,9,63,1,153,glm_ar1,expanding,107,24,0
LCA,2021-01-01,2,2021-03-01,133,27,183,3,441,glm_ar1,expanding,107,24,NA
LCA,2021-01-01,3,2021-04-01,286,58,395,6,951,glm_ar1,expanding,107,24,NA
LCA,2021-01-01,4,2021-05-01,502,102,693,11,1669,glm_ar1,expanding,107,24,NA
LCA,2021-01-01,5,2021-06-01,758,155,1046,16,2519,glm_ar1,expanding,107,24,NA
LCA,2021-01-01,6,2021-07-01,1026,209,1414,22,3406,glm_ar1,expanding,107,24,NA
LKA,2021-01-01,1,2021-02-01,2021,413,2787,44,6711,glm_ar1,expanding,132,0,2355
LKA,2021-01-01,2,2021-03-01,2105,430,2902,46,6990,glm_ar1,expanding,132,0,2124
LKA,2021-01-01,3,2021-04-01,2169,443,2990,48,7202,glm_ar1,expanding,132,0,2545
LKA,2021-01-01,4,2021-05-01,2217,453,3056,49,7361,glm_ar1,expanding,132,0,1257
LKA,2021-01-01,5,2021-06-01,2253,460,3106,49,7481,glm_ar1,expanding,132,0,2663
LKA,2021-01-01,6,2021-07-01,2279,466,3143,50,7569,glm_ar1,expanding,132,0,3759
MAF,2021-01-01,1,2021-02-01,243,49,336,5,809,glm_ar1,expanding,128,0,53
MAF,2021-01-01,2,2021-03-01,446,91,615,10,1482,glm_ar1,expanding,128,0,13
MAF,2021-01-01,3,2021-04-01,695,142,958,15,2309,glm_ar1,expanding,128,0,0
MAF,2021-01-01,4,2021-05-01,962,196,1327,21,3195,glm_ar1,expanding,128,0,0
MAF,2021-01-01,5,2021-06-01,1221,249,1684,27,4055,glm_ar1,expanding,128,0,NA
MAF,2021-01-01,6,2021-07-01,1454,297,2005,32,4830,glm_ar1,expanding,128,0,NA
MDV,2021-01-01,1,2021-02-01,581,118,801,12,1929,glm_ar1,expanding,132,0,217
MDV,2021-01-01,2,2021-03-01,843,172,1163,18,2801,glm_ar1,expanding,132,0,186
MDV,2021-01-01,3,2021-04-01,1109,226,1529,24,3682,glm_ar1,expanding,132,0,204
MDV,2021-01-01,4,2021-05-01,1355,277,1868,30,4500,glm_ar1,expanding,132,0,244
MDV,2021-01-01,5,2021-06-01,1570,321,2164,34,5213,glm_ar1,expanding,132,0,352
MDV,2021-01-01,6,2021-07-01,1749,357,2411,38,5807,glm_ar1,expanding,132,0,409
MEX,2021-01-01,1,2021-02-01,1819,372,2509,40,6042,glm_ar1,expanding,132,0,1132
MEX,2021-01-01,2,2021-03-01,1949,398,2687,43,6472,glm_ar1,expanding,132,0,1132
MEX,2021-01-01,3,2021-04-01,2049,419,2826,45,6806,glm_ar1,expanding,132,0,1489
MEX,2021-01-01,4,2021-05-01,2127,435,2932,47,7062,glm_ar1,expanding,132,0,2656
MEX,2021-01-01,5,2021-06-01,2185,446,3013,48,7256,glm_ar1,expanding,132,0,3222
MEX,2021-01-01,6,2021-07-01,2229,455,3073,49,7402,glm_ar1,expanding,132,0,4000
MHL,2021-01-01,1,2021-02-01,26,5,36,0,86,glm_ar1,expanding,44,72,2
MHL,2021-01-01,2,2021-03-01,88,18,121,2,292,glm_ar1,expanding,44,72,3
MHL,2021-01-01,3,2021-04-01,212,43,292,4,705,glm_ar1,expanding,44,72,1
MHL,2021-01-01,4,2021-05-01,403,82,556,9,1340,glm_ar1,expanding,44,72,0
MHL,2021-01-01,5,2021-06-01,646,132,890,14,2145,glm_ar1,expanding,44,72,NA
MHL,2021-01-01,6,2021-07-01,912,186,1257,20,3028,glm_ar1,expanding,44,72,NA
MMR,2021-01-01,1,2021-02-01,26,5,36,0,86,glm_ar1,expanding,132,0,2
MMR,2021-01-01,2,2021-03-01,88,18,121,2,292,glm_ar1,expanding,132,0,18
MMR,2021-01-01,3,2021-04-01,212,43,292,4,705,glm_ar1,expanding,132,0,53
MMR,2021-01-01,4,2021-05-01,403,82,556,9,1340,glm_ar1,expanding,132,0,408
MMR,2021-01-01,5,2021-06-01,646,132,890,14,2145,glm_ar1,expanding,132,0,1177
MMR,2021-01-01,6,2021-07-01,912,186,1257,20,3028,glm_ar1,expanding,132,0,1292
MRT,2021-01-01,1,2021-02-01,NA,NA,NA,NA,NA,glm_ar1,expanding,12,33,NA
MRT,2021-01-01,2,2021-03-01,NA,NA,NA,NA,NA,glm_ar1,expanding,12,33,NA
MRT,2021-01-01,3,2021-04-01,NA,NA,NA,NA,NA,glm_ar1,expanding,12,33,NA
MRT,2021-01-01,4,2021-05-01,NA,NA,NA,NA,NA,glm_ar1,expanding,12,33,NA
MRT,2021-01-01,5,2021-06-01,NA,NA,NA,NA,NA,glm_ar1,expanding,12,33,NA
MRT,2021-01-01,6,2021-07-01,NA,NA,NA,NA,NA,glm_ar1,expanding,12,33,NA
MTQ,2021-01-01,1,2021-02-01,1010,206,1393,22,3355,glm_ar1,expanding,129,0,235
MTQ,2021-01-01,2,2021-03-01,1266,258,1745,28,4203,glm_ar1,expanding,129,0,95
MTQ,2021-01-01,3,2021-04-01,1493,305,2059,33,4959,glm_ar1,expanding,129,0,0
MTQ,2021-01-01,4,2021-05-01,1686,344,2324,37,5598,glm_ar1,expanding,129,0,0
MTQ,2021-01-01,5,2021-06-01,1843,376,2541,40,6119,glm_ar1,expanding,129,0,0
MTQ,2021-01-01,6,2021-07-01,1967,402,2712,43,6532,glm_ar1,expanding,129,0,0
MYS,2021-01-01,1,2021-02-01,3064,626,4225,67,10175,glm_ar1,expanding,132,0,2259
MYS,2021-01-01,2,2021-03-01,2857,584,3939,63,9486,glm_ar1,expanding,132,0,1856
MYS,2021-01-01,3,2021-04-01,2714,555,3741,60,9011,glm_ar1,expanding,132,0,1894
MYS,2021-01-01,4,2021-05-01,2613,534,3603,57,8677,glm_ar1,expanding,132,0,2421
MYS,2021-01-01,5,2021-06-01,2542,519,3505,56,8440,glm_ar1,expanding,132,0,2506
MYS,2021-01-01,6,2021-07-01,2491,509,3434,55,8270,glm_ar1,expanding,132,0,2162
NCL,2021-01-01,1,2021-02-01,60,12,83,1,201,glm_ar1,expanding,101,12,27
NCL,2021-01-01,2,2021-03-01,162,33,223,3,537,glm_ar1,expanding,101,12,20
NCL,2021-01-01,3,2021-04-01,331,67,456,7,1099,glm_ar1,expanding,101,12,20
NCL,2021-01-01,4,2021-05-01,558,114,770,12,1855,glm_ar1,expanding,101,12,29
NCL,2021-01-01,5,2021-06-01,819,167,1130,18,2722,glm_ar1,expanding,101,12,2
NCL,2021-01-01,6,2021-07-01,1086,222,1497,24,3605,glm_ar1,expanding,101,12,2
NIC,2021-01-01,1,2021-02-01,3804,777,5245,84,12631,glm_ar1,expanding,131,0,3983
NIC,2021-01-01,2,2021-03-01,3348,684,4616,74,11118,glm_ar1,expanding,131,0,3174
NIC,2021-01-01,3,2021-04-01,3049,623,4204,67,10124,glm_ar1,expanding,131,0,3314
NIC,2021-01-01,4,2021-05-01,2846,582,3925,63,9452,glm_ar1,expanding,131,0,3948
NIC,2021-01-01,5,2021-06-01,2706,553,3731,60,8987,glm_ar1,expanding,131,0,3179
NIC,2021-01-01,6,2021-07-01,2608,533,3596,57,8660,glm_ar1,expanding,131,0,2682
NPL,2021-01-01,1,2021-02-01,29,6,41,0,98,glm_ar1,expanding,131,0,16
NPL,2021-01-01,2,2021-03-01,96,19,133,2,321,glm_ar1,expanding,131,0,11
NPL,2021-01-01,3,2021-04-01,227,46,313,5,755,glm_ar1,expanding,131,0,25
NPL,2021-01-01,4,2021-05-01,424,86,585,9,1409,glm_ar1,expanding,131,0,6
NPL,2021-01-01,5,2021-06-01,670,137,924,14,2225,glm_ar1,expanding,131,0,5
NPL,2021-01-01,6,2021-07-01,936,191,1291,20,3110,glm_ar1,expanding,131,0,66
OMN,2021-01-01,1,2021-02-01,8,1,11,0,27,glm_ar1,expanding,34,0,0
OMN,2021-01-01,2,2021-03-01,39,8,54,0,131,glm_ar1,expanding,34,0,0
OMN,2021-01-01,3,2021-04-01,118,24,163,2,394,glm_ar1,expanding,34,0,0
OMN,2021-01-01,4,2021-05-01,264,54,364,5,876,glm_ar1,expanding,34,0,1
OMN,2021-01-01,5,2021-06-01,473,96,652,10,1572,glm_ar1,expanding,34,0,1
OMN,2021-01-01,6,2021-07-01,726,148,1001,16,2410,glm_ar1,expanding,34,0,0
PAK,2021-01-01,1,2021-02-01,5189,1061,7154,114,17230,glm_ar1,expanding,131,0,3821
PAK,2021-01-01,2,2021-03-01,4205,860,5798,93,13964,glm_ar1,expanding,131,0,3570
PAK,2021-01-01,3,2021-04-01,3604,737,4969,79,11967,glm_ar1,expanding,131,0,6086
PAK,2021-01-01,4,2021-05-01,3218,658,4437,71,10686,glm_ar1,expanding,131,0,24313
PAK,2021-01-01,5,2021-06-01,2961,605,4083,65,9834,glm_ar1,expanding,131,0,18020
PAK,2021-01-01,6,2021-07-01,2786,569,3842,61,9252,glm_ar1,expanding,131,0,12351
PAN,2021-01-01,1,2021-02-01,205,42,283,4,683,glm_ar1,expanding,130,0,56
PAN,2021-01-01,2,2021-03-01,394,80,544,8,1310,glm_ar1,expanding,130,0,55
PAN,2021-01-01,3,2021-04-01,635,130,876,14,2109,glm_ar1,expanding,130,0,55
PAN,2021-01-01,4,2021-05-01,900,184,1241,20,2990,glm_ar1,expanding,130,0,144
PAN,2021-01-01,5,2021-06-01,1163,238,1604,25,3863,glm_ar1,expanding,130,0,238
PAN,2021-01-01,6,2021-07-01,1403,287,1935,31,4661,glm_ar1,expanding,130,0,278
PER,2021-01-01,1,2021-02-01,4646,950,6405,102,15426,glm_ar1,expanding,125,0,4033
PER,2021-01-01,2,2021-03-01,3877,793,5346,85,12875,glm_ar1,expanding,125,0,5002
PER,2021-01-01,3,2021-04-01,3396,694,4682,75,11276,glm_ar1,expanding,125,0,4381
PER,2021-01-01,4,2021-05-01,3080,630,4247,68,10229,glm_ar1,expanding,125,0,5038
PER,2021-01-01,5,2021-06-01,2868,586,3954,63,9524,glm_ar1,expanding,125,0,3232
PER,2021-01-01,6,2021-07-01,2721,556,3752,60,9037,glm_ar1,expanding,125,0,2148
PHL,2021-01-01,1,2021-02-01,4297,878,5924,95,14267,glm_ar1,expanding,130,0,3855
PHL,2021-01-01,2,2021-03-01,3661,748,5048,81,12158,glm_ar1,expanding,130,0,3179
PHL,2021-01-01,3,2021-04-01,3256,665,4489,72,10811,glm_ar1,expanding,130,0,2463
PHL,2021-01-01,4,2021-05-01,2987,610,4118,66,9918,glm_ar1,expanding,130,0,3126
PHL,2021-01-01,5,2021-06-01,2804,573,3866,62,9310,glm_ar1,expanding,130,0,5915
PHL,2021-01-01,6,2021-07-01,2676,547,3690,59,8888,glm_ar1,expanding,130,0,10437
PLW,2021-01-01,1,2021-02-01,29,6,41,0,98,glm_ar1,expanding,58,72,4
PLW,2021-01-01,2,2021-03-01,96,19,133,2,321,glm_ar1,expanding,58,72,6
PLW,2021-01-01,3,2021-04-01,227,46,313,5,755,glm_ar1,expanding,58,72,7
PLW,2021-01-01,4,2021-05-01,424,86,585,9,1409,glm_ar1,expanding,58,72,6
PLW,2021-01-01,5,2021-06-01,670,137,924,14,2225,glm_ar1,expanding,58,72,5
PLW,2021-01-01,6,2021-07-01,936,191,1291,20,3110,glm_ar1,expanding,58,72,5
PRI,2021-01-01,1,2021-02-01,266,54,367,6,885,glm_ar1,expanding,94,36,80
PRI,2021-01-01,2,2021-03-01,476,97,657,10,1583,glm_ar1,expanding,94,36,50
PRI,2021-01-01,3,2021-04-01,729,149,1006,16,2423,glm_ar1,expanding,94,36,35
PRI,2021-01-01,4,2021-05-01,997,204,1374,22,3311,glm_ar1,expanding,94,36,48
PRI,2021-01-01,5,2021-06-01,1253,256,1728,27,4162,glm_ar1,expanding,94,36,33
PRI,2021-01-01,6,2021-07-01,1482,303,2044,32,4923,glm_ar1,expanding,94,36,53
PRY,2021-01-01,1,2021-02-01,2512,513,3463,55,8340,glm_ar1,expanding,127,0,2670
PRY,2021-01-01,2,2021-03-01,2469,505,3404,54,8199,glm_ar1,expanding,127,0,2228
PRY,2021-01-01,3,2021-04-01,2438,498,3362,54,8096,glm_ar1,expanding,127,0,1880
PRY,2021-01-01,4,2021-05-01,2416,494,3331,53,8021,glm_ar1,expanding,127,0,1520
PRY,2021-01-01,5,2021-06-01,2399,490,3308,53,7967,glm_ar1,expanding,127,0,588
PRY,2021-01-01,6,2021-07-01,2387,488,3292,52,7928,glm_ar1,expanding,127,0,435
PYF,2021-01-01,1,2021-02-01,NA,NA,NA,NA,NA,glm_ar1,expanding,96,33,NA
PYF,2021-01-01,2,2021-03-01,NA,NA,NA,NA,NA,glm_ar1,expanding,96,33,NA
PYF,2021-01-01,3,2021-04-01,NA,NA,NA,NA,NA,glm_ar1,expanding,96,33,NA
PYF,2021-01-01,4,2021-05-01,NA,NA,NA,NA,NA,glm_ar1,expanding,96,33,NA
PYF,2021-01-01,5,2021-06-01,NA,NA,NA,NA,NA,glm_ar1,expanding,96,33,NA
PYF,2021-01-01,6,2021-07-01,NA,NA,NA,NA,NA,glm_ar1,expanding,96,33,NA
REU,2021-01-01,1,2021-02-01,569,116,784,12,1889,glm_ar1,expanding,87,36,1572
REU,2021-01-01,2,2021-03-01,830,169,1145,18,2758,glm_ar1,expanding,87,36,4513
REU,2021-01-01,3,2021-04-01,1096,224,1511,24,3640,glm_ar1,expanding,87,36,7784
REU,2021-01-01,4,2021-05-01,1344,274,1853,29,4462,glm_ar1,expanding,87,36,10944
REU,2021-01-01,5,2021-06-01,1560,319,2151,34,5181,glm_ar1,expanding,87,36,3386
REU,2021-01-01,6,2021-07-01,1741,356,2400,38,5781,glm_ar1,expanding,87,36,828
SAU,2021-01-01,1,2021-02-01,423,86,583,9,1404,glm_ar1,expanding,124,0,271
SAU,2021-01-01,2,2021-03-01,668,136,921,14,2219,glm_ar1,expanding,124,0,426
SAU,2021-01-01,3,2021-04-01,935,191,1289,20,3104,glm_ar1,expanding,124,0,587
SAU,2021-01-01,4,2021-05-01,1195,244,1648,26,3970,glm_ar1,expanding,124,0,764
SAU,2021-01-01,5,2021-06-01,1432,292,1974,31,4755,glm_ar1,expanding,124,0,479
SAU,2021-01-01,6,2021-07-01,1635,334,2254,36,5429,glm_ar1,expanding,124,0,197
SDN,2021-01-01,1,2021-02-01,NA,NA,NA,NA,NA,glm_ar1,expanding,48,81,NA
SDN,2021-01-01,2,2021-03-01,NA,NA,NA,NA,NA,glm_ar1,expanding,48,81,NA
SDN,2021-01-01,3,2021-04-01,NA,NA,NA,NA,NA,glm_ar1,expanding,48,81,NA
SDN,2021-01-01,4,2021-05-01,NA,NA,NA,NA,NA,glm_ar1,expanding,48,81,3
SDN,2021-01-01,5,2021-06-01,NA,NA,NA,NA,NA,glm_ar1,expanding,48,81,2
SDN,2021-01-01,6,2021-07-01,NA,NA,NA,NA,NA,glm_ar1,expanding,48,81,9
SEN,2021-01-01,1,2021-02-01,NA,NA,NA,NA,NA,glm_ar1,expanding,24,21,NA
SEN,2021-01-01,2,2021-03-01,NA,NA,NA,NA,NA,glm_ar1,expanding,24,21,NA
SEN,2021-01-01,3,2021-04-01,NA,NA,NA,NA,NA,glm_ar1,expanding,24,21,NA
SEN,2021-01-01,4,2021-05-01,NA,NA,NA,NA,NA,glm_ar1,expanding,24,21,2
SEN,2021-01-01,5,2021-06-01,NA,NA,NA,NA,NA,glm_ar1,expanding,24,21,2
SEN,2021-01-01,6,2021-07-01,NA,NA,NA,NA,NA,glm_ar1,expanding,24,21,4
SGP,2021-01-01,1,2021-02-01,1053,215,1452,23,3497,glm_ar1,expanding,132,0,574
SGP,2021-01-01,2,2021-03-01,1305,266,1799,29,4333,glm_ar1,expanding,132,0,507
SGP,2021-01-01,3,2021-04-01,1527,312,2105,33,5070,glm_ar1,expanding,132,0,426
SGP,2021-01-01,4,2021-05-01,1713,350,2362,38,5690,glm_ar1,expanding,132,0,572
SGP,2021-01-01,5,2021-06-01,1865,381,2571,41,6192,glm_ar1,expanding,132,0,510
SGP,2021-01-01,6,2021-07-01,1984,405,2736,44,6589,glm_ar1,expanding,132,0,341
SLB,2021-01-01,1,2021-02-01,245,50,338,5,814,glm_ar1,expanding,70,24,69
SLB,2021-01-01,2,2021-03-01,448,91,618,10,1489,glm_ar1,expanding,70,24,85
SLB,2021-01-01,3,2021-04-01,698,142,962,15,2317,glm_ar1,expanding,70,24,52
SLB,2021-01-01,4,2021-05-01,965,197,1330,21,3204,glm_ar1,expanding,70,24,40
SLB,2021-01-01,5,2021-06-01,1223,250,1687,27,4063,glm_ar1,expanding,70,24,37
SLB,2021-01-01,6,2021-07-01,1456,298,2008,32,4837,glm_ar1,expanding,70,24,34
SLV,2021-01-01,1,2021-02-01,451,92,622,10,1498,glm_ar1,expanding,132,0,231
SLV,2021-01-01,2,2021-03-01,701,143,966,15,2327,glm_ar1,expanding,132,0,304
SLV,2021-01-01,3,2021-04-01,968,198,1335,21,3214,glm_ar1,expanding,132,0,305
SLV,2021-01-01,4,2021-05-01,1226,250,1691,27,4073,glm_ar1,expanding,132,0,595
SLV,2021-01-01,5,2021-06-01,1459,298,2012,32,4845,glm_ar1,expanding,132,0,629
SLV,2021-01-01,6,2021-07-01,1657,339,2285,36,5504,glm_ar1,expanding,132,0,537
SUR,2021-01-01,1,2021-02-01,22,4,30,0,73,glm_ar1,expanding,82,48,1
SUR,2021-01-01,2,2021-03-01,78,16,108,1,260,glm_ar1,expanding,82,48,0
SUR,2021-01-01,3,2021-04-01,195,40,269,4,648,glm_ar1,expanding,82,48,NA
SUR,2021-01-01,4,2021-05-01,379,77,523,8,1261,glm_ar1,expanding,82,48,NA
SUR,2021-01-01,5,2021-06-01,617,126,851,13,2051,glm_ar1,expanding,82,48,NA
SUR,2021-01-01,6,2021-07-01,882,180,1216,19,2930,glm_ar1,expanding,82,48,NA
SXM,2021-01-01,1,2021-02-01,NA,NA,NA,NA,NA,glm_ar1,expanding,36,94,NA
SXM,2021-01-01,2,2021-03-01,NA,NA,NA,NA,NA,glm_ar1,expanding,36,94,NA
SXM,2021-01-01,3,2021-04-01,NA,NA,NA,NA,NA,glm_ar1,expanding,36,94,NA
SXM,2021-01-01,4,2021-05-01,NA,NA,NA,NA,NA,glm_ar1,expanding,36,94,NA
SXM,2021-01-01,5,2021-06-01,NA,NA,NA,NA,NA,glm_ar1,expanding,36,94,NA
SXM,2021-01-01,6,2021-07-01,NA,NA,NA,NA,NA,glm_ar1,expanding,36,94,NA
SYC,2021-01-01,1,2021-02-01,NA,NA,NA,NA,NA,glm_ar1,expanding,24,31,NA
SYC,2021-01-01,2,2021-03-01,NA,NA,NA,NA,NA,glm_ar1,expanding,24,31,NA
SYC,2021-01-01,3,2021-04-01,NA,NA,NA,NA,NA,glm_ar1,expanding,24,31,NA
SYC,2021-01-01,4,2021-05-01,NA,NA,NA,NA,NA,glm_ar1,expanding,24,31,NA
SYC,2021-01-01,5,2021-06-01,NA,NA,NA,NA,NA,glm_ar1,expanding,24,31,NA
SYC,2021-01-01,6,2021-07-01,NA,NA,NA,NA,NA,glm_ar1,expanding,24,31,NA
TCA,2021-01-01,1,2021-02-01,NA,NA,NA,NA,NA,glm_ar1,expanding,72,21,NA
TCA,2021-01-01,2,2021-03-01,NA,NA,NA,NA,NA,glm_ar1,expanding,72,21,NA
TCA,2021-01-01,3,2021-04-01,NA,NA,NA,NA,NA,glm_ar1,expanding,72,21,NA
TCA,2021-01-01,4,2021-05-01,NA,NA,NA,NA,NA,glm_ar1,expanding,72,21,NA
TCA,2021-01-01,5,2021-06-01,NA,NA,NA,NA,NA,glm_ar1,expanding,72,21,NA
TCA,2021-01-01,6,2021-07-01,NA,NA,NA,NA,NA,glm_ar1,expanding,72,21,NA
THA,2021-01-01,1,2021-02-01,1351,276,1863,30,4486,glm_ar1,expanding,132,0,808
THA,2021-01-01,2,2021-03-01,1566,320,2160,34,5201,glm_ar1,expanding,132,0,762
THA,2021-01-01,3,2021-04-01,1746,357,2407,38,5798,glm_ar1,expanding,132,0,474
THA,2021-01-01,4,2021-05-01,1890,386,2607,41,6278,glm_ar1,expanding,132,0,1089
THA,2021-01-01,5,2021-06-01,2004,410,2764,44,6656,glm_ar1,expanding,132,0,1604
THA,2021-01-01,6,2021-07-01,2092,427,2885,46,6948,glm_ar1,expanding,132,0,1024
TLS,2021-01-01,1,2021-02-01,355,72,490,7,1180,glm_ar1,expanding,125,0,242
TLS,2021-01-01,2,2021-03-01,588,120,811,13,1953,glm_ar1,expanding,125,0,116
TLS,2021-01-01,3,2021-04-01,851,174,1174,18,2827,glm_ar1,expanding,125,0,13
TLS,2021-01-01,4,2021-05-01,1116,228,1539,24,3707,glm_ar1,expanding,125,0,13
TLS,2021-01-01,5,2021-06-01,1362,278,1877,30,4522,glm_ar1,expanding,125,0,20
TLS,2021-01-01,6,2021-07-01,1575,322,2172,35,5232,glm_ar1,expanding,125,0,28
TON,2021-01-01,1,2021-02-01,NA,NA,NA,NA,NA,glm_ar1,expanding,36,45,NA
TON,2021-01-01,2,2021-03-01,NA,NA,NA,NA,NA,glm_ar1,expanding,36,45,NA
TON,2021-01-01,3,2021-04-01,NA,NA,NA,NA,NA,glm_ar1,expanding,36,45,NA
TON,2021-01-01,4,2021-05-01,NA,NA,NA,NA,NA,glm_ar1,expanding,36,45,NA
TON,2021-01-01,5,2021-06-01,NA,NA,NA,NA,NA,glm_ar1,expanding,36,45,NA
TON,2021-01-01,6,2021-07-01,NA,NA,NA,NA,NA,glm_ar1,expanding,36,45,NA
TTO,2021-01-01,1,2021-02-01,22,4,30,0,73,glm_ar1,expanding,94,36,1
TTO,2021-01-01,2,2021-03-01,78,16,108,1,260,glm_ar1,expanding,94,36,0
TTO,2021-01-01,3,2021-04-01,195,40,269,4,648,glm_ar1,expanding,94,36,NA
TTO,2021-01-01,4,2021-05-01,379,77,523,8,1261,glm_ar1,expanding,94,36,NA
TTO,2021-01-01,5,2021-06-01,617,126,851,13,2051,glm_ar1,expanding,94,36,NA
TTO,2021-01-01,6,2021-07-01,882,180,1216,19,2930,glm_ar1,expanding,94,36,NA
TUV,2021-01-01,1,2021-02-01,18,3,24,0,59,glm_ar1,expanding,34,0,0
TUV,2021-01-01,2,2021-03-01,67,13,93,1,225,glm_ar1,expanding,34,0,0
TUV,2021-01-01,3,2021-04-01,175,36,242,4,583,glm_ar1,expanding,34,0,NA
TUV,2021-01-01,4,2021-05-01,351,71,484,7,1166,glm_ar1,expanding,34,0,NA
TUV,2021-01-01,5,2021-06-01,583,119,804,13,1937,glm_ar1,expanding,34,0,NA
TUV,2021-01-01,6,2021-07-01,846,173,1166,18,2810,glm_ar1,expanding,34,0,NA
TWN,2021-01-01,1,2021-02-01,NA,NA,NA,NA,NA,glm_ar1,expanding,96,35,NA
TWN,2021-01-01,2,2021-03-01,NA,NA,NA,NA,NA,glm_ar1,expanding,96,35,NA
TWN,2021-01-01,3,2021-04-01,NA,NA,NA,NA,NA,glm_ar1,expanding,96,35,NA
TWN,2021-01-01,4,2021-05-01,NA,NA,NA,NA,NA,glm_ar1,expanding,96,35,NA
TWN,2021-01-01,5,2021-06-01,NA,NA,NA,NA,NA,glm_ar1,expanding,96,35,NA
TWN,2021-01-01,6,2021-07-01,NA,NA,NA,NA,NA,glm_ar1,expanding,96,35,NA
URY,2021-01-01,1,2021-02-01,NA,NA,NA,NA,NA,glm_ar1,expanding,12,58,NA
URY,2021-01-01,2,2021-03-01,NA,NA,NA,NA,NA,glm_ar1,expanding,12,58,NA
URY,2021-01-01,3,2021-04-01,NA,NA,NA,NA,NA,glm_ar1,expanding,12,58,10
URY,2021-01-01,4,2021-05-01,NA,NA,NA,NA,NA,glm_ar1,expanding,12,58,2
URY,2021-01-01,5,2021-06-01,NA,NA,NA,NA,NA,glm_ar1,expanding,12,58,1
URY,2021-01-01,6,2021-07-01,NA,NA,NA,NA,NA,glm_ar1,expanding,12,58,1
USA,2021-01-01,1,2021-02-01,26,5,36,0,86,glm_ar1,expanding,119,12,3
USA,2021-01-01,2,2021-03-01,88,18,121,2,292,glm_ar1,expanding,119,12,1
USA,2021-01-01,3,2021-04-01,212,43,292,4,705,glm_ar1,expanding,119,12,1
USA,2021-01-01,4,2021-05-01,403,82,556,9,1340,glm_ar1,expanding,119,12,6
USA,2021-01-01,5,2021-06-01,646,132,890,14,2145,glm_ar1,expanding,119,12,1
USA,2021-01-01,6,2021-07-01,912,186,1257,20,3028,glm_ar1,expanding,119,12,11
VCT,2021-01-01,1,2021-02-01,93,19,129,2,311,glm_ar1,expanding,94,36,9
VCT,2021-01-01,2,2021-03-01,222,45,306,5,737,glm_ar1,expanding,94,36,7
VCT,2021-01-01,3,2021-04-01,417,85,575,9,1385,glm_ar1,expanding,94,36,6
VCT,2021-01-01,4,2021-05-01,661,135,912,14,2197,glm_ar1,expanding,94,36,10
VCT,2021-01-01,5,2021-06-01,928,189,1279,20,3081,glm_ar1,expanding,94,36,9
VCT,2021-01-01,6,2021-07-01,1189,243,1639,26,3948,glm_ar1,expanding,94,36,6
VEN,2021-01-01,1,2021-02-01,1458,298,2010,32,4841,glm_ar1,expanding,130,0,699
VEN,2021-01-01,2,2021-03-01,1656,338,2284,36,5501,glm_ar1,expanding,130,0,400
VEN,2021-01-01,3,2021-04-01,1819,372,2508,40,6041,glm_ar1,expanding,130,0,274
VEN,2021-01-01,4,2021-05-01,1948,398,2686,43,6470,glm_ar1,expanding,130,0,496
VEN,2021-01-01,5,2021-06-01,2049,419,2825,45,6805,glm_ar1,expanding,130,0,413
VEN,2021-01-01,6,2021-07-01,2126,434,2932,47,7061,glm_ar1,expanding,130,0,401
VGB,2021-01-01,1,2021-02-01,NA,NA,NA,NA,NA,glm_ar1,expanding,120,10,NA
VGB,2021-01-01,2,2021-03-01,NA,NA,NA,NA,NA,glm_ar1,expanding,120,10,NA
VGB,2021-01-01,3,2021-04-01,NA,NA,NA,NA,NA,glm_ar1,expanding,120,10,NA
VGB,2021-01-01,4,2021-05-01,NA,NA,NA,NA,NA,glm_ar1,expanding,120,10,NA
VGB,2021-01-01,5,2021-06-01,NA,NA,NA,NA,NA,glm_ar1,expanding,120,10,NA
VGB,2021-01-01,6,2021-07-01,NA,NA,NA,NA,NA,glm_ar1,expanding,120,10,NA
VNM,2021-01-01,1,2021-02-01,4457,911,6146,98,14801,glm_ar1,expanding,131,0,2725
VNM,2021-01-01,2,2021-03-01,3761,769,5186,83,12490,glm_ar1,expanding,131,0,2638
VNM,2021-01-01,3,2021-04-01,3321,679,4579,73,11027,glm_ar1,expanding,131,0,2355
VNM,2021-01-01,4,2021-05-01,3030,619,4178,67,10063,glm_ar1,expanding,131,0,3275
VNM,2021-01-01,5,2021-06-01,2834,579,3907,62,9410,glm_ar1,expanding,131,0,5355
VNM,2021-01-01,6,2021-07-01,2697,551,3719,59,8958,glm_ar1,expanding,131,0,7416
VUT,2021-01-01,1,2021-02-01,55,11,76,1,182,glm_ar1,expanding,51,72,17
VUT,2021-01-01,2,2021-03-01,151,30,208,3,501,glm_ar1,expanding,51,72,16
VUT,2021-01-01,3,2021-04-01,314,64,433,7,1044,glm_ar1,expanding,51,72,10
VUT,2021-01-01,4,2021-05-01,538,110,742,12,1786,glm_ar1,expanding,51,72,7
VUT,2021-01-01,5,2021-06-01,797,163,1099,17,2648,glm_ar1,expanding,51,72,1
VUT,2021-01-01,6,2021-07-01,1064,217,1467,23,3533,glm_ar1,expanding,51,72,7
WLF,2021-01-01,1,2021-02-01,55,11,76,1,182,glm_ar1,expanding,44,0,6
WLF,2021-01-01,2,2021-03-01,151,30,208,3,501,glm_ar1,expanding,44,0,10
WLF,2021-01-01,3,2021-04-01,314,64,433,7,1044,glm_ar1,expanding,44,0,6
WLF,2021-01-01,4,2021-05-01,538,110,742,12,1786,glm_ar1,expanding,44,0,21
WLF,2021-01-01,5,2021-06-01,797,163,1099,17,2648,glm_ar1,expanding,44,0,6
WLF,2021-01-01,6,2021-07-01,1064,217,1467,23,3533,glm_ar1,expanding,44,0,4
WSM,2021-01-01,1,2021-02-01,46,9,63,1,153,glm_ar1,expanding,40,0,8
WSM,2021-01-01,2,2021-03-01,133,27,183,3,441,glm_ar1,expanding,40,0,11
WSM,2021-01-01,3,2021-04-01,286,58,395,6,951,glm_ar1,expanding,40,0,23
WSM,2021-01-01,4,2021-05-01,502,102,693,11,1669,glm_ar1,expanding,40,0,14
WSM,2021-01-01,5,2021-06-01,758,155,1046,16,2519,glm_ar1,expanding,40,0,9
WSM,2021-01-01,6,2021-07-01,1026,209,1414,22,3406,glm_ar1,expanding,40,0,12
YEM,2021-01-01,1,2021-02-01,2198,449,3031,48,7300,glm_ar1,expanding,46,24,1463
YEM,2021-01-01,2,2021-03-01,2239,457,3087,49,7435,glm_ar1,expanding,46,24,1002
YEM,2021-01-01,3,2021-04-01,2269,464,3129,50,7535,glm_ar1,expanding,46,24,1049
YEM,2021-01-01,4,2021-05-01,2292,468,3160,50,7610,glm_ar1,expanding,46,24,1523
YEM,2021-01-01,5,2021-06-01,2308,472,3183,51,7665,glm_ar1,expanding,46,24,823
YEM,2021-01-01,6,2021-07-01,2321,474,3200,51,7706,glm_ar1,expanding,46,24,524
ABW,2021-07-01,1,2021-08-01,NA,NA,NA,NA,NA,glm_ar1,expanding,84,49,NA
ABW,2021-07-01,2,2021-09-01,NA,NA,NA,NA,NA,glm_ar1,expanding,84,49,NA
ABW,2021-07-01,3,2021-10-01,NA,NA,NA,NA,NA,glm_ar1,expanding,84,49,NA
ABW,2021-07-01,4,2021-11-01,NA,NA,NA,NA,NA,glm_ar1,expanding,84,49,NA
ABW,2021-07-01,5,2021-12-01,NA,NA,NA,NA,NA,glm_ar1,expanding,84,49,NA
ABW,2021-07-01,6,2022-01-01,NA,NA,NA,NA,NA,glm_ar1,expanding,84,49,NA
AFG,2021-07-01,1,2021-08-01,130,27,179,3,431,glm_ar1,expanding,5,0,48
AFG,2021-07-01,2,2021-09-01,277,57,382,6,918,glm_ar1,expanding,5,0,51
AFG,2021-07-01,3,2021-10-01,483,100,667,11,1601,glm_ar1,expanding,5,0,169
AFG,2021-07-01,4,2021-11-01,728,151,1005,16,2411,glm_ar1,expanding,5,0,194
AFG,2021-07-01,5,2021-12-01,986,204,1360,22,3262,glm_ar1,expanding,5,0,150
AFG,2021-07-01,6,2022-01-01,1232,255,1699,28,4078,glm_ar1,expanding,5,0,75
ARG,2021-07-01,1,2021-08-01,173,35,238,4,572,glm_ar1,expanding,132,0,32
ARG,2021-07-01,2,2021-09-01,341,70,471,7,1130,glm_ar1,expanding,132,0,40
ARG,2021-07-01,3,2021-10-01,564,116,777,13,1866,glm_ar1,expanding,132,0,61
ARG,2021-07-01,4,2021-11-01,816,169,1125,18,2700,glm_ar1,expanding,132,0,95
ARG,2021-07-01,5,2021-12-01,1071,222,1478,24,3546,glm_ar1,expanding,132,0,227
ARG,2021-07-01,6,2022-01-01,1310,271,1807,30,4336,glm_ar1,expanding,132,0,32
ATG,2021-07-01,1,2021-08-01,21,4,29,0,71,glm_ar1,expanding,52,24,4
ATG,2021-07-01,2,2021-09-01,74,15,103,1,247,glm_ar1,expanding,52,24,4
ATG,2021-07-01,3,2021-10-01,184,38,254,4,610,glm_ar1,expanding,52,24,4
ATG,2021-07-01,4,2021-11-01,358,74,494,8,1185,glm_ar1,expanding,52,24,6
ATG,2021-07-01,5,2021-12-01,584,121,805,13,1932,glm_ar1,expanding,52,24,7
ATG,2021-07-01,6,2022-01-01,837,173,1155,19,2771,glm_ar1,expanding,52,24,7
AUS,2021-07-01,1,2021-08-01,NA,NA,NA,NA,NA,glm_ar1,expanding,120,11,NA
AUS,2021-07-01,2,2021-09-01,NA,NA,NA,NA,NA,glm_ar1,expanding,120,11,0
AUS,2021-07-01,3,2021-10-01,NA,NA,NA,NA,NA,glm_ar1,expanding,120,11,3
AUS,2021-07-01,4,2021-11-01,NA,NA,NA,NA,NA,glm_ar1,expanding,120,11,3
AUS,2021-07-01,5,2021-12-01,NA,NA,NA,NA,NA,glm_ar1,expanding,120,11,2
AUS,2021-07-01,6,2022-01-01,NA,NA,NA,NA,NA,glm_ar1,expanding,120,11,3
BES,2021-07-01,1,2021-08-01,NA,NA,NA,NA,NA,glm_ar1,expanding,36,0,NA
BES,2021-07-01,2,2021-09-01,NA,NA,NA,NA,NA,glm_ar1,expanding,36,0,NA
BES,2021-07-01,3,2021-10-01,NA,NA,NA,NA,NA,glm_ar1,expanding,36,0,NA
BES,2021-07-01,4,2021-11-01,NA,NA,NA,NA,NA,glm_ar1,expanding,36,0,NA
BES,2021-07-01,5,2021-12-01,NA,NA,NA,NA,NA,glm_ar1,expanding,36,0,NA
BES,2021-07-01,6,2022-01-01,NA,NA,NA,NA,NA,glm_ar1,expanding,36,0,NA
BFA,2021-07-01,1,2021-08-01,NA,NA,NA,NA,NA,glm_ar1,expanding,48,27,NA
BFA,2021-07-01,2,2021-09-01,NA,NA,NA,NA,NA,glm_ar1,expanding,48,27,NA
BFA,2021-07-01,3,2021-10-01,NA,NA,NA,NA,NA,glm_ar1,expanding,48,27,NA
BFA,2021-07-01,4,2021-11-01,NA,NA,NA,NA,NA,glm_ar1,expanding,48,27,NA
BFA,2021-07-01,5,2021-12-01,NA,NA,NA,NA,NA,glm_ar1,expanding,48,27,NA
BFA,2021-07-01,6,2022-01-01,NA,NA,NA,NA,NA,glm_ar1,expanding,48,27,NA
BGD,2021-07-01,1,2021-08-01,2500,517,3448,57,8273,glm_ar1,expanding,137,0,6970
BGD,2021-07-01,2,2021-09-01,2449,507,3378,56,8105,glm_ar1,expanding,137,0,8876
BGD,2021-07-01,3,2021-10-01,2412,499,3328,55,7984,glm_ar1,expanding,137,0,4911
BGD,2021-07-01,4,2021-11-01,2386,494,3291,54,7895,glm_ar1,expanding,137,0,3423
BGD,2021-07-01,5,2021-12-01,2366,490,3264,54,7830,glm_ar1,expanding,137,0,1366
BGD,2021-07-01,6,2022-01-01,2352,487,3244,53,7783,glm_ar1,expanding,137,0,110
BHS,2021-07-01,1,2021-08-01,NA,NA,NA,NA,NA,glm_ar1,expanding,48,88,NA
BHS,2021-07-01,2,2021-09-01,NA,NA,NA,NA,NA,glm_ar1,expanding,48,88,NA
BHS,2021-07-01,3,2021-10-01,NA,NA,NA,NA,NA,glm_ar1,expanding,48,88,NA
BHS,2021-07-01,4,2021-11-01,NA,NA,NA,NA,NA,glm_ar1,expanding,48,88,NA
BHS,2021-07-01,5,2021-12-01,NA,NA,NA,NA,NA,glm_ar1,expanding,48,88,NA
BHS,2021-07-01,6,2022-01-01,NA,NA,NA,NA,NA,glm_ar1,expanding,48,88,NA
BLM,2021-07-01,1,2021-08-01,NA,NA,NA,NA,NA,glm_ar1,expanding,84,28,NA
BLM,2021-07-01,2,2021-09-01,NA,NA,NA,NA,NA,glm_ar1,expanding,84,28,NA
BLM,2021-07-01,3,2021-10-01,NA,NA,NA,NA,NA,glm_ar1,expanding,84,28,NA
BLM,2021-07-01,4,2021-11-01,NA,NA,NA,NA,NA,glm_ar1,expanding,84,28,NA
BLM,2021-07-01,5,2021-12-01,NA,NA,NA,NA,NA,glm_ar1,expanding,84,28,NA
BLM,2021-07-01,6,2022-01-01,NA,NA,NA,NA,NA,glm_ar1,expanding,84,28,NA
BLZ,2021-07-01,1,2021-08-01,499,103,688,11,1651,glm_ar1,expanding,137,0,371
BLZ,2021-07-01,2,2021-09-01,745,154,1028,17,2467,glm_ar1,expanding,137,0,407
BLZ,2021-07-01,3,2021-10-01,1002,207,1383,23,3317,glm_ar1,expanding,137,0,422
BLZ,2021-07-01,4,2021-11-01,1247,258,1721,28,4128,glm_ar1,expanding,137,0,364
BLZ,2021-07-01,5,2021-12-01,1466,303,2022,33,4851,glm_ar1,expanding,137,0,243
BLZ,2021-07-01,6,2022-01-01,1651,342,2278,37,5465,glm_ar1,expanding,137,0,425
BOL,2021-07-01,1,2021-08-01,558,115,770,12,1848,glm_ar1,expanding,132,0,296
BOL,2021-07-01,2,2021-09-01,810,167,1117,18,2681,glm_ar1,expanding,132,0,235
BOL,2021-07-01,3,2021-10-01,1066,220,1470,24,3528,glm_ar1,expanding,132,0,509
BOL,2021-07-01,4,2021-11-01,1305,270,1801,29,4320,glm_ar1,expanding,132,0,694
BOL,2021-07-01,5,2021-12-01,1516,314,2091,34,5017,glm_ar1,expanding,132,0,1005
BOL,2021-07-01,6,2022-01-01,1693,350,2335,38,5602,glm_ar1,expanding,132,0,1087
BRA,2021-07-01,1,2021-08-01,22218,4602,30647,507,73525,glm_ar1,expanding,130,0,45119
BRA,2021-07-01,2,2021-09-01,12299,2547,16965,281,40701,glm_ar1,expanding,130,0,31119
BRA,2021-07-01,3,2021-10-01,7946,1645,10960,181,26295,glm_ar1,expanding,130,0,33625
BRA,2021-07-01,4,2021-11-01,5754,1191,7937,131,19042,glm_ar1,expanding,130,0,38909
BRA,2021-07-01,5,2021-12-01,4533,939,6254,103,15003,glm_ar1,expanding,130,0,34963
BRA,2021-07-01,6,2022-01-01,3802,787,5244,87,12581,glm_ar1,expanding,130,0,126973
BRB,2021-07-01,1,2021-08-01,21,4,29,0,71,glm_ar1,expanding,136,0,15
BRB,2021-07-01,2,2021-09-01,74,15,103,1,247,glm_ar1,expanding,136,0,15
BRB,2021-07-01,3,2021-10-01,184,38,254,4,610,glm_ar1,expanding,136,0,12
BRB,2021-07-01,4,2021-11-01,358,74,494,8,1185,glm_ar1,expanding,136,0,0
BRB,2021-07-01,5,2021-12-01,584,121,805,13,1932,glm_ar1,expanding,136,0,1
BRB,2021-07-01,6,2022-01-01,837,173,1155,19,2771,glm_ar1,expanding,136,0,39
BRN,2021-07-01,1,2021-08-01,64,13,88,1,213,glm_ar1,expanding,135,0,18
BRN,2021-07-01,2,2021-09-01,165,34,228,3,547,glm_ar1,expanding,135,0,17
BRN,2021-07-01,3,2021-10-01,330,68,456,7,1094,glm_ar1,expanding,135,0,20
BRN,2021-07-01,4,2021-11-01,550,114,759,12,1821,glm_ar1,expanding,135,0,24
BRN,2021-07-01,5,2021-12-01,801,166,1105,18,2652,glm_ar1,expanding,135,0,22
BRN,2021-07-01,6,2022-01-01,1057,219,1459,24,3500,glm_ar1,expanding,135,0,21
BTN,2021-07-01,1,2021-08-01,8,1,11,0,26,glm_ar1,expanding,89,48,1
BTN,2021-07-01,2,2021-09-01,37,7,51,0,123,glm_ar1,expanding,89,48,1
BTN,2021-07-01,3,2021-10-01,111,23,153,2,368,glm_ar1,expanding,89,48,1
BTN,2021-07-01,4,2021-11-01,247,51,341,5,818,glm_ar1,expanding,89,48,1
BTN,2021-07-01,5,2021-12-01,444,92,612,10,1470,glm_ar1,expanding,89,48,1
BTN,2021-07-01,6,2022-01-01,684,141,944,15,2264,glm_ar1,expanding,89,48,34
CHL,2021-07-01,1,2021-08-01,NA,NA,NA,NA,NA,glm_ar1,expanding,36,76,NA
CHL,2021-07-01,2,2021-09-01,NA,NA,NA,NA,NA,glm_ar1,expanding,36,76,NA
CHL,2021-07-01,3,2021-10-01,NA,NA,NA,NA,NA,glm_ar1,expanding,36,76,NA
CHL,2021-07-01,4,2021-11-01,NA,NA,NA,NA,NA,glm_ar1,expanding,36,76,NA
CHL,2021-07-01,5,2021-12-01,NA,NA,NA,NA,NA,glm_ar1,expanding,36,76,NA
CHL,2021-07-01,6,2022-01-01,NA,NA,NA,NA,NA,glm_ar1,expanding,36,76,NA
CHN,2021-07-01,1,2021-08-01,NA,NA,NA,NA,NA,glm_ar1,expanding,120,17,NA
CHN,2021-07-01,2,2021-09-01,NA,NA,NA,NA,NA,glm_ar1,expanding,120,17,NA
CHN,2021-07-01,3,2021-10-01,NA,NA,NA,NA,NA,glm_ar1,expanding,120,17,NA
CHN,2021-07-01,4,2021-11-01,NA,NA,NA,NA,NA,glm_ar1,expanding,120,17,NA
CHN,2021-07-01,5,2021-12-01,NA,NA,NA,NA,NA,glm_ar1,expanding,120,17,NA
CHN,2021-07-01,6,2022-01-01,NA,NA,NA,NA,NA,glm_ar1,expanding,120,17,NA
CIV,2021-07-01,1,2021-08-01,NA,NA,NA,NA,NA,glm_ar1,expanding,0,0,NA
CIV,2021-07-01,2,2021-09-01,NA,NA,NA,NA,NA,glm_ar1,expanding,0,0,NA
CIV,2021-07-01,3,2021-10-01,NA,NA,NA,NA,NA,glm_ar1,expanding,0,0,NA
CIV,2021-07-01,4,2021-11-01,NA,NA,NA,NA,NA,glm_ar1,expanding,0,0,NA
CIV,2021-07-01,5,2021-12-01,NA,NA,NA,NA,NA,glm_ar1,expanding,0,0,NA
CIV,2021-07-01,6,2022-01-01,NA,NA,NA,NA,NA,glm_ar1,expanding,0,0,NA
COK,2021-07-01,1,2021-08-01,25,5,34,0,83,glm_ar1,expanding,55,36,2
COK,2021-07-01,2,2021-09-01,84,17,115,2,277,glm_ar1,expanding,55,36,1
COK,2021-07-01,3,2021-10-01,201,41,277,4,664,glm_ar1,expanding,55,36,0
COK,2021-07-01,4,2021-11-01,381,79,526,8,1262,glm_ar1,expanding,55,36,0
COK,2021-07-01,5,2021-12-01,611,126,843,14,2023,glm_ar1,expanding,55,36,1
COK,2021-07-01,6,2022-01-01,866,179,1195,19,2866,glm_ar1,expanding,55,36,NA
COL,2021-07-01,1,2021-08-01,2566,531,3539,58,8491,glm_ar1,expanding,138,0,4431
COL,2021-07-01,2,2021-09-01,2497,517,3444,57,8262,glm_ar1,expanding,138,0,5447
COL,2021-07-01,3,2021-10-01,2447,506,3375,56,8098,glm_ar1,expanding,138,0,7914
COL,2021-07-01,4,2021-11-01,2411,499,3325,55,7978,glm_ar1,expanding,138,0,8914
COL,2021-07-01,5,2021-12-01,2384,494,3289,54,7891,glm_ar1,expanding,138,0,6968
COL,2021-07-01,6,2022-01-01,2365,490,3263,54,7828,glm_ar1,expanding,138,0,5358
CRI,2021-07-01,1,2021-08-01,731,151,1009,16,2421,glm_ar1,expanding,137,0,680
CRI,2021-07-01,2,2021-09-01,988,204,1364,22,3272,glm_ar1,expanding,137,0,706
CRI,2021-07-01,3,2021-10-01,1235,255,1703,28,4086,glm_ar1,expanding,137,0,830
CRI,2021-07-01,4,2021-11-01,1455,301,2007,33,4815,glm_ar1,expanding,137,0,477
CRI,2021-07-01,5,2021-12-01,1642,340,2265,37,5435,glm_ar1,expanding,137,0,308
CRI,2021-07-01,6,2022-01-01,1796,372,2477,41,5943,glm_ar1,expanding,137,0,256
CUB,2021-07-01,1,2021-08-01,207,42,285,4,685,glm_ar1,expanding,88,0,129
CUB,2021-07-01,2,2021-09-01,389,80,537,9,1290,glm_ar1,expanding,88,0,160
CUB,2021-07-01,3,2021-10-01,621,128,857,14,2056,glm_ar1,expanding,88,0,171
CUB,2021-07-01,4,2021-11-01,876,181,1209,20,2901,glm_ar1,expanding,88,0,154
CUB,2021-07-01,5,2021-12-01,1130,234,1558,25,3739,glm_ar1,expanding,88,0,87
CUB,2021-07-01,6,2022-01-01,1362,282,1879,31,4509,glm_ar1,expanding,88,0,233
CUW,2021-07-01,1,2021-08-01,NA,NA,NA,NA,NA,glm_ar1,expanding,48,0,NA
CUW,2021-07-01,2,2021-09-01,NA,NA,NA,NA,NA,glm_ar1,expanding,48,0,NA
CUW,2021-07-01,3,2021-10-01,NA,NA,NA,NA,NA,glm_ar1,expanding,48,0,NA
CUW,2021-07-01,4,2021-11-01,NA,NA,NA,NA,NA,glm_ar1,expanding,48,0,NA
CUW,2021-07-01,5,2021-12-01,NA,NA,NA,NA,NA,glm_ar1,expanding,48,0,NA
CUW,2021-07-01,6,2022-01-01,NA,NA,NA,NA,NA,glm_ar1,expanding,48,0,NA
CYM,2021-07-01,1,2021-08-01,NA,NA,NA,NA,NA,glm_ar1,expanding,84,28,NA
CYM,2021-07-01,2,2021-09-01,NA,NA,NA,NA,NA,glm_ar1,expanding,84,28,NA
CYM,2021-07-01,3,2021-10-01,NA,NA,NA,NA,NA,glm_ar1,expanding,84,28,NA
CYM,2021-07-01,4,2021-11-01,NA,NA,NA,NA,NA,glm_ar1,expanding,84,28,NA
CYM,2021-07-01,5,2021-12-01,NA,NA,NA,NA,NA,glm_ar1,expanding,84,28,NA
CYM,2021-07-01,6,2022-01-01,NA,NA,NA,NA,NA,glm_ar1,expanding,84,28,NA
DMA,2021-07-01,1,2021-08-01,21,4,29,0,71,glm_ar1,expanding,112,24,4
DMA,2021-07-01,2,2021-09-01,74,15,103,1,247,glm_ar1,expanding,112,24,8
DMA,2021-07-01,3,2021-10-01,184,38,254,4,610,glm_ar1,expanding,112,24,11
DMA,2021-07-01,4,2021-11-01,358,74,494,8,1185,glm_ar1,expanding,112,24,11
DMA,2021-07-01,5,2021-12-01,584,121,805,13,1932,glm_ar1,expanding,112,24,9
DMA,2021-07-01,6,2022-01-01,837,173,1155,19,2771,glm_ar1,expanding,112,24,1
DOM,2021-07-01,1,2021-08-01,330,68,456,7,1093,glm_ar1,expanding,137,0,446
DOM,2021-07-01,2,2021-09-01,550,114,759,12,1821,glm_ar1,expanding,137,0,561
DOM,2021-07-01,3,2021-10-01,801,166,1105,18,2652,glm_ar1,expanding,137,0,790
DOM,2021-07-01,4,2021-11-01,1057,219,1458,24,3499,glm_ar1,expanding,137,0,684
DOM,2021-07-01,5,2021-12-01,1297,268,1790,29,4294,glm_ar1,expanding,137,0,402
DOM,2021-07-01,6,2022-01-01,1509,312,2082,34,4994,glm_ar1,expanding,137,0,379
ECU,2021-07-01,1,2021-08-01,1823,377,2515,41,6034,glm_ar1,expanding,129,0,1238
ECU,2021-07-01,2,2021-09-01,1940,401,2676,44,6420,glm_ar1,expanding,129,0,741
ECU,2021-07-01,3,2021-10-01,2031,420,2801,46,6721,glm_ar1,expanding,129,0,765
ECU,2021-07-01,4,2021-11-01,2101,435,2898,48,6953,glm_ar1,expanding,129,0,774
ECU,2021-07-01,5,2021-12-01,2154,446,2971,49,7129,glm_ar1,expanding,129,0,1136
ECU,2021-07-01,6,2022-01-01,2194,454,3027,50,7262,glm_ar1,expanding,129,0,1401
ERI,2021-07-01,1,2021-08-01,NA,NA,NA,NA,NA,glm_ar1,expanding,60,73,NA
ERI,2021-07-01,2,2021-09-01,NA,NA,NA,NA,NA,glm_ar1,expanding,60,73,NA
ERI,2021-07-01,3,2021-10-01,NA,NA,NA,NA,NA,glm_ar1,expanding,60,73,NA
ERI,2021-07-01,4,2021-11-01,NA,NA,NA,NA,NA,glm_ar1,expanding,60,73,NA
ERI,2021-07-01,5,2021-12-01,NA,NA,NA,NA,NA,glm_ar1,expanding,60,73,NA
ERI,2021-07-01,6,2022-01-01,NA,NA,NA,NA,NA,glm_ar1,expanding,60,73,NA
ETH,2021-07-01,1,2021-08-01,NA,NA,NA,NA,NA,glm_ar1,expanding,12,87,NA
ETH,2021-07-01,2,2021-09-01,NA,NA,NA,NA,NA,glm_ar1,expanding,12,87,NA
ETH,2021-07-01,3,2021-10-01,NA,NA,NA,NA,NA,glm_ar1,expanding,12,87,NA
ETH,2021-07-01,4,2021-11-01,NA,NA,NA,NA,NA,glm_ar1,expanding,12,87,NA
ETH,2021-07-01,5,2021-12-01,NA,NA,NA,NA,NA,glm_ar1,expanding,12,87,NA
ETH,2021-07-01,6,2022-01-01,NA,NA,NA,NA,NA,glm_ar1,expanding,12,87,NA
FJI,2021-07-01,1,2021-08-01,1086,225,1498,24,3595,glm_ar1,expanding,129,0,487
FJI,2021-07-01,2,2021-09-01,1324,274,1826,30,4381,glm_ar1,expanding,129,0,362
FJI,2021-07-01,3,2021-10-01,1531,317,2113,35,5069,glm_ar1,expanding,129,0,266
FJI,2021-07-01,4,2021-11-01,1706,353,2353,39,5645,glm_ar1,expanding,129,0,297
FJI,2021-07-01,5,2021-12-01,1847,382,2548,42,6112,glm_ar1,expanding,129,0,320
FJI,2021-07-01,6,2022-01-01,1958,405,2702,44,6482,glm_ar1,expanding,129,0,457
FSM,2021-07-01,1,2021-08-01,32,6,44,0,106,glm_ar1,expanding,52,12,9
FSM,2021-07-01,2,2021-09-01,100,20,138,2,331,glm_ar1,expanding,52,12,11
FSM,2021-07-01,3,2021-10-01,228,47,315,5,756,glm_ar1,expanding,52,12,7
FSM,2021-07-01,4,2021-11-01,419,87,578,9,1388,glm_ar1,expanding,52,12,11
FSM,2021-07-01,5,2021-12-01,656,136,905,15,2171,glm_ar1,expanding,52,12,6
FSM,2021-07-01,6,2022-01-01,912,189,1258,20,3019,glm_ar1,expanding,52,12,6
GLP,2021-07-01,1,2021-08-01,8,1,11,0,26,glm_ar1,expanding,136,0,0
GLP,2021-07-01,2,2021-09-01,37,7,51,0,123,glm_ar1,expanding,136,0,0
GLP,2021-07-01,3,2021-10-01,111,23,153,2,368,glm_ar1,expanding,136,0,0
GLP,2021-07-01,4,2021-11-01,247,51,341,5,818,glm_ar1,expanding,136,0,0
GLP,2021-07-01,5,2021-12-01,444,92,612,10,1470,glm_ar1,expanding,136,0,0
GLP,2021-07-01,6,2022-01-01,684,141,944,15,2264,glm_ar1,expanding,136,0,39
GRD,2021-07-01,1,2021-08-01,84,17,116,2,279,glm_ar1,expanding,125,12,30
GRD,2021-07-01,2,2021-09-01,201,41,278,4,667,glm_ar1,expanding,125,12,37
GRD,2021-07-01,3,2021-10-01,382,79,527,8,1265,glm_ar1,expanding,125,12,27
GRD,2021-07-01,4,2021-11-01,612,127,845,14,2027,glm_ar1,expanding,125,12,16
GRD,2021-07-01,5,2021-12-01,867,179,1196,19,2870,glm_ar1,expanding,125,12,17
GRD,2021-07-01,6,2022-01-01,1121,232,1546,25,3710,glm_ar1,expanding,125,12,26
GTM,2021-07-01,1,2021-08-01,526,109,726,12,1742,glm_ar1,expanding,138,0,425
GTM,2021-07-01,2,2021-09-01,775,160,1070,17,2567,glm_ar1,expanding,138,0,207
GTM,2021-07-01,3,2021-10-01,1032,213,1424,23,3416,glm_ar1,expanding,138,0,361
GTM,2021-07-01,4,2021-11-01,1275,264,1758,29,4219,glm_ar1,expanding,138,0,257
GTM,2021-07-01,5,2021-12-01,1489,308,2055,34,4930,glm_ar1,expanding,138,0,200
GTM,2021-07-01,6,2022-01-01,1671,346,2305,38,5530,glm_ar1,expanding,138,0,292
GUF,2021-07-01,1,2021-08-01,8,1,11,0,26,glm_ar1,expanding,130,0,0
GUF,2021-07-01,2,2021-09-01,37,7,51,0,123,glm_ar1,expanding,130,0,0
GUF,2021-07-01,3,2021-10-01,111,23,153,2,368,glm_ar1,expanding,130,0,NA
GUF,2021-07-01,4,2021-11-01,247,51,341,5,818,glm_ar1,expanding,130,0,NA
GUF,2021-07-01,5,2021-12-01,444,92,612,10,1470,glm_ar1,expanding,130,0,NA
GUF,2021-07-01,6,2022-01-01,684,141,944,15,2264,glm_ar1,expanding,130,0,NA
GUY,2021-07-01,1,2021-08-01,733,152,1012,16,2428,glm_ar1,expanding,127,12,367
GUY,2021-07-01,2,2021-09-01,991,205,1367,22,3279,glm_ar1,expanding,127,12,392
GUY,2021-07-01,3,2021-10-01,1237,256,1706,28,4093,glm_ar1,expanding,127,12,392
GUY,2021-07-01,4,2021-11-01,1456,301,2009,33,4821,glm_ar1,expanding,127,12,374
GUY,2021-07-01,5,2021-12-01,1644,340,2267,37,5440,glm_ar1,expanding,127,12,312
GUY,2021-07-01,6,2022-01-01,1797,372,2479,41,5947,glm_ar1,expanding,127,12,1077
HND,2021-07-01,1,2021-08-01,1421,294,1960,32,4703,glm_ar1,expanding,138,0,1848
HND,2021-07-01,2,2021-09-01,1614,334,2226,37,5342,glm_ar1,expanding,138,0,1928
HND,2021-07-01,3,2021-10-01,1773,367,2446,40,5868,glm_ar1,expanding,138,0,3902
HND,2021-07-01,4,2021-11-01,1900,393,2621,43,6290,glm_ar1,expanding,138,0,3194
HND,2021-07-01,5,2021-12-01,2000,414,2759,45,6620,glm_ar1,expanding,138,0,2972
HND,2021-07-01,6,2022-01-01,2077,430,2866,47,6875,glm_ar1,expanding,138,0,2003
HTI,2021-07-01,1,2021-08-01,402,83,555,9,1333,glm_ar1,expanding,39,0,279
HTI,2021-07-01,2,2021-09-01,636,131,878,14,2107,glm_ar1,expanding,39,0,341
HTI,2021-07-01,3,2021-10-01,892,184,1231,20,2953,glm_ar1,expanding,39,0,294
HTI,2021-07-01,4,2021-11-01,1144,237,1579,26,3788,glm_ar1,expanding,39,0,269
HTI,2021-07-01,5,2021-12-01,1376,285,1898,31,4553,glm_ar1,expanding,39,0,812
HTI,2021-07-01,6,2022-01-01,1576,326,2174,36,5215,glm_ar1,expanding,39,0,746
IDN,2021-07-01,1,2021-08-01,3088,639,4260,70,10221,glm_ar1,expanding,130,0,3414
IDN,2021-07-01,2,2021-09-01,2863,593,3949,65,9475,glm_ar1,expanding,130,0,4057
IDN,2021-07-01,3,2021-10-01,2707,560,3735,61,8960,glm_ar1,expanding,130,0,6092
IDN,2021-07-01,4,2021-11-01,2598,538,3583,59,8597,glm_ar1,expanding,130,0,9899
IDN,2021-07-01,5,2021-12-01,2520,522,3476,57,8339,glm_ar1,expanding,130,0,13551
IDN,2021-07-01,6,2022-01-01,2463,510,3398,56,8153,glm_ar1,expanding,130,0,20486
IND,2021-07-01,1,2021-08-01,8982,1860,12390,205,29724,glm_ar1,expanding,136,0,21949
IND,2021-07-01,2,2021-09-01,6299,1304,8689,144,20847,glm_ar1,expanding,136,0,29747
IND,2021-07-01,3,2021-10-01,4847,1004,6686,110,16041,glm_ar1,expanding,136,0,37787
IND,2021-07-01,4,2021-11-01,3994,827,5509,91,13218,glm_ar1,expanding,136,0,27969
IND,2021-07-01,5,2021-12-01,3462,717,4775,79,11457,glm_ar1,expanding,136,0,15552
IND,2021-07-01,6,2022-01-01,3115,645,4297,71,10309,glm_ar1,expanding,136,0,14780
JAM,2021-07-01,1,2021-08-01,59,12,81,1,195,glm_ar1,expanding,135,0,0
JAM,2021-07-01,2,2021-09-01,155,32,214,3,514,glm_ar1,expanding,135,0,16
JAM,2021-07-01,3,2021-10-01,315,65,435,7,1044,glm_ar1,expanding,135,0,4
JAM,2021-07-01,4,2021-11-01,532,110,733,12,1760,glm_ar1,expanding,135,0,3
JAM,2021-07-01,5,2021-12-01,781,162,1078,17,2586,glm_ar1,expanding,135,0,36
JAM,2021-07-01,6,2022-01-01,1038,215,1432,23,3435,glm_ar1,expanding,135,0,0
KEN,2021-07-01,1,2021-08-01,232,48,320,5,769,glm_ar1,expanding,53,48,137
KEN,2021-07-01,2,2021-09-01,424,88,585,9,1405,glm_ar1,expanding,53,48,90
KEN,2021-07-01,3,2021-10-01,662,137,913,15,2190,glm_ar1,expanding,53,48,65
KEN,2021-07-01,4,2021-11-01,918,190,1266,21,3039,glm_ar1,expanding,53,48,79
KEN,2021-07-01,5,2021-12-01,1169,242,1613,26,3869,glm_ar1,expanding,53,48,50
KEN,2021-07-01,6,2022-01-01,1397,289,1928,32,4625,glm_ar1,expanding,53,48,145
KHM,2021-07-01,1,2021-08-01,234,48,323,5,774,glm_ar1,expanding,138,0,189
KHM,2021-07-01,2,2021-09-01,426,88,588,9,1412,glm_ar1,expanding,138,0,166
KHM,2021-07-01,3,2021-10-01,664,137,916,15,2199,glm_ar1,expanding,138,0,225
KHM,2021-07-01,4,2021-11-01,921,190,1270,21,3047,glm_ar1,expanding,138,0,219
KHM,2021-07-01,5,2021-12-01,1171,242,1616,26,3877,glm_ar1,expanding,138,0,159
KHM,2021-07-01,6,2022-01-01,1399,290,1931,32,4632,glm_ar1,expanding,138,0,219
KIR,2021-07-01,1,2021-08-01,NA,NA,NA,NA,NA,glm_ar1,expanding,72,52,NA
KIR,2021-07-01,2,2021-09-01,NA,NA,NA,NA,NA,glm_ar1,expanding,72,52,NA
KIR,2021-07-01,3,2021-10-01,NA,NA,NA,NA,NA,glm_ar1,expanding,72,52,NA
KIR,2021-07-01,4,2021-11-01,NA,NA,NA,NA,NA,glm_ar1,expanding,72,52,NA
KIR,2021-07-01,5,2021-12-01,NA,NA,NA,NA,NA,glm_ar1,expanding,72,52,NA
KIR,2021-07-01,6,2022-01-01,NA,NA,NA,NA,NA,glm_ar1,expanding,72,52,NA
KNA,2021-07-01,1,2021-08-01,NA,NA,NA,NA,NA,glm_ar1,expanding,48,52,NA
KNA,2021-07-01,2,2021-09-01,NA,NA,NA,NA,NA,glm_ar1,expanding,48,52,NA
KNA,2021-07-01,3,2021-10-01,NA,NA,NA,NA,NA,glm_ar1,expanding,48,52,NA
KNA,2021-07-01,4,2021-11-01,NA,NA,NA,NA,NA,glm_ar1,expanding,48,52,NA
KNA,2021-07-01,5,2021-12-01,NA,NA,NA,NA,NA,glm_ar1,expanding,48,52,NA
KNA,2021-07-01,6,2022-01-01,NA,NA,NA,NA,NA,glm_ar1,expanding,48,52,NA
LAO,2021-07-01,1,2021-08-01,377,78,521,8,1250,glm_ar1,expanding,138,0,256
LAO,2021-07-01,2,2021-09-01,607,125,837,14,2010,glm_ar1,expanding,138,0,174
LAO,2021-07-01,3,2021-10-01,862,178,1189,19,2852,glm_ar1,expanding,138,0,142
LAO,2021-07-01,4,2021-11-01,1116,231,1539,25,3692,glm_ar1,expanding,138,0,66
LAO,2021-07-01,5,2021-12-01,1350,279,1862,30,4468,glm_ar1,expanding,138,0,33
LAO,2021-07-01,6,2022-01-01,1554,322,2143,35,5143,glm_ar1,expanding,138,0,5
LCA,2021-07-01,1,2021-08-01,NA,NA,NA,NA,NA,glm_ar1,expanding,108,29,NA
LCA,2021-07-01,2,2021-09-01,NA,NA,NA,NA,NA,glm_ar1,expanding,108,29,NA
LCA,2021-07-01,3,2021-10-01,NA,NA,NA,NA,NA,glm_ar1,expanding,108,29,NA
LCA,2021-07-01,4,2021-11-01,NA,NA,NA,NA,NA,glm_ar1,expanding,108,29,NA
LCA,2021-07-01,5,2021-12-01,NA,NA,NA,NA,NA,glm_ar1,expanding,108,29,NA
LCA,2021-07-01,6,2022-01-01,NA,NA,NA,NA,NA,glm_ar1,expanding,108,29,NA
LKA,2021-07-01,1,2021-08-01,3310,685,4566,75,10955,glm_ar1,expanding,138,0,1136
LKA,2021-07-01,2,2021-09-01,3014,624,4157,68,9973,glm_ar1,expanding,138,0,1623
LKA,2021-07-01,3,2021-10-01,2812,582,3879,64,9305,glm_ar1,expanding,138,0,2794
LKA,2021-07-01,4,2021-11-01,2671,553,3685,61,8841,glm_ar1,expanding,138,0,4058
LKA,2021-07-01,5,2021-12-01,2572,532,3548,58,8513,glm_ar1,expanding,138,0,9894
LKA,2021-07-01,6,2022-01-01,2501,518,3450,57,8278,glm_ar1,expanding,138,0,7702
MAF,2021-07-01,1,2021-08-01,NA,NA,NA,NA,NA,glm_ar1,expanding,132,2,NA
MAF,2021-07-01,2,2021-09-01,NA,NA,NA,NA,NA,glm_ar1,expanding,132,2,NA
MAF,2021-07-01,3,2021-10-01,NA,NA,NA,NA,NA,glm_ar1,expanding,132,2,NA
MAF,2021-07-01,4,2021-11-01,NA,NA,NA,NA,NA,glm_ar1,expanding,132,2,NA
MAF,2021-07-01,5,2021-12-01,NA,NA,NA,NA,NA,glm_ar1,expanding,132,2,NA
MAF,2021-07-01,6,2022-01-01,NA,NA,NA,NA,NA,glm_ar1,expanding,132,2,NA
MDV,2021-07-01,1,2021-08-01,644,133,888,14,2132,glm_ar1,expanding,138,0,271
MDV,2021-07-01,2,2021-09-01,900,186,1241,20,2979,glm_ar1,expanding,138,0,228
MDV,2021-07-01,3,2021-10-01,1152,238,1589,26,3813,glm_ar1,expanding,138,0,229
MDV,2021-07-01,4,2021-11-01,1382,286,1907,31,4575,glm_ar1,expanding,138,0,184
MDV,2021-07-01,5,2021-12-01,1581,327,2181,36,5234,glm_ar1,expanding,138,0,183
MDV,2021-07-01,6,2022-01-01,1746,361,2409,40,5780,glm_ar1,expanding,138,0,21
MEX,2021-07-01,1,2021-08-01,3466,718,4781,79,11470,glm_ar1,expanding,138,0,4186
MEX,2021-07-01,2,2021-09-01,3118,645,4300,71,10317,glm_ar1,expanding,138,0,3556
MEX,2021-07-01,3,2021-10-01,2883,597,3977,66,9541,glm_ar1,expanding,138,0,7029
MEX,2021-07-01,4,2021-11-01,2721,563,3754,62,9006,glm_ar1,expanding,138,0,4431
MEX,2021-07-01,5,2021-12-01,2608,540,3597,59,8630,glm_ar1,expanding,138,0,2252
MEX,2021-07-01,6,2022-01-01,2527,523,3485,57,8362,glm_ar1,expanding,138,0,1275
MHL,2021-07-01,1,2021-08-01,NA,NA,NA,NA,NA,glm_ar1,expanding,48,74,NA
MHL,2021-07-01,2,2021-09-01,NA,NA,NA,NA,NA,glm_ar1,expanding,48,74,NA
MHL,2021-07-01,3,2021-10-01,NA,NA,NA,NA,NA,glm_ar1,expanding,48,74,NA
MHL,2021-07-01,4,2021-11-01,NA,NA,NA,NA,NA,glm_ar1,expanding,48,74,NA
MHL,2021-07-01,5,2021-12-01,NA,NA,NA,NA,NA,glm_ar1,expanding,48,74,NA
MHL,2021-07-01,6,2022-01-01,NA,NA,NA,NA,NA,glm_ar1,expanding,48,74,NA
MMR,2021-07-01,1,2021-08-01,1504,311,2075,34,4979,glm_ar1,expanding,138,0,1081
MMR,2021-07-01,2,2021-09-01,1683,348,2322,38,5571,glm_ar1,expanding,138,0,763
MMR,2021-07-01,3,2021-10-01,1829,379,2523,41,6053,glm_ar1,expanding,138,0,379
MMR,2021-07-01,4,2021-11-01,1944,402,2682,44,6436,glm_ar1,expanding,138,0,241
MMR,2021-07-01,5,2021-12-01,2034,421,2806,46,6733,glm_ar1,expanding,138,0,28
MMR,2021-07-01,6,2022-01-01,2104,435,2902,48,6962,glm_ar1,expanding,138,0,12
MRT,2021-07-01,1,2021-08-01,NA,NA,NA,NA,NA,glm_ar1,expanding,12,39,NA
MRT,2021-07-01,2,2021-09-01,NA,NA,NA,NA,NA,glm_ar1,expanding,12,39,NA
MRT,2021-07-01,3,2021-10-01,NA,NA,NA,NA,NA,glm_ar1,expanding,12,39,NA
MRT,2021-07-01,4,2021-11-01,NA,NA,NA,NA,NA,glm_ar1,expanding,12,39,NA
MRT,2021-07-01,5,2021-12-01,NA,NA,NA,NA,NA,glm_ar1,expanding,12,39,NA
MRT,2021-07-01,6,2022-01-01,NA,NA,NA,NA,NA,glm_ar1,expanding,12,39,NA
MTQ,2021-07-01,1,2021-08-01,8,1,11,0,26,glm_ar1,expanding,135,0,0
MTQ,2021-07-01,2,2021-09-01,37,7,51,0,123,glm_ar1,expanding,135,0,0
MTQ,2021-07-01,3,2021-10-01,111,23,153,2,368,glm_ar1,expanding,135,0,0
MTQ,2021-07-01,4,2021-11-01,247,51,341,5,818,glm_ar1,expanding,135,0,0
MTQ,2021-07-01,5,2021-12-01,444,92,612,10,1470,glm_ar1,expanding,135,0,0
MTQ,2021-07-01,6,2022-01-01,684,141,944,15,2264,glm_ar1,expanding,135,0,49
MYS,2021-07-01,1,2021-08-01,2200,455,3035,50,7282,glm_ar1,expanding,138,0,2085
MYS,2021-07-01,2,2021-09-01,2229,461,3074,51,7376,glm_ar1,expanding,138,0,1706
MYS,2021-07-01,3,2021-10-01,2250,466,3104,51,7447,glm_ar1,expanding,138,0,2306
MYS,2021-07-01,4,2021-11-01,2266,469,3126,51,7500,glm_ar1,expanding,138,0,2010
MYS,2021-07-01,5,2021-12-01,2278,472,3142,52,7539,glm_ar1,expanding,138,0,2402
MYS,2021-07-01,6,2022-01-01,2287,473,3154,52,7568,glm_ar1,expanding,138,0,3609
NCL,2021-07-01,1,2021-08-01,17,3,24,0,57,glm_ar1,expanding,107,12,1
NCL,2021-07-01,2,2021-09-01,64,13,88,1,213,glm_ar1,expanding,107,12,2
NCL,2021-07-01,3,2021-10-01,165,34,228,3,548,glm_ar1,expanding,107,12,5
NCL,2021-07-01,4,2021-11-01,330,68,456,7,1094,glm_ar1,expanding,107,12,6
NCL,2021-07-01,5,2021-12-01,550,114,759,12,1822,glm_ar1,expanding,107,12,7
NCL,2021-07-01,6,2022-01-01,801,166,1106,18,2653,glm_ar1,expanding,107,12,2
NIC,2021-07-01,1,2021-08-01,2580,534,3559,59,8538,glm_ar1,expanding,137,0,3490
NIC,2021-07-01,2,2021-09-01,2507,519,3458,57,8296,glm_ar1,expanding,137,0,1882
NIC,2021-07-01,3,2021-10-01,2454,508,3385,56,8122,glm_ar1,expanding,137,0,2352
NIC,2021-07-01,4,2021-11-01,2416,500,3333,55,7996,glm_ar1,expanding,137,0,2433
NIC,2021-07-01,5,2021-12-01,2388,494,3295,54,7904,glm_ar1,expanding,137,0,1778
NIC,2021-07-01,6,2022-01-01,2368,490,3266,54,7837,glm_ar1,expanding,137,0,4300
NPL,2021-07-01,1,2021-08-01,169,35,233,3,560,glm_ar1,expanding,137,0,55
NPL,2021-07-01,2,2021-09-01,336,69,463,7,1112,glm_ar1,expanding,137,0,127
NPL,2021-07-01,3,2021-10-01,557,115,768,12,1844,glm_ar1,expanding,137,0,104
NPL,2021-07-01,4,2021-11-01,809,167,1115,18,2677,glm_ar1,expanding,137,0,89
NPL,2021-07-01,5,2021-12-01,1064,220,1468,24,3523,glm_ar1,expanding,137,0,31
NPL,2021-07-01,6,2022-01-01,1304,270,1799,29,4316,glm_ar1,expanding,137,0,11
OMN,2021-07-01,1,2021-08-01,8,1,11,0,26,glm_ar1,expanding,40,0,0
OMN,2021-07-01,2,2021-09-01,37,7,51,0,123,glm_ar1,expanding,40,0,2
OMN,2021-07-01,3,2021-10-01,111,23,153,2,368,glm_ar1,expanding,40,0,6
OMN,2021-07-01,4,2021-11-01,247,51,341,5,818,glm_ar1,expanding,40,0,6
OMN,2021-07-01,5,2021-12-01,444,92,612,10,1470,glm_ar1,expanding,40,0,8
OMN,2021-07-01,6,2022-01-01,684,141,944,15,2264,glm_ar1,expanding,40,0,9
PAK,2021-07-01,1,2021-08-01,7970,1651,10994,182,26377,glm_ar1,expanding,137,0,27915
PAK,2021-07-01,2,2021-09-01,5767,1194,7955,131,19086,glm_ar1,expanding,137,0,86881
PAK,2021-07-01,3,2021-10-01,4541,940,6264,103,15029,glm_ar1,expanding,137,0,64386
PAK,2021-07-01,4,2021-11-01,3806,788,5250,87,12597,glm_ar1,expanding,137,0,30008
PAK,2021-07-01,5,2021-12-01,3341,692,4609,76,11057,glm_ar1,expanding,137,0,9319
PAK,2021-07-01,6,2022-01-01,3034,628,4185,69,10042,glm_ar1,expanding,137,0,1261
PAN,2021-07-01,1,2021-08-01,485,100,669,11,1604,glm_ar1,expanding,136,0,536
PAN,2021-07-01,2,2021-09-01,730,151,1007,16,2415,glm_ar1,expanding,136,0,560
PAN,2021-07-01,3,2021-10-01,987,204,1361,22,3266,glm_ar1,expanding,136,0,724
PAN,2021-07-01,4,2021-11-01,1233,255,1701,28,4081,glm_ar1,expanding,136,0,542
PAN,2021-07-01,5,2021-12-01,1453,301,2005,33,4810,glm_ar1,expanding,136,0,413
PAN,2021-07-01,6,2022-01-01,1641,340,2264,37,5431,glm_ar1,expanding,136,0,206
PER,2021-07-01,1,2021-08-01,2190,453,3020,50,7247,glm_ar1,expanding,131,0,2493
PER,2021-07-01,2,2021-09-01,2221,460,3064,50,7350,glm_ar1,expanding,131,0,2294
PER,2021-07-01,3,2021-10-01,2244,465,3096,51,7428,glm_ar1,expanding,131,0,4092
PER,2021-07-01,4,2021-11-01,2262,468,3120,51,7485,glm_ar1,expanding,131,0,5228
PER,2021-07-01,5,2021-12-01,2275,471,3138,52,7528,glm_ar1,expanding,131,0,5390
PER,2021-07-01,6,2022-01-01,2284,473,3151,52,7560,glm_ar1,expanding,131,0,5333
PHL,2021-07-01,1,2021-08-01,7038,1457,9708,160,23292,glm_ar1,expanding,136,0,12627
PHL,2021-07-01,2,2021-09-01,5261,1089,7257,120,17410,glm_ar1,expanding,136,0,11778
PHL,2021-07-01,3,2021-10-01,4243,879,5853,97,14042,glm_ar1,expanding,136,0,8207
PHL,2021-07-01,4,2021-11-01,3620,750,4994,82,11981,glm_ar1,expanding,136,0,7203
PHL,2021-07-01,5,2021-12-01,3220,667,4441,73,10655,glm_ar1,expanding,136,0,5459
PHL,2021-07-01,6,2022-01-01,2952,611,4073,67,9771,glm_ar1,expanding,136,0,6467
PLW,2021-07-01,1,2021-08-01,28,6,39,0,95,glm_ar1,expanding,64,72,4
PLW,2021-07-01,2,2021-09-01,92,19,127,2,305,glm_ar1,expanding,64,72,3
PLW,2021-07-01,3,2021-10-01,215,44,297,5,713,glm_ar1,expanding,64,72,4
PLW,2021-07-01,4,2021-11-01,401,83,553,9,1328,glm_ar1,expanding,64,72,0
PLW,2021-07-01,5,2021-12-01,635,131,876,14,2102,glm_ar1,expanding,64,72,1
PLW,2021-07-01,6,2022-01-01,890,184,1228,20,2948,glm_ar1,expanding,64,72,2
PRI,2021-07-01,1,2021-08-01,144,30,199,3,477,glm_ar1,expanding,100,36,49
PRI,2021-07-01,2,2021-09-01,299,62,412,6,990,glm_ar1,expanding,100,36,39
PRI,2021-07-01,3,2021-10-01,511,106,705,11,1692,glm_ar1,expanding,100,36,58
PRI,2021-07-01,4,2021-11-01,759,157,1047,17,2512,glm_ar1,expanding,100,36,35
PRI,2021-07-01,5,2021-12-01,1016,210,1401,23,3362,glm_ar1,expanding,100,36,36
PRI,2021-07-01,6,2022-01-01,1260,261,1738,28,4169,glm_ar1,expanding,100,36,41
PRY,2021-07-01,1,2021-08-01,674,139,930,15,2231,glm_ar1,expanding,133,0,500
PRY,2021-07-01,2,2021-09-01,931,192,1284,21,3080,glm_ar1,expanding,133,0,654
PRY,2021-07-01,3,2021-10-01,1181,244,1629,27,3908,glm_ar1,expanding,133,0,1213
PRY,2021-07-01,4,2021-11-01,1408,291,1942,32,4659,glm_ar1,expanding,133,0,1403
PRY,2021-07-01,5,2021-12-01,1603,332,2211,36,5305,glm_ar1,expanding,133,0,1235
PRY,2021-07-01,6,2022-01-01,1764,365,2433,40,5838,glm_ar1,expanding,133,0,96
PYF,2021-07-01,1,2021-08-01,NA,NA,NA,NA,NA,glm_ar1,expanding,96,39,NA
PYF,2021-07-01,2,2021-09-01,NA,NA,NA,NA,NA,glm_ar1,expanding,96,39,NA
PYF,2021-07-01,3,2021-10-01,NA,NA,NA,NA,NA,glm_ar1,expanding,96,39,NA
PYF,2021-07-01,4,2021-11-01,NA,NA,NA,NA,NA,glm_ar1,expanding,96,39,NA
PYF,2021-07-01,5,2021-12-01,NA,NA,NA,NA,NA,glm_ar1,expanding,96,39,NA
PYF,2021-07-01,6,2022-01-01,NA,NA,NA,NA,NA,glm_ar1,expanding,96,39,NA
REU,2021-07-01,1,2021-08-01,1083,224,1494,24,3586,glm_ar1,expanding,93,36,361
REU,2021-07-01,2,2021-09-01,1321,273,1822,30,4372,glm_ar1,expanding,93,36,200
REU,2021-07-01,3,2021-10-01,1529,316,2110,35,5061,glm_ar1,expanding,93,36,114
REU,2021-07-01,4,2021-11-01,1704,353,2350,39,5639,glm_ar1,expanding,93,36,125
REU,2021-07-01,5,2021-12-01,1845,382,2546,42,6107,glm_ar1,expanding,93,36,113
REU,2021-07-01,6,2022-01-01,1957,405,2700,44,6478,glm_ar1,expanding,93,36,69
SAU,2021-07-01,1,2021-08-01,376,78,519,8,1245,glm_ar1,expanding,130,0,82
SAU,2021-07-01,2,2021-09-01,605,125,835,13,2004,glm_ar1,expanding,130,0,38
SAU,2021-07-01,3,2021-10-01,860,178,1186,19,2846,glm_ar1,expanding,130,0,52
SAU,2021-07-01,4,2021-11-01,1114,230,1537,25,3687,glm_ar1,expanding,130,0,89
SAU,2021-07-01,5,2021-12-01,1348,279,1860,30,4463,glm_ar1,expanding,130,0,210
SAU,2021-07-01,6,2022-01-01,1553,321,2142,35,5139,glm_ar1,expanding,130,0,0
SDN,2021-07-01,1,2021-08-01,41,8,57,1,138,glm_ar1,expanding,51,84,49
SDN,2021-07-01,2,2021-09-01,121,25,166,2,400,glm_ar1,expanding,51,84,106
SDN,2021-07-01,3,2021-10-01,262,54,362,6,869,glm_ar1,expanding,51,84,229
SDN,2021-07-01,4,2021-11-01,464,96,640,10,1537,glm_ar1,expanding,51,84,167
SDN,2021-07-01,5,2021-12-01,707,146,975,16,2340,glm_ar1,expanding,51,84,69
SDN,2021-07-01,6,2022-01-01,964,199,1330,22,3191,glm_ar1,expanding,51,84,0
SEN,2021-07-01,1,2021-08-01,25,5,34,0,83,glm_ar1,expanding,27,24,6
SEN,2021-07-01,2,2021-09-01,84,17,115,2,277,glm_ar1,expanding,27,24,6
SEN,2021-07-01,3,2021-10-01,201,41,277,4,664,glm_ar1,expanding,27,24,14
SEN,2021-07-01,4,2021-11-01,381,79,526,8,1262,glm_ar1,expanding,27,24,18
SEN,2021-07-01,5,2021-12-01,611,126,843,14,2023,glm_ar1,expanding,27,24,10
SEN,2021-07-01,6,2022-01-01,866,179,1195,19,2866,glm_ar1,expanding,27,24,21
SGP,2021-07-01,1,2021-08-01,563,116,777,12,1865,glm_ar1,expanding,138,0,304
SGP,2021-07-01,2,2021-09-01,815,169,1125,18,2699,glm_ar1,expanding,138,0,348
SGP,2021-07-01,3,2021-10-01,1071,222,1477,24,3545,glm_ar1,expanding,138,0,399
SGP,2021-07-01,4,2021-11-01,1310,271,1807,30,4335,glm_ar1,expanding,138,0,209
SGP,2021-07-01,5,2021-12-01,1520,314,2096,34,5030,glm_ar1,expanding,138,0,269
SGP,2021-07-01,6,2022-01-01,1696,351,2339,38,5613,glm_ar1,expanding,138,0,752
SLB,2021-07-01,1,2021-08-01,105,21,144,2,347,glm_ar1,expanding,76,24,90
SLB,2021-07-01,2,2021-09-01,236,49,326,5,783,glm_ar1,expanding,76,24,73
SLB,2021-07-01,3,2021-10-01,430,89,593,9,1423,glm_ar1,expanding,76,24,74
SLB,2021-07-01,4,2021-11-01,668,138,922,15,2212,glm_ar1,expanding,76,24,37
SLB,2021-07-01,5,2021-12-01,925,191,1276,21,3061,glm_ar1,expanding,76,24,28
SLB,2021-07-01,6,2022-01-01,1175,243,1621,26,3890,glm_ar1,expanding,76,24,16
SLV,2021-07-01,1,2021-08-01,787,163,1086,18,2605,glm_ar1,expanding,138,0,659
SLV,2021-07-01,2,2021-09-01,1044,216,1440,23,3454,glm_ar1,expanding,138,0,553
SLV,2021-07-01,3,2021-10-01,1285,266,1773,29,4253,glm_ar1,expanding,138,0,588
SLV,2021-07-01,4,2021-11-01,1498,310,2067,34,4959,glm_ar1,expanding,138,0,518
SLV,2021-07-01,5,2021-12-01,1678,347,2315,38,5555,glm_ar1,expanding,138,0,586
SLV,2021-07-01,6,2022-01-01,1825,378,2517,41,6040,glm_ar1,expanding,138,0,781
SUR,2021-07-01,1,2021-08-01,NA,NA,NA,NA,NA,glm_ar1,expanding,84,52,NA
SUR,2021-07-01,2,2021-09-01,NA,NA,NA,NA,NA,glm_ar1,expanding,84,52,NA
SUR,2021-07-01,3,2021-10-01,NA,NA,NA,NA,NA,glm_ar1,expanding,84,52,NA
SUR,2021-07-01,4,2021-11-01,NA,NA,NA,NA,NA,glm_ar1,expanding,84,52,NA
SUR,2021-07-01,5,2021-12-01,NA,NA,NA,NA,NA,glm_ar1,expanding,84,52,NA
SUR,2021-07-01,6,2022-01-01,NA,NA,NA,NA,NA,glm_ar1,expanding,84,52,NA
SXM,2021-07-01,1,2021-08-01,NA,NA,NA,NA,NA,glm_ar1,expanding,36,100,NA
SXM,2021-07-01,2,2021-09-01,NA,NA,NA,NA,NA,glm_ar1,expanding,36,100,NA
SXM,2021-07-01,3,2021-10-01,NA,NA,NA,NA,NA,glm_ar1,expanding,36,100,NA
SXM,2021-07-01,4,2021-11-01,NA,NA,NA,NA,NA,glm_ar1,expanding,36,100,NA
SXM,2021-07-01,5,2021-12-01,NA,NA,NA,NA,NA,glm_ar1,expanding,36,100,NA
SXM,2021-07-01,6,2022-01-01,NA,NA,NA,NA,NA,glm_ar1,expanding,36,100,NA
SYC,2021-07-01,1,2021-08-01,NA,NA,NA,NA,NA,glm_ar1,expanding,24,37,NA
SYC,2021-07-01,2,2021-09-01,NA,NA,NA,NA,NA,glm_ar1,expanding,24,37,NA
SYC,2021-07-01,3,2021-10-01,NA,NA,NA,NA,NA,glm_ar1,expanding,24,37,NA
SYC,2021-07-01,4,2021-11-01,NA,NA,NA,NA,NA,glm_ar1,expanding,24,37,NA
SYC,2021-07-01,5,2021-12-01,NA,NA,NA,NA,NA,glm_ar1,expanding,24,37,NA
SYC,2021-07-01,6,2022-01-01,NA,NA,NA,NA,NA,glm_ar1,expanding,24,37,NA
TCA,2021-07-01,1,2021-08-01,NA,NA,NA,NA,NA,glm_ar1,expanding,72,27,NA
TCA,2021-07-01,2,2021-09-01,NA,NA,NA,NA,NA,glm_ar1,expanding,72,27,NA
TCA,2021-07-01,3,2021-10-01,NA,NA,NA,NA,NA,glm_ar1,expanding,72,27,NA
TCA,2021-07-01,4,2021-11-01,NA,NA,NA,NA,NA,glm_ar1,expanding,72,27,NA
TCA,2021-07-01,5,2021-12-01,NA,NA,NA,NA,NA,glm_ar1,expanding,72,27,NA
TCA,2021-07-01,6,2022-01-01,NA,NA,NA,NA,NA,glm_ar1,expanding,72,27,NA
THA,2021-07-01,1,2021-08-01,1267,262,1748,29,4194,glm_ar1,expanding,138,0,939
THA,2021-07-01,2,2021-09-01,1483,307,2046,34,4908,glm_ar1,expanding,138,0,847
THA,2021-07-01,3,2021-10-01,1666,345,2298,38,5513,glm_ar1,expanding,138,0,754
THA,2021-07-01,4,2021-11-01,1815,376,2503,41,6006,glm_ar1,expanding,138,0,732
THA,2021-07-01,5,2021-12-01,1933,400,2667,44,6399,glm_ar1,expanding,138,0,480
THA,2021-07-01,6,2022-01-01,2026,419,2795,46,6705,glm_ar1,expanding,138,0,561
TLS,2021-07-01,1,2021-08-01,91,19,126,2,302,glm_ar1,expanding,131,0,8
TLS,2021-07-01,2,2021-09-01,213,44,295,5,707,glm_ar1,expanding,131,0,7
TLS,2021-07-01,3,2021-10-01,399,82,550,9,1321,glm_ar1,expanding,131,0,12
TLS,2021-07-01,4,2021-11-01,632,131,872,14,2093,glm_ar1,expanding,131,0,39
TLS,2021-07-01,5,2021-12-01,888,184,1225,20,2939,glm_ar1,expanding,131,0,225
TLS,2021-07-01,6,2022-01-01,1141,236,1573,26,3775,glm_ar1,expanding,131,0,1371
TON,2021-07-01,1,2021-08-01,NA,NA,NA,NA,NA,glm_ar1,expanding,36,51,NA
TON,2021-07-01,2,2021-09-01,NA,NA,NA,NA,NA,glm_ar1,expanding,36,51,NA
TON,2021-07-01,3,2021-10-01,NA,NA,NA,NA,NA,glm_ar1,expanding,36,51,NA
TON,2021-07-01,4,2021-11-01,NA,NA,NA,NA,NA,glm_ar1,expanding,36,51,NA
TON,2021-07-01,5,2021-12-01,NA,NA,NA,NA,NA,glm_ar1,expanding,36,51,NA
TON,2021-07-01,6,2022-01-01,NA,NA,NA,NA,NA,glm_ar1,expanding,36,51,NA
TTO,2021-07-01,1,2021-08-01,NA,NA,NA,NA,NA,glm_ar1,expanding,96,40,NA
TTO,2021-07-01,2,2021-09-01,NA,NA,NA,NA,NA,glm_ar1,expanding,96,40,NA
TTO,2021-07-01,3,2021-10-01,NA,NA,NA,NA,NA,glm_ar1,expanding,96,40,NA
TTO,2021-07-01,4,2021-11-01,NA,NA,NA,NA,NA,glm_ar1,expanding,96,40,NA
TTO,2021-07-01,5,2021-12-01,NA,NA,NA,NA,NA,glm_ar1,expanding,96,40,NA
TTO,2021-07-01,6,2022-01-01,NA,NA,NA,NA,NA,glm_ar1,expanding,96,40,NA
TUV,2021-07-01,1,2021-08-01,NA,NA,NA,NA,NA,glm_ar1,expanding,36,4,NA
TUV,2021-07-01,2,2021-09-01,NA,NA,NA,NA,NA,glm_ar1,expanding,36,4,NA
TUV,2021-07-01,3,2021-10-01,NA,NA,NA,NA,NA,glm_ar1,expanding,36,4,NA
TUV,2021-07-01,4,2021-11-01,NA,NA,NA,NA,NA,glm_ar1,expanding,36,4,NA
TUV,2021-07-01,5,2021-12-01,NA,NA,NA,NA,NA,glm_ar1,expanding,36,4,NA
TUV,2021-07-01,6,2022-01-01,NA,NA,NA,NA,NA,glm_ar1,expanding,36,4,NA
TWN,2021-07-01,1,2021-08-01,NA,NA,NA,NA,NA,glm_ar1,expanding,96,41,NA
TWN,2021-07-01,2,2021-09-01,NA,NA,NA,NA,NA,glm_ar1,expanding,96,41,NA
TWN,2021-07-01,3,2021-10-01,NA,NA,NA,NA,NA,glm_ar1,expanding,96,41,NA
TWN,2021-07-01,4,2021-11-01,NA,NA,NA,NA,NA,glm_ar1,expanding,96,41,NA
TWN,2021-07-01,5,2021-12-01,NA,NA,NA,NA,NA,glm_ar1,expanding,96,41,NA
TWN,2021-07-01,6,2022-01-01,NA,NA,NA,NA,NA,glm_ar1,expanding,96,41,NA
URY,2021-07-01,1,2021-08-01,13,2,18,0,43,glm_ar1,expanding,16,60,1
URY,2021-07-01,2,2021-09-01,52,10,72,1,173,glm_ar1,expanding,16,60,1
URY,2021-07-01,3,2021-10-01,142,29,196,3,471,glm_ar1,expanding,16,60,1
URY,2021-07-01,4,2021-11-01,296,61,408,6,980,glm_ar1,expanding,16,60,3
URY,2021-07-01,5,2021-12-01,507,105,700,11,1680,glm_ar1,expanding,16,60,4
URY,2021-07-01,6,2022-01-01,755,156,1041,17,2499,glm_ar1,expanding,16,60,7
USA,2021-07-01,1,2021-08-01,47,10,66,1,158,glm_ar1,expanding,125,12,5
USA,2021-07-01,2,2021-09-01,133,27,183,3,440,glm_ar1,expanding,125,12,7
USA,2021-07-01,3,2021-10-01,282,58,389,6,933,glm_ar1,expanding,125,12,27
USA,2021-07-01,4,2021-11-01,489,101,675,11,1620,glm_ar1,expanding,125,12,17
USA,2021-07-01,5,2021-12-01,735,152,1014,16,2432,glm_ar1,expanding,125,12,31
USA,2021-07-01,6,2022-01-01,992,205,1368,22,3283,glm_ar1,expanding,125,12,11
VCT,2021-07-01,1,2021-08-01,32,6,44,0,106,glm_ar1,expanding,100,36,11
VCT,2021-07-01,2,2021-09-01,100,20,138,2,331,glm_ar1,expanding,100,36,11
VCT,2021-07-01,3,2021-10-01,228,47,315,5,756,glm_ar1,expanding,100,36,15
VCT,2021-07-01,4,2021-11-01,419,87,578,9,1388,glm_ar1,expanding,100,36,11
VCT,2021-07-01,5,2021-12-01,656,136,905,15,2171,glm_ar1,expanding,100,36,29
VCT,2021-07-01,6,2022-01-01,912,189,1258,20,3019,glm_ar1,expanding,100,36,11
VEN,2021-07-01,1,2021-08-01,635,131,876,14,2101,glm_ar1,expanding,136,0,450
VEN,2021-07-01,2,2021-09-01,890,184,1228,20,2947,glm_ar1,expanding,136,0,375
VEN,2021-07-01,3,2021-10-01,1143,236,1577,26,3783,glm_ar1,expanding,136,0,442
VEN,2021-07-01,4,2021-11-01,1374,284,1896,31,4548,glm_ar1,expanding,136,0,374
VEN,2021-07-01,5,2021-12-01,1574,326,2172,36,5211,glm_ar1,expanding,136,0,377
VEN,2021-07-01,6,2022-01-01,1741,360,2401,39,5762,glm_ar1,expanding,136,0,401
VGB,2021-07-01,1,2021-08-01,NA,NA,NA,NA,NA,glm_ar1,expanding,120,16,NA
VGB,2021-07-01,2,2021-09-01,NA,NA,NA,NA,NA,glm_ar1,expanding,120,16,NA
VGB,2021-07-01,3,2021-10-01,NA,NA,NA,NA,NA,glm_ar1,expanding,120,16,NA
VGB,2021-07-01,4,2021-11-01,NA,NA,NA,NA,NA,glm_ar1,expanding,120,16,NA
VGB,2021-07-01,5,2021-12-01,NA,NA,NA,NA,NA,glm_ar1,expanding,120,16,NA
VGB,2021-07-01,6,2022-01-01,NA,NA,NA,NA,NA,glm_ar1,expanding,120,16,NA
VNM,2021-07-01,1,2021-08-01,5468,1132,7543,125,18096,glm_ar1,expanding,137,0,7881
VNM,2021-07-01,2,2021-09-01,4366,904,6022,99,14449,glm_ar1,expanding,137,0,8781
VNM,2021-07-01,3,2021-10-01,3697,765,5100,84,12236,glm_ar1,expanding,137,0,9609
VNM,2021-07-01,4,2021-11-01,3270,677,4511,74,10822,glm_ar1,expanding,137,0,8572
VNM,2021-07-01,5,2021-12-01,2986,618,4120,68,9884,glm_ar1,expanding,137,0,6720
VNM,2021-07-01,6,2022-01-01,2793,578,3853,63,9243,glm_ar1,expanding,137,0,24399
VUT,2021-07-01,1,2021-08-01,35,7,49,0,117,glm_ar1,expanding,57,72,4
VUT,2021-07-01,2,2021-09-01,107,22,148,2,355,glm_ar1,expanding,57,72,2
VUT,2021-07-01,3,2021-10-01,240,49,332,5,796,glm_ar1,expanding,57,72,1
VUT,2021-07-01,4,2021-11-01,435,90,601,10,1442,glm_ar1,expanding,57,72,0
VUT,2021-07-01,5,2021-12-01,674,139,930,15,2232,glm_ar1,expanding,57,72,0
VUT,2021-07-01,6,2022-01-01,931,193,1284,21,3082,glm_ar1,expanding,57,72,1
WLF,2021-07-01,1,2021-08-01,25,5,34,0,83,glm_ar1,expanding,50,0,4
WLF,2021-07-01,2,2021-09-01,84,17,115,2,277,glm_ar1,expanding,50,0,7
WLF,2021-07-01,3,2021-10-01,201,41,277,4,664,glm_ar1,expanding,50,0,8
WLF,2021-07-01,4,2021-11-01,381,79,526,8,1262,glm_ar1,expanding,50,0,6
WLF,2021-07-01,5,2021-12-01,611,126,843,14,2023,glm_ar1,expanding,50,0,8
WLF,2021-07-01,6,2022-01-01,866,179,1195,19,2866,glm_ar1,expanding,50,0,8
WSM,2021-07-01,1,2021-08-01,50,10,70,1,167,glm_ar1,expanding,46,0,9
WSM,2021-07-01,2,2021-09-01,139,28,191,3,460,glm_ar1,expanding,46,0,15
WSM,2021-07-01,3,2021-10-01,291,60,401,6,962,glm_ar1,expanding,46,0,13
WSM,2021-07-01,4,2021-11-01,501,103,691,11,1657,glm_ar1,expanding,46,0,36
WSM,2021-07-01,5,2021-12-01,747,155,1031,17,2474,glm_ar1,expanding,46,0,60
WSM,2021-07-01,6,2022-01-01,1004,208,1386,23,3325,glm_ar1,expanding,46,0,1091
YEM,2021-07-01,1,2021-08-01,773,160,1066,17,2559,glm_ar1,expanding,52,24,721
YEM,2021-07-01,2,2021-09-01,1030,213,1421,23,3408,glm_ar1,expanding,52,24,604
YEM,2021-07-01,3,2021-10-01,1272,263,1755,29,4211,glm_ar1,expanding,52,24,1211
YEM,2021-07-01,4,2021-11-01,1488,308,2052,34,4923,glm_ar1,expanding,52,24,3458
YEM,2021-07-01,5,2021-12-01,1669,345,2303,38,5525,glm_ar1,expanding,52,24,5195
YEM,2021-07-01,6,2022-01-01,1818,376,2507,41,6016,glm_ar1,expanding,52,24,3237
ABW,2022-01-01,1,2022-02-01,NA,NA,NA,NA,NA,glm_ar1,expanding,84,55,NA
ABW,2022-01-01,2,2022-03-01,NA,NA,NA,NA,NA,glm_ar1,expanding,84,55,NA
ABW,2022-01-01,3,2022-04-01,NA,NA,NA,NA,NA,glm_ar1,expanding,84,55,NA
ABW,2022-01-01,4,2022-05-01,NA,NA,NA,NA,NA,glm_ar1,expanding,84,55,NA
ABW,2022-01-01,5,2022-06-01,NA,NA,NA,NA,NA,glm_ar1,expanding,84,55,NA
ABW,2022-01-01,6,2022-07-01,NA,NA,NA,NA,NA,glm_ar1,expanding,84,55,NA
AFG,2022-01-01,1,2022-02-01,183,38,252,4,603,glm_ar1,expanding,11,0,0
AFG,2022-01-01,2,2022-03-01,352,74,486,8,1161,glm_ar1,expanding,11,0,0
AFG,2022-01-01,3,2022-04-01,572,120,789,13,1885,glm_ar1,expanding,11,0,0
AFG,2022-01-01,4,2022-05-01,819,172,1131,19,2701,glm_ar1,expanding,11,0,0
AFG,2022-01-01,5,2022-06-01,1070,225,1477,25,3528,glm_ar1,expanding,11,0,13
AFG,2022-01-01,6,2022-07-01,1304,274,1800,31,4300,glm_ar1,expanding,11,0,51
ARG,2022-01-01,1,2022-02-01,98,20,136,2,325,glm_ar1,expanding,138,0,87
ARG,2022-01-01,2,2022-03-01,223,47,308,5,735,glm_ar1,expanding,138,0,213
ARG,2022-01-01,3,2022-04-01,408,85,563,9,1344,glm_ar1,expanding,138,0,258
ARG,2022-01-01,4,2022-05-01,638,134,880,15,2102,glm_ar1,expanding,138,0,163
ARG,2022-01-01,5,2022-06-01,888,186,1226,21,2928,glm_ar1,expanding,138,0,30
ARG,2022-01-01,6,2022-07-01,1136,239,1568,27,3745,glm_ar1,expanding,138,0,11
ATG,2022-01-01,1,2022-02-01,34,7,47,0,114,glm_ar1,expanding,58,24,4
ATG,2022-01-01,2,2022-03-01,103,21,143,2,341,glm_ar1,expanding,58,24,4
ATG,2022-01-01,3,2022-04-01,231,48,319,5,763,glm_ar1,expanding,58,24,1
ATG,2022-01-01,4,2022-05-01,419,88,578,10,1381,glm_ar1,expanding,58,24,2
ATG,2022-01-01,5,2022-06-01,651,136,898,15,2145,glm_ar1,expanding,58,24,2
ATG,2022-01-01,6,2022-07-01,902,189,1244,21,2973,glm_ar1,expanding,58,24,2
AUS,2022-01-01,1,2022-02-01,20,4,28,0,68,glm_ar1,expanding,125,12,4
AUS,2022-01-01,2,2022-03-01,71,15,99,1,236,glm_ar1,expanding,125,12,11
AUS,2022-01-01,3,2022-04-01,176,37,244,4,582,glm_ar1,expanding,125,12,14
AUS,2022-01-01,4,2022-05-01,343,72,473,8,1131,glm_ar1,expanding,125,12,25
AUS,2022-01-01,5,2022-06-01,561,118,774,13,1849,glm_ar1,expanding,125,12,34
AUS,2022-01-01,6,2022-07-01,808,170,1115,19,2663,glm_ar1,expanding,125,12,51
BES,2022-01-01,1,2022-02-01,NA,NA,NA,NA,NA,glm_ar1,expanding,36,0,NA
BES,2022-01-01,2,2022-03-01,NA,NA,NA,NA,NA,glm_ar1,expanding,36,0,NA
BES,2022-01-01,3,2022-04-01,NA,NA,NA,NA,NA,glm_ar1,expanding,36,0,NA
BES,2022-01-01,4,2022-05-01,NA,NA,NA,NA,NA,glm_ar1,expanding,36,0,NA
BES,2022-01-01,5,2022-06-01,NA,NA,NA,NA,NA,glm_ar1,expanding,36,0,NA
BES,2022-01-01,6,2022-07-01,NA,NA,NA,NA,NA,glm_ar1,expanding,36,0,NA
BFA,2022-01-01,1,2022-02-01,NA,NA,NA,NA,NA,glm_ar1,expanding,48,33,NA
BFA,2022-01-01,2,2022-03-01,NA,NA,NA,NA,NA,glm_ar1,expanding,48,33,NA
BFA,2022-01-01,3,2022-04-01,NA,NA,NA,NA,NA,glm_ar1,expanding,48,33,NA
BFA,2022-01-01,4,2022-05-01,NA,NA,NA,NA,NA,glm_ar1,expanding,48,33,NA
BFA,2022-01-01,5,2022-06-01,NA,NA,NA,NA,NA,glm_ar1,expanding,48,33,NA
BFA,2022-01-01,6,2022-07-01,NA,NA,NA,NA,NA,glm_ar1,expanding,48,33,NA
BGD,2022-01-01,1,2022-02-01,242,51,334,5,799,glm_ar1,expanding,143,0,21
BGD,2022-01-01,2,2022-03-01,433,91,598,10,1429,glm_ar1,expanding,143,0,22
BGD,2022-01-01,3,2022-04-01,667,140,921,15,2200,glm_ar1,expanding,143,0,21
BGD,2022-01-01,4,2022-05-01,919,193,1268,21,3029,glm_ar1,expanding,143,0,131
BGD,2022-01-01,5,2022-06-01,1165,245,1608,27,3840,glm_ar1,expanding,143,0,882
BGD,2022-01-01,6,2022-07-01,1389,292,1917,33,4580,glm_ar1,expanding,143,0,1458
BHS,2022-01-01,1,2022-02-01,NA,NA,NA,NA,NA,glm_ar1,expanding,48,94,NA
BHS,2022-01-01,2,2022-03-01,NA,NA,NA,NA,NA,glm_ar1,expanding,48,94,NA
BHS,2022-01-01,3,2022-04-01,NA,NA,NA,NA,NA,glm_ar1,expanding,48,94,NA
BHS,2022-01-01,4,2022-05-01,NA,NA,NA,NA,NA,glm_ar1,expanding,48,94,NA
BHS,2022-01-01,5,2022-06-01,NA,NA,NA,NA,NA,glm_ar1,expanding,48,94,NA
BHS,2022-01-01,6,2022-07-01,NA,NA,NA,NA,NA,glm_ar1,expanding,48,94,NA
BLM,2022-01-01,1,2022-02-01,NA,NA,NA,NA,NA,glm_ar1,expanding,84,34,NA
BLM,2022-01-01,2,2022-03-01,NA,NA,NA,NA,NA,glm_ar1,expanding,84,34,NA
BLM,2022-01-01,3,2022-04-01,NA,NA,NA,NA,NA,glm_ar1,expanding,84,34,4
BLM,2022-01-01,4,2022-05-01,NA,NA,NA,NA,NA,glm_ar1,expanding,84,34,6
BLM,2022-01-01,5,2022-06-01,NA,NA,NA,NA,NA,glm_ar1,expanding,84,34,8
BLM,2022-01-01,6,2022-07-01,NA,NA,NA,NA,NA,glm_ar1,expanding,84,34,5
BLZ,2022-01-01,1,2022-02-01,658,138,908,15,2168,glm_ar1,expanding,143,0,230
BLZ,2022-01-01,2,2022-03-01,909,191,1254,21,2996,glm_ar1,expanding,143,0,184
BLZ,2022-01-01,3,2022-04-01,1156,243,1595,27,3810,glm_ar1,expanding,143,0,252
BLZ,2022-01-01,4,2022-05-01,1381,290,1906,32,4553,glm_ar1,expanding,143,0,655
BLZ,2022-01-01,5,2022-06-01,1577,331,2176,37,5197,glm_ar1,expanding,143,0,476
BLZ,2022-01-01,6,2022-07-01,1739,365,2401,41,5734,glm_ar1,expanding,143,0,560
BOL,2022-01-01,1,2022-02-01,1320,277,1821,31,4351,glm_ar1,expanding,138,0,1287
BOL,2022-01-01,2,2022-03-01,1524,320,2104,36,5025,glm_ar1,expanding,138,0,1962
BOL,2022-01-01,3,2022-04-01,1696,356,2341,40,5592,glm_ar1,expanding,138,0,1939
BOL,2022-01-01,4,2022-05-01,1837,386,2535,43,6054,glm_ar1,expanding,138,0,1682
BOL,2022-01-01,5,2022-06-01,1948,409,2689,46,6422,glm_ar1,expanding,138,0,749
BOL,2022-01-01,6,2022-07-01,2035,428,2809,48,6709,glm_ar1,expanding,138,0,919
BRA,2022-01-01,1,2022-02-01,45329,9531,62556,1075,149402,glm_ar1,expanding,136,0,148622
BRA,2022-01-01,2,2022-03-01,21086,4433,29100,500,69500,glm_ar1,expanding,136,0,359014
BRA,2022-01-01,3,2022-04-01,11941,2511,16480,283,39359,glm_ar1,expanding,136,0,548579
BRA,2022-01-01,4,2022-05-01,7827,1645,10801,185,25797,glm_ar1,expanding,136,0,556068
BRA,2022-01-01,5,2022-06-01,5718,1202,7892,135,18848,glm_ar1,expanding,136,0,196986
BRA,2022-01-01,6,2022-07-01,4529,952,6250,107,14928,glm_ar1,expanding,136,0,133116
BRB,2022-01-01,1,2022-02-01,113,24,157,2,375,glm_ar1,expanding,142,0,10
BRB,2022-01-01,2,2022-03-01,248,52,342,5,817,glm_ar1,expanding,142,0,15
BRB,2022-01-01,3,2022-04-01,441,92,608,10,1453,glm_ar1,expanding,142,0,23
BRB,2022-01-01,4,2022-05-01,675,142,932,16,2227,glm_ar1,expanding,142,0,19
BRB,2022-01-01,5,2022-06-01,927,195,1280,22,3056,glm_ar1,expanding,142,0,26
BRB,2022-01-01,6,2022-07-01,1173,246,1619,27,3866,glm_ar1,expanding,142,0,55
BRN,2022-01-01,1,2022-02-01,73,15,101,1,241,glm_ar1,expanding,141,0,14
BRN,2022-01-01,2,2022-03-01,179,37,247,4,590,glm_ar1,expanding,141,0,16
BRN,2022-01-01,3,2022-04-01,346,72,478,8,1142,glm_ar1,expanding,141,0,15
BRN,2022-01-01,4,2022-05-01,565,118,780,13,1862,glm_ar1,expanding,141,0,16
BRN,2022-01-01,5,2022-06-01,812,170,1121,19,2677,glm_ar1,expanding,141,0,12
BRN,2022-01-01,6,2022-07-01,1063,223,1467,25,3504,glm_ar1,expanding,141,0,15
BTN,2022-01-01,1,2022-02-01,103,21,142,2,339,glm_ar1,expanding,95,48,19
BTN,2022-01-01,2,2022-03-01,230,48,318,5,759,glm_ar1,expanding,95,48,21
BTN,2022-01-01,3,2022-04-01,417,87,576,10,1377,glm_ar1,expanding,95,48,26
BTN,2022-01-01,4,2022-05-01,649,136,896,15,2140,glm_ar1,expanding,95,48,18
BTN,2022-01-01,5,2022-06-01,900,189,1242,21,2967,glm_ar1,expanding,95,48,23
BTN,2022-01-01,6,2022-07-01,1147,241,1583,27,3782,glm_ar1,expanding,95,48,36
CHL,2022-01-01,1,2022-02-01,NA,NA,NA,NA,NA,glm_ar1,expanding,36,82,NA
CHL,2022-01-01,2,2022-03-01,NA,NA,NA,NA,NA,glm_ar1,expanding,36,82,NA
CHL,2022-01-01,3,2022-04-01,NA,NA,NA,NA,NA,glm_ar1,expanding,36,82,NA
CHL,2022-01-01,4,2022-05-01,NA,NA,NA,NA,NA,glm_ar1,expanding,36,82,NA
CHL,2022-01-01,5,2022-06-01,NA,NA,NA,NA,NA,glm_ar1,expanding,36,82,NA
CHL,2022-01-01,6,2022-07-01,NA,NA,NA,NA,NA,glm_ar1,expanding,36,82,NA
CHN,2022-01-01,1,2022-02-01,NA,NA,NA,NA,NA,glm_ar1,expanding,120,23,NA
CHN,2022-01-01,2,2022-03-01,NA,NA,NA,NA,NA,glm_ar1,expanding,120,23,0
CHN,2022-01-01,3,2022-04-01,NA,NA,NA,NA,NA,glm_ar1,expanding,120,23,0
CHN,2022-01-01,4,2022-05-01,NA,NA,NA,NA,NA,glm_ar1,expanding,120,23,0
CHN,2022-01-01,5,2022-06-01,NA,NA,NA,NA,NA,glm_ar1,expanding,120,23,0
CHN,2022-01-01,6,2022-07-01,NA,NA,NA,NA,NA,glm_ar1,expanding,120,23,0
CIV,2022-01-01,1,2022-02-01,NA,NA,NA,NA,NA,glm_ar1,expanding,0,0,0
CIV,2022-01-01,2,2022-03-01,NA,NA,NA,NA,NA,glm_ar1,expanding,0,0,0
CIV,2022-01-01,3,2022-04-01,NA,NA,NA,NA,NA,glm_ar1,expanding,0,0,0
CIV,2022-01-01,4,2022-05-01,NA,NA,NA,NA,NA,glm_ar1,expanding,0,0,1
CIV,2022-01-01,5,2022-06-01,NA,NA,NA,NA,NA,glm_ar1,expanding,0,0,1
CIV,2022-01-01,6,2022-07-01,NA,NA,NA,NA,NA,glm_ar1,expanding,0,0,2
COK,2022-01-01,1,2022-02-01,NA,NA,NA,NA,NA,glm_ar1,expanding,60,37,NA
COK,2022-01-01,2,2022-03-01,NA,NA,NA,NA,NA,glm_ar1,expanding,60,37,NA
COK,2022-01-01,3,2022-04-01,NA,NA,NA,NA,NA,glm_ar1,expanding,60,37,NA
COK,2022-01-01,4,2022-05-01,NA,NA,NA,NA,NA,glm_ar1,expanding,60,37,NA
COK,2022-01-01,5,2022-06-01,NA,NA,NA,NA,NA,glm_ar1,expanding,60,37,NA
COK,2022-01-01,6,2022-07-01,NA,NA,NA,NA,NA,glm_ar1,expanding,60,37,NA
COL,2022-01-01,1,2022-02-01,4315,907,5955,102,14224,glm_ar1,expanding,144,0,3893
COL,2022-01-01,2,2022-03-01,3674,772,5071,87,12111,glm_ar1,expanding,144,0,3821
COL,2022-01-01,3,2022-04-01,3261,685,4500,77,10748,glm_ar1,expanding,144,0,4187
COL,2022-01-01,4,2022-05-01,2984,627,4118,70,9835,glm_ar1,expanding,144,0,7927
COL,2022-01-01,5,2022-06-01,2794,587,3855,66,9208,glm_ar1,expanding,144,0,5513
COL,2022-01-01,6,2022-07-01,2660,559,3671,63,8768,glm_ar1,expanding,144,0,8145
CRI,2022-01-01,1,2022-02-01,452,95,624,10,1490,glm_ar1,expanding,143,0,154
CRI,2022-01-01,2,2022-03-01,688,144,950,16,2268,glm_ar1,expanding,143,0,201
CRI,2022-01-01,3,2022-04-01,940,197,1297,22,3099,glm_ar1,expanding,143,0,297
CRI,2022-01-01,4,2022-05-01,1185,249,1635,28,3906,glm_ar1,expanding,143,0,740
CRI,2022-01-01,5,2022-06-01,1407,296,1942,33,4638,glm_ar1,expanding,143,0,879
CRI,2022-01-01,6,2022-07-01,1598,336,2206,38,5269,glm_ar1,expanding,143,0,1394
CUB,2022-01-01,1,2022-02-01,421,88,582,10,1389,glm_ar1,expanding,94,0,136
CUB,2022-01-01,2,2022-03-01,653,137,902,15,2154,glm_ar1,expanding,94,0,129
CUB,2022-01-01,3,2022-04-01,905,190,1248,21,2982,glm_ar1,expanding,94,0,NA
CUB,2022-01-01,4,2022-05-01,1151,242,1589,27,3796,glm_ar1,expanding,94,0,NA
CUB,2022-01-01,5,2022-06-01,1377,289,1901,32,4541,glm_ar1,expanding,94,0,NA
CUB,2022-01-01,6,2022-07-01,1573,331,2172,37,5187,glm_ar1,expanding,94,0,NA
CUW,2022-01-01,1,2022-02-01,NA,NA,NA,NA,NA,glm_ar1,expanding,48,0,NA
CUW,2022-01-01,2,2022-03-01,NA,NA,NA,NA,NA,glm_ar1,expanding,48,0,NA
CUW,2022-01-01,3,2022-04-01,NA,NA,NA,NA,NA,glm_ar1,expanding,48,0,NA
CUW,2022-01-01,4,2022-05-01,NA,NA,NA,NA,NA,glm_ar1,expanding,48,0,NA
CUW,2022-01-01,5,2022-06-01,NA,NA,NA,NA,NA,glm_ar1,expanding,48,0,NA
CUW,2022-01-01,6,2022-07-01,NA,NA,NA,NA,NA,glm_ar1,expanding,48,0,NA
CYM,2022-01-01,1,2022-02-01,NA,NA,NA,NA,NA,glm_ar1,expanding,84,34,NA
CYM,2022-01-01,2,2022-03-01,NA,NA,NA,NA,NA,glm_ar1,expanding,84,34,NA
CYM,2022-01-01,3,2022-04-01,NA,NA,NA,NA,NA,glm_ar1,expanding,84,34,NA
CYM,2022-01-01,4,2022-05-01,NA,NA,NA,NA,NA,glm_ar1,expanding,84,34,NA
CYM,2022-01-01,5,2022-06-01,NA,NA,NA,NA,NA,glm_ar1,expanding,84,34,NA
CYM,2022-01-01,6,2022-07-01,NA,NA,NA,NA,NA,glm_ar1,expanding,84,34,NA
DMA,2022-01-01,1,2022-02-01,12,2,17,0,41,glm_ar1,expanding,118,24,0
DMA,2022-01-01,2,2022-03-01,50,10,69,1,165,glm_ar1,expanding,118,24,1
DMA,2022-01-01,3,2022-04-01,136,28,187,3,448,glm_ar1,expanding,118,24,0
DMA,2022-01-01,4,2022-05-01,282,59,390,6,932,glm_ar1,expanding,118,24,0
DMA,2022-01-01,5,2022-06-01,486,102,671,11,1602,glm_ar1,expanding,118,24,0
DMA,2022-01-01,6,2022-07-01,726,152,1002,17,2394,glm_ar1,expanding,118,24,0
DOM,2022-01-01,1,2022-02-01,604,127,834,14,1992,glm_ar1,expanding,143,0,285
DOM,2022-01-01,2,2022-03-01,853,179,1178,20,2814,glm_ar1,expanding,143,0,335
DOM,2022-01-01,3,2022-04-01,1103,232,1522,26,3636,glm_ar1,expanding,143,0,394
DOM,2022-01-01,4,2022-05-01,1334,280,1841,31,4398,glm_ar1,expanding,143,0,640
DOM,2022-01-01,5,2022-06-01,1536,323,2120,36,5065,glm_ar1,expanding,143,0,709
DOM,2022-01-01,6,2022-07-01,1706,358,2355,40,5625,glm_ar1,expanding,143,0,1095
ECU,2022-01-01,1,2022-02-01,1593,335,2199,37,5253,glm_ar1,expanding,135,0,1592
ECU,2022-01-01,2,2022-03-01,1753,368,2420,41,5779,glm_ar1,expanding,135,0,2230
ECU,2022-01-01,3,2022-04-01,1882,395,2597,44,6204,glm_ar1,expanding,135,0,2259
ECU,2022-01-01,4,2022-05-01,1984,417,2738,47,6539,glm_ar1,expanding,135,0,2871
ECU,2022-01-01,5,2022-06-01,2063,433,2847,49,6800,glm_ar1,expanding,135,0,1566
ECU,2022-01-01,6,2022-07-01,2124,446,2931,50,7001,glm_ar1,expanding,135,0,1315
ERI,2022-01-01,1,2022-02-01,NA,NA,NA,NA,NA,glm_ar1,expanding,60,79,NA
ERI,2022-01-01,2,2022-03-01,NA,NA,NA,NA,NA,glm_ar1,expanding,60,79,NA
ERI,2022-01-01,3,2022-04-01,NA,NA,NA,NA,NA,glm_ar1,expanding,60,79,NA
ERI,2022-01-01,4,2022-05-01,NA,NA,NA,NA,NA,glm_ar1,expanding,60,79,NA
ERI,2022-01-01,5,2022-06-01,NA,NA,NA,NA,NA,glm_ar1,expanding,60,79,NA
ERI,2022-01-01,6,2022-07-01,NA,NA,NA,NA,NA,glm_ar1,expanding,60,79,NA
ETH,2022-01-01,1,2022-02-01,NA,NA,NA,NA,NA,glm_ar1,expanding,12,93,NA
ETH,2022-01-01,2,2022-03-01,NA,NA,NA,NA,NA,glm_ar1,expanding,12,93,NA
ETH,2022-01-01,3,2022-04-01,NA,NA,NA,NA,NA,glm_ar1,expanding,12,93,NA
ETH,2022-01-01,4,2022-05-01,NA,NA,NA,NA,NA,glm_ar1,expanding,12,93,NA
ETH,2022-01-01,5,2022-06-01,NA,NA,NA,NA,NA,glm_ar1,expanding,12,93,NA
ETH,2022-01-01,6,2022-07-01,NA,NA,NA,NA,NA,glm_ar1,expanding,12,93,NA
FJI,2022-01-01,1,2022-02-01,694,146,958,16,2288,glm_ar1,expanding,135,0,1570
FJI,2022-01-01,2,2022-03-01,946,199,1305,22,3118,glm_ar1,expanding,135,0,1220
FJI,2022-01-01,3,2022-04-01,1190,250,1643,28,3924,glm_ar1,expanding,135,0,596
FJI,2022-01-01,4,2022-05-01,1412,297,1948,33,4654,glm_ar1,expanding,135,0,801
FJI,2022-01-01,5,2022-06-01,1602,337,2212,38,5283,glm_ar1,expanding,135,0,705
FJI,2022-01-01,6,2022-07-01,1761,370,2430,41,5804,glm_ar1,expanding,135,0,646
FSM,2022-01-01,1,2022-02-01,31,6,43,0,103,glm_ar1,expanding,58,12,4
FSM,2022-01-01,2,2022-03-01,96,20,133,2,318,glm_ar1,expanding,58,12,3
FSM,2022-01-01,3,2022-04-01,219,46,303,5,724,glm_ar1,expanding,58,12,2
FSM,2022-01-01,4,2022-05-01,403,84,556,9,1329,glm_ar1,expanding,58,12,5
FSM,2022-01-01,5,2022-06-01,632,133,872,15,2084,glm_ar1,expanding,58,12,13
FSM,2022-01-01,6,2022-07-01,883,185,1218,21,2910,glm_ar1,expanding,58,12,33
GLP,2022-01-01,1,2022-02-01,113,24,157,2,375,glm_ar1,expanding,142,0,14
GLP,2022-01-01,2,2022-03-01,248,52,342,5,817,glm_ar1,expanding,142,0,15
GLP,2022-01-01,3,2022-04-01,441,92,608,10,1453,glm_ar1,expanding,142,0,9
GLP,2022-01-01,4,2022-05-01,675,142,932,16,2227,glm_ar1,expanding,142,0,13
GLP,2022-01-01,5,2022-06-01,927,195,1280,22,3056,glm_ar1,expanding,142,0,22
GLP,2022-01-01,6,2022-07-01,1173,246,1619,27,3866,glm_ar1,expanding,142,0,17
GRD,2022-01-01,1,2022-02-01,85,18,117,2,280,glm_ar1,expanding,131,12,25
GRD,2022-01-01,2,2022-03-01,200,42,276,4,659,glm_ar1,expanding,131,12,46
GRD,2022-01-01,3,2022-04-01,376,79,519,9,1240,glm_ar1,expanding,131,12,4
GRD,2022-01-01,4,2022-05-01,600,126,829,14,1980,glm_ar1,expanding,131,12,36
GRD,2022-01-01,5,2022-06-01,850,178,1173,20,2801,glm_ar1,expanding,131,12,14
GRD,2022-01-01,6,2022-07-01,1099,231,1517,26,3623,glm_ar1,expanding,131,12,21
GTM,2022-01-01,1,2022-02-01,498,104,687,11,1642,glm_ar1,expanding,144,0,229
GTM,2022-01-01,2,2022-03-01,739,155,1021,17,2438,glm_ar1,expanding,144,0,302
GTM,2022-01-01,3,2022-04-01,992,208,1369,23,3269,glm_ar1,expanding,144,0,270
GTM,2022-01-01,4,2022-05-01,1233,259,1701,29,4064,glm_ar1,expanding,144,0,887
GTM,2022-01-01,5,2022-06-01,1449,304,2000,34,4777,glm_ar1,expanding,144,0,1098
GTM,2022-01-01,6,2022-07-01,1634,343,2255,38,5386,glm_ar1,expanding,144,0,1302
GUF,2022-01-01,1,2022-02-01,NA,NA,NA,NA,NA,glm_ar1,expanding,132,4,NA
GUF,2022-01-01,2,2022-03-01,NA,NA,NA,NA,NA,glm_ar1,expanding,132,4,NA
GUF,2022-01-01,3,2022-04-01,NA,NA,NA,NA,NA,glm_ar1,expanding,132,4,NA
GUF,2022-01-01,4,2022-05-01,NA,NA,NA,NA,NA,glm_ar1,expanding,132,4,NA
GUF,2022-01-01,5,2022-06-01,NA,NA,NA,NA,NA,glm_ar1,expanding,132,4,NA
GUF,2022-01-01,6,2022-07-01,NA,NA,NA,NA,NA,glm_ar1,expanding,132,4,NA
GUY,2022-01-01,1,2022-02-01,1311,275,1809,31,4321,glm_ar1,expanding,133,12,980
GUY,2022-01-01,2,2022-03-01,1517,319,2093,36,4999,glm_ar1,expanding,133,12,1010
GUY,2022-01-01,3,2022-04-01,1690,355,2332,40,5571,glm_ar1,expanding,133,12,963
GUY,2022-01-01,4,2022-05-01,1831,385,2528,43,6037,glm_ar1,expanding,133,12,1495
GUY,2022-01-01,5,2022-06-01,1944,408,2683,46,6408,glm_ar1,expanding,133,12,1540
GUY,2022-01-01,6,2022-07-01,2032,427,2805,48,6699,glm_ar1,expanding,133,12,1542
HND,2022-01-01,1,2022-02-01,2078,437,2868,49,6849,glm_ar1,expanding,144,0,822
HND,2022-01-01,2,2022-03-01,2135,449,2947,50,7038,glm_ar1,expanding,144,0,754
HND,2022-01-01,3,2022-04-01,2179,458,3007,51,7182,glm_ar1,expanding,144,0,809
HND,2022-01-01,4,2022-05-01,2212,465,3052,52,7290,glm_ar1,expanding,144,0,2161
HND,2022-01-01,5,2022-06-01,2236,470,3087,53,7372,glm_ar1,expanding,144,0,3744
HND,2022-01-01,6,2022-07-01,2255,474,3112,53,7433,glm_ar1,expanding,144,0,4506
HTI,2022-01-01,1,2022-02-01,998,210,1378,23,3290,glm_ar1,expanding,45,0,268
HTI,2022-01-01,2,2022-03-01,1239,260,1710,29,4084,glm_ar1,expanding,45,0,189
HTI,2022-01-01,3,2022-04-01,1454,305,2007,34,4794,glm_ar1,expanding,45,0,143
HTI,2022-01-01,4,2022-05-01,1638,344,2261,38,5400,glm_ar1,expanding,45,0,146
HTI,2022-01-01,5,2022-06-01,1790,376,2470,42,5899,glm_ar1,expanding,45,0,119
HTI,2022-01-01,6,2022-07-01,1911,402,2637,45,6299,glm_ar1,expanding,45,0,150
IDN,2022-01-01,1,2022-02-01,11688,2457,16130,277,38523,glm_ar1,expanding,136,0,11849
IDN,2022-01-01,2,2022-03-01,7703,1619,10630,182,25389,glm_ar1,expanding,136,0,10082
IDN,2022-01-01,3,2022-04-01,5651,1188,7799,134,18626,glm_ar1,expanding,136,0,10664
IDN,2022-01-01,4,2022-05-01,4489,944,6196,106,14797,glm_ar1,expanding,136,0,12470
IDN,2022-01-01,5,2022-06-01,3784,795,5222,89,12472,glm_ar1,expanding,136,0,12762
IDN,2022-01-01,6,2022-07-01,3333,700,4599,79,10985,glm_ar1,expanding,136,0,13118
IND,2022-01-01,1,2022-02-01,9170,1928,12656,217,30226,glm_ar1,expanding,142,0,8410
IND,2022-01-01,2,2022-03-01,6433,1352,8877,152,21203,glm_ar1,expanding,142,0,7252
IND,2022-01-01,3,2022-04-01,4943,1039,6821,117,16292,glm_ar1,expanding,142,0,4735
IND,2022-01-01,4,2022-05-01,4064,854,5609,96,13397,glm_ar1,expanding,142,0,7253
IND,2022-01-01,5,2022-06-01,3514,739,4850,83,11584,glm_ar1,expanding,142,0,10934
IND,2022-01-01,6,2022-07-01,3155,663,4354,74,10398,glm_ar1,expanding,142,0,19623
JAM,2022-01-01,1,2022-02-01,7,1,10,0,25,glm_ar1,expanding,141,0,2
JAM,2022-01-01,2,2022-03-01,35,7,49,0,117,glm_ar1,expanding,141,0,4
JAM,2022-01-01,3,2022-04-01,105,22,146,2,349,glm_ar1,expanding,141,0,3
JAM,2022-01-01,4,2022-05-01,235,49,324,5,775,glm_ar1,expanding,141,0,19
JAM,2022-01-01,5,2022-06-01,424,89,585,10,1397,glm_ar1,expanding,141,0,8
JAM,2022-01-01,6,2022-07-01,656,138,905,15,2163,glm_ar1,expanding,141,0,5
KEN,2022-01-01,1,2022-02-01,297,62,410,7,979,glm_ar1,expanding,59,48,131
KEN,2022-01-01,2,2022-03-01,504,106,696,12,1662,glm_ar1,expanding,59,48,NA
KEN,2022-01-01,3,2022-04-01,746,157,1030,17,2460,glm_ar1,expanding,59,48,NA
KEN,2022-01-01,4,2022-05-01,998,210,1378,23,3291,glm_ar1,expanding,59,48,NA
KEN,2022-01-01,5,2022-06-01,1239,260,1710,29,4084,glm_ar1,expanding,59,48,NA
KEN,2022-01-01,6,2022-07-01,1454,305,2007,34,4794,glm_ar1,expanding,59,48,NA
KHM,2022-01-01,1,2022-02-01,402,84,556,9,1327,glm_ar1,expanding,144,0,116
KHM,2022-01-01,2,2022-03-01,631,132,872,15,2082,glm_ar1,expanding,144,0,167
KHM,2022-01-01,3,2022-04-01,882,185,1217,21,2908,glm_ar1,expanding,144,0,218
KHM,2022-01-01,4,2022-05-01,1130,237,1560,26,3726,glm_ar1,expanding,144,0,938
KHM,2022-01-01,5,2022-06-01,1358,285,1875,32,4478,glm_ar1,expanding,144,0,1672
KHM,2022-01-01,6,2022-07-01,1557,327,2149,37,5134,glm_ar1,expanding,144,0,2046
KIR,2022-01-01,1,2022-02-01,NA,NA,NA,NA,NA,glm_ar1,expanding,72,58,NA
KIR,2022-01-01,2,2022-03-01,NA,NA,NA,NA,NA,glm_ar1,expanding,72,58,NA
KIR,2022-01-01,3,2022-04-01,NA,NA,NA,NA,NA,glm_ar1,expanding,72,58,NA
KIR,2022-01-01,4,2022-05-01,NA,NA,NA,NA,NA,glm_ar1,expanding,72,58,NA
KIR,2022-01-01,5,2022-06-01,NA,NA,NA,NA,NA,glm_ar1,expanding,72,58,NA
KIR,2022-01-01,6,2022-07-01,NA,NA,NA,NA,NA,glm_ar1,expanding,72,58,NA
KNA,2022-01-01,1,2022-02-01,NA,NA,NA,NA,NA,glm_ar1,expanding,48,58,NA
KNA,2022-01-01,2,2022-03-01,NA,NA,NA,NA,NA,glm_ar1,expanding,48,58,NA
KNA,2022-01-01,3,2022-04-01,NA,NA,NA,NA,NA,glm_ar1,expanding,48,58,NA
KNA,2022-01-01,4,2022-05-01,NA,NA,NA,NA,NA,glm_ar1,expanding,48,58,NA
KNA,2022-01-01,5,2022-06-01,NA,NA,NA,NA,NA,glm_ar1,expanding,48,58,NA
KNA,2022-01-01,6,2022-07-01,NA,NA,NA,NA,NA,glm_ar1,expanding,48,58,NA
LAO,2022-01-01,1,2022-02-01,28,6,38,0,92,glm_ar1,expanding,144,0,12
LAO,2022-01-01,2,2022-03-01,89,18,122,2,293,glm_ar1,expanding,144,0,75
LAO,2022-01-01,3,2022-04-01,206,43,285,5,681,glm_ar1,expanding,144,0,93
LAO,2022-01-01,4,2022-05-01,385,81,532,9,1271,glm_ar1,expanding,144,0,833
LAO,2022-01-01,5,2022-06-01,611,128,844,14,2016,glm_ar1,expanding,144,0,3788
LAO,2022-01-01,6,2022-07-01,861,181,1188,20,2839,glm_ar1,expanding,144,0,9158
LCA,2022-01-01,1,2022-02-01,NA,NA,NA,NA,NA,glm_ar1,expanding,108,35,NA
LCA,2022-01-01,2,2022-03-01,NA,NA,NA,NA,NA,glm_ar1,expanding,108,35,NA
LCA,2022-01-01,3,2022-04-01,NA,NA,NA,NA,NA,glm_ar1,expanding,108,35,NA
LCA,2022-01-01,4,2022-05-01,NA,NA,NA,NA,NA,glm_ar1,expanding,108,35,NA
LCA,2022-01-01,5,2022-06-01,NA,NA,NA,NA,NA,glm_ar1,expanding,108,35,NA
LCA,2022-01-01,6,2022-07-01,NA,NA,NA,NA,NA,glm_ar1,expanding,108,35,NA
LKA,2022-01-01,1,2022-02-01,5650,1188,7798,134,18625,glm_ar1,expanding,144,0,2962
LKA,2022-01-01,2,2022-03-01,4489,944,6195,106,14796,glm_ar1,expanding,144,0,3040
LKA,2022-01-01,3,2022-04-01,3784,795,5222,89,12472,glm_ar1,expanding,144,0,4019
LKA,2022-01-01,4,2022-05-01,3332,700,4599,79,10985,glm_ar1,expanding,144,0,6483
LKA,2022-01-01,5,2022-06-01,3033,637,4185,72,9996,glm_ar1,expanding,144,0,11218
LKA,2022-01-01,6,2022-07-01,2827,594,3902,67,9320,glm_ar1,expanding,144,0,11437
MAF,2022-01-01,1,2022-02-01,NA,NA,NA,NA,NA,glm_ar1,expanding,132,8,NA
MAF,2022-01-01,2,2022-03-01,NA,NA,NA,NA,NA,glm_ar1,expanding,132,8,NA
MAF,2022-01-01,3,2022-04-01,NA,NA,NA,NA,NA,glm_ar1,expanding,132,8,NA
MAF,2022-01-01,4,2022-05-01,NA,NA,NA,NA,NA,glm_ar1,expanding,132,8,NA
MAF,2022-01-01,5,2022-06-01,NA,NA,NA,NA,NA,glm_ar1,expanding,132,8,2
MAF,2022-01-01,6,2022-07-01,NA,NA,NA,NA,NA,glm_ar1,expanding,132,8,2
MDV,2022-01-01,1,2022-02-01,73,15,101,1,241,glm_ar1,expanding,144,0,21
MDV,2022-01-01,2,2022-03-01,179,37,247,4,590,glm_ar1,expanding,144,0,26
MDV,2022-01-01,3,2022-04-01,346,72,478,8,1142,glm_ar1,expanding,144,0,95
MDV,2022-01-01,4,2022-05-01,565,118,780,13,1862,glm_ar1,expanding,144,0,212
MDV,2022-01-01,5,2022-06-01,812,170,1121,19,2677,glm_ar1,expanding,144,0,302
MDV,2022-01-01,6,2022-07-01,1063,223,1467,25,3504,glm_ar1,expanding,144,0,361
MEX,2022-01-01,1,2022-02-01,1486,312,2050,35,4898,glm_ar1,expanding,144,0,944
MEX,2022-01-01,2,2022-03-01,1664,350,2297,39,5487,glm_ar1,expanding,144,0,1243
MEX,2022-01-01,3,2022-04-01,1811,380,2499,43,5969,glm_ar1,expanding,144,0,1630
MEX,2022-01-01,4,2022-05-01,1928,405,2661,45,6355,glm_ar1,expanding,144,0,3414
MEX,2022-01-01,5,2022-06-01,2020,424,2787,48,6657,glm_ar1,expanding,144,0,4336
MEX,2022-01-01,6,2022-07-01,2091,439,2885,49,6891,glm_ar1,expanding,144,0,5474
MHL,2022-01-01,1,2022-02-01,NA,NA,NA,NA,NA,glm_ar1,expanding,48,80,NA
MHL,2022-01-01,2,2022-03-01,NA,NA,NA,NA,NA,glm_ar1,expanding,48,80,NA
MHL,2022-01-01,3,2022-04-01,NA,NA,NA,NA,NA,glm_ar1,expanding,48,80,NA
MHL,2022-01-01,4,2022-05-01,NA,NA,NA,NA,NA,glm_ar1,expanding,48,80,NA
MHL,2022-01-01,5,2022-06-01,NA,NA,NA,NA,NA,glm_ar1,expanding,48,80,1
MHL,2022-01-01,6,2022-07-01,NA,NA,NA,NA,NA,glm_ar1,expanding,48,80,1
MMR,2022-01-01,1,2022-02-01,49,10,68,1,163,glm_ar1,expanding,144,0,8
MMR,2022-01-01,2,2022-03-01,134,28,185,3,443,glm_ar1,expanding,144,0,76
MMR,2022-01-01,3,2022-04-01,280,59,387,6,925,glm_ar1,expanding,144,0,224
MMR,2022-01-01,4,2022-05-01,483,101,667,11,1593,glm_ar1,expanding,144,0,1743
MMR,2022-01-01,5,2022-06-01,723,152,998,17,2384,glm_ar1,expanding,144,0,5135
MMR,2022-01-01,6,2022-07-01,975,205,1346,23,3215,glm_ar1,expanding,144,0,5799
MRT,2022-01-01,1,2022-02-01,NA,NA,NA,NA,NA,glm_ar1,expanding,12,45,NA
MRT,2022-01-01,2,2022-03-01,NA,NA,NA,NA,NA,glm_ar1,expanding,12,45,NA
MRT,2022-01-01,3,2022-04-01,NA,NA,NA,NA,NA,glm_ar1,expanding,12,45,NA
MRT,2022-01-01,4,2022-05-01,NA,NA,NA,NA,NA,glm_ar1,expanding,12,45,NA
MRT,2022-01-01,5,2022-06-01,NA,NA,NA,NA,NA,glm_ar1,expanding,12,45,NA
MRT,2022-01-01,6,2022-07-01,NA,NA,NA,NA,NA,glm_ar1,expanding,12,45,NA
MTQ,2022-01-01,1,2022-02-01,134,28,185,3,442,glm_ar1,expanding,141,0,49
MTQ,2022-01-01,2,2022-03-01,280,59,386,6,923,glm_ar1,expanding,141,0,42
MTQ,2022-01-01,3,2022-04-01,482,101,666,11,1591,glm_ar1,expanding,141,0,14
MTQ,2022-01-01,4,2022-05-01,722,152,997,17,2381,glm_ar1,expanding,141,0,7
MTQ,2022-01-01,5,2022-06-01,974,205,1345,23,3212,glm_ar1,expanding,141,0,10
MTQ,2022-01-01,6,2022-07-01,1217,256,1679,28,4012,glm_ar1,expanding,141,0,16
MYS,2022-01-01,1,2022-02-01,3218,676,4440,76,10606,glm_ar1,expanding,144,0,2657
MYS,2022-01-01,2,2022-03-01,2954,621,4077,70,9739,glm_ar1,expanding,144,0,2753
MYS,2022-01-01,3,2022-04-01,2773,583,3827,65,9141,glm_ar1,expanding,144,0,3942
MYS,2022-01-01,4,2022-05-01,2646,556,3651,62,8721,glm_ar1,expanding,144,0,5884
MYS,2022-01-01,5,2022-06-01,2555,537,3526,60,8421,glm_ar1,expanding,144,0,5883
MYS,2022-01-01,6,2022-07-01,2489,523,3435,59,8205,glm_ar1,expanding,144,0,7792
NCL,2022-01-01,1,2022-02-01,17,3,23,0,55,glm_ar1,expanding,113,12,4
NCL,2022-01-01,2,2022-03-01,61,13,85,1,204,glm_ar1,expanding,113,12,3
NCL,2022-01-01,3,2022-04-01,158,33,218,3,521,glm_ar1,expanding,113,12,2
NCL,2022-01-01,4,2022-05-01,316,66,436,7,1043,glm_ar1,expanding,113,12,2
NCL,2022-01-01,5,2022-06-01,528,111,729,12,1741,glm_ar1,expanding,113,12,3
NCL,2022-01-01,6,2022-07-01,772,162,1066,18,2546,glm_ar1,expanding,113,12,15
NIC,2022-01-01,1,2022-02-01,3665,770,5058,87,12079,glm_ar1,expanding,143,0,3194
NIC,2022-01-01,2,2022-03-01,3254,684,4491,77,10727,glm_ar1,expanding,143,0,2421
NIC,2022-01-01,3,2022-04-01,2980,626,4112,70,9821,glm_ar1,expanding,143,0,2274
NIC,2022-01-01,4,2022-05-01,2791,586,3851,66,9198,glm_ar1,expanding,143,0,4312
NIC,2022-01-01,5,2022-06-01,2658,559,3668,63,8761,glm_ar1,expanding,143,0,6600
NIC,2022-01-01,6,2022-07-01,2564,539,3538,60,8450,glm_ar1,expanding,143,0,11589
NPL,2022-01-01,1,2022-02-01,46,9,64,1,154,glm_ar1,expanding,143,0,3
NPL,2022-01-01,2,2022-03-01,129,27,178,3,425,glm_ar1,expanding,143,0,15
NPL,2022-01-01,3,2022-04-01,272,57,375,6,896,glm_ar1,expanding,143,0,18
NPL,2022-01-01,4,2022-05-01,472,99,651,11,1556,glm_ar1,expanding,143,0,25
NPL,2022-01-01,5,2022-06-01,711,149,981,16,2343,glm_ar1,expanding,143,0,93
NPL,2022-01-01,6,2022-07-01,963,202,1329,22,3174,glm_ar1,expanding,143,0,720
OMN,2022-01-01,1,2022-02-01,40,8,56,1,134,glm_ar1,expanding,46,0,8
OMN,2022-01-01,2,2022-03-01,117,24,161,2,385,glm_ar1,expanding,46,0,115
OMN,2022-01-01,3,2022-04-01,253,53,349,6,833,glm_ar1,expanding,46,0,621
OMN,2022-01-01,4,2022-05-01,447,94,617,10,1475,glm_ar1,expanding,46,0,338
OMN,2022-01-01,5,2022-06-01,683,143,942,16,2251,glm_ar1,expanding,46,0,70
OMN,2022-01-01,6,2022-07-01,935,196,1290,22,3081,glm_ar1,expanding,46,0,19
PAK,2022-01-01,1,2022-02-01,1474,310,2034,35,4858,glm_ar1,expanding,143,0,811
PAK,2022-01-01,2,2022-03-01,1654,348,2283,39,5453,glm_ar1,expanding,143,0,868
PAK,2022-01-01,3,2022-04-01,1803,379,2488,42,5942,glm_ar1,expanding,143,0,1549
PAK,2022-01-01,4,2022-05-01,1921,404,2652,45,6334,glm_ar1,expanding,143,0,6346
PAK,2022-01-01,5,2022-06-01,2015,423,2780,47,6641,glm_ar1,expanding,143,0,4730
PAK,2022-01-01,6,2022-07-01,2087,438,2880,49,6878,glm_ar1,expanding,143,0,3117
PAN,2022-01-01,1,2022-02-01,385,81,531,9,1269,glm_ar1,expanding,142,0,159
PAN,2022-01-01,2,2022-03-01,611,128,843,14,2014,glm_ar1,expanding,142,0,167
PAN,2022-01-01,3,2022-04-01,860,181,1187,20,2836,glm_ar1,expanding,142,0,205
PAN,2022-01-01,4,2022-05-01,1109,233,1531,26,3658,glm_ar1,expanding,142,0,508
PAN,2022-01-01,5,2022-06-01,1340,281,1849,31,4417,glm_ar1,expanding,142,0,1273
PAN,2022-01-01,6,2022-07-01,1542,324,2128,36,5082,glm_ar1,expanding,142,0,2314
PER,2022-01-01,1,2022-02-01,4300,904,5935,102,14174,glm_ar1,expanding,137,0,6907
PER,2022-01-01,2,2022-03-01,3665,770,5058,87,12080,glm_ar1,expanding,137,0,9131
PER,2022-01-01,3,2022-04-01,3254,684,4491,77,10727,glm_ar1,expanding,137,0,12388
PER,2022-01-01,4,2022-05-01,2980,626,4112,70,9821,glm_ar1,expanding,137,0,12264
PER,2022-01-01,5,2022-06-01,2791,586,3851,66,9199,glm_ar1,expanding,137,0,4581
PER,2022-01-01,6,2022-07-01,2658,559,3668,63,8762,glm_ar1,expanding,137,0,3228
PHL,2022-01-01,1,2022-02-01,4962,1043,6849,117,16357,glm_ar1,expanding,142,0,5489
PHL,2022-01-01,2,2022-03-01,4076,857,5626,96,13436,glm_ar1,expanding,142,0,7232
PHL,2022-01-01,3,2022-04-01,3522,740,4861,83,11609,glm_ar1,expanding,142,0,10012
PHL,2022-01-01,4,2022-05-01,3160,664,4361,75,10415,glm_ar1,expanding,142,0,22883
PHL,2022-01-01,5,2022-06-01,2915,613,4023,69,9608,glm_ar1,expanding,142,0,31273
PHL,2022-01-01,6,2022-07-01,2746,577,3789,65,9050,glm_ar1,expanding,142,0,48262
PLW,2022-01-01,1,2022-02-01,17,3,23,0,55,glm_ar1,expanding,70,72,2
PLW,2022-01-01,2,2022-03-01,61,13,85,1,204,glm_ar1,expanding,70,72,5
PLW,2022-01-01,3,2022-04-01,158,33,218,3,521,glm_ar1,expanding,70,72,8
PLW,2022-01-01,4,2022-05-01,316,66,436,7,1043,glm_ar1,expanding,70,72,5
PLW,2022-01-01,5,2022-06-01,528,111,729,12,1741,glm_ar1,expanding,70,72,9
PLW,2022-01-01,6,2022-07-01,772,162,1066,18,2546,glm_ar1,expanding,70,72,20
PRI,2022-01-01,1,2022-02-01,118,24,162,2,388,glm_ar1,expanding,106,36,32
PRI,2022-01-01,2,2022-03-01,254,53,351,6,839,glm_ar1,expanding,106,36,28
PRI,2022-01-01,3,2022-04-01,449,94,620,10,1482,glm_ar1,expanding,106,36,24
PRI,2022-01-01,4,2022-05-01,685,144,946,16,2260,glm_ar1,expanding,106,36,26
PRI,2022-01-01,5,2022-06-01,937,197,1294,22,3090,glm_ar1,expanding,106,36,14
PRI,2022-01-01,6,2022-07-01,1182,248,1632,28,3897,glm_ar1,expanding,106,36,28
PRY,2022-01-01,1,2022-02-01,219,46,302,5,723,glm_ar1,expanding,139,0,33
PRY,2022-01-01,2,2022-03-01,402,84,556,9,1327,glm_ar1,expanding,139,0,25
PRY,2022-01-01,3,2022-04-01,631,132,872,15,2082,glm_ar1,expanding,139,0,30
PRY,2022-01-01,4,2022-05-01,882,185,1217,21,2908,glm_ar1,expanding,139,0,36
PRY,2022-01-01,5,2022-06-01,1130,237,1560,26,3726,glm_ar1,expanding,139,0,55
PRY,2022-01-01,6,2022-07-01,1358,285,1875,32,4478,glm_ar1,expanding,139,0,64
PYF,2022-01-01,1,2022-02-01,NA,NA,NA,NA,NA,glm_ar1,expanding,96,45,NA
PYF,2022-01-01,2,2022-03-01,NA,NA,NA,NA,NA,glm_ar1,expanding,96,45,NA
PYF,2022-01-01,3,2022-04-01,NA,NA,NA,NA,NA,glm_ar1,expanding,96,45,NA
PYF,2022-01-01,4,2022-05-01,NA,NA,NA,NA,NA,glm_ar1,expanding,96,45,322
PYF,2022-01-01,5,2022-06-01,NA,NA,NA,NA,NA,glm_ar1,expanding,96,45,263
PYF,2022-01-01,6,2022-07-01,NA,NA,NA,NA,NA,glm_ar1,expanding,96,45,267
REU,2022-01-01,1,2022-02-01,172,36,237,4,567,glm_ar1,expanding,99,36,95
REU,2022-01-01,2,2022-03-01,336,70,464,8,1110,glm_ar1,expanding,99,36,254
REU,2022-01-01,3,2022-04-01,553,116,763,13,1823,glm_ar1,expanding,99,36,304
REU,2022-01-01,4,2022-05-01,799,168,1103,19,2635,glm_ar1,expanding,99,36,255
REU,2022-01-01,5,2022-06-01,1050,221,1450,25,3463,glm_ar1,expanding,99,36,139
REU,2022-01-01,6,2022-07-01,1287,270,1776,30,4242,glm_ar1,expanding,99,36,41
SAU,2022-01-01,1,2022-02-01,7,1,10,0,25,glm_ar1,expanding,136,0,0
SAU,2022-01-01,2,2022-03-01,35,7,49,0,117,glm_ar1,expanding,136,0,0
SAU,2022-01-01,3,2022-04-01,105,22,146,2,349,glm_ar1,expanding,136,0,0
SAU,2022-01-01,4,2022-05-01,235,49,324,5,775,glm_ar1,expanding,136,0,94
SAU,2022-01-01,5,2022-06-01,424,89,585,10,1397,glm_ar1,expanding,136,0,145
SAU,2022-01-01,6,2022-07-01,656,138,905,15,2163,glm_ar1,expanding,136,0,245
SDN,2022-01-01,1,2022-02-01,7,1,10,0,25,glm_ar1,expanding,57,84,0
SDN,2022-01-01,2,2022-03-01,35,7,49,0,117,glm_ar1,expanding,57,84,0
SDN,2022-01-01,3,2022-04-01,105,22,146,2,349,glm_ar1,expanding,57,84,0
SDN,2022-01-01,4,2022-05-01,235,49,324,5,775,glm_ar1,expanding,57,84,0
SDN,2022-01-01,5,2022-06-01,424,89,585,10,1397,glm_ar1,expanding,57,84,0
SDN,2022-01-01,6,2022-07-01,656,138,905,15,2163,glm_ar1,expanding,57,84,54
SEN,2022-01-01,1,2022-02-01,73,15,101,1,241,glm_ar1,expanding,33,24,14
SEN,2022-01-01,2,2022-03-01,179,37,247,4,590,glm_ar1,expanding,33,24,13
SEN,2022-01-01,3,2022-04-01,346,72,478,8,1142,glm_ar1,expanding,33,24,5
SEN,2022-01-01,4,2022-05-01,565,118,780,13,1862,glm_ar1,expanding,33,24,4
SEN,2022-01-01,5,2022-06-01,812,170,1121,19,2677,glm_ar1,expanding,33,24,5
SEN,2022-01-01,6,2022-07-01,1063,223,1467,25,3504,glm_ar1,expanding,33,24,11
SGP,2022-01-01,1,2022-02-01,1004,211,1386,23,3310,glm_ar1,expanding,144,0,837
SGP,2022-01-01,2,2022-03-01,1244,261,1717,29,4102,glm_ar1,expanding,144,0,1741
SGP,2022-01-01,3,2022-04-01,1459,306,2014,34,4810,glm_ar1,expanding,144,0,3319
SGP,2022-01-01,4,2022-05-01,1642,345,2266,39,5413,glm_ar1,expanding,144,0,6443
SGP,2022-01-01,5,2022-06-01,1793,377,2474,42,5910,glm_ar1,expanding,144,0,5069
SGP,2022-01-01,6,2022-07-01,1914,402,2641,45,6308,glm_ar1,expanding,144,0,5103
SLB,2022-01-01,1,2022-02-01,60,12,83,1,199,glm_ar1,expanding,82,24,5
SLB,2022-01-01,2,2022-03-01,155,32,214,3,513,glm_ar1,expanding,82,24,4
SLB,2022-01-01,3,2022-04-01,312,65,431,7,1029,glm_ar1,expanding,82,24,7
SLB,2022-01-01,4,2022-05-01,523,110,722,12,1725,glm_ar1,expanding,82,24,7
SLB,2022-01-01,5,2022-06-01,767,161,1059,18,2529,glm_ar1,expanding,82,24,21
SLB,2022-01-01,6,2022-07-01,1019,214,1406,24,3359,glm_ar1,expanding,82,24,90
SLV,2022-01-01,1,2022-02-01,1033,217,1425,24,3404,glm_ar1,expanding,144,0,769
SLV,2022-01-01,2,2022-03-01,1270,267,1753,30,4188,glm_ar1,expanding,144,0,1403
SLV,2022-01-01,3,2022-04-01,1482,311,2045,35,4885,glm_ar1,expanding,144,0,1886
SLV,2022-01-01,4,2022-05-01,1661,349,2292,39,5476,glm_ar1,expanding,144,0,2691
SLV,2022-01-01,5,2022-06-01,1808,380,2495,43,5960,glm_ar1,expanding,144,0,2330
SLV,2022-01-01,6,2022-07-01,1926,405,2658,45,6348,glm_ar1,expanding,144,0,2567
SUR,2022-01-01,1,2022-02-01,NA,NA,NA,NA,NA,glm_ar1,expanding,84,58,NA
SUR,2022-01-01,2,2022-03-01,NA,NA,NA,NA,NA,glm_ar1,expanding,84,58,NA
SUR,2022-01-01,3,2022-04-01,NA,NA,NA,NA,NA,glm_ar1,expanding,84,58,0
SUR,2022-01-01,4,2022-05-01,NA,NA,NA,NA,NA,glm_ar1,expanding,84,58,0
SUR,2022-01-01,5,2022-06-01,NA,NA,NA,NA,NA,glm_ar1,expanding,84,58,0
SUR,2022-01-01,6,2022-07-01,NA,NA,NA,NA,NA,glm_ar1,expanding,84,58,0
SXM,2022-01-01,1,2022-02-01,NA,NA,NA,NA,NA,glm_ar1,expanding,36,106,NA
SXM,2022-01-01,2,2022-03-01,NA,NA,NA,NA,NA,glm_ar1,expanding,36,106,NA
SXM,2022-01-01,3,2022-04-01,NA,NA,NA,NA,NA,glm_ar1,expanding,36,106,NA
SXM,2022-01-01,4,2022-05-01,NA,NA,NA,NA,NA,glm_ar1,expanding,36,106,NA
SXM,2022-01-01,5,2022-06-01,NA,NA,NA,NA,NA,glm_ar1,expanding,36,106,NA
SXM,2022-01-01,6,2022-07-01,NA,NA,NA,NA,NA,glm_ar1,expanding,36,106,NA
SYC,2022-01-01,1,2022-02-01,NA,NA,NA,NA,NA,glm_ar1,expanding,24,43,NA
SYC,2022-01-01,2,2022-03-01,NA,NA,NA,NA,NA,glm_ar1,expanding,24,43,NA
SYC,2022-01-01,3,2022-04-01,NA,NA,NA,NA,NA,glm_ar1,expanding,24,43,NA
SYC,2022-01-01,4,2022-05-01,NA,NA,NA,NA,NA,glm_ar1,expanding,24,43,NA
SYC,2022-01-01,5,2022-06-01,NA,NA,NA,NA,NA,glm_ar1,expanding,24,43,NA
SYC,2022-01-01,6,2022-07-01,NA,NA,NA,NA,NA,glm_ar1,expanding,24,43,13
TCA,2022-01-01,1,2022-02-01,NA,NA,NA,NA,NA,glm_ar1,expanding,72,33,NA
TCA,2022-01-01,2,2022-03-01,NA,NA,NA,NA,NA,glm_ar1,expanding,72,33,NA
TCA,2022-01-01,3,2022-04-01,NA,NA,NA,NA,NA,glm_ar1,expanding,72,33,NA
TCA,2022-01-01,4,2022-05-01,NA,NA,NA,NA,NA,glm_ar1,expanding,72,33,NA
TCA,2022-01-01,5,2022-06-01,NA,NA,NA,NA,NA,glm_ar1,expanding,72,33,NA
TCA,2022-01-01,6,2022-07-01,NA,NA,NA,NA,NA,glm_ar1,expanding,72,33,NA
THA,2022-01-01,1,2022-02-01,808,170,1115,19,2664,glm_ar1,expanding,144,0,392
THA,2022-01-01,2,2022-03-01,1059,222,1461,25,3491,glm_ar1,expanding,144,0,510
THA,2022-01-01,3,2022-04-01,1294,272,1786,30,4267,glm_ar1,expanding,144,0,791
THA,2022-01-01,4,2022-05-01,1502,316,2073,35,4953,glm_ar1,expanding,144,0,2297
THA,2022-01-01,5,2022-06-01,1678,353,2316,39,5532,glm_ar1,expanding,144,0,6242
THA,2022-01-01,6,2022-07-01,1822,383,2515,43,6006,glm_ar1,expanding,144,0,7360
TLS,2022-01-01,1,2022-02-01,1568,329,2164,37,5169,glm_ar1,expanding,137,0,1284
TLS,2022-01-01,2,2022-03-01,1732,364,2391,41,5711,glm_ar1,expanding,137,0,1201
TLS,2022-01-01,3,2022-04-01,1865,392,2574,44,6149,glm_ar1,expanding,137,0,700
TLS,2022-01-01,4,2022-05-01,1971,414,2720,46,6497,glm_ar1,expanding,137,0,487
TLS,2022-01-01,5,2022-06-01,2053,431,2833,48,6767,glm_ar1,expanding,137,0,254
TLS,2022-01-01,6,2022-07-01,2116,445,2920,50,6975,glm_ar1,expanding,137,0,139
TON,2022-01-01,1,2022-02-01,NA,NA,NA,NA,NA,glm_ar1,expanding,36,57,NA
TON,2022-01-01,2,2022-03-01,NA,NA,NA,NA,NA,glm_ar1,expanding,36,57,NA
TON,2022-01-01,3,2022-04-01,NA,NA,NA,NA,NA,glm_ar1,expanding,36,57,NA
TON,2022-01-01,4,2022-05-01,NA,NA,NA,NA,NA,glm_ar1,expanding,36,57,51
TON,2022-01-01,5,2022-06-01,NA,NA,NA,NA,NA,glm_ar1,expanding,36,57,146
TON,2022-01-01,6,2022-07-01,NA,NA,NA,NA,NA,glm_ar1,expanding,36,57,162
TTO,2022-01-01,1,2022-02-01,NA,NA,NA,NA,NA,glm_ar1,expanding,96,46,NA
TTO,2022-01-01,2,2022-03-01,NA,NA,NA,NA,NA,glm_ar1,expanding,96,46,NA
TTO,2022-01-01,3,2022-04-01,NA,NA,NA,NA,NA,glm_ar1,expanding,96,46,0
TTO,2022-01-01,4,2022-05-01,NA,NA,NA,NA,NA,glm_ar1,expanding,96,46,1
TTO,2022-01-01,5,2022-06-01,NA,NA,NA,NA,NA,glm_ar1,expanding,96,46,1
TTO,2022-01-01,6,2022-07-01,NA,NA,NA,NA,NA,glm_ar1,expanding,96,46,1
TUV,2022-01-01,1,2022-02-01,NA,NA,NA,NA,NA,glm_ar1,expanding,36,10,NA
TUV,2022-01-01,2,2022-03-01,NA,NA,NA,NA,NA,glm_ar1,expanding,36,10,NA
TUV,2022-01-01,3,2022-04-01,NA,NA,NA,NA,NA,glm_ar1,expanding,36,10,1
TUV,2022-01-01,4,2022-05-01,NA,NA,NA,NA,NA,glm_ar1,expanding,36,10,1
TUV,2022-01-01,5,2022-06-01,NA,NA,NA,NA,NA,glm_ar1,expanding,36,10,1
TUV,2022-01-01,6,2022-07-01,NA,NA,NA,NA,NA,glm_ar1,expanding,36,10,45
TWN,2022-01-01,1,2022-02-01,NA,NA,NA,NA,NA,glm_ar1,expanding,96,47,NA
TWN,2022-01-01,2,2022-03-01,NA,NA,NA,NA,NA,glm_ar1,expanding,96,47,NA
TWN,2022-01-01,3,2022-04-01,NA,NA,NA,NA,NA,glm_ar1,expanding,96,47,NA
TWN,2022-01-01,4,2022-05-01,NA,NA,NA,NA,NA,glm_ar1,expanding,96,47,NA
TWN,2022-01-01,5,2022-06-01,NA,NA,NA,NA,NA,glm_ar1,expanding,96,47,NA
TWN,2022-01-01,6,2022-07-01,NA,NA,NA,NA,NA,glm_ar1,expanding,96,47,NA
URY,2022-01-01,1,2022-02-01,34,7,47,0,114,glm_ar1,expanding,22,60,19
URY,2022-01-01,2,2022-03-01,103,21,143,2,341,glm_ar1,expanding,22,60,16
URY,2022-01-01,3,2022-04-01,231,48,319,5,763,glm_ar1,expanding,22,60,18
URY,2022-01-01,4,2022-05-01,419,88,578,10,1381,glm_ar1,expanding,22,60,3
URY,2022-01-01,5,2022-06-01,651,136,898,15,2145,glm_ar1,expanding,22,60,1
URY,2022-01-01,6,2022-07-01,902,189,1244,21,2973,glm_ar1,expanding,22,60,1
USA,2022-01-01,1,2022-02-01,46,9,64,1,154,glm_ar1,expanding,131,12,15
USA,2022-01-01,2,2022-03-01,129,27,178,3,425,glm_ar1,expanding,131,12,19
USA,2022-01-01,3,2022-04-01,272,57,375,6,896,glm_ar1,expanding,131,12,12
USA,2022-01-01,4,2022-05-01,472,99,651,11,1556,glm_ar1,expanding,131,12,23
USA,2022-01-01,5,2022-06-01,711,149,981,16,2343,glm_ar1,expanding,131,12,19
USA,2022-01-01,6,2022-07-01,963,202,1329,22,3174,glm_ar1,expanding,131,12,123
VCT,2022-01-01,1,2022-02-01,46,9,64,1,154,glm_ar1,expanding,106,36,0
VCT,2022-01-01,2,2022-03-01,129,27,178,3,425,glm_ar1,expanding,106,36,1
VCT,2022-01-01,3,2022-04-01,272,57,375,6,896,glm_ar1,expanding,106,36,NA
VCT,2022-01-01,4,2022-05-01,472,99,651,11,1556,glm_ar1,expanding,106,36,NA
VCT,2022-01-01,5,2022-06-01,711,149,981,16,2343,glm_ar1,expanding,106,36,NA
VCT,2022-01-01,6,2022-07-01,963,202,1329,22,3174,glm_ar1,expanding,106,36,NA
VEN,2022-01-01,1,2022-02-01,630,132,869,15,2077,glm_ar1,expanding,142,0,351
VEN,2022-01-01,2,2022-03-01,880,185,1215,21,2902,glm_ar1,expanding,142,0,317
VEN,2022-01-01,3,2022-04-01,1128,237,1557,26,3720,glm_ar1,expanding,142,0,277
VEN,2022-01-01,4,2022-05-01,1357,285,1873,32,4473,glm_ar1,expanding,142,0,577
VEN,2022-01-01,5,2022-06-01,1556,327,2148,37,5130,glm_ar1,expanding,142,0,674
VEN,2022-01-01,6,2022-07-01,1723,362,2377,40,5678,glm_ar1,expanding,142,0,976
VGB,2022-01-01,1,2022-02-01,NA,NA,NA,NA,NA,glm_ar1,expanding,120,22,NA
VGB,2022-01-01,2,2022-03-01,NA,NA,NA,NA,NA,glm_ar1,expanding,120,22,NA
VGB,2022-01-01,3,2022-04-01,NA,NA,NA,NA,NA,glm_ar1,expanding,120,22,NA
VGB,2022-01-01,4,2022-05-01,NA,NA,NA,NA,NA,glm_ar1,expanding,120,22,NA
VGB,2022-01-01,5,2022-06-01,NA,NA,NA,NA,NA,glm_ar1,expanding,120,22,NA
VGB,2022-01-01,6,2022-07-01,NA,NA,NA,NA,NA,glm_ar1,expanding,120,22,NA
VNM,2022-01-01,1,2022-02-01,13309,2798,18367,315,43866,glm_ar1,expanding,143,0,13011
VNM,2022-01-01,2,2022-03-01,8483,1783,11707,201,27961,glm_ar1,expanding,143,0,13781
VNM,2022-01-01,3,2022-04-01,6071,1276,8378,144,20010,glm_ar1,expanding,143,0,13081
VNM,2022-01-01,4,2022-05-01,4735,995,6534,112,15607,glm_ar1,expanding,143,0,18576
VNM,2022-01-01,5,2022-06-01,3937,827,5433,93,12975,glm_ar1,expanding,143,0,27811
VNM,2022-01-01,6,2022-07-01,3432,721,4736,81,11312,glm_ar1,expanding,143,0,39380
VUT,2022-01-01,1,2022-02-01,12,2,17,0,41,glm_ar1,expanding,63,72,3
VUT,2022-01-01,2,2022-03-01,50,10,69,1,165,glm_ar1,expanding,63,72,4
VUT,2022-01-01,3,2022-04-01,136,28,187,3,448,glm_ar1,expanding,63,72,9
VUT,2022-01-01,4,2022-05-01,282,59,390,6,932,glm_ar1,expanding,63,72,18
VUT,2022-01-01,5,2022-06-01,486,102,671,11,1602,glm_ar1,expanding,63,72,10
VUT,2022-01-01,6,2022-07-01,726,152,1002,17,2394,glm_ar1,expanding,63,72,33
WLF,2022-01-01,1,2022-02-01,37,8,52,0,124,glm_ar1,expanding,56,0,6
WLF,2022-01-01,2,2022-03-01,110,23,152,2,364,glm_ar1,expanding,56,0,7
WLF,2022-01-01,3,2022-04-01,242,51,334,5,799,glm_ar1,expanding,56,0,7
WLF,2022-01-01,4,2022-05-01,434,91,598,10,1430,glm_ar1,expanding,56,0,5
WLF,2022-01-01,5,2022-06-01,667,140,921,15,2200,glm_ar1,expanding,56,0,6
WLF,2022-01-01,6,2022-07-01,919,193,1268,21,3029,glm_ar1,expanding,56,0,22
WSM,2022-01-01,1,2022-02-01,1323,278,1826,31,4363,glm_ar1,expanding,52,0,1198
WSM,2022-01-01,2,2022-03-01,1527,321,2108,36,5035,glm_ar1,expanding,52,0,1848
WSM,2022-01-01,3,2022-04-01,1699,357,2345,40,5600,glm_ar1,expanding,52,0,4409
WSM,2022-01-01,4,2022-05-01,1839,386,2537,43,6061,glm_ar1,expanding,52,0,3096
WSM,2022-01-01,5,2022-06-01,1950,410,2691,46,6427,glm_ar1,expanding,52,0,2251
WSM,2022-01-01,6,2022-07-01,2037,428,2811,48,6713,glm_ar1,expanding,52,0,3269
YEM,2022-01-01,1,2022-02-01,2968,624,4096,70,9782,glm_ar1,expanding,58,24,1261
YEM,2022-01-01,2,2022-03-01,2782,585,3840,66,9171,glm_ar1,expanding,58,24,1232
YEM,2022-01-01,3,2022-04-01,2652,557,3660,63,8742,glm_ar1,expanding,58,24,1060
YEM,2022-01-01,4,2022-05-01,2559,538,3532,60,8437,glm_ar1,expanding,58,24,1467
YEM,2022-01-01,5,2022-06-01,2493,524,3440,59,8217,glm_ar1,expanding,58,24,927
YEM,2022-01-01,6,2022-07-01,2444,514,3373,58,8057,glm_ar1,expanding,58,24,1553
ABW,2022-07-01,1,2022-08-01,NA,NA,NA,NA,NA,glm_ar1,expanding,84,61,NA
ABW,2022-07-01,2,2022-09-01,NA,NA,NA,NA,NA,glm_ar1,expanding,84,61,NA
ABW,2022-07-01,3,2022-10-01,NA,NA,NA,NA,NA,glm_ar1,expanding,84,61,NA
ABW,2022-07-01,4,2022-11-01,NA,NA,NA,NA,NA,glm_ar1,expanding,84,61,NA
ABW,2022-07-01,5,2022-12-01,NA,NA,NA,NA,NA,glm_ar1,expanding,84,61,NA
ABW,2022-07-01,6,2023-01-01,NA,NA,NA,NA,NA,glm_ar1,expanding,84,61,NA
AFG,2022-07-01,1,2022-08-01,136,29,188,3,448,glm_ar1,expanding,17,0,24
AFG,2022-07-01,2,2022-09-01,282,60,389,7,925,glm_ar1,expanding,17,0,60
AFG,2022-07-01,3,2022-10-01,483,103,667,11,1587,glm_ar1,expanding,17,0,468
AFG,2022-07-01,4,2022-11-01,723,154,998,17,2374,glm_ar1,expanding,17,0,440
AFG,2022-07-01,5,2022-12-01,976,208,1348,24,3207,glm_ar1,expanding,17,0,210
AFG,2022-07-01,6,2023-01-01,1222,260,1688,30,4014,glm_ar1,expanding,17,0,50
ARG,2022-07-01,1,2022-08-01,45,9,63,1,150,glm_ar1,expanding,144,0,4
ARG,2022-07-01,2,2022-09-01,125,26,173,3,412,glm_ar1,expanding,144,0,5
ARG,2022-07-01,3,2022-10-01,265,56,365,6,870,glm_ar1,expanding,144,0,7
ARG,2022-07-01,4,2022-11-01,461,98,637,11,1515,glm_ar1,expanding,144,0,11
ARG,2022-07-01,5,2022-12-01,698,149,964,17,2293,glm_ar1,expanding,144,0,20
ARG,2022-07-01,6,2023-01-01,951,203,1314,23,3125,glm_ar1,expanding,144,0,36
ATG,2022-07-01,1,2022-08-01,16,3,22,0,54,glm_ar1,expanding,64,24,4
ATG,2022-07-01,2,2022-09-01,59,12,82,1,196,glm_ar1,expanding,64,24,4
ATG,2022-07-01,3,2022-10-01,152,32,210,3,501,glm_ar1,expanding,64,24,5
ATG,2022-07-01,4,2022-11-01,306,65,422,7,1005,glm_ar1,expanding,64,24,6
ATG,2022-07-01,5,2022-12-01,514,109,710,12,1688,glm_ar1,expanding,64,24,7
ATG,2022-07-01,6,2023-01-01,757,161,1045,18,2486,glm_ar1,expanding,64,24,44
AUS,2022-07-01,1,2022-08-01,136,29,188,3,448,glm_ar1,expanding,131,12,48
AUS,2022-07-01,2,2022-09-01,282,60,389,7,925,glm_ar1,expanding,131,12,80
AUS,2022-07-01,3,2022-10-01,483,103,667,11,1587,glm_ar1,expanding,131,12,122
AUS,2022-07-01,4,2022-11-01,723,154,998,17,2374,glm_ar1,expanding,131,12,85
AUS,2022-07-01,5,2022-12-01,976,208,1348,24,3207,glm_ar1,expanding,131,12,58
AUS,2022-07-01,6,2023-01-01,1222,260,1688,30,4014,glm_ar1,expanding,131,12,82
BES,2022-07-01,1,2022-08-01,NA,NA,NA,NA,NA,glm_ar1,expanding,36,0,NA
BES,2022-07-01,2,2022-09-01,NA,NA,NA,NA,NA,glm_ar1,expanding,36,0,NA
BES,2022-07-01,3,2022-10-01,NA,NA,NA,NA,NA,glm_ar1,expanding,36,0,NA
BES,2022-07-01,4,2022-11-01,NA,NA,NA,NA,NA,glm_ar1,expanding,36,0,NA
BES,2022-07-01,5,2022-12-01,NA,NA,NA,NA,NA,glm_ar1,expanding,36,0,NA
BES,2022-07-01,6,2023-01-01,NA,NA,NA,NA,NA,glm_ar1,expanding,36,0,NA
BFA,2022-07-01,1,2022-08-01,NA,NA,NA,NA,NA,glm_ar1,expanding,48,39,NA
BFA,2022-07-01,2,2022-09-01,NA,NA,NA,NA,NA,glm_ar1,expanding,48,39,NA
BFA,2022-07-01,3,2022-10-01,NA,NA,NA,NA,NA,glm_ar1,expanding,48,39,NA
BFA,2022-07-01,4,2022-11-01,NA,NA,NA,NA,NA,glm_ar1,expanding,48,39,NA
BFA,2022-07-01,5,2022-12-01,NA,NA,NA,NA,NA,glm_ar1,expanding,48,39,NA
BFA,2022-07-01,6,2023-01-01,NA,NA,NA,NA,NA,glm_ar1,expanding,48,39,NA
BGD,2022-07-01,1,2022-08-01,1649,351,2277,40,5417,glm_ar1,expanding,149,0,2832
BGD,2022-07-01,2,2022-09-01,1809,385,2497,44,5940,glm_ar1,expanding,149,0,11803
BGD,2022-07-01,3,2022-10-01,1938,413,2676,47,6363,glm_ar1,expanding,149,0,19856
BGD,2022-07-01,4,2022-11-01,2040,435,2817,50,6700,glm_ar1,expanding,149,0,18979
BGD,2022-07-01,5,2022-12-01,2120,452,2928,52,6963,glm_ar1,expanding,149,0,6293
BGD,2022-07-01,6,2023-01-01,2182,465,3013,53,7166,glm_ar1,expanding,149,0,504
BHS,2022-07-01,1,2022-08-01,NA,NA,NA,NA,NA,glm_ar1,expanding,48,100,NA
BHS,2022-07-01,2,2022-09-01,NA,NA,NA,NA,NA,glm_ar1,expanding,48,100,NA
BHS,2022-07-01,3,2022-10-01,NA,NA,NA,NA,NA,glm_ar1,expanding,48,100,NA
BHS,2022-07-01,4,2022-11-01,NA,NA,NA,NA,NA,glm_ar1,expanding,48,100,NA
BHS,2022-07-01,5,2022-12-01,NA,NA,NA,NA,NA,glm_ar1,expanding,48,100,NA
BHS,2022-07-01,6,2023-01-01,NA,NA,NA,NA,NA,glm_ar1,expanding,48,100,NA
BLM,2022-07-01,1,2022-08-01,27,5,38,0,90,glm_ar1,expanding,88,36,6
BLM,2022-07-01,2,2022-09-01,86,18,119,2,283,glm_ar1,expanding,88,36,7
BLM,2022-07-01,3,2022-10-01,200,42,276,5,658,glm_ar1,expanding,88,36,8
BLM,2022-07-01,4,2022-11-01,375,80,517,9,1231,glm_ar1,expanding,88,36,16
BLM,2022-07-01,5,2022-12-01,598,127,826,14,1964,glm_ar1,expanding,88,36,15
BLM,2022-07-01,6,2023-01-01,847,180,1170,20,2783,glm_ar1,expanding,88,36,0
BLZ,2022-07-01,1,2022-08-01,807,172,1114,19,2651,glm_ar1,expanding,149,0,456
BLZ,2022-07-01,2,2022-09-01,1060,226,1464,26,3482,glm_ar1,expanding,149,0,431
BLZ,2022-07-01,3,2022-10-01,1300,277,1795,32,4269,glm_ar1,expanding,149,0,556
BLZ,2022-07-01,4,2022-11-01,1514,323,2090,37,4971,glm_ar1,expanding,149,0,409
BLZ,2022-07-01,5,2022-12-01,1696,361,2342,41,5571,glm_ar1,expanding,149,0,446
BLZ,2022-07-01,6,2023-01-01,1847,394,2550,45,6066,glm_ar1,expanding,149,0,52
BOL,2022-07-01,1,2022-08-01,1168,249,1613,28,3837,glm_ar1,expanding,144,0,418
BOL,2022-07-01,2,2022-09-01,1398,298,1930,34,4590,glm_ar1,expanding,144,0,520
BOL,2022-07-01,3,2022-10-01,1598,341,2207,39,5248,glm_ar1,expanding,144,0,878
BOL,2022-07-01,4,2022-11-01,1767,376,2439,43,5801,glm_ar1,expanding,144,0,1582
BOL,2022-07-01,5,2022-12-01,1904,406,2629,46,6252,glm_ar1,expanding,144,0,6984
BOL,2022-07-01,6,2023-01-01,2014,429,2780,49,6612,glm_ar1,expanding,144,0,28782
BRA,2022-07-01,1,2022-08-01,48242,10288,66605,1185,158396,glm_ar1,expanding,142,0,67276
BRA,2022-07-01,2,2022-09-01,22580,4815,31176,554,74140,glm_ar1,expanding,142,0,54134
BRA,2022-07-01,3,2022-10-01,12798,2729,17670,314,42022,glm_ar1,expanding,142,0,67110
BRA,2022-07-01,4,2022-11-01,8370,1785,11556,205,27483,glm_ar1,expanding,142,0,63600
BRA,2022-07-01,5,2022-12-01,6093,1299,8412,149,20006,glm_ar1,expanding,142,0,42012
BRA,2022-07-01,6,2023-01-01,4805,1024,6634,118,15777,glm_ar1,expanding,142,0,191315
BRB,2022-07-01,1,2022-08-01,144,30,199,3,474,glm_ar1,expanding,148,0,26
BRB,2022-07-01,2,2022-09-01,293,62,405,7,964,glm_ar1,expanding,148,0,42
BRB,2022-07-01,3,2022-10-01,498,106,688,12,1637,glm_ar1,expanding,148,0,44
BRB,2022-07-01,4,2022-11-01,739,157,1021,18,2429,glm_ar1,expanding,148,0,22
BRB,2022-07-01,5,2022-12-01,993,212,1371,24,3262,glm_ar1,expanding,148,0,18
BRB,2022-07-01,6,2023-01-01,1238,264,1709,30,4066,glm_ar1,expanding,148,0,6
BRN,2022-07-01,1,2022-08-01,56,12,78,1,186,glm_ar1,expanding,147,0,21
BRN,2022-07-01,2,2022-09-01,147,31,203,3,483,glm_ar1,expanding,147,0,19
BRN,2022-07-01,3,2022-10-01,297,63,411,7,978,glm_ar1,expanding,147,0,21
BRN,2022-07-01,4,2022-11-01,503,107,695,12,1654,glm_ar1,expanding,147,0,23
BRN,2022-07-01,5,2022-12-01,745,159,1029,18,2448,glm_ar1,expanding,147,0,21
BRN,2022-07-01,6,2023-01-01,999,213,1379,24,3281,glm_ar1,expanding,147,0,22
BTN,2022-07-01,1,2022-08-01,106,22,146,2,348,glm_ar1,expanding,101,48,72
BTN,2022-07-01,2,2022-09-01,233,49,322,5,766,glm_ar1,expanding,101,48,63
BTN,2022-07-01,3,2022-10-01,420,89,580,10,1379,glm_ar1,expanding,101,48,57
BTN,2022-07-01,4,2022-11-01,651,138,899,16,2137,glm_ar1,expanding,101,48,49
BTN,2022-07-01,5,2022-12-01,903,192,1246,22,2965,glm_ar1,expanding,101,48,42
BTN,2022-07-01,6,2023-01-01,1153,246,1592,28,3786,glm_ar1,expanding,101,48,43
CHL,2022-07-01,1,2022-08-01,NA,NA,NA,NA,NA,glm_ar1,expanding,36,88,NA
CHL,2022-07-01,2,2022-09-01,NA,NA,NA,NA,NA,glm_ar1,expanding,36,88,NA
CHL,2022-07-01,3,2022-10-01,NA,NA,NA,NA,NA,glm_ar1,expanding,36,88,NA
CHL,2022-07-01,4,2022-11-01,NA,NA,NA,NA,NA,glm_ar1,expanding,36,88,NA
CHL,2022-07-01,5,2022-12-01,NA,NA,NA,NA,NA,glm_ar1,expanding,36,88,NA
CHL,2022-07-01,6,2023-01-01,NA,NA,NA,NA,NA,glm_ar1,expanding,36,88,NA
CHN,2022-07-01,1,2022-08-01,7,1,10,0,24,glm_ar1,expanding,125,24,0
CHN,2022-07-01,2,2022-09-01,34,7,47,0,112,glm_ar1,expanding,125,24,0
CHN,2022-07-01,3,2022-10-01,101,21,140,2,333,glm_ar1,expanding,125,24,487
CHN,2022-07-01,4,2022-11-01,226,48,312,5,742,glm_ar1,expanding,125,24,239
CHN,2022-07-01,5,2022-12-01,410,87,566,10,1346,glm_ar1,expanding,125,24,43
CHN,2022-07-01,6,2023-01-01,639,136,882,15,2099,glm_ar1,expanding,125,24,1
CIV,2022-07-01,1,2022-08-01,16,3,22,0,54,glm_ar1,expanding,6,0,2
CIV,2022-07-01,2,2022-09-01,59,12,82,1,196,glm_ar1,expanding,6,0,1
CIV,2022-07-01,3,2022-10-01,152,32,210,3,501,glm_ar1,expanding,6,0,1
CIV,2022-07-01,4,2022-11-01,306,65,422,7,1005,glm_ar1,expanding,6,0,1
CIV,2022-07-01,5,2022-12-01,514,109,710,12,1688,glm_ar1,expanding,6,0,1
CIV,2022-07-01,6,2023-01-01,757,161,1045,18,2486,glm_ar1,expanding,6,0,118
COK,2022-07-01,1,2022-08-01,NA,NA,NA,NA,NA,glm_ar1,expanding,60,43,NA
COK,2022-07-01,2,2022-09-01,NA,NA,NA,NA,NA,glm_ar1,expanding,60,43,NA
COK,2022-07-01,3,2022-10-01,NA,NA,NA,NA,NA,glm_ar1,expanding,60,43,NA
COK,2022-07-01,4,2022-11-01,NA,NA,NA,NA,NA,glm_ar1,expanding,60,43,NA
COK,2022-07-01,5,2022-12-01,NA,NA,NA,NA,NA,glm_ar1,expanding,60,43,NA
COK,2022-07-01,6,2023-01-01,NA,NA,NA,NA,NA,glm_ar1,expanding,60,43,NA
COL,2022-07-01,1,2022-08-01,5970,1273,8242,146,19602,glm_ar1,expanding,150,0,5435
COL,2022-07-01,2,2022-09-01,4732,1009,6533,116,15538,glm_ar1,expanding,150,0,4985
COL,2022-07-01,3,2022-10-01,3977,848,5491,97,13060,glm_ar1,expanding,150,0,7088
COL,2022-07-01,4,2022-11-01,3493,745,4822,85,11469,glm_ar1,expanding,150,0,6635
COL,2022-07-01,5,2022-12-01,3169,676,4376,77,10407,glm_ar1,expanding,150,0,6510
COL,2022-07-01,6,2023-01-01,2947,628,4069,72,9678,glm_ar1,expanding,150,0,9890
CRI,2022-07-01,1,2022-08-01,1595,340,2202,39,5238,glm_ar1,expanding,149,0,1119
CRI,2022-07-01,2,2022-09-01,1764,376,2436,43,5793,glm_ar1,expanding,149,0,796
CRI,2022-07-01,3,2022-10-01,1902,405,2626,46,6245,glm_ar1,expanding,149,0,880
CRI,2022-07-01,4,2022-11-01,2012,429,2778,49,6607,glm_ar1,expanding,149,0,503
CRI,2022-07-01,5,2022-12-01,2098,447,2897,51,6890,glm_ar1,expanding,149,0,266
CRI,2022-07-01,6,2023-01-01,2165,461,2990,53,7110,glm_ar1,expanding,149,0,304
CUB,2022-07-01,1,2022-08-01,NA,NA,NA,NA,NA,glm_ar1,expanding,96,4,NA
CUB,2022-07-01,2,2022-09-01,NA,NA,NA,NA,NA,glm_ar1,expanding,96,4,NA
CUB,2022-07-01,3,2022-10-01,NA,NA,NA,NA,NA,glm_ar1,expanding,96,4,NA
CUB,2022-07-01,4,2022-11-01,NA,NA,NA,NA,NA,glm_ar1,expanding,96,4,NA
CUB,2022-07-01,5,2022-12-01,NA,NA,NA,NA,NA,glm_ar1,expanding,96,4,NA
CUB,2022-07-01,6,2023-01-01,NA,NA,NA,NA,NA,glm_ar1,expanding,96,4,NA
CUW,2022-07-01,1,2022-08-01,NA,NA,NA,NA,NA,glm_ar1,expanding,48,0,NA
CUW,2022-07-01,2,2022-09-01,NA,NA,NA,NA,NA,glm_ar1,expanding,48,0,NA
CUW,2022-07-01,3,2022-10-01,NA,NA,NA,NA,NA,glm_ar1,expanding,48,0,NA
CUW,2022-07-01,4,2022-11-01,NA,NA,NA,NA,NA,glm_ar1,expanding,48,0,NA
CUW,2022-07-01,5,2022-12-01,NA,NA,NA,NA,NA,glm_ar1,expanding,48,0,NA
CUW,2022-07-01,6,2023-01-01,NA,NA,NA,NA,NA,glm_ar1,expanding,48,0,NA
CYM,2022-07-01,1,2022-08-01,NA,NA,NA,NA,NA,glm_ar1,expanding,84,40,NA
CYM,2022-07-01,2,2022-09-01,NA,NA,NA,NA,NA,glm_ar1,expanding,84,40,NA
CYM,2022-07-01,3,2022-10-01,NA,NA,NA,NA,NA,glm_ar1,expanding,84,40,NA
CYM,2022-07-01,4,2022-11-01,NA,NA,NA,NA,NA,glm_ar1,expanding,84,40,NA
CYM,2022-07-01,5,2022-12-01,NA,NA,NA,NA,NA,glm_ar1,expanding,84,40,NA
CYM,2022-07-01,6,2023-01-01,NA,NA,NA,NA,NA,glm_ar1,expanding,84,40,NA
DMA,2022-07-01,1,2022-08-01,7,1,10,0,24,glm_ar1,expanding,124,24,0
DMA,2022-07-01,2,2022-09-01,34,7,47,0,112,glm_ar1,expanding,124,24,0
DMA,2022-07-01,3,2022-10-01,101,21,140,2,333,glm_ar1,expanding,124,24,0
DMA,2022-07-01,4,2022-11-01,226,48,312,5,742,glm_ar1,expanding,124,24,1
DMA,2022-07-01,5,2022-12-01,410,87,566,10,1346,glm_ar1,expanding,124,24,0
DMA,2022-07-01,6,2023-01-01,639,136,882,15,2099,glm_ar1,expanding,124,24,51
DOM,2022-07-01,1,2022-08-01,1332,284,1839,32,4373,glm_ar1,expanding,149,0,974
DOM,2022-07-01,2,2022-09-01,1541,328,2128,37,5062,glm_ar1,expanding,149,0,1790
DOM,2022-07-01,3,2022-10-01,1719,366,2374,42,5646,glm_ar1,expanding,149,0,2055
DOM,2022-07-01,4,2022-11-01,1866,398,2576,45,6127,glm_ar1,expanding,149,0,1442
DOM,2022-07-01,5,2022-12-01,1983,423,2738,48,6513,glm_ar1,expanding,149,0,686
DOM,2022-07-01,6,2023-01-01,2076,442,2866,51,6817,glm_ar1,expanding,149,0,581
ECU,2022-07-01,1,2022-08-01,1527,325,2108,37,5014,glm_ar1,expanding,141,0,683
ECU,2022-07-01,2,2022-09-01,1707,364,2357,42,5607,glm_ar1,expanding,141,0,525
ECU,2022-07-01,3,2022-10-01,1856,396,2563,45,6095,glm_ar1,expanding,141,0,542
ECU,2022-07-01,4,2022-11-01,1976,421,2728,48,6487,glm_ar1,expanding,141,0,491
ECU,2022-07-01,5,2022-12-01,2070,441,2858,50,6797,glm_ar1,expanding,141,0,542
ECU,2022-07-01,6,2023-01-01,2143,457,2959,52,7038,glm_ar1,expanding,141,0,1460
ERI,2022-07-01,1,2022-08-01,NA,NA,NA,NA,NA,glm_ar1,expanding,60,85,NA
ERI,2022-07-01,2,2022-09-01,NA,NA,NA,NA,NA,glm_ar1,expanding,60,85,NA
ERI,2022-07-01,3,2022-10-01,NA,NA,NA,NA,NA,glm_ar1,expanding,60,85,NA
ERI,2022-07-01,4,2022-11-01,NA,NA,NA,NA,NA,glm_ar1,expanding,60,85,NA
ERI,2022-07-01,5,2022-12-01,NA,NA,NA,NA,NA,glm_ar1,expanding,60,85,NA
ERI,2022-07-01,6,2023-01-01,NA,NA,NA,NA,NA,glm_ar1,expanding,60,85,NA
ETH,2022-07-01,1,2022-08-01,NA,NA,NA,NA,NA,glm_ar1,expanding,12,99,NA
ETH,2022-07-01,2,2022-09-01,NA,NA,NA,NA,NA,glm_ar1,expanding,12,99,NA
ETH,2022-07-01,3,2022-10-01,NA,NA,NA,NA,NA,glm_ar1,expanding,12,99,NA
ETH,2022-07-01,4,2022-11-01,NA,NA,NA,NA,NA,glm_ar1,expanding,12,99,NA
ETH,2022-07-01,5,2022-12-01,NA,NA,NA,NA,NA,glm_ar1,expanding,12,99,NA
ETH,2022-07-01,6,2023-01-01,NA,NA,NA,NA,NA,glm_ar1,expanding,12,99,NA
FJI,2022-07-01,1,2022-08-01,898,191,1240,22,2949,glm_ar1,expanding,141,0,822
FJI,2022-07-01,2,2022-09-01,1148,245,1585,28,3771,glm_ar1,expanding,141,0,539
FJI,2022-07-01,3,2022-10-01,1380,294,1905,34,4531,glm_ar1,expanding,141,0,497
FJI,2022-07-01,4,2022-11-01,1583,337,2185,38,5198,glm_ar1,expanding,141,0,1008
FJI,2022-07-01,5,2022-12-01,1754,374,2422,43,5759,glm_ar1,expanding,141,0,1278
FJI,2022-07-01,6,2023-01-01,1894,404,2615,46,6218,glm_ar1,expanding,141,0,1533
FSM,2022-07-01,1,2022-08-01,99,21,137,2,326,glm_ar1,expanding,64,12,336
FSM,2022-07-01,2,2022-09-01,222,47,307,5,731,glm_ar1,expanding,64,12,2206
FSM,2022-07-01,3,2022-10-01,405,86,560,10,1332,glm_ar1,expanding,64,12,1657
FSM,2022-07-01,4,2022-11-01,634,135,875,15,2083,glm_ar1,expanding,64,12,1372
FSM,2022-07-01,5,2022-12-01,885,189,1223,21,2908,glm_ar1,expanding,64,12,640
FSM,2022-07-01,6,2023-01-01,1136,242,1569,28,3731,glm_ar1,expanding,64,12,17
GLP,2022-07-01,1,2022-08-01,62,13,85,1,203,glm_ar1,expanding,148,0,26
GLP,2022-07-01,2,2022-09-01,157,33,216,3,515,glm_ar1,expanding,148,0,135
GLP,2022-07-01,3,2022-10-01,312,66,431,7,1026,glm_ar1,expanding,148,0,160
GLP,2022-07-01,4,2022-11-01,522,111,720,12,1714,glm_ar1,expanding,148,0,198
GLP,2022-07-01,5,2022-12-01,765,163,1057,18,2514,glm_ar1,expanding,148,0,142
GLP,2022-07-01,6,2023-01-01,1019,217,1407,25,3347,glm_ar1,expanding,148,0,206
GRD,2022-07-01,1,2022-08-01,72,15,99,1,236,glm_ar1,expanding,137,12,36
GRD,2022-07-01,2,2022-09-01,175,37,242,4,575,glm_ar1,expanding,137,12,27
GRD,2022-07-01,3,2022-10-01,339,72,468,8,1114,glm_ar1,expanding,137,12,17
GRD,2022-07-01,4,2022-11-01,555,118,766,13,1822,glm_ar1,expanding,137,12,20
GRD,2022-07-01,5,2022-12-01,801,171,1106,19,2632,glm_ar1,expanding,137,12,21
GRD,2022-07-01,6,2023-01-01,1055,225,1456,26,3463,glm_ar1,expanding,137,12,9
GTM,2022-07-01,1,2022-08-01,1516,323,2093,37,4977,glm_ar1,expanding,150,0,930
GTM,2022-07-01,2,2022-09-01,1698,362,2344,41,5576,glm_ar1,expanding,150,0,1046
GTM,2022-07-01,3,2022-10-01,1848,394,2552,45,6070,glm_ar1,expanding,150,0,1185
GTM,2022-07-01,4,2022-11-01,1969,420,2719,48,6467,glm_ar1,expanding,150,0,628
GTM,2022-07-01,5,2022-12-01,2065,440,2851,50,6781,glm_ar1,expanding,150,0,384
GTM,2022-07-01,6,2023-01-01,2140,456,2954,52,7026,glm_ar1,expanding,150,0,529
GUF,2022-07-01,1,2022-08-01,NA,NA,NA,NA,NA,glm_ar1,expanding,132,10,NA
GUF,2022-07-01,2,2022-09-01,NA,NA,NA,NA,NA,glm_ar1,expanding,132,10,NA
GUF,2022-07-01,3,2022-10-01,NA,NA,NA,NA,NA,glm_ar1,expanding,132,10,0
GUF,2022-07-01,4,2022-11-01,NA,NA,NA,NA,NA,glm_ar1,expanding,132,10,0
GUF,2022-07-01,5,2022-12-01,NA,NA,NA,NA,NA,glm_ar1,expanding,132,10,0
GUF,2022-07-01,6,2023-01-01,NA,NA,NA,NA,NA,glm_ar1,expanding,132,10,221
GUY,2022-07-01,1,2022-08-01,1720,367,2375,42,5648,glm_ar1,expanding,139,12,642
GUY,2022-07-01,2,2022-09-01,1866,398,2577,45,6128,glm_ar1,expanding,139,12,603
GUY,2022-07-01,3,2022-10-01,1984,423,2739,48,6514,glm_ar1,expanding,139,12,761
GUY,2022-07-01,4,2022-11-01,2076,443,2867,51,6818,glm_ar1,expanding,139,12,751
GUY,2022-07-01,5,2022-12-01,2148,458,2966,52,7054,glm_ar1,expanding,139,12,447
GUY,2022-07-01,6,2023-01-01,2204,470,3043,54,7237,glm_ar1,expanding,139,12,978
HND,2022-07-01,1,2022-08-01,3834,817,5294,94,12591,glm_ar1,expanding,150,0,3030
HND,2022-07-01,2,2022-09-01,3398,724,4692,83,11159,glm_ar1,expanding,150,0,2644
HND,2022-07-01,3,2022-10-01,3105,662,4287,76,10196,glm_ar1,expanding,150,0,2407
HND,2022-07-01,4,2022-11-01,2903,619,4008,71,9531,glm_ar1,expanding,150,0,1556
HND,2022-07-01,5,2022-12-01,2760,588,3810,67,9062,glm_ar1,expanding,150,0,901
HND,2022-07-01,6,2023-01-01,2658,566,3669,65,8727,glm_ar1,expanding,150,0,1163
HTI,2022-07-01,1,2022-08-01,302,64,418,7,994,glm_ar1,expanding,51,0,189
HTI,2022-07-01,2,2022-09-01,510,108,704,12,1674,glm_ar1,expanding,51,0,261
HTI,2022-07-01,3,2022-10-01,752,160,1038,18,2470,glm_ar1,expanding,51,0,210
HTI,2022-07-01,4,2022-11-01,1006,214,1389,24,3303,glm_ar1,expanding,51,0,257
HTI,2022-07-01,5,2022-12-01,1250,266,1726,30,4104,glm_ar1,expanding,51,0,638
HTI,2022-07-01,6,2023-01-01,1470,313,2030,36,4827,glm_ar1,expanding,51,0,106
IDN,2022-07-01,1,2022-08-01,8526,1818,11772,209,27995,glm_ar1,expanding,142,0,12348
IDN,2022-07-01,2,2022-09-01,6177,1317,8529,151,20284,glm_ar1,expanding,142,0,10994
IDN,2022-07-01,3,2022-10-01,4855,1035,6703,119,15940,glm_ar1,expanding,142,0,10135
IDN,2022-07-01,4,2022-11-01,4054,864,5597,99,13312,glm_ar1,expanding,142,0,9423
IDN,2022-07-01,5,2022-12-01,3543,755,4892,87,11634,glm_ar1,expanding,142,0,8935
IDN,2022-07-01,6,2023-01-01,3203,683,4423,78,10519,glm_ar1,expanding,142,0,12611
IND,2022-07-01,1,2022-08-01,11523,2457,15909,283,37834,glm_ar1,expanding,148,0,27266
IND,2022-07-01,2,2022-09-01,7738,1650,10684,190,25408,glm_ar1,expanding,148,0,36269
IND,2022-07-01,3,2022-10-01,5745,1225,7932,141,18865,glm_ar1,expanding,148,0,47251
IND,2022-07-01,4,2022-11-01,4598,980,6349,113,15099,glm_ar1,expanding,148,0,30935
IND,2022-07-01,5,2022-12-01,3893,830,5375,95,12783,glm_ar1,expanding,148,0,18543
IND,2022-07-01,6,2023-01-01,3437,733,4746,84,11287,glm_ar1,expanding,148,0,19480
JAM,2022-07-01,1,2022-08-01,27,5,38,0,90,glm_ar1,expanding,147,0,12
JAM,2022-07-01,2,2022-09-01,86,18,119,2,283,glm_ar1,expanding,147,0,6
JAM,2022-07-01,3,2022-10-01,200,42,276,5,658,glm_ar1,expanding,147,0,12
JAM,2022-07-01,4,2022-11-01,375,80,517,9,1231,glm_ar1,expanding,147,0,10
JAM,2022-07-01,5,2022-12-01,598,127,826,14,1964,glm_ar1,expanding,147,0,19
JAM,2022-07-01,6,2023-01-01,847,180,1170,20,2783,glm_ar1,expanding,147,0,6
KEN,2022-07-01,1,2022-08-01,NA,NA,NA,NA,NA,glm_ar1,expanding,60,53,NA
KEN,2022-07-01,2,2022-09-01,NA,NA,NA,NA,NA,glm_ar1,expanding,60,53,NA
KEN,2022-07-01,3,2022-10-01,NA,NA,NA,NA,NA,glm_ar1,expanding,60,53,NA
KEN,2022-07-01,4,2022-11-01,NA,NA,NA,NA,NA,glm_ar1,expanding,60,53,NA
KEN,2022-07-01,5,2022-12-01,NA,NA,NA,NA,NA,glm_ar1,expanding,60,53,NA
KEN,2022-07-01,6,2023-01-01,NA,NA,NA,NA,NA,glm_ar1,expanding,60,53,NA
KHM,2022-07-01,1,2022-08-01,2125,453,2934,52,6978,glm_ar1,expanding,150,0,1519
KHM,2022-07-01,2,2022-09-01,2186,466,3018,53,7178,glm_ar1,expanding,150,0,1387
KHM,2022-07-01,3,2022-10-01,2232,476,3082,54,7331,glm_ar1,expanding,150,0,2254
KHM,2022-07-01,4,2022-11-01,2268,483,3131,55,7447,glm_ar1,expanding,150,0,1487
KHM,2022-07-01,5,2022-12-01,2295,489,3169,56,7536,glm_ar1,expanding,150,0,989
KHM,2022-07-01,6,2023-01-01,2315,493,3197,56,7603,glm_ar1,expanding,150,0,572
KIR,2022-07-01,1,2022-08-01,NA,NA,NA,NA,NA,glm_ar1,expanding,72,64,NA
KIR,2022-07-01,2,2022-09-01,NA,NA,NA,NA,NA,glm_ar1,expanding,72,64,NA
KIR,2022-07-01,3,2022-10-01,NA,NA,NA,NA,NA,glm_ar1,expanding,72,64,NA
KIR,2022-07-01,4,2022-11-01,NA,NA,NA,NA,NA,glm_ar1,expanding,72,64,NA
KIR,2022-07-01,5,2022-12-01,NA,NA,NA,NA,NA,glm_ar1,expanding,72,64,NA
KIR,2022-07-01,6,2023-01-01,NA,NA,NA,NA,NA,glm_ar1,expanding,72,64,NA
KNA,2022-07-01,1,2022-08-01,NA,NA,NA,NA,NA,glm_ar1,expanding,48,64,NA
KNA,2022-07-01,2,2022-09-01,NA,NA,NA,NA,NA,glm_ar1,expanding,48,64,NA
KNA,2022-07-01,3,2022-10-01,NA,NA,NA,NA,NA,glm_ar1,expanding,48,64,NA
KNA,2022-07-01,4,2022-11-01,NA,NA,NA,NA,NA,glm_ar1,expanding,48,64,NA
KNA,2022-07-01,5,2022-12-01,NA,NA,NA,NA,NA,glm_ar1,expanding,48,64,NA
KNA,2022-07-01,6,2023-01-01,NA,NA,NA,NA,NA,glm_ar1,expanding,48,64,NA
LAO,2022-07-01,1,2022-08-01,6517,1390,8997,160,21398,glm_ar1,expanding,150,0,6337
LAO,2022-07-01,2,2022-09-01,5053,1077,6976,124,16591,glm_ar1,expanding,150,0,3905
LAO,2022-07-01,3,2022-10-01,4177,891,5767,102,13716,glm_ar1,expanding,150,0,2799
LAO,2022-07-01,4,2022-11-01,3623,772,5002,89,11897,glm_ar1,expanding,150,0,1247
LAO,2022-07-01,5,2022-12-01,3257,694,4498,80,10696,glm_ar1,expanding,150,0,903
LAO,2022-07-01,6,2023-01-01,3008,641,4154,74,9878,glm_ar1,expanding,150,0,308
LCA,2022-07-01,1,2022-08-01,NA,NA,NA,NA,NA,glm_ar1,expanding,108,41,NA
LCA,2022-07-01,2,2022-09-01,NA,NA,NA,NA,NA,glm_ar1,expanding,108,41,NA
LCA,2022-07-01,3,2022-10-01,NA,NA,NA,NA,NA,glm_ar1,expanding,108,41,NA
LCA,2022-07-01,4,2022-11-01,NA,NA,NA,NA,NA,glm_ar1,expanding,108,41,NA
LCA,2022-07-01,5,2022-12-01,NA,NA,NA,NA,NA,glm_ar1,expanding,108,41,NA
LCA,2022-07-01,6,2023-01-01,NA,NA,NA,NA,NA,glm_ar1,expanding,108,41,NA
LKA,2022-07-01,1,2022-08-01,7695,1641,10624,189,25266,glm_ar1,expanding,150,0,6907
LKA,2022-07-01,2,2022-09-01,5721,1220,7899,140,18786,glm_ar1,expanding,150,0,4527
LKA,2022-07-01,3,2022-10-01,4584,977,6329,112,15052,glm_ar1,expanding,150,0,4781
LKA,2022-07-01,4,2022-11-01,3884,828,5362,95,12753,glm_ar1,expanding,150,0,5416
LKA,2022-07-01,5,2022-12-01,3431,731,4737,84,11267,glm_ar1,expanding,150,0,8197
LKA,2022-07-01,6,2023-01-01,3128,667,4318,76,10270,glm_ar1,expanding,150,0,8148
MAF,2022-07-01,1,2022-08-01,16,3,22,0,54,glm_ar1,expanding,134,12,2
MAF,2022-07-01,2,2022-09-01,59,12,82,1,196,glm_ar1,expanding,134,12,2
MAF,2022-07-01,3,2022-10-01,152,32,210,3,501,glm_ar1,expanding,134,12,5
MAF,2022-07-01,4,2022-11-01,306,65,422,7,1005,glm_ar1,expanding,134,12,7
MAF,2022-07-01,5,2022-12-01,514,109,710,12,1688,glm_ar1,expanding,134,12,5
MAF,2022-07-01,6,2023-01-01,757,161,1045,18,2486,glm_ar1,expanding,134,12,3
MDV,2022-07-01,1,2022-08-01,582,124,803,14,1910,glm_ar1,expanding,150,0,250
MDV,2022-07-01,2,2022-09-01,830,177,1146,20,2726,glm_ar1,expanding,150,0,260
MDV,2022-07-01,3,2022-10-01,1083,231,1495,26,3556,glm_ar1,expanding,150,0,660
MDV,2022-07-01,4,2022-11-01,1321,281,1823,32,4337,glm_ar1,expanding,150,0,282
MDV,2022-07-01,5,2022-12-01,1532,326,2115,37,5030,glm_ar1,expanding,150,0,205
MDV,2022-07-01,6,2023-01-01,1711,365,2363,42,5620,glm_ar1,expanding,150,0,238
MEX,2022-07-01,1,2022-08-01,4435,946,6123,109,14563,glm_ar1,expanding,150,0,6006
MEX,2022-07-01,2,2022-09-01,3789,808,5232,93,12442,glm_ar1,expanding,150,0,9556
MEX,2022-07-01,3,2022-10-01,3368,718,4651,82,11061,glm_ar1,expanding,150,0,14309
MEX,2022-07-01,4,2022-11-01,3085,658,4259,75,10129,glm_ar1,expanding,150,0,8114
MEX,2022-07-01,5,2022-12-01,2888,616,3988,71,9484,glm_ar1,expanding,150,0,3617
MEX,2022-07-01,6,2023-01-01,2750,586,3796,67,9029,glm_ar1,expanding,150,0,4157
MHL,2022-07-01,1,2022-08-01,12,2,17,0,40,glm_ar1,expanding,50,84,2
MHL,2022-07-01,2,2022-09-01,48,10,66,1,159,glm_ar1,expanding,50,84,8
MHL,2022-07-01,3,2022-10-01,130,28,180,3,429,glm_ar1,expanding,50,84,30
MHL,2022-07-01,4,2022-11-01,273,58,376,6,896,glm_ar1,expanding,50,84,92
MHL,2022-07-01,5,2022-12-01,472,100,651,11,1549,glm_ar1,expanding,50,84,220
MHL,2022-07-01,6,2023-01-01,710,151,980,17,2332,glm_ar1,expanding,50,84,1
MMR,2022-07-01,1,2022-08-01,4630,987,6393,113,15204,glm_ar1,expanding,150,0,5004
MMR,2022-07-01,2,2022-09-01,3913,834,5403,96,12850,glm_ar1,expanding,150,0,3736
MMR,2022-07-01,3,2022-10-01,3451,736,4764,84,11331,glm_ar1,expanding,150,0,1917
MMR,2022-07-01,4,2022-11-01,3141,670,4336,77,10313,glm_ar1,expanding,150,0,1184
MMR,2022-07-01,5,2022-12-01,2927,624,4042,72,9613,glm_ar1,expanding,150,0,133
MMR,2022-07-01,6,2023-01-01,2777,592,3835,68,9120,glm_ar1,expanding,150,0,6
MRT,2022-07-01,1,2022-08-01,NA,NA,NA,NA,NA,glm_ar1,expanding,12,51,NA
MRT,2022-07-01,2,2022-09-01,NA,NA,NA,NA,NA,glm_ar1,expanding,12,51,NA
MRT,2022-07-01,3,2022-10-01,NA,NA,NA,NA,NA,glm_ar1,expanding,12,51,NA
MRT,2022-07-01,4,2022-11-01,NA,NA,NA,NA,NA,glm_ar1,expanding,12,51,NA
MRT,2022-07-01,5,2022-12-01,NA,NA,NA,NA,NA,glm_ar1,expanding,12,51,NA
MRT,2022-07-01,6,2023-01-01,NA,NA,NA,NA,NA,glm_ar1,expanding,12,51,NA
MTQ,2022-07-01,1,2022-08-01,59,12,82,1,195,glm_ar1,expanding,147,0,12
MTQ,2022-07-01,2,2022-09-01,152,32,210,3,499,glm_ar1,expanding,147,0,35
MTQ,2022-07-01,3,2022-10-01,305,65,421,7,1002,glm_ar1,expanding,147,0,51
MTQ,2022-07-01,4,2022-11-01,513,109,708,12,1684,glm_ar1,expanding,147,0,48
MTQ,2022-07-01,5,2022-12-01,756,161,1043,18,2482,glm_ar1,expanding,147,0,27
MTQ,2022-07-01,6,2023-01-01,1009,215,1394,24,3315,glm_ar1,expanding,147,0,90
MYS,2022-07-01,1,2022-08-01,5775,1231,7974,141,18963,glm_ar1,expanding,150,0,5429
MYS,2022-07-01,2,2022-09-01,4616,984,6374,113,15158,glm_ar1,expanding,150,0,5619
MYS,2022-07-01,3,2022-10-01,3904,832,5391,96,12820,glm_ar1,expanding,150,0,7623
MYS,2022-07-01,4,2022-11-01,3445,734,4756,84,11311,glm_ar1,expanding,150,0,6734
MYS,2022-07-01,5,2022-12-01,3137,669,4331,77,10300,glm_ar1,expanding,150,0,7807
MYS,2022-07-01,6,2023-01-01,2925,623,4038,71,9603,glm_ar1,expanding,150,0,11279
NCL,2022-07-01,1,2022-08-01,56,12,78,1,186,glm_ar1,expanding,119,12,82
NCL,2022-07-01,2,2022-09-01,147,31,203,3,483,glm_ar1,expanding,119,12,176
NCL,2022-07-01,3,2022-10-01,297,63,411,7,978,glm_ar1,expanding,119,12,123
NCL,2022-07-01,4,2022-11-01,503,107,695,12,1654,glm_ar1,expanding,119,12,152
NCL,2022-07-01,5,2022-12-01,745,159,1029,18,2448,glm_ar1,expanding,119,12,122
NCL,2022-07-01,6,2023-01-01,999,213,1379,24,3281,glm_ar1,expanding,119,12,2
NIC,2022-07-01,1,2022-08-01,7771,1657,10730,191,25517,glm_ar1,expanding,149,0,13755
NIC,2022-07-01,2,2022-09-01,5764,1229,7958,141,18925,glm_ar1,expanding,149,0,12029
NIC,2022-07-01,3,2022-10-01,4609,983,6364,113,15135,glm_ar1,expanding,149,0,16923
NIC,2022-07-01,4,2022-11-01,3900,831,5385,95,12806,glm_ar1,expanding,149,0,12059
NIC,2022-07-01,5,2022-12-01,3442,734,4752,84,11302,glm_ar1,expanding,149,0,8085
NIC,2022-07-01,6,2023-01-01,3135,668,4328,77,10294,glm_ar1,expanding,149,0,9207
NPL,2022-07-01,1,2022-08-01,974,207,1344,24,3198,glm_ar1,expanding,149,0,3708
NPL,2022-07-01,2,2022-09-01,1220,260,1684,30,4006,glm_ar1,expanding,149,0,27529
NPL,2022-07-01,3,2022-10-01,1444,308,1993,35,4740,glm_ar1,expanding,149,0,17889
NPL,2022-07-01,4,2022-11-01,1637,349,2260,40,5376,glm_ar1,expanding,149,0,4290
NPL,2022-07-01,5,2022-12-01,1799,383,2483,44,5907,glm_ar1,expanding,149,0,483
NPL,2022-07-01,6,2023-01-01,1930,411,2664,47,6337,glm_ar1,expanding,149,0,133
OMN,2022-07-01,1,2022-08-01,67,14,92,1,220,glm_ar1,expanding,52,0,28
OMN,2022-07-01,2,2022-09-01,166,35,229,4,546,glm_ar1,expanding,52,0,111
OMN,2022-07-01,3,2022-10-01,326,69,450,8,1071,glm_ar1,expanding,52,0,208
OMN,2022-07-01,4,2022-11-01,539,115,744,13,1770,glm_ar1,expanding,52,0,267
OMN,2022-07-01,5,2022-12-01,784,167,1083,19,2575,glm_ar1,expanding,52,0,195
OMN,2022-07-01,6,2023-01-01,1038,221,1433,25,3408,glm_ar1,expanding,52,0,171
PAK,2022-07-01,1,2022-08-01,2911,621,4019,71,9558,glm_ar1,expanding,149,0,7454
PAK,2022-07-01,2,2022-09-01,2766,590,3819,68,9082,glm_ar1,expanding,149,0,23055
PAK,2022-07-01,3,2022-10-01,2662,567,3675,65,8741,glm_ar1,expanding,149,0,18303
PAK,2022-07-01,4,2022-11-01,2587,551,3572,63,8494,glm_ar1,expanding,149,0,8640
PAK,2022-07-01,5,2022-12-01,2532,540,3496,62,8315,glm_ar1,expanding,149,0,2668
PAK,2022-07-01,6,2023-01-01,2492,531,3441,61,8183,glm_ar1,expanding,149,0,434
PAN,2022-07-01,1,2022-08-01,2330,497,3217,57,7650,glm_ar1,expanding,148,0,1791
PAN,2022-07-01,2,2022-09-01,2341,499,3233,57,7689,glm_ar1,expanding,148,0,1546
PAN,2022-07-01,3,2022-10-01,2350,501,3245,57,7718,glm_ar1,expanding,148,0,1416
PAN,2022-07-01,4,2022-11-01,2357,502,3254,58,7739,glm_ar1,expanding,148,0,856
PAN,2022-07-01,5,2022-12-01,2362,503,3261,58,7756,glm_ar1,expanding,148,0,1483
PAN,2022-07-01,6,2023-01-01,2366,504,3266,58,7768,glm_ar1,expanding,148,0,810
PER,2022-07-01,1,2022-08-01,2988,637,4126,73,9812,glm_ar1,expanding,143,0,2102
PER,2022-07-01,2,2022-09-01,2820,601,3894,69,9261,glm_ar1,expanding,143,0,2311
PER,2022-07-01,3,2022-10-01,2701,576,3729,66,8869,glm_ar1,expanding,143,0,3766
PER,2022-07-01,4,2022-11-01,2615,557,3611,64,8588,glm_ar1,expanding,143,0,6194
PER,2022-07-01,5,2022-12-01,2553,544,3525,62,8383,glm_ar1,expanding,143,0,4646
PER,2022-07-01,6,2023-01-01,2507,534,3462,61,8233,glm_ar1,expanding,143,0,8617
PHL,2022-07-01,1,2022-08-01,22587,4817,31185,554,74164,glm_ar1,expanding,148,0,32427
PHL,2022-07-01,2,2022-09-01,12801,2730,17674,314,42032,glm_ar1,expanding,148,0,24241
PHL,2022-07-01,3,2022-10-01,8372,1785,11558,205,27488,glm_ar1,expanding,148,0,18197
PHL,2022-07-01,4,2022-11-01,6094,1299,8413,149,20008,glm_ar1,expanding,148,0,12501
PHL,2022-07-01,5,2022-12-01,4805,1025,6634,118,15778,glm_ar1,expanding,148,0,2613
PHL,2022-07-01,6,2023-01-01,4023,858,5555,98,13211,glm_ar1,expanding,148,0,12710
PLW,2022-07-01,1,2022-08-01,69,14,96,1,228,glm_ar1,expanding,76,72,34
PLW,2022-07-01,2,2022-09-01,170,36,235,4,560,glm_ar1,expanding,76,72,25
PLW,2022-07-01,3,2022-10-01,332,71,459,8,1092,glm_ar1,expanding,76,72,20
PLW,2022-07-01,4,2022-11-01,547,116,755,13,1797,glm_ar1,expanding,76,72,19
PLW,2022-07-01,5,2022-12-01,793,169,1095,19,2604,glm_ar1,expanding,76,72,18
PLW,2022-07-01,6,2023-01-01,1046,223,1445,25,3436,glm_ar1,expanding,76,72,1
PRI,2022-07-01,1,2022-08-01,88,18,122,2,290,glm_ar1,expanding,112,36,68
PRI,2022-07-01,2,2022-09-01,204,43,281,5,670,glm_ar1,expanding,112,36,86
PRI,2022-07-01,3,2022-10-01,380,81,524,9,1247,glm_ar1,expanding,112,36,243
PRI,2022-07-01,4,2022-11-01,604,128,834,14,1983,glm_ar1,expanding,112,36,263
PRI,2022-07-01,5,2022-12-01,854,182,1179,21,2804,glm_ar1,expanding,112,36,170
PRI,2022-07-01,6,2023-01-01,1106,235,1527,27,3631,glm_ar1,expanding,112,36,146
PRY,2022-07-01,1,2022-08-01,161,34,222,4,529,glm_ar1,expanding,145,0,40
PRY,2022-07-01,2,2022-09-01,319,68,440,7,1047,glm_ar1,expanding,145,0,60
PRY,2022-07-01,3,2022-10-01,530,113,732,13,1741,glm_ar1,expanding,145,0,444
PRY,2022-07-01,4,2022-11-01,774,165,1069,19,2543,glm_ar1,expanding,145,0,1239
PRY,2022-07-01,5,2022-12-01,1028,219,1419,25,3376,glm_ar1,expanding,145,0,5306
PRY,2022-07-01,6,2023-01-01,1270,271,1754,31,4172,glm_ar1,expanding,145,0,3449
PYF,2022-07-01,1,2022-08-01,464,99,641,11,1526,glm_ar1,expanding,99,48,219
PYF,2022-07-01,2,2022-09-01,702,149,969,17,2305,glm_ar1,expanding,99,48,231
PYF,2022-07-01,3,2022-10-01,955,203,1319,23,3137,glm_ar1,expanding,99,48,172
PYF,2022-07-01,4,2022-11-01,1202,256,1660,29,3949,glm_ar1,expanding,99,48,197
PYF,2022-07-01,5,2022-12-01,1428,304,1972,35,4690,glm_ar1,expanding,99,48,185
PYF,2022-07-01,6,2023-01-01,1624,346,2242,40,5333,glm_ar1,expanding,99,48,103
REU,2022-07-01,1,2022-08-01,116,24,160,2,382,glm_ar1,expanding,105,36,21
REU,2022-07-01,2,2022-09-01,250,53,345,6,822,glm_ar1,expanding,105,36,10
REU,2022-07-01,3,2022-10-01,442,94,611,10,1453,glm_ar1,expanding,105,36,8
REU,2022-07-01,4,2022-11-01,677,144,934,16,2223,glm_ar1,expanding,105,36,NA
REU,2022-07-01,5,2022-12-01,929,198,1283,22,3053,glm_ar1,expanding,105,36,NA
REU,2022-07-01,6,2023-01-01,1178,251,1627,29,3869,glm_ar1,expanding,105,36,NA
SAU,2022-07-01,1,2022-08-01,436,93,602,10,1431,glm_ar1,expanding,142,0,179
SAU,2022-07-01,2,2022-09-01,669,142,924,16,2197,glm_ar1,expanding,142,0,171
SAU,2022-07-01,3,2022-10-01,922,196,1273,22,3027,glm_ar1,expanding,142,0,571
SAU,2022-07-01,4,2022-11-01,1171,249,1617,28,3845,glm_ar1,expanding,142,0,551
SAU,2022-07-01,5,2022-12-01,1400,298,1933,34,4597,glm_ar1,expanding,142,0,1691
SAU,2022-07-01,6,2023-01-01,1600,341,2209,39,5255,glm_ar1,expanding,142,0,3075
SDN,2022-07-01,1,2022-08-01,142,30,196,3,467,glm_ar1,expanding,63,84,391
SDN,2022-07-01,2,2022-09-01,290,62,401,7,954,glm_ar1,expanding,63,84,300
SDN,2022-07-01,3,2022-10-01,494,105,683,12,1624,glm_ar1,expanding,63,84,1854
SDN,2022-07-01,4,2022-11-01,735,157,1015,18,2415,glm_ar1,expanding,63,84,2291
SDN,2022-07-01,5,2022-12-01,989,211,1366,24,3248,glm_ar1,expanding,63,84,374
SDN,2022-07-01,6,2023-01-01,1234,263,1704,30,4053,glm_ar1,expanding,63,84,132
SEN,2022-07-01,1,2022-08-01,45,9,63,1,150,glm_ar1,expanding,39,24,10
SEN,2022-07-01,2,2022-09-01,125,26,173,3,412,glm_ar1,expanding,39,24,15
SEN,2022-07-01,3,2022-10-01,265,56,365,6,870,glm_ar1,expanding,39,24,33
SEN,2022-07-01,4,2022-11-01,461,98,637,11,1515,glm_ar1,expanding,39,24,43
SEN,2022-07-01,5,2022-12-01,698,149,964,17,2293,glm_ar1,expanding,39,24,22
SEN,2022-07-01,6,2023-01-01,951,203,1314,23,3125,glm_ar1,expanding,39,24,16
SGP,2022-07-01,1,2022-08-01,4208,897,5810,103,13818,glm_ar1,expanding,150,0,2796
SGP,2022-07-01,2,2022-09-01,3643,777,5030,89,11963,glm_ar1,expanding,150,0,2012
SGP,2022-07-01,3,2022-10-01,3271,697,4516,80,10741,glm_ar1,expanding,150,0,1778
SGP,2022-07-01,4,2022-11-01,3018,643,4167,74,9909,glm_ar1,expanding,150,0,1116
SGP,2022-07-01,5,2022-12-01,2841,606,3923,69,9330,glm_ar1,expanding,150,0,1170
SGP,2022-07-01,6,2023-01-01,2716,579,3750,66,8919,glm_ar1,expanding,150,0,1238
SLB,2022-07-01,1,2022-08-01,207,44,286,5,681,glm_ar1,expanding,88,24,4268
SLB,2022-07-01,2,2022-09-01,384,82,531,9,1263,glm_ar1,expanding,88,24,2045
SLB,2022-07-01,3,2022-10-01,609,130,841,15,2001,glm_ar1,expanding,88,24,2358
SLB,2022-07-01,4,2022-11-01,859,183,1187,21,2823,glm_ar1,expanding,88,24,1123
SLB,2022-07-01,5,2022-12-01,1111,237,1534,27,3649,glm_ar1,expanding,88,24,230
SLB,2022-07-01,6,2023-01-01,1346,287,1859,33,4422,glm_ar1,expanding,88,24,29
SLV,2022-07-01,1,2022-08-01,2518,537,3476,61,8267,glm_ar1,expanding,150,0,1561
SLV,2022-07-01,2,2022-09-01,2481,529,3426,61,8148,glm_ar1,expanding,150,0,1014
SLV,2022-07-01,3,2022-10-01,2454,523,3389,60,8060,glm_ar1,expanding,150,0,951
SLV,2022-07-01,4,2022-11-01,2435,519,3361,59,7994,glm_ar1,expanding,150,0,372
SLV,2022-07-01,5,2022-12-01,2420,516,3341,59,7946,glm_ar1,expanding,150,0,217
SLV,2022-07-01,6,2023-01-01,2409,513,3326,59,7910,glm_ar1,expanding,150,0,381
SUR,2022-07-01,1,2022-08-01,7,1,10,0,24,glm_ar1,expanding,88,60,0
SUR,2022-07-01,2,2022-09-01,34,7,47,0,112,glm_ar1,expanding,88,60,0
SUR,2022-07-01,3,2022-10-01,101,21,140,2,333,glm_ar1,expanding,88,60,9
SUR,2022-07-01,4,2022-11-01,226,48,312,5,742,glm_ar1,expanding,88,60,2
SUR,2022-07-01,5,2022-12-01,410,87,566,10,1346,glm_ar1,expanding,88,60,4
SUR,2022-07-01,6,2023-01-01,639,136,882,15,2099,glm_ar1,expanding,88,60,18
SXM,2022-07-01,1,2022-08-01,NA,NA,NA,NA,NA,glm_ar1,expanding,36,112,NA
SXM,2022-07-01,2,2022-09-01,NA,NA,NA,NA,NA,glm_ar1,expanding,36,112,NA
SXM,2022-07-01,3,2022-10-01,NA,NA,NA,NA,NA,glm_ar1,expanding,36,112,NA
SXM,2022-07-01,4,2022-11-01,NA,NA,NA,NA,NA,glm_ar1,expanding,36,112,NA
SXM,2022-07-01,5,2022-12-01,NA,NA,NA,NA,NA,glm_ar1,expanding,36,112,NA
SXM,2022-07-01,6,2023-01-01,NA,NA,NA,NA,NA,glm_ar1,expanding,36,112,NA
SYC,2022-07-01,1,2022-08-01,51,11,71,1,169,glm_ar1,expanding,25,48,16
SYC,2022-07-01,2,2022-09-01,136,29,188,3,449,glm_ar1,expanding,25,48,19
SYC,2022-07-01,3,2022-10-01,282,60,389,7,926,glm_ar1,expanding,25,48,26
SYC,2022-07-01,4,2022-11-01,483,103,667,11,1588,glm_ar1,expanding,25,48,40
SYC,2022-07-01,5,2022-12-01,723,154,998,17,2375,glm_ar1,expanding,25,48,29
SYC,2022-07-01,6,2023-01-01,977,208,1348,24,3207,glm_ar1,expanding,25,48,419
TCA,2022-07-01,1,2022-08-01,NA,NA,NA,NA,NA,glm_ar1,expanding,72,39,NA
TCA,2022-07-01,2,2022-09-01,NA,NA,NA,NA,NA,glm_ar1,expanding,72,39,NA
TCA,2022-07-01,3,2022-10-01,NA,NA,NA,NA,NA,glm_ar1,expanding,72,39,NA
TCA,2022-07-01,4,2022-11-01,NA,NA,NA,NA,NA,glm_ar1,expanding,72,39,NA
TCA,2022-07-01,5,2022-12-01,NA,NA,NA,NA,NA,glm_ar1,expanding,72,39,NA
TCA,2022-07-01,6,2023-01-01,NA,NA,NA,NA,NA,glm_ar1,expanding,72,39,NA
THA,2022-07-01,1,2022-08-01,5534,1180,7641,136,18171,glm_ar1,expanding,150,0,6554
THA,2022-07-01,2,2022-09-01,4471,953,6173,109,14682,glm_ar1,expanding,150,0,5720
THA,2022-07-01,3,2022-10-01,3812,813,5264,93,12518,glm_ar1,expanding,150,0,5763
THA,2022-07-01,4,2022-11-01,3384,721,4672,83,11111,glm_ar1,expanding,150,0,5982
THA,2022-07-01,5,2022-12-01,3095,660,4274,76,10164,glm_ar1,expanding,150,0,4583
THA,2022-07-01,6,2023-01-01,2896,617,3998,71,9508,glm_ar1,expanding,150,0,4520
TLS,2022-07-01,1,2022-08-01,286,61,395,7,939,glm_ar1,expanding,143,0,47
TLS,2022-07-01,2,2022-09-01,489,104,675,12,1605,glm_ar1,expanding,143,0,25
TLS,2022-07-01,3,2022-10-01,729,155,1006,18,2394,glm_ar1,expanding,143,0,63
TLS,2022-07-01,4,2022-11-01,982,209,1357,24,3227,glm_ar1,expanding,143,0,41
TLS,2022-07-01,5,2022-12-01,1228,262,1696,30,4033,glm_ar1,expanding,143,0,46
TLS,2022-07-01,6,2023-01-01,1451,309,2003,35,4764,glm_ar1,expanding,143,0,105
TON,2022-07-01,1,2022-08-01,320,68,442,7,1052,glm_ar1,expanding,39,60,163
TON,2022-07-01,2,2022-09-01,532,113,734,13,1747,glm_ar1,expanding,39,60,631
TON,2022-07-01,3,2022-10-01,776,165,1072,19,2550,glm_ar1,expanding,39,60,619
TON,2022-07-01,4,2022-11-01,1030,219,1422,25,3383,glm_ar1,expanding,39,60,103
TON,2022-07-01,5,2022-12-01,1272,271,1757,31,4178,glm_ar1,expanding,39,60,39
TON,2022-07-01,6,2023-01-01,1490,317,2057,36,4892,glm_ar1,expanding,39,60,0
TTO,2022-07-01,1,2022-08-01,12,2,17,0,40,glm_ar1,expanding,100,48,13
TTO,2022-07-01,2,2022-09-01,48,10,66,1,159,glm_ar1,expanding,100,48,5
TTO,2022-07-01,3,2022-10-01,130,28,180,3,429,glm_ar1,expanding,100,48,8
TTO,2022-07-01,4,2022-11-01,273,58,376,6,896,glm_ar1,expanding,100,48,10
TTO,2022-07-01,5,2022-12-01,472,100,651,11,1549,glm_ar1,expanding,100,48,4
TTO,2022-07-01,6,2023-01-01,710,151,980,17,2332,glm_ar1,expanding,100,48,17
TUV,2022-07-01,1,2022-08-01,124,26,172,3,409,glm_ar1,expanding,40,12,183
TUV,2022-07-01,2,2022-09-01,263,56,363,6,864,glm_ar1,expanding,40,12,89
TUV,2022-07-01,3,2022-10-01,459,98,634,11,1509,glm_ar1,expanding,40,12,34
TUV,2022-07-01,4,2022-11-01,696,148,961,17,2286,glm_ar1,expanding,40,12,25
TUV,2022-07-01,5,2022-12-01,949,202,1311,23,3117,glm_ar1,expanding,40,12,19
TUV,2022-07-01,6,2023-01-01,1197,255,1652,29,3930,glm_ar1,expanding,40,12,14
TWN,2022-07-01,1,2022-08-01,NA,NA,NA,NA,NA,glm_ar1,expanding,96,53,NA
TWN,2022-07-01,2,2022-09-01,NA,NA,NA,NA,NA,glm_ar1,expanding,96,53,NA
TWN,2022-07-01,3,2022-10-01,NA,NA,NA,NA,NA,glm_ar1,expanding,96,53,NA
TWN,2022-07-01,4,2022-11-01,NA,NA,NA,NA,NA,glm_ar1,expanding,96,53,NA
TWN,2022-07-01,5,2022-12-01,NA,NA,NA,NA,NA,glm_ar1,expanding,96,53,NA
TWN,2022-07-01,6,2023-01-01,NA,NA,NA,NA,NA,glm_ar1,expanding,96,53,NA
URY,2022-07-01,1,2022-08-01,12,2,17,0,40,glm_ar1,expanding,28,60,1
URY,2022-07-01,2,2022-09-01,48,10,66,1,159,glm_ar1,expanding,28,60,1
URY,2022-07-01,3,2022-10-01,130,28,180,3,429,glm_ar1,expanding,28,60,2
URY,2022-07-01,4,2022-11-01,273,58,376,6,896,glm_ar1,expanding,28,60,3
URY,2022-07-01,5,2022-12-01,472,100,651,11,1549,glm_ar1,expanding,28,60,8
URY,2022-07-01,6,2023-01-01,710,151,980,17,2332,glm_ar1,expanding,28,60,1
USA,2022-07-01,1,2022-08-01,261,55,360,6,858,glm_ar1,expanding,137,12,161
USA,2022-07-01,2,2022-09-01,457,97,630,11,1500,glm_ar1,expanding,137,12,224
USA,2022-07-01,3,2022-10-01,693,147,957,17,2276,glm_ar1,expanding,137,12,362
USA,2022-07-01,4,2022-11-01,946,201,1306,23,3107,glm_ar1,expanding,137,12,91
USA,2022-07-01,5,2022-12-01,1194,254,1648,29,3921,glm_ar1,expanding,137,12,96
USA,2022-07-01,6,2023-01-01,1421,303,1961,35,4665,glm_ar1,expanding,137,12,0
VCT,2022-07-01,1,2022-08-01,NA,NA,NA,NA,NA,glm_ar1,expanding,108,40,NA
VCT,2022-07-01,2,2022-09-01,NA,NA,NA,NA,NA,glm_ar1,expanding,108,40,NA
VCT,2022-07-01,3,2022-10-01,NA,NA,NA,NA,NA,glm_ar1,expanding,108,40,NA
VCT,2022-07-01,4,2022-11-01,NA,NA,NA,NA,NA,glm_ar1,expanding,108,40,NA
VCT,2022-07-01,5,2022-12-01,NA,NA,NA,NA,NA,glm_ar1,expanding,108,40,NA
VCT,2022-07-01,6,2023-01-01,NA,NA,NA,NA,NA,glm_ar1,expanding,108,40,NA
VEN,2022-07-01,1,2022-08-01,1222,260,1687,30,4013,glm_ar1,expanding,148,0,880
VEN,2022-07-01,2,2022-09-01,1445,308,1996,35,4747,glm_ar1,expanding,148,0,955
VEN,2022-07-01,3,2022-10-01,1639,349,2263,40,5382,glm_ar1,expanding,148,0,1764
VEN,2022-07-01,4,2022-11-01,1800,384,2485,44,5911,glm_ar1,expanding,148,0,2709
VEN,2022-07-01,5,2022-12-01,1931,411,2666,47,6341,glm_ar1,expanding,148,0,1528
VEN,2022-07-01,6,2023-01-01,2035,434,2809,50,6682,glm_ar1,expanding,148,0,1389
VGB,2022-07-01,1,2022-08-01,NA,NA,NA,NA,NA,glm_ar1,expanding,120,28,NA
VGB,2022-07-01,2,2022-09-01,NA,NA,NA,NA,NA,glm_ar1,expanding,120,28,NA
VGB,2022-07-01,3,2022-10-01,NA,NA,NA,NA,NA,glm_ar1,expanding,120,28,NA
VGB,2022-07-01,4,2022-11-01,NA,NA,NA,NA,NA,glm_ar1,expanding,120,28,NA
VGB,2022-07-01,5,2022-12-01,NA,NA,NA,NA,NA,glm_ar1,expanding,120,28,NA
VGB,2022-07-01,6,2023-01-01,NA,NA,NA,NA,NA,glm_ar1,expanding,120,28,NA
VNM,2022-07-01,1,2022-08-01,19400,4137,26785,476,63698,glm_ar1,expanding,149,0,43855
VNM,2022-07-01,2,2022-09-01,11425,2436,15773,280,37512,glm_ar1,expanding,149,0,42366
VNM,2022-07-01,3,2022-10-01,7689,1640,10616,188,25246,glm_ar1,expanding,149,0,47545
VNM,2022-07-01,4,2022-11-01,5718,1219,7895,140,18775,glm_ar1,expanding,149,0,44321
VNM,2022-07-01,5,2022-12-01,4582,977,6326,112,15045,glm_ar1,expanding,149,0,39603
VNM,2022-07-01,6,2023-01-01,3883,828,5361,95,12749,glm_ar1,expanding,149,0,13504
VUT,2022-07-01,1,2022-08-01,99,21,137,2,326,glm_ar1,expanding,69,72,507
VUT,2022-07-01,2,2022-09-01,222,47,307,5,731,glm_ar1,expanding,69,72,966
VUT,2022-07-01,3,2022-10-01,405,86,560,10,1332,glm_ar1,expanding,69,72,1070
VUT,2022-07-01,4,2022-11-01,634,135,875,15,2083,glm_ar1,expanding,69,72,246
VUT,2022-07-01,5,2022-12-01,885,189,1223,21,2908,glm_ar1,expanding,69,72,72
VUT,2022-07-01,6,2023-01-01,1136,242,1569,28,3731,glm_ar1,expanding,69,72,8
WLF,2022-07-01,1,2022-08-01,74,15,102,1,244,glm_ar1,expanding,62,0,528
WLF,2022-07-01,2,2022-09-01,179,38,248,4,589,glm_ar1,expanding,62,0,303
WLF,2022-07-01,3,2022-10-01,345,73,477,8,1134,glm_ar1,expanding,62,0,353
WLF,2022-07-01,4,2022-11-01,562,120,777,13,1847,glm_ar1,expanding,62,0,402
WLF,2022-07-01,5,2022-12-01,809,172,1118,20,2659,glm_ar1,expanding,62,0,200
WLF,2022-07-01,6,2023-01-01,1063,226,1467,26,3490,glm_ar1,expanding,62,0,12
WSM,2022-07-01,1,2022-08-01,3016,643,4165,74,9905,glm_ar1,expanding,58,0,2694
WSM,2022-07-01,2,2022-09-01,2840,605,3922,69,9326,glm_ar1,expanding,58,0,5030
WSM,2022-07-01,3,2022-10-01,2715,579,3749,66,8916,glm_ar1,expanding,58,0,4202
WSM,2022-07-01,4,2022-11-01,2626,560,3625,64,8622,glm_ar1,expanding,58,0,2427
WSM,2022-07-01,5,2022-12-01,2560,546,3535,63,8408,glm_ar1,expanding,58,0,1554
WSM,2022-07-01,6,2023-01-01,2513,536,3469,61,8251,glm_ar1,expanding,58,0,2
YEM,2022-07-01,1,2022-08-01,1729,368,2387,42,5678,glm_ar1,expanding,64,24,2225
YEM,2022-07-01,2,2022-09-01,1874,399,2587,46,6153,glm_ar1,expanding,64,24,3873
YEM,2022-07-01,3,2022-10-01,1990,424,2747,48,6533,glm_ar1,expanding,64,24,5111
YEM,2022-07-01,4,2022-11-01,2081,443,2873,51,6833,glm_ar1,expanding,64,24,2301
YEM,2022-07-01,5,2022-12-01,2152,459,2971,52,7066,glm_ar1,expanding,64,24,1502
YEM,2022-07-01,6,2023-01-01,2206,470,3047,54,7246,glm_ar1,expanding,64,24,1988
ABW,2023-01-01,1,2023-02-01,NA,NA,NA,NA,NA,glm_ar1,expanding,84,67,NA
ABW,2023-01-01,2,2023-03-01,NA,NA,NA,NA,NA,glm_ar1,expanding,84,67,NA
ABW,2023-01-01,3,2023-04-01,NA,NA,NA,NA,NA,glm_ar1,expanding,84,67,NA
ABW,2023-01-01,4,2023-05-01,NA,NA,NA,NA,NA,glm_ar1,expanding,84,67,NA
ABW,2023-01-01,5,2023-06-01,NA,NA,NA,NA,NA,glm_ar1,expanding,84,67,NA
ABW,2023-01-01,6,2023-07-01,NA,NA,NA,NA,NA,glm_ar1,expanding,84,67,0
AFG,2023-01-01,1,2023-02-01,135,29,187,3,445,glm_ar1,expanding,23,0,40
AFG,2023-01-01,2,2023-03-01,282,60,390,7,928,glm_ar1,expanding,23,0,60
AFG,2023-01-01,3,2023-04-01,487,103,673,12,1601,glm_ar1,expanding,23,0,100
AFG,2023-01-01,4,2023-05-01,732,155,1010,18,2405,glm_ar1,expanding,23,0,96
AFG,2023-01-01,5,2023-06-01,991,211,1369,24,3257,glm_ar1,expanding,23,0,53
AFG,2023-01-01,6,2023-07-01,1243,264,1717,30,4085,glm_ar1,expanding,23,0,177
ARG,2023-01-01,1,2023-02-01,106,22,147,2,351,glm_ar1,expanding,150,0,2214
ARG,2023-01-01,2,2023-03-01,236,50,326,5,777,glm_ar1,expanding,150,0,23167
ARG,2023-01-01,3,2023-04-01,427,91,589,10,1403,glm_ar1,expanding,150,0,61988
ARG,2023-01-01,4,2023-05-01,663,141,915,16,2179,glm_ar1,expanding,150,0,21199
ARG,2023-01-01,5,2023-06-01,921,196,1272,22,3026,glm_ar1,expanding,150,0,9485
ARG,2023-01-01,6,2023-07-01,1177,250,1625,28,3867,glm_ar1,expanding,150,0,3269
ATG,2023-01-01,1,2023-02-01,123,26,170,3,406,glm_ar1,expanding,70,24,27
ATG,2023-01-01,2,2023-03-01,263,56,364,6,866,glm_ar1,expanding,70,24,18
ATG,2023-01-01,3,2023-04-01,463,98,639,11,1520,glm_ar1,expanding,70,24,8
ATG,2023-01-01,4,2023-05-01,704,150,972,17,2314,glm_ar1,expanding,70,24,15
ATG,2023-01-01,5,2023-06-01,963,205,1330,23,3165,glm_ar1,expanding,70,24,10
ATG,2023-01-01,6,2023-07-01,1217,259,1680,29,3999,glm_ar1,expanding,70,24,12
AUS,2023-01-01,1,2023-02-01,195,41,269,4,641,glm_ar1,expanding,137,12,80
AUS,2023-01-01,2,2023-03-01,370,78,510,9,1215,glm_ar1,expanding,137,12,93
AUS,2023-01-01,3,2023-04-01,596,127,823,14,1958,glm_ar1,expanding,137,12,82
AUS,2023-01-01,4,2023-05-01,850,181,1174,20,2794,glm_ar1,expanding,137,12,84
AUS,2023-01-01,5,2023-06-01,1109,236,1531,27,3643,glm_ar1,expanding,137,12,74
AUS,2023-01-01,6,2023-07-01,1352,287,1866,33,4442,glm_ar1,expanding,137,12,106
BES,2023-01-01,1,2023-02-01,NA,NA,NA,NA,NA,glm_ar1,expanding,36,0,NA
BES,2023-01-01,2,2023-03-01,NA,NA,NA,NA,NA,glm_ar1,expanding,36,0,NA
BES,2023-01-01,3,2023-04-01,NA,NA,NA,NA,NA,glm_ar1,expanding,36,0,NA
BES,2023-01-01,4,2023-05-01,NA,NA,NA,NA,NA,glm_ar1,expanding,36,0,NA
BES,2023-01-01,5,2023-06-01,NA,NA,NA,NA,NA,glm_ar1,expanding,36,0,NA
BES,2023-01-01,6,2023-07-01,NA,NA,NA,NA,NA,glm_ar1,expanding,36,0,NA
BFA,2023-01-01,1,2023-02-01,NA,NA,NA,NA,NA,glm_ar1,expanding,48,45,NA
BFA,2023-01-01,2,2023-03-01,NA,NA,NA,NA,NA,glm_ar1,expanding,48,45,NA
BFA,2023-01-01,3,2023-04-01,NA,NA,NA,NA,NA,glm_ar1,expanding,48,45,NA
BFA,2023-01-01,4,2023-05-01,NA,NA,NA,NA,NA,glm_ar1,expanding,48,45,0
BFA,2023-01-01,5,2023-06-01,NA,NA,NA,NA,NA,glm_ar1,expanding,48,45,0
BFA,2023-01-01,6,2023-07-01,NA,NA,NA,NA,NA,glm_ar1,expanding,48,45,565
BGD,2023-01-01,1,2023-02-01,751,159,1036,18,2467,glm_ar1,expanding,155,0,182
BGD,2023-01-01,2,2023-03-01,1010,215,1395,24,3320,glm_ar1,expanding,155,0,123
BGD,2023-01-01,3,2023-04-01,1261,268,1741,30,4144,glm_ar1,expanding,155,0,136
BGD,2023-01-01,4,2023-05-01,1488,316,2055,36,4889,glm_ar1,expanding,155,0,785
BGD,2023-01-01,5,2023-06-01,1684,358,2325,41,5533,glm_ar1,expanding,155,0,6986
BGD,2023-01-01,6,2023-07-01,1847,393,2550,45,6067,glm_ar1,expanding,155,0,40381
BHS,2023-01-01,1,2023-02-01,NA,NA,NA,NA,NA,glm_ar1,expanding,48,106,NA
BHS,2023-01-01,2,2023-03-01,NA,NA,NA,NA,NA,glm_ar1,expanding,48,106,NA
BHS,2023-01-01,3,2023-04-01,NA,NA,NA,NA,NA,glm_ar1,expanding,48,106,NA
BHS,2023-01-01,4,2023-05-01,NA,NA,NA,NA,NA,glm_ar1,expanding,48,106,NA
BHS,2023-01-01,5,2023-06-01,NA,NA,NA,NA,NA,glm_ar1,expanding,48,106,NA
BHS,2023-01-01,6,2023-07-01,NA,NA,NA,NA,NA,glm_ar1,expanding,48,106,NA
BLM,2023-01-01,1,2023-02-01,7,1,10,0,24,glm_ar1,expanding,94,36,3
BLM,2023-01-01,2,2023-03-01,34,7,48,0,114,glm_ar1,expanding,94,36,1
BLM,2023-01-01,3,2023-04-01,103,22,142,2,340,glm_ar1,expanding,94,36,10
BLM,2023-01-01,4,2023-05-01,231,49,319,5,758,glm_ar1,expanding,94,36,18
BLM,2023-01-01,5,2023-06-01,419,89,579,10,1378,glm_ar1,expanding,94,36,23
BLM,2023-01-01,6,2023-07-01,654,139,903,16,2150,glm_ar1,expanding,94,36,4
BLZ,2023-01-01,1,2023-02-01,139,29,192,3,458,glm_ar1,expanding,155,0,37
BLZ,2023-01-01,2,2023-03-01,288,61,398,7,948,glm_ar1,expanding,155,0,49
BLZ,2023-01-01,3,2023-04-01,495,105,683,12,1627,glm_ar1,expanding,155,0,45
BLZ,2023-01-01,4,2023-05-01,740,157,1022,18,2433,glm_ar1,expanding,155,0,86
BLZ,2023-01-01,5,2023-06-01,1000,213,1381,24,3286,glm_ar1,expanding,155,0,125
BLZ,2023-01-01,6,2023-07-01,1252,266,1728,30,4112,glm_ar1,expanding,155,0,189
BOL,2023-01-01,1,2023-02-01,15396,3277,21255,376,50577,glm_ar1,expanding,150,0,43813
BOL,2023-01-01,2,2023-03-01,9647,2053,13318,235,31690,glm_ar1,expanding,150,0,38333
BOL,2023-01-01,3,2023-04-01,6803,1448,9392,166,22348,glm_ar1,expanding,150,0,26381
BOL,2023-01-01,4,2023-05-01,5240,1115,7235,128,17215,glm_ar1,expanding,150,0,6765
BOL,2023-01-01,5,2023-06-01,4312,918,5953,105,14166,glm_ar1,expanding,150,0,2198
BOL,2023-01-01,6,2023-07-01,3728,793,5146,91,12246,glm_ar1,expanding,150,0,1316
BRA,2023-01-01,1,2023-02-01,63398,13495,87525,1550,208266,glm_ar1,expanding,148,0,307168
BRA,2023-01-01,2,2023-03-01,27775,5912,38345,679,91243,glm_ar1,expanding,148,0,578314
BRA,2023-01-01,3,2023-04-01,14991,3191,20697,366,49249,glm_ar1,expanding,148,0,819949
BRA,2023-01-01,4,2023-05-01,9457,2013,13056,231,31067,glm_ar1,expanding,148,0,428999
BRA,2023-01-01,5,2023-06-01,6702,1426,9253,163,22019,glm_ar1,expanding,148,0,176399
BRA,2023-01-01,6,2023-07-01,5182,1103,7155,126,17025,glm_ar1,expanding,148,0,110133
BRB,2023-01-01,1,2023-02-01,31,6,43,0,102,glm_ar1,expanding,154,0,0
BRB,2023-01-01,2,2023-03-01,95,20,131,2,312,glm_ar1,expanding,154,0,3
BRB,2023-01-01,3,2023-04-01,217,46,299,5,713,glm_ar1,expanding,154,0,2
BRB,2023-01-01,4,2023-05-01,400,85,553,9,1316,glm_ar1,expanding,154,0,2
BRB,2023-01-01,5,2023-06-01,632,134,873,15,2078,glm_ar1,expanding,154,0,0
BRB,2023-01-01,6,2023-07-01,889,189,1227,21,2921,glm_ar1,expanding,154,0,0
BRN,2023-01-01,1,2023-02-01,75,16,103,1,246,glm_ar1,expanding,153,0,17
BRN,2023-01-01,2,2023-03-01,182,38,251,4,598,glm_ar1,expanding,153,0,16
BRN,2023-01-01,3,2023-04-01,351,74,485,8,1154,glm_ar1,expanding,153,0,13
BRN,2023-01-01,4,2023-05-01,573,122,792,14,1884,glm_ar1,expanding,153,0,15
BRN,2023-01-01,5,2023-06-01,826,176,1141,20,2715,glm_ar1,expanding,153,0,15
BRN,2023-01-01,6,2023-07-01,1085,231,1498,26,3566,glm_ar1,expanding,153,0,17
BTN,2023-01-01,1,2023-02-01,121,25,167,3,399,glm_ar1,expanding,107,48,24
BTN,2023-01-01,2,2023-03-01,260,55,359,6,855,glm_ar1,expanding,107,48,27
BTN,2023-01-01,3,2023-04-01,458,97,633,11,1506,glm_ar1,expanding,107,48,32
BTN,2023-01-01,4,2023-05-01,699,149,965,17,2298,glm_ar1,expanding,107,48,23
BTN,2023-01-01,5,2023-06-01,958,204,1323,23,3149,glm_ar1,expanding,107,48,39
BTN,2023-01-01,6,2023-07-01,1212,258,1674,29,3983,glm_ar1,expanding,107,48,47
CHL,2023-01-01,1,2023-02-01,NA,NA,NA,NA,NA,glm_ar1,expanding,36,94,NA
CHL,2023-01-01,2,2023-03-01,NA,NA,NA,NA,NA,glm_ar1,expanding,36,94,NA
CHL,2023-01-01,3,2023-04-01,NA,NA,NA,NA,NA,glm_ar1,expanding,36,94,NA
CHL,2023-01-01,4,2023-05-01,NA,NA,NA,NA,NA,glm_ar1,expanding,36,94,NA
CHL,2023-01-01,5,2023-06-01,NA,NA,NA,NA,NA,glm_ar1,expanding,36,94,NA
CHL,2023-01-01,6,2023-07-01,NA,NA,NA,NA,NA,glm_ar1,expanding,36,94,NA
CHN,2023-01-01,1,2023-02-01,12,2,17,0,40,glm_ar1,expanding,131,24,11
CHN,2023-01-01,2,2023-03-01,49,10,68,1,161,glm_ar1,expanding,131,24,7
CHN,2023-01-01,3,2023-04-01,133,28,184,3,438,glm_ar1,expanding,131,24,9
CHN,2023-01-01,4,2023-05-01,278,59,385,6,916,glm_ar1,expanding,131,24,21
CHN,2023-01-01,5,2023-06-01,482,102,666,11,1586,glm_ar1,expanding,131,24,55
CHN,2023-01-01,6,2023-07-01,726,154,1003,17,2387,glm_ar1,expanding,131,24,1604
CIV,2023-01-01,1,2023-02-01,255,54,352,6,838,glm_ar1,expanding,12,0,91
CIV,2023-01-01,2,2023-03-01,452,96,624,11,1484,glm_ar1,expanding,12,0,66
CIV,2023-01-01,3,2023-04-01,692,147,955,17,2273,glm_ar1,expanding,12,0,41
CIV,2023-01-01,4,2023-05-01,950,202,1312,23,3123,glm_ar1,expanding,12,0,55
CIV,2023-01-01,5,2023-06-01,1205,256,1664,29,3959,glm_ar1,expanding,12,0,121
CIV,2023-01-01,6,2023-07-01,1438,306,1986,35,4726,glm_ar1,expanding,12,0,841
COK,2023-01-01,1,2023-02-01,NA,NA,NA,NA,NA,glm_ar1,expanding,60,49,NA
COK,2023-01-01,2,2023-03-01,NA,NA,NA,NA,NA,glm_ar1,expanding,60,49,NA
COK,2023-01-01,3,2023-04-01,NA,NA,NA,NA,NA,glm_ar1,expanding,60,49,NA
COK,2023-01-01,4,2023-05-01,NA,NA,NA,NA,NA,glm_ar1,expanding,60,49,NA
COK,2023-01-01,5,2023-06-01,NA,NA,NA,NA,NA,glm_ar1,expanding,60,49,NA
COK,2023-01-01,6,2023-07-01,NA,NA,NA,NA,NA,glm_ar1,expanding,60,49,NA
COL,2023-01-01,1,2023-02-01,6931,1475,9568,169,22768,glm_ar1,expanding,156,0,7393
COL,2023-01-01,2,2023-03-01,5314,1131,7336,130,17456,glm_ar1,expanding,156,0,7719
COL,2023-01-01,3,2023-04-01,4357,927,6015,106,14314,glm_ar1,expanding,156,0,9893
COL,2023-01-01,4,2023-05-01,3757,799,5186,91,12341,glm_ar1,expanding,156,0,9610
COL,2023-01-01,5,2023-06-01,3363,716,4643,82,11048,glm_ar1,expanding,156,0,8081
COL,2023-01-01,6,2023-07-01,3096,659,4274,75,10170,glm_ar1,expanding,156,0,12482
CRI,2023-01-01,1,2023-02-01,515,109,711,12,1693,glm_ar1,expanding,155,0,190
CRI,2023-01-01,2,2023-03-01,763,162,1053,18,2506,glm_ar1,expanding,155,0,212
CRI,2023-01-01,3,2023-04-01,1022,217,1412,25,3360,glm_ar1,expanding,155,0,393
CRI,2023-01-01,4,2023-05-01,1272,271,1757,31,4181,glm_ar1,expanding,155,0,531
CRI,2023-01-01,5,2023-06-01,1498,319,2068,36,4922,glm_ar1,expanding,155,0,920
CRI,2023-01-01,6,2023-07-01,1692,360,2336,41,5560,glm_ar1,expanding,155,0,2647
CUB,2023-01-01,1,2023-02-01,NA,NA,NA,NA,NA,glm_ar1,expanding,96,10,NA
CUB,2023-01-01,2,2023-03-01,NA,NA,NA,NA,NA,glm_ar1,expanding,96,10,NA
CUB,2023-01-01,3,2023-04-01,NA,NA,NA,NA,NA,glm_ar1,expanding,96,10,NA
CUB,2023-01-01,4,2023-05-01,NA,NA,NA,NA,NA,glm_ar1,expanding,96,10,NA
CUB,2023-01-01,5,2023-06-01,NA,NA,NA,NA,NA,glm_ar1,expanding,96,10,NA
CUB,2023-01-01,6,2023-07-01,NA,NA,NA,NA,NA,glm_ar1,expanding,96,10,NA
CUW,2023-01-01,1,2023-02-01,NA,NA,NA,NA,NA,glm_ar1,expanding,48,0,NA
CUW,2023-01-01,2,2023-03-01,NA,NA,NA,NA,NA,glm_ar1,expanding,48,0,NA
CUW,2023-01-01,3,2023-04-01,NA,NA,NA,NA,NA,glm_ar1,expanding,48,0,NA
CUW,2023-01-01,4,2023-05-01,NA,NA,NA,NA,NA,glm_ar1,expanding,48,0,NA
CUW,2023-01-01,5,2023-06-01,NA,NA,NA,NA,NA,glm_ar1,expanding,48,0,NA
CUW,2023-01-01,6,2023-07-01,NA,NA,NA,NA,NA,glm_ar1,expanding,48,0,NA
CYM,2023-01-01,1,2023-02-01,NA,NA,NA,NA,NA,glm_ar1,expanding,84,46,NA
CYM,2023-01-01,2,2023-03-01,NA,NA,NA,NA,NA,glm_ar1,expanding,84,46,NA
CYM,2023-01-01,3,2023-04-01,NA,NA,NA,NA,NA,glm_ar1,expanding,84,46,NA
CYM,2023-01-01,4,2023-05-01,NA,NA,NA,NA,NA,glm_ar1,expanding,84,46,NA
CYM,2023-01-01,5,2023-06-01,NA,NA,NA,NA,NA,glm_ar1,expanding,84,46,NA
CYM,2023-01-01,6,2023-07-01,NA,NA,NA,NA,NA,glm_ar1,expanding,84,46,NA
DMA,2023-01-01,1,2023-02-01,137,29,190,3,452,glm_ar1,expanding,130,24,26
DMA,2023-01-01,2,2023-03-01,285,60,394,7,938,glm_ar1,expanding,130,24,31
DMA,2023-01-01,3,2023-04-01,491,104,678,12,1614,glm_ar1,expanding,130,24,NA
DMA,2023-01-01,4,2023-05-01,736,156,1016,18,2419,glm_ar1,expanding,130,24,NA
DMA,2023-01-01,5,2023-06-01,996,212,1375,24,3272,glm_ar1,expanding,130,24,NA
DMA,2023-01-01,6,2023-07-01,1247,265,1722,30,4099,glm_ar1,expanding,130,24,NA
DOM,2023-01-01,1,2023-02-01,835,177,1152,20,2742,glm_ar1,expanding,155,0,265
DOM,2023-01-01,2,2023-03-01,1093,232,1510,26,3593,glm_ar1,expanding,155,0,230
DOM,2023-01-01,3,2023-04-01,1338,284,1847,32,4396,glm_ar1,expanding,155,0,235
DOM,2023-01-01,4,2023-05-01,1555,331,2147,38,5110,glm_ar1,expanding,155,0,255
DOM,2023-01-01,5,2023-06-01,1740,370,2403,42,5718,glm_ar1,expanding,155,0,448
DOM,2023-01-01,6,2023-07-01,1893,403,2613,46,6219,glm_ar1,expanding,155,0,1245
ECU,2023-01-01,1,2023-02-01,1660,353,2292,40,5454,glm_ar1,expanding,147,0,1783
ECU,2023-01-01,2,2023-03-01,1827,389,2523,44,6003,glm_ar1,expanding,147,0,1886
ECU,2023-01-01,3,2023-04-01,1963,418,2710,48,6449,glm_ar1,expanding,147,0,1974
ECU,2023-01-01,4,2023-05-01,2071,440,2859,50,6803,glm_ar1,expanding,147,0,2019
ECU,2023-01-01,5,2023-06-01,2155,458,2975,52,7081,glm_ar1,expanding,147,0,2376
ECU,2023-01-01,6,2023-07-01,2220,472,3066,54,7295,glm_ar1,expanding,147,0,3533
ERI,2023-01-01,1,2023-02-01,NA,NA,NA,NA,NA,glm_ar1,expanding,60,91,NA
ERI,2023-01-01,2,2023-03-01,NA,NA,NA,NA,NA,glm_ar1,expanding,60,91,NA
ERI,2023-01-01,3,2023-04-01,NA,NA,NA,NA,NA,glm_ar1,expanding,60,91,NA
ERI,2023-01-01,4,2023-05-01,NA,NA,NA,NA,NA,glm_ar1,expanding,60,91,NA
ERI,2023-01-01,5,2023-06-01,NA,NA,NA,NA,NA,glm_ar1,expanding,60,91,NA
ERI,2023-01-01,6,2023-07-01,NA,NA,NA,NA,NA,glm_ar1,expanding,60,91,NA
ETH,2023-01-01,1,2023-02-01,NA,NA,NA,NA,NA,glm_ar1,expanding,12,105,NA
ETH,2023-01-01,2,2023-03-01,NA,NA,NA,NA,NA,glm_ar1,expanding,12,105,NA
ETH,2023-01-01,3,2023-04-01,NA,NA,NA,NA,NA,glm_ar1,expanding,12,105,NA
ETH,2023-01-01,4,2023-05-01,NA,NA,NA,NA,NA,glm_ar1,expanding,12,105,2721
ETH,2023-01-01,5,2023-06-01,NA,NA,NA,NA,NA,glm_ar1,expanding,12,105,4155
ETH,2023-01-01,6,2023-07-01,NA,NA,NA,NA,NA,glm_ar1,expanding,12,105,1176
FJI,2023-01-01,1,2023-02-01,1722,366,2377,42,5657,glm_ar1,expanding,147,0,1027
FJI,2023-01-01,2,2023-03-01,1878,399,2592,46,6169,glm_ar1,expanding,147,0,2287
FJI,2023-01-01,3,2023-04-01,2003,426,2766,49,6581,glm_ar1,expanding,147,0,1533
FJI,2023-01-01,4,2023-05-01,2102,447,2903,51,6907,glm_ar1,expanding,147,0,664
FJI,2023-01-01,5,2023-06-01,2180,464,3009,53,7161,glm_ar1,expanding,147,0,664
FJI,2023-01-01,6,2023-07-01,2239,476,3092,54,7357,glm_ar1,expanding,147,0,481
FSM,2023-01-01,1,2023-02-01,62,13,86,1,205,glm_ar1,expanding,70,12,11
FSM,2023-01-01,2,2023-03-01,159,33,219,3,522,glm_ar1,expanding,70,12,4
FSM,2023-01-01,3,2023-04-01,318,67,439,7,1044,glm_ar1,expanding,70,12,3
FSM,2023-01-01,4,2023-05-01,532,113,735,13,1749,glm_ar1,expanding,70,12,8
FSM,2023-01-01,5,2023-06-01,781,166,1079,19,2568,glm_ar1,expanding,70,12,17
FSM,2023-01-01,6,2023-07-01,1041,221,1437,25,3421,glm_ar1,expanding,70,12,8
GLP,2023-01-01,1,2023-02-01,385,82,532,9,1267,glm_ar1,expanding,154,0,282
GLP,2023-01-01,2,2023-03-01,615,131,849,15,2020,glm_ar1,expanding,154,0,370
GLP,2023-01-01,3,2023-04-01,870,185,1202,21,2860,glm_ar1,expanding,154,0,128
GLP,2023-01-01,4,2023-05-01,1128,240,1558,27,3707,glm_ar1,expanding,154,0,141
GLP,2023-01-01,5,2023-06-01,1369,291,1891,33,4499,glm_ar1,expanding,154,0,513
GLP,2023-01-01,6,2023-07-01,1583,337,2185,38,5200,glm_ar1,expanding,154,0,356
GRD,2023-01-01,1,2023-02-01,40,8,55,1,132,glm_ar1,expanding,143,12,16
GRD,2023-01-01,2,2023-03-01,115,24,159,2,379,glm_ar1,expanding,143,12,18
GRD,2023-01-01,3,2023-04-01,250,53,346,6,823,glm_ar1,expanding,143,12,32
GRD,2023-01-01,4,2023-05-01,445,95,615,11,1464,glm_ar1,expanding,143,12,238
GRD,2023-01-01,5,2023-06-01,685,145,945,16,2250,glm_ar1,expanding,143,12,163
GRD,2023-01-01,6,2023-07-01,943,200,1302,23,3099,glm_ar1,expanding,143,12,48
GTM,2023-01-01,1,2023-02-01,778,165,1074,19,2557,glm_ar1,expanding,156,0,690
GTM,2023-01-01,2,2023-03-01,1038,221,1433,25,3410,glm_ar1,expanding,156,0,842
GTM,2023-01-01,3,2023-04-01,1287,274,1776,31,4228,glm_ar1,expanding,156,0,891
GTM,2023-01-01,4,2023-05-01,1511,321,2086,37,4963,glm_ar1,expanding,156,0,1158
GTM,2023-01-01,5,2023-06-01,1703,362,2351,41,5595,glm_ar1,expanding,156,0,1980
GTM,2023-01-01,6,2023-07-01,1862,396,2571,45,6119,glm_ar1,expanding,156,0,4981
GUF,2023-01-01,1,2023-02-01,406,86,561,10,1335,glm_ar1,expanding,136,12,317
GUF,2023-01-01,2,2023-03-01,639,136,882,15,2100,glm_ar1,expanding,136,12,195
GUF,2023-01-01,3,2023-04-01,896,190,1237,22,2944,glm_ar1,expanding,136,12,205
GUF,2023-01-01,4,2023-05-01,1153,245,1592,28,3788,glm_ar1,expanding,136,12,151
GUF,2023-01-01,5,2023-06-01,1392,296,1922,34,4573,glm_ar1,expanding,136,12,212
GUF,2023-01-01,6,2023-07-01,1602,341,2212,39,5263,glm_ar1,expanding,136,12,204
GUY,2023-01-01,1,2023-02-01,1231,262,1699,30,4044,glm_ar1,expanding,145,12,643
GUY,2023-01-01,2,2023-03-01,1461,311,2018,35,4802,glm_ar1,expanding,145,12,843
GUY,2023-01-01,3,2023-04-01,1661,353,2294,40,5458,glm_ar1,expanding,145,12,1201
GUY,2023-01-01,4,2023-05-01,1828,389,2524,44,6007,glm_ar1,expanding,145,12,1209
GUY,2023-01-01,5,2023-06-01,1964,418,2711,48,6452,glm_ar1,expanding,145,12,536
GUY,2023-01-01,6,2023-07-01,2071,441,2860,50,6805,glm_ar1,expanding,145,12,4092
HND,2023-01-01,1,2023-02-01,1401,298,1934,34,4603,glm_ar1,expanding,156,0,829
HND,2023-01-01,2,2023-03-01,1610,342,2222,39,5289,glm_ar1,expanding,156,0,718
HND,2023-01-01,3,2023-04-01,1786,380,2465,43,5866,glm_ar1,expanding,156,0,836
HND,2023-01-01,4,2023-05-01,1929,410,2664,47,6339,glm_ar1,expanding,156,0,1312
HND,2023-01-01,5,2023-06-01,2044,435,2822,50,6716,glm_ar1,expanding,156,0,2280
HND,2023-01-01,6,2023-07-01,2135,454,2947,52,7013,glm_ar1,expanding,156,0,3630
HTI,2023-01-01,1,2023-02-01,235,50,325,5,774,glm_ar1,expanding,57,0,35
HTI,2023-01-01,2,2023-03-01,426,90,588,10,1399,glm_ar1,expanding,57,0,37
HTI,2023-01-01,3,2023-04-01,662,141,914,16,2175,glm_ar1,expanding,57,0,19
HTI,2023-01-01,4,2023-05-01,920,195,1270,22,3022,glm_ar1,expanding,57,0,NA
HTI,2023-01-01,5,2023-06-01,1176,250,1623,28,3863,glm_ar1,expanding,57,0,NA
HTI,2023-01-01,6,2023-07-01,1412,300,1950,34,4640,glm_ar1,expanding,57,0,NA
IDN,2023-01-01,1,2023-02-01,8311,1769,11473,203,27302,glm_ar1,expanding,148,0,10862
IDN,2023-01-01,2,2023-03-01,6086,1295,8402,148,19993,glm_ar1,expanding,148,0,10220
IDN,2023-01-01,3,2023-04-01,4822,1026,6657,118,15841,glm_ar1,expanding,148,0,8042
IDN,2023-01-01,4,2023-05-01,4052,862,5594,99,13312,glm_ar1,expanding,148,0,9447
IDN,2023-01-01,5,2023-06-01,3558,757,4913,87,11690,glm_ar1,expanding,148,0,8115
IDN,2023-01-01,6,2023-07-01,3229,687,4458,79,10609,glm_ar1,expanding,148,0,8052
IND,2023-01-01,1,2023-02-01,11501,2448,15878,281,37782,glm_ar1,expanding,154,0,12384
IND,2023-01-01,2,2023-03-01,7758,1651,10710,189,25485,glm_ar1,expanding,154,0,8896
IND,2023-01-01,3,2023-04-01,5781,1230,7981,141,18990,glm_ar1,expanding,154,0,5748
IND,2023-01-01,4,2023-05-01,4640,987,6406,113,15244,glm_ar1,expanding,154,0,9110
IND,2023-01-01,5,2023-06-01,3937,838,5436,96,12935,glm_ar1,expanding,154,0,12983
IND,2023-01-01,6,2023-07-01,3483,741,4808,85,11442,glm_ar1,expanding,154,0,24114
JAM,2023-01-01,1,2023-02-01,31,6,43,0,102,glm_ar1,expanding,153,0,10
JAM,2023-01-01,2,2023-03-01,95,20,131,2,312,glm_ar1,expanding,153,0,6
JAM,2023-01-01,3,2023-04-01,217,46,299,5,713,glm_ar1,expanding,153,0,23
JAM,2023-01-01,4,2023-05-01,400,85,553,9,1316,glm_ar1,expanding,153,0,17
JAM,2023-01-01,5,2023-06-01,632,134,873,15,2078,glm_ar1,expanding,153,0,50
JAM,2023-01-01,6,2023-07-01,889,189,1227,21,2921,glm_ar1,expanding,153,0,39
KEN,2023-01-01,1,2023-02-01,NA,NA,NA,NA,NA,glm_ar1,expanding,60,59,NA
KEN,2023-01-01,2,2023-03-01,NA,NA,NA,NA,NA,glm_ar1,expanding,60,59,NA
KEN,2023-01-01,3,2023-04-01,NA,NA,NA,NA,NA,glm_ar1,expanding,60,59,NA
KEN,2023-01-01,4,2023-05-01,NA,NA,NA,NA,NA,glm_ar1,expanding,60,59,NA
KEN,2023-01-01,5,2023-06-01,NA,NA,NA,NA,NA,glm_ar1,expanding,60,59,NA
KEN,2023-01-01,6,2023-07-01,NA,NA,NA,NA,NA,glm_ar1,expanding,60,59,NA
KHM,2023-01-01,1,2023-02-01,825,175,1139,20,2711,glm_ar1,expanding,156,0,363
KHM,2023-01-01,2,2023-03-01,1084,230,1497,26,3562,glm_ar1,expanding,156,0,412
KHM,2023-01-01,3,2023-04-01,1329,283,1835,32,4367,glm_ar1,expanding,156,0,801
KHM,2023-01-01,4,2023-05-01,1548,329,2137,37,5085,glm_ar1,expanding,156,0,1263
KHM,2023-01-01,5,2023-06-01,1734,369,2394,42,5697,glm_ar1,expanding,156,0,3210
KHM,2023-01-01,6,2023-07-01,1888,402,2606,46,6202,glm_ar1,expanding,156,0,6514
KIR,2023-01-01,1,2023-02-01,NA,NA,NA,NA,NA,glm_ar1,expanding,72,70,NA
KIR,2023-01-01,2,2023-03-01,NA,NA,NA,NA,NA,glm_ar1,expanding,72,70,NA
KIR,2023-01-01,3,2023-04-01,NA,NA,NA,NA,NA,glm_ar1,expanding,72,70,NA
KIR,2023-01-01,4,2023-05-01,NA,NA,NA,NA,NA,glm_ar1,expanding,72,70,NA
KIR,2023-01-01,5,2023-06-01,NA,NA,NA,NA,NA,glm_ar1,expanding,72,70,NA
KIR,2023-01-01,6,2023-07-01,NA,NA,NA,NA,NA,glm_ar1,expanding,72,70,NA
KNA,2023-01-01,1,2023-02-01,NA,NA,NA,NA,NA,glm_ar1,expanding,48,70,NA
KNA,2023-01-01,2,2023-03-01,NA,NA,NA,NA,NA,glm_ar1,expanding,48,70,NA
KNA,2023-01-01,3,2023-04-01,NA,NA,NA,NA,NA,glm_ar1,expanding,48,70,0
KNA,2023-01-01,4,2023-05-01,NA,NA,NA,NA,NA,glm_ar1,expanding,48,70,0
KNA,2023-01-01,5,2023-06-01,NA,NA,NA,NA,NA,glm_ar1,expanding,48,70,1
KNA,2023-01-01,6,2023-07-01,NA,NA,NA,NA,NA,glm_ar1,expanding,48,70,0
LAO,2023-01-01,1,2023-02-01,520,110,718,12,1709,glm_ar1,expanding,156,0,208
LAO,2023-01-01,2,2023-03-01,768,163,1061,18,2525,glm_ar1,expanding,156,0,308
LAO,2023-01-01,3,2023-04-01,1028,219,1419,25,3378,glm_ar1,expanding,156,0,854
LAO,2023-01-01,4,2023-05-01,1278,272,1764,31,4198,glm_ar1,expanding,156,0,1590
LAO,2023-01-01,5,2023-06-01,1503,320,2075,36,4937,glm_ar1,expanding,156,0,3504
LAO,2023-01-01,6,2023-07-01,1696,361,2342,41,5573,glm_ar1,expanding,156,0,9862
LCA,2023-01-01,1,2023-02-01,NA,NA,NA,NA,NA,glm_ar1,expanding,108,47,NA
LCA,2023-01-01,2,2023-03-01,NA,NA,NA,NA,NA,glm_ar1,expanding,108,47,1
LCA,2023-01-01,3,2023-04-01,NA,NA,NA,NA,NA,glm_ar1,expanding,108,47,3
LCA,2023-01-01,4,2023-05-01,NA,NA,NA,NA,NA,glm_ar1,expanding,108,47,6
LCA,2023-01-01,5,2023-06-01,NA,NA,NA,NA,NA,glm_ar1,expanding,108,47,1
LCA,2023-01-01,6,2023-07-01,NA,NA,NA,NA,NA,glm_ar1,expanding,108,47,1
LKA,2023-01-01,1,2023-02-01,5997,1276,8279,146,19700,glm_ar1,expanding,156,0,6828
LKA,2023-01-01,2,2023-03-01,4769,1015,6584,116,15667,glm_ar1,expanding,156,0,7330
LKA,2023-01-01,3,2023-04-01,4019,855,5548,98,13203,glm_ar1,expanding,156,0,7190
LKA,2023-01-01,4,2023-05-01,3537,753,4883,86,11619,glm_ar1,expanding,156,0,8513
LKA,2023-01-01,5,2023-06-01,3214,684,4438,78,10560,glm_ar1,expanding,156,0,11539
LKA,2023-01-01,6,2023-07-01,2993,637,4132,73,9833,glm_ar1,expanding,156,0,6679
MAF,2023-01-01,1,2023-02-01,20,4,28,0,67,glm_ar1,expanding,140,12,6
MAF,2023-01-01,2,2023-03-01,70,15,97,1,232,glm_ar1,expanding,140,12,1
MAF,2023-01-01,3,2023-04-01,174,37,240,4,571,glm_ar1,expanding,140,12,7
MAF,2023-01-01,4,2023-05-01,340,72,469,8,1116,glm_ar1,expanding,140,12,13
MAF,2023-01-01,5,2023-06-01,559,119,772,13,1838,glm_ar1,expanding,140,12,34
MAF,2023-01-01,6,2023-07-01,811,172,1120,19,2665,glm_ar1,expanding,140,12,13
MDV,2023-01-01,1,2023-02-01,429,91,593,10,1411,glm_ar1,expanding,156,0,155
MDV,2023-01-01,2,2023-03-01,666,141,919,16,2188,glm_ar1,expanding,156,0,228
MDV,2023-01-01,3,2023-04-01,924,196,1276,22,3036,glm_ar1,expanding,156,0,330
MDV,2023-01-01,4,2023-05-01,1180,251,1629,28,3876,glm_ar1,expanding,156,0,268
MDV,2023-01-01,5,2023-06-01,1416,301,1955,34,4652,glm_ar1,expanding,156,0,569
MDV,2023-01-01,6,2023-07-01,1622,345,2240,39,5331,glm_ar1,expanding,156,0,304
MEX,2023-01-01,1,2023-02-01,3627,772,5007,88,11916,glm_ar1,expanding,156,0,3570
MEX,2023-01-01,2,2023-03-01,3276,697,4522,80,10762,glm_ar1,expanding,156,0,3860
MEX,2023-01-01,3,2023-04-01,3036,646,4191,74,9973,glm_ar1,expanding,156,0,4844
MEX,2023-01-01,4,2023-05-01,2868,610,3959,70,9422,glm_ar1,expanding,156,0,5969
MEX,2023-01-01,5,2023-06-01,2749,585,3795,67,9030,glm_ar1,expanding,156,0,10638
MEX,2023-01-01,6,2023-07-01,2663,567,3676,65,8748,glm_ar1,expanding,156,0,22503
MHL,2023-01-01,1,2023-02-01,12,2,17,0,40,glm_ar1,expanding,56,84,0
MHL,2023-01-01,2,2023-03-01,49,10,68,1,161,glm_ar1,expanding,56,84,1
MHL,2023-01-01,3,2023-04-01,133,28,184,3,438,glm_ar1,expanding,56,84,0
MHL,2023-01-01,4,2023-05-01,278,59,385,6,916,glm_ar1,expanding,56,84,0
MHL,2023-01-01,5,2023-06-01,482,102,666,11,1586,glm_ar1,expanding,56,84,NA
MHL,2023-01-01,6,2023-07-01,726,154,1003,17,2387,glm_ar1,expanding,56,84,NA
MMR,2023-01-01,1,2023-02-01,31,6,43,0,102,glm_ar1,expanding,156,0,4
MMR,2023-01-01,2,2023-03-01,95,20,131,2,312,glm_ar1,expanding,156,0,38
MMR,2023-01-01,3,2023-04-01,217,46,299,5,713,glm_ar1,expanding,156,0,132
MMR,2023-01-01,4,2023-05-01,400,85,553,9,1316,glm_ar1,expanding,156,0,1048
MMR,2023-01-01,5,2023-06-01,632,134,873,15,2078,glm_ar1,expanding,156,0,3265
MMR,2023-01-01,6,2023-07-01,889,189,1227,21,2921,glm_ar1,expanding,156,0,3700
MRT,2023-01-01,1,2023-02-01,NA,NA,NA,NA,NA,glm_ar1,expanding,12,57,NA
MRT,2023-01-01,2,2023-03-01,NA,NA,NA,NA,NA,glm_ar1,expanding,12,57,NA
MRT,2023-01-01,3,2023-04-01,NA,NA,NA,NA,NA,glm_ar1,expanding,12,57,NA
MRT,2023-01-01,4,2023-05-01,NA,NA,NA,NA,NA,glm_ar1,expanding,12,57,295
MRT,2023-01-01,5,2023-06-01,NA,NA,NA,NA,NA,glm_ar1,expanding,12,57,120
MRT,2023-01-01,6,2023-07-01,NA,NA,NA,NA,NA,glm_ar1,expanding,12,57,138
MTQ,2023-01-01,1,2023-02-01,209,44,288,5,686,glm_ar1,expanding,153,0,333
MTQ,2023-01-01,2,2023-03-01,389,83,537,9,1279,glm_ar1,expanding,153,0,310
MTQ,2023-01-01,3,2023-04-01,619,131,855,15,2034,glm_ar1,expanding,153,0,198
MTQ,2023-01-01,4,2023-05-01,875,186,1208,21,2875,glm_ar1,expanding,153,0,42
MTQ,2023-01-01,5,2023-06-01,1133,241,1564,27,3721,glm_ar1,expanding,153,0,371
MTQ,2023-01-01,6,2023-07-01,1373,292,1896,33,4512,glm_ar1,expanding,153,0,765
MYS,2023-01-01,1,2023-02-01,7646,1627,10555,187,25117,glm_ar1,expanding,156,0,8543
MYS,2023-01-01,2,2023-03-01,5718,1217,7894,139,18785,glm_ar1,expanding,156,0,8105
MYS,2023-01-01,3,2023-04-01,4602,979,6354,112,15120,glm_ar1,expanding,156,0,7853
MYS,2023-01-01,4,2023-05-01,3914,833,5403,95,12857,glm_ar1,expanding,156,0,8881
MYS,2023-01-01,5,2023-06-01,3467,738,4787,84,11391,glm_ar1,expanding,156,0,9497
MYS,2023-01-01,6,2023-07-01,3167,674,4373,77,10405,glm_ar1,expanding,156,0,10928
NCL,2023-01-01,1,2023-02-01,16,3,23,0,54,glm_ar1,expanding,125,12,0
NCL,2023-01-01,2,2023-03-01,60,13,83,1,199,glm_ar1,expanding,125,12,3
NCL,2023-01-01,3,2023-04-01,155,33,215,3,511,glm_ar1,expanding,125,12,1
NCL,2023-01-01,4,2023-05-01,312,66,431,7,1027,glm_ar1,expanding,125,12,0
NCL,2023-01-01,5,2023-06-01,526,112,726,12,1727,glm_ar1,expanding,125,12,0
NCL,2023-01-01,6,2023-07-01,774,165,1069,19,2545,glm_ar1,expanding,125,12,0
NIC,2023-01-01,1,2023-02-01,6570,1398,9070,160,21583,glm_ar1,expanding,155,0,8521
NIC,2023-01-01,2,2023-03-01,5106,1086,7049,124,16773,glm_ar1,expanding,155,0,7757
NIC,2023-01-01,3,2023-04-01,4229,900,5838,103,13893,glm_ar1,expanding,155,0,9513
NIC,2023-01-01,4,2023-05-01,3674,782,5072,89,12069,glm_ar1,expanding,155,0,10012
NIC,2023-01-01,5,2023-06-01,3307,704,4566,80,10865,glm_ar1,expanding,155,0,15737
NIC,2023-01-01,6,2023-07-01,3057,651,4221,74,10045,glm_ar1,expanding,155,0,15037
NPL,2023-01-01,1,2023-02-01,279,59,385,6,916,glm_ar1,expanding,155,0,130
NPL,2023-01-01,2,2023-03-01,482,102,666,11,1586,glm_ar1,expanding,155,0,195
NPL,2023-01-01,3,2023-04-01,727,154,1003,17,2388,glm_ar1,expanding,155,0,158
NPL,2023-01-01,4,2023-05-01,986,210,1361,24,3240,glm_ar1,expanding,155,0,163
NPL,2023-01-01,5,2023-06-01,1238,263,1710,30,4069,glm_ar1,expanding,155,0,1026
NPL,2023-01-01,6,2023-07-01,1468,312,2027,36,4824,glm_ar1,expanding,155,0,6459
OMN,2023-01-01,1,2023-02-01,336,71,464,8,1103,glm_ar1,expanding,58,0,94
OMN,2023-01-01,2,2023-03-01,554,118,765,13,1822,glm_ar1,expanding,58,0,205
OMN,2023-01-01,3,2023-04-01,806,171,1113,19,2648,glm_ar1,expanding,58,0,NA
OMN,2023-01-01,4,2023-05-01,1065,226,1471,26,3500,glm_ar1,expanding,58,0,NA
OMN,2023-01-01,5,2023-06-01,1312,279,1811,32,4311,glm_ar1,expanding,58,0,NA
OMN,2023-01-01,6,2023-07-01,1533,326,2116,37,5036,glm_ar1,expanding,58,0,NA
PAK,2023-01-01,1,2023-02-01,671,143,927,16,2206,glm_ar1,expanding,155,0,277
PAK,2023-01-01,2,2023-03-01,930,198,1284,22,3055,glm_ar1,expanding,155,0,268
PAK,2023-01-01,3,2023-04-01,1185,252,1636,29,3894,glm_ar1,expanding,155,0,412
PAK,2023-01-01,4,2023-05-01,1421,302,1961,34,4668,glm_ar1,expanding,155,0,1481
PAK,2023-01-01,5,2023-06-01,1627,346,2246,39,5344,glm_ar1,expanding,155,0,1049
PAK,2023-01-01,6,2023-07-01,1800,383,2485,44,5913,glm_ar1,expanding,155,0,766
PAN,2023-01-01,1,2023-02-01,1069,227,1476,26,3514,glm_ar1,expanding,154,0,540
PAN,2023-01-01,2,2023-03-01,1316,280,1817,32,4323,glm_ar1,expanding,154,0,397
PAN,2023-01-01,3,2023-04-01,1536,327,2121,37,5047,glm_ar1,expanding,154,0,558
PAN,2023-01-01,4,2023-05-01,1724,367,2381,42,5665,glm_ar1,expanding,154,0,474
PAN,2023-01-01,5,2023-06-01,1880,400,2595,46,6176,glm_ar1,expanding,154,0,796
PAN,2023-01-01,6,2023-07-01,2005,426,2768,49,6587,glm_ar1,expanding,154,0,2055
PER,2023-01-01,1,2023-02-01,6253,1331,8632,152,20541,glm_ar1,expanding,149,0,9503
PER,2023-01-01,2,2023-03-01,4920,1047,6793,120,16164,glm_ar1,expanding,149,0,13441
PER,2023-01-01,3,2023-04-01,4114,875,5679,100,13515,glm_ar1,expanding,149,0,39018
PER,2023-01-01,4,2023-05-01,3599,766,4968,88,11823,glm_ar1,expanding,149,0,71640
PER,2023-01-01,5,2023-06-01,3257,693,4496,79,10699,glm_ar1,expanding,149,0,48731
PER,2023-01-01,6,2023-07-01,3022,643,4173,74,9930,glm_ar1,expanding,149,0,33197
PHL,2023-01-01,1,2023-02-01,8359,1779,11541,204,27462,glm_ar1,expanding,154,0,8681
PHL,2023-01-01,2,2023-03-01,6112,1301,8439,149,20080,glm_ar1,expanding,154,0,7041
PHL,2023-01-01,3,2023-04-01,4838,1029,6679,118,15892,glm_ar1,expanding,154,0,5374
PHL,2023-01-01,4,2023-05-01,4062,864,5608,99,13345,glm_ar1,expanding,154,0,6631
PHL,2023-01-01,5,2023-06-01,3565,759,4922,87,11712,glm_ar1,expanding,154,0,11974
PHL,2023-01-01,6,2023-07-01,3234,688,4464,79,10624,glm_ar1,expanding,154,0,20666
PLW,2023-01-01,1,2023-02-01,12,2,17,0,40,glm_ar1,expanding,82,72,0
PLW,2023-01-01,2,2023-03-01,49,10,68,1,161,glm_ar1,expanding,82,72,1
PLW,2023-01-01,3,2023-04-01,133,28,184,3,438,glm_ar1,expanding,82,72,NA
PLW,2023-01-01,4,2023-05-01,278,59,385,6,916,glm_ar1,expanding,82,72,NA
PLW,2023-01-01,5,2023-06-01,482,102,666,11,1586,glm_ar1,expanding,82,72,NA
PLW,2023-01-01,6,2023-07-01,726,154,1003,17,2387,glm_ar1,expanding,82,72,NA
PRI,2023-01-01,1,2023-02-01,298,63,412,7,981,glm_ar1,expanding,118,36,79
PRI,2023-01-01,2,2023-03-01,508,108,701,12,1670,glm_ar1,expanding,118,36,51
PRI,2023-01-01,3,2023-04-01,755,160,1042,18,2481,glm_ar1,expanding,118,36,33
PRI,2023-01-01,4,2023-05-01,1015,216,1401,24,3334,glm_ar1,expanding,118,36,30
PRI,2023-01-01,5,2023-06-01,1265,269,1747,31,4157,glm_ar1,expanding,118,36,41
PRI,2023-01-01,6,2023-07-01,1492,317,2060,36,4901,glm_ar1,expanding,118,36,88
PRY,2023-01-01,1,2023-02-01,3155,671,4356,77,10365,glm_ar1,expanding,151,0,3648
PRY,2023-01-01,2,2023-03-01,2952,628,4075,72,9697,glm_ar1,expanding,151,0,3985
PRY,2023-01-01,3,2023-04-01,2808,597,3877,68,9226,glm_ar1,expanding,151,0,3403
PRY,2023-01-01,4,2023-05-01,2706,576,3736,66,8890,glm_ar1,expanding,151,0,1990
PRY,2023-01-01,5,2023-06-01,2632,560,3633,64,8646,glm_ar1,expanding,151,0,1356
PRY,2023-01-01,6,2023-07-01,2578,548,3559,63,8469,glm_ar1,expanding,151,0,1024
PYF,2023-01-01,1,2023-02-01,230,49,318,5,758,glm_ar1,expanding,105,48,51
PYF,2023-01-01,2,2023-03-01,419,89,579,10,1377,glm_ar1,expanding,105,48,35
PYF,2023-01-01,3,2023-04-01,654,139,903,16,2149,glm_ar1,expanding,105,48,15
PYF,2023-01-01,4,2023-05-01,912,194,1259,22,2996,glm_ar1,expanding,105,48,7
PYF,2023-01-01,5,2023-06-01,1168,248,1613,28,3838,glm_ar1,expanding,105,48,10
PYF,2023-01-01,6,2023-07-01,1405,299,1940,34,4617,glm_ar1,expanding,105,48,11
REU,2023-01-01,1,2023-02-01,NA,NA,NA,NA,NA,glm_ar1,expanding,108,39,NA
REU,2023-01-01,2,2023-03-01,NA,NA,NA,NA,NA,glm_ar1,expanding,108,39,NA
REU,2023-01-01,3,2023-04-01,NA,NA,NA,NA,NA,glm_ar1,expanding,108,39,NA
REU,2023-01-01,4,2023-05-01,NA,NA,NA,NA,NA,glm_ar1,expanding,108,39,NA
REU,2023-01-01,5,2023-06-01,NA,NA,NA,NA,NA,glm_ar1,expanding,108,39,NA
REU,2023-01-01,6,2023-07-01,NA,NA,NA,NA,NA,glm_ar1,expanding,108,39,NA
SAU,2023-01-01,1,2023-02-01,2896,616,3998,70,9513,glm_ar1,expanding,148,0,3608
SAU,2023-01-01,2,2023-03-01,2768,589,3822,67,9095,glm_ar1,expanding,148,0,3139
SAU,2023-01-01,3,2023-04-01,2677,570,3696,65,8795,glm_ar1,expanding,148,0,1764
SAU,2023-01-01,4,2023-05-01,2611,555,3605,63,8578,glm_ar1,expanding,148,0,824
SAU,2023-01-01,5,2023-06-01,2562,545,3538,62,8419,glm_ar1,expanding,148,0,818
SAU,2023-01-01,6,2023-07-01,2527,538,3489,61,8302,glm_ar1,expanding,148,0,504
SDN,2023-01-01,1,2023-02-01,277,59,383,6,911,glm_ar1,expanding,69,84,40
SDN,2023-01-01,2,2023-03-01,480,102,663,11,1579,glm_ar1,expanding,69,84,17
SDN,2023-01-01,3,2023-04-01,724,154,1000,17,2380,glm_ar1,expanding,69,84,7
SDN,2023-01-01,4,2023-05-01,984,209,1358,24,3232,glm_ar1,expanding,69,84,3
SDN,2023-01-01,5,2023-06-01,1236,263,1707,30,4062,glm_ar1,expanding,69,84,2
SDN,2023-01-01,6,2023-07-01,1466,312,2024,35,4817,glm_ar1,expanding,69,84,1
SEN,2023-01-01,1,2023-02-01,60,12,82,1,196,glm_ar1,expanding,45,24,10
SEN,2023-01-01,2,2023-03-01,154,32,213,3,506,glm_ar1,expanding,45,24,14
SEN,2023-01-01,3,2023-04-01,310,66,429,7,1020,glm_ar1,expanding,45,24,0
SEN,2023-01-01,4,2023-05-01,523,111,722,12,1718,glm_ar1,expanding,45,24,2
SEN,2023-01-01,5,2023-06-01,771,164,1065,18,2535,glm_ar1,expanding,45,24,0
SEN,2023-01-01,6,2023-07-01,1031,219,1424,25,3388,glm_ar1,expanding,45,24,3
SGP,2023-01-01,1,2023-02-01,1468,312,2026,36,4822,glm_ar1,expanding,156,0,615
SGP,2023-01-01,2,2023-03-01,1667,354,2301,40,5476,glm_ar1,expanding,156,0,504
SGP,2023-01-01,3,2023-04-01,1833,390,2530,44,6021,glm_ar1,expanding,156,0,607
SGP,2023-01-01,4,2023-05-01,1967,418,2716,48,6463,glm_ar1,expanding,156,0,465
SGP,2023-01-01,5,2023-06-01,2074,441,2864,50,6815,glm_ar1,expanding,156,0,917
SGP,2023-01-01,6,2023-07-01,2158,459,2979,52,7089,glm_ar1,expanding,156,0,1019
SLB,2023-01-01,1,2023-02-01,91,19,126,2,300,glm_ar1,expanding,94,24,40
SLB,2023-01-01,2,2023-03-01,210,44,291,5,692,glm_ar1,expanding,94,24,63
SLB,2023-01-01,3,2023-04-01,391,83,541,9,1287,glm_ar1,expanding,94,24,94
SLB,2023-01-01,4,2023-05-01,622,132,858,15,2043,glm_ar1,expanding,94,24,63
SLB,2023-01-01,5,2023-06-01,878,187,1212,21,2885,glm_ar1,expanding,94,24,55
SLB,2023-01-01,6,2023-07-01,1135,241,1568,27,3731,glm_ar1,expanding,94,24,47
SLV,2023-01-01,1,2023-02-01,609,129,841,15,2002,glm_ar1,expanding,156,0,349
SLV,2023-01-01,2,2023-03-01,865,184,1194,21,2841,glm_ar1,expanding,156,0,508
SLV,2023-01-01,3,2023-04-01,1123,239,1550,27,3689,glm_ar1,expanding,156,0,494
SLV,2023-01-01,4,2023-05-01,1364,290,1884,33,4483,glm_ar1,expanding,156,0,503
SLV,2023-01-01,5,2023-06-01,1578,336,2179,38,5186,glm_ar1,expanding,156,0,603
SLV,2023-01-01,6,2023-07-01,1760,374,2429,43,5781,glm_ar1,expanding,156,0,758
SUR,2023-01-01,1,2023-02-01,65,13,89,1,213,glm_ar1,expanding,94,60,12
SUR,2023-01-01,2,2023-03-01,164,35,226,4,538,glm_ar1,expanding,94,60,3
SUR,2023-01-01,3,2023-04-01,325,69,448,8,1068,glm_ar1,expanding,94,60,8
SUR,2023-01-01,4,2023-05-01,541,115,747,13,1778,glm_ar1,expanding,94,60,26
SUR,2023-01-01,5,2023-06-01,791,168,1092,19,2600,glm_ar1,expanding,94,60,13
SUR,2023-01-01,6,2023-07-01,1051,223,1451,25,3452,glm_ar1,expanding,94,60,37
SXM,2023-01-01,1,2023-02-01,NA,NA,NA,NA,NA,glm_ar1,expanding,36,118,NA
SXM,2023-01-01,2,2023-03-01,NA,NA,NA,NA,NA,glm_ar1,expanding,36,118,NA
SXM,2023-01-01,3,2023-04-01,NA,NA,NA,NA,NA,glm_ar1,expanding,36,118,NA
SXM,2023-01-01,4,2023-05-01,NA,NA,NA,NA,NA,glm_ar1,expanding,36,118,NA
SXM,2023-01-01,5,2023-06-01,NA,NA,NA,NA,NA,glm_ar1,expanding,36,118,NA
SXM,2023-01-01,6,2023-07-01,NA,NA,NA,NA,NA,glm_ar1,expanding,36,118,NA
SYC,2023-01-01,1,2023-02-01,654,139,903,16,2149,glm_ar1,expanding,31,48,659
SYC,2023-01-01,2,2023-03-01,912,194,1259,22,2996,glm_ar1,expanding,31,48,578
SYC,2023-01-01,3,2023-04-01,1168,248,1613,28,3838,glm_ar1,expanding,31,48,292
SYC,2023-01-01,4,2023-05-01,1405,299,1940,34,4617,glm_ar1,expanding,31,48,202
SYC,2023-01-01,5,2023-06-01,1613,343,2228,39,5301,glm_ar1,expanding,31,48,265
SYC,2023-01-01,6,2023-07-01,1789,380,2470,43,5877,glm_ar1,expanding,31,48,260
TCA,2023-01-01,1,2023-02-01,NA,NA,NA,NA,NA,glm_ar1,expanding,72,45,NA
TCA,2023-01-01,2,2023-03-01,NA,NA,NA,NA,NA,glm_ar1,expanding,72,45,NA
TCA,2023-01-01,3,2023-04-01,NA,NA,NA,NA,NA,glm_ar1,expanding,72,45,NA
TCA,2023-01-01,4,2023-05-01,NA,NA,NA,NA,NA,glm_ar1,expanding,72,45,0
TCA,2023-01-01,5,2023-06-01,NA,NA,NA,NA,NA,glm_ar1,expanding,72,45,0
TCA,2023-01-01,6,2023-07-01,NA,NA,NA,NA,NA,glm_ar1,expanding,72,45,0
THA,2023-01-01,1,2023-02-01,3861,822,5331,94,12685,glm_ar1,expanding,156,0,3312
THA,2023-01-01,2,2023-03-01,3432,730,4739,84,11276,glm_ar1,expanding,156,0,3761
THA,2023-01-01,3,2023-04-01,3143,669,4340,76,10327,glm_ar1,expanding,156,0,4037
THA,2023-01-01,4,2023-05-01,2944,626,4064,72,9671,glm_ar1,expanding,156,0,5601
THA,2023-01-01,5,2023-06-01,2803,596,3869,68,9208,glm_ar1,expanding,156,0,13996
THA,2023-01-01,6,2023-07-01,2702,575,3730,66,8876,glm_ar1,expanding,156,0,27505
TLS,2023-01-01,1,2023-02-01,234,49,323,5,769,glm_ar1,expanding,149,0,205
TLS,2023-01-01,2,2023-03-01,423,90,585,10,1392,glm_ar1,expanding,149,0,315
TLS,2023-01-01,3,2023-04-01,659,140,910,16,2166,glm_ar1,expanding,149,0,275
TLS,2023-01-01,4,2023-05-01,917,195,1266,22,3013,glm_ar1,expanding,149,0,373
TLS,2023-01-01,5,2023-06-01,1173,249,1620,28,3855,glm_ar1,expanding,149,0,146
TLS,2023-01-01,6,2023-07-01,1410,300,1947,34,4633,glm_ar1,expanding,149,0,141
TON,2023-01-01,1,2023-02-01,7,1,10,0,24,glm_ar1,expanding,45,60,2
TON,2023-01-01,2,2023-03-01,34,7,48,0,114,glm_ar1,expanding,45,60,0
TON,2023-01-01,3,2023-04-01,103,22,142,2,340,glm_ar1,expanding,45,60,0
TON,2023-01-01,4,2023-05-01,231,49,319,5,758,glm_ar1,expanding,45,60,NA
TON,2023-01-01,5,2023-06-01,419,89,579,10,1378,glm_ar1,expanding,45,60,NA
TON,2023-01-01,6,2023-07-01,654,139,903,16,2150,glm_ar1,expanding,45,60,NA
TTO,2023-01-01,1,2023-02-01,62,13,86,1,205,glm_ar1,expanding,106,48,3
TTO,2023-01-01,2,2023-03-01,159,33,219,3,522,glm_ar1,expanding,106,48,2
TTO,2023-01-01,3,2023-04-01,318,67,439,7,1044,glm_ar1,expanding,106,48,1
TTO,2023-01-01,4,2023-05-01,532,113,735,13,1749,glm_ar1,expanding,106,48,1
TTO,2023-01-01,5,2023-06-01,781,166,1079,19,2568,glm_ar1,expanding,106,48,2
TTO,2023-01-01,6,2023-07-01,1041,221,1437,25,3421,glm_ar1,expanding,106,48,4
TUV,2023-01-01,1,2023-02-01,54,11,75,1,179,glm_ar1,expanding,46,12,4
TUV,2023-01-01,2,2023-03-01,144,30,198,3,473,glm_ar1,expanding,46,12,2
TUV,2023-01-01,3,2023-04-01,295,62,407,7,970,glm_ar1,expanding,46,12,NA
TUV,2023-01-01,4,2023-05-01,503,107,695,12,1655,glm_ar1,expanding,46,12,NA
TUV,2023-01-01,5,2023-06-01,750,159,1035,18,2464,glm_ar1,expanding,46,12,NA
TUV,2023-01-01,6,2023-07-01,1010,215,1394,24,3317,glm_ar1,expanding,46,12,NA
TWN,2023-01-01,1,2023-02-01,NA,NA,NA,NA,NA,glm_ar1,expanding,96,59,NA
TWN,2023-01-01,2,2023-03-01,NA,NA,NA,NA,NA,glm_ar1,expanding,96,59,0
TWN,2023-01-01,3,2023-04-01,NA,NA,NA,NA,NA,glm_ar1,expanding,96,59,0
TWN,2023-01-01,4,2023-05-01,NA,NA,NA,NA,NA,glm_ar1,expanding,96,59,2
TWN,2023-01-01,5,2023-06-01,NA,NA,NA,NA,NA,glm_ar1,expanding,96,59,210
TWN,2023-01-01,6,2023-07-01,NA,NA,NA,NA,NA,glm_ar1,expanding,96,59,973
URY,2023-01-01,1,2023-02-01,12,2,17,0,40,glm_ar1,expanding,34,60,2
URY,2023-01-01,2,2023-03-01,49,10,68,1,161,glm_ar1,expanding,34,60,4
URY,2023-01-01,3,2023-04-01,133,28,184,3,438,glm_ar1,expanding,34,60,24
URY,2023-01-01,4,2023-05-01,278,59,385,6,916,glm_ar1,expanding,34,60,4
URY,2023-01-01,5,2023-06-01,482,102,666,11,1586,glm_ar1,expanding,34,60,1
URY,2023-01-01,6,2023-07-01,726,154,1003,17,2387,glm_ar1,expanding,34,60,2
USA,2023-01-01,1,2023-02-01,7,1,10,0,24,glm_ar1,expanding,143,12,0
USA,2023-01-01,2,2023-03-01,34,7,48,0,114,glm_ar1,expanding,143,12,0
USA,2023-01-01,3,2023-04-01,103,22,142,2,340,glm_ar1,expanding,143,12,0
USA,2023-01-01,4,2023-05-01,231,49,319,5,758,glm_ar1,expanding,143,12,0
USA,2023-01-01,5,2023-06-01,419,89,579,10,1378,glm_ar1,expanding,143,12,0
USA,2023-01-01,6,2023-07-01,654,139,903,16,2150,glm_ar1,expanding,143,12,0
VCT,2023-01-01,1,2023-02-01,NA,NA,NA,NA,NA,glm_ar1,expanding,108,46,NA
VCT,2023-01-01,2,2023-03-01,NA,NA,NA,NA,NA,glm_ar1,expanding,108,46,NA
VCT,2023-01-01,3,2023-04-01,NA,NA,NA,NA,NA,glm_ar1,expanding,108,46,4
VCT,2023-01-01,4,2023-05-01,NA,NA,NA,NA,NA,glm_ar1,expanding,108,46,6
VCT,2023-01-01,5,2023-06-01,NA,NA,NA,NA,NA,glm_ar1,expanding,108,46,2
VCT,2023-01-01,6,2023-07-01,NA,NA,NA,NA,NA,glm_ar1,expanding,108,46,0
VEN,2023-01-01,1,2023-02-01,1599,340,2208,39,5255,glm_ar1,expanding,154,0,918
VEN,2023-01-01,2,2023-03-01,1777,378,2454,43,5839,glm_ar1,expanding,154,0,826
VEN,2023-01-01,3,2023-04-01,1923,409,2654,47,6317,glm_ar1,expanding,154,0,812
VEN,2023-01-01,4,2023-05-01,2039,434,2815,49,6699,glm_ar1,expanding,154,0,864
VEN,2023-01-01,5,2023-06-01,2130,453,2941,52,6999,glm_ar1,expanding,154,0,0
VEN,2023-01-01,6,2023-07-01,2201,468,3039,53,7232,glm_ar1,expanding,154,0,0
VGB,2023-01-01,1,2023-02-01,NA,NA,NA,NA,NA,glm_ar1,expanding,120,34,NA
VGB,2023-01-01,2,2023-03-01,NA,NA,NA,NA,NA,glm_ar1,expanding,120,34,NA
VGB,2023-01-01,3,2023-04-01,NA,NA,NA,NA,NA,glm_ar1,expanding,120,34,0
VGB,2023-01-01,4,2023-05-01,NA,NA,NA,NA,NA,glm_ar1,expanding,120,34,1
VGB,2023-01-01,5,2023-06-01,NA,NA,NA,NA,NA,glm_ar1,expanding,120,34,0
VGB,2023-01-01,6,2023-07-01,NA,NA,NA,NA,NA,glm_ar1,expanding,120,34,0
VNM,2023-01-01,1,2023-02-01,8746,1862,12075,213,28734,glm_ar1,expanding,155,0,7569
VNM,2023-01-01,2,2023-03-01,6323,1346,8729,154,20771,glm_ar1,expanding,155,0,5939
VNM,2023-01-01,3,2023-04-01,4961,1056,6850,121,16299,glm_ar1,expanding,155,0,5618
VNM,2023-01-01,4,2023-05-01,4139,881,5715,101,13599,glm_ar1,expanding,155,0,4059
VNM,2023-01-01,5,2023-06-01,3615,769,4992,88,11878,glm_ar1,expanding,155,0,6942
VNM,2023-01-01,6,2023-07-01,3268,695,4512,80,10736,glm_ar1,expanding,155,0,15465
VUT,2023-01-01,1,2023-02-01,37,8,51,1,123,glm_ar1,expanding,75,72,13
VUT,2023-01-01,2,2023-03-01,109,23,150,2,358,glm_ar1,expanding,75,72,12
VUT,2023-01-01,3,2023-04-01,240,51,331,5,789,glm_ar1,expanding,75,72,33
VUT,2023-01-01,4,2023-05-01,432,92,596,10,1419,glm_ar1,expanding,75,72,6
VUT,2023-01-01,5,2023-06-01,669,142,923,16,2197,glm_ar1,expanding,75,72,5
VUT,2023-01-01,6,2023-07-01,927,197,1280,22,3045,glm_ar1,expanding,75,72,5
WLF,2023-01-01,1,2023-02-01,49,10,67,1,161,glm_ar1,expanding,68,0,6
WLF,2023-01-01,2,2023-03-01,133,28,183,3,437,glm_ar1,expanding,68,0,6
WLF,2023-01-01,3,2023-04-01,278,59,384,6,915,glm_ar1,expanding,68,0,7
WLF,2023-01-01,4,2023-05-01,482,102,666,11,1584,glm_ar1,expanding,68,0,4
WLF,2023-01-01,5,2023-06-01,726,154,1003,17,2386,glm_ar1,expanding,68,0,5
WLF,2023-01-01,6,2023-07-01,986,209,1361,24,3238,glm_ar1,expanding,68,0,4
WSM,2023-01-01,1,2023-02-01,16,3,23,0,54,glm_ar1,expanding,64,0,0
WSM,2023-01-01,2,2023-03-01,60,13,83,1,199,glm_ar1,expanding,64,0,4
WSM,2023-01-01,3,2023-04-01,155,33,215,3,511,glm_ar1,expanding,64,0,59
WSM,2023-01-01,4,2023-05-01,312,66,431,7,1027,glm_ar1,expanding,64,0,6
WSM,2023-01-01,5,2023-06-01,526,112,726,12,1727,glm_ar1,expanding,64,0,4
WSM,2023-01-01,6,2023-07-01,774,165,1069,19,2545,glm_ar1,expanding,64,0,4
YEM,2023-01-01,1,2023-02-01,2090,445,2886,51,6868,glm_ar1,expanding,70,24,1373
YEM,2023-01-01,2,2023-03-01,2170,462,2997,53,7131,glm_ar1,expanding,70,24,1297
YEM,2023-01-01,3,2023-04-01,2232,475,3082,54,7334,glm_ar1,expanding,70,24,1654
YEM,2023-01-01,4,2023-05-01,2279,485,3147,55,7489,glm_ar1,expanding,70,24,3978
YEM,2023-01-01,5,2023-06-01,2315,493,3197,56,7607,glm_ar1,expanding,70,24,3155
YEM,2023-01-01,6,2023-07-01,2343,498,3234,57,7696,glm_ar1,expanding,70,24,2154
ABW,2023-07-01,1,2023-08-01,7,1,10,0,24,glm_ar1,expanding,85,72,2
ABW,2023-07-01,2,2023-09-01,34,7,47,0,113,glm_ar1,expanding,85,72,8
ABW,2023-07-01,3,2023-10-01,103,21,142,2,339,glm_ar1,expanding,85,72,2
ABW,2023-07-01,4,2023-11-01,231,49,319,5,761,glm_ar1,expanding,85,72,1
ABW,2023-07-01,5,2023-12-01,422,89,583,10,1391,glm_ar1,expanding,85,72,0
ABW,2023-07-01,6,2024-01-01,663,140,915,16,2183,glm_ar1,expanding,85,72,3
AFG,2023-07-01,1,2023-08-01,346,73,478,8,1140,glm_ar1,expanding,29,0,155
AFG,2023-07-01,2,2023-09-01,571,121,789,13,1882,glm_ar1,expanding,29,0,91
AFG,2023-07-01,3,2023-10-01,831,175,1148,20,2737,glm_ar1,expanding,29,0,251
AFG,2023-07-01,4,2023-11-01,1100,232,1519,26,3622,glm_ar1,expanding,29,0,209
AFG,2023-07-01,5,2023-12-01,1358,287,1874,32,4469,glm_ar1,expanding,29,0,215
AFG,2023-07-01,6,2024-01-01,1589,336,2194,38,5231,glm_ar1,expanding,29,0,260
ARG,2023-07-01,1,2023-08-01,3070,649,4237,73,10103,glm_ar1,expanding,156,0,170
ARG,2023-07-01,2,2023-09-01,2928,619,4042,70,9638,glm_ar1,expanding,156,0,1379
ARG,2023-07-01,3,2023-10-01,2827,597,3902,68,9304,glm_ar1,expanding,156,0,523
ARG,2023-07-01,4,2023-11-01,2753,582,3800,66,9061,glm_ar1,expanding,156,0,1374
ARG,2023-07-01,5,2023-12-01,2699,570,3725,65,8883,glm_ar1,expanding,156,0,22072
ARG,2023-07-01,6,2024-01-01,2659,562,3670,64,8752,glm_ar1,expanding,156,0,32998
ATG,2023-07-01,1,2023-08-01,49,10,67,1,161,glm_ar1,expanding,76,24,20
ATG,2023-07-01,2,2023-09-01,133,28,184,3,439,glm_ar1,expanding,76,24,22
ATG,2023-07-01,3,2023-10-01,280,59,386,6,922,glm_ar1,expanding,76,24,24
ATG,2023-07-01,4,2023-11-01,487,103,673,11,1605,glm_ar1,expanding,76,24,26
ATG,2023-07-01,5,2023-12-01,738,156,1019,17,2430,glm_ar1,expanding,76,24,28
ATG,2023-07-01,6,2024-01-01,1007,213,1390,24,3314,glm_ar1,expanding,76,24,27
AUS,2023-07-01,1,2023-08-01,236,50,326,5,779,glm_ar1,expanding,143,12,110
AUS,2023-07-01,2,2023-09-01,430,91,593,10,1415,glm_ar1,expanding,143,12,109
AUS,2023-07-01,3,2023-10-01,672,142,927,16,2211,glm_ar1,expanding,143,12,92
AUS,2023-07-01,4,2023-11-01,938,198,1295,22,3088,glm_ar1,expanding,143,12,112
AUS,2023-07-01,5,2023-12-01,1205,254,1663,29,3966,glm_ar1,expanding,143,12,95
AUS,2023-07-01,6,2024-01-01,1453,307,2006,35,4783,glm_ar1,expanding,143,12,132
BES,2023-07-01,1,2023-08-01,NA,NA,NA,NA,NA,glm_ar1,expanding,36,0,NA
BES,2023-07-01,2,2023-09-01,NA,NA,NA,NA,NA,glm_ar1,expanding,36,0,NA
BES,2023-07-01,3,2023-10-01,NA,NA,NA,NA,NA,glm_ar1,expanding,36,0,NA
BES,2023-07-01,4,2023-11-01,NA,NA,NA,NA,NA,glm_ar1,expanding,36,0,NA
BES,2023-07-01,5,2023-12-01,NA,NA,NA,NA,NA,glm_ar1,expanding,36,0,NA
BES,2023-07-01,6,2024-01-01,NA,NA,NA,NA,NA,glm_ar1,expanding,36,0,NA
BFA,2023-07-01,1,2023-08-01,824,174,1138,19,2713,glm_ar1,expanding,51,48,7077
BFA,2023-07-01,2,2023-09-01,1093,231,1509,26,3599,glm_ar1,expanding,51,48,36247
BFA,2023-07-01,3,2023-10-01,1351,285,1865,32,4448,glm_ar1,expanding,51,48,101090
BFA,2023-07-01,4,2023-11-01,1583,335,2186,38,5212,glm_ar1,expanding,51,48,72208
BFA,2023-07-01,5,2023-12-01,1783,377,2461,43,5869,glm_ar1,expanding,51,48,20104
BFA,2023-07-01,6,2024-01-01,1949,412,2691,46,6416,glm_ar1,expanding,51,48,6729
BGD,2023-07-01,1,2023-08-01,20206,4272,27891,485,66501,glm_ar1,expanding,161,0,81164
BGD,2023-07-01,2,2023-09-01,12025,2542,16598,289,39575,glm_ar1,expanding,161,0,75986
BGD,2023-07-01,3,2023-10-01,8149,1723,11248,196,26819,glm_ar1,expanding,161,0,61392
BGD,2023-07-01,4,2023-11-01,6087,1287,8402,146,20035,glm_ar1,expanding,161,0,46026
BGD,2023-07-01,5,2023-12-01,4892,1034,6752,117,16100,glm_ar1,expanding,161,0,7473
BGD,2023-07-01,6,2024-01-01,4153,878,5732,99,13667,glm_ar1,expanding,161,0,1055
BHS,2023-07-01,1,2023-08-01,NA,NA,NA,NA,NA,glm_ar1,expanding,48,112,NA
BHS,2023-07-01,2,2023-09-01,NA,NA,NA,NA,NA,glm_ar1,expanding,48,112,NA
BHS,2023-07-01,3,2023-10-01,NA,NA,NA,NA,NA,glm_ar1,expanding,48,112,NA
BHS,2023-07-01,4,2023-11-01,NA,NA,NA,NA,NA,glm_ar1,expanding,48,112,NA
BHS,2023-07-01,5,2023-12-01,NA,NA,NA,NA,NA,glm_ar1,expanding,48,112,NA
BHS,2023-07-01,6,2024-01-01,NA,NA,NA,NA,NA,glm_ar1,expanding,48,112,NA
BLM,2023-07-01,1,2023-08-01,24,5,33,0,79,glm_ar1,expanding,100,36,21
BLM,2023-07-01,2,2023-09-01,79,16,109,2,261,glm_ar1,expanding,100,36,49
BLM,2023-07-01,3,2023-10-01,190,40,262,4,626,glm_ar1,expanding,100,36,104
BLM,2023-07-01,4,2023-11-01,365,77,504,8,1203,glm_ar1,expanding,100,36,349
BLM,2023-07-01,5,2023-12-01,595,125,821,14,1958,glm_ar1,expanding,100,36,155
BLM,2023-07-01,6,2024-01-01,856,181,1182,20,2819,glm_ar1,expanding,100,36,76
BLZ,2023-07-01,1,2023-08-01,364,77,502,8,1198,glm_ar1,expanding,161,0,171
BLZ,2023-07-01,2,2023-09-01,593,125,818,14,1952,glm_ar1,expanding,161,0,246
BLZ,2023-07-01,3,2023-10-01,854,180,1179,20,2812,glm_ar1,expanding,161,0,409
BLZ,2023-07-01,4,2023-11-01,1123,237,1551,27,3697,glm_ar1,expanding,161,0,171
BLZ,2023-07-01,5,2023-12-01,1379,291,1903,33,4538,glm_ar1,expanding,161,0,108
BLZ,2023-07-01,6,2024-01-01,1608,340,2219,38,5291,glm_ar1,expanding,161,0,73
BOL,2023-07-01,1,2023-08-01,1552,328,2143,37,5110,glm_ar1,expanding,156,0,1152
BOL,2023-07-01,2,2023-09-01,1757,371,2425,42,5783,glm_ar1,expanding,156,0,1119
BOL,2023-07-01,3,2023-10-01,1928,407,2661,46,6345,glm_ar1,expanding,156,0,1929
BOL,2023-07-01,4,2023-11-01,2066,437,2852,49,6801,glm_ar1,expanding,156,0,2175
BOL,2023-07-01,5,2023-12-01,2177,460,3005,52,7165,glm_ar1,expanding,156,0,4781
BOL,2023-07-01,6,2024-01-01,2263,478,3124,54,7450,glm_ar1,expanding,156,0,7720
BRA,2023-07-01,1,2023-08-01,42870,9064,59173,1030,141088,glm_ar1,expanding,154,0,68597
BRA,2023-07-01,2,2023-09-01,21133,4468,29170,508,69551,glm_ar1,expanding,154,0,68935
BRA,2023-07-01,3,2023-10-01,12436,2629,17165,299,40928,glm_ar1,expanding,154,0,96114
BRA,2023-07-01,4,2023-11-01,8357,1767,11535,201,27503,glm_ar1,expanding,154,0,104329
BRA,2023-07-01,5,2023-12-01,6203,1311,8563,149,20417,glm_ar1,expanding,154,0,114487
BRA,2023-07-01,6,2024-01-01,4962,1049,6849,119,16330,glm_ar1,expanding,154,0,780660
BRB,2023-07-01,1,2023-08-01,7,1,10,0,24,glm_ar1,expanding,160,0,15
BRB,2023-07-01,2,2023-09-01,34,7,47,0,113,glm_ar1,expanding,160,0,30
BRB,2023-07-01,3,2023-10-01,103,21,142,2,339,glm_ar1,expanding,160,0,169
BRB,2023-07-01,4,2023-11-01,231,49,319,5,761,glm_ar1,expanding,160,0,196
BRB,2023-07-01,5,2023-12-01,422,89,583,10,1391,glm_ar1,expanding,160,0,348
BRB,2023-07-01,6,2024-01-01,663,140,915,16,2183,glm_ar1,expanding,160,0,373
BRN,2023-07-01,1,2023-08-01,62,13,86,1,205,glm_ar1,expanding,159,0,21
BRN,2023-07-01,2,2023-09-01,159,33,220,3,525,glm_ar1,expanding,159,0,18
BRN,2023-07-01,3,2023-10-01,320,67,442,7,1054,glm_ar1,expanding,159,0,17
BRN,2023-07-01,4,2023-11-01,539,114,744,13,1774,glm_ar1,expanding,159,0,20
BRN,2023-07-01,5,2023-12-01,795,168,1098,19,2618,glm_ar1,expanding,159,0,23
BRN,2023-07-01,6,2024-01-01,1065,225,1470,25,3505,glm_ar1,expanding,159,0,21
BTN,2023-07-01,1,2023-08-01,130,27,179,3,427,glm_ar1,expanding,113,48,91
BTN,2023-07-01,2,2023-09-01,275,58,379,6,904,glm_ar1,expanding,113,48,82
BTN,2023-07-01,3,2023-10-01,481,101,663,11,1582,glm_ar1,expanding,113,48,89
BTN,2023-07-01,4,2023-11-01,730,154,1008,17,2404,glm_ar1,expanding,113,48,70
BTN,2023-07-01,5,2023-12-01,999,211,1378,24,3287,glm_ar1,expanding,113,48,59
BTN,2023-07-01,6,2024-01-01,1262,267,1743,30,4156,glm_ar1,expanding,113,48,3
CHL,2023-07-01,1,2023-08-01,NA,NA,NA,NA,NA,glm_ar1,expanding,36,100,NA
CHL,2023-07-01,2,2023-09-01,NA,NA,NA,NA,NA,glm_ar1,expanding,36,100,NA
CHL,2023-07-01,3,2023-10-01,NA,NA,NA,NA,NA,glm_ar1,expanding,36,100,NA
CHL,2023-07-01,4,2023-11-01,NA,NA,NA,NA,NA,glm_ar1,expanding,36,100,NA
CHL,2023-07-01,5,2023-12-01,NA,NA,NA,NA,NA,glm_ar1,expanding,36,100,NA
CHL,2023-07-01,6,2024-01-01,NA,NA,NA,NA,NA,glm_ar1,expanding,36,100,NA
CHN,2023-07-01,1,2023-08-01,1801,380,2485,43,5926,glm_ar1,expanding,137,24,4198
CHN,2023-07-01,2,2023-09-01,1963,415,2710,47,6462,glm_ar1,expanding,137,24,6494
CHN,2023-07-01,3,2023-10-01,2095,443,2892,50,6895,glm_ar1,expanding,137,24,5388
CHN,2023-07-01,4,2023-11-01,2199,465,3036,53,7239,glm_ar1,expanding,137,24,1685
CHN,2023-07-01,5,2023-12-01,2281,482,3148,54,7507,glm_ar1,expanding,137,24,154
CHN,2023-07-01,6,2024-01-01,2344,495,3236,56,7715,glm_ar1,expanding,137,24,27
CIV,2023-07-01,1,2023-08-01,1110,234,1532,26,3654,glm_ar1,expanding,18,0,1842
CIV,2023-07-01,2,2023-09-01,1367,289,1886,32,4498,glm_ar1,expanding,18,0,550
CIV,2023-07-01,3,2023-10-01,1597,337,2204,38,5256,glm_ar1,expanding,18,0,117
CIV,2023-07-01,4,2023-11-01,1795,379,2477,43,5907,glm_ar1,expanding,18,0,61
CIV,2023-07-01,5,2023-12-01,1958,414,2703,47,6446,glm_ar1,expanding,18,0,19
CIV,2023-07-01,6,2024-01-01,2091,442,2886,50,6883,glm_ar1,expanding,18,0,115
COK,2023-07-01,1,2023-08-01,NA,NA,NA,NA,NA,glm_ar1,expanding,60,55,NA
COK,2023-07-01,2,2023-09-01,NA,NA,NA,NA,NA,glm_ar1,expanding,60,55,NA
COK,2023-07-01,3,2023-10-01,NA,NA,NA,NA,NA,glm_ar1,expanding,60,55,NA
COK,2023-07-01,4,2023-11-01,NA,NA,NA,NA,NA,glm_ar1,expanding,60,55,NA
COK,2023-07-01,5,2023-12-01,NA,NA,NA,NA,NA,glm_ar1,expanding,60,55,NA
COK,2023-07-01,6,2024-01-01,NA,NA,NA,NA,NA,glm_ar1,expanding,60,55,NA
COL,2023-07-01,1,2023-08-01,8380,1772,11567,201,27580,glm_ar1,expanding,162,0,10153
COL,2023-07-01,2,2023-09-01,6216,1314,8580,149,20459,glm_ar1,expanding,162,0,10726
COL,2023-07-01,3,2023-10-01,4969,1050,6859,119,16356,glm_ar1,expanding,162,0,14401
COL,2023-07-01,4,2023-11-01,4202,888,5800,101,13829,glm_ar1,expanding,162,0,14875
COL,2023-07-01,5,2023-12-01,3705,783,5114,89,12195,glm_ar1,expanding,162,0,16561
COL,2023-07-01,6,2024-01-01,3372,713,4654,81,11098,glm_ar1,expanding,162,0,27649
CRI,2023-07-01,1,2023-08-01,2621,554,3617,63,8625,glm_ar1,expanding,161,0,3839
CRI,2023-07-01,2,2023-09-01,2601,550,3590,62,8561,glm_ar1,expanding,161,0,4538
CRI,2023-07-01,3,2023-10-01,2586,547,3570,62,8513,glm_ar1,expanding,161,0,7424
CRI,2023-07-01,4,2023-11-01,2576,544,3555,62,8477,glm_ar1,expanding,161,0,6389
CRI,2023-07-01,5,2023-12-01,2567,543,3544,61,8451,glm_ar1,expanding,161,0,3262
CRI,2023-07-01,6,2024-01-01,2561,541,3536,61,8431,glm_ar1,expanding,161,0,3492
CUB,2023-07-01,1,2023-08-01,NA,NA,NA,NA,NA,glm_ar1,expanding,96,16,NA
CUB,2023-07-01,2,2023-09-01,NA,NA,NA,NA,NA,glm_ar1,expanding,96,16,NA
CUB,2023-07-01,3,2023-10-01,NA,NA,NA,NA,NA,glm_ar1,expanding,96,16,NA
CUB,2023-07-01,4,2023-11-01,NA,NA,NA,NA,NA,glm_ar1,expanding,96,16,NA
CUB,2023-07-01,5,2023-12-01,NA,NA,NA,NA,NA,glm_ar1,expanding,96,16,NA
CUB,2023-07-01,6,2024-01-01,NA,NA,NA,NA,NA,glm_ar1,expanding,96,16,NA
CUW,2023-07-01,1,2023-08-01,NA,NA,NA,NA,NA,glm_ar1,expanding,48,0,NA
CUW,2023-07-01,2,2023-09-01,NA,NA,NA,NA,NA,glm_ar1,expanding,48,0,NA
CUW,2023-07-01,3,2023-10-01,NA,NA,NA,NA,NA,glm_ar1,expanding,48,0,NA
CUW,2023-07-01,4,2023-11-01,NA,NA,NA,NA,NA,glm_ar1,expanding,48,0,NA
CUW,2023-07-01,5,2023-12-01,NA,NA,NA,NA,NA,glm_ar1,expanding,48,0,NA
CUW,2023-07-01,6,2024-01-01,NA,NA,NA,NA,NA,glm_ar1,expanding,48,0,NA
CYM,2023-07-01,1,2023-08-01,NA,NA,NA,NA,NA,glm_ar1,expanding,84,52,NA
CYM,2023-07-01,2,2023-09-01,NA,NA,NA,NA,NA,glm_ar1,expanding,84,52,NA
CYM,2023-07-01,3,2023-10-01,NA,NA,NA,NA,NA,glm_ar1,expanding,84,52,NA
CYM,2023-07-01,4,2023-11-01,NA,NA,NA,NA,NA,glm_ar1,expanding,84,52,NA
CYM,2023-07-01,5,2023-12-01,NA,NA,NA,NA,NA,glm_ar1,expanding,84,52,NA
CYM,2023-07-01,6,2024-01-01,NA,NA,NA,NA,NA,glm_ar1,expanding,84,52,NA
DMA,2023-07-01,1,2023-08-01,NA,NA,NA,NA,NA,glm_ar1,expanding,132,24,NA
DMA,2023-07-01,2,2023-09-01,NA,NA,NA,NA,NA,glm_ar1,expanding,132,24,NA
DMA,2023-07-01,3,2023-10-01,NA,NA,NA,NA,NA,glm_ar1,expanding,132,24,NA
DMA,2023-07-01,4,2023-11-01,NA,NA,NA,NA,NA,glm_ar1,expanding,132,24,NA
DMA,2023-07-01,5,2023-12-01,NA,NA,NA,NA,NA,glm_ar1,expanding,132,24,NA
DMA,2023-07-01,6,2024-01-01,NA,NA,NA,NA,NA,glm_ar1,expanding,132,24,NA
DOM,2023-07-01,1,2023-08-01,1489,315,2056,35,4902,glm_ar1,expanding,161,0,2842
DOM,2023-07-01,2,2023-09-01,1703,360,2351,41,5606,glm_ar1,expanding,161,0,6813
DOM,2023-07-01,3,2023-10-01,1883,398,2599,45,6199,glm_ar1,expanding,161,0,9665
DOM,2023-07-01,4,2023-11-01,2031,429,2803,48,6683,glm_ar1,expanding,161,0,906
DOM,2023-07-01,5,2023-12-01,2148,454,2966,51,7071,glm_ar1,expanding,161,0,4487
DOM,2023-07-01,6,2024-01-01,2241,474,3094,54,7377,glm_ar1,expanding,161,0,3821
ECU,2023-07-01,1,2023-08-01,3254,688,4491,78,10709,glm_ar1,expanding,153,0,2778
ECU,2023-07-01,2,2023-09-01,3059,646,4222,73,10068,glm_ar1,expanding,153,0,2745
ECU,2023-07-01,3,2023-10-01,2921,617,4032,70,9613,glm_ar1,expanding,153,0,3103
ECU,2023-07-01,4,2023-11-01,2821,596,3894,67,9286,glm_ar1,expanding,153,0,2280
ECU,2023-07-01,5,2023-12-01,2749,581,3794,66,9047,glm_ar1,expanding,153,0,1901
ECU,2023-07-01,6,2024-01-01,2696,570,3721,64,8873,glm_ar1,expanding,153,0,3833
ERI,2023-07-01,1,2023-08-01,NA,NA,NA,NA,NA,glm_ar1,expanding,60,97,NA
ERI,2023-07-01,2,2023-09-01,NA,NA,NA,NA,NA,glm_ar1,expanding,60,97,NA
ERI,2023-07-01,3,2023-10-01,NA,NA,NA,NA,NA,glm_ar1,expanding,60,97,NA
ERI,2023-07-01,4,2023-11-01,NA,NA,NA,NA,NA,glm_ar1,expanding,60,97,NA
ERI,2023-07-01,5,2023-12-01,NA,NA,NA,NA,NA,glm_ar1,expanding,60,97,NA
ERI,2023-07-01,6,2024-01-01,NA,NA,NA,NA,NA,glm_ar1,expanding,60,97,NA
ETH,2023-07-01,1,2023-08-01,1427,301,1970,34,4697,glm_ar1,expanding,15,108,789
ETH,2023-07-01,2,2023-09-01,1649,348,2277,39,5429,glm_ar1,expanding,15,108,640
ETH,2023-07-01,3,2023-10-01,1839,388,2538,44,6052,glm_ar1,expanding,15,108,7264
ETH,2023-07-01,4,2023-11-01,1994,421,2753,48,6564,glm_ar1,expanding,15,108,5982
ETH,2023-07-01,5,2023-12-01,2120,448,2926,51,6977,glm_ar1,expanding,15,108,1833
ETH,2023-07-01,6,2024-01-01,2219,469,3063,53,7303,glm_ar1,expanding,15,108,505
FJI,2023-07-01,1,2023-08-01,731,154,1009,17,2406,glm_ar1,expanding,153,0,314
FJI,2023-07-01,2,2023-09-01,999,211,1379,24,3289,glm_ar1,expanding,153,0,264
FJI,2023-07-01,3,2023-10-01,1263,267,1743,30,4157,glm_ar1,expanding,153,0,215
FJI,2023-07-01,4,2023-11-01,1505,318,2078,36,4955,glm_ar1,expanding,153,0,366
FJI,2023-07-01,5,2023-12-01,1717,363,2370,41,5651,glm_ar1,expanding,153,0,343
FJI,2023-07-01,6,2024-01-01,1895,400,2615,45,6236,glm_ar1,expanding,153,0,786
FSM,2023-07-01,1,2023-08-01,37,8,51,0,122,glm_ar1,expanding,76,12,14
FSM,2023-07-01,2,2023-09-01,109,23,150,2,359,glm_ar1,expanding,76,12,18
FSM,2023-07-01,3,2023-10-01,241,51,333,5,794,glm_ar1,expanding,76,12,13
FSM,2023-07-01,4,2023-11-01,436,92,602,10,1435,glm_ar1,expanding,76,12,8
FSM,2023-07-01,5,2023-12-01,679,143,937,16,2234,glm_ar1,expanding,76,12,4
FSM,2023-07-01,6,2024-01-01,945,200,1305,22,3112,glm_ar1,expanding,76,12,5
GLP,2023-07-01,1,2023-08-01,583,123,805,14,1921,glm_ar1,expanding,160,0,1620
GLP,2023-07-01,2,2023-09-01,844,178,1165,20,2779,glm_ar1,expanding,160,0,3380
GLP,2023-07-01,3,2023-10-01,1113,235,1537,26,3665,glm_ar1,expanding,160,0,1845
GLP,2023-07-01,4,2023-11-01,1370,289,1891,33,4508,glm_ar1,expanding,160,0,2000
GLP,2023-07-01,5,2023-12-01,1600,338,2208,38,5265,glm_ar1,expanding,160,0,910
GLP,2023-07-01,6,2024-01-01,1797,380,2480,43,5914,glm_ar1,expanding,160,0,1445
GRD,2023-07-01,1,2023-08-01,132,28,182,3,434,glm_ar1,expanding,149,12,45
GRD,2023-07-01,2,2023-09-01,278,58,384,6,915,glm_ar1,expanding,149,12,20
GRD,2023-07-01,3,2023-10-01,485,102,669,11,1596,glm_ar1,expanding,149,12,18
GRD,2023-07-01,4,2023-11-01,735,155,1014,17,2419,glm_ar1,expanding,149,12,5
GRD,2023-07-01,5,2023-12-01,1003,212,1385,24,3303,glm_ar1,expanding,149,12,23
GRD,2023-07-01,6,2024-01-01,1267,268,1749,30,4171,glm_ar1,expanding,149,12,47
GTM,2023-07-01,1,2023-08-01,4209,890,5810,101,13853,glm_ar1,expanding,162,0,8612
GTM,2023-07-01,2,2023-09-01,3710,784,5121,89,12211,glm_ar1,expanding,162,0,16611
GTM,2023-07-01,3,2023-10-01,3375,713,4659,81,11109,glm_ar1,expanding,162,0,19288
GTM,2023-07-01,4,2023-11-01,3144,664,4340,75,10348,glm_ar1,expanding,162,0,11345
GTM,2023-07-01,5,2023-12-01,2981,630,4115,71,9813,glm_ar1,expanding,162,0,5431
GTM,2023-07-01,6,2024-01-01,2865,605,3955,69,9430,glm_ar1,expanding,162,0,7911
GUF,2023-07-01,1,2023-08-01,385,81,531,9,1268,glm_ar1,expanding,142,12,223
GUF,2023-07-01,2,2023-09-01,619,130,854,14,2036,glm_ar1,expanding,142,12,150
GUF,2023-07-01,3,2023-10-01,882,186,1218,21,2904,glm_ar1,expanding,142,12,177
GUF,2023-07-01,4,2023-11-01,1150,243,1588,27,3787,glm_ar1,expanding,142,12,325
GUF,2023-07-01,5,2023-12-01,1404,296,1938,33,4620,glm_ar1,expanding,142,12,304
GUF,2023-07-01,6,2024-01-01,1629,344,2249,39,5363,glm_ar1,expanding,142,12,4876
GUY,2023-07-01,1,2023-08-01,3632,768,5014,87,11955,glm_ar1,expanding,151,12,6198
GUY,2023-07-01,2,2023-09-01,3322,702,4586,80,10934,glm_ar1,expanding,151,12,5233
GUY,2023-07-01,3,2023-10-01,3107,657,4289,74,10226,glm_ar1,expanding,151,12,3933
GUY,2023-07-01,4,2023-11-01,2955,625,4079,71,9726,glm_ar1,expanding,151,12,1831
GUY,2023-07-01,5,2023-12-01,2846,601,3928,68,9367,glm_ar1,expanding,151,12,1276
GUY,2023-07-01,6,2024-01-01,2767,585,3819,66,9107,glm_ar1,expanding,151,12,3049
HND,2023-07-01,1,2023-08-01,3320,702,4583,79,10929,glm_ar1,expanding,162,0,3362
HND,2023-07-01,2,2023-09-01,3106,656,4287,74,10222,glm_ar1,expanding,162,0,4402
HND,2023-07-01,3,2023-10-01,2954,624,4078,71,9723,glm_ar1,expanding,162,0,6160
HND,2023-07-01,4,2023-11-01,2845,601,3928,68,9365,glm_ar1,expanding,162,0,5348
HND,2023-07-01,5,2023-12-01,2767,585,3819,66,9106,glm_ar1,expanding,162,0,4010
HND,2023-07-01,6,2024-01-01,2709,572,3739,65,8916,glm_ar1,expanding,162,0,3602
HTI,2023-07-01,1,2023-08-01,NA,NA,NA,NA,NA,glm_ar1,expanding,60,0,NA
HTI,2023-07-01,2,2023-09-01,NA,NA,NA,NA,NA,glm_ar1,expanding,60,0,NA
HTI,2023-07-01,3,2023-10-01,NA,NA,NA,NA,NA,glm_ar1,expanding,60,0,NA
HTI,2023-07-01,4,2023-11-01,NA,NA,NA,NA,NA,glm_ar1,expanding,60,0,NA
HTI,2023-07-01,5,2023-12-01,NA,NA,NA,NA,NA,glm_ar1,expanding,60,0,NA
HTI,2023-07-01,6,2024-01-01,NA,NA,NA,NA,NA,glm_ar1,expanding,60,0,NA
IDN,2023-07-01,1,2023-08-01,6033,1275,8327,145,19856,glm_ar1,expanding,154,0,8719
IDN,2023-07-01,2,2023-09-01,4859,1027,6707,116,15993,glm_ar1,expanding,154,0,7946
IDN,2023-07-01,3,2023-10-01,4132,873,5703,99,13598,glm_ar1,expanding,154,0,8339
IDN,2023-07-01,4,2023-11-01,3659,773,5050,88,12042,glm_ar1,expanding,154,0,10082
IDN,2023-07-01,5,2023-12-01,3340,706,4610,80,10993,glm_ar1,expanding,154,0,12285
IDN,2023-07-01,6,2024-01-01,3120,659,4306,75,10268,glm_ar1,expanding,154,0,27058
IND,2023-07-01,1,2023-08-01,13729,2903,18950,330,45183,glm_ar1,expanding,160,0,31198
IND,2023-07-01,2,2023-09-01,9000,1903,12423,216,29620,glm_ar1,expanding,160,0,43931
IND,2023-07-01,3,2023-10-01,6558,1386,9052,157,21584,glm_ar1,expanding,160,0,58503
IND,2023-07-01,4,2023-11-01,5173,1093,7140,124,17025,glm_ar1,expanding,160,0,40881
IND,2023-07-01,5,2023-12-01,4330,915,5977,104,14251,glm_ar1,expanding,160,0,22007
IND,2023-07-01,6,2024-01-01,3790,801,5231,91,12473,glm_ar1,expanding,160,0,5103
JAM,2023-07-01,1,2023-08-01,113,24,156,2,373,glm_ar1,expanding,159,0,192
JAM,2023-07-01,2,2023-09-01,248,52,343,6,817,glm_ar1,expanding,159,0,1306
JAM,2023-07-01,3,2023-10-01,445,94,615,10,1467,glm_ar1,expanding,159,0,1498
JAM,2023-07-01,4,2023-11-01,690,146,952,16,2271,glm_ar1,expanding,159,0,3401
JAM,2023-07-01,5,2023-12-01,957,202,1321,23,3151,glm_ar1,expanding,159,0,1632
JAM,2023-07-01,6,2024-01-01,1223,258,1688,29,4026,glm_ar1,expanding,159,0,457
KEN,2023-07-01,1,2023-08-01,NA,NA,NA,NA,NA,glm_ar1,expanding,60,65,NA
KEN,2023-07-01,2,2023-09-01,NA,NA,NA,NA,NA,glm_ar1,expanding,60,65,NA
KEN,2023-07-01,3,2023-10-01,NA,NA,NA,NA,NA,glm_ar1,expanding,60,65,NA
KEN,2023-07-01,4,2023-11-01,NA,NA,NA,NA,NA,glm_ar1,expanding,60,65,NA
KEN,2023-07-01,5,2023-12-01,NA,NA,NA,NA,NA,glm_ar1,expanding,60,65,NA
KEN,2023-07-01,6,2024-01-01,NA,NA,NA,NA,NA,glm_ar1,expanding,60,65,NA
KHM,2023-07-01,1,2023-08-01,5147,1088,7104,123,16939,glm_ar1,expanding,162,0,5825
KHM,2023-07-01,2,2023-09-01,4314,912,5954,103,14197,glm_ar1,expanding,162,0,4862
KHM,2023-07-01,3,2023-10-01,3779,799,5216,90,12437,glm_ar1,expanding,162,0,4881
KHM,2023-07-01,4,2023-11-01,3422,723,4723,82,11263,glm_ar1,expanding,162,0,3564
KHM,2023-07-01,5,2023-12-01,3177,671,4385,76,10456,glm_ar1,expanding,162,0,2994
KHM,2023-07-01,6,2024-01-01,3005,635,4147,72,9889,glm_ar1,expanding,162,0,2356
KIR,2023-07-01,1,2023-08-01,NA,NA,NA,NA,NA,glm_ar1,expanding,72,76,NA
KIR,2023-07-01,2,2023-09-01,NA,NA,NA,NA,NA,glm_ar1,expanding,72,76,NA
KIR,2023-07-01,3,2023-10-01,NA,NA,NA,NA,NA,glm_ar1,expanding,72,76,NA
KIR,2023-07-01,4,2023-11-01,NA,NA,NA,NA,NA,glm_ar1,expanding,72,76,NA
KIR,2023-07-01,5,2023-12-01,NA,NA,NA,NA,NA,glm_ar1,expanding,72,76,NA
KIR,2023-07-01,6,2024-01-01,NA,NA,NA,NA,NA,glm_ar1,expanding,72,76,NA
KNA,2023-07-01,1,2023-08-01,7,1,10,0,24,glm_ar1,expanding,52,72,0
KNA,2023-07-01,2,2023-09-01,34,7,47,0,113,glm_ar1,expanding,52,72,0
KNA,2023-07-01,3,2023-10-01,103,21,142,2,339,glm_ar1,expanding,52,72,26
KNA,2023-07-01,4,2023-11-01,231,49,319,5,761,glm_ar1,expanding,52,72,164
KNA,2023-07-01,5,2023-12-01,422,89,583,10,1391,glm_ar1,expanding,52,72,94
KNA,2023-07-01,6,2024-01-01,663,140,915,16,2183,glm_ar1,expanding,52,72,118
LAO,2023-07-01,1,2023-08-01,7023,1485,9694,169,23115,glm_ar1,expanding,162,0,5949
LAO,2023-07-01,2,2023-09-01,5446,1151,7517,131,17922,glm_ar1,expanding,162,0,4096
LAO,2023-07-01,3,2023-10-01,4500,951,6211,108,14811,glm_ar1,expanding,162,0,3404
LAO,2023-07-01,4,2023-11-01,3901,824,5384,93,12838,glm_ar1,expanding,162,0,1590
LAO,2023-07-01,5,2023-12-01,3504,741,4837,84,11534,glm_ar1,expanding,162,0,903
LAO,2023-07-01,6,2024-01-01,3234,683,4464,77,10644,glm_ar1,expanding,162,0,584
LCA,2023-07-01,1,2023-08-01,12,2,17,0,40,glm_ar1,expanding,113,48,1
LCA,2023-07-01,2,2023-09-01,49,10,67,1,161,glm_ar1,expanding,113,48,20
LCA,2023-07-01,3,2023-10-01,133,28,183,3,438,glm_ar1,expanding,113,48,14
LCA,2023-07-01,4,2023-11-01,280,59,386,6,921,glm_ar1,expanding,113,48,6
LCA,2023-07-01,5,2023-12-01,487,103,672,11,1604,glm_ar1,expanding,113,48,5
LCA,2023-07-01,6,2024-01-01,738,156,1018,17,2428,glm_ar1,expanding,113,48,0
LKA,2023-07-01,1,2023-08-01,5244,1109,7239,126,17260,glm_ar1,expanding,162,0,5718
LKA,2023-07-01,2,2023-09-01,4375,925,6038,105,14398,glm_ar1,expanding,162,0,2397
LKA,2023-07-01,3,2023-10-01,3819,807,5271,91,12569,glm_ar1,expanding,162,0,3631
LKA,2023-07-01,4,2023-11-01,3449,729,4761,83,11352,glm_ar1,expanding,162,0,9373
LKA,2023-07-01,5,2023-12-01,3196,675,4411,76,10518,glm_ar1,expanding,162,0,11313
LKA,2023-07-01,6,2024-01-01,3018,638,4166,72,9933,glm_ar1,expanding,162,0,10752
MAF,2023-07-01,1,2023-08-01,51,11,71,1,170,glm_ar1,expanding,146,12,30
MAF,2023-07-01,2,2023-09-01,139,29,191,3,457,glm_ar1,expanding,146,12,42
MAF,2023-07-01,3,2023-10-01,289,61,398,7,950,glm_ar1,expanding,146,12,143
MAF,2023-07-01,4,2023-11-01,499,105,688,12,1642,glm_ar1,expanding,146,12,640
MAF,2023-07-01,5,2023-12-01,751,158,1036,18,2471,glm_ar1,expanding,146,12,340
MAF,2023-07-01,6,2024-01-01,1020,215,1407,24,3356,glm_ar1,expanding,146,12,226
MDV,2023-07-01,1,2023-08-01,518,109,716,12,1707,glm_ar1,expanding,162,0,327
MDV,2023-07-01,2,2023-09-01,773,163,1067,18,2545,glm_ar1,expanding,162,0,288
MDV,2023-07-01,3,2023-10-01,1042,220,1438,25,3430,glm_ar1,expanding,162,0,306
MDV,2023-07-01,4,2023-11-01,1303,275,1799,31,4290,glm_ar1,expanding,162,0,210
MDV,2023-07-01,5,2023-12-01,1541,326,2128,37,5073,glm_ar1,expanding,162,0,194
MDV,2023-07-01,6,2024-01-01,1747,369,2412,42,5752,glm_ar1,expanding,162,0,139
MEX,2023-07-01,1,2023-08-01,13035,2756,17993,313,42901,glm_ar1,expanding,162,0,38161
MEX,2023-07-01,2,2023-09-01,8657,1830,11949,208,28492,glm_ar1,expanding,162,0,66594
MEX,2023-07-01,3,2023-10-01,6370,1347,8792,153,20964,glm_ar1,expanding,162,0,71060
MEX,2023-07-01,4,2023-11-01,5061,1070,6986,121,16657,glm_ar1,expanding,162,0,27250
MEX,2023-07-01,5,2023-12-01,4260,900,5880,102,14020,glm_ar1,expanding,162,0,19357
MEX,2023-07-01,6,2024-01-01,3743,791,5167,90,12320,glm_ar1,expanding,162,0,21247
MHL,2023-07-01,1,2023-08-01,NA,NA,NA,NA,NA,glm_ar1,expanding,60,86,NA
MHL,2023-07-01,2,2023-09-01,NA,NA,NA,NA,NA,glm_ar1,expanding,60,86,NA
MHL,2023-07-01,3,2023-10-01,NA,NA,NA,NA,NA,glm_ar1,expanding,60,86,NA
MHL,2023-07-01,4,2023-11-01,NA,NA,NA,NA,NA,glm_ar1,expanding,60,86,NA
MHL,2023-07-01,5,2023-12-01,NA,NA,NA,NA,NA,glm_ar1,expanding,60,86,NA
MHL,2023-07-01,6,2024-01-01,NA,NA,NA,NA,NA,glm_ar1,expanding,60,86,NA
MMR,2023-07-01,1,2023-08-01,3368,712,4649,81,11086,glm_ar1,expanding,162,0,3019
MMR,2023-07-01,2,2023-09-01,3139,663,4333,75,10333,glm_ar1,expanding,162,0,2402
MMR,2023-07-01,3,2023-10-01,2978,629,4111,71,9802,glm_ar1,expanding,162,0,1405
MMR,2023-07-01,4,2023-11-01,2863,605,3951,68,9422,glm_ar1,expanding,162,0,980
MMR,2023-07-01,5,2023-12-01,2779,587,3836,66,9147,glm_ar1,expanding,162,0,131
MMR,2023-07-01,6,2024-01-01,2718,574,3752,65,8946,glm_ar1,expanding,162,0,208
MRT,2023-07-01,1,2023-08-01,288,61,397,7,948,glm_ar1,expanding,15,60,164
MRT,2023-07-01,2,2023-09-01,498,105,687,12,1638,glm_ar1,expanding,15,60,279
MRT,2023-07-01,3,2023-10-01,749,158,1035,18,2467,glm_ar1,expanding,15,60,383
MRT,2023-07-01,4,2023-11-01,1018,215,1406,24,3352,glm_ar1,expanding,15,60,407
MRT,2023-07-01,5,2023-12-01,1281,271,1768,30,4217,glm_ar1,expanding,15,60,162
MRT,2023-07-01,6,2024-01-01,1521,321,2100,36,5008,glm_ar1,expanding,15,60,513
MTQ,2023-07-01,1,2023-08-01,1034,218,1427,24,3404,glm_ar1,expanding,159,0,2410
MTQ,2023-07-01,2,2023-09-01,1296,274,1789,31,4266,glm_ar1,expanding,159,0,3370
MTQ,2023-07-01,3,2023-10-01,1535,324,2118,37,5051,glm_ar1,expanding,159,0,1850
MTQ,2023-07-01,4,2023-11-01,1742,368,2404,42,5733,glm_ar1,expanding,159,0,2230
MTQ,2023-07-01,5,2023-12-01,1915,405,2644,46,6304,glm_ar1,expanding,159,0,1270
MTQ,2023-07-01,6,2024-01-01,2056,434,2838,49,6768,glm_ar1,expanding,159,0,1630
MYS,2023-07-01,1,2023-08-01,7585,1603,10470,182,24964,glm_ar1,expanding,162,0,10223
MYS,2023-07-01,2,2023-09-01,5769,1219,7963,138,18986,glm_ar1,expanding,162,0,11011
MYS,2023-07-01,3,2023-10-01,4699,993,6486,113,15465,glm_ar1,expanding,162,0,11434
MYS,2023-07-01,4,2023-11-01,4029,852,5561,97,13261,glm_ar1,expanding,162,0,11487
MYS,2023-07-01,5,2023-12-01,3590,759,4956,86,11817,glm_ar1,expanding,162,0,13892
MYS,2023-07-01,6,2024-01-01,3293,696,4546,79,10839,glm_ar1,expanding,162,0,18427
NCL,2023-07-01,1,2023-08-01,7,1,10,0,24,glm_ar1,expanding,131,12,0
NCL,2023-07-01,2,2023-09-01,34,7,47,0,113,glm_ar1,expanding,131,12,NA
NCL,2023-07-01,3,2023-10-01,103,21,142,2,339,glm_ar1,expanding,131,12,NA
NCL,2023-07-01,4,2023-11-01,231,49,319,5,761,glm_ar1,expanding,131,12,NA
NCL,2023-07-01,5,2023-12-01,422,89,583,10,1391,glm_ar1,expanding,131,12,NA
NCL,2023-07-01,6,2024-01-01,663,140,915,16,2183,glm_ar1,expanding,131,12,NA
NIC,2023-07-01,1,2023-08-01,9636,2037,13300,231,31712,glm_ar1,expanding,161,0,15256
NIC,2023-07-01,2,2023-09-01,6902,1459,9527,166,22716,glm_ar1,expanding,161,0,16844
NIC,2023-07-01,3,2023-10-01,5375,1136,7419,129,17690,glm_ar1,expanding,161,0,33079
NIC,2023-07-01,4,2023-11-01,4456,942,6151,107,14666,glm_ar1,expanding,161,0,23034
NIC,2023-07-01,5,2023-12-01,3872,818,5345,93,12744,glm_ar1,expanding,161,0,17099
NIC,2023-07-01,6,2024-01-01,3485,737,4811,83,11470,glm_ar1,expanding,161,0,9530
NPL,2023-07-01,1,2023-08-01,5114,1081,7059,123,16832,glm_ar1,expanding,161,0,14534
NPL,2023-07-01,2,2023-09-01,4293,907,5926,103,14130,glm_ar1,expanding,161,0,13912
NPL,2023-07-01,3,2023-10-01,3765,796,5197,90,12393,glm_ar1,expanding,161,0,12699
NPL,2023-07-01,4,2023-11-01,3413,721,4711,82,11233,glm_ar1,expanding,161,0,2805
NPL,2023-07-01,5,2023-12-01,3170,670,4376,76,10435,glm_ar1,expanding,161,0,576
NPL,2023-07-01,6,2024-01-01,3000,634,4141,72,9874,glm_ar1,expanding,161,0,499
OMN,2023-07-01,1,2023-08-01,NA,NA,NA,NA,NA,glm_ar1,expanding,60,0,NA
OMN,2023-07-01,2,2023-09-01,NA,NA,NA,NA,NA,glm_ar1,expanding,60,0,NA
OMN,2023-07-01,3,2023-10-01,NA,NA,NA,NA,NA,glm_ar1,expanding,60,0,NA
OMN,2023-07-01,4,2023-11-01,NA,NA,NA,NA,NA,glm_ar1,expanding,60,0,NA
OMN,2023-07-01,5,2023-12-01,NA,NA,NA,NA,NA,glm_ar1,expanding,60,0,NA
OMN,2023-07-01,6,2024-01-01,NA,NA,NA,NA,NA,glm_ar1,expanding,60,0,NA
PAK,2023-07-01,1,2023-08-01,1035,219,1429,25,3407,glm_ar1,expanding,161,0,1882
PAK,2023-07-01,2,2023-09-01,1297,274,1790,31,4269,glm_ar1,expanding,161,0,5605
PAK,2023-07-01,3,2023-10-01,1535,324,2120,37,5054,glm_ar1,expanding,161,0,4716
PAK,2023-07-01,4,2023-11-01,1743,368,2405,42,5736,glm_ar1,expanding,161,0,2378
PAK,2023-07-01,5,2023-12-01,1916,405,2645,46,6306,glm_ar1,expanding,161,0,804
PAK,2023-07-01,6,2024-01-01,2057,435,2839,49,6770,glm_ar1,expanding,161,0,342
PAN,2023-07-01,1,2023-08-01,2168,458,2992,52,7135,glm_ar1,expanding,160,0,2680
PAN,2023-07-01,2,2023-09-01,2256,477,3115,54,7427,glm_ar1,expanding,160,0,3008
PAN,2023-07-01,3,2023-10-01,2325,491,3209,56,7653,glm_ar1,expanding,160,0,3328
PAN,2023-07-01,4,2023-11-01,2378,502,3282,57,7827,glm_ar1,expanding,160,0,3216
PAN,2023-07-01,5,2023-12-01,2418,511,3338,58,7960,glm_ar1,expanding,160,0,3062
PAN,2023-07-01,6,2024-01-01,2449,518,3381,59,8061,glm_ar1,expanding,160,0,2553
PER,2023-07-01,1,2023-08-01,17447,3689,24081,419,57418,glm_ar1,expanding,155,0,16730
PER,2023-07-01,2,2023-09-01,10771,2277,14867,259,35449,glm_ar1,expanding,155,0,10726
PER,2023-07-01,3,2023-10-01,7503,1586,10357,180,24695,glm_ar1,expanding,155,0,8920
PER,2023-07-01,4,2023-11-01,5722,1210,7898,137,18833,glm_ar1,expanding,155,0,7279
PER,2023-07-01,5,2023-12-01,4670,987,6446,112,15371,glm_ar1,expanding,155,0,6425
PER,2023-07-01,6,2024-01-01,4011,848,5536,96,13200,glm_ar1,expanding,155,0,12313
PHL,2023-07-01,1,2023-08-01,12229,2585,16880,294,40248,glm_ar1,expanding,160,0,24596
PHL,2023-07-01,2,2023-09-01,8253,1745,11391,198,27160,glm_ar1,expanding,160,0,24102
PHL,2023-07-01,3,2023-10-01,6145,1299,8482,147,20225,glm_ar1,expanding,160,0,17940
PHL,2023-07-01,4,2023-11-01,4927,1041,6801,118,16215,glm_ar1,expanding,160,0,16158
PHL,2023-07-01,5,2023-12-01,4175,882,5762,100,13740,glm_ar1,expanding,160,0,11482
PHL,2023-07-01,6,2024-01-01,3687,779,5090,88,12136,glm_ar1,expanding,160,0,16846
PLW,2023-07-01,1,2023-08-01,NA,NA,NA,NA,NA,glm_ar1,expanding,84,76,NA
PLW,2023-07-01,2,2023-09-01,NA,NA,NA,NA,NA,glm_ar1,expanding,84,76,NA
PLW,2023-07-01,3,2023-10-01,NA,NA,NA,NA,NA,glm_ar1,expanding,84,76,NA
PLW,2023-07-01,4,2023-11-01,NA,NA,NA,NA,NA,glm_ar1,expanding,84,76,NA
PLW,2023-07-01,5,2023-12-01,NA,NA,NA,NA,NA,glm_ar1,expanding,84,76,NA
PLW,2023-07-01,6,2024-01-01,NA,NA,NA,NA,NA,glm_ar1,expanding,84,76,NA
PRI,2023-07-01,1,2023-08-01,206,43,284,5,679,glm_ar1,expanding,124,36,99
PRI,2023-07-01,2,2023-09-01,388,82,535,9,1277,glm_ar1,expanding,124,36,148
PRI,2023-07-01,3,2023-10-01,622,131,858,15,2047,glm_ar1,expanding,124,36,167
PRI,2023-07-01,4,2023-11-01,885,187,1222,21,2915,glm_ar1,expanding,124,36,178
PRI,2023-07-01,5,2023-12-01,1154,244,1593,27,3798,glm_ar1,expanding,124,36,182
PRI,2023-07-01,6,2024-01-01,1407,297,1942,33,4630,glm_ar1,expanding,124,36,284
PRY,2023-07-01,1,2023-08-01,1286,272,1776,31,4235,glm_ar1,expanding,157,0,901
PRY,2023-07-01,2,2023-09-01,1526,322,2107,36,5024,glm_ar1,expanding,157,0,1392
PRY,2023-07-01,3,2023-10-01,1735,366,2394,41,5710,glm_ar1,expanding,157,0,3028
PRY,2023-07-01,4,2023-11-01,1909,403,2636,46,6284,glm_ar1,expanding,157,0,8328
PRY,2023-07-01,5,2023-12-01,2052,433,2832,49,6753,glm_ar1,expanding,157,0,30712
PRY,2023-07-01,6,2024-01-01,2165,457,2989,52,7126,glm_ar1,expanding,157,0,97747
PYF,2023-07-01,1,2023-08-01,46,9,63,1,152,glm_ar1,expanding,111,48,10
PYF,2023-07-01,2,2023-09-01,127,27,176,3,420,glm_ar1,expanding,111,48,10
PYF,2023-07-01,3,2023-10-01,271,57,374,6,892,glm_ar1,expanding,111,48,8
PYF,2023-07-01,4,2023-11-01,476,100,657,11,1566,glm_ar1,expanding,111,48,8
PYF,2023-07-01,5,2023-12-01,725,153,1000,17,2386,glm_ar1,expanding,111,48,8
PYF,2023-07-01,6,2024-01-01,993,210,1371,23,3269,glm_ar1,expanding,111,48,9
REU,2023-07-01,1,2023-08-01,NA,NA,NA,NA,NA,glm_ar1,expanding,108,45,NA
REU,2023-07-01,2,2023-09-01,NA,NA,NA,NA,NA,glm_ar1,expanding,108,45,NA
REU,2023-07-01,3,2023-10-01,NA,NA,NA,NA,NA,glm_ar1,expanding,108,45,NA
REU,2023-07-01,4,2023-11-01,NA,NA,NA,NA,NA,glm_ar1,expanding,108,45,NA
REU,2023-07-01,5,2023-12-01,NA,NA,NA,NA,NA,glm_ar1,expanding,108,45,NA
REU,2023-07-01,6,2024-01-01,NA,NA,NA,NA,NA,glm_ar1,expanding,108,45,NA
SAU,2023-07-01,1,2023-08-01,757,160,1045,18,2491,glm_ar1,expanding,154,0,211
SAU,2023-07-01,2,2023-09-01,1026,217,1416,24,3376,glm_ar1,expanding,154,0,133
SAU,2023-07-01,3,2023-10-01,1288,272,1778,31,4240,glm_ar1,expanding,154,0,110
SAU,2023-07-01,4,2023-11-01,1528,323,2109,36,5028,glm_ar1,expanding,154,0,198
SAU,2023-07-01,5,2023-12-01,1736,367,2396,41,5714,glm_ar1,expanding,154,0,626
SAU,2023-07-01,6,2024-01-01,1910,404,2637,46,6288,glm_ar1,expanding,154,0,1504
SDN,2023-07-01,1,2023-08-01,12,2,17,0,40,glm_ar1,expanding,75,84,147
SDN,2023-07-01,2,2023-09-01,49,10,67,1,161,glm_ar1,expanding,75,84,1685
SDN,2023-07-01,3,2023-10-01,133,28,183,3,438,glm_ar1,expanding,75,84,2680
SDN,2023-07-01,4,2023-11-01,280,59,386,6,921,glm_ar1,expanding,75,84,1760
SDN,2023-07-01,5,2023-12-01,487,103,672,11,1604,glm_ar1,expanding,75,84,1074
SDN,2023-07-01,6,2024-01-01,738,156,1018,17,2428,glm_ar1,expanding,75,84,494
SEN,2023-07-01,1,2023-08-01,20,4,28,0,67,glm_ar1,expanding,51,24,6
SEN,2023-07-01,2,2023-09-01,70,15,97,1,231,glm_ar1,expanding,51,24,8
SEN,2023-07-01,3,2023-10-01,174,36,240,4,573,glm_ar1,expanding,51,24,77
SEN,2023-07-01,4,2023-11-01,342,72,472,8,1126,glm_ar1,expanding,51,24,121
SEN,2023-07-01,5,2023-12-01,566,119,781,13,1863,glm_ar1,expanding,51,24,54
SEN,2023-07-01,6,2024-01-01,825,174,1139,19,2717,glm_ar1,expanding,51,24,57
SGP,2023-07-01,1,2023-08-01,1282,271,1769,30,4219,glm_ar1,expanding,162,0,798
SGP,2023-07-01,2,2023-09-01,1522,322,2101,36,5010,glm_ar1,expanding,162,0,1233
SGP,2023-07-01,3,2023-10-01,1731,366,2390,41,5698,glm_ar1,expanding,162,0,1029
SGP,2023-07-01,4,2023-11-01,1906,403,2631,45,6275,glm_ar1,expanding,162,0,608
SGP,2023-07-01,5,2023-12-01,2049,433,2829,49,6745,glm_ar1,expanding,162,0,905
SGP,2023-07-01,6,2024-01-01,2163,457,2986,52,7120,glm_ar1,expanding,162,0,1538
SLB,2023-07-01,1,2023-08-01,130,27,179,3,427,glm_ar1,expanding,100,24,114
SLB,2023-07-01,2,2023-09-01,275,58,379,6,904,glm_ar1,expanding,100,24,83
SLB,2023-07-01,3,2023-10-01,481,101,663,11,1582,glm_ar1,expanding,100,24,74
SLB,2023-07-01,4,2023-11-01,730,154,1008,17,2404,glm_ar1,expanding,100,24,37
SLB,2023-07-01,5,2023-12-01,999,211,1378,24,3287,glm_ar1,expanding,100,24,14
SLB,2023-07-01,6,2024-01-01,1262,267,1743,30,4156,glm_ar1,expanding,100,24,11
SLV,2023-07-01,1,2023-08-01,1027,217,1418,24,3381,glm_ar1,expanding,162,0,472
SLV,2023-07-01,2,2023-09-01,1289,272,1780,31,4244,glm_ar1,expanding,162,0,403
SLV,2023-07-01,3,2023-10-01,1529,323,2110,36,5032,glm_ar1,expanding,162,0,617
SLV,2023-07-01,4,2023-11-01,1737,367,2397,41,5717,glm_ar1,expanding,162,0,472
SLV,2023-07-01,5,2023-12-01,1911,404,2638,46,6290,glm_ar1,expanding,162,0,228
SLV,2023-07-01,6,2024-01-01,2053,434,2834,49,6757,glm_ar1,expanding,162,0,491
SUR,2023-07-01,1,2023-08-01,109,23,150,2,359,glm_ar1,expanding,100,60,46
SUR,2023-07-01,2,2023-09-01,241,51,333,5,794,glm_ar1,expanding,100,60,36
SUR,2023-07-01,3,2023-10-01,436,92,602,10,1436,glm_ar1,expanding,100,60,33
SUR,2023-07-01,4,2023-11-01,679,143,937,16,2235,glm_ar1,expanding,100,60,12
SUR,2023-07-01,5,2023-12-01,946,200,1305,22,3113,glm_ar1,expanding,100,60,38
SUR,2023-07-01,6,2024-01-01,1212,256,1673,29,3990,glm_ar1,expanding,100,60,27
SXM,2023-07-01,1,2023-08-01,NA,NA,NA,NA,NA,glm_ar1,expanding,36,124,NA
SXM,2023-07-01,2,2023-09-01,NA,NA,NA,NA,NA,glm_ar1,expanding,36,124,NA
SXM,2023-07-01,3,2023-10-01,NA,NA,NA,NA,NA,glm_ar1,expanding,36,124,NA
SXM,2023-07-01,4,2023-11-01,NA,NA,NA,NA,NA,glm_ar1,expanding,36,124,NA
SXM,2023-07-01,5,2023-12-01,NA,NA,NA,NA,NA,glm_ar1,expanding,36,124,NA
SXM,2023-07-01,6,2024-01-01,NA,NA,NA,NA,NA,glm_ar1,expanding,36,124,NA
SYC,2023-07-01,1,2023-08-01,461,97,637,11,1519,glm_ar1,expanding,37,48,286
SYC,2023-07-01,2,2023-09-01,708,149,978,17,2332,glm_ar1,expanding,37,48,318
SYC,2023-07-01,3,2023-10-01,976,206,1347,23,3213,glm_ar1,expanding,37,48,458
SYC,2023-07-01,4,2023-11-01,1241,262,1713,29,4085,glm_ar1,expanding,37,48,686
SYC,2023-07-01,5,2023-12-01,1486,314,2051,35,4890,glm_ar1,expanding,37,48,191
SYC,2023-07-01,6,2024-01-01,1700,359,2347,41,5596,glm_ar1,expanding,37,48,268
TCA,2023-07-01,1,2023-08-01,7,1,10,0,24,glm_ar1,expanding,75,48,9
TCA,2023-07-01,2,2023-09-01,34,7,47,0,113,glm_ar1,expanding,75,48,4
TCA,2023-07-01,3,2023-10-01,103,21,142,2,339,glm_ar1,expanding,75,48,169
TCA,2023-07-01,4,2023-11-01,231,49,319,5,761,glm_ar1,expanding,75,48,0
TCA,2023-07-01,5,2023-12-01,422,89,583,10,1391,glm_ar1,expanding,75,48,0
TCA,2023-07-01,6,2024-01-01,663,140,915,16,2183,glm_ar1,expanding,75,48,35
THA,2023-07-01,1,2023-08-01,15152,3203,20914,364,49867,glm_ar1,expanding,162,0,29155
THA,2023-07-01,2,2023-09-01,9691,2049,13376,233,31893,glm_ar1,expanding,162,0,20061
THA,2023-07-01,3,2023-10-01,6932,1465,9568,166,22814,glm_ar1,expanding,162,0,17749
THA,2023-07-01,4,2023-11-01,5392,1140,7443,129,17747,glm_ar1,expanding,162,0,17462
THA,2023-07-01,5,2023-12-01,4467,944,6166,107,14702,glm_ar1,expanding,162,0,12060
THA,2023-07-01,6,2024-01-01,3879,820,5354,93,12767,glm_ar1,expanding,162,0,11413
TLS,2023-07-01,1,2023-08-01,292,62,404,7,963,glm_ar1,expanding,155,0,142
TLS,2023-07-01,2,2023-09-01,504,106,695,12,1658,glm_ar1,expanding,155,0,71
TLS,2023-07-01,3,2023-10-01,756,160,1044,18,2489,glm_ar1,expanding,155,0,68
TLS,2023-07-01,4,2023-11-01,1025,216,1415,24,3375,glm_ar1,expanding,155,0,40
TLS,2023-07-01,5,2023-12-01,1287,272,1777,31,4238,glm_ar1,expanding,155,0,72
TLS,2023-07-01,6,2024-01-01,1527,323,2108,36,5027,glm_ar1,expanding,155,0,189
TON,2023-07-01,1,2023-08-01,NA,NA,NA,NA,NA,glm_ar1,expanding,48,63,NA
TON,2023-07-01,2,2023-09-01,NA,NA,NA,NA,NA,glm_ar1,expanding,48,63,NA
TON,2023-07-01,3,2023-10-01,NA,NA,NA,NA,NA,glm_ar1,expanding,48,63,NA
TON,2023-07-01,4,2023-11-01,NA,NA,NA,NA,NA,glm_ar1,expanding,48,63,NA
TON,2023-07-01,5,2023-12-01,NA,NA,NA,NA,NA,glm_ar1,expanding,48,63,NA
TON,2023-07-01,6,2024-01-01,NA,NA,NA,NA,NA,glm_ar1,expanding,48,63,NA
TTO,2023-07-01,1,2023-08-01,24,5,33,0,79,glm_ar1,expanding,112,48,28
TTO,2023-07-01,2,2023-09-01,79,16,109,2,261,glm_ar1,expanding,112,48,12
TTO,2023-07-01,3,2023-10-01,190,40,262,4,626,glm_ar1,expanding,112,48,24
TTO,2023-07-01,4,2023-11-01,365,77,504,8,1203,glm_ar1,expanding,112,48,25
TTO,2023-07-01,5,2023-12-01,595,125,821,14,1958,glm_ar1,expanding,112,48,7
TTO,2023-07-01,6,2024-01-01,856,181,1182,20,2819,glm_ar1,expanding,112,48,271
TUV,2023-07-01,1,2023-08-01,NA,NA,NA,NA,NA,glm_ar1,expanding,48,16,NA
TUV,2023-07-01,2,2023-09-01,NA,NA,NA,NA,NA,glm_ar1,expanding,48,16,NA
TUV,2023-07-01,3,2023-10-01,NA,NA,NA,NA,NA,glm_ar1,expanding,48,16,NA
TUV,2023-07-01,4,2023-11-01,NA,NA,NA,NA,NA,glm_ar1,expanding,48,16,NA
TUV,2023-07-01,5,2023-12-01,NA,NA,NA,NA,NA,glm_ar1,expanding,48,16,NA
TUV,2023-07-01,6,2024-01-01,NA,NA,NA,NA,NA,glm_ar1,expanding,48,16,NA
TWN,2023-07-01,1,2023-08-01,1238,261,1709,29,4076,glm_ar1,expanding,101,60,3361
TWN,2023-07-01,2,2023-09-01,1483,313,2047,35,4882,glm_ar1,expanding,101,60,8675
TWN,2023-07-01,3,2023-10-01,1698,359,2344,40,5588,glm_ar1,expanding,101,60,8855
TWN,2023-07-01,4,2023-11-01,1879,397,2593,45,6184,glm_ar1,expanding,101,60,3485
TWN,2023-07-01,5,2023-12-01,2027,428,2798,48,6672,glm_ar1,expanding,101,60,854
TWN,2023-07-01,6,2024-01-01,2146,453,2962,51,7062,glm_ar1,expanding,101,60,130
URY,2023-07-01,1,2023-08-01,16,3,23,0,54,glm_ar1,expanding,40,60,1
URY,2023-07-01,2,2023-09-01,60,12,83,1,199,glm_ar1,expanding,40,60,1
URY,2023-07-01,3,2023-10-01,155,33,215,3,512,glm_ar1,expanding,40,60,2
URY,2023-07-01,4,2023-11-01,314,66,434,7,1035,glm_ar1,expanding,40,60,3
URY,2023-07-01,5,2023-12-01,531,112,734,12,1750,glm_ar1,expanding,40,60,3
URY,2023-07-01,6,2024-01-01,787,166,1087,19,2592,glm_ar1,expanding,40,60,74
USA,2023-07-01,1,2023-08-01,7,1,10,0,24,glm_ar1,expanding,149,12,0
USA,2023-07-01,2,2023-09-01,34,7,47,0,113,glm_ar1,expanding,149,12,0
USA,2023-07-01,3,2023-10-01,103,21,142,2,339,glm_ar1,expanding,149,12,0
USA,2023-07-01,4,2023-11-01,231,49,319,5,761,glm_ar1,expanding,149,12,0
USA,2023-07-01,5,2023-12-01,422,89,583,10,1391,glm_ar1,expanding,149,12,156
USA,2023-07-01,6,2024-01-01,663,140,915,16,2183,glm_ar1,expanding,149,12,49
VCT,2023-07-01,1,2023-08-01,7,1,10,0,24,glm_ar1,expanding,112,48,0
VCT,2023-07-01,2,2023-09-01,34,7,47,0,113,glm_ar1,expanding,112,48,1
VCT,2023-07-01,3,2023-10-01,103,21,142,2,339,glm_ar1,expanding,112,48,0
VCT,2023-07-01,4,2023-11-01,231,49,319,5,761,glm_ar1,expanding,112,48,0
VCT,2023-07-01,5,2023-12-01,422,89,583,10,1391,glm_ar1,expanding,112,48,2
VCT,2023-07-01,6,2024-01-01,663,140,915,16,2183,glm_ar1,expanding,112,48,214
VEN,2023-07-01,1,2023-08-01,7,1,10,0,24,glm_ar1,expanding,160,0,0
VEN,2023-07-01,2,2023-09-01,34,7,47,0,113,glm_ar1,expanding,160,0,0
VEN,2023-07-01,3,2023-10-01,103,21,142,2,339,glm_ar1,expanding,160,0,0
VEN,2023-07-01,4,2023-11-01,231,49,319,5,761,glm_ar1,expanding,160,0,0
VEN,2023-07-01,5,2023-12-01,422,89,583,10,1391,glm_ar1,expanding,160,0,0
VEN,2023-07-01,6,2024-01-01,663,140,915,16,2183,glm_ar1,expanding,160,0,686
VGB,2023-07-01,1,2023-08-01,7,1,10,0,24,glm_ar1,expanding,124,36,1
VGB,2023-07-01,2,2023-09-01,34,7,47,0,113,glm_ar1,expanding,124,36,1
VGB,2023-07-01,3,2023-10-01,103,21,142,2,339,glm_ar1,expanding,124,36,1
VGB,2023-07-01,4,2023-11-01,231,49,319,5,761,glm_ar1,expanding,124,36,1
VGB,2023-07-01,5,2023-12-01,422,89,583,10,1391,glm_ar1,expanding,124,36,1
VGB,2023-07-01,6,2024-01-01,663,140,915,16,2183,glm_ar1,expanding,124,36,15
VNM,2023-07-01,1,2023-08-01,9840,2080,13583,236,32386,glm_ar1,expanding,161,0,17529
VNM,2023-07-01,2,2023-09-01,7012,1482,9678,168,23077,glm_ar1,expanding,161,0,22626
VNM,2023-07-01,3,2023-10-01,5439,1150,7507,130,17900,glm_ar1,expanding,161,0,34148
VNM,2023-07-01,4,2023-11-01,4496,950,6206,108,14797,glm_ar1,expanding,161,0,22967
VNM,2023-07-01,5,2023-12-01,3898,824,5380,93,12829,glm_ar1,expanding,161,0,12966
VNM,2023-07-01,6,2024-01-01,3502,740,4835,84,11528,glm_ar1,expanding,161,0,7324
VUT,2023-07-01,1,2023-08-01,27,5,38,0,91,glm_ar1,expanding,81,72,7
VUT,2023-07-01,2,2023-09-01,87,18,120,2,288,glm_ar1,expanding,81,72,5
VUT,2023-07-01,3,2023-10-01,204,43,282,5,674,glm_ar1,expanding,81,72,3
VUT,2023-07-01,4,2023-11-01,386,81,532,9,1270,glm_ar1,expanding,81,72,2
VUT,2023-07-01,5,2023-12-01,619,131,855,15,2039,glm_ar1,expanding,81,72,3
VUT,2023-07-01,6,2024-01-01,883,186,1219,21,2906,glm_ar1,expanding,81,72,12
WLF,2023-07-01,1,2023-08-01,24,5,33,0,79,glm_ar1,expanding,74,0,11
WLF,2023-07-01,2,2023-09-01,79,16,109,2,261,glm_ar1,expanding,74,0,12
WLF,2023-07-01,3,2023-10-01,190,40,262,4,626,glm_ar1,expanding,74,0,14
WLF,2023-07-01,4,2023-11-01,365,77,504,8,1203,glm_ar1,expanding,74,0,14
WLF,2023-07-01,5,2023-12-01,595,125,821,14,1958,glm_ar1,expanding,74,0,11
WLF,2023-07-01,6,2024-01-01,856,181,1182,20,2819,glm_ar1,expanding,74,0,24
WSM,2023-07-01,1,2023-08-01,24,5,33,0,79,glm_ar1,expanding,70,0,2
WSM,2023-07-01,2,2023-09-01,79,16,109,2,261,glm_ar1,expanding,70,0,4
WSM,2023-07-01,3,2023-10-01,190,40,262,4,626,glm_ar1,expanding,70,0,2
WSM,2023-07-01,4,2023-11-01,365,77,504,8,1203,glm_ar1,expanding,70,0,3
WSM,2023-07-01,5,2023-12-01,595,125,821,14,1958,glm_ar1,expanding,70,0,3
WSM,2023-07-01,6,2024-01-01,856,181,1182,20,2819,glm_ar1,expanding,70,0,12
YEM,2023-07-01,1,2023-08-01,2246,475,3100,54,7391,glm_ar1,expanding,76,24,1255
YEM,2023-07-01,2,2023-09-01,2317,490,3198,55,7625,glm_ar1,expanding,76,24,1182
YEM,2023-07-01,3,2023-10-01,2372,501,3274,57,7806,glm_ar1,expanding,76,24,1839
YEM,2023-07-01,4,2023-11-01,2414,510,3331,58,7944,glm_ar1,expanding,76,24,1345
YEM,2023-07-01,5,2023-12-01,2445,517,3376,58,8049,glm_ar1,expanding,76,24,820
YEM,2023-07-01,6,2024-01-01,2470,522,3409,59,8128,glm_ar1,expanding,76,24,521
ABW,2024-01-01,1,2024-02-01,20,4,28,0,68,glm_ar1,expanding,91,72,6
ABW,2024-01-01,2,2024-03-01,72,15,99,1,238,glm_ar1,expanding,91,72,13
ABW,2024-01-01,3,2024-04-01,180,38,249,4,595,glm_ar1,expanding,91,72,22
ABW,2024-01-01,4,2024-05-01,357,75,493,8,1178,glm_ar1,expanding,91,72,23
ABW,2024-01-01,5,2024-06-01,595,125,821,14,1961,glm_ar1,expanding,91,72,13
ABW,2024-01-01,6,2024-07-01,871,183,1203,20,2873,glm_ar1,expanding,91,72,NA
AFG,2024-01-01,1,2024-02-01,469,98,648,11,1547,glm_ar1,expanding,35,0,196
AFG,2024-01-01,2,2024-03-01,730,153,1007,17,2406,glm_ar1,expanding,35,0,157
AFG,2024-01-01,3,2024-04-01,1016,213,1402,24,3349,glm_ar1,expanding,35,0,89
AFG,2024-01-01,4,2024-05-01,1301,273,1796,30,4290,glm_ar1,expanding,35,0,241
AFG,2024-01-01,5,2024-06-01,1567,329,2162,37,5165,glm_ar1,expanding,35,0,145
AFG,2024-01-01,6,2024-07-01,1801,378,2485,42,5936,glm_ar1,expanding,35,0,314
ARG,2024-01-01,1,2024-02-01,17704,3722,24432,419,58352,glm_ar1,expanding,162,0,80049
ARG,2024-01-01,2,2024-03-01,11097,2333,15315,263,36577,glm_ar1,expanding,162,0,300928
ARG,2024-01-01,3,2024-04-01,7817,1643,10788,185,25767,glm_ar1,expanding,162,0,148384
ARG,2024-01-01,4,2024-05-01,6011,1264,8295,142,19812,glm_ar1,expanding,162,0,18003
ARG,2024-01-01,5,2024-06-01,4936,1037,6811,117,16268,glm_ar1,expanding,162,0,892
ARG,2024-01-01,6,2024-07-01,4257,895,5875,101,14033,glm_ar1,expanding,162,0,24
ATG,2024-01-01,1,2024-02-01,88,18,121,2,291,glm_ar1,expanding,82,24,18
ATG,2024-01-01,2,2024-03-01,209,44,289,5,690,glm_ar1,expanding,82,24,13
ATG,2024-01-01,3,2024-04-01,399,84,551,9,1316,glm_ar1,expanding,82,24,4
ATG,2024-01-01,4,2024-05-01,646,136,892,15,2131,glm_ar1,expanding,82,24,10
ATG,2024-01-01,5,2024-06-01,927,195,1280,22,3057,glm_ar1,expanding,82,24,7
ATG,2024-01-01,6,2024-07-01,1215,255,1678,28,4007,glm_ar1,expanding,82,24,7
AUS,2024-01-01,1,2024-02-01,283,59,391,6,934,glm_ar1,expanding,149,12,103
AUS,2024-01-01,2,2024-03-01,500,105,690,11,1648,glm_ar1,expanding,149,12,190
AUS,2024-01-01,3,2024-04-01,765,161,1056,18,2523,glm_ar1,expanding,149,12,349
AUS,2024-01-01,4,2024-05-01,1052,221,1452,25,3469,glm_ar1,expanding,149,12,347
AUS,2024-01-01,5,2024-06-01,1336,281,1844,31,4405,glm_ar1,expanding,149,12,252
AUS,2024-01-01,6,2024-07-01,1598,336,2206,38,5269,glm_ar1,expanding,149,12,213
BES,2024-01-01,1,2024-02-01,NA,NA,NA,NA,NA,glm_ar1,expanding,36,0,NA
BES,2024-01-01,2,2024-03-01,NA,NA,NA,NA,NA,glm_ar1,expanding,36,0,NA
BES,2024-01-01,3,2024-04-01,NA,NA,NA,NA,NA,glm_ar1,expanding,36,0,NA
BES,2024-01-01,4,2024-05-01,NA,NA,NA,NA,NA,glm_ar1,expanding,36,0,NA
BES,2024-01-01,5,2024-06-01,NA,NA,NA,NA,NA,glm_ar1,expanding,36,0,NA
BES,2024-01-01,6,2024-07-01,NA,NA,NA,NA,NA,glm_ar1,expanding,36,0,NA
BFA,2024-01-01,1,2024-02-01,5372,1129,7413,127,17705,glm_ar1,expanding,57,48,5067
BFA,2024-01-01,2,2024-03-01,4536,954,6261,107,14953,glm_ar1,expanding,57,48,2898
BFA,2024-01-01,3,2024-04-01,3996,840,5515,94,13173,glm_ar1,expanding,57,48,2404
BFA,2024-01-01,4,2024-05-01,3634,764,5015,86,11979,glm_ar1,expanding,57,48,2708
BFA,2024-01-01,5,2024-06-01,3384,711,4670,80,11155,glm_ar1,expanding,57,48,2179
BFA,2024-01-01,6,2024-07-01,3208,674,4427,76,10574,glm_ar1,expanding,57,48,3101
BGD,2024-01-01,1,2024-02-01,1339,281,1848,31,4414,glm_ar1,expanding,167,0,339
BGD,2024-01-01,2,2024-03-01,1601,336,2209,38,5276,glm_ar1,expanding,167,0,311
BGD,2024-01-01,3,2024-04-01,1830,384,2525,43,6032,glm_ar1,expanding,167,0,504
BGD,2024-01-01,4,2024-05-01,2023,425,2792,48,6669,glm_ar1,expanding,167,0,644
BGD,2024-01-01,5,2024-06-01,2181,458,3010,51,7190,glm_ar1,expanding,167,0,798
BGD,2024-01-01,6,2024-07-01,2308,485,3185,54,7607,glm_ar1,expanding,167,0,2669
BHS,2024-01-01,1,2024-02-01,NA,NA,NA,NA,NA,glm_ar1,expanding,48,118,NA
BHS,2024-01-01,2,2024-03-01,NA,NA,NA,NA,NA,glm_ar1,expanding,48,118,NA
BHS,2024-01-01,3,2024-04-01,NA,NA,NA,NA,NA,glm_ar1,expanding,48,118,NA
BHS,2024-01-01,4,2024-05-01,NA,NA,NA,NA,NA,glm_ar1,expanding,48,118,NA
BHS,2024-01-01,5,2024-06-01,NA,NA,NA,NA,NA,glm_ar1,expanding,48,118,NA
BHS,2024-01-01,6,2024-07-01,NA,NA,NA,NA,NA,glm_ar1,expanding,48,118,NA
BLM,2024-01-01,1,2024-02-01,188,39,259,4,620,glm_ar1,expanding,106,36,29
BLM,2024-01-01,2,2024-03-01,368,77,508,8,1214,glm_ar1,expanding,106,36,11
BLM,2024-01-01,3,2024-04-01,608,128,840,14,2006,glm_ar1,expanding,106,36,5
BLM,2024-01-01,4,2024-05-01,886,186,1223,21,2922,glm_ar1,expanding,106,36,14
BLM,2024-01-01,5,2024-06-01,1175,247,1622,27,3874,glm_ar1,expanding,106,36,8
BLM,2024-01-01,6,2024-07-01,1451,305,2003,34,4785,glm_ar1,expanding,106,36,5
BLZ,2024-01-01,1,2024-02-01,182,38,252,4,602,glm_ar1,expanding,167,0,72
BLZ,2024-01-01,2,2024-03-01,360,75,497,8,1187,glm_ar1,expanding,167,0,51
BLZ,2024-01-01,3,2024-04-01,598,126,826,14,1973,glm_ar1,expanding,167,0,41
BLZ,2024-01-01,4,2024-05-01,875,184,1208,20,2886,glm_ar1,expanding,167,0,66
BLZ,2024-01-01,5,2024-06-01,1164,244,1607,27,3838,glm_ar1,expanding,167,0,86
BLZ,2024-01-01,6,2024-07-01,1441,303,1989,34,4751,glm_ar1,expanding,167,0,132
BOL,2024-01-01,1,2024-02-01,5955,1252,8218,141,19627,glm_ar1,expanding,162,0,5811
BOL,2024-01-01,2,2024-03-01,4901,1030,6764,116,16154,glm_ar1,expanding,162,0,11329
BOL,2024-01-01,3,2024-04-01,4235,890,5844,100,13959,glm_ar1,expanding,162,0,8782
BOL,2024-01-01,4,2024-05-01,3796,798,5238,90,12511,glm_ar1,expanding,162,0,5513
BOL,2024-01-01,5,2024-06-01,3496,735,4825,83,11524,glm_ar1,expanding,162,0,2142
BOL,2024-01-01,6,2024-07-01,3287,691,4537,78,10836,glm_ar1,expanding,162,0,653
BRA,2024-01-01,1,2024-02-01,189988,39947,262191,4505,626196,glm_ar1,expanding,160,0,1718014
BRA,2024-01-01,2,2024-03-01,65817,13838,90831,1560,216933,glm_ar1,expanding,160,0,2899042
BRA,2024-01-01,3,2024-04-01,29716,6248,41009,704,97944,glm_ar1,expanding,160,0,2122144
BRA,2024-01-01,4,2024-05-01,16366,3441,22585,388,53942,glm_ar1,expanding,160,0,1391981
BRA,2024-01-01,5,2024-06-01,10462,2199,14438,248,34483,glm_ar1,expanding,160,0,572749
BRA,2024-01-01,6,2024-07-01,7479,1572,10322,177,24652,glm_ar1,expanding,160,0,159678
BRB,2024-01-01,1,2024-02-01,615,129,848,14,2026,glm_ar1,expanding,166,0,386
BRB,2024-01-01,2,2024-03-01,893,187,1233,21,2944,glm_ar1,expanding,166,0,232
BRB,2024-01-01,3,2024-04-01,1182,248,1631,28,3896,glm_ar1,expanding,166,0,33
BRB,2024-01-01,4,2024-05-01,1458,306,2012,34,4805,glm_ar1,expanding,166,0,15
BRB,2024-01-01,5,2024-06-01,1706,358,2354,40,5623,glm_ar1,expanding,166,0,7
BRB,2024-01-01,6,2024-07-01,1919,403,2649,45,6327,glm_ar1,expanding,166,0,9
BRN,2024-01-01,1,2024-02-01,73,15,101,1,243,glm_ar1,expanding,165,0,14
BRN,2024-01-01,2,2024-03-01,183,38,253,4,604,glm_ar1,expanding,165,0,15
BRN,2024-01-01,3,2024-04-01,361,76,498,8,1191,glm_ar1,expanding,165,0,15
BRN,2024-01-01,4,2024-05-01,600,126,828,14,1977,glm_ar1,expanding,165,0,NA
BRN,2024-01-01,5,2024-06-01,877,184,1210,20,2891,glm_ar1,expanding,165,0,NA
BRN,2024-01-01,6,2024-07-01,1166,245,1609,27,3842,glm_ar1,expanding,165,0,NA
BTN,2024-01-01,1,2024-02-01,20,4,28,0,68,glm_ar1,expanding,119,48,0
BTN,2024-01-01,2,2024-03-01,72,15,99,1,238,glm_ar1,expanding,119,48,5
BTN,2024-01-01,3,2024-04-01,180,38,249,4,595,glm_ar1,expanding,119,48,10
BTN,2024-01-01,4,2024-05-01,357,75,493,8,1178,glm_ar1,expanding,119,48,3
BTN,2024-01-01,5,2024-06-01,595,125,821,14,1961,glm_ar1,expanding,119,48,9
BTN,2024-01-01,6,2024-07-01,871,183,1203,20,2873,glm_ar1,expanding,119,48,15
CHL,2024-01-01,1,2024-02-01,NA,NA,NA,NA,NA,glm_ar1,expanding,36,106,NA
CHL,2024-01-01,2,2024-03-01,NA,NA,NA,NA,NA,glm_ar1,expanding,36,106,NA
CHL,2024-01-01,3,2024-04-01,NA,NA,NA,NA,NA,glm_ar1,expanding,36,106,NA
CHL,2024-01-01,4,2024-05-01,NA,NA,NA,NA,NA,glm_ar1,expanding,36,106,NA
CHL,2024-01-01,5,2024-06-01,NA,NA,NA,NA,NA,glm_ar1,expanding,36,106,NA
CHL,2024-01-01,6,2024-07-01,NA,NA,NA,NA,NA,glm_ar1,expanding,36,106,NA
CHN,2024-01-01,1,2024-02-01,88,18,121,2,291,glm_ar1,expanding,143,24,42
CHN,2024-01-01,2,2024-03-01,209,44,289,5,690,glm_ar1,expanding,143,24,38
CHN,2024-01-01,3,2024-04-01,399,84,551,9,1316,glm_ar1,expanding,143,24,58
CHN,2024-01-01,4,2024-05-01,646,136,892,15,2131,glm_ar1,expanding,143,24,109
CHN,2024-01-01,5,2024-06-01,927,195,1280,22,3057,glm_ar1,expanding,143,24,130
CHN,2024-01-01,6,2024-07-01,1215,255,1678,28,4007,glm_ar1,expanding,143,24,554
CIV,2024-01-01,1,2024-02-01,255,53,353,6,843,glm_ar1,expanding,24,0,77
CIV,2024-01-01,2,2024-03-01,463,97,639,11,1527,glm_ar1,expanding,24,0,42
CIV,2024-01-01,3,2024-04-01,722,152,997,17,2382,glm_ar1,expanding,24,0,24
CIV,2024-01-01,4,2024-05-01,1008,212,1391,24,3324,glm_ar1,expanding,24,0,115
CIV,2024-01-01,5,2024-06-01,1294,272,1786,30,4266,glm_ar1,expanding,24,0,1644
CIV,2024-01-01,6,2024-07-01,1560,328,2153,37,5143,glm_ar1,expanding,24,0,2043
COK,2024-01-01,1,2024-02-01,NA,NA,NA,NA,NA,glm_ar1,expanding,60,61,NA
COK,2024-01-01,2,2024-03-01,NA,NA,NA,NA,NA,glm_ar1,expanding,60,61,NA
COK,2024-01-01,3,2024-04-01,NA,NA,NA,NA,NA,glm_ar1,expanding,60,61,NA
COK,2024-01-01,4,2024-05-01,NA,NA,NA,NA,NA,glm_ar1,expanding,60,61,NA
COK,2024-01-01,5,2024-06-01,NA,NA,NA,NA,NA,glm_ar1,expanding,60,61,NA
COK,2024-01-01,6,2024-07-01,NA,NA,NA,NA,NA,glm_ar1,expanding,60,61,NA
COL,2024-01-01,1,2024-02-01,15504,3260,21396,367,51102,glm_ar1,expanding,168,0,27691
COL,2024-01-01,2,2024-03-01,10046,2112,13864,238,33112,glm_ar1,expanding,168,0,39218
COL,2024-01-01,3,2024-04-01,7255,1525,10012,172,23914,glm_ar1,expanding,168,0,34323
COL,2024-01-01,4,2024-05-01,5684,1195,7844,134,18734,glm_ar1,expanding,168,0,37453
COL,2024-01-01,5,2024-06-01,4733,995,6531,112,15600,glm_ar1,expanding,168,0,42877
COL,2024-01-01,6,2024-07-01,4125,867,5693,97,13598,glm_ar1,expanding,168,0,28424
CRI,2024-01-01,1,2024-02-01,3284,690,4533,78,10826,glm_ar1,expanding,167,0,1634
CRI,2024-01-01,2,2024-03-01,3137,659,4329,74,10340,glm_ar1,expanding,167,0,1208
CRI,2024-01-01,3,2024-04-01,3030,637,4182,71,9989,glm_ar1,expanding,167,0,869
CRI,2024-01-01,4,2024-05-01,2953,621,4076,70,9734,glm_ar1,expanding,167,0,1422
CRI,2024-01-01,5,2024-06-01,2896,609,3997,68,9547,glm_ar1,expanding,167,0,3571
CRI,2024-01-01,6,2024-07-01,2855,600,3940,67,9410,glm_ar1,expanding,167,0,3925
CUB,2024-01-01,1,2024-02-01,NA,NA,NA,NA,NA,glm_ar1,expanding,96,22,NA
CUB,2024-01-01,2,2024-03-01,NA,NA,NA,NA,NA,glm_ar1,expanding,96,22,NA
CUB,2024-01-01,3,2024-04-01,NA,NA,NA,NA,NA,glm_ar1,expanding,96,22,NA
CUB,2024-01-01,4,2024-05-01,NA,NA,NA,NA,NA,glm_ar1,expanding,96,22,NA
CUB,2024-01-01,5,2024-06-01,NA,NA,NA,NA,NA,glm_ar1,expanding,96,22,NA
CUB,2024-01-01,6,2024-07-01,NA,NA,NA,NA,NA,glm_ar1,expanding,96,22,NA
CUW,2024-01-01,1,2024-02-01,NA,NA,NA,NA,NA,glm_ar1,expanding,48,0,NA
CUW,2024-01-01,2,2024-03-01,NA,NA,NA,NA,NA,glm_ar1,expanding,48,0,NA
CUW,2024-01-01,3,2024-04-01,NA,NA,NA,NA,NA,glm_ar1,expanding,48,0,NA
CUW,2024-01-01,4,2024-05-01,NA,NA,NA,NA,NA,glm_ar1,expanding,48,0,NA
CUW,2024-01-01,5,2024-06-01,NA,NA,NA,NA,NA,glm_ar1,expanding,48,0,NA
CUW,2024-01-01,6,2024-07-01,NA,NA,NA,NA,NA,glm_ar1,expanding,48,0,NA
CYM,2024-01-01,1,2024-02-01,NA,NA,NA,NA,NA,glm_ar1,expanding,84,58,NA
CYM,2024-01-01,2,2024-03-01,NA,NA,NA,NA,NA,glm_ar1,expanding,84,58,NA
CYM,2024-01-01,3,2024-04-01,NA,NA,NA,NA,NA,glm_ar1,expanding,84,58,NA
CYM,2024-01-01,4,2024-05-01,NA,NA,NA,NA,NA,glm_ar1,expanding,84,58,NA
CYM,2024-01-01,5,2024-06-01,NA,NA,NA,NA,NA,glm_ar1,expanding,84,58,NA
CYM,2024-01-01,6,2024-07-01,NA,NA,NA,NA,NA,glm_ar1,expanding,84,58,NA
DMA,2024-01-01,1,2024-02-01,NA,NA,NA,NA,NA,glm_ar1,expanding,132,24,NA
DMA,2024-01-01,2,2024-03-01,NA,NA,NA,NA,NA,glm_ar1,expanding,132,24,NA
DMA,2024-01-01,3,2024-04-01,NA,NA,NA,NA,NA,glm_ar1,expanding,132,24,NA
DMA,2024-01-01,4,2024-05-01,NA,NA,NA,NA,NA,glm_ar1,expanding,132,24,NA
DMA,2024-01-01,5,2024-06-01,NA,NA,NA,NA,NA,glm_ar1,expanding,132,24,NA
DMA,2024-01-01,6,2024-07-01,NA,NA,NA,NA,NA,glm_ar1,expanding,132,24,NA
DOM,2024-01-01,1,2024-02-01,3514,739,4849,83,11582,glm_ar1,expanding,167,0,1231
DOM,2024-01-01,2,2024-03-01,3300,693,4554,78,10877,glm_ar1,expanding,167,0,1282
DOM,2024-01-01,3,2024-04-01,3148,662,4344,74,10376,glm_ar1,expanding,167,0,682
DOM,2024-01-01,4,2024-05-01,3038,639,4193,72,10015,glm_ar1,expanding,167,0,558
DOM,2024-01-01,5,2024-06-01,2959,622,4084,70,9753,glm_ar1,expanding,167,0,874
DOM,2024-01-01,6,2024-07-01,2901,610,4003,68,9561,glm_ar1,expanding,167,0,411
ECU,2024-01-01,1,2024-02-01,3522,740,4861,83,11609,glm_ar1,expanding,159,0,5609
ECU,2024-01-01,2,2024-03-01,3306,695,4562,78,10896,glm_ar1,expanding,159,0,9709
ECU,2024-01-01,3,2024-04-01,3152,662,4350,74,10389,glm_ar1,expanding,159,0,7912
ECU,2024-01-01,4,2024-05-01,3041,639,4197,72,10025,glm_ar1,expanding,159,0,8126
ECU,2024-01-01,5,2024-06-01,2961,622,4087,70,9761,glm_ar1,expanding,159,0,7576
ECU,2024-01-01,6,2024-07-01,2902,610,4005,68,9567,glm_ar1,expanding,159,0,4544
ERI,2024-01-01,1,2024-02-01,NA,NA,NA,NA,NA,glm_ar1,expanding,60,103,NA
ERI,2024-01-01,2,2024-03-01,NA,NA,NA,NA,NA,glm_ar1,expanding,60,103,NA
ERI,2024-01-01,3,2024-04-01,NA,NA,NA,NA,NA,glm_ar1,expanding,60,103,NA
ERI,2024-01-01,4,2024-05-01,NA,NA,NA,NA,NA,glm_ar1,expanding,60,103,NA
ERI,2024-01-01,5,2024-06-01,NA,NA,NA,NA,NA,glm_ar1,expanding,60,103,NA
ERI,2024-01-01,6,2024-07-01,NA,NA,NA,NA,NA,glm_ar1,expanding,60,103,NA
ETH,2024-01-01,1,2024-02-01,771,162,1064,18,2542,glm_ar1,expanding,21,108,168
ETH,2024-01-01,2,2024-03-01,1058,222,1461,25,3489,glm_ar1,expanding,21,108,150
ETH,2024-01-01,3,2024-04-01,1342,282,1852,31,4424,glm_ar1,expanding,21,108,128
ETH,2024-01-01,4,2024-05-01,1604,337,2213,38,5286,glm_ar1,expanding,21,108,NA
ETH,2024-01-01,5,2024-06-01,1832,385,2529,43,6040,glm_ar1,expanding,21,108,NA
ETH,2024-01-01,6,2024-07-01,2025,425,2795,48,6676,glm_ar1,expanding,21,108,NA
FJI,2024-01-01,1,2024-02-01,1074,225,1482,25,3540,glm_ar1,expanding,159,0,1069
FJI,2024-01-01,2,2024-03-01,1357,285,1872,32,4473,glm_ar1,expanding,159,0,603
FJI,2024-01-01,3,2024-04-01,1617,340,2231,38,5329,glm_ar1,expanding,159,0,1023
FJI,2024-01-01,4,2024-05-01,1844,387,2544,43,6077,glm_ar1,expanding,159,0,1279
FJI,2024-01-01,5,2024-06-01,2034,427,2808,48,6706,glm_ar1,expanding,159,0,495
FJI,2024-01-01,6,2024-07-01,2190,460,3023,52,7220,glm_ar1,expanding,159,0,381
FSM,2024-01-01,1,2024-02-01,28,6,38,0,92,glm_ar1,expanding,82,12,4
FSM,2024-01-01,2,2024-03-01,90,19,124,2,296,glm_ar1,expanding,82,12,3
FSM,2024-01-01,3,2024-04-01,212,44,293,5,700,glm_ar1,expanding,82,12,3
FSM,2024-01-01,4,2024-05-01,403,84,556,9,1329,glm_ar1,expanding,82,12,5
FSM,2024-01-01,5,2024-06-01,651,137,899,15,2147,glm_ar1,expanding,82,12,6
FSM,2024-01-01,6,2024-07-01,933,196,1287,22,3075,glm_ar1,expanding,82,12,2
GLP,2024-01-01,1,2024-02-01,1695,356,2339,40,5587,glm_ar1,expanding,166,0,715
GLP,2024-01-01,2,2024-03-01,1910,401,2636,45,6296,glm_ar1,expanding,166,0,1000
GLP,2024-01-01,3,2024-04-01,2089,439,2883,49,6887,glm_ar1,expanding,166,0,235
GLP,2024-01-01,4,2024-05-01,2234,469,3084,53,7365,glm_ar1,expanding,166,0,290
GLP,2024-01-01,5,2024-06-01,2350,494,3243,55,7746,glm_ar1,expanding,166,0,375
GLP,2024-01-01,6,2024-07-01,2440,513,3368,57,8044,glm_ar1,expanding,166,0,175
GRD,2024-01-01,1,2024-02-01,132,27,182,3,435,glm_ar1,expanding,155,12,37
GRD,2024-01-01,2,2024-03-01,283,59,390,6,932,glm_ar1,expanding,155,12,29
GRD,2024-01-01,3,2024-04-01,499,105,689,11,1647,glm_ar1,expanding,155,12,25
GRD,2024-01-01,4,2024-05-01,764,160,1055,18,2521,glm_ar1,expanding,155,12,26
GRD,2024-01-01,5,2024-06-01,1052,221,1452,25,3467,glm_ar1,expanding,155,12,53
GRD,2024-01-01,6,2024-07-01,1336,281,1843,31,4403,glm_ar1,expanding,155,12,64
GTM,2024-01-01,1,2024-02-01,6065,1275,8370,143,19990,glm_ar1,expanding,168,0,4495
GTM,2024-01-01,2,2024-03-01,4969,1044,6857,117,16378,glm_ar1,expanding,168,0,5658
GTM,2024-01-01,3,2024-04-01,4279,899,5905,101,14104,glm_ar1,expanding,168,0,6304
GTM,2024-01-01,4,2024-05-01,3825,804,5279,90,12608,glm_ar1,expanding,168,0,11795
GTM,2024-01-01,5,2024-06-01,3517,739,4853,83,11591,glm_ar1,expanding,168,0,26123
GTM,2024-01-01,6,2024-07-01,3302,694,4557,78,10883,glm_ar1,expanding,168,0,25559
GUF,2024-01-01,1,2024-02-01,4219,887,5822,100,13906,glm_ar1,expanding,148,12,3652
GUF,2024-01-01,2,2024-03-01,3785,795,5223,89,12475,glm_ar1,expanding,148,12,3110
GUF,2024-01-01,3,2024-04-01,3489,733,4815,82,11499,glm_ar1,expanding,148,12,1688
GUF,2024-01-01,4,2024-05-01,3282,690,4529,77,10818,glm_ar1,expanding,148,12,1334
GUF,2024-01-01,5,2024-06-01,3135,659,4327,74,10334,glm_ar1,expanding,148,12,1057
GUF,2024-01-01,6,2024-07-01,3029,637,4181,71,9985,glm_ar1,expanding,148,12,347
GUY,2024-01-01,1,2024-02-01,2967,623,4094,70,9779,glm_ar1,expanding,157,12,4222
GUY,2024-01-01,2,2024-03-01,2906,611,4011,69,9580,glm_ar1,expanding,157,12,4093
GUY,2024-01-01,3,2024-04-01,2862,601,3950,67,9434,glm_ar1,expanding,157,12,4033
GUY,2024-01-01,4,2024-05-01,2829,595,3904,67,9326,glm_ar1,expanding,157,12,4673
GUY,2024-01-01,5,2024-06-01,2805,589,3871,66,9245,glm_ar1,expanding,157,12,8686
GUY,2024-01-01,6,2024-07-01,2787,586,3846,66,9185,glm_ar1,expanding,157,12,5375
HND,2024-01-01,1,2024-02-01,3362,707,4639,79,11081,glm_ar1,expanding,168,0,3331
HND,2024-01-01,2,2024-03-01,3192,671,4405,75,10521,glm_ar1,expanding,168,0,4780
HND,2024-01-01,3,2024-04-01,3070,645,4237,72,10121,glm_ar1,expanding,168,0,6506
HND,2024-01-01,4,2024-05-01,2982,627,4116,70,9830,glm_ar1,expanding,168,0,10940
HND,2024-01-01,5,2024-06-01,2918,613,4027,69,9618,glm_ar1,expanding,168,0,37433
HND,2024-01-01,6,2024-07-01,2870,603,3961,68,9462,glm_ar1,expanding,168,0,33381
HTI,2024-01-01,1,2024-02-01,NA,NA,NA,NA,NA,glm_ar1,expanding,60,0,NA
HTI,2024-01-01,2,2024-03-01,NA,NA,NA,NA,NA,glm_ar1,expanding,60,0,NA
HTI,2024-01-01,3,2024-04-01,NA,NA,NA,NA,NA,glm_ar1,expanding,60,0,NA
HTI,2024-01-01,4,2024-05-01,NA,NA,NA,NA,NA,glm_ar1,expanding,60,0,NA
HTI,2024-01-01,5,2024-06-01,NA,NA,NA,NA,NA,glm_ar1,expanding,60,0,NA
HTI,2024-01-01,6,2024-07-01,NA,NA,NA,NA,NA,glm_ar1,expanding,60,0,NA
IDN,2024-01-01,1,2024-02-01,15255,3207,21052,361,50280,glm_ar1,expanding,160,0,28886
IDN,2024-01-01,2,2024-03-01,9925,2086,13697,235,32712,glm_ar1,expanding,160,0,32091
IDN,2024-01-01,3,2024-04-01,7189,1511,9922,170,23696,glm_ar1,expanding,160,0,29247
IDN,2024-01-01,4,2024-05-01,5645,1187,7790,133,18606,glm_ar1,expanding,160,0,30115
IDN,2024-01-01,5,2024-06-01,4708,990,6498,111,15520,glm_ar1,expanding,160,0,23415
IDN,2024-01-01,6,2024-07-01,4110,864,5671,97,13546,glm_ar1,expanding,160,0,17863
IND,2024-01-01,1,2024-02-01,4365,918,6024,103,14389,glm_ar1,expanding,166,0,5455
IND,2024-01-01,2,2024-03-01,3883,816,5359,92,12798,glm_ar1,expanding,166,0,5623
IND,2024-01-01,3,2024-04-01,3556,747,4908,84,11722,glm_ar1,expanding,166,0,3358
IND,2024-01-01,4,2024-05-01,3330,700,4595,79,10975,glm_ar1,expanding,166,0,5169
IND,2024-01-01,5,2024-06-01,3169,666,4374,75,10446,glm_ar1,expanding,166,0,7534
IND,2024-01-01,6,2024-07-01,3054,642,4215,72,10066,glm_ar1,expanding,166,0,27805
JAM,2024-01-01,1,2024-02-01,715,150,987,17,2359,glm_ar1,expanding,165,0,244
JAM,2024-01-01,2,2024-03-01,1001,210,1381,23,3299,glm_ar1,expanding,165,0,397
JAM,2024-01-01,3,2024-04-01,1287,270,1776,30,4243,glm_ar1,expanding,165,0,136
JAM,2024-01-01,4,2024-05-01,1554,326,2145,36,5122,glm_ar1,expanding,165,0,108
JAM,2024-01-01,5,2024-06-01,1790,376,2470,42,5899,glm_ar1,expanding,165,0,64
JAM,2024-01-01,6,2024-07-01,1990,418,2746,47,6559,glm_ar1,expanding,165,0,91
KEN,2024-01-01,1,2024-02-01,NA,NA,NA,NA,NA,glm_ar1,expanding,60,71,NA
KEN,2024-01-01,2,2024-03-01,NA,NA,NA,NA,NA,glm_ar1,expanding,60,71,0
KEN,2024-01-01,3,2024-04-01,NA,NA,NA,NA,NA,glm_ar1,expanding,60,71,0
KEN,2024-01-01,4,2024-05-01,NA,NA,NA,NA,NA,glm_ar1,expanding,60,71,149
KEN,2024-01-01,5,2024-06-01,NA,NA,NA,NA,NA,glm_ar1,expanding,60,71,291
KEN,2024-01-01,6,2024-07-01,NA,NA,NA,NA,NA,glm_ar1,expanding,60,71,369
KHM,2024-01-01,1,2024-02-01,2445,514,3374,58,8060,glm_ar1,expanding,168,0,1251
KHM,2024-01-01,2,2024-03-01,2514,528,3470,59,8287,glm_ar1,expanding,168,0,1289
KHM,2024-01-01,3,2024-04-01,2567,539,3543,61,8462,glm_ar1,expanding,168,0,629
KHM,2024-01-01,4,2024-05-01,2608,548,3599,61,8595,glm_ar1,expanding,168,0,456
KHM,2024-01-01,5,2024-06-01,2638,554,3641,62,8697,glm_ar1,expanding,168,0,1123
KHM,2024-01-01,6,2024-07-01,2662,559,3673,63,8774,glm_ar1,expanding,168,0,2065
KIR,2024-01-01,1,2024-02-01,NA,NA,NA,NA,NA,glm_ar1,expanding,72,82,NA
KIR,2024-01-01,2,2024-03-01,NA,NA,NA,NA,NA,glm_ar1,expanding,72,82,NA
KIR,2024-01-01,3,2024-04-01,NA,NA,NA,NA,NA,glm_ar1,expanding,72,82,2
KIR,2024-01-01,4,2024-05-01,NA,NA,NA,NA,NA,glm_ar1,expanding,72,82,51
KIR,2024-01-01,5,2024-06-01,NA,NA,NA,NA,NA,glm_ar1,expanding,72,82,4
KIR,2024-01-01,6,2024-07-01,NA,NA,NA,NA,NA,glm_ar1,expanding,72,82,1
KNA,2024-01-01,1,2024-02-01,260,54,359,6,859,glm_ar1,expanding,58,72,19
KNA,2024-01-01,2,2024-03-01,470,98,648,11,1549,glm_ar1,expanding,58,72,13
KNA,2024-01-01,3,2024-04-01,730,153,1008,17,2408,glm_ar1,expanding,58,72,3
KNA,2024-01-01,4,2024-05-01,1016,213,1403,24,3350,glm_ar1,expanding,58,72,22
KNA,2024-01-01,5,2024-06-01,1302,273,1797,30,4291,glm_ar1,expanding,58,72,23
KNA,2024-01-01,6,2024-07-01,1567,329,2163,37,5166,glm_ar1,expanding,58,72,4
LAO,2024-01-01,1,2024-02-01,860,180,1186,20,2834,glm_ar1,expanding,168,0,587
LAO,2024-01-01,2,2024-03-01,1148,241,1585,27,3786,glm_ar1,expanding,168,0,538
LAO,2024-01-01,3,2024-04-01,1427,300,1969,33,4703,glm_ar1,expanding,168,0,693
LAO,2024-01-01,4,2024-05-01,1679,353,2317,39,5534,glm_ar1,expanding,168,0,857
LAO,2024-01-01,5,2024-06-01,1896,398,2617,45,6251,glm_ar1,expanding,168,0,1686
LAO,2024-01-01,6,2024-07-01,2078,437,2868,49,6850,glm_ar1,expanding,168,0,3612
LCA,2024-01-01,1,2024-02-01,7,1,10,0,25,glm_ar1,expanding,119,48,4
LCA,2024-01-01,2,2024-03-01,35,7,49,0,116,glm_ar1,expanding,119,48,0
LCA,2024-01-01,3,2024-04-01,106,22,147,2,351,glm_ar1,expanding,119,48,1
LCA,2024-01-01,4,2024-05-01,241,50,333,5,795,glm_ar1,expanding,119,48,2
LCA,2024-01-01,5,2024-06-01,443,93,612,10,1462,glm_ar1,expanding,119,48,6
LCA,2024-01-01,6,2024-07-01,699,147,965,16,2305,glm_ar1,expanding,119,48,9
LKA,2024-01-01,1,2024-02-01,7634,1605,10536,181,25163,glm_ar1,expanding,168,0,6047
LKA,2024-01-01,2,2024-03-01,5905,1241,8149,140,19463,glm_ar1,expanding,168,0,3629
LKA,2024-01-01,3,2024-04-01,4870,1024,6721,115,16053,glm_ar1,expanding,168,0,2234
LKA,2024-01-01,4,2024-05-01,4215,886,5817,100,13893,glm_ar1,expanding,168,0,2650
LKA,2024-01-01,5,2024-06-01,3782,795,5220,89,12467,glm_ar1,expanding,168,0,3312
LKA,2024-01-01,6,2024-07-01,3487,733,4812,82,11494,glm_ar1,expanding,168,0,4519
MAF,2024-01-01,1,2024-02-01,423,89,583,10,1394,glm_ar1,expanding,152,12,169
MAF,2024-01-01,2,2024-03-01,675,142,931,16,2225,glm_ar1,expanding,152,12,54
MAF,2024-01-01,3,2024-04-01,958,201,1322,22,3158,glm_ar1,expanding,152,12,20
MAF,2024-01-01,4,2024-05-01,1245,262,1719,29,4105,glm_ar1,expanding,152,12,46
MAF,2024-01-01,5,2024-06-01,1516,318,2092,36,4998,glm_ar1,expanding,152,12,40
MAF,2024-01-01,6,2024-07-01,1757,369,2425,41,5791,glm_ar1,expanding,152,12,6
MDV,2024-01-01,1,2024-02-01,294,62,406,7,970,glm_ar1,expanding,168,0,120
MDV,2024-01-01,2,2024-03-01,514,108,710,12,1696,glm_ar1,expanding,168,0,126
MDV,2024-01-01,3,2024-04-01,782,164,1079,18,2578,glm_ar1,expanding,168,0,256
MDV,2024-01-01,4,2024-05-01,1069,225,1476,25,3526,glm_ar1,expanding,168,0,675
MDV,2024-01-01,5,2024-06-01,1353,284,1867,32,4459,glm_ar1,expanding,168,0,627
MDV,2024-01-01,6,2024-07-01,1613,339,2226,38,5317,glm_ar1,expanding,168,0,440
MEX,2024-01-01,1,2024-02-01,12725,2675,17561,301,41941,glm_ar1,expanding,168,0,13673
MEX,2024-01-01,2,2024-03-01,8662,1821,11955,205,28552,glm_ar1,expanding,168,0,15494
MEX,2024-01-01,3,2024-04-01,6492,1365,8959,154,21398,glm_ar1,expanding,168,0,13773
MEX,2024-01-01,4,2024-05-01,5229,1099,7216,124,17235,glm_ar1,expanding,168,0,16998
MEX,2024-01-01,5,2024-06-01,4446,934,6136,105,14654,glm_ar1,expanding,168,0,41772
MEX,2024-01-01,6,2024-07-01,3936,827,5433,93,12975,glm_ar1,expanding,168,0,48567
MHL,2024-01-01,1,2024-02-01,NA,NA,NA,NA,NA,glm_ar1,expanding,60,92,NA
MHL,2024-01-01,2,2024-03-01,NA,NA,NA,NA,NA,glm_ar1,expanding,60,92,NA
MHL,2024-01-01,3,2024-04-01,NA,NA,NA,NA,NA,glm_ar1,expanding,60,92,NA
MHL,2024-01-01,4,2024-05-01,NA,NA,NA,NA,NA,glm_ar1,expanding,60,92,NA
MHL,2024-01-01,5,2024-06-01,NA,NA,NA,NA,NA,glm_ar1,expanding,60,92,NA
MHL,2024-01-01,6,2024-07-01,NA,NA,NA,NA,NA,glm_ar1,expanding,60,92,NA
MMR,2024-01-01,1,2024-02-01,397,83,548,9,1310,glm_ar1,expanding,168,0,181
MMR,2024-01-01,2,2024-03-01,644,135,889,15,2124,glm_ar1,expanding,168,0,176
MMR,2024-01-01,3,2024-04-01,925,194,1277,22,3050,glm_ar1,expanding,168,0,203
MMR,2024-01-01,4,2024-05-01,1213,255,1675,28,4000,glm_ar1,expanding,168,0,311
MMR,2024-01-01,5,2024-06-01,1487,312,2052,35,4901,glm_ar1,expanding,168,0,574
MMR,2024-01-01,6,2024-07-01,1731,364,2389,41,5707,glm_ar1,expanding,168,0,1236
MRT,2024-01-01,1,2024-02-01,780,164,1077,18,2572,glm_ar1,expanding,21,60,407
MRT,2024-01-01,2,2024-03-01,1068,224,1474,25,3520,glm_ar1,expanding,21,60,243
MRT,2024-01-01,3,2024-04-01,1351,284,1865,32,4454,glm_ar1,expanding,21,60,221
MRT,2024-01-01,4,2024-05-01,1611,339,2224,38,5312,glm_ar1,expanding,21,60,135
MRT,2024-01-01,5,2024-06-01,1839,386,2538,43,6063,glm_ar1,expanding,21,60,326
MRT,2024-01-01,6,2024-07-01,2031,427,2803,48,6694,glm_ar1,expanding,21,60,90
MTQ,2024-01-01,1,2024-02-01,1855,390,2560,44,6115,glm_ar1,expanding,165,0,1765
MTQ,2024-01-01,2,2024-03-01,2044,429,2821,48,6737,glm_ar1,expanding,165,0,1310
MTQ,2024-01-01,3,2024-04-01,2198,462,3033,52,7245,glm_ar1,expanding,165,0,580
MTQ,2024-01-01,4,2024-05-01,2321,488,3203,55,7651,glm_ar1,expanding,165,0,340
MTQ,2024-01-01,5,2024-06-01,2418,508,3337,57,7970,glm_ar1,expanding,165,0,180
MTQ,2024-01-01,6,2024-07-01,2493,524,3441,59,8218,glm_ar1,expanding,165,0,199
MYS,2024-01-01,1,2024-02-01,11436,2404,15782,271,37692,glm_ar1,expanding,168,0,13954
MYS,2024-01-01,2,2024-03-01,7995,1681,11034,189,26354,glm_ar1,expanding,168,0,11763
MYS,2024-01-01,3,2024-04-01,6113,1285,8437,145,20150,glm_ar1,expanding,168,0,8743
MYS,2024-01-01,4,2024-05-01,4999,1051,6898,118,16476,glm_ar1,expanding,168,0,11742
MYS,2024-01-01,5,2024-06-01,4298,903,5932,102,14167,glm_ar1,expanding,168,0,10634
MYS,2024-01-01,6,2024-07-01,3838,807,5297,91,12650,glm_ar1,expanding,168,0,12992
NCL,2024-01-01,1,2024-02-01,NA,NA,NA,NA,NA,glm_ar1,expanding,132,17,NA
NCL,2024-01-01,2,2024-03-01,NA,NA,NA,NA,NA,glm_ar1,expanding,132,17,NA
NCL,2024-01-01,3,2024-04-01,NA,NA,NA,NA,NA,glm_ar1,expanding,132,17,NA
NCL,2024-01-01,4,2024-05-01,NA,NA,NA,NA,NA,glm_ar1,expanding,132,17,NA
NCL,2024-01-01,5,2024-06-01,NA,NA,NA,NA,NA,glm_ar1,expanding,132,17,NA
NCL,2024-01-01,6,2024-07-01,NA,NA,NA,NA,NA,glm_ar1,expanding,132,17,NA
NIC,2024-01-01,1,2024-02-01,6974,1466,9624,165,22986,glm_ar1,expanding,167,0,6598
NIC,2024-01-01,2,2024-03-01,5517,1160,7614,130,18186,glm_ar1,expanding,167,0,NA
NIC,2024-01-01,3,2024-04-01,4628,973,6388,109,15256,glm_ar1,expanding,167,0,NA
NIC,2024-01-01,4,2024-05-01,4057,853,5599,96,13373,glm_ar1,expanding,167,0,NA
NIC,2024-01-01,5,2024-06-01,3675,772,5072,87,12115,glm_ar1,expanding,167,0,NA
NIC,2024-01-01,6,2024-07-01,3413,717,4710,81,11250,glm_ar1,expanding,167,0,NA
NPL,2024-01-01,1,2024-02-01,764,160,1055,18,2519,glm_ar1,expanding,167,0,408
NPL,2024-01-01,2,2024-03-01,1051,221,1451,25,3466,glm_ar1,expanding,167,0,374
NPL,2024-01-01,3,2024-04-01,1335,280,1843,31,4402,glm_ar1,expanding,167,0,463
NPL,2024-01-01,4,2024-05-01,1597,336,2205,38,5266,glm_ar1,expanding,167,0,495
NPL,2024-01-01,5,2024-06-01,1827,384,2522,43,6023,glm_ar1,expanding,167,0,632
NPL,2024-01-01,6,2024-07-01,2021,425,2789,48,6661,glm_ar1,expanding,167,0,1906
OMN,2024-01-01,1,2024-02-01,NA,NA,NA,NA,NA,glm_ar1,expanding,60,0,NA
OMN,2024-01-01,2,2024-03-01,NA,NA,NA,NA,NA,glm_ar1,expanding,60,0,NA
OMN,2024-01-01,3,2024-04-01,NA,NA,NA,NA,NA,glm_ar1,expanding,60,0,NA
OMN,2024-01-01,4,2024-05-01,NA,NA,NA,NA,NA,glm_ar1,expanding,60,0,NA
OMN,2024-01-01,5,2024-06-01,NA,NA,NA,NA,NA,glm_ar1,expanding,60,0,NA
OMN,2024-01-01,6,2024-07-01,NA,NA,NA,NA,NA,glm_ar1,expanding,60,0,NA
PAK,2024-01-01,1,2024-02-01,576,121,795,13,1899,glm_ar1,expanding,167,0,374
PAK,2024-01-01,2,2024-03-01,851,179,1174,20,2805,glm_ar1,expanding,167,0,282
PAK,2024-01-01,3,2024-04-01,1139,239,1573,27,3756,glm_ar1,expanding,167,0,823
PAK,2024-01-01,4,2024-05-01,1418,298,1958,33,4676,glm_ar1,expanding,167,0,7675
PAK,2024-01-01,5,2024-06-01,1671,351,2307,39,5510,glm_ar1,expanding,167,0,3252
PAK,2024-01-01,6,2024-07-01,1890,397,2609,44,6231,glm_ar1,expanding,167,0,2904
PAN,2024-01-01,1,2024-02-01,2597,546,3584,61,8560,glm_ar1,expanding,166,0,1216
PAN,2024-01-01,2,2024-03-01,2630,553,3630,62,8670,glm_ar1,expanding,166,0,1083
PAN,2024-01-01,3,2024-04-01,2656,558,3665,63,8753,glm_ar1,expanding,166,0,840
PAN,2024-01-01,4,2024-05-01,2675,562,3691,63,8816,glm_ar1,expanding,166,0,1183
PAN,2024-01-01,5,2024-06-01,2689,565,3711,63,8864,glm_ar1,expanding,166,0,3215
PAN,2024-01-01,6,2024-07-01,2700,567,3726,64,8900,glm_ar1,expanding,166,0,5892
PER,2024-01-01,1,2024-02-01,8451,1777,11663,200,27856,glm_ar1,expanding,161,0,37992
PER,2024-01-01,2,2024-03-01,6373,1340,8795,151,21006,glm_ar1,expanding,161,0,92101
PER,2024-01-01,3,2024-04-01,5157,1084,7117,122,16998,glm_ar1,expanding,161,0,75430
PER,2024-01-01,4,2024-05-01,4400,925,6072,104,14502,glm_ar1,expanding,161,0,32773
PER,2024-01-01,5,2024-06-01,3906,821,5390,92,12874,glm_ar1,expanding,161,0,8726
PER,2024-01-01,6,2024-07-01,3572,751,4930,84,11774,glm_ar1,expanding,161,0,2178
PHL,2024-01-01,1,2024-02-01,10691,2248,14755,253,35240,glm_ar1,expanding,166,0,11091
PHL,2024-01-01,2,2024-03-01,7602,1598,10491,180,25057,glm_ar1,expanding,166,0,8278
PHL,2024-01-01,3,2024-04-01,5886,1237,8123,139,19402,glm_ar1,expanding,166,0,NA
PHL,2024-01-01,4,2024-05-01,4859,1021,6705,115,16015,glm_ar1,expanding,166,0,NA
PHL,2024-01-01,5,2024-06-01,4207,884,5807,99,13869,glm_ar1,expanding,166,0,NA
PHL,2024-01-01,6,2024-07-01,3777,794,5213,89,12450,glm_ar1,expanding,166,0,NA
PLW,2024-01-01,1,2024-02-01,NA,NA,NA,NA,NA,glm_ar1,expanding,84,82,NA
PLW,2024-01-01,2,2024-03-01,NA,NA,NA,NA,NA,glm_ar1,expanding,84,82,NA
PLW,2024-01-01,3,2024-04-01,NA,NA,NA,NA,NA,glm_ar1,expanding,84,82,NA
PLW,2024-01-01,4,2024-05-01,NA,NA,NA,NA,NA,glm_ar1,expanding,84,82,NA
PLW,2024-01-01,5,2024-06-01,NA,NA,NA,NA,NA,glm_ar1,expanding,84,82,NA
PLW,2024-01-01,6,2024-07-01,NA,NA,NA,NA,NA,glm_ar1,expanding,84,82,NA
PRI,2024-01-01,1,2024-02-01,501,105,692,12,1653,glm_ar1,expanding,130,36,226
PRI,2024-01-01,2,2024-03-01,767,161,1058,18,2528,glm_ar1,expanding,130,36,300
PRI,2024-01-01,3,2024-04-01,1054,221,1455,25,3475,glm_ar1,expanding,130,36,263
PRI,2024-01-01,4,2024-05-01,1338,281,1846,31,4410,glm_ar1,expanding,130,36,384
PRI,2024-01-01,5,2024-06-01,1600,336,2208,38,5273,glm_ar1,expanding,130,36,561
PRI,2024-01-01,6,2024-07-01,1829,384,2524,43,6030,glm_ar1,expanding,130,36,595
PRY,2024-01-01,1,2024-02-01,39979,8406,55173,948,131771,glm_ar1,expanding,163,0,69931
PRY,2024-01-01,2,2024-03-01,20445,4298,28215,484,67386,glm_ar1,expanding,163,0,61418
PRY,2024-01-01,3,2024-04-01,12363,2599,17061,293,40748,glm_ar1,expanding,163,0,31676
PRY,2024-01-01,4,2024-05-01,8477,1782,11699,201,27940,glm_ar1,expanding,163,0,14686
PRY,2024-01-01,5,2024-06-01,6387,1343,8815,151,21053,glm_ar1,expanding,163,0,6298
PRY,2024-01-01,6,2024-07-01,5166,1086,7129,122,17027,glm_ar1,expanding,163,0,1547
PYF,2024-01-01,1,2024-02-01,41,8,56,1,135,glm_ar1,expanding,117,48,16
PYF,2024-01-01,2,2024-03-01,118,25,163,2,391,glm_ar1,expanding,117,48,11
PYF,2024-01-01,3,2024-04-01,261,55,360,6,861,glm_ar1,expanding,117,48,7
PYF,2024-01-01,4,2024-05-01,470,99,649,11,1551,glm_ar1,expanding,117,48,5
PYF,2024-01-01,5,2024-06-01,731,153,1009,17,2411,glm_ar1,expanding,117,48,17
PYF,2024-01-01,6,2024-07-01,1017,214,1404,24,3354,glm_ar1,expanding,117,48,34
REU,2024-01-01,1,2024-02-01,NA,NA,NA,NA,NA,glm_ar1,expanding,108,51,NA
REU,2024-01-01,2,2024-03-01,NA,NA,NA,NA,NA,glm_ar1,expanding,108,51,NA
REU,2024-01-01,3,2024-04-01,NA,NA,NA,NA,NA,glm_ar1,expanding,108,51,NA
REU,2024-01-01,4,2024-05-01,NA,NA,NA,NA,NA,glm_ar1,expanding,108,51,NA
REU,2024-01-01,5,2024-06-01,NA,NA,NA,NA,NA,glm_ar1,expanding,108,51,NA
REU,2024-01-01,6,2024-07-01,NA,NA,NA,NA,NA,glm_ar1,expanding,108,51,NA
SAU,2024-01-01,1,2024-02-01,1746,367,2410,41,5757,glm_ar1,expanding,160,0,1664
SAU,2024-01-01,2,2024-03-01,1953,410,2696,46,6439,glm_ar1,expanding,160,0,1426
SAU,2024-01-01,3,2024-04-01,2125,446,2932,50,7004,glm_ar1,expanding,160,0,1075
SAU,2024-01-01,4,2024-05-01,2263,475,3123,53,7459,glm_ar1,expanding,160,0,1024
SAU,2024-01-01,5,2024-06-01,2372,498,3274,56,7819,glm_ar1,expanding,160,0,857
SAU,2024-01-01,6,2024-07-01,2458,516,3392,58,8101,glm_ar1,expanding,160,0,320
SDN,2024-01-01,1,2024-02-01,758,159,1047,18,2500,glm_ar1,expanding,81,84,446
SDN,2024-01-01,2,2024-03-01,1045,220,1443,24,3447,glm_ar1,expanding,81,84,488
SDN,2024-01-01,3,2024-04-01,1330,279,1835,31,4384,glm_ar1,expanding,81,84,317
SDN,2024-01-01,4,2024-05-01,1592,335,2198,37,5249,glm_ar1,expanding,81,84,184
SDN,2024-01-01,5,2024-06-01,1823,383,2516,43,6009,glm_ar1,expanding,81,84,41
SDN,2024-01-01,6,2024-07-01,2017,424,2784,47,6650,glm_ar1,expanding,81,84,23
SEN,2024-01-01,1,2024-02-01,152,32,210,3,501,glm_ar1,expanding,57,24,67
SEN,2024-01-01,2,2024-03-01,314,66,434,7,1036,glm_ar1,expanding,57,24,29
SEN,2024-01-01,3,2024-04-01,540,113,746,12,1782,glm_ar1,expanding,57,24,16
SEN,2024-01-01,4,2024-05-01,811,170,1119,19,2674,glm_ar1,expanding,57,24,12
SEN,2024-01-01,5,2024-06-01,1099,231,1517,26,3625,glm_ar1,expanding,57,24,38
SEN,2024-01-01,6,2024-07-01,1381,290,1906,32,4552,glm_ar1,expanding,57,24,115
SGP,2024-01-01,1,2024-02-01,1776,373,2451,42,5854,glm_ar1,expanding,168,0,2261
SGP,2024-01-01,2,2024-03-01,1978,416,2730,47,6521,glm_ar1,expanding,168,0,1367
SGP,2024-01-01,3,2024-04-01,2145,451,2960,50,7070,glm_ar1,expanding,168,0,1400
SGP,2024-01-01,4,2024-05-01,2279,479,3145,54,7512,glm_ar1,expanding,168,0,1466
SGP,2024-01-01,5,2024-06-01,2385,501,3291,56,7861,glm_ar1,expanding,168,0,1224
SGP,2024-01-01,6,2024-07-01,2467,519,3405,58,8133,glm_ar1,expanding,168,0,1165
SLB,2024-01-01,1,2024-02-01,47,9,64,1,154,glm_ar1,expanding,106,24,6
SLB,2024-01-01,2,2024-03-01,131,27,181,3,432,glm_ar1,expanding,106,24,7
SLB,2024-01-01,3,2024-04-01,281,59,388,6,927,glm_ar1,expanding,106,24,4
SLB,2024-01-01,4,2024-05-01,497,104,687,11,1640,glm_ar1,expanding,106,24,9
SLB,2024-01-01,5,2024-06-01,762,160,1052,18,2513,glm_ar1,expanding,106,24,24
SLB,2024-01-01,6,2024-07-01,1050,220,1449,25,3460,glm_ar1,expanding,106,24,18
SLV,2024-01-01,1,2024-02-01,755,158,1042,18,2489,glm_ar1,expanding,168,0,481
SLV,2024-01-01,2,2024-03-01,1042,219,1438,24,3435,glm_ar1,expanding,168,0,598
SLV,2024-01-01,3,2024-04-01,1326,279,1831,31,4372,glm_ar1,expanding,168,0,486
SLV,2024-01-01,4,2024-05-01,1589,334,2194,37,5239,glm_ar1,expanding,168,0,622
SLV,2024-01-01,5,2024-06-01,1820,382,2512,43,6000,glm_ar1,expanding,168,0,1014
SLV,2024-01-01,6,2024-07-01,2015,423,2781,47,6642,glm_ar1,expanding,168,0,1039
SUR,2024-01-01,1,2024-02-01,88,18,121,2,291,glm_ar1,expanding,106,60,38
SUR,2024-01-01,2,2024-03-01,209,44,289,5,690,glm_ar1,expanding,106,60,23
SUR,2024-01-01,3,2024-04-01,399,84,551,9,1316,glm_ar1,expanding,106,60,5
SUR,2024-01-01,4,2024-05-01,646,136,892,15,2131,glm_ar1,expanding,106,60,2
SUR,2024-01-01,5,2024-06-01,927,195,1280,22,3057,glm_ar1,expanding,106,60,0
SUR,2024-01-01,6,2024-07-01,1215,255,1678,28,4007,glm_ar1,expanding,106,60,0
SXM,2024-01-01,1,2024-02-01,NA,NA,NA,NA,NA,glm_ar1,expanding,36,130,NA
SXM,2024-01-01,2,2024-03-01,NA,NA,NA,NA,NA,glm_ar1,expanding,36,130,NA
SXM,2024-01-01,3,2024-04-01,NA,NA,NA,NA,NA,glm_ar1,expanding,36,130,2
SXM,2024-01-01,4,2024-05-01,NA,NA,NA,NA,NA,glm_ar1,expanding,36,130,4
SXM,2024-01-01,5,2024-06-01,NA,NA,NA,NA,NA,glm_ar1,expanding,36,130,3
SXM,2024-01-01,6,2024-07-01,NA,NA,NA,NA,NA,glm_ar1,expanding,36,130,6
SYC,2024-01-01,1,2024-02-01,480,101,663,11,1583,glm_ar1,expanding,43,48,355
SYC,2024-01-01,2,2024-03-01,742,156,1024,17,2447,glm_ar1,expanding,43,48,395
SYC,2024-01-01,3,2024-04-01,1029,216,1420,24,3391,glm_ar1,expanding,43,48,360
SYC,2024-01-01,4,2024-05-01,1314,276,1813,31,4331,glm_ar1,expanding,43,48,560
SYC,2024-01-01,5,2024-06-01,1578,331,2178,37,5202,glm_ar1,expanding,43,48,414
SYC,2024-01-01,6,2024-07-01,1810,380,2499,43,5968,glm_ar1,expanding,43,48,NA
TCA,2024-01-01,1,2024-02-01,106,22,147,2,351,glm_ar1,expanding,81,48,37
TCA,2024-01-01,2,2024-03-01,241,50,332,5,794,glm_ar1,expanding,81,48,25
TCA,2024-01-01,3,2024-04-01,443,93,611,10,1461,glm_ar1,expanding,81,48,4
TCA,2024-01-01,4,2024-05-01,699,147,965,16,2304,glm_ar1,expanding,81,48,NA
TCA,2024-01-01,5,2024-06-01,983,206,1357,23,3242,glm_ar1,expanding,81,48,NA
TCA,2024-01-01,6,2024-07-01,1270,267,1753,30,4187,glm_ar1,expanding,81,48,NA
THA,2024-01-01,1,2024-02-01,7984,1678,11018,189,26315,glm_ar1,expanding,168,0,7123
THA,2024-01-01,2,2024-03-01,6106,1284,8427,144,20128,glm_ar1,expanding,168,0,5315
THA,2024-01-01,3,2024-04-01,4994,1050,6893,118,16462,glm_ar1,expanding,168,0,4327
THA,2024-01-01,4,2024-05-01,4295,903,5928,101,14158,glm_ar1,expanding,168,0,4968
THA,2024-01-01,5,2024-06-01,3836,806,5294,91,12644,glm_ar1,expanding,168,0,7992
THA,2024-01-01,6,2024-07-01,3524,741,4864,83,11616,glm_ar1,expanding,168,0,15371
TLS,2024-01-01,1,2024-02-01,370,77,510,8,1220,glm_ar1,expanding,161,0,328
TLS,2024-01-01,2,2024-03-01,611,128,843,14,2013,glm_ar1,expanding,161,0,347
TLS,2024-01-01,3,2024-04-01,889,187,1227,21,2930,glm_ar1,expanding,161,0,307
TLS,2024-01-01,4,2024-05-01,1177,247,1625,28,3882,glm_ar1,expanding,161,0,101
TLS,2024-01-01,5,2024-06-01,1454,305,2006,34,4792,glm_ar1,expanding,161,0,45
TLS,2024-01-01,6,2024-07-01,1702,358,2350,40,5612,glm_ar1,expanding,161,0,30
TON,2024-01-01,1,2024-02-01,NA,NA,NA,NA,NA,glm_ar1,expanding,48,69,NA
TON,2024-01-01,2,2024-03-01,NA,NA,NA,NA,NA,glm_ar1,expanding,48,69,NA
TON,2024-01-01,3,2024-04-01,NA,NA,NA,NA,NA,glm_ar1,expanding,48,69,NA
TON,2024-01-01,4,2024-05-01,NA,NA,NA,NA,NA,glm_ar1,expanding,48,69,5
TON,2024-01-01,5,2024-06-01,NA,NA,NA,NA,NA,glm_ar1,expanding,48,69,5
TON,2024-01-01,6,2024-07-01,NA,NA,NA,NA,NA,glm_ar1,expanding,48,69,4
TTO,2024-01-01,1,2024-02-01,484,101,668,11,1596,glm_ar1,expanding,118,48,62
TTO,2024-01-01,2,2024-03-01,747,157,1031,17,2462,glm_ar1,expanding,118,48,25
TTO,2024-01-01,3,2024-04-01,1033,217,1426,24,3407,glm_ar1,expanding,118,48,15
TTO,2024-01-01,4,2024-05-01,1318,277,1819,31,4346,glm_ar1,expanding,118,48,17
TTO,2024-01-01,5,2024-06-01,1582,332,2184,37,5216,glm_ar1,expanding,118,48,53
TTO,2024-01-01,6,2024-07-01,1814,381,2504,43,5980,glm_ar1,expanding,118,48,53
TUV,2024-01-01,1,2024-02-01,NA,NA,NA,NA,NA,glm_ar1,expanding,48,22,NA
TUV,2024-01-01,2,2024-03-01,NA,NA,NA,NA,NA,glm_ar1,expanding,48,22,NA
TUV,2024-01-01,3,2024-04-01,NA,NA,NA,NA,NA,glm_ar1,expanding,48,22,NA
TUV,2024-01-01,4,2024-05-01,NA,NA,NA,NA,NA,glm_ar1,expanding,48,22,NA
TUV,2024-01-01,5,2024-06-01,NA,NA,NA,NA,NA,glm_ar1,expanding,48,22,NA
TUV,2024-01-01,6,2024-07-01,NA,NA,NA,NA,NA,glm_ar1,expanding,48,22,NA
TWN,2024-01-01,1,2024-02-01,280,59,386,6,923,glm_ar1,expanding,107,60,33
TWN,2024-01-01,2,2024-03-01,496,104,684,11,1634,glm_ar1,expanding,107,60,NA
TWN,2024-01-01,3,2024-04-01,760,160,1049,18,2507,glm_ar1,expanding,107,60,NA
TWN,2024-01-01,4,2024-05-01,1047,220,1446,24,3453,glm_ar1,expanding,107,60,NA
TWN,2024-01-01,5,2024-06-01,1332,280,1838,31,4390,glm_ar1,expanding,107,60,NA
TWN,2024-01-01,6,2024-07-01,1594,335,2200,37,5255,glm_ar1,expanding,107,60,NA
URY,2024-01-01,1,2024-02-01,184,38,254,4,608,glm_ar1,expanding,46,60,187
URY,2024-01-01,2,2024-03-01,363,76,501,8,1196,glm_ar1,expanding,46,60,156
URY,2024-01-01,3,2024-04-01,602,126,831,14,1984,glm_ar1,expanding,46,60,146
URY,2024-01-01,4,2024-05-01,879,185,1213,20,2898,glm_ar1,expanding,46,60,24
URY,2024-01-01,5,2024-06-01,1168,245,1612,27,3850,glm_ar1,expanding,46,60,11
URY,2024-01-01,6,2024-07-01,1445,303,1994,34,4763,glm_ar1,expanding,46,60,11
USA,2024-01-01,1,2024-02-01,136,28,188,3,449,glm_ar1,expanding,155,12,144
USA,2024-01-01,2,2024-03-01,289,60,399,6,954,glm_ar1,expanding,155,12,178
USA,2024-01-01,3,2024-04-01,508,106,701,12,1675,glm_ar1,expanding,155,12,178
USA,2024-01-01,4,2024-05-01,774,163,1069,18,2553,glm_ar1,expanding,155,12,130
USA,2024-01-01,5,2024-06-01,1062,223,1466,25,3501,glm_ar1,expanding,155,12,172
USA,2024-01-01,6,2024-07-01,1345,283,1857,32,4435,glm_ar1,expanding,155,12,223
VCT,2024-01-01,1,2024-02-01,406,85,560,9,1338,glm_ar1,expanding,118,48,80
VCT,2024-01-01,2,2024-03-01,654,137,903,15,2158,glm_ar1,expanding,118,48,58
VCT,2024-01-01,3,2024-04-01,936,197,1292,22,3086,glm_ar1,expanding,118,48,57
VCT,2024-01-01,4,2024-05-01,1224,257,1690,29,4036,glm_ar1,expanding,118,48,63
VCT,2024-01-01,5,2024-06-01,1497,314,2066,35,4934,glm_ar1,expanding,118,48,72
VCT,2024-01-01,6,2024-07-01,1740,366,2401,41,5736,glm_ar1,expanding,118,48,42
VEN,2024-01-01,1,2024-02-01,970,204,1338,23,3197,glm_ar1,expanding,166,0,447
VEN,2024-01-01,2,2024-03-01,1257,264,1735,29,4144,glm_ar1,expanding,166,0,628
VEN,2024-01-01,3,2024-04-01,1527,321,2107,36,5033,glm_ar1,expanding,166,0,NA
VEN,2024-01-01,4,2024-05-01,1766,371,2437,42,5822,glm_ar1,expanding,166,0,NA
VEN,2024-01-01,5,2024-06-01,1970,414,2719,46,6494,glm_ar1,expanding,166,0,NA
VEN,2024-01-01,6,2024-07-01,2138,449,2951,50,7048,glm_ar1,expanding,166,0,NA
VGB,2024-01-01,1,2024-02-01,58,12,80,1,191,glm_ar1,expanding,130,36,8
VGB,2024-01-01,2,2024-03-01,153,32,212,3,506,glm_ar1,expanding,130,36,8
VGB,2024-01-01,3,2024-04-01,316,66,437,7,1044,glm_ar1,expanding,130,36,5
VGB,2024-01-01,4,2024-05-01,543,114,750,13,1792,glm_ar1,expanding,130,36,12
VGB,2024-01-01,5,2024-06-01,815,171,1124,19,2685,glm_ar1,expanding,130,36,7
VGB,2024-01-01,6,2024-07-01,1103,232,1522,26,3636,glm_ar1,expanding,130,36,7
VNM,2024-01-01,1,2024-02-01,5724,1203,7900,135,18867,glm_ar1,expanding,167,0,5198
VNM,2024-01-01,2,2024-03-01,4758,1000,6566,112,15683,glm_ar1,expanding,167,0,3284
VNM,2024-01-01,3,2024-04-01,4142,871,5716,98,13652,glm_ar1,expanding,167,0,3182
VNM,2024-01-01,4,2024-05-01,3733,785,5152,88,12304,glm_ar1,expanding,167,0,4211
VNM,2024-01-01,5,2024-06-01,3453,726,4765,82,11381,glm_ar1,expanding,167,0,6305
VNM,2024-01-01,6,2024-07-01,3257,684,4494,77,10735,glm_ar1,expanding,167,0,10388
VUT,2024-01-01,1,2024-02-01,49,10,68,1,164,glm_ar1,expanding,87,72,15
VUT,2024-01-01,2,2024-03-01,137,28,189,3,452,glm_ar1,expanding,87,72,21
VUT,2024-01-01,3,2024-04-01,291,61,401,7,958,glm_ar1,expanding,87,72,28
VUT,2024-01-01,4,2024-05-01,510,107,704,12,1681,glm_ar1,expanding,87,72,25
VUT,2024-01-01,5,2024-06-01,776,163,1072,18,2560,glm_ar1,expanding,87,72,12
VUT,2024-01-01,6,2024-07-01,1064,223,1469,25,3508,glm_ar1,expanding,87,72,9
WLF,2024-01-01,1,2024-02-01,81,17,112,2,267,glm_ar1,expanding,80,0,16
WLF,2024-01-01,2,2024-03-01,196,41,271,4,648,glm_ar1,expanding,80,0,8
WLF,2024-01-01,3,2024-04-01,381,80,525,9,1255,glm_ar1,expanding,80,0,12
WLF,2024-01-01,4,2024-05-01,624,131,861,14,2057,glm_ar1,expanding,80,0,5
WLF,2024-01-01,5,2024-06-01,903,190,1247,21,2978,glm_ar1,expanding,80,0,6
WLF,2024-01-01,6,2024-07-01,1192,250,1645,28,3929,glm_ar1,expanding,80,0,1
WSM,2024-01-01,1,2024-02-01,49,10,68,1,164,glm_ar1,expanding,76,0,31
WSM,2024-01-01,2,2024-03-01,137,28,189,3,452,glm_ar1,expanding,76,0,73
WSM,2024-01-01,3,2024-04-01,291,61,401,7,958,glm_ar1,expanding,76,0,164
WSM,2024-01-01,4,2024-05-01,510,107,704,12,1681,glm_ar1,expanding,76,0,120
WSM,2024-01-01,5,2024-06-01,776,163,1072,18,2560,glm_ar1,expanding,76,0,32
WSM,2024-01-01,6,2024-07-01,1064,223,1469,25,3508,glm_ar1,expanding,76,0,35
YEM,2024-01-01,1,2024-02-01,789,166,1089,18,2602,glm_ar1,expanding,82,24,299
YEM,2024-01-01,2,2024-03-01,1077,226,1487,25,3551,glm_ar1,expanding,82,24,288
YEM,2024-01-01,3,2024-04-01,1360,286,1877,32,4483,glm_ar1,expanding,82,24,NA
YEM,2024-01-01,4,2024-05-01,1619,340,2235,38,5338,glm_ar1,expanding,82,24,NA
YEM,2024-01-01,5,2024-06-01,1846,388,2548,43,6085,glm_ar1,expanding,82,24,NA
YEM,2024-01-01,6,2024-07-01,2036,428,2810,48,6712,glm_ar1,expanding,82,24,NA
ABW,2024-07-01,1,2024-08-01,NA,NA,NA,NA,NA,glm_ar1,expanding,96,73,NA
ABW,2024-07-01,2,2024-09-01,NA,NA,NA,NA,NA,glm_ar1,expanding,96,73,NA
ABW,2024-07-01,3,2024-10-01,NA,NA,NA,NA,NA,glm_ar1,expanding,96,73,NA
ABW,2024-07-01,4,2024-11-01,NA,NA,NA,NA,NA,glm_ar1,expanding,96,73,NA
ABW,2024-07-01,5,2024-12-01,NA,NA,NA,NA,NA,glm_ar1,expanding,96,73,NA
ABW,2024-07-01,6,2025-01-01,NA,NA,NA,NA,NA,glm_ar1,expanding,96,73,0
AFG,2024-07-01,1,2024-08-01,539,115,745,13,1770,glm_ar1,expanding,41,0,551
AFG,2024-07-01,2,2024-09-01,810,173,1119,20,2658,glm_ar1,expanding,41,0,450
AFG,2024-07-01,3,2024-10-01,1101,235,1520,27,3611,glm_ar1,expanding,41,0,1197
AFG,2024-07-01,4,2024-11-01,1387,296,1915,34,4549,glm_ar1,expanding,41,0,837
AFG,2024-07-01,5,2024-12-01,1650,353,2279,41,5414,glm_ar1,expanding,41,0,285
AFG,2024-07-01,6,2025-01-01,1882,402,2598,46,6173,glm_ar1,expanding,41,0,71
ARG,2024-07-01,1,2024-08-01,80,17,110,2,263,glm_ar1,expanding,168,0,31
ARG,2024-07-01,2,2024-09-01,193,41,267,4,635,glm_ar1,expanding,168,0,31
ARG,2024-07-01,3,2024-10-01,374,80,517,9,1229,glm_ar1,expanding,168,0,52
ARG,2024-07-01,4,2024-11-01,616,131,850,15,2020,glm_ar1,expanding,168,0,84
ARG,2024-07-01,5,2024-12-01,895,191,1236,22,2937,glm_ar1,expanding,168,0,83
ARG,2024-07-01,6,2025-01-01,1186,254,1638,29,3893,glm_ar1,expanding,168,0,275
ATG,2024-07-01,1,2024-08-01,34,7,47,0,112,glm_ar1,expanding,88,24,14
ATG,2024-07-01,2,2024-09-01,102,22,141,2,336,glm_ar1,expanding,88,24,15
ATG,2024-07-01,3,2024-10-01,233,49,321,5,764,glm_ar1,expanding,88,24,17
ATG,2024-07-01,4,2024-11-01,430,92,594,10,1413,glm_ar1,expanding,88,24,16
ATG,2024-07-01,5,2024-12-01,684,146,944,17,2243,glm_ar1,expanding,88,24,21
ATG,2024-07-01,6,2025-01-01,969,207,1337,24,3178,glm_ar1,expanding,88,24,0
AUS,2024-07-01,1,2024-08-01,403,86,556,10,1322,glm_ar1,expanding,155,12,148
AUS,2024-07-01,2,2024-09-01,650,139,898,16,2135,glm_ar1,expanding,155,12,134
AUS,2024-07-01,3,2024-10-01,933,199,1288,23,3061,glm_ar1,expanding,155,12,172
AUS,2024-07-01,4,2024-11-01,1224,262,1691,30,4017,glm_ar1,expanding,155,12,179
AUS,2024-07-01,5,2024-12-01,1502,321,2075,37,4929,glm_ar1,expanding,155,12,162
AUS,2024-07-01,6,2025-01-01,1753,375,2421,43,5752,glm_ar1,expanding,155,12,283
BES,2024-07-01,1,2024-08-01,NA,NA,NA,NA,NA,glm_ar1,expanding,36,0,NA
BES,2024-07-01,2,2024-09-01,NA,NA,NA,NA,NA,glm_ar1,expanding,36,0,NA
BES,2024-07-01,3,2024-10-01,NA,NA,NA,NA,NA,glm_ar1,expanding,36,0,NA
BES,2024-07-01,4,2024-11-01,NA,NA,NA,NA,NA,glm_ar1,expanding,36,0,NA
BES,2024-07-01,5,2024-12-01,NA,NA,NA,NA,NA,glm_ar1,expanding,36,0,NA
BES,2024-07-01,6,2025-01-01,NA,NA,NA,NA,NA,glm_ar1,expanding,36,0,NA
BFA,2024-07-01,1,2024-08-01,3028,648,4181,75,9932,glm_ar1,expanding,63,48,8745
BFA,2024-07-01,2,2024-09-01,2973,636,4106,73,9754,glm_ar1,expanding,63,48,10962
BFA,2024-07-01,3,2024-10-01,2933,627,4050,72,9622,glm_ar1,expanding,63,48,19257
BFA,2024-07-01,4,2024-11-01,2903,621,4009,72,9524,glm_ar1,expanding,63,48,3987
BFA,2024-07-01,5,2024-12-01,2881,616,3978,71,9450,glm_ar1,expanding,63,48,5771
BFA,2024-07-01,6,2025-01-01,2864,613,3954,71,9395,glm_ar1,expanding,63,48,4242
BGD,2024-07-01,1,2024-08-01,2704,578,3733,67,8870,glm_ar1,expanding,173,0,6521
BGD,2024-07-01,2,2024-09-01,2730,584,3770,67,8957,glm_ar1,expanding,173,0,18097
BGD,2024-07-01,3,2024-10-01,2750,588,3798,68,9023,glm_ar1,expanding,173,0,30879
BGD,2024-07-01,4,2024-11-01,2766,592,3819,68,9073,glm_ar1,expanding,173,0,29652
BGD,2024-07-01,5,2024-12-01,2777,594,3835,68,9111,glm_ar1,expanding,173,0,9745
BGD,2024-07-01,6,2025-01-01,2786,596,3847,69,9140,glm_ar1,expanding,173,0,1161
BHS,2024-07-01,1,2024-08-01,NA,NA,NA,NA,NA,glm_ar1,expanding,48,124,NA
BHS,2024-07-01,2,2024-09-01,NA,NA,NA,NA,NA,glm_ar1,expanding,48,124,NA
BHS,2024-07-01,3,2024-10-01,NA,NA,NA,NA,NA,glm_ar1,expanding,48,124,NA
BHS,2024-07-01,4,2024-11-01,NA,NA,NA,NA,NA,glm_ar1,expanding,48,124,NA
BHS,2024-07-01,5,2024-12-01,NA,NA,NA,NA,NA,glm_ar1,expanding,48,124,NA
BHS,2024-07-01,6,2025-01-01,NA,NA,NA,NA,NA,glm_ar1,expanding,48,124,0
BLM,2024-07-01,1,2024-08-01,27,6,38,0,90,glm_ar1,expanding,112,36,0
BLM,2024-07-01,2,2024-09-01,87,18,121,2,287,glm_ar1,expanding,112,36,3
BLM,2024-07-01,3,2024-10-01,207,44,285,5,679,glm_ar1,expanding,112,36,0
BLM,2024-07-01,4,2024-11-01,394,84,544,9,1293,glm_ar1,expanding,112,36,6
BLM,2024-07-01,5,2024-12-01,639,137,883,15,2098,glm_ar1,expanding,112,36,16
BLM,2024-07-01,6,2025-01-01,921,197,1272,22,3022,glm_ar1,expanding,112,36,17
BLZ,2024-07-01,1,2024-08-01,281,60,389,7,924,glm_ar1,expanding,173,0,315
BLZ,2024-07-01,2,2024-09-01,497,106,686,12,1630,glm_ar1,expanding,173,0,180
BLZ,2024-07-01,3,2024-10-01,761,163,1052,18,2499,glm_ar1,expanding,173,0,78
BLZ,2024-07-01,4,2024-11-01,1050,225,1451,26,3447,glm_ar1,expanding,173,0,54
BLZ,2024-07-01,5,2024-12-01,1339,286,1849,33,4392,glm_ar1,expanding,173,0,0
BLZ,2024-07-01,6,2025-01-01,1607,344,2219,39,5273,glm_ar1,expanding,173,0,54
BOL,2024-07-01,1,2024-08-01,936,200,1292,23,3070,glm_ar1,expanding,168,0,802
BOL,2024-07-01,2,2024-09-01,1227,262,1694,30,4026,glm_ar1,expanding,168,0,1338
BOL,2024-07-01,3,2024-10-01,1505,322,2078,37,4937,glm_ar1,expanding,168,0,1415
BOL,2024-07-01,4,2024-11-01,1755,375,2424,43,5759,glm_ar1,expanding,168,0,2085
BOL,2024-07-01,5,2024-12-01,1971,422,2722,48,6467,glm_ar1,expanding,168,0,2849
BOL,2024-07-01,6,2025-01-01,2151,460,2971,53,7058,glm_ar1,expanding,168,0,4204
BRA,2024-07-01,1,2024-08-01,59178,12665,81713,1466,194122,glm_ar1,expanding,166,0,112158
BRA,2024-07-01,2,2024-09-01,27990,5990,38648,693,91815,glm_ar1,expanding,166,0,131967
BRA,2024-07-01,3,2024-10-01,15912,3405,21972,394,52197,glm_ar1,expanding,166,0,102415
BRA,2024-07-01,4,2024-11-01,10393,2224,14350,257,34092,glm_ar1,expanding,166,0,130447
BRA,2024-07-01,5,2024-12-01,7537,1613,10407,186,24724,glm_ar1,expanding,166,0,145822
BRA,2024-07-01,6,2025-01-01,5915,1266,8168,146,19404,glm_ar1,expanding,166,0,462699
BRB,2024-07-01,1,2024-08-01,40,8,55,1,132,glm_ar1,expanding,172,0,19
BRB,2024-07-01,2,2024-09-01,116,24,160,2,381,glm_ar1,expanding,172,0,15
BRB,2024-07-01,3,2024-10-01,255,54,352,6,838,glm_ar1,expanding,172,0,17
BRB,2024-07-01,4,2024-11-01,461,98,637,11,1514,glm_ar1,expanding,172,0,11
BRB,2024-07-01,5,2024-12-01,720,154,995,17,2364,glm_ar1,expanding,172,0,16
BRB,2024-07-01,6,2025-01-01,1007,215,1391,25,3305,glm_ar1,expanding,172,0,28
BRN,2024-07-01,1,2024-08-01,NA,NA,NA,NA,NA,glm_ar1,expanding,168,0,NA
BRN,2024-07-01,2,2024-09-01,NA,NA,NA,NA,NA,glm_ar1,expanding,168,0,NA
BRN,2024-07-01,3,2024-10-01,NA,NA,NA,NA,NA,glm_ar1,expanding,168,0,NA
BRN,2024-07-01,4,2024-11-01,NA,NA,NA,NA,NA,glm_ar1,expanding,168,0,NA
BRN,2024-07-01,5,2024-12-01,NA,NA,NA,NA,NA,glm_ar1,expanding,168,0,NA
BRN,2024-07-01,6,2025-01-01,NA,NA,NA,NA,NA,glm_ar1,expanding,168,0,NA
BTN,2024-07-01,1,2024-08-01,57,12,79,1,188,glm_ar1,expanding,125,48,48
BTN,2024-07-01,2,2024-09-01,150,32,208,3,494,glm_ar1,expanding,125,48,33
BTN,2024-07-01,3,2024-10-01,310,66,429,7,1019,glm_ar1,expanding,125,48,30
BTN,2024-07-01,4,2024-11-01,535,114,738,13,1754,glm_ar1,expanding,125,48,28
BTN,2024-07-01,5,2024-12-01,805,172,1111,20,2641,glm_ar1,expanding,125,48,30
BTN,2024-07-01,6,2025-01-01,1095,234,1512,27,3593,glm_ar1,expanding,125,48,2
CHL,2024-07-01,1,2024-08-01,NA,NA,NA,NA,NA,glm_ar1,expanding,36,112,NA
CHL,2024-07-01,2,2024-09-01,NA,NA,NA,NA,NA,glm_ar1,expanding,36,112,NA
CHL,2024-07-01,3,2024-10-01,NA,NA,NA,NA,NA,glm_ar1,expanding,36,112,NA
CHL,2024-07-01,4,2024-11-01,NA,NA,NA,NA,NA,glm_ar1,expanding,36,112,NA
CHL,2024-07-01,5,2024-12-01,NA,NA,NA,NA,NA,glm_ar1,expanding,36,112,NA
CHL,2024-07-01,6,2025-01-01,NA,NA,NA,NA,NA,glm_ar1,expanding,36,112,0
CHN,2024-07-01,1,2024-08-01,827,177,1142,20,2713,glm_ar1,expanding,149,24,1801
CHN,2024-07-01,2,2024-09-01,1118,239,1543,27,3667,glm_ar1,expanding,149,24,4845
CHN,2024-07-01,3,2024-10-01,1403,300,1937,34,4602,glm_ar1,expanding,149,24,11083
CHN,2024-07-01,4,2024-11-01,1665,356,2299,41,5462,glm_ar1,expanding,149,24,5201
CHN,2024-07-01,5,2024-12-01,1894,405,2615,47,6214,glm_ar1,expanding,149,24,442
CHN,2024-07-01,6,2025-01-01,2088,446,2883,51,6849,glm_ar1,expanding,149,24,49
CIV,2024-07-01,1,2024-08-01,2210,473,3052,54,7251,glm_ar1,expanding,30,0,1554
CIV,2024-07-01,2,2024-09-01,2345,502,3239,58,7694,glm_ar1,expanding,30,0,308
CIV,2024-07-01,3,2024-10-01,2453,525,3387,60,8046,glm_ar1,expanding,30,0,130
CIV,2024-07-01,4,2024-11-01,2537,543,3503,62,8322,glm_ar1,expanding,30,0,62
CIV,2024-07-01,5,2024-12-01,2602,557,3593,64,8536,glm_ar1,expanding,30,0,20
CIV,2024-07-01,6,2025-01-01,2652,567,3663,65,8702,glm_ar1,expanding,30,0,23
COK,2024-07-01,1,2024-08-01,NA,NA,NA,NA,NA,glm_ar1,expanding,60,67,NA
COK,2024-07-01,2,2024-09-01,NA,NA,NA,NA,NA,glm_ar1,expanding,60,67,NA
COK,2024-07-01,3,2024-10-01,NA,NA,NA,NA,NA,glm_ar1,expanding,60,67,NA
COK,2024-07-01,4,2024-11-01,NA,NA,NA,NA,NA,glm_ar1,expanding,60,67,NA
COK,2024-07-01,5,2024-12-01,NA,NA,NA,NA,NA,glm_ar1,expanding,60,67,NA
COK,2024-07-01,6,2025-01-01,NA,NA,NA,NA,NA,glm_ar1,expanding,60,67,0
COL,2024-07-01,1,2024-08-01,16098,3445,22228,398,52807,glm_ar1,expanding,174,0,20510
COL,2024-07-01,2,2024-09-01,10484,2243,14477,259,34392,glm_ar1,expanding,174,0,20870
COL,2024-07-01,3,2024-10-01,7587,1623,10476,188,24888,glm_ar1,expanding,174,0,14547
COL,2024-07-01,4,2024-11-01,5945,1272,8208,147,19501,glm_ar1,expanding,174,0,14580
COL,2024-07-01,5,2024-12-01,4946,1058,6829,122,16224,glm_ar1,expanding,174,0,12840
COL,2024-07-01,6,2025-01-01,4305,921,5944,106,14122,glm_ar1,expanding,174,0,19794
CRI,2024-07-01,1,2024-08-01,3616,774,4993,89,11863,glm_ar1,expanding,173,0,4533
CRI,2024-07-01,2,2024-09-01,3400,727,4694,84,11153,glm_ar1,expanding,173,0,5176
CRI,2024-07-01,3,2024-10-01,3245,694,4481,80,10645,glm_ar1,expanding,173,0,2741
CRI,2024-07-01,4,2024-11-01,3133,670,4326,77,10278,glm_ar1,expanding,173,0,1714
CRI,2024-07-01,5,2024-12-01,3051,653,4213,75,10009,glm_ar1,expanding,173,0,974
CRI,2024-07-01,6,2025-01-01,2991,640,4130,74,9811,glm_ar1,expanding,173,0,544
CUB,2024-07-01,1,2024-08-01,NA,NA,NA,NA,NA,glm_ar1,expanding,96,28,NA
CUB,2024-07-01,2,2024-09-01,NA,NA,NA,NA,NA,glm_ar1,expanding,96,28,NA
CUB,2024-07-01,3,2024-10-01,NA,NA,NA,NA,NA,glm_ar1,expanding,96,28,NA
CUB,2024-07-01,4,2024-11-01,NA,NA,NA,NA,NA,glm_ar1,expanding,96,28,NA
CUB,2024-07-01,5,2024-12-01,NA,NA,NA,NA,NA,glm_ar1,expanding,96,28,NA
CUB,2024-07-01,6,2025-01-01,NA,NA,NA,NA,NA,glm_ar1,expanding,96,28,3332
CUW,2024-07-01,1,2024-08-01,NA,NA,NA,NA,NA,glm_ar1,expanding,48,0,NA
CUW,2024-07-01,2,2024-09-01,NA,NA,NA,NA,NA,glm_ar1,expanding,48,0,NA
CUW,2024-07-01,3,2024-10-01,NA,NA,NA,NA,NA,glm_ar1,expanding,48,0,NA
CUW,2024-07-01,4,2024-11-01,NA,NA,NA,NA,NA,glm_ar1,expanding,48,0,NA
CUW,2024-07-01,5,2024-12-01,NA,NA,NA,NA,NA,glm_ar1,expanding,48,0,NA
CUW,2024-07-01,6,2025-01-01,NA,NA,NA,NA,NA,glm_ar1,expanding,48,0,NA
CYM,2024-07-01,1,2024-08-01,NA,NA,NA,NA,NA,glm_ar1,expanding,84,64,NA
CYM,2024-07-01,2,2024-09-01,NA,NA,NA,NA,NA,glm_ar1,expanding,84,64,NA
CYM,2024-07-01,3,2024-10-01,NA,NA,NA,NA,NA,glm_ar1,expanding,84,64,NA
CYM,2024-07-01,4,2024-11-01,NA,NA,NA,NA,NA,glm_ar1,expanding,84,64,NA
CYM,2024-07-01,5,2024-12-01,NA,NA,NA,NA,NA,glm_ar1,expanding,84,64,NA
CYM,2024-07-01,6,2025-01-01,NA,NA,NA,NA,NA,glm_ar1,expanding,84,64,0
DMA,2024-07-01,1,2024-08-01,NA,NA,NA,NA,NA,glm_ar1,expanding,132,24,NA
DMA,2024-07-01,2,2024-09-01,NA,NA,NA,NA,NA,glm_ar1,expanding,132,24,NA
DMA,2024-07-01,3,2024-10-01,NA,NA,NA,NA,NA,glm_ar1,expanding,132,24,NA
DMA,2024-07-01,4,2024-11-01,NA,NA,NA,NA,NA,glm_ar1,expanding,132,24,NA
DMA,2024-07-01,5,2024-12-01,NA,NA,NA,NA,NA,glm_ar1,expanding,132,24,NA
DMA,2024-07-01,6,2025-01-01,NA,NA,NA,NA,NA,glm_ar1,expanding,132,24,NA
DOM,2024-07-01,1,2024-08-01,660,141,912,16,2167,glm_ar1,expanding,173,0,380
DOM,2024-07-01,2,2024-09-01,944,202,1303,23,3096,glm_ar1,expanding,173,0,386
DOM,2024-07-01,3,2024-10-01,1235,264,1705,30,4051,glm_ar1,expanding,173,0,269
DOM,2024-07-01,4,2024-11-01,1512,323,2088,37,4961,glm_ar1,expanding,173,0,207
DOM,2024-07-01,5,2024-12-01,1762,377,2433,43,5779,glm_ar1,expanding,173,0,150
DOM,2024-07-01,6,2025-01-01,1977,423,2729,49,6485,glm_ar1,expanding,173,0,201
ECU,2024-07-01,1,2024-08-01,4039,864,5576,100,13248,glm_ar1,expanding,165,0,3099
ECU,2024-07-01,2,2024-09-01,3695,790,5102,91,12121,glm_ar1,expanding,165,0,2938
ECU,2024-07-01,3,2024-10-01,3455,739,4771,85,11335,glm_ar1,expanding,165,0,2347
ECU,2024-07-01,4,2024-11-01,3285,703,4536,81,10776,glm_ar1,expanding,165,0,2605
ECU,2024-07-01,5,2024-12-01,3162,676,4366,78,10373,glm_ar1,expanding,165,0,3031
ECU,2024-07-01,6,2025-01-01,3072,657,4242,76,10079,glm_ar1,expanding,165,0,4513
ERI,2024-07-01,1,2024-08-01,NA,NA,NA,NA,NA,glm_ar1,expanding,60,109,NA
ERI,2024-07-01,2,2024-09-01,NA,NA,NA,NA,NA,glm_ar1,expanding,60,109,NA
ERI,2024-07-01,3,2024-10-01,NA,NA,NA,NA,NA,glm_ar1,expanding,60,109,NA
ERI,2024-07-01,4,2024-11-01,NA,NA,NA,NA,NA,glm_ar1,expanding,60,109,NA
ERI,2024-07-01,5,2024-12-01,NA,NA,NA,NA,NA,glm_ar1,expanding,60,109,NA
ERI,2024-07-01,6,2025-01-01,NA,NA,NA,NA,NA,glm_ar1,expanding,60,109,7
ETH,2024-07-01,1,2024-08-01,NA,NA,NA,NA,NA,glm_ar1,expanding,24,111,NA
ETH,2024-07-01,2,2024-09-01,NA,NA,NA,NA,NA,glm_ar1,expanding,24,111,NA
ETH,2024-07-01,3,2024-10-01,NA,NA,NA,NA,NA,glm_ar1,expanding,24,111,NA
ETH,2024-07-01,4,2024-11-01,NA,NA,NA,NA,NA,glm_ar1,expanding,24,111,NA
ETH,2024-07-01,5,2024-12-01,NA,NA,NA,NA,NA,glm_ar1,expanding,24,111,NA
ETH,2024-07-01,6,2025-01-01,NA,NA,NA,NA,NA,glm_ar1,expanding,24,111,15
FJI,2024-07-01,1,2024-08-01,624,133,861,15,2047,glm_ar1,expanding,165,0,526
FJI,2024-07-01,2,2024-09-01,904,193,1248,22,2966,glm_ar1,expanding,165,0,76
FJI,2024-07-01,3,2024-10-01,1195,256,1651,29,3922,glm_ar1,expanding,165,0,80
FJI,2024-07-01,4,2024-11-01,1476,316,2038,36,4841,glm_ar1,expanding,165,0,172
FJI,2024-07-01,5,2024-12-01,1730,370,2388,42,5674,glm_ar1,expanding,165,0,205
FJI,2024-07-01,6,2025-01-01,1949,417,2692,48,6395,glm_ar1,expanding,165,0,1629
FSM,2024-07-01,1,2024-08-01,16,3,22,0,54,glm_ar1,expanding,88,12,8
FSM,2024-07-01,2,2024-09-01,60,13,83,1,197,glm_ar1,expanding,88,12,16
FSM,2024-07-01,3,2024-10-01,156,33,216,3,513,glm_ar1,expanding,88,12,14
FSM,2024-07-01,4,2024-11-01,319,68,441,8,1048,glm_ar1,expanding,88,12,3
FSM,2024-07-01,5,2024-12-01,546,117,754,13,1792,glm_ar1,expanding,88,12,3
FSM,2024-07-01,6,2025-01-01,818,175,1129,20,2683,glm_ar1,expanding,88,12,5
GLP,2024-07-01,1,2024-08-01,348,74,480,8,1141,glm_ar1,expanding,172,0,0
GLP,2024-07-01,2,2024-09-01,582,124,804,14,1911,glm_ar1,expanding,172,0,1380
GLP,2024-07-01,3,2024-10-01,858,183,1185,21,2816,glm_ar1,expanding,172,0,2040
GLP,2024-07-01,4,2024-11-01,1150,246,1587,28,3772,glm_ar1,expanding,172,0,2410
GLP,2024-07-01,5,2024-12-01,1433,306,1979,35,4701,glm_ar1,expanding,172,0,960
GLP,2024-07-01,6,2025-01-01,1692,362,2336,42,5550,glm_ar1,expanding,172,0,2220
GRD,2024-07-01,1,2024-08-01,164,35,227,4,539,glm_ar1,expanding,161,12,165
GRD,2024-07-01,2,2024-09-01,331,71,457,8,1087,glm_ar1,expanding,161,12,244
GRD,2024-07-01,3,2024-10-01,561,120,775,14,1842,glm_ar1,expanding,161,12,65
GRD,2024-07-01,4,2024-11-01,835,178,1153,20,2739,glm_ar1,expanding,161,12,29
GRD,2024-07-01,5,2024-12-01,1126,241,1555,28,3694,glm_ar1,expanding,161,12,14
GRD,2024-07-01,6,2025-01-01,1410,302,1948,35,4628,glm_ar1,expanding,161,12,16
GTM,2024-07-01,1,2024-08-01,14858,3180,20516,368,48741,glm_ar1,expanding,174,0,27529
GTM,2024-07-01,2,2024-09-01,9869,2112,13628,244,32375,glm_ar1,expanding,174,0,35365
GTM,2024-07-01,3,2024-10-01,7249,1551,10009,179,23779,glm_ar1,expanding,174,0,21376
GTM,2024-07-01,4,2024-11-01,5744,1229,7931,142,18842,glm_ar1,expanding,174,0,12086
GTM,2024-07-01,5,2024-12-01,4819,1031,6654,119,15809,glm_ar1,expanding,174,0,4384
GTM,2024-07-01,6,2025-01-01,4222,903,5829,104,13849,glm_ar1,expanding,174,0,4342
GUF,2024-07-01,1,2024-08-01,581,124,803,14,1908,glm_ar1,expanding,154,12,77
GUF,2024-07-01,2,2024-09-01,857,183,1184,21,2813,glm_ar1,expanding,154,12,0
GUF,2024-07-01,3,2024-10-01,1149,246,1586,28,3769,glm_ar1,expanding,154,12,NA
GUF,2024-07-01,4,2024-11-01,1432,306,1977,35,4698,glm_ar1,expanding,154,12,NA
GUF,2024-07-01,5,2024-12-01,1691,362,2335,42,5547,glm_ar1,expanding,154,12,NA
GUF,2024-07-01,6,2025-01-01,1916,410,2646,47,6287,glm_ar1,expanding,154,12,37
GUY,2024-07-01,1,2024-08-01,4584,981,6329,113,15037,glm_ar1,expanding,163,12,2105
GUY,2024-07-01,2,2024-09-01,4065,870,5613,100,13336,glm_ar1,expanding,163,12,2582
GUY,2024-07-01,3,2024-10-01,3713,794,5127,92,12181,glm_ar1,expanding,163,12,2449
GUY,2024-07-01,4,2024-11-01,3468,742,4789,86,11377,glm_ar1,expanding,163,12,2793
GUY,2024-07-01,5,2024-12-01,3294,705,4549,81,10806,glm_ar1,expanding,163,12,2246
GUY,2024-07-01,6,2025-01-01,3169,678,4375,78,10395,glm_ar1,expanding,163,12,5033
HND,2024-07-01,1,2024-08-01,18173,3889,25094,450,59614,glm_ar1,expanding,174,0,37091
HND,2024-07-01,2,2024-09-01,11488,2458,15863,284,37686,glm_ar1,expanding,174,0,25028
HND,2024-07-01,3,2024-10-01,8129,1739,11224,201,26666,glm_ar1,expanding,174,0,9410
HND,2024-07-01,4,2024-11-01,6262,1340,8647,155,20542,glm_ar1,expanding,174,0,4171
HND,2024-07-01,5,2024-12-01,5144,1100,7102,127,16873,glm_ar1,expanding,174,0,1536
HND,2024-07-01,6,2025-01-01,4434,949,6123,109,14546,glm_ar1,expanding,174,0,1434
HTI,2024-07-01,1,2024-08-01,NA,NA,NA,NA,NA,glm_ar1,expanding,60,0,NA
HTI,2024-07-01,2,2024-09-01,NA,NA,NA,NA,NA,glm_ar1,expanding,60,0,NA
HTI,2024-07-01,3,2024-10-01,NA,NA,NA,NA,NA,glm_ar1,expanding,60,0,NA
HTI,2024-07-01,4,2024-11-01,NA,NA,NA,NA,NA,glm_ar1,expanding,60,0,NA
HTI,2024-07-01,5,2024-12-01,NA,NA,NA,NA,NA,glm_ar1,expanding,60,0,NA
HTI,2024-07-01,6,2025-01-01,NA,NA,NA,NA,NA,glm_ar1,expanding,60,0,NA
IDN,2024-07-01,1,2024-08-01,11340,2427,15658,281,37199,glm_ar1,expanding,166,0,12297
IDN,2024-07-01,2,2024-09-01,8050,1722,11115,199,26406,glm_ar1,expanding,166,0,8653
IDN,2024-07-01,3,2024-10-01,6216,1330,8583,154,20391,glm_ar1,expanding,166,0,NA
IDN,2024-07-01,4,2024-11-01,5115,1094,7063,126,16779,glm_ar1,expanding,166,0,NA
IDN,2024-07-01,5,2024-12-01,4416,945,6097,109,14485,glm_ar1,expanding,166,0,NA
IDN,2024-07-01,6,2025-01-01,3952,846,5457,98,12965,glm_ar1,expanding,166,0,NA
IND,2024-07-01,1,2024-08-01,15833,3388,21862,392,51937,glm_ar1,expanding,172,0,32540
IND,2024-07-01,2,2024-09-01,10354,2216,14296,256,33964,glm_ar1,expanding,172,0,41570
IND,2024-07-01,3,2024-10-01,7516,1608,10378,186,24654,glm_ar1,expanding,172,0,51424
IND,2024-07-01,4,2024-11-01,5902,1263,8150,146,19362,glm_ar1,expanding,172,0,30497
IND,2024-07-01,5,2024-12-01,4919,1052,6792,121,16137,glm_ar1,expanding,172,0,17441
IND,2024-07-01,6,2025-01-01,4287,917,5920,106,14065,glm_ar1,expanding,172,0,4700
JAM,2024-07-01,1,2024-08-01,213,45,294,5,700,glm_ar1,expanding,171,0,136
JAM,2024-07-01,2,2024-09-01,403,86,557,10,1323,glm_ar1,expanding,171,0,122
JAM,2024-07-01,3,2024-10-01,651,139,899,16,2135,glm_ar1,expanding,171,0,86
JAM,2024-07-01,4,2024-11-01,933,199,1289,23,3062,glm_ar1,expanding,171,0,73
JAM,2024-07-01,5,2024-12-01,1224,262,1691,30,4017,glm_ar1,expanding,171,0,120
JAM,2024-07-01,6,2025-01-01,1503,321,2075,37,4930,glm_ar1,expanding,171,0,46
KEN,2024-07-01,1,2024-08-01,609,130,841,15,1998,glm_ar1,expanding,65,72,631
KEN,2024-07-01,2,2024-09-01,888,190,1226,22,2913,glm_ar1,expanding,65,72,738
KEN,2024-07-01,3,2024-10-01,1179,252,1628,29,3869,glm_ar1,expanding,65,72,705
KEN,2024-07-01,4,2024-11-01,1461,312,2017,36,4792,glm_ar1,expanding,65,72,856
KEN,2024-07-01,5,2024-12-01,1716,367,2370,42,5630,glm_ar1,expanding,65,72,704
KEN,2024-07-01,6,2025-01-01,1938,414,2676,48,6358,glm_ar1,expanding,65,72,855
KHM,2024-07-01,1,2024-08-01,2228,477,3077,55,7310,glm_ar1,expanding,174,0,2958
KHM,2024-07-01,2,2024-09-01,2360,505,3258,58,7741,glm_ar1,expanding,174,0,2543
KHM,2024-07-01,3,2024-10-01,2464,527,3402,61,8083,glm_ar1,expanding,174,0,1742
KHM,2024-07-01,4,2024-11-01,2545,544,3515,63,8351,glm_ar1,expanding,174,0,1470
KHM,2024-07-01,5,2024-12-01,2609,558,3602,64,8559,glm_ar1,expanding,174,0,1163
KHM,2024-07-01,6,2025-01-01,2658,568,3670,65,8719,glm_ar1,expanding,174,0,761
KIR,2024-07-01,1,2024-08-01,12,2,17,0,40,glm_ar1,expanding,76,84,0
KIR,2024-07-01,2,2024-09-01,48,10,67,1,159,glm_ar1,expanding,76,84,0
KIR,2024-07-01,3,2024-10-01,133,28,184,3,438,glm_ar1,expanding,76,84,0
KIR,2024-07-01,4,2024-11-01,283,60,391,7,930,glm_ar1,expanding,76,84,1
KIR,2024-07-01,5,2024-12-01,499,107,689,12,1638,glm_ar1,expanding,76,84,0
KIR,2024-07-01,6,2025-01-01,764,163,1056,19,2508,glm_ar1,expanding,76,84,0
KNA,2024-07-01,1,2024-08-01,24,5,33,0,79,glm_ar1,expanding,64,72,4
KNA,2024-07-01,2,2024-09-01,79,17,109,2,260,glm_ar1,expanding,64,72,14
KNA,2024-07-01,3,2024-10-01,192,41,265,4,630,glm_ar1,expanding,64,72,21
KNA,2024-07-01,4,2024-11-01,372,79,514,9,1223,glm_ar1,expanding,64,72,8
KNA,2024-07-01,5,2024-12-01,613,131,847,15,2012,glm_ar1,expanding,64,72,4
KNA,2024-07-01,6,2025-01-01,892,191,1232,22,2928,glm_ar1,expanding,64,72,0
LAO,2024-07-01,1,2024-08-01,3397,727,4690,84,11143,glm_ar1,expanding,174,0,4487
LAO,2024-07-01,2,2024-09-01,3243,694,4478,80,10638,glm_ar1,expanding,174,0,2520
LAO,2024-07-01,3,2024-10-01,3131,670,4324,77,10272,glm_ar1,expanding,174,0,2303
LAO,2024-07-01,4,2024-11-01,3050,652,4211,75,10005,glm_ar1,expanding,174,0,1058
LAO,2024-07-01,5,2024-12-01,2990,640,4128,74,9808,glm_ar1,expanding,174,0,561
LAO,2024-07-01,6,2025-01-01,2945,630,4067,73,9662,glm_ar1,expanding,174,0,253
LCA,2024-07-01,1,2024-08-01,40,8,55,1,132,glm_ar1,expanding,125,48,38
LCA,2024-07-01,2,2024-09-01,116,24,160,2,381,glm_ar1,expanding,125,48,217
LCA,2024-07-01,3,2024-10-01,255,54,352,6,838,glm_ar1,expanding,125,48,118
LCA,2024-07-01,4,2024-11-01,461,98,637,11,1514,glm_ar1,expanding,125,48,27
LCA,2024-07-01,5,2024-12-01,720,154,995,17,2364,glm_ar1,expanding,125,48,10
LCA,2024-07-01,6,2025-01-01,1007,215,1391,25,3305,glm_ar1,expanding,125,48,8
LKA,2024-07-01,1,2024-08-01,4022,860,5553,99,13193,glm_ar1,expanding,174,0,3896
LKA,2024-07-01,2,2024-09-01,3683,788,5086,91,12083,glm_ar1,expanding,174,0,2772
LKA,2024-07-01,3,2024-10-01,3447,737,4760,85,11308,glm_ar1,expanding,174,0,2964
LKA,2024-07-01,4,2024-11-01,3279,701,4528,81,10757,glm_ar1,expanding,174,0,3498
LKA,2024-07-01,5,2024-12-01,3158,675,4360,78,10359,glm_ar1,expanding,174,0,3604
LKA,2024-07-01,6,2025-01-01,3069,657,4238,76,10068,glm_ar1,expanding,174,0,4942
MAF,2024-07-01,1,2024-08-01,31,6,42,0,101,glm_ar1,expanding,158,12,0
MAF,2024-07-01,2,2024-09-01,95,20,131,2,313,glm_ar1,expanding,158,12,6
MAF,2024-07-01,3,2024-10-01,220,47,304,5,723,glm_ar1,expanding,158,12,39
MAF,2024-07-01,4,2024-11-01,413,88,570,10,1355,glm_ar1,expanding,158,12,10
MAF,2024-07-01,5,2024-12-01,663,142,915,16,2175,glm_ar1,expanding,158,12,8
MAF,2024-07-01,6,2025-01-01,946,202,1307,23,3104,glm_ar1,expanding,158,12,53
MDV,2024-07-01,1,2024-08-01,695,148,960,17,2281,glm_ar1,expanding,174,0,395
MDV,2024-07-01,2,2024-09-01,981,210,1354,24,3218,glm_ar1,expanding,174,0,180
MDV,2024-07-01,3,2024-10-01,1271,272,1755,31,4171,glm_ar1,expanding,174,0,127
MDV,2024-07-01,4,2024-11-01,1546,330,2134,38,5071,glm_ar1,expanding,174,0,140
MDV,2024-07-01,5,2024-12-01,1791,383,2473,44,5876,glm_ar1,expanding,174,0,69
MDV,2024-07-01,6,2025-01-01,2001,428,2764,49,6566,glm_ar1,expanding,174,0,72
MEX,2024-07-01,1,2024-08-01,24114,5160,33296,597,79101,glm_ar1,expanding,174,0,78848
MEX,2024-07-01,2,2024-09-01,14220,3043,19635,352,46647,glm_ar1,expanding,174,0,125935
MEX,2024-07-01,3,2024-10-01,9548,2043,13184,236,31320,glm_ar1,expanding,174,0,95931
MEX,2024-07-01,4,2024-11-01,7070,1513,9762,175,23193,glm_ar1,expanding,174,0,60221
MEX,2024-07-01,5,2024-12-01,5637,1206,7783,139,18490,glm_ar1,expanding,174,0,26387
MEX,2024-07-01,6,2025-01-01,4751,1016,6560,117,15586,glm_ar1,expanding,174,0,11125
MHL,2024-07-01,1,2024-08-01,NA,NA,NA,NA,NA,glm_ar1,expanding,60,98,NA
MHL,2024-07-01,2,2024-09-01,NA,NA,NA,NA,NA,glm_ar1,expanding,60,98,NA
MHL,2024-07-01,3,2024-10-01,NA,NA,NA,NA,NA,glm_ar1,expanding,60,98,NA
MHL,2024-07-01,4,2024-11-01,NA,NA,NA,NA,NA,glm_ar1,expanding,60,98,NA
MHL,2024-07-01,5,2024-12-01,NA,NA,NA,NA,NA,glm_ar1,expanding,60,98,NA
MHL,2024-07-01,6,2025-01-01,NA,NA,NA,NA,NA,glm_ar1,expanding,60,98,0
MMR,2024-07-01,1,2024-08-01,1513,324,2090,37,4965,glm_ar1,expanding,174,0,1239
MMR,2024-07-01,2,2024-09-01,1763,377,2434,43,5783,glm_ar1,expanding,174,0,933
MMR,2024-07-01,3,2024-10-01,1977,423,2731,49,6488,glm_ar1,expanding,174,0,690
MMR,2024-07-01,4,2024-11-01,2157,461,2978,53,7075,glm_ar1,expanding,174,0,380
MMR,2024-07-01,5,2024-12-01,2302,492,3179,57,7553,glm_ar1,expanding,174,0,257
MMR,2024-07-01,6,2025-01-01,2419,517,3340,60,7934,glm_ar1,expanding,174,0,172
MRT,2024-07-01,1,2024-08-01,211,45,292,5,694,glm_ar1,expanding,27,60,382
MRT,2024-07-01,2,2024-09-01,401,85,553,10,1315,glm_ar1,expanding,27,60,489
MRT,2024-07-01,3,2024-10-01,648,138,894,16,2125,glm_ar1,expanding,27,60,583
MRT,2024-07-01,4,2024-11-01,930,199,1284,23,3051,glm_ar1,expanding,27,60,170
MRT,2024-07-01,5,2024-12-01,1221,261,1686,30,4007,glm_ar1,expanding,27,60,81
MRT,2024-07-01,6,2025-01-01,1500,321,2071,37,4920,glm_ar1,expanding,27,60,102
MTQ,2024-07-01,1,2024-08-01,383,82,529,9,1257,glm_ar1,expanding,171,0,0
MTQ,2024-07-01,2,2024-09-01,626,134,864,15,2054,glm_ar1,expanding,171,0,660
MTQ,2024-07-01,3,2024-10-01,906,194,1252,22,2974,glm_ar1,expanding,171,0,305
MTQ,2024-07-01,4,2024-11-01,1198,256,1654,29,3930,glm_ar1,expanding,171,0,267
MTQ,2024-07-01,5,2024-12-01,1478,316,2041,36,4849,glm_ar1,expanding,171,0,135
MTQ,2024-07-01,6,2025-01-01,1732,370,2391,43,5681,glm_ar1,expanding,171,0,293
MYS,2024-07-01,1,2024-08-01,8919,1909,12315,221,29258,glm_ar1,expanding,174,0,8317
MYS,2024-07-01,2,2024-09-01,6716,1437,9273,166,22031,glm_ar1,expanding,174,0,6938
MYS,2024-07-01,3,2024-10-01,5422,1160,7487,134,17787,glm_ar1,expanding,174,0,7740
MYS,2024-07-01,4,2024-11-01,4614,987,6371,114,15137,glm_ar1,expanding,174,0,5699
MYS,2024-07-01,5,2024-12-01,4085,874,5641,101,13402,glm_ar1,expanding,174,0,5474
MYS,2024-07-01,6,2025-01-01,3727,797,5147,92,12227,glm_ar1,expanding,174,0,6676
NCL,2024-07-01,1,2024-08-01,NA,NA,NA,NA,NA,glm_ar1,expanding,132,23,NA
NCL,2024-07-01,2,2024-09-01,NA,NA,NA,NA,NA,glm_ar1,expanding,132,23,NA
NCL,2024-07-01,3,2024-10-01,NA,NA,NA,NA,NA,glm_ar1,expanding,132,23,NA
NCL,2024-07-01,4,2024-11-01,NA,NA,NA,NA,NA,glm_ar1,expanding,132,23,NA
NCL,2024-07-01,5,2024-12-01,NA,NA,NA,NA,NA,glm_ar1,expanding,132,23,NA
NCL,2024-07-01,6,2025-01-01,NA,NA,NA,NA,NA,glm_ar1,expanding,132,23,0
NIC,2024-07-01,1,2024-08-01,NA,NA,NA,NA,NA,glm_ar1,expanding,168,0,NA
NIC,2024-07-01,2,2024-09-01,NA,NA,NA,NA,NA,glm_ar1,expanding,168,0,NA
NIC,2024-07-01,3,2024-10-01,NA,NA,NA,NA,NA,glm_ar1,expanding,168,0,NA
NIC,2024-07-01,4,2024-11-01,NA,NA,NA,NA,NA,glm_ar1,expanding,168,0,NA
NIC,2024-07-01,5,2024-12-01,NA,NA,NA,NA,NA,glm_ar1,expanding,168,0,NA
NIC,2024-07-01,6,2025-01-01,NA,NA,NA,NA,NA,glm_ar1,expanding,168,0,NA
NPL,2024-07-01,1,2024-08-01,2098,449,2896,52,6881,glm_ar1,expanding,173,0,6493
NPL,2024-07-01,2,2024-09-01,2255,482,3113,55,7397,glm_ar1,expanding,173,0,11875
NPL,2024-07-01,3,2024-10-01,2381,509,3287,59,7810,glm_ar1,expanding,173,0,12332
NPL,2024-07-01,4,2024-11-01,2480,531,3425,61,8137,glm_ar1,expanding,173,0,5544
NPL,2024-07-01,5,2024-12-01,2558,547,3533,63,8393,glm_ar1,expanding,173,0,844
NPL,2024-07-01,6,2025-01-01,2619,560,3616,64,8591,glm_ar1,expanding,173,0,259
OMN,2024-07-01,1,2024-08-01,NA,NA,NA,NA,NA,glm_ar1,expanding,60,0,NA
OMN,2024-07-01,2,2024-09-01,NA,NA,NA,NA,NA,glm_ar1,expanding,60,0,NA
OMN,2024-07-01,3,2024-10-01,NA,NA,NA,NA,NA,glm_ar1,expanding,60,0,NA
OMN,2024-07-01,4,2024-11-01,NA,NA,NA,NA,NA,glm_ar1,expanding,60,0,NA
OMN,2024-07-01,5,2024-12-01,NA,NA,NA,NA,NA,glm_ar1,expanding,60,0,NA
OMN,2024-07-01,6,2025-01-01,NA,NA,NA,NA,NA,glm_ar1,expanding,60,0,NA
PAK,2024-07-01,1,2024-08-01,2881,616,3979,71,9452,glm_ar1,expanding,173,0,5710
PAK,2024-07-01,2,2024-09-01,2864,613,3955,71,9397,glm_ar1,expanding,173,0,9671
PAK,2024-07-01,3,2024-10-01,2852,610,3938,70,9355,glm_ar1,expanding,173,0,15047
PAK,2024-07-01,4,2024-11-01,2842,608,3924,70,9324,glm_ar1,expanding,173,0,7661
PAK,2024-07-01,5,2024-12-01,2835,606,3915,70,9300,glm_ar1,expanding,173,0,4929
PAK,2024-07-01,6,2025-01-01,2829,605,3907,70,9282,glm_ar1,expanding,173,0,3743
PAN,2024-07-01,1,2024-08-01,4913,1051,6783,121,16116,glm_ar1,expanding,172,0,6687
PAN,2024-07-01,2,2024-09-01,4283,916,5914,106,14051,glm_ar1,expanding,172,0,5861
PAN,2024-07-01,3,2024-10-01,3862,826,5333,95,12671,glm_ar1,expanding,172,0,3558
PAN,2024-07-01,4,2024-11-01,3573,764,4933,88,11720,glm_ar1,expanding,172,0,2782
PAN,2024-07-01,5,2024-12-01,3369,721,4652,83,11051,glm_ar1,expanding,172,0,2361
PAN,2024-07-01,6,2025-01-01,3223,689,4450,79,10572,glm_ar1,expanding,172,0,2339
PER,2024-07-01,1,2024-08-01,2319,496,3203,57,7609,glm_ar1,expanding,167,0,1845
PER,2024-07-01,2,2024-09-01,2432,520,3358,60,7979,glm_ar1,expanding,167,0,2466
PER,2024-07-01,3,2024-10-01,2521,539,3481,62,8270,glm_ar1,expanding,167,0,2797
PER,2024-07-01,4,2024-11-01,2590,554,3576,64,8496,glm_ar1,expanding,167,0,5450
PER,2024-07-01,5,2024-12-01,2643,565,3649,65,8670,glm_ar1,expanding,167,0,6655
PER,2024-07-01,6,2025-01-01,2684,574,3706,66,8804,glm_ar1,expanding,167,0,6182
PHL,2024-07-01,1,2024-08-01,NA,NA,NA,NA,NA,glm_ar1,expanding,168,0,NA
PHL,2024-07-01,2,2024-09-01,NA,NA,NA,NA,NA,glm_ar1,expanding,168,0,NA
PHL,2024-07-01,3,2024-10-01,NA,NA,NA,NA,NA,glm_ar1,expanding,168,0,NA
PHL,2024-07-01,4,2024-11-01,NA,NA,NA,NA,NA,glm_ar1,expanding,168,0,NA
PHL,2024-07-01,5,2024-12-01,NA,NA,NA,NA,NA,glm_ar1,expanding,168,0,NA
PHL,2024-07-01,6,2025-01-01,NA,NA,NA,NA,NA,glm_ar1,expanding,168,0,NA
PLW,2024-07-01,1,2024-08-01,NA,NA,NA,NA,NA,glm_ar1,expanding,84,88,NA
PLW,2024-07-01,2,2024-09-01,NA,NA,NA,NA,NA,glm_ar1,expanding,84,88,NA
PLW,2024-07-01,3,2024-10-01,NA,NA,NA,NA,NA,glm_ar1,expanding,84,88,NA
PLW,2024-07-01,4,2024-11-01,NA,NA,NA,NA,NA,glm_ar1,expanding,84,88,NA
PLW,2024-07-01,5,2024-12-01,NA,NA,NA,NA,NA,glm_ar1,expanding,84,88,NA
PLW,2024-07-01,6,2025-01-01,NA,NA,NA,NA,NA,glm_ar1,expanding,84,88,0
PRI,2024-07-01,1,2024-08-01,872,186,1205,21,2863,glm_ar1,expanding,136,36,593
PRI,2024-07-01,2,2024-09-01,1164,249,1607,28,3819,glm_ar1,expanding,136,36,923
PRI,2024-07-01,3,2024-10-01,1446,309,1997,35,4745,glm_ar1,expanding,136,36,721
PRI,2024-07-01,4,2024-11-01,1703,364,2352,42,5589,glm_ar1,expanding,136,36,589
PRI,2024-07-01,5,2024-12-01,1927,412,2661,47,6323,glm_ar1,expanding,136,36,649
PRI,2024-07-01,6,2025-01-01,2115,452,2921,52,6939,glm_ar1,expanding,136,36,662
PRY,2024-07-01,1,2024-08-01,1792,383,2475,44,5880,glm_ar1,expanding,169,0,1345
PRY,2024-07-01,2,2024-09-01,2002,428,2765,49,6569,glm_ar1,expanding,169,0,1913
PRY,2024-07-01,3,2024-10-01,2177,466,3006,54,7142,glm_ar1,expanding,169,0,2399
PRY,2024-07-01,4,2024-11-01,2319,496,3202,57,7607,glm_ar1,expanding,169,0,3414
PRY,2024-07-01,5,2024-12-01,2432,520,3358,60,7977,glm_ar1,expanding,169,0,3411
PRY,2024-07-01,6,2025-01-01,2520,539,3480,62,8268,glm_ar1,expanding,169,0,4664
PYF,2024-07-01,1,2024-08-01,103,22,142,2,338,glm_ar1,expanding,123,48,30
PYF,2024-07-01,2,2024-09-01,233,50,322,5,767,glm_ar1,expanding,123,48,18
PYF,2024-07-01,3,2024-10-01,432,92,596,10,1417,glm_ar1,expanding,123,48,22
PYF,2024-07-01,4,2024-11-01,685,146,946,17,2248,glm_ar1,expanding,123,48,35
PYF,2024-07-01,5,2024-12-01,970,207,1340,24,3183,glm_ar1,expanding,123,48,50
PYF,2024-07-01,6,2025-01-01,1261,270,1741,31,4136,glm_ar1,expanding,123,48,223
REU,2024-07-01,1,2024-08-01,NA,NA,NA,NA,NA,glm_ar1,expanding,108,57,NA
REU,2024-07-01,2,2024-09-01,NA,NA,NA,NA,NA,glm_ar1,expanding,108,57,NA
REU,2024-07-01,3,2024-10-01,NA,NA,NA,NA,NA,glm_ar1,expanding,108,57,NA
REU,2024-07-01,4,2024-11-01,NA,NA,NA,NA,NA,glm_ar1,expanding,108,57,12
REU,2024-07-01,5,2024-12-01,NA,NA,NA,NA,NA,glm_ar1,expanding,108,57,12
REU,2024-07-01,6,2025-01-01,NA,NA,NA,NA,NA,glm_ar1,expanding,108,57,10
SAU,2024-07-01,1,2024-08-01,547,117,755,13,1795,glm_ar1,expanding,166,0,323
SAU,2024-07-01,2,2024-09-01,819,175,1131,20,2687,glm_ar1,expanding,166,0,227
SAU,2024-07-01,3,2024-10-01,1110,237,1532,27,3641,glm_ar1,expanding,166,0,NA
SAU,2024-07-01,4,2024-11-01,1395,298,1927,34,4577,glm_ar1,expanding,166,0,NA
SAU,2024-07-01,5,2024-12-01,1658,355,2289,41,5439,glm_ar1,expanding,166,0,NA
SAU,2024-07-01,6,2025-01-01,1888,404,2607,46,6195,glm_ar1,expanding,166,0,NA
SDN,2024-07-01,1,2024-08-01,77,16,107,2,255,glm_ar1,expanding,87,84,25
SDN,2024-07-01,2,2024-09-01,189,40,261,4,620,glm_ar1,expanding,87,84,215
SDN,2024-07-01,3,2024-10-01,368,78,508,9,1208,glm_ar1,expanding,87,84,4091
SDN,2024-07-01,4,2024-11-01,608,130,839,15,1994,glm_ar1,expanding,87,84,3168
SDN,2024-07-01,5,2024-12-01,886,189,1224,22,2908,glm_ar1,expanding,87,84,1068
SDN,2024-07-01,6,2025-01-01,1178,252,1626,29,3864,glm_ar1,expanding,87,84,822
SEN,2024-07-01,1,2024-08-01,254,54,351,6,834,glm_ar1,expanding,63,24,94
SEN,2024-07-01,2,2024-09-01,460,98,635,11,1509,glm_ar1,expanding,63,24,103
SEN,2024-07-01,3,2024-10-01,718,153,992,17,2357,glm_ar1,expanding,63,24,226
SEN,2024-07-01,4,2024-11-01,1005,215,1388,25,3299,glm_ar1,expanding,63,24,354
SEN,2024-07-01,5,2024-12-01,1295,277,1788,32,4249,glm_ar1,expanding,63,24,97
SEN,2024-07-01,6,2025-01-01,1567,335,2164,38,5143,glm_ar1,expanding,63,24,92
SGP,2024-07-01,1,2024-08-01,1447,309,1999,35,4748,glm_ar1,expanding,174,0,1072
SGP,2024-07-01,2,2024-09-01,1704,364,2354,42,5592,glm_ar1,expanding,174,0,726
SGP,2024-07-01,3,2024-10-01,1928,412,2662,47,6325,glm_ar1,expanding,174,0,615
SGP,2024-07-01,4,2024-11-01,2116,453,2922,52,6941,glm_ar1,expanding,174,0,426
SGP,2024-07-01,5,2024-12-01,2269,485,3134,56,7445,glm_ar1,expanding,174,0,395
SGP,2024-07-01,6,2025-01-01,2392,512,3304,59,7849,glm_ar1,expanding,174,0,486
SLB,2024-07-01,1,2024-08-01,65,14,90,1,214,glm_ar1,expanding,112,24,16
SLB,2024-07-01,2,2024-09-01,166,35,229,4,544,glm_ar1,expanding,112,24,28
SLB,2024-07-01,3,2024-10-01,334,71,461,8,1095,glm_ar1,expanding,112,24,17
SLB,2024-07-01,4,2024-11-01,564,120,779,14,1852,glm_ar1,expanding,112,24,26
SLB,2024-07-01,5,2024-12-01,838,179,1158,20,2751,glm_ar1,expanding,112,24,10
SLB,2024-07-01,6,2025-01-01,1129,241,1560,28,3706,glm_ar1,expanding,112,24,47
SLV,2024-07-01,1,2024-08-01,1328,284,1833,33,4356,glm_ar1,expanding,174,0,1059
SLV,2024-07-01,2,2024-09-01,1597,342,2205,39,5240,glm_ar1,expanding,174,0,1089
SLV,2024-07-01,3,2024-10-01,1836,393,2535,45,6023,glm_ar1,expanding,174,0,708
SLV,2024-07-01,4,2024-11-01,2039,436,2816,50,6689,glm_ar1,expanding,174,0,562
SLV,2024-07-01,5,2024-12-01,2207,472,3048,54,7240,glm_ar1,expanding,174,0,403
SLV,2024-07-01,6,2025-01-01,2343,501,3235,58,7686,glm_ar1,expanding,174,0,411
SUR,2024-07-01,1,2024-08-01,7,1,10,0,24,glm_ar1,expanding,112,60,0
SUR,2024-07-01,2,2024-09-01,34,7,47,0,112,glm_ar1,expanding,112,60,0
SUR,2024-07-01,3,2024-10-01,103,22,142,2,337,glm_ar1,expanding,112,60,0
SUR,2024-07-01,4,2024-11-01,233,50,322,5,765,glm_ar1,expanding,112,60,0
SUR,2024-07-01,5,2024-12-01,431,92,595,10,1415,glm_ar1,expanding,112,60,0
SUR,2024-07-01,6,2025-01-01,684,146,945,17,2246,glm_ar1,expanding,112,60,75
SXM,2024-07-01,1,2024-08-01,31,6,42,0,101,glm_ar1,expanding,40,132,19
SXM,2024-07-01,2,2024-09-01,95,20,131,2,313,glm_ar1,expanding,40,132,13
SXM,2024-07-01,3,2024-10-01,220,47,304,5,723,glm_ar1,expanding,40,132,18
SXM,2024-07-01,4,2024-11-01,413,88,570,10,1355,glm_ar1,expanding,40,132,30
SXM,2024-07-01,5,2024-12-01,663,142,915,16,2175,glm_ar1,expanding,40,132,18
SXM,2024-07-01,6,2025-01-01,946,202,1307,23,3104,glm_ar1,expanding,40,132,0
SYC,2024-07-01,1,2024-08-01,NA,NA,NA,NA,NA,glm_ar1,expanding,48,49,NA
SYC,2024-07-01,2,2024-09-01,NA,NA,NA,NA,NA,glm_ar1,expanding,48,49,NA
SYC,2024-07-01,3,2024-10-01,NA,NA,NA,NA,NA,glm_ar1,expanding,48,49,NA
SYC,2024-07-01,4,2024-11-01,NA,NA,NA,NA,NA,glm_ar1,expanding,48,49,NA
SYC,2024-07-01,5,2024-12-01,NA,NA,NA,NA,NA,glm_ar1,expanding,48,49,NA
SYC,2024-07-01,6,2025-01-01,NA,NA,NA,NA,NA,glm_ar1,expanding,48,49,1
TCA,2024-07-01,1,2024-08-01,NA,NA,NA,NA,NA,glm_ar1,expanding,84,51,NA
TCA,2024-07-01,2,2024-09-01,NA,NA,NA,NA,NA,glm_ar1,expanding,84,51,NA
TCA,2024-07-01,3,2024-10-01,NA,NA,NA,NA,NA,glm_ar1,expanding,84,51,NA
TCA,2024-07-01,4,2024-11-01,NA,NA,NA,NA,NA,glm_ar1,expanding,84,51,NA
TCA,2024-07-01,5,2024-12-01,NA,NA,NA,NA,NA,glm_ar1,expanding,84,51,NA
TCA,2024-07-01,6,2025-01-01,NA,NA,NA,NA,NA,glm_ar1,expanding,84,51,0
THA,2024-07-01,1,2024-08-01,10125,2167,13981,250,33214,glm_ar1,expanding,174,0,16119
THA,2024-07-01,2,2024-09-01,7390,1581,10204,183,24242,glm_ar1,expanding,174,0,11395
THA,2024-07-01,3,2024-10-01,5828,1247,8047,144,19118,glm_ar1,expanding,174,0,8359
THA,2024-07-01,4,2024-11-01,4872,1042,6728,120,15983,glm_ar1,expanding,174,0,7006
THA,2024-07-01,5,2024-12-01,4257,911,5878,105,13964,glm_ar1,expanding,174,0,5293
THA,2024-07-01,6,2025-01-01,3844,822,5308,95,12611,glm_ar1,expanding,174,0,4005
TLS,2024-07-01,1,2024-08-01,94,20,130,2,309,glm_ar1,expanding,167,0,24
TLS,2024-07-01,2,2024-09-01,218,46,301,5,716,glm_ar1,expanding,167,0,28
TLS,2024-07-01,3,2024-10-01,410,87,566,10,1346,glm_ar1,expanding,167,0,39
TLS,2024-07-01,4,2024-11-01,659,141,910,16,2163,glm_ar1,expanding,167,0,12
TLS,2024-07-01,5,2024-12-01,942,201,1301,23,3092,glm_ar1,expanding,167,0,12
TLS,2024-07-01,6,2025-01-01,1233,264,1703,30,4047,glm_ar1,expanding,167,0,130
TON,2024-07-01,1,2024-08-01,24,5,33,0,79,glm_ar1,expanding,51,72,0
TON,2024-07-01,2,2024-09-01,79,17,109,2,260,glm_ar1,expanding,51,72,2
TON,2024-07-01,3,2024-10-01,192,41,265,4,630,glm_ar1,expanding,51,72,2
TON,2024-07-01,4,2024-11-01,372,79,514,9,1223,glm_ar1,expanding,51,72,2
TON,2024-07-01,5,2024-12-01,613,131,847,15,2012,glm_ar1,expanding,51,72,2
TON,2024-07-01,6,2025-01-01,892,191,1232,22,2928,glm_ar1,expanding,51,72,0
TTO,2024-07-01,1,2024-08-01,143,30,197,3,469,glm_ar1,expanding,124,48,456
TTO,2024-07-01,2,2024-09-01,298,64,412,7,979,glm_ar1,expanding,124,48,188
TTO,2024-07-01,3,2024-10-01,519,111,716,12,1702,glm_ar1,expanding,124,48,350
TTO,2024-07-01,4,2024-11-01,787,168,1086,19,2582,glm_ar1,expanding,124,48,389
TTO,2024-07-01,5,2024-12-01,1077,230,1487,26,3533,glm_ar1,expanding,124,48,125
TTO,2024-07-01,6,2025-01-01,1364,292,1883,33,4474,glm_ar1,expanding,124,48,0
TUV,2024-07-01,1,2024-08-01,NA,NA,NA,NA,NA,glm_ar1,expanding,48,28,NA
TUV,2024-07-01,2,2024-09-01,NA,NA,NA,NA,NA,glm_ar1,expanding,48,28,NA
TUV,2024-07-01,3,2024-10-01,NA,NA,NA,NA,NA,glm_ar1,expanding,48,28,NA
TUV,2024-07-01,4,2024-11-01,NA,NA,NA,NA,NA,glm_ar1,expanding,48,28,NA
TUV,2024-07-01,5,2024-12-01,NA,NA,NA,NA,NA,glm_ar1,expanding,48,28,NA
TUV,2024-07-01,6,2025-01-01,NA,NA,NA,NA,NA,glm_ar1,expanding,48,28,0
TWN,2024-07-01,1,2024-08-01,NA,NA,NA,NA,NA,glm_ar1,expanding,108,60,NA
TWN,2024-07-01,2,2024-09-01,NA,NA,NA,NA,NA,glm_ar1,expanding,108,60,NA
TWN,2024-07-01,3,2024-10-01,NA,NA,NA,NA,NA,glm_ar1,expanding,108,60,NA
TWN,2024-07-01,4,2024-11-01,NA,NA,NA,NA,NA,glm_ar1,expanding,108,60,NA
TWN,2024-07-01,5,2024-12-01,NA,NA,NA,NA,NA,glm_ar1,expanding,108,60,NA
TWN,2024-07-01,6,2025-01-01,NA,NA,NA,NA,NA,glm_ar1,expanding,108,60,NA
URY,2024-07-01,1,2024-08-01,46,10,63,1,151,glm_ar1,expanding,52,60,8
URY,2024-07-01,2,2024-09-01,128,27,177,3,421,glm_ar1,expanding,52,60,8
URY,2024-07-01,3,2024-10-01,275,59,380,6,904,glm_ar1,expanding,52,60,12
URY,2024-07-01,4,2024-11-01,488,104,674,12,1603,glm_ar1,expanding,52,60,23
URY,2024-07-01,5,2024-12-01,752,161,1038,18,2467,glm_ar1,expanding,52,60,52
URY,2024-07-01,6,2025-01-01,1040,222,1437,25,3414,glm_ar1,expanding,52,60,0
USA,2024-07-01,1,2024-08-01,417,89,576,10,1369,glm_ar1,expanding,161,12,357
USA,2024-07-01,2,2024-09-01,668,143,922,16,2191,glm_ar1,expanding,161,12,653
USA,2024-07-01,3,2024-10-01,951,203,1314,23,3122,glm_ar1,expanding,161,12,352
USA,2024-07-01,4,2024-11-01,1242,266,1716,30,4076,glm_ar1,expanding,161,12,314
USA,2024-07-01,5,2024-12-01,1519,325,2098,37,4984,glm_ar1,expanding,161,12,321
USA,2024-07-01,6,2025-01-01,1768,378,2441,43,5800,glm_ar1,expanding,161,12,78
VCT,2024-07-01,1,2024-08-01,120,25,166,3,395,glm_ar1,expanding,124,48,57
VCT,2024-07-01,2,2024-09-01,262,56,362,6,861,glm_ar1,expanding,124,48,57
VCT,2024-07-01,3,2024-10-01,471,100,650,11,1546,glm_ar1,expanding,124,48,89
VCT,2024-07-01,4,2024-11-01,732,156,1010,18,2400,glm_ar1,expanding,124,48,59
VCT,2024-07-01,5,2024-12-01,1019,218,1407,25,3344,glm_ar1,expanding,124,48,123
VCT,2024-07-01,6,2025-01-01,1309,280,1807,32,4293,glm_ar1,expanding,124,48,0
VEN,2024-07-01,1,2024-08-01,NA,NA,NA,NA,NA,glm_ar1,expanding,168,4,NA
VEN,2024-07-01,2,2024-09-01,NA,NA,NA,NA,NA,glm_ar1,expanding,168,4,NA
VEN,2024-07-01,3,2024-10-01,NA,NA,NA,NA,NA,glm_ar1,expanding,168,4,NA
VEN,2024-07-01,4,2024-11-01,NA,NA,NA,NA,NA,glm_ar1,expanding,168,4,NA
VEN,2024-07-01,5,2024-12-01,NA,NA,NA,NA,NA,glm_ar1,expanding,168,4,NA
VEN,2024-07-01,6,2025-01-01,NA,NA,NA,NA,NA,glm_ar1,expanding,168,4,6008
VGB,2024-07-01,1,2024-08-01,34,7,47,0,112,glm_ar1,expanding,136,36,19
VGB,2024-07-01,2,2024-09-01,102,22,141,2,336,glm_ar1,expanding,136,36,15
VGB,2024-07-01,3,2024-10-01,233,49,321,5,764,glm_ar1,expanding,136,36,22
VGB,2024-07-01,4,2024-11-01,430,92,594,10,1413,glm_ar1,expanding,136,36,12
VGB,2024-07-01,5,2024-12-01,684,146,944,17,2243,glm_ar1,expanding,136,36,9
VGB,2024-07-01,6,2025-01-01,969,207,1337,24,3178,glm_ar1,expanding,136,36,11
VNM,2024-07-01,1,2024-08-01,7534,1612,10404,186,24716,glm_ar1,expanding,173,0,19258
VNM,2024-07-01,2,2024-09-01,5914,1265,8165,146,19399,glm_ar1,expanding,173,0,16071
VNM,2024-07-01,3,2024-10-01,4926,1054,6802,122,16160,glm_ar1,expanding,173,0,21672
VNM,2024-07-01,4,2024-11-01,4292,918,5927,106,14080,glm_ar1,expanding,173,0,18241
VNM,2024-07-01,5,2024-12-01,3868,828,5342,95,12691,glm_ar1,expanding,173,0,15208
VNM,2024-07-01,6,2025-01-01,3577,765,4939,88,11734,glm_ar1,expanding,173,0,8655
VUT,2024-07-01,1,2024-08-01,40,8,55,1,132,glm_ar1,expanding,93,72,13
VUT,2024-07-01,2,2024-09-01,116,24,160,2,381,glm_ar1,expanding,93,72,3
VUT,2024-07-01,3,2024-10-01,255,54,352,6,838,glm_ar1,expanding,93,72,5
VUT,2024-07-01,4,2024-11-01,461,98,637,11,1514,glm_ar1,expanding,93,72,4
VUT,2024-07-01,5,2024-12-01,720,154,995,17,2364,glm_ar1,expanding,93,72,5
VUT,2024-07-01,6,2025-01-01,1007,215,1391,25,3305,glm_ar1,expanding,93,72,74
WLF,2024-07-01,1,2024-08-01,12,2,17,0,40,glm_ar1,expanding,86,0,6
WLF,2024-07-01,2,2024-09-01,48,10,67,1,159,glm_ar1,expanding,86,0,0
WLF,2024-07-01,3,2024-10-01,133,28,184,3,438,glm_ar1,expanding,86,0,3
WLF,2024-07-01,4,2024-11-01,283,60,391,7,930,glm_ar1,expanding,86,0,4
WLF,2024-07-01,5,2024-12-01,499,107,689,12,1638,glm_ar1,expanding,86,0,4
WLF,2024-07-01,6,2025-01-01,764,163,1056,19,2508,glm_ar1,expanding,86,0,7
WSM,2024-07-01,1,2024-08-01,105,22,145,2,345,glm_ar1,expanding,82,0,6
WSM,2024-07-01,2,2024-09-01,237,50,328,5,779,glm_ar1,expanding,82,0,18
WSM,2024-07-01,3,2024-10-01,437,93,603,10,1434,glm_ar1,expanding,82,0,18
WSM,2024-07-01,4,2024-11-01,691,148,955,17,2268,glm_ar1,expanding,82,0,41
WSM,2024-07-01,5,2024-12-01,977,209,1349,24,3205,glm_ar1,expanding,82,0,48
WSM,2024-07-01,6,2025-01-01,1267,271,1750,31,4158,glm_ar1,expanding,82,0,4
YEM,2024-07-01,1,2024-08-01,NA,NA,NA,NA,NA,glm_ar1,expanding,84,24,NA
YEM,2024-07-01,2,2024-09-01,NA,NA,NA,NA,NA,glm_ar1,expanding,84,24,NA
YEM,2024-07-01,3,2024-10-01,NA,NA,NA,NA,NA,glm_ar1,expanding,84,24,NA
YEM,2024-07-01,4,2024-11-01,NA,NA,NA,NA,NA,glm_ar1,expanding,84,24,NA
YEM,2024-07-01,5,2024-12-01,NA,NA,NA,NA,NA,glm_ar1,expanding,84,24,NA
YEM,2024-07-01,6,2025-01-01,NA,NA,NA,NA,NA,glm_ar1,expanding,84,24,NA
ABW,2025-01-01,1,2025-02-01,7,1,10,0,25,glm_ar1,expanding,97,78,2
ABW,2025-01-01,2,2025-03-01,36,7,50,0,121,glm_ar1,expanding,97,78,0
ABW,2025-01-01,3,2025-04-01,111,23,153,2,368,glm_ar1,expanding,97,78,2
ABW,2025-01-01,4,2025-05-01,253,52,349,5,836,glm_ar1,expanding,97,78,2
ABW,2025-01-01,5,2025-06-01,465,96,642,10,1539,glm_ar1,expanding,97,78,4
ABW,2025-01-01,6,2025-07-01,734,152,1012,17,2426,glm_ar1,expanding,97,78,2
AFG,2025-01-01,1,2025-02-01,181,37,250,4,601,glm_ar1,expanding,47,0,26
AFG,2025-01-01,2,2025-03-01,364,75,502,8,1203,glm_ar1,expanding,47,0,18
AFG,2025-01-01,3,2025-04-01,610,127,842,14,2018,glm_ar1,expanding,47,0,131
AFG,2025-01-01,4,2025-05-01,898,187,1239,20,2970,glm_ar1,expanding,47,0,216
AFG,2025-01-01,5,2025-06-01,1199,249,1654,27,3964,glm_ar1,expanding,47,0,166
AFG,2025-01-01,6,2025-07-01,1488,309,2052,34,4918,glm_ar1,expanding,47,0,339
ARG,2025-01-01,1,2025-02-01,496,103,684,11,1639,glm_ar1,expanding,174,0,1341
ARG,2025-01-01,2,2025-03-01,769,160,1061,17,2543,glm_ar1,expanding,174,0,8513
ARG,2025-01-01,3,2025-04-01,1067,222,1473,24,3529,glm_ar1,expanding,174,0,5428
ARG,2025-01-01,4,2025-05-01,1364,283,1882,31,4509,glm_ar1,expanding,174,0,1976
ARG,2025-01-01,5,2025-06-01,1638,340,2260,37,5415,glm_ar1,expanding,174,0,86
ARG,2025-01-01,6,2025-07-01,1878,390,2591,43,6210,glm_ar1,expanding,174,0,16
ATG,2025-01-01,1,2025-02-01,7,1,10,0,25,glm_ar1,expanding,94,24,0
ATG,2025-01-01,2,2025-03-01,36,7,50,0,121,glm_ar1,expanding,94,24,2
ATG,2025-01-01,3,2025-04-01,111,23,153,2,368,glm_ar1,expanding,94,24,1
ATG,2025-01-01,4,2025-05-01,253,52,349,5,836,glm_ar1,expanding,94,24,1
ATG,2025-01-01,5,2025-06-01,465,96,642,10,1539,glm_ar1,expanding,94,24,2
ATG,2025-01-01,6,2025-07-01,734,152,1012,17,2426,glm_ar1,expanding,94,24,2
AUS,2025-01-01,1,2025-02-01,506,105,699,11,1674,glm_ar1,expanding,161,12,220
AUS,2025-01-01,2,2025-03-01,781,162,1078,18,2584,glm_ar1,expanding,161,12,219
AUS,2025-01-01,3,2025-04-01,1080,224,1490,25,3572,glm_ar1,expanding,161,12,195
AUS,2025-01-01,4,2025-05-01,1376,286,1899,31,4550,glm_ar1,expanding,161,12,135
AUS,2025-01-01,5,2025-06-01,1649,343,2275,38,5452,glm_ar1,expanding,161,12,120
AUS,2025-01-01,6,2025-07-01,1888,392,2604,43,6241,glm_ar1,expanding,161,12,160
BES,2025-01-01,1,2025-02-01,NA,NA,NA,NA,NA,glm_ar1,expanding,36,0,NA
BES,2025-01-01,2,2025-03-01,NA,NA,NA,NA,NA,glm_ar1,expanding,36,0,NA
BES,2025-01-01,3,2025-04-01,NA,NA,NA,NA,NA,glm_ar1,expanding,36,0,NA
BES,2025-01-01,4,2025-05-01,NA,NA,NA,NA,NA,glm_ar1,expanding,36,0,NA
BES,2025-01-01,5,2025-06-01,NA,NA,NA,NA,NA,glm_ar1,expanding,36,0,NA
BES,2025-01-01,6,2025-07-01,NA,NA,NA,NA,NA,glm_ar1,expanding,36,0,NA
BFA,2025-01-01,1,2025-02-01,3826,795,5278,88,12647,glm_ar1,expanding,69,48,2543
BFA,2025-01-01,2,2025-03-01,3542,736,4886,81,11708,glm_ar1,expanding,69,48,2130
BFA,2025-01-01,3,2025-04-01,3343,695,4612,77,11051,glm_ar1,expanding,69,48,2026
BFA,2025-01-01,4,2025-05-01,3202,666,4417,74,10584,glm_ar1,expanding,69,48,1981
BFA,2025-01-01,5,2025-06-01,3100,644,4277,71,10248,glm_ar1,expanding,69,48,1894
BFA,2025-01-01,6,2025-07-01,3026,629,4175,69,10004,glm_ar1,expanding,69,48,3584
BGD,2025-01-01,1,2025-02-01,1452,302,2004,33,4801,glm_ar1,expanding,179,0,374
BGD,2025-01-01,2,2025-03-01,1717,357,2368,39,5676,glm_ar1,expanding,179,0,336
BGD,2025-01-01,3,2025-04-01,1945,404,2684,45,6431,glm_ar1,expanding,179,0,701
BGD,2025-01-01,4,2025-05-01,2136,444,2947,49,7061,glm_ar1,expanding,179,0,1773
BGD,2025-01-01,5,2025-06-01,2290,476,3160,53,7572,glm_ar1,expanding,179,0,5951
BGD,2025-01-01,6,2025-07-01,2413,502,3329,55,7978,glm_ar1,expanding,179,0,10684
BHS,2025-01-01,1,2025-02-01,7,1,10,0,25,glm_ar1,expanding,49,129,0
BHS,2025-01-01,2,2025-03-01,36,7,50,0,121,glm_ar1,expanding,49,129,0
BHS,2025-01-01,3,2025-04-01,111,23,153,2,368,glm_ar1,expanding,49,129,0
BHS,2025-01-01,4,2025-05-01,253,52,349,5,836,glm_ar1,expanding,49,129,0
BHS,2025-01-01,5,2025-06-01,465,96,642,10,1539,glm_ar1,expanding,49,129,0
BHS,2025-01-01,6,2025-07-01,734,152,1012,17,2426,glm_ar1,expanding,49,129,0
BLM,2025-01-01,1,2025-02-01,64,13,89,1,213,glm_ar1,expanding,118,36,1
BLM,2025-01-01,2,2025-03-01,169,35,233,4,558,glm_ar1,expanding,118,36,2
BLM,2025-01-01,3,2025-04-01,344,71,475,8,1139,glm_ar1,expanding,118,36,0
BLM,2025-01-01,4,2025-05-01,586,122,809,13,1938,glm_ar1,expanding,118,36,0
BLM,2025-01-01,5,2025-06-01,872,181,1203,20,2882,glm_ar1,expanding,118,36,0
BLM,2025-01-01,6,2025-07-01,1172,243,1617,27,3876,glm_ar1,expanding,118,36,1
BLZ,2025-01-01,1,2025-02-01,148,31,205,3,491,glm_ar1,expanding,179,0,57
BLZ,2025-01-01,2,2025-03-01,313,65,432,7,1036,glm_ar1,expanding,179,0,98
BLZ,2025-01-01,3,2025-04-01,546,113,753,12,1805,glm_ar1,expanding,179,0,57
BLZ,2025-01-01,4,2025-05-01,826,172,1140,19,2733,glm_ar1,expanding,179,0,71
BLZ,2025-01-01,5,2025-06-01,1126,234,1554,26,3725,glm_ar1,expanding,179,0,129
BLZ,2025-01-01,6,2025-07-01,1420,295,1959,32,4694,glm_ar1,expanding,179,0,298
BOL,2025-01-01,1,2025-02-01,3800,790,5243,87,12563,glm_ar1,expanding,174,0,3443
BOL,2025-01-01,2,2025-03-01,3524,733,4861,81,11649,glm_ar1,expanding,174,0,5848
BOL,2025-01-01,3,2025-04-01,3330,692,4594,77,11009,glm_ar1,expanding,174,0,4561
BOL,2025-01-01,4,2025-05-01,3193,664,4405,73,10554,glm_ar1,expanding,174,0,5762
BOL,2025-01-01,5,2025-06-01,3093,643,4268,71,10226,glm_ar1,expanding,174,0,4063
BOL,2025-01-01,6,2025-07-01,3021,628,4168,69,9988,glm_ar1,expanding,174,0,1141
BRA,2025-01-01,1,2025-02-01,127852,26590,176379,2951,422623,glm_ar1,expanding,172,0,569042
BRA,2025-01-01,2,2025-03-01,48857,10161,67401,1128,161501,glm_ar1,expanding,172,0,870968
BRA,2025-01-01,3,2025-04-01,23794,4948,32825,549,78653,glm_ar1,expanding,172,0,614836
BRA,2025-01-01,4,2025-05-01,13892,2889,19165,320,45923,glm_ar1,expanding,172,0,466447
BRA,2025-01-01,5,2025-06-01,9290,1932,12816,214,30708,glm_ar1,expanding,172,0,209348
BRA,2025-01-01,6,2025-07-01,6875,1430,9485,158,22728,glm_ar1,expanding,172,0,89048
BRB,2025-01-01,1,2025-02-01,92,19,127,2,305,glm_ar1,expanding,178,0,16
BRB,2025-01-01,2,2025-03-01,219,45,303,5,726,glm_ar1,expanding,178,0,12
BRB,2025-01-01,3,2025-04-01,419,87,578,9,1386,glm_ar1,expanding,178,0,18
BRB,2025-01-01,4,2025-05-01,678,141,936,15,2243,glm_ar1,expanding,178,0,10
BRB,2025-01-01,5,2025-06-01,972,202,1341,22,3214,glm_ar1,expanding,178,0,11
BRB,2025-01-01,6,2025-07-01,1272,264,1755,29,4205,glm_ar1,expanding,178,0,13
BRN,2025-01-01,1,2025-02-01,NA,NA,NA,NA,NA,glm_ar1,expanding,168,0,NA
BRN,2025-01-01,2,2025-03-01,NA,NA,NA,NA,NA,glm_ar1,expanding,168,0,NA
BRN,2025-01-01,3,2025-04-01,NA,NA,NA,NA,NA,glm_ar1,expanding,168,0,NA
BRN,2025-01-01,4,2025-05-01,NA,NA,NA,NA,NA,glm_ar1,expanding,168,0,NA
BRN,2025-01-01,5,2025-06-01,NA,NA,NA,NA,NA,glm_ar1,expanding,168,0,NA
BRN,2025-01-01,6,2025-07-01,NA,NA,NA,NA,NA,glm_ar1,expanding,168,0,NA
BTN,2025-01-01,1,2025-02-01,17,3,23,0,57,glm_ar1,expanding,131,48,2
BTN,2025-01-01,2,2025-03-01,64,13,88,1,212,glm_ar1,expanding,131,48,1
BTN,2025-01-01,3,2025-04-01,168,35,232,3,556,glm_ar1,expanding,131,48,11
BTN,2025-01-01,4,2025-05-01,343,71,474,8,1135,glm_ar1,expanding,131,48,1
BTN,2025-01-01,5,2025-06-01,585,121,807,13,1933,glm_ar1,expanding,131,48,12
BTN,2025-01-01,6,2025-07-01,870,181,1200,20,2876,glm_ar1,expanding,131,48,3
CHL,2025-01-01,1,2025-02-01,7,1,10,0,25,glm_ar1,expanding,37,117,0
CHL,2025-01-01,2,2025-03-01,36,7,50,0,121,glm_ar1,expanding,37,117,0
CHL,2025-01-01,3,2025-04-01,111,23,153,2,368,glm_ar1,expanding,37,117,0
CHL,2025-01-01,4,2025-05-01,253,52,349,5,836,glm_ar1,expanding,37,117,0
CHL,2025-01-01,5,2025-06-01,465,96,642,10,1539,glm_ar1,expanding,37,117,0
CHL,2025-01-01,6,2025-07-01,734,152,1012,17,2426,glm_ar1,expanding,37,117,0
CHN,2025-01-01,1,2025-02-01,138,28,191,3,457,glm_ar1,expanding,155,24,51
CHN,2025-01-01,2,2025-03-01,297,61,410,6,982,glm_ar1,expanding,155,24,38
CHN,2025-01-01,3,2025-04-01,525,109,724,12,1735,glm_ar1,expanding,155,24,74
CHN,2025-01-01,4,2025-05-01,802,167,1107,18,2653,glm_ar1,expanding,155,24,126
CHN,2025-01-01,5,2025-06-01,1102,229,1520,25,3643,glm_ar1,expanding,155,24,225
CHN,2025-01-01,6,2025-07-01,1397,290,1927,32,4618,glm_ar1,expanding,155,24,694
CIV,2025-01-01,1,2025-02-01,80,16,110,1,265,glm_ar1,expanding,36,0,5
CIV,2025-01-01,2,2025-03-01,198,41,273,4,654,glm_ar1,expanding,36,0,15
CIV,2025-01-01,3,2025-04-01,388,80,535,9,1282,glm_ar1,expanding,36,0,15
CIV,2025-01-01,4,2025-05-01,640,133,883,14,2117,glm_ar1,expanding,36,0,28
CIV,2025-01-01,5,2025-06-01,931,193,1284,21,3078,glm_ar1,expanding,36,0,78
CIV,2025-01-01,6,2025-07-01,1231,256,1699,28,4071,glm_ar1,expanding,36,0,106
COK,2025-01-01,1,2025-02-01,7,1,10,0,25,glm_ar1,expanding,61,72,1
COK,2025-01-01,2,2025-03-01,36,7,50,0,121,glm_ar1,expanding,61,72,0
COK,2025-01-01,3,2025-04-01,111,23,153,2,368,glm_ar1,expanding,61,72,1
COK,2025-01-01,4,2025-05-01,253,52,349,5,836,glm_ar1,expanding,61,72,12
COK,2025-01-01,5,2025-06-01,465,96,642,10,1539,glm_ar1,expanding,61,72,23
COK,2025-01-01,6,2025-07-01,734,152,1012,17,2426,glm_ar1,expanding,61,72,34
COL,2025-01-01,1,2025-02-01,12106,2517,16701,279,40018,glm_ar1,expanding,180,0,14705
COL,2025-01-01,2,2025-03-01,8381,1743,11562,193,27705,glm_ar1,expanding,180,0,16984
COL,2025-01-01,3,2025-04-01,6366,1324,8782,147,21044,glm_ar1,expanding,180,0,13301
COL,2025-01-01,4,2025-05-01,5183,1078,7150,119,17132,glm_ar1,expanding,180,0,11614
COL,2025-01-01,5,2025-06-01,4444,924,6131,102,14690,glm_ar1,expanding,180,0,11049
COL,2025-01-01,6,2025-07-01,3961,824,5465,91,13095,glm_ar1,expanding,180,0,7429
CRI,2025-01-01,1,2025-02-01,824,171,1137,19,2726,glm_ar1,expanding,179,0,260
CRI,2025-01-01,2,2025-03-01,1124,234,1551,26,3718,glm_ar1,expanding,179,0,286
CRI,2025-01-01,3,2025-04-01,1418,295,1956,32,4688,glm_ar1,expanding,179,0,165
CRI,2025-01-01,4,2025-05-01,1686,350,2326,39,5575,glm_ar1,expanding,179,0,185
CRI,2025-01-01,5,2025-06-01,1920,399,2648,44,6346,glm_ar1,expanding,179,0,326
CRI,2025-01-01,6,2025-07-01,2115,440,2917,48,6991,glm_ar1,expanding,179,0,492
CUB,2025-01-01,1,2025-02-01,3194,664,4406,73,10558,glm_ar1,expanding,97,33,1795
CUB,2025-01-01,2,2025-03-01,3094,643,4269,71,10229,glm_ar1,expanding,97,33,1727
CUB,2025-01-01,3,2025-04-01,3022,628,4169,69,9990,glm_ar1,expanding,97,33,1258
CUB,2025-01-01,4,2025-05-01,2969,617,4096,68,9815,glm_ar1,expanding,97,33,1766
CUB,2025-01-01,5,2025-06-01,2930,609,4042,67,9686,glm_ar1,expanding,97,33,2252
CUB,2025-01-01,6,2025-07-01,2901,603,4002,67,9590,glm_ar1,expanding,97,33,3945
CUW,2025-01-01,1,2025-02-01,NA,NA,NA,NA,NA,glm_ar1,expanding,48,0,NA
CUW,2025-01-01,2,2025-03-01,NA,NA,NA,NA,NA,glm_ar1,expanding,48,0,NA
CUW,2025-01-01,3,2025-04-01,NA,NA,NA,NA,NA,glm_ar1,expanding,48,0,NA
CUW,2025-01-01,4,2025-05-01,NA,NA,NA,NA,NA,glm_ar1,expanding,48,0,NA
CUW,2025-01-01,5,2025-06-01,NA,NA,NA,NA,NA,glm_ar1,expanding,48,0,NA
CUW,2025-01-01,6,2025-07-01,NA,NA,NA,NA,NA,glm_ar1,expanding,48,0,NA
CYM,2025-01-01,1,2025-02-01,7,1,10,0,25,glm_ar1,expanding,85,69,0
CYM,2025-01-01,2,2025-03-01,36,7,50,0,121,glm_ar1,expanding,85,69,0
CYM,2025-01-01,3,2025-04-01,111,23,153,2,368,glm_ar1,expanding,85,69,0
CYM,2025-01-01,4,2025-05-01,253,52,349,5,836,glm_ar1,expanding,85,69,0
CYM,2025-01-01,5,2025-06-01,465,96,642,10,1539,glm_ar1,expanding,85,69,0
CYM,2025-01-01,6,2025-07-01,734,152,1012,17,2426,glm_ar1,expanding,85,69,0
DMA,2025-01-01,1,2025-02-01,NA,NA,NA,NA,NA,glm_ar1,expanding,132,24,NA
DMA,2025-01-01,2,2025-03-01,NA,NA,NA,NA,NA,glm_ar1,expanding,132,24,NA
DMA,2025-01-01,3,2025-04-01,NA,NA,NA,NA,NA,glm_ar1,expanding,132,24,NA
DMA,2025-01-01,4,2025-05-01,NA,NA,NA,NA,NA,glm_ar1,expanding,132,24,NA
DMA,2025-01-01,5,2025-06-01,NA,NA,NA,NA,NA,glm_ar1,expanding,132,24,NA
DMA,2025-01-01,6,2025-07-01,NA,NA,NA,NA,NA,glm_ar1,expanding,132,24,NA
DOM,2025-01-01,1,2025-02-01,392,81,541,9,1298,glm_ar1,expanding,179,0,166
DOM,2025-01-01,2,2025-03-01,646,134,891,15,2136,glm_ar1,expanding,179,0,239
DOM,2025-01-01,3,2025-04-01,937,195,1293,21,3099,glm_ar1,expanding,179,0,126
DOM,2025-01-01,4,2025-05-01,1238,257,1707,28,4092,glm_ar1,expanding,179,0,166
DOM,2025-01-01,5,2025-06-01,1523,317,2102,35,5036,glm_ar1,expanding,179,0,178
DOM,2025-01-01,6,2025-07-01,1779,370,2454,41,5882,glm_ar1,expanding,179,0,139
ECU,2025-01-01,1,2025-02-01,4007,833,5528,92,13247,glm_ar1,expanding,171,0,4122
ECU,2025-01-01,2,2025-03-01,3666,762,5058,84,12120,glm_ar1,expanding,171,0,5770
ECU,2025-01-01,3,2025-04-01,3431,713,4733,79,11341,glm_ar1,expanding,171,0,4985
ECU,2025-01-01,4,2025-05-01,3264,679,4503,75,10791,glm_ar1,expanding,171,0,5324
ECU,2025-01-01,5,2025-06-01,3145,654,4339,72,10397,glm_ar1,expanding,171,0,4741
ECU,2025-01-01,6,2025-07-01,3059,636,4220,70,10112,glm_ar1,expanding,171,0,2452
ERI,2025-01-01,1,2025-02-01,35,7,49,0,117,glm_ar1,expanding,61,114,18
ERI,2025-01-01,2,2025-03-01,108,22,149,2,358,glm_ar1,expanding,61,114,6
ERI,2025-01-01,3,2025-04-01,248,51,342,5,820,glm_ar1,expanding,61,114,48
ERI,2025-01-01,4,2025-05-01,458,95,633,10,1516,glm_ar1,expanding,61,114,5
ERI,2025-01-01,5,2025-06-01,725,151,1001,16,2399,glm_ar1,expanding,61,114,5
ERI,2025-01-01,6,2025-07-01,1022,212,1410,23,3379,glm_ar1,expanding,61,114,9
ETH,2025-01-01,1,2025-02-01,59,12,81,1,196,glm_ar1,expanding,25,116,114
ETH,2025-01-01,2,2025-03-01,158,33,218,3,523,glm_ar1,expanding,25,116,140
ETH,2025-01-01,3,2025-04-01,328,68,453,7,1086,glm_ar1,expanding,25,116,1625
ETH,2025-01-01,4,2025-05-01,565,117,780,13,1870,glm_ar1,expanding,25,116,344
ETH,2025-01-01,5,2025-06-01,848,176,1171,19,2806,glm_ar1,expanding,25,116,80
ETH,2025-01-01,6,2025-07-01,1149,239,1585,26,3799,glm_ar1,expanding,25,116,98
FJI,2025-01-01,1,2025-02-01,1871,389,2581,43,6184,glm_ar1,expanding,171,0,3394
FJI,2025-01-01,2,2025-03-01,2074,431,2862,48,6857,glm_ar1,expanding,171,0,4509
FJI,2025-01-01,3,2025-04-01,2241,466,3092,51,7408,glm_ar1,expanding,171,0,4703
FJI,2025-01-01,4,2025-05-01,2374,493,3275,54,7849,glm_ar1,expanding,171,0,3696
FJI,2025-01-01,5,2025-06-01,2479,515,3420,57,8195,glm_ar1,expanding,171,0,1894
FJI,2025-01-01,6,2025-07-01,2560,532,3532,59,8464,glm_ar1,expanding,171,0,1502
FSM,2025-01-01,1,2025-02-01,28,6,39,0,94,glm_ar1,expanding,94,12,9
FSM,2025-01-01,2,2025-03-01,93,19,128,2,307,glm_ar1,expanding,94,12,1
FSM,2025-01-01,3,2025-04-01,221,46,305,5,730,glm_ar1,expanding,94,12,3
FSM,2025-01-01,4,2025-05-01,421,87,580,9,1391,glm_ar1,expanding,94,12,1
FSM,2025-01-01,5,2025-06-01,680,141,939,15,2250,glm_ar1,expanding,94,12,2
FSM,2025-01-01,6,2025-07-01,974,202,1344,22,3221,glm_ar1,expanding,94,12,6
GLP,2025-01-01,1,2025-02-01,2358,490,3253,54,7794,glm_ar1,expanding,178,0,970
GLP,2025-01-01,2,2025-03-01,2466,513,3402,57,8152,glm_ar1,expanding,178,0,970
GLP,2025-01-01,3,2025-04-01,2550,530,3518,59,8431,glm_ar1,expanding,178,0,0
GLP,2025-01-01,4,2025-05-01,2615,544,3608,60,8645,glm_ar1,expanding,178,0,210
GLP,2025-01-01,5,2025-06-01,2665,554,3676,61,8809,glm_ar1,expanding,178,0,265
GLP,2025-01-01,6,2025-07-01,2702,562,3728,62,8934,glm_ar1,expanding,178,0,84
GRD,2025-01-01,1,2025-02-01,62,13,85,1,205,glm_ar1,expanding,167,12,16
GRD,2025-01-01,2,2025-03-01,163,34,226,3,541,glm_ar1,expanding,167,12,24
GRD,2025-01-01,3,2025-04-01,336,70,464,7,1113,glm_ar1,expanding,167,12,16
GRD,2025-01-01,4,2025-05-01,576,119,795,13,1905,glm_ar1,expanding,167,12,7
GRD,2025-01-01,5,2025-06-01,860,179,1187,19,2845,glm_ar1,expanding,167,12,12
GRD,2025-01-01,6,2025-07-01,1161,241,1602,26,3838,glm_ar1,expanding,167,12,15
GTM,2025-01-01,1,2025-02-01,3893,809,5371,90,12870,glm_ar1,expanding,180,0,3502
GTM,2025-01-01,2,2025-03-01,3588,746,4950,82,11861,glm_ar1,expanding,180,0,5449
GTM,2025-01-01,3,2025-04-01,3376,702,4657,78,11159,glm_ar1,expanding,180,0,3995
GTM,2025-01-01,4,2025-05-01,3225,670,4449,74,10661,glm_ar1,expanding,180,0,4924
GTM,2025-01-01,5,2025-06-01,3117,648,4300,72,10304,glm_ar1,expanding,180,0,5885
GTM,2025-01-01,6,2025-07-01,3038,632,4192,70,10044,glm_ar1,expanding,180,0,4076
GUF,2025-01-01,1,2025-02-01,112,23,155,2,373,glm_ar1,expanding,157,15,40
GUF,2025-01-01,2,2025-03-01,255,53,352,6,844,glm_ar1,expanding,157,15,25
GUF,2025-01-01,3,2025-04-01,468,97,646,10,1549,glm_ar1,expanding,157,15,175
GUF,2025-01-01,4,2025-05-01,737,153,1017,17,2438,glm_ar1,expanding,157,15,33
GUF,2025-01-01,5,2025-06-01,1034,215,1427,24,3420,glm_ar1,expanding,157,15,24
GUF,2025-01-01,6,2025-07-01,1332,277,1838,30,4405,glm_ar1,expanding,157,15,12
GUY,2025-01-01,1,2025-02-01,4348,904,5998,100,14372,glm_ar1,expanding,169,12,4229
GUY,2025-01-01,2,2025-03-01,3897,810,5376,90,12882,glm_ar1,expanding,169,12,6799
GUY,2025-01-01,3,2025-04-01,3591,746,4953,83,11870,glm_ar1,expanding,169,12,3800
GUY,2025-01-01,4,2025-05-01,3377,702,4659,78,11165,glm_ar1,expanding,169,12,8305
GUY,2025-01-01,5,2025-06-01,3226,671,4451,74,10666,glm_ar1,expanding,169,12,10602
GUY,2025-01-01,6,2025-07-01,3118,648,4301,72,10307,glm_ar1,expanding,169,12,5363
HND,2025-01-01,1,2025-02-01,1701,353,2346,39,5622,glm_ar1,expanding,180,0,1274
HND,2025-01-01,2,2025-03-01,1932,401,2665,44,6386,glm_ar1,expanding,180,0,2134
HND,2025-01-01,3,2025-04-01,2125,442,2931,49,7024,glm_ar1,expanding,180,0,1467
HND,2025-01-01,4,2025-05-01,2281,474,3148,52,7542,glm_ar1,expanding,180,0,1678
HND,2025-01-01,5,2025-06-01,2406,500,3320,55,7955,glm_ar1,expanding,180,0,1835
HND,2025-01-01,6,2025-07-01,2504,520,3454,57,8278,glm_ar1,expanding,180,0,1424
HTI,2025-01-01,1,2025-02-01,NA,NA,NA,NA,NA,glm_ar1,expanding,60,0,NA
HTI,2025-01-01,2,2025-03-01,NA,NA,NA,NA,NA,glm_ar1,expanding,60,0,NA
HTI,2025-01-01,3,2025-04-01,NA,NA,NA,NA,NA,glm_ar1,expanding,60,0,NA
HTI,2025-01-01,4,2025-05-01,NA,NA,NA,NA,NA,glm_ar1,expanding,60,0,NA
HTI,2025-01-01,5,2025-06-01,NA,NA,NA,NA,NA,glm_ar1,expanding,60,0,NA
HTI,2025-01-01,6,2025-07-01,NA,NA,NA,NA,NA,glm_ar1,expanding,60,0,NA
IDN,2025-01-01,1,2025-02-01,NA,NA,NA,NA,NA,glm_ar1,expanding,168,0,NA
IDN,2025-01-01,2,2025-03-01,NA,NA,NA,NA,NA,glm_ar1,expanding,168,0,NA
IDN,2025-01-01,3,2025-04-01,NA,NA,NA,NA,NA,glm_ar1,expanding,168,0,NA
IDN,2025-01-01,4,2025-05-01,NA,NA,NA,NA,NA,glm_ar1,expanding,168,0,NA
IDN,2025-01-01,5,2025-06-01,NA,NA,NA,NA,NA,glm_ar1,expanding,168,0,NA
IDN,2025-01-01,6,2025-07-01,NA,NA,NA,NA,NA,glm_ar1,expanding,168,0,NA
IND,2025-01-01,1,2025-02-01,4131,859,5699,95,13655,glm_ar1,expanding,178,0,3806
IND,2025-01-01,2,2025-03-01,3750,780,5174,86,12398,glm_ar1,expanding,178,0,3517
IND,2025-01-01,3,2025-04-01,3489,725,4814,80,11535,glm_ar1,expanding,178,0,2700
IND,2025-01-01,4,2025-05-01,3306,687,4561,76,10929,glm_ar1,expanding,178,0,3766
IND,2025-01-01,5,2025-06-01,3175,660,4380,73,10496,glm_ar1,expanding,178,0,6459
IND,2025-01-01,6,2025-07-01,3081,640,4250,71,10184,glm_ar1,expanding,178,0,10302
JAM,2025-01-01,1,2025-02-01,132,27,182,3,437,glm_ar1,expanding,177,0,38
JAM,2025-01-01,2,2025-03-01,287,59,396,6,949,glm_ar1,expanding,177,0,37
JAM,2025-01-01,3,2025-04-01,511,106,706,11,1691,glm_ar1,expanding,177,0,44
JAM,2025-01-01,4,2025-05-01,787,163,1086,18,2603,glm_ar1,expanding,177,0,30
JAM,2025-01-01,5,2025-06-01,1086,226,1499,25,3592,glm_ar1,expanding,177,0,65
JAM,2025-01-01,6,2025-07-01,1382,287,1907,32,4569,glm_ar1,expanding,177,0,48
KEN,2025-01-01,1,2025-02-01,1155,240,1594,26,3820,glm_ar1,expanding,71,72,673
KEN,2025-01-01,2,2025-03-01,1447,301,1997,33,4784,glm_ar1,expanding,71,72,29
KEN,2025-01-01,3,2025-04-01,1712,356,2362,39,5660,glm_ar1,expanding,71,72,64
KEN,2025-01-01,4,2025-05-01,1941,403,2679,44,6419,glm_ar1,expanding,71,72,816
KEN,2025-01-01,5,2025-06-01,2133,443,2942,49,7051,glm_ar1,expanding,71,72,285
KEN,2025-01-01,6,2025-07-01,2288,476,3157,52,7564,glm_ar1,expanding,71,72,1241
KHM,2025-01-01,1,2025-02-01,1059,220,1461,24,3502,glm_ar1,expanding,180,0,498
KHM,2025-01-01,2,2025-03-01,1356,282,1871,31,4483,glm_ar1,expanding,180,0,600
KHM,2025-01-01,3,2025-04-01,1631,339,2250,37,5392,glm_ar1,expanding,180,0,935
KHM,2025-01-01,4,2025-05-01,1872,389,2583,43,6190,glm_ar1,expanding,180,0,3233
KHM,2025-01-01,5,2025-06-01,2076,431,2864,48,6862,glm_ar1,expanding,180,0,6602
KHM,2025-01-01,6,2025-07-01,2242,466,3093,51,7412,glm_ar1,expanding,180,0,14728
KIR,2025-01-01,1,2025-02-01,7,1,10,0,25,glm_ar1,expanding,82,84,0
KIR,2025-01-01,2,2025-03-01,36,7,50,0,121,glm_ar1,expanding,82,84,5
KIR,2025-01-01,3,2025-04-01,111,23,153,2,368,glm_ar1,expanding,82,84,21
KIR,2025-01-01,4,2025-05-01,253,52,349,5,836,glm_ar1,expanding,82,84,95
KIR,2025-01-01,5,2025-06-01,465,96,642,10,1539,glm_ar1,expanding,82,84,380
KIR,2025-01-01,6,2025-07-01,734,152,1012,17,2426,glm_ar1,expanding,82,84,494
KNA,2025-01-01,1,2025-02-01,7,1,10,0,25,glm_ar1,expanding,70,72,4
KNA,2025-01-01,2,2025-03-01,36,7,50,0,121,glm_ar1,expanding,70,72,0
KNA,2025-01-01,3,2025-04-01,111,23,153,2,368,glm_ar1,expanding,70,72,0
KNA,2025-01-01,4,2025-05-01,253,52,349,5,836,glm_ar1,expanding,70,72,0
KNA,2025-01-01,5,2025-06-01,465,96,642,10,1539,glm_ar1,expanding,70,72,0
KNA,2025-01-01,6,2025-07-01,734,152,1012,17,2426,glm_ar1,expanding,70,72,0
LAO,2025-01-01,1,2025-02-01,466,97,643,10,1540,glm_ar1,expanding,180,0,165
LAO,2025-01-01,2,2025-03-01,734,152,1013,17,2428,glm_ar1,expanding,180,0,138
LAO,2025-01-01,3,2025-04-01,1031,214,1423,23,3409,glm_ar1,expanding,180,0,173
LAO,2025-01-01,4,2025-05-01,1329,276,1834,30,4394,glm_ar1,expanding,180,0,614
LAO,2025-01-01,5,2025-06-01,1607,334,2217,37,5312,glm_ar1,expanding,180,0,1271
LAO,2025-01-01,6,2025-07-01,1851,385,2554,42,6121,glm_ar1,expanding,180,0,2741
LCA,2025-01-01,1,2025-02-01,38,8,53,0,127,glm_ar1,expanding,131,48,10
LCA,2025-01-01,2,2025-03-01,115,24,159,2,382,glm_ar1,expanding,131,48,6
LCA,2025-01-01,3,2025-04-01,260,54,358,6,859,glm_ar1,expanding,131,48,6
LCA,2025-01-01,4,2025-05-01,475,98,655,11,1571,glm_ar1,expanding,131,48,1
LCA,2025-01-01,5,2025-06-01,745,155,1028,17,2463,glm_ar1,expanding,131,48,8
LCA,2025-01-01,6,2025-07-01,1042,217,1438,24,3447,glm_ar1,expanding,131,48,3
LKA,2025-01-01,1,2025-02-01,4289,892,5917,99,14177,glm_ar1,expanding,180,0,3666
LKA,2025-01-01,2,2025-03-01,3857,802,5321,89,12751,glm_ar1,expanding,180,0,3771
LKA,2025-01-01,3,2025-04-01,3563,741,4916,82,11779,glm_ar1,expanding,180,0,5171
LKA,2025-01-01,4,2025-05-01,3358,698,4633,77,11102,glm_ar1,expanding,180,0,6035
LKA,2025-01-01,5,2025-06-01,3213,668,4432,74,10620,glm_ar1,expanding,180,0,5468
LKA,2025-01-01,6,2025-07-01,3108,646,4288,71,10274,glm_ar1,expanding,180,0,4838
MAF,2025-01-01,1,2025-02-01,146,30,202,3,484,glm_ar1,expanding,164,12,17
MAF,2025-01-01,2,2025-03-01,310,64,428,7,1025,glm_ar1,expanding,164,12,18
MAF,2025-01-01,3,2025-04-01,542,112,747,12,1791,glm_ar1,expanding,164,12,32
MAF,2025-01-01,4,2025-05-01,822,171,1134,19,2717,glm_ar1,expanding,164,12,34
MAF,2025-01-01,5,2025-06-01,1122,233,1548,26,3709,glm_ar1,expanding,164,12,30
MAF,2025-01-01,6,2025-07-01,1415,294,1953,32,4679,glm_ar1,expanding,164,12,6
MDV,2025-01-01,1,2025-02-01,183,38,253,4,607,glm_ar1,expanding,180,0,74
MDV,2025-01-01,2,2025-03-01,366,76,506,8,1212,glm_ar1,expanding,180,0,69
MDV,2025-01-01,3,2025-04-01,614,127,847,14,2030,glm_ar1,expanding,180,0,120
MDV,2025-01-01,4,2025-05-01,902,187,1245,20,2983,glm_ar1,expanding,180,0,116
MDV,2025-01-01,5,2025-06-01,1203,250,1659,27,3977,glm_ar1,expanding,180,0,165
MDV,2025-01-01,6,2025-07-01,1491,310,2057,34,4930,glm_ar1,expanding,180,0,168
MEX,2025-01-01,1,2025-02-01,7868,1636,10854,181,26008,glm_ar1,expanding,180,0,8287
MEX,2025-01-01,2,2025-03-01,6072,1263,8377,140,20073,glm_ar1,expanding,180,0,9680
MEX,2025-01-01,3,2025-04-01,5003,1040,6902,115,16538,glm_ar1,expanding,180,0,6002
MEX,2025-01-01,4,2025-05-01,4328,900,5971,100,14307,glm_ar1,expanding,180,0,7905
MEX,2025-01-01,5,2025-06-01,3884,807,5358,89,12839,glm_ar1,expanding,180,0,12409
MEX,2025-01-01,6,2025-07-01,3581,745,4941,82,11840,glm_ar1,expanding,180,0,11822
MHL,2025-01-01,1,2025-02-01,7,1,10,0,25,glm_ar1,expanding,61,103,0
MHL,2025-01-01,2,2025-03-01,36,7,50,0,121,glm_ar1,expanding,61,103,0
MHL,2025-01-01,3,2025-04-01,111,23,153,2,368,glm_ar1,expanding,61,103,0
MHL,2025-01-01,4,2025-05-01,253,52,349,5,836,glm_ar1,expanding,61,103,0
MHL,2025-01-01,5,2025-06-01,465,96,642,10,1539,glm_ar1,expanding,61,103,0
MHL,2025-01-01,6,2025-07-01,734,152,1012,17,2426,glm_ar1,expanding,61,103,0
MMR,2025-01-01,1,2025-02-01,349,72,482,8,1156,glm_ar1,expanding,180,0,120
MMR,2025-01-01,2,2025-03-01,593,123,818,13,1959,glm_ar1,expanding,180,0,167
MMR,2025-01-01,3,2025-04-01,879,182,1212,20,2905,glm_ar1,expanding,180,0,235
MMR,2025-01-01,4,2025-05-01,1179,245,1627,27,3899,glm_ar1,expanding,180,0,699
MMR,2025-01-01,5,2025-06-01,1469,305,2027,34,4858,glm_ar1,expanding,180,0,1744
MMR,2025-01-01,6,2025-07-01,1732,360,2389,40,5725,glm_ar1,expanding,180,0,3065
MRT,2025-01-01,1,2025-02-01,237,49,327,5,785,glm_ar1,expanding,33,60,66
MRT,2025-01-01,2,2025-03-01,444,92,612,10,1468,glm_ar1,expanding,33,60,35
MRT,2025-01-01,3,2025-04-01,708,147,977,16,2342,glm_ar1,expanding,33,60,41
MRT,2025-01-01,4,2025-05-01,1004,208,1385,23,3319,glm_ar1,expanding,33,60,3
MRT,2025-01-01,5,2025-06-01,1303,271,1797,30,4307,glm_ar1,expanding,33,60,179
MRT,2025-01-01,6,2025-07-01,1583,329,2184,36,5233,glm_ar1,expanding,33,60,82
MTQ,2025-01-01,1,2025-02-01,520,108,717,12,1718,glm_ar1,expanding,177,0,100
MTQ,2025-01-01,2,2025-03-01,797,165,1099,18,2634,glm_ar1,expanding,177,0,282
MTQ,2025-01-01,3,2025-04-01,1096,228,1512,25,3624,glm_ar1,expanding,177,0,100
MTQ,2025-01-01,4,2025-05-01,1391,289,1919,32,4599,glm_ar1,expanding,177,0,130
MTQ,2025-01-01,5,2025-06-01,1662,345,2293,38,5496,glm_ar1,expanding,177,0,90
MTQ,2025-01-01,6,2025-07-01,1899,395,2620,43,6278,glm_ar1,expanding,177,0,28
MYS,2025-01-01,1,2025-02-01,5370,1117,7409,124,17753,glm_ar1,expanding,180,0,5049
MYS,2025-01-01,2,2025-03-01,4564,949,6296,105,15086,glm_ar1,expanding,180,0,4571
MYS,2025-01-01,3,2025-04-01,4041,840,5575,93,13358,glm_ar1,expanding,180,0,5383
MYS,2025-01-01,4,2025-05-01,3689,767,5090,85,12196,glm_ar1,expanding,180,0,4877
MYS,2025-01-01,5,2025-06-01,3447,717,4755,79,11394,glm_ar1,expanding,180,0,4657
MYS,2025-01-01,6,2025-07-01,3276,681,4519,75,10829,glm_ar1,expanding,180,0,5065
NCL,2025-01-01,1,2025-02-01,7,1,10,0,25,glm_ar1,expanding,133,28,0
NCL,2025-01-01,2,2025-03-01,36,7,50,0,121,glm_ar1,expanding,133,28,0
NCL,2025-01-01,3,2025-04-01,111,23,153,2,368,glm_ar1,expanding,133,28,2
NCL,2025-01-01,4,2025-05-01,253,52,349,5,836,glm_ar1,expanding,133,28,1
NCL,2025-01-01,5,2025-06-01,465,96,642,10,1539,glm_ar1,expanding,133,28,0
NCL,2025-01-01,6,2025-07-01,734,152,1012,17,2426,glm_ar1,expanding,133,28,0
NIC,2025-01-01,1,2025-02-01,NA,NA,NA,NA,NA,glm_ar1,expanding,168,0,NA
NIC,2025-01-01,2,2025-03-01,NA,NA,NA,NA,NA,glm_ar1,expanding,168,0,NA
NIC,2025-01-01,3,2025-04-01,NA,NA,NA,NA,NA,glm_ar1,expanding,168,0,NA
NIC,2025-01-01,4,2025-05-01,NA,NA,NA,NA,NA,glm_ar1,expanding,168,0,NA
NIC,2025-01-01,5,2025-06-01,NA,NA,NA,NA,NA,glm_ar1,expanding,168,0,NA
NIC,2025-01-01,6,2025-07-01,NA,NA,NA,NA,NA,glm_ar1,expanding,168,0,NA
NPL,2025-01-01,1,2025-02-01,474,98,654,11,1568,glm_ar1,expanding,179,0,252
NPL,2025-01-01,2,2025-03-01,744,154,1026,17,2459,glm_ar1,expanding,179,0,254
NPL,2025-01-01,3,2025-04-01,1041,216,1437,24,3443,glm_ar1,expanding,179,0,224
NPL,2025-01-01,4,2025-05-01,1339,278,1847,31,4426,glm_ar1,expanding,179,0,314
NPL,2025-01-01,5,2025-06-01,1615,336,2229,37,5341,glm_ar1,expanding,179,0,530
NPL,2025-01-01,6,2025-07-01,1859,386,2565,43,6146,glm_ar1,expanding,179,0,830
OMN,2025-01-01,1,2025-02-01,NA,NA,NA,NA,NA,glm_ar1,expanding,60,0,NA
OMN,2025-01-01,2,2025-03-01,NA,NA,NA,NA,NA,glm_ar1,expanding,60,0,NA
OMN,2025-01-01,3,2025-04-01,NA,NA,NA,NA,NA,glm_ar1,expanding,60,0,NA
OMN,2025-01-01,4,2025-05-01,NA,NA,NA,NA,NA,glm_ar1,expanding,60,0,NA
OMN,2025-01-01,5,2025-06-01,NA,NA,NA,NA,NA,glm_ar1,expanding,60,0,NA
OMN,2025-01-01,6,2025-07-01,NA,NA,NA,NA,NA,glm_ar1,expanding,60,0,NA
PAK,2025-01-01,1,2025-02-01,3484,724,4807,80,11518,glm_ar1,expanding,179,0,2496
PAK,2025-01-01,2,2025-03-01,3302,686,4556,76,10916,glm_ar1,expanding,179,0,615
PAK,2025-01-01,3,2025-04-01,3172,660,4377,73,10488,glm_ar1,expanding,179,0,431
PAK,2025-01-01,4,2025-05-01,3079,640,4247,71,10178,glm_ar1,expanding,179,0,499
PAK,2025-01-01,5,2025-06-01,3011,626,4153,69,9952,glm_ar1,expanding,179,0,598
PAK,2025-01-01,6,2025-07-01,2961,615,4084,68,9787,glm_ar1,expanding,179,0,1029
PAN,2025-01-01,1,2025-02-01,2451,510,3382,56,8104,glm_ar1,expanding,178,0,1335
PAN,2025-01-01,2,2025-03-01,2539,528,3503,58,8394,glm_ar1,expanding,178,0,1273
PAN,2025-01-01,3,2025-04-01,2606,542,3596,60,8617,glm_ar1,expanding,178,0,827
PAN,2025-01-01,4,2025-05-01,2658,553,3667,61,8787,glm_ar1,expanding,178,0,962
PAN,2025-01-01,5,2025-06-01,2697,561,3721,62,8917,glm_ar1,expanding,178,0,1813
PAN,2025-01-01,6,2025-07-01,2727,567,3762,63,9016,glm_ar1,expanding,178,0,2331
PER,2025-01-01,1,2025-02-01,5070,1054,6995,117,16761,glm_ar1,expanding,173,0,4516
PER,2025-01-01,2,2025-03-01,4372,909,6031,101,14452,glm_ar1,expanding,173,0,7093
PER,2025-01-01,3,2025-04-01,3913,813,5398,90,12935,glm_ar1,expanding,173,0,6207
PER,2025-01-01,4,2025-05-01,3602,749,4969,83,11906,glm_ar1,expanding,173,0,3573
PER,2025-01-01,5,2025-06-01,3385,704,4670,78,11191,glm_ar1,expanding,173,0,2451
PER,2025-01-01,6,2025-07-01,3232,672,4459,74,10684,glm_ar1,expanding,173,0,1191
PHL,2025-01-01,1,2025-02-01,NA,NA,NA,NA,NA,glm_ar1,expanding,168,0,NA
PHL,2025-01-01,2,2025-03-01,NA,NA,NA,NA,NA,glm_ar1,expanding,168,0,NA
PHL,2025-01-01,3,2025-04-01,NA,NA,NA,NA,NA,glm_ar1,expanding,168,0,NA
PHL,2025-01-01,4,2025-05-01,NA,NA,NA,NA,NA,glm_ar1,expanding,168,0,NA
PHL,2025-01-01,5,2025-06-01,NA,NA,NA,NA,NA,glm_ar1,expanding,168,0,NA
PHL,2025-01-01,6,2025-07-01,NA,NA,NA,NA,NA,glm_ar1,expanding,168,0,NA
PLW,2025-01-01,1,2025-02-01,7,1,10,0,25,glm_ar1,expanding,85,93,0
PLW,2025-01-01,2,2025-03-01,36,7,50,0,121,glm_ar1,expanding,85,93,0
PLW,2025-01-01,3,2025-04-01,111,23,153,2,368,glm_ar1,expanding,85,93,0
PLW,2025-01-01,4,2025-05-01,253,52,349,5,836,glm_ar1,expanding,85,93,0
PLW,2025-01-01,5,2025-06-01,465,96,642,10,1539,glm_ar1,expanding,85,93,1
PLW,2025-01-01,6,2025-07-01,734,152,1012,17,2426,glm_ar1,expanding,85,93,6
PRI,2025-01-01,1,2025-02-01,955,198,1317,22,3156,glm_ar1,expanding,142,36,389
PRI,2025-01-01,2,2025-03-01,1255,261,1731,29,4148,glm_ar1,expanding,142,36,327
PRI,2025-01-01,3,2025-04-01,1539,320,2123,35,5088,glm_ar1,expanding,142,36,193
PRI,2025-01-01,4,2025-05-01,1793,373,2473,41,5927,glm_ar1,expanding,142,36,191
PRI,2025-01-01,5,2025-06-01,2009,418,2772,46,6643,glm_ar1,expanding,142,36,295
PRI,2025-01-01,6,2025-07-01,2188,455,3019,50,7234,glm_ar1,expanding,142,36,208
PRY,2025-01-01,1,2025-02-01,4107,854,5666,94,13577,glm_ar1,expanding,175,0,3832
PRY,2025-01-01,2,2025-03-01,3734,776,5152,86,12345,glm_ar1,expanding,175,0,4747
PRY,2025-01-01,3,2025-04-01,3478,723,4798,80,11498,glm_ar1,expanding,175,0,2923
PRY,2025-01-01,4,2025-05-01,3298,686,4550,76,10902,glm_ar1,expanding,175,0,3701
PRY,2025-01-01,5,2025-06-01,3169,659,4372,73,10478,glm_ar1,expanding,175,0,1971
PRY,2025-01-01,6,2025-07-01,3077,640,4244,71,10171,glm_ar1,expanding,175,0,870
PYF,2025-01-01,1,2025-02-01,424,88,585,9,1402,glm_ar1,expanding,129,48,131
PYF,2025-01-01,2,2025-03-01,684,142,944,15,2263,glm_ar1,expanding,129,48,240
PYF,2025-01-01,3,2025-04-01,979,203,1350,22,3235,glm_ar1,expanding,129,48,168
PYF,2025-01-01,4,2025-05-01,1278,266,1763,29,4226,glm_ar1,expanding,129,48,203
PYF,2025-01-01,5,2025-06-01,1560,324,2153,36,5159,glm_ar1,expanding,129,48,84
PYF,2025-01-01,6,2025-07-01,1811,376,2499,41,5988,glm_ar1,expanding,129,48,0
REU,2025-01-01,1,2025-02-01,45,9,62,1,148,glm_ar1,expanding,111,60,0
REU,2025-01-01,2,2025-03-01,129,26,178,3,426,glm_ar1,expanding,111,60,2
REU,2025-01-01,3,2025-04-01,282,58,389,6,932,glm_ar1,expanding,111,60,5
REU,2025-01-01,4,2025-05-01,505,105,696,11,1669,glm_ar1,expanding,111,60,0
REU,2025-01-01,5,2025-06-01,779,162,1075,18,2577,glm_ar1,expanding,111,60,0
REU,2025-01-01,6,2025-07-01,1078,224,1488,25,3565,glm_ar1,expanding,111,60,0
SAU,2025-01-01,1,2025-02-01,NA,NA,NA,NA,NA,glm_ar1,expanding,168,0,NA
SAU,2025-01-01,2,2025-03-01,NA,NA,NA,NA,NA,glm_ar1,expanding,168,0,NA
SAU,2025-01-01,3,2025-04-01,NA,NA,NA,NA,NA,glm_ar1,expanding,168,0,NA
SAU,2025-01-01,4,2025-05-01,NA,NA,NA,NA,NA,glm_ar1,expanding,168,0,NA
SAU,2025-01-01,5,2025-06-01,NA,NA,NA,NA,NA,glm_ar1,expanding,168,0,NA
SAU,2025-01-01,6,2025-07-01,NA,NA,NA,NA,NA,glm_ar1,expanding,168,0,NA
SDN,2025-01-01,1,2025-02-01,1122,233,1548,26,3710,glm_ar1,expanding,93,84,816
SDN,2025-01-01,2,2025-03-01,1416,294,1953,32,4680,glm_ar1,expanding,93,84,669
SDN,2025-01-01,3,2025-04-01,1684,350,2324,39,5568,glm_ar1,expanding,93,84,838
SDN,2025-01-01,4,2025-05-01,1918,399,2646,44,6340,glm_ar1,expanding,93,84,853
SDN,2025-01-01,5,2025-06-01,2113,439,2916,48,6986,glm_ar1,expanding,93,84,335
SDN,2025-01-01,6,2025-07-01,2272,472,3135,52,7512,glm_ar1,expanding,93,84,741
SEN,2025-01-01,1,2025-02-01,220,45,303,5,727,glm_ar1,expanding,69,24,140
SEN,2025-01-01,2,2025-03-01,419,87,578,9,1387,glm_ar1,expanding,69,24,89
SEN,2025-01-01,3,2025-04-01,679,141,936,15,2244,glm_ar1,expanding,69,24,130
SEN,2025-01-01,4,2025-05-01,972,202,1342,22,3215,glm_ar1,expanding,69,24,201
SEN,2025-01-01,5,2025-06-01,1272,264,1755,29,4206,glm_ar1,expanding,69,24,225
SEN,2025-01-01,6,2025-07-01,1555,323,2145,36,5141,glm_ar1,expanding,69,24,304
SGP,2025-01-01,1,2025-02-01,758,157,1046,17,2506,glm_ar1,expanding,180,0,380
SGP,2025-01-01,2,2025-03-01,1056,219,1457,24,3491,glm_ar1,expanding,180,0,356
SGP,2025-01-01,3,2025-04-01,1353,281,1866,31,4473,glm_ar1,expanding,180,0,380
SGP,2025-01-01,4,2025-05-01,1628,338,2246,37,5383,glm_ar1,expanding,180,0,532
SGP,2025-01-01,5,2025-06-01,1870,389,2580,43,6182,glm_ar1,expanding,180,0,449
SGP,2025-01-01,6,2025-07-01,2074,431,2861,47,6855,glm_ar1,expanding,180,0,465
SLB,2025-01-01,1,2025-02-01,134,28,185,3,444,glm_ar1,expanding,118,24,34
SLB,2025-01-01,2,2025-03-01,290,60,401,6,960,glm_ar1,expanding,118,24,30
SLB,2025-01-01,3,2025-04-01,516,107,712,12,1706,glm_ar1,expanding,118,24,30
SLB,2025-01-01,4,2025-05-01,792,164,1093,18,2620,glm_ar1,expanding,118,24,28
SLB,2025-01-01,5,2025-06-01,1092,227,1506,25,3609,glm_ar1,expanding,118,24,13
SLB,2025-01-01,6,2025-07-01,1387,288,1913,32,4585,glm_ar1,expanding,118,24,5
SLV,2025-01-01,1,2025-02-01,669,139,923,15,2211,glm_ar1,expanding,180,0,358
SLV,2025-01-01,2,2025-03-01,962,200,1327,22,3180,glm_ar1,expanding,180,0,492
SLV,2025-01-01,3,2025-04-01,1262,262,1741,29,4171,glm_ar1,expanding,180,0,379
SLV,2025-01-01,4,2025-05-01,1545,321,2132,35,5109,glm_ar1,expanding,180,0,391
SLV,2025-01-01,5,2025-06-01,1798,374,2481,41,5945,glm_ar1,expanding,180,0,616
SLV,2025-01-01,6,2025-07-01,2014,419,2779,46,6658,glm_ar1,expanding,180,0,732
SUR,2025-01-01,1,2025-02-01,189,39,261,4,625,glm_ar1,expanding,118,60,162
SUR,2025-01-01,2,2025-03-01,375,78,517,8,1239,glm_ar1,expanding,118,60,289
SUR,2025-01-01,3,2025-04-01,624,130,861,14,2064,glm_ar1,expanding,118,60,98
SUR,2025-01-01,4,2025-05-01,913,190,1260,21,3020,glm_ar1,expanding,118,60,204
SUR,2025-01-01,5,2025-06-01,1214,252,1675,28,4014,glm_ar1,expanding,118,60,119
SUR,2025-01-01,6,2025-07-01,1501,312,2072,34,4964,glm_ar1,expanding,118,60,115
SXM,2025-01-01,1,2025-02-01,7,1,10,0,25,glm_ar1,expanding,46,132,0
SXM,2025-01-01,2,2025-03-01,36,7,50,0,121,glm_ar1,expanding,46,132,0
SXM,2025-01-01,3,2025-04-01,111,23,153,2,368,glm_ar1,expanding,46,132,0
SXM,2025-01-01,4,2025-05-01,253,52,349,5,836,glm_ar1,expanding,46,132,6
SXM,2025-01-01,5,2025-06-01,465,96,642,10,1539,glm_ar1,expanding,46,132,0
SXM,2025-01-01,6,2025-07-01,734,152,1012,17,2426,glm_ar1,expanding,46,132,2
SYC,2025-01-01,1,2025-02-01,12,2,17,0,42,glm_ar1,expanding,49,54,0
SYC,2025-01-01,2,2025-03-01,52,10,71,1,172,glm_ar1,expanding,49,54,0
SYC,2025-01-01,3,2025-04-01,144,30,198,3,476,glm_ar1,expanding,49,54,10
SYC,2025-01-01,4,2025-05-01,306,63,422,7,1011,glm_ar1,expanding,49,54,1
SYC,2025-01-01,5,2025-06-01,536,111,740,12,1773,glm_ar1,expanding,49,54,1
SYC,2025-01-01,6,2025-07-01,815,169,1125,18,2696,glm_ar1,expanding,49,54,0
TCA,2025-01-01,1,2025-02-01,7,1,10,0,25,glm_ar1,expanding,85,56,0
TCA,2025-01-01,2,2025-03-01,36,7,50,0,121,glm_ar1,expanding,85,56,0
TCA,2025-01-01,3,2025-04-01,111,23,153,2,368,glm_ar1,expanding,85,56,0
TCA,2025-01-01,4,2025-05-01,253,52,349,5,836,glm_ar1,expanding,85,56,1
TCA,2025-01-01,5,2025-06-01,465,96,642,10,1539,glm_ar1,expanding,85,56,0
TCA,2025-01-01,6,2025-07-01,734,152,1012,17,2426,glm_ar1,expanding,85,56,0
THA,2025-01-01,1,2025-02-01,3665,762,5056,84,12115,glm_ar1,expanding,180,0,2269
THA,2025-01-01,2,2025-03-01,3429,713,4731,79,11337,glm_ar1,expanding,180,0,2447
THA,2025-01-01,3,2025-04-01,3263,678,4502,75,10788,glm_ar1,expanding,180,0,2271
THA,2025-01-01,4,2025-05-01,3145,654,4338,72,10396,glm_ar1,expanding,180,0,4683
THA,2025-01-01,5,2025-06-01,3059,636,4220,70,10111,glm_ar1,expanding,180,0,8697
THA,2025-01-01,6,2025-07-01,2996,623,4133,69,9904,glm_ar1,expanding,180,0,10987
TLS,2025-01-01,1,2025-02-01,284,59,392,6,939,glm_ar1,expanding,173,0,189
TLS,2025-01-01,2,2025-03-01,507,105,700,11,1678,glm_ar1,expanding,173,0,192
TLS,2025-01-01,3,2025-04-01,783,162,1080,18,2588,glm_ar1,expanding,173,0,131
TLS,2025-01-01,4,2025-05-01,1082,225,1492,25,3576,glm_ar1,expanding,173,0,111
TLS,2025-01-01,5,2025-06-01,1377,286,1900,31,4554,glm_ar1,expanding,173,0,74
TLS,2025-01-01,6,2025-07-01,1650,343,2277,38,5455,glm_ar1,expanding,173,0,85
TON,2025-01-01,1,2025-02-01,7,1,10,0,25,glm_ar1,expanding,57,72,249
TON,2025-01-01,2,2025-03-01,36,7,50,0,121,glm_ar1,expanding,57,72,603
TON,2025-01-01,3,2025-04-01,111,23,153,2,368,glm_ar1,expanding,57,72,433
TON,2025-01-01,4,2025-05-01,253,52,349,5,836,glm_ar1,expanding,57,72,563
TON,2025-01-01,5,2025-06-01,465,96,642,10,1539,glm_ar1,expanding,57,72,207
TON,2025-01-01,6,2025-07-01,734,152,1012,17,2426,glm_ar1,expanding,57,72,109
TTO,2025-01-01,1,2025-02-01,7,1,10,0,25,glm_ar1,expanding,130,48,0
TTO,2025-01-01,2,2025-03-01,36,7,50,0,121,glm_ar1,expanding,130,48,0
TTO,2025-01-01,3,2025-04-01,111,23,153,2,368,glm_ar1,expanding,130,48,0
TTO,2025-01-01,4,2025-05-01,253,52,349,5,836,glm_ar1,expanding,130,48,9
TTO,2025-01-01,5,2025-06-01,465,96,642,10,1539,glm_ar1,expanding,130,48,23
TTO,2025-01-01,6,2025-07-01,734,152,1012,17,2426,glm_ar1,expanding,130,48,8
TUV,2025-01-01,1,2025-02-01,7,1,10,0,25,glm_ar1,expanding,49,33,0
TUV,2025-01-01,2,2025-03-01,36,7,50,0,121,glm_ar1,expanding,49,33,0
TUV,2025-01-01,3,2025-04-01,111,23,153,2,368,glm_ar1,expanding,49,33,0
TUV,2025-01-01,4,2025-05-01,253,52,349,5,836,glm_ar1,expanding,49,33,0
TUV,2025-01-01,5,2025-06-01,465,96,642,10,1539,glm_ar1,expanding,49,33,0
TUV,2025-01-01,6,2025-07-01,734,152,1012,17,2426,glm_ar1,expanding,49,33,0
TWN,2025-01-01,1,2025-02-01,NA,NA,NA,NA,NA,glm_ar1,expanding,108,60,NA
TWN,2025-01-01,2,2025-03-01,NA,NA,NA,NA,NA,glm_ar1,expanding,108,60,NA
TWN,2025-01-01,3,2025-04-01,NA,NA,NA,NA,NA,glm_ar1,expanding,108,60,NA
TWN,2025-01-01,4,2025-05-01,NA,NA,NA,NA,NA,glm_ar1,expanding,108,60,NA
TWN,2025-01-01,5,2025-06-01,NA,NA,NA,NA,NA,glm_ar1,expanding,108,60,NA
TWN,2025-01-01,6,2025-07-01,NA,NA,NA,NA,NA,glm_ar1,expanding,108,60,NA
URY,2025-01-01,1,2025-02-01,7,1,10,0,25,glm_ar1,expanding,58,60,0
URY,2025-01-01,2,2025-03-01,36,7,50,0,121,glm_ar1,expanding,58,60,1
URY,2025-01-01,3,2025-04-01,111,23,153,2,368,glm_ar1,expanding,58,60,1
URY,2025-01-01,4,2025-05-01,253,52,349,5,836,glm_ar1,expanding,58,60,4
URY,2025-01-01,5,2025-06-01,465,96,642,10,1539,glm_ar1,expanding,58,60,0
URY,2025-01-01,6,2025-07-01,734,152,1012,17,2426,glm_ar1,expanding,58,60,0
USA,2025-01-01,1,2025-02-01,194,40,268,4,644,glm_ar1,expanding,167,12,65
USA,2025-01-01,2,2025-03-01,383,79,528,8,1266,glm_ar1,expanding,167,12,71
USA,2025-01-01,3,2025-04-01,634,132,875,14,2097,glm_ar1,expanding,167,12,62
USA,2025-01-01,4,2025-05-01,924,192,1275,21,3057,glm_ar1,expanding,167,12,46
USA,2025-01-01,5,2025-06-01,1225,254,1690,28,4050,glm_ar1,expanding,167,12,79
USA,2025-01-01,6,2025-07-01,1512,314,2085,35,4998,glm_ar1,expanding,167,12,79
VCT,2025-01-01,1,2025-02-01,7,1,10,0,25,glm_ar1,expanding,130,48,2
VCT,2025-01-01,2,2025-03-01,36,7,50,0,121,glm_ar1,expanding,130,48,0
VCT,2025-01-01,3,2025-04-01,111,23,153,2,368,glm_ar1,expanding,130,48,1
VCT,2025-01-01,4,2025-05-01,253,52,349,5,836,glm_ar1,expanding,130,48,0
VCT,2025-01-01,5,2025-06-01,465,96,642,10,1539,glm_ar1,expanding,130,48,2
VCT,2025-01-01,6,2025-07-01,734,152,1012,17,2426,glm_ar1,expanding,130,48,0
VEN,2025-01-01,1,2025-02-01,4963,1032,6847,114,16407,glm_ar1,expanding,169,9,4840
VEN,2025-01-01,2,2025-03-01,4302,895,5936,99,14223,glm_ar1,expanding,169,9,4431
VEN,2025-01-01,3,2025-04-01,3866,804,5334,89,12782,glm_ar1,expanding,169,9,2355
VEN,2025-01-01,4,2025-05-01,3570,742,4925,82,11800,glm_ar1,expanding,169,9,3201
VEN,2025-01-01,5,2025-06-01,3363,699,4639,77,11116,glm_ar1,expanding,169,9,5379
VEN,2025-01-01,6,2025-07-01,3216,669,4436,74,10631,glm_ar1,expanding,169,9,3409
VGB,2025-01-01,1,2025-02-01,47,10,66,1,158,glm_ar1,expanding,142,36,4
VGB,2025-01-01,2,2025-03-01,135,28,186,3,447,glm_ar1,expanding,142,36,6
VGB,2025-01-01,3,2025-04-01,292,60,403,6,966,glm_ar1,expanding,142,36,4
VGB,2025-01-01,4,2025-05-01,518,107,715,12,1713,glm_ar1,expanding,142,36,1
VGB,2025-01-01,5,2025-06-01,795,165,1097,18,2628,glm_ar1,expanding,142,36,1
VGB,2025-01-01,6,2025-07-01,1094,227,1510,25,3618,glm_ar1,expanding,142,36,1
VNM,2025-01-01,1,2025-02-01,6521,1356,8996,150,21556,glm_ar1,expanding,179,0,4923
VNM,2025-01-01,2,2025-03-01,5277,1097,7280,121,17443,glm_ar1,expanding,179,0,2903
VNM,2025-01-01,3,2025-04-01,4504,936,6214,104,14889,glm_ar1,expanding,179,0,2654
VNM,2025-01-01,4,2025-05-01,4001,832,5520,92,13227,glm_ar1,expanding,179,0,4792
VNM,2025-01-01,5,2025-06-01,3662,761,5052,84,12107,glm_ar1,expanding,179,0,4860
VNM,2025-01-01,6,2025-07-01,3428,713,4729,79,11331,glm_ar1,expanding,179,0,1442
VUT,2025-01-01,1,2025-02-01,187,39,258,4,619,glm_ar1,expanding,99,72,10
VUT,2025-01-01,2,2025-03-01,372,77,513,8,1230,glm_ar1,expanding,99,72,0
VUT,2025-01-01,3,2025-04-01,621,129,856,14,2053,glm_ar1,expanding,99,72,1
VUT,2025-01-01,4,2025-05-01,910,189,1255,21,3008,glm_ar1,expanding,99,72,0
VUT,2025-01-01,5,2025-06-01,1210,251,1670,28,4001,glm_ar1,expanding,99,72,0
VUT,2025-01-01,6,2025-07-01,1498,311,2067,34,4953,glm_ar1,expanding,99,72,1
WLF,2025-01-01,1,2025-02-01,35,7,49,0,117,glm_ar1,expanding,92,0,4
WLF,2025-01-01,2,2025-03-01,108,22,149,2,358,glm_ar1,expanding,92,0,2
WLF,2025-01-01,3,2025-04-01,248,51,342,5,820,glm_ar1,expanding,92,0,1
WLF,2025-01-01,4,2025-05-01,458,95,633,10,1516,glm_ar1,expanding,92,0,1
WLF,2025-01-01,5,2025-06-01,725,151,1001,16,2399,glm_ar1,expanding,92,0,1
WLF,2025-01-01,6,2025-07-01,1022,212,1410,23,3379,glm_ar1,expanding,92,0,3
WSM,2025-01-01,1,2025-02-01,25,5,34,0,82,glm_ar1,expanding,88,0,1
WSM,2025-01-01,2,2025-03-01,84,17,116,2,278,glm_ar1,expanding,88,0,0
WSM,2025-01-01,3,2025-04-01,205,42,283,4,679,glm_ar1,expanding,88,0,40
WSM,2025-01-01,4,2025-05-01,398,83,550,9,1318,glm_ar1,expanding,88,0,227
WSM,2025-01-01,5,2025-06-01,653,136,902,15,2161,glm_ar1,expanding,88,0,599
WSM,2025-01-01,6,2025-07-01,945,196,1304,21,3126,glm_ar1,expanding,88,0,5131
YEM,2025-01-01,1,2025-02-01,NA,NA,NA,NA,NA,glm_ar1,expanding,84,24,NA
YEM,2025-01-01,2,2025-03-01,NA,NA,NA,NA,NA,glm_ar1,expanding,84,24,NA
YEM,2025-01-01,3,2025-04-01,NA,NA,NA,NA,NA,glm_ar1,expanding,84,24,NA
YEM,2025-01-01,4,2025-05-01,NA,NA,NA,NA,NA,glm_ar1,expanding,84,24,NA
YEM,2025-01-01,5,2025-06-01,NA,NA,NA,NA,NA,glm_ar1,expanding,84,24,NA
YEM,2025-01-01,6,2025-07-01,NA,NA,NA,NA,NA,glm_ar1,expanding,84,24,NA
ABW,2025-07-01,1,2025-08-01,16,3,23,0,56,glm_ar1,expanding,103,78,2
ABW,2025-07-01,2,2025-09-01,62,12,86,1,206,glm_ar1,expanding,103,78,0
ABW,2025-07-01,3,2025-10-01,162,33,224,3,539,glm_ar1,expanding,103,78,0
ABW,2025-07-01,4,2025-11-01,332,68,458,7,1100,glm_ar1,expanding,103,78,0
ABW,2025-07-01,5,2025-12-01,566,117,781,12,1876,glm_ar1,expanding,103,78,0
ABW,2025-07-01,6,2026-01-01,845,174,1166,19,2800,glm_ar1,expanding,103,78,2
AFG,2025-07-01,1,2025-08-01,575,118,794,13,1907,glm_ar1,expanding,53,0,273
AFG,2025-07-01,2,2025-09-01,855,176,1180,19,2834,glm_ar1,expanding,53,0,320
AFG,2025-07-01,3,2025-10-01,1151,237,1588,26,3814,glm_ar1,expanding,53,0,1766
AFG,2025-07-01,4,2025-11-01,1439,297,1985,32,4767,glm_ar1,expanding,53,0,1026
AFG,2025-07-01,5,2025-12-01,1701,351,2346,38,5634,glm_ar1,expanding,53,0,13
AFG,2025-07-01,6,2026-01-01,1928,398,2660,43,6388,glm_ar1,expanding,53,0,132
ARG,2025-07-01,1,2025-08-01,61,12,84,1,202,glm_ar1,expanding,180,0,1349
ARG,2025-07-01,2,2025-09-01,160,33,220,3,530,glm_ar1,expanding,180,0,4
ARG,2025-07-01,3,2025-10-01,328,67,452,7,1087,glm_ar1,expanding,180,0,75
ARG,2025-07-01,4,2025-11-01,561,116,774,12,1860,glm_ar1,expanding,180,0,163
ARG,2025-07-01,5,2025-12-01,839,173,1158,19,2781,glm_ar1,expanding,180,0,624
ARG,2025-07-01,6,2026-01-01,1135,234,1566,25,3761,glm_ar1,expanding,180,0,7
ATG,2025-07-01,1,2025-08-01,16,3,23,0,56,glm_ar1,expanding,100,24,2
ATG,2025-07-01,2,2025-09-01,62,12,86,1,206,glm_ar1,expanding,100,24,4
ATG,2025-07-01,3,2025-10-01,162,33,224,3,539,glm_ar1,expanding,100,24,1
ATG,2025-07-01,4,2025-11-01,332,68,458,7,1100,glm_ar1,expanding,100,24,0
ATG,2025-07-01,5,2025-12-01,566,117,781,12,1876,glm_ar1,expanding,100,24,0
ATG,2025-07-01,6,2026-01-01,845,174,1166,19,2800,glm_ar1,expanding,100,24,2
AUS,2025-07-01,1,2025-08-01,328,67,453,7,1088,glm_ar1,expanding,167,12,127
AUS,2025-07-01,2,2025-09-01,562,116,775,12,1861,glm_ar1,expanding,167,12,87
AUS,2025-07-01,3,2025-10-01,840,173,1159,19,2783,glm_ar1,expanding,167,12,146
AUS,2025-07-01,4,2025-11-01,1136,234,1567,25,3763,glm_ar1,expanding,167,12,119
AUS,2025-07-01,5,2025-12-01,1424,294,1965,32,4719,glm_ar1,expanding,167,12,114
AUS,2025-07-01,6,2026-01-01,1688,348,2328,38,5592,glm_ar1,expanding,167,12,224
BES,2025-07-01,1,2025-08-01,NA,NA,NA,NA,NA,glm_ar1,expanding,36,0,NA
BES,2025-07-01,2,2025-09-01,NA,NA,NA,NA,NA,glm_ar1,expanding,36,0,NA
BES,2025-07-01,3,2025-10-01,NA,NA,NA,NA,NA,glm_ar1,expanding,36,0,NA
BES,2025-07-01,4,2025-11-01,NA,NA,NA,NA,NA,glm_ar1,expanding,36,0,NA
BES,2025-07-01,5,2025-12-01,NA,NA,NA,NA,NA,glm_ar1,expanding,36,0,NA
BES,2025-07-01,6,2026-01-01,NA,NA,NA,NA,NA,glm_ar1,expanding,36,0,NA
BFA,2025-07-01,1,2025-08-01,3374,696,4653,76,11176,glm_ar1,expanding,75,48,3123
BFA,2025-07-01,2,2025-09-01,3224,665,4447,73,10680,glm_ar1,expanding,75,48,6374
BFA,2025-07-01,3,2025-10-01,3116,643,4298,70,10323,glm_ar1,expanding,75,48,11453
BFA,2025-07-01,4,2025-11-01,3038,627,4190,68,10062,glm_ar1,expanding,75,48,9011
BFA,2025-07-01,5,2025-12-01,2980,615,4110,67,9871,glm_ar1,expanding,75,48,5074
BFA,2025-07-01,6,2026-01-01,2937,606,4051,66,9730,glm_ar1,expanding,75,48,4017
BGD,2025-07-01,1,2025-08-01,7660,1581,10565,173,25374,glm_ar1,expanding,185,0,10496
BGD,2025-07-01,2,2025-09-01,5967,1231,8230,135,19765,glm_ar1,expanding,185,0,15866
BGD,2025-07-01,3,2025-10-01,4947,1021,6823,112,16386,glm_ar1,expanding,185,0,22520
BGD,2025-07-01,4,2025-11-01,4297,887,5927,97,14234,glm_ar1,expanding,185,0,24540
BGD,2025-07-01,5,2025-12-01,3866,798,5332,87,12807,glm_ar1,expanding,185,0,8465
BGD,2025-07-01,6,2026-01-01,3571,737,4926,81,11830,glm_ar1,expanding,185,0,1081
BHS,2025-07-01,1,2025-08-01,7,1,10,0,25,glm_ar1,expanding,55,129,0
BHS,2025-07-01,2,2025-09-01,35,7,49,0,117,glm_ar1,expanding,55,129,0
BHS,2025-07-01,3,2025-10-01,107,22,148,2,355,glm_ar1,expanding,55,129,0
BHS,2025-07-01,4,2025-11-01,243,50,336,5,807,glm_ar1,expanding,55,129,0
BHS,2025-07-01,5,2025-12-01,449,92,619,10,1488,glm_ar1,expanding,55,129,0
BHS,2025-07-01,6,2026-01-01,710,146,980,16,2353,glm_ar1,expanding,55,129,0
BLM,2025-07-01,1,2025-08-01,12,2,17,0,41,glm_ar1,expanding,124,36,1
BLM,2025-07-01,2,2025-09-01,50,10,69,1,167,glm_ar1,expanding,124,36,0
BLM,2025-07-01,3,2025-10-01,139,28,191,3,460,glm_ar1,expanding,124,36,1
BLM,2025-07-01,4,2025-11-01,295,61,407,6,978,glm_ar1,expanding,124,36,3
BLM,2025-07-01,5,2025-12-01,519,107,715,11,1719,glm_ar1,expanding,124,36,0
BLM,2025-07-01,6,2026-01-01,791,163,1091,18,2622,glm_ar1,expanding,124,36,0
BLZ,2025-07-01,1,2025-08-01,522,108,721,11,1732,glm_ar1,expanding,185,0,575
BLZ,2025-07-01,2,2025-09-01,796,164,1098,18,2636,glm_ar1,expanding,185,0,625
BLZ,2025-07-01,3,2025-10-01,1091,225,1504,24,3613,glm_ar1,expanding,185,0,412
BLZ,2025-07-01,4,2025-11-01,1381,285,1905,31,4577,glm_ar1,expanding,185,0,221
BLZ,2025-07-01,5,2025-12-01,1650,340,2275,37,5465,glm_ar1,expanding,185,0,200
BLZ,2025-07-01,6,2026-01-01,1885,389,2599,42,6243,glm_ar1,expanding,185,0,177
BOL,2025-07-01,1,2025-08-01,1429,295,1971,32,4735,glm_ar1,expanding,180,0,841
BOL,2025-07-01,2,2025-09-01,1692,349,2334,38,5606,glm_ar1,expanding,180,0,1167
BOL,2025-07-01,3,2025-10-01,1921,396,2649,43,6363,glm_ar1,expanding,180,0,1060
BOL,2025-07-01,4,2025-11-01,2113,436,2914,47,6998,glm_ar1,expanding,180,0,1833
BOL,2025-07-01,5,2025-12-01,2269,468,3129,51,7516,glm_ar1,expanding,180,0,6103
BOL,2025-07-01,6,2026-01-01,2394,494,3302,54,7930,glm_ar1,expanding,180,0,10506
BRA,2025-07-01,1,2025-08-01,37641,7768,51915,852,124680,glm_ar1,expanding,178,0,84986
BRA,2025-07-01,2,2025-09-01,19719,4069,27197,446,65316,glm_ar1,expanding,178,0,129907
BRA,2025-07-01,3,2025-10-01,12136,2504,16738,275,40198,glm_ar1,expanding,178,0,108128
BRA,2025-07-01,4,2025-11-01,8429,1739,11626,191,27920,glm_ar1,expanding,178,0,109805
BRA,2025-07-01,5,2025-12-01,6411,1323,8843,145,21237,glm_ar1,expanding,178,0,108245
BRA,2025-07-01,6,2026-01-01,5221,1077,7200,118,17293,glm_ar1,expanding,178,0,165478
BRB,2025-07-01,1,2025-08-01,52,11,72,1,175,glm_ar1,expanding,184,0,11
BRB,2025-07-01,2,2025-09-01,143,29,198,3,476,glm_ar1,expanding,184,0,17
BRB,2025-07-01,3,2025-10-01,303,62,417,6,1003,glm_ar1,expanding,184,0,12
BRB,2025-07-01,4,2025-11-01,528,109,729,12,1751,glm_ar1,expanding,184,0,24
BRB,2025-07-01,5,2025-12-01,802,165,1107,18,2659,glm_ar1,expanding,184,0,6
BRB,2025-07-01,6,2026-01-01,1098,226,1514,24,3636,glm_ar1,expanding,184,0,10
BRN,2025-07-01,1,2025-08-01,NA,NA,NA,NA,NA,glm_ar1,expanding,168,0,NA
BRN,2025-07-01,2,2025-09-01,NA,NA,NA,NA,NA,glm_ar1,expanding,168,0,NA
BRN,2025-07-01,3,2025-10-01,NA,NA,NA,NA,NA,glm_ar1,expanding,168,0,NA
BRN,2025-07-01,4,2025-11-01,NA,NA,NA,NA,NA,glm_ar1,expanding,168,0,NA
BRN,2025-07-01,5,2025-12-01,NA,NA,NA,NA,NA,glm_ar1,expanding,168,0,NA
BRN,2025-07-01,6,2026-01-01,NA,NA,NA,NA,NA,glm_ar1,expanding,168,0,NA
BTN,2025-07-01,1,2025-08-01,20,4,28,0,69,glm_ar1,expanding,137,48,22
BTN,2025-07-01,2,2025-09-01,72,15,100,1,240,glm_ar1,expanding,137,48,5
BTN,2025-07-01,3,2025-10-01,182,37,251,4,603,glm_ar1,expanding,137,48,1
BTN,2025-07-01,4,2025-11-01,361,74,498,8,1197,glm_ar1,expanding,137,48,18
BTN,2025-07-01,5,2025-12-01,603,124,832,13,2000,glm_ar1,expanding,137,48,6
BTN,2025-07-01,6,2026-01-01,886,183,1223,20,2937,glm_ar1,expanding,137,48,5
CHL,2025-07-01,1,2025-08-01,7,1,10,0,25,glm_ar1,expanding,43,117,0
CHL,2025-07-01,2,2025-09-01,35,7,49,0,117,glm_ar1,expanding,43,117,0
CHL,2025-07-01,3,2025-10-01,107,22,148,2,355,glm_ar1,expanding,43,117,0
CHL,2025-07-01,4,2025-11-01,243,50,336,5,807,glm_ar1,expanding,43,117,0
CHL,2025-07-01,5,2025-12-01,449,92,619,10,1488,glm_ar1,expanding,43,117,0
CHL,2025-07-01,6,2026-01-01,710,146,980,16,2353,glm_ar1,expanding,43,117,0
CHN,2025-07-01,1,2025-08-01,984,203,1358,22,3261,glm_ar1,expanding,161,24,1702
CHN,2025-07-01,2,2025-09-01,1279,264,1764,29,4238,glm_ar1,expanding,161,24,2321
CHN,2025-07-01,3,2025-10-01,1557,321,2148,35,5159,glm_ar1,expanding,161,24,3727
CHN,2025-07-01,4,2025-11-01,1805,372,2489,41,5979,glm_ar1,expanding,161,24,849
CHN,2025-07-01,5,2025-12-01,2016,416,2781,45,6678,glm_ar1,expanding,161,24,151
CHN,2025-07-01,6,2026-01-01,2191,452,3021,49,7257,glm_ar1,expanding,161,24,93
CIV,2025-07-01,1,2025-08-01,242,50,333,5,801,glm_ar1,expanding,42,0,39
CIV,2025-07-01,2,2025-09-01,447,92,616,10,1480,glm_ar1,expanding,42,0,28
CIV,2025-07-01,3,2025-10-01,707,146,976,16,2344,glm_ar1,expanding,42,0,0
CIV,2025-07-01,4,2025-11-01,998,206,1377,22,3308,glm_ar1,expanding,42,0,19
CIV,2025-07-01,5,2025-12-01,1293,267,1783,29,4283,glm_ar1,expanding,42,0,40
CIV,2025-07-01,6,2026-01-01,1570,324,2165,35,5200,glm_ar1,expanding,42,0,60
COK,2025-07-01,1,2025-08-01,104,21,144,2,347,glm_ar1,expanding,67,72,18
COK,2025-07-01,2,2025-09-01,239,49,329,5,792,glm_ar1,expanding,67,72,40
COK,2025-07-01,3,2025-10-01,443,91,611,10,1467,glm_ar1,expanding,67,72,34
COK,2025-07-01,4,2025-11-01,703,145,969,16,2329,glm_ar1,expanding,67,72,59
COK,2025-07-01,5,2025-12-01,994,205,1370,22,3292,glm_ar1,expanding,67,72,12
COK,2025-07-01,6,2026-01-01,1288,266,1777,29,4268,glm_ar1,expanding,67,72,259
COL,2025-07-01,1,2025-08-01,5831,1203,8043,132,19316,glm_ar1,expanding,186,0,5159
COL,2025-07-01,2,2025-09-01,4862,1003,6706,110,16105,glm_ar1,expanding,186,0,6506
COL,2025-07-01,3,2025-10-01,4242,875,5850,96,14051,glm_ar1,expanding,186,0,4615
COL,2025-07-01,4,2025-11-01,3829,790,5281,86,12683,glm_ar1,expanding,186,0,6554
COL,2025-07-01,5,2025-12-01,3545,731,4890,80,11744,glm_ar1,expanding,186,0,7409
COL,2025-07-01,6,2026-01-01,3346,690,4615,75,11085,glm_ar1,expanding,186,0,11537
CRI,2025-07-01,1,2025-08-01,761,157,1049,17,2520,glm_ar1,expanding,185,0,664
CRI,2025-07-01,2,2025-09-01,1054,217,1454,24,3493,glm_ar1,expanding,185,0,876
CRI,2025-07-01,3,2025-10-01,1347,278,1858,30,4462,glm_ar1,expanding,185,0,740
CRI,2025-07-01,4,2025-11-01,1619,334,2232,36,5362,glm_ar1,expanding,185,0,780
CRI,2025-07-01,5,2025-12-01,1858,383,2562,42,6155,glm_ar1,expanding,185,0,777
CRI,2025-07-01,6,2026-01-01,2060,425,2842,46,6825,glm_ar1,expanding,185,0,242
CUB,2025-07-01,1,2025-08-01,3626,748,5001,82,12011,glm_ar1,expanding,103,33,4255
CUB,2025-07-01,2,2025-09-01,3403,702,4694,77,11274,glm_ar1,expanding,103,33,2574
CUB,2025-07-01,3,2025-10-01,3245,669,4476,73,10750,glm_ar1,expanding,103,33,5509
CUB,2025-07-01,4,2025-11-01,3132,646,4319,71,10373,glm_ar1,expanding,103,33,19476
CUB,2025-07-01,5,2025-12-01,3049,629,4205,69,10099,glm_ar1,expanding,103,33,4697
CUB,2025-07-01,6,2026-01-01,2988,616,4121,67,9898,glm_ar1,expanding,103,33,3332
CUW,2025-07-01,1,2025-08-01,NA,NA,NA,NA,NA,glm_ar1,expanding,48,0,NA
CUW,2025-07-01,2,2025-09-01,NA,NA,NA,NA,NA,glm_ar1,expanding,48,0,NA
CUW,2025-07-01,3,2025-10-01,NA,NA,NA,NA,NA,glm_ar1,expanding,48,0,NA
CUW,2025-07-01,4,2025-11-01,NA,NA,NA,NA,NA,glm_ar1,expanding,48,0,NA
CUW,2025-07-01,5,2025-12-01,NA,NA,NA,NA,NA,glm_ar1,expanding,48,0,NA
CUW,2025-07-01,6,2026-01-01,NA,NA,NA,NA,NA,glm_ar1,expanding,48,0,NA
CYM,2025-07-01,1,2025-08-01,7,1,10,0,25,glm_ar1,expanding,91,69,0
CYM,2025-07-01,2,2025-09-01,35,7,49,0,117,glm_ar1,expanding,91,69,0
CYM,2025-07-01,3,2025-10-01,107,22,148,2,355,glm_ar1,expanding,91,69,0
CYM,2025-07-01,4,2025-11-01,243,50,336,5,807,glm_ar1,expanding,91,69,0
CYM,2025-07-01,5,2025-12-01,449,92,619,10,1488,glm_ar1,expanding,91,69,0
CYM,2025-07-01,6,2026-01-01,710,146,980,16,2353,glm_ar1,expanding,91,69,0
DMA,2025-07-01,1,2025-08-01,NA,NA,NA,NA,NA,glm_ar1,expanding,132,24,NA
DMA,2025-07-01,2,2025-09-01,NA,NA,NA,NA,NA,glm_ar1,expanding,132,24,NA
DMA,2025-07-01,3,2025-10-01,NA,NA,NA,NA,NA,glm_ar1,expanding,132,24,NA
DMA,2025-07-01,4,2025-11-01,NA,NA,NA,NA,NA,glm_ar1,expanding,132,24,NA
DMA,2025-07-01,5,2025-12-01,NA,NA,NA,NA,NA,glm_ar1,expanding,132,24,NA
DMA,2025-07-01,6,2026-01-01,NA,NA,NA,NA,NA,glm_ar1,expanding,132,24,NA
DOM,2025-07-01,1,2025-08-01,296,61,408,6,980,glm_ar1,expanding,185,0,117
DOM,2025-07-01,2,2025-09-01,519,107,716,11,1721,glm_ar1,expanding,185,0,168
DOM,2025-07-01,3,2025-10-01,792,163,1092,18,2624,glm_ar1,expanding,185,0,172
DOM,2025-07-01,4,2025-11-01,1087,224,1499,24,3601,glm_ar1,expanding,185,0,196
DOM,2025-07-01,5,2025-12-01,1378,284,1901,31,4565,glm_ar1,expanding,185,0,143
DOM,2025-07-01,6,2026-01-01,1646,340,2271,37,5454,glm_ar1,expanding,185,0,132
ECU,2025-07-01,1,2025-08-01,2537,523,3500,57,8405,glm_ar1,expanding,177,0,1486
ECU,2025-07-01,2,2025-09-01,2603,537,3591,59,8624,glm_ar1,expanding,177,0,1440
ECU,2025-07-01,3,2025-10-01,2654,547,3661,60,8792,glm_ar1,expanding,177,0,1025
ECU,2025-07-01,4,2025-11-01,2693,555,3714,61,8920,glm_ar1,expanding,177,0,953
ECU,2025-07-01,5,2025-12-01,2722,562,3755,61,9018,glm_ar1,expanding,177,0,1114
ECU,2025-07-01,6,2026-01-01,2744,566,3785,62,9091,glm_ar1,expanding,177,0,1787
ERI,2025-07-01,1,2025-08-01,41,8,56,1,136,glm_ar1,expanding,67,114,4
ERI,2025-07-01,2,2025-09-01,119,24,164,2,395,glm_ar1,expanding,67,114,3493
ERI,2025-07-01,3,2025-10-01,263,54,364,6,874,glm_ar1,expanding,67,114,39
ERI,2025-07-01,4,2025-11-01,477,98,657,10,1579,glm_ar1,expanding,67,114,465
ERI,2025-07-01,5,2025-12-01,743,153,1024,16,2461,glm_ar1,expanding,67,114,254
ERI,2025-07-01,6,2026-01-01,1036,213,1428,23,3431,glm_ar1,expanding,67,114,395
ETH,2025-07-01,1,2025-08-01,228,47,314,5,756,glm_ar1,expanding,31,116,32
ETH,2025-07-01,2,2025-09-01,427,88,590,9,1417,glm_ar1,expanding,31,116,62
ETH,2025-07-01,3,2025-10-01,685,141,944,15,2268,glm_ar1,expanding,31,116,438
ETH,2025-07-01,4,2025-11-01,974,201,1344,22,3228,glm_ar1,expanding,31,116,686
ETH,2025-07-01,5,2025-12-01,1269,262,1751,28,4206,glm_ar1,expanding,31,116,255
ETH,2025-07-01,6,2026-01-01,1548,319,2135,35,5129,glm_ar1,expanding,31,116,0
FJI,2025-07-01,1,2025-08-01,1757,362,2423,39,5819,glm_ar1,expanding,177,0,822
FJI,2025-07-01,2,2025-09-01,1975,407,2725,44,6544,glm_ar1,expanding,177,0,741
FJI,2025-07-01,3,2025-10-01,2157,445,2976,49,7147,glm_ar1,expanding,177,0,1286
FJI,2025-07-01,4,2025-11-01,2305,475,3179,52,7636,glm_ar1,expanding,177,0,819
FJI,2025-07-01,5,2025-12-01,2422,500,3341,55,8024,glm_ar1,expanding,177,0,518
FJI,2025-07-01,6,2026-01-01,2514,519,3468,57,8329,glm_ar1,expanding,177,0,805
FSM,2025-07-01,1,2025-08-01,31,6,43,0,104,glm_ar1,expanding,100,12,4
FSM,2025-07-01,2,2025-09-01,98,20,135,2,325,glm_ar1,expanding,100,12,2
FSM,2025-07-01,3,2025-10-01,228,47,314,5,755,glm_ar1,expanding,100,12,6
FSM,2025-07-01,4,2025-11-01,427,88,590,9,1417,glm_ar1,expanding,100,12,1
FSM,2025-07-01,5,2025-12-01,684,141,944,15,2268,glm_ar1,expanding,100,12,4
FSM,2025-07-01,6,2026-01-01,974,201,1344,22,3228,glm_ar1,expanding,100,12,0
GLP,2025-07-01,1,2025-08-01,203,42,280,4,674,glm_ar1,expanding,184,0,135
GLP,2025-07-01,2,2025-09-01,392,81,541,9,1301,glm_ar1,expanding,184,0,155
GLP,2025-07-01,3,2025-10-01,642,132,886,14,2128,glm_ar1,expanding,184,0,533
GLP,2025-07-01,4,2025-11-01,929,191,1281,21,3076,glm_ar1,expanding,184,0,84
GLP,2025-07-01,5,2025-12-01,1224,252,1689,27,4057,glm_ar1,expanding,184,0,340
GLP,2025-07-01,6,2026-01-01,1507,311,2078,34,4992,glm_ar1,expanding,184,0,102
GRD,2025-07-01,1,2025-08-01,58,12,80,1,193,glm_ar1,expanding,173,12,18
GRD,2025-07-01,2,2025-09-01,154,32,213,3,512,glm_ar1,expanding,173,12,20
GRD,2025-07-01,3,2025-10-01,320,66,441,7,1060,glm_ar1,expanding,173,12,14
GRD,2025-07-01,4,2025-11-01,551,113,760,12,1825,glm_ar1,expanding,173,12,18
GRD,2025-07-01,5,2025-12-01,828,171,1142,18,2742,glm_ar1,expanding,173,12,41
GRD,2025-07-01,6,2026-01-01,1123,232,1549,25,3722,glm_ar1,expanding,173,12,19
GTM,2025-07-01,1,2025-08-01,3716,767,5125,84,12309,glm_ar1,expanding,186,0,3747
GTM,2025-07-01,2,2025-09-01,3467,715,4781,78,11483,glm_ar1,expanding,186,0,4112
GTM,2025-07-01,3,2025-10-01,3290,679,4538,74,10900,glm_ar1,expanding,186,0,3267
GTM,2025-07-01,4,2025-11-01,3164,653,4364,71,10482,glm_ar1,expanding,186,0,2728
GTM,2025-07-01,5,2025-12-01,3073,634,4238,69,10178,glm_ar1,expanding,186,0,9673
GTM,2025-07-01,6,2026-01-01,3006,620,4145,68,9956,glm_ar1,expanding,186,0,3383
GUF,2025-07-01,1,2025-08-01,50,10,69,1,165,glm_ar1,expanding,163,15,18
GUF,2025-07-01,2,2025-09-01,138,28,190,3,457,glm_ar1,expanding,163,15,17
GUF,2025-07-01,3,2025-10-01,293,60,405,6,973,glm_ar1,expanding,163,15,14
GUF,2025-07-01,4,2025-11-01,517,106,713,11,1712,glm_ar1,expanding,163,15,11
GUF,2025-07-01,5,2025-12-01,789,163,1088,17,2614,glm_ar1,expanding,163,15,14
GUF,2025-07-01,6,2026-01-01,1084,223,1495,24,3590,glm_ar1,expanding,163,15,1
GUY,2025-07-01,1,2025-08-01,4566,942,6297,103,15124,glm_ar1,expanding,175,12,5829
GUY,2025-07-01,2,2025-09-01,4046,835,5581,91,13403,glm_ar1,expanding,175,12,6200
GUY,2025-07-01,3,2025-10-01,3695,762,5097,83,12241,glm_ar1,expanding,175,12,4767
GUY,2025-07-01,4,2025-11-01,3452,712,4761,78,11436,glm_ar1,expanding,175,12,5691
GUY,2025-07-01,5,2025-12-01,3280,677,4524,74,10866,glm_ar1,expanding,175,12,5808
GUY,2025-07-01,6,2026-01-01,3157,651,4354,71,10457,glm_ar1,expanding,175,12,12233
HND,2025-07-01,1,2025-08-01,1688,348,2328,38,5591,glm_ar1,expanding,186,0,1222
HND,2025-07-01,2,2025-09-01,1917,395,2644,43,6351,glm_ar1,expanding,186,0,1176
HND,2025-07-01,3,2025-10-01,2109,435,2909,47,6988,glm_ar1,expanding,186,0,1216
HND,2025-07-01,4,2025-11-01,2266,467,3126,51,7508,glm_ar1,expanding,186,0,1235
HND,2025-07-01,5,2025-12-01,2392,493,3299,54,7923,glm_ar1,expanding,186,0,1273
HND,2025-07-01,6,2026-01-01,2490,514,3435,56,8250,glm_ar1,expanding,186,0,1051
HTI,2025-07-01,1,2025-08-01,NA,NA,NA,NA,NA,glm_ar1,expanding,60,0,NA
HTI,2025-07-01,2,2025-09-01,NA,NA,NA,NA,NA,glm_ar1,expanding,60,0,NA
HTI,2025-07-01,3,2025-10-01,NA,NA,NA,NA,NA,glm_ar1,expanding,60,0,NA
HTI,2025-07-01,4,2025-11-01,NA,NA,NA,NA,NA,glm_ar1,expanding,60,0,NA
HTI,2025-07-01,5,2025-12-01,NA,NA,NA,NA,NA,glm_ar1,expanding,60,0,NA
HTI,2025-07-01,6,2026-01-01,NA,NA,NA,NA,NA,glm_ar1,expanding,60,0,NA
IDN,2025-07-01,1,2025-08-01,NA,NA,NA,NA,NA,glm_ar1,expanding,168,0,NA
IDN,2025-07-01,2,2025-09-01,NA,NA,NA,NA,NA,glm_ar1,expanding,168,0,NA
IDN,2025-07-01,3,2025-10-01,NA,NA,NA,NA,NA,glm_ar1,expanding,168,0,NA
IDN,2025-07-01,4,2025-11-01,NA,NA,NA,NA,NA,glm_ar1,expanding,168,0,NA
IDN,2025-07-01,5,2025-12-01,NA,NA,NA,NA,NA,glm_ar1,expanding,168,0,NA
IDN,2025-07-01,6,2026-01-01,NA,NA,NA,NA,NA,glm_ar1,expanding,168,0,NA
IND,2025-07-01,1,2025-08-01,7454,1538,10280,168,24689,glm_ar1,expanding,184,0,14303
IND,2025-07-01,2,2025-09-01,5846,1206,8063,132,19364,glm_ar1,expanding,184,0,18803
IND,2025-07-01,3,2025-10-01,4871,1005,6718,110,16135,glm_ar1,expanding,184,0,22659
IND,2025-07-01,4,2025-11-01,4248,876,5859,96,14070,glm_ar1,expanding,184,0,22175
IND,2025-07-01,5,2025-12-01,3833,791,5286,86,12696,glm_ar1,expanding,184,0,7539
IND,2025-07-01,6,2026-01-01,3548,732,4894,80,11753,glm_ar1,expanding,184,0,3544
JAM,2025-07-01,1,2025-08-01,134,27,185,3,446,glm_ar1,expanding,183,0,17
JAM,2025-07-01,2,2025-09-01,288,59,398,6,955,glm_ar1,expanding,183,0,54
JAM,2025-07-01,3,2025-10-01,510,105,703,11,1689,glm_ar1,expanding,183,0,33
JAM,2025-07-01,4,2025-11-01,781,161,1077,17,2587,glm_ar1,expanding,183,0,117
JAM,2025-07-01,5,2025-12-01,1075,222,1483,24,3563,glm_ar1,expanding,183,0,73
JAM,2025-07-01,6,2026-01-01,1367,282,1885,31,4529,glm_ar1,expanding,183,0,44
KEN,2025-07-01,1,2025-08-01,1522,314,2099,34,5043,glm_ar1,expanding,77,72,740
KEN,2025-07-01,2,2025-09-01,1774,366,2447,40,5877,glm_ar1,expanding,77,72,650
KEN,2025-07-01,3,2025-10-01,1990,410,2745,45,6593,glm_ar1,expanding,77,72,932
KEN,2025-07-01,4,2025-11-01,2170,447,2992,49,7187,glm_ar1,expanding,77,72,313
KEN,2025-07-01,5,2025-12-01,2315,477,3193,52,7668,glm_ar1,expanding,77,72,461
KEN,2025-07-01,6,2026-01-01,2430,501,3352,55,8050,glm_ar1,expanding,77,72,1284
KHM,2025-07-01,1,2025-08-01,9748,2012,13444,220,32288,glm_ar1,expanding,186,0,9948
KHM,2025-07-01,2,2025-09-01,7150,1475,9862,162,23685,glm_ar1,expanding,186,0,7408
KHM,2025-07-01,3,2025-10-01,5666,1169,7815,128,18770,glm_ar1,expanding,186,0,8685
KHM,2025-07-01,4,2025-11-01,4758,982,6563,107,15762,glm_ar1,expanding,186,0,6058
KHM,2025-07-01,5,2025-12-01,4174,861,5757,94,13825,glm_ar1,expanding,186,0,3560
KHM,2025-07-01,6,2026-01-01,3782,780,5217,85,12530,glm_ar1,expanding,186,0,2745
KIR,2025-07-01,1,2025-08-01,763,157,1052,17,2528,glm_ar1,expanding,88,84,163
KIR,2025-07-01,2,2025-09-01,1057,218,1458,24,3501,glm_ar1,expanding,88,84,198
KIR,2025-07-01,3,2025-10-01,1349,278,1861,30,4470,glm_ar1,expanding,88,84,40
KIR,2025-07-01,4,2025-11-01,1621,334,2235,36,5369,glm_ar1,expanding,88,84,12
KIR,2025-07-01,5,2025-12-01,1860,384,2565,42,6161,glm_ar1,expanding,88,84,4
KIR,2025-07-01,6,2026-01-01,2062,425,2844,46,6830,glm_ar1,expanding,88,84,1
KNA,2025-07-01,1,2025-08-01,7,1,10,0,25,glm_ar1,expanding,76,72,0
KNA,2025-07-01,2,2025-09-01,35,7,49,0,117,glm_ar1,expanding,76,72,3
KNA,2025-07-01,3,2025-10-01,107,22,148,2,355,glm_ar1,expanding,76,72,2
KNA,2025-07-01,4,2025-11-01,243,50,336,5,807,glm_ar1,expanding,76,72,0
KNA,2025-07-01,5,2025-12-01,449,92,619,10,1488,glm_ar1,expanding,76,72,2
KNA,2025-07-01,6,2026-01-01,710,146,980,16,2353,glm_ar1,expanding,76,72,2
LAO,2025-07-01,1,2025-08-01,2759,569,3805,62,9138,glm_ar1,expanding,186,0,2506
LAO,2025-07-01,2,2025-09-01,2772,572,3823,62,9183,glm_ar1,expanding,186,0,1369
LAO,2025-07-01,3,2025-10-01,2782,574,3837,63,9216,glm_ar1,expanding,186,0,1552
LAO,2025-07-01,4,2025-11-01,2790,575,3848,63,9241,glm_ar1,expanding,186,0,890
LAO,2025-07-01,5,2025-12-01,2795,577,3856,63,9260,glm_ar1,expanding,186,0,573
LAO,2025-07-01,6,2026-01-01,2800,578,3861,63,9274,glm_ar1,expanding,186,0,438
LCA,2025-07-01,1,2025-08-01,20,4,28,0,69,glm_ar1,expanding,137,48,1
LCA,2025-07-01,2,2025-09-01,72,15,100,1,240,glm_ar1,expanding,137,48,2
LCA,2025-07-01,3,2025-10-01,182,37,251,4,603,glm_ar1,expanding,137,48,3
LCA,2025-07-01,4,2025-11-01,361,74,498,8,1197,glm_ar1,expanding,137,48,1
LCA,2025-07-01,5,2025-12-01,603,124,832,13,2000,glm_ar1,expanding,137,48,NA
LCA,2025-07-01,6,2026-01-01,886,183,1223,20,2937,glm_ar1,expanding,137,48,0
LKA,2025-07-01,1,2025-08-01,4226,872,5829,95,13999,glm_ar1,expanding,186,0,2746
LKA,2025-07-01,2,2025-09-01,3818,788,5266,86,12647,glm_ar1,expanding,186,0,2403
LKA,2025-07-01,3,2025-10-01,3538,730,4880,80,11719,glm_ar1,expanding,186,0,2717
LKA,2025-07-01,4,2025-11-01,3341,689,4608,75,11068,glm_ar1,expanding,186,0,3806
LKA,2025-07-01,5,2025-12-01,3201,660,4415,72,10603,glm_ar1,expanding,186,0,5900
LKA,2025-07-01,6,2026-01-01,3099,639,4275,70,10266,glm_ar1,expanding,186,0,7868
MAF,2025-07-01,1,2025-08-01,31,6,43,0,104,glm_ar1,expanding,170,12,6
MAF,2025-07-01,2,2025-09-01,98,20,135,2,325,glm_ar1,expanding,170,12,20
MAF,2025-07-01,3,2025-10-01,228,47,314,5,755,glm_ar1,expanding,170,12,15
MAF,2025-07-01,4,2025-11-01,427,88,590,9,1417,glm_ar1,expanding,170,12,5
MAF,2025-07-01,5,2025-12-01,684,141,944,15,2268,glm_ar1,expanding,170,12,5
MAF,2025-07-01,6,2026-01-01,974,201,1344,22,3228,glm_ar1,expanding,170,12,0
MDV,2025-07-01,1,2025-08-01,340,70,470,7,1128,glm_ar1,expanding,186,0,256
MDV,2025-07-01,2,2025-09-01,577,119,796,13,1913,glm_ar1,expanding,186,0,252
MDV,2025-07-01,3,2025-10-01,857,177,1183,19,2841,glm_ar1,expanding,186,0,373
MDV,2025-07-01,4,2025-11-01,1153,238,1591,26,3821,glm_ar1,expanding,186,0,376
MDV,2025-07-01,5,2025-12-01,1441,297,1987,32,4773,glm_ar1,expanding,186,0,411
MDV,2025-07-01,6,2026-01-01,1702,351,2348,38,5640,glm_ar1,expanding,186,0,631
MEX,2025-07-01,1,2025-08-01,8265,1705,11399,187,27377,glm_ar1,expanding,186,0,13638
MEX,2025-07-01,2,2025-09-01,6317,1304,8713,143,20926,glm_ar1,expanding,186,0,21031
MEX,2025-07-01,3,2025-10-01,5163,1065,7121,117,17103,glm_ar1,expanding,186,0,21250
MEX,2025-07-01,4,2025-11-01,4437,916,6120,100,14699,glm_ar1,expanding,186,0,14725
MEX,2025-07-01,5,2025-12-01,3961,817,5463,89,13119,glm_ar1,expanding,186,0,7302
MEX,2025-07-01,6,2026-01-01,3637,750,5016,82,12046,glm_ar1,expanding,186,0,6241
MHL,2025-07-01,1,2025-08-01,7,1,10,0,25,glm_ar1,expanding,67,103,0
MHL,2025-07-01,2,2025-09-01,35,7,49,0,117,glm_ar1,expanding,67,103,0
MHL,2025-07-01,3,2025-10-01,107,22,148,2,355,glm_ar1,expanding,67,103,0
MHL,2025-07-01,4,2025-11-01,243,50,336,5,807,glm_ar1,expanding,67,103,0
MHL,2025-07-01,5,2025-12-01,449,92,619,10,1488,glm_ar1,expanding,67,103,0
MHL,2025-07-01,6,2026-01-01,710,146,980,16,2353,glm_ar1,expanding,67,103,0
MMR,2025-07-01,1,2025-08-01,3000,619,4138,68,9938,glm_ar1,expanding,186,0,2415
MMR,2025-07-01,2,2025-09-01,2952,609,4072,67,9779,glm_ar1,expanding,186,0,1576
MMR,2025-07-01,3,2025-10-01,2917,602,4023,66,9662,glm_ar1,expanding,186,0,943
MMR,2025-07-01,4,2025-11-01,2890,596,3987,65,9575,glm_ar1,expanding,186,0,594
MMR,2025-07-01,5,2025-12-01,2871,592,3960,65,9510,glm_ar1,expanding,186,0,310
MMR,2025-07-01,6,2026-01-01,2856,589,3939,64,9461,glm_ar1,expanding,186,0,130
MRT,2025-07-01,1,2025-08-01,200,41,275,4,662,glm_ar1,expanding,39,60,37
MRT,2025-07-01,2,2025-09-01,387,80,534,8,1283,glm_ar1,expanding,39,60,37
MRT,2025-07-01,3,2025-10-01,636,131,877,14,2106,glm_ar1,expanding,39,60,3135
MRT,2025-07-01,4,2025-11-01,922,190,1271,21,3053,glm_ar1,expanding,39,60,1923
MRT,2025-07-01,5,2025-12-01,1218,251,1679,27,4034,glm_ar1,expanding,39,60,13
MRT,2025-07-01,6,2026-01-01,1501,309,2070,34,4971,glm_ar1,expanding,39,60,530
MTQ,2025-07-01,1,2025-08-01,91,18,125,2,301,glm_ar1,expanding,183,0,29
MTQ,2025-07-01,2,2025-09-01,215,44,297,4,713,glm_ar1,expanding,183,0,105
MTQ,2025-07-01,3,2025-10-01,409,84,565,9,1357,glm_ar1,expanding,183,0,78
MTQ,2025-07-01,4,2025-11-01,663,136,914,15,2196,glm_ar1,expanding,183,0,30
MTQ,2025-07-01,5,2025-12-01,951,196,1311,21,3150,glm_ar1,expanding,183,0,150
MTQ,2025-07-01,6,2026-01-01,1246,257,1719,28,4129,glm_ar1,expanding,183,0,346
MYS,2025-07-01,1,2025-08-01,4374,902,6033,99,14489,glm_ar1,expanding,186,0,3338
MYS,2025-07-01,2,2025-09-01,3918,808,5404,88,12978,glm_ar1,expanding,186,0,2969
MYS,2025-07-01,3,2025-10-01,3607,744,4975,81,11949,glm_ar1,expanding,186,0,4398
MYS,2025-07-01,4,2025-11-01,3390,699,4676,76,11230,glm_ar1,expanding,186,0,3449
MYS,2025-07-01,5,2025-12-01,3236,668,4463,73,10719,glm_ar1,expanding,186,0,4967
MYS,2025-07-01,6,2026-01-01,3125,645,4310,70,10351,glm_ar1,expanding,186,0,5311
NCL,2025-07-01,1,2025-08-01,7,1,10,0,25,glm_ar1,expanding,139,28,0
NCL,2025-07-01,2,2025-09-01,35,7,49,0,117,glm_ar1,expanding,139,28,2
NCL,2025-07-01,3,2025-10-01,107,22,148,2,355,glm_ar1,expanding,139,28,0
NCL,2025-07-01,4,2025-11-01,243,50,336,5,807,glm_ar1,expanding,139,28,0
NCL,2025-07-01,5,2025-12-01,449,92,619,10,1488,glm_ar1,expanding,139,28,0
NCL,2025-07-01,6,2026-01-01,710,146,980,16,2353,glm_ar1,expanding,139,28,39
NIC,2025-07-01,1,2025-08-01,NA,NA,NA,NA,NA,glm_ar1,expanding,168,0,NA
NIC,2025-07-01,2,2025-09-01,NA,NA,NA,NA,NA,glm_ar1,expanding,168,0,NA
NIC,2025-07-01,3,2025-10-01,NA,NA,NA,NA,NA,glm_ar1,expanding,168,0,NA
NIC,2025-07-01,4,2025-11-01,NA,NA,NA,NA,NA,glm_ar1,expanding,168,0,NA
NIC,2025-07-01,5,2025-12-01,NA,NA,NA,NA,NA,glm_ar1,expanding,168,0,NA
NIC,2025-07-01,6,2026-01-01,NA,NA,NA,NA,NA,glm_ar1,expanding,168,0,NA
NPL,2025-07-01,1,2025-08-01,1126,232,1553,25,3729,glm_ar1,expanding,185,0,1197
NPL,2025-07-01,2,2025-09-01,1415,292,1951,32,4687,glm_ar1,expanding,185,0,1636
NPL,2025-07-01,3,2025-10-01,1679,346,2316,38,5563,glm_ar1,expanding,185,0,1869
NPL,2025-07-01,4,2025-11-01,1910,394,2634,43,6327,glm_ar1,expanding,185,0,891
NPL,2025-07-01,5,2025-12-01,2104,434,2901,47,6968,glm_ar1,expanding,185,0,317
NPL,2025-07-01,6,2026-01-01,2262,466,3119,51,7492,glm_ar1,expanding,185,0,146
OMN,2025-07-01,1,2025-08-01,NA,NA,NA,NA,NA,glm_ar1,expanding,60,0,NA
OMN,2025-07-01,2,2025-09-01,NA,NA,NA,NA,NA,glm_ar1,expanding,60,0,NA
OMN,2025-07-01,3,2025-10-01,NA,NA,NA,NA,NA,glm_ar1,expanding,60,0,NA
OMN,2025-07-01,4,2025-11-01,NA,NA,NA,NA,NA,glm_ar1,expanding,60,0,NA
OMN,2025-07-01,5,2025-12-01,NA,NA,NA,NA,NA,glm_ar1,expanding,60,0,NA
OMN,2025-07-01,6,2026-01-01,NA,NA,NA,NA,NA,glm_ar1,expanding,60,0,NA
PAK,2025-07-01,1,2025-08-01,1323,273,1824,30,4382,glm_ar1,expanding,185,0,1015
PAK,2025-07-01,2,2025-09-01,1597,329,2202,36,5289,glm_ar1,expanding,185,0,3245
PAK,2025-07-01,3,2025-10-01,1839,379,2536,41,6092,glm_ar1,expanding,185,0,7613
PAK,2025-07-01,4,2025-11-01,2045,422,2820,46,6773,glm_ar1,expanding,185,0,5128
PAK,2025-07-01,5,2025-12-01,2214,457,3054,50,7334,glm_ar1,expanding,185,0,882
PAK,2025-07-01,6,2026-01-01,2350,485,3241,53,7785,glm_ar1,expanding,185,0,1193
PAN,2025-07-01,1,2025-08-01,2443,504,3369,55,8092,glm_ar1,expanding,184,0,1989
PAN,2025-07-01,2,2025-09-01,2530,522,3490,57,8382,glm_ar1,expanding,184,0,2406
PAN,2025-07-01,3,2025-10-01,2598,536,3583,58,8606,glm_ar1,expanding,184,0,1624
PAN,2025-07-01,4,2025-11-01,2650,547,3655,60,8778,glm_ar1,expanding,184,0,1427
PAN,2025-07-01,5,2025-12-01,2690,555,3710,61,8909,glm_ar1,expanding,184,0,1100
PAN,2025-07-01,6,2026-01-01,2720,561,3751,61,9009,glm_ar1,expanding,184,0,1032
PER,2025-07-01,1,2025-08-01,1476,304,2036,33,4889,glm_ar1,expanding,179,0,1039
PER,2025-07-01,2,2025-09-01,1734,357,2391,39,5743,glm_ar1,expanding,179,0,1097
PER,2025-07-01,3,2025-10-01,1956,403,2698,44,6480,glm_ar1,expanding,179,0,960
PER,2025-07-01,4,2025-11-01,2142,442,2954,48,7094,glm_ar1,expanding,179,0,1548
PER,2025-07-01,5,2025-12-01,2292,473,3162,52,7593,glm_ar1,expanding,179,0,3646
PER,2025-07-01,6,2026-01-01,2412,498,3327,54,7991,glm_ar1,expanding,179,0,2315
PHL,2025-07-01,1,2025-08-01,NA,NA,NA,NA,NA,glm_ar1,expanding,168,0,NA
PHL,2025-07-01,2,2025-09-01,NA,NA,NA,NA,NA,glm_ar1,expanding,168,0,NA
PHL,2025-07-01,3,2025-10-01,NA,NA,NA,NA,NA,glm_ar1,expanding,168,0,NA
PHL,2025-07-01,4,2025-11-01,NA,NA,NA,NA,NA,glm_ar1,expanding,168,0,NA
PHL,2025-07-01,5,2025-12-01,NA,NA,NA,NA,NA,glm_ar1,expanding,168,0,NA
PHL,2025-07-01,6,2026-01-01,NA,NA,NA,NA,NA,glm_ar1,expanding,168,0,NA
PLW,2025-07-01,1,2025-08-01,31,6,43,0,104,glm_ar1,expanding,91,93,9
PLW,2025-07-01,2,2025-09-01,98,20,135,2,325,glm_ar1,expanding,91,93,10
PLW,2025-07-01,3,2025-10-01,228,47,314,5,755,glm_ar1,expanding,91,93,20
PLW,2025-07-01,4,2025-11-01,427,88,590,9,1417,glm_ar1,expanding,91,93,1
PLW,2025-07-01,5,2025-12-01,684,141,944,15,2268,glm_ar1,expanding,91,93,0
PLW,2025-07-01,6,2026-01-01,974,201,1344,22,3228,glm_ar1,expanding,91,93,0
PRI,2025-07-01,1,2025-08-01,399,82,551,9,1323,glm_ar1,expanding,148,36,193
PRI,2025-07-01,2,2025-09-01,650,134,897,14,2155,glm_ar1,expanding,148,36,229
PRI,2025-07-01,3,2025-10-01,938,193,1293,21,3107,glm_ar1,expanding,148,36,269
PRI,2025-07-01,4,2025-11-01,1233,254,1701,28,4087,glm_ar1,expanding,148,36,242
PRI,2025-07-01,5,2025-12-01,1515,312,2090,34,5020,glm_ar1,expanding,148,36,121
PRI,2025-07-01,6,2026-01-01,1768,365,2439,40,5857,glm_ar1,expanding,148,36,239
PRY,2025-07-01,1,2025-08-01,1166,240,1608,26,3863,glm_ar1,expanding,181,0,877
PRY,2025-07-01,2,2025-09-01,1453,300,2004,33,4813,glm_ar1,expanding,181,0,1338
PRY,2025-07-01,3,2025-10-01,1713,353,2363,38,5675,glm_ar1,expanding,181,0,1750
PRY,2025-07-01,4,2025-11-01,1939,400,2674,44,6422,glm_ar1,expanding,181,0,2523
PRY,2025-07-01,5,2025-12-01,2127,439,2934,48,7047,glm_ar1,expanding,181,0,2426
PRY,2025-07-01,6,2026-01-01,2281,470,3146,51,7555,glm_ar1,expanding,181,0,2882
PYF,2025-07-01,1,2025-08-01,7,1,10,0,25,glm_ar1,expanding,135,48,0
PYF,2025-07-01,2,2025-09-01,35,7,49,0,117,glm_ar1,expanding,135,48,0
PYF,2025-07-01,3,2025-10-01,107,22,148,2,355,glm_ar1,expanding,135,48,0
PYF,2025-07-01,4,2025-11-01,243,50,336,5,807,glm_ar1,expanding,135,48,29
PYF,2025-07-01,5,2025-12-01,449,92,619,10,1488,glm_ar1,expanding,135,48,0
PYF,2025-07-01,6,2026-01-01,710,146,980,16,2353,glm_ar1,expanding,135,48,6
REU,2025-07-01,1,2025-08-01,7,1,10,0,25,glm_ar1,expanding,117,60,0
REU,2025-07-01,2,2025-09-01,35,7,49,0,117,glm_ar1,expanding,117,60,0
REU,2025-07-01,3,2025-10-01,107,22,148,2,355,glm_ar1,expanding,117,60,0
REU,2025-07-01,4,2025-11-01,243,50,336,5,807,glm_ar1,expanding,117,60,0
REU,2025-07-01,5,2025-12-01,449,92,619,10,1488,glm_ar1,expanding,117,60,0
REU,2025-07-01,6,2026-01-01,710,146,980,16,2353,glm_ar1,expanding,117,60,10
SAU,2025-07-01,1,2025-08-01,NA,NA,NA,NA,NA,glm_ar1,expanding,168,0,NA
SAU,2025-07-01,2,2025-09-01,NA,NA,NA,NA,NA,glm_ar1,expanding,168,0,NA
SAU,2025-07-01,3,2025-10-01,NA,NA,NA,NA,NA,glm_ar1,expanding,168,0,NA
SAU,2025-07-01,4,2025-11-01,NA,NA,NA,NA,NA,glm_ar1,expanding,168,0,NA
SAU,2025-07-01,5,2025-12-01,NA,NA,NA,NA,NA,glm_ar1,expanding,168,0,NA
SAU,2025-07-01,6,2026-01-01,NA,NA,NA,NA,NA,glm_ar1,expanding,168,0,NA
SDN,2025-07-01,1,2025-08-01,1034,213,1426,23,3425,glm_ar1,expanding,99,84,3791
SDN,2025-07-01,2,2025-09-01,1327,274,1831,30,4397,glm_ar1,expanding,99,84,12511
SDN,2025-07-01,3,2025-10-01,1601,330,2208,36,5303,glm_ar1,expanding,99,84,25882
SDN,2025-07-01,4,2025-11-01,1843,380,2541,41,6104,glm_ar1,expanding,99,84,8674
SDN,2025-07-01,5,2025-12-01,2048,422,2824,46,6783,glm_ar1,expanding,99,84,2470
SDN,2025-07-01,6,2026-01-01,2216,457,3057,50,7342,glm_ar1,expanding,99,84,2456
SEN,2025-07-01,1,2025-08-01,530,109,732,12,1758,glm_ar1,expanding,75,24,356
SEN,2025-07-01,2,2025-09-01,805,166,1110,18,2666,glm_ar1,expanding,75,24,878
SEN,2025-07-01,3,2025-10-01,1100,227,1517,25,3644,glm_ar1,expanding,75,24,3616
SEN,2025-07-01,4,2025-11-01,1390,287,1918,31,4606,glm_ar1,expanding,75,24,4923
SEN,2025-07-01,5,2025-12-01,1657,342,2286,37,5491,glm_ar1,expanding,75,24,1509
SEN,2025-07-01,6,2026-01-01,1891,390,2609,42,6265,glm_ar1,expanding,75,24,455
SGP,2025-07-01,1,2025-08-01,729,150,1006,16,2416,glm_ar1,expanding,186,0,233
SGP,2025-07-01,2,2025-09-01,1021,211,1409,23,3384,glm_ar1,expanding,186,0,176
SGP,2025-07-01,3,2025-10-01,1315,271,1814,29,4357,glm_ar1,expanding,186,0,224
SGP,2025-07-01,4,2025-11-01,1590,328,2193,36,5267,glm_ar1,expanding,186,0,160
SGP,2025-07-01,5,2025-12-01,1833,378,2528,41,6073,glm_ar1,expanding,186,0,195
SGP,2025-07-01,6,2026-01-01,2040,421,2813,46,6757,glm_ar1,expanding,186,0,149
SLB,2025-07-01,1,2025-08-01,28,5,38,0,93,glm_ar1,expanding,124,24,23
SLB,2025-07-01,2,2025-09-01,90,18,124,2,299,glm_ar1,expanding,124,24,20
SLB,2025-07-01,3,2025-10-01,214,44,295,4,710,glm_ar1,expanding,124,24,30
SLB,2025-07-01,4,2025-11-01,408,84,563,9,1352,glm_ar1,expanding,124,24,14
SLB,2025-07-01,5,2025-12-01,661,136,912,15,2190,glm_ar1,expanding,124,24,16
SLB,2025-07-01,6,2026-01-01,949,196,1309,21,3144,glm_ar1,expanding,124,24,20
SLV,2025-07-01,1,2025-08-01,1024,211,1413,23,3394,glm_ar1,expanding,186,0,690
SLV,2025-07-01,2,2025-09-01,1318,272,1818,29,4367,glm_ar1,expanding,186,0,811
SLV,2025-07-01,3,2025-10-01,1593,328,2197,36,5276,glm_ar1,expanding,186,0,458
SLV,2025-07-01,4,2025-11-01,1835,379,2532,41,6080,glm_ar1,expanding,186,0,298
SLV,2025-07-01,5,2025-12-01,2042,421,2816,46,6763,glm_ar1,expanding,186,0,197
SLV,2025-07-01,6,2026-01-01,2212,456,3050,50,7326,glm_ar1,expanding,186,0,731
SUR,2025-07-01,1,2025-08-01,257,53,354,5,851,glm_ar1,expanding,124,60,133
SUR,2025-07-01,2,2025-09-01,467,96,645,10,1548,glm_ar1,expanding,124,60,67
SUR,2025-07-01,3,2025-10-01,732,151,1009,16,2425,glm_ar1,expanding,124,60,19
SUR,2025-07-01,4,2025-11-01,1024,211,1413,23,3393,glm_ar1,expanding,124,60,20
SUR,2025-07-01,5,2025-12-01,1318,272,1818,29,4366,glm_ar1,expanding,124,60,12
SUR,2025-07-01,6,2026-01-01,1592,328,2196,36,5275,glm_ar1,expanding,124,60,109
SXM,2025-07-01,1,2025-08-01,16,3,23,0,56,glm_ar1,expanding,52,132,0
SXM,2025-07-01,2,2025-09-01,62,12,86,1,206,glm_ar1,expanding,52,132,0
SXM,2025-07-01,3,2025-10-01,162,33,224,3,539,glm_ar1,expanding,52,132,0
SXM,2025-07-01,4,2025-11-01,332,68,458,7,1100,glm_ar1,expanding,52,132,0
SXM,2025-07-01,5,2025-12-01,566,117,781,12,1876,glm_ar1,expanding,52,132,0
SXM,2025-07-01,6,2026-01-01,845,174,1166,19,2800,glm_ar1,expanding,52,132,7
SYC,2025-07-01,1,2025-08-01,7,1,10,0,25,glm_ar1,expanding,55,54,7
SYC,2025-07-01,2,2025-09-01,35,7,49,0,117,glm_ar1,expanding,55,54,5
SYC,2025-07-01,3,2025-10-01,107,22,148,2,355,glm_ar1,expanding,55,54,7
SYC,2025-07-01,4,2025-11-01,243,50,336,5,807,glm_ar1,expanding,55,54,14
SYC,2025-07-01,5,2025-12-01,449,92,619,10,1488,glm_ar1,expanding,55,54,60
SYC,2025-07-01,6,2026-01-01,710,146,980,16,2353,glm_ar1,expanding,55,54,151
TCA,2025-07-01,1,2025-08-01,7,1,10,0,25,glm_ar1,expanding,91,56,0
TCA,2025-07-01,2,2025-09-01,35,7,49,0,117,glm_ar1,expanding,91,56,0
TCA,2025-07-01,3,2025-10-01,107,22,148,2,355,glm_ar1,expanding,91,56,0
TCA,2025-07-01,4,2025-11-01,243,50,336,5,807,glm_ar1,expanding,91,56,0
TCA,2025-07-01,5,2025-12-01,449,92,619,10,1488,glm_ar1,expanding,91,56,0
TCA,2025-07-01,6,2026-01-01,710,146,980,16,2353,glm_ar1,expanding,91,56,8
THA,2025-07-01,1,2025-08-01,7823,1614,10789,177,25912,glm_ar1,expanding,186,0,8610
THA,2025-07-01,2,2025-09-01,6062,1251,8361,137,20079,glm_ar1,expanding,186,0,4012
THA,2025-07-01,3,2025-10-01,5006,1033,6904,113,16581,glm_ar1,expanding,186,0,3814
THA,2025-07-01,4,2025-11-01,4335,894,5980,98,14361,glm_ar1,expanding,186,0,3218
THA,2025-07-01,5,2025-12-01,3892,803,5368,88,12892,glm_ar1,expanding,186,0,2427
THA,2025-07-01,6,2026-01-01,3589,740,4950,81,11889,glm_ar1,expanding,186,0,1903
TLS,2025-07-01,1,2025-08-01,205,42,283,4,680,glm_ar1,expanding,179,0,58
TLS,2025-07-01,2,2025-09-01,395,81,545,9,1309,glm_ar1,expanding,179,0,51
TLS,2025-07-01,3,2025-10-01,645,133,890,14,2138,glm_ar1,expanding,179,0,99
TLS,2025-07-01,4,2025-11-01,932,192,1285,21,3088,glm_ar1,expanding,179,0,111
TLS,2025-07-01,5,2025-12-01,1228,253,1694,27,4068,glm_ar1,expanding,179,0,279
TLS,2025-07-01,6,2026-01-01,1510,311,2083,34,5002,glm_ar1,expanding,179,0,1281
TON,2025-07-01,1,2025-08-01,247,51,340,5,818,glm_ar1,expanding,63,72,11
TON,2025-07-01,2,2025-09-01,454,93,626,10,1503,glm_ar1,expanding,63,72,1
TON,2025-07-01,3,2025-10-01,716,147,987,16,2371,glm_ar1,expanding,63,72,7
TON,2025-07-01,4,2025-11-01,1007,208,1389,22,3337,glm_ar1,expanding,63,72,1
TON,2025-07-01,5,2025-12-01,1301,268,1795,29,4312,glm_ar1,expanding,63,72,0
TON,2025-07-01,6,2026-01-01,1577,325,2176,35,5226,glm_ar1,expanding,63,72,0
TTO,2025-07-01,1,2025-08-01,38,7,52,0,126,glm_ar1,expanding,136,48,7
TTO,2025-07-01,2,2025-09-01,112,23,155,2,373,glm_ar1,expanding,136,48,12
TTO,2025-07-01,3,2025-10-01,252,52,348,5,837,glm_ar1,expanding,136,48,14
TTO,2025-07-01,4,2025-11-01,461,95,637,10,1529,glm_ar1,expanding,136,48,0
TTO,2025-07-01,5,2025-12-01,725,149,1000,16,2402,glm_ar1,expanding,136,48,0
TTO,2025-07-01,6,2026-01-01,1017,210,1403,23,3369,glm_ar1,expanding,136,48,2
TUV,2025-07-01,1,2025-08-01,7,1,10,0,25,glm_ar1,expanding,55,33,0
TUV,2025-07-01,2,2025-09-01,35,7,49,0,117,glm_ar1,expanding,55,33,26
TUV,2025-07-01,3,2025-10-01,107,22,148,2,355,glm_ar1,expanding,55,33,3
TUV,2025-07-01,4,2025-11-01,243,50,336,5,807,glm_ar1,expanding,55,33,1
TUV,2025-07-01,5,2025-12-01,449,92,619,10,1488,glm_ar1,expanding,55,33,0
TUV,2025-07-01,6,2026-01-01,710,146,980,16,2353,glm_ar1,expanding,55,33,6
TWN,2025-07-01,1,2025-08-01,NA,NA,NA,NA,NA,glm_ar1,expanding,108,60,NA
TWN,2025-07-01,2,2025-09-01,NA,NA,NA,NA,NA,glm_ar1,expanding,108,60,NA
TWN,2025-07-01,3,2025-10-01,NA,NA,NA,NA,NA,glm_ar1,expanding,108,60,NA
TWN,2025-07-01,4,2025-11-01,NA,NA,NA,NA,NA,glm_ar1,expanding,108,60,NA
TWN,2025-07-01,5,2025-12-01,NA,NA,NA,NA,NA,glm_ar1,expanding,108,60,NA
TWN,2025-07-01,6,2026-01-01,NA,NA,NA,NA,NA,glm_ar1,expanding,108,60,NA
URY,2025-07-01,1,2025-08-01,7,1,10,0,25,glm_ar1,expanding,64,60,0
URY,2025-07-01,2,2025-09-01,35,7,49,0,117,glm_ar1,expanding,64,60,0
URY,2025-07-01,3,2025-10-01,107,22,148,2,355,glm_ar1,expanding,64,60,0
URY,2025-07-01,4,2025-11-01,243,50,336,5,807,glm_ar1,expanding,64,60,1
URY,2025-07-01,5,2025-12-01,449,92,619,10,1488,glm_ar1,expanding,64,60,0
URY,2025-07-01,6,2026-01-01,710,146,980,16,2353,glm_ar1,expanding,64,60,0
USA,2025-07-01,1,2025-08-01,194,40,268,4,644,glm_ar1,expanding,173,12,120
USA,2025-07-01,2,2025-09-01,379,78,523,8,1257,glm_ar1,expanding,173,12,213
USA,2025-07-01,3,2025-10-01,626,129,863,14,2074,glm_ar1,expanding,173,12,133
USA,2025-07-01,4,2025-11-01,911,188,1257,20,3018,glm_ar1,expanding,173,12,132
USA,2025-07-01,5,2025-12-01,1207,249,1665,27,3999,glm_ar1,expanding,173,12,75
USA,2025-07-01,6,2026-01-01,1491,307,2056,33,4939,glm_ar1,expanding,173,12,27
VCT,2025-07-01,1,2025-08-01,7,1,10,0,25,glm_ar1,expanding,136,48,0
VCT,2025-07-01,2,2025-09-01,35,7,49,0,117,glm_ar1,expanding,136,48,0
VCT,2025-07-01,3,2025-10-01,107,22,148,2,355,glm_ar1,expanding,136,48,1
VCT,2025-07-01,4,2025-11-01,243,50,336,5,807,glm_ar1,expanding,136,48,0
VCT,2025-07-01,5,2025-12-01,449,92,619,10,1488,glm_ar1,expanding,136,48,2
VCT,2025-07-01,6,2026-01-01,710,146,980,16,2353,glm_ar1,expanding,136,48,1
VEN,2025-07-01,1,2025-08-01,3249,670,4482,73,10764,glm_ar1,expanding,175,9,2914
VEN,2025-07-01,2,2025-09-01,3134,647,4323,71,10383,glm_ar1,expanding,175,9,2793
VEN,2025-07-01,3,2025-10-01,3051,629,4208,69,10106,glm_ar1,expanding,175,9,2154
VEN,2025-07-01,4,2025-11-01,2990,617,4124,67,9904,glm_ar1,expanding,175,9,2319
VEN,2025-07-01,5,2025-12-01,2944,607,4061,66,9754,glm_ar1,expanding,175,9,1697
VEN,2025-07-01,6,2026-01-01,2911,601,4015,66,9643,glm_ar1,expanding,175,9,2030
VGB,2025-07-01,1,2025-08-01,12,2,17,0,41,glm_ar1,expanding,148,36,0
VGB,2025-07-01,2,2025-09-01,50,10,69,1,167,glm_ar1,expanding,148,36,8
VGB,2025-07-01,3,2025-10-01,139,28,191,3,460,glm_ar1,expanding,148,36,7
VGB,2025-07-01,4,2025-11-01,295,61,407,6,978,glm_ar1,expanding,148,36,10
VGB,2025-07-01,5,2025-12-01,519,107,715,11,1719,glm_ar1,expanding,148,36,1
VGB,2025-07-01,6,2026-01-01,791,163,1091,18,2622,glm_ar1,expanding,148,36,0
VNM,2025-07-01,1,2025-08-01,1704,351,2350,38,5644,glm_ar1,expanding,185,0,1703
VNM,2025-07-01,2,2025-09-01,1931,398,2663,43,6396,glm_ar1,expanding,185,0,1770
VNM,2025-07-01,3,2025-10-01,2121,437,2925,48,7025,glm_ar1,expanding,185,0,1923
VNM,2025-07-01,4,2025-11-01,2275,469,3138,51,7538,glm_ar1,expanding,185,0,1712
VNM,2025-07-01,5,2025-12-01,2399,495,3309,54,7947,glm_ar1,expanding,185,0,1351
VNM,2025-07-01,6,2026-01-01,2496,515,3443,56,8269,glm_ar1,expanding,185,0,7098
VUT,2025-07-01,1,2025-08-01,12,2,17,0,41,glm_ar1,expanding,105,72,0
VUT,2025-07-01,2,2025-09-01,50,10,69,1,167,glm_ar1,expanding,105,72,2
VUT,2025-07-01,3,2025-10-01,139,28,191,3,460,glm_ar1,expanding,105,72,4
VUT,2025-07-01,4,2025-11-01,295,61,407,6,978,glm_ar1,expanding,105,72,12
VUT,2025-07-01,5,2025-12-01,519,107,715,11,1719,glm_ar1,expanding,105,72,30
VUT,2025-07-01,6,2026-01-01,791,163,1091,18,2622,glm_ar1,expanding,105,72,0
WLF,2025-07-01,1,2025-08-01,20,4,28,0,69,glm_ar1,expanding,98,0,2
WLF,2025-07-01,2,2025-09-01,72,15,100,1,240,glm_ar1,expanding,98,0,2
WLF,2025-07-01,3,2025-10-01,182,37,251,4,603,glm_ar1,expanding,98,0,3
WLF,2025-07-01,4,2025-11-01,361,74,498,8,1197,glm_ar1,expanding,98,0,3
WLF,2025-07-01,5,2025-12-01,603,124,832,13,2000,glm_ar1,expanding,98,0,3
WLF,2025-07-01,6,2026-01-01,886,183,1223,20,2937,glm_ar1,expanding,98,0,0
WSM,2025-07-01,1,2025-08-01,4417,911,6092,100,14630,glm_ar1,expanding,94,0,5925
WSM,2025-07-01,2,2025-09-01,3947,814,5443,89,13073,glm_ar1,expanding,94,0,2410
WSM,2025-07-01,3,2025-10-01,3627,748,5002,82,12014,glm_ar1,expanding,94,0,1528
WSM,2025-07-01,4,2025-11-01,3404,702,4695,77,11276,glm_ar1,expanding,94,0,485
WSM,2025-07-01,5,2025-12-01,3246,670,4477,73,10752,glm_ar1,expanding,94,0,146
WSM,2025-07-01,6,2026-01-01,3132,646,4320,71,10375,glm_ar1,expanding,94,0,123
YEM,2025-07-01,1,2025-08-01,NA,NA,NA,NA,NA,glm_ar1,expanding,84,24,NA
YEM,2025-07-01,2,2025-09-01,NA,NA,NA,NA,NA,glm_ar1,expanding,84,24,NA
YEM,2025-07-01,3,2025-10-01,NA,NA,NA,NA,NA,glm_ar1,expanding,84,24,NA
YEM,2025-07-01,4,2025-11-01,NA,NA,NA,NA,NA,glm_ar1,expanding,84,24,NA
YEM,2025-07-01,5,2025-12-01,NA,NA,NA,NA,NA,glm_ar1,expanding,84,24,NA
YEM,2025-07-01,6,2026-01-01,NA,NA,NA,NA,NA,glm_ar1,expanding,84,24,NA
ABW,2026-01-01,1,2026-02-01,17,3,23,0,56,glm_ar1,expanding,109,78,2
ABW,2026-01-01,2,2026-03-01,62,12,86,1,209,glm_ar1,expanding,109,78,3
ABW,2026-01-01,3,2026-04-01,164,33,226,3,548,glm_ar1,expanding,109,78,3
ABW,2026-01-01,4,2026-05-01,336,67,463,7,1121,glm_ar1,expanding,109,78,2
ABW,2026-01-01,5,2026-06-01,574,115,791,12,1916,glm_ar1,expanding,109,78,1
ABW,2026-01-01,6,2026-07-01,858,172,1182,18,2863,glm_ar1,expanding,109,78,0
AFG,2026-01-01,1,2026-02-01,286,57,394,6,954,glm_ar1,expanding,59,0,171
AFG,2026-01-01,2,2026-03-01,509,102,701,10,1698,glm_ar1,expanding,59,0,153
AFG,2026-01-01,3,2026-04-01,783,157,1079,16,2615,glm_ar1,expanding,59,0,247
AFG,2026-01-01,4,2026-05-01,1083,217,1492,23,3614,glm_ar1,expanding,59,0,218
AFG,2026-01-01,5,2026-06-01,1381,277,1902,29,4608,glm_ar1,expanding,59,0,255
AFG,2026-01-01,6,2026-07-01,1657,332,2283,35,5529,glm_ar1,expanding,59,0,299
ARG,2026-01-01,1,2026-02-01,35,7,48,0,116,glm_ar1,expanding,186,0,14
ARG,2026-01-01,2,2026-03-01,106,21,146,2,355,glm_ar1,expanding,186,0,34
ARG,2026-01-01,3,2026-04-01,243,48,335,5,812,glm_ar1,expanding,186,0,13
ARG,2026-01-01,4,2026-05-01,451,90,621,9,1504,glm_ar1,expanding,186,0,4
ARG,2026-01-01,5,2026-06-01,715,143,986,15,2388,glm_ar1,expanding,186,0,3
ARG,2026-01-01,6,2026-07-01,1012,203,1394,21,3376,glm_ar1,expanding,186,0,31
ATG,2026-01-01,1,2026-02-01,17,3,23,0,56,glm_ar1,expanding,106,24,2
ATG,2026-01-01,2,2026-03-01,62,12,86,1,209,glm_ar1,expanding,106,24,0
ATG,2026-01-01,3,2026-04-01,164,33,226,3,548,glm_ar1,expanding,106,24,0
ATG,2026-01-01,4,2026-05-01,336,67,463,7,1121,glm_ar1,expanding,106,24,0
ATG,2026-01-01,5,2026-06-01,574,115,791,12,1916,glm_ar1,expanding,106,24,0
ATG,2026-01-01,6,2026-07-01,858,172,1182,18,2863,glm_ar1,expanding,106,24,1
AUS,2026-01-01,1,2026-02-01,424,85,584,9,1416,glm_ar1,expanding,173,12,107
AUS,2026-01-01,2,2026-03-01,683,137,942,14,2282,glm_ar1,expanding,173,12,83
AUS,2026-01-01,3,2026-04-01,978,196,1347,20,3263,glm_ar1,expanding,173,12,70
AUS,2026-01-01,4,2026-05-01,1279,256,1762,27,4268,glm_ar1,expanding,173,12,66
AUS,2026-01-01,5,2026-06-01,1564,314,2155,33,5220,glm_ar1,expanding,173,12,41
AUS,2026-01-01,6,2026-07-01,1819,365,2507,38,6071,glm_ar1,expanding,173,12,113
BES,2026-01-01,1,2026-02-01,NA,NA,NA,NA,NA,glm_ar1,expanding,36,0,NA
BES,2026-01-01,2,2026-03-01,NA,NA,NA,NA,NA,glm_ar1,expanding,36,0,NA
BES,2026-01-01,3,2026-04-01,NA,NA,NA,NA,NA,glm_ar1,expanding,36,0,NA
BES,2026-01-01,4,2026-05-01,NA,NA,NA,NA,NA,glm_ar1,expanding,36,0,NA
BES,2026-01-01,5,2026-06-01,NA,NA,NA,NA,NA,glm_ar1,expanding,36,0,NA
BES,2026-01-01,6,2026-07-01,NA,NA,NA,NA,NA,glm_ar1,expanding,36,0,NA
BFA,2026-01-01,1,2026-02-01,3693,741,5089,78,12324,glm_ar1,expanding,81,48,3367
BFA,2026-01-01,2,2026-03-01,3467,695,4777,73,11570,glm_ar1,expanding,81,48,3143
BFA,2026-01-01,3,2026-04-01,3307,663,4556,70,11034,glm_ar1,expanding,81,48,3256
BFA,2026-01-01,4,2026-05-01,3191,640,4397,67,10649,glm_ar1,expanding,81,48,2621
BFA,2026-01-01,5,2026-06-01,3107,623,4281,65,10368,glm_ar1,expanding,81,48,2804
BFA,2026-01-01,6,2026-07-01,3045,611,4196,64,10162,glm_ar1,expanding,81,48,1486
BGD,2026-01-01,1,2026-02-01,1379,276,1900,29,4602,glm_ar1,expanding,191,0,409
BGD,2026-01-01,2,2026-03-01,1655,332,2281,35,5523,glm_ar1,expanding,191,0,353
BGD,2026-01-01,3,2026-04-01,1898,381,2615,40,6334,glm_ar1,expanding,191,0,640
BGD,2026-01-01,4,2026-05-01,2104,422,2899,44,7020,glm_ar1,expanding,191,0,714
BGD,2026-01-01,5,2026-06-01,2272,456,3131,48,7584,glm_ar1,expanding,191,0,2907
BGD,2026-01-01,6,2026-07-01,2408,483,3318,51,8036,glm_ar1,expanding,191,0,11626
BHS,2026-01-01,1,2026-02-01,7,1,10,0,25,glm_ar1,expanding,61,129,0
BHS,2026-01-01,2,2026-03-01,35,7,49,0,119,glm_ar1,expanding,61,129,0
BHS,2026-01-01,3,2026-04-01,108,21,149,2,362,glm_ar1,expanding,61,129,1
BHS,2026-01-01,4,2026-05-01,246,49,339,5,822,glm_ar1,expanding,61,129,0
BHS,2026-01-01,5,2026-06-01,455,91,627,9,1519,glm_ar1,expanding,61,129,0
BHS,2026-01-01,6,2026-07-01,721,144,993,15,2405,glm_ar1,expanding,61,129,0
BLM,2026-01-01,1,2026-02-01,7,1,10,0,25,glm_ar1,expanding,130,36,0
BLM,2026-01-01,2,2026-03-01,35,7,49,0,119,glm_ar1,expanding,130,36,0
BLM,2026-01-01,3,2026-04-01,108,21,149,2,362,glm_ar1,expanding,130,36,0
BLM,2026-01-01,4,2026-05-01,246,49,339,5,822,glm_ar1,expanding,130,36,0
BLM,2026-01-01,5,2026-06-01,455,91,627,9,1519,glm_ar1,expanding,130,36,0
BLM,2026-01-01,6,2026-07-01,721,144,993,15,2405,glm_ar1,expanding,130,36,0
BLZ,2026-01-01,1,2026-02-01,356,71,490,7,1187,glm_ar1,expanding,191,0,70
BLZ,2026-01-01,2,2026-03-01,599,120,826,12,2000,glm_ar1,expanding,191,0,59
BLZ,2026-01-01,3,2026-04-01,886,177,1220,18,2956,glm_ar1,expanding,191,0,11
BLZ,2026-01-01,4,2026-05-01,1187,238,1636,25,3963,glm_ar1,expanding,191,0,158
BLZ,2026-01-01,5,2026-06-01,1479,297,2039,31,4937,glm_ar1,expanding,191,0,192
BLZ,2026-01-01,6,2026-07-01,1745,350,2404,37,5823,glm_ar1,expanding,191,0,277
BOL,2026-01-01,1,2026-02-01,7601,1525,10473,160,25364,glm_ar1,expanding,186,0,20051
BOL,2026-01-01,2,2026-03-01,5961,1196,8214,126,19892,glm_ar1,expanding,186,0,15635
BOL,2026-01-01,3,2026-04-01,4967,996,6844,105,16574,glm_ar1,expanding,186,0,8650
BOL,2026-01-01,4,2026-05-01,4331,869,5968,91,14452,glm_ar1,expanding,186,0,3279
BOL,2026-01-01,5,2026-06-01,3908,784,5384,82,13040,glm_ar1,expanding,186,0,1714
BOL,2026-01-01,6,2026-07-01,3617,726,4984,76,12071,glm_ar1,expanding,186,0,1810
BRA,2026-01-01,1,2026-02-01,60247,12088,83013,1273,201033,glm_ar1,expanding,184,0,183033
BRA,2026-01-01,2,2026-03-01,28212,5660,38872,596,94137,glm_ar1,expanding,184,0,289444
BRA,2026-01-01,3,2026-04-01,15959,3202,21989,337,53251,glm_ar1,expanding,184,0,223667
BRA,2026-01-01,4,2026-05-01,10404,2087,14335,219,34717,glm_ar1,expanding,184,0,175661
BRA,2026-01-01,5,2026-06-01,7546,1514,10397,159,25179,glm_ar1,expanding,184,0,140872
BRA,2026-01-01,6,2026-07-01,5928,1189,8169,125,19783,glm_ar1,expanding,184,0,30702
BRB,2026-01-01,1,2026-02-01,44,9,61,1,148,glm_ar1,expanding,190,0,7
BRB,2026-01-01,2,2026-03-01,127,25,174,2,423,glm_ar1,expanding,190,0,4
BRB,2026-01-01,3,2026-04-01,277,55,382,5,924,glm_ar1,expanding,190,0,0
BRB,2026-01-01,4,2026-05-01,497,99,684,10,1658,glm_ar1,expanding,190,0,0
BRB,2026-01-01,5,2026-06-01,770,154,1060,16,2569,glm_ar1,expanding,190,0,0
BRB,2026-01-01,6,2026-07-01,1069,214,1472,22,3566,glm_ar1,expanding,190,0,9
BRN,2026-01-01,1,2026-02-01,NA,NA,NA,NA,NA,glm_ar1,expanding,168,0,NA
BRN,2026-01-01,2,2026-03-01,NA,NA,NA,NA,NA,glm_ar1,expanding,168,0,NA
BRN,2026-01-01,3,2026-04-01,NA,NA,NA,NA,NA,glm_ar1,expanding,168,0,NA
BRN,2026-01-01,4,2026-05-01,NA,NA,NA,NA,NA,glm_ar1,expanding,168,0,NA
BRN,2026-01-01,5,2026-06-01,NA,NA,NA,NA,NA,glm_ar1,expanding,168,0,NA
BRN,2026-01-01,6,2026-07-01,NA,NA,NA,NA,NA,glm_ar1,expanding,168,0,NA
BTN,2026-01-01,1,2026-02-01,28,5,39,0,94,glm_ar1,expanding,143,48,4
BTN,2026-01-01,2,2026-03-01,91,18,125,2,304,glm_ar1,expanding,143,48,1
BTN,2026-01-01,3,2026-04-01,216,43,298,4,722,glm_ar1,expanding,143,48,4
BTN,2026-01-01,4,2026-05-01,413,83,569,8,1378,glm_ar1,expanding,143,48,11
BTN,2026-01-01,5,2026-06-01,670,134,923,14,2237,glm_ar1,expanding,143,48,7
BTN,2026-01-01,6,2026-07-01,963,193,1327,20,3215,glm_ar1,expanding,143,48,7
CHL,2026-01-01,1,2026-02-01,7,1,10,0,25,glm_ar1,expanding,49,117,6
CHL,2026-01-01,2,2026-03-01,35,7,49,0,119,glm_ar1,expanding,49,117,13
CHL,2026-01-01,3,2026-04-01,108,21,149,2,362,glm_ar1,expanding,49,117,5
CHL,2026-01-01,4,2026-05-01,246,49,339,5,822,glm_ar1,expanding,49,117,3
CHL,2026-01-01,5,2026-06-01,455,91,627,9,1519,glm_ar1,expanding,49,117,0
CHL,2026-01-01,6,2026-07-01,721,144,993,15,2405,glm_ar1,expanding,49,117,1
CHN,2026-01-01,1,2026-02-01,220,44,303,4,735,glm_ar1,expanding,167,24,94
CHN,2026-01-01,2,2026-03-01,418,84,577,8,1397,glm_ar1,expanding,167,24,92
CHN,2026-01-01,3,2026-04-01,677,136,933,14,2259,glm_ar1,expanding,167,24,137
CHN,2026-01-01,4,2026-05-01,971,194,1337,20,3239,glm_ar1,expanding,167,24,222
CHN,2026-01-01,5,2026-06-01,1272,255,1752,27,4244,glm_ar1,expanding,167,24,255
CHN,2026-01-01,6,2026-07-01,1558,312,2146,33,5198,glm_ar1,expanding,167,24,322
CIV,2026-01-01,1,2026-02-01,159,32,219,3,532,glm_ar1,expanding,48,0,37
CIV,2026-01-01,2,2026-03-01,328,66,453,7,1097,glm_ar1,expanding,48,0,52
CIV,2026-01-01,3,2026-04-01,564,113,778,12,1884,glm_ar1,expanding,48,0,25
CIV,2026-01-01,4,2026-05-01,847,170,1167,18,2827,glm_ar1,expanding,48,0,25
CIV,2026-01-01,5,2026-06-01,1148,230,1582,24,3832,glm_ar1,expanding,48,0,75
CIV,2026-01-01,6,2026-07-01,1443,289,1988,30,4815,glm_ar1,expanding,48,0,88
COK,2026-01-01,1,2026-02-01,473,95,651,10,1578,glm_ar1,expanding,73,72,423
COK,2026-01-01,2,2026-03-01,741,148,1022,15,2475,glm_ar1,expanding,73,72,159
COK,2026-01-01,3,2026-04-01,1039,208,1432,22,3468,glm_ar1,expanding,73,72,8
COK,2026-01-01,4,2026-05-01,1339,268,1845,28,4467,glm_ar1,expanding,73,72,192
COK,2026-01-01,5,2026-06-01,1619,324,2230,34,5402,glm_ar1,expanding,73,72,130
COK,2026-01-01,6,2026-07-01,1867,374,2572,39,6230,glm_ar1,expanding,73,72,118
COL,2026-01-01,1,2026-02-01,8155,1636,11236,172,27211,glm_ar1,expanding,192,0,9292
COL,2026-01-01,2,2026-03-01,6284,1261,8659,132,20970,glm_ar1,expanding,192,0,10803
COL,2026-01-01,3,2026-04-01,5168,1037,7120,109,17244,glm_ar1,expanding,192,0,7763
COL,2026-01-01,4,2026-05-01,4462,895,6148,94,14889,glm_ar1,expanding,192,0,8948
COL,2026-01-01,5,2026-06-01,3996,801,5506,84,13334,glm_ar1,expanding,192,0,10919
COL,2026-01-01,6,2026-07-01,3678,738,5069,77,12275,glm_ar1,expanding,192,0,9804
CRI,2026-01-01,1,2026-02-01,449,90,619,9,1500,glm_ar1,expanding,191,0,126
CRI,2026-01-01,2,2026-03-01,714,143,984,15,2382,glm_ar1,expanding,191,0,127
CRI,2026-01-01,3,2026-04-01,1010,202,1392,21,3371,glm_ar1,expanding,191,0,148
CRI,2026-01-01,4,2026-05-01,1310,263,1805,27,4373,glm_ar1,expanding,191,0,286
CRI,2026-01-01,5,2026-06-01,1593,319,2195,33,5316,glm_ar1,expanding,191,0,816
CRI,2026-01-01,6,2026-07-01,1844,370,2541,39,6155,glm_ar1,expanding,191,0,748
CUB,2026-01-01,1,2026-02-01,3209,644,4422,67,10710,glm_ar1,expanding,109,33,1795
CUB,2026-01-01,2,2026-03-01,3120,626,4300,66,10413,glm_ar1,expanding,109,33,1727
CUB,2026-01-01,3,2026-04-01,3055,613,4210,64,10195,glm_ar1,expanding,109,33,1258
CUB,2026-01-01,4,2026-05-01,3007,603,4143,63,10035,glm_ar1,expanding,109,33,1766
CUB,2026-01-01,5,2026-06-01,2971,596,4094,62,9916,glm_ar1,expanding,109,33,2252
CUB,2026-01-01,6,2026-07-01,2945,591,4058,62,9828,glm_ar1,expanding,109,33,2665
CUW,2026-01-01,1,2026-02-01,NA,NA,NA,NA,NA,glm_ar1,expanding,48,0,NA
CUW,2026-01-01,2,2026-03-01,NA,NA,NA,NA,NA,glm_ar1,expanding,48,0,NA
CUW,2026-01-01,3,2026-04-01,NA,NA,NA,NA,NA,glm_ar1,expanding,48,0,NA
CUW,2026-01-01,4,2026-05-01,NA,NA,NA,NA,NA,glm_ar1,expanding,48,0,NA
CUW,2026-01-01,5,2026-06-01,NA,NA,NA,NA,NA,glm_ar1,expanding,48,0,NA
CUW,2026-01-01,6,2026-07-01,NA,NA,NA,NA,NA,glm_ar1,expanding,48,0,NA
CYM,2026-01-01,1,2026-02-01,7,1,10,0,25,glm_ar1,expanding,97,69,0
CYM,2026-01-01,2,2026-03-01,35,7,49,0,119,glm_ar1,expanding,97,69,0
CYM,2026-01-01,3,2026-04-01,108,21,149,2,362,glm_ar1,expanding,97,69,0
CYM,2026-01-01,4,2026-05-01,246,49,339,5,822,glm_ar1,expanding,97,69,0
CYM,2026-01-01,5,2026-06-01,455,91,627,9,1519,glm_ar1,expanding,97,69,0
CYM,2026-01-01,6,2026-07-01,721,144,993,15,2405,glm_ar1,expanding,97,69,0
DMA,2026-01-01,1,2026-02-01,NA,NA,NA,NA,NA,glm_ar1,expanding,132,24,NA
DMA,2026-01-01,2,2026-03-01,NA,NA,NA,NA,NA,glm_ar1,expanding,132,24,NA
DMA,2026-01-01,3,2026-04-01,NA,NA,NA,NA,NA,glm_ar1,expanding,132,24,NA
DMA,2026-01-01,4,2026-05-01,NA,NA,NA,NA,NA,glm_ar1,expanding,132,24,NA
DMA,2026-01-01,5,2026-06-01,NA,NA,NA,NA,NA,glm_ar1,expanding,132,24,NA
DMA,2026-01-01,6,2026-07-01,NA,NA,NA,NA,NA,glm_ar1,expanding,132,24,NA
DOM,2026-01-01,1,2026-02-01,286,57,394,6,954,glm_ar1,expanding,191,0,85
DOM,2026-01-01,2,2026-03-01,509,102,701,10,1698,glm_ar1,expanding,191,0,103
DOM,2026-01-01,3,2026-04-01,783,157,1079,16,2615,glm_ar1,expanding,191,0,93
DOM,2026-01-01,4,2026-05-01,1083,217,1492,23,3614,glm_ar1,expanding,191,0,135
DOM,2026-01-01,5,2026-06-01,1381,277,1902,29,4608,glm_ar1,expanding,191,0,141
DOM,2026-01-01,6,2026-07-01,1657,332,2283,35,5529,glm_ar1,expanding,191,0,140
ECU,2026-01-01,1,2026-02-01,2011,403,2770,42,6710,glm_ar1,expanding,183,0,2113
ECU,2026-01-01,2,2026-03-01,2197,440,3027,46,7330,glm_ar1,expanding,183,0,4065
ECU,2026-01-01,3,2026-04-01,2347,471,3235,49,7834,glm_ar1,expanding,183,0,4121
ECU,2026-01-01,4,2026-05-01,2467,495,3400,52,8234,glm_ar1,expanding,183,0,4452
ECU,2026-01-01,5,2026-06-01,2561,514,3529,54,8548,glm_ar1,expanding,183,0,4453
ECU,2026-01-01,6,2026-07-01,2634,528,3630,55,8791,glm_ar1,expanding,183,0,2656
ERI,2026-01-01,1,2026-02-01,648,130,893,13,2164,glm_ar1,expanding,73,114,400
ERI,2026-01-01,2,2026-03-01,940,188,1295,19,3136,glm_ar1,expanding,73,114,24
ERI,2026-01-01,3,2026-04-01,1241,249,1710,26,4142,glm_ar1,expanding,73,114,358
ERI,2026-01-01,4,2026-05-01,1529,307,2107,32,5104,glm_ar1,expanding,73,114,0
ERI,2026-01-01,5,2026-06-01,1789,359,2465,37,5970,glm_ar1,expanding,73,114,15
ERI,2026-01-01,6,2026-07-01,2012,403,2773,42,6715,glm_ar1,expanding,73,114,236
ETH,2026-01-01,1,2026-02-01,7,1,10,0,25,glm_ar1,expanding,37,116,46
ETH,2026-01-01,2,2026-03-01,35,7,49,0,119,glm_ar1,expanding,37,116,67
ETH,2026-01-01,3,2026-04-01,108,21,149,2,362,glm_ar1,expanding,37,116,928
ETH,2026-01-01,4,2026-05-01,246,49,339,5,822,glm_ar1,expanding,37,116,1262
ETH,2026-01-01,5,2026-06-01,455,91,627,9,1519,glm_ar1,expanding,37,116,390
ETH,2026-01-01,6,2026-07-01,721,144,993,15,2405,glm_ar1,expanding,37,116,82
FJI,2026-01-01,1,2026-02-01,1105,221,1523,23,3689,glm_ar1,expanding,183,0,1039
FJI,2026-01-01,2,2026-03-01,1402,281,1932,29,4679,glm_ar1,expanding,183,0,284
FJI,2026-01-01,3,2026-04-01,1676,336,2309,35,5593,glm_ar1,expanding,183,0,810
FJI,2026-01-01,4,2026-05-01,1916,384,2640,40,6394,glm_ar1,expanding,183,0,607
FJI,2026-01-01,5,2026-06-01,2119,425,2919,44,7070,glm_ar1,expanding,183,0,504
FJI,2026-01-01,6,2026-07-01,2285,458,3148,48,7624,glm_ar1,expanding,183,0,363
FSM,2026-01-01,1,2026-02-01,7,1,10,0,25,glm_ar1,expanding,106,12,0
FSM,2026-01-01,2,2026-03-01,35,7,49,0,119,glm_ar1,expanding,106,12,0
FSM,2026-01-01,3,2026-04-01,108,21,149,2,362,glm_ar1,expanding,106,12,0
FSM,2026-01-01,4,2026-05-01,246,49,339,5,822,glm_ar1,expanding,106,12,2
FSM,2026-01-01,5,2026-06-01,455,91,627,9,1519,glm_ar1,expanding,106,12,3
FSM,2026-01-01,6,2026-07-01,721,144,993,15,2405,glm_ar1,expanding,106,12,1
GLP,2026-01-01,1,2026-02-01,236,47,325,5,788,glm_ar1,expanding,190,0,46
GLP,2026-01-01,2,2026-03-01,441,88,607,9,1471,glm_ar1,expanding,190,0,150
GLP,2026-01-01,3,2026-04-01,703,141,969,14,2348,glm_ar1,expanding,190,0,51
GLP,2026-01-01,4,2026-05-01,999,200,1377,21,3334,glm_ar1,expanding,190,0,34
GLP,2026-01-01,5,2026-06-01,1300,260,1791,27,4337,glm_ar1,expanding,190,0,34
GLP,2026-01-01,6,2026-07-01,1583,317,2181,33,5283,glm_ar1,expanding,190,0,27
GRD,2026-01-01,1,2026-02-01,69,14,95,1,231,glm_ar1,expanding,179,12,12
GRD,2026-01-01,2,2026-03-01,176,35,243,3,589,glm_ar1,expanding,179,12,18
GRD,2026-01-01,3,2026-04-01,354,71,488,7,1183,glm_ar1,expanding,179,12,11
GRD,2026-01-01,4,2026-05-01,598,120,823,12,1995,glm_ar1,expanding,179,12,20
GRD,2026-01-01,5,2026-06-01,884,177,1218,18,2950,glm_ar1,expanding,179,12,13
GRD,2026-01-01,6,2026-07-01,1186,238,1634,25,3957,glm_ar1,expanding,179,12,3
GTM,2026-01-01,1,2026-02-01,3246,651,4473,68,10833,glm_ar1,expanding,192,0,4395
GTM,2026-01-01,2,2026-03-01,3147,631,4336,66,10502,glm_ar1,expanding,192,0,4846
GTM,2026-01-01,3,2026-04-01,3075,617,4237,65,10261,glm_ar1,expanding,192,0,4116
GTM,2026-01-01,4,2026-05-01,3022,606,4163,63,10083,glm_ar1,expanding,192,0,2751
GTM,2026-01-01,5,2026-06-01,2982,598,4109,63,9952,glm_ar1,expanding,192,0,1485
GTM,2026-01-01,6,2026-07-01,2953,592,4069,62,9854,glm_ar1,expanding,192,0,5849
GUF,2026-01-01,1,2026-02-01,12,2,17,0,42,glm_ar1,expanding,169,15,2
GUF,2026-01-01,2,2026-03-01,50,10,70,1,169,glm_ar1,expanding,169,15,1
GUF,2026-01-01,3,2026-04-01,140,28,193,3,468,glm_ar1,expanding,169,15,6
GUF,2026-01-01,4,2026-05-01,299,60,411,6,997,glm_ar1,expanding,169,15,4
GUF,2026-01-01,5,2026-06-01,526,105,724,11,1755,glm_ar1,expanding,169,15,5
GUF,2026-01-01,6,2026-07-01,803,161,1106,17,2680,glm_ar1,expanding,169,15,5
GUY,2026-01-01,1,2026-02-01,8521,1709,11741,180,28434,glm_ar1,expanding,181,12,7787
GUY,2026-01-01,2,2026-03-01,6495,1303,8950,137,21674,glm_ar1,expanding,181,12,9289
GUY,2026-01-01,3,2026-04-01,5297,1063,7299,112,17677,glm_ar1,expanding,181,12,7645
GUY,2026-01-01,4,2026-05-01,4546,912,6263,96,15169,glm_ar1,expanding,181,12,3514
GUY,2026-01-01,5,2026-06-01,4052,813,5583,85,13522,glm_ar1,expanding,181,12,2918
GUY,2026-01-01,6,2026-07-01,3717,746,5122,78,12405,glm_ar1,expanding,181,12,10423
HND,2026-01-01,1,2026-02-01,1350,271,1860,28,4506,glm_ar1,expanding,192,0,660
HND,2026-01-01,2,2026-03-01,1629,327,2245,34,5437,glm_ar1,expanding,192,0,714
HND,2026-01-01,3,2026-04-01,1876,376,2585,39,6259,glm_ar1,expanding,192,0,769
HND,2026-01-01,4,2026-05-01,2085,418,2873,44,6958,glm_ar1,expanding,192,0,820
HND,2026-01-01,5,2026-06-01,2257,453,3110,47,7533,glm_ar1,expanding,192,0,1528
HND,2026-01-01,6,2026-07-01,2396,480,3301,50,7996,glm_ar1,expanding,192,0,1999
HTI,2026-01-01,1,2026-02-01,NA,NA,NA,NA,NA,glm_ar1,expanding,60,0,NA
HTI,2026-01-01,2,2026-03-01,NA,NA,NA,NA,NA,glm_ar1,expanding,60,0,NA
HTI,2026-01-01,3,2026-04-01,NA,NA,NA,NA,NA,glm_ar1,expanding,60,0,NA
HTI,2026-01-01,4,2026-05-01,NA,NA,NA,NA,NA,glm_ar1,expanding,60,0,NA
HTI,2026-01-01,5,2026-06-01,NA,NA,NA,NA,NA,glm_ar1,expanding,60,0,NA
HTI,2026-01-01,6,2026-07-01,NA,NA,NA,NA,NA,glm_ar1,expanding,60,0,NA
IDN,2026-01-01,1,2026-02-01,NA,NA,NA,NA,NA,glm_ar1,expanding,168,0,NA
IDN,2026-01-01,2,2026-03-01,NA,NA,NA,NA,NA,glm_ar1,expanding,168,0,NA
IDN,2026-01-01,3,2026-04-01,NA,NA,NA,NA,NA,glm_ar1,expanding,168,0,NA
IDN,2026-01-01,4,2026-05-01,NA,NA,NA,NA,NA,glm_ar1,expanding,168,0,NA
IDN,2026-01-01,5,2026-06-01,NA,NA,NA,NA,NA,glm_ar1,expanding,168,0,NA
IDN,2026-01-01,6,2026-07-01,NA,NA,NA,NA,NA,glm_ar1,expanding,168,0,NA
IND,2026-01-01,1,2026-02-01,3362,674,4632,71,11217,glm_ar1,expanding,190,0,3019
IND,2026-01-01,2,2026-03-01,3231,648,4452,68,10781,glm_ar1,expanding,190,0,3085
IND,2026-01-01,3,2026-04-01,3136,629,4321,66,10465,glm_ar1,expanding,190,0,2918
IND,2026-01-01,4,2026-05-01,3067,615,4225,64,10233,glm_ar1,expanding,190,0,3747
IND,2026-01-01,5,2026-06-01,3015,605,4155,63,10063,glm_ar1,expanding,190,0,6625
IND,2026-01-01,6,2026-07-01,2978,597,4103,63,9937,glm_ar1,expanding,190,0,9822
JAM,2026-01-01,1,2026-02-01,127,25,175,2,423,glm_ar1,expanding,189,0,18
JAM,2026-01-01,2,2026-03-01,277,55,382,5,925,glm_ar1,expanding,189,0,16
JAM,2026-01-01,3,2026-04-01,497,99,685,10,1659,glm_ar1,expanding,189,0,25
JAM,2026-01-01,4,2026-05-01,770,154,1061,16,2569,glm_ar1,expanding,189,0,11
JAM,2026-01-01,5,2026-06-01,1069,214,1473,22,3567,glm_ar1,expanding,189,0,11
JAM,2026-01-01,6,2026-07-01,1367,274,1884,29,4563,glm_ar1,expanding,189,0,40
KEN,2026-01-01,1,2026-02-01,1569,314,2162,33,5236,glm_ar1,expanding,83,72,942
KEN,2026-01-01,2,2026-03-01,1823,366,2513,38,6085,glm_ar1,expanding,83,72,1337
KEN,2026-01-01,3,2026-04-01,2041,409,2813,43,6812,glm_ar1,expanding,83,72,1687
KEN,2026-01-01,4,2026-05-01,2222,445,3061,47,7414,glm_ar1,expanding,83,72,2825
KEN,2026-01-01,5,2026-06-01,2368,475,3262,50,7901,glm_ar1,expanding,83,72,1102
KEN,2026-01-01,6,2026-07-01,2483,498,3422,52,8287,glm_ar1,expanding,83,72,702
KHM,2026-01-01,1,2026-02-01,2775,556,3824,58,9260,glm_ar1,expanding,192,0,1339
KHM,2026-01-01,2,2026-03-01,2798,561,3855,59,9336,glm_ar1,expanding,192,0,1275
KHM,2026-01-01,3,2026-04-01,2815,564,3878,59,9393,glm_ar1,expanding,192,0,2351
KHM,2026-01-01,4,2026-05-01,2828,567,3896,59,9436,glm_ar1,expanding,192,0,3810
KHM,2026-01-01,5,2026-06-01,2837,569,3910,60,9468,glm_ar1,expanding,192,0,8095
KHM,2026-01-01,6,2026-07-01,2845,570,3920,60,9493,glm_ar1,expanding,192,0,11921
KIR,2026-01-01,1,2026-02-01,12,2,17,0,42,glm_ar1,expanding,94,84,4
KIR,2026-01-01,2,2026-03-01,50,10,70,1,169,glm_ar1,expanding,94,84,0
KIR,2026-01-01,3,2026-04-01,140,28,193,3,468,glm_ar1,expanding,94,84,0
KIR,2026-01-01,4,2026-05-01,299,60,411,6,997,glm_ar1,expanding,94,84,202
KIR,2026-01-01,5,2026-06-01,526,105,724,11,1755,glm_ar1,expanding,94,84,102
KIR,2026-01-01,6,2026-07-01,803,161,1106,17,2680,glm_ar1,expanding,94,84,89
KNA,2026-01-01,1,2026-02-01,17,3,23,0,56,glm_ar1,expanding,82,72,3
KNA,2026-01-01,2,2026-03-01,62,12,86,1,209,glm_ar1,expanding,82,72,8
KNA,2026-01-01,3,2026-04-01,164,33,226,3,548,glm_ar1,expanding,82,72,4
KNA,2026-01-01,4,2026-05-01,336,67,463,7,1121,glm_ar1,expanding,82,72,1
KNA,2026-01-01,5,2026-06-01,574,115,791,12,1916,glm_ar1,expanding,82,72,4
KNA,2026-01-01,6,2026-07-01,858,172,1182,18,2863,glm_ar1,expanding,82,72,0
LAO,2026-01-01,1,2026-02-01,700,140,965,14,2338,glm_ar1,expanding,192,0,214
LAO,2026-01-01,2,2026-03-01,996,199,1372,21,3323,glm_ar1,expanding,192,0,238
LAO,2026-01-01,3,2026-04-01,1296,260,1786,27,4327,glm_ar1,expanding,192,0,203
LAO,2026-01-01,4,2026-05-01,1580,317,2177,33,5274,glm_ar1,expanding,192,0,281
LAO,2026-01-01,5,2026-06-01,1833,368,2526,38,6118,glm_ar1,expanding,192,0,684
LAO,2026-01-01,6,2026-07-01,2050,411,2824,43,6840,glm_ar1,expanding,192,0,2407
LCA,2026-01-01,1,2026-02-01,7,1,10,0,25,glm_ar1,expanding,142,49,1
LCA,2026-01-01,2,2026-03-01,35,7,49,0,119,glm_ar1,expanding,142,49,3
LCA,2026-01-01,3,2026-04-01,108,21,149,2,362,glm_ar1,expanding,142,49,0
LCA,2026-01-01,4,2026-05-01,246,49,339,5,822,glm_ar1,expanding,142,49,0
LCA,2026-01-01,5,2026-06-01,455,91,627,9,1519,glm_ar1,expanding,142,49,2
LCA,2026-01-01,6,2026-07-01,721,144,993,15,2405,glm_ar1,expanding,142,49,2
LKA,2026-01-01,1,2026-02-01,6118,1227,8429,129,20414,glm_ar1,expanding,192,0,5724
LKA,2026-01-01,2,2026-03-01,5064,1016,6978,107,16900,glm_ar1,expanding,192,0,6016
LKA,2026-01-01,3,2026-04-01,4395,882,6055,92,14665,glm_ar1,expanding,192,0,5662
LKA,2026-01-01,4,2026-05-01,3951,792,5444,83,13184,glm_ar1,expanding,192,0,8602
LKA,2026-01-01,5,2026-06-01,3647,732,5025,77,12171,glm_ar1,expanding,192,0,5430
LKA,2026-01-01,6,2026-07-01,3435,689,4733,72,11462,glm_ar1,expanding,192,0,6854
MAF,2026-01-01,1,2026-02-01,7,1,10,0,25,glm_ar1,expanding,176,12,4
MAF,2026-01-01,2,2026-03-01,35,7,49,0,119,glm_ar1,expanding,176,12,1
MAF,2026-01-01,3,2026-04-01,108,21,149,2,362,glm_ar1,expanding,176,12,3
MAF,2026-01-01,4,2026-05-01,246,49,339,5,822,glm_ar1,expanding,176,12,0
MAF,2026-01-01,5,2026-06-01,455,91,627,9,1519,glm_ar1,expanding,176,12,5
MAF,2026-01-01,6,2026-07-01,721,144,993,15,2405,glm_ar1,expanding,176,12,3
MDV,2026-01-01,1,2026-02-01,921,184,1269,19,3073,glm_ar1,expanding,192,0,420
MDV,2026-01-01,2,2026-03-01,1223,245,1685,25,4080,glm_ar1,expanding,192,0,591
MDV,2026-01-01,3,2026-04-01,1512,303,2084,32,5047,glm_ar1,expanding,192,0,601
MDV,2026-01-01,4,2026-05-01,1774,356,2444,37,5919,glm_ar1,expanding,192,0,253
MDV,2026-01-01,5,2026-06-01,1999,401,2755,42,6672,glm_ar1,expanding,192,0,341
MDV,2026-01-01,6,2026-07-01,2187,439,3014,46,7300,glm_ar1,expanding,192,0,399
MEX,2026-01-01,1,2026-02-01,5141,1031,7084,108,17155,glm_ar1,expanding,192,0,4841
MEX,2026-01-01,2,2026-03-01,4444,891,6124,94,14831,glm_ar1,expanding,192,0,4944
MEX,2026-01-01,3,2026-04-01,3984,799,5490,84,13296,glm_ar1,expanding,192,0,4598
MEX,2026-01-01,4,2026-05-01,3670,736,5057,77,12248,glm_ar1,expanding,192,0,4963
MEX,2026-01-01,5,2026-06-01,3451,692,4755,73,11517,glm_ar1,expanding,192,0,8266
MEX,2026-01-01,6,2026-07-01,3295,661,4540,69,10996,glm_ar1,expanding,192,0,12089
MHL,2026-01-01,1,2026-02-01,7,1,10,0,25,glm_ar1,expanding,73,103,0
MHL,2026-01-01,2,2026-03-01,35,7,49,0,119,glm_ar1,expanding,73,103,0
MHL,2026-01-01,3,2026-04-01,108,21,149,2,362,glm_ar1,expanding,73,103,0
MHL,2026-01-01,4,2026-05-01,246,49,339,5,822,glm_ar1,expanding,73,103,0
MHL,2026-01-01,5,2026-06-01,455,91,627,9,1519,glm_ar1,expanding,73,103,0
MHL,2026-01-01,6,2026-07-01,721,144,993,15,2405,glm_ar1,expanding,73,103,0
MMR,2026-01-01,1,2026-02-01,282,56,389,6,943,glm_ar1,expanding,192,0,99
MMR,2026-01-01,2,2026-03-01,504,101,695,10,1683,glm_ar1,expanding,192,0,131
MMR,2026-01-01,3,2026-04-01,778,156,1073,16,2598,glm_ar1,expanding,192,0,184
MMR,2026-01-01,4,2026-05-01,1078,216,1485,22,3597,glm_ar1,expanding,192,0,380
MMR,2026-01-01,5,2026-06-01,1376,276,1896,29,4591,glm_ar1,expanding,192,0,866
MMR,2026-01-01,6,2026-07-01,1652,331,2277,35,5514,glm_ar1,expanding,192,0,2923
MRT,2026-01-01,1,2026-02-01,808,162,1113,17,2697,glm_ar1,expanding,45,60,78
MRT,2026-01-01,2,2026-03-01,1108,222,1527,23,3699,glm_ar1,expanding,45,60,46
MRT,2026-01-01,3,2026-04-01,1405,282,1936,29,4689,glm_ar1,expanding,45,60,37
MRT,2026-01-01,4,2026-05-01,1678,336,2313,35,5601,glm_ar1,expanding,45,60,115
MRT,2026-01-01,5,2026-06-01,1918,385,2643,40,6401,glm_ar1,expanding,45,60,69
MRT,2026-01-01,6,2026-07-01,2120,425,2922,44,7076,glm_ar1,expanding,45,60,244
MTQ,2026-01-01,1,2026-02-01,587,117,809,12,1959,glm_ar1,expanding,189,0,322
MTQ,2026-01-01,2,2026-03-01,872,175,1202,18,2911,glm_ar1,expanding,189,0,416
MTQ,2026-01-01,3,2026-04-01,1174,235,1617,24,3918,glm_ar1,expanding,189,0,210
MTQ,2026-01-01,4,2026-05-01,1467,294,2021,31,4895,glm_ar1,expanding,189,0,60
MTQ,2026-01-01,5,2026-06-01,1734,348,2389,36,5785,glm_ar1,expanding,189,0,44
MTQ,2026-01-01,6,2026-07-01,1965,394,2708,41,6559,glm_ar1,expanding,189,0,66
MYS,2026-01-01,1,2026-02-01,4554,914,6275,96,15198,glm_ar1,expanding,192,0,4913
MYS,2026-01-01,2,2026-03-01,4058,814,5592,85,13542,glm_ar1,expanding,192,0,4431
MYS,2026-01-01,3,2026-04-01,3721,746,5128,78,12418,glm_ar1,expanding,192,0,6873
MYS,2026-01-01,4,2026-05-01,3487,699,4805,73,11636,glm_ar1,expanding,192,0,13323
MYS,2026-01-01,5,2026-06-01,3321,666,4576,70,11082,glm_ar1,expanding,192,0,4826
MYS,2026-01-01,6,2026-07-01,3201,642,4411,67,10683,glm_ar1,expanding,192,0,5113
NCL,2026-01-01,1,2026-02-01,116,23,160,2,388,glm_ar1,expanding,145,28,126
NCL,2026-01-01,2,2026-03-01,259,52,357,5,866,glm_ar1,expanding,145,28,309
NCL,2026-01-01,3,2026-04-01,473,95,652,10,1579,glm_ar1,expanding,145,28,835
NCL,2026-01-01,4,2026-05-01,742,149,1022,15,2476,glm_ar1,expanding,145,28,105
NCL,2026-01-01,5,2026-06-01,1040,208,1433,22,3470,glm_ar1,expanding,145,28,101
NCL,2026-01-01,6,2026-07-01,1339,268,1845,28,4469,glm_ar1,expanding,145,28,56
NIC,2026-01-01,1,2026-02-01,NA,NA,NA,NA,NA,glm_ar1,expanding,168,0,NA
NIC,2026-01-01,2,2026-03-01,NA,NA,NA,NA,NA,glm_ar1,expanding,168,0,NA
NIC,2026-01-01,3,2026-04-01,NA,NA,NA,NA,NA,glm_ar1,expanding,168,0,NA
NIC,2026-01-01,4,2026-05-01,NA,NA,NA,NA,NA,glm_ar1,expanding,168,0,NA
NIC,2026-01-01,5,2026-06-01,NA,NA,NA,NA,NA,glm_ar1,expanding,168,0,NA
NIC,2026-01-01,6,2026-07-01,NA,NA,NA,NA,NA,glm_ar1,expanding,168,0,NA
NPL,2026-01-01,1,2026-02-01,308,61,424,6,1029,glm_ar1,expanding,191,0,166
NPL,2026-01-01,2,2026-03-01,538,108,741,11,1796,glm_ar1,expanding,191,0,175
NPL,2026-01-01,3,2026-04-01,817,164,1126,17,2727,glm_ar1,expanding,191,0,218
NPL,2026-01-01,4,2026-05-01,1118,224,1540,23,3730,glm_ar1,expanding,191,0,247
NPL,2026-01-01,5,2026-06-01,1414,283,1948,30,4718,glm_ar1,expanding,191,0,292
NPL,2026-01-01,6,2026-07-01,1686,338,2324,35,5628,glm_ar1,expanding,191,0,538
OMN,2026-01-01,1,2026-02-01,NA,NA,NA,NA,NA,glm_ar1,expanding,60,0,NA
OMN,2026-01-01,2,2026-03-01,NA,NA,NA,NA,NA,glm_ar1,expanding,60,0,NA
OMN,2026-01-01,3,2026-04-01,NA,NA,NA,NA,NA,glm_ar1,expanding,60,0,NA
OMN,2026-01-01,4,2026-05-01,NA,NA,NA,NA,NA,glm_ar1,expanding,60,0,NA
OMN,2026-01-01,5,2026-06-01,NA,NA,NA,NA,NA,glm_ar1,expanding,60,0,NA
OMN,2026-01-01,6,2026-07-01,NA,NA,NA,NA,NA,glm_ar1,expanding,60,0,NA
PAK,2026-01-01,1,2026-02-01,1485,298,2046,31,4955,glm_ar1,expanding,191,0,309
PAK,2026-01-01,2,2026-03-01,1750,351,2411,37,5839,glm_ar1,expanding,191,0,300
PAK,2026-01-01,3,2026-04-01,1979,397,2727,41,6604,glm_ar1,expanding,191,0,1818
PAK,2026-01-01,4,2026-05-01,2170,435,2991,45,7243,glm_ar1,expanding,191,0,2857
PAK,2026-01-01,5,2026-06-01,2326,467,3206,49,7764,glm_ar1,expanding,191,0,1171
PAK,2026-01-01,6,2026-07-01,2451,491,3377,51,8179,glm_ar1,expanding,191,0,835
PAN,2026-01-01,1,2026-02-01,1332,267,1835,28,4444,glm_ar1,expanding,190,0,699
PAN,2026-01-01,2,2026-03-01,1612,323,2222,34,5381,glm_ar1,expanding,190,0,828
PAN,2026-01-01,3,2026-04-01,1861,373,2565,39,6211,glm_ar1,expanding,190,0,538
PAN,2026-01-01,4,2026-05-01,2073,416,2856,43,6918,glm_ar1,expanding,190,0,742
PAN,2026-01-01,5,2026-06-01,2248,451,3097,47,7500,glm_ar1,expanding,190,0,175
PAN,2026-01-01,6,2026-07-01,2388,479,3291,50,7970,glm_ar1,expanding,190,0,1800
PER,2026-01-01,1,2026-02-01,2442,490,3365,51,8148,glm_ar1,expanding,185,0,2827
PER,2026-01-01,2,2026-03-01,2541,510,3502,53,8481,glm_ar1,expanding,185,0,5724
PER,2026-01-01,3,2026-04-01,2619,525,3609,55,8740,glm_ar1,expanding,185,0,7139
PER,2026-01-01,4,2026-05-01,2679,537,3691,56,8939,glm_ar1,expanding,185,0,7974
PER,2026-01-01,5,2026-06-01,2724,546,3754,57,9092,glm_ar1,expanding,185,0,10387
PER,2026-01-01,6,2026-07-01,2759,553,3802,58,9208,glm_ar1,expanding,185,0,2291
PHL,2026-01-01,1,2026-02-01,NA,NA,NA,NA,NA,glm_ar1,expanding,168,0,NA
PHL,2026-01-01,2,2026-03-01,NA,NA,NA,NA,NA,glm_ar1,expanding,168,0,NA
PHL,2026-01-01,3,2026-04-01,NA,NA,NA,NA,NA,glm_ar1,expanding,168,0,NA
PHL,2026-01-01,4,2026-05-01,NA,NA,NA,NA,NA,glm_ar1,expanding,168,0,NA
PHL,2026-01-01,5,2026-06-01,NA,NA,NA,NA,NA,glm_ar1,expanding,168,0,NA
PHL,2026-01-01,6,2026-07-01,NA,NA,NA,NA,NA,glm_ar1,expanding,168,0,NA
PLW,2026-01-01,1,2026-02-01,7,1,10,0,25,glm_ar1,expanding,97,93,0
PLW,2026-01-01,2,2026-03-01,35,7,49,0,119,glm_ar1,expanding,97,93,0
PLW,2026-01-01,3,2026-04-01,108,21,149,2,362,glm_ar1,expanding,97,93,0
PLW,2026-01-01,4,2026-05-01,246,49,339,5,822,glm_ar1,expanding,97,93,3
PLW,2026-01-01,5,2026-06-01,455,91,627,9,1519,glm_ar1,expanding,97,93,4
PLW,2026-01-01,6,2026-07-01,721,144,993,15,2405,glm_ar1,expanding,97,93,4
PRI,2026-01-01,1,2026-02-01,445,89,613,9,1486,glm_ar1,expanding,154,36,116
PRI,2026-01-01,2,2026-03-01,709,142,977,15,2366,glm_ar1,expanding,154,36,157
PRI,2026-01-01,3,2026-04-01,1005,201,1384,21,3353,glm_ar1,expanding,154,36,124
PRI,2026-01-01,4,2026-05-01,1305,262,1798,27,4356,glm_ar1,expanding,154,36,101
PRI,2026-01-01,5,2026-06-01,1588,318,2188,33,5300,glm_ar1,expanding,154,36,31
PRI,2026-01-01,6,2026-07-01,1840,369,2536,39,6141,glm_ar1,expanding,154,36,172
PRY,2026-01-01,1,2026-02-01,2878,577,3966,60,9605,glm_ar1,expanding,187,0,1774
PRY,2026-01-01,2,2026-03-01,2875,577,3962,60,9595,glm_ar1,expanding,187,0,1680
PRY,2026-01-01,3,2026-04-01,2873,576,3959,60,9588,glm_ar1,expanding,187,0,1367
PRY,2026-01-01,4,2026-05-01,2872,576,3957,60,9583,glm_ar1,expanding,187,0,569
PRY,2026-01-01,5,2026-06-01,2870,576,3955,60,9579,glm_ar1,expanding,187,0,495
PRY,2026-01-01,6,2026-07-01,2870,575,3954,60,9576,glm_ar1,expanding,187,0,723
PYF,2026-01-01,1,2026-02-01,31,6,43,0,105,glm_ar1,expanding,141,48,7
PYF,2026-01-01,2,2026-03-01,99,20,136,2,330,glm_ar1,expanding,141,48,2
PYF,2026-01-01,3,2026-04-01,230,46,317,4,769,glm_ar1,expanding,141,48,8
PYF,2026-01-01,4,2026-05-01,433,87,596,9,1444,glm_ar1,expanding,141,48,42
PYF,2026-01-01,5,2026-06-01,694,139,956,14,2316,glm_ar1,expanding,141,48,28
PYF,2026-01-01,6,2026-07-01,989,198,1363,21,3300,glm_ar1,expanding,141,48,23
REU,2026-01-01,1,2026-02-01,44,9,61,1,148,glm_ar1,expanding,123,60,3
REU,2026-01-01,2,2026-03-01,127,25,174,2,423,glm_ar1,expanding,123,60,45
REU,2026-01-01,3,2026-04-01,277,55,382,5,924,glm_ar1,expanding,123,60,76
REU,2026-01-01,4,2026-05-01,497,99,684,10,1658,glm_ar1,expanding,123,60,73
REU,2026-01-01,5,2026-06-01,770,154,1060,16,2569,glm_ar1,expanding,123,60,16
REU,2026-01-01,6,2026-07-01,1069,214,1472,22,3566,glm_ar1,expanding,123,60,8
SAU,2026-01-01,1,2026-02-01,NA,NA,NA,NA,NA,glm_ar1,expanding,168,0,NA
SAU,2026-01-01,2,2026-03-01,NA,NA,NA,NA,NA,glm_ar1,expanding,168,0,NA
SAU,2026-01-01,3,2026-04-01,NA,NA,NA,NA,NA,glm_ar1,expanding,168,0,NA
SAU,2026-01-01,4,2026-05-01,NA,NA,NA,NA,NA,glm_ar1,expanding,168,0,NA
SAU,2026-01-01,5,2026-06-01,NA,NA,NA,NA,NA,glm_ar1,expanding,168,0,NA
SAU,2026-01-01,6,2026-07-01,NA,NA,NA,NA,NA,glm_ar1,expanding,168,0,NA
SDN,2026-01-01,1,2026-02-01,2553,512,3517,54,8518,glm_ar1,expanding,105,84,1098
SDN,2026-01-01,2,2026-03-01,2628,527,3621,55,8768,glm_ar1,expanding,105,84,893
SDN,2026-01-01,3,2026-04-01,2685,539,3700,56,8961,glm_ar1,expanding,105,84,818
SDN,2026-01-01,4,2026-05-01,2729,547,3761,57,9108,glm_ar1,expanding,105,84,2965
SDN,2026-01-01,5,2026-06-01,2763,554,3807,58,9221,glm_ar1,expanding,105,84,135
SDN,2026-01-01,6,2026-07-01,2789,559,3842,59,9306,glm_ar1,expanding,105,84,463
SEN,2026-01-01,1,2026-02-01,721,144,993,15,2405,glm_ar1,expanding,81,24,312
SEN,2026-01-01,2,2026-03-01,1017,204,1402,21,3395,glm_ar1,expanding,81,24,230
SEN,2026-01-01,3,2026-04-01,1317,264,1815,27,4397,glm_ar1,expanding,81,24,247
SEN,2026-01-01,4,2026-05-01,1599,321,2204,33,5337,glm_ar1,expanding,81,24,121
SEN,2026-01-01,5,2026-06-01,1850,371,2549,39,6174,glm_ar1,expanding,81,24,156
SEN,2026-01-01,6,2026-07-01,2063,414,2843,43,6886,glm_ar1,expanding,81,24,550
SGP,2026-01-01,1,2026-02-01,313,62,431,6,1044,glm_ar1,expanding,192,0,134
SGP,2026-01-01,2,2026-03-01,544,109,750,11,1817,glm_ar1,expanding,192,0,127
SGP,2026-01-01,3,2026-04-01,824,165,1136,17,2750,glm_ar1,expanding,192,0,131
SGP,2026-01-01,4,2026-05-01,1125,225,1550,23,3754,glm_ar1,expanding,192,0,216
SGP,2026-01-01,5,2026-06-01,1421,285,1957,30,4741,glm_ar1,expanding,192,0,442
SGP,2026-01-01,6,2026-07-01,1692,339,2332,35,5648,glm_ar1,expanding,192,0,435
SLB,2026-01-01,1,2026-02-01,71,14,99,1,239,glm_ar1,expanding,130,24,24
SLB,2026-01-01,2,2026-03-01,181,36,250,3,605,glm_ar1,expanding,130,24,15
SLB,2026-01-01,3,2026-04-01,362,72,498,7,1207,glm_ar1,expanding,130,24,27
SLB,2026-01-01,4,2026-05-01,607,121,836,12,2025,glm_ar1,expanding,130,24,12
SLB,2026-01-01,5,2026-06-01,894,179,1232,19,2984,glm_ar1,expanding,130,24,12
SLB,2026-01-01,6,2026-07-01,1196,240,1648,25,3991,glm_ar1,expanding,130,24,11
SLV,2026-01-01,1,2026-02-01,1028,206,1417,21,3432,glm_ar1,expanding,192,0,371
SLV,2026-01-01,2,2026-03-01,1328,266,1830,28,4432,glm_ar1,expanding,192,0,463
SLV,2026-01-01,3,2026-04-01,1609,323,2217,34,5370,glm_ar1,expanding,192,0,358
SLV,2026-01-01,4,2026-05-01,1858,373,2561,39,6202,glm_ar1,expanding,192,0,219
SLV,2026-01-01,5,2026-06-01,2071,415,2853,43,6910,glm_ar1,expanding,192,0,318
SLV,2026-01-01,6,2026-07-01,2246,450,3094,47,7494,glm_ar1,expanding,192,0,716
SUR,2026-01-01,1,2026-02-01,248,49,341,5,827,glm_ar1,expanding,130,60,133
SUR,2026-01-01,2,2026-03-01,457,91,630,9,1526,glm_ar1,expanding,130,60,85
SUR,2026-01-01,3,2026-04-01,723,145,997,15,2414,glm_ar1,expanding,130,60,89
SUR,2026-01-01,4,2026-05-01,1020,204,1405,21,3404,glm_ar1,expanding,130,60,2
SUR,2026-01-01,5,2026-06-01,1320,265,1819,28,4405,glm_ar1,expanding,130,60,49
SUR,2026-01-01,6,2026-07-01,1602,321,2207,33,5345,glm_ar1,expanding,130,60,66
SXM,2026-01-01,1,2026-02-01,35,7,48,0,116,glm_ar1,expanding,58,132,3
SXM,2026-01-01,2,2026-03-01,106,21,146,2,355,glm_ar1,expanding,58,132,2
SXM,2026-01-01,3,2026-04-01,243,48,335,5,812,glm_ar1,expanding,58,132,1
SXM,2026-01-01,4,2026-05-01,451,90,621,9,1504,glm_ar1,expanding,58,132,2
SXM,2026-01-01,5,2026-06-01,715,143,986,15,2388,glm_ar1,expanding,58,132,2
SXM,2026-01-01,6,2026-07-01,1012,203,1394,21,3376,glm_ar1,expanding,58,132,3
SYC,2026-01-01,1,2026-02-01,316,63,435,6,1055,glm_ar1,expanding,61,54,29
SYC,2026-01-01,2,2026-03-01,548,110,755,11,1830,glm_ar1,expanding,61,54,29
SYC,2026-01-01,3,2026-04-01,829,166,1142,17,2766,glm_ar1,expanding,61,54,22
SYC,2026-01-01,4,2026-05-01,1130,226,1556,24,3770,glm_ar1,expanding,61,54,0
SYC,2026-01-01,5,2026-06-01,1425,286,1964,30,4756,glm_ar1,expanding,61,54,12
SYC,2026-01-01,6,2026-07-01,1696,340,2338,35,5662,glm_ar1,expanding,61,54,8
TCA,2026-01-01,1,2026-02-01,38,7,52,0,127,glm_ar1,expanding,97,56,0
TCA,2026-01-01,2,2026-03-01,113,22,156,2,379,glm_ar1,expanding,97,56,0
TCA,2026-01-01,3,2026-04-01,255,51,351,5,852,glm_ar1,expanding,97,56,0
TCA,2026-01-01,4,2026-05-01,467,93,644,10,1559,glm_ar1,expanding,97,56,0
TCA,2026-01-01,5,2026-06-01,735,147,1013,15,2453,glm_ar1,expanding,97,56,0
TCA,2026-01-01,6,2026-07-01,1032,207,1422,21,3445,glm_ar1,expanding,97,56,0
THA,2026-01-01,1,2026-02-01,2108,423,2904,44,7034,glm_ar1,expanding,192,0,1288
THA,2026-01-01,2,2026-03-01,2276,456,3136,48,7595,glm_ar1,expanding,192,0,1229
THA,2026-01-01,3,2026-04-01,2411,483,3322,51,8045,glm_ar1,expanding,192,0,1661
THA,2026-01-01,4,2026-05-01,2517,505,3468,53,8400,glm_ar1,expanding,192,0,1782
THA,2026-01-01,5,2026-06-01,2600,521,3583,55,8677,glm_ar1,expanding,192,0,3992
THA,2026-01-01,6,2026-07-01,2664,534,3671,56,8891,glm_ar1,expanding,192,0,9079
TLS,2026-01-01,1,2026-02-01,1566,314,2158,33,5227,glm_ar1,expanding,185,0,2105
TLS,2026-01-01,2,2026-03-01,1821,365,2509,38,6077,glm_ar1,expanding,185,0,780
TLS,2026-01-01,3,2026-04-01,2039,409,2810,43,6805,glm_ar1,expanding,185,0,203
TLS,2026-01-01,4,2026-05-01,2220,445,3059,47,7409,glm_ar1,expanding,185,0,126
TLS,2026-01-01,5,2026-06-01,2366,474,3260,50,7896,glm_ar1,expanding,185,0,84
TLS,2026-01-01,6,2026-07-01,2482,498,3420,52,8283,glm_ar1,expanding,185,0,150
TON,2026-01-01,1,2026-02-01,7,1,10,0,25,glm_ar1,expanding,69,72,0
TON,2026-01-01,2,2026-03-01,35,7,49,0,119,glm_ar1,expanding,69,72,0
TON,2026-01-01,3,2026-04-01,108,21,149,2,362,glm_ar1,expanding,69,72,50
TON,2026-01-01,4,2026-05-01,246,49,339,5,822,glm_ar1,expanding,69,72,7
TON,2026-01-01,5,2026-06-01,455,91,627,9,1519,glm_ar1,expanding,69,72,119
TON,2026-01-01,6,2026-07-01,721,144,993,15,2405,glm_ar1,expanding,69,72,55
TTO,2026-01-01,1,2026-02-01,17,3,23,0,56,glm_ar1,expanding,142,48,0
TTO,2026-01-01,2,2026-03-01,62,12,86,1,209,glm_ar1,expanding,142,48,27
TTO,2026-01-01,3,2026-04-01,164,33,226,3,548,glm_ar1,expanding,142,48,14
TTO,2026-01-01,4,2026-05-01,336,67,463,7,1121,glm_ar1,expanding,142,48,0
TTO,2026-01-01,5,2026-06-01,574,115,791,12,1916,glm_ar1,expanding,142,48,11
TTO,2026-01-01,6,2026-07-01,858,172,1182,18,2863,glm_ar1,expanding,142,48,3
TUV,2026-01-01,1,2026-02-01,31,6,43,0,105,glm_ar1,expanding,61,33,0
TUV,2026-01-01,2,2026-03-01,99,20,136,2,330,glm_ar1,expanding,61,33,0
TUV,2026-01-01,3,2026-04-01,230,46,317,4,769,glm_ar1,expanding,61,33,0
TUV,2026-01-01,4,2026-05-01,433,87,596,9,1444,glm_ar1,expanding,61,33,0
TUV,2026-01-01,5,2026-06-01,694,139,956,14,2316,glm_ar1,expanding,61,33,0
TUV,2026-01-01,6,2026-07-01,989,198,1363,21,3300,glm_ar1,expanding,61,33,5
TWN,2026-01-01,1,2026-02-01,NA,NA,NA,NA,NA,glm_ar1,expanding,108,60,NA
TWN,2026-01-01,2,2026-03-01,NA,NA,NA,NA,NA,glm_ar1,expanding,108,60,NA
TWN,2026-01-01,3,2026-04-01,NA,NA,NA,NA,NA,glm_ar1,expanding,108,60,NA
TWN,2026-01-01,4,2026-05-01,NA,NA,NA,NA,NA,glm_ar1,expanding,108,60,NA
TWN,2026-01-01,5,2026-06-01,NA,NA,NA,NA,NA,glm_ar1,expanding,108,60,NA
TWN,2026-01-01,6,2026-07-01,NA,NA,NA,NA,NA,glm_ar1,expanding,108,60,NA
URY,2026-01-01,1,2026-02-01,7,1,10,0,25,glm_ar1,expanding,70,60,0
URY,2026-01-01,2,2026-03-01,35,7,49,0,119,glm_ar1,expanding,70,60,0
URY,2026-01-01,3,2026-04-01,108,21,149,2,362,glm_ar1,expanding,70,60,0
URY,2026-01-01,4,2026-05-01,246,49,339,5,822,glm_ar1,expanding,70,60,0
URY,2026-01-01,5,2026-06-01,455,91,627,9,1519,glm_ar1,expanding,70,60,0
URY,2026-01-01,6,2026-07-01,721,144,993,15,2405,glm_ar1,expanding,70,60,0
USA,2026-01-01,1,2026-02-01,89,17,122,2,297,glm_ar1,expanding,179,12,27
USA,2026-01-01,2,2026-03-01,212,42,293,4,710,glm_ar1,expanding,179,12,37
USA,2026-01-01,3,2026-04-01,408,81,562,8,1361,glm_ar1,expanding,179,12,16
USA,2026-01-01,4,2026-05-01,664,133,914,14,2215,glm_ar1,expanding,179,12,22
USA,2026-01-01,5,2026-06-01,956,192,1318,20,3191,glm_ar1,expanding,179,12,44
USA,2026-01-01,6,2026-07-01,1258,252,1733,26,4197,glm_ar1,expanding,179,12,105
VCT,2026-01-01,1,2026-02-01,12,2,17,0,42,glm_ar1,expanding,142,48,1
VCT,2026-01-01,2,2026-03-01,50,10,70,1,169,glm_ar1,expanding,142,48,0
VCT,2026-01-01,3,2026-04-01,140,28,193,3,468,glm_ar1,expanding,142,48,1
VCT,2026-01-01,4,2026-05-01,299,60,411,6,997,glm_ar1,expanding,142,48,0
VCT,2026-01-01,5,2026-06-01,526,105,724,11,1755,glm_ar1,expanding,142,48,0
VCT,2026-01-01,6,2026-07-01,803,161,1106,17,2680,glm_ar1,expanding,142,48,0
VEN,2026-01-01,1,2026-02-01,2212,444,3049,46,7383,glm_ar1,expanding,181,9,1655
VEN,2026-01-01,2,2026-03-01,2360,473,3252,50,7876,glm_ar1,expanding,181,9,1477
VEN,2026-01-01,3,2026-04-01,2477,497,3414,52,8267,glm_ar1,expanding,181,9,962
VEN,2026-01-01,4,2026-05-01,2569,515,3540,54,8574,glm_ar1,expanding,181,9,1026
VEN,2026-01-01,5,2026-06-01,2640,530,3638,55,8811,glm_ar1,expanding,181,9,1345
VEN,2026-01-01,6,2026-07-01,2695,540,3714,57,8994,glm_ar1,expanding,181,9,2347
VGB,2026-01-01,1,2026-02-01,7,1,10,0,25,glm_ar1,expanding,154,36,0
VGB,2026-01-01,2,2026-03-01,35,7,49,0,119,glm_ar1,expanding,154,36,3
VGB,2026-01-01,3,2026-04-01,108,21,149,2,362,glm_ar1,expanding,154,36,8
VGB,2026-01-01,4,2026-05-01,246,49,339,5,822,glm_ar1,expanding,154,36,4
VGB,2026-01-01,5,2026-06-01,455,91,627,9,1519,glm_ar1,expanding,154,36,1
VGB,2026-01-01,6,2026-07-01,721,144,993,15,2405,glm_ar1,expanding,154,36,2
VNM,2026-01-01,1,2026-02-01,5662,1136,7802,119,18895,glm_ar1,expanding,191,0,3854
VNM,2026-01-01,2,2026-03-01,4779,959,6585,101,15947,glm_ar1,expanding,191,0,2819
VNM,2026-01-01,3,2026-04-01,4207,844,5797,89,14040,glm_ar1,expanding,191,0,2728
VNM,2026-01-01,4,2026-05-01,3824,767,5269,80,12759,glm_ar1,expanding,191,0,3703
VNM,2026-01-01,5,2026-06-01,3559,714,4904,75,11875,glm_ar1,expanding,191,0,5960
VNM,2026-01-01,6,2026-07-01,3372,676,4646,71,11252,glm_ar1,expanding,191,0,10268
VUT,2026-01-01,1,2026-02-01,7,1,10,0,25,glm_ar1,expanding,111,72,0
VUT,2026-01-01,2,2026-03-01,35,7,49,0,119,glm_ar1,expanding,111,72,0
VUT,2026-01-01,3,2026-04-01,108,21,149,2,362,glm_ar1,expanding,111,72,1
VUT,2026-01-01,4,2026-05-01,246,49,339,5,822,glm_ar1,expanding,111,72,7
VUT,2026-01-01,5,2026-06-01,455,91,627,9,1519,glm_ar1,expanding,111,72,2
VUT,2026-01-01,6,2026-07-01,721,144,993,15,2405,glm_ar1,expanding,111,72,3
WLF,2026-01-01,1,2026-02-01,7,1,10,0,25,glm_ar1,expanding,104,0,0
WLF,2026-01-01,2,2026-03-01,35,7,49,0,119,glm_ar1,expanding,104,0,0
WLF,2026-01-01,3,2026-04-01,108,21,149,2,362,glm_ar1,expanding,104,0,2
WLF,2026-01-01,4,2026-05-01,246,49,339,5,822,glm_ar1,expanding,104,0,1
WLF,2026-01-01,5,2026-06-01,455,91,627,9,1519,glm_ar1,expanding,104,0,1
WLF,2026-01-01,6,2026-07-01,721,144,993,15,2405,glm_ar1,expanding,104,0,1
WSM,2026-01-01,1,2026-02-01,271,54,374,5,905,glm_ar1,expanding,100,0,244
WSM,2026-01-01,2,2026-03-01,489,98,674,10,1632,glm_ar1,expanding,100,0,265
WSM,2026-01-01,3,2026-04-01,761,152,1048,16,2539,glm_ar1,expanding,100,0,132
WSM,2026-01-01,4,2026-05-01,1059,212,1460,22,3535,glm_ar1,expanding,100,0,397
WSM,2026-01-01,5,2026-06-01,1358,272,1871,28,4532,glm_ar1,expanding,100,0,268
WSM,2026-01-01,6,2026-07-01,1636,328,2255,34,5460,glm_ar1,expanding,100,0,481
YEM,2026-01-01,1,2026-02-01,NA,NA,NA,NA,NA,glm_ar1,expanding,84,24,NA
YEM,2026-01-01,2,2026-03-01,NA,NA,NA,NA,NA,glm_ar1,expanding,84,24,NA
YEM,2026-01-01,3,2026-04-01,NA,NA,NA,NA,NA,glm_ar1,expanding,84,24,NA
YEM,2026-01-01,4,2026-05-01,NA,NA,NA,NA,NA,glm_ar1,expanding,84,24,NA
YEM,2026-01-01,5,2026-06-01,NA,NA,NA,NA,NA,glm_ar1,expanding,84,24,NA
YEM,2026-01-01,6,2026-07-01,NA,NA,NA,NA,NA,glm_ar1,expanding,84,24,NA
