model,window_type,iso3,origin_date,n_months,peak_timing_diff,dtw_distance,season,region,seasonality_signal,endemicity,size_class
glm_ar1,expanding,ABW,2016-01-01,6,4,1.5717111167793318,2015/2016,Caribbean,moderate,emerging,very_small
glm_ar1,expanding,ABW,2016-07-01,6,0,0.2372848577589833,2016/2017,Caribbean,moderate,emerging,very_small
glm_ar1,expanding,ABW,2017-01-01,6,4,0.7650569458761804,2016/2017,Caribbean,moderate,emerging,very_small
glm_ar1,expanding,ABW,2017-07-01,6,3,0.6875178940480774,2017/2018,Caribbean,moderate,emerging,very_small
glm_ar1,expanding,ABW,2018-01-01,6,4,1.7344087438727884,2017/2018,Caribbean,moderate,emerging,very_small
glm_ar1,expanding,ABW,2018-07-01,6,0,1.9283668241882015,2018/2019,Caribbean,moderate,emerging,very_small
glm_ar1,expanding,ABW,2019-01-01,5,3,2.3724043645506705,2018/2019,Caribbean,moderate,emerging,very_small
glm_ar1,expanding,ABW,2023-07-01,6,4,2.1249152900216552,2023/2024,Caribbean,moderate,emerging,very_small
glm_ar1,expanding,ABW,2024-01-01,5,1,1.3337546483133922,2023/2024,Caribbean,moderate,emerging,very_small
glm_ar1,expanding,ABW,2025-01-01,6,1,2.2992089936606885,2024/2025,Caribbean,moderate,emerging,very_small
glm_ar1,expanding,ABW,2025-07-01,6,5,3.11957501034777,2025/2026,Caribbean,moderate,emerging,very_small
glm_ar1,expanding,ABW,2026-01-01,6,4,3.3215476800555934,2025/2026,Caribbean,moderate,emerging,very_small
glm_ar1,expanding,AFG,2021-07-01,6,2,1.068428730529406,2021/2022,South Asia,strong,emerging,medium
glm_ar1,expanding,AFG,2022-01-01,6,0,3.1683382840550807,2021/2022,South Asia,strong,emerging,medium
glm_ar1,expanding,AFG,2022-07-01,6,3,0.9075576777258371,2022/2023,South Asia,strong,emerging,medium
glm_ar1,expanding,AFG,2023-01-01,6,0,0.8649118545796973,2022/2023,South Asia,strong,emerging,medium
glm_ar1,expanding,AFG,2023-07-01,6,0,0.8790254919852054,2023/2024,South Asia,strong,emerging,medium
glm_ar1,expanding,AFG,2024-01-01,6,0,1.0523082394130059,2023/2024,South Asia,strong,emerging,medium
glm_ar1,expanding,AFG,2024-07-01,6,3,0.6528561943819613,2024/2025,South Asia,strong,emerging,medium
glm_ar1,expanding,AFG,2025-01-01,6,0,0.7657736415170003,2024/2025,South Asia,strong,emerging,medium
glm_ar1,expanding,AFG,2025-07-01,6,3,0.9770289801239015,2025/2026,South Asia,strong,emerging,medium
glm_ar1,expanding,AFG,2026-01-01,6,0,0.6435467694013984,2025/2026,South Asia,strong,emerging,medium
glm_ar1,expanding,ARG,2016-01-01,6,-1,0.7846918729755098,2015/2016,South America,strong,endemic,large
glm_ar1,expanding,ARG,2016-07-01,6,1,1.0748880171449446,2016/2017,South America,strong,endemic,large
glm_ar1,expanding,ARG,2017-01-01,6,3,0.9062081958051712,2016/2017,South America,strong,endemic,large
glm_ar1,expanding,ARG,2017-07-01,6,0,0.41793098820364477,2017/2018,South America,strong,endemic,large
glm_ar1,expanding,ARG,2018-01-01,6,3,0.8109805320988851,2017/2018,South America,strong,endemic,large
glm_ar1,expanding,ARG,2018-07-01,6,0,1.7103077764157615,2018/2019,South America,strong,endemic,large
glm_ar1,expanding,ARG,2019-01-01,6,4,0.8190065722136765,2018/2019,South America,strong,endemic,large
glm_ar1,expanding,ARG,2019-07-01,6,0,1.2738887125301848,2019/2020,South America,strong,endemic,large
glm_ar1,expanding,ARG,2020-01-01,6,4,1.4141646670773167,2019/2020,South America,strong,endemic,large
glm_ar1,expanding,ARG,2020-07-01,6,0,2.3285129889882565,2020/2021,South America,strong,endemic,large
glm_ar1,expanding,ARG,2021-01-01,6,3,0.585278363539465,2020/2021,South America,strong,endemic,large
glm_ar1,expanding,ARG,2021-07-01,6,1,1.2144467906585685,2021/2022,South America,strong,endemic,large
glm_ar1,expanding,ARG,2022-01-01,6,3,1.2097119509340126,2021/2022,South America,strong,endemic,large
glm_ar1,expanding,ARG,2022-07-01,6,0,1.6883193146713251,2022/2023,South America,strong,endemic,large
glm_ar1,expanding,ARG,2023-01-01,6,3,1.880073326708371,2022/2023,South America,strong,endemic,large
glm_ar1,expanding,ARG,2023-07-01,6,-5,1.170646701036502,2023/2024,South America,strong,endemic,large
glm_ar1,expanding,ARG,2024-01-01,6,-1,1.5278875118336483,2023/2024,South America,strong,endemic,large
glm_ar1,expanding,ARG,2024-07-01,6,0,0.568212941562828,2024/2025,South America,strong,endemic,large
glm_ar1,expanding,ARG,2025-01-01,6,4,1.0599157041555285,2024/2025,South America,strong,endemic,large
glm_ar1,expanding,ARG,2025-07-01,6,5,1.0497191843160496,2025/2026,South America,strong,endemic,large
glm_ar1,expanding,ARG,2026-01-01,6,4,1.548878438247841,2025/2026,South America,strong,endemic,large
glm_ar1,expanding,ATG,2016-01-01,6,5,2.9238143972500885,2015/2016,Caribbean,moderate,emerging,very_small
glm_ar1,expanding,ATG,2016-07-01,6,2,0.8177406313728017,2016/2017,Caribbean,moderate,emerging,very_small
glm_ar1,expanding,ATG,2017-01-01,2,NA,NA,2016/2017,Caribbean,moderate,emerging,very_small
glm_ar1,expanding,ATG,2018-07-01,6,0,1.2634212919654828,2018/2019,Caribbean,moderate,emerging,very_small
glm_ar1,expanding,ATG,2019-01-01,6,5,1.9281271464011323,2018/2019,Caribbean,moderate,emerging,very_small
glm_ar1,expanding,ATG,2019-07-01,6,1,0.47936330830133783,2019/2020,Caribbean,moderate,emerging,very_small
glm_ar1,expanding,ATG,2020-01-01,2,NA,NA,2019/2020,Caribbean,moderate,emerging,very_small
glm_ar1,expanding,ATG,2021-07-01,6,1,2.1449780264041904,2021/2022,Caribbean,moderate,emerging,very_small
glm_ar1,expanding,ATG,2022-01-01,6,5,3.170693095966017,2021/2022,Caribbean,moderate,emerging,very_small
glm_ar1,expanding,ATG,2022-07-01,6,0,1.1759108230464752,2022/2023,Caribbean,moderate,emerging,very_small
glm_ar1,expanding,ATG,2023-01-01,6,5,2.678144115684185,2022/2023,Caribbean,moderate,emerging,very_small
glm_ar1,expanding,ATG,2023-07-01,6,1,1.4720347534769498,2023/2024,Caribbean,moderate,emerging,very_small
glm_ar1,expanding,ATG,2024-01-01,6,5,2.877680841688207,2023/2024,Caribbean,moderate,emerging,very_small
glm_ar1,expanding,ATG,2024-07-01,6,1,2.0388692280792475,2024/2025,Caribbean,moderate,emerging,very_small
glm_ar1,expanding,ATG,2025-01-01,6,4,2.409355313659215,2024/2025,Caribbean,moderate,emerging,very_small
glm_ar1,expanding,ATG,2025-07-01,6,4,2.927692919264933,2025/2026,Caribbean,moderate,emerging,very_small
glm_ar1,expanding,ATG,2026-01-01,6,5,3.3553364390646068,2025/2026,Caribbean,moderate,emerging,very_small
glm_ar1,expanding,AUS,2016-01-01,6,4,1.076610129040087,2015/2016,Pacific Islands,weak,endemic,continental
glm_ar1,expanding,AUS,2016-07-01,6,0,0.7126835886813213,2015/2016,Pacific Islands,weak,endemic,continental
glm_ar1,expanding,AUS,2017-01-01,6,5,1.1262070011138763,2016/2017,Pacific Islands,weak,endemic,continental
glm_ar1,expanding,AUS,2017-07-01,6,0,0.3868907401925419,2016/2017,Pacific Islands,weak,endemic,continental
glm_ar1,expanding,AUS,2018-01-01,6,0,1.1678782954359566,2017/2018,Pacific Islands,weak,endemic,continental
glm_ar1,expanding,AUS,2018-07-01,6,0,1.1671008579626094,2017/2018,Pacific Islands,weak,endemic,continental
glm_ar1,expanding,AUS,2019-01-01,6,2,1.2026910786090321,2018/2019,Pacific Islands,weak,endemic,continental
glm_ar1,expanding,AUS,2019-07-01,6,2,1.7034203433542363,2018/2019,Pacific Islands,weak,endemic,continental
glm_ar1,expanding,AUS,2020-01-01,6,4,3.206653704533514,2019/2020,Pacific Islands,weak,endemic,continental
glm_ar1,expanding,AUS,2020-07-01,1,NA,NA,2019/2020,Pacific Islands,weak,endemic,continental
glm_ar1,expanding,AUS,2022-01-01,6,0,0.9954611964460803,2021/2022,Pacific Islands,weak,endemic,continental
glm_ar1,expanding,AUS,2022-07-01,6,3,1.1485312786958328,2021/2022,Pacific Islands,weak,endemic,continental
glm_ar1,expanding,AUS,2023-01-01,6,0,1.2326431050747146,2022/2023,Pacific Islands,weak,endemic,continental
glm_ar1,expanding,AUS,2023-07-01,6,0,1.1693105784482847,2022/2023,Pacific Islands,weak,endemic,continental
glm_ar1,expanding,AUS,2024-01-01,6,3,0.8145565231190871,2023/2024,Pacific Islands,weak,endemic,continental
glm_ar1,expanding,AUS,2024-07-01,6,0,0.9982482395268638,2023/2024,Pacific Islands,weak,endemic,continental
glm_ar1,expanding,AUS,2025-01-01,6,5,1.410981832043017,2024/2025,Pacific Islands,weak,endemic,continental
glm_ar1,expanding,AUS,2025-07-01,6,0,1.1021132788681316,2024/2025,Pacific Islands,weak,endemic,continental
glm_ar1,expanding,AUS,2026-01-01,6,0,1.8340576652173468,2025/2026,Pacific Islands,weak,endemic,continental
glm_ar1,expanding,BFA,2016-01-01,6,5,3.446349208096587,2015/2016,Sub-Saharan Africa,strong,emerging,medium
glm_ar1,expanding,BFA,2016-07-01,6,3,1.911548413892768,2016/2017,Sub-Saharan Africa,strong,emerging,medium
glm_ar1,expanding,BFA,2017-01-01,6,5,1.494478075323227,2016/2017,Sub-Saharan Africa,strong,emerging,medium
glm_ar1,expanding,BFA,2017-07-01,6,3,1.0150255312764163,2017/2018,Sub-Saharan Africa,strong,emerging,medium
glm_ar1,expanding,BFA,2018-01-01,6,5,2.0949529317706093,2017/2018,Sub-Saharan Africa,strong,emerging,medium
glm_ar1,expanding,BFA,2018-07-01,6,3,0.9161655669821419,2018/2019,Sub-Saharan Africa,strong,emerging,medium
glm_ar1,expanding,BFA,2019-01-01,3,1,1.1476498139398568,2018/2019,Sub-Saharan Africa,strong,emerging,medium
glm_ar1,expanding,BFA,2023-07-01,6,3,1.990885052007945,2023/2024,Sub-Saharan Africa,strong,emerging,medium
glm_ar1,expanding,BFA,2024-01-01,6,0,0.16616056039952265,2023/2024,Sub-Saharan Africa,strong,emerging,medium
glm_ar1,expanding,BFA,2024-07-01,6,-2,0.5947994997709538,2024/2025,Sub-Saharan Africa,strong,emerging,medium
glm_ar1,expanding,BFA,2025-01-01,6,-5,0.28568187205073464,2024/2025,Sub-Saharan Africa,strong,emerging,medium
glm_ar1,expanding,BFA,2025-07-01,6,-2,0.3635762384589956,2025/2026,Sub-Saharan Africa,strong,emerging,medium
glm_ar1,expanding,BFA,2026-01-01,6,0,0.10245626523303526,2025/2026,Sub-Saharan Africa,strong,emerging,medium
glm_ar1,expanding,BGD,2016-01-01,6,0,0.5684853437525618,2015/2016,South Asia,strong,emerging,medium
glm_ar1,expanding,BGD,2016-07-01,6,4,0.7704323615151899,2016/2017,South Asia,strong,emerging,medium
glm_ar1,expanding,BGD,2017-01-01,6,0,0.2984937247033103,2016/2017,South Asia,strong,emerging,medium
glm_ar1,expanding,BGD,2017-07-01,6,3,0.6172176001750148,2017/2018,South Asia,strong,emerging,medium
glm_ar1,expanding,BGD,2018-01-01,6,0,0.6083561025209668,2017/2018,South Asia,strong,emerging,medium
glm_ar1,expanding,BGD,2018-07-01,6,4,0.6533521443191482,2018/2019,South Asia,strong,emerging,medium
glm_ar1,expanding,BGD,2019-01-01,6,0,0.9675721008569859,2018/2019,South Asia,strong,emerging,medium
glm_ar1,expanding,BGD,2019-07-01,6,0,0.5909122105979979,2019/2020,South Asia,strong,emerging,medium
glm_ar1,expanding,BGD,2020-01-01,6,5,2.922377609310859,2019/2020,South Asia,strong,emerging,medium
glm_ar1,expanding,BGD,2020-07-01,6,2,0.7841549144745029,2020/2021,South Asia,strong,emerging,medium
glm_ar1,expanding,BGD,2021-01-01,6,0,1.0377418223307397,2020/2021,South Asia,strong,emerging,medium
glm_ar1,expanding,BGD,2021-07-01,6,-1,0.7223063185096227,2021/2022,South Asia,strong,emerging,medium
glm_ar1,expanding,BGD,2022-01-01,6,0,0.8239513140621805,2021/2022,South Asia,strong,emerging,medium
glm_ar1,expanding,BGD,2022-07-01,6,3,0.9022324528645352,2022/2023,South Asia,strong,emerging,medium
glm_ar1,expanding,BGD,2023-01-01,6,0,1.0298760581634592,2022/2023,South Asia,strong,emerging,medium
glm_ar1,expanding,BGD,2023-07-01,6,0,0.6894167111630393,2023/2024,South Asia,strong,emerging,medium
glm_ar1,expanding,BGD,2024-01-01,6,0,0.5896647224789562,2023/2024,South Asia,strong,emerging,medium
glm_ar1,expanding,BGD,2024-07-01,6,3,1.1618485029312522,2024/2025,South Asia,strong,emerging,medium
glm_ar1,expanding,BGD,2025-01-01,6,0,0.5699891368885089,2024/2025,South Asia,strong,emerging,medium
glm_ar1,expanding,BGD,2025-07-01,6,-3,0.6492437753775719,2025/2026,South Asia,strong,emerging,medium
glm_ar1,expanding,BGD,2026-01-01,6,0,0.6568946145704833,2025/2026,South Asia,strong,emerging,medium
glm_ar1,expanding,BHS,2016-07-01,6,4,1.0083949903818576,2016/2017,Caribbean,moderate,emerging,very_small
glm_ar1,expanding,BHS,2017-01-01,2,NA,NA,2016/2017,Caribbean,moderate,emerging,very_small
glm_ar1,expanding,BHS,2025-01-01,6,5,3.2572880361979455,2024/2025,Caribbean,moderate,emerging,very_small
glm_ar1,expanding,BHS,2025-07-01,6,5,3.2429489711266797,2025/2026,Caribbean,moderate,emerging,very_small
glm_ar1,expanding,BHS,2026-01-01,6,3,3.1893562646032927,2025/2026,Caribbean,moderate,emerging,very_small
glm_ar1,expanding,BLM,2016-01-01,6,5,2.9627462517516086,2015/2016,Caribbean,moderate,emerging,very_small
glm_ar1,expanding,BLM,2016-07-01,6,1,0.5521573587394406,2016/2017,Caribbean,moderate,emerging,very_small
glm_ar1,expanding,BLM,2017-01-01,2,NA,NA,2016/2017,Caribbean,moderate,emerging,very_small
glm_ar1,expanding,BLM,2019-07-01,6,0,1.406949479553349,2019/2020,Caribbean,moderate,emerging,very_small
glm_ar1,expanding,BLM,2020-01-01,6,0,0.8888269679501227,2019/2020,Caribbean,moderate,emerging,very_small
glm_ar1,expanding,BLM,2020-07-01,6,5,1.5843818561374292,2020/2021,Caribbean,moderate,emerging,very_small
glm_ar1,expanding,BLM,2021-01-01,2,NA,NA,2020/2021,Caribbean,moderate,emerging,very_small
glm_ar1,expanding,BLM,2022-07-01,6,2,2.212460470426046,2022/2023,Caribbean,moderate,emerging,very_small
glm_ar1,expanding,BLM,2023-01-01,6,1,1.5646673240096252,2022/2023,Caribbean,moderate,emerging,very_small
glm_ar1,expanding,BLM,2023-07-01,6,2,0.6307095388332057,2023/2024,Caribbean,moderate,emerging,very_small
glm_ar1,expanding,BLM,2024-01-01,6,5,3.4228554095879677,2023/2024,Caribbean,moderate,emerging,very_small
glm_ar1,expanding,BLM,2024-07-01,6,0,2.130612726536148,2024/2025,Caribbean,moderate,emerging,very_small
glm_ar1,expanding,BLM,2025-01-01,6,4,4.1907753454324075,2024/2025,Caribbean,moderate,emerging,very_small
glm_ar1,expanding,BLM,2025-07-01,6,2,3.3424437612980857,2025/2026,Caribbean,moderate,emerging,very_small
glm_ar1,expanding,BLM,2026-01-01,6,5,3.2471185296499545,2025/2026,Caribbean,moderate,emerging,very_small
glm_ar1,expanding,BLZ,2016-01-01,6,4,1.048455633009547,2015/2016,North & Central America,weak,endemic,very_small
glm_ar1,expanding,BLZ,2016-07-01,6,5,0.5062220289278024,2016/2017,North & Central America,weak,endemic,very_small
glm_ar1,expanding,BLZ,2017-01-01,6,5,0.6825187971023695,2016/2017,North & Central America,weak,endemic,very_small
glm_ar1,expanding,BLZ,2017-07-01,6,5,1.4417100404996528,2017/2018,North & Central America,weak,endemic,very_small
glm_ar1,expanding,BLZ,2018-01-01,6,0,0.13477488556482461,2017/2018,North & Central America,weak,endemic,very_small
glm_ar1,expanding,BLZ,2018-07-01,6,3,0.9079238366162888,2018/2019,North & Central America,weak,endemic,very_small
glm_ar1,expanding,BLZ,2019-01-01,6,0,0.2966517594629072,2018/2019,North & Central America,weak,endemic,very_small
glm_ar1,expanding,BLZ,2019-07-01,6,4,0.3472097922114849,2019/2020,North & Central America,weak,endemic,very_small
glm_ar1,expanding,BLZ,2020-01-01,6,4,1.4592510528138642,2019/2020,North & Central America,weak,endemic,very_small
glm_ar1,expanding,BLZ,2020-07-01,6,2,0.7994993238320282,2020/2021,North & Central America,weak,endemic,very_small
glm_ar1,expanding,BLZ,2021-01-01,6,0,0.9617844482085807,2020/2021,North & Central America,weak,endemic,very_small
glm_ar1,expanding,BLZ,2021-07-01,6,0,0.5784920329697182,2021/2022,North & Central America,weak,endemic,very_small
glm_ar1,expanding,BLZ,2022-01-01,6,2,0.6700038911971151,2021/2022,North & Central America,weak,endemic,very_small
glm_ar1,expanding,BLZ,2022-07-01,6,3,1.0247247947762854,2022/2023,North & Central America,weak,endemic,very_small
glm_ar1,expanding,BLZ,2023-01-01,6,0,0.8850905657408598,2022/2023,North & Central America,weak,endemic,very_small
glm_ar1,expanding,BLZ,2023-07-01,6,3,1.1634516361645586,2023/2024,North & Central America,weak,endemic,very_small
glm_ar1,expanding,BLZ,2024-01-01,6,0,1.2215514135740573,2023/2024,North & Central America,weak,endemic,very_small
glm_ar1,expanding,BLZ,2024-07-01,6,5,2.0877883679569273,2024/2025,North & Central America,weak,endemic,very_small
glm_ar1,expanding,BLZ,2025-01-01,6,0,0.6470278133402637,2024/2025,North & Central America,weak,endemic,very_small
glm_ar1,expanding,BLZ,2025-07-01,6,4,1.0163701178575835,2025/2026,North & Central America,weak,endemic,very_small
glm_ar1,expanding,BLZ,2026-01-01,6,0,1.2797369807469583,2025/2026,North & Central America,weak,endemic,very_small
glm_ar1,expanding,BOL,2016-01-01,6,0,0.5603784862472185,2015/2016,South America,strong,endemic,large
glm_ar1,expanding,BOL,2016-07-01,6,0,0.3638791058896016,2016/2017,South America,strong,endemic,large
glm_ar1,expanding,BOL,2017-01-01,6,3,0.5393799324829784,2016/2017,South America,strong,endemic,large
glm_ar1,expanding,BOL,2017-07-01,6,0,0.16608271241500683,2017/2018,South America,strong,endemic,large
glm_ar1,expanding,BOL,2018-01-01,6,3,0.46199967611592113,2017/2018,South America,strong,endemic,large
glm_ar1,expanding,BOL,2018-07-01,6,1,0.2615732350041114,2018/2019,South America,strong,endemic,large
glm_ar1,expanding,BOL,2019-01-01,6,5,0.201693905132732,2018/2019,South America,strong,endemic,large
glm_ar1,expanding,BOL,2019-07-01,6,0,0.49889085334294897,2019/2020,South America,strong,endemic,large
glm_ar1,expanding,BOL,2020-01-01,6,0,0.6624359220539635,2019/2020,South America,strong,endemic,large
glm_ar1,expanding,BOL,2020-07-01,6,0,0.22969207291366311,2020/2021,South America,strong,endemic,large
glm_ar1,expanding,BOL,2021-01-01,6,4,0.6920991933615775,2020/2021,South America,strong,endemic,large
glm_ar1,expanding,BOL,2021-07-01,6,0,0.24918225221394788,2021/2022,South America,strong,endemic,large
glm_ar1,expanding,BOL,2022-01-01,6,4,0.21601875103674514,2021/2022,South America,strong,endemic,large
glm_ar1,expanding,BOL,2022-07-01,6,0,0.5679822675774086,2022/2023,South America,strong,endemic,large
glm_ar1,expanding,BOL,2023-01-01,6,0,0.5012057366573032,2022/2023,South America,strong,endemic,large
glm_ar1,expanding,BOL,2023-07-01,6,0,0.24137356465709633,2023/2024,South America,strong,endemic,large
glm_ar1,expanding,BOL,2024-01-01,6,-1,0.40115931466829574,2023/2024,South America,strong,endemic,large
glm_ar1,expanding,BOL,2024-07-01,6,0,0.14668277500310004,2024/2025,South America,strong,endemic,large
glm_ar1,expanding,BOL,2025-01-01,6,-1,0.27661643326621577,2024/2025,South America,strong,endemic,large
glm_ar1,expanding,BOL,2025-07-01,6,0,0.3561518078218507,2025/2026,South America,strong,endemic,large
glm_ar1,expanding,BOL,2026-01-01,6,0,0.41776791478359754,2025/2026,South America,strong,endemic,large
glm_ar1,expanding,BRA,2016-01-01,6,0,0.9739782168605225,2015/2016,South America,strong,endemic,continental
glm_ar1,expanding,BRA,2016-07-01,6,-5,0.28497052754375557,2015/2016,South America,strong,endemic,continental
glm_ar1,expanding,BRA,2017-01-01,6,-2,0.19735901997353444,2016/2017,South America,strong,endemic,continental
glm_ar1,expanding,BRA,2017-07-01,6,0,0.18475870875701364,2016/2017,South America,strong,endemic,continental
glm_ar1,expanding,BRA,2018-01-01,6,-2,0.17458064072702584,2017/2018,South America,strong,endemic,continental
glm_ar1,expanding,BRA,2018-07-01,6,-5,1.3366968032731819,2017/2018,South America,strong,endemic,continental
glm_ar1,expanding,BRA,2019-01-01,6,-2,1.9360495751463977,2018/2019,South America,strong,endemic,continental
glm_ar1,expanding,BRA,2019-07-01,6,-5,1.3490150424005094,2018/2019,South America,strong,endemic,continental
glm_ar1,expanding,BRA,2020-01-01,6,-1,1.2155589603557186,2019/2020,South America,strong,endemic,continental
glm_ar1,expanding,BRA,2020-07-01,6,-5,0.7858332911681983,2019/2020,South America,strong,endemic,continental
glm_ar1,expanding,BRA,2021-01-01,6,-2,1.422264452709144,2020/2021,South America,strong,endemic,continental
glm_ar1,expanding,BRA,2021-07-01,6,-5,1.2144363807644607,2020/2021,South America,strong,endemic,continental
glm_ar1,expanding,BRA,2022-01-01,6,-3,2.034896273322427,2021/2022,South America,strong,endemic,continental
glm_ar1,expanding,BRA,2022-07-01,6,-5,1.0331735820875434,2021/2022,South America,strong,endemic,continental
glm_ar1,expanding,BRA,2023-01-01,6,-2,1.7931650237368963,2022/2023,South America,strong,endemic,continental
glm_ar1,expanding,BRA,2023-07-01,6,-5,1.7718780072970113,2022/2023,South America,strong,endemic,continental
glm_ar1,expanding,BRA,2024-01-01,6,-1,1.7700847011005572,2023/2024,South America,strong,endemic,continental
glm_ar1,expanding,BRA,2024-07-01,6,-5,1.7262979154185196,2023/2024,South America,strong,endemic,continental
glm_ar1,expanding,BRA,2025-01-01,6,-1,1.3108691079591333,2024/2025,South America,strong,endemic,continental
glm_ar1,expanding,BRA,2025-07-01,6,-5,1.7493687127663888,2024/2025,South America,strong,endemic,continental
glm_ar1,expanding,BRA,2026-01-01,6,-1,0.9054243631687272,2025/2026,South America,strong,endemic,continental
glm_ar1,expanding,BRB,2016-01-01,6,5,2.0598736751025597,2015/2016,Caribbean,weak,endemic,very_small
glm_ar1,expanding,BRB,2016-07-01,6,3,0.6601351347612298,2016/2017,Caribbean,weak,endemic,very_small
glm_ar1,expanding,BRB,2017-01-01,6,4,0.6063390574397536,2016/2017,Caribbean,weak,endemic,very_small
glm_ar1,expanding,BRB,2017-07-01,6,4,1.3863151775462412,2017/2018,Caribbean,weak,endemic,very_small
glm_ar1,expanding,BRB,2018-01-01,6,5,1.2951828244695023,2017/2018,Caribbean,weak,endemic,very_small
glm_ar1,expanding,BRB,2018-07-01,6,4,2.8757315528349134,2018/2019,Caribbean,weak,endemic,very_small
glm_ar1,expanding,BRB,2019-01-01,6,1,2.249647510985801,2018/2019,Caribbean,weak,endemic,very_small
glm_ar1,expanding,BRB,2019-07-01,6,0,1.4996402985280837,2019/2020,Caribbean,weak,endemic,very_small
glm_ar1,expanding,BRB,2020-01-01,6,5,2.565531973016459,2019/2020,Caribbean,weak,endemic,very_small
glm_ar1,expanding,BRB,2020-07-01,6,1,0.5563529403659074,2020/2021,Caribbean,weak,endemic,very_small
glm_ar1,expanding,BRB,2021-01-01,6,5,3.3666287810957116,2020/2021,Caribbean,weak,endemic,very_small
glm_ar1,expanding,BRB,2021-07-01,6,0,1.4440978574411105,2021/2022,Caribbean,weak,endemic,very_small
glm_ar1,expanding,BRB,2022-01-01,6,0,1.8042610973976059,2021/2022,Caribbean,weak,endemic,very_small
glm_ar1,expanding,BRB,2022-07-01,6,3,2.5750132287710477,2022/2023,Caribbean,weak,endemic,very_small
glm_ar1,expanding,BRB,2023-01-01,6,4,3.8662827537313422,2022/2023,Caribbean,weak,endemic,very_small
glm_ar1,expanding,BRB,2023-07-01,6,0,0.2772912086353541,2023/2024,Caribbean,weak,endemic,very_small
glm_ar1,expanding,BRB,2024-01-01,6,5,2.3750567642382827,2023/2024,Caribbean,weak,endemic,very_small
glm_ar1,expanding,BRB,2024-07-01,6,0,1.5033436274206808,2024/2025,Caribbean,weak,endemic,very_small
glm_ar1,expanding,BRB,2025-01-01,6,3,2.5099890369907754,2024/2025,Caribbean,weak,endemic,very_small
glm_ar1,expanding,BRB,2025-07-01,6,2,2.2481421838870164,2025/2026,Caribbean,weak,endemic,very_small
glm_ar1,expanding,BRB,2026-01-01,6,0,2.9707448901831577,2025/2026,Caribbean,weak,endemic,very_small
glm_ar1,expanding,BRN,2016-01-01,6,3,2.6819051584819076,2015/2016,East & Southeast Asia,weak,emerging,very_small
glm_ar1,expanding,BRN,2016-07-01,6,5,0.7067561391049272,2016/2017,East & Southeast Asia,weak,emerging,very_small
glm_ar1,expanding,BRN,2017-01-01,6,4,1.213264803944478,2016/2017,East & Southeast Asia,weak,emerging,very_small
glm_ar1,expanding,BRN,2017-07-01,6,0,0.287153263523773,2017/2018,East & Southeast Asia,weak,emerging,very_small
glm_ar1,expanding,BRN,2018-01-01,6,0,1.0104084520397365,2017/2018,East & Southeast Asia,weak,emerging,very_small
glm_ar1,expanding,BRN,2018-07-01,6,0,1.8839656449593702,2018/2019,East & Southeast Asia,weak,emerging,very_small
glm_ar1,expanding,BRN,2019-01-01,6,5,2.386246620405552,2018/2019,East & Southeast Asia,weak,emerging,very_small
glm_ar1,expanding,BRN,2019-07-01,6,0,1.8106326680613343,2019/2020,East & Southeast Asia,weak,emerging,very_small
glm_ar1,expanding,BRN,2020-01-01,6,0,2.281432601217594,2019/2020,East & Southeast Asia,weak,emerging,very_small
glm_ar1,expanding,BRN,2020-07-01,6,2,1.8745289834825305,2020/2021,East & Southeast Asia,weak,emerging,very_small
glm_ar1,expanding,BRN,2021-01-01,6,0,2.2085030704938613,2020/2021,East & Southeast Asia,weak,emerging,very_small
glm_ar1,expanding,BRN,2021-07-01,6,2,1.8452875730676521,2021/2022,East & Southeast Asia,weak,emerging,very_small
glm_ar1,expanding,BRN,2022-01-01,6,4,2.2106867287800025,2021/2022,East & Southeast Asia,weak,emerging,very_small
glm_ar1,expanding,BRN,2022-07-01,6,2,1.7031493129151922,2022/2023,East & Southeast Asia,weak,emerging,very_small
glm_ar1,expanding,BRN,2023-01-01,6,5,2.155679794880871,2022/2023,East & Southeast Asia,weak,emerging,very_small
glm_ar1,expanding,BRN,2023-07-01,6,1,1.8294646706832787,2023/2024,East & Southeast Asia,weak,emerging,very_small
glm_ar1,expanding,BRN,2024-01-01,3,1,1.7033950264976554,2023/2024,East & Southeast Asia,weak,emerging,very_small
glm_ar1,expanding,BTN,2016-07-01,6,5,0.7348518615412073,2016/2017,South Asia,moderate,endemic,small
glm_ar1,expanding,BTN,2017-01-01,6,0,1.1459718187504864,2016/2017,South Asia,moderate,endemic,small
glm_ar1,expanding,BTN,2017-07-01,6,5,0.9354430617756218,2017/2018,South Asia,moderate,endemic,small
glm_ar1,expanding,BTN,2018-01-01,6,1,1.1734951830244944,2017/2018,South Asia,moderate,endemic,small
glm_ar1,expanding,BTN,2018-07-01,6,0,1.0699748708474048,2018/2019,South Asia,moderate,endemic,small
glm_ar1,expanding,BTN,2019-01-01,6,0,0.9058141730929504,2018/2019,South Asia,moderate,endemic,small
glm_ar1,expanding,BTN,2019-07-01,6,4,0.9771111366805165,2019/2020,South Asia,moderate,endemic,small
glm_ar1,expanding,BTN,2020-01-01,1,NA,NA,2019/2020,South Asia,moderate,endemic,small
glm_ar1,expanding,BTN,2021-07-01,6,0,1.360240972690517,2021/2022,South Asia,moderate,endemic,small
glm_ar1,expanding,BTN,2022-01-01,6,0,1.8749905714146624,2021/2022,South Asia,moderate,endemic,small
glm_ar1,expanding,BTN,2022-07-01,6,5,1.4153869887927195,2022/2023,South Asia,moderate,endemic,small
glm_ar1,expanding,BTN,2023-01-01,6,0,1.741149413186213,2022/2023,South Asia,moderate,endemic,small
glm_ar1,expanding,BTN,2023-07-01,6,5,1.6919591760447243,2023/2024,South Asia,moderate,endemic,small
glm_ar1,expanding,BTN,2024-01-01,6,0,1.8569656372125614,2023/2024,South Asia,moderate,endemic,small
glm_ar1,expanding,BTN,2024-07-01,6,5,1.8426959389618507,2024/2025,South Asia,moderate,endemic,small
glm_ar1,expanding,BTN,2025-01-01,6,1,2.3136321974574865,2024/2025,South Asia,moderate,endemic,small
glm_ar1,expanding,BTN,2025-07-01,6,5,2.1475650299587277,2025/2026,South Asia,moderate,endemic,small
glm_ar1,expanding,BTN,2026-01-01,6,2,2.379847239078407,2025/2026,South Asia,moderate,endemic,small
glm_ar1,expanding,CHL,2016-01-01,2,NA,NA,2015/2016,South America,strong,emerging,medium
glm_ar1,expanding,CHL,2025-01-01,6,5,3.2572880361979455,2024/2025,South America,strong,emerging,medium
glm_ar1,expanding,CHL,2025-07-01,6,5,3.2429489711266797,2025/2026,South America,strong,emerging,medium
glm_ar1,expanding,CHL,2026-01-01,6,4,2.3468957949410094,2025/2026,South America,strong,emerging,medium
glm_ar1,expanding,CHN,2016-01-01,6,0,1.4872112603691852,2015/2016,East & Southeast Asia,strong,emerging,continental
glm_ar1,expanding,CHN,2016-07-01,6,4,1.5198719256526918,2016/2017,East & Southeast Asia,strong,emerging,continental
glm_ar1,expanding,CHN,2017-01-01,6,0,1.331178672232866,2016/2017,East & Southeast Asia,strong,emerging,continental
glm_ar1,expanding,CHN,2017-07-01,6,4,1.1652588622889608,2017/2018,East & Southeast Asia,strong,emerging,continental
glm_ar1,expanding,CHN,2018-01-01,6,0,1.4890709899266559,2017/2018,East & Southeast Asia,strong,emerging,continental
glm_ar1,expanding,CHN,2018-07-01,6,3,0.5762930310589254,2018/2019,East & Southeast Asia,strong,emerging,continental
glm_ar1,expanding,CHN,2019-01-01,6,0,0.43863512638223723,2018/2019,East & Southeast Asia,strong,emerging,continental
glm_ar1,expanding,CHN,2019-07-01,6,4,1.1712948556059815,2019/2020,East & Southeast Asia,strong,emerging,continental
glm_ar1,expanding,CHN,2020-01-01,1,NA,NA,2019/2020,East & Southeast Asia,strong,emerging,continental
glm_ar1,expanding,CHN,2022-07-01,6,3,1.7433897686752677,2022/2023,East & Southeast Asia,strong,emerging,continental
glm_ar1,expanding,CHN,2023-01-01,6,0,0.6043908980490981,2022/2023,East & Southeast Asia,strong,emerging,continental
glm_ar1,expanding,CHN,2023-07-01,6,4,0.9752960116404568,2023/2024,East & Southeast Asia,strong,emerging,continental
glm_ar1,expanding,CHN,2024-01-01,6,0,0.4283939951969928,2023/2024,East & Southeast Asia,strong,emerging,continental
glm_ar1,expanding,CHN,2024-07-01,6,3,0.873848850144835,2024/2025,East & Southeast Asia,strong,emerging,continental
glm_ar1,expanding,CHN,2025-01-01,6,0,0.4480799606030696,2024/2025,East & Southeast Asia,strong,emerging,continental
glm_ar1,expanding,CHN,2025-07-01,6,3,0.7134626313164915,2025/2026,East & Southeast Asia,strong,emerging,continental
glm_ar1,expanding,CHN,2026-01-01,6,0,0.6371703590058988,2025/2026,East & Southeast Asia,strong,emerging,continental
glm_ar1,expanding,CIV,2022-07-01,6,0,1.3483387961659725,2022/2023,Sub-Saharan Africa,strong,emerging,medium
glm_ar1,expanding,CIV,2023-01-01,6,0,0.7403192973974958,2023/2024,Sub-Saharan Africa,strong,emerging,medium
glm_ar1,expanding,CIV,2023-07-01,6,5,1.3692434781715457,2023/2024,Sub-Saharan Africa,strong,emerging,medium
glm_ar1,expanding,CIV,2024-01-01,6,0,0.8475673473471447,2024/2025,Sub-Saharan Africa,strong,emerging,medium
glm_ar1,expanding,CIV,2024-07-01,6,5,1.7668114142662714,2024/2025,Sub-Saharan Africa,strong,emerging,medium
glm_ar1,expanding,CIV,2025-01-01,6,0,1.2905367723936405,2025/2026,Sub-Saharan Africa,strong,emerging,medium
glm_ar1,expanding,CIV,2025-07-01,6,0,2.385549922393203,2025/2026,Sub-Saharan Africa,strong,emerging,medium
glm_ar1,expanding,CIV,2026-01-01,6,0,1.5218336582006302,2026/2027,Sub-Saharan Africa,strong,emerging,medium
glm_ar1,expanding,COK,2019-01-01,6,4,1.5847066888666885,2019/2020,Pacific Islands,strong,emerging,very_small
glm_ar1,expanding,COK,2019-07-01,6,0,1.991512700161377,2019/2020,Pacific Islands,strong,emerging,very_small
glm_ar1,expanding,COK,2020-01-01,6,4,1.5356035773220362,2020/2021,Pacific Islands,strong,emerging,very_small
glm_ar1,expanding,COK,2020-07-01,6,5,3.3908829080462386,2020/2021,Pacific Islands,strong,emerging,very_small
glm_ar1,expanding,COK,2021-01-01,6,4,2.1089251036754253,2021/2022,Pacific Islands,strong,emerging,very_small
glm_ar1,expanding,COK,2021-07-01,5,4,3.314605916309005,2021/2022,Pacific Islands,strong,emerging,very_small
glm_ar1,expanding,COK,2025-01-01,6,0,1.2531110934285954,2025/2026,Pacific Islands,strong,emerging,very_small
glm_ar1,expanding,COK,2025-07-01,6,0,0.9192896061430688,2025/2026,Pacific Islands,strong,emerging,very_small
glm_ar1,expanding,COK,2026-01-01,6,5,1.7093365655713517,2026/2027,Pacific Islands,strong,emerging,very_small
glm_ar1,expanding,COL,2016-01-01,6,-3,0.416488263675171,2016/2017,South America,weak,endemic,large
glm_ar1,expanding,COL,2016-07-01,6,5,0.7691766077008076,2016/2017,South America,weak,endemic,large
glm_ar1,expanding,COL,2017-01-01,6,0,0.6717882553397398,2017/2018,South America,weak,endemic,large
glm_ar1,expanding,COL,2017-07-01,6,0,0.3316678112672155,2017/2018,South America,weak,endemic,large
glm_ar1,expanding,COL,2018-01-01,6,0,0.12727509262065637,2018/2019,South America,weak,endemic,large
glm_ar1,expanding,COL,2018-07-01,6,-5,0.5349179230691151,2018/2019,South America,weak,endemic,large
glm_ar1,expanding,COL,2019-01-01,6,-4,0.8919419857073022,2019/2020,South America,weak,endemic,large
glm_ar1,expanding,COL,2019-07-01,6,-5,0.6677306504947523,2019/2020,South America,weak,endemic,large
glm_ar1,expanding,COL,2020-01-01,6,0,0.09838514656657689,2020/2021,South America,weak,endemic,large
glm_ar1,expanding,COL,2020-07-01,6,0,0.08783619864108516,2020/2021,South America,weak,endemic,large
glm_ar1,expanding,COL,2021-01-01,6,0,0.058504616325532645,2021/2022,South America,weak,endemic,large
glm_ar1,expanding,COL,2021-07-01,6,-3,0.7362282223624496,2021/2022,South America,weak,endemic,large
glm_ar1,expanding,COL,2022-01-01,6,-5,0.3878823370216962,2022/2023,South America,weak,endemic,large
glm_ar1,expanding,COL,2022-07-01,6,-5,0.39955617991007397,2022/2023,South America,weak,endemic,large
glm_ar1,expanding,COL,2023-01-01,6,-5,0.5033625315947624,2023/2024,South America,weak,endemic,large
glm_ar1,expanding,COL,2023-07-01,6,-5,0.9151782345535519,2023/2024,South America,weak,endemic,large
glm_ar1,expanding,COL,2024-01-01,6,-4,1.0454373471249425,2024/2025,South America,weak,endemic,large
glm_ar1,expanding,COL,2024-07-01,6,-1,0.4979549442430877,2024/2025,South America,weak,endemic,large
glm_ar1,expanding,COL,2025-01-01,6,-1,0.22149830187292277,2025/2026,South America,weak,endemic,large
glm_ar1,expanding,COL,2025-07-01,6,-5,0.3247334407209255,2025/2026,South America,weak,endemic,large
glm_ar1,expanding,COL,2026-01-01,6,-4,0.39827549841685334,2026/2027,South America,weak,endemic,large
glm_ar1,expanding,CRI,2016-01-01,6,-5,0.45211935677690024,2015/2016,North & Central America,moderate,endemic,small
glm_ar1,expanding,CRI,2016-07-01,6,5,0.827085038153656,2016/2017,North & Central America,moderate,endemic,small
glm_ar1,expanding,CRI,2017-01-01,6,0,0.43667427796276,2016/2017,North & Central America,moderate,endemic,small
glm_ar1,expanding,CRI,2017-07-01,6,5,1.3246237493634203,2017/2018,North & Central America,moderate,endemic,small
glm_ar1,expanding,CRI,2018-01-01,6,0,0.20660779755454994,2017/2018,North & Central America,moderate,endemic,small
glm_ar1,expanding,CRI,2018-07-01,6,2,1.0933813345775383,2018/2019,North & Central America,moderate,endemic,small
glm_ar1,expanding,CRI,2019-01-01,6,0,0.18784742688301467,2018/2019,North & Central America,moderate,endemic,small
glm_ar1,expanding,CRI,2019-07-01,6,4,0.34851280414516045,2019/2020,North & Central America,moderate,endemic,small
glm_ar1,expanding,CRI,2020-01-01,6,1,0.22987086079723218,2019/2020,North & Central America,moderate,endemic,small
glm_ar1,expanding,CRI,2020-07-01,6,5,0.9272658537274534,2020/2021,North & Central America,moderate,endemic,small
glm_ar1,expanding,CRI,2021-01-01,6,0,0.7822664202452003,2020/2021,North & Central America,moderate,endemic,small
glm_ar1,expanding,CRI,2021-07-01,6,3,0.6540160943147911,2021/2022,North & Central America,moderate,endemic,small
glm_ar1,expanding,CRI,2022-01-01,6,0,0.252658885333609,2021/2022,North & Central America,moderate,endemic,small
glm_ar1,expanding,CRI,2022-07-01,6,5,0.8853515109965896,2022/2023,North & Central America,moderate,endemic,small
glm_ar1,expanding,CRI,2023-01-01,6,0,0.3635941529267992,2022/2023,North & Central America,moderate,endemic,small
glm_ar1,expanding,CRI,2023-07-01,6,-2,0.380551098349599,2023/2024,North & Central America,moderate,endemic,small
glm_ar1,expanding,CRI,2024-01-01,6,-5,0.4317812631463204,2023/2024,North & Central America,moderate,endemic,small
glm_ar1,expanding,CRI,2024-07-01,6,-1,0.4077272573214336,2024/2025,North & Central America,moderate,endemic,small
glm_ar1,expanding,CRI,2025-01-01,6,0,1.0557820873161592,2024/2025,North & Central America,moderate,endemic,small
glm_ar1,expanding,CRI,2025-07-01,6,4,0.49341019130253166,2025/2026,North & Central America,moderate,endemic,small
glm_ar1,expanding,CRI,2026-01-01,6,1,0.575586265722455,2025/2026,North & Central America,moderate,endemic,small
glm_ar1,expanding,CUB,2016-01-01,6,0,1.435939356364958,2015/2016,Caribbean,moderate,endemic,medium
glm_ar1,expanding,CUB,2016-07-01,6,4,0.47239532890218644,2016/2017,Caribbean,moderate,endemic,medium
glm_ar1,expanding,CUB,2017-01-01,6,0,0.7806228153239058,2016/2017,Caribbean,moderate,endemic,medium
glm_ar1,expanding,CUB,2017-07-01,6,0,0.20983636630537114,2017/2018,Caribbean,moderate,endemic,medium
glm_ar1,expanding,CUB,2018-01-01,6,0,0.8180504294781258,2017/2018,Caribbean,moderate,endemic,medium
glm_ar1,expanding,CUB,2018-07-01,6,3,0.723769649996138,2018/2019,Caribbean,moderate,endemic,medium
glm_ar1,expanding,CUB,2019-01-01,6,0,1.2487369082090807,2018/2019,Caribbean,moderate,endemic,medium
glm_ar1,expanding,CUB,2019-07-01,6,3,0.8031256507696883,2019/2020,Caribbean,moderate,endemic,medium
glm_ar1,expanding,CUB,2020-01-01,6,0,1.6591986314067306,2019/2020,Caribbean,moderate,endemic,medium
glm_ar1,expanding,CUB,2020-07-01,6,3,1.0091240234197898,2020/2021,Caribbean,moderate,endemic,medium
glm_ar1,expanding,CUB,2021-01-01,6,0,1.6830348664136106,2020/2021,Caribbean,moderate,endemic,medium
glm_ar1,expanding,CUB,2021-07-01,6,0,0.6946306138142685,2021/2022,Caribbean,moderate,endemic,medium
glm_ar1,expanding,CUB,2022-01-01,2,NA,NA,2021/2022,Caribbean,moderate,endemic,medium
glm_ar1,expanding,CUB,2025-01-01,6,-5,0.3894024296557952,2024/2025,Caribbean,moderate,endemic,medium
glm_ar1,expanding,CUB,2025-07-01,6,-3,0.2656959578133787,2025/2026,Caribbean,moderate,endemic,medium
glm_ar1,expanding,CUB,2026-01-01,6,-5,0.3223218128269894,2025/2026,Caribbean,moderate,endemic,medium
glm_ar1,expanding,CYM,2016-01-01,6,5,3.0243554826573873,2015/2016,Caribbean,strong,emerging,very_small
glm_ar1,expanding,CYM,2016-07-01,6,3,0.7666563924238977,2016/2017,Caribbean,strong,emerging,very_small
glm_ar1,expanding,CYM,2017-01-01,2,NA,NA,2016/2017,Caribbean,strong,emerging,very_small
glm_ar1,expanding,CYM,2018-07-01,6,0,1.9086588039677486,2018/2019,Caribbean,strong,emerging,very_small
glm_ar1,expanding,CYM,2019-01-01,6,0,3.3430812259655913,2018/2019,Caribbean,strong,emerging,very_small
glm_ar1,expanding,CYM,2019-07-01,6,3,2.487060323540275,2019/2020,Caribbean,strong,emerging,very_small
glm_ar1,expanding,CYM,2020-01-01,2,NA,NA,2019/2020,Caribbean,strong,emerging,very_small
glm_ar1,expanding,CYM,2025-01-01,6,5,3.2572880361979455,2024/2025,Caribbean,strong,emerging,very_small
glm_ar1,expanding,CYM,2025-07-01,6,5,3.2429489711266797,2025/2026,Caribbean,strong,emerging,very_small
glm_ar1,expanding,CYM,2026-01-01,6,5,3.2471185296499545,2025/2026,Caribbean,strong,emerging,very_small
glm_ar1,expanding,DMA,2016-01-01,6,0,2.3278485025827425,2015/2016,Caribbean,moderate,emerging,very_small
glm_ar1,expanding,DMA,2016-07-01,6,2,0.6331888885953506,2016/2017,Caribbean,moderate,emerging,very_small
glm_ar1,expanding,DMA,2017-01-01,2,NA,NA,2016/2017,Caribbean,moderate,emerging,very_small
glm_ar1,expanding,DMA,2018-07-01,6,0,1.033598470960931,2018/2019,Caribbean,moderate,emerging,very_small
glm_ar1,expanding,DMA,2019-01-01,6,4,2.0030630779342196,2018/2019,Caribbean,moderate,emerging,very_small
glm_ar1,expanding,DMA,2019-07-01,6,2,1.277894474654584,2019/2020,Caribbean,moderate,emerging,very_small
glm_ar1,expanding,DMA,2020-01-01,6,5,2.854600190073279,2019/2020,Caribbean,moderate,emerging,very_small
glm_ar1,expanding,DMA,2020-07-01,6,2,2.172354491880029,2020/2021,Caribbean,moderate,emerging,very_small
glm_ar1,expanding,DMA,2021-01-01,6,5,3.0114973111236516,2020/2021,Caribbean,moderate,emerging,very_small
glm_ar1,expanding,DMA,2021-07-01,6,3,2.2854077595183315,2021/2022,Caribbean,moderate,emerging,very_small
glm_ar1,expanding,DMA,2022-01-01,6,4,3.497582751751756,2021/2022,Caribbean,moderate,emerging,very_small
glm_ar1,expanding,DMA,2022-07-01,6,0,1.435071765776098,2022/2023,Caribbean,moderate,emerging,very_small
glm_ar1,expanding,DMA,2023-01-01,2,NA,NA,2022/2023,Caribbean,moderate,emerging,very_small
glm_ar1,expanding,DOM,2016-01-01,6,5,0.9077017305705489,2015/2016,Caribbean,weak,endemic,small
glm_ar1,expanding,DOM,2016-07-01,6,5,1.359348819556341,2016/2017,Caribbean,weak,endemic,small
glm_ar1,expanding,DOM,2017-01-01,6,0,0.34150068332929906,2016/2017,Caribbean,weak,endemic,small
glm_ar1,expanding,DOM,2017-07-01,6,3,0.8879538040444843,2017/2018,Caribbean,weak,endemic,small
glm_ar1,expanding,DOM,2018-01-01,6,4,0.40285709700669464,2017/2018,Caribbean,weak,endemic,small
glm_ar1,expanding,DOM,2018-07-01,6,0,0.5992789687703114,2018/2019,Caribbean,weak,endemic,small
glm_ar1,expanding,DOM,2019-01-01,6,0,0.18334601156733035,2018/2019,Caribbean,weak,endemic,small
glm_ar1,expanding,DOM,2019-07-01,6,-1,0.1353959354231781,2019/2020,Caribbean,weak,endemic,small
glm_ar1,expanding,DOM,2020-01-01,6,5,1.5652076904850685,2019/2020,Caribbean,weak,endemic,small
glm_ar1,expanding,DOM,2020-07-01,6,2,0.9466232132520723,2020/2021,Caribbean,weak,endemic,small
glm_ar1,expanding,DOM,2021-01-01,6,2,1.1449214716994012,2020/2021,Caribbean,weak,endemic,small
glm_ar1,expanding,DOM,2021-07-01,6,3,0.4241859433479556,2021/2022,Caribbean,weak,endemic,small
glm_ar1,expanding,DOM,2022-01-01,6,0,0.2632704605297971,2021/2022,Caribbean,weak,endemic,small
glm_ar1,expanding,DOM,2022-07-01,6,3,0.29319651387101403,2022/2023,Caribbean,weak,endemic,small
glm_ar1,expanding,DOM,2023-01-01,6,0,0.5674025673464717,2022/2023,Caribbean,weak,endemic,small
glm_ar1,expanding,DOM,2023-07-01,6,3,0.5939915467570981,2023/2024,Caribbean,weak,endemic,small
glm_ar1,expanding,DOM,2024-01-01,6,-1,1.0490833171714524,2023/2024,Caribbean,weak,endemic,small
glm_ar1,expanding,DOM,2024-07-01,6,4,1.301311407076004,2024/2025,Caribbean,weak,endemic,small
glm_ar1,expanding,DOM,2025-01-01,6,4,1.3080351833128239,2024/2025,Caribbean,weak,endemic,small
glm_ar1,expanding,DOM,2025-07-01,6,2,1.1725815974901934,2025/2026,Caribbean,weak,endemic,small
glm_ar1,expanding,DOM,2026-01-01,6,1,1.2738088582814788,2025/2026,Caribbean,weak,endemic,small
glm_ar1,expanding,ECU,2016-01-01,6,2,0.1387824587888935,2015/2016,South America,weak,endemic,medium
glm_ar1,expanding,ECU,2016-07-01,6,0,1.0113130844504976,2015/2016,South America,weak,endemic,medium
glm_ar1,expanding,ECU,2017-01-01,6,3,0.24091523470019208,2016/2017,South America,weak,endemic,medium
glm_ar1,expanding,ECU,2017-07-01,6,0,0.9955409287464572,2016/2017,South America,weak,endemic,medium
glm_ar1,expanding,ECU,2018-01-01,6,5,0.8021385975511878,2017/2018,South America,weak,endemic,medium
glm_ar1,expanding,ECU,2018-07-01,6,0,0.918724688475823,2017/2018,South America,weak,endemic,medium
glm_ar1,expanding,ECU,2019-01-01,6,1,0.1635020915098413,2018/2019,South America,weak,endemic,medium
glm_ar1,expanding,ECU,2019-07-01,6,0,0.36628016941117036,2018/2019,South America,weak,endemic,medium
glm_ar1,expanding,ECU,2020-01-01,6,4,0.31078260903748683,2019/2020,South America,weak,endemic,medium
glm_ar1,expanding,ECU,2020-07-01,6,1,0.29907100153164473,2019/2020,South America,weak,endemic,medium
glm_ar1,expanding,ECU,2021-01-01,6,2,0.12144986108715801,2020/2021,South America,weak,endemic,medium
glm_ar1,expanding,ECU,2021-07-01,6,0,0.477087672662404,2020/2021,South America,weak,endemic,medium
glm_ar1,expanding,ECU,2022-01-01,6,2,0.1475760402441697,2021/2022,South America,weak,endemic,medium
glm_ar1,expanding,ECU,2022-07-01,6,0,0.5457018336326896,2021/2022,South America,weak,endemic,medium
glm_ar1,expanding,ECU,2023-01-01,6,0,0.07124714134295917,2022/2023,South America,weak,endemic,medium
glm_ar1,expanding,ECU,2023-07-01,6,-5,0.11249613055958736,2022/2023,South America,weak,endemic,medium
glm_ar1,expanding,ECU,2024-01-01,6,-1,0.5088576444599552,2023/2024,South America,weak,endemic,medium
glm_ar1,expanding,ECU,2024-07-01,6,-5,0.12608426862292718,2023/2024,South America,weak,endemic,medium
glm_ar1,expanding,ECU,2025-01-01,6,-1,0.22380753203367712,2024/2025,South America,weak,endemic,medium
glm_ar1,expanding,ECU,2025-07-01,6,0,0.515681614358712,2024/2025,South America,weak,endemic,medium
glm_ar1,expanding,ECU,2026-01-01,6,1,0.21669067511691917,2025/2026,South America,weak,endemic,medium
glm_ar1,expanding,ERI,2025-01-01,6,3,2.1493677664019786,2024/2025,Sub-Saharan Africa,weak,emerging,medium
glm_ar1,expanding,ERI,2025-07-01,6,4,0.9031348761726337,2025/2026,Sub-Saharan Africa,weak,emerging,medium
glm_ar1,expanding,ERI,2026-01-01,6,5,2.048106985954233,2025/2026,Sub-Saharan Africa,weak,emerging,medium
glm_ar1,expanding,ETH,2023-07-01,6,3,0.5472016285439555,2023/2024,Sub-Saharan Africa,strong,emerging,large
glm_ar1,expanding,ETH,2024-01-01,3,2,1.56467990456266,2023/2024,Sub-Saharan Africa,strong,emerging,large
glm_ar1,expanding,ETH,2025-01-01,6,3,0.9179855235775071,2024/2025,Sub-Saharan Africa,strong,emerging,large
glm_ar1,expanding,ETH,2025-07-01,6,2,1.1837159444820522,2025/2026,Sub-Saharan Africa,strong,emerging,large
glm_ar1,expanding,ETH,2026-01-01,6,2,0.7734944384019485,2025/2026,Sub-Saharan Africa,strong,emerging,large
glm_ar1,expanding,FJI,2016-01-01,6,5,1.835287550475683,2015/2016,Pacific Islands,moderate,endemic,very_small
glm_ar1,expanding,FJI,2016-07-01,6,0,0.8021952668566669,2015/2016,Pacific Islands,moderate,endemic,very_small
glm_ar1,expanding,FJI,2017-01-01,6,4,0.5510057473660501,2016/2017,Pacific Islands,moderate,endemic,very_small
glm_ar1,expanding,FJI,2017-07-01,6,0,0.5906811107343505,2016/2017,Pacific Islands,moderate,endemic,very_small
glm_ar1,expanding,FJI,2018-01-01,6,4,0.5094010295522821,2017/2018,Pacific Islands,moderate,endemic,very_small
glm_ar1,expanding,FJI,2018-07-01,6,0,0.5807215860010756,2017/2018,Pacific Islands,moderate,endemic,very_small
glm_ar1,expanding,FJI,2019-01-01,6,5,0.6731875258431704,2018/2019,Pacific Islands,moderate,endemic,very_small
glm_ar1,expanding,FJI,2019-07-01,6,5,1.994215569613558,2018/2019,Pacific Islands,moderate,endemic,very_small
glm_ar1,expanding,FJI,2020-01-01,6,2,0.2738985734960288,2019/2020,Pacific Islands,moderate,endemic,very_small
glm_ar1,expanding,FJI,2020-07-01,6,0,0.43736577861472953,2019/2020,Pacific Islands,moderate,endemic,very_small
glm_ar1,expanding,FJI,2021-01-01,6,-1,0.3580778002977278,2020/2021,Pacific Islands,moderate,endemic,very_small
glm_ar1,expanding,FJI,2021-07-01,6,5,1.0927819326291623,2020/2021,Pacific Islands,moderate,endemic,very_small
glm_ar1,expanding,FJI,2022-01-01,6,5,0.4535794492108394,2021/2022,Pacific Islands,moderate,endemic,very_small
glm_ar1,expanding,FJI,2022-07-01,6,0,0.16646884197077347,2021/2022,Pacific Islands,moderate,endemic,very_small
glm_ar1,expanding,FJI,2023-01-01,6,4,0.46167031331939024,2022/2023,Pacific Islands,moderate,endemic,very_small
glm_ar1,expanding,FJI,2023-07-01,6,0,0.6350038943049657,2022/2023,Pacific Islands,moderate,endemic,very_small
glm_ar1,expanding,FJI,2024-01-01,6,2,0.46511563340625256,2023/2024,Pacific Islands,moderate,endemic,very_small
glm_ar1,expanding,FJI,2024-07-01,6,0,0.710539087518414,2023/2024,Pacific Islands,moderate,endemic,very_small
glm_ar1,expanding,FJI,2025-01-01,6,3,0.3897117950267978,2024/2025,Pacific Islands,moderate,endemic,very_small
glm_ar1,expanding,FJI,2025-07-01,6,3,0.7168078629408434,2024/2025,Pacific Islands,moderate,endemic,very_small
glm_ar1,expanding,FJI,2026-01-01,6,5,0.8776340166940351,2025/2026,Pacific Islands,moderate,endemic,very_small
glm_ar1,expanding,FSM,2016-07-01,6,4,0.9468437969855564,2016/2017,Pacific Islands,moderate,endemic,very_small
glm_ar1,expanding,FSM,2017-01-01,2,NA,NA,2016/2017,Pacific Islands,moderate,endemic,very_small
glm_ar1,expanding,FSM,2018-07-01,6,0,1.6600023111528266,2018/2019,Pacific Islands,moderate,endemic,very_small
glm_ar1,expanding,FSM,2019-01-01,6,1,1.086636166643934,2018/2019,Pacific Islands,moderate,endemic,very_small
glm_ar1,expanding,FSM,2019-07-01,6,4,1.4647438595598505,2019/2020,Pacific Islands,moderate,endemic,very_small
glm_ar1,expanding,FSM,2020-01-01,6,1,3.04088317296147,2019/2020,Pacific Islands,moderate,endemic,very_small
glm_ar1,expanding,FSM,2020-07-01,6,4,2.3390985131914,2020/2021,Pacific Islands,moderate,endemic,very_small
glm_ar1,expanding,FSM,2021-01-01,6,1,2.3074044949480492,2020/2021,Pacific Islands,moderate,endemic,very_small
glm_ar1,expanding,FSM,2021-07-01,6,4,2.283279293492858,2021/2022,Pacific Islands,moderate,endemic,very_small
glm_ar1,expanding,FSM,2022-01-01,6,0,1.7030850866056302,2021/2022,Pacific Islands,moderate,endemic,very_small
glm_ar1,expanding,FSM,2022-07-01,6,4,0.8279099567450506,2022/2023,Pacific Islands,moderate,endemic,very_small
glm_ar1,expanding,FSM,2023-01-01,6,1,2.5980742111602244,2022/2023,Pacific Islands,moderate,endemic,very_small
glm_ar1,expanding,FSM,2023-07-01,6,4,2.38503648313354,2023/2024,Pacific Islands,moderate,endemic,very_small
glm_ar1,expanding,FSM,2024-01-01,6,1,2.826765320966851,2023/2024,Pacific Islands,moderate,endemic,very_small
glm_ar1,expanding,FSM,2024-07-01,6,4,1.9738016629854152,2024/2025,Pacific Islands,moderate,endemic,very_small
glm_ar1,expanding,FSM,2025-01-01,6,5,2.6459587697508904,2024/2025,Pacific Islands,moderate,endemic,very_small
glm_ar1,expanding,FSM,2025-07-01,6,3,3.2256002781837587,2025/2026,Pacific Islands,moderate,endemic,very_small
glm_ar1,expanding,FSM,2026-01-01,6,1,2.693469385220982,2025/2026,Pacific Islands,moderate,endemic,very_small
glm_ar1,expanding,GLP,2016-01-01,6,5,3.3595425450534946,2015/2016,Caribbean,strong,endemic,very_small
glm_ar1,expanding,GLP,2016-07-01,6,0,0.3048925943597588,2016/2017,Caribbean,strong,endemic,very_small
glm_ar1,expanding,GLP,2017-01-01,6,5,1.9989851767537161,2016/2017,Caribbean,strong,endemic,very_small
glm_ar1,expanding,GLP,2017-07-01,6,2,0.2918203938274227,2017/2018,Caribbean,strong,endemic,very_small
glm_ar1,expanding,GLP,2018-01-01,6,5,1.9746998955125215,2017/2018,Caribbean,strong,endemic,very_small
glm_ar1,expanding,GLP,2018-07-01,6,0,0.49547680985042347,2018/2019,Caribbean,strong,endemic,very_small
glm_ar1,expanding,GLP,2019-01-01,6,5,2.1099743662550456,2018/2019,Caribbean,strong,endemic,very_small
glm_ar1,expanding,GLP,2019-07-01,6,0,0.28561942448363803,2019/2020,Caribbean,strong,endemic,very_small
glm_ar1,expanding,GLP,2020-01-01,6,5,0.7130449199116526,2019/2020,Caribbean,strong,endemic,very_small
glm_ar1,expanding,GLP,2020-07-01,6,3,0.4464824714080471,2020/2021,Caribbean,strong,endemic,very_small
glm_ar1,expanding,GLP,2021-01-01,6,5,6.383038807700452,2020/2021,Caribbean,strong,endemic,very_small
glm_ar1,expanding,GLP,2021-07-01,6,0,1.5993843664074163,2021/2022,Caribbean,strong,endemic,very_small
glm_ar1,expanding,GLP,2022-01-01,6,1,2.4619453474057624,2021/2022,Caribbean,strong,endemic,very_small
glm_ar1,expanding,GLP,2022-07-01,6,0,0.5008517499326687,2022/2023,Caribbean,strong,endemic,very_small
glm_ar1,expanding,GLP,2023-01-01,6,1,0.643182692731267,2022/2023,Caribbean,strong,endemic,very_small
glm_ar1,expanding,GLP,2023-07-01,6,4,0.3327975763405661,2023/2024,Caribbean,strong,endemic,very_small
glm_ar1,expanding,GLP,2024-01-01,6,4,1.1903606479981874,2023/2024,Caribbean,strong,endemic,very_small
glm_ar1,expanding,GLP,2024-07-01,6,2,0.819967347709028,2024/2025,Caribbean,strong,endemic,very_small
glm_ar1,expanding,GLP,2025-01-01,6,5,1.9107514967830952,2024/2025,Caribbean,strong,endemic,very_small
glm_ar1,expanding,GLP,2025-07-01,6,3,0.8235144649566714,2025/2026,Caribbean,strong,endemic,very_small
glm_ar1,expanding,GLP,2026-01-01,6,4,2.1794520137947866,2025/2026,Caribbean,strong,endemic,very_small
glm_ar1,expanding,GRD,2016-07-01,6,0,1.2067566499571578,2016/2017,Caribbean,weak,emerging,very_small
glm_ar1,expanding,GRD,2017-01-01,6,3,0.7349945316539731,2016/2017,Caribbean,weak,emerging,very_small
glm_ar1,expanding,GRD,2017-07-01,6,3,0.5885512160297847,2017/2018,Caribbean,weak,emerging,very_small
glm_ar1,expanding,GRD,2018-01-01,6,0,0.10962377901340874,2017/2018,Caribbean,weak,emerging,very_small
glm_ar1,expanding,GRD,2018-07-01,6,5,2.943660752421526,2018/2019,Caribbean,weak,emerging,very_small
glm_ar1,expanding,GRD,2019-01-01,6,2,1.9662706524737505,2018/2019,Caribbean,weak,emerging,very_small
glm_ar1,expanding,GRD,2019-07-01,6,0,3.730570417617916,2019/2020,Caribbean,weak,emerging,very_small
glm_ar1,expanding,GRD,2020-01-01,6,2,2.68851676473491,2019/2020,Caribbean,weak,emerging,very_small
glm_ar1,expanding,GRD,2020-07-01,6,4,2.15011377703742,2020/2021,Caribbean,weak,emerging,very_small
glm_ar1,expanding,GRD,2021-01-01,6,0,1.8491128088683613,2020/2021,Caribbean,weak,emerging,very_small
glm_ar1,expanding,GRD,2021-07-01,6,4,1.8514375658198219,2021/2022,Caribbean,weak,emerging,very_small
glm_ar1,expanding,GRD,2022-01-01,6,4,2.0439001257384337,2021/2022,Caribbean,weak,emerging,very_small
glm_ar1,expanding,GRD,2022-07-01,6,5,2.1381028514547387,2022/2023,Caribbean,weak,emerging,very_small
glm_ar1,expanding,GRD,2023-01-01,6,2,0.8989361301021274,2022/2023,Caribbean,weak,emerging,very_small
glm_ar1,expanding,GRD,2023-07-01,6,0,1.983588879218983,2023/2024,Caribbean,weak,emerging,very_small
glm_ar1,expanding,GRD,2024-01-01,6,0,1.6145925348019938,2023/2024,Caribbean,weak,emerging,very_small
glm_ar1,expanding,GRD,2024-07-01,6,4,1.8186968380379842,2024/2025,Caribbean,weak,emerging,very_small
glm_ar1,expanding,GRD,2025-01-01,6,4,2.1489472232760627,2024/2025,Caribbean,weak,emerging,very_small
glm_ar1,expanding,GRD,2025-07-01,6,1,1.7685349284570673,2025/2026,Caribbean,weak,emerging,very_small
glm_ar1,expanding,GRD,2026-01-01,6,2,2.614208833473993,2025/2026,Caribbean,weak,emerging,very_small
glm_ar1,expanding,GTM,2016-01-01,6,0,0.42370314011099836,2016/2017,North & Central America,weak,endemic,medium
glm_ar1,expanding,GTM,2016-07-01,6,5,0.8531117845926787,2016/2017,North & Central America,weak,endemic,medium
glm_ar1,expanding,GTM,2017-01-01,6,0,0.1063249686666566,2017/2018,North & Central America,weak,endemic,medium
glm_ar1,expanding,GTM,2017-07-01,6,5,0.6249750576285409,2017/2018,North & Central America,weak,endemic,medium
glm_ar1,expanding,GTM,2018-01-01,6,0,0.15003252591730712,2018/2019,North & Central America,weak,endemic,medium
glm_ar1,expanding,GTM,2018-07-01,6,4,0.7055599681447878,2018/2019,North & Central America,weak,endemic,medium
glm_ar1,expanding,GTM,2019-01-01,6,0,0.35401628836899995,2019/2020,North & Central America,weak,endemic,medium
glm_ar1,expanding,GTM,2019-07-01,6,0,0.26105627132397197,2019/2020,North & Central America,weak,endemic,medium
glm_ar1,expanding,GTM,2020-01-01,6,5,1.0089556963553514,2020/2021,North & Central America,weak,endemic,medium
glm_ar1,expanding,GTM,2020-07-01,6,5,1.3447370883378456,2020/2021,North & Central America,weak,endemic,medium
glm_ar1,expanding,GTM,2021-01-01,6,0,0.7983711299086288,2021/2022,North & Central America,weak,endemic,medium
glm_ar1,expanding,GTM,2021-07-01,6,5,0.9047040960133632,2021/2022,North & Central America,weak,endemic,medium
glm_ar1,expanding,GTM,2022-01-01,6,0,0.24117212967186705,2022/2023,North & Central America,weak,endemic,medium
glm_ar1,expanding,GTM,2022-07-01,6,3,0.6582243628205815,2022/2023,North & Central America,weak,endemic,medium
glm_ar1,expanding,GTM,2023-01-01,6,0,0.18921603184040406,2023/2024,North & Central America,weak,endemic,medium
glm_ar1,expanding,GTM,2023-07-01,6,-2,0.7095395194158556,2023/2024,North & Central America,weak,endemic,medium
glm_ar1,expanding,GTM,2024-01-01,6,-4,0.6446730657715584,2024/2025,North & Central America,weak,endemic,medium
glm_ar1,expanding,GTM,2024-07-01,6,-1,0.28790165949413976,2024/2025,North & Central America,weak,endemic,medium
glm_ar1,expanding,GTM,2025-01-01,6,-4,0.18948224558849525,2025/2026,North & Central America,weak,endemic,medium
glm_ar1,expanding,GTM,2025-07-01,6,-4,0.1496196187071055,2025/2026,North & Central America,weak,endemic,medium
glm_ar1,expanding,GTM,2026-01-01,6,-5,0.24473963079539204,2026/2027,North & Central America,weak,endemic,medium
glm_ar1,expanding,GUF,2016-01-01,6,5,2.000109846524596,2015/2016,South America,weak,emerging,small
glm_ar1,expanding,GUF,2016-07-01,6,0,0.4993629945665891,2015/2016,South America,weak,emerging,small
glm_ar1,expanding,GUF,2017-01-01,6,5,1.2722255114057597,2016/2017,South America,weak,emerging,small
glm_ar1,expanding,GUF,2017-07-01,6,0,0.7065478561629833,2016/2017,South America,weak,emerging,small
glm_ar1,expanding,GUF,2018-01-01,6,5,1.4707234402074858,2017/2018,South America,weak,emerging,small
glm_ar1,expanding,GUF,2018-07-01,6,5,3.194150828788191,2017/2018,South America,weak,emerging,small
glm_ar1,expanding,GUF,2019-01-01,6,0,1.8429495179210902,2018/2019,South America,weak,emerging,small
glm_ar1,expanding,GUF,2019-07-01,6,0,0.6312671616524007,2018/2019,South America,weak,emerging,small
glm_ar1,expanding,GUF,2020-01-01,6,2,0.19236470621234933,2019/2020,South America,weak,emerging,small
glm_ar1,expanding,GUF,2020-07-01,6,5,0.9157420130660953,2019/2020,South America,weak,emerging,small
glm_ar1,expanding,GUF,2021-01-01,6,4,2.7626183996823737,2020/2021,South America,weak,emerging,small
glm_ar1,expanding,GUF,2021-07-01,2,NA,NA,2020/2021,South America,weak,emerging,small
glm_ar1,expanding,GUF,2023-01-01,6,5,1.0243304126949215,2022/2023,South America,weak,emerging,small
glm_ar1,expanding,GUF,2023-07-01,6,0,0.7788916848103659,2022/2023,South America,weak,emerging,small
glm_ar1,expanding,GUF,2024-01-01,6,0,0.41567183626343,2023/2024,South America,weak,emerging,small
glm_ar1,expanding,GUF,2024-07-01,3,5,3.0238441466431953,2023/2024,South America,weak,emerging,small
glm_ar1,expanding,GUF,2025-01-01,6,3,1.8098187353286892,2024/2025,South America,weak,emerging,small
glm_ar1,expanding,GUF,2025-07-01,6,5,2.4340537173862207,2024/2025,South America,weak,emerging,small
glm_ar1,expanding,GUF,2026-01-01,6,3,2.086786678744533,2025/2026,South America,weak,emerging,small
glm_ar1,expanding,GUY,2016-01-01,6,0,1.8015106635509668,2016/2017,South America,weak,endemic,medium
glm_ar1,expanding,GUY,2016-07-01,5,3,1.05298432331873,2016/2017,South America,weak,endemic,medium
glm_ar1,expanding,GUY,2018-01-01,6,0,0.7064389817035925,2018/2019,South America,weak,endemic,medium
glm_ar1,expanding,GUY,2018-07-01,6,4,2.161909245727491,2018/2019,South America,weak,endemic,medium
glm_ar1,expanding,GUY,2019-01-01,6,0,1.9223097960366806,2019/2020,South America,weak,endemic,medium
glm_ar1,expanding,GUY,2019-07-01,6,0,1.2270293932888443,2019/2020,South America,weak,endemic,medium
glm_ar1,expanding,GUY,2020-01-01,6,0,1.1046647459735337,2020/2021,South America,weak,endemic,medium
glm_ar1,expanding,GUY,2020-07-01,6,0,0.8641929063661197,2020/2021,South America,weak,endemic,medium
glm_ar1,expanding,GUY,2021-01-01,6,0,0.6587969221354769,2021/2022,South America,weak,endemic,medium
glm_ar1,expanding,GUY,2021-07-01,6,0,0.41698793206814283,2021/2022,South America,weak,endemic,medium
glm_ar1,expanding,GUY,2022-01-01,6,0,0.1408936550242549,2022/2023,South America,weak,endemic,medium
glm_ar1,expanding,GUY,2022-07-01,6,0,0.7739135610770709,2022/2023,South America,weak,endemic,medium
glm_ar1,expanding,GUY,2023-01-01,6,0,0.42026201523466117,2023/2024,South America,weak,endemic,medium
glm_ar1,expanding,GUY,2023-07-01,6,0,0.24454331046726954,2023/2024,South America,weak,endemic,medium
glm_ar1,expanding,GUY,2024-01-01,6,-4,0.42070125887180665,2024/2025,South America,weak,endemic,medium
glm_ar1,expanding,GUY,2024-07-01,6,-5,0.32853293764413677,2024/2025,South America,weak,endemic,medium
glm_ar1,expanding,GUY,2025-01-01,6,-4,0.31720047162353665,2025/2026,South America,weak,endemic,medium
glm_ar1,expanding,GUY,2025-07-01,6,-5,0.3894195225303694,2025/2026,South America,weak,endemic,medium
glm_ar1,expanding,GUY,2026-01-01,6,-5,0.23341353295747522,2026/2027,South America,weak,endemic,medium
glm_ar1,expanding,HND,2016-01-01,6,-3,0.15721789578850945,2016/2017,North & Central America,weak,endemic,medium
glm_ar1,expanding,HND,2016-07-01,6,5,1.1443879883884722,2016/2017,North & Central America,weak,endemic,medium
glm_ar1,expanding,HND,2017-01-01,6,1,0.3422328116101569,2017/2018,North & Central America,weak,endemic,medium
glm_ar1,expanding,HND,2017-07-01,6,5,1.1546486038924484,2017/2018,North & Central America,weak,endemic,medium
glm_ar1,expanding,HND,2018-01-01,6,3,0.14018058545118217,2018/2019,North & Central America,weak,endemic,medium
glm_ar1,expanding,HND,2018-07-01,6,0,0.19868344991019105,2018/2019,North & Central America,weak,endemic,medium
glm_ar1,expanding,HND,2019-01-01,6,0,0.5492782457450436,2019/2020,North & Central America,weak,endemic,medium
glm_ar1,expanding,HND,2019-07-01,6,0,0.22203138051908514,2019/2020,North & Central America,weak,endemic,medium
glm_ar1,expanding,HND,2020-01-01,6,0,0.27450451694060435,2020/2021,North & Central America,weak,endemic,medium
glm_ar1,expanding,HND,2020-07-01,6,5,0.22744558009186297,2020/2021,North & Central America,weak,endemic,medium
glm_ar1,expanding,HND,2021-01-01,6,0,0.41618665804274496,2021/2022,North & Central America,weak,endemic,medium
glm_ar1,expanding,HND,2021-07-01,6,3,0.16954488816710023,2021/2022,North & Central America,weak,endemic,medium
glm_ar1,expanding,HND,2022-01-01,6,0,0.3511292527309429,2022/2023,North & Central America,weak,endemic,medium
glm_ar1,expanding,HND,2022-07-01,6,0,0.254146363143942,2022/2023,North & Central America,weak,endemic,medium
glm_ar1,expanding,HND,2023-01-01,6,0,0.2771549704101616,2023/2024,North & Central America,weak,endemic,medium
glm_ar1,expanding,HND,2023-07-01,6,-2,0.23251414654546884,2023/2024,North & Central America,weak,endemic,medium
glm_ar1,expanding,HND,2024-01-01,6,-4,0.6843890696759525,2024/2025,North & Central America,weak,endemic,medium
glm_ar1,expanding,HND,2024-07-01,6,0,0.38787183402435094,2024/2025,North & Central America,weak,endemic,medium
glm_ar1,expanding,HND,2025-01-01,6,4,0.190810101071754,2025/2026,North & Central America,weak,endemic,medium
glm_ar1,expanding,HND,2025-07-01,6,1,0.43823503757082,2025/2026,North & Central America,weak,endemic,medium
glm_ar1,expanding,HND,2026-01-01,6,0,0.25090271689400406,2026/2027,North & Central America,weak,endemic,medium
glm_ar1,expanding,HTI,2018-07-01,6,5,2.433073768935986,2018/2019,Caribbean,moderate,emerging,small
glm_ar1,expanding,HTI,2019-01-01,6,1,2.3428037163971385,2018/2019,Caribbean,moderate,emerging,small
glm_ar1,expanding,HTI,2019-07-01,6,4,2.508627841726312,2019/2020,Caribbean,moderate,emerging,small
glm_ar1,expanding,HTI,2020-01-01,6,5,4.341319661001981,2019/2020,Caribbean,moderate,emerging,small
glm_ar1,expanding,HTI,2020-07-01,6,0,1.290127288773459,2020/2021,Caribbean,moderate,emerging,small
glm_ar1,expanding,HTI,2021-01-01,6,5,1.4866077553626935,2020/2021,Caribbean,moderate,emerging,small
glm_ar1,expanding,HTI,2021-07-01,6,1,0.31557956779349383,2021/2022,Caribbean,moderate,emerging,small
glm_ar1,expanding,HTI,2022-01-01,6,5,1.883440040226936,2021/2022,Caribbean,moderate,emerging,small
glm_ar1,expanding,HTI,2022-07-01,6,1,0.5272715063568391,2022/2023,Caribbean,moderate,emerging,small
glm_ar1,expanding,HTI,2023-01-01,3,1,2.0809979854103857,2022/2023,Caribbean,moderate,emerging,small
glm_ar1,expanding,IDN,2016-01-01,6,0,0.5871906939860644,2015/2016,East & Southeast Asia,weak,endemic,large
glm_ar1,expanding,IDN,2016-07-01,6,0,0.19465911582040318,2015/2016,East & Southeast Asia,weak,endemic,large
glm_ar1,expanding,IDN,2017-01-01,6,5,0.7027838157826753,2016/2017,East & Southeast Asia,weak,endemic,large
glm_ar1,expanding,IDN,2017-07-01,6,0,0.08791742904627424,2016/2017,East & Southeast Asia,weak,endemic,large
glm_ar1,expanding,IDN,2018-01-01,6,2,0.27974147679505795,2017/2018,East & Southeast Asia,weak,endemic,large
glm_ar1,expanding,IDN,2018-07-01,6,-5,0.6727446470215505,2017/2018,East & Southeast Asia,weak,endemic,large
glm_ar1,expanding,IDN,2019-01-01,6,0,0.3401999568887654,2018/2019,East & Southeast Asia,weak,endemic,large
glm_ar1,expanding,IDN,2019-07-01,6,-5,0.40533814160298026,2018/2019,East & Southeast Asia,weak,endemic,large
glm_ar1,expanding,IDN,2020-01-01,6,0,0.3368618349603927,2019/2020,East & Southeast Asia,weak,endemic,large
glm_ar1,expanding,IDN,2020-07-01,6,-5,0.1251284457647781,2019/2020,East & Southeast Asia,weak,endemic,large
glm_ar1,expanding,IDN,2021-01-01,6,-3,0.2313940135691773,2020/2021,East & Southeast Asia,weak,endemic,large
glm_ar1,expanding,IDN,2021-07-01,6,-5,0.6690816257105131,2020/2021,East & Southeast Asia,weak,endemic,large
glm_ar1,expanding,IDN,2022-01-01,6,-5,0.46505986535314364,2021/2022,East & Southeast Asia,weak,endemic,large
glm_ar1,expanding,IDN,2022-07-01,6,-5,0.5028451223815925,2021/2022,East & Southeast Asia,weak,endemic,large
glm_ar1,expanding,IDN,2023-01-01,6,0,0.32501488708786086,2022/2023,East & Southeast Asia,weak,endemic,large
glm_ar1,expanding,IDN,2023-07-01,6,-5,0.8027920319004497,2022/2023,East & Southeast Asia,weak,endemic,large
glm_ar1,expanding,IDN,2024-01-01,6,-1,0.7292696417498857,2023/2024,East & Southeast Asia,weak,endemic,large
glm_ar1,expanding,IDN,2024-07-01,2,NA,NA,2023/2024,East & Southeast Asia,weak,endemic,large
glm_ar1,expanding,IND,2016-01-01,6,-5,0.2582652141847024,2015/2016,South Asia,moderate,endemic,large
glm_ar1,expanding,IND,2016-07-01,6,3,0.21240324746309427,2016/2017,South Asia,moderate,endemic,large
glm_ar1,expanding,IND,2017-01-01,6,0,0.4201953653841186,2016/2017,South Asia,moderate,endemic,large
glm_ar1,expanding,IND,2017-07-01,6,3,0.42331782400796086,2017/2018,South Asia,moderate,endemic,large
glm_ar1,expanding,IND,2018-01-01,6,0,0.3500206068786336,2017/2018,South Asia,moderate,endemic,large
glm_ar1,expanding,IND,2018-07-01,6,-2,0.9854385688859159,2018/2019,South Asia,moderate,endemic,large
glm_ar1,expanding,IND,2019-01-01,6,-5,0.3453454366698308,2018/2019,South Asia,moderate,endemic,large
glm_ar1,expanding,IND,2019-07-01,6,-2,0.5097821606633275,2019/2020,South Asia,moderate,endemic,large
glm_ar1,expanding,IND,2020-01-01,6,-5,0.34555240498814177,2019/2020,South Asia,moderate,endemic,large
glm_ar1,expanding,IND,2020-07-01,6,-5,0.38914944827878634,2020/2021,South Asia,moderate,endemic,large
glm_ar1,expanding,IND,2021-01-01,6,-5,0.37547292730673193,2020/2021,South Asia,moderate,endemic,large
glm_ar1,expanding,IND,2021-07-01,6,-2,0.9995094877192573,2021/2022,South Asia,moderate,endemic,large
glm_ar1,expanding,IND,2022-01-01,6,-5,0.43094049278054875,2021/2022,South Asia,moderate,endemic,large
glm_ar1,expanding,IND,2022-07-01,6,-2,1.0282778915029211,2022/2023,South Asia,moderate,endemic,large
glm_ar1,expanding,IND,2023-01-01,6,-5,0.47199324901740053,2022/2023,South Asia,moderate,endemic,large
glm_ar1,expanding,IND,2023-07-01,6,-2,0.571415179815734,2023/2024,South Asia,moderate,endemic,large
glm_ar1,expanding,IND,2024-01-01,6,-5,0.38518949836413974,2023/2024,South Asia,moderate,endemic,large
glm_ar1,expanding,IND,2024-07-01,6,-2,0.4534284607514582,2024/2025,South Asia,moderate,endemic,large
glm_ar1,expanding,IND,2025-01-01,6,-5,0.2240302242128632,2024/2025,South Asia,moderate,endemic,large
glm_ar1,expanding,IND,2025-07-01,6,-2,0.41023487301601236,2025/2026,South Asia,moderate,endemic,large
glm_ar1,expanding,IND,2026-01-01,6,-5,0.2083231517401083,2025/2026,South Asia,moderate,endemic,large
glm_ar1,expanding,JAM,2016-01-01,6,0,0.4825704273809292,2015/2016,Caribbean,moderate,endemic,very_small
glm_ar1,expanding,JAM,2016-07-01,6,4,2.2805459938773156,2016/2017,Caribbean,moderate,endemic,very_small
glm_ar1,expanding,JAM,2017-01-01,6,2,0.8444814475887806,2016/2017,Caribbean,moderate,endemic,very_small
glm_ar1,expanding,JAM,2017-07-01,6,1,1.5668320493741748,2017/2018,Caribbean,moderate,endemic,very_small
glm_ar1,expanding,JAM,2018-01-01,6,4,0.7664421804196015,2017/2018,Caribbean,moderate,endemic,very_small
glm_ar1,expanding,JAM,2018-07-01,6,0,0.2993549308727313,2018/2019,Caribbean,moderate,endemic,very_small
glm_ar1,expanding,JAM,2019-01-01,6,5,1.4773267399001888,2018/2019,Caribbean,moderate,endemic,very_small
glm_ar1,expanding,JAM,2019-07-01,6,4,0.5873991539862105,2019/2020,Caribbean,moderate,endemic,very_small
glm_ar1,expanding,JAM,2020-01-01,6,5,2.0742396713523727,2019/2020,Caribbean,moderate,endemic,very_small
glm_ar1,expanding,JAM,2020-07-01,6,1,1.6319153587051252,2020/2021,Caribbean,moderate,endemic,very_small
glm_ar1,expanding,JAM,2021-01-01,6,0,2.0177839679843146,2020/2021,Caribbean,moderate,endemic,very_small
glm_ar1,expanding,JAM,2021-07-01,6,1,2.551272673781751,2021/2022,Caribbean,moderate,endemic,very_small
glm_ar1,expanding,JAM,2022-01-01,6,2,1.7297917984718552,2021/2022,Caribbean,moderate,endemic,very_small
glm_ar1,expanding,JAM,2022-07-01,6,1,1.9039033052935679,2022/2023,Caribbean,moderate,endemic,very_small
glm_ar1,expanding,JAM,2023-01-01,6,1,1.2400037648503413,2022/2023,Caribbean,moderate,endemic,very_small
glm_ar1,expanding,JAM,2023-07-01,6,2,0.4805044525728288,2023/2024,Caribbean,moderate,endemic,very_small
glm_ar1,expanding,JAM,2024-01-01,6,4,1.6926838643310107,2023/2024,Caribbean,moderate,endemic,very_small
glm_ar1,expanding,JAM,2024-07-01,6,5,1.3971874764062082,2024/2025,Caribbean,moderate,endemic,very_small
glm_ar1,expanding,JAM,2025-01-01,6,1,1.6711409293623454,2024/2025,Caribbean,moderate,endemic,very_small
glm_ar1,expanding,JAM,2025-07-01,6,2,1.6392641975309254,2025/2026,Caribbean,moderate,endemic,very_small
glm_ar1,expanding,JAM,2026-01-01,6,0,2.1256346343657317,2025/2026,Caribbean,moderate,endemic,very_small
glm_ar1,expanding,KEN,2016-01-01,6,0,2.064162504899221,2015/2016,Sub-Saharan Africa,moderate,emerging,medium
glm_ar1,expanding,KEN,2016-07-01,6,5,0.9631245499664075,2016/2017,Sub-Saharan Africa,moderate,emerging,medium
glm_ar1,expanding,KEN,2017-01-01,1,NA,NA,2016/2017,Sub-Saharan Africa,moderate,emerging,medium
glm_ar1,expanding,KEN,2021-07-01,6,0,1.2118898351747516,2021/2022,Sub-Saharan Africa,moderate,emerging,medium
glm_ar1,expanding,KEN,2022-01-01,1,NA,NA,2021/2022,Sub-Saharan Africa,moderate,emerging,medium
glm_ar1,expanding,KEN,2024-07-01,6,2,0.2572067480279059,2024/2025,Sub-Saharan Africa,moderate,emerging,medium
glm_ar1,expanding,KEN,2025-01-01,6,0,0.9132969125617464,2024/2025,Sub-Saharan Africa,moderate,emerging,medium
glm_ar1,expanding,KEN,2025-07-01,6,0,0.6261843980761725,2025/2026,Sub-Saharan Africa,moderate,emerging,medium
glm_ar1,expanding,KEN,2026-01-01,6,2,0.3201004101197542,2025/2026,Sub-Saharan Africa,moderate,emerging,medium
glm_ar1,expanding,KHM,2016-01-01,6,0,0.24635982326826125,2016/2017,East & Southeast Asia,moderate,endemic,medium
glm_ar1,expanding,KHM,2016-07-01,6,5,1.1232735889780157,2016/2017,East & Southeast Asia,moderate,endemic,medium
glm_ar1,expanding,KHM,2017-01-01,6,0,0.3095988380494699,2017/2018,East & Southeast Asia,moderate,endemic,medium
glm_ar1,expanding,KHM,2017-07-01,6,5,1.118199742838683,2017/2018,East & Southeast Asia,moderate,endemic,medium
glm_ar1,expanding,KHM,2018-01-01,6,0,0.3624977019782083,2018/2019,East & Southeast Asia,moderate,endemic,medium
glm_ar1,expanding,KHM,2018-07-01,6,0,0.09440901316833587,2018/2019,East & Southeast Asia,moderate,endemic,medium
glm_ar1,expanding,KHM,2019-01-01,6,-4,0.5427105188092194,2019/2020,East & Southeast Asia,moderate,endemic,medium
glm_ar1,expanding,KHM,2019-07-01,6,0,0.2719979929110272,2019/2020,East & Southeast Asia,moderate,endemic,medium
glm_ar1,expanding,KHM,2020-01-01,6,0,0.4629551334453286,2020/2021,East & Southeast Asia,moderate,endemic,medium
glm_ar1,expanding,KHM,2020-07-01,6,5,0.5998294203569817,2020/2021,East & Southeast Asia,moderate,endemic,medium
glm_ar1,expanding,KHM,2021-01-01,6,1,1.6414590190772034,2021/2022,East & Southeast Asia,moderate,endemic,medium
glm_ar1,expanding,KHM,2021-07-01,6,3,0.6529336937080371,2021/2022,East & Southeast Asia,moderate,endemic,medium
glm_ar1,expanding,KHM,2022-01-01,6,0,0.3767425745762991,2022/2023,East & Southeast Asia,moderate,endemic,medium
glm_ar1,expanding,KHM,2022-07-01,6,3,0.2977386492881206,2022/2023,East & Southeast Asia,moderate,endemic,medium
glm_ar1,expanding,KHM,2023-01-01,6,0,0.38239913674137466,2023/2024,East & Southeast Asia,moderate,endemic,medium
glm_ar1,expanding,KHM,2023-07-01,6,0,0.0733681225681692,2023/2024,East & Southeast Asia,moderate,endemic,medium
glm_ar1,expanding,KHM,2024-01-01,6,0,0.5363406387044748,2024/2025,East & Southeast Asia,moderate,endemic,medium
glm_ar1,expanding,KHM,2024-07-01,6,5,0.30207970365968556,2024/2025,East & Southeast Asia,moderate,endemic,medium
glm_ar1,expanding,KHM,2025-01-01,6,0,0.602949134488764,2025/2026,East & Southeast Asia,moderate,endemic,medium
glm_ar1,expanding,KHM,2025-07-01,6,0,0.1133270897326933,2025/2026,East & Southeast Asia,moderate,endemic,medium
glm_ar1,expanding,KHM,2026-01-01,6,0,0.44653815305130123,2026/2027,East & Southeast Asia,moderate,endemic,medium
glm_ar1,expanding,KIR,2017-07-01,6,0,1.6612610105483192,2017/2018,Pacific Islands,moderate,emerging,very_small
glm_ar1,expanding,KIR,2018-01-01,6,5,1.2576062696461714,2017/2018,Pacific Islands,moderate,emerging,very_small
glm_ar1,expanding,KIR,2018-07-01,6,1,1.2514644506756238,2018/2019,Pacific Islands,moderate,emerging,very_small
glm_ar1,expanding,KIR,2019-01-01,2,NA,NA,2018/2019,Pacific Islands,moderate,emerging,very_small
glm_ar1,expanding,KIR,2024-07-01,6,2,3.499138936056729,2024/2025,Pacific Islands,moderate,emerging,very_small
glm_ar1,expanding,KIR,2025-01-01,6,0,0.42018025850870955,2024/2025,Pacific Islands,moderate,emerging,very_small
glm_ar1,expanding,KIR,2025-07-01,6,4,2.924016352127216,2025/2026,Pacific Islands,moderate,emerging,very_small
glm_ar1,expanding,KIR,2026-01-01,6,2,1.257194679859678,2025/2026,Pacific Islands,moderate,emerging,very_small
glm_ar1,expanding,KNA,2016-07-01,6,3,0.5817949869107868,2016/2017,Caribbean,strong,emerging,very_small
glm_ar1,expanding,KNA,2017-01-01,2,NA,NA,2016/2017,Caribbean,strong,emerging,very_small
glm_ar1,expanding,KNA,2019-07-01,6,0,1.7323123720229783,2019/2020,Caribbean,strong,emerging,very_small
glm_ar1,expanding,KNA,2020-01-01,2,NA,NA,2019/2020,Caribbean,strong,emerging,very_small
glm_ar1,expanding,KNA,2023-07-01,6,2,0.7901068705178064,2023/2024,Caribbean,strong,emerging,very_small
glm_ar1,expanding,KNA,2024-01-01,6,1,3.2124736575528083,2023/2024,Caribbean,strong,emerging,very_small
glm_ar1,expanding,KNA,2024-07-01,6,3,2.679238220501983,2024/2025,Caribbean,strong,emerging,very_small
glm_ar1,expanding,KNA,2025-01-01,6,5,3.123168210161771,2024/2025,Caribbean,strong,emerging,very_small
glm_ar1,expanding,KNA,2025-07-01,6,4,2.395016248587948,2025/2026,Caribbean,strong,emerging,very_small
glm_ar1,expanding,KNA,2026-01-01,6,4,2.820349858236366,2025/2026,Caribbean,strong,emerging,very_small
glm_ar1,expanding,LAO,2016-01-01,6,0,0.4410883500397977,2016/2017,East & Southeast Asia,strong,endemic,medium
glm_ar1,expanding,LAO,2016-07-01,6,3,0.8506332369036564,2016/2017,East & Southeast Asia,strong,endemic,medium
glm_ar1,expanding,LAO,2017-01-01,6,0,0.5313134851835344,2017/2018,East & Southeast Asia,strong,endemic,medium
glm_ar1,expanding,LAO,2017-07-01,6,5,1.2056564887370127,2017/2018,East & Southeast Asia,strong,endemic,medium
glm_ar1,expanding,LAO,2018-01-01,6,0,0.3336591176280559,2018/2019,East & Southeast Asia,strong,endemic,medium
glm_ar1,expanding,LAO,2018-07-01,6,5,0.9172724432500808,2018/2019,East & Southeast Asia,strong,endemic,medium
glm_ar1,expanding,LAO,2019-01-01,6,0,0.42008336352447967,2019/2020,East & Southeast Asia,strong,endemic,medium
glm_ar1,expanding,LAO,2019-07-01,6,0,0.5225747809769502,2019/2020,East & Southeast Asia,strong,endemic,medium
glm_ar1,expanding,LAO,2020-01-01,6,0,0.3329220404033472,2020/2021,East & Southeast Asia,strong,endemic,medium
glm_ar1,expanding,LAO,2020-07-01,6,5,0.8535010043738641,2020/2021,East & Southeast Asia,strong,endemic,medium
glm_ar1,expanding,LAO,2021-01-01,6,0,1.2124011273435198,2021/2022,East & Southeast Asia,strong,endemic,medium
glm_ar1,expanding,LAO,2021-07-01,6,5,2.040247593882389,2021/2022,East & Southeast Asia,strong,endemic,medium
glm_ar1,expanding,LAO,2022-01-01,6,0,0.6417135383817759,2022/2023,East & Southeast Asia,strong,endemic,medium
glm_ar1,expanding,LAO,2022-07-01,6,0,0.42899656699682215,2022/2023,East & Southeast Asia,strong,endemic,medium
glm_ar1,expanding,LAO,2023-01-01,6,0,0.40630383038335477,2023/2024,East & Southeast Asia,strong,endemic,medium
glm_ar1,expanding,LAO,2023-07-01,6,0,0.3579186136707638,2023/2024,East & Southeast Asia,strong,endemic,medium
glm_ar1,expanding,LAO,2024-01-01,6,0,0.21477692022513187,2024/2025,East & Southeast Asia,strong,endemic,medium
glm_ar1,expanding,LAO,2024-07-01,6,0,0.57446614279621,2024/2025,East & Southeast Asia,strong,endemic,medium
glm_ar1,expanding,LAO,2025-01-01,6,0,0.4212697591842878,2025/2026,East & Southeast Asia,strong,endemic,medium
glm_ar1,expanding,LAO,2025-07-01,6,5,0.5431175905431148,2025/2026,East & Southeast Asia,strong,endemic,medium
glm_ar1,expanding,LAO,2026-01-01,6,0,0.5594965308525136,2026/2027,East & Southeast Asia,strong,endemic,medium
glm_ar1,expanding,LCA,2016-01-01,6,0,2.374281023298394,2015/2016,Caribbean,strong,emerging,very_small
glm_ar1,expanding,LCA,2016-07-01,6,4,0.9673278671407674,2016/2017,Caribbean,strong,emerging,very_small
glm_ar1,expanding,LCA,2017-01-01,6,0,1.051293453067329,2016/2017,Caribbean,strong,emerging,very_small
glm_ar1,expanding,LCA,2017-07-01,6,4,0.7171030547911371,2017/2018,Caribbean,strong,emerging,very_small
glm_ar1,expanding,LCA,2018-01-01,6,0,0.903047871670238,2017/2018,Caribbean,strong,emerging,very_small
glm_ar1,expanding,LCA,2018-07-01,6,4,3.1223039478685948,2018/2019,Caribbean,strong,emerging,very_small
glm_ar1,expanding,LCA,2019-01-01,1,NA,NA,2018/2019,Caribbean,strong,emerging,very_small
glm_ar1,expanding,LCA,2020-07-01,6,4,1.2083234724038714,2020/2021,Caribbean,strong,emerging,very_small
glm_ar1,expanding,LCA,2021-01-01,1,NA,NA,2020/2021,Caribbean,strong,emerging,very_small
glm_ar1,expanding,LCA,2023-07-01,6,4,2.3980863811471615,2023/2024,Caribbean,strong,emerging,very_small
glm_ar1,expanding,LCA,2024-01-01,6,0,1.6793757217146688,2023/2024,Caribbean,strong,emerging,very_small
glm_ar1,expanding,LCA,2024-07-01,6,4,1.6575186073318726,2024/2025,Caribbean,strong,emerging,very_small
glm_ar1,expanding,LCA,2025-01-01,6,5,2.8136058847423224,2024/2025,Caribbean,strong,emerging,very_small
glm_ar1,expanding,LCA,2025-07-01,5,3,3.3530845965834386,2025/2026,Caribbean,strong,emerging,very_small
glm_ar1,expanding,LCA,2026-01-01,6,4,2.432974566120238,2025/2026,Caribbean,strong,emerging,very_small
glm_ar1,expanding,LKA,2016-01-01,6,-5,0.2662871271725297,2016/2017,South Asia,weak,endemic,small
glm_ar1,expanding,LKA,2016-07-01,6,0,0.5202815823586003,2016/2017,South Asia,weak,endemic,small
glm_ar1,expanding,LKA,2017-01-01,6,0,0.23680333081912167,2017/2018,South Asia,weak,endemic,small
glm_ar1,expanding,LKA,2017-07-01,6,0,1.2349075520087547,2017/2018,South Asia,weak,endemic,small
glm_ar1,expanding,LKA,2018-01-01,6,0,0.5128813073808183,2018/2019,South Asia,weak,endemic,small
glm_ar1,expanding,LKA,2018-07-01,6,-5,0.3316024291460932,2018/2019,South Asia,weak,endemic,small
glm_ar1,expanding,LKA,2019-01-01,6,-5,0.5014508095775598,2019/2020,South Asia,weak,endemic,small
glm_ar1,expanding,LKA,2019-07-01,6,-5,0.7256106196743902,2019/2020,South Asia,weak,endemic,small
glm_ar1,expanding,LKA,2020-01-01,6,0,0.5300899976146587,2020/2021,South Asia,weak,endemic,small
glm_ar1,expanding,LKA,2020-07-01,6,0,0.34559910990691384,2020/2021,South Asia,weak,endemic,small
glm_ar1,expanding,LKA,2021-01-01,6,0,0.14373881617361892,2021/2022,South Asia,weak,endemic,small
glm_ar1,expanding,LKA,2021-07-01,6,-4,0.43008174113479886,2021/2022,South Asia,weak,endemic,small
glm_ar1,expanding,LKA,2022-01-01,6,-5,0.45482591498940456,2022/2023,South Asia,weak,endemic,small
glm_ar1,expanding,LKA,2022-07-01,6,-4,0.3156856679656304,2022/2023,South Asia,weak,endemic,small
glm_ar1,expanding,LKA,2023-01-01,6,-4,0.38651462926677604,2023/2024,South Asia,weak,endemic,small
glm_ar1,expanding,LKA,2023-07-01,6,-4,0.4287364845999062,2023/2024,South Asia,weak,endemic,small
glm_ar1,expanding,LKA,2024-01-01,6,0,0.1569863693481568,2024/2025,South Asia,weak,endemic,small
glm_ar1,expanding,LKA,2024-07-01,6,-5,0.12296375009953693,2024/2025,South Asia,weak,endemic,small
glm_ar1,expanding,LKA,2025-01-01,6,-3,0.24230646111784493,2025/2026,South Asia,weak,endemic,small
glm_ar1,expanding,LKA,2025-07-01,6,-5,0.30002126946415936,2025/2026,South Asia,weak,endemic,small
glm_ar1,expanding,LKA,2026-01-01,6,-3,0.226401752569664,2026/2027,South Asia,weak,endemic,small
glm_ar1,expanding,MAF,2016-01-01,6,5,2.438591756210994,2015/2016,Caribbean,weak,endemic,very_small
glm_ar1,expanding,MAF,2016-07-01,6,2,0.38164371290046567,2016/2017,Caribbean,weak,endemic,very_small
glm_ar1,expanding,MAF,2017-01-01,6,5,1.2366361757626902,2016/2017,Caribbean,weak,endemic,very_small
glm_ar1,expanding,MAF,2017-07-01,6,2,0.5360517573647638,2017/2018,Caribbean,weak,endemic,very_small
glm_ar1,expanding,MAF,2018-01-01,6,2,0.7939660345560235,2017/2018,Caribbean,weak,endemic,very_small
glm_ar1,expanding,MAF,2018-07-01,6,0,2.127836415726483,2018/2019,Caribbean,weak,endemic,very_small
glm_ar1,expanding,MAF,2019-01-01,6,5,2.51366658160971,2018/2019,Caribbean,weak,endemic,very_small
glm_ar1,expanding,MAF,2019-07-01,6,0,0.5687559378946577,2019/2020,Caribbean,weak,endemic,very_small
glm_ar1,expanding,MAF,2020-01-01,6,5,1.1742733896379276,2019/2020,Caribbean,weak,endemic,very_small
glm_ar1,expanding,MAF,2020-07-01,6,5,1.3031773809091898,2020/2021,Caribbean,weak,endemic,very_small
glm_ar1,expanding,MAF,2021-01-01,4,3,3.378787076445167,2020/2021,Caribbean,weak,endemic,very_small
glm_ar1,expanding,MAF,2022-07-01,6,2,2.3789841131378022,2022/2023,Caribbean,weak,endemic,very_small
glm_ar1,expanding,MAF,2023-01-01,6,1,1.6584872774156585,2022/2023,Caribbean,weak,endemic,very_small
glm_ar1,expanding,MAF,2023-07-01,6,2,0.43216754842971605,2023/2024,Caribbean,weak,endemic,very_small
glm_ar1,expanding,MAF,2024-01-01,6,5,2.6116098076331564,2023/2024,Caribbean,weak,endemic,very_small
glm_ar1,expanding,MAF,2024-07-01,6,0,1.4552785986449834,2024/2025,Caribbean,weak,endemic,very_small
glm_ar1,expanding,MAF,2025-01-01,6,2,2.4833719278287503,2024/2025,Caribbean,weak,endemic,very_small
glm_ar1,expanding,MAF,2025-07-01,6,4,2.7838000624926895,2025/2026,Caribbean,weak,endemic,very_small
glm_ar1,expanding,MAF,2026-01-01,6,1,2.09725143881151,2025/2026,Caribbean,weak,endemic,very_small
glm_ar1,expanding,MDV,2016-01-01,6,1,0.7416705363076659,2016/2017,South Asia,weak,endemic,very_small
glm_ar1,expanding,MDV,2016-07-01,6,5,1.6080432488459548,2016/2017,South Asia,weak,endemic,very_small
glm_ar1,expanding,MDV,2017-01-01,6,0,0.5082235277162028,2017/2018,South Asia,weak,endemic,very_small
glm_ar1,expanding,MDV,2017-07-01,6,0,0.5108332138790773,2017/2018,South Asia,weak,endemic,very_small
glm_ar1,expanding,MDV,2018-01-01,6,0,0.45268728746458803,2018/2019,South Asia,weak,endemic,very_small
glm_ar1,expanding,MDV,2018-07-01,6,0,0.7562770236146958,2018/2019,South Asia,weak,endemic,very_small
glm_ar1,expanding,MDV,2019-01-01,6,0,0.736088942384416,2019/2020,South Asia,weak,endemic,very_small
glm_ar1,expanding,MDV,2019-07-01,6,5,1.0813215074244025,2019/2020,South Asia,weak,endemic,very_small
glm_ar1,expanding,MDV,2020-01-01,6,5,2.293400830971324,2020/2021,South Asia,weak,endemic,very_small
glm_ar1,expanding,MDV,2020-07-01,6,0,1.1137272403201486,2020/2021,South Asia,weak,endemic,very_small
glm_ar1,expanding,MDV,2021-01-01,6,0,0.8820783970428548,2021/2022,South Asia,weak,endemic,very_small
glm_ar1,expanding,MDV,2021-07-01,6,5,1.637585771604395,2021/2022,South Asia,weak,endemic,very_small
glm_ar1,expanding,MDV,2022-01-01,6,0,0.45549093315641276,2022/2023,South Asia,weak,endemic,very_small
glm_ar1,expanding,MDV,2022-07-01,6,3,0.9056673304225148,2022/2023,South Asia,weak,endemic,very_small
glm_ar1,expanding,MDV,2023-01-01,6,1,0.6275378456374717,2023/2024,South Asia,weak,endemic,very_small
glm_ar1,expanding,MDV,2023-07-01,6,5,1.2658036834924293,2023/2024,South Asia,weak,endemic,very_small
glm_ar1,expanding,MDV,2024-01-01,6,2,0.5271637963361938,2024/2025,South Asia,weak,endemic,very_small
glm_ar1,expanding,MDV,2024-07-01,6,5,1.8002609816383037,2024/2025,South Asia,weak,endemic,very_small
glm_ar1,expanding,MDV,2025-01-01,6,0,0.9006892256407758,2025/2026,South Asia,weak,endemic,very_small
glm_ar1,expanding,MDV,2025-07-01,6,0,0.3221480252275777,2025/2026,South Asia,weak,endemic,very_small
glm_ar1,expanding,MDV,2026-01-01,6,3,1.0014060535491185,2026/2027,South Asia,weak,endemic,very_small
glm_ar1,expanding,MEX,2016-01-01,6,-5,0.45408484061378074,2016/2017,North & Central America,moderate,endemic,large
glm_ar1,expanding,MEX,2016-07-01,6,3,0.4721078125157696,2016/2017,North & Central America,moderate,endemic,large
glm_ar1,expanding,MEX,2017-01-01,6,0,0.13410127675983952,2017/2018,North & Central America,moderate,endemic,large
glm_ar1,expanding,MEX,2017-07-01,6,3,0.46426868214102796,2017/2018,North & Central America,moderate,endemic,large
glm_ar1,expanding,MEX,2018-01-01,6,0,0.15323687355557455,2018/2019,North & Central America,moderate,endemic,large
glm_ar1,expanding,MEX,2018-07-01,6,-2,0.4155814683245496,2018/2019,North & Central America,moderate,endemic,large
glm_ar1,expanding,MEX,2019-01-01,6,-5,0.5137796076825247,2019/2020,North & Central America,moderate,endemic,large
glm_ar1,expanding,MEX,2019-07-01,6,-1,0.9431937196458341,2019/2020,North & Central America,moderate,endemic,large
glm_ar1,expanding,MEX,2020-01-01,6,-5,0.3551944317703897,2020/2021,North & Central America,moderate,endemic,large
glm_ar1,expanding,MEX,2020-07-01,6,-2,0.4869966082257531,2020/2021,North & Central America,moderate,endemic,large
glm_ar1,expanding,MEX,2021-01-01,6,0,0.29007946954013447,2021/2022,North & Central America,moderate,endemic,large
glm_ar1,expanding,MEX,2021-07-01,6,-2,0.26152035763164877,2021/2022,North & Central America,moderate,endemic,large
glm_ar1,expanding,MEX,2022-01-01,6,0,0.29921557652483805,2022/2023,North & Central America,moderate,endemic,large
glm_ar1,expanding,MEX,2022-07-01,6,-2,0.3400948117142368,2022/2023,North & Central America,moderate,endemic,large
glm_ar1,expanding,MEX,2023-01-01,6,-5,0.5276307201605339,2023/2024,North & Central America,moderate,endemic,large
glm_ar1,expanding,MEX,2023-07-01,6,-2,1.0751526828151903,2023/2024,North & Central America,moderate,endemic,large
glm_ar1,expanding,MEX,2024-01-01,6,-5,0.9275555162588788,2024/2025,North & Central America,moderate,endemic,large
glm_ar1,expanding,MEX,2024-07-01,6,-1,0.6542667080940846,2024/2025,North & Central America,moderate,endemic,large
glm_ar1,expanding,MEX,2025-01-01,6,-4,0.4142604185044534,2025/2026,North & Central America,moderate,endemic,large
glm_ar1,expanding,MEX,2025-07-01,6,-2,0.38579733425740387,2025/2026,North & Central America,moderate,endemic,large
glm_ar1,expanding,MEX,2026-01-01,6,-5,0.31539346396537365,2026/2027,North & Central America,moderate,endemic,large
glm_ar1,expanding,MHL,2018-07-01,6,0,1.4289632541338635,2018/2019,Pacific Islands,strong,emerging,very_small
glm_ar1,expanding,MHL,2019-01-01,6,4,2.0265533450421516,2018/2019,Pacific Islands,strong,emerging,very_small
glm_ar1,expanding,MHL,2019-07-01,6,0,0.19485228800396706,2019/2020,Pacific Islands,strong,emerging,very_small
glm_ar1,expanding,MHL,2020-01-01,6,5,1.82072351517862,2019/2020,Pacific Islands,strong,emerging,very_small
glm_ar1,expanding,MHL,2020-07-01,6,2,1.64192514569446,2020/2021,Pacific Islands,strong,emerging,very_small
glm_ar1,expanding,MHL,2021-01-01,4,2,3.232079630884011,2020/2021,Pacific Islands,strong,emerging,very_small
glm_ar1,expanding,MHL,2022-07-01,6,1,0.9723185142090912,2022/2023,Pacific Islands,strong,emerging,very_small
glm_ar1,expanding,MHL,2023-01-01,4,2,3.000965604560828,2022/2023,Pacific Islands,strong,emerging,very_small
glm_ar1,expanding,MHL,2025-01-01,6,5,3.2572880361979455,2024/2025,Pacific Islands,strong,emerging,very_small
glm_ar1,expanding,MHL,2025-07-01,6,5,3.2429489711266797,2025/2026,Pacific Islands,strong,emerging,very_small
glm_ar1,expanding,MHL,2026-01-01,6,5,3.2471185296499545,2025/2026,Pacific Islands,strong,emerging,very_small
glm_ar1,expanding,MMR,2016-01-01,6,1,1.8010701392153026,2016/2017,East & Southeast Asia,strong,emerging,medium
glm_ar1,expanding,MMR,2016-07-01,6,5,1.7152929096803897,2016/2017,East & Southeast Asia,strong,emerging,medium
glm_ar1,expanding,MMR,2017-01-01,6,1,2.9572526191919652,2017/2018,East & Southeast Asia,strong,emerging,medium
glm_ar1,expanding,MMR,2017-07-01,6,5,1.261775361941929,2017/2018,East & Southeast Asia,strong,emerging,medium
glm_ar1,expanding,MMR,2018-01-01,6,1,1.1328663347796788,2018/2019,East & Southeast Asia,strong,emerging,medium
glm_ar1,expanding,MMR,2018-07-01,6,0,0.9326723755460286,2018/2019,East & Southeast Asia,strong,emerging,medium
glm_ar1,expanding,MMR,2019-01-01,6,0,0.7534282976593202,2019/2020,East & Southeast Asia,strong,emerging,medium
glm_ar1,expanding,MMR,2019-07-01,6,0,0.9322412234174949,2019/2020,East & Southeast Asia,strong,emerging,medium
glm_ar1,expanding,MMR,2020-01-01,6,0,0.6121545875933496,2020/2021,East & Southeast Asia,strong,emerging,medium
glm_ar1,expanding,MMR,2020-07-01,6,0,1.0642907927529925,2020/2021,East & Southeast Asia,strong,emerging,medium
glm_ar1,expanding,MMR,2021-01-01,6,0,0.5151136644271966,2021/2022,East & Southeast Asia,strong,emerging,medium
glm_ar1,expanding,MMR,2021-07-01,6,5,1.4534932280432198,2021/2022,East & Southeast Asia,strong,emerging,medium
glm_ar1,expanding,MMR,2022-01-01,6,0,0.8075750112703465,2022/2023,East & Southeast Asia,strong,emerging,medium
glm_ar1,expanding,MMR,2022-07-01,6,0,0.9334288588312937,2022/2023,East & Southeast Asia,strong,emerging,medium
glm_ar1,expanding,MMR,2023-01-01,6,0,0.68364466995784,2023/2024,East & Southeast Asia,strong,emerging,medium
glm_ar1,expanding,MMR,2023-07-01,6,0,0.6496868076562035,2023/2024,East & Southeast Asia,strong,emerging,medium
glm_ar1,expanding,MMR,2024-01-01,6,0,0.31413846057963585,2024/2025,East & Southeast Asia,strong,emerging,medium
glm_ar1,expanding,MMR,2024-07-01,6,5,0.9826555312627363,2024/2025,East & Southeast Asia,strong,emerging,medium
glm_ar1,expanding,MMR,2025-01-01,6,0,0.34917089533300033,2025/2026,East & Southeast Asia,strong,emerging,medium
glm_ar1,expanding,MMR,2025-07-01,6,0,0.8080873994561107,2025/2026,East & Southeast Asia,strong,emerging,medium
glm_ar1,expanding,MMR,2026-01-01,6,0,0.4023068904930689,2026/2027,East & Southeast Asia,strong,emerging,medium
glm_ar1,expanding,MRT,2017-07-01,6,3,0.24129666092799737,2017/2018,Sub-Saharan Africa,moderate,emerging,large
glm_ar1,expanding,MRT,2018-01-01,3,2,1.0307810093850185,2017/2018,Sub-Saharan Africa,moderate,emerging,large
glm_ar1,expanding,MRT,2023-07-01,6,0,0.40956665253914065,2023/2024,Sub-Saharan Africa,moderate,emerging,large
glm_ar1,expanding,MRT,2024-01-01,6,5,1.3790508423905559,2023/2024,Sub-Saharan Africa,moderate,emerging,large
glm_ar1,expanding,MRT,2024-07-01,6,3,0.9130098822704674,2024/2025,Sub-Saharan Africa,moderate,emerging,large
glm_ar1,expanding,MRT,2025-01-01,6,1,1.6963231361996722,2024/2025,Sub-Saharan Africa,moderate,emerging,large
glm_ar1,expanding,MRT,2025-07-01,6,3,1.1862619501530782,2025/2026,Sub-Saharan Africa,moderate,emerging,large
glm_ar1,expanding,MRT,2026-01-01,6,0,1.9344042799495245,2025/2026,Sub-Saharan Africa,moderate,emerging,large
glm_ar1,expanding,MTQ,2016-01-01,6,5,3.0595499258060226,2015/2016,Caribbean,moderate,emerging,very_small
glm_ar1,expanding,MTQ,2016-07-01,6,3,0.4274455920491631,2016/2017,Caribbean,moderate,emerging,very_small
glm_ar1,expanding,MTQ,2017-01-01,6,5,1.14473550494956,2016/2017,Caribbean,moderate,emerging,very_small
glm_ar1,expanding,MTQ,2017-07-01,6,0,1.0479611527635502,2017/2018,Caribbean,moderate,emerging,very_small
glm_ar1,expanding,MTQ,2018-01-01,6,5,4.494767607524788,2017/2018,Caribbean,moderate,emerging,very_small
glm_ar1,expanding,MTQ,2018-07-01,6,0,1.4867255191805258,2018/2019,Caribbean,moderate,emerging,very_small
glm_ar1,expanding,MTQ,2019-01-01,6,5,1.8157595412385907,2018/2019,Caribbean,moderate,emerging,very_small
glm_ar1,expanding,MTQ,2019-07-01,6,0,0.34240530205499126,2019/2020,Caribbean,moderate,emerging,very_small
glm_ar1,expanding,MTQ,2020-01-01,6,0,0.16423753800381724,2019/2020,Caribbean,moderate,emerging,very_small
glm_ar1,expanding,MTQ,2020-07-01,6,4,0.5992758161960168,2020/2021,Caribbean,moderate,emerging,very_small
glm_ar1,expanding,MTQ,2021-01-01,6,5,3.707001141312381,2020/2021,Caribbean,moderate,emerging,very_small
glm_ar1,expanding,MTQ,2021-07-01,6,0,1.562193774521715,2021/2022,Caribbean,moderate,emerging,very_small
glm_ar1,expanding,MTQ,2022-01-01,6,5,2.4969118278336606,2021/2022,Caribbean,moderate,emerging,very_small
glm_ar1,expanding,MTQ,2022-07-01,6,0,0.9627932126757361,2022/2023,Caribbean,moderate,emerging,very_small
glm_ar1,expanding,MTQ,2023-01-01,6,0,0.34372230471887405,2022/2023,Caribbean,moderate,emerging,very_small
glm_ar1,expanding,MTQ,2023-07-01,6,4,0.3110973606221068,2023/2024,Caribbean,moderate,emerging,very_small
glm_ar1,expanding,MTQ,2024-01-01,6,5,0.882117916665762,2023/2024,Caribbean,moderate,emerging,very_small
glm_ar1,expanding,MTQ,2024-07-01,6,4,1.2553901146810995,2024/2025,Caribbean,moderate,emerging,very_small
glm_ar1,expanding,MTQ,2025-01-01,6,4,1.8950491006537753,2024/2025,Caribbean,moderate,emerging,very_small
glm_ar1,expanding,MTQ,2025-07-01,6,0,0.5407845417453795,2025/2026,Caribbean,moderate,emerging,very_small
glm_ar1,expanding,MTQ,2026-01-01,6,4,1.651113043539997,2025/2026,Caribbean,moderate,emerging,very_small
glm_ar1,expanding,MYS,2016-01-01,6,0,0.4000054720666573,2016/2017,East & Southeast Asia,weak,endemic,medium
glm_ar1,expanding,MYS,2016-07-01,6,0,0.31204225033464733,2016/2017,East & Southeast Asia,weak,endemic,medium
glm_ar1,expanding,MYS,2017-01-01,6,3,0.15525628991857335,2017/2018,East & Southeast Asia,weak,endemic,medium
glm_ar1,expanding,MYS,2017-07-01,6,1,0.4615533836114625,2017/2018,East & Southeast Asia,weak,endemic,medium
glm_ar1,expanding,MYS,2018-01-01,6,0,0.09700928240013222,2018/2019,East & Southeast Asia,weak,endemic,medium
glm_ar1,expanding,MYS,2018-07-01,6,-5,0.6464439342900727,2018/2019,East & Southeast Asia,weak,endemic,medium
glm_ar1,expanding,MYS,2019-01-01,6,-5,0.6321575357409669,2019/2020,East & Southeast Asia,weak,endemic,medium
glm_ar1,expanding,MYS,2019-07-01,6,-5,0.6519066190441452,2019/2020,East & Southeast Asia,weak,endemic,medium
glm_ar1,expanding,MYS,2020-01-01,6,0,0.35414351427874813,2020/2021,East & Southeast Asia,weak,endemic,medium
glm_ar1,expanding,MYS,2020-07-01,6,0,0.07737689369151186,2020/2021,East & Southeast Asia,weak,endemic,medium
glm_ar1,expanding,MYS,2021-01-01,6,-4,0.14858830391003766,2021/2022,East & Southeast Asia,weak,endemic,medium
glm_ar1,expanding,MYS,2021-07-01,6,0,0.08936594137194809,2021/2022,East & Southeast Asia,weak,endemic,medium
glm_ar1,expanding,MYS,2022-01-01,6,-5,0.3206319839791148,2022/2023,East & Southeast Asia,weak,endemic,medium
glm_ar1,expanding,MYS,2022-07-01,6,-5,0.5034504746523537,2022/2023,East & Southeast Asia,weak,endemic,medium
glm_ar1,expanding,MYS,2023-01-01,6,-5,0.48705058644081456,2023/2024,East & Southeast Asia,weak,endemic,medium
glm_ar1,expanding,MYS,2023-07-01,6,-5,0.8082932833911798,2023/2024,East & Southeast Asia,weak,endemic,medium
glm_ar1,expanding,MYS,2024-01-01,6,0,0.43681859818902274,2024/2025,East & Southeast Asia,weak,endemic,medium
glm_ar1,expanding,MYS,2024-07-01,6,0,0.15138300202230873,2024/2025,East & Southeast Asia,weak,endemic,medium
glm_ar1,expanding,MYS,2025-01-01,6,-2,0.14825557675202047,2025/2026,East & Southeast Asia,weak,endemic,medium
glm_ar1,expanding,MYS,2025-07-01,6,-5,0.17010198580941593,2025/2026,East & Southeast Asia,weak,endemic,medium
glm_ar1,expanding,MYS,2026-01-01,6,-3,0.2994079825473784,2026/2027,East & Southeast Asia,weak,endemic,medium
glm_ar1,expanding,NCL,2017-01-01,6,3,0.38802787709497105,2016/2017,Pacific Islands,weak,emerging,very_small
glm_ar1,expanding,NCL,2017-07-01,6,0,1.8565293016473408,2016/2017,Pacific Islands,weak,emerging,very_small
glm_ar1,expanding,NCL,2018-01-01,6,3,0.3347100490194792,2017/2018,Pacific Islands,weak,emerging,very_small
glm_ar1,expanding,NCL,2018-07-01,6,0,0.5441318908435157,2017/2018,Pacific Islands,weak,emerging,very_small
glm_ar1,expanding,NCL,2019-01-01,6,4,0.74330718875464,2018/2019,Pacific Islands,weak,emerging,very_small
glm_ar1,expanding,NCL,2019-07-01,6,5,3.2068266735281035,2018/2019,Pacific Islands,weak,emerging,very_small
glm_ar1,expanding,NCL,2020-01-01,6,2,2.931953202911681,2019/2020,Pacific Islands,weak,emerging,very_small
glm_ar1,expanding,NCL,2020-07-01,6,0,1.6189359504968912,2019/2020,Pacific Islands,weak,emerging,very_small
glm_ar1,expanding,NCL,2021-01-01,6,2,2.4438089040218602,2020/2021,Pacific Islands,weak,emerging,very_small
glm_ar1,expanding,NCL,2021-07-01,6,1,2.5101344684781215,2020/2021,Pacific Islands,weak,emerging,very_small
glm_ar1,expanding,NCL,2022-01-01,6,0,1.8336379036263768,2021/2022,Pacific Islands,weak,emerging,very_small
glm_ar1,expanding,NCL,2022-07-01,6,4,1.0942837278623,2021/2022,Pacific Islands,weak,emerging,very_small
glm_ar1,expanding,NCL,2023-01-01,6,4,3.5622362635429314,2022/2023,Pacific Islands,weak,emerging,very_small
glm_ar1,expanding,NCL,2023-07-01,1,NA,NA,2022/2023,Pacific Islands,weak,emerging,very_small
glm_ar1,expanding,NCL,2025-01-01,6,3,3.1079747470956076,2024/2025,Pacific Islands,weak,emerging,very_small
glm_ar1,expanding,NCL,2025-07-01,6,0,1.467418174964667,2024/2025,Pacific Islands,weak,emerging,very_small
glm_ar1,expanding,NCL,2026-01-01,6,3,0.8379342403777033,2025/2026,Pacific Islands,weak,emerging,very_small
glm_ar1,expanding,NIC,2016-01-01,6,-5,0.5077396420068229,2015/2016,North & Central America,weak,endemic,medium
glm_ar1,expanding,NIC,2016-07-01,6,5,0.949362530638142,2016/2017,North & Central America,weak,endemic,medium
glm_ar1,expanding,NIC,2017-01-01,6,5,0.08944836356079033,2016/2017,North & Central America,weak,endemic,medium
glm_ar1,expanding,NIC,2017-07-01,6,5,0.6794068774245625,2017/2018,North & Central America,weak,endemic,medium
glm_ar1,expanding,NIC,2018-01-01,6,0,0.17669489501457836,2017/2018,North & Central America,weak,endemic,medium
glm_ar1,expanding,NIC,2018-07-01,6,-1,0.7031419208111201,2018/2019,North & Central America,weak,endemic,medium
glm_ar1,expanding,NIC,2019-01-01,6,-5,0.49586993167193993,2018/2019,North & Central America,weak,endemic,medium
glm_ar1,expanding,NIC,2019-07-01,6,-1,0.6399622159692034,2019/2020,North & Central America,weak,endemic,medium
glm_ar1,expanding,NIC,2020-01-01,6,0,0.11220617784926379,2019/2020,North & Central America,weak,endemic,medium
glm_ar1,expanding,NIC,2020-07-01,6,-3,0.2726560746970878,2020/2021,North & Central America,weak,endemic,medium
glm_ar1,expanding,NIC,2021-01-01,6,0,0.04722476004484544,2020/2021,North & Central America,weak,endemic,medium
glm_ar1,expanding,NIC,2021-07-01,6,-5,0.14146889761944323,2021/2022,North & Central America,weak,endemic,medium
glm_ar1,expanding,NIC,2022-01-01,6,-5,0.30812122594245017,2021/2022,North & Central America,weak,endemic,medium
glm_ar1,expanding,NIC,2022-07-01,6,-2,0.5428627774383106,2022/2023,North & Central America,weak,endemic,medium
glm_ar1,expanding,NIC,2023-01-01,6,-4,0.77328712756622775,2022/2023,North & Central America,weak,endemic,medium
glm_ar1,expanding,NIC,2023-07-01,6,-2,0.6057260522374889,2023/2024,North & Central America,weak,endemic,medium
glm_ar1,expanding,NIC,2024-01-01,1,NA,NA,2023/2024,North & Central America,weak,endemic,medium
glm_ar1,expanding,NPL,2016-01-01,6,0,1.462212480600905,2015/2016,South Asia,strong,endemic,medium
glm_ar1,expanding,NPL,2016-07-01,6,4,0.5577698621902379,2016/2017,South Asia,strong,endemic,medium
glm_ar1,expanding,NPL,2017-01-01,6,1,1.7715511018184094,2016/2017,South Asia,strong,endemic,medium
glm_ar1,expanding,NPL,2017-07-01,6,3,1.0013313515941598,2017/2018,South Asia,strong,endemic,medium
glm_ar1,expanding,NPL,2018-01-01,6,0,0.6465673381002411,2017/2018,South Asia,strong,endemic,medium
glm_ar1,expanding,NPL,2018-07-01,6,2,1.893812663586684,2018/2019,South Asia,strong,endemic,medium
glm_ar1,expanding,NPL,2019-01-01,6,0,0.8825805195279174,2018/2019,South Asia,strong,endemic,medium
glm_ar1,expanding,NPL,2019-07-01,6,4,0.8324490480480543,2019/2020,South Asia,strong,endemic,medium
glm_ar1,expanding,NPL,2020-01-01,6,0,0.39387938532124006,2019/2020,South Asia,strong,endemic,medium
glm_ar1,expanding,NPL,2020-07-01,6,4,0.8558776753357299,2020/2021,South Asia,strong,endemic,medium
glm_ar1,expanding,NPL,2021-01-01,6,0,1.1205211846593037,2020/2021,South Asia,strong,endemic,medium
glm_ar1,expanding,NPL,2021-07-01,6,4,1.7830360038861255,2021/2022,South Asia,strong,endemic,medium
glm_ar1,expanding,NPL,2022-01-01,6,0,0.6583274196969463,2021/2022,South Asia,strong,endemic,medium
glm_ar1,expanding,NPL,2022-07-01,6,4,1.2763664415909632,2022/2023,South Asia,strong,endemic,medium
glm_ar1,expanding,NPL,2023-01-01,6,0,0.5043162982113972,2022/2023,South Asia,strong,endemic,medium
glm_ar1,expanding,NPL,2023-07-01,6,0,0.6605143696273343,2023/2024,South Asia,strong,endemic,medium
glm_ar1,expanding,NPL,2024-01-01,6,0,0.32992755725214695,2023/2024,South Asia,strong,endemic,medium
glm_ar1,expanding,NPL,2024-07-01,6,3,1.0837754147269532,2024/2025,South Asia,strong,endemic,medium
glm_ar1,expanding,NPL,2025-01-01,6,0,0.40955962108386695,2024/2025,South Asia,strong,endemic,medium
glm_ar1,expanding,NPL,2025-07-01,6,3,0.521669168821996,2025/2026,South Asia,strong,endemic,medium
glm_ar1,expanding,NPL,2026-01-01,6,0,0.4207781788281049,2025/2026,South Asia,strong,endemic,medium
glm_ar1,expanding,OMN,2018-07-01,6,1,1.7332234306536936,2018/2019,"Europe, Middle East & North Africa",moderate,emerging,medium
glm_ar1,expanding,OMN,2019-01-01,6,0,3.1748843969948326,2018/2019,"Europe, Middle East & North Africa",moderate,emerging,medium
glm_ar1,expanding,OMN,2019-07-01,6,2,2.4340703586145547,2019/2020,"Europe, Middle East & North Africa",moderate,emerging,medium
glm_ar1,expanding,OMN,2020-01-01,6,0,1.066535269435503,2019/2020,"Europe, Middle East & North Africa",moderate,emerging,medium
glm_ar1,expanding,OMN,2020-07-01,6,4,4.213690462741505,2020/2021,"Europe, Middle East & North Africa",moderate,emerging,medium
glm_ar1,expanding,OMN,2021-01-01,6,2,3.2162433062781424,2020/2021,"Europe, Middle East & North Africa",moderate,emerging,medium
glm_ar1,expanding,OMN,2021-07-01,6,0,1.5739923059057224,2021/2022,"Europe, Middle East & North Africa",moderate,emerging,medium
glm_ar1,expanding,OMN,2022-01-01,6,3,0.911225127727171,2021/2022,"Europe, Middle East & North Africa",moderate,emerging,medium
glm_ar1,expanding,OMN,2022-07-01,6,2,0.6304789759827241,2022/2023,"Europe, Middle East & North Africa",moderate,emerging,medium
glm_ar1,expanding,OMN,2023-01-01,2,NA,NA,2022/2023,"Europe, Middle East & North Africa",moderate,emerging,medium
glm_ar1,expanding,PAK,2016-01-01,6,2,0.681104592083487,2015/2016,South Asia,strong,endemic,medium
glm_ar1,expanding,PAK,2016-07-01,6,4,0.43198693995765386,2016/2017,South Asia,strong,endemic,medium
glm_ar1,expanding,PAK,2017-01-01,6,2,0.38489683430546107,2016/2017,South Asia,strong,endemic,medium
glm_ar1,expanding,PAK,2017-07-01,6,4,0.6753387594569018,2017/2018,South Asia,strong,endemic,medium
glm_ar1,expanding,PAK,2018-01-01,6,2,0.41592726423376747,2017/2018,South Asia,strong,endemic,medium
glm_ar1,expanding,PAK,2018-07-01,6,4,0.5013970258717095,2018/2019,South Asia,strong,endemic,medium
glm_ar1,expanding,PAK,2019-01-01,6,2,0.24284988899620105,2018/2019,South Asia,strong,endemic,medium
glm_ar1,expanding,PAK,2019-07-01,6,4,0.8427127875530505,2019/2020,South Asia,strong,endemic,medium
glm_ar1,expanding,PAK,2020-01-01,6,2,0.36701219354251263,2019/2020,South Asia,strong,endemic,medium
glm_ar1,expanding,PAK,2020-07-01,6,-1,0.896704337941047,2020/2021,South Asia,strong,endemic,medium
glm_ar1,expanding,PAK,2021-01-01,6,-3,0.6051655404759074,2020/2021,South Asia,strong,endemic,medium
glm_ar1,expanding,PAK,2021-07-01,6,-1,1.0073205749322955,2021/2022,South Asia,strong,endemic,medium
glm_ar1,expanding,PAK,2022-01-01,6,2,0.3749576447832658,2021/2022,South Asia,strong,endemic,medium
glm_ar1,expanding,PAK,2022-07-01,6,-1,0.6588908111708813,2022/2023,South Asia,strong,endemic,medium
glm_ar1,expanding,PAK,2023-01-01,6,2,0.43008151167704506,2022/2023,South Asia,strong,endemic,medium
glm_ar1,expanding,PAK,2023-07-01,6,4,0.5052973135689495,2023/2024,South Asia,strong,endemic,medium
glm_ar1,expanding,PAK,2024-01-01,6,2,0.4853540337872781,2023/2024,South Asia,strong,endemic,medium
glm_ar1,expanding,PAK,2024-07-01,6,-2,0.5580030141802621,2024/2025,South Asia,strong,endemic,medium
glm_ar1,expanding,PAK,2025-01-01,6,0,0.779173241900407,2024/2025,South Asia,strong,endemic,medium
glm_ar1,expanding,PAK,2025-07-01,6,3,0.5459503022534854,2025/2026,South Asia,strong,endemic,medium
glm_ar1,expanding,PAK,2026-01-01,6,2,0.4890722196553872,2025/2026,South Asia,strong,endemic,medium
glm_ar1,expanding,PAN,2016-01-01,6,0,0.7007944123001465,2015/2016,North & Central America,weak,endemic,small
glm_ar1,expanding,PAN,2016-07-01,6,1,0.5742271358667789,2016/2017,North & Central America,weak,endemic,small
glm_ar1,expanding,PAN,2017-01-01,6,0,0.8051223435898972,2016/2017,North & Central America,weak,endemic,small
glm_ar1,expanding,PAN,2017-07-01,6,3,0.44136919039834493,2017/2018,North & Central America,weak,endemic,small
glm_ar1,expanding,PAN,2018-01-01,6,0,0.7923868460805815,2017/2018,North & Central America,weak,endemic,small
glm_ar1,expanding,PAN,2018-07-01,6,4,0.6212517764916315,2018/2019,North & Central America,weak,endemic,small
glm_ar1,expanding,PAN,2019-01-01,6,0,1.0017334184460962,2018/2019,North & Central America,weak,endemic,small
glm_ar1,expanding,PAN,2019-07-01,6,0,0.07831293853640038,2019/2020,North & Central America,weak,endemic,small
glm_ar1,expanding,PAN,2020-01-01,6,5,1.6194019349696607,2019/2020,North & Central America,weak,endemic,small
glm_ar1,expanding,PAN,2020-07-01,6,5,1.694826862473933,2020/2021,North & Central America,weak,endemic,small
glm_ar1,expanding,PAN,2021-01-01,6,0,0.8400973474355425,2020/2021,North & Central America,weak,endemic,small
glm_ar1,expanding,PAN,2021-07-01,6,3,0.5974881979944685,2021/2022,North & Central America,weak,endemic,small
glm_ar1,expanding,PAN,2022-01-01,6,0,0.3465682021631579,2021/2022,North & Central America,weak,endemic,small
glm_ar1,expanding,PAN,2022-07-01,6,5,0.4269865999323414,2022/2023,North & Central America,weak,endemic,small
glm_ar1,expanding,PAN,2023-01-01,6,0,0.4000091615526386,2022/2023,North & Central America,weak,endemic,small
glm_ar1,expanding,PAN,2023-07-01,6,3,0.15732569595137247,2023/2024,North & Central America,weak,endemic,small
glm_ar1,expanding,PAN,2024-01-01,6,0,0.45464559965663204,2023/2024,North & Central America,weak,endemic,small
glm_ar1,expanding,PAN,2024-07-01,6,0,0.1561431281371135,2024/2025,North & Central America,weak,endemic,small
glm_ar1,expanding,PAN,2025-01-01,6,0,0.35537736094560907,2024/2025,North & Central America,weak,endemic,small
glm_ar1,expanding,PAN,2025-07-01,6,4,0.30933084156492435,2025/2026,North & Central America,weak,endemic,small
glm_ar1,expanding,PAN,2026-01-01,6,0,0.4611129666132682,2025/2026,North & Central America,weak,endemic,small
glm_ar1,expanding,PER,2016-01-01,6,-2,0.38557352249194926,2015/2016,South America,moderate,endemic,large
glm_ar1,expanding,PER,2016-07-01,6,0,0.21839674635321993,2015/2016,South America,moderate,endemic,large
glm_ar1,expanding,PER,2017-01-01,6,2,0.4682986101659518,2016/2017,South America,moderate,endemic,large
glm_ar1,expanding,PER,2017-07-01,6,0,1.0832805306393993,2016/2017,South America,moderate,endemic,large
glm_ar1,expanding,PER,2018-01-01,6,3,1.196972768990821,2017/2018,South America,moderate,endemic,large
glm_ar1,expanding,PER,2018-07-01,6,0,1.0231047397849364,2017/2018,South America,moderate,endemic,large
glm_ar1,expanding,PER,2019-01-01,6,5,0.39285220970476203,2018/2019,South America,moderate,endemic,large
glm_ar1,expanding,PER,2019-07-01,6,0,0.48752890703500956,2018/2019,South America,moderate,endemic,large
glm_ar1,expanding,PER,2020-01-01,6,-1,0.345437564286661,2019/2020,South America,moderate,endemic,large
glm_ar1,expanding,PER,2020-07-01,6,2,0.6432804620902042,2019/2020,South America,moderate,endemic,large
glm_ar1,expanding,PER,2021-01-01,6,-3,0.10765377476694105,2020/2021,South America,moderate,endemic,large
glm_ar1,expanding,PER,2021-07-01,6,1,0.27998295953248015,2020/2021,South America,moderate,endemic,large
glm_ar1,expanding,PER,2022-01-01,6,-2,0.3378788108061162,2021/2022,South America,moderate,endemic,large
glm_ar1,expanding,PER,2022-07-01,6,-5,0.3643348367732456,2021/2022,South America,moderate,endemic,large
glm_ar1,expanding,PER,2023-01-01,6,-3,1.4576904148493461,2022/2023,South America,moderate,endemic,large
glm_ar1,expanding,PER,2023-07-01,6,0,0.20355781034922446,2022/2023,South America,moderate,endemic,large
glm_ar1,expanding,PER,2024-01-01,6,-1,0.8878802288318131,2023/2024,South America,moderate,endemic,large
glm_ar1,expanding,PER,2024-07-01,6,1,0.244100802534969,2023/2024,South America,moderate,endemic,large
glm_ar1,expanding,PER,2025-01-01,6,-1,0.21539842384909683,2024/2025,South America,moderate,endemic,large
glm_ar1,expanding,PER,2025-07-01,6,1,0.19172317115550733,2024/2025,South America,moderate,endemic,large
glm_ar1,expanding,PER,2026-01-01,6,1,0.39141264443721585,2025/2026,South America,moderate,endemic,large
glm_ar1,expanding,PHL,2016-01-01,6,-5,0.6439635633792998,2015/2016,East & Southeast Asia,moderate,endemic,medium
glm_ar1,expanding,PHL,2016-07-01,6,5,0.22231322148468355,2016/2017,East & Southeast Asia,moderate,endemic,medium
glm_ar1,expanding,PHL,2017-01-01,6,0,0.39009139757059597,2016/2017,East & Southeast Asia,moderate,endemic,medium
glm_ar1,expanding,PHL,2017-07-01,6,5,0.16571211266974636,2017/2018,East & Southeast Asia,moderate,endemic,medium
glm_ar1,expanding,PHL,2018-01-01,6,0,0.3611203712176209,2017/2018,East & Southeast Asia,moderate,endemic,medium
glm_ar1,expanding,PHL,2018-07-01,6,-5,1.0944304997272112,2018/2019,East & Southeast Asia,moderate,endemic,medium
glm_ar1,expanding,PHL,2019-01-01,6,-5,0.8751040880283517,2018/2019,East & Southeast Asia,moderate,endemic,medium
glm_ar1,expanding,PHL,2019-07-01,6,0,0.7423271188855582,2019/2020,East & Southeast Asia,moderate,endemic,medium
glm_ar1,expanding,PHL,2020-01-01,6,0,0.2957398593944771,2019/2020,East & Southeast Asia,moderate,endemic,medium
glm_ar1,expanding,PHL,2020-07-01,6,-3,0.3163403380483001,2020/2021,East & Southeast Asia,moderate,endemic,medium
glm_ar1,expanding,PHL,2021-01-01,6,-5,0.23922202991464006,2020/2021,East & Southeast Asia,moderate,endemic,medium
glm_ar1,expanding,PHL,2021-07-01,6,0,0.3282551583768507,2021/2022,East & Southeast Asia,moderate,endemic,medium
glm_ar1,expanding,PHL,2022-01-01,6,-5,1.0332629616029883,2021/2022,East & Southeast Asia,moderate,endemic,medium
glm_ar1,expanding,PHL,2022-07-01,6,0,0.3845544520039817,2022/2023,East & Southeast Asia,moderate,endemic,medium
glm_ar1,expanding,PHL,2023-01-01,6,-5,0.4674919384792295,2022/2023,East & Southeast Asia,moderate,endemic,medium
glm_ar1,expanding,PHL,2023-07-01,6,0,0.6307949129192384,2023/2024,East & Southeast Asia,moderate,endemic,medium
glm_ar1,expanding,PHL,2024-01-01,2,NA,NA,2023/2024,East & Southeast Asia,moderate,endemic,medium
glm_ar1,expanding,PLW,2017-07-01,6,5,1.3548637668998333,2017/2018,Pacific Islands,weak,emerging,very_small
glm_ar1,expanding,PLW,2018-01-01,6,3,0.8262004038487271,2017/2018,Pacific Islands,weak,emerging,very_small
glm_ar1,expanding,PLW,2018-07-01,6,0,1.5245506315259607,2018/2019,Pacific Islands,weak,emerging,very_small
glm_ar1,expanding,PLW,2019-01-01,6,1,0.8643405708803246,2018/2019,Pacific Islands,weak,emerging,very_small
glm_ar1,expanding,PLW,2019-07-01,6,4,1.3806537487463135,2019/2020,Pacific Islands,weak,emerging,very_small
glm_ar1,expanding,PLW,2020-01-01,6,5,3.666743991630403,2019/2020,Pacific Islands,weak,emerging,very_small
glm_ar1,expanding,PLW,2020-07-01,6,2,2.3996302788245254,2020/2021,Pacific Islands,weak,emerging,very_small
glm_ar1,expanding,PLW,2021-01-01,6,3,2.474313870728694,2020/2021,Pacific Islands,weak,emerging,very_small
glm_ar1,expanding,PLW,2021-07-01,6,5,3.1221380718024605,2021/2022,Pacific Islands,weak,emerging,very_small
glm_ar1,expanding,PLW,2022-01-01,6,0,1.5064720187354006,2021/2022,Pacific Islands,weak,emerging,very_small
glm_ar1,expanding,PLW,2022-07-01,6,5,2.3224607550266025,2022/2023,Pacific Islands,weak,emerging,very_small
glm_ar1,expanding,PLW,2023-01-01,2,NA,NA,2022/2023,Pacific Islands,weak,emerging,very_small
glm_ar1,expanding,PLW,2025-01-01,6,0,2.2265706966236274,2024/2025,Pacific Islands,weak,emerging,very_small
glm_ar1,expanding,PLW,2025-07-01,6,3,3.0736316089358766,2025/2026,Pacific Islands,weak,emerging,very_small
glm_ar1,expanding,PLW,2026-01-01,6,1,2.192755217303405,2025/2026,Pacific Islands,weak,emerging,very_small
glm_ar1,expanding,PRI,2016-01-01,2,NA,NA,2015/2016,Caribbean,weak,endemic,very_small
glm_ar1,expanding,PRI,2019-07-01,6,0,1.0069421126755127,2019/2020,Caribbean,weak,endemic,very_small
glm_ar1,expanding,PRI,2020-01-01,6,5,2.1108301976454613,2019/2020,Caribbean,weak,endemic,very_small
glm_ar1,expanding,PRI,2020-07-01,6,2,0.8170876479929957,2020/2021,Caribbean,weak,endemic,very_small
glm_ar1,expanding,PRI,2021-01-01,6,5,2.0303202905924356,2020/2021,Caribbean,weak,endemic,very_small
glm_ar1,expanding,PRI,2021-07-01,6,3,1.7667671879387221,2021/2022,Caribbean,weak,endemic,very_small
glm_ar1,expanding,PRI,2022-01-01,6,5,2.0404456053296607,2021/2022,Caribbean,weak,endemic,very_small
glm_ar1,expanding,PRI,2022-07-01,6,2,0.6282704529344456,2022/2023,Caribbean,weak,endemic,very_small
glm_ar1,expanding,PRI,2023-01-01,6,0,1.8729861618685912,2022/2023,Caribbean,weak,endemic,very_small
glm_ar1,expanding,PRI,2023-07-01,6,0,0.5890758142499384,2023/2024,Caribbean,weak,endemic,very_small
glm_ar1,expanding,PRI,2024-01-01,6,0,0.5201421487443801,2023/2024,Caribbean,weak,endemic,very_small
glm_ar1,expanding,PRI,2024-07-01,6,4,0.5091486720007687,2024/2025,Caribbean,weak,endemic,very_small
glm_ar1,expanding,PRI,2025-01-01,6,5,1.4583752491585245,2024/2025,Caribbean,weak,endemic,very_small
glm_ar1,expanding,PRI,2025-07-01,6,3,0.9755711178151255,2025/2026,Caribbean,weak,endemic,very_small
glm_ar1,expanding,PRI,2026-01-01,6,0,1.5400853085186583,2025/2026,Caribbean,weak,endemic,very_small
glm_ar1,expanding,PRY,2016-01-01,6,4,0.7881455932214125,2015/2016,South America,moderate,endemic,medium
glm_ar1,expanding,PRY,2016-07-01,6,5,1.6890236025003356,2016/2017,South America,moderate,endemic,medium
glm_ar1,expanding,PRY,2017-01-01,6,2,0.6667757670458915,2016/2017,South America,moderate,endemic,medium
glm_ar1,expanding,PRY,2017-07-01,6,0,0.5743892092444683,2017/2018,South America,moderate,endemic,medium
glm_ar1,expanding,PRY,2018-01-01,6,5,1.0408659121261998,2017/2018,South America,moderate,endemic,medium
glm_ar1,expanding,PRY,2018-07-01,6,3,0.705239242826199,2018/2019,South America,moderate,endemic,medium
glm_ar1,expanding,PRY,2019-01-01,6,1,0.7076966634046756,2018/2019,South America,moderate,endemic,medium
glm_ar1,expanding,PRY,2019-07-01,6,0,0.7982685110889086,2019/2020,South America,moderate,endemic,medium
glm_ar1,expanding,PRY,2020-01-01,6,0,1.2597313010717528,2019/2020,South America,moderate,endemic,medium
glm_ar1,expanding,PRY,2020-07-01,6,0,0.2023372701946534,2020/2021,South America,moderate,endemic,medium
glm_ar1,expanding,PRY,2021-01-01,6,0,0.36041146184578315,2020/2021,South America,moderate,endemic,medium
glm_ar1,expanding,PRY,2021-07-01,6,2,0.3634069114036709,2021/2022,South America,moderate,endemic,medium
glm_ar1,expanding,PRY,2022-01-01,6,0,1.9114367362669127,2021/2022,South America,moderate,endemic,medium
glm_ar1,expanding,PRY,2022-07-01,6,1,0.5472719339324766,2022/2023,South America,moderate,endemic,medium
glm_ar1,expanding,PRY,2023-01-01,6,-1,0.2797358371507537,2022/2023,South America,moderate,endemic,medium
glm_ar1,expanding,PRY,2023-07-01,6,0,0.8274110146062558,2023/2024,South America,moderate,endemic,medium
glm_ar1,expanding,PRY,2024-01-01,6,0,0.33203328343417243,2023/2024,South America,moderate,endemic,medium
glm_ar1,expanding,PRY,2024-07-01,6,0,0.15492579793093145,2024/2025,South America,moderate,endemic,medium
glm_ar1,expanding,PRY,2025-01-01,6,-1,0.2307273733377988,2024/2025,South America,moderate,endemic,medium
glm_ar1,expanding,PRY,2025-07-01,6,0,0.1072095663882174,2025/2026,South America,moderate,endemic,medium
glm_ar1,expanding,PRY,2026-01-01,6,0,0.7431873977442812,2025/2026,South America,moderate,endemic,medium
glm_ar1,expanding,PYF,2016-01-01,6,5,1.7026069003483804,2015/2016,Pacific Islands,weak,endemic,very_small
glm_ar1,expanding,PYF,2016-07-01,6,1,0.7276583464120664,2016/2017,Pacific Islands,weak,endemic,very_small
glm_ar1,expanding,PYF,2017-01-01,6,2,1.9196470817409823,2016/2017,Pacific Islands,weak,endemic,very_small
glm_ar1,expanding,PYF,2017-07-01,6,0,0.7490700180679921,2017/2018,Pacific Islands,weak,endemic,very_small
glm_ar1,expanding,PYF,2018-01-01,6,1,0.6820589533742796,2017/2018,Pacific Islands,weak,endemic,very_small
glm_ar1,expanding,PYF,2018-07-01,6,0,1.0205336121730533,2018/2019,Pacific Islands,weak,endemic,very_small
glm_ar1,expanding,PYF,2019-01-01,6,4,1.368783083856921,2018/2019,Pacific Islands,weak,endemic,very_small
glm_ar1,expanding,PYF,2019-07-01,6,1,0.831337673555849,2019/2020,Pacific Islands,weak,endemic,very_small
glm_ar1,expanding,PYF,2020-01-01,3,2,2.0618243569757557,2019/2020,Pacific Islands,weak,endemic,very_small
glm_ar1,expanding,PYF,2022-07-01,6,4,1.3326114526332915,2022/2023,Pacific Islands,weak,endemic,very_small
glm_ar1,expanding,PYF,2023-01-01,6,5,3.051201002666462,2022/2023,Pacific Islands,weak,endemic,very_small
glm_ar1,expanding,PYF,2023-07-01,6,5,2.334378901439667,2023/2024,Pacific Islands,weak,endemic,very_small
glm_ar1,expanding,PYF,2024-01-01,6,0,1.5864948650063566,2023/2024,Pacific Islands,weak,endemic,very_small
glm_ar1,expanding,PYF,2024-07-01,6,0,0.9378208593043097,2024/2025,Pacific Islands,weak,endemic,very_small
glm_ar1,expanding,PYF,2025-01-01,6,4,1.8991612064143204,2024/2025,Pacific Islands,weak,endemic,very_small
glm_ar1,expanding,PYF,2025-07-01,6,2,2.2068534214575632,2025/2026,Pacific Islands,weak,endemic,very_small
glm_ar1,expanding,PYF,2026-01-01,6,2,1.6146246438698226,2025/2026,Pacific Islands,weak,endemic,very_small
glm_ar1,expanding,REU,2016-01-01,6,3,2.0052514134230157,2015/2016,Sub-Saharan Africa,strong,emerging,very_small
glm_ar1,expanding,REU,2016-07-01,6,0,1.5290905075637378,2015/2016,Sub-Saharan Africa,strong,emerging,very_small
glm_ar1,expanding,REU,2017-01-01,6,3,0.4503037690509597,2016/2017,Sub-Saharan Africa,strong,emerging,very_small
glm_ar1,expanding,REU,2017-07-01,6,0,0.6119988924844689,2016/2017,Sub-Saharan Africa,strong,emerging,very_small
glm_ar1,expanding,REU,2018-01-01,6,3,1.1092086365052198,2017/2018,Sub-Saharan Africa,strong,emerging,very_small
glm_ar1,expanding,REU,2018-07-01,6,0,1.4639538776813001,2017/2018,Sub-Saharan Africa,strong,emerging,very_small
glm_ar1,expanding,REU,2019-01-01,6,3,0.5523436671963705,2018/2019,Sub-Saharan Africa,strong,emerging,very_small
glm_ar1,expanding,REU,2019-07-01,6,0,1.7543056783448245,2018/2019,Sub-Saharan Africa,strong,emerging,very_small
glm_ar1,expanding,REU,2020-01-01,6,3,0.6751003830997545,2019/2020,Sub-Saharan Africa,strong,emerging,very_small
glm_ar1,expanding,REU,2020-07-01,6,0,1.2232696174110023,2019/2020,Sub-Saharan Africa,strong,emerging,very_small
glm_ar1,expanding,REU,2021-01-01,6,2,0.6645466848485488,2020/2021,Sub-Saharan Africa,strong,emerging,very_small
glm_ar1,expanding,REU,2021-07-01,6,5,1.8941190879457137,2020/2021,Sub-Saharan Africa,strong,emerging,very_small
glm_ar1,expanding,REU,2022-01-01,6,3,1.0027627361272857,2021/2022,Sub-Saharan Africa,strong,emerging,very_small
glm_ar1,expanding,REU,2022-07-01,3,2,2.3041555092341404,2021/2022,Sub-Saharan Africa,strong,emerging,very_small
glm_ar1,expanding,REU,2025-01-01,6,3,4.205339876947205,2024/2025,Sub-Saharan Africa,strong,emerging,very_small
glm_ar1,expanding,REU,2025-07-01,6,0,2.097076956580583,2024/2025,Sub-Saharan Africa,strong,emerging,very_small
glm_ar1,expanding,REU,2026-01-01,6,3,1.764351245221156,2025/2026,Sub-Saharan Africa,strong,emerging,very_small
glm_ar1,expanding,SAU,2016-01-01,6,2,0.28773565983543686,2015/2016,"Europe, Middle East & North Africa",moderate,endemic,large
glm_ar1,expanding,SAU,2016-07-01,6,0,1.1460831842141381,2015/2016,"Europe, Middle East & North Africa",moderate,endemic,large
glm_ar1,expanding,SAU,2017-01-01,6,2,0.2998257089732785,2016/2017,"Europe, Middle East & North Africa",moderate,endemic,large
glm_ar1,expanding,SAU,2017-07-01,6,0,1.1437746133168372,2016/2017,"Europe, Middle East & North Africa",moderate,endemic,large
glm_ar1,expanding,SAU,2018-01-01,6,3,0.2847425255256184,2017/2018,"Europe, Middle East & North Africa",moderate,endemic,large
glm_ar1,expanding,SAU,2018-07-01,6,0,1.688584674421941,2017/2018,"Europe, Middle East & North Africa",moderate,endemic,large
glm_ar1,expanding,SAU,2019-01-01,6,2,1.1265691876647825,2018/2019,"Europe, Middle East & North Africa",moderate,endemic,large
glm_ar1,expanding,SAU,2019-07-01,6,0,0.6569325403705348,2018/2019,"Europe, Middle East & North Africa",moderate,endemic,large
glm_ar1,expanding,SAU,2020-01-01,6,5,1.6117875183282606,2019/2020,"Europe, Middle East & North Africa",moderate,endemic,large
glm_ar1,expanding,SAU,2020-07-01,6,0,1.6532548653212746,2019/2020,"Europe, Middle East & North Africa",moderate,endemic,large
glm_ar1,expanding,SAU,2021-01-01,6,2,0.518128238790995,2020/2021,"Europe, Middle East & North Africa",moderate,endemic,large
glm_ar1,expanding,SAU,2021-07-01,6,1,1.9236209492524357,2020/2021,"Europe, Middle East & North Africa",moderate,endemic,large
glm_ar1,expanding,SAU,2022-01-01,6,0,0.8517399865661641,2021/2022,"Europe, Middle East & North Africa",moderate,endemic,large
glm_ar1,expanding,SAU,2022-07-01,6,0,0.3729093281264562,2021/2022,"Europe, Middle East & North Africa",moderate,endemic,large
glm_ar1,expanding,SAU,2023-01-01,6,0,0.45049496777542947,2022/2023,"Europe, Middle East & North Africa",moderate,endemic,large
glm_ar1,expanding,SAU,2023-07-01,6,0,0.6380444741303263,2022/2023,"Europe, Middle East & North Africa",moderate,endemic,large
glm_ar1,expanding,SAU,2024-01-01,6,5,0.5699028969848626,2023/2024,"Europe, Middle East & North Africa",moderate,endemic,large
glm_ar1,expanding,SAU,2024-07-01,2,NA,NA,2023/2024,"Europe, Middle East & North Africa",moderate,endemic,large
glm_ar1,expanding,SDN,2016-01-01,3,2,4.431274934260554,2015/2016,"Europe, Middle East & North Africa",strong,emerging,large
glm_ar1,expanding,SDN,2021-07-01,6,3,1.237796327500835,2021/2022,"Europe, Middle East & North Africa",strong,emerging,large
glm_ar1,expanding,SDN,2022-01-01,6,0,1.4902122956307267,2021/2022,"Europe, Middle East & North Africa",strong,emerging,large
glm_ar1,expanding,SDN,2022-07-01,6,2,0.6807477932495781,2022/2023,"Europe, Middle East & North Africa",strong,emerging,large
glm_ar1,expanding,SDN,2023-01-01,6,5,3.8099412659103122,2022/2023,"Europe, Middle East & North Africa",strong,emerging,large
glm_ar1,expanding,SDN,2023-07-01,6,3,0.836100600347204,2023/2024,"Europe, Middle East & North Africa",strong,emerging,large
glm_ar1,expanding,SDN,2024-01-01,6,4,1.598918859580893,2023/2024,"Europe, Middle East & North Africa",strong,emerging,large
glm_ar1,expanding,SDN,2024-07-01,6,3,0.6074271121969956,2024/2025,"Europe, Middle East & North Africa",strong,emerging,large
glm_ar1,expanding,SDN,2025-01-01,6,2,0.6337382475608291,2024/2025,"Europe, Middle East & North Africa",strong,emerging,large
glm_ar1,expanding,SDN,2025-07-01,6,3,0.8846109870086983,2025/2026,"Europe, Middle East & North Africa",strong,emerging,large
glm_ar1,expanding,SDN,2026-01-01,6,2,0.7000299808148421,2025/2026,"Europe, Middle East & North Africa",strong,emerging,large
glm_ar1,expanding,SEN,2017-07-01,6,0,0.5365000804222773,2017/2018,Sub-Saharan Africa,strong,emerging,medium
glm_ar1,expanding,SEN,2018-01-01,6,5,1.3452663279765193,2017/2018,Sub-Saharan Africa,strong,emerging,medium
glm_ar1,expanding,SEN,2018-07-01,6,2,1.054669497605145,2018/2019,Sub-Saharan Africa,strong,emerging,medium
glm_ar1,expanding,SEN,2019-01-01,3,2,2.664825767772515,2018/2019,Sub-Saharan Africa,strong,emerging,medium
glm_ar1,expanding,SEN,2021-07-01,6,0,1.494852548216026,2021/2022,Sub-Saharan Africa,strong,emerging,medium
glm_ar1,expanding,SEN,2022-01-01,6,5,2.618856980614916,2021/2022,Sub-Saharan Africa,strong,emerging,medium
glm_ar1,expanding,SEN,2022-07-01,6,2,1.6932999024113033,2022/2023,Sub-Saharan Africa,strong,emerging,medium
glm_ar1,expanding,SEN,2023-01-01,6,4,3.3979889554364697,2022/2023,Sub-Saharan Africa,strong,emerging,medium
glm_ar1,expanding,SEN,2023-07-01,6,2,0.912549269208338,2023/2024,Sub-Saharan Africa,strong,emerging,medium
glm_ar1,expanding,SEN,2024-01-01,6,0,1.496541805681553,2023/2024,Sub-Saharan Africa,strong,emerging,medium
glm_ar1,expanding,SEN,2024-07-01,6,2,1.054033366049412,2024/2025,Sub-Saharan Africa,strong,emerging,medium
glm_ar1,expanding,SEN,2025-01-01,6,0,0.636925789089751,2024/2025,Sub-Saharan Africa,strong,emerging,medium
glm_ar1,expanding,SEN,2025-07-01,6,2,0.4415285268480675,2025/2026,Sub-Saharan Africa,strong,emerging,medium
glm_ar1,expanding,SEN,2026-01-01,6,0,0.9752110617255596,2025/2026,Sub-Saharan Africa,strong,emerging,medium
glm_ar1,expanding,SGP,2016-01-01,6,0,0.4578176633308583,2016/2017,East & Southeast Asia,weak,endemic,very_small
glm_ar1,expanding,SGP,2016-07-01,6,5,1.1007284343840853,2016/2017,East & Southeast Asia,weak,endemic,very_small
glm_ar1,expanding,SGP,2017-01-01,6,0,0.7317473819499929,2017/2018,East & Southeast Asia,weak,endemic,very_small
glm_ar1,expanding,SGP,2017-07-01,6,3,0.5735115214482351,2017/2018,East & Southeast Asia,weak,endemic,very_small
glm_ar1,expanding,SGP,2018-01-01,6,1,0.6605773331691592,2018/2019,East & Southeast Asia,weak,endemic,very_small
glm_ar1,expanding,SGP,2018-07-01,6,0,0.27754626343361233,2018/2019,East & Southeast Asia,weak,endemic,very_small
glm_ar1,expanding,SGP,2019-01-01,6,0,0.31221346740514005,2019/2020,East & Southeast Asia,weak,endemic,very_small
glm_ar1,expanding,SGP,2019-07-01,6,0,0.31930938651696944,2019/2020,East & Southeast Asia,weak,endemic,very_small
glm_ar1,expanding,SGP,2020-01-01,6,0,0.316719041633285,2020/2021,East & Southeast Asia,weak,endemic,very_small
glm_ar1,expanding,SGP,2020-07-01,6,0,0.41760457876601603,2020/2021,East & Southeast Asia,weak,endemic,very_small
glm_ar1,expanding,SGP,2021-01-01,6,5,0.9356261912727458,2021/2022,East & Southeast Asia,weak,endemic,very_small
glm_ar1,expanding,SGP,2021-07-01,6,0,0.4789081873227876,2021/2022,East & Southeast Asia,weak,endemic,very_small
glm_ar1,expanding,SGP,2022-01-01,6,2,0.4025840919991659,2022/2023,East & Southeast Asia,weak,endemic,very_small
glm_ar1,expanding,SGP,2022-07-01,6,0,0.34921492254440095,2022/2023,East & Southeast Asia,weak,endemic,very_small
glm_ar1,expanding,SGP,2023-01-01,6,0,0.6664864580315906,2023/2024,East & Southeast Asia,weak,endemic,very_small
glm_ar1,expanding,SGP,2023-07-01,6,0,0.2338507876019631,2023/2024,East & Southeast Asia,weak,endemic,very_small
glm_ar1,expanding,SGP,2024-01-01,6,5,0.30857025210486766,2024/2025,East & Southeast Asia,weak,endemic,very_small
glm_ar1,expanding,SGP,2024-07-01,6,5,0.9369338866843862,2024/2025,East & Southeast Asia,weak,endemic,very_small
glm_ar1,expanding,SGP,2025-01-01,6,2,0.7931223439616707,2025/2026,East & Southeast Asia,weak,endemic,very_small
glm_ar1,expanding,SGP,2025-07-01,6,5,1.6164629746279344,2025/2026,East & Southeast Asia,weak,endemic,very_small
glm_ar1,expanding,SGP,2026-01-01,6,1,0.6450384533194219,2026/2027,East & Southeast Asia,weak,endemic,very_small
glm_ar1,expanding,SLB,2016-07-01,6,2,2.682646184367556,2016/2017,Pacific Islands,weak,endemic,small
glm_ar1,expanding,SLB,2017-01-01,6,5,3.117616814842536,2016/2017,Pacific Islands,weak,endemic,small
glm_ar1,expanding,SLB,2017-07-01,6,0,1.0605064305269367,2017/2018,Pacific Islands,weak,endemic,small
glm_ar1,expanding,SLB,2018-01-01,6,0,0.5143972635087176,2017/2018,Pacific Islands,weak,endemic,small
glm_ar1,expanding,SLB,2018-07-01,6,4,2.3050952086980563,2018/2019,Pacific Islands,weak,endemic,small
glm_ar1,expanding,SLB,2019-01-01,6,4,1.5933197182604275,2018/2019,Pacific Islands,weak,endemic,small
glm_ar1,expanding,SLB,2019-07-01,6,3,1.4037223425078202,2019/2020,Pacific Islands,weak,endemic,small
glm_ar1,expanding,SLB,2020-01-01,6,4,1.9241655026527689,2019/2020,Pacific Islands,weak,endemic,small
glm_ar1,expanding,SLB,2020-07-01,6,3,0.8454798588792705,2020/2021,Pacific Islands,weak,endemic,small
glm_ar1,expanding,SLB,2021-01-01,6,4,2.1332883251523387,2020/2021,Pacific Islands,weak,endemic,small
glm_ar1,expanding,SLB,2021-07-01,6,5,1.8767319213776659,2021/2022,Pacific Islands,weak,endemic,small
glm_ar1,expanding,SLB,2022-01-01,6,0,1.5314860861485353,2021/2022,Pacific Islands,weak,endemic,small
glm_ar1,expanding,SLB,2022-07-01,6,5,1.2682046488460246,2022/2023,Pacific Islands,weak,endemic,small
glm_ar1,expanding,SLB,2023-01-01,6,3,1.2440712666009008,2022/2023,Pacific Islands,weak,endemic,small
glm_ar1,expanding,SLB,2023-07-01,6,5,2.048322129872005,2023/2024,Pacific Islands,weak,endemic,small
glm_ar1,expanding,SLB,2024-01-01,6,1,2.061198845177313,2023/2024,Pacific Islands,weak,endemic,small
glm_ar1,expanding,SLB,2024-07-01,6,0,1.5131035841276252,2024/2025,Pacific Islands,weak,endemic,small
glm_ar1,expanding,SLB,2025-01-01,6,5,2.6553260949352846,2024/2025,Pacific Islands,weak,endemic,small
glm_ar1,expanding,SLB,2025-07-01,6,3,1.3432613596733016,2025/2026,Pacific Islands,weak,endemic,small
glm_ar1,expanding,SLB,2026-01-01,6,3,2.3074975725252256,2025/2026,Pacific Islands,weak,endemic,small
glm_ar1,expanding,SLV,2016-01-01,6,2,0.6731417355143433,2016/2017,North & Central America,weak,endemic,very_small
glm_ar1,expanding,SLV,2016-07-01,6,3,0.707339485529927,2016/2017,North & Central America,weak,endemic,very_small
glm_ar1,expanding,SLV,2017-01-01,6,1,0.2746029736165827,2017/2018,North & Central America,weak,endemic,very_small
glm_ar1,expanding,SLV,2017-07-01,6,3,0.4692523685977043,2017/2018,North & Central America,weak,endemic,very_small
glm_ar1,expanding,SLV,2018-01-01,6,0,0.10467505280995397,2018/2019,North & Central America,weak,endemic,very_small
glm_ar1,expanding,SLV,2018-07-01,6,4,0.38851514675354965,2018/2019,North & Central America,weak,endemic,very_small
glm_ar1,expanding,SLV,2019-01-01,6,0,0.34681031821070957,2019/2020,North & Central America,weak,endemic,very_small
glm_ar1,expanding,SLV,2019-07-01,6,-1,0.3471721425897634,2019/2020,North & Central America,weak,endemic,very_small
glm_ar1,expanding,SLV,2020-01-01,6,5,0.9739284506871,2020/2021,North & Central America,weak,endemic,very_small
glm_ar1,expanding,SLV,2020-07-01,6,5,1.1244289211526795,2020/2021,North & Central America,weak,endemic,very_small
glm_ar1,expanding,SLV,2021-01-01,6,1,0.4740669215039946,2021/2022,North & Central America,weak,endemic,very_small
glm_ar1,expanding,SLV,2021-07-01,6,0,0.38254624774946744,2021/2022,North & Central America,weak,endemic,very_small
glm_ar1,expanding,SLV,2022-01-01,6,2,0.1362083789795432,2022/2023,North & Central America,weak,endemic,very_small
glm_ar1,expanding,SLV,2022-07-01,6,0,0.8844685856097761,2022/2023,North & Central America,weak,endemic,very_small
glm_ar1,expanding,SLV,2023-01-01,6,0,0.33030894998363025,2023/2024,North & Central America,weak,endemic,very_small
glm_ar1,expanding,SLV,2023-07-01,6,3,0.9484078802372711,2023/2024,North & Central America,weak,endemic,very_small
glm_ar1,expanding,SLV,2024-01-01,6,0,0.2719773175434037,2024/2025,North & Central America,weak,endemic,very_small
glm_ar1,expanding,SLV,2024-07-01,6,4,0.7955153463549879,2024/2025,North & Central America,weak,endemic,very_small
glm_ar1,expanding,SLV,2025-01-01,6,0,0.4732066528894576,2025/2026,North & Central America,weak,endemic,very_small
glm_ar1,expanding,SLV,2025-07-01,6,4,0.7552381504757211,2025/2026,North & Central America,weak,endemic,very_small
glm_ar1,expanding,SLV,2026-01-01,6,0,0.8770223589382993,2026/2027,North & Central America,weak,endemic,very_small
glm_ar1,expanding,SUR,2017-07-01,6,0,1.068349929663668,2017/2018,South America,strong,emerging,medium
glm_ar1,expanding,SUR,2018-01-01,6,0,1.7321721654785538,2017/2018,South America,strong,emerging,medium
glm_ar1,expanding,SUR,2018-07-01,6,4,3.0173394778074036,2018/2019,South America,strong,emerging,medium
glm_ar1,expanding,SUR,2019-01-01,6,5,3.1066105827193464,2018/2019,South America,strong,emerging,medium
glm_ar1,expanding,SUR,2019-07-01,6,0,0.7639903383419874,2019/2020,South America,strong,emerging,medium
glm_ar1,expanding,SUR,2020-01-01,6,5,2.366275399657782,2019/2020,South America,strong,emerging,medium
glm_ar1,expanding,SUR,2020-07-01,6,3,2.954950555639384,2020/2021,South America,strong,emerging,medium
glm_ar1,expanding,SUR,2021-01-01,2,NA,NA,2020/2021,South America,strong,emerging,medium
glm_ar1,expanding,SUR,2022-07-01,6,0,1.483908832210596,2022/2023,South America,strong,emerging,medium
glm_ar1,expanding,SUR,2023-01-01,6,0,1.837513970340168,2022/2023,South America,strong,emerging,medium
glm_ar1,expanding,SUR,2023-07-01,6,5,1.9199027343911836,2023/2024,South America,strong,emerging,medium
glm_ar1,expanding,SUR,2024-01-01,6,5,3.6262980642578255,2023/2024,South America,strong,emerging,medium
glm_ar1,expanding,SUR,2024-07-01,6,0,1.4435501121544252,2024/2025,South America,strong,emerging,medium
glm_ar1,expanding,SUR,2025-01-01,6,4,1.0076049715631241,2024/2025,South America,strong,emerging,medium
glm_ar1,expanding,SUR,2025-07-01,6,5,1.8023657577427838,2025/2026,South America,strong,emerging,medium
glm_ar1,expanding,SUR,2026-01-01,6,5,1.934992037800663,2025/2026,South America,strong,emerging,medium
glm_ar1,expanding,SXM,2024-07-01,6,2,1.9868405879032205,2024/2025,Caribbean,strong,emerging,very_small
glm_ar1,expanding,SXM,2025-01-01,6,2,2.5458227127759483,2024/2025,Caribbean,strong,emerging,very_small
glm_ar1,expanding,SXM,2025-07-01,6,0,2.7207114078975834,2025/2026,Caribbean,strong,emerging,very_small
glm_ar1,expanding,SXM,2026-01-01,6,5,3.1321749972608184,2025/2026,Caribbean,strong,emerging,very_small
glm_ar1,expanding,SYC,2016-07-01,6,0,0.21775311107537845,2016/2017,Sub-Saharan Africa,moderate,emerging,very_small
glm_ar1,expanding,SYC,2017-01-01,6,5,0.8114490103461884,2016/2017,Sub-Saharan Africa,moderate,emerging,very_small
glm_ar1,expanding,SYC,2017-07-01,6,0,0.12969910545163557,2017/2018,Sub-Saharan Africa,moderate,emerging,very_small
glm_ar1,expanding,SYC,2018-01-01,5,4,0.6838444388003089,2017/2018,Sub-Saharan Africa,moderate,emerging,very_small
glm_ar1,expanding,SYC,2022-07-01,6,0,0.613057305638782,2022/2023,Sub-Saharan Africa,moderate,emerging,very_small
glm_ar1,expanding,SYC,2023-01-01,6,5,1.0092555517761757,2022/2023,Sub-Saharan Africa,moderate,emerging,very_small
glm_ar1,expanding,SYC,2023-07-01,6,2,0.6304054442437242,2023/2024,Sub-Saharan Africa,moderate,emerging,very_small
glm_ar1,expanding,SYC,2024-01-01,5,1,0.5047766502037935,2023/2024,Sub-Saharan Africa,moderate,emerging,very_small
glm_ar1,expanding,SYC,2025-01-01,6,3,3.2724826969903185,2024/2025,Sub-Saharan Africa,moderate,emerging,very_small
glm_ar1,expanding,SYC,2025-07-01,6,0,0.4796621538395542,2025/2026,Sub-Saharan Africa,moderate,emerging,very_small
glm_ar1,expanding,SYC,2026-01-01,6,5,3.6221619931572078,2025/2026,Sub-Saharan Africa,moderate,emerging,very_small
glm_ar1,expanding,TCA,2016-01-01,6,5,2.2747351406592755,2015/2016,Caribbean,strong,emerging,very_small
glm_ar1,expanding,TCA,2016-07-01,6,3,0.6538721876733017,2016/2017,Caribbean,strong,emerging,very_small
glm_ar1,expanding,TCA,2017-01-01,6,4,1.1660120279122042,2016/2017,Caribbean,strong,emerging,very_small
glm_ar1,expanding,TCA,2017-07-01,6,3,0.8508711644102295,2017/2018,Caribbean,strong,emerging,very_small
glm_ar1,expanding,TCA,2018-01-01,3,2,1.1641193866863775,2017/2018,Caribbean,strong,emerging,very_small
glm_ar1,expanding,TCA,2019-07-01,6,0,1.3126352460618458,2019/2020,Caribbean,strong,emerging,very_small
glm_ar1,expanding,TCA,2020-01-01,3,2,2.4994169356496427,2019/2020,Caribbean,strong,emerging,very_small
glm_ar1,expanding,TCA,2023-07-01,6,3,1.3556196465607826,2023/2024,Caribbean,strong,emerging,very_small
glm_ar1,expanding,TCA,2024-01-01,3,2,2.0008218056200024,2023/2024,Caribbean,strong,emerging,very_small
glm_ar1,expanding,TCA,2025-01-01,6,2,3.199525771151284,2024/2025,Caribbean,strong,emerging,very_small
glm_ar1,expanding,TCA,2025-07-01,6,0,2.1639671884013,2025/2026,Caribbean,strong,emerging,very_small
glm_ar1,expanding,TCA,2026-01-01,6,5,4.329388887784842,2025/2026,Caribbean,strong,emerging,very_small
glm_ar1,expanding,THA,2016-01-01,6,-5,0.23342985123975102,2016/2017,East & Southeast Asia,moderate,endemic,medium
glm_ar1,expanding,THA,2016-07-01,6,5,0.5149869642516264,2016/2017,East & Southeast Asia,moderate,endemic,medium
glm_ar1,expanding,THA,2017-01-01,6,0,0.2575224228719777,2017/2018,East & Southeast Asia,moderate,endemic,medium
glm_ar1,expanding,THA,2017-07-01,6,5,0.6893829240847905,2017/2018,East & Southeast Asia,moderate,endemic,medium
glm_ar1,expanding,THA,2018-01-01,6,0,0.32775353758703224,2018/2019,East & Southeast Asia,moderate,endemic,medium
glm_ar1,expanding,THA,2018-07-01,6,0,0.2621205597209457,2018/2019,East & Southeast Asia,moderate,endemic,medium
glm_ar1,expanding,THA,2019-01-01,6,-5,0.7257808064583662,2019/2020,East & Southeast Asia,moderate,endemic,medium
glm_ar1,expanding,THA,2019-07-01,6,0,0.1557964729158933,2019/2020,East & Southeast Asia,moderate,endemic,medium
glm_ar1,expanding,THA,2020-01-01,6,-5,0.3767339924068211,2020/2021,East & Southeast Asia,moderate,endemic,medium
glm_ar1,expanding,THA,2020-07-01,6,0,0.25661407235212846,2020/2021,East & Southeast Asia,moderate,endemic,medium
glm_ar1,expanding,THA,2021-01-01,6,1,0.3204697512352716,2021/2022,East & Southeast Asia,moderate,endemic,medium
glm_ar1,expanding,THA,2021-07-01,6,5,0.7425844941144121,2021/2022,East & Southeast Asia,moderate,endemic,medium
glm_ar1,expanding,THA,2022-01-01,6,0,0.5005884829195631,2022/2023,East & Southeast Asia,moderate,endemic,medium
glm_ar1,expanding,THA,2022-07-01,6,0,0.1386920992899409,2022/2023,East & Southeast Asia,moderate,endemic,medium
glm_ar1,expanding,THA,2023-01-01,6,-5,0.5128811493122587,2023/2024,East & Southeast Asia,moderate,endemic,medium
glm_ar1,expanding,THA,2023-07-01,6,0,0.4213047772848479,2023/2024,East & Southeast Asia,moderate,endemic,medium
glm_ar1,expanding,THA,2024-01-01,6,-5,0.2806558270279547,2024/2025,East & Southeast Asia,moderate,endemic,medium
glm_ar1,expanding,THA,2024-07-01,6,0,0.10999204042503452,2024/2025,East & Southeast Asia,moderate,endemic,medium
glm_ar1,expanding,THA,2025-01-01,6,-5,0.433840904086014,2025/2026,East & Southeast Asia,moderate,endemic,medium
glm_ar1,expanding,THA,2025-07-01,6,0,0.18352645201850573,2025/2026,East & Southeast Asia,moderate,endemic,medium
glm_ar1,expanding,THA,2026-01-01,6,0,0.3949381611697989,2026/2027,East & Southeast Asia,moderate,endemic,medium
glm_ar1,expanding,TLS,2016-01-01,6,5,2.8173470617117995,2015/2016,East & Southeast Asia,strong,emerging,very_small
glm_ar1,expanding,TLS,2016-07-01,6,0,1.477007770240933,2015/2016,East & Southeast Asia,strong,emerging,very_small
glm_ar1,expanding,TLS,2017-01-01,6,5,2.179157711999523,2016/2017,East & Southeast Asia,strong,emerging,very_small
glm_ar1,expanding,TLS,2017-07-01,6,0,1.179398078506514,2016/2017,East & Southeast Asia,strong,emerging,very_small
glm_ar1,expanding,TLS,2018-01-01,6,5,1.8293684274114739,2017/2018,East & Southeast Asia,strong,emerging,very_small
glm_ar1,expanding,TLS,2018-07-01,6,0,1.5481673750114335,2017/2018,East & Southeast Asia,strong,emerging,very_small
glm_ar1,expanding,TLS,2019-01-01,6,3,1.3376141518421687,2018/2019,East & Southeast Asia,strong,emerging,very_small
glm_ar1,expanding,TLS,2019-07-01,6,0,2.1522777133173716,2018/2019,East & Southeast Asia,strong,emerging,very_small
glm_ar1,expanding,TLS,2020-01-01,6,4,1.4685891804581577,2019/2020,East & Southeast Asia,strong,emerging,very_small
glm_ar1,expanding,TLS,2020-07-01,6,0,1.020183261866651,2019/2020,East & Southeast Asia,strong,emerging,very_small
glm_ar1,expanding,TLS,2021-01-01,6,5,2.333515397735346,2020/2021,East & Southeast Asia,strong,emerging,very_small
glm_ar1,expanding,TLS,2021-07-01,6,0,0.8598321567022347,2020/2021,East & Southeast Asia,strong,emerging,very_small
glm_ar1,expanding,TLS,2022-01-01,6,5,0.8533066347158051,2021/2022,East & Southeast Asia,strong,emerging,very_small
glm_ar1,expanding,TLS,2022-07-01,6,0,1.7644144356623255,2021/2022,East & Southeast Asia,strong,emerging,very_small
glm_ar1,expanding,TLS,2023-01-01,6,2,0.7779270799628746,2022/2023,East & Southeast Asia,strong,emerging,very_small
glm_ar1,expanding,TLS,2023-07-01,6,0,1.2834290036873215,2022/2023,East & Southeast Asia,strong,emerging,very_small
glm_ar1,expanding,TLS,2024-01-01,6,4,1.4295850714074074,2023/2024,East & Southeast Asia,strong,emerging,very_small
glm_ar1,expanding,TLS,2024-07-01,6,0,1.2647296430114892,2023/2024,East & Southeast Asia,strong,emerging,very_small
glm_ar1,expanding,TLS,2025-01-01,6,4,1.4400211455026106,2024/2025,East & Southeast Asia,strong,emerging,very_small
glm_ar1,expanding,TLS,2025-07-01,6,0,0.524226343703291,2024/2025,East & Southeast Asia,strong,emerging,very_small
glm_ar1,expanding,TLS,2026-01-01,6,5,1.1341917846662906,2025/2026,East & Southeast Asia,strong,emerging,very_small
glm_ar1,expanding,TON,2017-07-01,6,0,0.5041958635467835,2017/2018,Pacific Islands,moderate,emerging,very_small
glm_ar1,expanding,TON,2018-01-01,6,4,1.019927691018649,2017/2018,Pacific Islands,moderate,emerging,very_small
glm_ar1,expanding,TON,2018-07-01,6,5,3.734146263762628,2018/2019,Pacific Islands,moderate,emerging,very_small
glm_ar1,expanding,TON,2019-01-01,3,2,2.895874827959163,2018/2019,Pacific Islands,moderate,emerging,very_small
glm_ar1,expanding,TON,2022-07-01,6,4,1.4235855096441872,2022/2023,Pacific Islands,moderate,emerging,very_small
glm_ar1,expanding,TON,2023-01-01,3,2,2.223241882833697,2022/2023,Pacific Islands,moderate,emerging,very_small
glm_ar1,expanding,TON,2024-07-01,6,4,3.4818609882875613,2024/2025,Pacific Islands,moderate,emerging,very_small
glm_ar1,expanding,TON,2025-01-01,6,4,0.8648936185655486,2024/2025,Pacific Islands,moderate,emerging,very_small
glm_ar1,expanding,TON,2025-07-01,6,5,4.702570292840143,2025/2026,Pacific Islands,moderate,emerging,very_small
glm_ar1,expanding,TON,2026-01-01,6,1,1.079997174552076,2025/2026,Pacific Islands,moderate,emerging,very_small
glm_ar1,expanding,TTO,2016-01-01,6,0,2.677363445157671,2015/2016,Caribbean,strong,emerging,very_small
glm_ar1,expanding,TTO,2016-07-01,6,5,0.5551584405780371,2016/2017,Caribbean,strong,emerging,very_small
glm_ar1,expanding,TTO,2017-01-01,6,0,2.141330081316702,2016/2017,Caribbean,strong,emerging,very_small
glm_ar1,expanding,TTO,2017-07-01,6,5,0.47975385207093807,2017/2018,Caribbean,strong,emerging,very_small
glm_ar1,expanding,TTO,2018-01-01,6,0,2.01235213272787,2017/2018,Caribbean,strong,emerging,very_small
glm_ar1,expanding,TTO,2018-07-01,6,0,0.6976012232943066,2018/2019,Caribbean,strong,emerging,very_small
glm_ar1,expanding,TTO,2019-01-01,6,5,5.479142884643255,2018/2019,Caribbean,strong,emerging,very_small
glm_ar1,expanding,TTO,2019-07-01,6,5,1.874364897638072,2019/2020,Caribbean,strong,emerging,very_small
glm_ar1,expanding,TTO,2020-01-01,6,5,3.532889329145933,2019/2020,Caribbean,strong,emerging,very_small
glm_ar1,expanding,TTO,2020-07-01,6,5,2.2413986712376537,2020/2021,Caribbean,strong,emerging,very_small
glm_ar1,expanding,TTO,2021-01-01,2,NA,NA,2020/2021,Caribbean,strong,emerging,very_small
glm_ar1,expanding,TTO,2022-07-01,6,0,1.2764221105959956,2022/2023,Caribbean,strong,emerging,very_small
glm_ar1,expanding,TTO,2023-01-01,6,0,3.4135004907676443,2022/2023,Caribbean,strong,emerging,very_small
glm_ar1,expanding,TTO,2023-07-01,6,0,0.5842488908780573,2023/2024,Caribbean,strong,emerging,very_small
glm_ar1,expanding,TTO,2024-01-01,6,5,2.6443294389555123,2023/2024,Caribbean,strong,emerging,very_small
glm_ar1,expanding,TTO,2024-07-01,6,5,1.2396035154165366,2024/2025,Caribbean,strong,emerging,very_small
glm_ar1,expanding,TTO,2025-01-01,6,1,1.834793017756935,2024/2025,Caribbean,strong,emerging,very_small
glm_ar1,expanding,TTO,2025-07-01,6,3,3.162228537915208,2025/2026,Caribbean,strong,emerging,very_small
glm_ar1,expanding,TTO,2026-01-01,6,4,2.327883861526994,2025/2026,Caribbean,strong,emerging,very_small
glm_ar1,expanding,TUV,2018-07-01,6,0,2.0772833635841828,2018/2019,Pacific Islands,strong,emerging,very_small
glm_ar1,expanding,TUV,2019-01-01,6,0,1.6706835793577641,2018/2019,Pacific Islands,strong,emerging,very_small
glm_ar1,expanding,TUV,2019-07-01,6,5,2.5255144920852572,2019/2020,Pacific Islands,strong,emerging,very_small
glm_ar1,expanding,TUV,2020-01-01,6,0,2.0648153192939462,2019/2020,Pacific Islands,strong,emerging,very_small
glm_ar1,expanding,TUV,2020-07-01,6,5,3.527059266588248,2020/2021,Pacific Islands,strong,emerging,very_small
glm_ar1,expanding,TUV,2021-01-01,2,NA,NA,2020/2021,Pacific Islands,strong,emerging,very_small
glm_ar1,expanding,TUV,2022-07-01,6,5,2.0779818456501107,2022/2023,Pacific Islands,strong,emerging,very_small
glm_ar1,expanding,TUV,2023-01-01,2,NA,NA,2022/2023,Pacific Islands,strong,emerging,very_small
glm_ar1,expanding,TUV,2025-01-01,6,5,3.2572880361979455,2024/2025,Pacific Islands,strong,emerging,very_small
glm_ar1,expanding,TUV,2025-07-01,6,4,2.0247865833460916,2025/2026,Pacific Islands,strong,emerging,very_small
glm_ar1,expanding,TUV,2026-01-01,6,0,3.3005089850611458,2025/2026,Pacific Islands,strong,emerging,very_small
glm_ar1,expanding,TWN,2016-01-01,1,NA,NA,2015/2016,East & Southeast Asia,strong,emerging,small
glm_ar1,expanding,TWN,2018-07-01,6,5,2.718840665700462,2018/2019,East & Southeast Asia,strong,emerging,small
glm_ar1,expanding,TWN,2019-01-01,6,1,1.85700346075216,2018/2019,East & Southeast Asia,strong,emerging,small
glm_ar1,expanding,TWN,2019-07-01,6,4,3.888101130558043,2019/2020,East & Southeast Asia,strong,emerging,small
glm_ar1,expanding,TWN,2020-01-01,1,NA,NA,2019/2020,East & Southeast Asia,strong,emerging,small
glm_ar1,expanding,TWN,2023-07-01,6,3,0.9207740183973024,2023/2024,East & Southeast Asia,strong,emerging,small
glm_ar1,expanding,TWN,2024-01-01,1,NA,NA,2023/2024,East & Southeast Asia,strong,emerging,small
glm_ar1,expanding,URY,2016-01-01,2,NA,NA,2015/2016,South America,strong,emerging,medium
glm_ar1,expanding,URY,2021-07-01,6,0,2.147326034895954,2021/2022,South America,strong,emerging,medium
glm_ar1,expanding,URY,2022-01-01,6,5,2.8526828106082753,2021/2022,South America,strong,emerging,medium
glm_ar1,expanding,URY,2022-07-01,6,1,2.395803092301733,2022/2023,South America,strong,emerging,medium
glm_ar1,expanding,URY,2023-01-01,6,3,2.4238651622496623,2022/2023,South America,strong,emerging,medium
glm_ar1,expanding,URY,2023-07-01,6,0,1.3167014681757292,2023/2024,South America,strong,emerging,medium
glm_ar1,expanding,URY,2024-01-01,6,5,1.876532490135536,2023/2024,South America,strong,emerging,medium
glm_ar1,expanding,URY,2024-07-01,6,1,1.893694827751941,2024/2025,South America,strong,emerging,medium
glm_ar1,expanding,URY,2025-01-01,6,2,3.0076436800684463,2024/2025,South America,strong,emerging,medium
glm_ar1,expanding,URY,2025-07-01,6,2,3.1851867060800174,2025/2026,South America,strong,emerging,medium
glm_ar1,expanding,URY,2026-01-01,6,5,3.2471185296499545,2025/2026,South America,strong,emerging,medium
glm_ar1,expanding,USA,2016-01-01,6,0,1.5408703351985371,2015/2016,North & Central America,moderate,endemic,continental
glm_ar1,expanding,USA,2016-07-01,6,5,1.6466624533386993,2016/2017,North & Central America,moderate,endemic,continental
glm_ar1,expanding,USA,2017-01-01,6,0,0.5919842965556364,2016/2017,North & Central America,moderate,endemic,continental
glm_ar1,expanding,USA,2017-07-01,6,3,1.1941982441378949,2017/2018,North & Central America,moderate,endemic,continental
glm_ar1,expanding,USA,2018-01-01,6,0,0.22712529481368082,2017/2018,North & Central America,moderate,endemic,continental
glm_ar1,expanding,USA,2018-07-01,6,4,1.7165820486908618,2018/2019,North & Central America,moderate,endemic,continental
glm_ar1,expanding,USA,2019-01-01,6,0,1.0662478516478051,2018/2019,North & Central America,moderate,endemic,continental
glm_ar1,expanding,USA,2019-07-01,6,4,1.1321943701893051,2019/2020,North & Central America,moderate,endemic,continental
glm_ar1,expanding,USA,2020-01-01,6,0,1.7445570782415007,2019/2020,North & Central America,moderate,endemic,continental
glm_ar1,expanding,USA,2020-07-01,6,5,2.420410478839337,2020/2021,North & Central America,moderate,endemic,continental
glm_ar1,expanding,USA,2021-01-01,6,0,2.38286340282846,2020/2021,North & Central America,moderate,endemic,continental
glm_ar1,expanding,USA,2021-07-01,6,1,1.9269407703743233,2021/2022,North & Central America,moderate,endemic,continental
glm_ar1,expanding,USA,2022-01-01,6,0,0.897066454031117,2021/2022,North & Central America,moderate,endemic,continental
glm_ar1,expanding,USA,2022-07-01,6,3,1.4953970863902892,2022/2023,North & Central America,moderate,endemic,continental
glm_ar1,expanding,USA,2023-01-01,6,5,3.220667960774065,2022/2023,North & Central America,moderate,endemic,continental
glm_ar1,expanding,USA,2023-07-01,6,1,1.4284441657363711,2023/2024,North & Central America,moderate,endemic,continental
glm_ar1,expanding,USA,2024-01-01,6,0,0.5665496930996358,2023/2024,North & Central America,moderate,endemic,continental
glm_ar1,expanding,USA,2024-07-01,6,4,0.9038048358107136,2024/2025,North & Central America,moderate,endemic,continental
glm_ar1,expanding,USA,2025-01-01,6,1,1.5143025698998833,2024/2025,North & Central America,moderate,endemic,continental
glm_ar1,expanding,USA,2025-07-01,6,4,1.4525341392519329,2025/2026,North & Central America,moderate,endemic,continental
glm_ar1,expanding,USA,2026-01-01,6,0,1.2064160310934084,2025/2026,North & Central America,moderate,endemic,continental
glm_ar1,expanding,VCT,2016-07-01,6,1,0.6694759664869357,2016/2017,Caribbean,moderate,emerging,very_small
glm_ar1,expanding,VCT,2017-01-01,2,NA,NA,2016/2017,Caribbean,moderate,emerging,very_small
glm_ar1,expanding,VCT,2019-07-01,6,0,1.312723576165654,2019/2020,Caribbean,moderate,emerging,very_small
glm_ar1,expanding,VCT,2020-01-01,6,1,1.9752344417173955,2019/2020,Caribbean,moderate,emerging,very_small
glm_ar1,expanding,VCT,2020-07-01,6,1,0.9320723537841985,2020/2021,Caribbean,moderate,emerging,very_small
glm_ar1,expanding,VCT,2021-01-01,6,2,3.034135561217319,2020/2021,Caribbean,moderate,emerging,very_small
glm_ar1,expanding,VCT,2021-07-01,6,1,1.7144492672762623,2021/2022,Caribbean,moderate,emerging,very_small
glm_ar1,expanding,VCT,2022-01-01,2,NA,NA,2021/2022,Caribbean,moderate,emerging,very_small
glm_ar1,expanding,VCT,2023-07-01,6,0,1.1995963238142535,2023/2024,Caribbean,moderate,emerging,very_small
glm_ar1,expanding,VCT,2024-01-01,6,5,2.2102605963842383,2023/2024,Caribbean,moderate,emerging,very_small
glm_ar1,expanding,VCT,2024-07-01,6,1,1.5000505482536293,2024/2025,Caribbean,moderate,emerging,very_small
glm_ar1,expanding,VCT,2025-01-01,6,5,2.9353710158893027,2024/2025,Caribbean,moderate,emerging,very_small
glm_ar1,expanding,VCT,2025-07-01,6,1,2.7470620917443687,2025/2026,Caribbean,moderate,emerging,very_small
glm_ar1,expanding,VCT,2026-01-01,6,5,3.4620474665940293,2025/2026,Caribbean,moderate,emerging,very_small
glm_ar1,expanding,VEN,2016-01-01,6,0,0.24241776152050232,2015/2016,South America,weak,endemic,medium
glm_ar1,expanding,VEN,2016-07-01,6,5,1.0470166264343812,2016/2017,South America,weak,endemic,medium
glm_ar1,expanding,VEN,2017-01-01,6,4,0.4249609275094893,2016/2017,South America,weak,endemic,medium
glm_ar1,expanding,VEN,2017-07-01,6,4,0.31521417295060505,2017/2018,South America,weak,endemic,medium
glm_ar1,expanding,VEN,2018-01-01,6,0,0.1503041171959103,2017/2018,South America,weak,endemic,medium
glm_ar1,expanding,VEN,2018-07-01,6,4,0.22420210662516923,2018/2019,South America,weak,endemic,medium
glm_ar1,expanding,VEN,2019-01-01,6,1,0.3851177188842432,2018/2019,South America,weak,endemic,medium
glm_ar1,expanding,VEN,2019-07-01,6,4,0.1694896947014489,2019/2020,South America,weak,endemic,medium
glm_ar1,expanding,VEN,2020-01-01,6,5,1.0473404628028276,2019/2020,South America,weak,endemic,medium
glm_ar1,expanding,VEN,2020-07-01,6,0,0.4085952345313799,2020/2021,South America,weak,endemic,medium
glm_ar1,expanding,VEN,2021-01-01,6,5,1.1860177820905913,2020/2021,South America,weak,endemic,medium
glm_ar1,expanding,VEN,2021-07-01,6,5,0.7201393076651921,2021/2022,South America,weak,endemic,medium
glm_ar1,expanding,VEN,2022-01-01,6,0,0.3298698897602413,2021/2022,South America,weak,endemic,medium
glm_ar1,expanding,VEN,2022-07-01,6,2,0.18782610027002442,2022/2023,South America,weak,endemic,medium
glm_ar1,expanding,VEN,2023-01-01,6,5,1.8428881985397736,2022/2023,South America,weak,endemic,medium
glm_ar1,expanding,VEN,2023-07-01,6,0,1.6110878110440474,2023/2024,South America,weak,endemic,medium
glm_ar1,expanding,VEN,2024-01-01,2,NA,NA,2023/2024,South America,weak,endemic,medium
glm_ar1,expanding,VEN,2025-01-01,6,-4,0.11658977813947395,2024/2025,South America,weak,endemic,medium
glm_ar1,expanding,VEN,2025-07-01,6,0,0.1444889651809945,2025/2026,South America,weak,endemic,medium
glm_ar1,expanding,VEN,2026-01-01,6,0,0.2668037287301108,2025/2026,South America,weak,endemic,medium
glm_ar1,expanding,VGB,2016-01-01,6,2,2.809964083144852,2015/2016,Caribbean,moderate,emerging,very_small
glm_ar1,expanding,VGB,2016-07-01,6,3,0.8597033995250375,2016/2017,Caribbean,moderate,emerging,very_small
glm_ar1,expanding,VGB,2017-01-01,6,2,1.1675167122885195,2016/2017,Caribbean,moderate,emerging,very_small
glm_ar1,expanding,VGB,2017-07-01,6,3,0.7263749433263826,2017/2018,Caribbean,moderate,emerging,very_small
glm_ar1,expanding,VGB,2018-01-01,6,0,1.3354443471299582,2017/2018,Caribbean,moderate,emerging,very_small
glm_ar1,expanding,VGB,2018-07-01,6,4,2.4087842516943128,2018/2019,Caribbean,moderate,emerging,very_small
glm_ar1,expanding,VGB,2019-01-01,6,2,3.4216551630309664,2018/2019,Caribbean,moderate,emerging,very_small
glm_ar1,expanding,VGB,2019-07-01,6,5,1.9822475975255187,2019/2020,Caribbean,moderate,emerging,very_small
glm_ar1,expanding,VGB,2020-01-01,2,NA,NA,2019/2020,Caribbean,moderate,emerging,very_small
glm_ar1,expanding,VGB,2023-07-01,6,0,1.6628171696483582,2023/2024,Caribbean,moderate,emerging,very_small
glm_ar1,expanding,VGB,2024-01-01,6,2,2.6636574246051197,2023/2024,Caribbean,moderate,emerging,very_small
glm_ar1,expanding,VGB,2024-07-01,6,3,1.8511809926233929,2024/2025,Caribbean,moderate,emerging,very_small
glm_ar1,expanding,VGB,2025-01-01,6,4,3.586673571088189,2024/2025,Caribbean,moderate,emerging,very_small
glm_ar1,expanding,VGB,2025-07-01,6,2,2.6453294158463634,2025/2026,Caribbean,moderate,emerging,very_small
glm_ar1,expanding,VGB,2026-01-01,6,3,2.2269342219711175,2025/2026,Caribbean,moderate,emerging,very_small
glm_ar1,expanding,VNM,2016-01-01,6,-5,0.34565228090628874,2015/2016,East & Southeast Asia,moderate,endemic,medium
glm_ar1,expanding,VNM,2016-07-01,6,3,0.13591627878234824,2016/2017,East & Southeast Asia,moderate,endemic,medium
glm_ar1,expanding,VNM,2017-01-01,6,0,0.3255104183686967,2016/2017,East & Southeast Asia,moderate,endemic,medium
glm_ar1,expanding,VNM,2017-07-01,6,0,0.464988068130721,2017/2018,East & Southeast Asia,moderate,endemic,medium
glm_ar1,expanding,VNM,2018-01-01,6,0,0.3979559002581705,2017/2018,East & Southeast Asia,moderate,endemic,medium
glm_ar1,expanding,VNM,2018-07-01,6,-4,1.1921328188447624,2018/2019,East & Southeast Asia,moderate,endemic,medium
glm_ar1,expanding,VNM,2019-01-01,6,-5,0.6954585770644499,2018/2019,East & Southeast Asia,moderate,endemic,medium
glm_ar1,expanding,VNM,2019-07-01,6,-1,0.6410984264668472,2019/2020,East & Southeast Asia,moderate,endemic,medium
glm_ar1,expanding,VNM,2020-01-01,6,-5,0.43913299896453317,2019/2020,East & Southeast Asia,moderate,endemic,medium
glm_ar1,expanding,VNM,2020-07-01,6,-2,0.3839629974180652,2020/2021,East & Southeast Asia,moderate,endemic,medium
glm_ar1,expanding,VNM,2021-01-01,6,-5,0.2680032997403461,2020/2021,East & Southeast Asia,moderate,endemic,medium
glm_ar1,expanding,VNM,2021-07-01,6,-5,0.6385876262554997,2021/2022,East & Southeast Asia,moderate,endemic,medium
glm_ar1,expanding,VNM,2022-01-01,6,-5,0.9208464389604846,2021/2022,East & Southeast Asia,moderate,endemic,medium
glm_ar1,expanding,VNM,2022-07-01,6,-2,0.6763675078484752,2022/2023,East & Southeast Asia,moderate,endemic,medium
glm_ar1,expanding,VNM,2023-01-01,6,-5,0.2659412580739661,2022/2023,East & Southeast Asia,moderate,endemic,medium
glm_ar1,expanding,VNM,2023-07-01,6,-2,0.5015176837209832,2023/2024,East & Southeast Asia,moderate,endemic,medium
glm_ar1,expanding,VNM,2024-01-01,6,-5,0.23555274336179352,2023/2024,East & Southeast Asia,moderate,endemic,medium
glm_ar1,expanding,VNM,2024-07-01,6,-2,0.6509911710353059,2024/2025,East & Southeast Asia,moderate,endemic,medium
glm_ar1,expanding,VNM,2025-01-01,6,0,0.2566813191286324,2024/2025,East & Southeast Asia,moderate,endemic,medium
glm_ar1,expanding,VNM,2025-07-01,6,0,0.23581577808438992,2025/2026,East & Southeast Asia,moderate,endemic,medium
glm_ar1,expanding,VNM,2026-01-01,6,-5,0.25629723127755283,2025/2026,East & Southeast Asia,moderate,endemic,medium
glm_ar1,expanding,VUT,2018-01-01,6,5,1.3179957413504664,2017/2018,Pacific Islands,weak,emerging,very_small
glm_ar1,expanding,VUT,2018-07-01,6,0,3.1415920070835672,2017/2018,Pacific Islands,weak,emerging,very_small
glm_ar1,expanding,VUT,2019-01-01,6,2,2.72998233044321,2018/2019,Pacific Islands,weak,emerging,very_small
glm_ar1,expanding,VUT,2019-07-01,6,4,2.940976937907964,2018/2019,Pacific Islands,weak,emerging,very_small
glm_ar1,expanding,VUT,2020-01-01,6,2,1.9053792291940013,2019/2020,Pacific Islands,weak,emerging,very_small
glm_ar1,expanding,VUT,2020-07-01,6,5,2.1590148175583557,2019/2020,Pacific Islands,weak,emerging,very_small
glm_ar1,expanding,VUT,2021-01-01,6,5,2.625033266959633,2020/2021,Pacific Islands,weak,emerging,very_small
glm_ar1,expanding,VUT,2021-07-01,6,5,3.628137422936405,2020/2021,Pacific Islands,weak,emerging,very_small
glm_ar1,expanding,VUT,2022-01-01,6,0,1.082598412836983,2021/2022,Pacific Islands,weak,emerging,very_small
glm_ar1,expanding,VUT,2022-07-01,6,3,1.0251524866200612,2021/2022,Pacific Islands,weak,emerging,very_small
glm_ar1,expanding,VUT,2023-01-01,6,3,2.350270648789203,2022/2023,Pacific Islands,weak,emerging,very_small
glm_ar1,expanding,VUT,2023-07-01,6,0,2.1528397434824496,2022/2023,Pacific Islands,weak,emerging,very_small
glm_ar1,expanding,VUT,2024-01-01,6,3,2.0891001733064476,2023/2024,Pacific Islands,weak,emerging,very_small
glm_ar1,expanding,VUT,2024-07-01,6,0,1.5121729918126163,2023/2024,Pacific Islands,weak,emerging,very_small
glm_ar1,expanding,VUT,2025-01-01,6,5,4.81246190763003,2024/2025,Pacific Islands,weak,emerging,very_small
glm_ar1,expanding,VUT,2025-07-01,6,1,1.8734566151631553,2024/2025,Pacific Islands,weak,emerging,very_small
glm_ar1,expanding,VUT,2026-01-01,6,2,2.231371264847685,2025/2026,Pacific Islands,weak,emerging,very_small
glm_ar1,expanding,WLF,2017-07-01,6,0,0.23063344399407856,2017/2018,Pacific Islands,weak,emerging,very_small
glm_ar1,expanding,WLF,2018-01-01,6,5,1.6362884542309584,2017/2018,Pacific Islands,weak,emerging,very_small
glm_ar1,expanding,WLF,2018-07-01,6,2,1.9095548486636236,2018/2019,Pacific Islands,weak,emerging,very_small
glm_ar1,expanding,WLF,2019-01-01,6,1,2.540753660019502,2018/2019,Pacific Islands,weak,emerging,very_small
glm_ar1,expanding,WLF,2019-07-01,6,2,2.2271526829901735,2019/2020,Pacific Islands,weak,emerging,very_small
glm_ar1,expanding,WLF,2020-01-01,6,3,2.4228440588913798,2019/2020,Pacific Islands,weak,emerging,very_small
glm_ar1,expanding,WLF,2020-07-01,6,4,1.67768911854144,2020/2021,Pacific Islands,weak,emerging,very_small
glm_ar1,expanding,WLF,2021-01-01,6,2,2.697546331071132,2020/2021,Pacific Islands,weak,emerging,very_small
glm_ar1,expanding,WLF,2021-07-01,6,3,2.101175319005071,2021/2022,Pacific Islands,weak,emerging,very_small
glm_ar1,expanding,WLF,2022-01-01,6,0,1.8980573609505302,2021/2022,Pacific Islands,weak,emerging,very_small
glm_ar1,expanding,WLF,2022-07-01,6,5,0.9395398347121128,2022/2023,Pacific Islands,weak,emerging,very_small
glm_ar1,expanding,WLF,2023-01-01,6,3,2.8863096740752923,2022/2023,Pacific Islands,weak,emerging,very_small
glm_ar1,expanding,WLF,2023-07-01,6,0,1.310812410211921,2023/2024,Pacific Islands,weak,emerging,very_small
glm_ar1,expanding,WLF,2024-01-01,6,5,3.2432916337513658,2023/2024,Pacific Islands,weak,emerging,very_small
glm_ar1,expanding,WLF,2024-07-01,6,0,1.9712570690098563,2024/2025,Pacific Islands,weak,emerging,very_small
glm_ar1,expanding,WLF,2025-01-01,6,5,3.18764595756384,2024/2025,Pacific Islands,weak,emerging,very_small
glm_ar1,expanding,WLF,2025-07-01,6,3,3.108823890890944,2025/2026,Pacific Islands,weak,emerging,very_small
glm_ar1,expanding,WLF,2026-01-01,6,3,2.693469385220982,2025/2026,Pacific Islands,weak,emerging,very_small
glm_ar1,expanding,WSM,2018-01-01,6,2,0.6777759967828217,2017/2018,Pacific Islands,weak,endemic,very_small
glm_ar1,expanding,WSM,2018-07-01,6,4,1.975972808030199,2017/2018,Pacific Islands,weak,endemic,very_small
glm_ar1,expanding,WSM,2019-01-01,6,1,1.5302256958538356,2018/2019,Pacific Islands,weak,endemic,very_small
glm_ar1,expanding,WSM,2019-07-01,6,5,2.5847403152016226,2018/2019,Pacific Islands,weak,endemic,very_small
glm_ar1,expanding,WSM,2020-01-01,6,5,3.003023447310033,2019/2020,Pacific Islands,weak,endemic,very_small
glm_ar1,expanding,WSM,2020-07-01,6,1,1.6571077589333851,2019/2020,Pacific Islands,weak,endemic,very_small
glm_ar1,expanding,WSM,2021-01-01,6,3,2.098723357254764,2020/2021,Pacific Islands,weak,endemic,very_small
glm_ar1,expanding,WSM,2021-07-01,6,0,0.7494640657293526,2020/2021,Pacific Islands,weak,endemic,very_small
glm_ar1,expanding,WSM,2022-01-01,6,3,0.20238473480866226,2021/2022,Pacific Islands,weak,endemic,very_small
glm_ar1,expanding,WSM,2022-07-01,6,-1,0.722629785789623,2021/2022,Pacific Islands,weak,endemic,very_small
glm_ar1,expanding,WSM,2023-01-01,6,3,2.1852162517094396,2022/2023,Pacific Islands,weak,endemic,very_small
glm_ar1,expanding,WSM,2023-07-01,6,0,2.168743297851241,2022/2023,Pacific Islands,weak,endemic,very_small
glm_ar1,expanding,WSM,2024-01-01,6,3,1.2120617668676925,2023/2024,Pacific Islands,weak,endemic,very_small
glm_ar1,expanding,WSM,2024-07-01,6,1,2.1711962936238054,2023/2024,Pacific Islands,weak,endemic,very_small
glm_ar1,expanding,WSM,2025-01-01,6,0,0.8407359821015402,2024/2025,Pacific Islands,weak,endemic,very_small
glm_ar1,expanding,WSM,2025-07-01,6,0,0.9409681972109892,2024/2025,Pacific Islands,weak,endemic,very_small
glm_ar1,expanding,WSM,2026-01-01,6,0,0.3976904174369327,2025/2026,Pacific Islands,weak,endemic,very_small
glm_ar1,expanding,YEM,2016-01-01,2,NA,NA,2015/2016,"Europe, Middle East & North Africa",weak,emerging,medium
glm_ar1,expanding,YEM,2018-07-01,6,-1,0.12497582446236229,2018/2019,"Europe, Middle East & North Africa",weak,emerging,medium
glm_ar1,expanding,YEM,2019-01-01,6,-1,0.06685577482071288,2018/2019,"Europe, Middle East & North Africa",weak,emerging,medium
glm_ar1,expanding,YEM,2019-07-01,6,2,0.7832435696944534,2019/2020,"Europe, Middle East & North Africa",weak,emerging,medium
glm_ar1,expanding,YEM,2020-01-01,6,0,0.172627448261782,2019/2020,"Europe, Middle East & North Africa",weak,emerging,medium
glm_ar1,expanding,YEM,2020-07-01,6,3,0.18774853557792626,2020/2021,"Europe, Middle East & North Africa",weak,emerging,medium
glm_ar1,expanding,YEM,2021-01-01,6,2,0.5707651384095066,2020/2021,"Europe, Middle East & North Africa",weak,emerging,medium
glm_ar1,expanding,YEM,2021-07-01,6,1,0.3241536124620466,2021/2022,"Europe, Middle East & North Africa",weak,emerging,medium
glm_ar1,expanding,YEM,2022-01-01,6,-5,0.6315414596566719,2021/2022,"Europe, Middle East & North Africa",weak,emerging,medium
glm_ar1,expanding,YEM,2022-07-01,6,3,0.21474770522490458,2022/2023,"Europe, Middle East & North Africa",weak,emerging,medium
glm_ar1,expanding,YEM,2023-01-01,6,2,0.20403998513931354,2022/2023,"Europe, Middle East & North Africa",weak,emerging,medium
glm_ar1,expanding,YEM,2023-07-01,6,3,0.5019913567512685,2023/2024,"Europe, Middle East & North Africa",weak,emerging,medium
glm_ar1,expanding,YEM,2024-01-01,2,NA,NA,2023/2024,"Europe, Middle East & North Africa",weak,emerging,medium
nowcast,expanding,ABW,2016-01-01,6,0,0.4443449940905742,2015/2016,Caribbean,moderate,emerging,very_small
nowcast,expanding,ABW,2016-07-01,6,0,0.16659565528309672,2016/2017,Caribbean,moderate,emerging,very_small
nowcast,expanding,ABW,2017-01-01,6,0,0.27158300275780983,2016/2017,Caribbean,moderate,emerging,very_small
nowcast,expanding,ABW,2017-07-01,6,3,0.610310188332328,2017/2018,Caribbean,moderate,emerging,very_small
nowcast,expanding,ABW,2018-01-01,6,0,3.677121795684218,2017/2018,Caribbean,moderate,emerging,very_small
nowcast,expanding,ABW,2018-07-01,6,-3,2.4125216400326406,2018/2019,Caribbean,moderate,emerging,very_small
nowcast,expanding,ABW,2019-01-01,5,0,0.844894780834734,2018/2019,Caribbean,moderate,emerging,very_small
nowcast,expanding,ABW,2023-07-01,6,4,2.3001003671159856,2023/2024,Caribbean,moderate,emerging,very_small
nowcast,expanding,ABW,2024-01-01,5,-2,0.8113920862594546,2023/2024,Caribbean,moderate,emerging,very_small
nowcast,expanding,ABW,2025-01-01,6,-2,2.6506213313463913,2024/2025,Caribbean,moderate,emerging,very_small
nowcast,expanding,ABW,2025-07-01,6,5,0.8502053026338889,2025/2026,Caribbean,moderate,emerging,very_small
nowcast,expanding,ABW,2026-01-01,6,4,0.39698126801372746,2025/2026,Caribbean,moderate,emerging,very_small
nowcast,expanding,AFG,2024-07-01,6,0,0.5364864093026452,2024/2025,South Asia,strong,emerging,medium
nowcast,expanding,AFG,2025-01-01,6,-5,0.7986930421397044,2024/2025,South Asia,strong,emerging,medium
nowcast,expanding,AFG,2025-07-01,6,0,0.7518673096522246,2025/2026,South Asia,strong,emerging,medium
nowcast,expanding,AFG,2026-01-01,6,-5,1.068008250192568,2025/2026,South Asia,strong,emerging,medium
nowcast,expanding,ARG,2016-01-01,6,1,0.39671129556021717,2015/2016,South America,strong,endemic,large
nowcast,expanding,ARG,2016-07-01,6,1,0.5519814881900118,2016/2017,South America,strong,endemic,large
nowcast,expanding,ARG,2017-01-01,6,0,2.811168740758919,2016/2017,South America,strong,endemic,large
nowcast,expanding,ARG,2017-07-01,6,-1,3.4555744720543875,2017/2018,South America,strong,endemic,large
nowcast,expanding,ARG,2018-01-01,6,-1,1.2669775146415685,2017/2018,South America,strong,endemic,large
nowcast,expanding,ARG,2018-07-01,6,-1,1.85066807033867,2018/2019,South America,strong,endemic,large
nowcast,expanding,ARG,2019-01-01,6,0,0.7756122185779611,2018/2019,South America,strong,endemic,large
nowcast,expanding,ARG,2019-07-01,6,0,1.7530404698934994,2019/2020,South America,strong,endemic,large
nowcast,expanding,ARG,2020-01-01,6,0,1.091913321108924,2019/2020,South America,strong,endemic,large
nowcast,expanding,ARG,2020-07-01,6,0,2.313297181078079,2020/2021,South America,strong,endemic,large
nowcast,expanding,ARG,2021-01-01,6,-1,0.5966751558803228,2020/2021,South America,strong,endemic,large
nowcast,expanding,ARG,2021-07-01,6,1,1.1339988671204775,2021/2022,South America,strong,endemic,large
nowcast,expanding,ARG,2022-01-01,6,0,1.2566951625815674,2021/2022,South America,strong,endemic,large
nowcast,expanding,ARG,2022-07-01,6,0,2.3585420006893165,2022/2023,South America,strong,endemic,large
nowcast,expanding,ARG,2023-01-01,6,0,3.314897624158519,2022/2023,South America,strong,endemic,large
nowcast,expanding,ARG,2023-07-01,6,0,0.7413840181194044,2023/2024,South America,strong,endemic,large
nowcast,expanding,ARG,2024-01-01,6,1,0.9240622359576172,2023/2024,South America,strong,endemic,large
nowcast,expanding,ARG,2024-07-01,6,0,2.1169903288000445,2024/2025,South America,strong,endemic,large
nowcast,expanding,ARG,2025-01-01,6,0,0.5692322436321736,2024/2025,South America,strong,endemic,large
nowcast,expanding,ARG,2025-07-01,6,5,1.7754459454251525,2025/2026,South America,strong,endemic,large
nowcast,expanding,ARG,2026-01-01,6,1,3.805186110960163,2025/2026,South America,strong,endemic,large
nowcast,expanding,ATG,2019-07-01,6,1,0.21258713782011865,2019/2020,Caribbean,moderate,emerging,very_small
nowcast,expanding,ATG,2020-01-01,2,NA,NA,2019/2020,Caribbean,moderate,emerging,very_small
nowcast,expanding,ATG,2021-07-01,6,1,0.30094844500320833,2021/2022,Caribbean,moderate,emerging,very_small
nowcast,expanding,ATG,2022-01-01,6,5,0.7822171914211485,2021/2022,Caribbean,moderate,emerging,very_small
nowcast,expanding,ATG,2022-07-01,6,0,0.19225328694528546,2022/2023,Caribbean,moderate,emerging,very_small
nowcast,expanding,ATG,2023-01-01,6,5,0.28337830860359864,2022/2023,Caribbean,moderate,emerging,very_small
nowcast,expanding,ATG,2023-07-01,6,1,0.19812874288964824,2023/2024,Caribbean,moderate,emerging,very_small
nowcast,expanding,ATG,2024-01-01,6,0,0.3346064173459793,2023/2024,Caribbean,moderate,emerging,very_small
nowcast,expanding,ATG,2024-07-01,6,1,0.4198487911460842,2024/2025,Caribbean,moderate,emerging,very_small
nowcast,expanding,ATG,2025-01-01,6,4,1.0642822045483527,2024/2025,Caribbean,moderate,emerging,very_small
nowcast,expanding,ATG,2025-07-01,6,3,0.3945206023552694,2025/2026,Caribbean,moderate,emerging,very_small
nowcast,expanding,ATG,2026-01-01,6,3,0.7806120100654873,2025/2026,Caribbean,moderate,emerging,very_small
nowcast,expanding,AUS,2016-01-01,6,-1,0.10693401586602976,2015/2016,Pacific Islands,weak,endemic,continental
nowcast,expanding,AUS,2016-07-01,6,0,0.1378878384081931,2015/2016,Pacific Islands,weak,endemic,continental
nowcast,expanding,AUS,2017-01-01,6,0,0.5976155167250959,2016/2017,Pacific Islands,weak,endemic,continental
nowcast,expanding,AUS,2017-07-01,6,0,0.19120307701698755,2016/2017,Pacific Islands,weak,endemic,continental
nowcast,expanding,AUS,2018-01-01,6,-4,0.624601750586609,2017/2018,Pacific Islands,weak,endemic,continental
nowcast,expanding,AUS,2018-07-01,6,0,0.14956389065072553,2017/2018,Pacific Islands,weak,endemic,continental
nowcast,expanding,AUS,2019-01-01,6,-3,0.12898240297895924,2018/2019,Pacific Islands,weak,endemic,continental
nowcast,expanding,AUS,2019-07-01,6,2,0.19607579326587574,2018/2019,Pacific Islands,weak,endemic,continental
nowcast,expanding,AUS,2020-01-01,6,2,1.3742897319242127,2019/2020,Pacific Islands,weak,endemic,continental
nowcast,expanding,AUS,2020-07-01,1,NA,NA,2019/2020,Pacific Islands,weak,endemic,continental
nowcast,expanding,AUS,2022-01-01,6,-5,1.055540937573549,2021/2022,Pacific Islands,weak,endemic,continental
nowcast,expanding,AUS,2022-07-01,6,3,0.3368125518617033,2021/2022,Pacific Islands,weak,endemic,continental
nowcast,expanding,AUS,2023-01-01,6,-2,0.13147113706181113,2022/2023,Pacific Islands,weak,endemic,continental
nowcast,expanding,AUS,2023-07-01,6,0,0.20178168265697013,2022/2023,Pacific Islands,weak,endemic,continental
nowcast,expanding,AUS,2024-01-01,6,1,0.4082445676566792,2023/2024,Pacific Islands,weak,endemic,continental
nowcast,expanding,AUS,2024-07-01,6,-5,0.3209383995364758,2023/2024,Pacific Islands,weak,endemic,continental
nowcast,expanding,AUS,2025-01-01,6,3,0.23230400076088378,2024/2025,Pacific Islands,weak,endemic,continental
nowcast,expanding,AUS,2025-07-01,6,-5,0.17797678085805738,2024/2025,Pacific Islands,weak,endemic,continental
nowcast,expanding,AUS,2026-01-01,6,-2,0.5608198222518676,2025/2026,Pacific Islands,weak,endemic,continental
nowcast,expanding,BFA,2018-07-01,6,0,0.8787757843845863,2018/2019,Sub-Saharan Africa,strong,emerging,medium
nowcast,expanding,BFA,2019-01-01,3,-1,1.421629376675708,2018/2019,Sub-Saharan Africa,strong,emerging,medium
nowcast,expanding,BFA,2023-07-01,6,0,1.1065631554296336,2023/2024,Sub-Saharan Africa,strong,emerging,medium
nowcast,expanding,BFA,2024-01-01,6,1,1.923321130771038,2023/2024,Sub-Saharan Africa,strong,emerging,medium
nowcast,expanding,BFA,2024-07-01,6,0,1.0786435765014846,2024/2025,Sub-Saharan Africa,strong,emerging,medium
nowcast,expanding,BFA,2025-01-01,6,-4,0.9518113306398516,2024/2025,Sub-Saharan Africa,strong,emerging,medium
nowcast,expanding,BFA,2025-07-01,6,0,0.8116669357254636,2025/2026,Sub-Saharan Africa,strong,emerging,medium
nowcast,expanding,BFA,2026-01-01,6,1,0.6217808108873081,2025/2026,Sub-Saharan Africa,strong,emerging,medium
nowcast,expanding,BGD,2016-01-01,6,0,0.6308148649836641,2015/2016,South Asia,strong,emerging,medium
nowcast,expanding,BGD,2016-07-01,6,-1,0.5413367317577916,2016/2017,South Asia,strong,emerging,medium
nowcast,expanding,BGD,2017-01-01,6,0,1.0721281095576751,2016/2017,South Asia,strong,emerging,medium
nowcast,expanding,BGD,2017-07-01,6,-1,0.48124425892380557,2017/2018,South Asia,strong,emerging,medium
nowcast,expanding,BGD,2018-01-01,6,0,0.39228302298323764,2017/2018,South Asia,strong,emerging,medium
nowcast,expanding,BGD,2018-07-01,6,0,0.20491021744588292,2018/2019,South Asia,strong,emerging,medium
nowcast,expanding,BGD,2019-01-01,6,0,0.8103660883483622,2018/2019,South Asia,strong,emerging,medium
nowcast,expanding,BGD,2019-07-01,6,1,0.4604031032845717,2019/2020,South Asia,strong,emerging,medium
nowcast,expanding,BGD,2020-01-01,6,5,0.7369725858256496,2019/2020,South Asia,strong,emerging,medium
nowcast,expanding,BGD,2020-07-01,6,-2,0.6642211176342706,2020/2021,South Asia,strong,emerging,medium
nowcast,expanding,BGD,2021-01-01,6,0,0.5242956088277048,2020/2021,South Asia,strong,emerging,medium
nowcast,expanding,BGD,2021-07-01,6,2,0.36516814986471274,2021/2022,South Asia,strong,emerging,medium
nowcast,expanding,BGD,2022-01-01,6,0,0.49154798382292686,2021/2022,South Asia,strong,emerging,medium
nowcast,expanding,BGD,2022-07-01,6,0,0.7506939591389804,2022/2023,South Asia,strong,emerging,medium
nowcast,expanding,BGD,2023-01-01,6,0,0.7057316297092667,2022/2023,South Asia,strong,emerging,medium
nowcast,expanding,BGD,2023-07-01,6,2,0.43913100594666665,2023/2024,South Asia,strong,emerging,medium
nowcast,expanding,BGD,2024-01-01,6,0,0.5907066033618958,2023/2024,South Asia,strong,emerging,medium
nowcast,expanding,BGD,2024-07-01,6,0,0.6011783682728793,2024/2025,South Asia,strong,emerging,medium
nowcast,expanding,BGD,2025-01-01,6,0,0.3396465744913006,2024/2025,South Asia,strong,emerging,medium
nowcast,expanding,BGD,2025-07-01,6,-1,0.3023695785137505,2025/2026,South Asia,strong,emerging,medium
nowcast,expanding,BGD,2026-01-01,6,0,0.3680650644377939,2025/2026,South Asia,strong,emerging,medium
nowcast,expanding,BHS,2016-07-01,6,0,0.3876165123300151,2016/2017,Caribbean,moderate,emerging,very_small
nowcast,expanding,BHS,2017-01-01,2,NA,NA,2016/2017,Caribbean,moderate,emerging,very_small
nowcast,expanding,BHS,2025-01-01,6,0,3.9385562843501654,2024/2025,Caribbean,moderate,emerging,very_small
nowcast,expanding,BHS,2025-07-01,6,1,4.480551983413019,2025/2026,Caribbean,moderate,emerging,very_small
nowcast,expanding,BHS,2026-01-01,6,-2,3.7707359844013637,2025/2026,Caribbean,moderate,emerging,very_small
nowcast,expanding,BLM,2016-01-01,6,0,0.8923074071449966,2015/2016,Caribbean,moderate,emerging,very_small
nowcast,expanding,BLM,2016-07-01,6,1,0.17816452517067383,2016/2017,Caribbean,moderate,emerging,very_small
nowcast,expanding,BLM,2017-01-01,2,NA,NA,2016/2017,Caribbean,moderate,emerging,very_small
nowcast,expanding,BLM,2019-07-01,6,0,1.0968624453738052,2019/2020,Caribbean,moderate,emerging,very_small
nowcast,expanding,BLM,2020-01-01,6,-2,1.38882636623517,2019/2020,Caribbean,moderate,emerging,very_small
nowcast,expanding,BLM,2020-07-01,6,5,0.8586287898314966,2020/2021,Caribbean,moderate,emerging,very_small
nowcast,expanding,BLM,2021-01-01,2,NA,NA,2020/2021,Caribbean,moderate,emerging,very_small
nowcast,expanding,BLM,2022-07-01,6,2,0.34997275328614913,2022/2023,Caribbean,moderate,emerging,very_small
nowcast,expanding,BLM,2023-01-01,6,-1,0.3617125578713543,2022/2023,Caribbean,moderate,emerging,very_small
nowcast,expanding,BLM,2023-07-01,6,0,0.8953585641956897,2023/2024,Caribbean,moderate,emerging,very_small
nowcast,expanding,BLM,2024-01-01,6,0,0.48726448834015534,2023/2024,Caribbean,moderate,emerging,very_small
nowcast,expanding,BLM,2024-07-01,6,-2,0.8300064482362406,2024/2025,Caribbean,moderate,emerging,very_small
nowcast,expanding,BLM,2025-01-01,6,3,1.1068763341189352,2024/2025,Caribbean,moderate,emerging,very_small
nowcast,expanding,BLM,2025-07-01,6,0,0.11552453009332421,2025/2026,Caribbean,moderate,emerging,very_small
nowcast,expanding,BLM,2026-01-01,6,3,1.0854142526163064,2025/2026,Caribbean,moderate,emerging,very_small
nowcast,expanding,BLZ,2016-01-01,6,-1,0.4643831946385671,2015/2016,North & Central America,weak,endemic,very_small
nowcast,expanding,BLZ,2016-07-01,6,2,0.2728683434446549,2016/2017,North & Central America,weak,endemic,very_small
nowcast,expanding,BLZ,2017-01-01,6,5,0.2161358980057415,2016/2017,North & Central America,weak,endemic,very_small
nowcast,expanding,BLZ,2017-07-01,6,0,0.8232467283008801,2017/2018,North & Central America,weak,endemic,very_small
nowcast,expanding,BLZ,2018-01-01,6,0,0.14345192137227566,2017/2018,North & Central America,weak,endemic,very_small
nowcast,expanding,BLZ,2018-07-01,6,-2,0.20792844748518155,2018/2019,North & Central America,weak,endemic,very_small
nowcast,expanding,BLZ,2019-01-01,6,0,0.3209055389700346,2018/2019,North & Central America,weak,endemic,very_small
nowcast,expanding,BLZ,2019-07-01,6,1,0.3833201161337269,2019/2020,North & Central America,weak,endemic,very_small
nowcast,expanding,BLZ,2020-01-01,6,-1,0.42368497558844975,2019/2020,North & Central America,weak,endemic,very_small
nowcast,expanding,BLZ,2020-07-01,6,-1,0.4646875653228479,2020/2021,North & Central America,weak,endemic,very_small
nowcast,expanding,BLZ,2021-01-01,6,0,0.12445470395432053,2020/2021,North & Central America,weak,endemic,very_small
nowcast,expanding,BLZ,2021-07-01,6,-3,0.2534777223007412,2021/2022,North & Central America,weak,endemic,very_small
nowcast,expanding,BLZ,2022-01-01,6,2,0.19416575279587422,2021/2022,North & Central America,weak,endemic,very_small
nowcast,expanding,BLZ,2022-07-01,6,0,0.41601316337481126,2022/2023,North & Central America,weak,endemic,very_small
nowcast,expanding,BLZ,2023-01-01,6,0,0.8320590779634696,2022/2023,North & Central America,weak,endemic,very_small
nowcast,expanding,BLZ,2023-07-01,6,0,0.1749508158845315,2023/2024,North & Central America,weak,endemic,very_small
nowcast,expanding,BLZ,2024-01-01,6,0,0.5425386327163372,2023/2024,North & Central America,weak,endemic,very_small
nowcast,expanding,BLZ,2024-07-01,6,2,0.560947576239233,2024/2025,North & Central America,weak,endemic,very_small
nowcast,expanding,BLZ,2025-01-01,6,0,0.219229482111714,2024/2025,North & Central America,weak,endemic,very_small
nowcast,expanding,BLZ,2025-07-01,6,0,0.2952414987129434,2025/2026,North & Central America,weak,endemic,very_small
nowcast,expanding,BLZ,2026-01-01,6,0,0.49162831613997565,2025/2026,North & Central America,weak,endemic,very_small
nowcast,expanding,BOL,2016-01-01,6,1,0.7995963586596856,2015/2016,South America,strong,endemic,large
nowcast,expanding,BOL,2016-07-01,6,0,0.29332937277497,2016/2017,South America,strong,endemic,large
nowcast,expanding,BOL,2017-01-01,6,-1,0.40006891026786157,2016/2017,South America,strong,endemic,large
nowcast,expanding,BOL,2017-07-01,6,0,0.5303637285206463,2017/2018,South America,strong,endemic,large
nowcast,expanding,BOL,2018-01-01,6,-2,0.2940924761805129,2017/2018,South America,strong,endemic,large
nowcast,expanding,BOL,2018-07-01,6,1,0.29120068811702726,2018/2019,South America,strong,endemic,large
nowcast,expanding,BOL,2019-01-01,6,2,0.45672276570456555,2018/2019,South America,strong,endemic,large
nowcast,expanding,BOL,2019-07-01,6,0,0.24715034962415916,2019/2020,South America,strong,endemic,large
nowcast,expanding,BOL,2020-01-01,6,0,0.6942158398987616,2019/2020,South America,strong,endemic,large
nowcast,expanding,BOL,2020-07-01,6,0,0.6068379086779521,2020/2021,South America,strong,endemic,large
nowcast,expanding,BOL,2021-01-01,6,-1,0.2703299875917558,2020/2021,South America,strong,endemic,large
nowcast,expanding,BOL,2021-07-01,6,0,0.554598301057731,2021/2022,South America,strong,endemic,large
nowcast,expanding,BOL,2022-01-01,6,-1,0.3145719390986208,2021/2022,South America,strong,endemic,large
nowcast,expanding,BOL,2022-07-01,6,0,0.4657048116847158,2022/2023,South America,strong,endemic,large
nowcast,expanding,BOL,2023-01-01,6,1,0.506881553447877,2022/2023,South America,strong,endemic,large
nowcast,expanding,BOL,2023-07-01,6,0,0.2284246797752536,2023/2024,South America,strong,endemic,large
nowcast,expanding,BOL,2024-01-01,6,-1,0.30897595642313597,2023/2024,South America,strong,endemic,large
nowcast,expanding,BOL,2024-07-01,6,0,0.0871219978737076,2024/2025,South America,strong,endemic,large
nowcast,expanding,BOL,2025-01-01,6,0,0.192425218521706,2024/2025,South America,strong,endemic,large
nowcast,expanding,BOL,2025-07-01,6,0,0.24095531864861405,2025/2026,South America,strong,endemic,large
nowcast,expanding,BOL,2026-01-01,6,1,0.220308325442371,2025/2026,South America,strong,endemic,large
nowcast,expanding,BRA,2016-01-01,6,2,0.5107049057461345,2015/2016,South America,strong,endemic,continental
nowcast,expanding,BRA,2016-07-01,6,0,0.16152576974232216,2015/2016,South America,strong,endemic,continental
nowcast,expanding,BRA,2017-01-01,6,-1,0.4713765244688057,2016/2017,South America,strong,endemic,continental
nowcast,expanding,BRA,2017-07-01,6,0,0.3923168560791825,2016/2017,South America,strong,endemic,continental
nowcast,expanding,BRA,2018-01-01,6,0,0.295356069446376,2017/2018,South America,strong,endemic,continental
nowcast,expanding,BRA,2018-07-01,6,0,0.2571263911271422,2017/2018,South America,strong,endemic,continental
nowcast,expanding,BRA,2019-01-01,6,0,0.3930424161982476,2018/2019,South America,strong,endemic,continental
nowcast,expanding,BRA,2019-07-01,6,0,0.445673696765642,2018/2019,South America,strong,endemic,continental
nowcast,expanding,BRA,2020-01-01,6,1,0.18854989364791455,2019/2020,South America,strong,endemic,continental
nowcast,expanding,BRA,2020-07-01,6,0,0.12345999213706375,2019/2020,South America,strong,endemic,continental
nowcast,expanding,BRA,2021-01-01,6,-1,0.12827406469703728,2020/2021,South America,strong,endemic,continental
nowcast,expanding,BRA,2021-07-01,6,0,0.21297326223387092,2020/2021,South America,strong,endemic,continental
nowcast,expanding,BRA,2022-01-01,6,-1,0.39711863348744636,2021/2022,South America,strong,endemic,continental
nowcast,expanding,BRA,2022-07-01,6,0,0.28085205714027844,2021/2022,South America,strong,endemic,continental
nowcast,expanding,BRA,2023-01-01,6,0,0.19180788255653006,2022/2023,South America,strong,endemic,continental
nowcast,expanding,BRA,2023-07-01,6,0,0.4183542110543799,2022/2023,South America,strong,endemic,continental
nowcast,expanding,BRA,2024-01-01,6,1,0.30791176863683517,2023/2024,South America,strong,endemic,continental
nowcast,expanding,BRA,2024-07-01,6,-5,0.6420153880086165,2023/2024,South America,strong,endemic,continental
nowcast,expanding,BRA,2025-01-01,6,1,0.27383943054719095,2024/2025,South America,strong,endemic,continental
nowcast,expanding,BRA,2025-07-01,6,0,0.30096946573966193,2024/2025,South America,strong,endemic,continental
nowcast,expanding,BRA,2026-01-01,6,1,0.43204695781547403,2025/2026,South America,strong,endemic,continental
nowcast,expanding,BRB,2016-01-01,6,4,0.5250366270258634,2015/2016,Caribbean,weak,endemic,very_small
nowcast,expanding,BRB,2016-07-01,6,-1,0.5544473215402361,2016/2017,Caribbean,weak,endemic,very_small
nowcast,expanding,BRB,2017-01-01,6,-1,0.2560208403278031,2016/2017,Caribbean,weak,endemic,very_small
nowcast,expanding,BRB,2017-07-01,6,0,0.6523506086345067,2017/2018,Caribbean,weak,endemic,very_small
nowcast,expanding,BRB,2018-01-01,6,5,1.4101959255512833,2017/2018,Caribbean,weak,endemic,very_small
nowcast,expanding,BRB,2018-07-01,6,0,0.4358045940188837,2018/2019,Caribbean,weak,endemic,very_small
nowcast,expanding,BRB,2019-01-01,6,1,1.2340732451875833,2018/2019,Caribbean,weak,endemic,very_small
nowcast,expanding,BRB,2019-07-01,6,-3,0.5969127079270622,2019/2020,Caribbean,weak,endemic,very_small
nowcast,expanding,BRB,2020-01-01,6,5,0.8489414688566311,2019/2020,Caribbean,weak,endemic,very_small
nowcast,expanding,BRB,2020-07-01,6,-2,1.5887295379303585,2020/2021,Caribbean,weak,endemic,very_small
nowcast,expanding,BRB,2021-01-01,6,0,1.060168083617785,2020/2021,Caribbean,weak,endemic,very_small
nowcast,expanding,BRB,2021-07-01,6,-2,0.6007987022529236,2021/2022,Caribbean,weak,endemic,very_small
nowcast,expanding,BRB,2022-01-01,6,0,0.4387307073698765,2021/2022,Caribbean,weak,endemic,very_small
nowcast,expanding,BRB,2022-07-01,6,3,0.44760810369664267,2022/2023,Caribbean,weak,endemic,very_small
nowcast,expanding,BRB,2023-01-01,6,3,2.5409786994057604,2022/2023,Caribbean,weak,endemic,very_small
nowcast,expanding,BRB,2023-07-01,6,-4,2.785569592737096,2023/2024,Caribbean,weak,endemic,very_small
nowcast,expanding,BRB,2024-01-01,6,5,1.0428251197381073,2023/2024,Caribbean,weak,endemic,very_small
nowcast,expanding,BRB,2024-07-01,6,0,0.23316603195442487,2024/2025,Caribbean,weak,endemic,very_small
nowcast,expanding,BRB,2025-01-01,6,3,0.553135100784998,2024/2025,Caribbean,weak,endemic,very_small
nowcast,expanding,BRB,2025-07-01,6,2,0.24315730673629668,2025/2026,Caribbean,weak,endemic,very_small
nowcast,expanding,BRB,2026-01-01,6,0,1.2505818202434404,2025/2026,Caribbean,weak,endemic,very_small
nowcast,expanding,BRN,2016-01-01,6,3,0.8173167915376215,2015/2016,East & Southeast Asia,weak,emerging,very_small
nowcast,expanding,BRN,2016-07-01,6,0,0.21614711765570427,2016/2017,East & Southeast Asia,weak,emerging,very_small
nowcast,expanding,BRN,2017-01-01,6,4,0.7826729849618063,2016/2017,East & Southeast Asia,weak,emerging,very_small
nowcast,expanding,BRN,2017-07-01,6,-5,0.13173959349538641,2017/2018,East & Southeast Asia,weak,emerging,very_small
nowcast,expanding,BRN,2018-01-01,6,0,0.7673685644785037,2017/2018,East & Southeast Asia,weak,emerging,very_small
nowcast,expanding,BRN,2018-07-01,6,-1,0.09494543596672063,2018/2019,East & Southeast Asia,weak,emerging,very_small
nowcast,expanding,BRN,2019-01-01,6,5,0.3135476477807621,2018/2019,East & Southeast Asia,weak,emerging,very_small
nowcast,expanding,BRN,2019-07-01,6,0,0.0646173397979087,2019/2020,East & Southeast Asia,weak,emerging,very_small
nowcast,expanding,BRN,2020-01-01,6,0,0.18652882750844646,2019/2020,East & Southeast Asia,weak,emerging,very_small
nowcast,expanding,BRN,2020-07-01,6,2,0.06390123500525662,2020/2021,East & Southeast Asia,weak,emerging,very_small
nowcast,expanding,BRN,2021-01-01,6,-2,0.15524846685609325,2020/2021,East & Southeast Asia,weak,emerging,very_small
nowcast,expanding,BRN,2021-07-01,6,2,0.06273830250822195,2021/2022,East & Southeast Asia,weak,emerging,very_small
nowcast,expanding,BRN,2022-01-01,6,2,0.169143566777367,2021/2022,East & Southeast Asia,weak,emerging,very_small
nowcast,expanding,BRN,2022-07-01,6,2,0.041173913958079934,2022/2023,East & Southeast Asia,weak,emerging,very_small
nowcast,expanding,BRN,2023-01-01,6,5,0.13342247189696535,2022/2023,East & Southeast Asia,weak,emerging,very_small
nowcast,expanding,BRN,2023-07-01,6,1,0.07608233408975244,2023/2024,East & Southeast Asia,weak,emerging,very_small
nowcast,expanding,BRN,2024-01-01,3,0,0.01075642018959518,2023/2024,East & Southeast Asia,weak,emerging,very_small
nowcast,expanding,BTN,2016-07-01,6,0,0.19603742119407938,2016/2017,South Asia,moderate,endemic,small
nowcast,expanding,BTN,2017-01-01,6,0,1.1916816988826682,2016/2017,South Asia,moderate,endemic,small
nowcast,expanding,BTN,2017-07-01,6,0,0.11479288945565375,2017/2018,South Asia,moderate,endemic,small
nowcast,expanding,BTN,2018-01-01,6,1,1.202081179302272,2017/2018,South Asia,moderate,endemic,small
nowcast,expanding,BTN,2018-07-01,6,-5,0.5183272716583159,2018/2019,South Asia,moderate,endemic,small
nowcast,expanding,BTN,2019-01-01,6,0,1.641924536550439,2018/2019,South Asia,moderate,endemic,small
nowcast,expanding,BTN,2019-07-01,6,4,0.5778332473613997,2019/2020,South Asia,moderate,endemic,small
nowcast,expanding,BTN,2020-01-01,1,NA,NA,2019/2020,South Asia,moderate,endemic,small
nowcast,expanding,BTN,2021-07-01,6,-4,2.432343305608555,2021/2022,South Asia,moderate,endemic,small
nowcast,expanding,BTN,2022-01-01,6,0,0.7891521900934819,2021/2022,South Asia,moderate,endemic,small
nowcast,expanding,BTN,2022-07-01,6,1,0.10810056375044778,2022/2023,South Asia,moderate,endemic,small
nowcast,expanding,BTN,2023-01-01,6,0,0.20363018500979366,2022/2023,South Asia,moderate,endemic,small
nowcast,expanding,BTN,2023-07-01,6,0,0.24813327652429526,2023/2024,South Asia,moderate,endemic,small
nowcast,expanding,BTN,2024-01-01,6,0,1.2198350974808732,2023/2024,South Asia,moderate,endemic,small
nowcast,expanding,BTN,2024-07-01,6,0,0.42624059840131245,2024/2025,South Asia,moderate,endemic,small
nowcast,expanding,BTN,2025-01-01,6,1,1.1473721007641524,2024/2025,South Asia,moderate,endemic,small
nowcast,expanding,BTN,2025-07-01,6,0,0.505587592114736,2025/2026,South Asia,moderate,endemic,small
nowcast,expanding,BTN,2026-01-01,6,2,1.0177398121937002,2025/2026,South Asia,moderate,endemic,small
nowcast,expanding,CHL,2025-01-01,6,2,1.0739154407018148,2024/2025,South America,strong,emerging,medium
nowcast,expanding,CHL,2025-07-01,6,0,0.6353849155132832,2025/2026,South America,strong,emerging,medium
nowcast,expanding,CHL,2026-01-01,6,1,0.23579797113444925,2025/2026,South America,strong,emerging,medium
nowcast,expanding,CHN,2016-01-01,6,0,1.4895523943506896,2015/2016,East & Southeast Asia,strong,emerging,continental
nowcast,expanding,CHN,2016-07-01,6,1,1.068741970896763,2016/2017,East & Southeast Asia,strong,emerging,continental
nowcast,expanding,CHN,2017-01-01,6,0,1.2263908338081704,2016/2017,East & Southeast Asia,strong,emerging,continental
nowcast,expanding,CHN,2017-07-01,6,1,0.8088340876521386,2017/2018,East & Southeast Asia,strong,emerging,continental
nowcast,expanding,CHN,2018-01-01,6,0,0.6848955870728489,2017/2018,East & Southeast Asia,strong,emerging,continental
nowcast,expanding,CHN,2018-07-01,6,0,0.6103910681249513,2018/2019,East & Southeast Asia,strong,emerging,continental
nowcast,expanding,CHN,2019-01-01,6,0,1.6655252673559964,2018/2019,East & Southeast Asia,strong,emerging,continental
nowcast,expanding,CHN,2019-07-01,6,1,0.8089905270115958,2019/2020,East & Southeast Asia,strong,emerging,continental
nowcast,expanding,CHN,2020-01-01,1,NA,NA,2019/2020,East & Southeast Asia,strong,emerging,continental
nowcast,expanding,CHN,2022-07-01,6,-1,1.4069829796210842,2022/2023,East & Southeast Asia,strong,emerging,continental
nowcast,expanding,CHN,2023-01-01,6,0,1.3055292173444084,2022/2023,East & Southeast Asia,strong,emerging,continental
nowcast,expanding,CHN,2023-07-01,6,1,0.6066074770591195,2023/2024,East & Southeast Asia,strong,emerging,continental
nowcast,expanding,CHN,2024-01-01,6,0,2.2962017348137933,2023/2024,East & Southeast Asia,strong,emerging,continental
nowcast,expanding,CHN,2024-07-01,6,-1,0.8443860988589144,2024/2025,East & Southeast Asia,strong,emerging,continental
nowcast,expanding,CHN,2025-01-01,6,0,1.1117788722749922,2024/2025,East & Southeast Asia,strong,emerging,continental
nowcast,expanding,CHN,2025-07-01,6,-1,0.5385204353416347,2025/2026,East & Southeast Asia,strong,emerging,continental
nowcast,expanding,CHN,2026-01-01,6,0,1.4406248924600444,2025/2026,East & Southeast Asia,strong,emerging,continental
nowcast,expanding,CIV,2025-01-01,6,0,0.6099799310374648,2025/2026,Sub-Saharan Africa,strong,emerging,medium
nowcast,expanding,CIV,2025-07-01,6,0,0.6737679695000597,2025/2026,Sub-Saharan Africa,strong,emerging,medium
nowcast,expanding,CIV,2026-01-01,6,0,0.39399795362175666,2026/2027,Sub-Saharan Africa,strong,emerging,medium
nowcast,expanding,COK,2020-01-01,6,0,1.374115978137293,2020/2021,Pacific Islands,strong,emerging,very_small
nowcast,expanding,COK,2020-07-01,6,1,1.732142626899222,2020/2021,Pacific Islands,strong,emerging,very_small
nowcast,expanding,COK,2021-01-01,6,0,0.2873100575916055,2021/2022,Pacific Islands,strong,emerging,very_small
nowcast,expanding,COK,2021-07-01,5,0,0.40298060410845304,2021/2022,Pacific Islands,strong,emerging,very_small
nowcast,expanding,COK,2025-01-01,6,-4,1.1253285537388498,2025/2026,Pacific Islands,strong,emerging,very_small
nowcast,expanding,COK,2025-07-01,6,0,1.8832865635110565,2025/2026,Pacific Islands,strong,emerging,very_small
nowcast,expanding,COK,2026-01-01,6,1,0.9737384362684464,2026/2027,Pacific Islands,strong,emerging,very_small
nowcast,expanding,COL,2016-01-01,6,0,0.0845134518568466,2016/2017,South America,weak,endemic,large
nowcast,expanding,COL,2016-07-01,6,5,0.9066868937054459,2016/2017,South America,weak,endemic,large
nowcast,expanding,COL,2017-01-01,6,-5,1.1923801600168658,2017/2018,South America,weak,endemic,large
nowcast,expanding,COL,2017-07-01,6,-2,0.07736254169776835,2017/2018,South America,weak,endemic,large
nowcast,expanding,COL,2018-01-01,6,-5,0.7719980732730232,2018/2019,South America,weak,endemic,large
nowcast,expanding,COL,2018-07-01,6,-2,0.41225777718600715,2018/2019,South America,weak,endemic,large
nowcast,expanding,COL,2019-01-01,6,1,0.17800207144472072,2019/2020,South America,weak,endemic,large
nowcast,expanding,COL,2019-07-01,6,-2,0.07881482279626291,2019/2020,South America,weak,endemic,large
nowcast,expanding,COL,2020-01-01,6,5,0.2869602526895972,2020/2021,South America,weak,endemic,large
nowcast,expanding,COL,2020-07-01,6,5,0.9155143597046388,2020/2021,South America,weak,endemic,large
nowcast,expanding,COL,2021-01-01,6,0,0.9107156514458202,2021/2022,South America,weak,endemic,large
nowcast,expanding,COL,2021-07-01,6,2,0.52094642954382675,2021/2022,South America,weak,endemic,large
nowcast,expanding,COL,2022-01-01,6,-5,0.2859896801855806,2022/2023,South America,weak,endemic,large
nowcast,expanding,COL,2022-07-01,6,-2,0.09662856489661313,2022/2023,South America,weak,endemic,large
nowcast,expanding,COL,2023-01-01,6,-5,0.1083321142496952,2023/2024,South America,weak,endemic,large
nowcast,expanding,COL,2023-07-01,6,0,0.1173573712775015,2023/2024,South America,weak,endemic,large
nowcast,expanding,COL,2024-01-01,6,1,1.1967204608033617,2024/2025,South America,weak,endemic,large
nowcast,expanding,COL,2024-07-01,6,4,0.7159363638835061,2024/2025,South America,weak,endemic,large
nowcast,expanding,COL,2025-01-01,6,-1,0.20517439208457855,2025/2026,South America,weak,endemic,large
nowcast,expanding,COL,2025-07-01,6,0,0.38542992893031763,2025/2026,South America,weak,endemic,large
nowcast,expanding,COL,2026-01-01,6,-4,0.061753011656297506,2026/2027,South America,weak,endemic,large
nowcast,expanding,CRI,2016-01-01,6,0,0.22688419607903185,2015/2016,North & Central America,moderate,endemic,small
nowcast,expanding,CRI,2016-07-01,6,0,0.32381753157442406,2016/2017,North & Central America,moderate,endemic,small
nowcast,expanding,CRI,2017-01-01,6,0,0.4945014603379582,2016/2017,North & Central America,moderate,endemic,small
nowcast,expanding,CRI,2017-07-01,6,0,0.342690597696142,2017/2018,North & Central America,moderate,endemic,small
nowcast,expanding,CRI,2018-01-01,6,0,0.8270824922913024,2017/2018,North & Central America,moderate,endemic,small
nowcast,expanding,CRI,2018-07-01,6,-3,0.1772196796467583,2018/2019,North & Central America,moderate,endemic,small
nowcast,expanding,CRI,2019-01-01,6,0,0.5638259190730787,2018/2019,North & Central America,moderate,endemic,small
nowcast,expanding,CRI,2019-07-01,6,-1,0.23993515695632847,2019/2020,North & Central America,moderate,endemic,small
nowcast,expanding,CRI,2020-01-01,6,1,0.28699187864159975,2019/2020,North & Central America,moderate,endemic,small
nowcast,expanding,CRI,2020-07-01,6,0,0.2481066640011004,2020/2021,North & Central America,moderate,endemic,small
nowcast,expanding,CRI,2021-01-01,6,0,0.6905456910048061,2020/2021,North & Central America,moderate,endemic,small
nowcast,expanding,CRI,2021-07-01,6,-2,0.22802626689728647,2021/2022,North & Central America,moderate,endemic,small
nowcast,expanding,CRI,2022-01-01,6,0,0.27847904129284795,2021/2022,North & Central America,moderate,endemic,small
nowcast,expanding,CRI,2022-07-01,6,0,0.08391588898895419,2022/2023,North & Central America,moderate,endemic,small
nowcast,expanding,CRI,2023-01-01,6,0,0.22395578878988479,2022/2023,North & Central America,moderate,endemic,small
nowcast,expanding,CRI,2023-07-01,6,-2,1.112773818706555,2023/2024,North & Central America,moderate,endemic,small
nowcast,expanding,CRI,2024-01-01,6,0,0.17471393324103782,2023/2024,North & Central America,moderate,endemic,small
nowcast,expanding,CRI,2024-07-01,6,-1,0.13357075380832462,2024/2025,North & Central America,moderate,endemic,small
nowcast,expanding,CRI,2025-01-01,6,0,1.0435481930165535,2024/2025,North & Central America,moderate,endemic,small
nowcast,expanding,CRI,2025-07-01,6,-1,0.33171800323869277,2025/2026,North & Central America,moderate,endemic,small
nowcast,expanding,CRI,2026-01-01,6,1,0.3905850718289477,2025/2026,North & Central America,moderate,endemic,small
nowcast,expanding,CUB,2017-07-01,6,-3,0.18240410543280516,2017/2018,Caribbean,moderate,endemic,medium
nowcast,expanding,CUB,2018-01-01,6,0,0.21088142819052516,2017/2018,Caribbean,moderate,endemic,medium
nowcast,expanding,CUB,2018-07-01,6,0,0.07535430730541497,2018/2019,Caribbean,moderate,endemic,medium
nowcast,expanding,CUB,2019-01-01,6,0,0.19772817344807883,2018/2019,Caribbean,moderate,endemic,medium
nowcast,expanding,CUB,2019-07-01,6,0,0.18527095891060905,2019/2020,Caribbean,moderate,endemic,medium
nowcast,expanding,CUB,2020-01-01,6,-5,0.32801753079958385,2019/2020,Caribbean,moderate,endemic,medium
nowcast,expanding,CUB,2020-07-01,6,0,0.07646397012059263,2020/2021,Caribbean,moderate,endemic,medium
nowcast,expanding,CUB,2021-01-01,6,0,0.18796098903694947,2020/2021,Caribbean,moderate,endemic,medium
nowcast,expanding,CUB,2021-07-01,6,-4,0.14166114159890944,2021/2022,Caribbean,moderate,endemic,medium
nowcast,expanding,CUB,2022-01-01,2,NA,NA,2021/2022,Caribbean,moderate,endemic,medium
nowcast,expanding,CUB,2025-01-01,6,-5,2.2053569013848544,2024/2025,Caribbean,moderate,endemic,medium
nowcast,expanding,CUB,2025-07-01,6,-1,0.251378549764442,2025/2026,Caribbean,moderate,endemic,medium
nowcast,expanding,CUB,2026-01-01,6,-5,1.297275795213502,2025/2026,Caribbean,moderate,endemic,medium
nowcast,expanding,CYM,2016-01-01,6,0,0.30119088309357206,2015/2016,Caribbean,strong,emerging,very_small
nowcast,expanding,CYM,2016-07-01,6,3,0.2718233815876339,2016/2017,Caribbean,strong,emerging,very_small
nowcast,expanding,CYM,2017-01-01,2,NA,NA,2016/2017,Caribbean,strong,emerging,very_small
nowcast,expanding,CYM,2018-07-01,6,-3,0.19934977097364437,2018/2019,Caribbean,strong,emerging,very_small
nowcast,expanding,CYM,2019-01-01,6,0,0.4701950994111009,2018/2019,Caribbean,strong,emerging,very_small
nowcast,expanding,CYM,2019-07-01,6,3,0.7289537955722665,2019/2020,Caribbean,strong,emerging,very_small
nowcast,expanding,CYM,2020-01-01,2,NA,NA,2019/2020,Caribbean,strong,emerging,very_small
nowcast,expanding,CYM,2025-01-01,6,5,0.48475926333026703,2024/2025,Caribbean,strong,emerging,very_small
nowcast,expanding,CYM,2025-07-01,6,2,1.7271363454620106,2025/2026,Caribbean,strong,emerging,very_small
nowcast,expanding,CYM,2026-01-01,6,5,0.48475926333026703,2025/2026,Caribbean,strong,emerging,very_small
nowcast,expanding,DMA,2016-01-01,6,0,0.6777988880956239,2015/2016,Caribbean,moderate,emerging,very_small
nowcast,expanding,DMA,2016-07-01,6,2,0.3723552724588313,2016/2017,Caribbean,moderate,emerging,very_small
nowcast,expanding,DMA,2017-01-01,2,NA,NA,2016/2017,Caribbean,moderate,emerging,very_small
nowcast,expanding,DMA,2018-07-01,6,0,0.3239775260715918,2018/2019,Caribbean,moderate,emerging,very_small
nowcast,expanding,DMA,2019-01-01,6,4,1.7649975854393227,2018/2019,Caribbean,moderate,emerging,very_small
nowcast,expanding,DMA,2019-07-01,6,0,0.29761230346665307,2019/2020,Caribbean,moderate,emerging,very_small
nowcast,expanding,DMA,2020-01-01,6,0,0.5118579530675472,2019/2020,Caribbean,moderate,emerging,very_small
nowcast,expanding,DMA,2020-07-01,6,-1,0.15822024336414048,2020/2021,Caribbean,moderate,emerging,very_small
nowcast,expanding,DMA,2021-01-01,6,4,0.45146506561457117,2020/2021,Caribbean,moderate,emerging,very_small
nowcast,expanding,DMA,2021-07-01,6,0,0.20066213405432273,2021/2022,Caribbean,moderate,emerging,very_small
nowcast,expanding,DMA,2022-01-01,6,4,1.3352562907578938,2021/2022,Caribbean,moderate,emerging,very_small
nowcast,expanding,DMA,2022-07-01,6,-3,1.5643078778636603,2022/2023,Caribbean,moderate,emerging,very_small
nowcast,expanding,DMA,2023-01-01,2,NA,NA,2022/2023,Caribbean,moderate,emerging,very_small
nowcast,expanding,DOM,2016-01-01,6,0,0.1354559776992584,2015/2016,Caribbean,weak,endemic,small
nowcast,expanding,DOM,2016-07-01,6,2,1.7442198160976128,2016/2017,Caribbean,weak,endemic,small
nowcast,expanding,DOM,2017-01-01,6,0,0.9164390879263569,2016/2017,Caribbean,weak,endemic,small
nowcast,expanding,DOM,2017-07-01,6,0,0.06641298253073795,2017/2018,Caribbean,weak,endemic,small
nowcast,expanding,DOM,2018-01-01,6,1,1.0350714344848446,2017/2018,Caribbean,weak,endemic,small
nowcast,expanding,DOM,2018-07-01,6,-3,0.601138024124652,2018/2019,Caribbean,weak,endemic,small
nowcast,expanding,DOM,2019-01-01,6,0,0.3135622118426132,2018/2019,Caribbean,weak,endemic,small
nowcast,expanding,DOM,2019-07-01,6,1,0.35180684623879466,2019/2020,Caribbean,weak,endemic,small
nowcast,expanding,DOM,2020-01-01,6,0,0.6256591098603567,2019/2020,Caribbean,weak,endemic,small
nowcast,expanding,DOM,2020-07-01,6,-1,0.42823869686381916,2020/2021,Caribbean,weak,endemic,small
nowcast,expanding,DOM,2021-01-01,6,2,0.7374376656028835,2020/2021,Caribbean,weak,endemic,small
nowcast,expanding,DOM,2021-07-01,6,0,1.109543217070512,2021/2022,Caribbean,weak,endemic,small
nowcast,expanding,DOM,2022-01-01,6,-1,0.19697450999427657,2021/2022,Caribbean,weak,endemic,small
nowcast,expanding,DOM,2022-07-01,6,0,0.23582874332487722,2022/2023,Caribbean,weak,endemic,small
nowcast,expanding,DOM,2023-01-01,6,0,0.5823339286175141,2022/2023,Caribbean,weak,endemic,small
nowcast,expanding,DOM,2023-07-01,6,0,1.1271719700236806,2023/2024,Caribbean,weak,endemic,small
nowcast,expanding,DOM,2024-01-01,6,-1,0.28917979356699514,2023/2024,Caribbean,weak,endemic,small
nowcast,expanding,DOM,2024-07-01,6,0,1.1572293485211418,2024/2025,Caribbean,weak,endemic,small
nowcast,expanding,DOM,2025-01-01,6,4,1.1281712287322494,2024/2025,Caribbean,weak,endemic,small
nowcast,expanding,DOM,2025-07-01,6,-1,0.166545431323296,2025/2026,Caribbean,weak,endemic,small
nowcast,expanding,DOM,2026-01-01,6,1,0.8775595588006567,2025/2026,Caribbean,weak,endemic,small
nowcast,expanding,ECU,2016-01-01,6,0,0.17195857744594809,2015/2016,South America,weak,endemic,medium
nowcast,expanding,ECU,2016-07-01,6,-1,0.27015551263916593,2015/2016,South America,weak,endemic,medium
nowcast,expanding,ECU,2017-01-01,6,1,0.2019835615587521,2016/2017,South America,weak,endemic,medium
nowcast,expanding,ECU,2017-07-01,6,0,0.4832437670334741,2016/2017,South America,weak,endemic,medium
nowcast,expanding,ECU,2018-01-01,6,2,0.49958373944298456,2017/2018,South America,weak,endemic,medium
nowcast,expanding,ECU,2018-07-01,6,0,0.5782057619311273,2017/2018,South America,weak,endemic,medium
nowcast,expanding,ECU,2019-01-01,6,-2,0.30549896999135456,2018/2019,South America,weak,endemic,medium
nowcast,expanding,ECU,2019-07-01,6,0,0.3904817295960971,2018/2019,South America,weak,endemic,medium
nowcast,expanding,ECU,2020-01-01,6,0,0.18236151276298052,2019/2020,South America,weak,endemic,medium
nowcast,expanding,ECU,2020-07-01,6,1,0.21139994352253297,2019/2020,South America,weak,endemic,medium
nowcast,expanding,ECU,2021-01-01,6,-2,0.45313142035174714,2020/2021,South America,weak,endemic,medium
nowcast,expanding,ECU,2021-07-01,6,0,0.15059838555838775,2020/2021,South America,weak,endemic,medium
nowcast,expanding,ECU,2022-01-01,6,-2,0.1346326706389823,2021/2022,South America,weak,endemic,medium
nowcast,expanding,ECU,2022-07-01,6,0,0.15196700787998063,2021/2022,South America,weak,endemic,medium
nowcast,expanding,ECU,2023-01-01,6,-4,0.30824496119861083,2022/2023,South America,weak,endemic,medium
nowcast,expanding,ECU,2023-07-01,6,0,0.7887081013504016,2022/2023,South America,weak,endemic,medium
nowcast,expanding,ECU,2024-01-01,6,2,0.1424003457483054,2023/2024,South America,weak,endemic,medium
nowcast,expanding,ECU,2024-07-01,6,-5,0.3571778375087369,2023/2024,South America,weak,endemic,medium
nowcast,expanding,ECU,2025-01-01,6,0,0.22624281597661344,2024/2025,South America,weak,endemic,medium
nowcast,expanding,ECU,2025-07-01,6,-5,0.13165661663592987,2024/2025,South America,weak,endemic,medium
nowcast,expanding,ECU,2026-01-01,6,-1,0.2342103518183086,2025/2026,South America,weak,endemic,medium
nowcast,expanding,ERI,2025-01-01,6,3,1.6016661183015397,2024/2025,Sub-Saharan Africa,weak,emerging,medium
nowcast,expanding,ERI,2025-07-01,6,2,1.6749082252145204,2025/2026,Sub-Saharan Africa,weak,emerging,medium
nowcast,expanding,ERI,2026-01-01,6,5,1.3134550090177692,2025/2026,Sub-Saharan Africa,weak,emerging,medium
nowcast,expanding,FJI,2016-01-01,6,0,1.1717888711738214,2015/2016,Pacific Islands,moderate,endemic,very_small
nowcast,expanding,FJI,2016-07-01,6,-1,0.6089777440948932,2015/2016,Pacific Islands,moderate,endemic,very_small
nowcast,expanding,FJI,2017-01-01,6,-1,0.9311690417428083,2016/2017,Pacific Islands,moderate,endemic,very_small
nowcast,expanding,FJI,2017-07-01,6,-1,0.3305784495345471,2016/2017,Pacific Islands,moderate,endemic,very_small
nowcast,expanding,FJI,2018-01-01,6,-1,0.22149283751059845,2017/2018,Pacific Islands,moderate,endemic,very_small
nowcast,expanding,FJI,2018-07-01,6,0,0.2917715847389412,2017/2018,Pacific Islands,moderate,endemic,very_small
nowcast,expanding,FJI,2019-01-01,6,0,0.10242392492161834,2018/2019,Pacific Islands,moderate,endemic,very_small
nowcast,expanding,FJI,2019-07-01,6,5,1.014118909976321,2018/2019,Pacific Islands,moderate,endemic,very_small
nowcast,expanding,FJI,2020-01-01,6,-3,1.4938939254310786,2019/2020,Pacific Islands,moderate,endemic,very_small
nowcast,expanding,FJI,2020-07-01,6,0,0.6520633510958302,2019/2020,Pacific Islands,moderate,endemic,very_small
nowcast,expanding,FJI,2021-01-01,6,0,0.16770923134573512,2020/2021,Pacific Islands,moderate,endemic,very_small
nowcast,expanding,FJI,2021-07-01,6,5,0.2544592272147659,2020/2021,Pacific Islands,moderate,endemic,very_small
nowcast,expanding,FJI,2022-01-01,6,1,0.2996907017412293,2021/2022,Pacific Islands,moderate,endemic,very_small
nowcast,expanding,FJI,2022-07-01,6,0,0.503973202754837,2021/2022,Pacific Islands,moderate,endemic,very_small
nowcast,expanding,FJI,2023-01-01,6,0,0.41353916174807615,2022/2023,Pacific Islands,moderate,endemic,very_small
nowcast,expanding,FJI,2023-07-01,6,0,0.27810177075729503,2022/2023,Pacific Islands,moderate,endemic,very_small
nowcast,expanding,FJI,2024-01-01,6,-2,0.1807026162165295,2023/2024,Pacific Islands,moderate,endemic,very_small
nowcast,expanding,FJI,2024-07-01,6,0,0.5669229609401724,2023/2024,Pacific Islands,moderate,endemic,very_small
nowcast,expanding,FJI,2025-01-01,6,-1,0.5018916502473268,2024/2025,Pacific Islands,moderate,endemic,very_small
nowcast,expanding,FJI,2025-07-01,6,3,0.20261279372112892,2024/2025,Pacific Islands,moderate,endemic,very_small
nowcast,expanding,FJI,2026-01-01,6,1,0.37166739888991507,2025/2026,Pacific Islands,moderate,endemic,very_small
nowcast,expanding,FSM,2020-07-01,6,0,0.32950727179429745,2020/2021,Pacific Islands,moderate,endemic,very_small
nowcast,expanding,FSM,2021-01-01,6,0,0.6812216372433767,2020/2021,Pacific Islands,moderate,endemic,very_small
nowcast,expanding,FSM,2021-07-01,6,0,0.15775036537934953,2021/2022,Pacific Islands,moderate,endemic,very_small
nowcast,expanding,FSM,2022-01-01,6,-1,0.26521719669470956,2021/2022,Pacific Islands,moderate,endemic,very_small
nowcast,expanding,FSM,2022-07-01,6,0,1.7771847111836,2022/2023,Pacific Islands,moderate,endemic,very_small
nowcast,expanding,FSM,2023-01-01,6,-4,0.6319561399256074,2022/2023,Pacific Islands,moderate,endemic,very_small
nowcast,expanding,FSM,2023-07-01,6,0,0.2864105465233317,2023/2024,Pacific Islands,moderate,endemic,very_small
nowcast,expanding,FSM,2024-01-01,6,0,1.5412160580746315,2023/2024,Pacific Islands,moderate,endemic,very_small
nowcast,expanding,FSM,2024-07-01,6,0,0.30193709077041747,2024/2025,Pacific Islands,moderate,endemic,very_small
nowcast,expanding,FSM,2025-01-01,6,4,1.063318411890793,2024/2025,Pacific Islands,moderate,endemic,very_small
nowcast,expanding,FSM,2025-07-01,6,-1,0.4310628452977243,2025/2026,Pacific Islands,moderate,endemic,very_small
nowcast,expanding,FSM,2026-01-01,6,0,1.392201623671647,2025/2026,Pacific Islands,moderate,endemic,very_small
nowcast,expanding,GLP,2016-01-01,6,4,1.664357515059967,2015/2016,Caribbean,strong,endemic,very_small
nowcast,expanding,GLP,2016-07-01,6,0,0.2314955867161265,2016/2017,Caribbean,strong,endemic,very_small
nowcast,expanding,GLP,2017-01-01,6,4,1.2914708215801363,2016/2017,Caribbean,strong,endemic,very_small
nowcast,expanding,GLP,2017-07-01,6,0,0.10337564170315527,2017/2018,Caribbean,strong,endemic,very_small
nowcast,expanding,GLP,2018-01-01,6,4,1.082410177011256,2017/2018,Caribbean,strong,endemic,very_small
nowcast,expanding,GLP,2018-07-01,6,-2,0.22445826014616596,2018/2019,Caribbean,strong,endemic,very_small
nowcast,expanding,GLP,2019-01-01,6,4,0.4841177125268807,2018/2019,Caribbean,strong,endemic,very_small
nowcast,expanding,GLP,2019-07-01,6,-2,0.2736558852040052,2019/2020,Caribbean,strong,endemic,very_small
nowcast,expanding,GLP,2020-01-01,6,0,0.9215381560013597,2019/2020,Caribbean,strong,endemic,very_small
nowcast,expanding,GLP,2020-07-01,6,3,0.5449198161017806,2020/2021,Caribbean,strong,endemic,very_small
nowcast,expanding,GLP,2021-01-01,6,0,4.770912592715809,2020/2021,Caribbean,strong,endemic,very_small
nowcast,expanding,GLP,2021-07-01,6,-2,3.652891388772056,2021/2022,Caribbean,strong,endemic,very_small
nowcast,expanding,GLP,2022-01-01,6,0,1.4724966573684972,2021/2022,Caribbean,strong,endemic,very_small
nowcast,expanding,GLP,2022-07-01,6,0,0.3925091537397995,2022/2023,Caribbean,strong,endemic,very_small
nowcast,expanding,GLP,2023-01-01,6,0,0.3803267843404548,2022/2023,Caribbean,strong,endemic,very_small
nowcast,expanding,GLP,2023-07-01,6,4,0.2859848382382279,2023/2024,Caribbean,strong,endemic,very_small
nowcast,expanding,GLP,2024-01-01,6,-1,0.7418471082973276,2023/2024,Caribbean,strong,endemic,very_small
nowcast,expanding,GLP,2024-07-01,6,0,0.6342964601524631,2024/2025,Caribbean,strong,endemic,very_small
nowcast,expanding,GLP,2025-01-01,6,1,0.9108122519744345,2024/2025,Caribbean,strong,endemic,very_small
nowcast,expanding,GLP,2025-07-01,6,3,0.7400053322163096,2025/2026,Caribbean,strong,endemic,very_small
nowcast,expanding,GLP,2026-01-01,6,0,0.6271725452914046,2025/2026,Caribbean,strong,endemic,very_small
nowcast,expanding,GRD,2016-07-01,6,-5,0.25672899558938683,2016/2017,Caribbean,weak,emerging,very_small
nowcast,expanding,GRD,2017-01-01,6,-2,1.4996339198102622,2016/2017,Caribbean,weak,emerging,very_small
nowcast,expanding,GRD,2017-07-01,6,-2,1.1193946908391224,2017/2018,Caribbean,weak,emerging,very_small
nowcast,expanding,GRD,2018-01-01,6,-5,2.0038630862347486,2017/2018,Caribbean,weak,emerging,very_small
nowcast,expanding,GRD,2018-07-01,6,5,0.6156778477243751,2018/2019,Caribbean,weak,emerging,very_small
nowcast,expanding,GRD,2019-01-01,6,-3,0.2543358068767018,2018/2019,Caribbean,weak,emerging,very_small
nowcast,expanding,GRD,2019-07-01,6,-4,1.0616037136003118,2019/2020,Caribbean,weak,emerging,very_small
nowcast,expanding,GRD,2020-01-01,6,2,0.4817768376759683,2019/2020,Caribbean,weak,emerging,very_small
nowcast,expanding,GRD,2020-07-01,6,-1,1.445960342214571,2020/2021,Caribbean,weak,emerging,very_small
nowcast,expanding,GRD,2021-01-01,6,0,0.11244463997091436,2020/2021,Caribbean,weak,emerging,very_small
nowcast,expanding,GRD,2021-07-01,6,0,0.97323740134351,2021/2022,Caribbean,weak,emerging,very_small
nowcast,expanding,GRD,2022-01-01,6,2,0.4076718238803921,2021/2022,Caribbean,weak,emerging,very_small
nowcast,expanding,GRD,2022-07-01,6,1,0.3218755950517793,2022/2023,Caribbean,weak,emerging,very_small
nowcast,expanding,GRD,2023-01-01,6,0,0.46234618827160273,2022/2023,Caribbean,weak,emerging,very_small
nowcast,expanding,GRD,2023-07-01,6,-4,0.3612609687141484,2023/2024,Caribbean,weak,emerging,very_small
nowcast,expanding,GRD,2024-01-01,6,-5,0.42581886915286327,2023/2024,Caribbean,weak,emerging,very_small
nowcast,expanding,GRD,2024-07-01,6,0,0.5705770515678212,2024/2025,Caribbean,weak,emerging,very_small
nowcast,expanding,GRD,2025-01-01,6,-1,0.43923343946628063,2024/2025,Caribbean,weak,emerging,very_small
nowcast,expanding,GRD,2025-07-01,6,-4,0.5495563547038654,2025/2026,Caribbean,weak,emerging,very_small
nowcast,expanding,GRD,2026-01-01,6,2,0.5440782947296742,2025/2026,Caribbean,weak,emerging,very_small
nowcast,expanding,GTM,2016-01-01,6,-1,0.14584332895727714,2016/2017,North & Central America,weak,endemic,medium
nowcast,expanding,GTM,2016-07-01,6,0,0.3770917263457574,2016/2017,North & Central America,weak,endemic,medium
nowcast,expanding,GTM,2017-01-01,6,-1,0.61646677954436,2017/2018,North & Central America,weak,endemic,medium
nowcast,expanding,GTM,2017-07-01,6,0,0.29357812414555556,2017/2018,North & Central America,weak,endemic,medium
nowcast,expanding,GTM,2018-01-01,6,-1,0.15359551101837998,2018/2019,North & Central America,weak,endemic,medium
nowcast,expanding,GTM,2018-07-01,6,-1,0.1873336455065334,2018/2019,North & Central America,weak,endemic,medium
nowcast,expanding,GTM,2019-01-01,6,-1,0.33173007097258117,2019/2020,North & Central America,weak,endemic,medium
nowcast,expanding,GTM,2019-07-01,6,0,0.18672394322535846,2019/2020,North & Central America,weak,endemic,medium
nowcast,expanding,GTM,2020-01-01,6,5,0.6368311589241251,2020/2021,North & Central America,weak,endemic,medium
nowcast,expanding,GTM,2020-07-01,6,0,0.5724253077422883,2020/2021,North & Central America,weak,endemic,medium
nowcast,expanding,GTM,2021-01-01,6,0,1.2399905358409546,2021/2022,North & Central America,weak,endemic,medium
nowcast,expanding,GTM,2021-07-01,6,0,0.2653142431478017,2021/2022,North & Central America,weak,endemic,medium
nowcast,expanding,GTM,2022-01-01,6,0,0.3763516067206472,2022/2023,North & Central America,weak,endemic,medium
nowcast,expanding,GTM,2022-07-01,6,-2,0.11628450246231543,2022/2023,North & Central America,weak,endemic,medium
nowcast,expanding,GTM,2023-01-01,6,0,0.2068622200090775,2023/2024,North & Central America,weak,endemic,medium
nowcast,expanding,GTM,2023-07-01,6,-2,1.2007111626478062,2023/2024,North & Central America,weak,endemic,medium
nowcast,expanding,GTM,2024-01-01,6,1,1.2907551015208165,2024/2025,North & Central America,weak,endemic,medium
nowcast,expanding,GTM,2024-07-01,6,-1,0.23728391675202656,2024/2025,North & Central America,weak,endemic,medium
nowcast,expanding,GTM,2025-01-01,6,1,0.30299800731817195,2025/2026,North & Central America,weak,endemic,medium
nowcast,expanding,GTM,2025-07-01,6,-4,0.3713165351268515,2025/2026,North & Central America,weak,endemic,medium
nowcast,expanding,GTM,2026-01-01,6,0,0.4345761211277159,2026/2027,North & Central America,weak,endemic,medium
nowcast,expanding,GUF,2016-01-01,6,0,1.742631839604645,2015/2016,South America,weak,emerging,small
nowcast,expanding,GUF,2016-07-01,6,-2,1.0353760575407802,2015/2016,South America,weak,emerging,small
nowcast,expanding,GUF,2017-01-01,6,0,0.12392848175213152,2016/2017,South America,weak,emerging,small
nowcast,expanding,GUF,2017-07-01,6,-2,0.6735536232809226,2016/2017,South America,weak,emerging,small
nowcast,expanding,GUF,2018-01-01,6,0,0.21808346890645083,2017/2018,South America,weak,emerging,small
nowcast,expanding,GUF,2018-07-01,6,3,1.9097138260976914,2017/2018,South America,weak,emerging,small
nowcast,expanding,GUF,2019-01-01,6,-5,0.9417156316175358,2018/2019,South America,weak,emerging,small
nowcast,expanding,GUF,2019-07-01,6,0,1.254094971221796,2018/2019,South America,weak,emerging,small
nowcast,expanding,GUF,2020-01-01,6,-3,1.2631154888342928,2019/2020,South America,weak,emerging,small
nowcast,expanding,GUF,2020-07-01,6,1,0.4075725878364848,2019/2020,South America,weak,emerging,small
nowcast,expanding,GUF,2021-01-01,6,3,2.2863677496315633,2020/2021,South America,weak,emerging,small
nowcast,expanding,GUF,2021-07-01,2,NA,NA,2020/2021,South America,weak,emerging,small
nowcast,expanding,GUF,2023-01-01,6,0,0.8390886099097227,2022/2023,South America,weak,emerging,small
nowcast,expanding,GUF,2023-07-01,6,0,0.4387148391898015,2022/2023,South America,weak,emerging,small
nowcast,expanding,GUF,2024-01-01,6,4,0.5608989062604177,2023/2024,South America,weak,emerging,small
nowcast,expanding,GUF,2024-07-01,3,0,2.8159499316322463,2023/2024,South America,weak,emerging,small
nowcast,expanding,GUF,2025-01-01,6,-2,0.24990478478392633,2024/2025,South America,weak,emerging,small
nowcast,expanding,GUF,2025-07-01,6,5,1.790087916763971,2024/2025,South America,weak,emerging,small
nowcast,expanding,GUF,2026-01-01,6,-2,1.0454037418479054,2025/2026,South America,weak,emerging,small
nowcast,expanding,GUY,2016-01-01,6,0,0.05971105009604786,2016/2017,South America,weak,endemic,medium
nowcast,expanding,GUY,2016-07-01,5,0,0.03389391883709427,2016/2017,South America,weak,endemic,medium
nowcast,expanding,GUY,2018-01-01,6,0,0.0451992349318211,2018/2019,South America,weak,endemic,medium
nowcast,expanding,GUY,2018-07-01,6,4,0.15955370945073796,2018/2019,South America,weak,endemic,medium
nowcast,expanding,GUY,2019-01-01,6,0,0.02523907785204064,2019/2020,South America,weak,endemic,medium
nowcast,expanding,GUY,2019-07-01,6,0,0.13722600160021303,2019/2020,South America,weak,endemic,medium
nowcast,expanding,GUY,2020-01-01,6,0,0.04309131499048502,2020/2021,South America,weak,endemic,medium
nowcast,expanding,GUY,2020-07-01,6,-4,0.22622053260165828,2020/2021,South America,weak,endemic,medium
nowcast,expanding,GUY,2021-01-01,6,0,0.05075635698113978,2021/2022,South America,weak,endemic,medium
nowcast,expanding,GUY,2021-07-01,6,-4,0.33804542570219986,2021/2022,South America,weak,endemic,medium
nowcast,expanding,GUY,2022-01-01,6,0,0.057559011604875344,2022/2023,South America,weak,endemic,medium
nowcast,expanding,GUY,2022-07-01,6,-4,0.55029634971616,2022/2023,South America,weak,endemic,medium
nowcast,expanding,GUY,2023-01-01,6,0,0.24433530942760803,2023/2024,South America,weak,endemic,medium
nowcast,expanding,GUY,2023-07-01,6,1,0.7071959812243093,2023/2024,South America,weak,endemic,medium
nowcast,expanding,GUY,2024-01-01,6,1,0.26730406769183607,2024/2025,South America,weak,endemic,medium
nowcast,expanding,GUY,2024-07-01,6,-5,0.6006857908083095,2024/2025,South America,weak,endemic,medium
nowcast,expanding,GUY,2025-01-01,6,1,0.17090858391678795,2025/2026,South America,weak,endemic,medium
nowcast,expanding,GUY,2025-07-01,6,-4,0.3843244374376551,2025/2026,South America,weak,endemic,medium
nowcast,expanding,GUY,2026-01-01,6,0,0.3656428464532863,2026/2027,South America,weak,endemic,medium
nowcast,expanding,HND,2016-01-01,6,1,0.19087225232798702,2016/2017,North & Central America,weak,endemic,medium
nowcast,expanding,HND,2016-07-01,6,0,0.8690628985933119,2016/2017,North & Central America,weak,endemic,medium
nowcast,expanding,HND,2017-01-01,6,0,1.2788750679517664,2017/2018,North & Central America,weak,endemic,medium
nowcast,expanding,HND,2017-07-01,6,0,0.20904128748555562,2017/2018,North & Central America,weak,endemic,medium
nowcast,expanding,HND,2018-01-01,6,2,1.0066968734612636,2018/2019,North & Central America,weak,endemic,medium
nowcast,expanding,HND,2018-07-01,6,-5,0.48503074327763085,2018/2019,North & Central America,weak,endemic,medium
nowcast,expanding,HND,2019-01-01,6,-1,0.4796551198359211,2019/2020,North & Central America,weak,endemic,medium
nowcast,expanding,HND,2019-07-01,6,2,0.2870428844370667,2019/2020,North & Central America,weak,endemic,medium
nowcast,expanding,HND,2020-01-01,6,4,0.4357548682296893,2020/2021,North & Central America,weak,endemic,medium
nowcast,expanding,HND,2020-07-01,6,2,0.10078902741221274,2020/2021,North & Central America,weak,endemic,medium
nowcast,expanding,HND,2021-01-01,6,-1,0.968134635335506,2021/2022,North & Central America,weak,endemic,medium
nowcast,expanding,HND,2021-07-01,6,0,1.0807866893871312,2021/2022,North & Central America,weak,endemic,medium
nowcast,expanding,HND,2022-01-01,6,-1,0.3355302652300038,2022/2023,North & Central America,weak,endemic,medium
nowcast,expanding,HND,2022-07-01,6,2,0.12266742456279123,2022/2023,North & Central America,weak,endemic,medium
nowcast,expanding,HND,2023-01-01,6,-1,0.34097009828479546,2023/2024,North & Central America,weak,endemic,medium
nowcast,expanding,HND,2023-07-01,6,-2,0.8084454981378393,2023/2024,North & Central America,weak,endemic,medium
nowcast,expanding,HND,2024-01-01,6,0,0.6524030865738079,2024/2025,North & Central America,weak,endemic,medium
nowcast,expanding,HND,2024-07-01,6,0,0.5391322448030825,2024/2025,North & Central America,weak,endemic,medium
nowcast,expanding,HND,2025-01-01,6,3,0.5314368023460557,2025/2026,North & Central America,weak,endemic,medium
nowcast,expanding,HND,2025-07-01,6,-4,0.23732769026028375,2025/2026,North & Central America,weak,endemic,medium
nowcast,expanding,HND,2026-01-01,6,-1,0.7246761299371833,2026/2027,North & Central America,weak,endemic,medium
nowcast,expanding,HTI,2021-07-01,6,1,0.15337750039712708,2021/2022,Caribbean,moderate,emerging,small
nowcast,expanding,HTI,2022-01-01,6,0,0.1841694338114901,2021/2022,Caribbean,moderate,emerging,small
nowcast,expanding,HTI,2022-07-01,6,1,0.3104768623080345,2022/2023,Caribbean,moderate,emerging,small
nowcast,expanding,HTI,2023-01-01,3,-1,1.570567669467018,2022/2023,Caribbean,moderate,emerging,small
nowcast,expanding,IDN,2016-01-01,6,0,0.08905085703047295,2015/2016,East & Southeast Asia,weak,endemic,large
nowcast,expanding,IDN,2016-07-01,6,0,0.09930850969823386,2015/2016,East & Southeast Asia,weak,endemic,large
nowcast,expanding,IDN,2017-01-01,6,0,0.4764147117619033,2016/2017,East & Southeast Asia,weak,endemic,large
nowcast,expanding,IDN,2017-07-01,6,0,0.360119772761502,2016/2017,East & Southeast Asia,weak,endemic,large
nowcast,expanding,IDN,2018-01-01,6,-3,0.16559032236525306,2017/2018,East & Southeast Asia,weak,endemic,large
nowcast,expanding,IDN,2018-07-01,6,0,0.280497791011819,2017/2018,East & Southeast Asia,weak,endemic,large
nowcast,expanding,IDN,2019-01-01,6,0,0.11295927625640105,2018/2019,East & Southeast Asia,weak,endemic,large
nowcast,expanding,IDN,2019-07-01,6,0,0.289651058992205,2018/2019,East & Southeast Asia,weak,endemic,large
nowcast,expanding,IDN,2020-01-01,6,0,0.11224840858861003,2019/2020,East & Southeast Asia,weak,endemic,large
nowcast,expanding,IDN,2020-07-01,6,0,0.574568134510312,2019/2020,East & Southeast Asia,weak,endemic,large
nowcast,expanding,IDN,2021-01-01,6,-3,0.10157883811498884,2020/2021,East & Southeast Asia,weak,endemic,large
nowcast,expanding,IDN,2021-07-01,6,0,0.3208420137219135,2020/2021,East & Southeast Asia,weak,endemic,large
nowcast,expanding,IDN,2022-01-01,6,-5,0.2556495745146976,2021/2022,East & Southeast Asia,weak,endemic,large
nowcast,expanding,IDN,2022-07-01,6,0,0.2726856468167787,2021/2022,East & Southeast Asia,weak,endemic,large
nowcast,expanding,IDN,2023-01-01,6,0,0.22202007065894014,2022/2023,East & Southeast Asia,weak,endemic,large
nowcast,expanding,IDN,2023-07-01,6,0,0.15792035273526958,2022/2023,East & Southeast Asia,weak,endemic,large
nowcast,expanding,IDN,2024-01-01,6,-1,0.10638958541825276,2023/2024,East & Southeast Asia,weak,endemic,large
nowcast,expanding,IDN,2024-07-01,2,NA,NA,2023/2024,East & Southeast Asia,weak,endemic,large
nowcast,expanding,IND,2016-01-01,6,-5,0.38348127369766205,2015/2016,South Asia,moderate,endemic,large
nowcast,expanding,IND,2016-07-01,6,0,0.03042323057649317,2016/2017,South Asia,moderate,endemic,large
nowcast,expanding,IND,2017-01-01,6,-5,0.4653688386113258,2016/2017,South Asia,moderate,endemic,large
nowcast,expanding,IND,2017-07-01,6,0,0.2438861856305683,2017/2018,South Asia,moderate,endemic,large
nowcast,expanding,IND,2018-01-01,6,-5,0.40732342735669785,2017/2018,South Asia,moderate,endemic,large
nowcast,expanding,IND,2018-07-01,6,0,0.3555142551726374,2018/2019,South Asia,moderate,endemic,large
nowcast,expanding,IND,2019-01-01,6,0,0.23383264789947847,2018/2019,South Asia,moderate,endemic,large
nowcast,expanding,IND,2019-07-01,6,0,0.17213549069929077,2019/2020,South Asia,moderate,endemic,large
nowcast,expanding,IND,2020-01-01,6,0,0.276048324112024,2019/2020,South Asia,moderate,endemic,large
nowcast,expanding,IND,2020-07-01,6,-3,0.20390293633763434,2020/2021,South Asia,moderate,endemic,large
nowcast,expanding,IND,2021-01-01,6,0,0.6072502811519421,2020/2021,South Asia,moderate,endemic,large
nowcast,expanding,IND,2021-07-01,6,0,0.04109175462656204,2021/2022,South Asia,moderate,endemic,large
nowcast,expanding,IND,2022-01-01,6,-5,0.3224516646144771,2021/2022,South Asia,moderate,endemic,large
nowcast,expanding,IND,2022-07-01,6,0,0.02466093150640125,2022/2023,South Asia,moderate,endemic,large
nowcast,expanding,IND,2023-01-01,6,-5,0.40730114619628965,2022/2023,South Asia,moderate,endemic,large
nowcast,expanding,IND,2023-07-01,6,0,0.1517641227706726,2023/2024,South Asia,moderate,endemic,large
nowcast,expanding,IND,2024-01-01,6,-5,0.3763416458339794,2023/2024,South Asia,moderate,endemic,large
nowcast,expanding,IND,2024-07-01,6,0,0.1885374780352893,2024/2025,South Asia,moderate,endemic,large
nowcast,expanding,IND,2025-01-01,6,-5,0.25244110240624873,2024/2025,South Asia,moderate,endemic,large
nowcast,expanding,IND,2025-07-01,6,0,0.19916385290796246,2025/2026,South Asia,moderate,endemic,large
nowcast,expanding,IND,2026-01-01,6,0,0.1489496493911647,2025/2026,South Asia,moderate,endemic,large
nowcast,expanding,JAM,2016-01-01,6,0,1.5623751377722925,2015/2016,Caribbean,moderate,endemic,very_small
nowcast,expanding,JAM,2016-07-01,6,3,1.8922990571698488,2016/2017,Caribbean,moderate,endemic,very_small
nowcast,expanding,JAM,2017-01-01,6,2,1.0429093255817632,2016/2017,Caribbean,moderate,endemic,very_small
nowcast,expanding,JAM,2017-07-01,6,-1,1.20604416701203,2017/2018,Caribbean,moderate,endemic,very_small
nowcast,expanding,JAM,2018-01-01,6,4,1.2616717123239356,2017/2018,Caribbean,moderate,endemic,very_small
nowcast,expanding,JAM,2018-07-01,6,-1,1.2385778562798644,2018/2019,Caribbean,moderate,endemic,very_small
nowcast,expanding,JAM,2019-01-01,6,5,0.5278734898820624,2018/2019,Caribbean,moderate,endemic,very_small
nowcast,expanding,JAM,2019-07-01,6,3,0.46425107248361736,2019/2020,Caribbean,moderate,endemic,very_small
nowcast,expanding,JAM,2020-01-01,6,5,0.7086726510886833,2019/2020,Caribbean,moderate,endemic,very_small
nowcast,expanding,JAM,2020-07-01,6,0,0.826914452133409,2020/2021,Caribbean,moderate,endemic,very_small
nowcast,expanding,JAM,2021-01-01,6,0,0.8332183688449737,2020/2021,Caribbean,moderate,endemic,very_small
nowcast,expanding,JAM,2021-07-01,6,0,0.59677026389876775,2021/2022,Caribbean,moderate,endemic,very_small
nowcast,expanding,JAM,2022-01-01,6,2,1.2633410345533531,2021/2022,Caribbean,moderate,endemic,very_small
nowcast,expanding,JAM,2022-07-01,6,0,0.3307965031929106,2022/2023,Caribbean,moderate,endemic,very_small
nowcast,expanding,JAM,2023-01-01,6,1,0.9600444493396236,2022/2023,Caribbean,moderate,endemic,very_small
nowcast,expanding,JAM,2023-07-01,6,1,1.8541816837555123,2023/2024,Caribbean,moderate,endemic,very_small
nowcast,expanding,JAM,2024-01-01,6,-1,0.22303552347220915,2023/2024,Caribbean,moderate,endemic,very_small
nowcast,expanding,JAM,2024-07-01,6,4,0.25515340195331276,2024/2025,Caribbean,moderate,endemic,very_small
nowcast,expanding,JAM,2025-01-01,6,1,0.5229622411882034,2024/2025,Caribbean,moderate,endemic,very_small
nowcast,expanding,JAM,2025-07-01,6,1,0.42668638242600404,2025/2026,Caribbean,moderate,endemic,very_small
nowcast,expanding,JAM,2026-01-01,6,0,0.45421237339599196,2025/2026,Caribbean,moderate,endemic,very_small
nowcast,expanding,KEN,2016-07-01,6,5,0.7105732322742343,2016/2017,Sub-Saharan Africa,moderate,emerging,medium
nowcast,expanding,KEN,2017-01-01,1,NA,NA,2016/2017,Sub-Saharan Africa,moderate,emerging,medium
nowcast,expanding,KEN,2021-07-01,6,0,0.4203114411992907,2021/2022,Sub-Saharan Africa,moderate,emerging,medium
nowcast,expanding,KEN,2022-01-01,1,NA,NA,2021/2022,Sub-Saharan Africa,moderate,emerging,medium
nowcast,expanding,KEN,2024-07-01,6,2,0.9470121718295669,2024/2025,Sub-Saharan Africa,moderate,emerging,medium
nowcast,expanding,KEN,2025-01-01,6,-5,1.1226691066925245,2024/2025,Sub-Saharan Africa,moderate,emerging,medium
nowcast,expanding,KEN,2025-07-01,6,0,0.16776798721582473,2025/2026,Sub-Saharan Africa,moderate,emerging,medium
nowcast,expanding,KEN,2026-01-01,6,-3,1.4395505046866155,2025/2026,Sub-Saharan Africa,moderate,emerging,medium
nowcast,expanding,KHM,2016-01-01,6,0,0.31434368054745604,2016/2017,East & Southeast Asia,moderate,endemic,medium
nowcast,expanding,KHM,2016-07-01,6,0,0.19726838789225173,2016/2017,East & Southeast Asia,moderate,endemic,medium
nowcast,expanding,KHM,2017-01-01,6,-1,0.16697716127726672,2017/2018,East & Southeast Asia,moderate,endemic,medium
nowcast,expanding,KHM,2017-07-01,6,0,0.255003856616348,2017/2018,East & Southeast Asia,moderate,endemic,medium
nowcast,expanding,KHM,2018-01-01,6,0,0.28542597609034304,2018/2019,East & Southeast Asia,moderate,endemic,medium
nowcast,expanding,KHM,2018-07-01,6,0,0.22630854088605612,2018/2019,East & Southeast Asia,moderate,endemic,medium
nowcast,expanding,KHM,2019-01-01,6,1,1.0112409765203256,2019/2020,East & Southeast Asia,moderate,endemic,medium
nowcast,expanding,KHM,2019-07-01,6,0,0.6423951485663278,2019/2020,East & Southeast Asia,moderate,endemic,medium
nowcast,expanding,KHM,2020-01-01,6,0,0.21524431420166232,2020/2021,East & Southeast Asia,moderate,endemic,medium
nowcast,expanding,KHM,2020-07-01,6,0,0.2519186530228869,2020/2021,East & Southeast Asia,moderate,endemic,medium
nowcast,expanding,KHM,2021-01-01,6,1,1.3205922453127605,2021/2022,East & Southeast Asia,moderate,endemic,medium
nowcast,expanding,KHM,2021-07-01,6,-2,0.3863379932493163,2021/2022,East & Southeast Asia,moderate,endemic,medium
nowcast,expanding,KHM,2022-01-01,6,0,0.27776477222870377,2022/2023,East & Southeast Asia,moderate,endemic,medium
nowcast,expanding,KHM,2022-07-01,6,-2,0.1565249393646729,2022/2023,East & Southeast Asia,moderate,endemic,medium
nowcast,expanding,KHM,2023-01-01,6,0,0.277289693036429,2023/2024,East & Southeast Asia,moderate,endemic,medium
nowcast,expanding,KHM,2023-07-01,6,0,0.1733013410972927,2023/2024,East & Southeast Asia,moderate,endemic,medium
nowcast,expanding,KHM,2024-01-01,6,0,0.3848387413812062,2024/2025,East & Southeast Asia,moderate,endemic,medium
nowcast,expanding,KHM,2024-07-01,6,2,0.12859703207304687,2024/2025,East & Southeast Asia,moderate,endemic,medium
nowcast,expanding,KHM,2025-01-01,6,0,0.44124867074550184,2025/2026,East & Southeast Asia,moderate,endemic,medium
nowcast,expanding,KHM,2025-07-01,6,0,0.1035017961342884,2025/2026,East & Southeast Asia,moderate,endemic,medium
nowcast,expanding,KHM,2026-01-01,6,0,0.5545388301826987,2026/2027,East & Southeast Asia,moderate,endemic,medium
nowcast,expanding,KIR,2017-07-01,6,-5,0.5905614945425481,2017/2018,Pacific Islands,moderate,emerging,very_small
nowcast,expanding,KIR,2018-01-01,6,0,1.8332326312055198,2017/2018,Pacific Islands,moderate,emerging,very_small
nowcast,expanding,KIR,2018-07-01,6,1,2.286418079654761,2018/2019,Pacific Islands,moderate,emerging,very_small
nowcast,expanding,KIR,2019-01-01,2,NA,NA,2018/2019,Pacific Islands,moderate,emerging,very_small
nowcast,expanding,KIR,2024-07-01,6,2,0.6766413544131041,2024/2025,Pacific Islands,moderate,emerging,very_small
nowcast,expanding,KIR,2025-01-01,6,-4,1.5402646786961725,2024/2025,Pacific Islands,moderate,emerging,very_small
nowcast,expanding,KIR,2025-07-01,6,4,1.8122388743290294,2025/2026,Pacific Islands,moderate,emerging,very_small
nowcast,expanding,KIR,2026-01-01,6,-2,1.247624973601524,2025/2026,Pacific Islands,moderate,emerging,very_small
nowcast,expanding,KNA,2019-07-01,6,-3,0.6147856895885294,2019/2020,Caribbean,strong,emerging,very_small
nowcast,expanding,KNA,2020-01-01,2,NA,NA,2019/2020,Caribbean,strong,emerging,very_small
nowcast,expanding,KNA,2023-07-01,6,-3,1.4778985603847483,2023/2024,Caribbean,strong,emerging,very_small
nowcast,expanding,KNA,2024-01-01,6,0,0.530991216430562,2023/2024,Caribbean,strong,emerging,very_small
nowcast,expanding,KNA,2024-07-01,6,1,0.45168534328235693,2024/2025,Caribbean,strong,emerging,very_small
nowcast,expanding,KNA,2025-01-01,6,4,0.7550203302064138,2024/2025,Caribbean,strong,emerging,very_small
nowcast,expanding,KNA,2025-07-01,6,2,0.49788230639667025,2025/2026,Caribbean,strong,emerging,very_small
nowcast,expanding,KNA,2026-01-01,6,3,0.6415055173329774,2025/2026,Caribbean,strong,emerging,very_small
nowcast,expanding,LAO,2016-01-01,6,0,0.4229176263917816,2016/2017,East & Southeast Asia,strong,endemic,medium
nowcast,expanding,LAO,2016-07-01,6,-1,0.13120457018859977,2016/2017,East & Southeast Asia,strong,endemic,medium
nowcast,expanding,LAO,2017-01-01,6,0,0.3332537471078329,2017/2018,East & Southeast Asia,strong,endemic,medium
nowcast,expanding,LAO,2017-07-01,6,2,0.4606552553283731,2017/2018,East & Southeast Asia,strong,endemic,medium
nowcast,expanding,LAO,2018-01-01,6,0,0.36960321913304367,2018/2019,East & Southeast Asia,strong,endemic,medium
nowcast,expanding,LAO,2018-07-01,6,0,0.23534337434220087,2018/2019,East & Southeast Asia,strong,endemic,medium
nowcast,expanding,LAO,2019-01-01,6,0,0.4017791377210311,2019/2020,East & Southeast Asia,strong,endemic,medium
nowcast,expanding,LAO,2019-07-01,6,0,0.5488540590374048,2019/2020,East & Southeast Asia,strong,endemic,medium
nowcast,expanding,LAO,2020-01-01,6,0,0.4051437019750508,2020/2021,East & Southeast Asia,strong,endemic,medium
nowcast,expanding,LAO,2020-07-01,6,0,0.2850603900553261,2020/2021,East & Southeast Asia,strong,endemic,medium
nowcast,expanding,LAO,2021-01-01,6,0,1.2691330297813306,2021/2022,East & Southeast Asia,strong,endemic,medium
nowcast,expanding,LAO,2021-07-01,6,0,0.2852995246499455,2021/2022,East & Southeast Asia,strong,endemic,medium
nowcast,expanding,LAO,2022-01-01,6,0,0.9173672207540347,2022/2023,East & Southeast Asia,strong,endemic,medium
nowcast,expanding,LAO,2022-07-01,6,0,0.12482611585932075,2022/2023,East & Southeast Asia,strong,endemic,medium
nowcast,expanding,LAO,2023-01-01,6,0,0.24565759645882412,2023/2024,East & Southeast Asia,strong,endemic,medium
nowcast,expanding,LAO,2023-07-01,6,0,0.1515194675535579,2023/2024,East & Southeast Asia,strong,endemic,medium
nowcast,expanding,LAO,2024-01-01,6,0,0.28040994010273024,2024/2025,East & Southeast Asia,strong,endemic,medium
nowcast,expanding,LAO,2024-07-01,6,0,0.24272968404799586,2024/2025,East & Southeast Asia,strong,endemic,medium
nowcast,expanding,LAO,2025-01-01,6,0,0.42274131800713705,2025/2026,East & Southeast Asia,strong,endemic,medium
nowcast,expanding,LAO,2025-07-01,6,0,0.23862096884652342,2025/2026,East & Southeast Asia,strong,endemic,medium
nowcast,expanding,LAO,2026-01-01,6,0,0.24369489437395972,2026/2027,East & Southeast Asia,strong,endemic,medium
nowcast,expanding,LCA,2016-01-01,6,0,0.22706453072300706,2015/2016,Caribbean,strong,emerging,very_small
nowcast,expanding,LCA,2016-07-01,6,0,0.23549618720994306,2016/2017,Caribbean,strong,emerging,very_small
nowcast,expanding,LCA,2017-01-01,6,0,0.615624558317223,2016/2017,Caribbean,strong,emerging,very_small
nowcast,expanding,LCA,2017-07-01,6,0,0.0787051340700709,2017/2018,Caribbean,strong,emerging,very_small
nowcast,expanding,LCA,2018-01-01,6,0,0.26731095543193906,2017/2018,Caribbean,strong,emerging,very_small
nowcast,expanding,LCA,2018-07-01,6,0,0.5775902858616963,2018/2019,Caribbean,strong,emerging,very_small
nowcast,expanding,LCA,2019-01-01,1,NA,NA,2018/2019,Caribbean,strong,emerging,very_small
nowcast,expanding,LCA,2020-07-01,6,0,0.6532205145397195,2020/2021,Caribbean,strong,emerging,very_small
nowcast,expanding,LCA,2021-01-01,1,NA,NA,2020/2021,Caribbean,strong,emerging,very_small
nowcast,expanding,LCA,2023-07-01,6,0,0.4571258211313823,2023/2024,Caribbean,strong,emerging,very_small
nowcast,expanding,LCA,2024-01-01,6,0,0.5495860131444111,2023/2024,Caribbean,strong,emerging,very_small
nowcast,expanding,LCA,2024-07-01,6,0,0.8094057968810983,2024/2025,Caribbean,strong,emerging,very_small
nowcast,expanding,LCA,2025-01-01,6,5,0.6092996179996649,2024/2025,Caribbean,strong,emerging,very_small
nowcast,expanding,LCA,2025-07-01,5,-1,0.9988368536849913,2025/2026,Caribbean,strong,emerging,very_small
nowcast,expanding,LCA,2026-01-01,6,4,1.0146026283339664,2025/2026,Caribbean,strong,emerging,very_small
nowcast,expanding,LKA,2016-01-01,6,0,0.20166439476839568,2016/2017,South Asia,weak,endemic,small
nowcast,expanding,LKA,2016-07-01,6,0,0.23665271066677662,2016/2017,South Asia,weak,endemic,small
nowcast,expanding,LKA,2017-01-01,6,0,1.1099236671440984,2017/2018,South Asia,weak,endemic,small
nowcast,expanding,LKA,2017-07-01,6,5,0.6892732058916109,2017/2018,South Asia,weak,endemic,small
nowcast,expanding,LKA,2018-01-01,6,0,0.13339225750809489,2018/2019,South Asia,weak,endemic,small
nowcast,expanding,LKA,2018-07-01,6,0,0.11668403468202171,2018/2019,South Asia,weak,endemic,small
nowcast,expanding,LKA,2019-01-01,6,0,0.17400553814904285,2019/2020,South Asia,weak,endemic,small
nowcast,expanding,LKA,2019-07-01,6,0,0.23775375630031861,2019/2020,South Asia,weak,endemic,small
nowcast,expanding,LKA,2020-01-01,6,5,0.7680954382726578,2020/2021,South Asia,weak,endemic,small
nowcast,expanding,LKA,2020-07-01,6,0,0.26514569116269576,2020/2021,South Asia,weak,endemic,small
nowcast,expanding,LKA,2021-01-01,6,0,0.4174327179686648,2021/2022,South Asia,weak,endemic,small
nowcast,expanding,LKA,2021-07-01,6,1,0.2530172819285172,2021/2022,South Asia,weak,endemic,small
nowcast,expanding,LKA,2022-01-01,6,0,0.22528048342620588,2022/2023,South Asia,weak,endemic,small
nowcast,expanding,LKA,2022-07-01,6,1,0.17632986301900613,2022/2023,South Asia,weak,endemic,small
nowcast,expanding,LKA,2023-01-01,6,1,0.2752848709046624,2023/2024,South Asia,weak,endemic,small
nowcast,expanding,LKA,2023-07-01,6,1,0.19470980383124456,2023/2024,South Asia,weak,endemic,small
nowcast,expanding,LKA,2024-01-01,6,5,0.22656578462463672,2024/2025,South Asia,weak,endemic,small
nowcast,expanding,LKA,2024-07-01,6,0,0.18026091023591148,2024/2025,South Asia,weak,endemic,small
nowcast,expanding,LKA,2025-01-01,6,2,0.13734141939948344,2025/2026,South Asia,weak,endemic,small
nowcast,expanding,LKA,2025-07-01,6,0,0.13391709005968652,2025/2026,South Asia,weak,endemic,small
nowcast,expanding,LKA,2026-01-01,6,2,0.14490323273033048,2026/2027,South Asia,weak,endemic,small
nowcast,expanding,MAF,2016-01-01,6,4,0.29112054786184527,2015/2016,Caribbean,weak,endemic,very_small
nowcast,expanding,MAF,2016-07-01,6,0,0.13612522021946813,2016/2017,Caribbean,weak,endemic,very_small
nowcast,expanding,MAF,2017-01-01,6,4,0.3676598069262173,2016/2017,Caribbean,weak,endemic,very_small
nowcast,expanding,MAF,2017-07-01,6,0,0.15029273308824775,2017/2018,Caribbean,weak,endemic,very_small
nowcast,expanding,MAF,2018-01-01,6,1,0.43399684445775444,2017/2018,Caribbean,weak,endemic,very_small
nowcast,expanding,MAF,2018-07-01,6,-2,0.36126429311852065,2018/2019,Caribbean,weak,endemic,very_small
nowcast,expanding,MAF,2019-01-01,6,4,0.4820345685895813,2018/2019,Caribbean,weak,endemic,very_small
nowcast,expanding,MAF,2019-07-01,6,-2,0.45885727126747006,2019/2020,Caribbean,weak,endemic,very_small
nowcast,expanding,MAF,2020-01-01,6,3,1.1147963070704587,2019/2020,Caribbean,weak,endemic,very_small
nowcast,expanding,MAF,2020-07-01,6,3,0.5718210752225265,2020/2021,Caribbean,weak,endemic,very_small
nowcast,expanding,MAF,2021-01-01,4,3,2.283950622881874,2020/2021,Caribbean,weak,endemic,very_small
nowcast,expanding,MAF,2022-07-01,6,0,0.14250962334896208,2022/2023,Caribbean,weak,endemic,very_small
nowcast,expanding,MAF,2023-01-01,6,0,0.471748023014159,2022/2023,Caribbean,weak,endemic,very_small
nowcast,expanding,MAF,2023-07-01,6,0,0.8170967845338427,2023/2024,Caribbean,weak,endemic,very_small
nowcast,expanding,MAF,2024-01-01,6,3,0.3652697541716961,2023/2024,Caribbean,weak,endemic,very_small
nowcast,expanding,MAF,2024-07-01,6,-2,0.638714770657452,2024/2025,Caribbean,weak,endemic,very_small
nowcast,expanding,MAF,2025-01-01,6,1,0.3196427048600046,2024/2025,Caribbean,weak,endemic,very_small
nowcast,expanding,MAF,2025-07-01,6,2,0.9221487874226778,2025/2026,Caribbean,weak,endemic,very_small
nowcast,expanding,MAF,2026-01-01,6,0,1.0527807677040408,2025/2026,Caribbean,weak,endemic,very_small
nowcast,expanding,MDV,2016-01-01,6,1,0.11183080303023092,2016/2017,South Asia,weak,endemic,very_small
nowcast,expanding,MDV,2016-07-01,6,0,0.9426272080485042,2016/2017,South Asia,weak,endemic,very_small
nowcast,expanding,MDV,2017-01-01,6,-1,0.23631250781680013,2017/2018,South Asia,weak,endemic,very_small
nowcast,expanding,MDV,2017-07-01,6,-3,0.2463759135351938,2017/2018,South Asia,weak,endemic,very_small
nowcast,expanding,MDV,2018-01-01,6,0,0.5110425172400798,2018/2019,South Asia,weak,endemic,very_small
nowcast,expanding,MDV,2018-07-01,6,-5,0.12630481227106793,2018/2019,South Asia,weak,endemic,very_small
nowcast,expanding,MDV,2019-01-01,6,0,0.8246593592472676,2019/2020,South Asia,weak,endemic,very_small
nowcast,expanding,MDV,2019-07-01,6,5,0.18970828172573984,2019/2020,South Asia,weak,endemic,very_small
nowcast,expanding,MDV,2020-01-01,6,5,1.1331015080789217,2020/2021,South Asia,weak,endemic,very_small
nowcast,expanding,MDV,2020-07-01,6,-5,0.6684344561441722,2020/2021,South Asia,weak,endemic,very_small
nowcast,expanding,MDV,2021-01-01,6,0,0.4904007513034178,2021/2022,South Asia,weak,endemic,very_small
nowcast,expanding,MDV,2021-07-01,6,5,0.39704903731578206,2021/2022,South Asia,weak,endemic,very_small
nowcast,expanding,MDV,2022-01-01,6,0,0.37858049222580487,2022/2023,South Asia,weak,endemic,very_small
nowcast,expanding,MDV,2022-07-01,6,3,0.34172507848898265,2022/2023,South Asia,weak,endemic,very_small
nowcast,expanding,MDV,2023-01-01,6,1,0.3917202659084549,2023/2024,South Asia,weak,endemic,very_small
nowcast,expanding,MDV,2023-07-01,6,5,0.24140473595174097,2023/2024,South Asia,weak,endemic,very_small
nowcast,expanding,MDV,2024-01-01,6,2,0.3922169928065027,2024/2025,South Asia,weak,endemic,very_small
nowcast,expanding,MDV,2024-07-01,6,5,0.6574276675403496,2024/2025,South Asia,weak,endemic,very_small
nowcast,expanding,MDV,2025-01-01,6,-1,0.1362804356308469,2025/2026,South Asia,weak,endemic,very_small
nowcast,expanding,MDV,2025-07-01,6,0,0.8514932827952199,2025/2026,South Asia,weak,endemic,very_small
nowcast,expanding,MDV,2026-01-01,6,2,0.7513636817511781,2026/2027,South Asia,weak,endemic,very_small
nowcast,expanding,MEX,2016-01-01,6,0,0.15984089680842173,2016/2017,North & Central America,moderate,endemic,large
nowcast,expanding,MEX,2016-07-01,6,0,0.2592644877251007,2016/2017,North & Central America,moderate,endemic,large
nowcast,expanding,MEX,2017-01-01,6,0,0.4619064018837071,2017/2018,North & Central America,moderate,endemic,large
nowcast,expanding,MEX,2017-07-01,6,0,0.2510809941019014,2017/2018,North & Central America,moderate,endemic,large
nowcast,expanding,MEX,2018-01-01,6,0,0.5219287719322092,2018/2019,North & Central America,moderate,endemic,large
nowcast,expanding,MEX,2018-07-01,6,0,0.39358758379976977,2018/2019,North & Central America,moderate,endemic,large
nowcast,expanding,MEX,2019-01-01,6,0,0.1638940246240043,2019/2020,North & Central America,moderate,endemic,large
nowcast,expanding,MEX,2019-07-01,6,1,0.4253602249034911,2019/2020,North & Central America,moderate,endemic,large
nowcast,expanding,MEX,2020-01-01,6,0,0.2195011475066074,2020/2021,North & Central America,moderate,endemic,large
nowcast,expanding,MEX,2020-07-01,6,0,0.2637154528868842,2020/2021,North & Central America,moderate,endemic,large
nowcast,expanding,MEX,2021-01-01,6,0,0.8082952094382273,2021/2022,North & Central America,moderate,endemic,large
nowcast,expanding,MEX,2021-07-01,6,0,0.2903027514481447,2021/2022,North & Central America,moderate,endemic,large
nowcast,expanding,MEX,2022-01-01,6,0,0.6162994485620571,2022/2023,North & Central America,moderate,endemic,large
nowcast,expanding,MEX,2022-07-01,6,0,0.27811426323072097,2022/2023,North & Central America,moderate,endemic,large
nowcast,expanding,MEX,2023-01-01,6,0,0.18894686339890088,2023/2024,North & Central America,moderate,endemic,large
nowcast,expanding,MEX,2023-07-01,6,0,0.46584525527826887,2023/2024,North & Central America,moderate,endemic,large
nowcast,expanding,MEX,2024-01-01,6,0,0.4878885548253993,2024/2025,North & Central America,moderate,endemic,large
nowcast,expanding,MEX,2024-07-01,6,1,0.1251127504007298,2024/2025,North & Central America,moderate,endemic,large
nowcast,expanding,MEX,2025-01-01,6,1,0.19526917225182064,2025/2026,North & Central America,moderate,endemic,large
nowcast,expanding,MEX,2025-07-01,6,0,0.37516463320403365,2025/2026,North & Central America,moderate,endemic,large
nowcast,expanding,MEX,2026-01-01,6,0,0.1720589060461751,2026/2027,North & Central America,moderate,endemic,large
nowcast,expanding,MHL,2020-07-01,6,2,1.263581273561251,2020/2021,Pacific Islands,strong,emerging,very_small
nowcast,expanding,MHL,2021-01-01,4,-1,2.221419348631547,2020/2021,Pacific Islands,strong,emerging,very_small
nowcast,expanding,MHL,2022-07-01,6,0,1.0080198394743873,2022/2023,Pacific Islands,strong,emerging,very_small
nowcast,expanding,MHL,2023-01-01,4,-1,1.2477411223553363,2022/2023,Pacific Islands,strong,emerging,very_small
nowcast,expanding,MHL,2025-01-01,6,4,0.7961253711572475,2024/2025,Pacific Islands,strong,emerging,very_small
nowcast,expanding,MHL,2025-07-01,6,4,3.5704423334850013,2025/2026,Pacific Islands,strong,emerging,very_small
nowcast,expanding,MHL,2026-01-01,6,4,0.7961253711572475,2025/2026,Pacific Islands,strong,emerging,very_small
nowcast,expanding,MMR,2016-01-01,6,1,1.321299944848995,2016/2017,East & Southeast Asia,strong,emerging,medium
nowcast,expanding,MMR,2016-07-01,6,0,0.4136557633015156,2016/2017,East & Southeast Asia,strong,emerging,medium
nowcast,expanding,MMR,2017-01-01,6,1,0.7947986666040704,2017/2018,East & Southeast Asia,strong,emerging,medium
nowcast,expanding,MMR,2017-07-01,6,0,0.952313143297325,2017/2018,East & Southeast Asia,strong,emerging,medium
nowcast,expanding,MMR,2018-01-01,6,1,0.46277746731054753,2018/2019,East & Southeast Asia,strong,emerging,medium
nowcast,expanding,MMR,2018-07-01,6,0,1.212662695910191,2018/2019,East & Southeast Asia,strong,emerging,medium
nowcast,expanding,MMR,2019-01-01,6,0,0.9505539035913065,2019/2020,East & Southeast Asia,strong,emerging,medium
nowcast,expanding,MMR,2019-07-01,6,0,0.9076967980948961,2019/2020,East & Southeast Asia,strong,emerging,medium
nowcast,expanding,MMR,2020-01-01,6,0,0.6134242114008063,2020/2021,East & Southeast Asia,strong,emerging,medium
nowcast,expanding,MMR,2020-07-01,6,0,0.568094049048743,2020/2021,East & Southeast Asia,strong,emerging,medium
nowcast,expanding,MMR,2021-01-01,6,0,0.4331801120962357,2021/2022,East & Southeast Asia,strong,emerging,medium
nowcast,expanding,MMR,2021-07-01,6,0,0.4150695550688707,2021/2022,East & Southeast Asia,strong,emerging,medium
nowcast,expanding,MMR,2022-01-01,6,0,0.5902842027928618,2022/2023,East & Southeast Asia,strong,emerging,medium
nowcast,expanding,MMR,2022-07-01,6,0,0.2942878829903143,2022/2023,East & Southeast Asia,strong,emerging,medium
nowcast,expanding,MMR,2023-01-01,6,0,0.2151221145605108,2023/2024,East & Southeast Asia,strong,emerging,medium
nowcast,expanding,MMR,2023-07-01,6,0,0.7192890118382936,2023/2024,East & Southeast Asia,strong,emerging,medium
nowcast,expanding,MMR,2024-01-01,6,0,0.8706692677616766,2024/2025,East & Southeast Asia,strong,emerging,medium
nowcast,expanding,MMR,2024-07-01,6,0,0.5426717605596033,2024/2025,East & Southeast Asia,strong,emerging,medium
nowcast,expanding,MMR,2025-01-01,6,0,0.398511054939146,2025/2026,East & Southeast Asia,strong,emerging,medium
nowcast,expanding,MMR,2025-07-01,6,0,0.3092275190584248,2025/2026,East & Southeast Asia,strong,emerging,medium
nowcast,expanding,MMR,2026-01-01,6,0,0.46087302626648863,2026/2027,East & Southeast Asia,strong,emerging,medium
nowcast,expanding,MRT,2025-07-01,6,0,1.1740507887670573,2025/2026,Sub-Saharan Africa,moderate,emerging,large
nowcast,expanding,MRT,2026-01-01,6,-5,0.6595923603139361,2025/2026,Sub-Saharan Africa,moderate,emerging,large
nowcast,expanding,MTQ,2016-01-01,6,5,1.7639530914364112,2015/2016,Caribbean,moderate,emerging,very_small
nowcast,expanding,MTQ,2016-07-01,6,3,0.12208595059994547,2016/2017,Caribbean,moderate,emerging,very_small
nowcast,expanding,MTQ,2017-01-01,6,5,0.9648198479417056,2016/2017,Caribbean,moderate,emerging,very_small
nowcast,expanding,MTQ,2017-07-01,6,0,0.8497687313676409,2017/2018,Caribbean,moderate,emerging,very_small
nowcast,expanding,MTQ,2018-01-01,6,5,3.0246373226776693,2017/2018,Caribbean,moderate,emerging,very_small
nowcast,expanding,MTQ,2018-07-01,6,-3,2.322655758995866,2018/2019,Caribbean,moderate,emerging,very_small
nowcast,expanding,MTQ,2019-01-01,6,5,0.671563765592512,2018/2019,Caribbean,moderate,emerging,very_small
nowcast,expanding,MTQ,2019-07-01,6,-3,0.3472948209705966,2019/2020,Caribbean,moderate,emerging,very_small
nowcast,expanding,MTQ,2020-01-01,6,-5,1.402016770386591,2019/2020,Caribbean,moderate,emerging,very_small
nowcast,expanding,MTQ,2020-07-01,6,4,0.8055320742913311,2020/2021,Caribbean,moderate,emerging,very_small
nowcast,expanding,MTQ,2021-01-01,6,1,2.666829173064348,2020/2021,Caribbean,moderate,emerging,very_small
nowcast,expanding,MTQ,2021-07-01,6,-3,3.4755323756409555,2021/2022,Caribbean,moderate,emerging,very_small
nowcast,expanding,MTQ,2022-01-01,6,5,0.9478251857993856,2021/2022,Caribbean,moderate,emerging,very_small
nowcast,expanding,MTQ,2022-07-01,6,-3,0.22481838555444514,2022/2023,Caribbean,moderate,emerging,very_small
nowcast,expanding,MTQ,2023-01-01,6,0,0.7939152254841462,2022/2023,Caribbean,moderate,emerging,very_small
nowcast,expanding,MTQ,2023-07-01,6,4,0.3562088017689949,2023/2024,Caribbean,moderate,emerging,very_small
nowcast,expanding,MTQ,2024-01-01,6,1,0.8630484640879019,2023/2024,Caribbean,moderate,emerging,very_small
nowcast,expanding,MTQ,2024-07-01,6,1,1.0697242802608193,2024/2025,Caribbean,moderate,emerging,very_small
nowcast,expanding,MTQ,2025-01-01,6,0,0.7395511816454966,2024/2025,Caribbean,moderate,emerging,very_small
nowcast,expanding,MTQ,2025-07-01,6,-3,0.48272049087879787,2025/2026,Caribbean,moderate,emerging,very_small
nowcast,expanding,MTQ,2026-01-01,6,1,0.5805400223303948,2025/2026,Caribbean,moderate,emerging,very_small
nowcast,expanding,MYS,2016-01-01,6,5,0.44219061745975247,2016/2017,East & Southeast Asia,weak,endemic,medium
nowcast,expanding,MYS,2016-07-01,6,0,0.22724690531117972,2016/2017,East & Southeast Asia,weak,endemic,medium
nowcast,expanding,MYS,2017-01-01,6,3,0.4503004216060556,2017/2018,East & Southeast Asia,weak,endemic,medium
nowcast,expanding,MYS,2017-07-01,6,1,0.40603618436455297,2017/2018,East & Southeast Asia,weak,endemic,medium
nowcast,expanding,MYS,2018-01-01,6,0,0.10557478644837825,2018/2019,East & Southeast Asia,weak,endemic,medium
nowcast,expanding,MYS,2018-07-01,6,0,0.13244774212458563,2018/2019,East & Southeast Asia,weak,endemic,medium
nowcast,expanding,MYS,2019-01-01,6,0,0.29498446439143916,2019/2020,East & Southeast Asia,weak,endemic,medium
nowcast,expanding,MYS,2019-07-01,6,0,0.09483154154019487,2019/2020,East & Southeast Asia,weak,endemic,medium
nowcast,expanding,MYS,2020-01-01,6,5,0.14756054875428518,2020/2021,East & Southeast Asia,weak,endemic,medium
nowcast,expanding,MYS,2020-07-01,6,5,0.4622330641208035,2020/2021,East & Southeast Asia,weak,endemic,medium
nowcast,expanding,MYS,2021-01-01,6,1,0.8259962077714101,2021/2022,East & Southeast Asia,weak,endemic,medium
nowcast,expanding,MYS,2021-07-01,6,0,0.10888488113772588,2021/2022,East & Southeast Asia,weak,endemic,medium
nowcast,expanding,MYS,2022-01-01,6,-1,0.23566808396501893,2022/2023,East & Southeast Asia,weak,endemic,medium
nowcast,expanding,MYS,2022-07-01,6,0,0.15980279869097277,2022/2023,East & Southeast Asia,weak,endemic,medium
nowcast,expanding,MYS,2023-01-01,6,0,0.2305208707537497,2023/2024,East & Southeast Asia,weak,endemic,medium
nowcast,expanding,MYS,2023-07-01,6,0,0.12218118718802436,2023/2024,East & Southeast Asia,weak,endemic,medium
nowcast,expanding,MYS,2024-01-01,6,5,0.3442351199119944,2024/2025,East & Southeast Asia,weak,endemic,medium
nowcast,expanding,MYS,2024-07-01,6,5,0.48586999376125606,2024/2025,East & Southeast Asia,weak,endemic,medium
nowcast,expanding,MYS,2025-01-01,6,3,0.21043102306445402,2025/2026,East & Southeast Asia,weak,endemic,medium
nowcast,expanding,MYS,2025-07-01,6,0,0.1649388682778994,2025/2026,East & Southeast Asia,weak,endemic,medium
nowcast,expanding,MYS,2026-01-01,6,2,0.21241069221680453,2026/2027,East & Southeast Asia,weak,endemic,medium
nowcast,expanding,NCL,2017-01-01,6,1,3.4655139837234388,2016/2017,Pacific Islands,weak,emerging,very_small
nowcast,expanding,NCL,2017-07-01,6,-5,1.3316077573184053,2016/2017,Pacific Islands,weak,emerging,very_small
nowcast,expanding,NCL,2018-01-01,6,1,2.425400233812311,2017/2018,Pacific Islands,weak,emerging,very_small
nowcast,expanding,NCL,2018-07-01,6,-5,3.439563256110002,2017/2018,Pacific Islands,weak,emerging,very_small
nowcast,expanding,NCL,2019-01-01,6,2,0.2607030464962778,2018/2019,Pacific Islands,weak,emerging,very_small
nowcast,expanding,NCL,2019-07-01,6,0,0.18650388098803958,2018/2019,Pacific Islands,weak,emerging,very_small
nowcast,expanding,NCL,2020-01-01,6,-2,0.4821141345642978,2019/2020,Pacific Islands,weak,emerging,very_small
nowcast,expanding,NCL,2020-07-01,6,-1,1.1370841638271643,2019/2020,Pacific Islands,weak,emerging,very_small
nowcast,expanding,NCL,2021-01-01,6,-2,0.49860874668780236,2020/2021,Pacific Islands,weak,emerging,very_small
nowcast,expanding,NCL,2021-07-01,6,1,1.5300704841875146,2020/2021,Pacific Islands,weak,emerging,very_small
nowcast,expanding,NCL,2022-01-01,6,-4,0.6670784174883021,2021/2022,Pacific Islands,weak,emerging,very_small
nowcast,expanding,NCL,2022-07-01,6,4,1.0218640828522623,2021/2022,Pacific Islands,weak,emerging,very_small
nowcast,expanding,NCL,2023-01-01,6,0,3.5869961086040636,2022/2023,Pacific Islands,weak,emerging,very_small
nowcast,expanding,NCL,2023-07-01,1,NA,NA,2022/2023,Pacific Islands,weak,emerging,very_small
nowcast,expanding,NCL,2025-01-01,6,1,3.202181239983339,2024/2025,Pacific Islands,weak,emerging,very_small
nowcast,expanding,NCL,2025-07-01,6,-2,0.5681973196724835,2024/2025,Pacific Islands,weak,emerging,very_small
nowcast,expanding,NCL,2026-01-01,6,1,2.3390409492024578,2025/2026,Pacific Islands,weak,emerging,very_small
nowcast,expanding,NIC,2016-01-01,6,0,0.5754679969581549,2015/2016,North & Central America,weak,endemic,medium
nowcast,expanding,NIC,2016-07-01,6,2,0.9416070455534009,2016/2017,North & Central America,weak,endemic,medium
nowcast,expanding,NIC,2017-01-01,6,5,0.6325622450238715,2016/2017,North & Central America,weak,endemic,medium
nowcast,expanding,NIC,2017-07-01,6,3,0.6471833926203352,2017/2018,North & Central America,weak,endemic,medium
nowcast,expanding,NIC,2018-01-01,6,0,0.2683080467709609,2017/2018,North & Central America,weak,endemic,medium
nowcast,expanding,NIC,2018-07-01,6,2,0.29465191452815365,2018/2019,North & Central America,weak,endemic,medium
nowcast,expanding,NIC,2019-01-01,6,0,0.3904098287087019,2018/2019,North & Central America,weak,endemic,medium
nowcast,expanding,NIC,2019-07-01,6,1,0.3712207851438916,2019/2020,North & Central America,weak,endemic,medium
nowcast,expanding,NIC,2020-01-01,6,0,0.3366101815506491,2019/2020,North & Central America,weak,endemic,medium
nowcast,expanding,NIC,2020-07-01,6,-1,0.1247149782385198,2020/2021,North & Central America,weak,endemic,medium
nowcast,expanding,NIC,2021-01-01,6,5,0.20831686160700866,2020/2021,North & Central America,weak,endemic,medium
nowcast,expanding,NIC,2021-07-01,6,-2,0.27935777910350684,2021/2022,North & Central America,weak,endemic,medium
nowcast,expanding,NIC,2022-01-01,6,0,0.1483321463096107,2021/2022,North & Central America,weak,endemic,medium
nowcast,expanding,NIC,2022-07-01,6,1,0.26621643595570427,2022/2023,North & Central America,weak,endemic,medium
nowcast,expanding,NIC,2023-01-01,6,-4,0.7274096062697825,2022/2023,North & Central America,weak,endemic,medium
nowcast,expanding,NIC,2023-07-01,6,1,0.21285096245501892,2023/2024,North & Central America,weak,endemic,medium
nowcast,expanding,NIC,2024-01-01,1,NA,NA,2023/2024,North & Central America,weak,endemic,medium
nowcast,expanding,NPL,2016-01-01,6,0,0.6703060031730387,2015/2016,South Asia,strong,endemic,medium
nowcast,expanding,NPL,2016-07-01,6,0,0.22104454957339384,2016/2017,South Asia,strong,endemic,medium
nowcast,expanding,NPL,2017-01-01,6,-4,1.243542720008646,2016/2017,South Asia,strong,endemic,medium
nowcast,expanding,NPL,2017-07-01,6,-1,0.638781985494282,2017/2018,South Asia,strong,endemic,medium
nowcast,expanding,NPL,2018-01-01,6,0,0.5385548287074422,2017/2018,South Asia,strong,endemic,medium
nowcast,expanding,NPL,2018-07-01,6,-2,0.13966510053306558,2018/2019,South Asia,strong,endemic,medium
nowcast,expanding,NPL,2019-01-01,6,0,0.6692539310021609,2018/2019,South Asia,strong,endemic,medium
nowcast,expanding,NPL,2019-07-01,6,0,0.7542824157955345,2019/2020,South Asia,strong,endemic,medium
nowcast,expanding,NPL,2020-01-01,6,-5,2.325933730521634,2019/2020,South Asia,strong,endemic,medium
nowcast,expanding,NPL,2020-07-01,6,0,0.8126186432360333,2020/2021,South Asia,strong,endemic,medium
nowcast,expanding,NPL,2021-01-01,6,0,0.49704413896138716,2020/2021,South Asia,strong,endemic,medium
nowcast,expanding,NPL,2021-07-01,6,0,0.2844244165070315,2021/2022,South Asia,strong,endemic,medium
nowcast,expanding,NPL,2022-01-01,6,0,0.42843539980764717,2021/2022,South Asia,strong,endemic,medium
nowcast,expanding,NPL,2022-07-01,6,0,0.9960203078754133,2022/2023,South Asia,strong,endemic,medium
nowcast,expanding,NPL,2023-01-01,6,-5,0.9065231549770075,2022/2023,South Asia,strong,endemic,medium
nowcast,expanding,NPL,2023-07-01,6,1,0.20561686826083161,2023/2024,South Asia,strong,endemic,medium
nowcast,expanding,NPL,2024-01-01,6,0,0.7862699021062968,2023/2024,South Asia,strong,endemic,medium
nowcast,expanding,NPL,2024-07-01,6,-1,0.29723488676341453,2024/2025,South Asia,strong,endemic,medium
nowcast,expanding,NPL,2025-01-01,6,0,0.38318177238849777,2024/2025,South Asia,strong,endemic,medium
nowcast,expanding,NPL,2025-07-01,6,-1,0.4483434021274975,2025/2026,South Asia,strong,endemic,medium
nowcast,expanding,NPL,2026-01-01,6,0,0.34871885560092847,2025/2026,South Asia,strong,endemic,medium
nowcast,expanding,OMN,2021-07-01,6,-5,0.7908535214257503,2021/2022,"Europe, Middle East & North Africa",moderate,emerging,medium
nowcast,expanding,OMN,2022-01-01,6,3,1.2344785076594662,2021/2022,"Europe, Middle East & North Africa",moderate,emerging,medium
nowcast,expanding,OMN,2022-07-01,6,1,1.6073199562339064,2022/2023,"Europe, Middle East & North Africa",moderate,emerging,medium
nowcast,expanding,OMN,2023-01-01,2,NA,NA,2022/2023,"Europe, Middle East & North Africa",moderate,emerging,medium
nowcast,expanding,PAK,2016-01-01,6,0,0.12750541622991726,2015/2016,South Asia,strong,endemic,medium
nowcast,expanding,PAK,2016-07-01,6,0,0.22788994247060468,2016/2017,South Asia,strong,endemic,medium
nowcast,expanding,PAK,2017-01-01,6,0,0.5328462258658578,2016/2017,South Asia,strong,endemic,medium
nowcast,expanding,PAK,2017-07-01,6,0,0.4379734592865181,2017/2018,South Asia,strong,endemic,medium
nowcast,expanding,PAK,2018-01-01,6,0,0.566841580840118,2017/2018,South Asia,strong,endemic,medium
nowcast,expanding,PAK,2018-07-01,6,0,0.20202006566544442,2018/2019,South Asia,strong,endemic,medium
nowcast,expanding,PAK,2019-01-01,6,0,0.3511861214514644,2018/2019,South Asia,strong,endemic,medium
nowcast,expanding,PAK,2019-07-01,6,0,0.6529540690558909,2019/2020,South Asia,strong,endemic,medium
nowcast,expanding,PAK,2020-01-01,6,0,1.1967009060392226,2019/2020,South Asia,strong,endemic,medium
nowcast,expanding,PAK,2020-07-01,6,0,0.1265057965083464,2020/2021,South Asia,strong,endemic,medium
nowcast,expanding,PAK,2021-01-01,6,-3,1.821037090317838,2020/2021,South Asia,strong,endemic,medium
nowcast,expanding,PAK,2021-07-01,6,0,0.3822007850422358,2021/2022,South Asia,strong,endemic,medium
nowcast,expanding,PAK,2022-01-01,6,-3,0.6612865827287125,2021/2022,South Asia,strong,endemic,medium
nowcast,expanding,PAK,2022-07-01,6,0,0.2679482634868493,2022/2023,South Asia,strong,endemic,medium
nowcast,expanding,PAK,2023-01-01,6,0,0.6890687005701338,2022/2023,South Asia,strong,endemic,medium
nowcast,expanding,PAK,2023-07-01,6,0,0.17705485687497044,2023/2024,South Asia,strong,endemic,medium
nowcast,expanding,PAK,2024-01-01,6,0,0.2745148706547824,2023/2024,South Asia,strong,endemic,medium
nowcast,expanding,PAK,2024-07-01,6,-1,0.2636270592670136,2024/2025,South Asia,strong,endemic,medium
nowcast,expanding,PAK,2025-01-01,6,3,0.49165062061153403,2024/2025,South Asia,strong,endemic,medium
nowcast,expanding,PAK,2025-07-01,6,-1,0.3461440405576266,2025/2026,South Asia,strong,endemic,medium
nowcast,expanding,PAK,2026-01-01,6,0,0.44429709428324843,2025/2026,South Asia,strong,endemic,medium
nowcast,expanding,PAN,2016-01-01,6,-5,0.49512261999129636,2015/2016,North & Central America,weak,endemic,small
nowcast,expanding,PAN,2016-07-01,6,0,0.09625500293977958,2016/2017,North & Central America,weak,endemic,small
nowcast,expanding,PAN,2017-01-01,6,-5,0.5712540373131686,2016/2017,North & Central America,weak,endemic,small
nowcast,expanding,PAN,2017-07-01,6,1,0.13395751327154168,2017/2018,North & Central America,weak,endemic,small
nowcast,expanding,PAN,2018-01-01,6,-5,0.27111198195405933,2017/2018,North & Central America,weak,endemic,small
nowcast,expanding,PAN,2018-07-01,6,2,0.24063651523431875,2018/2019,North & Central America,weak,endemic,small
nowcast,expanding,PAN,2019-01-01,6,0,0.2012526526016968,2018/2019,North & Central America,weak,endemic,small
nowcast,expanding,PAN,2019-07-01,6,-1,0.7866224391903618,2019/2020,North & Central America,weak,endemic,small
nowcast,expanding,PAN,2020-01-01,6,0,0.29023039244539545,2019/2020,North & Central America,weak,endemic,small
nowcast,expanding,PAN,2020-07-01,6,3,0.873972223161403,2020/2021,North & Central America,weak,endemic,small
nowcast,expanding,PAN,2021-01-01,6,0,0.17635420062492926,2020/2021,North & Central America,weak,endemic,small
nowcast,expanding,PAN,2021-07-01,6,1,0.5166971790583531,2021/2022,North & Central America,weak,endemic,small
nowcast,expanding,PAN,2022-01-01,6,0,0.3202682262838297,2021/2022,North & Central America,weak,endemic,small
nowcast,expanding,PAN,2022-07-01,6,3,0.1746056325014728,2022/2023,North & Central America,weak,endemic,small
nowcast,expanding,PAN,2023-01-01,6,-5,0.34818075129178944,2022/2023,North & Central America,weak,endemic,small
nowcast,expanding,PAN,2023-07-01,6,1,0.5815139494572288,2023/2024,North & Central America,weak,endemic,small
nowcast,expanding,PAN,2024-01-01,6,-5,0.7190963877940194,2023/2024,North & Central America,weak,endemic,small
nowcast,expanding,PAN,2024-07-01,6,3,0.22267029902728167,2024/2025,North & Central America,weak,endemic,small
nowcast,expanding,PAN,2025-01-01,6,-5,0.5046213578655577,2024/2025,North & Central America,weak,endemic,small
nowcast,expanding,PAN,2025-07-01,6,2,0.11045195087732562,2025/2026,North & Central America,weak,endemic,small
nowcast,expanding,PAN,2026-01-01,6,0,0.32273800176628,2025/2026,North & Central America,weak,endemic,small
nowcast,expanding,PER,2016-01-01,6,-2,0.3088860879560938,2015/2016,South America,moderate,endemic,large
nowcast,expanding,PER,2016-07-01,6,0,0.22300994764399898,2015/2016,South America,moderate,endemic,large
nowcast,expanding,PER,2017-01-01,6,-3,0.5492159344168231,2016/2017,South America,moderate,endemic,large
nowcast,expanding,PER,2017-07-01,6,0,0.24265683901648258,2016/2017,South America,moderate,endemic,large
nowcast,expanding,PER,2018-01-01,6,1,1.3589452187557074,2017/2018,South America,moderate,endemic,large
nowcast,expanding,PER,2018-07-01,6,0,0.7233178965660164,2017/2018,South America,moderate,endemic,large
nowcast,expanding,PER,2019-01-01,6,3,0.22372234082753314,2018/2019,South America,moderate,endemic,large
nowcast,expanding,PER,2019-07-01,6,0,0.46415410726952283,2018/2019,South America,moderate,endemic,large
nowcast,expanding,PER,2020-01-01,6,3,0.30557035169169056,2019/2020,South America,moderate,endemic,large
nowcast,expanding,PER,2020-07-01,6,2,1.1601377704591396,2019/2020,South America,moderate,endemic,large
nowcast,expanding,PER,2021-01-01,6,1,0.8677895631587337,2020/2021,South America,moderate,endemic,large
nowcast,expanding,PER,2021-07-01,6,-4,0.7643348766541024,2020/2021,South America,moderate,endemic,large
nowcast,expanding,PER,2022-01-01,6,-1,0.12705267432621378,2021/2022,South America,moderate,endemic,large
nowcast,expanding,PER,2022-07-01,6,-5,0.7552775000617306,2021/2022,South America,moderate,endemic,large
nowcast,expanding,PER,2023-01-01,6,-2,0.7963617983486873,2022/2023,South America,moderate,endemic,large
nowcast,expanding,PER,2023-07-01,6,0,0.912849982067403,2022/2023,South America,moderate,endemic,large
nowcast,expanding,PER,2024-01-01,6,3,0.5545822803098831,2023/2024,South America,moderate,endemic,large
nowcast,expanding,PER,2024-07-01,6,-4,0.3998654868536353,2023/2024,South America,moderate,endemic,large
nowcast,expanding,PER,2025-01-01,6,0,0.5105455472228461,2024/2025,South America,moderate,endemic,large
nowcast,expanding,PER,2025-07-01,6,1,0.30298218811504224,2024/2025,South America,moderate,endemic,large
nowcast,expanding,PER,2026-01-01,6,-3,0.2604541906718543,2025/2026,South America,moderate,endemic,large
nowcast,expanding,PHL,2016-01-01,6,0,0.24184038560493804,2015/2016,East & Southeast Asia,moderate,endemic,medium
nowcast,expanding,PHL,2016-07-01,6,0,0.11511449748106199,2016/2017,East & Southeast Asia,moderate,endemic,medium
nowcast,expanding,PHL,2017-01-01,6,0,0.14217503641131626,2016/2017,East & Southeast Asia,moderate,endemic,medium
nowcast,expanding,PHL,2017-07-01,6,0,0.10394113906334009,2017/2018,East & Southeast Asia,moderate,endemic,medium
nowcast,expanding,PHL,2018-01-01,6,0,0.13501260518274139,2017/2018,East & Southeast Asia,moderate,endemic,medium
nowcast,expanding,PHL,2018-07-01,6,-5,0.15698098667945462,2018/2019,East & Southeast Asia,moderate,endemic,medium
nowcast,expanding,PHL,2019-01-01,6,0,0.3929787525397903,2018/2019,East & Southeast Asia,moderate,endemic,medium
nowcast,expanding,PHL,2019-07-01,6,0,0.3079828768241308,2019/2020,East & Southeast Asia,moderate,endemic,medium
nowcast,expanding,PHL,2020-01-01,6,0,0.5541415797155596,2019/2020,East & Southeast Asia,moderate,endemic,medium
nowcast,expanding,PHL,2020-07-01,6,-3,0.12973134904902026,2020/2021,East & Southeast Asia,moderate,endemic,medium
nowcast,expanding,PHL,2021-01-01,6,0,0.18982723080755273,2020/2021,East & Southeast Asia,moderate,endemic,medium
nowcast,expanding,PHL,2021-07-01,6,0,0.07857344846489618,2021/2022,East & Southeast Asia,moderate,endemic,medium
nowcast,expanding,PHL,2022-01-01,6,0,0.18167193697325854,2021/2022,East & Southeast Asia,moderate,endemic,medium
nowcast,expanding,PHL,2022-07-01,6,0,0.6269087548504343,2022/2023,East & Southeast Asia,moderate,endemic,medium
nowcast,expanding,PHL,2023-01-01,6,0,0.14675975915141523,2022/2023,East & Southeast Asia,moderate,endemic,medium
nowcast,expanding,PHL,2023-07-01,6,0,0.08131424003160366,2023/2024,East & Southeast Asia,moderate,endemic,medium
nowcast,expanding,PHL,2024-01-01,2,NA,NA,2023/2024,East & Southeast Asia,moderate,endemic,medium
nowcast,expanding,PLW,2019-07-01,6,4,0.40391010286697565,2019/2020,Pacific Islands,weak,emerging,very_small
nowcast,expanding,PLW,2020-01-01,6,1,1.2093127503108076,2019/2020,Pacific Islands,weak,emerging,very_small
nowcast,expanding,PLW,2020-07-01,6,2,0.22714618019418245,2020/2021,Pacific Islands,weak,emerging,very_small
nowcast,expanding,PLW,2021-01-01,6,2,1.046304668321314,2020/2021,Pacific Islands,weak,emerging,very_small
nowcast,expanding,PLW,2021-07-01,6,5,0.8042089614946762,2021/2022,Pacific Islands,weak,emerging,very_small
nowcast,expanding,PLW,2022-01-01,6,0,0.8112722327715264,2021/2022,Pacific Islands,weak,emerging,very_small
nowcast,expanding,PLW,2022-07-01,6,5,0.9754170879539034,2022/2023,Pacific Islands,weak,emerging,very_small
nowcast,expanding,PLW,2023-01-01,2,NA,NA,2022/2023,Pacific Islands,weak,emerging,very_small
nowcast,expanding,PLW,2025-01-01,6,0,1.6937727099583313,2024/2025,Pacific Islands,weak,emerging,very_small
nowcast,expanding,PLW,2025-07-01,6,-2,0.5754727593981512,2025/2026,Pacific Islands,weak,emerging,very_small
nowcast,expanding,PLW,2026-01-01,6,1,0.9836891795978814,2025/2026,Pacific Islands,weak,emerging,very_small
nowcast,expanding,PRI,2016-01-01,2,NA,NA,2015/2016,Caribbean,weak,endemic,very_small
nowcast,expanding,PRI,2019-07-01,6,-2,3.500200048083651,2019/2020,Caribbean,weak,endemic,very_small
nowcast,expanding,PRI,2020-01-01,6,5,2.21885767342718,2019/2020,Caribbean,weak,endemic,very_small
nowcast,expanding,PRI,2020-07-01,6,0,0.12950811449421815,2020/2021,Caribbean,weak,endemic,very_small
nowcast,expanding,PRI,2021-01-01,6,5,0.9219586878503717,2020/2021,Caribbean,weak,endemic,very_small
nowcast,expanding,PRI,2021-07-01,6,1,0.3505919421121817,2021/2022,Caribbean,weak,endemic,very_small
nowcast,expanding,PRI,2022-01-01,6,5,1.011636578110795,2021/2022,Caribbean,weak,endemic,very_small
nowcast,expanding,PRI,2022-07-01,6,0,0.9060196815726576,2022/2023,Caribbean,weak,endemic,very_small
nowcast,expanding,PRI,2023-01-01,6,0,0.7079711534745776,2022/2023,Caribbean,weak,endemic,very_small
nowcast,expanding,PRI,2023-07-01,6,-2,0.32780820763163115,2023/2024,Caribbean,weak,endemic,very_small
nowcast,expanding,PRI,2024-01-01,6,-2,0.30979836998731763,2023/2024,Caribbean,weak,endemic,very_small
nowcast,expanding,PRI,2024-07-01,6,2,0.240641226007958,2024/2025,Caribbean,weak,endemic,very_small
nowcast,expanding,PRI,2025-01-01,6,0,0.18275724170714525,2024/2025,Caribbean,weak,endemic,very_small
nowcast,expanding,PRI,2025-07-01,6,1,0.4785846067650809,2025/2026,Caribbean,weak,endemic,very_small
nowcast,expanding,PRI,2026-01-01,6,0,0.41452276670439564,2025/2026,Caribbean,weak,endemic,very_small
nowcast,expanding,PRY,2016-01-01,6,0,0.45945807889423135,2015/2016,South America,moderate,endemic,medium
nowcast,expanding,PRY,2016-07-01,6,5,1.9330152420177609,2016/2017,South America,moderate,endemic,medium
nowcast,expanding,PRY,2017-01-01,6,-2,2.649372806469712,2016/2017,South America,moderate,endemic,medium
nowcast,expanding,PRY,2017-07-01,6,-5,1.0579817729185867,2017/2018,South America,moderate,endemic,medium
nowcast,expanding,PRY,2018-01-01,6,1,0.9054475720391332,2017/2018,South America,moderate,endemic,medium
nowcast,expanding,PRY,2018-07-01,6,3,1.0261140133742437,2018/2019,South America,moderate,endemic,medium
nowcast,expanding,PRY,2019-01-01,6,-3,0.9282534634405938,2018/2019,South America,moderate,endemic,medium
nowcast,expanding,PRY,2019-07-01,6,-5,3.1701103561316675,2019/2020,South America,moderate,endemic,medium
nowcast,expanding,PRY,2020-01-01,6,1,0.9715325817313886,2019/2020,South America,moderate,endemic,medium
nowcast,expanding,PRY,2020-07-01,6,0,0.45564237066480456,2020/2021,South America,moderate,endemic,medium
nowcast,expanding,PRY,2021-01-01,6,1,0.3612952114261055,2020/2021,South America,moderate,endemic,medium
nowcast,expanding,PRY,2021-07-01,6,2,0.5968868300186675,2021/2022,South America,moderate,endemic,medium
nowcast,expanding,PRY,2022-01-01,6,0,2.8612238856546335,2021/2022,South America,moderate,endemic,medium
nowcast,expanding,PRY,2022-07-01,6,1,1.015505064314024,2022/2023,South America,moderate,endemic,medium
nowcast,expanding,PRY,2023-01-01,6,0,0.2598397024874581,2022/2023,South America,moderate,endemic,medium
nowcast,expanding,PRY,2023-07-01,6,0,0.4965992597172441,2023/2024,South America,moderate,endemic,medium
nowcast,expanding,PRY,2024-01-01,6,1,0.273277022111489,2023/2024,South America,moderate,endemic,medium
nowcast,expanding,PRY,2024-07-01,6,0,0.2837149225051689,2024/2025,South America,moderate,endemic,medium
nowcast,expanding,PRY,2025-01-01,6,0,0.3470789552983014,2024/2025,South America,moderate,endemic,medium
nowcast,expanding,PRY,2025-07-01,6,0,0.14580491950656968,2025/2026,South America,moderate,endemic,medium
nowcast,expanding,PRY,2026-01-01,6,0,0.5450596840972655,2025/2026,South America,moderate,endemic,medium
nowcast,expanding,PYF,2016-01-01,6,3,0.5625399672732762,2015/2016,Pacific Islands,weak,endemic,very_small
nowcast,expanding,PYF,2016-07-01,6,0,0.4295225288081405,2016/2017,Pacific Islands,weak,endemic,very_small
nowcast,expanding,PYF,2017-01-01,6,-2,2.851989092368072,2016/2017,Pacific Islands,weak,endemic,very_small
nowcast,expanding,PYF,2017-07-01,6,-1,0.777541299314802,2017/2018,Pacific Islands,weak,endemic,very_small
nowcast,expanding,PYF,2018-01-01,6,-1,1.3333713987997378,2017/2018,Pacific Islands,weak,endemic,very_small
nowcast,expanding,PYF,2018-07-01,6,-1,0.4249433574113615,2018/2019,Pacific Islands,weak,endemic,very_small
nowcast,expanding,PYF,2019-01-01,6,0,0.6100223063503654,2018/2019,Pacific Islands,weak,endemic,very_small
nowcast,expanding,PYF,2019-07-01,6,1,0.5114439932657848,2019/2020,Pacific Islands,weak,endemic,very_small
nowcast,expanding,PYF,2020-01-01,3,0,2.249814190772908,2019/2020,Pacific Islands,weak,endemic,very_small
nowcast,expanding,PYF,2022-07-01,6,4,0.5103346640759258,2022/2023,Pacific Islands,weak,endemic,very_small
nowcast,expanding,PYF,2023-01-01,6,0,1.2381124572054414,2022/2023,Pacific Islands,weak,endemic,very_small
nowcast,expanding,PYF,2023-07-01,6,4,0.152817667728219,2023/2024,Pacific Islands,weak,endemic,very_small
nowcast,expanding,PYF,2024-01-01,6,-2,0.7078463302449977,2023/2024,Pacific Islands,weak,endemic,very_small
nowcast,expanding,PYF,2024-07-01,6,-4,0.5310294316668962,2024/2025,Pacific Islands,weak,endemic,very_small
nowcast,expanding,PYF,2025-01-01,6,2,0.8876260492131466,2024/2025,Pacific Islands,weak,endemic,very_small
nowcast,expanding,PYF,2025-07-01,6,2,2.2888894565230293,2025/2026,Pacific Islands,weak,endemic,very_small
nowcast,expanding,PYF,2026-01-01,6,0,1.0516754327996594,2025/2026,Pacific Islands,weak,endemic,very_small
nowcast,expanding,REU,2017-01-01,6,0,1.0066027581829353,2016/2017,Sub-Saharan Africa,strong,emerging,very_small
nowcast,expanding,REU,2017-07-01,6,0,0.6307511526735864,2016/2017,Sub-Saharan Africa,strong,emerging,very_small
nowcast,expanding,REU,2018-01-01,6,0,0.8636353950318352,2017/2018,Sub-Saharan Africa,strong,emerging,very_small
nowcast,expanding,REU,2018-07-01,6,-5,0.686136780503106,2017/2018,Sub-Saharan Africa,strong,emerging,very_small
nowcast,expanding,REU,2019-01-01,6,0,0.3257623505477052,2018/2019,Sub-Saharan Africa,strong,emerging,very_small
nowcast,expanding,REU,2019-07-01,6,0,0.6317184945450142,2018/2019,Sub-Saharan Africa,strong,emerging,very_small
nowcast,expanding,REU,2020-01-01,6,0,0.4822452363119234,2019/2020,Sub-Saharan Africa,strong,emerging,very_small
nowcast,expanding,REU,2020-07-01,6,0,0.49570752808861523,2019/2020,Sub-Saharan Africa,strong,emerging,very_small
nowcast,expanding,REU,2021-01-01,6,-1,0.21689785161526812,2020/2021,Sub-Saharan Africa,strong,emerging,very_small
nowcast,expanding,REU,2021-07-01,6,5,0.7723010542976357,2020/2021,Sub-Saharan Africa,strong,emerging,very_small
nowcast,expanding,REU,2022-01-01,6,0,1.3931537345138636,2021/2022,Sub-Saharan Africa,strong,emerging,very_small
nowcast,expanding,REU,2022-07-01,3,0,0.18310204811135167,2021/2022,Sub-Saharan Africa,strong,emerging,very_small
nowcast,expanding,REU,2025-01-01,6,0,2.675513602828886,2024/2025,Sub-Saharan Africa,strong,emerging,very_small
nowcast,expanding,REU,2025-07-01,6,0,1.2129077539974364,2024/2025,Sub-Saharan Africa,strong,emerging,very_small
nowcast,expanding,REU,2026-01-01,6,0,0.42882234937016,2025/2026,Sub-Saharan Africa,strong,emerging,very_small
nowcast,expanding,SAU,2016-01-01,6,0,0.2170763536537242,2015/2016,"Europe, Middle East & North Africa",moderate,endemic,large
nowcast,expanding,SAU,2016-07-01,6,0,0.1346258492855695,2015/2016,"Europe, Middle East & North Africa",moderate,endemic,large
nowcast,expanding,SAU,2017-01-01,6,0,0.403721534112063,2016/2017,"Europe, Middle East & North Africa",moderate,endemic,large
nowcast,expanding,SAU,2017-07-01,6,0,0.23456742798877683,2016/2017,"Europe, Middle East & North Africa",moderate,endemic,large
nowcast,expanding,SAU,2018-01-01,6,1,0.3916635654730974,2017/2018,"Europe, Middle East & North Africa",moderate,endemic,large
nowcast,expanding,SAU,2018-07-01,6,0,0.23376167313027282,2017/2018,"Europe, Middle East & North Africa",moderate,endemic,large
nowcast,expanding,SAU,2019-01-01,6,0,0.4012242514825674,2018/2019,"Europe, Middle East & North Africa",moderate,endemic,large
nowcast,expanding,SAU,2019-07-01,6,0,0.2746145791928797,2018/2019,"Europe, Middle East & North Africa",moderate,endemic,large
nowcast,expanding,SAU,2020-01-01,6,3,0.9192365614540708,2019/2020,"Europe, Middle East & North Africa",moderate,endemic,large
nowcast,expanding,SAU,2020-07-01,6,0,0.38853728806702187,2019/2020,"Europe, Middle East & North Africa",moderate,endemic,large
nowcast,expanding,SAU,2021-01-01,6,0,0.5006878418110449,2020/2021,"Europe, Middle East & North Africa",moderate,endemic,large
nowcast,expanding,SAU,2021-07-01,6,1,0.8361432571434153,2020/2021,"Europe, Middle East & North Africa",moderate,endemic,large
nowcast,expanding,SAU,2022-01-01,6,-2,1.5521609345625198,2021/2022,"Europe, Middle East & North Africa",moderate,endemic,large
nowcast,expanding,SAU,2022-07-01,6,0,0.6913093690059706,2021/2022,"Europe, Middle East & North Africa",moderate,endemic,large
nowcast,expanding,SAU,2023-01-01,6,3,0.5278350896790934,2022/2023,"Europe, Middle East & North Africa",moderate,endemic,large
nowcast,expanding,SAU,2023-07-01,6,-5,0.41132955071489313,2022/2023,"Europe, Middle East & North Africa",moderate,endemic,large
nowcast,expanding,SAU,2024-01-01,6,0,0.16363983150969919,2023/2024,"Europe, Middle East & North Africa",moderate,endemic,large
nowcast,expanding,SAU,2024-07-01,2,NA,NA,2023/2024,"Europe, Middle East & North Africa",moderate,endemic,large
nowcast,expanding,SDN,2016-01-01,3,0,0.18990571386472746,2015/2016,"Europe, Middle East & North Africa",strong,emerging,large
nowcast,expanding,SDN,2021-07-01,6,0,0.5634547683335814,2021/2022,"Europe, Middle East & North Africa",strong,emerging,large
nowcast,expanding,SDN,2022-01-01,6,0,0.6773329213143288,2021/2022,"Europe, Middle East & North Africa",strong,emerging,large
nowcast,expanding,SDN,2022-07-01,6,-1,0.4597046048145617,2022/2023,"Europe, Middle East & North Africa",strong,emerging,large
nowcast,expanding,SDN,2023-01-01,6,5,1.3265036192389588,2022/2023,"Europe, Middle East & North Africa",strong,emerging,large
nowcast,expanding,SDN,2023-07-01,6,0,1.6746310322409972,2023/2024,"Europe, Middle East & North Africa",strong,emerging,large
nowcast,expanding,SDN,2024-01-01,6,-1,0.9777493508795945,2023/2024,"Europe, Middle East & North Africa",strong,emerging,large
nowcast,expanding,SDN,2024-07-01,6,0,0.7007629211014098,2024/2025,"Europe, Middle East & North Africa",strong,emerging,large
nowcast,expanding,SDN,2025-01-01,6,-2,1.5771665842593823,2024/2025,"Europe, Middle East & North Africa",strong,emerging,large
nowcast,expanding,SDN,2025-07-01,6,0,0.5213475036694127,2025/2026,"Europe, Middle East & North Africa",strong,emerging,large
nowcast,expanding,SDN,2026-01-01,6,-1,1.1641271062769007,2025/2026,"Europe, Middle East & North Africa",strong,emerging,large
nowcast,expanding,SEN,2022-07-01,6,2,0.23041826945492108,2022/2023,Sub-Saharan Africa,strong,emerging,medium
nowcast,expanding,SEN,2023-01-01,6,4,1.0880574722273593,2022/2023,Sub-Saharan Africa,strong,emerging,medium
nowcast,expanding,SEN,2023-07-01,6,0,0.8031293256585533,2023/2024,Sub-Saharan Africa,strong,emerging,medium
nowcast,expanding,SEN,2024-01-01,6,-5,0.2954258139325337,2023/2024,Sub-Saharan Africa,strong,emerging,medium
nowcast,expanding,SEN,2024-07-01,6,0,0.4380641403102857,2024/2025,Sub-Saharan Africa,strong,emerging,medium
nowcast,expanding,SEN,2025-01-01,6,-5,1.1247138545643174,2024/2025,Sub-Saharan Africa,strong,emerging,medium
nowcast,expanding,SEN,2025-07-01,6,0,0.4729500552824691,2025/2026,Sub-Saharan Africa,strong,emerging,medium
nowcast,expanding,SEN,2026-01-01,6,-5,1.317556840984193,2025/2026,Sub-Saharan Africa,strong,emerging,medium
nowcast,expanding,SGP,2016-01-01,6,5,0.3359181653570508,2016/2017,East & Southeast Asia,weak,endemic,very_small
nowcast,expanding,SGP,2016-07-01,6,5,0.5516534113554935,2016/2017,East & Southeast Asia,weak,endemic,very_small
nowcast,expanding,SGP,2017-01-01,6,-1,0.9662913188192305,2017/2018,East & Southeast Asia,weak,endemic,very_small
nowcast,expanding,SGP,2017-07-01,6,-2,0.15139614834944734,2017/2018,East & Southeast Asia,weak,endemic,very_small
nowcast,expanding,SGP,2018-01-01,6,0,0.9725632247888002,2018/2019,East & Southeast Asia,weak,endemic,very_small
nowcast,expanding,SGP,2018-07-01,6,0,0.40992382211023254,2018/2019,East & Southeast Asia,weak,endemic,very_small
nowcast,expanding,SGP,2019-01-01,6,-1,0.3005765124875406,2019/2020,East & Southeast Asia,weak,endemic,very_small
nowcast,expanding,SGP,2019-07-01,6,5,0.11825545308915138,2019/2020,East & Southeast Asia,weak,endemic,very_small
nowcast,expanding,SGP,2020-01-01,6,-1,0.8070142215561038,2020/2021,East & Southeast Asia,weak,endemic,very_small
nowcast,expanding,SGP,2020-07-01,6,5,0.5275334384178865,2020/2021,East & Southeast Asia,weak,endemic,very_small
nowcast,expanding,SGP,2021-01-01,6,4,0.48547665470216134,2021/2022,East & Southeast Asia,weak,endemic,very_small
nowcast,expanding,SGP,2021-07-01,6,-5,0.2049506222909069,2021/2022,East & Southeast Asia,weak,endemic,very_small
nowcast,expanding,SGP,2022-01-01,6,1,0.6023757632079217,2022/2023,East & Southeast Asia,weak,endemic,very_small
nowcast,expanding,SGP,2022-07-01,6,5,0.40666836459916617,2022/2023,East & Southeast Asia,weak,endemic,very_small
nowcast,expanding,SGP,2023-01-01,6,-1,0.2338711642872698,2023/2024,East & Southeast Asia,weak,endemic,very_small
nowcast,expanding,SGP,2023-07-01,6,0,0.29435138680001843,2023/2024,East & Southeast Asia,weak,endemic,very_small
nowcast,expanding,SGP,2024-01-01,6,4,0.27433876550105163,2024/2025,East & Southeast Asia,weak,endemic,very_small
nowcast,expanding,SGP,2024-07-01,6,5,0.43539555346942405,2024/2025,East & Southeast Asia,weak,endemic,very_small
nowcast,expanding,SGP,2025-01-01,6,1,0.6567540888898086,2025/2026,East & Southeast Asia,weak,endemic,very_small
nowcast,expanding,SGP,2025-07-01,6,5,0.3392928820982369,2025/2026,East & Southeast Asia,weak,endemic,very_small
nowcast,expanding,SGP,2026-01-01,6,0,1.027913706974785,2026/2027,East & Southeast Asia,weak,endemic,very_small
nowcast,expanding,SLB,2018-07-01,6,-1,3.0176816431245164,2018/2019,Pacific Islands,weak,endemic,small
nowcast,expanding,SLB,2019-01-01,6,-1,1.1757304771127,2018/2019,Pacific Islands,weak,endemic,small
nowcast,expanding,SLB,2019-07-01,6,0,0.8490672393668125,2019/2020,Pacific Islands,weak,endemic,small
nowcast,expanding,SLB,2020-01-01,6,1,0.8335421263818947,2019/2020,Pacific Islands,weak,endemic,small
nowcast,expanding,SLB,2020-07-01,6,0,1.848078183934214,2020/2021,Pacific Islands,weak,endemic,small
nowcast,expanding,SLB,2021-01-01,6,1,1.3997614324866963,2020/2021,Pacific Islands,weak,endemic,small
nowcast,expanding,SLB,2021-07-01,6,2,0.3414358380012474,2021/2022,Pacific Islands,weak,endemic,small
nowcast,expanding,SLB,2022-01-01,6,-3,1.6643509943685444,2021/2022,Pacific Islands,weak,endemic,small
nowcast,expanding,SLB,2022-07-01,6,0,1.5616347523274579,2022/2023,Pacific Islands,weak,endemic,small
nowcast,expanding,SLB,2023-01-01,6,2,2.12293964734654,2022/2023,Pacific Islands,weak,endemic,small
nowcast,expanding,SLB,2023-07-01,6,0,0.3898210841661385,2023/2024,Pacific Islands,weak,endemic,small
nowcast,expanding,SLB,2024-01-01,6,-2,1.9254539751372892,2023/2024,Pacific Islands,weak,endemic,small
nowcast,expanding,SLB,2024-07-01,6,-5,0.4394391059544895,2024/2025,Pacific Islands,weak,endemic,small
nowcast,expanding,SLB,2025-01-01,6,4,2.1817013545192125,2024/2025,Pacific Islands,weak,endemic,small
nowcast,expanding,SLB,2025-07-01,6,-2,0.3276724131593502,2025/2026,Pacific Islands,weak,endemic,small
nowcast,expanding,SLB,2026-01-01,6,2,1.8012264520861079,2025/2026,Pacific Islands,weak,endemic,small
nowcast,expanding,SLV,2016-01-01,6,2,0.9946452828522551,2016/2017,North & Central America,weak,endemic,very_small
nowcast,expanding,SLV,2016-07-01,6,-2,0.7928786065643184,2016/2017,North & Central America,weak,endemic,very_small
nowcast,expanding,SLV,2017-01-01,6,1,1.6188224884986615,2017/2018,North & Central America,weak,endemic,very_small
nowcast,expanding,SLV,2017-07-01,6,-2,0.32626022482692324,2017/2018,North & Central America,weak,endemic,very_small
nowcast,expanding,SLV,2018-01-01,6,0,0.9791648490526267,2018/2019,North & Central America,weak,endemic,very_small
nowcast,expanding,SLV,2018-07-01,6,-1,0.22966359058526487,2018/2019,North & Central America,weak,endemic,very_small
nowcast,expanding,SLV,2019-01-01,6,0,0.3779787206858471,2019/2020,North & Central America,weak,endemic,very_small
nowcast,expanding,SLV,2019-07-01,6,-1,0.21784299612498406,2019/2020,North & Central America,weak,endemic,very_small
nowcast,expanding,SLV,2020-01-01,6,5,1.1311683925618936,2020/2021,North & Central America,weak,endemic,very_small
nowcast,expanding,SLV,2020-07-01,6,0,0.44699864631928404,2020/2021,North & Central America,weak,endemic,very_small
nowcast,expanding,SLV,2021-01-01,6,1,1.175496130013052,2021/2022,North & Central America,weak,endemic,very_small
nowcast,expanding,SLV,2021-07-01,6,-5,0.39511769836770316,2021/2022,North & Central America,weak,endemic,very_small
nowcast,expanding,SLV,2022-01-01,6,2,0.11861461881858164,2022/2023,North & Central America,weak,endemic,very_small
nowcast,expanding,SLV,2022-07-01,6,0,0.5911988395288948,2022/2023,North & Central America,weak,endemic,very_small
nowcast,expanding,SLV,2023-01-01,6,0,0.9187618828483496,2023/2024,North & Central America,weak,endemic,very_small
nowcast,expanding,SLV,2023-07-01,6,-2,0.31925021339842635,2023/2024,North & Central America,weak,endemic,very_small
nowcast,expanding,SLV,2024-01-01,6,0,0.6290227330577766,2024/2025,North & Central America,weak,endemic,very_small
nowcast,expanding,SLV,2024-07-01,6,-1,0.0863011910254717,2024/2025,North & Central America,weak,endemic,very_small
nowcast,expanding,SLV,2025-01-01,6,0,0.9014470147268451,2025/2026,North & Central America,weak,endemic,very_small
nowcast,expanding,SLV,2025-07-01,6,0,0.1939309028699061,2025/2026,North & Central America,weak,endemic,very_small
nowcast,expanding,SLV,2026-01-01,6,0,0.9596540145835218,2026/2027,North & Central America,weak,endemic,very_small
nowcast,expanding,SUR,2017-07-01,6,0,1.5790021599970687,2017/2018,South America,strong,emerging,medium
nowcast,expanding,SUR,2018-01-01,6,0,0.20295121828468596,2017/2018,South America,strong,emerging,medium
nowcast,expanding,SUR,2018-07-01,6,4,0.597356488305398,2018/2019,South America,strong,emerging,medium
nowcast,expanding,SUR,2019-01-01,6,0,0.7152412921241466,2018/2019,South America,strong,emerging,medium
nowcast,expanding,SUR,2019-07-01,6,0,1.0430402585188647,2019/2020,South America,strong,emerging,medium
nowcast,expanding,SUR,2020-01-01,6,0,0.30542443351139104,2019/2020,South America,strong,emerging,medium
nowcast,expanding,SUR,2020-07-01,6,3,1.0313032529366633,2020/2021,South America,strong,emerging,medium
nowcast,expanding,SUR,2021-01-01,2,NA,NA,2020/2021,South America,strong,emerging,medium
nowcast,expanding,SUR,2022-07-01,6,0,0.6830804194790051,2022/2023,South America,strong,emerging,medium
nowcast,expanding,SUR,2023-01-01,6,-5,0.46263191791335045,2022/2023,South America,strong,emerging,medium
nowcast,expanding,SUR,2023-07-01,6,5,0.5552843200102505,2023/2024,South America,strong,emerging,medium
nowcast,expanding,SUR,2024-01-01,6,0,0.5387137846473582,2023/2024,South America,strong,emerging,medium
nowcast,expanding,SUR,2024-07-01,6,-3,1.0060946135085094,2024/2025,South America,strong,emerging,medium
nowcast,expanding,SUR,2025-01-01,6,-1,1.8464926369418357,2024/2025,South America,strong,emerging,medium
nowcast,expanding,SUR,2025-07-01,6,2,0.4763666103758996,2025/2026,South America,strong,emerging,medium
nowcast,expanding,SUR,2026-01-01,6,0,0.8760992836194336,2025/2026,South America,strong,emerging,medium
nowcast,expanding,SXM,2024-07-01,6,0,0.4298895009997083,2024/2025,Caribbean,strong,emerging,very_small
nowcast,expanding,SXM,2025-01-01,6,-3,0.8337341914774822,2024/2025,Caribbean,strong,emerging,very_small
nowcast,expanding,SXM,2025-07-01,6,-2,0.9147868986281112,2025/2026,Caribbean,strong,emerging,very_small
nowcast,expanding,SXM,2026-01-01,6,5,0.3161866641476468,2025/2026,Caribbean,strong,emerging,very_small
nowcast,expanding,SYC,2023-07-01,6,2,1.4652460357739825,2023/2024,Sub-Saharan Africa,moderate,emerging,very_small
nowcast,expanding,SYC,2024-01-01,5,-3,1.2867363466250055,2023/2024,Sub-Saharan Africa,moderate,emerging,very_small
nowcast,expanding,SYC,2025-01-01,6,3,0.7228782301783346,2024/2025,Sub-Saharan Africa,moderate,emerging,very_small
nowcast,expanding,SYC,2025-07-01,6,0,1.2335411344881553,2025/2026,Sub-Saharan Africa,moderate,emerging,very_small
nowcast,expanding,SYC,2026-01-01,6,5,1.4926136567194093,2025/2026,Sub-Saharan Africa,moderate,emerging,very_small
nowcast,expanding,TCA,2016-07-01,6,3,0.2617119175953761,2016/2017,Caribbean,strong,emerging,very_small
nowcast,expanding,TCA,2017-01-01,6,-1,0.7144126174794629,2016/2017,Caribbean,strong,emerging,very_small
nowcast,expanding,TCA,2017-07-01,6,0,0.6305027669954084,2017/2018,Caribbean,strong,emerging,very_small
nowcast,expanding,TCA,2018-01-01,3,0,1.5546872346054277,2017/2018,Caribbean,strong,emerging,very_small
nowcast,expanding,TCA,2019-07-01,6,-3,0.7361218933933277,2019/2020,Caribbean,strong,emerging,very_small
nowcast,expanding,TCA,2020-01-01,3,0,0.9403178451563523,2019/2020,Caribbean,strong,emerging,very_small
nowcast,expanding,TCA,2023-07-01,6,0,0.8862179118943044,2023/2024,Caribbean,strong,emerging,very_small
nowcast,expanding,TCA,2024-01-01,3,0,0.5662202612720107,2023/2024,Caribbean,strong,emerging,very_small
nowcast,expanding,TCA,2025-01-01,6,-3,1.3024537365527966,2024/2025,Caribbean,strong,emerging,very_small
nowcast,expanding,TCA,2025-07-01,6,-3,0.41415110829800006,2025/2026,Caribbean,strong,emerging,very_small
nowcast,expanding,TCA,2026-01-01,6,3,0.5482709343341751,2025/2026,Caribbean,strong,emerging,very_small
nowcast,expanding,THA,2016-01-01,6,0,0.5217851465392456,2016/2017,East & Southeast Asia,moderate,endemic,medium
nowcast,expanding,THA,2016-07-01,6,0,0.11577331961593511,2016/2017,East & Southeast Asia,moderate,endemic,medium
nowcast,expanding,THA,2017-01-01,6,0,0.4595327536854427,2017/2018,East & Southeast Asia,moderate,endemic,medium
nowcast,expanding,THA,2017-07-01,6,0,0.09060927030557624,2017/2018,East & Southeast Asia,moderate,endemic,medium
nowcast,expanding,THA,2018-01-01,6,0,0.13739293649639742,2018/2019,East & Southeast Asia,moderate,endemic,medium
nowcast,expanding,THA,2018-07-01,6,0,0.09129040773917503,2018/2019,East & Southeast Asia,moderate,endemic,medium
nowcast,expanding,THA,2019-01-01,6,0,0.26630165146993723,2019/2020,East & Southeast Asia,moderate,endemic,medium
nowcast,expanding,THA,2019-07-01,6,0,0.21073944045587586,2019/2020,East & Southeast Asia,moderate,endemic,medium
nowcast,expanding,THA,2020-01-01,6,0,0.09850391555083093,2020/2021,East & Southeast Asia,moderate,endemic,medium
nowcast,expanding,THA,2020-07-01,6,0,0.3635010594585333,2020/2021,East & Southeast Asia,moderate,endemic,medium
nowcast,expanding,THA,2021-01-01,6,1,1.2699393086974717,2021/2022,East & Southeast Asia,moderate,endemic,medium
nowcast,expanding,THA,2021-07-01,6,0,0.18645280988075874,2021/2022,East & Southeast Asia,moderate,endemic,medium
nowcast,expanding,THA,2022-01-01,6,0,0.597827179752528,2022/2023,East & Southeast Asia,moderate,endemic,medium
nowcast,expanding,THA,2022-07-01,6,0,0.31133010581182297,2022/2023,East & Southeast Asia,moderate,endemic,medium
nowcast,expanding,THA,2023-01-01,6,0,0.2360547826401783,2023/2024,East & Southeast Asia,moderate,endemic,medium
nowcast,expanding,THA,2023-07-01,6,0,0.14695635574388902,2023/2024,East & Southeast Asia,moderate,endemic,medium
nowcast,expanding,THA,2024-01-01,6,0,0.26924309718185313,2024/2025,East & Southeast Asia,moderate,endemic,medium
nowcast,expanding,THA,2024-07-01,6,0,0.122390220623169,2024/2025,East & Southeast Asia,moderate,endemic,medium
nowcast,expanding,THA,2025-01-01,6,0,0.1716565917781525,2025/2026,East & Southeast Asia,moderate,endemic,medium
nowcast,expanding,THA,2025-07-01,6,0,0.2421003155273096,2025/2026,East & Southeast Asia,moderate,endemic,medium
nowcast,expanding,THA,2026-01-01,6,0,0.36100525614679785,2026/2027,East & Southeast Asia,moderate,endemic,medium
nowcast,expanding,TLS,2016-01-01,6,0,0.988994488105635,2015/2016,East & Southeast Asia,strong,emerging,very_small
nowcast,expanding,TLS,2016-07-01,6,0,1.6723572170690717,2015/2016,East & Southeast Asia,strong,emerging,very_small
nowcast,expanding,TLS,2017-01-01,6,0,0.9907331644346443,2016/2017,East & Southeast Asia,strong,emerging,very_small
nowcast,expanding,TLS,2017-07-01,6,0,1.2842537503773623,2016/2017,East & Southeast Asia,strong,emerging,very_small
nowcast,expanding,TLS,2018-01-01,6,0,0.9569840302246461,2017/2018,East & Southeast Asia,strong,emerging,very_small
nowcast,expanding,TLS,2018-07-01,6,0,1.3461511686775445,2017/2018,East & Southeast Asia,strong,emerging,very_small
nowcast,expanding,TLS,2019-01-01,6,-2,0.7494787885902929,2018/2019,East & Southeast Asia,strong,emerging,very_small
nowcast,expanding,TLS,2019-07-01,6,0,1.7003979112524303,2018/2019,East & Southeast Asia,strong,emerging,very_small
nowcast,expanding,TLS,2020-01-01,6,-1,0.5115445264725832,2019/2020,East & Southeast Asia,strong,emerging,very_small
nowcast,expanding,TLS,2020-07-01,6,0,0.820897579359429,2019/2020,East & Southeast Asia,strong,emerging,very_small
nowcast,expanding,TLS,2021-01-01,6,0,0.5355487943125559,2020/2021,East & Southeast Asia,strong,emerging,very_small
nowcast,expanding,TLS,2021-07-01,6,0,0.47518180101694,2020/2021,East & Southeast Asia,strong,emerging,very_small
nowcast,expanding,TLS,2022-01-01,6,0,0.15168563835720508,2021/2022,East & Southeast Asia,strong,emerging,very_small
nowcast,expanding,TLS,2022-07-01,6,-1,0.3614594446598988,2021/2022,East & Southeast Asia,strong,emerging,very_small
nowcast,expanding,TLS,2023-01-01,6,-3,0.5006307883436093,2022/2023,East & Southeast Asia,strong,emerging,very_small
nowcast,expanding,TLS,2023-07-01,6,0,0.790402576404505,2022/2023,East & Southeast Asia,strong,emerging,very_small
nowcast,expanding,TLS,2024-01-01,6,0,0.19801586335414734,2023/2024,East & Southeast Asia,strong,emerging,very_small
nowcast,expanding,TLS,2024-07-01,6,-1,0.3194551598337649,2023/2024,East & Southeast Asia,strong,emerging,very_small
nowcast,expanding,TLS,2025-01-01,6,0,0.333943301643852,2024/2025,East & Southeast Asia,strong,emerging,very_small
nowcast,expanding,TLS,2025-07-01,6,-1,0.7900632851914237,2024/2025,East & Southeast Asia,strong,emerging,very_small
nowcast,expanding,TLS,2026-01-01,6,1,0.3087709395639215,2025/2026,East & Southeast Asia,strong,emerging,very_small
nowcast,expanding,TON,2022-07-01,6,4,2.2504077361521206,2022/2023,Pacific Islands,moderate,emerging,very_small
nowcast,expanding,TON,2023-01-01,3,1,4.37772183013984,2022/2023,Pacific Islands,moderate,emerging,very_small
nowcast,expanding,TON,2024-07-01,6,-1,0.3662040962227033,2024/2025,Pacific Islands,moderate,emerging,very_small
nowcast,expanding,TON,2025-01-01,6,3,3.0978355911264672,2024/2025,Pacific Islands,moderate,emerging,very_small
nowcast,expanding,TON,2025-07-01,6,1,1.4225439344332667,2025/2026,Pacific Islands,moderate,emerging,very_small
nowcast,expanding,TON,2026-01-01,6,0,0.3751969958446135,2025/2026,Pacific Islands,moderate,emerging,very_small
nowcast,expanding,TTO,2016-07-01,6,5,0.37171216504772775,2016/2017,Caribbean,strong,emerging,very_small
nowcast,expanding,TTO,2017-01-01,6,-5,0.8451894067433576,2016/2017,Caribbean,strong,emerging,very_small
nowcast,expanding,TTO,2017-07-01,6,0,0.27768629350874013,2017/2018,Caribbean,strong,emerging,very_small
nowcast,expanding,TTO,2018-01-01,6,0,1.0361137150325577,2017/2018,Caribbean,strong,emerging,very_small
nowcast,expanding,TTO,2018-07-01,6,-5,0.3398884346877158,2018/2019,Caribbean,strong,emerging,very_small
nowcast,expanding,TTO,2019-01-01,6,5,1.3427228819573733,2018/2019,Caribbean,strong,emerging,very_small
nowcast,expanding,TTO,2019-07-01,6,5,1.2621303516980396,2019/2020,Caribbean,strong,emerging,very_small
nowcast,expanding,TTO,2020-01-01,6,5,0.6948388771265668,2019/2020,Caribbean,strong,emerging,very_small
nowcast,expanding,TTO,2020-07-01,6,0,0.31415259291769776,2020/2021,Caribbean,strong,emerging,very_small
nowcast,expanding,TTO,2021-01-01,2,NA,NA,2020/2021,Caribbean,strong,emerging,very_small
nowcast,expanding,TTO,2022-07-01,6,-5,0.2875665886528713,2022/2023,Caribbean,strong,emerging,very_small
nowcast,expanding,TTO,2023-01-01,6,0,0.7744723584495429,2022/2023,Caribbean,strong,emerging,very_small
nowcast,expanding,TTO,2023-07-01,6,-5,0.4119867465802764,2023/2024,Caribbean,strong,emerging,very_small
nowcast,expanding,TTO,2024-01-01,6,5,1.0264833374558504,2023/2024,Caribbean,strong,emerging,very_small
nowcast,expanding,TTO,2024-07-01,6,0,0.6420606014315859,2024/2025,Caribbean,strong,emerging,very_small
nowcast,expanding,TTO,2025-01-01,6,-4,0.9099235973626465,2024/2025,Caribbean,strong,emerging,very_small
nowcast,expanding,TTO,2025-07-01,6,-2,2.025125754856773,2025/2026,Caribbean,strong,emerging,very_small
nowcast,expanding,TTO,2026-01-01,6,4,0.8030353972739235,2025/2026,Caribbean,strong,emerging,very_small
nowcast,expanding,TUV,2022-07-01,6,0,0.7627352055714501,2022/2023,Pacific Islands,strong,emerging,very_small
nowcast,expanding,TUV,2023-01-01,2,NA,NA,2022/2023,Pacific Islands,strong,emerging,very_small
nowcast,expanding,TUV,2025-01-01,6,5,1.4304029257432573,2024/2025,Pacific Islands,strong,emerging,very_small
nowcast,expanding,TUV,2025-07-01,6,-1,1.003549886520169,2025/2026,Pacific Islands,strong,emerging,very_small
nowcast,expanding,TUV,2026-01-01,6,0,0.7390344403893337,2025/2026,Pacific Islands,strong,emerging,very_small
nowcast,expanding,TWN,2016-01-01,1,NA,NA,2015/2016,East & Southeast Asia,strong,emerging,small
nowcast,expanding,TWN,2018-07-01,6,2,0.5522210611695441,2018/2019,East & Southeast Asia,strong,emerging,small
nowcast,expanding,TWN,2019-01-01,6,1,0.5399679678341136,2018/2019,East & Southeast Asia,strong,emerging,small
nowcast,expanding,TWN,2019-07-01,6,0,1.5770978474005102,2019/2020,East & Southeast Asia,strong,emerging,small
nowcast,expanding,TWN,2020-01-01,1,NA,NA,2019/2020,East & Southeast Asia,strong,emerging,small
nowcast,expanding,TWN,2023-07-01,6,-1,0.9510445740595346,2023/2024,East & Southeast Asia,strong,emerging,small
nowcast,expanding,TWN,2024-01-01,1,NA,NA,2023/2024,East & Southeast Asia,strong,emerging,small
nowcast,expanding,URY,2023-07-01,6,-1,0.32062370702421455,2023/2024,South America,strong,emerging,medium
nowcast,expanding,URY,2024-01-01,6,0,0.6265089529463169,2023/2024,South America,strong,emerging,medium
nowcast,expanding,URY,2024-07-01,6,1,0.5286497526853086,2024/2025,South America,strong,emerging,medium
nowcast,expanding,URY,2025-01-01,6,-3,1.7964210696088054,2024/2025,South America,strong,emerging,medium
nowcast,expanding,URY,2025-07-01,6,1,0.11552453009332421,2025/2026,South America,strong,emerging,medium
nowcast,expanding,URY,2026-01-01,6,2,0.8687612012444751,2025/2026,South America,strong,emerging,medium
nowcast,expanding,USA,2016-01-01,6,0,0.6329789439230623,2015/2016,North & Central America,moderate,endemic,continental
nowcast,expanding,USA,2016-07-01,6,3,0.4513391064123959,2016/2017,North & Central America,moderate,endemic,continental
nowcast,expanding,USA,2017-01-01,6,0,0.1938066222016209,2016/2017,North & Central America,moderate,endemic,continental
nowcast,expanding,USA,2017-07-01,6,1,0.3518217012092331,2017/2018,North & Central America,moderate,endemic,continental
nowcast,expanding,USA,2018-01-01,6,0,0.24778182055777256,2017/2018,North & Central America,moderate,endemic,continental
nowcast,expanding,USA,2018-07-01,6,1,0.487891062064631,2018/2019,North & Central America,moderate,endemic,continental
nowcast,expanding,USA,2019-01-01,6,0,0.3630579077446087,2018/2019,North & Central America,moderate,endemic,continental
nowcast,expanding,USA,2019-07-01,6,2,0.7472532007968518,2019/2020,North & Central America,moderate,endemic,continental
nowcast,expanding,USA,2020-01-01,6,0,0.4053934404455168,2019/2020,North & Central America,moderate,endemic,continental
nowcast,expanding,USA,2020-07-01,6,3,0.3442392441449263,2020/2021,North & Central America,moderate,endemic,continental
nowcast,expanding,USA,2021-01-01,6,0,0.9218885944179189,2020/2021,North & Central America,moderate,endemic,continental
nowcast,expanding,USA,2021-07-01,6,-1,0.49352025650550235,2021/2022,North & Central America,moderate,endemic,continental
nowcast,expanding,USA,2022-01-01,6,0,0.36176936259905745,2021/2022,North & Central America,moderate,endemic,continental
nowcast,expanding,USA,2022-07-01,6,1,0.7665077864138836,2022/2023,North & Central America,moderate,endemic,continental
nowcast,expanding,USA,2023-01-01,6,5,2.9218619202194085,2022/2023,North & Central America,moderate,endemic,continental
nowcast,expanding,USA,2023-07-01,6,-2,1.7698822112529022,2023/2024,North & Central America,moderate,endemic,continental
nowcast,expanding,USA,2024-01-01,6,0,1.1333706201046487,2023/2024,North & Central America,moderate,endemic,continental
nowcast,expanding,USA,2024-07-01,6,1,0.17958757331722527,2024/2025,North & Central America,moderate,endemic,continental
nowcast,expanding,USA,2025-01-01,6,-4,0.4737667532535968,2024/2025,North & Central America,moderate,endemic,continental
nowcast,expanding,USA,2025-07-01,6,0,0.17701475933022812,2025/2026,North & Central America,moderate,endemic,continental
nowcast,expanding,USA,2026-01-01,6,0,0.18809670745028861,2025/2026,North & Central America,moderate,endemic,continental
nowcast,expanding,VCT,2016-07-01,6,0,0.21204526076929509,2016/2017,Caribbean,moderate,emerging,very_small
nowcast,expanding,VCT,2017-01-01,2,NA,NA,2016/2017,Caribbean,moderate,emerging,very_small
nowcast,expanding,VCT,2019-07-01,6,-5,1.0181008658283857,2019/2020,Caribbean,moderate,emerging,very_small
nowcast,expanding,VCT,2020-01-01,6,-4,2.0396753266755776,2019/2020,Caribbean,moderate,emerging,very_small
nowcast,expanding,VCT,2020-07-01,6,1,0.2984363142243273,2020/2021,Caribbean,moderate,emerging,very_small
nowcast,expanding,VCT,2021-01-01,6,-3,0.387898953419797,2020/2021,Caribbean,moderate,emerging,very_small
nowcast,expanding,VCT,2021-07-01,6,0,0.13189916424593404,2021/2022,Caribbean,moderate,emerging,very_small
nowcast,expanding,VCT,2022-01-01,2,NA,NA,2021/2022,Caribbean,moderate,emerging,very_small
nowcast,expanding,VCT,2023-07-01,6,-1,1.0275424423540678,2023/2024,Caribbean,moderate,emerging,very_small
nowcast,expanding,VCT,2024-01-01,6,3,1.3600830349306712,2023/2024,Caribbean,moderate,emerging,very_small
nowcast,expanding,VCT,2024-07-01,6,0,0.528583589158794,2024/2025,Caribbean,moderate,emerging,very_small
nowcast,expanding,VCT,2025-01-01,6,0,1.812473557616135,2024/2025,Caribbean,moderate,emerging,very_small
nowcast,expanding,VCT,2025-07-01,6,0,0.17328679513998632,2025/2026,Caribbean,moderate,emerging,very_small
nowcast,expanding,VCT,2026-01-01,6,3,1.068537230607017,2025/2026,Caribbean,moderate,emerging,very_small
nowcast,expanding,VEN,2016-01-01,6,0,0.41160279169425107,2015/2016,South America,weak,endemic,medium
nowcast,expanding,VEN,2016-07-01,6,5,1.048307180175736,2016/2017,South America,weak,endemic,medium
nowcast,expanding,VEN,2017-01-01,6,2,0.8771719717783246,2016/2017,South America,weak,endemic,medium
nowcast,expanding,VEN,2017-07-01,6,4,0.1780034156272378,2017/2018,South America,weak,endemic,medium
nowcast,expanding,VEN,2018-01-01,6,-2,0.6004562593251382,2017/2018,South America,weak,endemic,medium
nowcast,expanding,VEN,2018-07-01,6,4,0.3426422220370227,2018/2019,South America,weak,endemic,medium
nowcast,expanding,VEN,2019-01-01,6,-1,0.6025649344241926,2018/2019,South America,weak,endemic,medium
nowcast,expanding,VEN,2019-07-01,6,1,0.09371830364700269,2019/2020,South America,weak,endemic,medium
nowcast,expanding,VEN,2020-01-01,6,5,0.8722165929180354,2019/2020,South America,weak,endemic,medium
nowcast,expanding,VEN,2020-07-01,6,-3,0.20271098542853108,2020/2021,South America,weak,endemic,medium
nowcast,expanding,VEN,2021-01-01,6,5,0.8520231151929921,2020/2021,South America,weak,endemic,medium
nowcast,expanding,VEN,2021-07-01,6,5,0.15864236700955128,2021/2022,South America,weak,endemic,medium
nowcast,expanding,VEN,2022-01-01,6,0,0.6725615396645458,2021/2022,South America,weak,endemic,medium
nowcast,expanding,VEN,2022-07-01,6,-1,0.29331536915356243,2022/2023,South America,weak,endemic,medium
nowcast,expanding,VEN,2023-01-01,6,5,1.765584080556238,2022/2023,South America,weak,endemic,medium
nowcast,expanding,VEN,2023-07-01,6,-2,2.6552412825444383,2023/2024,South America,weak,endemic,medium
nowcast,expanding,VEN,2024-01-01,2,NA,NA,2023/2024,South America,weak,endemic,medium
nowcast,expanding,VEN,2025-01-01,6,-1,0.5904794447663221,2024/2025,South America,weak,endemic,medium
nowcast,expanding,VEN,2025-07-01,6,5,0.4758644512488324,2025/2026,South America,weak,endemic,medium
nowcast,expanding,VEN,2026-01-01,6,-2,0.339510973250939,2025/2026,South America,weak,endemic,medium
nowcast,expanding,VGB,2016-01-01,6,0,0.28812826129962904,2015/2016,Caribbean,moderate,emerging,very_small
nowcast,expanding,VGB,2016-07-01,6,3,0.2003849809735241,2016/2017,Caribbean,moderate,emerging,very_small
nowcast,expanding,VGB,2017-01-01,6,0,0.3410062011406301,2016/2017,Caribbean,moderate,emerging,very_small
nowcast,expanding,VGB,2017-07-01,6,0,0.10777902071753716,2017/2018,Caribbean,moderate,emerging,very_small
nowcast,expanding,VGB,2018-01-01,6,-2,0.3886617699296003,2017/2018,Caribbean,moderate,emerging,very_small
nowcast,expanding,VGB,2018-07-01,6,1,0.39152468033146454,2018/2019,Caribbean,moderate,emerging,very_small
nowcast,expanding,VGB,2019-01-01,6,0,0.8587675203157913,2018/2019,Caribbean,moderate,emerging,very_small
nowcast,expanding,VGB,2019-07-01,6,2,0.9367439789532083,2019/2020,Caribbean,moderate,emerging,very_small
nowcast,expanding,VGB,2020-01-01,2,NA,NA,2019/2020,Caribbean,moderate,emerging,very_small
nowcast,expanding,VGB,2023-07-01,6,-5,0.40433585532663474,2023/2024,Caribbean,moderate,emerging,very_small
nowcast,expanding,VGB,2024-01-01,6,0,0.4045532635391542,2023/2024,Caribbean,moderate,emerging,very_small
nowcast,expanding,VGB,2024-07-01,6,0,0.09775425737043993,2024/2025,Caribbean,moderate,emerging,very_small
nowcast,expanding,VGB,2025-01-01,6,2,0.3991743770401753,2024/2025,Caribbean,moderate,emerging,very_small
nowcast,expanding,VGB,2025-07-01,6,-1,0.6092268034167302,2025/2026,Caribbean,moderate,emerging,very_small
nowcast,expanding,VGB,2026-01-01,6,1,0.37569475589166346,2025/2026,Caribbean,moderate,emerging,very_small
nowcast,expanding,VNM,2016-01-01,6,0,0.574118299788357,2015/2016,East & Southeast Asia,moderate,endemic,medium
nowcast,expanding,VNM,2016-07-01,6,0,0.15040240645379774,2016/2017,East & Southeast Asia,moderate,endemic,medium
nowcast,expanding,VNM,2017-01-01,6,0,0.7834182689376128,2016/2017,East & Southeast Asia,moderate,endemic,medium
nowcast,expanding,VNM,2017-07-01,6,2,0.39695915111641106,2017/2018,East & Southeast Asia,moderate,endemic,medium
nowcast,expanding,VNM,2018-01-01,6,-5,0.3358555862221632,2017/2018,East & Southeast Asia,moderate,endemic,medium
nowcast,expanding,VNM,2018-07-01,6,-4,0.4723416668857056,2018/2019,East & Southeast Asia,moderate,endemic,medium
nowcast,expanding,VNM,2019-01-01,6,-5,0.6633914501766635,2018/2019,East & Southeast Asia,moderate,endemic,medium
nowcast,expanding,VNM,2019-07-01,6,1,0.23954898651847975,2019/2020,East & Southeast Asia,moderate,endemic,medium
nowcast,expanding,VNM,2020-01-01,6,-5,0.49758863281325394,2019/2020,East & Southeast Asia,moderate,endemic,medium
nowcast,expanding,VNM,2020-07-01,6,0,0.11105642691815125,2020/2021,East & Southeast Asia,moderate,endemic,medium
nowcast,expanding,VNM,2021-01-01,6,0,0.1311559667494846,2020/2021,East & Southeast Asia,moderate,endemic,medium
nowcast,expanding,VNM,2021-07-01,6,-3,0.1637018637652378,2021/2022,East & Southeast Asia,moderate,endemic,medium
nowcast,expanding,VNM,2022-01-01,6,0,0.8826884607079566,2021/2022,East & Southeast Asia,moderate,endemic,medium
nowcast,expanding,VNM,2022-07-01,6,0,0.14045419367470213,2022/2023,East & Southeast Asia,moderate,endemic,medium
nowcast,expanding,VNM,2023-01-01,6,-5,0.4414311677425491,2022/2023,East & Southeast Asia,moderate,endemic,medium
nowcast,expanding,VNM,2023-07-01,6,0,0.2268228104153939,2023/2024,East & Southeast Asia,moderate,endemic,medium
nowcast,expanding,VNM,2024-01-01,6,0,0.10383169788740727,2023/2024,East & Southeast Asia,moderate,endemic,medium
nowcast,expanding,VNM,2024-07-01,6,0,0.26315992592561965,2024/2025,East & Southeast Asia,moderate,endemic,medium
nowcast,expanding,VNM,2025-01-01,6,5,0.3232458929584403,2024/2025,East & Southeast Asia,moderate,endemic,medium
nowcast,expanding,VNM,2025-07-01,6,-3,0.631958838707395,2025/2026,East & Southeast Asia,moderate,endemic,medium
nowcast,expanding,VNM,2026-01-01,6,0,0.15288234119026325,2025/2026,East & Southeast Asia,moderate,endemic,medium
nowcast,expanding,VUT,2020-01-01,6,-3,1.0232031001246054,2019/2020,Pacific Islands,weak,emerging,very_small
nowcast,expanding,VUT,2020-07-01,6,4,1.2251690942920632,2019/2020,Pacific Islands,weak,emerging,very_small
nowcast,expanding,VUT,2021-01-01,6,0,0.916459418239567,2020/2021,Pacific Islands,weak,emerging,very_small
nowcast,expanding,VUT,2021-07-01,6,0,0.8038760947252511,2020/2021,Pacific Islands,weak,emerging,very_small
nowcast,expanding,VUT,2022-01-01,6,-5,1.7582069957273718,2021/2022,Pacific Islands,weak,emerging,very_small
nowcast,expanding,VUT,2022-07-01,6,-2,2.481386982414822,2021/2022,Pacific Islands,weak,emerging,very_small
nowcast,expanding,VUT,2023-01-01,6,-2,2.004039140674872,2022/2023,Pacific Islands,weak,emerging,very_small
nowcast,expanding,VUT,2023-07-01,6,-4,1.1392212792187888,2022/2023,Pacific Islands,weak,emerging,very_small
nowcast,expanding,VUT,2024-01-01,6,-1,0.6079858315258889,2023/2024,Pacific Islands,weak,emerging,very_small
nowcast,expanding,VUT,2024-07-01,6,-4,0.4956287760977622,2023/2024,Pacific Islands,weak,emerging,very_small
nowcast,expanding,VUT,2025-01-01,6,3,1.5776186433062502,2024/2025,Pacific Islands,weak,emerging,very_small
nowcast,expanding,VUT,2025-07-01,6,-1,0.7448618878703711,2024/2025,Pacific Islands,weak,emerging,very_small
nowcast,expanding,VUT,2026-01-01,6,-2,0.9331780855736218,2025/2026,Pacific Islands,weak,emerging,very_small
nowcast,expanding,WLF,2020-07-01,6,2,0.8536904272050002,2020/2021,Pacific Islands,weak,emerging,very_small
nowcast,expanding,WLF,2021-01-01,6,-2,0.22904941090865982,2020/2021,Pacific Islands,weak,emerging,very_small
nowcast,expanding,WLF,2021-07-01,6,0,0.38765765181181555,2021/2022,Pacific Islands,weak,emerging,very_small
nowcast,expanding,WLF,2022-01-01,6,-1,0.22893775275466224,2021/2022,Pacific Islands,weak,emerging,very_small
nowcast,expanding,WLF,2022-07-01,6,2,1.5100296365648411,2022/2023,Pacific Islands,weak,emerging,very_small
nowcast,expanding,WLF,2023-01-01,6,0,1.3097113537028007,2022/2023,Pacific Islands,weak,emerging,very_small
nowcast,expanding,WLF,2023-07-01,6,-3,0.18170639333624972,2023/2024,Pacific Islands,weak,emerging,very_small
nowcast,expanding,WLF,2024-01-01,6,4,0.5954635808418715,2023/2024,Pacific Islands,weak,emerging,very_small
nowcast,expanding,WLF,2024-07-01,6,-3,0.40537106532651457,2024/2025,Pacific Islands,weak,emerging,very_small
nowcast,expanding,WLF,2025-01-01,6,4,0.4557787430602694,2024/2025,Pacific Islands,weak,emerging,very_small
nowcast,expanding,WLF,2025-07-01,6,-2,0.2750433178257259,2025/2026,Pacific Islands,weak,emerging,very_small
nowcast,expanding,WLF,2026-01-01,6,2,0.5679014402769057,2025/2026,Pacific Islands,weak,emerging,very_small
nowcast,expanding,WSM,2021-01-01,6,0,0.14859818004873318,2020/2021,Pacific Islands,weak,endemic,very_small
nowcast,expanding,WSM,2021-07-01,6,-1,0.7062766487391615,2020/2021,Pacific Islands,weak,endemic,very_small
nowcast,expanding,WSM,2022-01-01,6,0,1.9970198485893444,2021/2022,Pacific Islands,weak,endemic,very_small
nowcast,expanding,WSM,2022-07-01,6,0,1.7535500219102504,2021/2022,Pacific Islands,weak,endemic,very_small
nowcast,expanding,WSM,2023-01-01,6,0,4.435030976402573,2022/2023,Pacific Islands,weak,endemic,very_small
nowcast,expanding,WSM,2023-07-01,6,-4,4.593212805190629,2022/2023,Pacific Islands,weak,endemic,very_small
nowcast,expanding,WSM,2024-01-01,6,0,2.0440349970091334,2023/2024,Pacific Islands,weak,endemic,very_small
nowcast,expanding,WSM,2024-07-01,6,-1,1.695945448733544,2023/2024,Pacific Islands,weak,endemic,very_small
nowcast,expanding,WSM,2025-01-01,6,-3,1.6495383145610525,2024/2025,Pacific Islands,weak,endemic,very_small
nowcast,expanding,WSM,2025-07-01,6,2,0.9845063624699968,2024/2025,Pacific Islands,weak,endemic,very_small
nowcast,expanding,WSM,2026-01-01,6,0,0.6844891607889115,2025/2026,Pacific Islands,weak,endemic,very_small
nowcast,expanding,YEM,2020-07-01,6,3,1.5555564192393387,2020/2021,"Europe, Middle East & North Africa",weak,emerging,medium
nowcast,expanding,YEM,2021-01-01,6,-1,0.9174638528150115,2020/2021,"Europe, Middle East & North Africa",weak,emerging,medium
nowcast,expanding,YEM,2021-07-01,6,1,0.3189314500072031,2021/2022,"Europe, Middle East & North Africa",weak,emerging,medium
nowcast,expanding,YEM,2022-01-01,6,-3,0.2347383613666547,2021/2022,"Europe, Middle East & North Africa",weak,emerging,medium
nowcast,expanding,YEM,2022-07-01,6,2,0.35271139462254353,2022/2023,"Europe, Middle East & North Africa",weak,emerging,medium
nowcast,expanding,YEM,2023-01-01,6,-1,0.1446565651406798,2022/2023,"Europe, Middle East & North Africa",weak,emerging,medium
nowcast,expanding,YEM,2023-07-01,6,3,0.9537222786319374,2023/2024,"Europe, Middle East & North Africa",weak,emerging,medium
nowcast,expanding,YEM,2024-01-01,2,NA,NA,2023/2024,"Europe, Middle East & North Africa",weak,emerging,medium
