"","country","iso3","Year","Month","date","cases","source"
"1","Afghanistan","AFG",2025,1,2025-01-01,71,"WHO"
"2","Afghanistan","AFG",2025,2,2025-02-01,26,"WHO"
"3","Afghanistan","AFG",2025,3,2025-03-01,18,"WHO"
"4","Afghanistan","AFG",2025,4,2025-04-01,131,"WHO"
"5","Afghanistan","AFG",2025,5,2025-05-01,216,"WHO"
"6","Afghanistan","AFG",2025,6,2025-06-01,166,"WHO"
"7","Afghanistan","AFG",2025,7,2025-07-01,339,"WHO"
"8","Afghanistan","AFG",2025,8,2025-08-01,273,"WHO"
"9","Afghanistan","AFG",2025,9,2025-09-01,297,"WHO"
"10","Afghanistan","AFG",2025,10,2025-10-01,1826,"WHO"
"11","Afghanistan","AFG",2025,11,2025-11-01,1021,"WHO"
"12","Afghanistan","AFG",2025,12,2025-12-01,NA,NA
"13","Afghanistan","AFG",2026,1,2026-01-01,NA,NA
"14","Afghanistan","AFG",2026,2,2026-02-01,NA,NA
"15","Afghanistan","AFG",2026,3,2026-03-01,NA,NA
"16","Afghanistan","AFG",2026,4,2026-04-01,NA,NA
"17","Afghanistan","AFG",2026,5,2026-05-01,NA,NA
"18","Afghanistan","AFG",2026,6,2026-06-01,NA,NA
"19","Afghanistan","AFG",2026,7,2026-07-01,NA,NA
"20","Afghanistan","AFG",2026,8,2026-08-01,NA,NA
"21","Afghanistan","AFG",2026,9,2026-09-01,NA,NA
"22","Afghanistan","AFG",2026,10,2026-10-01,NA,NA
"23","Afghanistan","AFG",2026,11,2026-11-01,NA,NA
"24","Afghanistan","AFG",2026,12,2026-12-01,NA,NA
"25","Albania","ALB",2025,1,2025-01-01,0,"WHO"
"26","Albania","ALB",2025,2,2025-02-01,0,"WHO"
"27","Albania","ALB",2025,3,2025-03-01,0,"WHO"
"28","Albania","ALB",2025,4,2025-04-01,0,"WHO"
"29","Albania","ALB",2025,5,2025-05-01,0,"WHO"
"30","Albania","ALB",2025,6,2025-06-01,0,"WHO"
"31","Albania","ALB",2025,7,2025-07-01,0,"WHO"
"32","Albania","ALB",2025,8,2025-08-01,0,"WHO"
"33","Albania","ALB",2025,9,2025-09-01,0,"WHO"
"34","Albania","ALB",2025,10,2025-10-01,0,"WHO"
"35","Albania","ALB",2025,11,2025-11-01,0,"WHO"
"36","Albania","ALB",2025,12,2025-12-01,0,"WHO"
"37","Albania","ALB",2026,1,2026-01-01,0,"WHO"
"38","Albania","ALB",2026,2,2026-02-01,NA,NA
"39","Albania","ALB",2026,3,2026-03-01,NA,NA
"40","Albania","ALB",2026,4,2026-04-01,NA,NA
"41","Albania","ALB",2026,5,2026-05-01,NA,NA
"42","Albania","ALB",2026,6,2026-06-01,NA,NA
"43","Albania","ALB",2026,7,2026-07-01,NA,NA
"44","Albania","ALB",2026,8,2026-08-01,NA,NA
"45","Albania","ALB",2026,9,2026-09-01,NA,NA
"46","Albania","ALB",2026,10,2026-10-01,NA,NA
"47","Albania","ALB",2026,11,2026-11-01,NA,NA
"48","Albania","ALB",2026,12,2026-12-01,NA,NA
"49","Andorra","AND",2025,1,2025-01-01,0,"WHO"
"50","Andorra","AND",2025,2,2025-02-01,0,"WHO"
"51","Andorra","AND",2025,3,2025-03-01,0,"WHO"
"52","Andorra","AND",2025,4,2025-04-01,0,"WHO"
"53","Andorra","AND",2025,5,2025-05-01,0,"WHO"
"54","Andorra","AND",2025,6,2025-06-01,0,"WHO"
"55","Andorra","AND",2025,7,2025-07-01,0,"WHO"
"56","Andorra","AND",2025,8,2025-08-01,0,"WHO"
"57","Andorra","AND",2025,9,2025-09-01,0,"WHO"
"58","Andorra","AND",2025,10,2025-10-01,0,"WHO"
"59","Andorra","AND",2025,11,2025-11-01,0,"WHO"
"60","Andorra","AND",2025,12,2025-12-01,0,"WHO"
"61","Andorra","AND",2026,1,2026-01-01,0,"WHO"
"62","Andorra","AND",2026,2,2026-02-01,NA,NA
"63","Andorra","AND",2026,3,2026-03-01,NA,NA
"64","Andorra","AND",2026,4,2026-04-01,NA,NA
"65","Andorra","AND",2026,5,2026-05-01,NA,NA
"66","Andorra","AND",2026,6,2026-06-01,NA,NA
"67","Andorra","AND",2026,7,2026-07-01,NA,NA
"68","Andorra","AND",2026,8,2026-08-01,NA,NA
"69","Andorra","AND",2026,9,2026-09-01,NA,NA
"70","Andorra","AND",2026,10,2026-10-01,NA,NA
"71","Andorra","AND",2026,11,2026-11-01,NA,NA
"72","Andorra","AND",2026,12,2026-12-01,NA,NA
"73","Angola","AGO",2025,1,2025-01-01,NA,NA
"74","Angola","AGO",2025,2,2025-02-01,60,"WHO"
"75","Angola","AGO",2025,3,2025-03-01,NA,NA
"76","Angola","AGO",2025,4,2025-04-01,NA,NA
"77","Angola","AGO",2025,5,2025-05-01,NA,NA
"78","Angola","AGO",2025,6,2025-06-01,NA,NA
"79","Angola","AGO",2025,7,2025-07-01,34,"WHO"
"80","Angola","AGO",2025,8,2025-08-01,58,"WHO"
"81","Angola","AGO",2025,9,2025-09-01,15,"WHO"
"82","Angola","AGO",2025,10,2025-10-01,43,"WHO"
"83","Angola","AGO",2025,11,2025-11-01,7,"WHO"
"84","Angola","AGO",2025,12,2025-12-01,17,"WHO"
"85","Angola","AGO",2026,1,2026-01-01,18,"WHO"
"86","Angola","AGO",2026,2,2026-02-01,NA,NA
"87","Angola","AGO",2026,3,2026-03-01,NA,NA
"88","Angola","AGO",2026,4,2026-04-01,NA,NA
"89","Angola","AGO",2026,5,2026-05-01,NA,NA
"90","Angola","AGO",2026,6,2026-06-01,NA,NA
"91","Angola","AGO",2026,7,2026-07-01,NA,NA
"92","Angola","AGO",2026,8,2026-08-01,NA,NA
"93","Angola","AGO",2026,9,2026-09-01,NA,NA
"94","Angola","AGO",2026,10,2026-10-01,NA,NA
"95","Angola","AGO",2026,11,2026-11-01,NA,NA
"96","Angola","AGO",2026,12,2026-12-01,NA,NA
"97","Anguilla","AIA",2025,1,2025-01-01,0,"WHO"
"98","Anguilla","AIA",2025,2,2025-02-01,0,"WHO"
"99","Anguilla","AIA",2025,3,2025-03-01,1,"PAHO"
"100","Anguilla","AIA",2025,4,2025-04-01,0,"WHO"
"101","Anguilla","AIA",2025,5,2025-05-01,0,"WHO"
"102","Anguilla","AIA",2025,6,2025-06-01,0,"WHO"
"103","Anguilla","AIA",2025,7,2025-07-01,0,"WHO"
"104","Anguilla","AIA",2025,8,2025-08-01,0,"WHO"
"105","Anguilla","AIA",2025,9,2025-09-01,2,"PAHO"
"106","Anguilla","AIA",2025,10,2025-10-01,1,"WHO"
"107","Anguilla","AIA",2025,11,2025-11-01,0,"WHO"
"108","Anguilla","AIA",2025,12,2025-12-01,0,"WHO"
"109","Anguilla","AIA",2026,1,2026-01-01,0,"WHO"
"110","Anguilla","AIA",2026,2,2026-02-01,NA,NA
"111","Anguilla","AIA",2026,3,2026-03-01,NA,NA
"112","Anguilla","AIA",2026,4,2026-04-01,NA,NA
"113","Anguilla","AIA",2026,5,2026-05-01,NA,NA
"114","Anguilla","AIA",2026,6,2026-06-01,NA,NA
"115","Anguilla","AIA",2026,7,2026-07-01,NA,NA
"116","Anguilla","AIA",2026,8,2026-08-01,NA,NA
"117","Anguilla","AIA",2026,9,2026-09-01,NA,NA
"118","Anguilla","AIA",2026,10,2026-10-01,NA,NA
"119","Anguilla","AIA",2026,11,2026-11-01,NA,NA
"120","Anguilla","AIA",2026,12,2026-12-01,NA,NA
"121","Antigua & Barbuda","ATG",2025,1,2025-01-01,0,"WHO"
"122","Antigua & Barbuda","ATG",2025,2,2025-02-01,0,"WHO"
"123","Antigua & Barbuda","ATG",2025,3,2025-03-01,2,"PAHO"
"124","Antigua & Barbuda","ATG",2025,4,2025-04-01,1,"PAHO"
"125","Antigua & Barbuda","ATG",2025,5,2025-05-01,1,"PAHO"
"126","Antigua & Barbuda","ATG",2025,6,2025-06-01,2,"PAHO"
"127","Antigua & Barbuda","ATG",2025,7,2025-07-01,2,"PAHO"
"128","Antigua & Barbuda","ATG",2025,8,2025-08-01,2,"PAHO"
"129","Antigua & Barbuda","ATG",2025,9,2025-09-01,4,"PAHO"
"130","Antigua & Barbuda","ATG",2025,10,2025-10-01,1,"PAHO"
"131","Antigua & Barbuda","ATG",2025,11,2025-11-01,NA,"PAHO"
"132","Antigua & Barbuda","ATG",2025,12,2025-12-01,NA,"PAHO"
"133","Antigua & Barbuda","ATG",2026,1,2026-01-01,2,"PAHO"
"134","Antigua & Barbuda","ATG",2026,2,2026-02-01,NA,NA
"135","Antigua & Barbuda","ATG",2026,3,2026-03-01,NA,NA
"136","Antigua & Barbuda","ATG",2026,4,2026-04-01,NA,NA
"137","Antigua & Barbuda","ATG",2026,5,2026-05-01,NA,NA
"138","Antigua & Barbuda","ATG",2026,6,2026-06-01,NA,NA
"139","Antigua & Barbuda","ATG",2026,7,2026-07-01,NA,NA
"140","Antigua & Barbuda","ATG",2026,8,2026-08-01,NA,NA
"141","Antigua & Barbuda","ATG",2026,9,2026-09-01,NA,NA
"142","Antigua & Barbuda","ATG",2026,10,2026-10-01,NA,NA
"143","Antigua & Barbuda","ATG",2026,11,2026-11-01,NA,NA
"144","Antigua & Barbuda","ATG",2026,12,2026-12-01,NA,NA
"145","Argentina","ARG",2025,1,2025-01-01,275,"PAHO"
"146","Argentina","ARG",2025,2,2025-02-01,1341,"PAHO"
"147","Argentina","ARG",2025,3,2025-03-01,8513,"PAHO"
"148","Argentina","ARG",2025,4,2025-04-01,5428,"PAHO"
"149","Argentina","ARG",2025,5,2025-05-01,1976,"PAHO"
"150","Argentina","ARG",2025,6,2025-06-01,86,"PAHO"
"151","Argentina","ARG",2025,7,2025-07-01,16,"PAHO"
"152","Argentina","ARG",2025,8,2025-08-01,4,"PAHO"
"153","Argentina","ARG",2025,9,2025-09-01,0,"WHO"
"154","Argentina","ARG",2025,10,2025-10-01,3,"PAHO"
"155","Argentina","ARG",2025,11,2025-11-01,4471,"PAHO"
"156","Argentina","ARG",2025,12,2025-12-01,3,"PAHO"
"157","Argentina","ARG",2026,1,2026-01-01,7,"PAHO"
"158","Argentina","ARG",2026,2,2026-02-01,2,"PAHO"
"159","Argentina","ARG",2026,3,2026-03-01,NA,NA
"160","Argentina","ARG",2026,4,2026-04-01,NA,NA
"161","Argentina","ARG",2026,5,2026-05-01,NA,NA
"162","Argentina","ARG",2026,6,2026-06-01,NA,NA
"163","Argentina","ARG",2026,7,2026-07-01,NA,NA
"164","Argentina","ARG",2026,8,2026-08-01,NA,NA
"165","Argentina","ARG",2026,9,2026-09-01,NA,NA
"166","Argentina","ARG",2026,10,2026-10-01,NA,NA
"167","Argentina","ARG",2026,11,2026-11-01,NA,NA
"168","Argentina","ARG",2026,12,2026-12-01,NA,NA
"169","Armenia","ARM",2025,1,2025-01-01,0,"WHO"
"170","Armenia","ARM",2025,2,2025-02-01,0,"WHO"
"171","Armenia","ARM",2025,3,2025-03-01,0,"WHO"
"172","Armenia","ARM",2025,4,2025-04-01,0,"WHO"
"173","Armenia","ARM",2025,5,2025-05-01,0,"WHO"
"174","Armenia","ARM",2025,6,2025-06-01,0,"WHO"
"175","Armenia","ARM",2025,7,2025-07-01,0,"WHO"
"176","Armenia","ARM",2025,8,2025-08-01,0,"WHO"
"177","Armenia","ARM",2025,9,2025-09-01,0,"WHO"
"178","Armenia","ARM",2025,10,2025-10-01,0,"WHO"
"179","Armenia","ARM",2025,11,2025-11-01,0,"WHO"
"180","Armenia","ARM",2025,12,2025-12-01,0,"WHO"
"181","Armenia","ARM",2026,1,2026-01-01,0,"WHO"
"182","Armenia","ARM",2026,2,2026-02-01,NA,NA
"183","Armenia","ARM",2026,3,2026-03-01,NA,NA
"184","Armenia","ARM",2026,4,2026-04-01,NA,NA
"185","Armenia","ARM",2026,5,2026-05-01,NA,NA
"186","Armenia","ARM",2026,6,2026-06-01,NA,NA
"187","Armenia","ARM",2026,7,2026-07-01,NA,NA
"188","Armenia","ARM",2026,8,2026-08-01,NA,NA
"189","Armenia","ARM",2026,9,2026-09-01,NA,NA
"190","Armenia","ARM",2026,10,2026-10-01,NA,NA
"191","Armenia","ARM",2026,11,2026-11-01,NA,NA
"192","Armenia","ARM",2026,12,2026-12-01,NA,NA
"193","Aruba","ABW",2025,1,2025-01-01,0,"WHO"
"194","Aruba","ABW",2025,2,2025-02-01,2,"PAHO"
"195","Aruba","ABW",2025,3,2025-03-01,0,"WHO"
"196","Aruba","ABW",2025,4,2025-04-01,2,"PAHO"
"197","Aruba","ABW",2025,5,2025-05-01,2,"PAHO"
"198","Aruba","ABW",2025,6,2025-06-01,4,"PAHO"
"199","Aruba","ABW",2025,7,2025-07-01,2,"PAHO"
"200","Aruba","ABW",2025,8,2025-08-01,2,"PAHO"
"201","Aruba","ABW",2025,9,2025-09-01,0,"WHO"
"202","Aruba","ABW",2025,10,2025-10-01,0,"WHO"
"203","Aruba","ABW",2025,11,2025-11-01,NA,"WHO"
"204","Aruba","ABW",2025,12,2025-12-01,NA,"WHO"
"205","Aruba","ABW",2026,1,2026-01-01,NA,"WHO"
"206","Aruba","ABW",2026,2,2026-02-01,NA,NA
"207","Aruba","ABW",2026,3,2026-03-01,NA,NA
"208","Aruba","ABW",2026,4,2026-04-01,NA,NA
"209","Aruba","ABW",2026,5,2026-05-01,NA,NA
"210","Aruba","ABW",2026,6,2026-06-01,NA,NA
"211","Aruba","ABW",2026,7,2026-07-01,NA,NA
"212","Aruba","ABW",2026,8,2026-08-01,NA,NA
"213","Aruba","ABW",2026,9,2026-09-01,NA,NA
"214","Aruba","ABW",2026,10,2026-10-01,NA,NA
"215","Aruba","ABW",2026,11,2026-11-01,NA,NA
"216","Aruba","ABW",2026,12,2026-12-01,NA,NA
"217","Australia","AUS",2025,1,2025-01-01,283,"WHO"
"218","Australia","AUS",2025,2,2025-02-01,220,"WHO"
"219","Australia","AUS",2025,3,2025-03-01,220,"WHO"
"220","Australia","AUS",2025,4,2025-04-01,195,"WHO"
"221","Australia","AUS",2025,5,2025-05-01,135,"WHO"
"222","Australia","AUS",2025,6,2025-06-01,120,"WHO"
"223","Australia","AUS",2025,7,2025-07-01,159,"WHO"
"224","Australia","AUS",2025,8,2025-08-01,126,"WHO"
"225","Australia","AUS",2025,9,2025-09-01,87,"WHO"
"226","Australia","AUS",2025,10,2025-10-01,145,"WHO"
"227","Australia","AUS",2025,11,2025-11-01,116,"WHO"
"228","Australia","AUS",2025,12,2025-12-01,106,"WHO"
"229","Australia","AUS",2026,1,2026-01-01,179,"WHO"
"230","Australia","AUS",2026,2,2026-02-01,NA,NA
"231","Australia","AUS",2026,3,2026-03-01,NA,NA
"232","Australia","AUS",2026,4,2026-04-01,NA,NA
"233","Australia","AUS",2026,5,2026-05-01,NA,NA
"234","Australia","AUS",2026,6,2026-06-01,NA,NA
"235","Australia","AUS",2026,7,2026-07-01,NA,NA
"236","Australia","AUS",2026,8,2026-08-01,NA,NA
"237","Australia","AUS",2026,9,2026-09-01,NA,NA
"238","Australia","AUS",2026,10,2026-10-01,NA,NA
"239","Australia","AUS",2026,11,2026-11-01,NA,NA
"240","Australia","AUS",2026,12,2026-12-01,NA,NA
"241","Austria","AUT",2025,1,2025-01-01,0,"WHO"
"242","Austria","AUT",2025,2,2025-02-01,0,"WHO"
"243","Austria","AUT",2025,3,2025-03-01,0,"WHO"
"244","Austria","AUT",2025,4,2025-04-01,0,"WHO"
"245","Austria","AUT",2025,5,2025-05-01,0,"WHO"
"246","Austria","AUT",2025,6,2025-06-01,0,"WHO"
"247","Austria","AUT",2025,7,2025-07-01,0,"WHO"
"248","Austria","AUT",2025,8,2025-08-01,0,"WHO"
"249","Austria","AUT",2025,9,2025-09-01,0,"WHO"
"250","Austria","AUT",2025,10,2025-10-01,0,"WHO"
"251","Austria","AUT",2025,11,2025-11-01,0,"WHO"
"252","Austria","AUT",2025,12,2025-12-01,0,"WHO"
"253","Austria","AUT",2026,1,2026-01-01,0,"WHO"
"254","Austria","AUT",2026,2,2026-02-01,NA,NA
"255","Austria","AUT",2026,3,2026-03-01,NA,NA
"256","Austria","AUT",2026,4,2026-04-01,NA,NA
"257","Austria","AUT",2026,5,2026-05-01,NA,NA
"258","Austria","AUT",2026,6,2026-06-01,NA,NA
"259","Austria","AUT",2026,7,2026-07-01,NA,NA
"260","Austria","AUT",2026,8,2026-08-01,NA,NA
"261","Austria","AUT",2026,9,2026-09-01,NA,NA
"262","Austria","AUT",2026,10,2026-10-01,NA,NA
"263","Austria","AUT",2026,11,2026-11-01,NA,NA
"264","Austria","AUT",2026,12,2026-12-01,NA,NA
"265","Autonomous Region of Madeira","MDR",2025,1,2025-01-01,2,"WHO"
"266","Autonomous Region of Madeira","MDR",2025,2,2025-02-01,0,"WHO"
"267","Autonomous Region of Madeira","MDR",2025,3,2025-03-01,0,"WHO"
"268","Autonomous Region of Madeira","MDR",2025,4,2025-04-01,0,"WHO"
"269","Autonomous Region of Madeira","MDR",2025,5,2025-05-01,NA,NA
"270","Autonomous Region of Madeira","MDR",2025,6,2025-06-01,NA,NA
"271","Autonomous Region of Madeira","MDR",2025,7,2025-07-01,NA,NA
"272","Autonomous Region of Madeira","MDR",2025,8,2025-08-01,NA,NA
"273","Autonomous Region of Madeira","MDR",2025,9,2025-09-01,NA,NA
"274","Autonomous Region of Madeira","MDR",2025,10,2025-10-01,NA,NA
"275","Autonomous Region of Madeira","MDR",2025,11,2025-11-01,NA,NA
"276","Autonomous Region of Madeira","MDR",2025,12,2025-12-01,NA,NA
"277","Autonomous Region of Madeira","MDR",2026,1,2026-01-01,NA,NA
"278","Autonomous Region of Madeira","MDR",2026,2,2026-02-01,NA,NA
"279","Autonomous Region of Madeira","MDR",2026,3,2026-03-01,NA,NA
"280","Autonomous Region of Madeira","MDR",2026,4,2026-04-01,NA,NA
"281","Autonomous Region of Madeira","MDR",2026,5,2026-05-01,NA,NA
"282","Autonomous Region of Madeira","MDR",2026,6,2026-06-01,NA,NA
"283","Autonomous Region of Madeira","MDR",2026,7,2026-07-01,NA,NA
"284","Autonomous Region of Madeira","MDR",2026,8,2026-08-01,NA,NA
"285","Autonomous Region of Madeira","MDR",2026,9,2026-09-01,NA,NA
"286","Autonomous Region of Madeira","MDR",2026,10,2026-10-01,NA,NA
"287","Autonomous Region of Madeira","MDR",2026,11,2026-11-01,NA,NA
"288","Autonomous Region of Madeira","MDR",2026,12,2026-12-01,NA,NA
"289","Azerbaijan","AZE",2025,1,2025-01-01,0,"WHO"
"290","Azerbaijan","AZE",2025,2,2025-02-01,0,"WHO"
"291","Azerbaijan","AZE",2025,3,2025-03-01,0,"WHO"
"292","Azerbaijan","AZE",2025,4,2025-04-01,0,"WHO"
"293","Azerbaijan","AZE",2025,5,2025-05-01,0,"WHO"
"294","Azerbaijan","AZE",2025,6,2025-06-01,0,"WHO"
"295","Azerbaijan","AZE",2025,7,2025-07-01,0,"WHO"
"296","Azerbaijan","AZE",2025,8,2025-08-01,0,"WHO"
"297","Azerbaijan","AZE",2025,9,2025-09-01,0,"WHO"
"298","Azerbaijan","AZE",2025,10,2025-10-01,0,"WHO"
"299","Azerbaijan","AZE",2025,11,2025-11-01,0,"WHO"
"300","Azerbaijan","AZE",2025,12,2025-12-01,0,"WHO"
"301","Azerbaijan","AZE",2026,1,2026-01-01,0,"WHO"
"302","Azerbaijan","AZE",2026,2,2026-02-01,NA,NA
"303","Azerbaijan","AZE",2026,3,2026-03-01,NA,NA
"304","Azerbaijan","AZE",2026,4,2026-04-01,NA,NA
"305","Azerbaijan","AZE",2026,5,2026-05-01,NA,NA
"306","Azerbaijan","AZE",2026,6,2026-06-01,NA,NA
"307","Azerbaijan","AZE",2026,7,2026-07-01,NA,NA
"308","Azerbaijan","AZE",2026,8,2026-08-01,NA,NA
"309","Azerbaijan","AZE",2026,9,2026-09-01,NA,NA
"310","Azerbaijan","AZE",2026,10,2026-10-01,NA,NA
"311","Azerbaijan","AZE",2026,11,2026-11-01,NA,NA
"312","Azerbaijan","AZE",2026,12,2026-12-01,NA,NA
"313","Bahamas","BHS",2025,1,2025-01-01,NA,"WHO"
"314","Bahamas","BHS",2025,2,2025-02-01,NA,"WHO"
"315","Bahamas","BHS",2025,3,2025-03-01,NA,"WHO"
"316","Bahamas","BHS",2025,4,2025-04-01,NA,"WHO"
"317","Bahamas","BHS",2025,5,2025-05-01,NA,"WHO"
"318","Bahamas","BHS",2025,6,2025-06-01,NA,"WHO"
"319","Bahamas","BHS",2025,7,2025-07-01,NA,"WHO"
"320","Bahamas","BHS",2025,8,2025-08-01,NA,"WHO"
"321","Bahamas","BHS",2025,9,2025-09-01,NA,"WHO"
"322","Bahamas","BHS",2025,10,2025-10-01,NA,"WHO"
"323","Bahamas","BHS",2025,11,2025-11-01,NA,"WHO"
"324","Bahamas","BHS",2025,12,2025-12-01,NA,"WHO"
"325","Bahamas","BHS",2026,1,2026-01-01,NA,"WHO"
"326","Bahamas","BHS",2026,2,2026-02-01,NA,NA
"327","Bahamas","BHS",2026,3,2026-03-01,NA,NA
"328","Bahamas","BHS",2026,4,2026-04-01,NA,NA
"329","Bahamas","BHS",2026,5,2026-05-01,NA,NA
"330","Bahamas","BHS",2026,6,2026-06-01,NA,NA
"331","Bahamas","BHS",2026,7,2026-07-01,NA,NA
"332","Bahamas","BHS",2026,8,2026-08-01,NA,NA
"333","Bahamas","BHS",2026,9,2026-09-01,NA,NA
"334","Bahamas","BHS",2026,10,2026-10-01,NA,NA
"335","Bahamas","BHS",2026,11,2026-11-01,NA,NA
"336","Bahamas","BHS",2026,12,2026-12-01,NA,NA
"337","Bangladesh","BGD",2025,1,2025-01-01,1161,"SEARO"
"338","Bangladesh","BGD",2025,2,2025-02-01,374,"SEARO"
"339","Bangladesh","BGD",2025,3,2025-03-01,336,"SEARO"
"340","Bangladesh","BGD",2025,4,2025-04-01,701,"SEARO"
"341","Bangladesh","BGD",2025,5,2025-05-01,1773,"SEARO"
"342","Bangladesh","BGD",2025,6,2025-06-01,5951,"SEARO"
"343","Bangladesh","BGD",2025,7,2025-07-01,10684,"SEARO"
"344","Bangladesh","BGD",2025,8,2025-08-01,10496,"SEARO"
"345","Bangladesh","BGD",2025,9,2025-09-01,15866,"SEARO"
"346","Bangladesh","BGD",2025,10,2025-10-01,22520,"SEARO"
"347","Bangladesh","BGD",2025,11,2025-11-01,24540,"SEARO"
"348","Bangladesh","BGD",2025,12,2025-12-01,8465,"SEARO"
"349","Bangladesh","BGD",2026,1,2026-01-01,1081,"SEARO"
"350","Bangladesh","BGD",2026,2,2026-02-01,0,"SEARO"
"351","Bangladesh","BGD",2026,3,2026-03-01,0,"SEARO"
"352","Bangladesh","BGD",2026,4,2026-04-01,0,"SEARO"
"353","Bangladesh","BGD",2026,5,2026-05-01,0,"SEARO"
"354","Bangladesh","BGD",2026,6,2026-06-01,0,"SEARO"
"355","Bangladesh","BGD",2026,7,2026-07-01,0,"SEARO"
"356","Bangladesh","BGD",2026,8,2026-08-01,0,"SEARO"
"357","Bangladesh","BGD",2026,9,2026-09-01,0,"SEARO"
"358","Bangladesh","BGD",2026,10,2026-10-01,0,"SEARO"
"359","Bangladesh","BGD",2026,11,2026-11-01,0,"SEARO"
"360","Bangladesh","BGD",2026,12,2026-12-01,0,"SEARO"
"361","Barbados","BRB",2025,1,2025-01-01,28,"PAHO"
"362","Barbados","BRB",2025,2,2025-02-01,16,"PAHO"
"363","Barbados","BRB",2025,3,2025-03-01,12,"PAHO"
"364","Barbados","BRB",2025,4,2025-04-01,18,"PAHO"
"365","Barbados","BRB",2025,5,2025-05-01,10,"PAHO"
"366","Barbados","BRB",2025,6,2025-06-01,11,"PAHO"
"367","Barbados","BRB",2025,7,2025-07-01,13,"PAHO"
"368","Barbados","BRB",2025,8,2025-08-01,11,"PAHO"
"369","Barbados","BRB",2025,9,2025-09-01,196,"PAHO"
"370","Barbados","BRB",2025,10,2025-10-01,120,"PAHO"
"371","Barbados","BRB",2025,11,2025-11-01,24,"PAHO"
"372","Barbados","BRB",2025,12,2025-12-01,6,"PAHO"
"373","Barbados","BRB",2026,1,2026-01-01,11,"PAHO"
"374","Barbados","BRB",2026,2,2026-02-01,2,"PAHO"
"375","Barbados","BRB",2026,3,2026-03-01,NA,NA
"376","Barbados","BRB",2026,4,2026-04-01,NA,NA
"377","Barbados","BRB",2026,5,2026-05-01,NA,NA
"378","Barbados","BRB",2026,6,2026-06-01,NA,NA
"379","Barbados","BRB",2026,7,2026-07-01,NA,NA
"380","Barbados","BRB",2026,8,2026-08-01,NA,NA
"381","Barbados","BRB",2026,9,2026-09-01,NA,NA
"382","Barbados","BRB",2026,10,2026-10-01,NA,NA
"383","Barbados","BRB",2026,11,2026-11-01,NA,NA
"384","Barbados","BRB",2026,12,2026-12-01,NA,NA
"385","Belarus","BLR",2025,1,2025-01-01,0,"WHO"
"386","Belarus","BLR",2025,2,2025-02-01,0,"WHO"
"387","Belarus","BLR",2025,3,2025-03-01,0,"WHO"
"388","Belarus","BLR",2025,4,2025-04-01,0,"WHO"
"389","Belarus","BLR",2025,5,2025-05-01,0,"WHO"
"390","Belarus","BLR",2025,6,2025-06-01,0,"WHO"
"391","Belarus","BLR",2025,7,2025-07-01,0,"WHO"
"392","Belarus","BLR",2025,8,2025-08-01,0,"WHO"
"393","Belarus","BLR",2025,9,2025-09-01,0,"WHO"
"394","Belarus","BLR",2025,10,2025-10-01,0,"WHO"
"395","Belarus","BLR",2025,11,2025-11-01,0,"WHO"
"396","Belarus","BLR",2025,12,2025-12-01,0,"WHO"
"397","Belarus","BLR",2026,1,2026-01-01,0,"WHO"
"398","Belarus","BLR",2026,2,2026-02-01,NA,NA
"399","Belarus","BLR",2026,3,2026-03-01,NA,NA
"400","Belarus","BLR",2026,4,2026-04-01,NA,NA
"401","Belarus","BLR",2026,5,2026-05-01,NA,NA
"402","Belarus","BLR",2026,6,2026-06-01,NA,NA
"403","Belarus","BLR",2026,7,2026-07-01,NA,NA
"404","Belarus","BLR",2026,8,2026-08-01,NA,NA
"405","Belarus","BLR",2026,9,2026-09-01,NA,NA
"406","Belarus","BLR",2026,10,2026-10-01,NA,NA
"407","Belarus","BLR",2026,11,2026-11-01,NA,NA
"408","Belarus","BLR",2026,12,2026-12-01,NA,NA
"409","Belgium","BEL",2025,1,2025-01-01,0,"WHO"
"410","Belgium","BEL",2025,2,2025-02-01,0,"WHO"
"411","Belgium","BEL",2025,3,2025-03-01,0,"WHO"
"412","Belgium","BEL",2025,4,2025-04-01,0,"WHO"
"413","Belgium","BEL",2025,5,2025-05-01,0,"WHO"
"414","Belgium","BEL",2025,6,2025-06-01,0,"WHO"
"415","Belgium","BEL",2025,7,2025-07-01,0,"WHO"
"416","Belgium","BEL",2025,8,2025-08-01,0,"WHO"
"417","Belgium","BEL",2025,9,2025-09-01,0,"WHO"
"418","Belgium","BEL",2025,10,2025-10-01,0,"WHO"
"419","Belgium","BEL",2025,11,2025-11-01,0,"WHO"
"420","Belgium","BEL",2025,12,2025-12-01,0,"WHO"
"421","Belgium","BEL",2026,1,2026-01-01,0,"WHO"
"422","Belgium","BEL",2026,2,2026-02-01,NA,NA
"423","Belgium","BEL",2026,3,2026-03-01,NA,NA
"424","Belgium","BEL",2026,4,2026-04-01,NA,NA
"425","Belgium","BEL",2026,5,2026-05-01,NA,NA
"426","Belgium","BEL",2026,6,2026-06-01,NA,NA
"427","Belgium","BEL",2026,7,2026-07-01,NA,NA
"428","Belgium","BEL",2026,8,2026-08-01,NA,NA
"429","Belgium","BEL",2026,9,2026-09-01,NA,NA
"430","Belgium","BEL",2026,10,2026-10-01,NA,NA
"431","Belgium","BEL",2026,11,2026-11-01,NA,NA
"432","Belgium","BEL",2026,12,2026-12-01,NA,NA
"433","Belize","BLZ",2025,1,2025-01-01,54,"PAHO"
"434","Belize","BLZ",2025,2,2025-02-01,57,"PAHO"
"435","Belize","BLZ",2025,3,2025-03-01,98,"PAHO"
"436","Belize","BLZ",2025,4,2025-04-01,57,"PAHO"
"437","Belize","BLZ",2025,5,2025-05-01,71,"PAHO"
"438","Belize","BLZ",2025,6,2025-06-01,129,"PAHO"
"439","Belize","BLZ",2025,7,2025-07-01,298,"PAHO"
"440","Belize","BLZ",2025,8,2025-08-01,575,"PAHO"
"441","Belize","BLZ",2025,9,2025-09-01,625,"PAHO"
"442","Belize","BLZ",2025,10,2025-10-01,412,"PAHO"
"443","Belize","BLZ",2025,11,2025-11-01,221,"PAHO"
"444","Belize","BLZ",2025,12,2025-12-01,200,"PAHO"
"445","Belize","BLZ",2026,1,2026-01-01,177,"PAHO"
"446","Belize","BLZ",2026,2,2026-02-01,55,"PAHO"
"447","Belize","BLZ",2026,3,2026-03-01,NA,NA
"448","Belize","BLZ",2026,4,2026-04-01,NA,NA
"449","Belize","BLZ",2026,5,2026-05-01,NA,NA
"450","Belize","BLZ",2026,6,2026-06-01,NA,NA
"451","Belize","BLZ",2026,7,2026-07-01,NA,NA
"452","Belize","BLZ",2026,8,2026-08-01,NA,NA
"453","Belize","BLZ",2026,9,2026-09-01,NA,NA
"454","Belize","BLZ",2026,10,2026-10-01,NA,NA
"455","Belize","BLZ",2026,11,2026-11-01,NA,NA
"456","Belize","BLZ",2026,12,2026-12-01,NA,NA
"457","Benin","BEN",2025,1,2025-01-01,0,"WHO"
"458","Benin","BEN",2025,2,2025-02-01,3,"WHO"
"459","Benin","BEN",2025,3,2025-03-01,1,"WHO"
"460","Benin","BEN",2025,4,2025-04-01,0,"WHO"
"461","Benin","BEN",2025,5,2025-05-01,3,"WHO"
"462","Benin","BEN",2025,6,2025-06-01,13,"WHO"
"463","Benin","BEN",2025,7,2025-07-01,28,"WHO"
"464","Benin","BEN",2025,8,2025-08-01,17,"WHO"
"465","Benin","BEN",2025,9,2025-09-01,3,"WHO"
"466","Benin","BEN",2025,10,2025-10-01,4,"WHO"
"467","Benin","BEN",2025,11,2025-11-01,3,"WHO"
"468","Benin","BEN",2025,12,2025-12-01,5,"WHO"
"469","Benin","BEN",2026,1,2026-01-01,1,"WHO"
"470","Benin","BEN",2026,2,2026-02-01,NA,NA
"471","Benin","BEN",2026,3,2026-03-01,NA,NA
"472","Benin","BEN",2026,4,2026-04-01,NA,NA
"473","Benin","BEN",2026,5,2026-05-01,NA,NA
"474","Benin","BEN",2026,6,2026-06-01,NA,NA
"475","Benin","BEN",2026,7,2026-07-01,NA,NA
"476","Benin","BEN",2026,8,2026-08-01,NA,NA
"477","Benin","BEN",2026,9,2026-09-01,NA,NA
"478","Benin","BEN",2026,10,2026-10-01,NA,NA
"479","Benin","BEN",2026,11,2026-11-01,NA,NA
"480","Benin","BEN",2026,12,2026-12-01,NA,NA
"481","Bermuda","BMU",2025,1,2025-01-01,0,"WHO"
"482","Bermuda","BMU",2025,2,2025-02-01,0,"WHO"
"483","Bermuda","BMU",2025,3,2025-03-01,0,"WHO"
"484","Bermuda","BMU",2025,4,2025-04-01,0,"WHO"
"485","Bermuda","BMU",2025,5,2025-05-01,0,"WHO"
"486","Bermuda","BMU",2025,6,2025-06-01,0,"WHO"
"487","Bermuda","BMU",2025,7,2025-07-01,0,"WHO"
"488","Bermuda","BMU",2025,8,2025-08-01,0,"WHO"
"489","Bermuda","BMU",2025,9,2025-09-01,0,"WHO"
"490","Bermuda","BMU",2025,10,2025-10-01,1,"PAHO"
"491","Bermuda","BMU",2025,11,2025-11-01,0,"WHO"
"492","Bermuda","BMU",2025,12,2025-12-01,NA,"PAHO"
"493","Bermuda","BMU",2026,1,2026-01-01,NA,"PAHO"
"494","Bermuda","BMU",2026,2,2026-02-01,NA,NA
"495","Bermuda","BMU",2026,3,2026-03-01,NA,NA
"496","Bermuda","BMU",2026,4,2026-04-01,NA,NA
"497","Bermuda","BMU",2026,5,2026-05-01,NA,NA
"498","Bermuda","BMU",2026,6,2026-06-01,NA,NA
"499","Bermuda","BMU",2026,7,2026-07-01,NA,NA
"500","Bermuda","BMU",2026,8,2026-08-01,NA,NA
"501","Bermuda","BMU",2026,9,2026-09-01,NA,NA
"502","Bermuda","BMU",2026,10,2026-10-01,NA,NA
"503","Bermuda","BMU",2026,11,2026-11-01,NA,NA
"504","Bermuda","BMU",2026,12,2026-12-01,NA,NA
"505","Bhutan","BTN",2025,1,2025-01-01,2,"SEARO"
"506","Bhutan","BTN",2025,2,2025-02-01,0,"SEARO"
"507","Bhutan","BTN",2025,3,2025-03-01,1,"SEARO"
"508","Bhutan","BTN",2025,4,2025-04-01,0,"SEARO"
"509","Bhutan","BTN",2025,5,2025-05-01,1,"SEARO"
"510","Bhutan","BTN",2025,6,2025-06-01,0,"SEARO"
"511","Bhutan","BTN",2025,7,2025-07-01,3,"SEARO"
"512","Bhutan","BTN",2025,8,2025-08-01,22,"SEARO"
"513","Bhutan","BTN",2025,9,2025-09-01,5,"SEARO"
"514","Bhutan","BTN",2025,10,2025-10-01,1,"SEARO"
"515","Bhutan","BTN",2025,11,2025-11-01,0,"SEARO"
"516","Bhutan","BTN",2025,12,2025-12-01,0,"SEARO"
"517","Bhutan","BTN",2026,1,2026-01-01,0,"SEARO"
"518","Bhutan","BTN",2026,2,2026-02-01,0,"SEARO"
"519","Bhutan","BTN",2026,3,2026-03-01,0,"SEARO"
"520","Bhutan","BTN",2026,4,2026-04-01,0,"SEARO"
"521","Bhutan","BTN",2026,5,2026-05-01,0,"SEARO"
"522","Bhutan","BTN",2026,6,2026-06-01,0,"SEARO"
"523","Bhutan","BTN",2026,7,2026-07-01,0,"SEARO"
"524","Bhutan","BTN",2026,8,2026-08-01,0,"SEARO"
"525","Bhutan","BTN",2026,9,2026-09-01,0,"SEARO"
"526","Bhutan","BTN",2026,10,2026-10-01,0,"SEARO"
"527","Bhutan","BTN",2026,11,2026-11-01,0,"SEARO"
"528","Bhutan","BTN",2026,12,2026-12-01,0,"SEARO"
"529","Bolivia","BOL",2025,1,2025-01-01,4204,"PAHO"
"530","Bolivia","BOL",2025,2,2025-02-01,3443,"PAHO"
"531","Bolivia","BOL",2025,3,2025-03-01,5848,"PAHO"
"532","Bolivia","BOL",2025,4,2025-04-01,4561,"PAHO"
"533","Bolivia","BOL",2025,5,2025-05-01,5762,"PAHO"
"534","Bolivia","BOL",2025,6,2025-06-01,4063,"PAHO"
"535","Bolivia","BOL",2025,7,2025-07-01,1141,"PAHO"
"536","Bolivia","BOL",2025,8,2025-08-01,841,"PAHO"
"537","Bolivia","BOL",2025,9,2025-09-01,1170,"PAHO"
"538","Bolivia","BOL",2025,10,2025-10-01,1061,"PAHO"
"539","Bolivia","BOL",2025,11,2025-11-01,1839,"PAHO"
"540","Bolivia","BOL",2025,12,2025-12-01,4303,"PAHO"
"541","Bolivia","BOL",2026,1,2026-01-01,9824,"PAHO"
"542","Bolivia","BOL",2026,2,2026-02-01,5392,"PAHO"
"543","Bolivia","BOL",2026,3,2026-03-01,NA,NA
"544","Bolivia","BOL",2026,4,2026-04-01,NA,NA
"545","Bolivia","BOL",2026,5,2026-05-01,NA,NA
"546","Bolivia","BOL",2026,6,2026-06-01,NA,NA
"547","Bolivia","BOL",2026,7,2026-07-01,NA,NA
"548","Bolivia","BOL",2026,8,2026-08-01,NA,NA
"549","Bolivia","BOL",2026,9,2026-09-01,NA,NA
"550","Bolivia","BOL",2026,10,2026-10-01,NA,NA
"551","Bolivia","BOL",2026,11,2026-11-01,NA,NA
"552","Bolivia","BOL",2026,12,2026-12-01,NA,NA
"553","Bosnia & Herzegovina","BIH",2025,1,2025-01-01,0,"WHO"
"554","Bosnia & Herzegovina","BIH",2025,2,2025-02-01,0,"WHO"
"555","Bosnia & Herzegovina","BIH",2025,3,2025-03-01,0,"WHO"
"556","Bosnia & Herzegovina","BIH",2025,4,2025-04-01,0,"WHO"
"557","Bosnia & Herzegovina","BIH",2025,5,2025-05-01,0,"WHO"
"558","Bosnia & Herzegovina","BIH",2025,6,2025-06-01,0,"WHO"
"559","Bosnia & Herzegovina","BIH",2025,7,2025-07-01,0,"WHO"
"560","Bosnia & Herzegovina","BIH",2025,8,2025-08-01,0,"WHO"
"561","Bosnia & Herzegovina","BIH",2025,9,2025-09-01,0,"WHO"
"562","Bosnia & Herzegovina","BIH",2025,10,2025-10-01,0,"WHO"
"563","Bosnia & Herzegovina","BIH",2025,11,2025-11-01,0,"WHO"
"564","Bosnia & Herzegovina","BIH",2025,12,2025-12-01,0,"WHO"
"565","Bosnia & Herzegovina","BIH",2026,1,2026-01-01,0,"WHO"
"566","Bosnia & Herzegovina","BIH",2026,2,2026-02-01,NA,NA
"567","Bosnia & Herzegovina","BIH",2026,3,2026-03-01,NA,NA
"568","Bosnia & Herzegovina","BIH",2026,4,2026-04-01,NA,NA
"569","Bosnia & Herzegovina","BIH",2026,5,2026-05-01,NA,NA
"570","Bosnia & Herzegovina","BIH",2026,6,2026-06-01,NA,NA
"571","Bosnia & Herzegovina","BIH",2026,7,2026-07-01,NA,NA
"572","Bosnia & Herzegovina","BIH",2026,8,2026-08-01,NA,NA
"573","Bosnia & Herzegovina","BIH",2026,9,2026-09-01,NA,NA
"574","Bosnia & Herzegovina","BIH",2026,10,2026-10-01,NA,NA
"575","Bosnia & Herzegovina","BIH",2026,11,2026-11-01,NA,NA
"576","Bosnia & Herzegovina","BIH",2026,12,2026-12-01,NA,NA
"577","Botswana","BWA",2025,1,2025-01-01,NA,NA
"578","Botswana","BWA",2025,2,2025-02-01,0,"WHO"
"579","Botswana","BWA",2025,3,2025-03-01,0,"WHO"
"580","Botswana","BWA",2025,4,2025-04-01,0,"WHO"
"581","Botswana","BWA",2025,5,2025-05-01,0,"WHO"
"582","Botswana","BWA",2025,6,2025-06-01,0,"WHO"
"583","Botswana","BWA",2025,7,2025-07-01,0,"WHO"
"584","Botswana","BWA",2025,8,2025-08-01,0,"WHO"
"585","Botswana","BWA",2025,9,2025-09-01,0,"WHO"
"586","Botswana","BWA",2025,10,2025-10-01,0,"WHO"
"587","Botswana","BWA",2025,11,2025-11-01,0,"WHO"
"588","Botswana","BWA",2025,12,2025-12-01,0,"WHO"
"589","Botswana","BWA",2026,1,2026-01-01,NA,NA
"590","Botswana","BWA",2026,2,2026-02-01,NA,NA
"591","Botswana","BWA",2026,3,2026-03-01,NA,NA
"592","Botswana","BWA",2026,4,2026-04-01,NA,NA
"593","Botswana","BWA",2026,5,2026-05-01,NA,NA
"594","Botswana","BWA",2026,6,2026-06-01,NA,NA
"595","Botswana","BWA",2026,7,2026-07-01,NA,NA
"596","Botswana","BWA",2026,8,2026-08-01,NA,NA
"597","Botswana","BWA",2026,9,2026-09-01,NA,NA
"598","Botswana","BWA",2026,10,2026-10-01,NA,NA
"599","Botswana","BWA",2026,11,2026-11-01,NA,NA
"600","Botswana","BWA",2026,12,2026-12-01,NA,NA
"601","Brazil","BRA",2025,1,2025-01-01,462762,"PAHO"
"602","Brazil","BRA",2025,2,2025-02-01,568886,"PAHO"
"603","Brazil","BRA",2025,3,2025-03-01,869993,"PAHO"
"604","Brazil","BRA",2025,4,2025-04-01,614614,"PAHO"
"605","Brazil","BRA",2025,5,2025-05-01,466145,"PAHO"
"606","Brazil","BRA",2025,6,2025-06-01,209227,"PAHO"
"607","Brazil","BRA",2025,7,2025-07-01,88920,"PAHO"
"608","Brazil","BRA",2025,8,2025-08-01,84812,"PAHO"
"609","Brazil","BRA",2025,9,2025-09-01,139434,"PAHO"
"610","Brazil","BRA",2025,10,2025-10-01,113499,"PAHO"
"611","Brazil","BRA",2025,11,2025-11-01,122504,"PAHO"
"612","Brazil","BRA",2025,12,2025-12-01,154044,"PAHO"
"613","Brazil","BRA",2026,1,2026-01-01,162650,"PAHO"
"614","Brazil","BRA",2026,2,2026-02-01,95149,"PAHO"
"615","Brazil","BRA",2026,3,2026-03-01,NA,NA
"616","Brazil","BRA",2026,4,2026-04-01,NA,NA
"617","Brazil","BRA",2026,5,2026-05-01,NA,NA
"618","Brazil","BRA",2026,6,2026-06-01,NA,NA
"619","Brazil","BRA",2026,7,2026-07-01,NA,NA
"620","Brazil","BRA",2026,8,2026-08-01,NA,NA
"621","Brazil","BRA",2026,9,2026-09-01,NA,NA
"622","Brazil","BRA",2026,10,2026-10-01,NA,NA
"623","Brazil","BRA",2026,11,2026-11-01,NA,NA
"624","Brazil","BRA",2026,12,2026-12-01,NA,NA
"625","British Virgin Islands","VGB",2025,1,2025-01-01,11,"PAHO"
"626","British Virgin Islands","VGB",2025,2,2025-02-01,4,"PAHO"
"627","British Virgin Islands","VGB",2025,3,2025-03-01,6,"PAHO"
"628","British Virgin Islands","VGB",2025,4,2025-04-01,4,"PAHO"
"629","British Virgin Islands","VGB",2025,5,2025-05-01,1,"PAHO"
"630","British Virgin Islands","VGB",2025,6,2025-06-01,1,"PAHO"
"631","British Virgin Islands","VGB",2025,7,2025-07-01,1,"PAHO"
"632","British Virgin Islands","VGB",2025,8,2025-08-01,0,"WHO"
"633","British Virgin Islands","VGB",2025,9,2025-09-01,8,"PAHO"
"634","British Virgin Islands","VGB",2025,10,2025-10-01,7,"WHO"
"635","British Virgin Islands","VGB",2025,11,2025-11-01,10,"PAHO"
"636","British Virgin Islands","VGB",2025,12,2025-12-01,NA,"PAHO"
"637","British Virgin Islands","VGB",2026,1,2026-01-01,NA,"PAHO"
"638","British Virgin Islands","VGB",2026,2,2026-02-01,NA,NA
"639","British Virgin Islands","VGB",2026,3,2026-03-01,NA,NA
"640","British Virgin Islands","VGB",2026,4,2026-04-01,NA,NA
"641","British Virgin Islands","VGB",2026,5,2026-05-01,NA,NA
"642","British Virgin Islands","VGB",2026,6,2026-06-01,NA,NA
"643","British Virgin Islands","VGB",2026,7,2026-07-01,NA,NA
"644","British Virgin Islands","VGB",2026,8,2026-08-01,NA,NA
"645","British Virgin Islands","VGB",2026,9,2026-09-01,NA,NA
"646","British Virgin Islands","VGB",2026,10,2026-10-01,NA,NA
"647","British Virgin Islands","VGB",2026,11,2026-11-01,NA,NA
"648","British Virgin Islands","VGB",2026,12,2026-12-01,NA,NA
"649","Bulgaria","BGR",2025,1,2025-01-01,0,"WHO"
"650","Bulgaria","BGR",2025,2,2025-02-01,0,"WHO"
"651","Bulgaria","BGR",2025,3,2025-03-01,0,"WHO"
"652","Bulgaria","BGR",2025,4,2025-04-01,0,"WHO"
"653","Bulgaria","BGR",2025,5,2025-05-01,0,"WHO"
"654","Bulgaria","BGR",2025,6,2025-06-01,0,"WHO"
"655","Bulgaria","BGR",2025,7,2025-07-01,0,"WHO"
"656","Bulgaria","BGR",2025,8,2025-08-01,0,"WHO"
"657","Bulgaria","BGR",2025,9,2025-09-01,0,"WHO"
"658","Bulgaria","BGR",2025,10,2025-10-01,0,"WHO"
"659","Bulgaria","BGR",2025,11,2025-11-01,0,"WHO"
"660","Bulgaria","BGR",2025,12,2025-12-01,0,"WHO"
"661","Bulgaria","BGR",2026,1,2026-01-01,0,"WHO"
"662","Bulgaria","BGR",2026,2,2026-02-01,NA,NA
"663","Bulgaria","BGR",2026,3,2026-03-01,NA,NA
"664","Bulgaria","BGR",2026,4,2026-04-01,NA,NA
"665","Bulgaria","BGR",2026,5,2026-05-01,NA,NA
"666","Bulgaria","BGR",2026,6,2026-06-01,NA,NA
"667","Bulgaria","BGR",2026,7,2026-07-01,NA,NA
"668","Bulgaria","BGR",2026,8,2026-08-01,NA,NA
"669","Bulgaria","BGR",2026,9,2026-09-01,NA,NA
"670","Bulgaria","BGR",2026,10,2026-10-01,NA,NA
"671","Bulgaria","BGR",2026,11,2026-11-01,NA,NA
"672","Bulgaria","BGR",2026,12,2026-12-01,NA,NA
"673","Burkina Faso","BFA",2025,1,2025-01-01,4242,"WHO"
"674","Burkina Faso","BFA",2025,2,2025-02-01,2543,"WHO"
"675","Burkina Faso","BFA",2025,3,2025-03-01,2130,"WHO"
"676","Burkina Faso","BFA",2025,4,2025-04-01,2026,"WHO"
"677","Burkina Faso","BFA",2025,5,2025-05-01,1981,"WHO"
"678","Burkina Faso","BFA",2025,6,2025-06-01,1894,"WHO"
"679","Burkina Faso","BFA",2025,7,2025-07-01,3584,"WHO"
"680","Burkina Faso","BFA",2025,8,2025-08-01,3123,"WHO"
"681","Burkina Faso","BFA",2025,9,2025-09-01,6374,"WHO"
"682","Burkina Faso","BFA",2025,10,2025-10-01,11453,"WHO"
"683","Burkina Faso","BFA",2025,11,2025-11-01,9011,"WHO"
"684","Burkina Faso","BFA",2025,12,2025-12-01,5074,"WHO"
"685","Burkina Faso","BFA",2026,1,2026-01-01,4017,"WHO"
"686","Burkina Faso","BFA",2026,2,2026-02-01,NA,NA
"687","Burkina Faso","BFA",2026,3,2026-03-01,NA,NA
"688","Burkina Faso","BFA",2026,4,2026-04-01,NA,NA
"689","Burkina Faso","BFA",2026,5,2026-05-01,NA,NA
"690","Burkina Faso","BFA",2026,6,2026-06-01,NA,NA
"691","Burkina Faso","BFA",2026,7,2026-07-01,NA,NA
"692","Burkina Faso","BFA",2026,8,2026-08-01,NA,NA
"693","Burkina Faso","BFA",2026,9,2026-09-01,NA,NA
"694","Burkina Faso","BFA",2026,10,2026-10-01,NA,NA
"695","Burkina Faso","BFA",2026,11,2026-11-01,NA,NA
"696","Burkina Faso","BFA",2026,12,2026-12-01,NA,NA
"697","Cambodia","KHM",2025,1,2025-01-01,761,"WHO"
"698","Cambodia","KHM",2025,2,2025-02-01,498,"WHO"
"699","Cambodia","KHM",2025,3,2025-03-01,600,"WHO"
"700","Cambodia","KHM",2025,4,2025-04-01,935,"WHO"
"701","Cambodia","KHM",2025,5,2025-05-01,3233,"WHO"
"702","Cambodia","KHM",2025,6,2025-06-01,6602,"WHO"
"703","Cambodia","KHM",2025,7,2025-07-01,14728,"WHO"
"704","Cambodia","KHM",2025,8,2025-08-01,9948,"WHO"
"705","Cambodia","KHM",2025,9,2025-09-01,7408,"WHO"
"706","Cambodia","KHM",2025,10,2025-10-01,8685,"WHO"
"707","Cambodia","KHM",2025,11,2025-11-01,6058,"WHO"
"708","Cambodia","KHM",2025,12,2025-12-01,3560,"WHO"
"709","Cambodia","KHM",2026,1,2026-01-01,2345,"WHO"
"710","Cambodia","KHM",2026,2,2026-02-01,NA,NA
"711","Cambodia","KHM",2026,3,2026-03-01,NA,NA
"712","Cambodia","KHM",2026,4,2026-04-01,NA,NA
"713","Cambodia","KHM",2026,5,2026-05-01,NA,NA
"714","Cambodia","KHM",2026,6,2026-06-01,NA,NA
"715","Cambodia","KHM",2026,7,2026-07-01,NA,NA
"716","Cambodia","KHM",2026,8,2026-08-01,NA,NA
"717","Cambodia","KHM",2026,9,2026-09-01,NA,NA
"718","Cambodia","KHM",2026,10,2026-10-01,NA,NA
"719","Cambodia","KHM",2026,11,2026-11-01,NA,NA
"720","Cambodia","KHM",2026,12,2026-12-01,NA,NA
"721","Cameroon","CMR",2025,1,2025-01-01,0,"WHO"
"722","Cameroon","CMR",2025,2,2025-02-01,0,"WHO"
"723","Cameroon","CMR",2025,3,2025-03-01,60,"WHO"
"724","Cameroon","CMR",2025,4,2025-04-01,0,"WHO"
"725","Cameroon","CMR",2025,5,2025-05-01,1,"WHO"
"726","Cameroon","CMR",2025,6,2025-06-01,0,"WHO"
"727","Cameroon","CMR",2025,7,2025-07-01,0,"WHO"
"728","Cameroon","CMR",2025,8,2025-08-01,0,"WHO"
"729","Cameroon","CMR",2025,9,2025-09-01,0,"WHO"
"730","Cameroon","CMR",2025,10,2025-10-01,0,"WHO"
"731","Cameroon","CMR",2025,11,2025-11-01,3,"WHO"
"732","Cameroon","CMR",2025,12,2025-12-01,1,"WHO"
"733","Cameroon","CMR",2026,1,2026-01-01,13,"WHO"
"734","Cameroon","CMR",2026,2,2026-02-01,NA,NA
"735","Cameroon","CMR",2026,3,2026-03-01,NA,NA
"736","Cameroon","CMR",2026,4,2026-04-01,NA,NA
"737","Cameroon","CMR",2026,5,2026-05-01,NA,NA
"738","Cameroon","CMR",2026,6,2026-06-01,NA,NA
"739","Cameroon","CMR",2026,7,2026-07-01,NA,NA
"740","Cameroon","CMR",2026,8,2026-08-01,NA,NA
"741","Cameroon","CMR",2026,9,2026-09-01,NA,NA
"742","Cameroon","CMR",2026,10,2026-10-01,NA,NA
"743","Cameroon","CMR",2026,11,2026-11-01,NA,NA
"744","Cameroon","CMR",2026,12,2026-12-01,NA,NA
"745","Canada","CAN",2025,1,2025-01-01,0,"WHO"
"746","Canada","CAN",2025,2,2025-02-01,0,"WHO"
"747","Canada","CAN",2025,3,2025-03-01,0,"WHO"
"748","Canada","CAN",2025,4,2025-04-01,0,"WHO"
"749","Canada","CAN",2025,5,2025-05-01,0,"WHO"
"750","Canada","CAN",2025,6,2025-06-01,0,"WHO"
"751","Canada","CAN",2025,7,2025-07-01,0,"WHO"
"752","Canada","CAN",2025,8,2025-08-01,0,"WHO"
"753","Canada","CAN",2025,9,2025-09-01,0,"WHO"
"754","Canada","CAN",2025,10,2025-10-01,0,"WHO"
"755","Canada","CAN",2025,11,2025-11-01,0,"WHO"
"756","Canada","CAN",2025,12,2025-12-01,0,"WHO"
"757","Canada","CAN",2026,1,2026-01-01,0,"WHO"
"758","Canada","CAN",2026,2,2026-02-01,NA,"PAHO"
"759","Canada","CAN",2026,3,2026-03-01,NA,NA
"760","Canada","CAN",2026,4,2026-04-01,NA,NA
"761","Canada","CAN",2026,5,2026-05-01,NA,NA
"762","Canada","CAN",2026,6,2026-06-01,NA,NA
"763","Canada","CAN",2026,7,2026-07-01,NA,NA
"764","Canada","CAN",2026,8,2026-08-01,NA,NA
"765","Canada","CAN",2026,9,2026-09-01,NA,NA
"766","Canada","CAN",2026,10,2026-10-01,NA,NA
"767","Canada","CAN",2026,11,2026-11-01,NA,NA
"768","Canada","CAN",2026,12,2026-12-01,NA,NA
"769","Cape Verde","CPV",2025,1,2025-01-01,340,"WHO"
"770","Cape Verde","CPV",2025,2,2025-02-01,162,"WHO"
"771","Cape Verde","CPV",2025,3,2025-03-01,27,"WHO"
"772","Cape Verde","CPV",2025,4,2025-04-01,14,"WHO"
"773","Cape Verde","CPV",2025,5,2025-05-01,83,"WHO"
"774","Cape Verde","CPV",2025,6,2025-06-01,58,"WHO"
"775","Cape Verde","CPV",2025,7,2025-07-01,43,"WHO"
"776","Cape Verde","CPV",2025,8,2025-08-01,44,"WHO"
"777","Cape Verde","CPV",2025,9,2025-09-01,12,"WHO"
"778","Cape Verde","CPV",2025,10,2025-10-01,NA,NA
"779","Cape Verde","CPV",2025,11,2025-11-01,NA,NA
"780","Cape Verde","CPV",2025,12,2025-12-01,9,"WHO"
"781","Cape Verde","CPV",2026,1,2026-01-01,5,"WHO"
"782","Cape Verde","CPV",2026,2,2026-02-01,NA,NA
"783","Cape Verde","CPV",2026,3,2026-03-01,NA,NA
"784","Cape Verde","CPV",2026,4,2026-04-01,NA,NA
"785","Cape Verde","CPV",2026,5,2026-05-01,NA,NA
"786","Cape Verde","CPV",2026,6,2026-06-01,NA,NA
"787","Cape Verde","CPV",2026,7,2026-07-01,NA,NA
"788","Cape Verde","CPV",2026,8,2026-08-01,NA,NA
"789","Cape Verde","CPV",2026,9,2026-09-01,NA,NA
"790","Cape Verde","CPV",2026,10,2026-10-01,NA,NA
"791","Cape Verde","CPV",2026,11,2026-11-01,NA,NA
"792","Cape Verde","CPV",2026,12,2026-12-01,NA,NA
"793","Caribbean Netherlands","BES",2025,1,2025-01-01,NA,"WHO"
"794","Caribbean Netherlands","BES",2025,2,2025-02-01,NA,"WHO"
"795","Caribbean Netherlands","BES",2025,3,2025-03-01,NA,"WHO"
"796","Caribbean Netherlands","BES",2025,4,2025-04-01,NA,"WHO"
"797","Caribbean Netherlands","BES",2025,5,2025-05-01,NA,"WHO"
"798","Caribbean Netherlands","BES",2025,6,2025-06-01,NA,"WHO"
"799","Caribbean Netherlands","BES",2025,7,2025-07-01,NA,"WHO"
"800","Caribbean Netherlands","BES",2025,8,2025-08-01,NA,"WHO"
"801","Caribbean Netherlands","BES",2025,9,2025-09-01,NA,"WHO"
"802","Caribbean Netherlands","BES",2025,10,2025-10-01,NA,"WHO"
"803","Caribbean Netherlands","BES",2025,11,2025-11-01,NA,"WHO"
"804","Caribbean Netherlands","BES",2025,12,2025-12-01,NA,"WHO"
"805","Caribbean Netherlands","BES",2026,1,2026-01-01,NA,"WHO"
"806","Caribbean Netherlands","BES",2026,2,2026-02-01,NA,NA
"807","Caribbean Netherlands","BES",2026,3,2026-03-01,NA,NA
"808","Caribbean Netherlands","BES",2026,4,2026-04-01,NA,NA
"809","Caribbean Netherlands","BES",2026,5,2026-05-01,NA,NA
"810","Caribbean Netherlands","BES",2026,6,2026-06-01,NA,NA
"811","Caribbean Netherlands","BES",2026,7,2026-07-01,NA,NA
"812","Caribbean Netherlands","BES",2026,8,2026-08-01,NA,NA
"813","Caribbean Netherlands","BES",2026,9,2026-09-01,NA,NA
"814","Caribbean Netherlands","BES",2026,10,2026-10-01,NA,NA
"815","Caribbean Netherlands","BES",2026,11,2026-11-01,NA,NA
"816","Caribbean Netherlands","BES",2026,12,2026-12-01,NA,NA
"817","Cayman Islands","CYM",2025,1,2025-01-01,0,"WHO"
"818","Cayman Islands","CYM",2025,2,2025-02-01,0,"WHO"
"819","Cayman Islands","CYM",2025,3,2025-03-01,0,"WHO"
"820","Cayman Islands","CYM",2025,4,2025-04-01,0,"WHO"
"821","Cayman Islands","CYM",2025,5,2025-05-01,0,"WHO"
"822","Cayman Islands","CYM",2025,6,2025-06-01,0,"WHO"
"823","Cayman Islands","CYM",2025,7,2025-07-01,0,"WHO"
"824","Cayman Islands","CYM",2025,8,2025-08-01,0,"WHO"
"825","Cayman Islands","CYM",2025,9,2025-09-01,0,"WHO"
"826","Cayman Islands","CYM",2025,10,2025-10-01,0,"WHO"
"827","Cayman Islands","CYM",2025,11,2025-11-01,0,"WHO"
"828","Cayman Islands","CYM",2025,12,2025-12-01,0,"WHO"
"829","Cayman Islands","CYM",2026,1,2026-01-01,0,"WHO"
"830","Cayman Islands","CYM",2026,2,2026-02-01,NA,NA
"831","Cayman Islands","CYM",2026,3,2026-03-01,NA,NA
"832","Cayman Islands","CYM",2026,4,2026-04-01,NA,NA
"833","Cayman Islands","CYM",2026,5,2026-05-01,NA,NA
"834","Cayman Islands","CYM",2026,6,2026-06-01,NA,NA
"835","Cayman Islands","CYM",2026,7,2026-07-01,NA,NA
"836","Cayman Islands","CYM",2026,8,2026-08-01,NA,NA
"837","Cayman Islands","CYM",2026,9,2026-09-01,NA,NA
"838","Cayman Islands","CYM",2026,10,2026-10-01,NA,NA
"839","Cayman Islands","CYM",2026,11,2026-11-01,NA,NA
"840","Cayman Islands","CYM",2026,12,2026-12-01,NA,NA
"841","Chad","TCD",2025,1,2025-01-01,11,"WHO"
"842","Chad","TCD",2025,2,2025-02-01,0,"WHO"
"843","Chad","TCD",2025,3,2025-03-01,0,"WHO"
"844","Chad","TCD",2025,4,2025-04-01,0,"WHO"
"845","Chad","TCD",2025,5,2025-05-01,6,"WHO"
"846","Chad","TCD",2025,6,2025-06-01,0,"WHO"
"847","Chad","TCD",2025,7,2025-07-01,0,"WHO"
"848","Chad","TCD",2025,8,2025-08-01,0,"WHO"
"849","Chad","TCD",2025,9,2025-09-01,0,"WHO"
"850","Chad","TCD",2025,10,2025-10-01,0,"WHO"
"851","Chad","TCD",2025,11,2025-11-01,0,"WHO"
"852","Chad","TCD",2025,12,2025-12-01,0,"WHO"
"853","Chad","TCD",2026,1,2026-01-01,0,"WHO"
"854","Chad","TCD",2026,2,2026-02-01,NA,NA
"855","Chad","TCD",2026,3,2026-03-01,NA,NA
"856","Chad","TCD",2026,4,2026-04-01,NA,NA
"857","Chad","TCD",2026,5,2026-05-01,NA,NA
"858","Chad","TCD",2026,6,2026-06-01,NA,NA
"859","Chad","TCD",2026,7,2026-07-01,NA,NA
"860","Chad","TCD",2026,8,2026-08-01,NA,NA
"861","Chad","TCD",2026,9,2026-09-01,NA,NA
"862","Chad","TCD",2026,10,2026-10-01,NA,NA
"863","Chad","TCD",2026,11,2026-11-01,NA,NA
"864","Chad","TCD",2026,12,2026-12-01,NA,NA
"865","Chile","CHL",2025,1,2025-01-01,0,"WHO"
"866","Chile","CHL",2025,2,2025-02-01,0,"WHO"
"867","Chile","CHL",2025,3,2025-03-01,0,"WHO"
"868","Chile","CHL",2025,4,2025-04-01,0,"WHO"
"869","Chile","CHL",2025,5,2025-05-01,0,"WHO"
"870","Chile","CHL",2025,6,2025-06-01,0,"WHO"
"871","Chile","CHL",2025,7,2025-07-01,0,"WHO"
"872","Chile","CHL",2025,8,2025-08-01,0,"WHO"
"873","Chile","CHL",2025,9,2025-09-01,0,"WHO"
"874","Chile","CHL",2025,10,2025-10-01,0,"WHO"
"875","Chile","CHL",2025,11,2025-11-01,0,"WHO"
"876","Chile","CHL",2025,12,2025-12-01,0,"WHO"
"877","Chile","CHL",2026,1,2026-01-01,0,"WHO"
"878","Chile","CHL",2026,2,2026-02-01,NA,"PAHO"
"879","Chile","CHL",2026,3,2026-03-01,NA,NA
"880","Chile","CHL",2026,4,2026-04-01,NA,NA
"881","Chile","CHL",2026,5,2026-05-01,NA,NA
"882","Chile","CHL",2026,6,2026-06-01,NA,NA
"883","Chile","CHL",2026,7,2026-07-01,NA,NA
"884","Chile","CHL",2026,8,2026-08-01,NA,NA
"885","Chile","CHL",2026,9,2026-09-01,NA,NA
"886","Chile","CHL",2026,10,2026-10-01,NA,NA
"887","Chile","CHL",2026,11,2026-11-01,NA,NA
"888","Chile","CHL",2026,12,2026-12-01,NA,NA
"889","China","CHN",2025,1,2025-01-01,49,"WHO"
"890","China","CHN",2025,2,2025-02-01,51,"WHO"
"891","China","CHN",2025,3,2025-03-01,38,"WHO"
"892","China","CHN",2025,4,2025-04-01,74,"WHO"
"893","China","CHN",2025,5,2025-05-01,126,"WHO"
"894","China","CHN",2025,6,2025-06-01,225,"WHO"
"895","China","CHN",2025,7,2025-07-01,694,"WHO"
"896","China","CHN",2025,8,2025-08-01,1702,"WHO"
"897","China","CHN",2025,9,2025-09-01,2321,"WHO"
"898","China","CHN",2025,10,2025-10-01,3727,"WHO"
"899","China","CHN",2025,11,2025-11-01,849,"WHO"
"900","China","CHN",2025,12,2025-12-01,151,"WHO"
"901","China","CHN",2026,1,2026-01-01,93,"WHO"
"902","China","CHN",2026,2,2026-02-01,NA,NA
"903","China","CHN",2026,3,2026-03-01,NA,NA
"904","China","CHN",2026,4,2026-04-01,NA,NA
"905","China","CHN",2026,5,2026-05-01,NA,NA
"906","China","CHN",2026,6,2026-06-01,NA,NA
"907","China","CHN",2026,7,2026-07-01,NA,NA
"908","China","CHN",2026,8,2026-08-01,NA,NA
"909","China","CHN",2026,9,2026-09-01,NA,NA
"910","China","CHN",2026,10,2026-10-01,NA,NA
"911","China","CHN",2026,11,2026-11-01,NA,NA
"912","China","CHN",2026,12,2026-12-01,NA,NA
"913","Colombia","COL",2025,1,2025-01-01,19794,"PAHO"
"914","Colombia","COL",2025,2,2025-02-01,14705,"PAHO"
"915","Colombia","COL",2025,3,2025-03-01,16984,"PAHO"
"916","Colombia","COL",2025,4,2025-04-01,13301,"PAHO"
"917","Colombia","COL",2025,5,2025-05-01,11614,"PAHO"
"918","Colombia","COL",2025,6,2025-06-01,11049,"PAHO"
"919","Colombia","COL",2025,7,2025-07-01,7429,"PAHO"
"920","Colombia","COL",2025,8,2025-08-01,5159,"PAHO"
"921","Colombia","COL",2025,9,2025-09-01,6506,"PAHO"
"922","Colombia","COL",2025,10,2025-10-01,4615,"PAHO"
"923","Colombia","COL",2025,11,2025-11-01,6554,"PAHO"
"924","Colombia","COL",2025,12,2025-12-01,7409,"PAHO"
"925","Colombia","COL",2026,1,2026-01-01,11537,"PAHO"
"926","Colombia","COL",2026,2,2026-02-01,6735,"PAHO"
"927","Colombia","COL",2026,3,2026-03-01,NA,NA
"928","Colombia","COL",2026,4,2026-04-01,NA,NA
"929","Colombia","COL",2026,5,2026-05-01,NA,NA
"930","Colombia","COL",2026,6,2026-06-01,NA,NA
"931","Colombia","COL",2026,7,2026-07-01,NA,NA
"932","Colombia","COL",2026,8,2026-08-01,NA,NA
"933","Colombia","COL",2026,9,2026-09-01,NA,NA
"934","Colombia","COL",2026,10,2026-10-01,NA,NA
"935","Colombia","COL",2026,11,2026-11-01,NA,NA
"936","Colombia","COL",2026,12,2026-12-01,NA,NA
"937","Comoros","COM",2025,1,2025-01-01,NA,NA
"938","Comoros","COM",2025,2,2025-02-01,NA,NA
"939","Comoros","COM",2025,3,2025-03-01,NA,NA
"940","Comoros","COM",2025,4,2025-04-01,NA,NA
"941","Comoros","COM",2025,5,2025-05-01,NA,NA
"942","Comoros","COM",2025,6,2025-06-01,NA,NA
"943","Comoros","COM",2025,7,2025-07-01,NA,NA
"944","Comoros","COM",2025,8,2025-08-01,NA,NA
"945","Comoros","COM",2025,9,2025-09-01,41,"WHO"
"946","Comoros","COM",2025,10,2025-10-01,NA,NA
"947","Comoros","COM",2025,11,2025-11-01,NA,NA
"948","Comoros","COM",2025,12,2025-12-01,NA,NA
"949","Comoros","COM",2026,1,2026-01-01,NA,NA
"950","Comoros","COM",2026,2,2026-02-01,NA,NA
"951","Comoros","COM",2026,3,2026-03-01,NA,NA
"952","Comoros","COM",2026,4,2026-04-01,NA,NA
"953","Comoros","COM",2026,5,2026-05-01,NA,NA
"954","Comoros","COM",2026,6,2026-06-01,NA,NA
"955","Comoros","COM",2026,7,2026-07-01,NA,NA
"956","Comoros","COM",2026,8,2026-08-01,NA,NA
"957","Comoros","COM",2026,9,2026-09-01,NA,NA
"958","Comoros","COM",2026,10,2026-10-01,NA,NA
"959","Comoros","COM",2026,11,2026-11-01,NA,NA
"960","Comoros","COM",2026,12,2026-12-01,NA,NA
"961","Cook Islands","COK",2025,1,2025-01-01,0,"WHO"
"962","Cook Islands","COK",2025,2,2025-02-01,1,"WHO"
"963","Cook Islands","COK",2025,3,2025-03-01,0,"WHO"
"964","Cook Islands","COK",2025,4,2025-04-01,1,"WHO"
"965","Cook Islands","COK",2025,5,2025-05-01,12,"WHO"
"966","Cook Islands","COK",2025,6,2025-06-01,23,"WHO"
"967","Cook Islands","COK",2025,7,2025-07-01,34,"WHO"
"968","Cook Islands","COK",2025,8,2025-08-01,18,"WHO"
"969","Cook Islands","COK",2025,9,2025-09-01,40,"WHO"
"970","Cook Islands","COK",2025,10,2025-10-01,34,"WHO"
"971","Cook Islands","COK",2025,11,2025-11-01,59,"WHO"
"972","Cook Islands","COK",2025,12,2025-12-01,12,"WHO"
"973","Cook Islands","COK",2026,1,2026-01-01,60,"WHO"
"974","Cook Islands","COK",2026,2,2026-02-01,NA,NA
"975","Cook Islands","COK",2026,3,2026-03-01,NA,NA
"976","Cook Islands","COK",2026,4,2026-04-01,NA,NA
"977","Cook Islands","COK",2026,5,2026-05-01,NA,NA
"978","Cook Islands","COK",2026,6,2026-06-01,NA,NA
"979","Cook Islands","COK",2026,7,2026-07-01,NA,NA
"980","Cook Islands","COK",2026,8,2026-08-01,NA,NA
"981","Cook Islands","COK",2026,9,2026-09-01,NA,NA
"982","Cook Islands","COK",2026,10,2026-10-01,NA,NA
"983","Cook Islands","COK",2026,11,2026-11-01,NA,NA
"984","Cook Islands","COK",2026,12,2026-12-01,NA,NA
"985","Costa Rica","CRI",2025,1,2025-01-01,544,"PAHO"
"986","Costa Rica","CRI",2025,2,2025-02-01,260,"PAHO"
"987","Costa Rica","CRI",2025,3,2025-03-01,286,"PAHO"
"988","Costa Rica","CRI",2025,4,2025-04-01,165,"PAHO"
"989","Costa Rica","CRI",2025,5,2025-05-01,185,"PAHO"
"990","Costa Rica","CRI",2025,6,2025-06-01,326,"PAHO"
"991","Costa Rica","CRI",2025,7,2025-07-01,492,"PAHO"
"992","Costa Rica","CRI",2025,8,2025-08-01,664,"PAHO"
"993","Costa Rica","CRI",2025,9,2025-09-01,880,"PAHO"
"994","Costa Rica","CRI",2025,10,2025-10-01,780,"PAHO"
"995","Costa Rica","CRI",2025,11,2025-11-01,827,"PAHO"
"996","Costa Rica","CRI",2025,12,2025-12-01,715,"PAHO"
"997","Costa Rica","CRI",2026,1,2026-01-01,422,"PAHO"
"998","Costa Rica","CRI",2026,2,2026-02-01,215,"PAHO"
"999","Costa Rica","CRI",2026,3,2026-03-01,NA,NA
"1000","Costa Rica","CRI",2026,4,2026-04-01,NA,NA
"1001","Costa Rica","CRI",2026,5,2026-05-01,NA,NA
"1002","Costa Rica","CRI",2026,6,2026-06-01,NA,NA
"1003","Costa Rica","CRI",2026,7,2026-07-01,NA,NA
"1004","Costa Rica","CRI",2026,8,2026-08-01,NA,NA
"1005","Costa Rica","CRI",2026,9,2026-09-01,NA,NA
"1006","Costa Rica","CRI",2026,10,2026-10-01,NA,NA
"1007","Costa Rica","CRI",2026,11,2026-11-01,NA,NA
"1008","Costa Rica","CRI",2026,12,2026-12-01,NA,NA
"1009","Côte d’Ivoire","CIV",2025,1,2025-01-01,23,"WHO"
"1010","Côte d’Ivoire","CIV",2025,2,2025-02-01,5,"WHO"
"1011","Côte d’Ivoire","CIV",2025,3,2025-03-01,15,"WHO"
"1012","Côte d’Ivoire","CIV",2025,4,2025-04-01,15,"WHO"
"1013","Côte d’Ivoire","CIV",2025,5,2025-05-01,28,"WHO"
"1014","Côte d’Ivoire","CIV",2025,6,2025-06-01,78,"WHO"
"1015","Côte d’Ivoire","CIV",2025,7,2025-07-01,106,"WHO"
"1016","Côte d’Ivoire","CIV",2025,8,2025-08-01,39,"WHO"
"1017","Côte d’Ivoire","CIV",2025,9,2025-09-01,28,"WHO"
"1018","Côte d’Ivoire","CIV",2025,10,2025-10-01,0,"WHO"
"1019","Côte d’Ivoire","CIV",2025,11,2025-11-01,19,"WHO"
"1020","Côte d’Ivoire","CIV",2025,12,2025-12-01,40,"WHO"
"1021","Côte d’Ivoire","CIV",2026,1,2026-01-01,59,"WHO"
"1022","Côte d’Ivoire","CIV",2026,2,2026-02-01,NA,NA
"1023","Côte d’Ivoire","CIV",2026,3,2026-03-01,NA,NA
"1024","Côte d’Ivoire","CIV",2026,4,2026-04-01,NA,NA
"1025","Côte d’Ivoire","CIV",2026,5,2026-05-01,NA,NA
"1026","Côte d’Ivoire","CIV",2026,6,2026-06-01,NA,NA
"1027","Côte d’Ivoire","CIV",2026,7,2026-07-01,NA,NA
"1028","Côte d’Ivoire","CIV",2026,8,2026-08-01,NA,NA
"1029","Côte d’Ivoire","CIV",2026,9,2026-09-01,NA,NA
"1030","Côte d’Ivoire","CIV",2026,10,2026-10-01,NA,NA
"1031","Côte d’Ivoire","CIV",2026,11,2026-11-01,NA,NA
"1032","Côte d’Ivoire","CIV",2026,12,2026-12-01,NA,NA
"1033","Croatia","HRV",2025,1,2025-01-01,0,"WHO"
"1034","Croatia","HRV",2025,2,2025-02-01,0,"WHO"
"1035","Croatia","HRV",2025,3,2025-03-01,0,"WHO"
"1036","Croatia","HRV",2025,4,2025-04-01,0,"WHO"
"1037","Croatia","HRV",2025,5,2025-05-01,0,"WHO"
"1038","Croatia","HRV",2025,6,2025-06-01,0,"WHO"
"1039","Croatia","HRV",2025,7,2025-07-01,0,"WHO"
"1040","Croatia","HRV",2025,8,2025-08-01,0,"WHO"
"1041","Croatia","HRV",2025,9,2025-09-01,0,"WHO"
"1042","Croatia","HRV",2025,10,2025-10-01,0,"WHO"
"1043","Croatia","HRV",2025,11,2025-11-01,0,"WHO"
"1044","Croatia","HRV",2025,12,2025-12-01,0,"WHO"
"1045","Croatia","HRV",2026,1,2026-01-01,0,"WHO"
"1046","Croatia","HRV",2026,2,2026-02-01,NA,NA
"1047","Croatia","HRV",2026,3,2026-03-01,NA,NA
"1048","Croatia","HRV",2026,4,2026-04-01,NA,NA
"1049","Croatia","HRV",2026,5,2026-05-01,NA,NA
"1050","Croatia","HRV",2026,6,2026-06-01,NA,NA
"1051","Croatia","HRV",2026,7,2026-07-01,NA,NA
"1052","Croatia","HRV",2026,8,2026-08-01,NA,NA
"1053","Croatia","HRV",2026,9,2026-09-01,NA,NA
"1054","Croatia","HRV",2026,10,2026-10-01,NA,NA
"1055","Croatia","HRV",2026,11,2026-11-01,NA,NA
"1056","Croatia","HRV",2026,12,2026-12-01,NA,NA
"1057","Cuba","CUB",2025,1,2025-01-01,NA,"PAHO"
"1058","Cuba","CUB",2025,2,2025-02-01,NA,"PAHO"
"1059","Cuba","CUB",2025,3,2025-03-01,NA,"PAHO"
"1060","Cuba","CUB",2025,4,2025-04-01,NA,"PAHO"
"1061","Cuba","CUB",2025,5,2025-05-01,NA,"PAHO"
"1062","Cuba","CUB",2025,6,2025-06-01,NA,"PAHO"
"1063","Cuba","CUB",2025,7,2025-07-01,3945,"WHO"
"1064","Cuba","CUB",2025,8,2025-08-01,NA,"PAHO"
"1065","Cuba","CUB",2025,9,2025-09-01,2574,"WHO"
"1066","Cuba","CUB",2025,10,2025-10-01,NA,"PAHO"
"1067","Cuba","CUB",2025,11,2025-11-01,19476,"WHO"
"1068","Cuba","CUB",2025,12,2025-12-01,4697,"PAHO"
"1069","Cuba","CUB",2026,1,2026-01-01,NA,"WHO"
"1070","Cuba","CUB",2026,2,2026-02-01,NA,NA
"1071","Cuba","CUB",2026,3,2026-03-01,NA,NA
"1072","Cuba","CUB",2026,4,2026-04-01,NA,NA
"1073","Cuba","CUB",2026,5,2026-05-01,NA,NA
"1074","Cuba","CUB",2026,6,2026-06-01,NA,NA
"1075","Cuba","CUB",2026,7,2026-07-01,NA,NA
"1076","Cuba","CUB",2026,8,2026-08-01,NA,NA
"1077","Cuba","CUB",2026,9,2026-09-01,NA,NA
"1078","Cuba","CUB",2026,10,2026-10-01,NA,NA
"1079","Cuba","CUB",2026,11,2026-11-01,NA,NA
"1080","Cuba","CUB",2026,12,2026-12-01,NA,NA
"1081","Curaçao","CUW",2025,1,2025-01-01,NA,"WHO"
"1082","Curaçao","CUW",2025,2,2025-02-01,NA,"WHO"
"1083","Curaçao","CUW",2025,3,2025-03-01,NA,"WHO"
"1084","Curaçao","CUW",2025,4,2025-04-01,NA,"WHO"
"1085","Curaçao","CUW",2025,5,2025-05-01,NA,"WHO"
"1086","Curaçao","CUW",2025,6,2025-06-01,NA,"WHO"
"1087","Curaçao","CUW",2025,7,2025-07-01,NA,"WHO"
"1088","Curaçao","CUW",2025,8,2025-08-01,NA,"WHO"
"1089","Curaçao","CUW",2025,9,2025-09-01,NA,"WHO"
"1090","Curaçao","CUW",2025,10,2025-10-01,NA,"WHO"
"1091","Curaçao","CUW",2025,11,2025-11-01,NA,"WHO"
"1092","Curaçao","CUW",2025,12,2025-12-01,NA,"WHO"
"1093","Curaçao","CUW",2026,1,2026-01-01,NA,"WHO"
"1094","Curaçao","CUW",2026,2,2026-02-01,NA,NA
"1095","Curaçao","CUW",2026,3,2026-03-01,NA,NA
"1096","Curaçao","CUW",2026,4,2026-04-01,NA,NA
"1097","Curaçao","CUW",2026,5,2026-05-01,NA,NA
"1098","Curaçao","CUW",2026,6,2026-06-01,NA,NA
"1099","Curaçao","CUW",2026,7,2026-07-01,NA,NA
"1100","Curaçao","CUW",2026,8,2026-08-01,NA,NA
"1101","Curaçao","CUW",2026,9,2026-09-01,NA,NA
"1102","Curaçao","CUW",2026,10,2026-10-01,NA,NA
"1103","Curaçao","CUW",2026,11,2026-11-01,NA,NA
"1104","Curaçao","CUW",2026,12,2026-12-01,NA,NA
"1105","Cyprus","CYP",2025,1,2025-01-01,0,"WHO"
"1106","Cyprus","CYP",2025,2,2025-02-01,0,"WHO"
"1107","Cyprus","CYP",2025,3,2025-03-01,0,"WHO"
"1108","Cyprus","CYP",2025,4,2025-04-01,0,"WHO"
"1109","Cyprus","CYP",2025,5,2025-05-01,0,"WHO"
"1110","Cyprus","CYP",2025,6,2025-06-01,0,"WHO"
"1111","Cyprus","CYP",2025,7,2025-07-01,0,"WHO"
"1112","Cyprus","CYP",2025,8,2025-08-01,0,"WHO"
"1113","Cyprus","CYP",2025,9,2025-09-01,0,"WHO"
"1114","Cyprus","CYP",2025,10,2025-10-01,0,"WHO"
"1115","Cyprus","CYP",2025,11,2025-11-01,0,"WHO"
"1116","Cyprus","CYP",2025,12,2025-12-01,0,"WHO"
"1117","Cyprus","CYP",2026,1,2026-01-01,0,"WHO"
"1118","Cyprus","CYP",2026,2,2026-02-01,NA,NA
"1119","Cyprus","CYP",2026,3,2026-03-01,NA,NA
"1120","Cyprus","CYP",2026,4,2026-04-01,NA,NA
"1121","Cyprus","CYP",2026,5,2026-05-01,NA,NA
"1122","Cyprus","CYP",2026,6,2026-06-01,NA,NA
"1123","Cyprus","CYP",2026,7,2026-07-01,NA,NA
"1124","Cyprus","CYP",2026,8,2026-08-01,NA,NA
"1125","Cyprus","CYP",2026,9,2026-09-01,NA,NA
"1126","Cyprus","CYP",2026,10,2026-10-01,NA,NA
"1127","Cyprus","CYP",2026,11,2026-11-01,NA,NA
"1128","Cyprus","CYP",2026,12,2026-12-01,NA,NA
"1129","Czechia","CZE",2025,1,2025-01-01,0,"WHO"
"1130","Czechia","CZE",2025,2,2025-02-01,0,"WHO"
"1131","Czechia","CZE",2025,3,2025-03-01,0,"WHO"
"1132","Czechia","CZE",2025,4,2025-04-01,0,"WHO"
"1133","Czechia","CZE",2025,5,2025-05-01,0,"WHO"
"1134","Czechia","CZE",2025,6,2025-06-01,0,"WHO"
"1135","Czechia","CZE",2025,7,2025-07-01,0,"WHO"
"1136","Czechia","CZE",2025,8,2025-08-01,0,"WHO"
"1137","Czechia","CZE",2025,9,2025-09-01,0,"WHO"
"1138","Czechia","CZE",2025,10,2025-10-01,0,"WHO"
"1139","Czechia","CZE",2025,11,2025-11-01,0,"WHO"
"1140","Czechia","CZE",2025,12,2025-12-01,0,"WHO"
"1141","Czechia","CZE",2026,1,2026-01-01,0,"WHO"
"1142","Czechia","CZE",2026,2,2026-02-01,NA,NA
"1143","Czechia","CZE",2026,3,2026-03-01,NA,NA
"1144","Czechia","CZE",2026,4,2026-04-01,NA,NA
"1145","Czechia","CZE",2026,5,2026-05-01,NA,NA
"1146","Czechia","CZE",2026,6,2026-06-01,NA,NA
"1147","Czechia","CZE",2026,7,2026-07-01,NA,NA
"1148","Czechia","CZE",2026,8,2026-08-01,NA,NA
"1149","Czechia","CZE",2026,9,2026-09-01,NA,NA
"1150","Czechia","CZE",2026,10,2026-10-01,NA,NA
"1151","Czechia","CZE",2026,11,2026-11-01,NA,NA
"1152","Czechia","CZE",2026,12,2026-12-01,NA,NA
"1153","Denmark","DNK",2025,1,2025-01-01,0,"WHO"
"1154","Denmark","DNK",2025,2,2025-02-01,0,"WHO"
"1155","Denmark","DNK",2025,3,2025-03-01,0,"WHO"
"1156","Denmark","DNK",2025,4,2025-04-01,0,"WHO"
"1157","Denmark","DNK",2025,5,2025-05-01,0,"WHO"
"1158","Denmark","DNK",2025,6,2025-06-01,0,"WHO"
"1159","Denmark","DNK",2025,7,2025-07-01,0,"WHO"
"1160","Denmark","DNK",2025,8,2025-08-01,0,"WHO"
"1161","Denmark","DNK",2025,9,2025-09-01,0,"WHO"
"1162","Denmark","DNK",2025,10,2025-10-01,0,"WHO"
"1163","Denmark","DNK",2025,11,2025-11-01,0,"WHO"
"1164","Denmark","DNK",2025,12,2025-12-01,0,"WHO"
"1165","Denmark","DNK",2026,1,2026-01-01,0,"WHO"
"1166","Denmark","DNK",2026,2,2026-02-01,NA,NA
"1167","Denmark","DNK",2026,3,2026-03-01,NA,NA
"1168","Denmark","DNK",2026,4,2026-04-01,NA,NA
"1169","Denmark","DNK",2026,5,2026-05-01,NA,NA
"1170","Denmark","DNK",2026,6,2026-06-01,NA,NA
"1171","Denmark","DNK",2026,7,2026-07-01,NA,NA
"1172","Denmark","DNK",2026,8,2026-08-01,NA,NA
"1173","Denmark","DNK",2026,9,2026-09-01,NA,NA
"1174","Denmark","DNK",2026,10,2026-10-01,NA,NA
"1175","Denmark","DNK",2026,11,2026-11-01,NA,NA
"1176","Denmark","DNK",2026,12,2026-12-01,NA,NA
"1177","Dominican Republic","DOM",2025,1,2025-01-01,201,"PAHO"
"1178","Dominican Republic","DOM",2025,2,2025-02-01,166,"PAHO"
"1179","Dominican Republic","DOM",2025,3,2025-03-01,239,"PAHO"
"1180","Dominican Republic","DOM",2025,4,2025-04-01,126,"PAHO"
"1181","Dominican Republic","DOM",2025,5,2025-05-01,166,"PAHO"
"1182","Dominican Republic","DOM",2025,6,2025-06-01,178,"PAHO"
"1183","Dominican Republic","DOM",2025,7,2025-07-01,139,"PAHO"
"1184","Dominican Republic","DOM",2025,8,2025-08-01,117,"PAHO"
"1185","Dominican Republic","DOM",2025,9,2025-09-01,168,"PAHO"
"1186","Dominican Republic","DOM",2025,10,2025-10-01,172,"PAHO"
"1187","Dominican Republic","DOM",2025,11,2025-11-01,196,"PAHO"
"1188","Dominican Republic","DOM",2025,12,2025-12-01,143,"PAHO"
"1189","Dominican Republic","DOM",2026,1,2026-01-01,133,"PAHO"
"1190","Dominican Republic","DOM",2026,2,2026-02-01,55,"PAHO"
"1191","Dominican Republic","DOM",2026,3,2026-03-01,NA,NA
"1192","Dominican Republic","DOM",2026,4,2026-04-01,NA,NA
"1193","Dominican Republic","DOM",2026,5,2026-05-01,NA,NA
"1194","Dominican Republic","DOM",2026,6,2026-06-01,NA,NA
"1195","Dominican Republic","DOM",2026,7,2026-07-01,NA,NA
"1196","Dominican Republic","DOM",2026,8,2026-08-01,NA,NA
"1197","Dominican Republic","DOM",2026,9,2026-09-01,NA,NA
"1198","Dominican Republic","DOM",2026,10,2026-10-01,NA,NA
"1199","Dominican Republic","DOM",2026,11,2026-11-01,NA,NA
"1200","Dominican Republic","DOM",2026,12,2026-12-01,NA,NA
"1201","Ecuador","ECU",2025,1,2025-01-01,4513,"PAHO"
"1202","Ecuador","ECU",2025,2,2025-02-01,4122,"PAHO"
"1203","Ecuador","ECU",2025,3,2025-03-01,5770,"PAHO"
"1204","Ecuador","ECU",2025,4,2025-04-01,4985,"PAHO"
"1205","Ecuador","ECU",2025,5,2025-05-01,5324,"PAHO"
"1206","Ecuador","ECU",2025,6,2025-06-01,4741,"PAHO"
"1207","Ecuador","ECU",2025,7,2025-07-01,2452,"PAHO"
"1208","Ecuador","ECU",2025,8,2025-08-01,1415,"PAHO"
"1209","Ecuador","ECU",2025,9,2025-09-01,1343,"PAHO"
"1210","Ecuador","ECU",2025,10,2025-10-01,930,"PAHO"
"1211","Ecuador","ECU",2025,11,2025-11-01,896,"PAHO"
"1212","Ecuador","ECU",2025,12,2025-12-01,1136,"PAHO"
"1213","Ecuador","ECU",2026,1,2026-01-01,1788,"PAHO"
"1214","Ecuador","ECU",2026,2,2026-02-01,1552,"PAHO"
"1215","Ecuador","ECU",2026,3,2026-03-01,NA,NA
"1216","Ecuador","ECU",2026,4,2026-04-01,NA,NA
"1217","Ecuador","ECU",2026,5,2026-05-01,NA,NA
"1218","Ecuador","ECU",2026,6,2026-06-01,NA,NA
"1219","Ecuador","ECU",2026,7,2026-07-01,NA,NA
"1220","Ecuador","ECU",2026,8,2026-08-01,NA,NA
"1221","Ecuador","ECU",2026,9,2026-09-01,NA,NA
"1222","Ecuador","ECU",2026,10,2026-10-01,NA,NA
"1223","Ecuador","ECU",2026,11,2026-11-01,NA,NA
"1224","Ecuador","ECU",2026,12,2026-12-01,NA,NA
"1225","El Salvador","SLV",2025,1,2025-01-01,411,"PAHO"
"1226","El Salvador","SLV",2025,2,2025-02-01,358,"PAHO"
"1227","El Salvador","SLV",2025,3,2025-03-01,492,"PAHO"
"1228","El Salvador","SLV",2025,4,2025-04-01,379,"PAHO"
"1229","El Salvador","SLV",2025,5,2025-05-01,391,"PAHO"
"1230","El Salvador","SLV",2025,6,2025-06-01,616,"PAHO"
"1231","El Salvador","SLV",2025,7,2025-07-01,732,"PAHO"
"1232","El Salvador","SLV",2025,8,2025-08-01,690,"PAHO"
"1233","El Salvador","SLV",2025,9,2025-09-01,811,"PAHO"
"1234","El Salvador","SLV",2025,10,2025-10-01,458,"PAHO"
"1235","El Salvador","SLV",2025,11,2025-11-01,298,"PAHO"
"1236","El Salvador","SLV",2025,12,2025-12-01,197,"PAHO"
"1237","El Salvador","SLV",2026,1,2026-01-01,731,"PAHO"
"1238","El Salvador","SLV",2026,2,2026-02-01,303,"PAHO"
"1239","El Salvador","SLV",2026,3,2026-03-01,NA,NA
"1240","El Salvador","SLV",2026,4,2026-04-01,NA,NA
"1241","El Salvador","SLV",2026,5,2026-05-01,NA,NA
"1242","El Salvador","SLV",2026,6,2026-06-01,NA,NA
"1243","El Salvador","SLV",2026,7,2026-07-01,NA,NA
"1244","El Salvador","SLV",2026,8,2026-08-01,NA,NA
"1245","El Salvador","SLV",2026,9,2026-09-01,NA,NA
"1246","El Salvador","SLV",2026,10,2026-10-01,NA,NA
"1247","El Salvador","SLV",2026,11,2026-11-01,NA,NA
"1248","El Salvador","SLV",2026,12,2026-12-01,NA,NA
"1249","Equatorial Guinea","GNQ",2025,1,2025-01-01,NA,NA
"1250","Equatorial Guinea","GNQ",2025,2,2025-02-01,0,"WHO"
"1251","Equatorial Guinea","GNQ",2025,3,2025-03-01,0,"WHO"
"1252","Equatorial Guinea","GNQ",2025,4,2025-04-01,0,"WHO"
"1253","Equatorial Guinea","GNQ",2025,5,2025-05-01,0,"WHO"
"1254","Equatorial Guinea","GNQ",2025,6,2025-06-01,0,"WHO"
"1255","Equatorial Guinea","GNQ",2025,7,2025-07-01,0,"WHO"
"1256","Equatorial Guinea","GNQ",2025,8,2025-08-01,0,"WHO"
"1257","Equatorial Guinea","GNQ",2025,9,2025-09-01,0,"WHO"
"1258","Equatorial Guinea","GNQ",2025,10,2025-10-01,0,"WHO"
"1259","Equatorial Guinea","GNQ",2025,11,2025-11-01,0,"WHO"
"1260","Equatorial Guinea","GNQ",2025,12,2025-12-01,0,"WHO"
"1261","Equatorial Guinea","GNQ",2026,1,2026-01-01,0,"WHO"
"1262","Equatorial Guinea","GNQ",2026,2,2026-02-01,NA,NA
"1263","Equatorial Guinea","GNQ",2026,3,2026-03-01,NA,NA
"1264","Equatorial Guinea","GNQ",2026,4,2026-04-01,NA,NA
"1265","Equatorial Guinea","GNQ",2026,5,2026-05-01,NA,NA
"1266","Equatorial Guinea","GNQ",2026,6,2026-06-01,NA,NA
"1267","Equatorial Guinea","GNQ",2026,7,2026-07-01,NA,NA
"1268","Equatorial Guinea","GNQ",2026,8,2026-08-01,NA,NA
"1269","Equatorial Guinea","GNQ",2026,9,2026-09-01,NA,NA
"1270","Equatorial Guinea","GNQ",2026,10,2026-10-01,NA,NA
"1271","Equatorial Guinea","GNQ",2026,11,2026-11-01,NA,NA
"1272","Equatorial Guinea","GNQ",2026,12,2026-12-01,NA,NA
"1273","Eritrea","ERI",2025,1,2025-01-01,NA,NA
"1274","Eritrea","ERI",2025,2,2025-02-01,18,"WHO"
"1275","Eritrea","ERI",2025,3,2025-03-01,NA,NA
"1276","Eritrea","ERI",2025,4,2025-04-01,48,"WHO"
"1277","Eritrea","ERI",2025,5,2025-05-01,NA,NA
"1278","Eritrea","ERI",2025,6,2025-06-01,NA,NA
"1279","Eritrea","ERI",2025,7,2025-07-01,9,"WHO"
"1280","Eritrea","ERI",2025,8,2025-08-01,NA,NA
"1281","Eritrea","ERI",2025,9,2025-09-01,3493,"WHO"
"1282","Eritrea","ERI",2025,10,2025-10-01,39,"WHO"
"1283","Eritrea","ERI",2025,11,2025-11-01,465,"WHO"
"1284","Eritrea","ERI",2025,12,2025-12-01,246,"WHO"
"1285","Eritrea","ERI",2026,1,2026-01-01,NA,NA
"1286","Eritrea","ERI",2026,2,2026-02-01,NA,NA
"1287","Eritrea","ERI",2026,3,2026-03-01,NA,NA
"1288","Eritrea","ERI",2026,4,2026-04-01,NA,NA
"1289","Eritrea","ERI",2026,5,2026-05-01,NA,NA
"1290","Eritrea","ERI",2026,6,2026-06-01,NA,NA
"1291","Eritrea","ERI",2026,7,2026-07-01,NA,NA
"1292","Eritrea","ERI",2026,8,2026-08-01,NA,NA
"1293","Eritrea","ERI",2026,9,2026-09-01,NA,NA
"1294","Eritrea","ERI",2026,10,2026-10-01,NA,NA
"1295","Eritrea","ERI",2026,11,2026-11-01,NA,NA
"1296","Eritrea","ERI",2026,12,2026-12-01,NA,NA
"1297","Estonia","EST",2025,1,2025-01-01,0,"WHO"
"1298","Estonia","EST",2025,2,2025-02-01,0,"WHO"
"1299","Estonia","EST",2025,3,2025-03-01,0,"WHO"
"1300","Estonia","EST",2025,4,2025-04-01,0,"WHO"
"1301","Estonia","EST",2025,5,2025-05-01,0,"WHO"
"1302","Estonia","EST",2025,6,2025-06-01,0,"WHO"
"1303","Estonia","EST",2025,7,2025-07-01,0,"WHO"
"1304","Estonia","EST",2025,8,2025-08-01,0,"WHO"
"1305","Estonia","EST",2025,9,2025-09-01,0,"WHO"
"1306","Estonia","EST",2025,10,2025-10-01,0,"WHO"
"1307","Estonia","EST",2025,11,2025-11-01,0,"WHO"
"1308","Estonia","EST",2025,12,2025-12-01,0,"WHO"
"1309","Estonia","EST",2026,1,2026-01-01,0,"WHO"
"1310","Estonia","EST",2026,2,2026-02-01,NA,NA
"1311","Estonia","EST",2026,3,2026-03-01,NA,NA
"1312","Estonia","EST",2026,4,2026-04-01,NA,NA
"1313","Estonia","EST",2026,5,2026-05-01,NA,NA
"1314","Estonia","EST",2026,6,2026-06-01,NA,NA
"1315","Estonia","EST",2026,7,2026-07-01,NA,NA
"1316","Estonia","EST",2026,8,2026-08-01,NA,NA
"1317","Estonia","EST",2026,9,2026-09-01,NA,NA
"1318","Estonia","EST",2026,10,2026-10-01,NA,NA
"1319","Estonia","EST",2026,11,2026-11-01,NA,NA
"1320","Estonia","EST",2026,12,2026-12-01,NA,NA
"1321","Ethiopia","ETH",2025,1,2025-01-01,NA,NA
"1322","Ethiopia","ETH",2025,2,2025-02-01,114,"WHO"
"1323","Ethiopia","ETH",2025,3,2025-03-01,140,"WHO"
"1324","Ethiopia","ETH",2025,4,2025-04-01,1625,"WHO"
"1325","Ethiopia","ETH",2025,5,2025-05-01,344,"WHO"
"1326","Ethiopia","ETH",2025,6,2025-06-01,80,"WHO"
"1327","Ethiopia","ETH",2025,7,2025-07-01,98,"WHO"
"1328","Ethiopia","ETH",2025,8,2025-08-01,32,"WHO"
"1329","Ethiopia","ETH",2025,9,2025-09-01,62,"WHO"
"1330","Ethiopia","ETH",2025,10,2025-10-01,438,"WHO"
"1331","Ethiopia","ETH",2025,11,2025-11-01,686,"WHO"
"1332","Ethiopia","ETH",2025,12,2025-12-01,255,"WHO"
"1333","Ethiopia","ETH",2026,1,2026-01-01,48,"WHO"
"1334","Ethiopia","ETH",2026,2,2026-02-01,NA,NA
"1335","Ethiopia","ETH",2026,3,2026-03-01,NA,NA
"1336","Ethiopia","ETH",2026,4,2026-04-01,NA,NA
"1337","Ethiopia","ETH",2026,5,2026-05-01,NA,NA
"1338","Ethiopia","ETH",2026,6,2026-06-01,NA,NA
"1339","Ethiopia","ETH",2026,7,2026-07-01,NA,NA
"1340","Ethiopia","ETH",2026,8,2026-08-01,NA,NA
"1341","Ethiopia","ETH",2026,9,2026-09-01,NA,NA
"1342","Ethiopia","ETH",2026,10,2026-10-01,NA,NA
"1343","Ethiopia","ETH",2026,11,2026-11-01,NA,NA
"1344","Ethiopia","ETH",2026,12,2026-12-01,NA,NA
"1345","Fiji","FJI",2025,1,2025-01-01,1629,"WHO"
"1346","Fiji","FJI",2025,2,2025-02-01,3394,"WHO"
"1347","Fiji","FJI",2025,3,2025-03-01,4509,"WHO"
"1348","Fiji","FJI",2025,4,2025-04-01,4703,"WHO"
"1349","Fiji","FJI",2025,5,2025-05-01,3696,"WHO"
"1350","Fiji","FJI",2025,6,2025-06-01,1894,"WHO"
"1351","Fiji","FJI",2025,7,2025-07-01,1502,"WHO"
"1352","Fiji","FJI",2025,8,2025-08-01,822,"WHO"
"1353","Fiji","FJI",2025,9,2025-09-01,741,"WHO"
"1354","Fiji","FJI",2025,10,2025-10-01,1286,"WHO"
"1355","Fiji","FJI",2025,11,2025-11-01,819,"WHO"
"1356","Fiji","FJI",2025,12,2025-12-01,518,"WHO"
"1357","Fiji","FJI",2026,1,2026-01-01,561,"WHO"
"1358","Fiji","FJI",2026,2,2026-02-01,NA,NA
"1359","Fiji","FJI",2026,3,2026-03-01,NA,NA
"1360","Fiji","FJI",2026,4,2026-04-01,NA,NA
"1361","Fiji","FJI",2026,5,2026-05-01,NA,NA
"1362","Fiji","FJI",2026,6,2026-06-01,NA,NA
"1363","Fiji","FJI",2026,7,2026-07-01,NA,NA
"1364","Fiji","FJI",2026,8,2026-08-01,NA,NA
"1365","Fiji","FJI",2026,9,2026-09-01,NA,NA
"1366","Fiji","FJI",2026,10,2026-10-01,NA,NA
"1367","Fiji","FJI",2026,11,2026-11-01,NA,NA
"1368","Fiji","FJI",2026,12,2026-12-01,NA,NA
"1369","Finland","FIN",2025,1,2025-01-01,0,"WHO"
"1370","Finland","FIN",2025,2,2025-02-01,0,"WHO"
"1371","Finland","FIN",2025,3,2025-03-01,0,"WHO"
"1372","Finland","FIN",2025,4,2025-04-01,0,"WHO"
"1373","Finland","FIN",2025,5,2025-05-01,0,"WHO"
"1374","Finland","FIN",2025,6,2025-06-01,0,"WHO"
"1375","Finland","FIN",2025,7,2025-07-01,0,"WHO"
"1376","Finland","FIN",2025,8,2025-08-01,0,"WHO"
"1377","Finland","FIN",2025,9,2025-09-01,0,"WHO"
"1378","Finland","FIN",2025,10,2025-10-01,0,"WHO"
"1379","Finland","FIN",2025,11,2025-11-01,0,"WHO"
"1380","Finland","FIN",2025,12,2025-12-01,0,"WHO"
"1381","Finland","FIN",2026,1,2026-01-01,0,"WHO"
"1382","Finland","FIN",2026,2,2026-02-01,NA,NA
"1383","Finland","FIN",2026,3,2026-03-01,NA,NA
"1384","Finland","FIN",2026,4,2026-04-01,NA,NA
"1385","Finland","FIN",2026,5,2026-05-01,NA,NA
"1386","Finland","FIN",2026,6,2026-06-01,NA,NA
"1387","Finland","FIN",2026,7,2026-07-01,NA,NA
"1388","Finland","FIN",2026,8,2026-08-01,NA,NA
"1389","Finland","FIN",2026,9,2026-09-01,NA,NA
"1390","Finland","FIN",2026,10,2026-10-01,NA,NA
"1391","Finland","FIN",2026,11,2026-11-01,NA,NA
"1392","Finland","FIN",2026,12,2026-12-01,NA,NA
"1393","France","FRA",2025,1,2025-01-01,0,"WHO"
"1394","France","FRA",2025,2,2025-02-01,0,"WHO"
"1395","France","FRA",2025,3,2025-03-01,0,"WHO"
"1396","France","FRA",2025,4,2025-04-01,0,"WHO"
"1397","France","FRA",2025,5,2025-05-01,0,"WHO"
"1398","France","FRA",2025,6,2025-06-01,10,"WHO"
"1399","France","FRA",2025,7,2025-07-01,15,"WHO"
"1400","France","FRA",2025,8,2025-08-01,3,"WHO"
"1401","France","FRA",2025,9,2025-09-01,1,"WHO"
"1402","France","FRA",2025,10,2025-10-01,0,"WHO"
"1403","France","FRA",2025,11,2025-11-01,0,"WHO"
"1404","France","FRA",2025,12,2025-12-01,0,"WHO"
"1405","France","FRA",2026,1,2026-01-01,0,"WHO"
"1406","France","FRA",2026,2,2026-02-01,NA,NA
"1407","France","FRA",2026,3,2026-03-01,NA,NA
"1408","France","FRA",2026,4,2026-04-01,NA,NA
"1409","France","FRA",2026,5,2026-05-01,NA,NA
"1410","France","FRA",2026,6,2026-06-01,NA,NA
"1411","France","FRA",2026,7,2026-07-01,NA,NA
"1412","France","FRA",2026,8,2026-08-01,NA,NA
"1413","France","FRA",2026,9,2026-09-01,NA,NA
"1414","France","FRA",2026,10,2026-10-01,NA,NA
"1415","France","FRA",2026,11,2026-11-01,NA,NA
"1416","France","FRA",2026,12,2026-12-01,NA,NA
"1417","French Guiana","GUF",2025,1,2025-01-01,NA,"PAHO"
"1418","French Guiana","GUF",2025,2,2025-02-01,NA,"PAHO"
"1419","French Guiana","GUF",2025,3,2025-03-01,NA,"PAHO"
"1420","French Guiana","GUF",2025,4,2025-04-01,175,"WHO"
"1421","French Guiana","GUF",2025,5,2025-05-01,33,"PAHO"
"1422","French Guiana","GUF",2025,6,2025-06-01,24,"PAHO"
"1423","French Guiana","GUF",2025,7,2025-07-01,12,"PAHO"
"1424","French Guiana","GUF",2025,8,2025-08-01,18,"PAHO"
"1425","French Guiana","GUF",2025,9,2025-09-01,17,"PAHO"
"1426","French Guiana","GUF",2025,10,2025-10-01,14,"PAHO"
"1427","French Guiana","GUF",2025,11,2025-11-01,11,"PAHO"
"1428","French Guiana","GUF",2025,12,2025-12-01,14,"PAHO"
"1429","French Guiana","GUF",2026,1,2026-01-01,1,"PAHO"
"1430","French Guiana","GUF",2026,2,2026-02-01,2,"PAHO"
"1431","French Guiana","GUF",2026,3,2026-03-01,NA,NA
"1432","French Guiana","GUF",2026,4,2026-04-01,NA,NA
"1433","French Guiana","GUF",2026,5,2026-05-01,NA,NA
"1434","French Guiana","GUF",2026,6,2026-06-01,NA,NA
"1435","French Guiana","GUF",2026,7,2026-07-01,NA,NA
"1436","French Guiana","GUF",2026,8,2026-08-01,NA,NA
"1437","French Guiana","GUF",2026,9,2026-09-01,NA,NA
"1438","French Guiana","GUF",2026,10,2026-10-01,NA,NA
"1439","French Guiana","GUF",2026,11,2026-11-01,NA,NA
"1440","French Guiana","GUF",2026,12,2026-12-01,NA,NA
"1441","French Polynesia","PYF",2025,1,2025-01-01,223,"WHO"
"1442","French Polynesia","PYF",2025,2,2025-02-01,131,"WHO"
"1443","French Polynesia","PYF",2025,3,2025-03-01,240,"WHO"
"1444","French Polynesia","PYF",2025,4,2025-04-01,168,"WHO"
"1445","French Polynesia","PYF",2025,5,2025-05-01,203,"WHO"
"1446","French Polynesia","PYF",2025,6,2025-06-01,84,"WHO"
"1447","French Polynesia","PYF",2025,7,2025-07-01,0,"WHO"
"1448","French Polynesia","PYF",2025,8,2025-08-01,0,"WHO"
"1449","French Polynesia","PYF",2025,9,2025-09-01,0,"WHO"
"1450","French Polynesia","PYF",2025,10,2025-10-01,0,"WHO"
"1451","French Polynesia","PYF",2025,11,2025-11-01,29,"WHO"
"1452","French Polynesia","PYF",2025,12,2025-12-01,0,"WHO"
"1453","French Polynesia","PYF",2026,1,2026-01-01,NA,NA
"1454","French Polynesia","PYF",2026,2,2026-02-01,NA,NA
"1455","French Polynesia","PYF",2026,3,2026-03-01,NA,NA
"1456","French Polynesia","PYF",2026,4,2026-04-01,NA,NA
"1457","French Polynesia","PYF",2026,5,2026-05-01,NA,NA
"1458","French Polynesia","PYF",2026,6,2026-06-01,NA,NA
"1459","French Polynesia","PYF",2026,7,2026-07-01,NA,NA
"1460","French Polynesia","PYF",2026,8,2026-08-01,NA,NA
"1461","French Polynesia","PYF",2026,9,2026-09-01,NA,NA
"1462","French Polynesia","PYF",2026,10,2026-10-01,NA,NA
"1463","French Polynesia","PYF",2026,11,2026-11-01,NA,NA
"1464","French Polynesia","PYF",2026,12,2026-12-01,NA,NA
"1465","Gabon","GAB",2025,1,2025-01-01,0,"WHO"
"1466","Gabon","GAB",2025,2,2025-02-01,0,"WHO"
"1467","Gabon","GAB",2025,3,2025-03-01,0,"WHO"
"1468","Gabon","GAB",2025,4,2025-04-01,0,"WHO"
"1469","Gabon","GAB",2025,5,2025-05-01,0,"WHO"
"1470","Gabon","GAB",2025,6,2025-06-01,0,"WHO"
"1471","Gabon","GAB",2025,7,2025-07-01,0,"WHO"
"1472","Gabon","GAB",2025,8,2025-08-01,0,"WHO"
"1473","Gabon","GAB",2025,9,2025-09-01,0,"WHO"
"1474","Gabon","GAB",2025,10,2025-10-01,0,"WHO"
"1475","Gabon","GAB",2025,11,2025-11-01,0,"WHO"
"1476","Gabon","GAB",2025,12,2025-12-01,0,"WHO"
"1477","Gabon","GAB",2026,1,2026-01-01,0,"WHO"
"1478","Gabon","GAB",2026,2,2026-02-01,NA,NA
"1479","Gabon","GAB",2026,3,2026-03-01,NA,NA
"1480","Gabon","GAB",2026,4,2026-04-01,NA,NA
"1481","Gabon","GAB",2026,5,2026-05-01,NA,NA
"1482","Gabon","GAB",2026,6,2026-06-01,NA,NA
"1483","Gabon","GAB",2026,7,2026-07-01,NA,NA
"1484","Gabon","GAB",2026,8,2026-08-01,NA,NA
"1485","Gabon","GAB",2026,9,2026-09-01,NA,NA
"1486","Gabon","GAB",2026,10,2026-10-01,NA,NA
"1487","Gabon","GAB",2026,11,2026-11-01,NA,NA
"1488","Gabon","GAB",2026,12,2026-12-01,NA,NA
"1489","Gambia","GMB",2025,1,2025-01-01,NA,NA
"1490","Gambia","GMB",2025,2,2025-02-01,0,"WHO"
"1491","Gambia","GMB",2025,3,2025-03-01,0,"WHO"
"1492","Gambia","GMB",2025,4,2025-04-01,0,"WHO"
"1493","Gambia","GMB",2025,5,2025-05-01,0,"WHO"
"1494","Gambia","GMB",2025,6,2025-06-01,0,"WHO"
"1495","Gambia","GMB",2025,7,2025-07-01,0,"WHO"
"1496","Gambia","GMB",2025,8,2025-08-01,NA,NA
"1497","Gambia","GMB",2025,9,2025-09-01,0,"WHO"
"1498","Gambia","GMB",2025,10,2025-10-01,0,"WHO"
"1499","Gambia","GMB",2025,11,2025-11-01,0,"WHO"
"1500","Gambia","GMB",2025,12,2025-12-01,NA,NA
"1501","Gambia","GMB",2026,1,2026-01-01,NA,NA
"1502","Gambia","GMB",2026,2,2026-02-01,NA,NA
"1503","Gambia","GMB",2026,3,2026-03-01,NA,NA
"1504","Gambia","GMB",2026,4,2026-04-01,NA,NA
"1505","Gambia","GMB",2026,5,2026-05-01,NA,NA
"1506","Gambia","GMB",2026,6,2026-06-01,NA,NA
"1507","Gambia","GMB",2026,7,2026-07-01,NA,NA
"1508","Gambia","GMB",2026,8,2026-08-01,NA,NA
"1509","Gambia","GMB",2026,9,2026-09-01,NA,NA
"1510","Gambia","GMB",2026,10,2026-10-01,NA,NA
"1511","Gambia","GMB",2026,11,2026-11-01,NA,NA
"1512","Gambia","GMB",2026,12,2026-12-01,NA,NA
"1513","Georgia","GEO",2025,1,2025-01-01,0,"WHO"
"1514","Georgia","GEO",2025,2,2025-02-01,0,"WHO"
"1515","Georgia","GEO",2025,3,2025-03-01,0,"WHO"
"1516","Georgia","GEO",2025,4,2025-04-01,0,"WHO"
"1517","Georgia","GEO",2025,5,2025-05-01,0,"WHO"
"1518","Georgia","GEO",2025,6,2025-06-01,0,"WHO"
"1519","Georgia","GEO",2025,7,2025-07-01,0,"WHO"
"1520","Georgia","GEO",2025,8,2025-08-01,0,"WHO"
"1521","Georgia","GEO",2025,9,2025-09-01,0,"WHO"
"1522","Georgia","GEO",2025,10,2025-10-01,0,"WHO"
"1523","Georgia","GEO",2025,11,2025-11-01,0,"WHO"
"1524","Georgia","GEO",2025,12,2025-12-01,0,"WHO"
"1525","Georgia","GEO",2026,1,2026-01-01,0,"WHO"
"1526","Georgia","GEO",2026,2,2026-02-01,NA,NA
"1527","Georgia","GEO",2026,3,2026-03-01,NA,NA
"1528","Georgia","GEO",2026,4,2026-04-01,NA,NA
"1529","Georgia","GEO",2026,5,2026-05-01,NA,NA
"1530","Georgia","GEO",2026,6,2026-06-01,NA,NA
"1531","Georgia","GEO",2026,7,2026-07-01,NA,NA
"1532","Georgia","GEO",2026,8,2026-08-01,NA,NA
"1533","Georgia","GEO",2026,9,2026-09-01,NA,NA
"1534","Georgia","GEO",2026,10,2026-10-01,NA,NA
"1535","Georgia","GEO",2026,11,2026-11-01,NA,NA
"1536","Georgia","GEO",2026,12,2026-12-01,NA,NA
"1537","Germany","DEU",2025,1,2025-01-01,0,"WHO"
"1538","Germany","DEU",2025,2,2025-02-01,0,"WHO"
"1539","Germany","DEU",2025,3,2025-03-01,0,"WHO"
"1540","Germany","DEU",2025,4,2025-04-01,0,"WHO"
"1541","Germany","DEU",2025,5,2025-05-01,0,"WHO"
"1542","Germany","DEU",2025,6,2025-06-01,0,"WHO"
"1543","Germany","DEU",2025,7,2025-07-01,0,"WHO"
"1544","Germany","DEU",2025,8,2025-08-01,0,"WHO"
"1545","Germany","DEU",2025,9,2025-09-01,0,"WHO"
"1546","Germany","DEU",2025,10,2025-10-01,0,"WHO"
"1547","Germany","DEU",2025,11,2025-11-01,0,"WHO"
"1548","Germany","DEU",2025,12,2025-12-01,0,"WHO"
"1549","Germany","DEU",2026,1,2026-01-01,0,"WHO"
"1550","Germany","DEU",2026,2,2026-02-01,NA,NA
"1551","Germany","DEU",2026,3,2026-03-01,NA,NA
"1552","Germany","DEU",2026,4,2026-04-01,NA,NA
"1553","Germany","DEU",2026,5,2026-05-01,NA,NA
"1554","Germany","DEU",2026,6,2026-06-01,NA,NA
"1555","Germany","DEU",2026,7,2026-07-01,NA,NA
"1556","Germany","DEU",2026,8,2026-08-01,NA,NA
"1557","Germany","DEU",2026,9,2026-09-01,NA,NA
"1558","Germany","DEU",2026,10,2026-10-01,NA,NA
"1559","Germany","DEU",2026,11,2026-11-01,NA,NA
"1560","Germany","DEU",2026,12,2026-12-01,NA,NA
"1561","Ghana","GHA",2025,1,2025-01-01,0,"WHO"
"1562","Ghana","GHA",2025,2,2025-02-01,2,"WHO"
"1563","Ghana","GHA",2025,3,2025-03-01,0,"WHO"
"1564","Ghana","GHA",2025,4,2025-04-01,0,"WHO"
"1565","Ghana","GHA",2025,5,2025-05-01,0,"WHO"
"1566","Ghana","GHA",2025,6,2025-06-01,4,"WHO"
"1567","Ghana","GHA",2025,7,2025-07-01,2,"WHO"
"1568","Ghana","GHA",2025,8,2025-08-01,3,"WHO"
"1569","Ghana","GHA",2025,9,2025-09-01,0,"WHO"
"1570","Ghana","GHA",2025,10,2025-10-01,4,"WHO"
"1571","Ghana","GHA",2025,11,2025-11-01,0,"WHO"
"1572","Ghana","GHA",2025,12,2025-12-01,5,"WHO"
"1573","Ghana","GHA",2026,1,2026-01-01,1,"WHO"
"1574","Ghana","GHA",2026,2,2026-02-01,NA,NA
"1575","Ghana","GHA",2026,3,2026-03-01,NA,NA
"1576","Ghana","GHA",2026,4,2026-04-01,NA,NA
"1577","Ghana","GHA",2026,5,2026-05-01,NA,NA
"1578","Ghana","GHA",2026,6,2026-06-01,NA,NA
"1579","Ghana","GHA",2026,7,2026-07-01,NA,NA
"1580","Ghana","GHA",2026,8,2026-08-01,NA,NA
"1581","Ghana","GHA",2026,9,2026-09-01,NA,NA
"1582","Ghana","GHA",2026,10,2026-10-01,NA,NA
"1583","Ghana","GHA",2026,11,2026-11-01,NA,NA
"1584","Ghana","GHA",2026,12,2026-12-01,NA,NA
"1585","Greece","GRC",2025,1,2025-01-01,0,"WHO"
"1586","Greece","GRC",2025,2,2025-02-01,0,"WHO"
"1587","Greece","GRC",2025,3,2025-03-01,0,"WHO"
"1588","Greece","GRC",2025,4,2025-04-01,0,"WHO"
"1589","Greece","GRC",2025,5,2025-05-01,0,"WHO"
"1590","Greece","GRC",2025,6,2025-06-01,0,"WHO"
"1591","Greece","GRC",2025,7,2025-07-01,0,"WHO"
"1592","Greece","GRC",2025,8,2025-08-01,0,"WHO"
"1593","Greece","GRC",2025,9,2025-09-01,0,"WHO"
"1594","Greece","GRC",2025,10,2025-10-01,0,"WHO"
"1595","Greece","GRC",2025,11,2025-11-01,0,"WHO"
"1596","Greece","GRC",2025,12,2025-12-01,0,"WHO"
"1597","Greece","GRC",2026,1,2026-01-01,0,"WHO"
"1598","Greece","GRC",2026,2,2026-02-01,NA,NA
"1599","Greece","GRC",2026,3,2026-03-01,NA,NA
"1600","Greece","GRC",2026,4,2026-04-01,NA,NA
"1601","Greece","GRC",2026,5,2026-05-01,NA,NA
"1602","Greece","GRC",2026,6,2026-06-01,NA,NA
"1603","Greece","GRC",2026,7,2026-07-01,NA,NA
"1604","Greece","GRC",2026,8,2026-08-01,NA,NA
"1605","Greece","GRC",2026,9,2026-09-01,NA,NA
"1606","Greece","GRC",2026,10,2026-10-01,NA,NA
"1607","Greece","GRC",2026,11,2026-11-01,NA,NA
"1608","Greece","GRC",2026,12,2026-12-01,NA,NA
"1609","Grenada","GRD",2025,1,2025-01-01,16,"PAHO"
"1610","Grenada","GRD",2025,2,2025-02-01,16,"PAHO"
"1611","Grenada","GRD",2025,3,2025-03-01,24,"PAHO"
"1612","Grenada","GRD",2025,4,2025-04-01,16,"PAHO"
"1613","Grenada","GRD",2025,5,2025-05-01,7,"PAHO"
"1614","Grenada","GRD",2025,6,2025-06-01,12,"PAHO"
"1615","Grenada","GRD",2025,7,2025-07-01,15,"PAHO"
"1616","Grenada","GRD",2025,8,2025-08-01,18,"PAHO"
"1617","Grenada","GRD",2025,9,2025-09-01,20,"PAHO"
"1618","Grenada","GRD",2025,10,2025-10-01,21,"PAHO"
"1619","Grenada","GRD",2025,11,2025-11-01,32,"PAHO"
"1620","Grenada","GRD",2025,12,2025-12-01,63,"PAHO"
"1621","Grenada","GRD",2026,1,2026-01-01,25,"PAHO"
"1622","Grenada","GRD",2026,2,2026-02-01,12,"PAHO"
"1623","Grenada","GRD",2026,3,2026-03-01,NA,NA
"1624","Grenada","GRD",2026,4,2026-04-01,NA,NA
"1625","Grenada","GRD",2026,5,2026-05-01,NA,NA
"1626","Grenada","GRD",2026,6,2026-06-01,NA,NA
"1627","Grenada","GRD",2026,7,2026-07-01,NA,NA
"1628","Grenada","GRD",2026,8,2026-08-01,NA,NA
"1629","Grenada","GRD",2026,9,2026-09-01,NA,NA
"1630","Grenada","GRD",2026,10,2026-10-01,NA,NA
"1631","Grenada","GRD",2026,11,2026-11-01,NA,NA
"1632","Grenada","GRD",2026,12,2026-12-01,NA,NA
"1633","Guadeloupe","GLP",2025,1,2025-01-01,2220,"PAHO"
"1634","Guadeloupe","GLP",2025,2,2025-02-01,970,"PAHO"
"1635","Guadeloupe","GLP",2025,3,2025-03-01,970,"PAHO"
"1636","Guadeloupe","GLP",2025,4,2025-04-01,0,"WHO"
"1637","Guadeloupe","GLP",2025,5,2025-05-01,210,"PAHO"
"1638","Guadeloupe","GLP",2025,6,2025-06-01,265,"PAHO"
"1639","Guadeloupe","GLP",2025,7,2025-07-01,NA,"PAHO"
"1640","Guadeloupe","GLP",2025,8,2025-08-01,NA,"PAHO"
"1641","Guadeloupe","GLP",2025,9,2025-09-01,155,"WHO"
"1642","Guadeloupe","GLP",2025,10,2025-10-01,NA,"PAHO"
"1643","Guadeloupe","GLP",2025,11,2025-11-01,84,"WHO"
"1644","Guadeloupe","GLP",2025,12,2025-12-01,340,"PAHO"
"1645","Guadeloupe","GLP",2026,1,2026-01-01,102,"PAHO"
"1646","Guadeloupe","GLP",2026,2,2026-02-01,35,"PAHO"
"1647","Guadeloupe","GLP",2026,3,2026-03-01,NA,NA
"1648","Guadeloupe","GLP",2026,4,2026-04-01,NA,NA
"1649","Guadeloupe","GLP",2026,5,2026-05-01,NA,NA
"1650","Guadeloupe","GLP",2026,6,2026-06-01,NA,NA
"1651","Guadeloupe","GLP",2026,7,2026-07-01,NA,NA
"1652","Guadeloupe","GLP",2026,8,2026-08-01,NA,NA
"1653","Guadeloupe","GLP",2026,9,2026-09-01,NA,NA
"1654","Guadeloupe","GLP",2026,10,2026-10-01,NA,NA
"1655","Guadeloupe","GLP",2026,11,2026-11-01,NA,NA
"1656","Guadeloupe","GLP",2026,12,2026-12-01,NA,NA
"1657","Guam","GUM",2025,1,2025-01-01,0,"WHO"
"1658","Guam","GUM",2025,2,2025-02-01,0,"WHO"
"1659","Guam","GUM",2025,3,2025-03-01,1,"WHO"
"1660","Guam","GUM",2025,4,2025-04-01,0,"WHO"
"1661","Guam","GUM",2025,5,2025-05-01,0,"WHO"
"1662","Guam","GUM",2025,6,2025-06-01,0,"WHO"
"1663","Guam","GUM",2025,7,2025-07-01,0,"WHO"
"1664","Guam","GUM",2025,8,2025-08-01,1,"WHO"
"1665","Guam","GUM",2025,9,2025-09-01,0,"WHO"
"1666","Guam","GUM",2025,10,2025-10-01,0,"WHO"
"1667","Guam","GUM",2025,11,2025-11-01,0,"WHO"
"1668","Guam","GUM",2025,12,2025-12-01,0,"WHO"
"1669","Guam","GUM",2026,1,2026-01-01,NA,NA
"1670","Guam","GUM",2026,2,2026-02-01,NA,NA
"1671","Guam","GUM",2026,3,2026-03-01,NA,NA
"1672","Guam","GUM",2026,4,2026-04-01,NA,NA
"1673","Guam","GUM",2026,5,2026-05-01,NA,NA
"1674","Guam","GUM",2026,6,2026-06-01,NA,NA
"1675","Guam","GUM",2026,7,2026-07-01,NA,NA
"1676","Guam","GUM",2026,8,2026-08-01,NA,NA
"1677","Guam","GUM",2026,9,2026-09-01,NA,NA
"1678","Guam","GUM",2026,10,2026-10-01,NA,NA
"1679","Guam","GUM",2026,11,2026-11-01,NA,NA
"1680","Guam","GUM",2026,12,2026-12-01,NA,NA
"1681","Guatemala","GTM",2025,1,2025-01-01,4342,"PAHO"
"1682","Guatemala","GTM",2025,2,2025-02-01,3502,"PAHO"
"1683","Guatemala","GTM",2025,3,2025-03-01,5449,"PAHO"
"1684","Guatemala","GTM",2025,4,2025-04-01,3995,"PAHO"
"1685","Guatemala","GTM",2025,5,2025-05-01,4924,"PAHO"
"1686","Guatemala","GTM",2025,6,2025-06-01,5885,"PAHO"
"1687","Guatemala","GTM",2025,7,2025-07-01,4076,"PAHO"
"1688","Guatemala","GTM",2025,8,2025-08-01,3747,"PAHO"
"1689","Guatemala","GTM",2025,9,2025-09-01,4381,"PAHO"
"1690","Guatemala","GTM",2025,10,2025-10-01,3361,"PAHO"
"1691","Guatemala","GTM",2025,11,2025-11-01,2815,"PAHO"
"1692","Guatemala","GTM",2025,12,2025-12-01,2650,"PAHO"
"1693","Guatemala","GTM",2026,1,2026-01-01,1358,"PAHO"
"1694","Guatemala","GTM",2026,2,2026-02-01,914,"PAHO"
"1695","Guatemala","GTM",2026,3,2026-03-01,NA,NA
"1696","Guatemala","GTM",2026,4,2026-04-01,NA,NA
"1697","Guatemala","GTM",2026,5,2026-05-01,NA,NA
"1698","Guatemala","GTM",2026,6,2026-06-01,NA,NA
"1699","Guatemala","GTM",2026,7,2026-07-01,NA,NA
"1700","Guatemala","GTM",2026,8,2026-08-01,NA,NA
"1701","Guatemala","GTM",2026,9,2026-09-01,NA,NA
"1702","Guatemala","GTM",2026,10,2026-10-01,NA,NA
"1703","Guatemala","GTM",2026,11,2026-11-01,NA,NA
"1704","Guatemala","GTM",2026,12,2026-12-01,NA,NA
"1705","Guinea-Bissau","GNB",2025,1,2025-01-01,0,"WHO"
"1706","Guinea-Bissau","GNB",2025,2,2025-02-01,0,"WHO"
"1707","Guinea-Bissau","GNB",2025,3,2025-03-01,0,"WHO"
"1708","Guinea-Bissau","GNB",2025,4,2025-04-01,0,"WHO"
"1709","Guinea-Bissau","GNB",2025,5,2025-05-01,0,"WHO"
"1710","Guinea-Bissau","GNB",2025,6,2025-06-01,0,"WHO"
"1711","Guinea-Bissau","GNB",2025,7,2025-07-01,0,"WHO"
"1712","Guinea-Bissau","GNB",2025,8,2025-08-01,0,"WHO"
"1713","Guinea-Bissau","GNB",2025,9,2025-09-01,0,"WHO"
"1714","Guinea-Bissau","GNB",2025,10,2025-10-01,0,"WHO"
"1715","Guinea-Bissau","GNB",2025,11,2025-11-01,NA,NA
"1716","Guinea-Bissau","GNB",2025,12,2025-12-01,NA,NA
"1717","Guinea-Bissau","GNB",2026,1,2026-01-01,NA,NA
"1718","Guinea-Bissau","GNB",2026,2,2026-02-01,NA,NA
"1719","Guinea-Bissau","GNB",2026,3,2026-03-01,NA,NA
"1720","Guinea-Bissau","GNB",2026,4,2026-04-01,NA,NA
"1721","Guinea-Bissau","GNB",2026,5,2026-05-01,NA,NA
"1722","Guinea-Bissau","GNB",2026,6,2026-06-01,NA,NA
"1723","Guinea-Bissau","GNB",2026,7,2026-07-01,NA,NA
"1724","Guinea-Bissau","GNB",2026,8,2026-08-01,NA,NA
"1725","Guinea-Bissau","GNB",2026,9,2026-09-01,NA,NA
"1726","Guinea-Bissau","GNB",2026,10,2026-10-01,NA,NA
"1727","Guinea-Bissau","GNB",2026,11,2026-11-01,NA,NA
"1728","Guinea-Bissau","GNB",2026,12,2026-12-01,NA,NA
"1729","Guyana","GUY",2025,1,2025-01-01,5033,"PAHO"
"1730","Guyana","GUY",2025,2,2025-02-01,4229,"PAHO"
"1731","Guyana","GUY",2025,3,2025-03-01,6799,"PAHO"
"1732","Guyana","GUY",2025,4,2025-04-01,3800,"PAHO"
"1733","Guyana","GUY",2025,5,2025-05-01,8305,"PAHO"
"1734","Guyana","GUY",2025,6,2025-06-01,10602,"PAHO"
"1735","Guyana","GUY",2025,7,2025-07-01,5363,"PAHO"
"1736","Guyana","GUY",2025,8,2025-08-01,4582,"PAHO"
"1737","Guyana","GUY",2025,9,2025-09-01,6071,"PAHO"
"1738","Guyana","GUY",2025,10,2025-10-01,5059,"PAHO"
"1739","Guyana","GUY",2025,11,2025-11-01,11167,"PAHO"
"1740","Guyana","GUY",2025,12,2025-12-01,21944,"PAHO"
"1741","Guyana","GUY",2026,1,2026-01-01,12344,"PAHO"
"1742","Guyana","GUY",2026,2,2026-02-01,NA,NA
"1743","Guyana","GUY",2026,3,2026-03-01,NA,NA
"1744","Guyana","GUY",2026,4,2026-04-01,NA,NA
"1745","Guyana","GUY",2026,5,2026-05-01,NA,NA
"1746","Guyana","GUY",2026,6,2026-06-01,NA,NA
"1747","Guyana","GUY",2026,7,2026-07-01,NA,NA
"1748","Guyana","GUY",2026,8,2026-08-01,NA,NA
"1749","Guyana","GUY",2026,9,2026-09-01,NA,NA
"1750","Guyana","GUY",2026,10,2026-10-01,NA,NA
"1751","Guyana","GUY",2026,11,2026-11-01,NA,NA
"1752","Guyana","GUY",2026,12,2026-12-01,NA,NA
"1753","Haiti","HTI",2025,1,2025-01-01,NA,"WHO"
"1754","Haiti","HTI",2025,2,2025-02-01,NA,"WHO"
"1755","Haiti","HTI",2025,3,2025-03-01,NA,"WHO"
"1756","Haiti","HTI",2025,4,2025-04-01,NA,"WHO"
"1757","Haiti","HTI",2025,5,2025-05-01,NA,"WHO"
"1758","Haiti","HTI",2025,6,2025-06-01,NA,"WHO"
"1759","Haiti","HTI",2025,7,2025-07-01,NA,"WHO"
"1760","Haiti","HTI",2025,8,2025-08-01,NA,"WHO"
"1761","Haiti","HTI",2025,9,2025-09-01,NA,"WHO"
"1762","Haiti","HTI",2025,10,2025-10-01,NA,"WHO"
"1763","Haiti","HTI",2025,11,2025-11-01,NA,"WHO"
"1764","Haiti","HTI",2025,12,2025-12-01,NA,"WHO"
"1765","Haiti","HTI",2026,1,2026-01-01,NA,"WHO"
"1766","Haiti","HTI",2026,2,2026-02-01,NA,NA
"1767","Haiti","HTI",2026,3,2026-03-01,NA,NA
"1768","Haiti","HTI",2026,4,2026-04-01,NA,NA
"1769","Haiti","HTI",2026,5,2026-05-01,NA,NA
"1770","Haiti","HTI",2026,6,2026-06-01,NA,NA
"1771","Haiti","HTI",2026,7,2026-07-01,NA,NA
"1772","Haiti","HTI",2026,8,2026-08-01,NA,NA
"1773","Haiti","HTI",2026,9,2026-09-01,NA,NA
"1774","Haiti","HTI",2026,10,2026-10-01,NA,NA
"1775","Haiti","HTI",2026,11,2026-11-01,NA,NA
"1776","Haiti","HTI",2026,12,2026-12-01,NA,NA
"1777","Honduras","HND",2025,1,2025-01-01,1434,"PAHO"
"1778","Honduras","HND",2025,2,2025-02-01,1274,"PAHO"
"1779","Honduras","HND",2025,3,2025-03-01,2134,"PAHO"
"1780","Honduras","HND",2025,4,2025-04-01,1467,"PAHO"
"1781","Honduras","HND",2025,5,2025-05-01,1678,"PAHO"
"1782","Honduras","HND",2025,6,2025-06-01,1835,"PAHO"
"1783","Honduras","HND",2025,7,2025-07-01,1424,"PAHO"
"1784","Honduras","HND",2025,8,2025-08-01,1222,"PAHO"
"1785","Honduras","HND",2025,9,2025-09-01,1176,"PAHO"
"1786","Honduras","HND",2025,10,2025-10-01,1216,"PAHO"
"1787","Honduras","HND",2025,11,2025-11-01,1235,"PAHO"
"1788","Honduras","HND",2025,12,2025-12-01,1274,"PAHO"
"1789","Honduras","HND",2026,1,2026-01-01,1080,"PAHO"
"1790","Honduras","HND",2026,2,2026-02-01,411,"PAHO"
"1791","Honduras","HND",2026,3,2026-03-01,NA,NA
"1792","Honduras","HND",2026,4,2026-04-01,NA,NA
"1793","Honduras","HND",2026,5,2026-05-01,NA,NA
"1794","Honduras","HND",2026,6,2026-06-01,NA,NA
"1795","Honduras","HND",2026,7,2026-07-01,NA,NA
"1796","Honduras","HND",2026,8,2026-08-01,NA,NA
"1797","Honduras","HND",2026,9,2026-09-01,NA,NA
"1798","Honduras","HND",2026,10,2026-10-01,NA,NA
"1799","Honduras","HND",2026,11,2026-11-01,NA,NA
"1800","Honduras","HND",2026,12,2026-12-01,NA,NA
"1801","Hungary","HUN",2025,1,2025-01-01,0,"WHO"
"1802","Hungary","HUN",2025,2,2025-02-01,0,"WHO"
"1803","Hungary","HUN",2025,3,2025-03-01,0,"WHO"
"1804","Hungary","HUN",2025,4,2025-04-01,0,"WHO"
"1805","Hungary","HUN",2025,5,2025-05-01,0,"WHO"
"1806","Hungary","HUN",2025,6,2025-06-01,0,"WHO"
"1807","Hungary","HUN",2025,7,2025-07-01,0,"WHO"
"1808","Hungary","HUN",2025,8,2025-08-01,0,"WHO"
"1809","Hungary","HUN",2025,9,2025-09-01,0,"WHO"
"1810","Hungary","HUN",2025,10,2025-10-01,0,"WHO"
"1811","Hungary","HUN",2025,11,2025-11-01,0,"WHO"
"1812","Hungary","HUN",2025,12,2025-12-01,0,"WHO"
"1813","Hungary","HUN",2026,1,2026-01-01,0,"WHO"
"1814","Hungary","HUN",2026,2,2026-02-01,NA,NA
"1815","Hungary","HUN",2026,3,2026-03-01,NA,NA
"1816","Hungary","HUN",2026,4,2026-04-01,NA,NA
"1817","Hungary","HUN",2026,5,2026-05-01,NA,NA
"1818","Hungary","HUN",2026,6,2026-06-01,NA,NA
"1819","Hungary","HUN",2026,7,2026-07-01,NA,NA
"1820","Hungary","HUN",2026,8,2026-08-01,NA,NA
"1821","Hungary","HUN",2026,9,2026-09-01,NA,NA
"1822","Hungary","HUN",2026,10,2026-10-01,NA,NA
"1823","Hungary","HUN",2026,11,2026-11-01,NA,NA
"1824","Hungary","HUN",2026,12,2026-12-01,NA,NA
"1825","Iceland","ISL",2025,1,2025-01-01,0,"WHO"
"1826","Iceland","ISL",2025,2,2025-02-01,0,"WHO"
"1827","Iceland","ISL",2025,3,2025-03-01,0,"WHO"
"1828","Iceland","ISL",2025,4,2025-04-01,0,"WHO"
"1829","Iceland","ISL",2025,5,2025-05-01,0,"WHO"
"1830","Iceland","ISL",2025,6,2025-06-01,0,"WHO"
"1831","Iceland","ISL",2025,7,2025-07-01,0,"WHO"
"1832","Iceland","ISL",2025,8,2025-08-01,0,"WHO"
"1833","Iceland","ISL",2025,9,2025-09-01,0,"WHO"
"1834","Iceland","ISL",2025,10,2025-10-01,0,"WHO"
"1835","Iceland","ISL",2025,11,2025-11-01,0,"WHO"
"1836","Iceland","ISL",2025,12,2025-12-01,0,"WHO"
"1837","Iceland","ISL",2026,1,2026-01-01,0,"WHO"
"1838","Iceland","ISL",2026,2,2026-02-01,NA,NA
"1839","Iceland","ISL",2026,3,2026-03-01,NA,NA
"1840","Iceland","ISL",2026,4,2026-04-01,NA,NA
"1841","Iceland","ISL",2026,5,2026-05-01,NA,NA
"1842","Iceland","ISL",2026,6,2026-06-01,NA,NA
"1843","Iceland","ISL",2026,7,2026-07-01,NA,NA
"1844","Iceland","ISL",2026,8,2026-08-01,NA,NA
"1845","Iceland","ISL",2026,9,2026-09-01,NA,NA
"1846","Iceland","ISL",2026,10,2026-10-01,NA,NA
"1847","Iceland","ISL",2026,11,2026-11-01,NA,NA
"1848","Iceland","ISL",2026,12,2026-12-01,NA,NA
"1849","India","IND",2025,1,2025-01-01,4700,"SEARO"
"1850","India","IND",2025,2,2025-02-01,3806,"SEARO"
"1851","India","IND",2025,3,2025-03-01,3517,"SEARO"
"1852","India","IND",2025,4,2025-04-01,2700,"SEARO"
"1853","India","IND",2025,5,2025-05-01,3766,"SEARO"
"1854","India","IND",2025,6,2025-06-01,6459,"SEARO"
"1855","India","IND",2025,7,2025-07-01,10302,"SEARO"
"1856","India","IND",2025,8,2025-08-01,14303,"SEARO"
"1857","India","IND",2025,9,2025-09-01,18803,"SEARO"
"1858","India","IND",2025,10,2025-10-01,22659,"SEARO"
"1859","India","IND",2025,11,2025-11-01,22175,"SEARO"
"1860","India","IND",2025,12,2025-12-01,7539,"SEARO"
"1861","India","IND",2026,1,2026-01-01,3544,"SEARO"
"1862","India","IND",2026,2,2026-02-01,3019,"SEARO"
"1863","India","IND",2026,3,2026-03-01,0,"SEARO"
"1864","India","IND",2026,4,2026-04-01,0,"SEARO"
"1865","India","IND",2026,5,2026-05-01,0,"SEARO"
"1866","India","IND",2026,6,2026-06-01,0,"SEARO"
"1867","India","IND",2026,7,2026-07-01,0,"SEARO"
"1868","India","IND",2026,8,2026-08-01,0,"SEARO"
"1869","India","IND",2026,9,2026-09-01,0,"SEARO"
"1870","India","IND",2026,10,2026-10-01,0,"SEARO"
"1871","India","IND",2026,11,2026-11-01,0,"SEARO"
"1872","India","IND",2026,12,2026-12-01,0,"SEARO"
"1873","Iran","IRN",2025,1,2025-01-01,93,"WHO"
"1874","Iran","IRN",2025,2,2025-02-01,22,"WHO"
"1875","Iran","IRN",2025,3,2025-03-01,10,"WHO"
"1876","Iran","IRN",2025,4,2025-04-01,12,"WHO"
"1877","Iran","IRN",2025,5,2025-05-01,57,"WHO"
"1878","Iran","IRN",2025,6,2025-06-01,128,"WHO"
"1879","Iran","IRN",2025,7,2025-07-01,84,"WHO"
"1880","Iran","IRN",2025,8,2025-08-01,42,"WHO"
"1881","Iran","IRN",2025,9,2025-09-01,NA,NA
"1882","Iran","IRN",2025,10,2025-10-01,NA,NA
"1883","Iran","IRN",2025,11,2025-11-01,NA,NA
"1884","Iran","IRN",2025,12,2025-12-01,NA,NA
"1885","Iran","IRN",2026,1,2026-01-01,NA,NA
"1886","Iran","IRN",2026,2,2026-02-01,NA,NA
"1887","Iran","IRN",2026,3,2026-03-01,NA,NA
"1888","Iran","IRN",2026,4,2026-04-01,NA,NA
"1889","Iran","IRN",2026,5,2026-05-01,NA,NA
"1890","Iran","IRN",2026,6,2026-06-01,NA,NA
"1891","Iran","IRN",2026,7,2026-07-01,NA,NA
"1892","Iran","IRN",2026,8,2026-08-01,NA,NA
"1893","Iran","IRN",2026,9,2026-09-01,NA,NA
"1894","Iran","IRN",2026,10,2026-10-01,NA,NA
"1895","Iran","IRN",2026,11,2026-11-01,NA,NA
"1896","Iran","IRN",2026,12,2026-12-01,NA,NA
"1897","Ireland","IRL",2025,1,2025-01-01,0,"WHO"
"1898","Ireland","IRL",2025,2,2025-02-01,0,"WHO"
"1899","Ireland","IRL",2025,3,2025-03-01,0,"WHO"
"1900","Ireland","IRL",2025,4,2025-04-01,0,"WHO"
"1901","Ireland","IRL",2025,5,2025-05-01,0,"WHO"
"1902","Ireland","IRL",2025,6,2025-06-01,0,"WHO"
"1903","Ireland","IRL",2025,7,2025-07-01,0,"WHO"
"1904","Ireland","IRL",2025,8,2025-08-01,0,"WHO"
"1905","Ireland","IRL",2025,9,2025-09-01,0,"WHO"
"1906","Ireland","IRL",2025,10,2025-10-01,0,"WHO"
"1907","Ireland","IRL",2025,11,2025-11-01,0,"WHO"
"1908","Ireland","IRL",2025,12,2025-12-01,0,"WHO"
"1909","Ireland","IRL",2026,1,2026-01-01,0,"WHO"
"1910","Ireland","IRL",2026,2,2026-02-01,NA,NA
"1911","Ireland","IRL",2026,3,2026-03-01,NA,NA
"1912","Ireland","IRL",2026,4,2026-04-01,NA,NA
"1913","Ireland","IRL",2026,5,2026-05-01,NA,NA
"1914","Ireland","IRL",2026,6,2026-06-01,NA,NA
"1915","Ireland","IRL",2026,7,2026-07-01,NA,NA
"1916","Ireland","IRL",2026,8,2026-08-01,NA,NA
"1917","Ireland","IRL",2026,9,2026-09-01,NA,NA
"1918","Ireland","IRL",2026,10,2026-10-01,NA,NA
"1919","Ireland","IRL",2026,11,2026-11-01,NA,NA
"1920","Ireland","IRL",2026,12,2026-12-01,NA,NA
"1921","Israel","ISR",2025,1,2025-01-01,0,"WHO"
"1922","Israel","ISR",2025,2,2025-02-01,0,"WHO"
"1923","Israel","ISR",2025,3,2025-03-01,0,"WHO"
"1924","Israel","ISR",2025,4,2025-04-01,0,"WHO"
"1925","Israel","ISR",2025,5,2025-05-01,0,"WHO"
"1926","Israel","ISR",2025,6,2025-06-01,0,"WHO"
"1927","Israel","ISR",2025,7,2025-07-01,0,"WHO"
"1928","Israel","ISR",2025,8,2025-08-01,0,"WHO"
"1929","Israel","ISR",2025,9,2025-09-01,0,"WHO"
"1930","Israel","ISR",2025,10,2025-10-01,0,"WHO"
"1931","Israel","ISR",2025,11,2025-11-01,0,"WHO"
"1932","Israel","ISR",2025,12,2025-12-01,0,"WHO"
"1933","Israel","ISR",2026,1,2026-01-01,0,"WHO"
"1934","Israel","ISR",2026,2,2026-02-01,NA,NA
"1935","Israel","ISR",2026,3,2026-03-01,NA,NA
"1936","Israel","ISR",2026,4,2026-04-01,NA,NA
"1937","Israel","ISR",2026,5,2026-05-01,NA,NA
"1938","Israel","ISR",2026,6,2026-06-01,NA,NA
"1939","Israel","ISR",2026,7,2026-07-01,NA,NA
"1940","Israel","ISR",2026,8,2026-08-01,NA,NA
"1941","Israel","ISR",2026,9,2026-09-01,NA,NA
"1942","Israel","ISR",2026,10,2026-10-01,NA,NA
"1943","Israel","ISR",2026,11,2026-11-01,NA,NA
"1944","Israel","ISR",2026,12,2026-12-01,NA,NA
"1945","Italy","ITA",2025,1,2025-01-01,0,"WHO"
"1946","Italy","ITA",2025,2,2025-02-01,0,"WHO"
"1947","Italy","ITA",2025,3,2025-03-01,0,"WHO"
"1948","Italy","ITA",2025,4,2025-04-01,0,"WHO"
"1949","Italy","ITA",2025,5,2025-05-01,0,"WHO"
"1950","Italy","ITA",2025,6,2025-06-01,0,"WHO"
"1951","Italy","ITA",2025,7,2025-07-01,4,"WHO"
"1952","Italy","ITA",2025,8,2025-08-01,0,"WHO"
"1953","Italy","ITA",2025,9,2025-09-01,0,"WHO"
"1954","Italy","ITA",2025,10,2025-10-01,0,"WHO"
"1955","Italy","ITA",2025,11,2025-11-01,0,"WHO"
"1956","Italy","ITA",2025,12,2025-12-01,0,"WHO"
"1957","Italy","ITA",2026,1,2026-01-01,0,"WHO"
"1958","Italy","ITA",2026,2,2026-02-01,NA,NA
"1959","Italy","ITA",2026,3,2026-03-01,NA,NA
"1960","Italy","ITA",2026,4,2026-04-01,NA,NA
"1961","Italy","ITA",2026,5,2026-05-01,NA,NA
"1962","Italy","ITA",2026,6,2026-06-01,NA,NA
"1963","Italy","ITA",2026,7,2026-07-01,NA,NA
"1964","Italy","ITA",2026,8,2026-08-01,NA,NA
"1965","Italy","ITA",2026,9,2026-09-01,NA,NA
"1966","Italy","ITA",2026,10,2026-10-01,NA,NA
"1967","Italy","ITA",2026,11,2026-11-01,NA,NA
"1968","Italy","ITA",2026,12,2026-12-01,NA,NA
"1969","Jamaica","JAM",2025,1,2025-01-01,46,"PAHO"
"1970","Jamaica","JAM",2025,2,2025-02-01,38,"PAHO"
"1971","Jamaica","JAM",2025,3,2025-03-01,37,"PAHO"
"1972","Jamaica","JAM",2025,4,2025-04-01,44,"PAHO"
"1973","Jamaica","JAM",2025,5,2025-05-01,30,"PAHO"
"1974","Jamaica","JAM",2025,6,2025-06-01,65,"PAHO"
"1975","Jamaica","JAM",2025,7,2025-07-01,48,"PAHO"
"1976","Jamaica","JAM",2025,8,2025-08-01,17,"PAHO"
"1977","Jamaica","JAM",2025,9,2025-09-01,54,"PAHO"
"1978","Jamaica","JAM",2025,10,2025-10-01,33,"PAHO"
"1979","Jamaica","JAM",2025,11,2025-11-01,117,"PAHO"
"1980","Jamaica","JAM",2025,12,2025-12-01,73,"PAHO"
"1981","Jamaica","JAM",2026,1,2026-01-01,44,"PAHO"
"1982","Jamaica","JAM",2026,2,2026-02-01,17,"PAHO"
"1983","Jamaica","JAM",2026,3,2026-03-01,NA,NA
"1984","Jamaica","JAM",2026,4,2026-04-01,NA,NA
"1985","Jamaica","JAM",2026,5,2026-05-01,NA,NA
"1986","Jamaica","JAM",2026,6,2026-06-01,NA,NA
"1987","Jamaica","JAM",2026,7,2026-07-01,NA,NA
"1988","Jamaica","JAM",2026,8,2026-08-01,NA,NA
"1989","Jamaica","JAM",2026,9,2026-09-01,NA,NA
"1990","Jamaica","JAM",2026,10,2026-10-01,NA,NA
"1991","Jamaica","JAM",2026,11,2026-11-01,NA,NA
"1992","Jamaica","JAM",2026,12,2026-12-01,NA,NA
"1993","Kazakhstan","KAZ",2025,1,2025-01-01,0,"WHO"
"1994","Kazakhstan","KAZ",2025,2,2025-02-01,0,"WHO"
"1995","Kazakhstan","KAZ",2025,3,2025-03-01,0,"WHO"
"1996","Kazakhstan","KAZ",2025,4,2025-04-01,0,"WHO"
"1997","Kazakhstan","KAZ",2025,5,2025-05-01,0,"WHO"
"1998","Kazakhstan","KAZ",2025,6,2025-06-01,0,"WHO"
"1999","Kazakhstan","KAZ",2025,7,2025-07-01,0,"WHO"
"2000","Kazakhstan","KAZ",2025,8,2025-08-01,0,"WHO"
"2001","Kazakhstan","KAZ",2025,9,2025-09-01,0,"WHO"
"2002","Kazakhstan","KAZ",2025,10,2025-10-01,0,"WHO"
"2003","Kazakhstan","KAZ",2025,11,2025-11-01,0,"WHO"
"2004","Kazakhstan","KAZ",2025,12,2025-12-01,0,"WHO"
"2005","Kazakhstan","KAZ",2026,1,2026-01-01,0,"WHO"
"2006","Kazakhstan","KAZ",2026,2,2026-02-01,NA,NA
"2007","Kazakhstan","KAZ",2026,3,2026-03-01,NA,NA
"2008","Kazakhstan","KAZ",2026,4,2026-04-01,NA,NA
"2009","Kazakhstan","KAZ",2026,5,2026-05-01,NA,NA
"2010","Kazakhstan","KAZ",2026,6,2026-06-01,NA,NA
"2011","Kazakhstan","KAZ",2026,7,2026-07-01,NA,NA
"2012","Kazakhstan","KAZ",2026,8,2026-08-01,NA,NA
"2013","Kazakhstan","KAZ",2026,9,2026-09-01,NA,NA
"2014","Kazakhstan","KAZ",2026,10,2026-10-01,NA,NA
"2015","Kazakhstan","KAZ",2026,11,2026-11-01,NA,NA
"2016","Kazakhstan","KAZ",2026,12,2026-12-01,NA,NA
"2017","Kenya","KEN",2025,1,2025-01-01,855,"WHO"
"2018","Kenya","KEN",2025,2,2025-02-01,673,"WHO"
"2019","Kenya","KEN",2025,3,2025-03-01,NA,NA
"2020","Kenya","KEN",2025,4,2025-04-01,64,"WHO"
"2021","Kenya","KEN",2025,5,2025-05-01,816,"WHO"
"2022","Kenya","KEN",2025,6,2025-06-01,NA,NA
"2023","Kenya","KEN",2025,7,2025-07-01,1241,"WHO"
"2024","Kenya","KEN",2025,8,2025-08-01,740,"WHO"
"2025","Kenya","KEN",2025,9,2025-09-01,650,"WHO"
"2026","Kenya","KEN",2025,10,2025-10-01,932,"WHO"
"2027","Kenya","KEN",2025,11,2025-11-01,313,"WHO"
"2028","Kenya","KEN",2025,12,2025-12-01,461,"WHO"
"2029","Kenya","KEN",2026,1,2026-01-01,1284,"WHO"
"2030","Kenya","KEN",2026,2,2026-02-01,NA,NA
"2031","Kenya","KEN",2026,3,2026-03-01,NA,NA
"2032","Kenya","KEN",2026,4,2026-04-01,NA,NA
"2033","Kenya","KEN",2026,5,2026-05-01,NA,NA
"2034","Kenya","KEN",2026,6,2026-06-01,NA,NA
"2035","Kenya","KEN",2026,7,2026-07-01,NA,NA
"2036","Kenya","KEN",2026,8,2026-08-01,NA,NA
"2037","Kenya","KEN",2026,9,2026-09-01,NA,NA
"2038","Kenya","KEN",2026,10,2026-10-01,NA,NA
"2039","Kenya","KEN",2026,11,2026-11-01,NA,NA
"2040","Kenya","KEN",2026,12,2026-12-01,NA,NA
"2041","Kiribati","KIR",2025,1,2025-01-01,0,"WHO"
"2042","Kiribati","KIR",2025,2,2025-02-01,0,"WHO"
"2043","Kiribati","KIR",2025,3,2025-03-01,5,"WHO"
"2044","Kiribati","KIR",2025,4,2025-04-01,21,"WHO"
"2045","Kiribati","KIR",2025,5,2025-05-01,95,"WHO"
"2046","Kiribati","KIR",2025,6,2025-06-01,380,"WHO"
"2047","Kiribati","KIR",2025,7,2025-07-01,494,"WHO"
"2048","Kiribati","KIR",2025,8,2025-08-01,163,"WHO"
"2049","Kiribati","KIR",2025,9,2025-09-01,198,"WHO"
"2050","Kiribati","KIR",2025,10,2025-10-01,40,"WHO"
"2051","Kiribati","KIR",2025,11,2025-11-01,12,"WHO"
"2052","Kiribati","KIR",2025,12,2025-12-01,4,"WHO"
"2053","Kiribati","KIR",2026,1,2026-01-01,1,"WHO"
"2054","Kiribati","KIR",2026,2,2026-02-01,NA,NA
"2055","Kiribati","KIR",2026,3,2026-03-01,NA,NA
"2056","Kiribati","KIR",2026,4,2026-04-01,NA,NA
"2057","Kiribati","KIR",2026,5,2026-05-01,NA,NA
"2058","Kiribati","KIR",2026,6,2026-06-01,NA,NA
"2059","Kiribati","KIR",2026,7,2026-07-01,NA,NA
"2060","Kiribati","KIR",2026,8,2026-08-01,NA,NA
"2061","Kiribati","KIR",2026,9,2026-09-01,NA,NA
"2062","Kiribati","KIR",2026,10,2026-10-01,NA,NA
"2063","Kiribati","KIR",2026,11,2026-11-01,NA,NA
"2064","Kiribati","KIR",2026,12,2026-12-01,NA,NA
"2065","Kyrgyzstan","KGZ",2025,1,2025-01-01,0,"WHO"
"2066","Kyrgyzstan","KGZ",2025,2,2025-02-01,0,"WHO"
"2067","Kyrgyzstan","KGZ",2025,3,2025-03-01,0,"WHO"
"2068","Kyrgyzstan","KGZ",2025,4,2025-04-01,0,"WHO"
"2069","Kyrgyzstan","KGZ",2025,5,2025-05-01,0,"WHO"
"2070","Kyrgyzstan","KGZ",2025,6,2025-06-01,0,"WHO"
"2071","Kyrgyzstan","KGZ",2025,7,2025-07-01,0,"WHO"
"2072","Kyrgyzstan","KGZ",2025,8,2025-08-01,0,"WHO"
"2073","Kyrgyzstan","KGZ",2025,9,2025-09-01,0,"WHO"
"2074","Kyrgyzstan","KGZ",2025,10,2025-10-01,0,"WHO"
"2075","Kyrgyzstan","KGZ",2025,11,2025-11-01,0,"WHO"
"2076","Kyrgyzstan","KGZ",2025,12,2025-12-01,0,"WHO"
"2077","Kyrgyzstan","KGZ",2026,1,2026-01-01,0,"WHO"
"2078","Kyrgyzstan","KGZ",2026,2,2026-02-01,NA,NA
"2079","Kyrgyzstan","KGZ",2026,3,2026-03-01,NA,NA
"2080","Kyrgyzstan","KGZ",2026,4,2026-04-01,NA,NA
"2081","Kyrgyzstan","KGZ",2026,5,2026-05-01,NA,NA
"2082","Kyrgyzstan","KGZ",2026,6,2026-06-01,NA,NA
"2083","Kyrgyzstan","KGZ",2026,7,2026-07-01,NA,NA
"2084","Kyrgyzstan","KGZ",2026,8,2026-08-01,NA,NA
"2085","Kyrgyzstan","KGZ",2026,9,2026-09-01,NA,NA
"2086","Kyrgyzstan","KGZ",2026,10,2026-10-01,NA,NA
"2087","Kyrgyzstan","KGZ",2026,11,2026-11-01,NA,NA
"2088","Kyrgyzstan","KGZ",2026,12,2026-12-01,NA,NA
"2089","Laos","LAO",2025,1,2025-01-01,253,"WHO"
"2090","Laos","LAO",2025,2,2025-02-01,165,"WHO"
"2091","Laos","LAO",2025,3,2025-03-01,138,"WHO"
"2092","Laos","LAO",2025,4,2025-04-01,173,"WHO"
"2093","Laos","LAO",2025,5,2025-05-01,614,"WHO"
"2094","Laos","LAO",2025,6,2025-06-01,1271,"WHO"
"2095","Laos","LAO",2025,7,2025-07-01,2741,"WHO"
"2096","Laos","LAO",2025,8,2025-08-01,2506,"WHO"
"2097","Laos","LAO",2025,9,2025-09-01,1369,"WHO"
"2098","Laos","LAO",2025,10,2025-10-01,1552,"WHO"
"2099","Laos","LAO",2025,11,2025-11-01,890,"WHO"
"2100","Laos","LAO",2025,12,2025-12-01,573,"WHO"
"2101","Laos","LAO",2026,1,2026-01-01,366,"WHO"
"2102","Laos","LAO",2026,2,2026-02-01,NA,NA
"2103","Laos","LAO",2026,3,2026-03-01,NA,NA
"2104","Laos","LAO",2026,4,2026-04-01,NA,NA
"2105","Laos","LAO",2026,5,2026-05-01,NA,NA
"2106","Laos","LAO",2026,6,2026-06-01,NA,NA
"2107","Laos","LAO",2026,7,2026-07-01,NA,NA
"2108","Laos","LAO",2026,8,2026-08-01,NA,NA
"2109","Laos","LAO",2026,9,2026-09-01,NA,NA
"2110","Laos","LAO",2026,10,2026-10-01,NA,NA
"2111","Laos","LAO",2026,11,2026-11-01,NA,NA
"2112","Laos","LAO",2026,12,2026-12-01,NA,NA
"2113","Latvia","LVA",2025,1,2025-01-01,0,"WHO"
"2114","Latvia","LVA",2025,2,2025-02-01,0,"WHO"
"2115","Latvia","LVA",2025,3,2025-03-01,0,"WHO"
"2116","Latvia","LVA",2025,4,2025-04-01,0,"WHO"
"2117","Latvia","LVA",2025,5,2025-05-01,0,"WHO"
"2118","Latvia","LVA",2025,6,2025-06-01,0,"WHO"
"2119","Latvia","LVA",2025,7,2025-07-01,0,"WHO"
"2120","Latvia","LVA",2025,8,2025-08-01,0,"WHO"
"2121","Latvia","LVA",2025,9,2025-09-01,0,"WHO"
"2122","Latvia","LVA",2025,10,2025-10-01,0,"WHO"
"2123","Latvia","LVA",2025,11,2025-11-01,0,"WHO"
"2124","Latvia","LVA",2025,12,2025-12-01,0,"WHO"
"2125","Latvia","LVA",2026,1,2026-01-01,0,"WHO"
"2126","Latvia","LVA",2026,2,2026-02-01,NA,NA
"2127","Latvia","LVA",2026,3,2026-03-01,NA,NA
"2128","Latvia","LVA",2026,4,2026-04-01,NA,NA
"2129","Latvia","LVA",2026,5,2026-05-01,NA,NA
"2130","Latvia","LVA",2026,6,2026-06-01,NA,NA
"2131","Latvia","LVA",2026,7,2026-07-01,NA,NA
"2132","Latvia","LVA",2026,8,2026-08-01,NA,NA
"2133","Latvia","LVA",2026,9,2026-09-01,NA,NA
"2134","Latvia","LVA",2026,10,2026-10-01,NA,NA
"2135","Latvia","LVA",2026,11,2026-11-01,NA,NA
"2136","Latvia","LVA",2026,12,2026-12-01,NA,NA
"2137","Liberia","LBR",2025,1,2025-01-01,3,"WHO"
"2138","Liberia","LBR",2025,2,2025-02-01,0,"WHO"
"2139","Liberia","LBR",2025,3,2025-03-01,0,"WHO"
"2140","Liberia","LBR",2025,4,2025-04-01,1,"WHO"
"2141","Liberia","LBR",2025,5,2025-05-01,0,"WHO"
"2142","Liberia","LBR",2025,6,2025-06-01,0,"WHO"
"2143","Liberia","LBR",2025,7,2025-07-01,0,"WHO"
"2144","Liberia","LBR",2025,8,2025-08-01,0,"WHO"
"2145","Liberia","LBR",2025,9,2025-09-01,0,"WHO"
"2146","Liberia","LBR",2025,10,2025-10-01,0,"WHO"
"2147","Liberia","LBR",2025,11,2025-11-01,0,"WHO"
"2148","Liberia","LBR",2025,12,2025-12-01,0,"WHO"
"2149","Liberia","LBR",2026,1,2026-01-01,0,"WHO"
"2150","Liberia","LBR",2026,2,2026-02-01,NA,NA
"2151","Liberia","LBR",2026,3,2026-03-01,NA,NA
"2152","Liberia","LBR",2026,4,2026-04-01,NA,NA
"2153","Liberia","LBR",2026,5,2026-05-01,NA,NA
"2154","Liberia","LBR",2026,6,2026-06-01,NA,NA
"2155","Liberia","LBR",2026,7,2026-07-01,NA,NA
"2156","Liberia","LBR",2026,8,2026-08-01,NA,NA
"2157","Liberia","LBR",2026,9,2026-09-01,NA,NA
"2158","Liberia","LBR",2026,10,2026-10-01,NA,NA
"2159","Liberia","LBR",2026,11,2026-11-01,NA,NA
"2160","Liberia","LBR",2026,12,2026-12-01,NA,NA
"2161","Liechtenstein","LIE",2025,1,2025-01-01,0,"WHO"
"2162","Liechtenstein","LIE",2025,2,2025-02-01,0,"WHO"
"2163","Liechtenstein","LIE",2025,3,2025-03-01,0,"WHO"
"2164","Liechtenstein","LIE",2025,4,2025-04-01,0,"WHO"
"2165","Liechtenstein","LIE",2025,5,2025-05-01,0,"WHO"
"2166","Liechtenstein","LIE",2025,6,2025-06-01,0,"WHO"
"2167","Liechtenstein","LIE",2025,7,2025-07-01,0,"WHO"
"2168","Liechtenstein","LIE",2025,8,2025-08-01,0,"WHO"
"2169","Liechtenstein","LIE",2025,9,2025-09-01,0,"WHO"
"2170","Liechtenstein","LIE",2025,10,2025-10-01,0,"WHO"
"2171","Liechtenstein","LIE",2025,11,2025-11-01,0,"WHO"
"2172","Liechtenstein","LIE",2025,12,2025-12-01,0,"WHO"
"2173","Liechtenstein","LIE",2026,1,2026-01-01,0,"WHO"
"2174","Liechtenstein","LIE",2026,2,2026-02-01,NA,NA
"2175","Liechtenstein","LIE",2026,3,2026-03-01,NA,NA
"2176","Liechtenstein","LIE",2026,4,2026-04-01,NA,NA
"2177","Liechtenstein","LIE",2026,5,2026-05-01,NA,NA
"2178","Liechtenstein","LIE",2026,6,2026-06-01,NA,NA
"2179","Liechtenstein","LIE",2026,7,2026-07-01,NA,NA
"2180","Liechtenstein","LIE",2026,8,2026-08-01,NA,NA
"2181","Liechtenstein","LIE",2026,9,2026-09-01,NA,NA
"2182","Liechtenstein","LIE",2026,10,2026-10-01,NA,NA
"2183","Liechtenstein","LIE",2026,11,2026-11-01,NA,NA
"2184","Liechtenstein","LIE",2026,12,2026-12-01,NA,NA
"2185","Lithuania","LTU",2025,1,2025-01-01,0,"WHO"
"2186","Lithuania","LTU",2025,2,2025-02-01,0,"WHO"
"2187","Lithuania","LTU",2025,3,2025-03-01,0,"WHO"
"2188","Lithuania","LTU",2025,4,2025-04-01,0,"WHO"
"2189","Lithuania","LTU",2025,5,2025-05-01,0,"WHO"
"2190","Lithuania","LTU",2025,6,2025-06-01,0,"WHO"
"2191","Lithuania","LTU",2025,7,2025-07-01,0,"WHO"
"2192","Lithuania","LTU",2025,8,2025-08-01,0,"WHO"
"2193","Lithuania","LTU",2025,9,2025-09-01,0,"WHO"
"2194","Lithuania","LTU",2025,10,2025-10-01,0,"WHO"
"2195","Lithuania","LTU",2025,11,2025-11-01,0,"WHO"
"2196","Lithuania","LTU",2025,12,2025-12-01,0,"WHO"
"2197","Lithuania","LTU",2026,1,2026-01-01,0,"WHO"
"2198","Lithuania","LTU",2026,2,2026-02-01,NA,NA
"2199","Lithuania","LTU",2026,3,2026-03-01,NA,NA
"2200","Lithuania","LTU",2026,4,2026-04-01,NA,NA
"2201","Lithuania","LTU",2026,5,2026-05-01,NA,NA
"2202","Lithuania","LTU",2026,6,2026-06-01,NA,NA
"2203","Lithuania","LTU",2026,7,2026-07-01,NA,NA
"2204","Lithuania","LTU",2026,8,2026-08-01,NA,NA
"2205","Lithuania","LTU",2026,9,2026-09-01,NA,NA
"2206","Lithuania","LTU",2026,10,2026-10-01,NA,NA
"2207","Lithuania","LTU",2026,11,2026-11-01,NA,NA
"2208","Lithuania","LTU",2026,12,2026-12-01,NA,NA
"2209","Luxembourg","LUX",2025,1,2025-01-01,0,"WHO"
"2210","Luxembourg","LUX",2025,2,2025-02-01,0,"WHO"
"2211","Luxembourg","LUX",2025,3,2025-03-01,0,"WHO"
"2212","Luxembourg","LUX",2025,4,2025-04-01,0,"WHO"
"2213","Luxembourg","LUX",2025,5,2025-05-01,0,"WHO"
"2214","Luxembourg","LUX",2025,6,2025-06-01,0,"WHO"
"2215","Luxembourg","LUX",2025,7,2025-07-01,0,"WHO"
"2216","Luxembourg","LUX",2025,8,2025-08-01,0,"WHO"
"2217","Luxembourg","LUX",2025,9,2025-09-01,0,"WHO"
"2218","Luxembourg","LUX",2025,10,2025-10-01,0,"WHO"
"2219","Luxembourg","LUX",2025,11,2025-11-01,0,"WHO"
"2220","Luxembourg","LUX",2025,12,2025-12-01,0,"WHO"
"2221","Luxembourg","LUX",2026,1,2026-01-01,0,"WHO"
"2222","Luxembourg","LUX",2026,2,2026-02-01,NA,NA
"2223","Luxembourg","LUX",2026,3,2026-03-01,NA,NA
"2224","Luxembourg","LUX",2026,4,2026-04-01,NA,NA
"2225","Luxembourg","LUX",2026,5,2026-05-01,NA,NA
"2226","Luxembourg","LUX",2026,6,2026-06-01,NA,NA
"2227","Luxembourg","LUX",2026,7,2026-07-01,NA,NA
"2228","Luxembourg","LUX",2026,8,2026-08-01,NA,NA
"2229","Luxembourg","LUX",2026,9,2026-09-01,NA,NA
"2230","Luxembourg","LUX",2026,10,2026-10-01,NA,NA
"2231","Luxembourg","LUX",2026,11,2026-11-01,NA,NA
"2232","Luxembourg","LUX",2026,12,2026-12-01,NA,NA
"2233","Malawi","MWI",2025,1,2025-01-01,0,"WHO"
"2234","Malawi","MWI",2025,2,2025-02-01,0,"WHO"
"2235","Malawi","MWI",2025,3,2025-03-01,0,"WHO"
"2236","Malawi","MWI",2025,4,2025-04-01,0,"WHO"
"2237","Malawi","MWI",2025,5,2025-05-01,0,"WHO"
"2238","Malawi","MWI",2025,6,2025-06-01,0,"WHO"
"2239","Malawi","MWI",2025,7,2025-07-01,0,"WHO"
"2240","Malawi","MWI",2025,8,2025-08-01,0,"WHO"
"2241","Malawi","MWI",2025,9,2025-09-01,0,"WHO"
"2242","Malawi","MWI",2025,10,2025-10-01,0,"WHO"
"2243","Malawi","MWI",2025,11,2025-11-01,0,"WHO"
"2244","Malawi","MWI",2025,12,2025-12-01,0,"WHO"
"2245","Malawi","MWI",2026,1,2026-01-01,0,"WHO"
"2246","Malawi","MWI",2026,2,2026-02-01,NA,NA
"2247","Malawi","MWI",2026,3,2026-03-01,NA,NA
"2248","Malawi","MWI",2026,4,2026-04-01,NA,NA
"2249","Malawi","MWI",2026,5,2026-05-01,NA,NA
"2250","Malawi","MWI",2026,6,2026-06-01,NA,NA
"2251","Malawi","MWI",2026,7,2026-07-01,NA,NA
"2252","Malawi","MWI",2026,8,2026-08-01,NA,NA
"2253","Malawi","MWI",2026,9,2026-09-01,NA,NA
"2254","Malawi","MWI",2026,10,2026-10-01,NA,NA
"2255","Malawi","MWI",2026,11,2026-11-01,NA,NA
"2256","Malawi","MWI",2026,12,2026-12-01,NA,NA
"2257","Malaysia","MYS",2025,1,2025-01-01,6676,"WHO"
"2258","Malaysia","MYS",2025,2,2025-02-01,5049,"WHO"
"2259","Malaysia","MYS",2025,3,2025-03-01,4571,"WHO"
"2260","Malaysia","MYS",2025,4,2025-04-01,5383,"WHO"
"2261","Malaysia","MYS",2025,5,2025-05-01,4877,"WHO"
"2262","Malaysia","MYS",2025,6,2025-06-01,4657,"WHO"
"2263","Malaysia","MYS",2025,7,2025-07-01,5065,"WHO"
"2264","Malaysia","MYS",2025,8,2025-08-01,3338,"WHO"
"2265","Malaysia","MYS",2025,9,2025-09-01,2969,"WHO"
"2266","Malaysia","MYS",2025,10,2025-10-01,4398,"WHO"
"2267","Malaysia","MYS",2025,11,2025-11-01,3449,"WHO"
"2268","Malaysia","MYS",2025,12,2025-12-01,974,"WHO"
"2269","Malaysia","MYS",2026,1,2026-01-01,NA,NA
"2270","Malaysia","MYS",2026,2,2026-02-01,NA,NA
"2271","Malaysia","MYS",2026,3,2026-03-01,NA,NA
"2272","Malaysia","MYS",2026,4,2026-04-01,NA,NA
"2273","Malaysia","MYS",2026,5,2026-05-01,NA,NA
"2274","Malaysia","MYS",2026,6,2026-06-01,NA,NA
"2275","Malaysia","MYS",2026,7,2026-07-01,NA,NA
"2276","Malaysia","MYS",2026,8,2026-08-01,NA,NA
"2277","Malaysia","MYS",2026,9,2026-09-01,NA,NA
"2278","Malaysia","MYS",2026,10,2026-10-01,NA,NA
"2279","Malaysia","MYS",2026,11,2026-11-01,NA,NA
"2280","Malaysia","MYS",2026,12,2026-12-01,NA,NA
"2281","Maldives","MDV",2025,1,2025-01-01,72,"SEARO"
"2282","Maldives","MDV",2025,2,2025-02-01,74,"SEARO"
"2283","Maldives","MDV",2025,3,2025-03-01,69,"SEARO"
"2284","Maldives","MDV",2025,4,2025-04-01,120,"SEARO"
"2285","Maldives","MDV",2025,5,2025-05-01,116,"SEARO"
"2286","Maldives","MDV",2025,6,2025-06-01,165,"SEARO"
"2287","Maldives","MDV",2025,7,2025-07-01,168,"SEARO"
"2288","Maldives","MDV",2025,8,2025-08-01,256,"SEARO"
"2289","Maldives","MDV",2025,9,2025-09-01,252,"SEARO"
"2290","Maldives","MDV",2025,10,2025-10-01,373,"SEARO"
"2291","Maldives","MDV",2025,11,2025-11-01,376,"SEARO"
"2292","Maldives","MDV",2025,12,2025-12-01,411,"SEARO"
"2293","Maldives","MDV",2026,1,2026-01-01,631,"SEARO"
"2294","Maldives","MDV",2026,2,2026-02-01,0,"SEARO"
"2295","Maldives","MDV",2026,3,2026-03-01,0,"SEARO"
"2296","Maldives","MDV",2026,4,2026-04-01,0,"SEARO"
"2297","Maldives","MDV",2026,5,2026-05-01,0,"SEARO"
"2298","Maldives","MDV",2026,6,2026-06-01,0,"SEARO"
"2299","Maldives","MDV",2026,7,2026-07-01,0,"SEARO"
"2300","Maldives","MDV",2026,8,2026-08-01,0,"SEARO"
"2301","Maldives","MDV",2026,9,2026-09-01,0,"SEARO"
"2302","Maldives","MDV",2026,10,2026-10-01,0,"SEARO"
"2303","Maldives","MDV",2026,11,2026-11-01,0,"SEARO"
"2304","Maldives","MDV",2026,12,2026-12-01,0,"SEARO"
"2305","Mali","MLI",2025,1,2025-01-01,511,"WHO"
"2306","Mali","MLI",2025,2,2025-02-01,453,"WHO"
"2307","Mali","MLI",2025,3,2025-03-01,332,"WHO"
"2308","Mali","MLI",2025,4,2025-04-01,186,"WHO"
"2309","Mali","MLI",2025,5,2025-05-01,242,"WHO"
"2310","Mali","MLI",2025,6,2025-06-01,233,"WHO"
"2311","Mali","MLI",2025,7,2025-07-01,384,"WHO"
"2312","Mali","MLI",2025,8,2025-08-01,361,"WHO"
"2313","Mali","MLI",2025,9,2025-09-01,272,"WHO"
"2314","Mali","MLI",2025,10,2025-10-01,490,"WHO"
"2315","Mali","MLI",2025,11,2025-11-01,506,"WHO"
"2316","Mali","MLI",2025,12,2025-12-01,NA,NA
"2317","Mali","MLI",2026,1,2026-01-01,239,"WHO"
"2318","Mali","MLI",2026,2,2026-02-01,NA,NA
"2319","Mali","MLI",2026,3,2026-03-01,NA,NA
"2320","Mali","MLI",2026,4,2026-04-01,NA,NA
"2321","Mali","MLI",2026,5,2026-05-01,NA,NA
"2322","Mali","MLI",2026,6,2026-06-01,NA,NA
"2323","Mali","MLI",2026,7,2026-07-01,NA,NA
"2324","Mali","MLI",2026,8,2026-08-01,NA,NA
"2325","Mali","MLI",2026,9,2026-09-01,NA,NA
"2326","Mali","MLI",2026,10,2026-10-01,NA,NA
"2327","Mali","MLI",2026,11,2026-11-01,NA,NA
"2328","Mali","MLI",2026,12,2026-12-01,NA,NA
"2329","Malta","MLT",2025,1,2025-01-01,0,"WHO"
"2330","Malta","MLT",2025,2,2025-02-01,0,"WHO"
"2331","Malta","MLT",2025,3,2025-03-01,0,"WHO"
"2332","Malta","MLT",2025,4,2025-04-01,0,"WHO"
"2333","Malta","MLT",2025,5,2025-05-01,0,"WHO"
"2334","Malta","MLT",2025,6,2025-06-01,0,"WHO"
"2335","Malta","MLT",2025,7,2025-07-01,0,"WHO"
"2336","Malta","MLT",2025,8,2025-08-01,0,"WHO"
"2337","Malta","MLT",2025,9,2025-09-01,0,"WHO"
"2338","Malta","MLT",2025,10,2025-10-01,0,"WHO"
"2339","Malta","MLT",2025,11,2025-11-01,0,"WHO"
"2340","Malta","MLT",2025,12,2025-12-01,0,"WHO"
"2341","Malta","MLT",2026,1,2026-01-01,0,"WHO"
"2342","Malta","MLT",2026,2,2026-02-01,NA,NA
"2343","Malta","MLT",2026,3,2026-03-01,NA,NA
"2344","Malta","MLT",2026,4,2026-04-01,NA,NA
"2345","Malta","MLT",2026,5,2026-05-01,NA,NA
"2346","Malta","MLT",2026,6,2026-06-01,NA,NA
"2347","Malta","MLT",2026,7,2026-07-01,NA,NA
"2348","Malta","MLT",2026,8,2026-08-01,NA,NA
"2349","Malta","MLT",2026,9,2026-09-01,NA,NA
"2350","Malta","MLT",2026,10,2026-10-01,NA,NA
"2351","Malta","MLT",2026,11,2026-11-01,NA,NA
"2352","Malta","MLT",2026,12,2026-12-01,NA,NA
"2353","Marshall Islands","MHL",2025,1,2025-01-01,0,"WHO"
"2354","Marshall Islands","MHL",2025,2,2025-02-01,0,"WHO"
"2355","Marshall Islands","MHL",2025,3,2025-03-01,0,"WHO"
"2356","Marshall Islands","MHL",2025,4,2025-04-01,0,"WHO"
"2357","Marshall Islands","MHL",2025,5,2025-05-01,0,"WHO"
"2358","Marshall Islands","MHL",2025,6,2025-06-01,0,"WHO"
"2359","Marshall Islands","MHL",2025,7,2025-07-01,0,"WHO"
"2360","Marshall Islands","MHL",2025,8,2025-08-01,0,"WHO"
"2361","Marshall Islands","MHL",2025,9,2025-09-01,0,"WHO"
"2362","Marshall Islands","MHL",2025,10,2025-10-01,0,"WHO"
"2363","Marshall Islands","MHL",2025,11,2025-11-01,0,"WHO"
"2364","Marshall Islands","MHL",2025,12,2025-12-01,0,"WHO"
"2365","Marshall Islands","MHL",2026,1,2026-01-01,0,"WHO"
"2366","Marshall Islands","MHL",2026,2,2026-02-01,NA,NA
"2367","Marshall Islands","MHL",2026,3,2026-03-01,NA,NA
"2368","Marshall Islands","MHL",2026,4,2026-04-01,NA,NA
"2369","Marshall Islands","MHL",2026,5,2026-05-01,NA,NA
"2370","Marshall Islands","MHL",2026,6,2026-06-01,NA,NA
"2371","Marshall Islands","MHL",2026,7,2026-07-01,NA,NA
"2372","Marshall Islands","MHL",2026,8,2026-08-01,NA,NA
"2373","Marshall Islands","MHL",2026,9,2026-09-01,NA,NA
"2374","Marshall Islands","MHL",2026,10,2026-10-01,NA,NA
"2375","Marshall Islands","MHL",2026,11,2026-11-01,NA,NA
"2376","Marshall Islands","MHL",2026,12,2026-12-01,NA,NA
"2377","Martinique","MTQ",2025,1,2025-01-01,293,"PAHO"
"2378","Martinique","MTQ",2025,2,2025-02-01,100,"PAHO"
"2379","Martinique","MTQ",2025,3,2025-03-01,282,"PAHO"
"2380","Martinique","MTQ",2025,4,2025-04-01,100,"PAHO"
"2381","Martinique","MTQ",2025,5,2025-05-01,130,"PAHO"
"2382","Martinique","MTQ",2025,6,2025-06-01,90,"PAHO"
"2383","Martinique","MTQ",2025,7,2025-07-01,NA,"PAHO"
"2384","Martinique","MTQ",2025,8,2025-08-01,NA,"PAHO"
"2385","Martinique","MTQ",2025,9,2025-09-01,105,"WHO"
"2386","Martinique","MTQ",2025,10,2025-10-01,NA,"PAHO"
"2387","Martinique","MTQ",2025,11,2025-11-01,30,"WHO"
"2388","Martinique","MTQ",2025,12,2025-12-01,150,"PAHO"
"2389","Martinique","MTQ",2026,1,2026-01-01,346,"PAHO"
"2390","Martinique","MTQ",2026,2,2026-02-01,327,"PAHO"
"2391","Martinique","MTQ",2026,3,2026-03-01,NA,NA
"2392","Martinique","MTQ",2026,4,2026-04-01,NA,NA
"2393","Martinique","MTQ",2026,5,2026-05-01,NA,NA
"2394","Martinique","MTQ",2026,6,2026-06-01,NA,NA
"2395","Martinique","MTQ",2026,7,2026-07-01,NA,NA
"2396","Martinique","MTQ",2026,8,2026-08-01,NA,NA
"2397","Martinique","MTQ",2026,9,2026-09-01,NA,NA
"2398","Martinique","MTQ",2026,10,2026-10-01,NA,NA
"2399","Martinique","MTQ",2026,11,2026-11-01,NA,NA
"2400","Martinique","MTQ",2026,12,2026-12-01,NA,NA
"2401","Mauritania","MRT",2025,1,2025-01-01,102,"WHO"
"2402","Mauritania","MRT",2025,2,2025-02-01,66,"WHO"
"2403","Mauritania","MRT",2025,3,2025-03-01,35,"WHO"
"2404","Mauritania","MRT",2025,4,2025-04-01,41,"WHO"
"2405","Mauritania","MRT",2025,5,2025-05-01,3,"WHO"
"2406","Mauritania","MRT",2025,6,2025-06-01,179,"WHO"
"2407","Mauritania","MRT",2025,7,2025-07-01,82,"WHO"
"2408","Mauritania","MRT",2025,8,2025-08-01,37,"WHO"
"2409","Mauritania","MRT",2025,9,2025-09-01,37,"WHO"
"2410","Mauritania","MRT",2025,10,2025-10-01,3135,"WHO"
"2411","Mauritania","MRT",2025,11,2025-11-01,1923,"WHO"
"2412","Mauritania","MRT",2025,12,2025-12-01,NA,NA
"2413","Mauritania","MRT",2026,1,2026-01-01,530,"WHO"
"2414","Mauritania","MRT",2026,2,2026-02-01,NA,NA
"2415","Mauritania","MRT",2026,3,2026-03-01,NA,NA
"2416","Mauritania","MRT",2026,4,2026-04-01,NA,NA
"2417","Mauritania","MRT",2026,5,2026-05-01,NA,NA
"2418","Mauritania","MRT",2026,6,2026-06-01,NA,NA
"2419","Mauritania","MRT",2026,7,2026-07-01,NA,NA
"2420","Mauritania","MRT",2026,8,2026-08-01,NA,NA
"2421","Mauritania","MRT",2026,9,2026-09-01,NA,NA
"2422","Mauritania","MRT",2026,10,2026-10-01,NA,NA
"2423","Mauritania","MRT",2026,11,2026-11-01,NA,NA
"2424","Mauritania","MRT",2026,12,2026-12-01,NA,NA
"2425","Mauritius","MUS",2025,1,2025-01-01,79,"WHO"
"2426","Mauritius","MUS",2025,2,2025-02-01,32,"WHO"
"2427","Mauritius","MUS",2025,3,2025-03-01,145,"WHO"
"2428","Mauritius","MUS",2025,4,2025-04-01,361,"WHO"
"2429","Mauritius","MUS",2025,5,2025-05-01,544,"WHO"
"2430","Mauritius","MUS",2025,6,2025-06-01,NA,NA
"2431","Mauritius","MUS",2025,7,2025-07-01,255,"WHO"
"2432","Mauritius","MUS",2025,8,2025-08-01,143,"WHO"
"2433","Mauritius","MUS",2025,9,2025-09-01,82,"WHO"
"2434","Mauritius","MUS",2025,10,2025-10-01,81,"WHO"
"2435","Mauritius","MUS",2025,11,2025-11-01,NA,NA
"2436","Mauritius","MUS",2025,12,2025-12-01,46,"WHO"
"2437","Mauritius","MUS",2026,1,2026-01-01,0,"WHO"
"2438","Mauritius","MUS",2026,2,2026-02-01,NA,NA
"2439","Mauritius","MUS",2026,3,2026-03-01,NA,NA
"2440","Mauritius","MUS",2026,4,2026-04-01,NA,NA
"2441","Mauritius","MUS",2026,5,2026-05-01,NA,NA
"2442","Mauritius","MUS",2026,6,2026-06-01,NA,NA
"2443","Mauritius","MUS",2026,7,2026-07-01,NA,NA
"2444","Mauritius","MUS",2026,8,2026-08-01,NA,NA
"2445","Mauritius","MUS",2026,9,2026-09-01,NA,NA
"2446","Mauritius","MUS",2026,10,2026-10-01,NA,NA
"2447","Mauritius","MUS",2026,11,2026-11-01,NA,NA
"2448","Mauritius","MUS",2026,12,2026-12-01,NA,NA
"2449","Mayotte","MYT",2025,1,2025-01-01,0,"WHO"
"2450","Mayotte","MYT",2025,2,2025-02-01,3,"WHO"
"2451","Mayotte","MYT",2025,3,2025-03-01,2,"WHO"
"2452","Mayotte","MYT",2025,4,2025-04-01,4,"WHO"
"2453","Mayotte","MYT",2025,5,2025-05-01,16,"WHO"
"2454","Mayotte","MYT",2025,6,2025-06-01,2,"WHO"
"2455","Mayotte","MYT",2025,7,2025-07-01,2,"WHO"
"2456","Mayotte","MYT",2025,8,2025-08-01,0,"WHO"
"2457","Mayotte","MYT",2025,9,2025-09-01,0,"WHO"
"2458","Mayotte","MYT",2025,10,2025-10-01,0,"WHO"
"2459","Mayotte","MYT",2025,11,2025-11-01,0,"WHO"
"2460","Mayotte","MYT",2025,12,2025-12-01,NA,NA
"2461","Mayotte","MYT",2026,1,2026-01-01,NA,NA
"2462","Mayotte","MYT",2026,2,2026-02-01,NA,NA
"2463","Mayotte","MYT",2026,3,2026-03-01,NA,NA
"2464","Mayotte","MYT",2026,4,2026-04-01,NA,NA
"2465","Mayotte","MYT",2026,5,2026-05-01,NA,NA
"2466","Mayotte","MYT",2026,6,2026-06-01,NA,NA
"2467","Mayotte","MYT",2026,7,2026-07-01,NA,NA
"2468","Mayotte","MYT",2026,8,2026-08-01,NA,NA
"2469","Mayotte","MYT",2026,9,2026-09-01,NA,NA
"2470","Mayotte","MYT",2026,10,2026-10-01,NA,NA
"2471","Mayotte","MYT",2026,11,2026-11-01,NA,NA
"2472","Mayotte","MYT",2026,12,2026-12-01,NA,NA
"2473","Mexico","MEX",2025,1,2025-01-01,11125,"PAHO"
"2474","Mexico","MEX",2025,2,2025-02-01,8287,"PAHO"
"2475","Mexico","MEX",2025,3,2025-03-01,9680,"PAHO"
"2476","Mexico","MEX",2025,4,2025-04-01,6002,"PAHO"
"2477","Mexico","MEX",2025,5,2025-05-01,7905,"PAHO"
"2478","Mexico","MEX",2025,6,2025-06-01,12409,"PAHO"
"2479","Mexico","MEX",2025,7,2025-07-01,11822,"PAHO"
"2480","Mexico","MEX",2025,8,2025-08-01,13638,"PAHO"
"2481","Mexico","MEX",2025,9,2025-09-01,21031,"PAHO"
"2482","Mexico","MEX",2025,10,2025-10-01,21250,"PAHO"
"2483","Mexico","MEX",2025,11,2025-11-01,14725,"PAHO"
"2484","Mexico","MEX",2025,12,2025-12-01,7377,"PAHO"
"2485","Mexico","MEX",2026,1,2026-01-01,6272,"PAHO"
"2486","Mexico","MEX",2026,2,2026-02-01,3552,"PAHO"
"2487","Mexico","MEX",2026,3,2026-03-01,NA,NA
"2488","Mexico","MEX",2026,4,2026-04-01,NA,NA
"2489","Mexico","MEX",2026,5,2026-05-01,NA,NA
"2490","Mexico","MEX",2026,6,2026-06-01,NA,NA
"2491","Mexico","MEX",2026,7,2026-07-01,NA,NA
"2492","Mexico","MEX",2026,8,2026-08-01,NA,NA
"2493","Mexico","MEX",2026,9,2026-09-01,NA,NA
"2494","Mexico","MEX",2026,10,2026-10-01,NA,NA
"2495","Mexico","MEX",2026,11,2026-11-01,NA,NA
"2496","Mexico","MEX",2026,12,2026-12-01,NA,NA
"2497","Micronesia (Federated States of)","FSM",2025,1,2025-01-01,5,"WHO"
"2498","Micronesia (Federated States of)","FSM",2025,2,2025-02-01,9,"WHO"
"2499","Micronesia (Federated States of)","FSM",2025,3,2025-03-01,1,"WHO"
"2500","Micronesia (Federated States of)","FSM",2025,4,2025-04-01,3,"WHO"
"2501","Micronesia (Federated States of)","FSM",2025,5,2025-05-01,1,"WHO"
"2502","Micronesia (Federated States of)","FSM",2025,6,2025-06-01,2,"WHO"
"2503","Micronesia (Federated States of)","FSM",2025,7,2025-07-01,6,"WHO"
"2504","Micronesia (Federated States of)","FSM",2025,8,2025-08-01,4,"WHO"
"2505","Micronesia (Federated States of)","FSM",2025,9,2025-09-01,2,"WHO"
"2506","Micronesia (Federated States of)","FSM",2025,10,2025-10-01,6,"WHO"
"2507","Micronesia (Federated States of)","FSM",2025,11,2025-11-01,1,"WHO"
"2508","Micronesia (Federated States of)","FSM",2025,12,2025-12-01,4,"WHO"
"2509","Micronesia (Federated States of)","FSM",2026,1,2026-01-01,3,"WHO"
"2510","Micronesia (Federated States of)","FSM",2026,2,2026-02-01,NA,NA
"2511","Micronesia (Federated States of)","FSM",2026,3,2026-03-01,NA,NA
"2512","Micronesia (Federated States of)","FSM",2026,4,2026-04-01,NA,NA
"2513","Micronesia (Federated States of)","FSM",2026,5,2026-05-01,NA,NA
"2514","Micronesia (Federated States of)","FSM",2026,6,2026-06-01,NA,NA
"2515","Micronesia (Federated States of)","FSM",2026,7,2026-07-01,NA,NA
"2516","Micronesia (Federated States of)","FSM",2026,8,2026-08-01,NA,NA
"2517","Micronesia (Federated States of)","FSM",2026,9,2026-09-01,NA,NA
"2518","Micronesia (Federated States of)","FSM",2026,10,2026-10-01,NA,NA
"2519","Micronesia (Federated States of)","FSM",2026,11,2026-11-01,NA,NA
"2520","Micronesia (Federated States of)","FSM",2026,12,2026-12-01,NA,NA
"2521","Moldova","MDA",2025,1,2025-01-01,0,"WHO"
"2522","Moldova","MDA",2025,2,2025-02-01,0,"WHO"
"2523","Moldova","MDA",2025,3,2025-03-01,0,"WHO"
"2524","Moldova","MDA",2025,4,2025-04-01,0,"WHO"
"2525","Moldova","MDA",2025,5,2025-05-01,0,"WHO"
"2526","Moldova","MDA",2025,6,2025-06-01,0,"WHO"
"2527","Moldova","MDA",2025,7,2025-07-01,0,"WHO"
"2528","Moldova","MDA",2025,8,2025-08-01,0,"WHO"
"2529","Moldova","MDA",2025,9,2025-09-01,0,"WHO"
"2530","Moldova","MDA",2025,10,2025-10-01,0,"WHO"
"2531","Moldova","MDA",2025,11,2025-11-01,0,"WHO"
"2532","Moldova","MDA",2025,12,2025-12-01,0,"WHO"
"2533","Moldova","MDA",2026,1,2026-01-01,0,"WHO"
"2534","Moldova","MDA",2026,2,2026-02-01,NA,NA
"2535","Moldova","MDA",2026,3,2026-03-01,NA,NA
"2536","Moldova","MDA",2026,4,2026-04-01,NA,NA
"2537","Moldova","MDA",2026,5,2026-05-01,NA,NA
"2538","Moldova","MDA",2026,6,2026-06-01,NA,NA
"2539","Moldova","MDA",2026,7,2026-07-01,NA,NA
"2540","Moldova","MDA",2026,8,2026-08-01,NA,NA
"2541","Moldova","MDA",2026,9,2026-09-01,NA,NA
"2542","Moldova","MDA",2026,10,2026-10-01,NA,NA
"2543","Moldova","MDA",2026,11,2026-11-01,NA,NA
"2544","Moldova","MDA",2026,12,2026-12-01,NA,NA
"2545","Monaco","MCO",2025,1,2025-01-01,0,"WHO"
"2546","Monaco","MCO",2025,2,2025-02-01,0,"WHO"
"2547","Monaco","MCO",2025,3,2025-03-01,0,"WHO"
"2548","Monaco","MCO",2025,4,2025-04-01,0,"WHO"
"2549","Monaco","MCO",2025,5,2025-05-01,0,"WHO"
"2550","Monaco","MCO",2025,6,2025-06-01,0,"WHO"
"2551","Monaco","MCO",2025,7,2025-07-01,0,"WHO"
"2552","Monaco","MCO",2025,8,2025-08-01,0,"WHO"
"2553","Monaco","MCO",2025,9,2025-09-01,0,"WHO"
"2554","Monaco","MCO",2025,10,2025-10-01,0,"WHO"
"2555","Monaco","MCO",2025,11,2025-11-01,0,"WHO"
"2556","Monaco","MCO",2025,12,2025-12-01,0,"WHO"
"2557","Monaco","MCO",2026,1,2026-01-01,0,"WHO"
"2558","Monaco","MCO",2026,2,2026-02-01,NA,NA
"2559","Monaco","MCO",2026,3,2026-03-01,NA,NA
"2560","Monaco","MCO",2026,4,2026-04-01,NA,NA
"2561","Monaco","MCO",2026,5,2026-05-01,NA,NA
"2562","Monaco","MCO",2026,6,2026-06-01,NA,NA
"2563","Monaco","MCO",2026,7,2026-07-01,NA,NA
"2564","Monaco","MCO",2026,8,2026-08-01,NA,NA
"2565","Monaco","MCO",2026,9,2026-09-01,NA,NA
"2566","Monaco","MCO",2026,10,2026-10-01,NA,NA
"2567","Monaco","MCO",2026,11,2026-11-01,NA,NA
"2568","Monaco","MCO",2026,12,2026-12-01,NA,NA
"2569","Montenegro","MNE",2025,1,2025-01-01,0,"WHO"
"2570","Montenegro","MNE",2025,2,2025-02-01,0,"WHO"
"2571","Montenegro","MNE",2025,3,2025-03-01,0,"WHO"
"2572","Montenegro","MNE",2025,4,2025-04-01,0,"WHO"
"2573","Montenegro","MNE",2025,5,2025-05-01,0,"WHO"
"2574","Montenegro","MNE",2025,6,2025-06-01,0,"WHO"
"2575","Montenegro","MNE",2025,7,2025-07-01,0,"WHO"
"2576","Montenegro","MNE",2025,8,2025-08-01,0,"WHO"
"2577","Montenegro","MNE",2025,9,2025-09-01,0,"WHO"
"2578","Montenegro","MNE",2025,10,2025-10-01,0,"WHO"
"2579","Montenegro","MNE",2025,11,2025-11-01,0,"WHO"
"2580","Montenegro","MNE",2025,12,2025-12-01,0,"WHO"
"2581","Montenegro","MNE",2026,1,2026-01-01,0,"WHO"
"2582","Montenegro","MNE",2026,2,2026-02-01,NA,NA
"2583","Montenegro","MNE",2026,3,2026-03-01,NA,NA
"2584","Montenegro","MNE",2026,4,2026-04-01,NA,NA
"2585","Montenegro","MNE",2026,5,2026-05-01,NA,NA
"2586","Montenegro","MNE",2026,6,2026-06-01,NA,NA
"2587","Montenegro","MNE",2026,7,2026-07-01,NA,NA
"2588","Montenegro","MNE",2026,8,2026-08-01,NA,NA
"2589","Montenegro","MNE",2026,9,2026-09-01,NA,NA
"2590","Montenegro","MNE",2026,10,2026-10-01,NA,NA
"2591","Montenegro","MNE",2026,11,2026-11-01,NA,NA
"2592","Montenegro","MNE",2026,12,2026-12-01,NA,NA
"2593","Montserrat","MSR",2025,1,2025-01-01,0,"WHO"
"2594","Montserrat","MSR",2025,2,2025-02-01,0,"WHO"
"2595","Montserrat","MSR",2025,3,2025-03-01,0,"WHO"
"2596","Montserrat","MSR",2025,4,2025-04-01,1,"PAHO"
"2597","Montserrat","MSR",2025,5,2025-05-01,0,"WHO"
"2598","Montserrat","MSR",2025,6,2025-06-01,0,"WHO"
"2599","Montserrat","MSR",2025,7,2025-07-01,0,"WHO"
"2600","Montserrat","MSR",2025,8,2025-08-01,0,"WHO"
"2601","Montserrat","MSR",2025,9,2025-09-01,2,"PAHO"
"2602","Montserrat","MSR",2025,10,2025-10-01,2,"WHO"
"2603","Montserrat","MSR",2025,11,2025-11-01,0,"WHO"
"2604","Montserrat","MSR",2025,12,2025-12-01,NA,"PAHO"
"2605","Montserrat","MSR",2026,1,2026-01-01,NA,"PAHO"
"2606","Montserrat","MSR",2026,2,2026-02-01,NA,NA
"2607","Montserrat","MSR",2026,3,2026-03-01,NA,NA
"2608","Montserrat","MSR",2026,4,2026-04-01,NA,NA
"2609","Montserrat","MSR",2026,5,2026-05-01,NA,NA
"2610","Montserrat","MSR",2026,6,2026-06-01,NA,NA
"2611","Montserrat","MSR",2026,7,2026-07-01,NA,NA
"2612","Montserrat","MSR",2026,8,2026-08-01,NA,NA
"2613","Montserrat","MSR",2026,9,2026-09-01,NA,NA
"2614","Montserrat","MSR",2026,10,2026-10-01,NA,NA
"2615","Montserrat","MSR",2026,11,2026-11-01,NA,NA
"2616","Montserrat","MSR",2026,12,2026-12-01,NA,NA
"2617","Myanmar (Burma)","MMR",2025,1,2025-01-01,172,"SEARO"
"2618","Myanmar (Burma)","MMR",2025,2,2025-02-01,120,"SEARO"
"2619","Myanmar (Burma)","MMR",2025,3,2025-03-01,167,"SEARO"
"2620","Myanmar (Burma)","MMR",2025,4,2025-04-01,235,"SEARO"
"2621","Myanmar (Burma)","MMR",2025,5,2025-05-01,699,"SEARO"
"2622","Myanmar (Burma)","MMR",2025,6,2025-06-01,1744,"SEARO"
"2623","Myanmar (Burma)","MMR",2025,7,2025-07-01,3065,"SEARO"
"2624","Myanmar (Burma)","MMR",2025,8,2025-08-01,2415,"SEARO"
"2625","Myanmar (Burma)","MMR",2025,9,2025-09-01,1576,"SEARO"
"2626","Myanmar (Burma)","MMR",2025,10,2025-10-01,943,"SEARO"
"2627","Myanmar (Burma)","MMR",2025,11,2025-11-01,594,"SEARO"
"2628","Myanmar (Burma)","MMR",2025,12,2025-12-01,310,"SEARO"
"2629","Myanmar (Burma)","MMR",2026,1,2026-01-01,130,"SEARO"
"2630","Myanmar (Burma)","MMR",2026,2,2026-02-01,0,"SEARO"
"2631","Myanmar (Burma)","MMR",2026,3,2026-03-01,0,"SEARO"
"2632","Myanmar (Burma)","MMR",2026,4,2026-04-01,0,"SEARO"
"2633","Myanmar (Burma)","MMR",2026,5,2026-05-01,0,"SEARO"
"2634","Myanmar (Burma)","MMR",2026,6,2026-06-01,0,"SEARO"
"2635","Myanmar (Burma)","MMR",2026,7,2026-07-01,0,"SEARO"
"2636","Myanmar (Burma)","MMR",2026,8,2026-08-01,0,"SEARO"
"2637","Myanmar (Burma)","MMR",2026,9,2026-09-01,0,"SEARO"
"2638","Myanmar (Burma)","MMR",2026,10,2026-10-01,0,"SEARO"
"2639","Myanmar (Burma)","MMR",2026,11,2026-11-01,0,"SEARO"
"2640","Myanmar (Burma)","MMR",2026,12,2026-12-01,0,"SEARO"
"2641","Nauru","NRU",2025,1,2025-01-01,0,"WHO"
"2642","Nauru","NRU",2025,2,2025-02-01,0,"WHO"
"2643","Nauru","NRU",2025,3,2025-03-01,0,"WHO"
"2644","Nauru","NRU",2025,4,2025-04-01,0,"WHO"
"2645","Nauru","NRU",2025,5,2025-05-01,0,"WHO"
"2646","Nauru","NRU",2025,6,2025-06-01,1,"WHO"
"2647","Nauru","NRU",2025,7,2025-07-01,313,"WHO"
"2648","Nauru","NRU",2025,8,2025-08-01,120,"WHO"
"2649","Nauru","NRU",2025,9,2025-09-01,17,"WHO"
"2650","Nauru","NRU",2025,10,2025-10-01,0,"WHO"
"2651","Nauru","NRU",2025,11,2025-11-01,0,"WHO"
"2652","Nauru","NRU",2025,12,2025-12-01,2,"WHO"
"2653","Nauru","NRU",2026,1,2026-01-01,2,"WHO"
"2654","Nauru","NRU",2026,2,2026-02-01,NA,NA
"2655","Nauru","NRU",2026,3,2026-03-01,NA,NA
"2656","Nauru","NRU",2026,4,2026-04-01,NA,NA
"2657","Nauru","NRU",2026,5,2026-05-01,NA,NA
"2658","Nauru","NRU",2026,6,2026-06-01,NA,NA
"2659","Nauru","NRU",2026,7,2026-07-01,NA,NA
"2660","Nauru","NRU",2026,8,2026-08-01,NA,NA
"2661","Nauru","NRU",2026,9,2026-09-01,NA,NA
"2662","Nauru","NRU",2026,10,2026-10-01,NA,NA
"2663","Nauru","NRU",2026,11,2026-11-01,NA,NA
"2664","Nauru","NRU",2026,12,2026-12-01,NA,NA
"2665","Nepal","NPL",2025,1,2025-01-01,259,"SEARO"
"2666","Nepal","NPL",2025,2,2025-02-01,252,"SEARO"
"2667","Nepal","NPL",2025,3,2025-03-01,254,"SEARO"
"2668","Nepal","NPL",2025,4,2025-04-01,224,"SEARO"
"2669","Nepal","NPL",2025,5,2025-05-01,314,"SEARO"
"2670","Nepal","NPL",2025,6,2025-06-01,530,"SEARO"
"2671","Nepal","NPL",2025,7,2025-07-01,830,"SEARO"
"2672","Nepal","NPL",2025,8,2025-08-01,1197,"SEARO"
"2673","Nepal","NPL",2025,9,2025-09-01,1636,"SEARO"
"2674","Nepal","NPL",2025,10,2025-10-01,1869,"SEARO"
"2675","Nepal","NPL",2025,11,2025-11-01,891,"SEARO"
"2676","Nepal","NPL",2025,12,2025-12-01,317,"SEARO"
"2677","Nepal","NPL",2026,1,2026-01-01,144,"SEARO"
"2678","Nepal","NPL",2026,2,2026-02-01,153,"SEARO"
"2679","Nepal","NPL",2026,3,2026-03-01,0,"SEARO"
"2680","Nepal","NPL",2026,4,2026-04-01,0,"SEARO"
"2681","Nepal","NPL",2026,5,2026-05-01,0,"SEARO"
"2682","Nepal","NPL",2026,6,2026-06-01,0,"SEARO"
"2683","Nepal","NPL",2026,7,2026-07-01,0,"SEARO"
"2684","Nepal","NPL",2026,8,2026-08-01,0,"SEARO"
"2685","Nepal","NPL",2026,9,2026-09-01,0,"SEARO"
"2686","Nepal","NPL",2026,10,2026-10-01,0,"SEARO"
"2687","Nepal","NPL",2026,11,2026-11-01,0,"SEARO"
"2688","Nepal","NPL",2026,12,2026-12-01,0,"SEARO"
"2689","Netherlands","NLD",2025,1,2025-01-01,0,"WHO"
"2690","Netherlands","NLD",2025,2,2025-02-01,0,"WHO"
"2691","Netherlands","NLD",2025,3,2025-03-01,0,"WHO"
"2692","Netherlands","NLD",2025,4,2025-04-01,0,"WHO"
"2693","Netherlands","NLD",2025,5,2025-05-01,0,"WHO"
"2694","Netherlands","NLD",2025,6,2025-06-01,0,"WHO"
"2695","Netherlands","NLD",2025,7,2025-07-01,0,"WHO"
"2696","Netherlands","NLD",2025,8,2025-08-01,0,"WHO"
"2697","Netherlands","NLD",2025,9,2025-09-01,0,"WHO"
"2698","Netherlands","NLD",2025,10,2025-10-01,0,"WHO"
"2699","Netherlands","NLD",2025,11,2025-11-01,0,"WHO"
"2700","Netherlands","NLD",2025,12,2025-12-01,0,"WHO"
"2701","Netherlands","NLD",2026,1,2026-01-01,0,"WHO"
"2702","Netherlands","NLD",2026,2,2026-02-01,NA,NA
"2703","Netherlands","NLD",2026,3,2026-03-01,NA,NA
"2704","Netherlands","NLD",2026,4,2026-04-01,NA,NA
"2705","Netherlands","NLD",2026,5,2026-05-01,NA,NA
"2706","Netherlands","NLD",2026,6,2026-06-01,NA,NA
"2707","Netherlands","NLD",2026,7,2026-07-01,NA,NA
"2708","Netherlands","NLD",2026,8,2026-08-01,NA,NA
"2709","Netherlands","NLD",2026,9,2026-09-01,NA,NA
"2710","Netherlands","NLD",2026,10,2026-10-01,NA,NA
"2711","Netherlands","NLD",2026,11,2026-11-01,NA,NA
"2712","Netherlands","NLD",2026,12,2026-12-01,NA,NA
"2713","New Caledonia","NCL",2025,1,2025-01-01,0,"WHO"
"2714","New Caledonia","NCL",2025,2,2025-02-01,0,"WHO"
"2715","New Caledonia","NCL",2025,3,2025-03-01,0,"WHO"
"2716","New Caledonia","NCL",2025,4,2025-04-01,2,"WHO"
"2717","New Caledonia","NCL",2025,5,2025-05-01,1,"WHO"
"2718","New Caledonia","NCL",2025,6,2025-06-01,0,"WHO"
"2719","New Caledonia","NCL",2025,7,2025-07-01,0,"WHO"
"2720","New Caledonia","NCL",2025,8,2025-08-01,0,"WHO"
"2721","New Caledonia","NCL",2025,9,2025-09-01,2,"WHO"
"2722","New Caledonia","NCL",2025,10,2025-10-01,0,"WHO"
"2723","New Caledonia","NCL",2025,11,2025-11-01,0,"WHO"
"2724","New Caledonia","NCL",2025,12,2025-12-01,0,"WHO"
"2725","New Caledonia","NCL",2026,1,2026-01-01,NA,NA
"2726","New Caledonia","NCL",2026,2,2026-02-01,NA,NA
"2727","New Caledonia","NCL",2026,3,2026-03-01,NA,NA
"2728","New Caledonia","NCL",2026,4,2026-04-01,NA,NA
"2729","New Caledonia","NCL",2026,5,2026-05-01,NA,NA
"2730","New Caledonia","NCL",2026,6,2026-06-01,NA,NA
"2731","New Caledonia","NCL",2026,7,2026-07-01,NA,NA
"2732","New Caledonia","NCL",2026,8,2026-08-01,NA,NA
"2733","New Caledonia","NCL",2026,9,2026-09-01,NA,NA
"2734","New Caledonia","NCL",2026,10,2026-10-01,NA,NA
"2735","New Caledonia","NCL",2026,11,2026-11-01,NA,NA
"2736","New Caledonia","NCL",2026,12,2026-12-01,NA,NA
"2737","Nicaragua","NIC",2025,1,2025-01-01,5702,"PAHO"
"2738","Nicaragua","NIC",2025,2,2025-02-01,NA,"WHO"
"2739","Nicaragua","NIC",2025,3,2025-03-01,NA,"WHO"
"2740","Nicaragua","NIC",2025,4,2025-04-01,NA,"WHO"
"2741","Nicaragua","NIC",2025,5,2025-05-01,NA,"WHO"
"2742","Nicaragua","NIC",2025,6,2025-06-01,NA,"WHO"
"2743","Nicaragua","NIC",2025,7,2025-07-01,NA,"WHO"
"2744","Nicaragua","NIC",2025,8,2025-08-01,NA,"WHO"
"2745","Nicaragua","NIC",2025,9,2025-09-01,NA,"WHO"
"2746","Nicaragua","NIC",2025,10,2025-10-01,NA,"WHO"
"2747","Nicaragua","NIC",2025,11,2025-11-01,NA,"WHO"
"2748","Nicaragua","NIC",2025,12,2025-12-01,NA,"WHO"
"2749","Nicaragua","NIC",2026,1,2026-01-01,NA,"WHO"
"2750","Nicaragua","NIC",2026,2,2026-02-01,NA,NA
"2751","Nicaragua","NIC",2026,3,2026-03-01,NA,NA
"2752","Nicaragua","NIC",2026,4,2026-04-01,NA,NA
"2753","Nicaragua","NIC",2026,5,2026-05-01,NA,NA
"2754","Nicaragua","NIC",2026,6,2026-06-01,NA,NA
"2755","Nicaragua","NIC",2026,7,2026-07-01,NA,NA
"2756","Nicaragua","NIC",2026,8,2026-08-01,NA,NA
"2757","Nicaragua","NIC",2026,9,2026-09-01,NA,NA
"2758","Nicaragua","NIC",2026,10,2026-10-01,NA,NA
"2759","Nicaragua","NIC",2026,11,2026-11-01,NA,NA
"2760","Nicaragua","NIC",2026,12,2026-12-01,NA,NA
"2761","Niger","NER",2025,1,2025-01-01,0,"WHO"
"2762","Niger","NER",2025,2,2025-02-01,0,"WHO"
"2763","Niger","NER",2025,3,2025-03-01,0,"WHO"
"2764","Niger","NER",2025,4,2025-04-01,0,"WHO"
"2765","Niger","NER",2025,5,2025-05-01,0,"WHO"
"2766","Niger","NER",2025,6,2025-06-01,0,"WHO"
"2767","Niger","NER",2025,7,2025-07-01,0,"WHO"
"2768","Niger","NER",2025,8,2025-08-01,0,"WHO"
"2769","Niger","NER",2025,9,2025-09-01,0,"WHO"
"2770","Niger","NER",2025,10,2025-10-01,0,"WHO"
"2771","Niger","NER",2025,11,2025-11-01,0,"WHO"
"2772","Niger","NER",2025,12,2025-12-01,0,"WHO"
"2773","Niger","NER",2026,1,2026-01-01,0,"WHO"
"2774","Niger","NER",2026,2,2026-02-01,NA,NA
"2775","Niger","NER",2026,3,2026-03-01,NA,NA
"2776","Niger","NER",2026,4,2026-04-01,NA,NA
"2777","Niger","NER",2026,5,2026-05-01,NA,NA
"2778","Niger","NER",2026,6,2026-06-01,NA,NA
"2779","Niger","NER",2026,7,2026-07-01,NA,NA
"2780","Niger","NER",2026,8,2026-08-01,NA,NA
"2781","Niger","NER",2026,9,2026-09-01,NA,NA
"2782","Niger","NER",2026,10,2026-10-01,NA,NA
"2783","Niger","NER",2026,11,2026-11-01,NA,NA
"2784","Niger","NER",2026,12,2026-12-01,NA,NA
"2785","Niue","NIU",2025,1,2025-01-01,0,"WHO"
"2786","Niue","NIU",2025,2,2025-02-01,0,"WHO"
"2787","Niue","NIU",2025,3,2025-03-01,0,"WHO"
"2788","Niue","NIU",2025,4,2025-04-01,0,"WHO"
"2789","Niue","NIU",2025,5,2025-05-01,0,"WHO"
"2790","Niue","NIU",2025,6,2025-06-01,0,"WHO"
"2791","Niue","NIU",2025,7,2025-07-01,0,"WHO"
"2792","Niue","NIU",2025,8,2025-08-01,0,"WHO"
"2793","Niue","NIU",2025,9,2025-09-01,0,"WHO"
"2794","Niue","NIU",2025,10,2025-10-01,0,"WHO"
"2795","Niue","NIU",2025,11,2025-11-01,0,"WHO"
"2796","Niue","NIU",2025,12,2025-12-01,0,"WHO"
"2797","Niue","NIU",2026,1,2026-01-01,NA,NA
"2798","Niue","NIU",2026,2,2026-02-01,NA,NA
"2799","Niue","NIU",2026,3,2026-03-01,NA,NA
"2800","Niue","NIU",2026,4,2026-04-01,NA,NA
"2801","Niue","NIU",2026,5,2026-05-01,NA,NA
"2802","Niue","NIU",2026,6,2026-06-01,NA,NA
"2803","Niue","NIU",2026,7,2026-07-01,NA,NA
"2804","Niue","NIU",2026,8,2026-08-01,NA,NA
"2805","Niue","NIU",2026,9,2026-09-01,NA,NA
"2806","Niue","NIU",2026,10,2026-10-01,NA,NA
"2807","Niue","NIU",2026,11,2026-11-01,NA,NA
"2808","Niue","NIU",2026,12,2026-12-01,NA,NA
"2809","North Macedonia","MKD",2025,1,2025-01-01,0,"WHO"
"2810","North Macedonia","MKD",2025,2,2025-02-01,0,"WHO"
"2811","North Macedonia","MKD",2025,3,2025-03-01,0,"WHO"
"2812","North Macedonia","MKD",2025,4,2025-04-01,0,"WHO"
"2813","North Macedonia","MKD",2025,5,2025-05-01,0,"WHO"
"2814","North Macedonia","MKD",2025,6,2025-06-01,0,"WHO"
"2815","North Macedonia","MKD",2025,7,2025-07-01,0,"WHO"
"2816","North Macedonia","MKD",2025,8,2025-08-01,0,"WHO"
"2817","North Macedonia","MKD",2025,9,2025-09-01,0,"WHO"
"2818","North Macedonia","MKD",2025,10,2025-10-01,0,"WHO"
"2819","North Macedonia","MKD",2025,11,2025-11-01,0,"WHO"
"2820","North Macedonia","MKD",2025,12,2025-12-01,0,"WHO"
"2821","North Macedonia","MKD",2026,1,2026-01-01,0,"WHO"
"2822","North Macedonia","MKD",2026,2,2026-02-01,NA,NA
"2823","North Macedonia","MKD",2026,3,2026-03-01,NA,NA
"2824","North Macedonia","MKD",2026,4,2026-04-01,NA,NA
"2825","North Macedonia","MKD",2026,5,2026-05-01,NA,NA
"2826","North Macedonia","MKD",2026,6,2026-06-01,NA,NA
"2827","North Macedonia","MKD",2026,7,2026-07-01,NA,NA
"2828","North Macedonia","MKD",2026,8,2026-08-01,NA,NA
"2829","North Macedonia","MKD",2026,9,2026-09-01,NA,NA
"2830","North Macedonia","MKD",2026,10,2026-10-01,NA,NA
"2831","North Macedonia","MKD",2026,11,2026-11-01,NA,NA
"2832","North Macedonia","MKD",2026,12,2026-12-01,NA,NA
"2833","Northern Mariana Islands","MNP",2025,1,2025-01-01,0,"WHO"
"2834","Northern Mariana Islands","MNP",2025,2,2025-02-01,0,"WHO"
"2835","Northern Mariana Islands","MNP",2025,3,2025-03-01,1,"WHO"
"2836","Northern Mariana Islands","MNP",2025,4,2025-04-01,0,"WHO"
"2837","Northern Mariana Islands","MNP",2025,5,2025-05-01,0,"WHO"
"2838","Northern Mariana Islands","MNP",2025,6,2025-06-01,0,"WHO"
"2839","Northern Mariana Islands","MNP",2025,7,2025-07-01,0,"WHO"
"2840","Northern Mariana Islands","MNP",2025,8,2025-08-01,0,"WHO"
"2841","Northern Mariana Islands","MNP",2025,9,2025-09-01,0,"WHO"
"2842","Northern Mariana Islands","MNP",2025,10,2025-10-01,0,"WHO"
"2843","Northern Mariana Islands","MNP",2025,11,2025-11-01,0,"WHO"
"2844","Northern Mariana Islands","MNP",2025,12,2025-12-01,0,"WHO"
"2845","Northern Mariana Islands","MNP",2026,1,2026-01-01,0,"WHO"
"2846","Northern Mariana Islands","MNP",2026,2,2026-02-01,NA,NA
"2847","Northern Mariana Islands","MNP",2026,3,2026-03-01,NA,NA
"2848","Northern Mariana Islands","MNP",2026,4,2026-04-01,NA,NA
"2849","Northern Mariana Islands","MNP",2026,5,2026-05-01,NA,NA
"2850","Northern Mariana Islands","MNP",2026,6,2026-06-01,NA,NA
"2851","Northern Mariana Islands","MNP",2026,7,2026-07-01,NA,NA
"2852","Northern Mariana Islands","MNP",2026,8,2026-08-01,NA,NA
"2853","Northern Mariana Islands","MNP",2026,9,2026-09-01,NA,NA
"2854","Northern Mariana Islands","MNP",2026,10,2026-10-01,NA,NA
"2855","Northern Mariana Islands","MNP",2026,11,2026-11-01,NA,NA
"2856","Northern Mariana Islands","MNP",2026,12,2026-12-01,NA,NA
"2857","Norway","NOR",2025,1,2025-01-01,0,"WHO"
"2858","Norway","NOR",2025,2,2025-02-01,0,"WHO"
"2859","Norway","NOR",2025,3,2025-03-01,0,"WHO"
"2860","Norway","NOR",2025,4,2025-04-01,0,"WHO"
"2861","Norway","NOR",2025,5,2025-05-01,0,"WHO"
"2862","Norway","NOR",2025,6,2025-06-01,0,"WHO"
"2863","Norway","NOR",2025,7,2025-07-01,0,"WHO"
"2864","Norway","NOR",2025,8,2025-08-01,0,"WHO"
"2865","Norway","NOR",2025,9,2025-09-01,0,"WHO"
"2866","Norway","NOR",2025,10,2025-10-01,0,"WHO"
"2867","Norway","NOR",2025,11,2025-11-01,0,"WHO"
"2868","Norway","NOR",2025,12,2025-12-01,0,"WHO"
"2869","Norway","NOR",2026,1,2026-01-01,0,"WHO"
"2870","Norway","NOR",2026,2,2026-02-01,NA,NA
"2871","Norway","NOR",2026,3,2026-03-01,NA,NA
"2872","Norway","NOR",2026,4,2026-04-01,NA,NA
"2873","Norway","NOR",2026,5,2026-05-01,NA,NA
"2874","Norway","NOR",2026,6,2026-06-01,NA,NA
"2875","Norway","NOR",2026,7,2026-07-01,NA,NA
"2876","Norway","NOR",2026,8,2026-08-01,NA,NA
"2877","Norway","NOR",2026,9,2026-09-01,NA,NA
"2878","Norway","NOR",2026,10,2026-10-01,NA,NA
"2879","Norway","NOR",2026,11,2026-11-01,NA,NA
"2880","Norway","NOR",2026,12,2026-12-01,NA,NA
"2881","Pakistan","PAK",2025,1,2025-01-01,3743,"WHO"
"2882","Pakistan","PAK",2025,2,2025-02-01,2496,"WHO"
"2883","Pakistan","PAK",2025,3,2025-03-01,615,"WHO"
"2884","Pakistan","PAK",2025,4,2025-04-01,431,"WHO"
"2885","Pakistan","PAK",2025,5,2025-05-01,499,"WHO"
"2886","Pakistan","PAK",2025,6,2025-06-01,598,"WHO"
"2887","Pakistan","PAK",2025,7,2025-07-01,1029,"WHO"
"2888","Pakistan","PAK",2025,8,2025-08-01,1015,"WHO"
"2889","Pakistan","PAK",2025,9,2025-09-01,3275,"WHO"
"2890","Pakistan","PAK",2025,10,2025-10-01,7780,"WHO"
"2891","Pakistan","PAK",2025,11,2025-11-01,5115,"WHO"
"2892","Pakistan","PAK",2025,12,2025-12-01,884,"WHO"
"2893","Pakistan","PAK",2026,1,2026-01-01,NA,NA
"2894","Pakistan","PAK",2026,2,2026-02-01,NA,NA
"2895","Pakistan","PAK",2026,3,2026-03-01,NA,NA
"2896","Pakistan","PAK",2026,4,2026-04-01,NA,NA
"2897","Pakistan","PAK",2026,5,2026-05-01,NA,NA
"2898","Pakistan","PAK",2026,6,2026-06-01,NA,NA
"2899","Pakistan","PAK",2026,7,2026-07-01,NA,NA
"2900","Pakistan","PAK",2026,8,2026-08-01,NA,NA
"2901","Pakistan","PAK",2026,9,2026-09-01,NA,NA
"2902","Pakistan","PAK",2026,10,2026-10-01,NA,NA
"2903","Pakistan","PAK",2026,11,2026-11-01,NA,NA
"2904","Pakistan","PAK",2026,12,2026-12-01,NA,NA
"2905","Palau","PLW",2025,1,2025-01-01,0,"WHO"
"2906","Palau","PLW",2025,2,2025-02-01,0,"WHO"
"2907","Palau","PLW",2025,3,2025-03-01,0,"WHO"
"2908","Palau","PLW",2025,4,2025-04-01,0,"WHO"
"2909","Palau","PLW",2025,5,2025-05-01,0,"WHO"
"2910","Palau","PLW",2025,6,2025-06-01,1,"WHO"
"2911","Palau","PLW",2025,7,2025-07-01,6,"WHO"
"2912","Palau","PLW",2025,8,2025-08-01,9,"WHO"
"2913","Palau","PLW",2025,9,2025-09-01,10,"WHO"
"2914","Palau","PLW",2025,10,2025-10-01,20,"WHO"
"2915","Palau","PLW",2025,11,2025-11-01,1,"WHO"
"2916","Palau","PLW",2025,12,2025-12-01,0,"WHO"
"2917","Palau","PLW",2026,1,2026-01-01,0,"WHO"
"2918","Palau","PLW",2026,2,2026-02-01,NA,NA
"2919","Palau","PLW",2026,3,2026-03-01,NA,NA
"2920","Palau","PLW",2026,4,2026-04-01,NA,NA
"2921","Palau","PLW",2026,5,2026-05-01,NA,NA
"2922","Palau","PLW",2026,6,2026-06-01,NA,NA
"2923","Palau","PLW",2026,7,2026-07-01,NA,NA
"2924","Palau","PLW",2026,8,2026-08-01,NA,NA
"2925","Palau","PLW",2026,9,2026-09-01,NA,NA
"2926","Palau","PLW",2026,10,2026-10-01,NA,NA
"2927","Palau","PLW",2026,11,2026-11-01,NA,NA
"2928","Palau","PLW",2026,12,2026-12-01,NA,NA
"2929","Panama","PAN",2025,1,2025-01-01,2339,"PAHO"
"2930","Panama","PAN",2025,2,2025-02-01,1335,"PAHO"
"2931","Panama","PAN",2025,3,2025-03-01,1273,"PAHO"
"2932","Panama","PAN",2025,4,2025-04-01,827,"PAHO"
"2933","Panama","PAN",2025,5,2025-05-01,962,"PAHO"
"2934","Panama","PAN",2025,6,2025-06-01,1813,"PAHO"
"2935","Panama","PAN",2025,7,2025-07-01,2331,"PAHO"
"2936","Panama","PAN",2025,8,2025-08-01,1989,"PAHO"
"2937","Panama","PAN",2025,9,2025-09-01,2316,"PAHO"
"2938","Panama","PAN",2025,10,2025-10-01,1570,"PAHO"
"2939","Panama","PAN",2025,11,2025-11-01,1348,"PAHO"
"2940","Panama","PAN",2025,12,2025-12-01,1409,"PAHO"
"2941","Panama","PAN",2026,1,2026-01-01,1090,"PAHO"
"2942","Panama","PAN",2026,2,2026-02-01,526,"PAHO"
"2943","Panama","PAN",2026,3,2026-03-01,NA,NA
"2944","Panama","PAN",2026,4,2026-04-01,NA,NA
"2945","Panama","PAN",2026,5,2026-05-01,NA,NA
"2946","Panama","PAN",2026,6,2026-06-01,NA,NA
"2947","Panama","PAN",2026,7,2026-07-01,NA,NA
"2948","Panama","PAN",2026,8,2026-08-01,NA,NA
"2949","Panama","PAN",2026,9,2026-09-01,NA,NA
"2950","Panama","PAN",2026,10,2026-10-01,NA,NA
"2951","Panama","PAN",2026,11,2026-11-01,NA,NA
"2952","Panama","PAN",2026,12,2026-12-01,NA,NA
"2953","Paraguay","PRY",2025,1,2025-01-01,4664,"PAHO"
"2954","Paraguay","PRY",2025,2,2025-02-01,3832,"PAHO"
"2955","Paraguay","PRY",2025,3,2025-03-01,4747,"PAHO"
"2956","Paraguay","PRY",2025,4,2025-04-01,2923,"PAHO"
"2957","Paraguay","PRY",2025,5,2025-05-01,3701,"PAHO"
"2958","Paraguay","PRY",2025,6,2025-06-01,1971,"PAHO"
"2959","Paraguay","PRY",2025,7,2025-07-01,870,"PAHO"
"2960","Paraguay","PRY",2025,8,2025-08-01,877,"PAHO"
"2961","Paraguay","PRY",2025,9,2025-09-01,1338,"PAHO"
"2962","Paraguay","PRY",2025,10,2025-10-01,1750,"PAHO"
"2963","Paraguay","PRY",2025,11,2025-11-01,2523,"PAHO"
"2964","Paraguay","PRY",2025,12,2025-12-01,2460,"PAHO"
"2965","Paraguay","PRY",2026,1,2026-01-01,2900,"PAHO"
"2966","Paraguay","PRY",2026,2,2026-02-01,1436,"PAHO"
"2967","Paraguay","PRY",2026,3,2026-03-01,NA,NA
"2968","Paraguay","PRY",2026,4,2026-04-01,NA,NA
"2969","Paraguay","PRY",2026,5,2026-05-01,NA,NA
"2970","Paraguay","PRY",2026,6,2026-06-01,NA,NA
"2971","Paraguay","PRY",2026,7,2026-07-01,NA,NA
"2972","Paraguay","PRY",2026,8,2026-08-01,NA,NA
"2973","Paraguay","PRY",2026,9,2026-09-01,NA,NA
"2974","Paraguay","PRY",2026,10,2026-10-01,NA,NA
"2975","Paraguay","PRY",2026,11,2026-11-01,NA,NA
"2976","Paraguay","PRY",2026,12,2026-12-01,NA,NA
"2977","Peru","PER",2025,1,2025-01-01,6182,"PAHO"
"2978","Peru","PER",2025,2,2025-02-01,4516,"PAHO"
"2979","Peru","PER",2025,3,2025-03-01,7093,"PAHO"
"2980","Peru","PER",2025,4,2025-04-01,6207,"PAHO"
"2981","Peru","PER",2025,5,2025-05-01,3573,"PAHO"
"2982","Peru","PER",2025,6,2025-06-01,2451,"PAHO"
"2983","Peru","PER",2025,7,2025-07-01,1191,"PAHO"
"2984","Peru","PER",2025,8,2025-08-01,1039,"PAHO"
"2985","Peru","PER",2025,9,2025-09-01,1002,"PAHO"
"2986","Peru","PER",2025,10,2025-10-01,956,"PAHO"
"2987","Peru","PER",2025,11,2025-11-01,1614,"PAHO"
"2988","Peru","PER",2025,12,2025-12-01,2505,"PAHO"
"2989","Peru","PER",2026,1,2026-01-01,3311,"PAHO"
"2990","Peru","PER",2026,2,2026-02-01,4146,"PAHO"
"2991","Peru","PER",2026,3,2026-03-01,NA,NA
"2992","Peru","PER",2026,4,2026-04-01,NA,NA
"2993","Peru","PER",2026,5,2026-05-01,NA,NA
"2994","Peru","PER",2026,6,2026-06-01,NA,NA
"2995","Peru","PER",2026,7,2026-07-01,NA,NA
"2996","Peru","PER",2026,8,2026-08-01,NA,NA
"2997","Peru","PER",2026,9,2026-09-01,NA,NA
"2998","Peru","PER",2026,10,2026-10-01,NA,NA
"2999","Peru","PER",2026,11,2026-11-01,NA,NA
"3000","Peru","PER",2026,12,2026-12-01,NA,NA
"3001","Pitcairn Islands","PCN",2025,1,2025-01-01,0,"WHO"
"3002","Pitcairn Islands","PCN",2025,2,2025-02-01,0,"WHO"
"3003","Pitcairn Islands","PCN",2025,3,2025-03-01,1,"WHO"
"3004","Pitcairn Islands","PCN",2025,4,2025-04-01,0,"WHO"
"3005","Pitcairn Islands","PCN",2025,5,2025-05-01,0,"WHO"
"3006","Pitcairn Islands","PCN",2025,6,2025-06-01,0,"WHO"
"3007","Pitcairn Islands","PCN",2025,7,2025-07-01,0,"WHO"
"3008","Pitcairn Islands","PCN",2025,8,2025-08-01,0,"WHO"
"3009","Pitcairn Islands","PCN",2025,9,2025-09-01,0,"WHO"
"3010","Pitcairn Islands","PCN",2025,10,2025-10-01,0,"WHO"
"3011","Pitcairn Islands","PCN",2025,11,2025-11-01,0,"WHO"
"3012","Pitcairn Islands","PCN",2025,12,2025-12-01,0,"WHO"
"3013","Pitcairn Islands","PCN",2026,1,2026-01-01,0,"WHO"
"3014","Pitcairn Islands","PCN",2026,2,2026-02-01,NA,NA
"3015","Pitcairn Islands","PCN",2026,3,2026-03-01,NA,NA
"3016","Pitcairn Islands","PCN",2026,4,2026-04-01,NA,NA
"3017","Pitcairn Islands","PCN",2026,5,2026-05-01,NA,NA
"3018","Pitcairn Islands","PCN",2026,6,2026-06-01,NA,NA
"3019","Pitcairn Islands","PCN",2026,7,2026-07-01,NA,NA
"3020","Pitcairn Islands","PCN",2026,8,2026-08-01,NA,NA
"3021","Pitcairn Islands","PCN",2026,9,2026-09-01,NA,NA
"3022","Pitcairn Islands","PCN",2026,10,2026-10-01,NA,NA
"3023","Pitcairn Islands","PCN",2026,11,2026-11-01,NA,NA
"3024","Pitcairn Islands","PCN",2026,12,2026-12-01,NA,NA
"3025","Poland","POL",2025,1,2025-01-01,0,"WHO"
"3026","Poland","POL",2025,2,2025-02-01,0,"WHO"
"3027","Poland","POL",2025,3,2025-03-01,0,"WHO"
"3028","Poland","POL",2025,4,2025-04-01,0,"WHO"
"3029","Poland","POL",2025,5,2025-05-01,0,"WHO"
"3030","Poland","POL",2025,6,2025-06-01,0,"WHO"
"3031","Poland","POL",2025,7,2025-07-01,0,"WHO"
"3032","Poland","POL",2025,8,2025-08-01,0,"WHO"
"3033","Poland","POL",2025,9,2025-09-01,0,"WHO"
"3034","Poland","POL",2025,10,2025-10-01,0,"WHO"
"3035","Poland","POL",2025,11,2025-11-01,0,"WHO"
"3036","Poland","POL",2025,12,2025-12-01,0,"WHO"
"3037","Poland","POL",2026,1,2026-01-01,0,"WHO"
"3038","Poland","POL",2026,2,2026-02-01,NA,NA
"3039","Poland","POL",2026,3,2026-03-01,NA,NA
"3040","Poland","POL",2026,4,2026-04-01,NA,NA
"3041","Poland","POL",2026,5,2026-05-01,NA,NA
"3042","Poland","POL",2026,6,2026-06-01,NA,NA
"3043","Poland","POL",2026,7,2026-07-01,NA,NA
"3044","Poland","POL",2026,8,2026-08-01,NA,NA
"3045","Poland","POL",2026,9,2026-09-01,NA,NA
"3046","Poland","POL",2026,10,2026-10-01,NA,NA
"3047","Poland","POL",2026,11,2026-11-01,NA,NA
"3048","Poland","POL",2026,12,2026-12-01,NA,NA
"3049","Portugal","PRT",2025,1,2025-01-01,0,"WHO"
"3050","Portugal","PRT",2025,2,2025-02-01,0,"WHO"
"3051","Portugal","PRT",2025,3,2025-03-01,0,"WHO"
"3052","Portugal","PRT",2025,4,2025-04-01,0,"WHO"
"3053","Portugal","PRT",2025,5,2025-05-01,0,"WHO"
"3054","Portugal","PRT",2025,6,2025-06-01,0,"WHO"
"3055","Portugal","PRT",2025,7,2025-07-01,0,"WHO"
"3056","Portugal","PRT",2025,8,2025-08-01,0,"WHO"
"3057","Portugal","PRT",2025,9,2025-09-01,0,"WHO"
"3058","Portugal","PRT",2025,10,2025-10-01,0,"WHO"
"3059","Portugal","PRT",2025,11,2025-11-01,0,"WHO"
"3060","Portugal","PRT",2025,12,2025-12-01,0,"WHO"
"3061","Portugal","PRT",2026,1,2026-01-01,0,"WHO"
"3062","Portugal","PRT",2026,2,2026-02-01,NA,NA
"3063","Portugal","PRT",2026,3,2026-03-01,NA,NA
"3064","Portugal","PRT",2026,4,2026-04-01,NA,NA
"3065","Portugal","PRT",2026,5,2026-05-01,NA,NA
"3066","Portugal","PRT",2026,6,2026-06-01,NA,NA
"3067","Portugal","PRT",2026,7,2026-07-01,NA,NA
"3068","Portugal","PRT",2026,8,2026-08-01,NA,NA
"3069","Portugal","PRT",2026,9,2026-09-01,NA,NA
"3070","Portugal","PRT",2026,10,2026-10-01,NA,NA
"3071","Portugal","PRT",2026,11,2026-11-01,NA,NA
"3072","Portugal","PRT",2026,12,2026-12-01,NA,NA
"3073","Puerto Rico","PRI",2025,1,2025-01-01,662,"PAHO"
"3074","Puerto Rico","PRI",2025,2,2025-02-01,389,"PAHO"
"3075","Puerto Rico","PRI",2025,3,2025-03-01,327,"PAHO"
"3076","Puerto Rico","PRI",2025,4,2025-04-01,193,"PAHO"
"3077","Puerto Rico","PRI",2025,5,2025-05-01,191,"PAHO"
"3078","Puerto Rico","PRI",2025,6,2025-06-01,295,"PAHO"
"3079","Puerto Rico","PRI",2025,7,2025-07-01,208,"PAHO"
"3080","Puerto Rico","PRI",2025,8,2025-08-01,193,"PAHO"
"3081","Puerto Rico","PRI",2025,9,2025-09-01,229,"PAHO"
"3082","Puerto Rico","PRI",2025,10,2025-10-01,269,"PAHO"
"3083","Puerto Rico","PRI",2025,11,2025-11-01,242,"PAHO"
"3084","Puerto Rico","PRI",2025,12,2025-12-01,121,"PAHO"
"3085","Puerto Rico","PRI",2026,1,2026-01-01,235,"PAHO"
"3086","Puerto Rico","PRI",2026,2,2026-02-01,33,"PAHO"
"3087","Puerto Rico","PRI",2026,3,2026-03-01,NA,NA
"3088","Puerto Rico","PRI",2026,4,2026-04-01,NA,NA
"3089","Puerto Rico","PRI",2026,5,2026-05-01,NA,NA
"3090","Puerto Rico","PRI",2026,6,2026-06-01,NA,NA
"3091","Puerto Rico","PRI",2026,7,2026-07-01,NA,NA
"3092","Puerto Rico","PRI",2026,8,2026-08-01,NA,NA
"3093","Puerto Rico","PRI",2026,9,2026-09-01,NA,NA
"3094","Puerto Rico","PRI",2026,10,2026-10-01,NA,NA
"3095","Puerto Rico","PRI",2026,11,2026-11-01,NA,NA
"3096","Puerto Rico","PRI",2026,12,2026-12-01,NA,NA
"3097","Réunion","REU",2025,1,2025-01-01,10,"WHO"
"3098","Réunion","REU",2025,2,2025-02-01,0,"WHO"
"3099","Réunion","REU",2025,3,2025-03-01,2,"WHO"
"3100","Réunion","REU",2025,4,2025-04-01,5,"WHO"
"3101","Réunion","REU",2025,5,2025-05-01,0,"WHO"
"3102","Réunion","REU",2025,6,2025-06-01,0,"WHO"
"3103","Réunion","REU",2025,7,2025-07-01,0,"WHO"
"3104","Réunion","REU",2025,8,2025-08-01,0,"WHO"
"3105","Réunion","REU",2025,9,2025-09-01,0,"WHO"
"3106","Réunion","REU",2025,10,2025-10-01,0,"WHO"
"3107","Réunion","REU",2025,11,2025-11-01,0,"WHO"
"3108","Réunion","REU",2025,12,2025-12-01,0,"WHO"
"3109","Réunion","REU",2026,1,2026-01-01,10,"WHO"
"3110","Réunion","REU",2026,2,2026-02-01,NA,NA
"3111","Réunion","REU",2026,3,2026-03-01,NA,NA
"3112","Réunion","REU",2026,4,2026-04-01,NA,NA
"3113","Réunion","REU",2026,5,2026-05-01,NA,NA
"3114","Réunion","REU",2026,6,2026-06-01,NA,NA
"3115","Réunion","REU",2026,7,2026-07-01,NA,NA
"3116","Réunion","REU",2026,8,2026-08-01,NA,NA
"3117","Réunion","REU",2026,9,2026-09-01,NA,NA
"3118","Réunion","REU",2026,10,2026-10-01,NA,NA
"3119","Réunion","REU",2026,11,2026-11-01,NA,NA
"3120","Réunion","REU",2026,12,2026-12-01,NA,NA
"3121","Romania","ROU",2025,1,2025-01-01,0,"WHO"
"3122","Romania","ROU",2025,2,2025-02-01,0,"WHO"
"3123","Romania","ROU",2025,3,2025-03-01,0,"WHO"
"3124","Romania","ROU",2025,4,2025-04-01,0,"WHO"
"3125","Romania","ROU",2025,5,2025-05-01,0,"WHO"
"3126","Romania","ROU",2025,6,2025-06-01,0,"WHO"
"3127","Romania","ROU",2025,7,2025-07-01,0,"WHO"
"3128","Romania","ROU",2025,8,2025-08-01,0,"WHO"
"3129","Romania","ROU",2025,9,2025-09-01,0,"WHO"
"3130","Romania","ROU",2025,10,2025-10-01,0,"WHO"
"3131","Romania","ROU",2025,11,2025-11-01,0,"WHO"
"3132","Romania","ROU",2025,12,2025-12-01,0,"WHO"
"3133","Romania","ROU",2026,1,2026-01-01,0,"WHO"
"3134","Romania","ROU",2026,2,2026-02-01,NA,NA
"3135","Romania","ROU",2026,3,2026-03-01,NA,NA
"3136","Romania","ROU",2026,4,2026-04-01,NA,NA
"3137","Romania","ROU",2026,5,2026-05-01,NA,NA
"3138","Romania","ROU",2026,6,2026-06-01,NA,NA
"3139","Romania","ROU",2026,7,2026-07-01,NA,NA
"3140","Romania","ROU",2026,8,2026-08-01,NA,NA
"3141","Romania","ROU",2026,9,2026-09-01,NA,NA
"3142","Romania","ROU",2026,10,2026-10-01,NA,NA
"3143","Romania","ROU",2026,11,2026-11-01,NA,NA
"3144","Romania","ROU",2026,12,2026-12-01,NA,NA
"3145","Russia","RUS",2025,1,2025-01-01,0,"WHO"
"3146","Russia","RUS",2025,2,2025-02-01,0,"WHO"
"3147","Russia","RUS",2025,3,2025-03-01,0,"WHO"
"3148","Russia","RUS",2025,4,2025-04-01,0,"WHO"
"3149","Russia","RUS",2025,5,2025-05-01,0,"WHO"
"3150","Russia","RUS",2025,6,2025-06-01,0,"WHO"
"3151","Russia","RUS",2025,7,2025-07-01,0,"WHO"
"3152","Russia","RUS",2025,8,2025-08-01,0,"WHO"
"3153","Russia","RUS",2025,9,2025-09-01,0,"WHO"
"3154","Russia","RUS",2025,10,2025-10-01,0,"WHO"
"3155","Russia","RUS",2025,11,2025-11-01,0,"WHO"
"3156","Russia","RUS",2025,12,2025-12-01,0,"WHO"
"3157","Russia","RUS",2026,1,2026-01-01,0,"WHO"
"3158","Russia","RUS",2026,2,2026-02-01,NA,NA
"3159","Russia","RUS",2026,3,2026-03-01,NA,NA
"3160","Russia","RUS",2026,4,2026-04-01,NA,NA
"3161","Russia","RUS",2026,5,2026-05-01,NA,NA
"3162","Russia","RUS",2026,6,2026-06-01,NA,NA
"3163","Russia","RUS",2026,7,2026-07-01,NA,NA
"3164","Russia","RUS",2026,8,2026-08-01,NA,NA
"3165","Russia","RUS",2026,9,2026-09-01,NA,NA
"3166","Russia","RUS",2026,10,2026-10-01,NA,NA
"3167","Russia","RUS",2026,11,2026-11-01,NA,NA
"3168","Russia","RUS",2026,12,2026-12-01,NA,NA
"3169","Rwanda","RWA",2025,1,2025-01-01,0,"WHO"
"3170","Rwanda","RWA",2025,2,2025-02-01,0,"WHO"
"3171","Rwanda","RWA",2025,3,2025-03-01,0,"WHO"
"3172","Rwanda","RWA",2025,4,2025-04-01,0,"WHO"
"3173","Rwanda","RWA",2025,5,2025-05-01,0,"WHO"
"3174","Rwanda","RWA",2025,6,2025-06-01,0,"WHO"
"3175","Rwanda","RWA",2025,7,2025-07-01,0,"WHO"
"3176","Rwanda","RWA",2025,8,2025-08-01,0,"WHO"
"3177","Rwanda","RWA",2025,9,2025-09-01,0,"WHO"
"3178","Rwanda","RWA",2025,10,2025-10-01,0,"WHO"
"3179","Rwanda","RWA",2025,11,2025-11-01,0,"WHO"
"3180","Rwanda","RWA",2025,12,2025-12-01,0,"WHO"
"3181","Rwanda","RWA",2026,1,2026-01-01,0,"WHO"
"3182","Rwanda","RWA",2026,2,2026-02-01,NA,NA
"3183","Rwanda","RWA",2026,3,2026-03-01,NA,NA
"3184","Rwanda","RWA",2026,4,2026-04-01,NA,NA
"3185","Rwanda","RWA",2026,5,2026-05-01,NA,NA
"3186","Rwanda","RWA",2026,6,2026-06-01,NA,NA
"3187","Rwanda","RWA",2026,7,2026-07-01,NA,NA
"3188","Rwanda","RWA",2026,8,2026-08-01,NA,NA
"3189","Rwanda","RWA",2026,9,2026-09-01,NA,NA
"3190","Rwanda","RWA",2026,10,2026-10-01,NA,NA
"3191","Rwanda","RWA",2026,11,2026-11-01,NA,NA
"3192","Rwanda","RWA",2026,12,2026-12-01,NA,NA
"3193","Saint Martin","MAF",2025,1,2025-01-01,53,"PAHO"
"3194","Saint Martin","MAF",2025,2,2025-02-01,17,"PAHO"
"3195","Saint Martin","MAF",2025,3,2025-03-01,18,"PAHO"
"3196","Saint Martin","MAF",2025,4,2025-04-01,32,"PAHO"
"3197","Saint Martin","MAF",2025,5,2025-05-01,34,"PAHO"
"3198","Saint Martin","MAF",2025,6,2025-06-01,30,"PAHO"
"3199","Saint Martin","MAF",2025,7,2025-07-01,NA,"PAHO"
"3200","Saint Martin","MAF",2025,8,2025-08-01,NA,"PAHO"
"3201","Saint Martin","MAF",2025,9,2025-09-01,20,"WHO"
"3202","Saint Martin","MAF",2025,10,2025-10-01,NA,"PAHO"
"3203","Saint Martin","MAF",2025,11,2025-11-01,5,"WHO"
"3204","Saint Martin","MAF",2025,12,2025-12-01,5,"PAHO"
"3205","Saint Martin","MAF",2026,1,2026-01-01,0,"WHO"
"3206","Saint Martin","MAF",2026,2,2026-02-01,4,"PAHO"
"3207","Saint Martin","MAF",2026,3,2026-03-01,NA,NA
"3208","Saint Martin","MAF",2026,4,2026-04-01,NA,NA
"3209","Saint Martin","MAF",2026,5,2026-05-01,NA,NA
"3210","Saint Martin","MAF",2026,6,2026-06-01,NA,NA
"3211","Saint Martin","MAF",2026,7,2026-07-01,NA,NA
"3212","Saint Martin","MAF",2026,8,2026-08-01,NA,NA
"3213","Saint Martin","MAF",2026,9,2026-09-01,NA,NA
"3214","Saint Martin","MAF",2026,10,2026-10-01,NA,NA
"3215","Saint Martin","MAF",2026,11,2026-11-01,NA,NA
"3216","Saint Martin","MAF",2026,12,2026-12-01,NA,NA
"3217","Samoa","WSM",2025,1,2025-01-01,4,"WHO"
"3218","Samoa","WSM",2025,2,2025-02-01,1,"WHO"
"3219","Samoa","WSM",2025,3,2025-03-01,0,"WHO"
"3220","Samoa","WSM",2025,4,2025-04-01,40,"WHO"
"3221","Samoa","WSM",2025,5,2025-05-01,227,"WHO"
"3222","Samoa","WSM",2025,6,2025-06-01,599,"WHO"
"3223","Samoa","WSM",2025,7,2025-07-01,5131,"WHO"
"3224","Samoa","WSM",2025,8,2025-08-01,5925,"WHO"
"3225","Samoa","WSM",2025,9,2025-09-01,2410,"WHO"
"3226","Samoa","WSM",2025,10,2025-10-01,1528,"WHO"
"3227","Samoa","WSM",2025,11,2025-11-01,485,"WHO"
"3228","Samoa","WSM",2025,12,2025-12-01,146,"WHO"
"3229","Samoa","WSM",2026,1,2026-01-01,169,"WHO"
"3230","Samoa","WSM",2026,2,2026-02-01,NA,NA
"3231","Samoa","WSM",2026,3,2026-03-01,NA,NA
"3232","Samoa","WSM",2026,4,2026-04-01,NA,NA
"3233","Samoa","WSM",2026,5,2026-05-01,NA,NA
"3234","Samoa","WSM",2026,6,2026-06-01,NA,NA
"3235","Samoa","WSM",2026,7,2026-07-01,NA,NA
"3236","Samoa","WSM",2026,8,2026-08-01,NA,NA
"3237","Samoa","WSM",2026,9,2026-09-01,NA,NA
"3238","Samoa","WSM",2026,10,2026-10-01,NA,NA
"3239","Samoa","WSM",2026,11,2026-11-01,NA,NA
"3240","Samoa","WSM",2026,12,2026-12-01,NA,NA
"3241","San Marino","SMR",2025,1,2025-01-01,0,"WHO"
"3242","San Marino","SMR",2025,2,2025-02-01,0,"WHO"
"3243","San Marino","SMR",2025,3,2025-03-01,0,"WHO"
"3244","San Marino","SMR",2025,4,2025-04-01,0,"WHO"
"3245","San Marino","SMR",2025,5,2025-05-01,0,"WHO"
"3246","San Marino","SMR",2025,6,2025-06-01,0,"WHO"
"3247","San Marino","SMR",2025,7,2025-07-01,0,"WHO"
"3248","San Marino","SMR",2025,8,2025-08-01,0,"WHO"
"3249","San Marino","SMR",2025,9,2025-09-01,0,"WHO"
"3250","San Marino","SMR",2025,10,2025-10-01,0,"WHO"
"3251","San Marino","SMR",2025,11,2025-11-01,0,"WHO"
"3252","San Marino","SMR",2025,12,2025-12-01,0,"WHO"
"3253","San Marino","SMR",2026,1,2026-01-01,0,"WHO"
"3254","San Marino","SMR",2026,2,2026-02-01,NA,NA
"3255","San Marino","SMR",2026,3,2026-03-01,NA,NA
"3256","San Marino","SMR",2026,4,2026-04-01,NA,NA
"3257","San Marino","SMR",2026,5,2026-05-01,NA,NA
"3258","San Marino","SMR",2026,6,2026-06-01,NA,NA
"3259","San Marino","SMR",2026,7,2026-07-01,NA,NA
"3260","San Marino","SMR",2026,8,2026-08-01,NA,NA
"3261","San Marino","SMR",2026,9,2026-09-01,NA,NA
"3262","San Marino","SMR",2026,10,2026-10-01,NA,NA
"3263","San Marino","SMR",2026,11,2026-11-01,NA,NA
"3264","San Marino","SMR",2026,12,2026-12-01,NA,NA
"3265","São Tomé & Príncipe","STP",2025,1,2025-01-01,0,"WHO"
"3266","São Tomé & Príncipe","STP",2025,2,2025-02-01,0,"WHO"
"3267","São Tomé & Príncipe","STP",2025,3,2025-03-01,0,"WHO"
"3268","São Tomé & Príncipe","STP",2025,4,2025-04-01,0,"WHO"
"3269","São Tomé & Príncipe","STP",2025,5,2025-05-01,0,"WHO"
"3270","São Tomé & Príncipe","STP",2025,6,2025-06-01,0,"WHO"
"3271","São Tomé & Príncipe","STP",2025,7,2025-07-01,0,"WHO"
"3272","São Tomé & Príncipe","STP",2025,8,2025-08-01,0,"WHO"
"3273","São Tomé & Príncipe","STP",2025,9,2025-09-01,0,"WHO"
"3274","São Tomé & Príncipe","STP",2025,10,2025-10-01,0,"WHO"
"3275","São Tomé & Príncipe","STP",2025,11,2025-11-01,0,"WHO"
"3276","São Tomé & Príncipe","STP",2025,12,2025-12-01,0,"WHO"
"3277","São Tomé & Príncipe","STP",2026,1,2026-01-01,0,"WHO"
"3278","São Tomé & Príncipe","STP",2026,2,2026-02-01,NA,NA
"3279","São Tomé & Príncipe","STP",2026,3,2026-03-01,NA,NA
"3280","São Tomé & Príncipe","STP",2026,4,2026-04-01,NA,NA
"3281","São Tomé & Príncipe","STP",2026,5,2026-05-01,NA,NA
"3282","São Tomé & Príncipe","STP",2026,6,2026-06-01,NA,NA
"3283","São Tomé & Príncipe","STP",2026,7,2026-07-01,NA,NA
"3284","São Tomé & Príncipe","STP",2026,8,2026-08-01,NA,NA
"3285","São Tomé & Príncipe","STP",2026,9,2026-09-01,NA,NA
"3286","São Tomé & Príncipe","STP",2026,10,2026-10-01,NA,NA
"3287","São Tomé & Príncipe","STP",2026,11,2026-11-01,NA,NA
"3288","São Tomé & Príncipe","STP",2026,12,2026-12-01,NA,NA
"3289","Senegal","SEN",2025,1,2025-01-01,92,"WHO"
"3290","Senegal","SEN",2025,2,2025-02-01,140,"WHO"
"3291","Senegal","SEN",2025,3,2025-03-01,89,"WHO"
"3292","Senegal","SEN",2025,4,2025-04-01,130,"WHO"
"3293","Senegal","SEN",2025,5,2025-05-01,201,"WHO"
"3294","Senegal","SEN",2025,6,2025-06-01,225,"WHO"
"3295","Senegal","SEN",2025,7,2025-07-01,304,"WHO"
"3296","Senegal","SEN",2025,8,2025-08-01,356,"WHO"
"3297","Senegal","SEN",2025,9,2025-09-01,878,"WHO"
"3298","Senegal","SEN",2025,10,2025-10-01,3616,"WHO"
"3299","Senegal","SEN",2025,11,2025-11-01,4923,"WHO"
"3300","Senegal","SEN",2025,12,2025-12-01,1509,"WHO"
"3301","Senegal","SEN",2026,1,2026-01-01,455,"WHO"
"3302","Senegal","SEN",2026,2,2026-02-01,NA,NA
"3303","Senegal","SEN",2026,3,2026-03-01,NA,NA
"3304","Senegal","SEN",2026,4,2026-04-01,NA,NA
"3305","Senegal","SEN",2026,5,2026-05-01,NA,NA
"3306","Senegal","SEN",2026,6,2026-06-01,NA,NA
"3307","Senegal","SEN",2026,7,2026-07-01,NA,NA
"3308","Senegal","SEN",2026,8,2026-08-01,NA,NA
"3309","Senegal","SEN",2026,9,2026-09-01,NA,NA
"3310","Senegal","SEN",2026,10,2026-10-01,NA,NA
"3311","Senegal","SEN",2026,11,2026-11-01,NA,NA
"3312","Senegal","SEN",2026,12,2026-12-01,NA,NA
"3313","Serbia","SRB",2025,1,2025-01-01,0,"WHO"
"3314","Serbia","SRB",2025,2,2025-02-01,0,"WHO"
"3315","Serbia","SRB",2025,3,2025-03-01,0,"WHO"
"3316","Serbia","SRB",2025,4,2025-04-01,0,"WHO"
"3317","Serbia","SRB",2025,5,2025-05-01,0,"WHO"
"3318","Serbia","SRB",2025,6,2025-06-01,0,"WHO"
"3319","Serbia","SRB",2025,7,2025-07-01,0,"WHO"
"3320","Serbia","SRB",2025,8,2025-08-01,0,"WHO"
"3321","Serbia","SRB",2025,9,2025-09-01,0,"WHO"
"3322","Serbia","SRB",2025,10,2025-10-01,0,"WHO"
"3323","Serbia","SRB",2025,11,2025-11-01,0,"WHO"
"3324","Serbia","SRB",2025,12,2025-12-01,0,"WHO"
"3325","Serbia","SRB",2026,1,2026-01-01,0,"WHO"
"3326","Serbia","SRB",2026,2,2026-02-01,NA,NA
"3327","Serbia","SRB",2026,3,2026-03-01,NA,NA
"3328","Serbia","SRB",2026,4,2026-04-01,NA,NA
"3329","Serbia","SRB",2026,5,2026-05-01,NA,NA
"3330","Serbia","SRB",2026,6,2026-06-01,NA,NA
"3331","Serbia","SRB",2026,7,2026-07-01,NA,NA
"3332","Serbia","SRB",2026,8,2026-08-01,NA,NA
"3333","Serbia","SRB",2026,9,2026-09-01,NA,NA
"3334","Serbia","SRB",2026,10,2026-10-01,NA,NA
"3335","Serbia","SRB",2026,11,2026-11-01,NA,NA
"3336","Serbia","SRB",2026,12,2026-12-01,NA,NA
"3337","Seychelles","SYC",2025,1,2025-01-01,1,"WHO"
"3338","Seychelles","SYC",2025,2,2025-02-01,0,"WHO"
"3339","Seychelles","SYC",2025,3,2025-03-01,0,"WHO"
"3340","Seychelles","SYC",2025,4,2025-04-01,10,"WHO"
"3341","Seychelles","SYC",2025,5,2025-05-01,1,"WHO"
"3342","Seychelles","SYC",2025,6,2025-06-01,NA,NA
"3343","Seychelles","SYC",2025,7,2025-07-01,0,"WHO"
"3344","Seychelles","SYC",2025,8,2025-08-01,7,"WHO"
"3345","Seychelles","SYC",2025,9,2025-09-01,5,"WHO"
"3346","Seychelles","SYC",2025,10,2025-10-01,7,"WHO"
"3347","Seychelles","SYC",2025,11,2025-11-01,14,"WHO"
"3348","Seychelles","SYC",2025,12,2025-12-01,60,"WHO"
"3349","Seychelles","SYC",2026,1,2026-01-01,151,"WHO"
"3350","Seychelles","SYC",2026,2,2026-02-01,NA,NA
"3351","Seychelles","SYC",2026,3,2026-03-01,NA,NA
"3352","Seychelles","SYC",2026,4,2026-04-01,NA,NA
"3353","Seychelles","SYC",2026,5,2026-05-01,NA,NA
"3354","Seychelles","SYC",2026,6,2026-06-01,NA,NA
"3355","Seychelles","SYC",2026,7,2026-07-01,NA,NA
"3356","Seychelles","SYC",2026,8,2026-08-01,NA,NA
"3357","Seychelles","SYC",2026,9,2026-09-01,NA,NA
"3358","Seychelles","SYC",2026,10,2026-10-01,NA,NA
"3359","Seychelles","SYC",2026,11,2026-11-01,NA,NA
"3360","Seychelles","SYC",2026,12,2026-12-01,NA,NA
"3361","Sierra Leone","SLE",2025,1,2025-01-01,0,"WHO"
"3362","Sierra Leone","SLE",2025,2,2025-02-01,0,"WHO"
"3363","Sierra Leone","SLE",2025,3,2025-03-01,0,"WHO"
"3364","Sierra Leone","SLE",2025,4,2025-04-01,0,"WHO"
"3365","Sierra Leone","SLE",2025,5,2025-05-01,0,"WHO"
"3366","Sierra Leone","SLE",2025,6,2025-06-01,0,"WHO"
"3367","Sierra Leone","SLE",2025,7,2025-07-01,0,"WHO"
"3368","Sierra Leone","SLE",2025,8,2025-08-01,0,"WHO"
"3369","Sierra Leone","SLE",2025,9,2025-09-01,0,"WHO"
"3370","Sierra Leone","SLE",2025,10,2025-10-01,29,"WHO"
"3371","Sierra Leone","SLE",2025,11,2025-11-01,0,"WHO"
"3372","Sierra Leone","SLE",2025,12,2025-12-01,0,"WHO"
"3373","Sierra Leone","SLE",2026,1,2026-01-01,NA,NA
"3374","Sierra Leone","SLE",2026,2,2026-02-01,NA,NA
"3375","Sierra Leone","SLE",2026,3,2026-03-01,NA,NA
"3376","Sierra Leone","SLE",2026,4,2026-04-01,NA,NA
"3377","Sierra Leone","SLE",2026,5,2026-05-01,NA,NA
"3378","Sierra Leone","SLE",2026,6,2026-06-01,NA,NA
"3379","Sierra Leone","SLE",2026,7,2026-07-01,NA,NA
"3380","Sierra Leone","SLE",2026,8,2026-08-01,NA,NA
"3381","Sierra Leone","SLE",2026,9,2026-09-01,NA,NA
"3382","Sierra Leone","SLE",2026,10,2026-10-01,NA,NA
"3383","Sierra Leone","SLE",2026,11,2026-11-01,NA,NA
"3384","Sierra Leone","SLE",2026,12,2026-12-01,NA,NA
"3385","Singapore","SGP",2025,1,2025-01-01,486,"WHO"
"3386","Singapore","SGP",2025,2,2025-02-01,380,"WHO"
"3387","Singapore","SGP",2025,3,2025-03-01,356,"WHO"
"3388","Singapore","SGP",2025,4,2025-04-01,380,"WHO"
"3389","Singapore","SGP",2025,5,2025-05-01,532,"WHO"
"3390","Singapore","SGP",2025,6,2025-06-01,449,"WHO"
"3391","Singapore","SGP",2025,7,2025-07-01,465,"WHO"
"3392","Singapore","SGP",2025,8,2025-08-01,233,"WHO"
"3393","Singapore","SGP",2025,9,2025-09-01,176,"WHO"
"3394","Singapore","SGP",2025,10,2025-10-01,224,"WHO"
"3395","Singapore","SGP",2025,11,2025-11-01,160,"WHO"
"3396","Singapore","SGP",2025,12,2025-12-01,195,"WHO"
"3397","Singapore","SGP",2026,1,2026-01-01,149,"WHO"
"3398","Singapore","SGP",2026,2,2026-02-01,NA,NA
"3399","Singapore","SGP",2026,3,2026-03-01,NA,NA
"3400","Singapore","SGP",2026,4,2026-04-01,NA,NA
"3401","Singapore","SGP",2026,5,2026-05-01,NA,NA
"3402","Singapore","SGP",2026,6,2026-06-01,NA,NA
"3403","Singapore","SGP",2026,7,2026-07-01,NA,NA
"3404","Singapore","SGP",2026,8,2026-08-01,NA,NA
"3405","Singapore","SGP",2026,9,2026-09-01,NA,NA
"3406","Singapore","SGP",2026,10,2026-10-01,NA,NA
"3407","Singapore","SGP",2026,11,2026-11-01,NA,NA
"3408","Singapore","SGP",2026,12,2026-12-01,NA,NA
"3409","Sint Maarten","SXM",2025,1,2025-01-01,0,"WHO"
"3410","Sint Maarten","SXM",2025,2,2025-02-01,0,"WHO"
"3411","Sint Maarten","SXM",2025,3,2025-03-01,0,"WHO"
"3412","Sint Maarten","SXM",2025,4,2025-04-01,0,"WHO"
"3413","Sint Maarten","SXM",2025,5,2025-05-01,6,"PAHO"
"3414","Sint Maarten","SXM",2025,6,2025-06-01,0,"WHO"
"3415","Sint Maarten","SXM",2025,7,2025-07-01,2,"PAHO"
"3416","Sint Maarten","SXM",2025,8,2025-08-01,NA,"WHO"
"3417","Sint Maarten","SXM",2025,9,2025-09-01,NA,"WHO"
"3418","Sint Maarten","SXM",2025,10,2025-10-01,NA,"WHO"
"3419","Sint Maarten","SXM",2025,11,2025-11-01,NA,"WHO"
"3420","Sint Maarten","SXM",2025,12,2025-12-01,NA,"WHO"
"3421","Sint Maarten","SXM",2026,1,2026-01-01,NA,"WHO"
"3422","Sint Maarten","SXM",2026,2,2026-02-01,NA,NA
"3423","Sint Maarten","SXM",2026,3,2026-03-01,NA,NA
"3424","Sint Maarten","SXM",2026,4,2026-04-01,NA,NA
"3425","Sint Maarten","SXM",2026,5,2026-05-01,NA,NA
"3426","Sint Maarten","SXM",2026,6,2026-06-01,NA,NA
"3427","Sint Maarten","SXM",2026,7,2026-07-01,NA,NA
"3428","Sint Maarten","SXM",2026,8,2026-08-01,NA,NA
"3429","Sint Maarten","SXM",2026,9,2026-09-01,NA,NA
"3430","Sint Maarten","SXM",2026,10,2026-10-01,NA,NA
"3431","Sint Maarten","SXM",2026,11,2026-11-01,NA,NA
"3432","Sint Maarten","SXM",2026,12,2026-12-01,NA,NA
"3433","Slovakia","SVK",2025,1,2025-01-01,0,"WHO"
"3434","Slovakia","SVK",2025,2,2025-02-01,0,"WHO"
"3435","Slovakia","SVK",2025,3,2025-03-01,0,"WHO"
"3436","Slovakia","SVK",2025,4,2025-04-01,0,"WHO"
"3437","Slovakia","SVK",2025,5,2025-05-01,0,"WHO"
"3438","Slovakia","SVK",2025,6,2025-06-01,0,"WHO"
"3439","Slovakia","SVK",2025,7,2025-07-01,0,"WHO"
"3440","Slovakia","SVK",2025,8,2025-08-01,0,"WHO"
"3441","Slovakia","SVK",2025,9,2025-09-01,0,"WHO"
"3442","Slovakia","SVK",2025,10,2025-10-01,0,"WHO"
"3443","Slovakia","SVK",2025,11,2025-11-01,0,"WHO"
"3444","Slovakia","SVK",2025,12,2025-12-01,0,"WHO"
"3445","Slovakia","SVK",2026,1,2026-01-01,0,"WHO"
"3446","Slovakia","SVK",2026,2,2026-02-01,NA,NA
"3447","Slovakia","SVK",2026,3,2026-03-01,NA,NA
"3448","Slovakia","SVK",2026,4,2026-04-01,NA,NA
"3449","Slovakia","SVK",2026,5,2026-05-01,NA,NA
"3450","Slovakia","SVK",2026,6,2026-06-01,NA,NA
"3451","Slovakia","SVK",2026,7,2026-07-01,NA,NA
"3452","Slovakia","SVK",2026,8,2026-08-01,NA,NA
"3453","Slovakia","SVK",2026,9,2026-09-01,NA,NA
"3454","Slovakia","SVK",2026,10,2026-10-01,NA,NA
"3455","Slovakia","SVK",2026,11,2026-11-01,NA,NA
"3456","Slovakia","SVK",2026,12,2026-12-01,NA,NA
"3457","Slovenia","SVN",2025,1,2025-01-01,0,"WHO"
"3458","Slovenia","SVN",2025,2,2025-02-01,0,"WHO"
"3459","Slovenia","SVN",2025,3,2025-03-01,0,"WHO"
"3460","Slovenia","SVN",2025,4,2025-04-01,0,"WHO"
"3461","Slovenia","SVN",2025,5,2025-05-01,0,"WHO"
"3462","Slovenia","SVN",2025,6,2025-06-01,0,"WHO"
"3463","Slovenia","SVN",2025,7,2025-07-01,0,"WHO"
"3464","Slovenia","SVN",2025,8,2025-08-01,0,"WHO"
"3465","Slovenia","SVN",2025,9,2025-09-01,0,"WHO"
"3466","Slovenia","SVN",2025,10,2025-10-01,0,"WHO"
"3467","Slovenia","SVN",2025,11,2025-11-01,0,"WHO"
"3468","Slovenia","SVN",2025,12,2025-12-01,0,"WHO"
"3469","Slovenia","SVN",2026,1,2026-01-01,0,"WHO"
"3470","Slovenia","SVN",2026,2,2026-02-01,NA,NA
"3471","Slovenia","SVN",2026,3,2026-03-01,NA,NA
"3472","Slovenia","SVN",2026,4,2026-04-01,NA,NA
"3473","Slovenia","SVN",2026,5,2026-05-01,NA,NA
"3474","Slovenia","SVN",2026,6,2026-06-01,NA,NA
"3475","Slovenia","SVN",2026,7,2026-07-01,NA,NA
"3476","Slovenia","SVN",2026,8,2026-08-01,NA,NA
"3477","Slovenia","SVN",2026,9,2026-09-01,NA,NA
"3478","Slovenia","SVN",2026,10,2026-10-01,NA,NA
"3479","Slovenia","SVN",2026,11,2026-11-01,NA,NA
"3480","Slovenia","SVN",2026,12,2026-12-01,NA,NA
"3481","Solomon Islands","SLB",2025,1,2025-01-01,47,"WHO"
"3482","Solomon Islands","SLB",2025,2,2025-02-01,34,"WHO"
"3483","Solomon Islands","SLB",2025,3,2025-03-01,30,"WHO"
"3484","Solomon Islands","SLB",2025,4,2025-04-01,30,"WHO"
"3485","Solomon Islands","SLB",2025,5,2025-05-01,28,"WHO"
"3486","Solomon Islands","SLB",2025,6,2025-06-01,13,"WHO"
"3487","Solomon Islands","SLB",2025,7,2025-07-01,5,"WHO"
"3488","Solomon Islands","SLB",2025,8,2025-08-01,23,"WHO"
"3489","Solomon Islands","SLB",2025,9,2025-09-01,20,"WHO"
"3490","Solomon Islands","SLB",2025,10,2025-10-01,30,"WHO"
"3491","Solomon Islands","SLB",2025,11,2025-11-01,14,"WHO"
"3492","Solomon Islands","SLB",2025,12,2025-12-01,16,"WHO"
"3493","Solomon Islands","SLB",2026,1,2026-01-01,15,"WHO"
"3494","Solomon Islands","SLB",2026,2,2026-02-01,NA,NA
"3495","Solomon Islands","SLB",2026,3,2026-03-01,NA,NA
"3496","Solomon Islands","SLB",2026,4,2026-04-01,NA,NA
"3497","Solomon Islands","SLB",2026,5,2026-05-01,NA,NA
"3498","Solomon Islands","SLB",2026,6,2026-06-01,NA,NA
"3499","Solomon Islands","SLB",2026,7,2026-07-01,NA,NA
"3500","Solomon Islands","SLB",2026,8,2026-08-01,NA,NA
"3501","Solomon Islands","SLB",2026,9,2026-09-01,NA,NA
"3502","Solomon Islands","SLB",2026,10,2026-10-01,NA,NA
"3503","Solomon Islands","SLB",2026,11,2026-11-01,NA,NA
"3504","Solomon Islands","SLB",2026,12,2026-12-01,NA,NA
"3505","Spain","ESP",2025,1,2025-01-01,0,"WHO"
"3506","Spain","ESP",2025,2,2025-02-01,0,"WHO"
"3507","Spain","ESP",2025,3,2025-03-01,0,"WHO"
"3508","Spain","ESP",2025,4,2025-04-01,0,"WHO"
"3509","Spain","ESP",2025,5,2025-05-01,0,"WHO"
"3510","Spain","ESP",2025,6,2025-06-01,0,"WHO"
"3511","Spain","ESP",2025,7,2025-07-01,0,"WHO"
"3512","Spain","ESP",2025,8,2025-08-01,0,"WHO"
"3513","Spain","ESP",2025,9,2025-09-01,0,"WHO"
"3514","Spain","ESP",2025,10,2025-10-01,0,"WHO"
"3515","Spain","ESP",2025,11,2025-11-01,0,"WHO"
"3516","Spain","ESP",2025,12,2025-12-01,0,"WHO"
"3517","Spain","ESP",2026,1,2026-01-01,0,"WHO"
"3518","Spain","ESP",2026,2,2026-02-01,NA,NA
"3519","Spain","ESP",2026,3,2026-03-01,NA,NA
"3520","Spain","ESP",2026,4,2026-04-01,NA,NA
"3521","Spain","ESP",2026,5,2026-05-01,NA,NA
"3522","Spain","ESP",2026,6,2026-06-01,NA,NA
"3523","Spain","ESP",2026,7,2026-07-01,NA,NA
"3524","Spain","ESP",2026,8,2026-08-01,NA,NA
"3525","Spain","ESP",2026,9,2026-09-01,NA,NA
"3526","Spain","ESP",2026,10,2026-10-01,NA,NA
"3527","Spain","ESP",2026,11,2026-11-01,NA,NA
"3528","Spain","ESP",2026,12,2026-12-01,NA,NA
"3529","Sri Lanka","LKA",2025,1,2025-01-01,4942,"SEARO"
"3530","Sri Lanka","LKA",2025,2,2025-02-01,3666,"SEARO"
"3531","Sri Lanka","LKA",2025,3,2025-03-01,3771,"SEARO"
"3532","Sri Lanka","LKA",2025,4,2025-04-01,5171,"SEARO"
"3533","Sri Lanka","LKA",2025,5,2025-05-01,6035,"SEARO"
"3534","Sri Lanka","LKA",2025,6,2025-06-01,5468,"SEARO"
"3535","Sri Lanka","LKA",2025,7,2025-07-01,4838,"SEARO"
"3536","Sri Lanka","LKA",2025,8,2025-08-01,2746,"SEARO"
"3537","Sri Lanka","LKA",2025,9,2025-09-01,2403,"SEARO"
"3538","Sri Lanka","LKA",2025,10,2025-10-01,2717,"SEARO"
"3539","Sri Lanka","LKA",2025,11,2025-11-01,3806,"SEARO"
"3540","Sri Lanka","LKA",2025,12,2025-12-01,5900,"SEARO"
"3541","Sri Lanka","LKA",2026,1,2026-01-01,7868,"SEARO"
"3542","Sri Lanka","LKA",2026,2,2026-02-01,5724,"SEARO"
"3543","Sri Lanka","LKA",2026,3,2026-03-01,0,"SEARO"
"3544","Sri Lanka","LKA",2026,4,2026-04-01,0,"SEARO"
"3545","Sri Lanka","LKA",2026,5,2026-05-01,0,"SEARO"
"3546","Sri Lanka","LKA",2026,6,2026-06-01,0,"SEARO"
"3547","Sri Lanka","LKA",2026,7,2026-07-01,0,"SEARO"
"3548","Sri Lanka","LKA",2026,8,2026-08-01,0,"SEARO"
"3549","Sri Lanka","LKA",2026,9,2026-09-01,0,"SEARO"
"3550","Sri Lanka","LKA",2026,10,2026-10-01,0,"SEARO"
"3551","Sri Lanka","LKA",2026,11,2026-11-01,0,"SEARO"
"3552","Sri Lanka","LKA",2026,12,2026-12-01,0,"SEARO"
"3553","St. Barthélemy","BLM",2025,1,2025-01-01,17,"PAHO"
"3554","St. Barthélemy","BLM",2025,2,2025-02-01,1,"PAHO"
"3555","St. Barthélemy","BLM",2025,3,2025-03-01,2,"PAHO"
"3556","St. Barthélemy","BLM",2025,4,2025-04-01,0,"WHO"
"3557","St. Barthélemy","BLM",2025,5,2025-05-01,0,"WHO"
"3558","St. Barthélemy","BLM",2025,6,2025-06-01,0,"WHO"
"3559","St. Barthélemy","BLM",2025,7,2025-07-01,NA,"PAHO"
"3560","St. Barthélemy","BLM",2025,8,2025-08-01,NA,"PAHO"
"3561","St. Barthélemy","BLM",2025,9,2025-09-01,0,"WHO"
"3562","St. Barthélemy","BLM",2025,10,2025-10-01,NA,"PAHO"
"3563","St. Barthélemy","BLM",2025,11,2025-11-01,NA,"PAHO"
"3564","St. Barthélemy","BLM",2025,12,2025-12-01,0,"WHO"
"3565","St. Barthélemy","BLM",2026,1,2026-01-01,0,"WHO"
"3566","St. Barthélemy","BLM",2026,2,2026-02-01,NA,"PAHO"
"3567","St. Barthélemy","BLM",2026,3,2026-03-01,NA,NA
"3568","St. Barthélemy","BLM",2026,4,2026-04-01,NA,NA
"3569","St. Barthélemy","BLM",2026,5,2026-05-01,NA,NA
"3570","St. Barthélemy","BLM",2026,6,2026-06-01,NA,NA
"3571","St. Barthélemy","BLM",2026,7,2026-07-01,NA,NA
"3572","St. Barthélemy","BLM",2026,8,2026-08-01,NA,NA
"3573","St. Barthélemy","BLM",2026,9,2026-09-01,NA,NA
"3574","St. Barthélemy","BLM",2026,10,2026-10-01,NA,NA
"3575","St. Barthélemy","BLM",2026,11,2026-11-01,NA,NA
"3576","St. Barthélemy","BLM",2026,12,2026-12-01,NA,NA
"3577","St. Kitts & Nevis","KNA",2025,1,2025-01-01,0,"WHO"
"3578","St. Kitts & Nevis","KNA",2025,2,2025-02-01,4,"PAHO"
"3579","St. Kitts & Nevis","KNA",2025,3,2025-03-01,0,"WHO"
"3580","St. Kitts & Nevis","KNA",2025,4,2025-04-01,0,"WHO"
"3581","St. Kitts & Nevis","KNA",2025,5,2025-05-01,0,"WHO"
"3582","St. Kitts & Nevis","KNA",2025,6,2025-06-01,0,"WHO"
"3583","St. Kitts & Nevis","KNA",2025,7,2025-07-01,0,"WHO"
"3584","St. Kitts & Nevis","KNA",2025,8,2025-08-01,0,"WHO"
"3585","St. Kitts & Nevis","KNA",2025,9,2025-09-01,3,"PAHO"
"3586","St. Kitts & Nevis","KNA",2025,10,2025-10-01,2,"PAHO"
"3587","St. Kitts & Nevis","KNA",2025,11,2025-11-01,0,"WHO"
"3588","St. Kitts & Nevis","KNA",2025,12,2025-12-01,2,"PAHO"
"3589","St. Kitts & Nevis","KNA",2026,1,2026-01-01,5,"PAHO"
"3590","St. Kitts & Nevis","KNA",2026,2,2026-02-01,NA,"PAHO"
"3591","St. Kitts & Nevis","KNA",2026,3,2026-03-01,NA,NA
"3592","St. Kitts & Nevis","KNA",2026,4,2026-04-01,NA,NA
"3593","St. Kitts & Nevis","KNA",2026,5,2026-05-01,NA,NA
"3594","St. Kitts & Nevis","KNA",2026,6,2026-06-01,NA,NA
"3595","St. Kitts & Nevis","KNA",2026,7,2026-07-01,NA,NA
"3596","St. Kitts & Nevis","KNA",2026,8,2026-08-01,NA,NA
"3597","St. Kitts & Nevis","KNA",2026,9,2026-09-01,NA,NA
"3598","St. Kitts & Nevis","KNA",2026,10,2026-10-01,NA,NA
"3599","St. Kitts & Nevis","KNA",2026,11,2026-11-01,NA,NA
"3600","St. Kitts & Nevis","KNA",2026,12,2026-12-01,NA,NA
"3601","St. Lucia","LCA",2025,1,2025-01-01,8,"PAHO"
"3602","St. Lucia","LCA",2025,2,2025-02-01,10,"PAHO"
"3603","St. Lucia","LCA",2025,3,2025-03-01,6,"PAHO"
"3604","St. Lucia","LCA",2025,4,2025-04-01,6,"PAHO"
"3605","St. Lucia","LCA",2025,5,2025-05-01,1,"PAHO"
"3606","St. Lucia","LCA",2025,6,2025-06-01,8,"PAHO"
"3607","St. Lucia","LCA",2025,7,2025-07-01,3,"PAHO"
"3608","St. Lucia","LCA",2025,8,2025-08-01,1,"PAHO"
"3609","St. Lucia","LCA",2025,9,2025-09-01,2,"PAHO"
"3610","St. Lucia","LCA",2025,10,2025-10-01,3,"PAHO"
"3611","St. Lucia","LCA",2025,11,2025-11-01,1,"PAHO"
"3612","St. Lucia","LCA",2025,12,2025-12-01,-2,"WHO"
"3613","St. Lucia","LCA",2026,1,2026-01-01,0,"WHO"
"3614","St. Lucia","LCA",2026,2,2026-02-01,NA,"PAHO"
"3615","St. Lucia","LCA",2026,3,2026-03-01,NA,NA
"3616","St. Lucia","LCA",2026,4,2026-04-01,NA,NA
"3617","St. Lucia","LCA",2026,5,2026-05-01,NA,NA
"3618","St. Lucia","LCA",2026,6,2026-06-01,NA,NA
"3619","St. Lucia","LCA",2026,7,2026-07-01,NA,NA
"3620","St. Lucia","LCA",2026,8,2026-08-01,NA,NA
"3621","St. Lucia","LCA",2026,9,2026-09-01,NA,NA
"3622","St. Lucia","LCA",2026,10,2026-10-01,NA,NA
"3623","St. Lucia","LCA",2026,11,2026-11-01,NA,NA
"3624","St. Lucia","LCA",2026,12,2026-12-01,NA,NA
"3625","St. Vincent & Grenadines","VCT",2025,1,2025-01-01,0,"WHO"
"3626","St. Vincent & Grenadines","VCT",2025,2,2025-02-01,2,"PAHO"
"3627","St. Vincent & Grenadines","VCT",2025,3,2025-03-01,0,"WHO"
"3628","St. Vincent & Grenadines","VCT",2025,4,2025-04-01,1,"PAHO"
"3629","St. Vincent & Grenadines","VCT",2025,5,2025-05-01,0,"WHO"
"3630","St. Vincent & Grenadines","VCT",2025,6,2025-06-01,2,"PAHO"
"3631","St. Vincent & Grenadines","VCT",2025,7,2025-07-01,0,"WHO"
"3632","St. Vincent & Grenadines","VCT",2025,8,2025-08-01,0,"WHO"
"3633","St. Vincent & Grenadines","VCT",2025,9,2025-09-01,0,"WHO"
"3634","St. Vincent & Grenadines","VCT",2025,10,2025-10-01,1,"PAHO"
"3635","St. Vincent & Grenadines","VCT",2025,11,2025-11-01,0,"WHO"
"3636","St. Vincent & Grenadines","VCT",2025,12,2025-12-01,2,"PAHO"
"3637","St. Vincent & Grenadines","VCT",2026,1,2026-01-01,1,"PAHO"
"3638","St. Vincent & Grenadines","VCT",2026,2,2026-02-01,1,"PAHO"
"3639","St. Vincent & Grenadines","VCT",2026,3,2026-03-01,NA,"PAHO"
"3640","St. Vincent & Grenadines","VCT",2026,4,2026-04-01,NA,NA
"3641","St. Vincent & Grenadines","VCT",2026,5,2026-05-01,NA,NA
"3642","St. Vincent & Grenadines","VCT",2026,6,2026-06-01,NA,NA
"3643","St. Vincent & Grenadines","VCT",2026,7,2026-07-01,NA,NA
"3644","St. Vincent & Grenadines","VCT",2026,8,2026-08-01,NA,NA
"3645","St. Vincent & Grenadines","VCT",2026,9,2026-09-01,NA,NA
"3646","St. Vincent & Grenadines","VCT",2026,10,2026-10-01,NA,NA
"3647","St. Vincent & Grenadines","VCT",2026,11,2026-11-01,NA,NA
"3648","St. Vincent & Grenadines","VCT",2026,12,2026-12-01,NA,NA
"3649","Sudan","SDN",2025,1,2025-01-01,822,"WHO"
"3650","Sudan","SDN",2025,2,2025-02-01,816,"WHO"
"3651","Sudan","SDN",2025,3,2025-03-01,669,"WHO"
"3652","Sudan","SDN",2025,4,2025-04-01,838,"WHO"
"3653","Sudan","SDN",2025,5,2025-05-01,853,"WHO"
"3654","Sudan","SDN",2025,6,2025-06-01,335,"WHO"
"3655","Sudan","SDN",2025,7,2025-07-01,741,"WHO"
"3656","Sudan","SDN",2025,8,2025-08-01,3791,"WHO"
"3657","Sudan","SDN",2025,9,2025-09-01,12511,"WHO"
"3658","Sudan","SDN",2025,10,2025-10-01,18678,"WHO"
"3659","Sudan","SDN",2025,11,2025-11-01,6632,"WHO"
"3660","Sudan","SDN",2025,12,2025-12-01,2006,"WHO"
"3661","Sudan","SDN",2026,1,2026-01-01,NA,NA
"3662","Sudan","SDN",2026,2,2026-02-01,NA,NA
"3663","Sudan","SDN",2026,3,2026-03-01,NA,NA
"3664","Sudan","SDN",2026,4,2026-04-01,NA,NA
"3665","Sudan","SDN",2026,5,2026-05-01,NA,NA
"3666","Sudan","SDN",2026,6,2026-06-01,NA,NA
"3667","Sudan","SDN",2026,7,2026-07-01,NA,NA
"3668","Sudan","SDN",2026,8,2026-08-01,NA,NA
"3669","Sudan","SDN",2026,9,2026-09-01,NA,NA
"3670","Sudan","SDN",2026,10,2026-10-01,NA,NA
"3671","Sudan","SDN",2026,11,2026-11-01,NA,NA
"3672","Sudan","SDN",2026,12,2026-12-01,NA,NA
"3673","Suriname","SUR",2025,1,2025-01-01,75,"PAHO"
"3674","Suriname","SUR",2025,2,2025-02-01,162,"PAHO"
"3675","Suriname","SUR",2025,3,2025-03-01,289,"PAHO"
"3676","Suriname","SUR",2025,4,2025-04-01,98,"PAHO"
"3677","Suriname","SUR",2025,5,2025-05-01,204,"PAHO"
"3678","Suriname","SUR",2025,6,2025-06-01,119,"PAHO"
"3679","Suriname","SUR",2025,7,2025-07-01,115,"PAHO"
"3680","Suriname","SUR",2025,8,2025-08-01,133,"PAHO"
"3681","Suriname","SUR",2025,9,2025-09-01,67,"PAHO"
"3682","Suriname","SUR",2025,10,2025-10-01,19,"PAHO"
"3683","Suriname","SUR",2025,11,2025-11-01,20,"PAHO"
"3684","Suriname","SUR",2025,12,2025-12-01,23,"PAHO"
"3685","Suriname","SUR",2026,1,2026-01-01,NA,"WHO"
"3686","Suriname","SUR",2026,2,2026-02-01,NA,NA
"3687","Suriname","SUR",2026,3,2026-03-01,NA,NA
"3688","Suriname","SUR",2026,4,2026-04-01,NA,NA
"3689","Suriname","SUR",2026,5,2026-05-01,NA,NA
"3690","Suriname","SUR",2026,6,2026-06-01,NA,NA
"3691","Suriname","SUR",2026,7,2026-07-01,NA,NA
"3692","Suriname","SUR",2026,8,2026-08-01,NA,NA
"3693","Suriname","SUR",2026,9,2026-09-01,NA,NA
"3694","Suriname","SUR",2026,10,2026-10-01,NA,NA
"3695","Suriname","SUR",2026,11,2026-11-01,NA,NA
"3696","Suriname","SUR",2026,12,2026-12-01,NA,NA
"3697","Sweden","SWE",2025,1,2025-01-01,0,"WHO"
"3698","Sweden","SWE",2025,2,2025-02-01,0,"WHO"
"3699","Sweden","SWE",2025,3,2025-03-01,0,"WHO"
"3700","Sweden","SWE",2025,4,2025-04-01,0,"WHO"
"3701","Sweden","SWE",2025,5,2025-05-01,0,"WHO"
"3702","Sweden","SWE",2025,6,2025-06-01,0,"WHO"
"3703","Sweden","SWE",2025,7,2025-07-01,0,"WHO"
"3704","Sweden","SWE",2025,8,2025-08-01,0,"WHO"
"3705","Sweden","SWE",2025,9,2025-09-01,0,"WHO"
"3706","Sweden","SWE",2025,10,2025-10-01,0,"WHO"
"3707","Sweden","SWE",2025,11,2025-11-01,0,"WHO"
"3708","Sweden","SWE",2025,12,2025-12-01,0,"WHO"
"3709","Sweden","SWE",2026,1,2026-01-01,0,"WHO"
"3710","Sweden","SWE",2026,2,2026-02-01,NA,NA
"3711","Sweden","SWE",2026,3,2026-03-01,NA,NA
"3712","Sweden","SWE",2026,4,2026-04-01,NA,NA
"3713","Sweden","SWE",2026,5,2026-05-01,NA,NA
"3714","Sweden","SWE",2026,6,2026-06-01,NA,NA
"3715","Sweden","SWE",2026,7,2026-07-01,NA,NA
"3716","Sweden","SWE",2026,8,2026-08-01,NA,NA
"3717","Sweden","SWE",2026,9,2026-09-01,NA,NA
"3718","Sweden","SWE",2026,10,2026-10-01,NA,NA
"3719","Sweden","SWE",2026,11,2026-11-01,NA,NA
"3720","Sweden","SWE",2026,12,2026-12-01,NA,NA
"3721","Switzerland","CHE",2025,1,2025-01-01,0,"WHO"
"3722","Switzerland","CHE",2025,2,2025-02-01,0,"WHO"
"3723","Switzerland","CHE",2025,3,2025-03-01,0,"WHO"
"3724","Switzerland","CHE",2025,4,2025-04-01,0,"WHO"
"3725","Switzerland","CHE",2025,5,2025-05-01,0,"WHO"
"3726","Switzerland","CHE",2025,6,2025-06-01,0,"WHO"
"3727","Switzerland","CHE",2025,7,2025-07-01,0,"WHO"
"3728","Switzerland","CHE",2025,8,2025-08-01,0,"WHO"
"3729","Switzerland","CHE",2025,9,2025-09-01,0,"WHO"
"3730","Switzerland","CHE",2025,10,2025-10-01,0,"WHO"
"3731","Switzerland","CHE",2025,11,2025-11-01,0,"WHO"
"3732","Switzerland","CHE",2025,12,2025-12-01,0,"WHO"
"3733","Switzerland","CHE",2026,1,2026-01-01,0,"WHO"
"3734","Switzerland","CHE",2026,2,2026-02-01,NA,NA
"3735","Switzerland","CHE",2026,3,2026-03-01,NA,NA
"3736","Switzerland","CHE",2026,4,2026-04-01,NA,NA
"3737","Switzerland","CHE",2026,5,2026-05-01,NA,NA
"3738","Switzerland","CHE",2026,6,2026-06-01,NA,NA
"3739","Switzerland","CHE",2026,7,2026-07-01,NA,NA
"3740","Switzerland","CHE",2026,8,2026-08-01,NA,NA
"3741","Switzerland","CHE",2026,9,2026-09-01,NA,NA
"3742","Switzerland","CHE",2026,10,2026-10-01,NA,NA
"3743","Switzerland","CHE",2026,11,2026-11-01,NA,NA
"3744","Switzerland","CHE",2026,12,2026-12-01,NA,NA
"3745","Tajikistan","TJK",2025,1,2025-01-01,0,"WHO"
"3746","Tajikistan","TJK",2025,2,2025-02-01,0,"WHO"
"3747","Tajikistan","TJK",2025,3,2025-03-01,0,"WHO"
"3748","Tajikistan","TJK",2025,4,2025-04-01,0,"WHO"
"3749","Tajikistan","TJK",2025,5,2025-05-01,0,"WHO"
"3750","Tajikistan","TJK",2025,6,2025-06-01,0,"WHO"
"3751","Tajikistan","TJK",2025,7,2025-07-01,0,"WHO"
"3752","Tajikistan","TJK",2025,8,2025-08-01,0,"WHO"
"3753","Tajikistan","TJK",2025,9,2025-09-01,0,"WHO"
"3754","Tajikistan","TJK",2025,10,2025-10-01,0,"WHO"
"3755","Tajikistan","TJK",2025,11,2025-11-01,0,"WHO"
"3756","Tajikistan","TJK",2025,12,2025-12-01,0,"WHO"
"3757","Tajikistan","TJK",2026,1,2026-01-01,0,"WHO"
"3758","Tajikistan","TJK",2026,2,2026-02-01,NA,NA
"3759","Tajikistan","TJK",2026,3,2026-03-01,NA,NA
"3760","Tajikistan","TJK",2026,4,2026-04-01,NA,NA
"3761","Tajikistan","TJK",2026,5,2026-05-01,NA,NA
"3762","Tajikistan","TJK",2026,6,2026-06-01,NA,NA
"3763","Tajikistan","TJK",2026,7,2026-07-01,NA,NA
"3764","Tajikistan","TJK",2026,8,2026-08-01,NA,NA
"3765","Tajikistan","TJK",2026,9,2026-09-01,NA,NA
"3766","Tajikistan","TJK",2026,10,2026-10-01,NA,NA
"3767","Tajikistan","TJK",2026,11,2026-11-01,NA,NA
"3768","Tajikistan","TJK",2026,12,2026-12-01,NA,NA
"3769","Tanzania","TZA",2025,1,2025-01-01,1,"WHO"
"3770","Tanzania","TZA",2025,2,2025-02-01,3,"WHO"
"3771","Tanzania","TZA",2025,3,2025-03-01,0,"WHO"
"3772","Tanzania","TZA",2025,4,2025-04-01,3,"WHO"
"3773","Tanzania","TZA",2025,5,2025-05-01,10,"WHO"
"3774","Tanzania","TZA",2025,6,2025-06-01,62,"WHO"
"3775","Tanzania","TZA",2025,7,2025-07-01,76,"WHO"
"3776","Tanzania","TZA",2025,8,2025-08-01,2,"WHO"
"3777","Tanzania","TZA",2025,9,2025-09-01,2,"WHO"
"3778","Tanzania","TZA",2025,10,2025-10-01,0,"WHO"
"3779","Tanzania","TZA",2025,11,2025-11-01,0,"WHO"
"3780","Tanzania","TZA",2025,12,2025-12-01,4,"WHO"
"3781","Tanzania","TZA",2026,1,2026-01-01,6,"WHO"
"3782","Tanzania","TZA",2026,2,2026-02-01,NA,NA
"3783","Tanzania","TZA",2026,3,2026-03-01,NA,NA
"3784","Tanzania","TZA",2026,4,2026-04-01,NA,NA
"3785","Tanzania","TZA",2026,5,2026-05-01,NA,NA
"3786","Tanzania","TZA",2026,6,2026-06-01,NA,NA
"3787","Tanzania","TZA",2026,7,2026-07-01,NA,NA
"3788","Tanzania","TZA",2026,8,2026-08-01,NA,NA
"3789","Tanzania","TZA",2026,9,2026-09-01,NA,NA
"3790","Tanzania","TZA",2026,10,2026-10-01,NA,NA
"3791","Tanzania","TZA",2026,11,2026-11-01,NA,NA
"3792","Tanzania","TZA",2026,12,2026-12-01,NA,NA
"3793","Thailand","THA",2025,1,2025-01-01,4005,"SEARO"
"3794","Thailand","THA",2025,2,2025-02-01,2269,"SEARO"
"3795","Thailand","THA",2025,3,2025-03-01,2447,"SEARO"
"3796","Thailand","THA",2025,4,2025-04-01,2271,"SEARO"
"3797","Thailand","THA",2025,5,2025-05-01,4683,"SEARO"
"3798","Thailand","THA",2025,6,2025-06-01,8697,"SEARO"
"3799","Thailand","THA",2025,7,2025-07-01,10987,"SEARO"
"3800","Thailand","THA",2025,8,2025-08-01,8610,"SEARO"
"3801","Thailand","THA",2025,9,2025-09-01,4012,"SEARO"
"3802","Thailand","THA",2025,10,2025-10-01,3814,"SEARO"
"3803","Thailand","THA",2025,11,2025-11-01,3218,"SEARO"
"3804","Thailand","THA",2025,12,2025-12-01,2427,"SEARO"
"3805","Thailand","THA",2026,1,2026-01-01,1903,"SEARO"
"3806","Thailand","THA",2026,2,2026-02-01,1288,"SEARO"
"3807","Thailand","THA",2026,3,2026-03-01,0,"SEARO"
"3808","Thailand","THA",2026,4,2026-04-01,0,"SEARO"
"3809","Thailand","THA",2026,5,2026-05-01,0,"SEARO"
"3810","Thailand","THA",2026,6,2026-06-01,0,"SEARO"
"3811","Thailand","THA",2026,7,2026-07-01,0,"SEARO"
"3812","Thailand","THA",2026,8,2026-08-01,0,"SEARO"
"3813","Thailand","THA",2026,9,2026-09-01,0,"SEARO"
"3814","Thailand","THA",2026,10,2026-10-01,0,"SEARO"
"3815","Thailand","THA",2026,11,2026-11-01,0,"SEARO"
"3816","Thailand","THA",2026,12,2026-12-01,0,"SEARO"
"3817","Timor-Leste","TLS",2025,1,2025-01-01,130,"SEARO"
"3818","Timor-Leste","TLS",2025,2,2025-02-01,189,"SEARO"
"3819","Timor-Leste","TLS",2025,3,2025-03-01,192,"SEARO"
"3820","Timor-Leste","TLS",2025,4,2025-04-01,131,"SEARO"
"3821","Timor-Leste","TLS",2025,5,2025-05-01,111,"SEARO"
"3822","Timor-Leste","TLS",2025,6,2025-06-01,74,"SEARO"
"3823","Timor-Leste","TLS",2025,7,2025-07-01,85,"SEARO"
"3824","Timor-Leste","TLS",2025,8,2025-08-01,58,"SEARO"
"3825","Timor-Leste","TLS",2025,9,2025-09-01,51,"SEARO"
"3826","Timor-Leste","TLS",2025,10,2025-10-01,99,"SEARO"
"3827","Timor-Leste","TLS",2025,11,2025-11-01,111,"SEARO"
"3828","Timor-Leste","TLS",2025,12,2025-12-01,279,"SEARO"
"3829","Timor-Leste","TLS",2026,1,2026-01-01,1281,"SEARO"
"3830","Timor-Leste","TLS",2026,2,2026-02-01,2105,"SEARO"
"3831","Timor-Leste","TLS",2026,3,2026-03-01,0,"SEARO"
"3832","Timor-Leste","TLS",2026,4,2026-04-01,0,"SEARO"
"3833","Timor-Leste","TLS",2026,5,2026-05-01,0,"SEARO"
"3834","Timor-Leste","TLS",2026,6,2026-06-01,0,"SEARO"
"3835","Timor-Leste","TLS",2026,7,2026-07-01,0,"SEARO"
"3836","Timor-Leste","TLS",2026,8,2026-08-01,0,"SEARO"
"3837","Timor-Leste","TLS",2026,9,2026-09-01,0,"SEARO"
"3838","Timor-Leste","TLS",2026,10,2026-10-01,0,"SEARO"
"3839","Timor-Leste","TLS",2026,11,2026-11-01,0,"SEARO"
"3840","Timor-Leste","TLS",2026,12,2026-12-01,0,"SEARO"
"3841","Togo","TGO",2025,1,2025-01-01,0,"WHO"
"3842","Togo","TGO",2025,2,2025-02-01,0,"WHO"
"3843","Togo","TGO",2025,3,2025-03-01,0,"WHO"
"3844","Togo","TGO",2025,4,2025-04-01,0,"WHO"
"3845","Togo","TGO",2025,5,2025-05-01,0,"WHO"
"3846","Togo","TGO",2025,6,2025-06-01,0,"WHO"
"3847","Togo","TGO",2025,7,2025-07-01,0,"WHO"
"3848","Togo","TGO",2025,8,2025-08-01,0,"WHO"
"3849","Togo","TGO",2025,9,2025-09-01,0,"WHO"
"3850","Togo","TGO",2025,10,2025-10-01,0,"WHO"
"3851","Togo","TGO",2025,11,2025-11-01,0,"WHO"
"3852","Togo","TGO",2025,12,2025-12-01,0,"WHO"
"3853","Togo","TGO",2026,1,2026-01-01,0,"WHO"
"3854","Togo","TGO",2026,2,2026-02-01,NA,NA
"3855","Togo","TGO",2026,3,2026-03-01,NA,NA
"3856","Togo","TGO",2026,4,2026-04-01,NA,NA
"3857","Togo","TGO",2026,5,2026-05-01,NA,NA
"3858","Togo","TGO",2026,6,2026-06-01,NA,NA
"3859","Togo","TGO",2026,7,2026-07-01,NA,NA
"3860","Togo","TGO",2026,8,2026-08-01,NA,NA
"3861","Togo","TGO",2026,9,2026-09-01,NA,NA
"3862","Togo","TGO",2026,10,2026-10-01,NA,NA
"3863","Togo","TGO",2026,11,2026-11-01,NA,NA
"3864","Togo","TGO",2026,12,2026-12-01,NA,NA
"3865","Tokelau","TKL",2025,1,2025-01-01,0,"WHO"
"3866","Tokelau","TKL",2025,2,2025-02-01,0,"WHO"
"3867","Tokelau","TKL",2025,3,2025-03-01,0,"WHO"
"3868","Tokelau","TKL",2025,4,2025-04-01,0,"WHO"
"3869","Tokelau","TKL",2025,5,2025-05-01,0,"WHO"
"3870","Tokelau","TKL",2025,6,2025-06-01,0,"WHO"
"3871","Tokelau","TKL",2025,7,2025-07-01,0,"WHO"
"3872","Tokelau","TKL",2025,8,2025-08-01,0,"WHO"
"3873","Tokelau","TKL",2025,9,2025-09-01,0,"WHO"
"3874","Tokelau","TKL",2025,10,2025-10-01,0,"WHO"
"3875","Tokelau","TKL",2025,11,2025-11-01,0,"WHO"
"3876","Tokelau","TKL",2025,12,2025-12-01,0,"WHO"
"3877","Tokelau","TKL",2026,1,2026-01-01,0,"WHO"
"3878","Tokelau","TKL",2026,2,2026-02-01,NA,NA
"3879","Tokelau","TKL",2026,3,2026-03-01,NA,NA
"3880","Tokelau","TKL",2026,4,2026-04-01,NA,NA
"3881","Tokelau","TKL",2026,5,2026-05-01,NA,NA
"3882","Tokelau","TKL",2026,6,2026-06-01,NA,NA
"3883","Tokelau","TKL",2026,7,2026-07-01,NA,NA
"3884","Tokelau","TKL",2026,8,2026-08-01,NA,NA
"3885","Tokelau","TKL",2026,9,2026-09-01,NA,NA
"3886","Tokelau","TKL",2026,10,2026-10-01,NA,NA
"3887","Tokelau","TKL",2026,11,2026-11-01,NA,NA
"3888","Tokelau","TKL",2026,12,2026-12-01,NA,NA
"3889","Tonga","TON",2025,1,2025-01-01,0,"WHO"
"3890","Tonga","TON",2025,2,2025-02-01,249,"WHO"
"3891","Tonga","TON",2025,3,2025-03-01,603,"WHO"
"3892","Tonga","TON",2025,4,2025-04-01,433,"WHO"
"3893","Tonga","TON",2025,5,2025-05-01,563,"WHO"
"3894","Tonga","TON",2025,6,2025-06-01,207,"WHO"
"3895","Tonga","TON",2025,7,2025-07-01,109,"WHO"
"3896","Tonga","TON",2025,8,2025-08-01,11,"WHO"
"3897","Tonga","TON",2025,9,2025-09-01,1,"WHO"
"3898","Tonga","TON",2025,10,2025-10-01,7,"WHO"
"3899","Tonga","TON",2025,11,2025-11-01,1,"WHO"
"3900","Tonga","TON",2025,12,2025-12-01,0,"WHO"
"3901","Tonga","TON",2026,1,2026-01-01,0,"WHO"
"3902","Tonga","TON",2026,2,2026-02-01,NA,NA
"3903","Tonga","TON",2026,3,2026-03-01,NA,NA
"3904","Tonga","TON",2026,4,2026-04-01,NA,NA
"3905","Tonga","TON",2026,5,2026-05-01,NA,NA
"3906","Tonga","TON",2026,6,2026-06-01,NA,NA
"3907","Tonga","TON",2026,7,2026-07-01,NA,NA
"3908","Tonga","TON",2026,8,2026-08-01,NA,NA
"3909","Tonga","TON",2026,9,2026-09-01,NA,NA
"3910","Tonga","TON",2026,10,2026-10-01,NA,NA
"3911","Tonga","TON",2026,11,2026-11-01,NA,NA
"3912","Tonga","TON",2026,12,2026-12-01,NA,NA
"3913","Trinidad & Tobago","TTO",2025,1,2025-01-01,0,"WHO"
"3914","Trinidad & Tobago","TTO",2025,2,2025-02-01,0,"WHO"
"3915","Trinidad & Tobago","TTO",2025,3,2025-03-01,0,"WHO"
"3916","Trinidad & Tobago","TTO",2025,4,2025-04-01,0,"WHO"
"3917","Trinidad & Tobago","TTO",2025,5,2025-05-01,9,"PAHO"
"3918","Trinidad & Tobago","TTO",2025,6,2025-06-01,23,"PAHO"
"3919","Trinidad & Tobago","TTO",2025,7,2025-07-01,8,"PAHO"
"3920","Trinidad & Tobago","TTO",2025,8,2025-08-01,7,"PAHO"
"3921","Trinidad & Tobago","TTO",2025,9,2025-09-01,12,"PAHO"
"3922","Trinidad & Tobago","TTO",2025,10,2025-10-01,14,"PAHO"
"3923","Trinidad & Tobago","TTO",2025,11,2025-11-01,0,"WHO"
"3924","Trinidad & Tobago","TTO",2025,12,2025-12-01,0,"WHO"
"3925","Trinidad & Tobago","TTO",2026,1,2026-01-01,2,"PAHO"
"3926","Trinidad & Tobago","TTO",2026,2,2026-02-01,NA,NA
"3927","Trinidad & Tobago","TTO",2026,3,2026-03-01,NA,NA
"3928","Trinidad & Tobago","TTO",2026,4,2026-04-01,NA,NA
"3929","Trinidad & Tobago","TTO",2026,5,2026-05-01,NA,NA
"3930","Trinidad & Tobago","TTO",2026,6,2026-06-01,NA,NA
"3931","Trinidad & Tobago","TTO",2026,7,2026-07-01,NA,NA
"3932","Trinidad & Tobago","TTO",2026,8,2026-08-01,NA,NA
"3933","Trinidad & Tobago","TTO",2026,9,2026-09-01,NA,NA
"3934","Trinidad & Tobago","TTO",2026,10,2026-10-01,NA,NA
"3935","Trinidad & Tobago","TTO",2026,11,2026-11-01,NA,NA
"3936","Trinidad & Tobago","TTO",2026,12,2026-12-01,NA,NA
"3937","Turkey","TUR",2025,1,2025-01-01,0,"WHO"
"3938","Turkey","TUR",2025,2,2025-02-01,0,"WHO"
"3939","Turkey","TUR",2025,3,2025-03-01,0,"WHO"
"3940","Turkey","TUR",2025,4,2025-04-01,0,"WHO"
"3941","Turkey","TUR",2025,5,2025-05-01,0,"WHO"
"3942","Turkey","TUR",2025,6,2025-06-01,0,"WHO"
"3943","Turkey","TUR",2025,7,2025-07-01,0,"WHO"
"3944","Turkey","TUR",2025,8,2025-08-01,0,"WHO"
"3945","Turkey","TUR",2025,9,2025-09-01,0,"WHO"
"3946","Turkey","TUR",2025,10,2025-10-01,0,"WHO"
"3947","Turkey","TUR",2025,11,2025-11-01,0,"WHO"
"3948","Turkey","TUR",2025,12,2025-12-01,0,"WHO"
"3949","Turkey","TUR",2026,1,2026-01-01,0,"WHO"
"3950","Turkey","TUR",2026,2,2026-02-01,NA,NA
"3951","Turkey","TUR",2026,3,2026-03-01,NA,NA
"3952","Turkey","TUR",2026,4,2026-04-01,NA,NA
"3953","Turkey","TUR",2026,5,2026-05-01,NA,NA
"3954","Turkey","TUR",2026,6,2026-06-01,NA,NA
"3955","Turkey","TUR",2026,7,2026-07-01,NA,NA
"3956","Turkey","TUR",2026,8,2026-08-01,NA,NA
"3957","Turkey","TUR",2026,9,2026-09-01,NA,NA
"3958","Turkey","TUR",2026,10,2026-10-01,NA,NA
"3959","Turkey","TUR",2026,11,2026-11-01,NA,NA
"3960","Turkey","TUR",2026,12,2026-12-01,NA,NA
"3961","Turkmenistan","TKM",2025,1,2025-01-01,0,"WHO"
"3962","Turkmenistan","TKM",2025,2,2025-02-01,0,"WHO"
"3963","Turkmenistan","TKM",2025,3,2025-03-01,0,"WHO"
"3964","Turkmenistan","TKM",2025,4,2025-04-01,0,"WHO"
"3965","Turkmenistan","TKM",2025,5,2025-05-01,0,"WHO"
"3966","Turkmenistan","TKM",2025,6,2025-06-01,0,"WHO"
"3967","Turkmenistan","TKM",2025,7,2025-07-01,0,"WHO"
"3968","Turkmenistan","TKM",2025,8,2025-08-01,0,"WHO"
"3969","Turkmenistan","TKM",2025,9,2025-09-01,0,"WHO"
"3970","Turkmenistan","TKM",2025,10,2025-10-01,0,"WHO"
"3971","Turkmenistan","TKM",2025,11,2025-11-01,0,"WHO"
"3972","Turkmenistan","TKM",2025,12,2025-12-01,0,"WHO"
"3973","Turkmenistan","TKM",2026,1,2026-01-01,0,"WHO"
"3974","Turkmenistan","TKM",2026,2,2026-02-01,NA,NA
"3975","Turkmenistan","TKM",2026,3,2026-03-01,NA,NA
"3976","Turkmenistan","TKM",2026,4,2026-04-01,NA,NA
"3977","Turkmenistan","TKM",2026,5,2026-05-01,NA,NA
"3978","Turkmenistan","TKM",2026,6,2026-06-01,NA,NA
"3979","Turkmenistan","TKM",2026,7,2026-07-01,NA,NA
"3980","Turkmenistan","TKM",2026,8,2026-08-01,NA,NA
"3981","Turkmenistan","TKM",2026,9,2026-09-01,NA,NA
"3982","Turkmenistan","TKM",2026,10,2026-10-01,NA,NA
"3983","Turkmenistan","TKM",2026,11,2026-11-01,NA,NA
"3984","Turkmenistan","TKM",2026,12,2026-12-01,NA,NA
"3985","Turks & Caicos Islands","TCA",2025,1,2025-01-01,0,"WHO"
"3986","Turks & Caicos Islands","TCA",2025,2,2025-02-01,0,"WHO"
"3987","Turks & Caicos Islands","TCA",2025,3,2025-03-01,0,"WHO"
"3988","Turks & Caicos Islands","TCA",2025,4,2025-04-01,0,"WHO"
"3989","Turks & Caicos Islands","TCA",2025,5,2025-05-01,1,"PAHO"
"3990","Turks & Caicos Islands","TCA",2025,6,2025-06-01,0,"WHO"
"3991","Turks & Caicos Islands","TCA",2025,7,2025-07-01,0,"WHO"
"3992","Turks & Caicos Islands","TCA",2025,8,2025-08-01,0,"WHO"
"3993","Turks & Caicos Islands","TCA",2025,9,2025-09-01,0,"WHO"
"3994","Turks & Caicos Islands","TCA",2025,10,2025-10-01,0,"WHO"
"3995","Turks & Caicos Islands","TCA",2025,11,2025-11-01,0,"WHO"
"3996","Turks & Caicos Islands","TCA",2025,12,2025-12-01,NA,"PAHO"
"3997","Turks & Caicos Islands","TCA",2026,1,2026-01-01,8,"PAHO"
"3998","Turks & Caicos Islands","TCA",2026,2,2026-02-01,NA,NA
"3999","Turks & Caicos Islands","TCA",2026,3,2026-03-01,NA,NA
"4000","Turks & Caicos Islands","TCA",2026,4,2026-04-01,NA,NA
"4001","Turks & Caicos Islands","TCA",2026,5,2026-05-01,NA,NA
"4002","Turks & Caicos Islands","TCA",2026,6,2026-06-01,NA,NA
"4003","Turks & Caicos Islands","TCA",2026,7,2026-07-01,NA,NA
"4004","Turks & Caicos Islands","TCA",2026,8,2026-08-01,NA,NA
"4005","Turks & Caicos Islands","TCA",2026,9,2026-09-01,NA,NA
"4006","Turks & Caicos Islands","TCA",2026,10,2026-10-01,NA,NA
"4007","Turks & Caicos Islands","TCA",2026,11,2026-11-01,NA,NA
"4008","Turks & Caicos Islands","TCA",2026,12,2026-12-01,NA,NA
"4009","Tuvalu","TUV",2025,1,2025-01-01,0,"WHO"
"4010","Tuvalu","TUV",2025,2,2025-02-01,0,"WHO"
"4011","Tuvalu","TUV",2025,3,2025-03-01,0,"WHO"
"4012","Tuvalu","TUV",2025,4,2025-04-01,0,"WHO"
"4013","Tuvalu","TUV",2025,5,2025-05-01,0,"WHO"
"4014","Tuvalu","TUV",2025,6,2025-06-01,0,"WHO"
"4015","Tuvalu","TUV",2025,7,2025-07-01,0,"WHO"
"4016","Tuvalu","TUV",2025,8,2025-08-01,0,"WHO"
"4017","Tuvalu","TUV",2025,9,2025-09-01,26,"WHO"
"4018","Tuvalu","TUV",2025,10,2025-10-01,3,"WHO"
"4019","Tuvalu","TUV",2025,11,2025-11-01,1,"WHO"
"4020","Tuvalu","TUV",2025,12,2025-12-01,0,"WHO"
"4021","Tuvalu","TUV",2026,1,2026-01-01,6,"WHO"
"4022","Tuvalu","TUV",2026,2,2026-02-01,NA,NA
"4023","Tuvalu","TUV",2026,3,2026-03-01,NA,NA
"4024","Tuvalu","TUV",2026,4,2026-04-01,NA,NA
"4025","Tuvalu","TUV",2026,5,2026-05-01,NA,NA
"4026","Tuvalu","TUV",2026,6,2026-06-01,NA,NA
"4027","Tuvalu","TUV",2026,7,2026-07-01,NA,NA
"4028","Tuvalu","TUV",2026,8,2026-08-01,NA,NA
"4029","Tuvalu","TUV",2026,9,2026-09-01,NA,NA
"4030","Tuvalu","TUV",2026,10,2026-10-01,NA,NA
"4031","Tuvalu","TUV",2026,11,2026-11-01,NA,NA
"4032","Tuvalu","TUV",2026,12,2026-12-01,NA,NA
"4033","U.S. Virgin Islands","VIR",2025,1,2025-01-01,1,"PAHO"
"4034","U.S. Virgin Islands","VIR",2025,2,2025-02-01,32,"PAHO"
"4035","U.S. Virgin Islands","VIR",2025,3,2025-03-01,8,"PAHO"
"4036","U.S. Virgin Islands","VIR",2025,4,2025-04-01,0,"WHO"
"4037","U.S. Virgin Islands","VIR",2025,5,2025-05-01,4,"PAHO"
"4038","U.S. Virgin Islands","VIR",2025,6,2025-06-01,2,"PAHO"
"4039","U.S. Virgin Islands","VIR",2025,7,2025-07-01,0,"WHO"
"4040","U.S. Virgin Islands","VIR",2025,8,2025-08-01,0,"WHO"
"4041","U.S. Virgin Islands","VIR",2025,9,2025-09-01,0,"WHO"
"4042","U.S. Virgin Islands","VIR",2025,10,2025-10-01,0,"WHO"
"4043","U.S. Virgin Islands","VIR",2025,11,2025-11-01,0,"WHO"
"4044","U.S. Virgin Islands","VIR",2025,12,2025-12-01,0,"WHO"
"4045","U.S. Virgin Islands","VIR",2026,1,2026-01-01,0,"WHO"
"4046","U.S. Virgin Islands","VIR",2026,2,2026-02-01,NA,"PAHO"
"4047","U.S. Virgin Islands","VIR",2026,3,2026-03-01,NA,NA
"4048","U.S. Virgin Islands","VIR",2026,4,2026-04-01,NA,NA
"4049","U.S. Virgin Islands","VIR",2026,5,2026-05-01,NA,NA
"4050","U.S. Virgin Islands","VIR",2026,6,2026-06-01,NA,NA
"4051","U.S. Virgin Islands","VIR",2026,7,2026-07-01,NA,NA
"4052","U.S. Virgin Islands","VIR",2026,8,2026-08-01,NA,NA
"4053","U.S. Virgin Islands","VIR",2026,9,2026-09-01,NA,NA
"4054","U.S. Virgin Islands","VIR",2026,10,2026-10-01,NA,NA
"4055","U.S. Virgin Islands","VIR",2026,11,2026-11-01,NA,NA
"4056","U.S. Virgin Islands","VIR",2026,12,2026-12-01,NA,NA
"4057","Ukraine","UKR",2025,1,2025-01-01,0,"WHO"
"4058","Ukraine","UKR",2025,2,2025-02-01,0,"WHO"
"4059","Ukraine","UKR",2025,3,2025-03-01,0,"WHO"
"4060","Ukraine","UKR",2025,4,2025-04-01,0,"WHO"
"4061","Ukraine","UKR",2025,5,2025-05-01,0,"WHO"
"4062","Ukraine","UKR",2025,6,2025-06-01,0,"WHO"
"4063","Ukraine","UKR",2025,7,2025-07-01,0,"WHO"
"4064","Ukraine","UKR",2025,8,2025-08-01,0,"WHO"
"4065","Ukraine","UKR",2025,9,2025-09-01,0,"WHO"
"4066","Ukraine","UKR",2025,10,2025-10-01,0,"WHO"
"4067","Ukraine","UKR",2025,11,2025-11-01,0,"WHO"
"4068","Ukraine","UKR",2025,12,2025-12-01,0,"WHO"
"4069","Ukraine","UKR",2026,1,2026-01-01,0,"WHO"
"4070","Ukraine","UKR",2026,2,2026-02-01,NA,NA
"4071","Ukraine","UKR",2026,3,2026-03-01,NA,NA
"4072","Ukraine","UKR",2026,4,2026-04-01,NA,NA
"4073","Ukraine","UKR",2026,5,2026-05-01,NA,NA
"4074","Ukraine","UKR",2026,6,2026-06-01,NA,NA
"4075","Ukraine","UKR",2026,7,2026-07-01,NA,NA
"4076","Ukraine","UKR",2026,8,2026-08-01,NA,NA
"4077","Ukraine","UKR",2026,9,2026-09-01,NA,NA
"4078","Ukraine","UKR",2026,10,2026-10-01,NA,NA
"4079","Ukraine","UKR",2026,11,2026-11-01,NA,NA
"4080","Ukraine","UKR",2026,12,2026-12-01,NA,NA
"4081","United Kingdom","GBR",2025,1,2025-01-01,0,"WHO"
"4082","United Kingdom","GBR",2025,2,2025-02-01,0,"WHO"
"4083","United Kingdom","GBR",2025,3,2025-03-01,0,"WHO"
"4084","United Kingdom","GBR",2025,4,2025-04-01,0,"WHO"
"4085","United Kingdom","GBR",2025,5,2025-05-01,0,"WHO"
"4086","United Kingdom","GBR",2025,6,2025-06-01,0,"WHO"
"4087","United Kingdom","GBR",2025,7,2025-07-01,0,"WHO"
"4088","United Kingdom","GBR",2025,8,2025-08-01,0,"WHO"
"4089","United Kingdom","GBR",2025,9,2025-09-01,0,"WHO"
"4090","United Kingdom","GBR",2025,10,2025-10-01,0,"WHO"
"4091","United Kingdom","GBR",2025,11,2025-11-01,0,"WHO"
"4092","United Kingdom","GBR",2025,12,2025-12-01,0,"WHO"
"4093","United Kingdom","GBR",2026,1,2026-01-01,0,"WHO"
"4094","United Kingdom","GBR",2026,2,2026-02-01,NA,NA
"4095","United Kingdom","GBR",2026,3,2026-03-01,NA,NA
"4096","United Kingdom","GBR",2026,4,2026-04-01,NA,NA
"4097","United Kingdom","GBR",2026,5,2026-05-01,NA,NA
"4098","United Kingdom","GBR",2026,6,2026-06-01,NA,NA
"4099","United Kingdom","GBR",2026,7,2026-07-01,NA,NA
"4100","United Kingdom","GBR",2026,8,2026-08-01,NA,NA
"4101","United Kingdom","GBR",2026,9,2026-09-01,NA,NA
"4102","United Kingdom","GBR",2026,10,2026-10-01,NA,NA
"4103","United Kingdom","GBR",2026,11,2026-11-01,NA,NA
"4104","United Kingdom","GBR",2026,12,2026-12-01,NA,NA
"4105","United States","USA",2025,1,2025-01-01,78,"PAHO"
"4106","United States","USA",2025,2,2025-02-01,65,"PAHO"
"4107","United States","USA",2025,3,2025-03-01,71,"PAHO"
"4108","United States","USA",2025,4,2025-04-01,62,"PAHO"
"4109","United States","USA",2025,5,2025-05-01,46,"PAHO"
"4110","United States","USA",2025,6,2025-06-01,79,"PAHO"
"4111","United States","USA",2025,7,2025-07-01,79,"PAHO"
"4112","United States","USA",2025,8,2025-08-01,120,"PAHO"
"4113","United States","USA",2025,9,2025-09-01,213,"PAHO"
"4114","United States","USA",2025,10,2025-10-01,133,"PAHO"
"4115","United States","USA",2025,11,2025-11-01,132,"PAHO"
"4116","United States","USA",2025,12,2025-12-01,75,"PAHO"
"4117","United States","USA",2026,1,2026-01-01,27,"PAHO"
"4118","United States","USA",2026,2,2026-02-01,NA,"PAHO"
"4119","United States","USA",2026,3,2026-03-01,NA,NA
"4120","United States","USA",2026,4,2026-04-01,NA,NA
"4121","United States","USA",2026,5,2026-05-01,NA,NA
"4122","United States","USA",2026,6,2026-06-01,NA,NA
"4123","United States","USA",2026,7,2026-07-01,NA,NA
"4124","United States","USA",2026,8,2026-08-01,NA,NA
"4125","United States","USA",2026,9,2026-09-01,NA,NA
"4126","United States","USA",2026,10,2026-10-01,NA,NA
"4127","United States","USA",2026,11,2026-11-01,NA,NA
"4128","United States","USA",2026,12,2026-12-01,NA,NA
"4129","Uruguay","URY",2025,1,2025-01-01,0,"WHO"
"4130","Uruguay","URY",2025,2,2025-02-01,0,"WHO"
"4131","Uruguay","URY",2025,3,2025-03-01,1,"PAHO"
"4132","Uruguay","URY",2025,4,2025-04-01,1,"PAHO"
"4133","Uruguay","URY",2025,5,2025-05-01,4,"PAHO"
"4134","Uruguay","URY",2025,6,2025-06-01,0,"WHO"
"4135","Uruguay","URY",2025,7,2025-07-01,0,"WHO"
"4136","Uruguay","URY",2025,8,2025-08-01,0,"WHO"
"4137","Uruguay","URY",2025,9,2025-09-01,0,"WHO"
"4138","Uruguay","URY",2025,10,2025-10-01,0,"WHO"
"4139","Uruguay","URY",2025,11,2025-11-01,1,"PAHO"
"4140","Uruguay","URY",2025,12,2025-12-01,0,"WHO"
"4141","Uruguay","URY",2026,1,2026-01-01,0,"WHO"
"4142","Uruguay","URY",2026,2,2026-02-01,NA,"PAHO"
"4143","Uruguay","URY",2026,3,2026-03-01,NA,NA
"4144","Uruguay","URY",2026,4,2026-04-01,NA,NA
"4145","Uruguay","URY",2026,5,2026-05-01,NA,NA
"4146","Uruguay","URY",2026,6,2026-06-01,NA,NA
"4147","Uruguay","URY",2026,7,2026-07-01,NA,NA
"4148","Uruguay","URY",2026,8,2026-08-01,NA,NA
"4149","Uruguay","URY",2026,9,2026-09-01,NA,NA
"4150","Uruguay","URY",2026,10,2026-10-01,NA,NA
"4151","Uruguay","URY",2026,11,2026-11-01,NA,NA
"4152","Uruguay","URY",2026,12,2026-12-01,NA,NA
"4153","Uzbekistan","UZB",2025,1,2025-01-01,0,"WHO"
"4154","Uzbekistan","UZB",2025,2,2025-02-01,0,"WHO"
"4155","Uzbekistan","UZB",2025,3,2025-03-01,0,"WHO"
"4156","Uzbekistan","UZB",2025,4,2025-04-01,0,"WHO"
"4157","Uzbekistan","UZB",2025,5,2025-05-01,0,"WHO"
"4158","Uzbekistan","UZB",2025,6,2025-06-01,0,"WHO"
"4159","Uzbekistan","UZB",2025,7,2025-07-01,0,"WHO"
"4160","Uzbekistan","UZB",2025,8,2025-08-01,0,"WHO"
"4161","Uzbekistan","UZB",2025,9,2025-09-01,0,"WHO"
"4162","Uzbekistan","UZB",2025,10,2025-10-01,0,"WHO"
"4163","Uzbekistan","UZB",2025,11,2025-11-01,0,"WHO"
"4164","Uzbekistan","UZB",2025,12,2025-12-01,0,"WHO"
"4165","Uzbekistan","UZB",2026,1,2026-01-01,0,"WHO"
"4166","Uzbekistan","UZB",2026,2,2026-02-01,NA,NA
"4167","Uzbekistan","UZB",2026,3,2026-03-01,NA,NA
"4168","Uzbekistan","UZB",2026,4,2026-04-01,NA,NA
"4169","Uzbekistan","UZB",2026,5,2026-05-01,NA,NA
"4170","Uzbekistan","UZB",2026,6,2026-06-01,NA,NA
"4171","Uzbekistan","UZB",2026,7,2026-07-01,NA,NA
"4172","Uzbekistan","UZB",2026,8,2026-08-01,NA,NA
"4173","Uzbekistan","UZB",2026,9,2026-09-01,NA,NA
"4174","Uzbekistan","UZB",2026,10,2026-10-01,NA,NA
"4175","Uzbekistan","UZB",2026,11,2026-11-01,NA,NA
"4176","Uzbekistan","UZB",2026,12,2026-12-01,NA,NA
"4177","Vanuatu","VUT",2025,1,2025-01-01,74,"WHO"
"4178","Vanuatu","VUT",2025,2,2025-02-01,10,"WHO"
"4179","Vanuatu","VUT",2025,3,2025-03-01,0,"WHO"
"4180","Vanuatu","VUT",2025,4,2025-04-01,1,"WHO"
"4181","Vanuatu","VUT",2025,5,2025-05-01,0,"WHO"
"4182","Vanuatu","VUT",2025,6,2025-06-01,0,"WHO"
"4183","Vanuatu","VUT",2025,7,2025-07-01,1,"WHO"
"4184","Vanuatu","VUT",2025,8,2025-08-01,0,"WHO"
"4185","Vanuatu","VUT",2025,9,2025-09-01,2,"WHO"
"4186","Vanuatu","VUT",2025,10,2025-10-01,4,"WHO"
"4187","Vanuatu","VUT",2025,11,2025-11-01,12,"WHO"
"4188","Vanuatu","VUT",2025,12,2025-12-01,30,"WHO"
"4189","Vanuatu","VUT",2026,1,2026-01-01,16,"WHO"
"4190","Vanuatu","VUT",2026,2,2026-02-01,NA,NA
"4191","Vanuatu","VUT",2026,3,2026-03-01,NA,NA
"4192","Vanuatu","VUT",2026,4,2026-04-01,NA,NA
"4193","Vanuatu","VUT",2026,5,2026-05-01,NA,NA
"4194","Vanuatu","VUT",2026,6,2026-06-01,NA,NA
"4195","Vanuatu","VUT",2026,7,2026-07-01,NA,NA
"4196","Vanuatu","VUT",2026,8,2026-08-01,NA,NA
"4197","Vanuatu","VUT",2026,9,2026-09-01,NA,NA
"4198","Vanuatu","VUT",2026,10,2026-10-01,NA,NA
"4199","Vanuatu","VUT",2026,11,2026-11-01,NA,NA
"4200","Vanuatu","VUT",2026,12,2026-12-01,NA,NA
"4201","Vatican City","VAT",2025,1,2025-01-01,0,"WHO"
"4202","Vatican City","VAT",2025,2,2025-02-01,0,"WHO"
"4203","Vatican City","VAT",2025,3,2025-03-01,0,"WHO"
"4204","Vatican City","VAT",2025,4,2025-04-01,0,"WHO"
"4205","Vatican City","VAT",2025,5,2025-05-01,0,"WHO"
"4206","Vatican City","VAT",2025,6,2025-06-01,0,"WHO"
"4207","Vatican City","VAT",2025,7,2025-07-01,0,"WHO"
"4208","Vatican City","VAT",2025,8,2025-08-01,0,"WHO"
"4209","Vatican City","VAT",2025,9,2025-09-01,0,"WHO"
"4210","Vatican City","VAT",2025,10,2025-10-01,0,"WHO"
"4211","Vatican City","VAT",2025,11,2025-11-01,0,"WHO"
"4212","Vatican City","VAT",2025,12,2025-12-01,0,"WHO"
"4213","Vatican City","VAT",2026,1,2026-01-01,0,"WHO"
"4214","Vatican City","VAT",2026,2,2026-02-01,NA,NA
"4215","Vatican City","VAT",2026,3,2026-03-01,NA,NA
"4216","Vatican City","VAT",2026,4,2026-04-01,NA,NA
"4217","Vatican City","VAT",2026,5,2026-05-01,NA,NA
"4218","Vatican City","VAT",2026,6,2026-06-01,NA,NA
"4219","Vatican City","VAT",2026,7,2026-07-01,NA,NA
"4220","Vatican City","VAT",2026,8,2026-08-01,NA,NA
"4221","Vatican City","VAT",2026,9,2026-09-01,NA,NA
"4222","Vatican City","VAT",2026,10,2026-10-01,NA,NA
"4223","Vatican City","VAT",2026,11,2026-11-01,NA,NA
"4224","Vatican City","VAT",2026,12,2026-12-01,NA,NA
"4225","Venezuela","VEN",2025,1,2025-01-01,NA,"WHO"
"4226","Venezuela","VEN",2025,2,2025-02-01,NA,"WHO"
"4227","Venezuela","VEN",2025,3,2025-03-01,NA,"WHO"
"4228","Venezuela","VEN",2025,4,2025-04-01,NA,"WHO"
"4229","Venezuela","VEN",2025,5,2025-05-01,NA,"WHO"
"4230","Venezuela","VEN",2025,6,2025-06-01,NA,"WHO"
"4231","Venezuela","VEN",2025,7,2025-07-01,NA,"WHO"
"4232","Venezuela","VEN",2025,8,2025-08-01,NA,"WHO"
"4233","Venezuela","VEN",2025,9,2025-09-01,NA,"WHO"
"4234","Venezuela","VEN",2025,10,2025-10-01,NA,"WHO"
"4235","Venezuela","VEN",2025,11,2025-11-01,NA,"WHO"
"4236","Venezuela","VEN",2025,12,2025-12-01,NA,"WHO"
"4237","Venezuela","VEN",2026,1,2026-01-01,NA,"WHO"
"4238","Venezuela","VEN",2026,2,2026-02-01,NA,NA
"4239","Venezuela","VEN",2026,3,2026-03-01,NA,NA
"4240","Venezuela","VEN",2026,4,2026-04-01,NA,NA
"4241","Venezuela","VEN",2026,5,2026-05-01,NA,NA
"4242","Venezuela","VEN",2026,6,2026-06-01,NA,NA
"4243","Venezuela","VEN",2026,7,2026-07-01,NA,NA
"4244","Venezuela","VEN",2026,8,2026-08-01,NA,NA
"4245","Venezuela","VEN",2026,9,2026-09-01,NA,NA
"4246","Venezuela","VEN",2026,10,2026-10-01,NA,NA
"4247","Venezuela","VEN",2026,11,2026-11-01,NA,NA
"4248","Venezuela","VEN",2026,12,2026-12-01,NA,NA
"4249","Vietnam","VNM",2025,1,2025-01-01,8655,"WHO"
"4250","Vietnam","VNM",2025,2,2025-02-01,4923,"WHO"
"4251","Vietnam","VNM",2025,3,2025-03-01,2903,"WHO"
"4252","Vietnam","VNM",2025,4,2025-04-01,2654,"WHO"
"4253","Vietnam","VNM",2025,5,2025-05-01,4792,"WHO"
"4254","Vietnam","VNM",2025,6,2025-06-01,4860,"WHO"
"4255","Vietnam","VNM",2025,7,2025-07-01,NA,NA
"4256","Vietnam","VNM",2025,8,2025-08-01,NA,NA
"4257","Vietnam","VNM",2025,9,2025-09-01,NA,NA
"4258","Vietnam","VNM",2025,10,2025-10-01,NA,NA
"4259","Vietnam","VNM",2025,11,2025-11-01,NA,NA
"4260","Vietnam","VNM",2025,12,2025-12-01,NA,NA
"4261","Vietnam","VNM",2026,1,2026-01-01,NA,NA
"4262","Vietnam","VNM",2026,2,2026-02-01,NA,NA
"4263","Vietnam","VNM",2026,3,2026-03-01,NA,NA
"4264","Vietnam","VNM",2026,4,2026-04-01,NA,NA
"4265","Vietnam","VNM",2026,5,2026-05-01,NA,NA
"4266","Vietnam","VNM",2026,6,2026-06-01,NA,NA
"4267","Vietnam","VNM",2026,7,2026-07-01,NA,NA
"4268","Vietnam","VNM",2026,8,2026-08-01,NA,NA
"4269","Vietnam","VNM",2026,9,2026-09-01,NA,NA
"4270","Vietnam","VNM",2026,10,2026-10-01,NA,NA
"4271","Vietnam","VNM",2026,11,2026-11-01,NA,NA
"4272","Vietnam","VNM",2026,12,2026-12-01,NA,NA
"4273","Wallis & Futuna","WLF",2025,1,2025-01-01,7,"WHO"
"4274","Wallis & Futuna","WLF",2025,2,2025-02-01,4,"WHO"
"4275","Wallis & Futuna","WLF",2025,3,2025-03-01,2,"WHO"
"4276","Wallis & Futuna","WLF",2025,4,2025-04-01,1,"WHO"
"4277","Wallis & Futuna","WLF",2025,5,2025-05-01,1,"WHO"
"4278","Wallis & Futuna","WLF",2025,6,2025-06-01,1,"WHO"
"4279","Wallis & Futuna","WLF",2025,7,2025-07-01,3,"WHO"
"4280","Wallis & Futuna","WLF",2025,8,2025-08-01,2,"WHO"
"4281","Wallis & Futuna","WLF",2025,9,2025-09-01,2,"WHO"
"4282","Wallis & Futuna","WLF",2025,10,2025-10-01,3,"WHO"
"4283","Wallis & Futuna","WLF",2025,11,2025-11-01,3,"WHO"
"4284","Wallis & Futuna","WLF",2025,12,2025-12-01,3,"WHO"
"4285","Wallis & Futuna","WLF",2026,1,2026-01-01,3,"WHO"
"4286","Wallis & Futuna","WLF",2026,2,2026-02-01,NA,NA
"4287","Wallis & Futuna","WLF",2026,3,2026-03-01,NA,NA
"4288","Wallis & Futuna","WLF",2026,4,2026-04-01,NA,NA
"4289","Wallis & Futuna","WLF",2026,5,2026-05-01,NA,NA
"4290","Wallis & Futuna","WLF",2026,6,2026-06-01,NA,NA
"4291","Wallis & Futuna","WLF",2026,7,2026-07-01,NA,NA
"4292","Wallis & Futuna","WLF",2026,8,2026-08-01,NA,NA
"4293","Wallis & Futuna","WLF",2026,9,2026-09-01,NA,NA
"4294","Wallis & Futuna","WLF",2026,10,2026-10-01,NA,NA
"4295","Wallis & Futuna","WLF",2026,11,2026-11-01,NA,NA
"4296","Wallis & Futuna","WLF",2026,12,2026-12-01,NA,NA
